classifier,fold,WSI_ID,target,prob_pos,pred_at_0.5
lin,1,SR1482_40X_HE_T029_01,0,0.03003910620323344,0
lin,1,SR1482_40X_HE_T029_02,0,0.09167620774861576,0
lin,1,SR1482_40X_HE_T057_01,0,2.0650476232971291e-07,0
lin,1,SR1482_40X_HE_T063_01,1,0.9996964752632764,1
lin,1,SR1482_40X_HE_T063_02,1,0.00014872627819483196,0
lin,1,SR1482_40X_HE_T065_01,0,1.1355731695534063e-05,0
lin,1,SR1482_40X_HE_T065_02,0,4.806251930652338e-09,0
lin,1,SR1482_40X_HE_T066_01,0,0.9948606140801741,1
lin,1,SR1482_40X_HE_T066_02,0,0.9181606512464363,1
lin,1,SR1482_40X_HE_T068_01,0,5.932258886104599e-10,0
lin,1,SR1482_40X_HE_T069_01,0,9.160570952010333e-13,0
lin,1,SR1482_40X_HE_T069_02,0,1.1740591593299597e-10,0
lin,1,SR1482_40X_HE_T079_01,1,0.016321482441308637,0
lin,1,SR1482_40X_HE_T079_02,1,0.7741223747673689,1
lin,1,SR1482_40X_HE_T080_01,0,4.785775774972378e-10,0
lin,1,SR1482_40X_HE_T080_02,0,3.282491904968267e-08,0
lin,1,SR1482_40X_HE_T081_01,0,1.108026499690961e-06,0
lin,1,SR1482_40X_HE_T081_02,0,1.1758904813288389e-05,0
lin,1,SR1482_40X_HE_T099_01,0,8.399649938230569e-13,0
lin,1,SR1482_40X_HE_T116_01,0,0.00015511515738580894,0
lin,1,SR1482_40X_HE_T117_01,0,9.966509575278611e-10,0
lin,1,SR1482_40X_HE_T117_02,0,1.480861769045318e-11,0
lin,1,SR1482_40X_HE_T126_01,0,0.0007853101131298744,0
lin,1,SR1482_40X_HE_T129_01,0,3.118833511968219e-05,0
lin,1,SR1482_40X_HE_T129_02,0,0.4817201399404448,0
lin,1,SR1482_40X_HE_T139_01,0,0.0016736926101336028,0
lin,1,SR1482_40X_HE_T139_02,0,0.9900604720402267,1
lin,1,SR1482_40X_HE_T147_01,0,0.6796409331267024,1
lin,1,SR1482_40X_HE_T147_02,0,0.9999999998052784,1
lin,1,SR1482_40X_HE_T159_01,0,4.832940975635434e-06,0
lin,1,SR1482_40X_HE_T159_02,0,0.00415374163856794,0
lin,1,SR1482_40X_HE_T192_01,0,0.0006307465075019703,0
lin,1,SR1482_40X_HE_T199_01,0,6.353812172766751e-12,0
lin,1,SR1482_40X_HE_T304_01,0,2.3788647530486925e-07,0
lin,1,SR1482_40X_HE_T304_02,0,1.2644776189233952e-07,0
lin,1,SR1482_40X_HE_T310_01,1,0.5863833510961002,1
lin,1,SR1482_40X_HE_T310_02,1,0.9650764654436677,1
lin,1,SR1482_40X_HE_T341_01,0,4.049875737386709e-12,0
lin,1,SR1482_40X_HE_T341_02,0,4.0980366629644636e-11,0
lin,1,SR1482_40X_HE_T353_01,0,0.015270426269518371,0
lin,1,SR1482_40X_HE_T390_01,0,4.892669071082835e-10,0
lin,1,SR1482_40X_HE_T433_01,1,0.17489257574332462,0
lin,1,SR386_40X_HE_T003_01,0,8.600556055419219e-07,0
lin,1,SR386_40X_HE_T004_01,0,0.0003909996957085912,0
lin,1,SR386_40X_HE_T022_01,1,0.9984294144624479,1
lin,1,SR386_40X_HE_T030_01,0,0.008832178395153085,0
lin,1,SR386_40X_HE_T033_01,0,0.00016538617776046884,0
lin,1,SR386_40X_HE_T036_01,0,9.20572565170291e-09,0
lin,1,SR386_40X_HE_T038_01,0,1.6919178306508295e-07,0
lin,1,SR386_40X_HE_T049_01,0,1.0716702779962669e-12,0
lin,1,SR386_40X_HE_T050_01,0,0.00022444705983435108,0
lin,1,SR386_40X_HE_T060_01,0,4.564155651641627e-09,0
lin,1,SR386_40X_HE_T063_01,0,0.0001453750515838774,0
lin,1,SR386_40X_HE_T066_01,0,0.00014103159197864347,0
lin,1,SR386_40X_HE_T069_01,0,3.69097161904125e-05,0
lin,1,SR386_40X_HE_T072_01,0,3.3303006374877816e-08,0
lin,1,SR386_40X_HE_T074_01,0,1.516117978089312e-08,0
lin,1,SR386_40X_HE_T078_01,0,1.6073121164788438e-05,0
lin,1,SR386_40X_HE_T079_01,0,3.941611592107105e-17,0
lin,1,SR386_40X_HE_T092_01,1,0.12042331073594166,0
lin,1,SR386_40X_HE_T096_01,0,1.0662540429215914e-10,0
lin,1,SR386_40X_HE_T099_01,0,8.387224286555307e-09,0
lin,1,SR386_40X_HE_T103_01,0,9.520370539598025e-15,0
lin,1,SR386_40X_HE_T108_01,0,4.815715649598764e-06,0
lin,1,SR386_40X_HE_T113_01,0,2.1609751030254035e-06,0
lin,1,SR386_40X_HE_T114_01,0,5.905447854225137e-07,0
lin,1,SR386_40X_HE_T119_01,0,2.0157112336506607e-05,0
lin,1,SR386_40X_HE_T126_01,0,8.417280432760971e-08,0
lin,1,SR386_40X_HE_T130_01,0,9.066190295207507e-14,0
lin,1,SR386_40X_HE_T131_01,0,3.1259158669204323e-07,0
lin,1,SR386_40X_HE_T135_01,0,0.952989837702268,1
lin,1,SR386_40X_HE_T140_01,0,5.46564724691001e-08,0
lin,1,SR386_40X_HE_T144_01,0,0.1163896582365718,0
lin,1,SR386_40X_HE_T147_01,0,7.291704268976111e-10,0
lin,1,SR386_40X_HE_T148_01,0,8.351047053064968e-06,0
lin,1,SR386_40X_HE_T160_01,0,1.1348318949960851e-07,0
lin,1,SR386_40X_HE_T169_01,0,4.8440062649670294e-14,0
lin,1,SR386_40X_HE_T170_01,1,0.728528254563991,1
lin,1,SR386_40X_HE_T172_01,0,0.9985213877649176,1
lin,1,SR386_40X_HE_T174_01,0,7.836380424930029e-05,0
lin,1,SR386_40X_HE_T181_01,0,2.8660932999999252e-08,0
lin,1,SR386_40X_HE_T196_01,0,7.584806577941892e-11,0
lin,1,SR386_40X_HE_T205_01,0,0.011035270493934072,0
lin,1,SR386_40X_HE_T209_01,0,5.975584345331738e-09,0
lin,1,SR386_40X_HE_T210_01,0,0.3898554384075503,0
lin,1,SR386_40X_HE_T212_01,0,5.960607219522903e-12,0
lin,1,SR386_40X_HE_T221_01,0,1.0650042701056175e-09,0
lin,1,SR386_40X_HE_T224_01,0,1.101434700803145e-08,0
lin,1,SR386_40X_HE_T231_01,1,0.002574553176652222,0
lin,1,SR386_40X_HE_T232_01,0,2.2779020446053834e-11,0
lin,1,SR386_40X_HE_T247_01,0,4.353416499090342e-12,0
lin,1,SR386_40X_HE_T252_01,0,1.0151326708308853e-07,0
lin,1,SR386_40X_HE_T255_01,0,4.0765054884134324e-09,0
lin,1,SR386_40X_HE_T259_01,1,0.9878868332569118,1
lin,1,SR386_40X_HE_T274_01,0,4.2440276404213707e-10,0
lin,1,SR386_40X_HE_T275_01,0,0.3551944900748709,0
lin,1,SR386_40X_HE_T282_01,0,5.381576999251025e-09,0
lin,1,SR386_40X_HE_T294_01,0,0.9929329419677781,1
lin,1,SR386_40X_HE_T311_01,0,1.9990591903771617e-07,0
lin,1,SR386_40X_HE_T315_01,0,0.0039948951970728225,0
lin,1,SR386_40X_HE_T319_01,1,9.65117492708192e-05,0
lin,1,SR386_40X_HE_T324_01,1,0.7258929500534077,1
lin,1,SR386_40X_HE_T330_01,0,6.269498513229056e-13,0
lin,1,SR386_40X_HE_T333_01,0,0.0022226085479227563,0
lin,1,SR386_40X_HE_T335_01,0,1.0252774709135684e-09,0
lin,1,SR386_40X_HE_T337_01,0,4.317102387417692e-05,0
lin,1,SR386_40X_HE_T344_01,0,4.746314505642419e-06,0
lin,1,SR386_40X_HE_T347_01,0,3.8407808447071047e-07,0
lin,1,SR386_40X_HE_T350_01,0,1.2585880463585958e-10,0
lin,1,SR386_40X_HE_T351_01,0,0.00016319804467399132,0
lin,1,SR386_40X_HE_T360_01,0,1.6837173333327553e-12,0
lin,1,SR386_40X_HE_T361_01,0,1.3690249164112954e-09,0
lin,1,SR386_40X_HE_T366_01,0,5.750531701254501e-08,0
lin,1,SR386_40X_HE_T377_01,1,0.999253533782983,1
lin,1,SR386_40X_HE_T384_01,0,4.682294335399594e-08,0
lin,1,SR386_40X_HE_T395_01,0,4.763458469388603e-10,0
lin,1,SR386_40X_HE_T396_01,0,1.1602870480179986e-05,0
lin,1,SR386_40X_HE_T401_01,0,0.037545772059190706,0
lin,1,SR386_40X_HE_T408_01,0,4.6294767545741803e-10,0
lin,1,SR386_40X_HE_T410_01,0,0.00018260936189099086,0
lin,1,SR386_40X_HE_T413_01,0,3.778676903679104e-09,0
lin,1,SR386_40X_HE_T416_01,0,1.2746872930487532e-08,0
lin,1,SR386_40X_HE_T418_01,0,8.783900091310786e-12,0
lin,1,SR386_40X_HE_T419_01,0,0.03664785597508999,0
lin,1,SR386_40X_HE_T421_01,0,1.6446022819833495e-09,0
lin,1,SR386_40X_HE_T423_01,0,5.414668625650175e-10,0
lin,1,SR386_40X_HE_T428_01,0,1.1719295993670084e-07,0
lin,1,SR386_40X_HE_T430_01,0,1.2291835061294072e-07,0
lin,1,SR386_40X_HE_T431_01,0,7.013587238840715e-05,0
lin,1,SR386_40X_HE_T435_01,0,0.9974277548397844,1
lin,1,SR386_40X_HE_T438_01,0,4.11917311269426e-07,0
lin,1,SR386_40X_HE_T439_01,0,0.06682744364958353,0
lin,1,SR386_40X_HE_T447_01,0,1.4288408078122997e-13,0
lin,1,SR386_40X_HE_T449_01,0,5.054114717007974e-07,0
lin,1,SR386_40X_HE_T454_01,0,2.9287054517949816e-09,0
lin,1,SR386_40X_HE_T456_01,0,1.9002380483885914e-10,0
lin,1,SR386_40X_HE_T461_01,0,0.0002440270211478551,0
lin,1,SR386_40X_HE_T462_01,0,1.1248629394127932e-06,0
lin,1,SR386_40X_HE_T468_01,0,7.882177251129163e-09,0
lin,1,SR386_40X_HE_T469_01,1,0.1830475045725536,0
lin,1,SR386_40X_HE_T470_01,0,7.117671346684883e-06,0
lin,1,SR386_40X_HE_T471_01,0,1.4302119737810498e-10,0
lin,1,SR386_40X_HE_T477_01,0,2.1562266174215003e-07,0
lin,1,SR386_40X_HE_T480_01,0,0.0198597783797918,0
lin,1,SR386_40X_HE_T484_01,0,0.00011939989005924214,0
lin,1,SR386_40X_HE_T495_01,0,7.72685918130194e-17,0
lin,1,SR386_40X_HE_T496_01,0,2.100135242145556e-11,0
lin,1,SR386_40X_HE_T498_01,0,0.9254163080091509,1
lin,1,SR386_40X_HE_T504_01,0,8.145172289947063e-08,0
lin,1,SR386_40X_HE_T511_01,0,3.0422951534340437e-07,0
lin,1,SR386_40X_HE_T517_01,0,0.977246913928947,1
lin,1,SR386_40X_HE_T523_01,0,9.057956073847803e-07,0
lin,1,SR386_40X_HE_T529_01,0,4.674099595697738e-10,0
lin,1,SR386_40X_HE_T542_01,0,2.119245549517808e-09,0
lin,1,SR386_40X_HE_T569_01,0,0.5891894480384869,1
lin,1,SR386_40X_HE_T582_01,0,1.208498474523525e-09,0
lin,2,SR1482_40X_HE_T009_01,0,2.709231336935508e-15,0
lin,2,SR1482_40X_HE_T009_02,0,6.815395724650628e-13,0
lin,2,SR1482_40X_HE_T015_01,0,1.7278577993424372e-05,0
lin,2,SR1482_40X_HE_T021_01,0,7.620436994197499e-08,0
lin,2,SR1482_40X_HE_T067_01,0,2.6256174408974543e-07,0
lin,2,SR1482_40X_HE_T075_01,0,5.19343324169665e-06,0
lin,2,SR1482_40X_HE_T075_02,0,9.498023868676642e-06,0
lin,2,SR1482_40X_HE_T098_01,0,6.56902803868021e-06,0
lin,2,SR1482_40X_HE_T098_02,0,8.257775509085844e-08,0
lin,2,SR1482_40X_HE_T102_01,0,0.001632780136677697,0
lin,2,SR1482_40X_HE_T123_01,0,1.714684717676203e-05,0
lin,2,SR1482_40X_HE_T142_01,0,5.2223643468650134e-11,0
lin,2,SR1482_40X_HE_T146_01,0,0.464533504196641,0
lin,2,SR1482_40X_HE_T148_01,0,0.0011424184335683675,0
lin,2,SR1482_40X_HE_T148_02,0,0.0014722970100438785,0
lin,2,SR1482_40X_HE_T154_01,0,2.768152996114976e-07,0
lin,2,SR1482_40X_HE_T158_01,0,9.608431542642691e-08,0
lin,2,SR1482_40X_HE_T161_01,0,2.933836999571078e-06,0
lin,2,SR1482_40X_HE_T161_02,0,5.16403836965764e-07,0
lin,2,SR1482_40X_HE_T164_01,1,1.0241691220121032e-08,0
lin,2,SR1482_40X_HE_T164_02,1,2.821187236283335e-06,0
lin,2,SR1482_40X_HE_T168_01,0,0.04773852523521529,0
lin,2,SR1482_40X_HE_T171_01,0,2.812258207325616e-07,0
lin,2,SR1482_40X_HE_T171_02,0,3.529459455890751e-05,0
lin,2,SR1482_40X_HE_T178_01,1,4.063664697824565e-06,0
lin,2,SR1482_40X_HE_T186_01,0,8.63722558664495e-09,0
lin,2,SR1482_40X_HE_T193_01,0,0.0011338399991686733,0
lin,2,SR1482_40X_HE_T193_02,0,0.9879830014166583,1
lin,2,SR1482_40X_HE_T209_01,0,2.7113555979470954e-05,0
lin,2,SR1482_40X_HE_T209_02,0,0.979510620291841,1
lin,2,SR1482_40X_HE_T245_01,0,0.759779839840225,1
lin,2,SR1482_40X_HE_T245_02,0,0.0004834893209177544,0
lin,2,SR1482_40X_HE_T265_01,0,1.029463827156556e-05,0
lin,2,SR1482_40X_HE_T302_01,0,0.005230541515875569,0
lin,2,SR1482_40X_HE_T343_01,1,4.333111784420856e-06,0
lin,2,SR1482_40X_HE_T343_02,1,1.491128936899157e-07,0
lin,2,SR1482_40X_HE_T399_01,0,0.0001154389623533082,0
lin,2,SR1482_40X_HE_T399_02,0,0.0001338542098618924,0
lin,2,SR1482_40X_HE_T426_01,0,7.853722334552606e-10,0
lin,2,SR1482_40X_HE_T426_02,0,1.4474820919417983e-09,0
lin,2,SR386_40X_HE_T001_01,0,0.035949402375417695,0
lin,2,SR386_40X_HE_T013_01,0,5.321136217122937e-07,0
lin,2,SR386_40X_HE_T018_01,0,2.859972562904635e-07,0
lin,2,SR386_40X_HE_T019_01,0,1.1078374845021724e-07,0
lin,2,SR386_40X_HE_T024_01,0,3.4435945642083473e-15,0
lin,2,SR386_40X_HE_T039_01,0,1.2629337068055213e-08,0
lin,2,SR386_40X_HE_T040_01,1,0.9946898255143661,1
lin,2,SR386_40X_HE_T042_01,0,0.0003906873352525951,0
lin,2,SR386_40X_HE_T047_01,0,9.229121012101676e-11,0
lin,2,SR386_40X_HE_T051_01,0,2.6931432895747518e-12,0
lin,2,SR386_40X_HE_T052_01,0,1.5578338110615376e-09,0
lin,2,SR386_40X_HE_T056_01,0,2.4166727932791526e-08,0
lin,2,SR386_40X_HE_T057_01,0,6.391316786681635e-10,0
lin,2,SR386_40X_HE_T070_01,0,1.196133224465947e-08,0
lin,2,SR386_40X_HE_T082_01,0,0.0007932378973004111,0
lin,2,SR386_40X_HE_T084_01,0,5.1624697969889226e-11,0
lin,2,SR386_40X_HE_T087_01,0,0.004017629085485194,0
lin,2,SR386_40X_HE_T088_01,0,1.015518030279565e-05,0
lin,2,SR386_40X_HE_T098_01,0,0.0005254993880485691,0
lin,2,SR386_40X_HE_T105_01,0,0.001120099416012303,0
lin,2,SR386_40X_HE_T122_01,0,4.004497347715526e-12,0
lin,2,SR386_40X_HE_T123_01,0,3.211699350614013e-05,0
lin,2,SR386_40X_HE_T133_01,0,2.510072740435226e-10,0
lin,2,SR386_40X_HE_T145_01,0,3.824256648684755e-07,0
lin,2,SR386_40X_HE_T150_01,0,3.336233462353321e-05,0
lin,2,SR386_40X_HE_T152_01,0,3.908023132906539e-07,0
lin,2,SR386_40X_HE_T155_01,0,0.0008091136345718484,0
lin,2,SR386_40X_HE_T157_01,0,6.343257258567772e-08,0
lin,2,SR386_40X_HE_T164_01,0,0.0005694221602631425,0
lin,2,SR386_40X_HE_T166_01,0,5.285815836091608e-06,0
lin,2,SR386_40X_HE_T176_01,1,0.44702586615770734,0
lin,2,SR386_40X_HE_T177_01,0,1.0270534607273699e-12,0
lin,2,SR386_40X_HE_T178_01,0,0.0067710802887038955,0
lin,2,SR386_40X_HE_T187_01,0,8.190458568648158e-06,0
lin,2,SR386_40X_HE_T190_01,0,3.3178515405689873e-09,0
lin,2,SR386_40X_HE_T192_01,0,8.234444924352414e-10,0
lin,2,SR386_40X_HE_T198_01,0,1.0801344006021522e-06,0
lin,2,SR386_40X_HE_T200_01,0,0.039397856429005146,0
lin,2,SR386_40X_HE_T206_01,1,6.080971998360164e-07,0
lin,2,SR386_40X_HE_T211_01,0,8.125534559180734e-07,0
lin,2,SR386_40X_HE_T213_01,0,2.1041392802997856e-07,0
lin,2,SR386_40X_HE_T214_01,0,2.0657965368350548e-05,0
lin,2,SR386_40X_HE_T220_01,0,1.3454507921818555e-09,0
lin,2,SR386_40X_HE_T230_01,1,0.8073581636190925,1
lin,2,SR386_40X_HE_T236_01,0,7.949389161596623e-05,0
lin,2,SR386_40X_HE_T237_01,0,3.898277231045697e-05,0
lin,2,SR386_40X_HE_T240_01,0,2.764470801780504e-06,0
lin,2,SR386_40X_HE_T241_01,0,1.2944095257467047e-07,0
lin,2,SR386_40X_HE_T242_01,0,0.0005405232364709787,0
lin,2,SR386_40X_HE_T253_01,0,6.808848765311989e-10,0
lin,2,SR386_40X_HE_T260_01,0,2.6340759627469856e-09,0
lin,2,SR386_40X_HE_T262_01,0,8.663308268655783e-05,0
lin,2,SR386_40X_HE_T264_01,0,6.608470451087866e-08,0
lin,2,SR386_40X_HE_T271_01,0,5.690458678694626e-10,0
lin,2,SR386_40X_HE_T281_01,0,1.0760608926105153e-07,0
lin,2,SR386_40X_HE_T297_01,0,7.44503830421979e-12,0
lin,2,SR386_40X_HE_T299_01,0,2.0103520489766333e-08,0
lin,2,SR386_40X_HE_T301_01,0,2.547483514961987e-10,0
lin,2,SR386_40X_HE_T306_01,0,6.046488610640381e-09,0
lin,2,SR386_40X_HE_T309_01,0,8.786336200897475e-08,0
lin,2,SR386_40X_HE_T314_01,0,8.569490893503437e-07,0
lin,2,SR386_40X_HE_T316_01,0,0.9676071808912144,1
lin,2,SR386_40X_HE_T318_01,0,3.542393383118387e-07,0
lin,2,SR386_40X_HE_T321_01,0,3.8956997446818706e-06,0
lin,2,SR386_40X_HE_T326_01,0,8.127118218529768e-07,0
lin,2,SR386_40X_HE_T327_01,0,6.291880114159408e-11,0
lin,2,SR386_40X_HE_T332_01,1,0.00010704678885275435,0
lin,2,SR386_40X_HE_T355_01,0,1.3232869538018716e-07,0
lin,2,SR386_40X_HE_T364_01,0,0.0010477980620782785,0
lin,2,SR386_40X_HE_T368_01,1,2.654259299182555e-07,0
lin,2,SR386_40X_HE_T374_01,0,1.506177781375849e-08,0
lin,2,SR386_40X_HE_T380_01,0,7.435372586502661e-09,0
lin,2,SR386_40X_HE_T382_01,0,3.411352950131291e-08,0
lin,2,SR386_40X_HE_T392_01,0,6.799077362640297e-07,0
lin,2,SR386_40X_HE_T398_01,0,8.836991444983503e-08,0
lin,2,SR386_40X_HE_T402_01,1,0.016562016036826156,0
lin,2,SR386_40X_HE_T404_01,0,7.433071108257584e-08,0
lin,2,SR386_40X_HE_T415_01,0,6.342082778001077e-14,0
lin,2,SR386_40X_HE_T417_01,0,1.8080917697349988e-13,0
lin,2,SR386_40X_HE_T425_01,0,5.50717046466437e-08,0
lin,2,SR386_40X_HE_T436_01,1,1.6544448427882683e-05,0
lin,2,SR386_40X_HE_T437_01,0,1.0203548305301834e-09,0
lin,2,SR386_40X_HE_T440_01,0,2.0762636480934698e-05,0
lin,2,SR386_40X_HE_T445_01,0,0.0008185863831400118,0
lin,2,SR386_40X_HE_T450_01,0,7.730158155705231e-06,0
lin,2,SR386_40X_HE_T459_01,0,9.357853414443147e-09,0
lin,2,SR386_40X_HE_T472_01,0,6.79052098137676e-07,0
lin,2,SR386_40X_HE_T481_01,0,0.6597810603983345,1
lin,2,SR386_40X_HE_T483_01,0,3.7226848881030485e-06,0
lin,2,SR386_40X_HE_T486_01,0,0.006550229302005274,0
lin,2,SR386_40X_HE_T488_01,0,3.134644589978963e-08,0
lin,2,SR386_40X_HE_T499_01,0,3.9474026140369024e-09,0
lin,2,SR386_40X_HE_T507_01,0,1.4580829363278505e-06,0
lin,2,SR386_40X_HE_T514_01,0,1.8044670626162884e-05,0
lin,2,SR386_40X_HE_T520_01,1,2.987496842129635e-08,0
lin,2,SR386_40X_HE_T522_01,0,4.5744674223088364e-06,0
lin,2,SR386_40X_HE_T531_01,0,2.1337950970790137e-05,0
lin,2,SR386_40X_HE_T535_01,0,1.650153536430418e-15,0
lin,2,SR386_40X_HE_T539_01,0,3.2143556602972423e-06,0
lin,2,SR386_40X_HE_T549_01,0,7.768122666348486e-10,0
lin,2,SR386_40X_HE_T552_01,0,3.4261276207978816e-08,0
lin,2,SR386_40X_HE_T553_01,0,0.00035457217004699075,0
lin,2,SR386_40X_HE_T554_01,0,4.597506945305853e-11,0
lin,2,SR386_40X_HE_T558_01,0,6.55035966309398e-07,0
lin,2,SR386_40X_HE_T564_01,0,1.3808386681410377e-09,0
lin,2,SR386_40X_HE_T570_01,0,5.506695846173864e-07,0
lin,2,SR386_40X_HE_T574_01,0,1.13967680600943e-06,0
lin,2,SR386_40X_HE_T578_01,0,2.6177425668112068e-12,0
lin,2,SR386_40X_HE_T580_01,0,3.7459363722044813e-10,0
lin,3,SR1482_40X_HE_T005_01,0,8.823317538044028e-06,0
lin,3,SR1482_40X_HE_T005_02,0,0.00029996555761841994,0
lin,3,SR1482_40X_HE_T010_01,0,3.4963519419248383e-09,0
lin,3,SR1482_40X_HE_T043_01,0,2.5671401939691285e-08,0
lin,3,SR1482_40X_HE_T043_02,0,4.4713022963949316e-10,0
lin,3,SR1482_40X_HE_T049_01,0,1.7934465160289474e-08,0
lin,3,SR1482_40X_HE_T061_01,0,0.8417296827742216,1
lin,3,SR1482_40X_HE_T061_02,0,0.012194010994255808,0
lin,3,SR1482_40X_HE_T070_01,1,2.4244539343376136e-07,0
lin,3,SR1482_40X_HE_T073_01,0,1.3873245500647984e-06,0
lin,3,SR1482_40X_HE_T082_01,0,1.1235003931640268e-10,0
lin,3,SR1482_40X_HE_T082_02,0,1.517106718060701e-06,0
lin,3,SR1482_40X_HE_T089_01,0,4.165842055233314e-09,0
lin,3,SR1482_40X_HE_T090_01,0,1.196673698445328e-07,0
lin,3,SR1482_40X_HE_T094_01,1,0.8158195871764579,1
lin,3,SR1482_40X_HE_T094_02,1,0.32059246161073596,0
lin,3,SR1482_40X_HE_T105_01,0,8.93859826451228e-11,0
lin,3,SR1482_40X_HE_T115_01,0,1.680295747371707e-06,0
lin,3,SR1482_40X_HE_T115_02,0,5.017362203261791e-08,0
lin,3,SR1482_40X_HE_T118_01,0,0.6849771249182119,1
lin,3,SR1482_40X_HE_T118_02,0,0.01209427657468689,0
lin,3,SR1482_40X_HE_T120_01,0,0.10578582359060508,0
lin,3,SR1482_40X_HE_T120_02,0,0.8861394388465774,1
lin,3,SR1482_40X_HE_T124_01,0,0.9818907130265279,1
lin,3,SR1482_40X_HE_T124_02,0,0.3554392466344401,0
lin,3,SR1482_40X_HE_T138_01,0,8.783617754171756e-07,0
lin,3,SR1482_40X_HE_T160_01,0,3.8633896392977286e-10,0
lin,3,SR1482_40X_HE_T160_02,0,1.142811482095866e-10,0
lin,3,SR1482_40X_HE_T167_01,0,2.0049346303874787e-07,0
lin,3,SR1482_40X_HE_T167_02,0,2.5218621279520893e-05,0
lin,3,SR1482_40X_HE_T175_01,0,2.9841427517368103e-05,0
lin,3,SR1482_40X_HE_T175_02,0,0.002116182633429405,0
lin,3,SR1482_40X_HE_T177_01,1,6.742577076636858e-05,0
lin,3,SR1482_40X_HE_T188_01,0,2.993672197974498e-06,0
lin,3,SR1482_40X_HE_T195_01,0,1.7465660810902887e-05,0
lin,3,SR1482_40X_HE_T195_02,0,3.7289768340015514e-05,0
lin,3,SR1482_40X_HE_T202_01,0,2.8632902841129456e-08,0
lin,3,SR1482_40X_HE_T202_02,0,1.02917589479773e-07,0
lin,3,SR1482_40X_HE_T225_01,0,0.0001273078025418399,0
lin,3,SR1482_40X_HE_T225_02,0,1.0004929079813442e-09,0
lin,3,SR1482_40X_HE_T235_01,0,1.233799150995557e-06,0
lin,3,SR1482_40X_HE_T235_02,0,5.430301285247469e-09,0
lin,3,SR1482_40X_HE_T236_01,0,5.000843013056338e-12,0
lin,3,SR1482_40X_HE_T236_02,0,2.558201134860924e-07,0
lin,3,SR1482_40X_HE_T258_01,0,8.23328938445101e-12,0
lin,3,SR1482_40X_HE_T258_02,0,6.781032834034023e-09,0
lin,3,SR1482_40X_HE_T284_01,1,0.0030409925373713403,0
lin,3,SR1482_40X_HE_T284_02,1,0.0014354196952149566,0
lin,3,SR1482_40X_HE_T301_01,1,9.269292391538741e-07,0
lin,3,SR1482_40X_HE_T301_02,1,9.466985488355524e-06,0
lin,3,SR1482_40X_HE_T309_01,0,3.5844801976939197e-06,0
lin,3,SR1482_40X_HE_T313_01,0,8.971673627797343e-07,0
lin,3,SR1482_40X_HE_T313_02,0,8.584474419970525e-06,0
lin,3,SR1482_40X_HE_T338_01,0,0.0001376068453210366,0
lin,3,SR1482_40X_HE_T344_01,0,9.806524451882728e-05,0
lin,3,SR1482_40X_HE_T344_02,0,0.04268144713628666,0
lin,3,SR1482_40X_HE_T346_01,0,0.0001647844306079225,0
lin,3,SR1482_40X_HE_T346_02,0,0.00018164056191682942,0
lin,3,SR1482_40X_HE_T377_01,0,9.925842771778341e-11,0
lin,3,SR1482_40X_HE_T377_02,0,2.0145076672591257e-08,0
lin,3,SR1482_40X_HE_T419_01,0,1.8145776429930244e-05,0
lin,3,SR1482_40X_HE_T427_01,0,5.687382251739109e-07,0
lin,3,SR1482_40X_HE_T427_02,0,1.8698983087301423e-07,0
lin,3,SR386_40X_HE_T007_01,0,0.0001653781455573384,0
lin,3,SR386_40X_HE_T015_01,0,9.238107154856674e-07,0
lin,3,SR386_40X_HE_T017_01,1,0.008850379182728225,0
lin,3,SR386_40X_HE_T032_01,0,2.1721758283794044e-08,0
lin,3,SR386_40X_HE_T034_01,0,5.36681915684896e-06,0
lin,3,SR386_40X_HE_T035_01,0,4.896374777538896e-05,0
lin,3,SR386_40X_HE_T041_01,0,0.5384955105852908,1
lin,3,SR386_40X_HE_T067_01,0,3.0626340209765966e-09,0
lin,3,SR386_40X_HE_T075_01,0,3.43389616658728e-08,0
lin,3,SR386_40X_HE_T081_01,0,2.782708397216095e-08,0
lin,3,SR386_40X_HE_T083_01,0,4.150562469690121e-05,0
lin,3,SR386_40X_HE_T085_01,0,1.0666090645425848e-09,0
lin,3,SR386_40X_HE_T095_01,0,0.0007919415792672198,0
lin,3,SR386_40X_HE_T104_01,0,0.006419139594777168,0
lin,3,SR386_40X_HE_T106_01,0,2.161403265267503e-08,0
lin,3,SR386_40X_HE_T112_01,0,0.00011394542569561254,0
lin,3,SR386_40X_HE_T128_01,0,1.604815623952388e-11,0
lin,3,SR386_40X_HE_T132_01,0,2.0499830851705648e-12,0
lin,3,SR386_40X_HE_T138_01,0,1.6859031325274298e-07,0
lin,3,SR386_40X_HE_T142_01,0,0.0006429683028296422,0
lin,3,SR386_40X_HE_T149_01,0,0.0005476070797764858,0
lin,3,SR386_40X_HE_T165_01,1,0.6728301664544994,1
lin,3,SR386_40X_HE_T179_01,0,0.8247670831524015,1
lin,3,SR386_40X_HE_T180_01,0,0.00019056903457729133,0
lin,3,SR386_40X_HE_T182_01,0,3.994303296769222e-07,0
lin,3,SR386_40X_HE_T184_01,0,4.6083966013525214e-05,0
lin,3,SR386_40X_HE_T188_01,0,9.970651939837891e-10,0
lin,3,SR386_40X_HE_T191_01,0,7.567710281735207e-07,0
lin,3,SR386_40X_HE_T197_01,0,2.9790721507723225e-06,0
lin,3,SR386_40X_HE_T201_01,0,3.57840590619157e-08,0
lin,3,SR386_40X_HE_T202_01,0,3.8695708886331316e-08,0
lin,3,SR386_40X_HE_T208_01,0,1.4874882497695258e-08,0
lin,3,SR386_40X_HE_T216_01,1,0.9997851883357018,1
lin,3,SR386_40X_HE_T238_01,0,1.812357334716919e-10,0
lin,3,SR386_40X_HE_T244_01,0,2.8209043639683935e-10,0
lin,3,SR386_40X_HE_T248_01,0,3.6120317887146195e-09,0
lin,3,SR386_40X_HE_T249_01,0,2.2682503027917633e-11,0
lin,3,SR386_40X_HE_T250_01,0,8.656527718564542e-10,0
lin,3,SR386_40X_HE_T263_01,0,5.540271482146373e-09,0
lin,3,SR386_40X_HE_T267_01,0,3.901692455290272e-06,0
lin,3,SR386_40X_HE_T269_01,0,8.652312820086825e-06,0
lin,3,SR386_40X_HE_T277_01,0,1.5686916121990333e-07,0
lin,3,SR386_40X_HE_T286_01,0,5.8913414195872185e-06,0
lin,3,SR386_40X_HE_T287_01,0,0.00017223416064639796,0
lin,3,SR386_40X_HE_T290_01,0,1.6138905053553413e-05,0
lin,3,SR386_40X_HE_T293_01,0,1.359293937859578e-07,0
lin,3,SR386_40X_HE_T298_01,0,6.477256224554194e-08,0
lin,3,SR386_40X_HE_T303_01,0,1.8030884517538534e-10,0
lin,3,SR386_40X_HE_T312_01,0,0.00034994203785568983,0
lin,3,SR386_40X_HE_T329_01,0,0.005364345196197717,0
lin,3,SR386_40X_HE_T336_01,0,0.000994027256168286,0
lin,3,SR386_40X_HE_T338_01,0,3.7400996146826693e-08,0
lin,3,SR386_40X_HE_T342_01,0,5.98322991293169e-08,0
lin,3,SR386_40X_HE_T353_01,0,3.2654988567926793e-06,0
lin,3,SR386_40X_HE_T357_01,0,4.673536352836205e-13,0
lin,3,SR386_40X_HE_T362_01,0,1.1721441122920921e-08,0
lin,3,SR386_40X_HE_T363_01,1,0.017152874177717672,0
lin,3,SR386_40X_HE_T372_01,0,0.7965662624270046,1
lin,3,SR386_40X_HE_T378_01,0,1.8474468034912444e-10,0
lin,3,SR386_40X_HE_T379_01,0,3.8716565299478304e-08,0
lin,3,SR386_40X_HE_T386_01,0,1.8062636324243597e-06,0
lin,3,SR386_40X_HE_T387_01,0,4.1828304747991675e-11,0
lin,3,SR386_40X_HE_T393_01,0,4.401940395223737e-08,0
lin,3,SR386_40X_HE_T397_01,0,0.19029221858996073,0
lin,3,SR386_40X_HE_T406_01,0,0.06470717763874319,0
lin,3,SR386_40X_HE_T409_01,0,5.2601015012587655e-08,0
lin,3,SR386_40X_HE_T422_01,0,8.046143443903845e-10,0
lin,3,SR386_40X_HE_T426_01,0,1.8554059103983484e-09,0
lin,3,SR386_40X_HE_T433_01,0,0.0010777727989612054,0
lin,3,SR386_40X_HE_T443_01,0,0.0037458162278249736,0
lin,3,SR386_40X_HE_T448_01,0,0.00040181631590705604,0
lin,3,SR386_40X_HE_T452_01,0,0.00026866784316641103,0
lin,3,SR386_40X_HE_T460_01,1,0.590456777957848,1
lin,3,SR386_40X_HE_T473_01,0,2.0168097249401728e-08,0
lin,3,SR386_40X_HE_T475_01,0,9.511350889912661e-12,0
lin,3,SR386_40X_HE_T478_01,0,3.781077634938191e-08,0
lin,3,SR386_40X_HE_T489_01,1,1.8164854975829152e-07,0
lin,3,SR386_40X_HE_T491_01,0,5.250591308143328e-06,0
lin,3,SR386_40X_HE_T492_01,0,2.5394651154768667e-09,0
lin,3,SR386_40X_HE_T493_01,0,3.151794343175865e-10,0
lin,3,SR386_40X_HE_T502_01,0,2.6722891218451775e-08,0
lin,3,SR386_40X_HE_T505_01,0,8.399215209081113e-08,0
lin,3,SR386_40X_HE_T506_01,0,2.6730268069436778e-08,0
lin,3,SR386_40X_HE_T509_01,0,2.566428127953783e-08,0
lin,3,SR386_40X_HE_T516_01,0,4.469172883770121e-05,0
lin,3,SR386_40X_HE_T518_01,0,3.440793790498185e-11,0
lin,3,SR386_40X_HE_T519_01,0,2.734140794952055e-07,0
lin,3,SR386_40X_HE_T521_01,0,2.1841951650041473e-09,0
lin,3,SR386_40X_HE_T526_01,0,9.696578387646467e-09,0
lin,3,SR386_40X_HE_T533_01,0,1.2237820374073866e-07,0
lin,3,SR386_40X_HE_T543_01,0,3.923721019129727e-08,0
lin,3,SR386_40X_HE_T544_01,0,1.8193475678124167e-08,0
lin,3,SR386_40X_HE_T556_01,1,0.12100992140675611,0
lin,3,SR386_40X_HE_T560_01,0,4.703911589915185e-05,0
lin,3,SR386_40X_HE_T563_01,0,1.4600614112421767e-08,0
lin,3,SR386_40X_HE_T568_01,0,0.00022124890539930623,0
lin,3,SR386_40X_HE_T571_01,0,5.354719587766592e-06,0
lin,3,SR386_40X_HE_T572_01,0,0.0019743899583221335,0
lin,3,SR386_40X_HE_T573_01,0,0.5434280008636084,1
lin,3,SR386_40X_HE_T583_01,0,2.609059975738645e-07,0
lin,4,SR1482_40X_HE_T002_01,0,1.2983704745980576e-11,0
lin,4,SR1482_40X_HE_T003_01,0,1.5712423228035855e-07,0
lin,4,SR1482_40X_HE_T004_01,0,6.494302770136701e-14,0
lin,4,SR1482_40X_HE_T004_02,0,2.614680106407651e-10,0
lin,4,SR1482_40X_HE_T011_01,0,2.2835182848925717e-13,0
lin,4,SR1482_40X_HE_T025_01,0,3.081481265396149e-08,0
lin,4,SR1482_40X_HE_T025_02,0,9.19882895913067e-05,0
lin,4,SR1482_40X_HE_T060_01,0,4.446210866328419e-07,0
lin,4,SR1482_40X_HE_T062_01,0,7.894540826379897e-05,0
lin,4,SR1482_40X_HE_T062_02,0,1.219413290570964e-06,0
lin,4,SR1482_40X_HE_T064_01,0,0.715613691538857,1
lin,4,SR1482_40X_HE_T064_02,0,1.9780745543920376e-05,0
lin,4,SR1482_40X_HE_T071_01,0,1.4954987486817605e-08,0
lin,4,SR1482_40X_HE_T071_02,0,1.6701375802251075e-06,0
lin,4,SR1482_40X_HE_T074_01,0,1.0492681605249149e-08,0
lin,4,SR1482_40X_HE_T074_02,0,7.813063416338873e-08,0
lin,4,SR1482_40X_HE_T083_01,0,0.00014915522380799537,0
lin,4,SR1482_40X_HE_T083_02,0,0.0027645418733078997,0
lin,4,SR1482_40X_HE_T087_01,0,1.3114665763450362e-12,0
lin,4,SR1482_40X_HE_T097_01,1,0.6754230445094453,1
lin,4,SR1482_40X_HE_T097_02,1,0.005319537771862098,0
lin,4,SR1482_40X_HE_T108_01,0,2.944217784888019e-17,0
lin,4,SR1482_40X_HE_T113_01,0,1.1892463847123931e-06,0
lin,4,SR1482_40X_HE_T113_02,0,5.863911755104254e-06,0
lin,4,SR1482_40X_HE_T121_01,0,1.780729642666001e-17,0
lin,4,SR1482_40X_HE_T122_01,0,2.262511247343729e-15,0
lin,4,SR1482_40X_HE_T125_01,0,4.0673451073894325e-08,0
lin,4,SR1482_40X_HE_T125_02,0,1.4631631192573368e-09,0
lin,4,SR1482_40X_HE_T131_01,0,0.5054599558539185,1
lin,4,SR1482_40X_HE_T131_02,0,0.9959656642936691,1
lin,4,SR1482_40X_HE_T132_01,0,3.0881298122441673e-06,0
lin,4,SR1482_40X_HE_T132_02,0,3.213956553768667e-10,0
lin,4,SR1482_40X_HE_T143_01,0,0.003255334491540372,0
lin,4,SR1482_40X_HE_T143_02,0,0.0029568254033845247,0
lin,4,SR1482_40X_HE_T166_01,1,2.4051159268330565e-14,0
lin,4,SR1482_40X_HE_T169_01,0,9.479758010349308e-05,0
lin,4,SR1482_40X_HE_T176_01,1,0.9999777791381426,1
lin,4,SR1482_40X_HE_T176_02,1,0.8923798026777129,1
lin,4,SR1482_40X_HE_T191_01,0,2.2826991223358523e-13,0
lin,4,SR1482_40X_HE_T194_01,0,0.652129511266713,1
lin,4,SR1482_40X_HE_T218_01,0,2.2529661643962836e-13,0
lin,4,SR1482_40X_HE_T253_01,0,1.9161060327056798e-13,0
lin,4,SR1482_40X_HE_T290_01,0,0.002761800057440527,0
lin,4,SR1482_40X_HE_T308_01,0,6.774131417590831e-09,0
lin,4,SR1482_40X_HE_T314_01,0,0.49609759548719573,0
lin,4,SR1482_40X_HE_T314_02,0,0.9690910700713968,1
lin,4,SR1482_40X_HE_T372_01,1,0.9423974941802783,1
lin,4,SR1482_40X_HE_T372_02,1,1.2249028111270867e-05,0
lin,4,SR1482_40X_HE_T408_01,0,3.0370929176495046e-08,0
lin,4,SR1482_40X_HE_T412_01,0,7.256021573448653e-07,0
lin,4,SR1482_40X_HE_T425_01,0,2.754163160371937e-17,0
lin,4,SR1482_40X_HE_T434_01,1,0.0004860040163866764,0
lin,4,SR386_40X_HE_T006_01,0,8.318947396762028e-08,0
lin,4,SR386_40X_HE_T010_01,0,2.1541273197220147e-07,0
lin,4,SR386_40X_HE_T014_01,0,0.0006997025155675245,0
lin,4,SR386_40X_HE_T016_01,0,2.3109093397763076e-11,0
lin,4,SR386_40X_HE_T020_01,0,1.9531291841458498e-16,0
lin,4,SR386_40X_HE_T027_01,0,1.0628555775741645e-07,0
lin,4,SR386_40X_HE_T028_01,0,1.458236634589128e-09,0
lin,4,SR386_40X_HE_T037_01,0,2.783637687220993e-12,0
lin,4,SR386_40X_HE_T043_01,0,1.910214305937005e-09,0
lin,4,SR386_40X_HE_T044_01,1,0.0012613253828281548,0
lin,4,SR386_40X_HE_T046_01,0,7.475530731106646e-10,0
lin,4,SR386_40X_HE_T058_01,0,1.1203811534388823e-10,0
lin,4,SR386_40X_HE_T062_01,0,3.2692253236631216e-11,0
lin,4,SR386_40X_HE_T065_01,1,0.0031564207535354116,0
lin,4,SR386_40X_HE_T080_01,0,1.7859805986266266e-05,0
lin,4,SR386_40X_HE_T091_01,0,9.700049382266832e-08,0
lin,4,SR386_40X_HE_T094_01,0,4.903686378025673e-13,0
lin,4,SR386_40X_HE_T097_01,0,5.511380350927983e-05,0
lin,4,SR386_40X_HE_T100_01,0,2.59475220622118e-11,0
lin,4,SR386_40X_HE_T107_01,0,1.8814558988192538e-08,0
lin,4,SR386_40X_HE_T109_01,1,0.00015602586700687757,0
lin,4,SR386_40X_HE_T110_01,0,3.7810429957772047e-07,0
lin,4,SR386_40X_HE_T117_01,0,4.052306723424244e-06,0
lin,4,SR386_40X_HE_T127_01,0,1.3912600474593975e-10,0
lin,4,SR386_40X_HE_T129_01,0,2.5425762060028747e-13,0
lin,4,SR386_40X_HE_T136_01,0,0.0010717102302011806,0
lin,4,SR386_40X_HE_T154_01,0,4.134577530449905e-06,0
lin,4,SR386_40X_HE_T168_01,1,0.8075842806356588,1
lin,4,SR386_40X_HE_T175_01,0,8.232593348743555e-11,0
lin,4,SR386_40X_HE_T189_01,0,5.2466349203959126e-11,0
lin,4,SR386_40X_HE_T195_01,0,2.552733439300167e-12,0
lin,4,SR386_40X_HE_T227_01,0,5.985383061362569e-09,0
lin,4,SR386_40X_HE_T233_01,0,0.004378272172019049,0
lin,4,SR386_40X_HE_T234_01,0,0.00025785976687831805,0
lin,4,SR386_40X_HE_T235_01,0,1.3434618159936433e-06,0
lin,4,SR386_40X_HE_T239_01,0,0.03936331254726756,0
lin,4,SR386_40X_HE_T245_01,0,6.991008923071327e-11,0
lin,4,SR386_40X_HE_T256_01,0,3.3026450181001775e-05,0
lin,4,SR386_40X_HE_T265_01,0,8.248078367894962e-05,0
lin,4,SR386_40X_HE_T268_01,0,4.857524858037575e-06,0
lin,4,SR386_40X_HE_T270_01,0,2.095022762746036e-07,0
lin,4,SR386_40X_HE_T272_01,0,0.00586670691432137,0
lin,4,SR386_40X_HE_T273_01,0,0.0042643903609410295,0
lin,4,SR386_40X_HE_T276_01,0,0.0004354934490305909,0
lin,4,SR386_40X_HE_T278_01,1,0.3798088209401071,0
lin,4,SR386_40X_HE_T284_01,0,7.927286309073597e-08,0
lin,4,SR386_40X_HE_T285_01,0,3.3586415371071618e-09,0
lin,4,SR386_40X_HE_T288_01,0,1.7017930813340034e-07,0
lin,4,SR386_40X_HE_T291_01,0,7.03741184010166e-08,0
lin,4,SR386_40X_HE_T300_01,0,3.910380225588085e-08,0
lin,4,SR386_40X_HE_T302_01,0,3.313603720412857e-08,0
lin,4,SR386_40X_HE_T305_01,0,4.473377716731473e-07,0
lin,4,SR386_40X_HE_T308_01,0,7.88580960394554e-09,0
lin,4,SR386_40X_HE_T325_01,0,1.0447994011213958e-05,0
lin,4,SR386_40X_HE_T331_01,0,4.982509148429697e-06,0
lin,4,SR386_40X_HE_T341_01,0,0.0045961167948229366,0
lin,4,SR386_40X_HE_T343_01,1,2.684220864190289e-07,0
lin,4,SR386_40X_HE_T346_01,0,0.0011211371980687404,0
lin,4,SR386_40X_HE_T352_01,0,0.00020093685141882184,0
lin,4,SR386_40X_HE_T373_01,0,0.00032404093595894354,0
lin,4,SR386_40X_HE_T375_01,0,0.042805611537858924,0
lin,4,SR386_40X_HE_T381_01,0,6.691284625421291e-07,0
lin,4,SR386_40X_HE_T389_01,0,8.159948813441285e-09,0
lin,4,SR386_40X_HE_T391_01,0,2.869696196321229e-08,0
lin,4,SR386_40X_HE_T394_01,0,1.516556811259005e-07,0
lin,4,SR386_40X_HE_T399_01,0,0.1072157719873884,0
lin,4,SR386_40X_HE_T403_01,0,1.6722924295671798e-08,0
lin,4,SR386_40X_HE_T405_01,0,1.6970754996643524e-08,0
lin,4,SR386_40X_HE_T407_01,0,5.363244399515998e-09,0
lin,4,SR386_40X_HE_T414_01,0,1.991827154593707e-07,0
lin,4,SR386_40X_HE_T424_01,0,3.7522752694079297e-05,0
lin,4,SR386_40X_HE_T429_01,0,4.011322299157183e-09,0
lin,4,SR386_40X_HE_T441_01,0,0.004025433351107613,0
lin,4,SR386_40X_HE_T451_01,0,2.1184998071915587e-07,0
lin,4,SR386_40X_HE_T453_01,0,2.707573130777653e-06,0
lin,4,SR386_40X_HE_T455_01,0,6.0606832702606845e-06,0
lin,4,SR386_40X_HE_T465_01,0,5.0991910303946585e-09,0
lin,4,SR386_40X_HE_T474_01,0,0.0027731023675664486,0
lin,4,SR386_40X_HE_T476_01,0,0.0002457891606818717,0
lin,4,SR386_40X_HE_T479_01,0,2.3570171062832428e-08,0
lin,4,SR386_40X_HE_T482_01,0,0.0004408648767555694,0
lin,4,SR386_40X_HE_T487_01,0,1.0629398869451011e-10,0
lin,4,SR386_40X_HE_T490_01,0,9.223293777040959e-07,0
lin,4,SR386_40X_HE_T494_01,0,2.63618009420223e-08,0
lin,4,SR386_40X_HE_T500_01,0,6.509652970231638e-09,0
lin,4,SR386_40X_HE_T510_01,0,7.582784333262988e-05,0
lin,4,SR386_40X_HE_T524_01,0,4.4282990449329475e-08,0
lin,4,SR386_40X_HE_T528_01,0,0.01245807007827305,0
lin,4,SR386_40X_HE_T532_01,0,1.264493184926999e-07,0
lin,4,SR386_40X_HE_T534_01,0,0.023757853043873282,0
lin,4,SR386_40X_HE_T536_01,0,2.4437384513897528e-09,0
lin,4,SR386_40X_HE_T537_01,0,9.695354999119727e-06,0
lin,4,SR386_40X_HE_T541_01,0,1.6735714620157247e-05,0
lin,4,SR386_40X_HE_T548_01,1,0.01925262527125372,0
lin,4,SR386_40X_HE_T550_01,0,0.0030215098114274993,0
lin,4,SR386_40X_HE_T551_01,0,5.284019722658112e-10,0
lin,4,SR386_40X_HE_T557_01,0,2.0890230139299397e-07,0
lin,4,SR386_40X_HE_T565_01,0,3.92510559682019e-09,0
lin,4,SR386_40X_HE_T567_01,0,4.753506268695437e-09,0
lin,4,SR386_40X_HE_T575_01,0,5.20075354347417e-05,0
lin,4,SR386_40X_HE_T576_01,0,1.7039766141777173e-08,0
lin,4,SR386_40X_HE_T581_01,0,1.029820424997572e-08,0
ann,1,SR1482_40X_HE_T029_01,0,0.7039687037467957,1
ann,1,SR1482_40X_HE_T029_02,0,0.812969446182251,1
ann,1,SR1482_40X_HE_T057_01,0,0.34374386072158813,0
ann,1,SR1482_40X_HE_T063_01,1,0.9096564650535583,1
ann,1,SR1482_40X_HE_T063_02,1,0.47810664772987366,0
ann,1,SR1482_40X_HE_T065_01,0,0.4971942901611328,0
ann,1,SR1482_40X_HE_T065_02,0,0.40578702092170715,0
ann,1,SR1482_40X_HE_T066_01,0,0.8288443088531494,1
ann,1,SR1482_40X_HE_T066_02,0,0.9521327018737793,1
ann,1,SR1482_40X_HE_T068_01,0,0.35659533739089966,0
ann,1,SR1482_40X_HE_T069_01,0,0.24953071773052216,0
ann,1,SR1482_40X_HE_T069_02,0,0.40139755606651306,0
ann,1,SR1482_40X_HE_T079_01,1,0.5735867023468018,1
ann,1,SR1482_40X_HE_T079_02,1,0.7167016863822937,1
ann,1,SR1482_40X_HE_T080_01,0,0.332174152135849,0
ann,1,SR1482_40X_HE_T080_02,0,0.4835287034511566,0
ann,1,SR1482_40X_HE_T081_01,0,0.42640531063079834,0
ann,1,SR1482_40X_HE_T081_02,0,0.30707430839538574,0
ann,1,SR1482_40X_HE_T099_01,0,0.3783280849456787,0
ann,1,SR1482_40X_HE_T116_01,0,0.47694462537765503,0
ann,1,SR1482_40X_HE_T117_01,0,0.4190663695335388,0
ann,1,SR1482_40X_HE_T117_02,0,0.3312487006187439,0
ann,1,SR1482_40X_HE_T126_01,0,0.7606241703033447,1
ann,1,SR1482_40X_HE_T129_01,0,0.5526877641677856,1
ann,1,SR1482_40X_HE_T129_02,0,0.8226220011711121,1
ann,1,SR1482_40X_HE_T139_01,0,0.5283119678497314,1
ann,1,SR1482_40X_HE_T139_02,0,0.4904581606388092,0
ann,1,SR1482_40X_HE_T147_01,0,0.7950739860534668,1
ann,1,SR1482_40X_HE_T147_02,0,0.7892576456069946,1
ann,1,SR1482_40X_HE_T159_01,0,0.45666569471359253,0
ann,1,SR1482_40X_HE_T159_02,0,0.5082156658172607,1
ann,1,SR1482_40X_HE_T192_01,0,0.6603027582168579,1
ann,1,SR1482_40X_HE_T199_01,0,0.5748220682144165,1
ann,1,SR1482_40X_HE_T304_01,0,0.3157361149787903,0
ann,1,SR1482_40X_HE_T304_02,0,0.31919315457344055,0
ann,1,SR1482_40X_HE_T310_01,1,0.4485982358455658,0
ann,1,SR1482_40X_HE_T310_02,1,0.45390328764915466,0
ann,1,SR1482_40X_HE_T341_01,0,0.3378340005874634,0
ann,1,SR1482_40X_HE_T341_02,0,0.28659194707870483,0
ann,1,SR1482_40X_HE_T353_01,0,0.5171650052070618,1
ann,1,SR1482_40X_HE_T390_01,0,0.35152164101600647,0
ann,1,SR1482_40X_HE_T433_01,1,0.731148362159729,1
ann,1,SR386_40X_HE_T003_01,0,0.47287341952323914,0
ann,1,SR386_40X_HE_T004_01,0,0.44959619641304016,0
ann,1,SR386_40X_HE_T022_01,1,0.7965283989906311,1
ann,1,SR386_40X_HE_T030_01,0,0.5566655993461609,1
ann,1,SR386_40X_HE_T033_01,0,0.5489440560340881,1
ann,1,SR386_40X_HE_T036_01,0,0.3690106272697449,0
ann,1,SR386_40X_HE_T038_01,0,0.4980607032775879,0
ann,1,SR386_40X_HE_T049_01,0,0.37506166100502014,0
ann,1,SR386_40X_HE_T050_01,0,0.5480462312698364,1
ann,1,SR386_40X_HE_T060_01,0,0.44352293014526367,0
ann,1,SR386_40X_HE_T063_01,0,0.49468278884887695,0
ann,1,SR386_40X_HE_T066_01,0,0.5189464092254639,1
ann,1,SR386_40X_HE_T069_01,0,0.399283230304718,0
ann,1,SR386_40X_HE_T072_01,0,0.2753192186355591,0
ann,1,SR386_40X_HE_T074_01,0,0.49615663290023804,0
ann,1,SR386_40X_HE_T078_01,0,0.36956673860549927,0
ann,1,SR386_40X_HE_T079_01,0,0.32516881823539734,0
ann,1,SR386_40X_HE_T092_01,1,0.6903234720230103,1
ann,1,SR386_40X_HE_T096_01,0,0.35106730461120605,0
ann,1,SR386_40X_HE_T099_01,0,0.4600900113582611,0
ann,1,SR386_40X_HE_T103_01,0,0.31438955664634705,0
ann,1,SR386_40X_HE_T108_01,0,0.5331476330757141,1
ann,1,SR386_40X_HE_T113_01,0,0.47337064146995544,0
ann,1,SR386_40X_HE_T114_01,0,0.36587414145469666,0
ann,1,SR386_40X_HE_T119_01,0,0.5172054767608643,1
ann,1,SR386_40X_HE_T126_01,0,0.3951001465320587,0
ann,1,SR386_40X_HE_T130_01,0,0.2251272201538086,0
ann,1,SR386_40X_HE_T131_01,0,0.5302319526672363,1
ann,1,SR386_40X_HE_T135_01,0,0.6854264736175537,1
ann,1,SR386_40X_HE_T140_01,0,0.32732096314430237,0
ann,1,SR386_40X_HE_T144_01,0,0.6671311855316162,1
ann,1,SR386_40X_HE_T147_01,0,0.36851438879966736,0
ann,1,SR386_40X_HE_T148_01,0,0.4384916424751282,0
ann,1,SR386_40X_HE_T160_01,0,0.3810330331325531,0
ann,1,SR386_40X_HE_T169_01,0,0.20237736403942108,0
ann,1,SR386_40X_HE_T170_01,1,0.8304036259651184,1
ann,1,SR386_40X_HE_T172_01,0,0.7943413257598877,1
ann,1,SR386_40X_HE_T174_01,0,0.5318771600723267,1
ann,1,SR386_40X_HE_T181_01,0,0.35179567337036133,0
ann,1,SR386_40X_HE_T196_01,0,0.38297393918037415,0
ann,1,SR386_40X_HE_T205_01,0,0.4163592457771301,0
ann,1,SR386_40X_HE_T209_01,0,0.5049133896827698,1
ann,1,SR386_40X_HE_T210_01,0,0.5173008441925049,1
ann,1,SR386_40X_HE_T212_01,0,0.4421103298664093,0
ann,1,SR386_40X_HE_T221_01,0,0.32897573709487915,0
ann,1,SR386_40X_HE_T224_01,0,0.3205151855945587,0
ann,1,SR386_40X_HE_T231_01,1,0.7370628118515015,1
ann,1,SR386_40X_HE_T232_01,0,0.3986959457397461,0
ann,1,SR386_40X_HE_T247_01,0,0.4854867458343506,0
ann,1,SR386_40X_HE_T252_01,0,0.43035590648651123,0
ann,1,SR386_40X_HE_T255_01,0,0.36804190278053284,0
ann,1,SR386_40X_HE_T259_01,1,0.5416329503059387,1
ann,1,SR386_40X_HE_T274_01,0,0.39889925718307495,0
ann,1,SR386_40X_HE_T275_01,0,0.3568984270095825,0
ann,1,SR386_40X_HE_T282_01,0,0.44318825006484985,0
ann,1,SR386_40X_HE_T294_01,0,0.8143178820610046,1
ann,1,SR386_40X_HE_T311_01,0,0.34290027618408203,0
ann,1,SR386_40X_HE_T315_01,0,0.2854689657688141,0
ann,1,SR386_40X_HE_T319_01,1,0.46335870027542114,0
ann,1,SR386_40X_HE_T324_01,1,0.506848931312561,1
ann,1,SR386_40X_HE_T330_01,0,0.24349114298820496,0
ann,1,SR386_40X_HE_T333_01,0,0.44048410654067993,0
ann,1,SR386_40X_HE_T335_01,0,0.34876030683517456,0
ann,1,SR386_40X_HE_T337_01,0,0.549985408782959,1
ann,1,SR386_40X_HE_T344_01,0,0.4822902977466583,0
ann,1,SR386_40X_HE_T347_01,0,0.4708642363548279,0
ann,1,SR386_40X_HE_T350_01,0,0.46536779403686523,0
ann,1,SR386_40X_HE_T351_01,0,0.40274375677108765,0
ann,1,SR386_40X_HE_T360_01,0,0.43041616678237915,0
ann,1,SR386_40X_HE_T361_01,0,0.4175057113170624,0
ann,1,SR386_40X_HE_T366_01,0,0.3730800747871399,0
ann,1,SR386_40X_HE_T377_01,1,0.5237118005752563,1
ann,1,SR386_40X_HE_T384_01,0,0.385809987783432,0
ann,1,SR386_40X_HE_T395_01,0,0.3716959059238434,0
ann,1,SR386_40X_HE_T396_01,0,0.3776830732822418,0
ann,1,SR386_40X_HE_T401_01,0,0.4249667823314667,0
ann,1,SR386_40X_HE_T408_01,0,0.35196882486343384,0
ann,1,SR386_40X_HE_T410_01,0,0.325977623462677,0
ann,1,SR386_40X_HE_T413_01,0,0.3661026060581207,0
ann,1,SR386_40X_HE_T416_01,0,0.34517133235931396,0
ann,1,SR386_40X_HE_T418_01,0,0.25259557366371155,0
ann,1,SR386_40X_HE_T419_01,0,0.43589094281196594,0
ann,1,SR386_40X_HE_T421_01,0,0.43775320053100586,0
ann,1,SR386_40X_HE_T423_01,0,0.40761616826057434,0
ann,1,SR386_40X_HE_T428_01,0,0.27056774497032166,0
ann,1,SR386_40X_HE_T430_01,0,0.4446958005428314,0
ann,1,SR386_40X_HE_T431_01,0,0.4485923647880554,0
ann,1,SR386_40X_HE_T435_01,0,0.680590033531189,1
ann,1,SR386_40X_HE_T438_01,0,0.3497750461101532,0
ann,1,SR386_40X_HE_T439_01,0,0.29974719882011414,0
ann,1,SR386_40X_HE_T447_01,0,0.32532599568367004,0
ann,1,SR386_40X_HE_T449_01,0,0.32275861501693726,0
ann,1,SR386_40X_HE_T454_01,0,0.26422345638275146,0
ann,1,SR386_40X_HE_T456_01,0,0.29919713735580444,0
ann,1,SR386_40X_HE_T461_01,0,0.571992039680481,1
ann,1,SR386_40X_HE_T462_01,0,0.3762383460998535,0
ann,1,SR386_40X_HE_T468_01,0,0.4087924361228943,0
ann,1,SR386_40X_HE_T469_01,1,0.4047071635723114,0
ann,1,SR386_40X_HE_T470_01,0,0.3860655426979065,0
ann,1,SR386_40X_HE_T471_01,0,0.2995678186416626,0
ann,1,SR386_40X_HE_T477_01,0,0.3271491229534149,0
ann,1,SR386_40X_HE_T480_01,0,0.5286554098129272,1
ann,1,SR386_40X_HE_T484_01,0,0.5121622681617737,1
ann,1,SR386_40X_HE_T495_01,0,0.3058251142501831,0
ann,1,SR386_40X_HE_T496_01,0,0.2943693995475769,0
ann,1,SR386_40X_HE_T498_01,0,0.49093490839004517,0
ann,1,SR386_40X_HE_T504_01,0,0.31662946939468384,0
ann,1,SR386_40X_HE_T511_01,0,0.4049488604068756,0
ann,1,SR386_40X_HE_T517_01,0,0.6850519776344299,1
ann,1,SR386_40X_HE_T523_01,0,0.34796422719955444,0
ann,1,SR386_40X_HE_T529_01,0,0.3933747410774231,0
ann,1,SR386_40X_HE_T542_01,0,0.41768184304237366,0
ann,1,SR386_40X_HE_T569_01,0,0.4788202941417694,0
ann,1,SR386_40X_HE_T582_01,0,0.26557934284210205,0
ann,2,SR1482_40X_HE_T009_01,0,0.04513188451528549,0
ann,2,SR1482_40X_HE_T009_02,0,0.06615298241376877,0
ann,2,SR1482_40X_HE_T015_01,0,0.6795008778572083,1
ann,2,SR1482_40X_HE_T021_01,0,0.21912334859371185,0
ann,2,SR1482_40X_HE_T067_01,0,0.3047546148300171,0
ann,2,SR1482_40X_HE_T075_01,0,0.3018698990345001,0
ann,2,SR1482_40X_HE_T075_02,0,0.5664548277854919,1
ann,2,SR1482_40X_HE_T098_01,0,0.35245999693870544,0
ann,2,SR1482_40X_HE_T098_02,0,0.08297749608755112,0
ann,2,SR1482_40X_HE_T102_01,0,0.6118786931037903,1
ann,2,SR1482_40X_HE_T123_01,0,0.2270059883594513,0
ann,2,SR1482_40X_HE_T142_01,0,0.08777299523353577,0
ann,2,SR1482_40X_HE_T146_01,0,0.9997908473014832,1
ann,2,SR1482_40X_HE_T148_01,0,0.31264573335647583,0
ann,2,SR1482_40X_HE_T148_02,0,0.29451486468315125,0
ann,2,SR1482_40X_HE_T154_01,0,0.23152071237564087,0
ann,2,SR1482_40X_HE_T158_01,0,0.19040057063102722,0
ann,2,SR1482_40X_HE_T161_01,0,0.9423678517341614,1
ann,2,SR1482_40X_HE_T161_02,0,0.17551033198833466,0
ann,2,SR1482_40X_HE_T164_01,1,0.39970913529396057,0
ann,2,SR1482_40X_HE_T164_02,1,0.7478496432304382,1
ann,2,SR1482_40X_HE_T168_01,0,0.22883138060569763,0
ann,2,SR1482_40X_HE_T171_01,0,0.20912590622901917,0
ann,2,SR1482_40X_HE_T171_02,0,0.22186310589313507,0
ann,2,SR1482_40X_HE_T178_01,1,0.27565160393714905,0
ann,2,SR1482_40X_HE_T186_01,0,0.14349576830863953,0
ann,2,SR1482_40X_HE_T193_01,0,0.38605666160583496,0
ann,2,SR1482_40X_HE_T193_02,0,0.9982419013977051,1
ann,2,SR1482_40X_HE_T209_01,0,0.49670472741127014,0
ann,2,SR1482_40X_HE_T209_02,0,0.9612470865249634,1
ann,2,SR1482_40X_HE_T245_01,0,0.9737281799316406,1
ann,2,SR1482_40X_HE_T245_02,0,0.462543249130249,0
ann,2,SR1482_40X_HE_T265_01,0,0.2366902083158493,0
ann,2,SR1482_40X_HE_T302_01,0,0.7577711343765259,1
ann,2,SR1482_40X_HE_T343_01,1,0.3015575110912323,0
ann,2,SR1482_40X_HE_T343_02,1,0.7327649593353271,1
ann,2,SR1482_40X_HE_T399_01,0,0.2695564031600952,0
ann,2,SR1482_40X_HE_T399_02,0,0.57587069272995,1
ann,2,SR1482_40X_HE_T426_01,0,0.1050114706158638,0
ann,2,SR1482_40X_HE_T426_02,0,0.13187243044376373,0
ann,2,SR386_40X_HE_T001_01,0,0.5022664666175842,1
ann,2,SR386_40X_HE_T013_01,0,0.24697311222553253,0
ann,2,SR386_40X_HE_T018_01,0,0.23179891705513,0
ann,2,SR386_40X_HE_T019_01,0,0.18586555123329163,0
ann,2,SR386_40X_HE_T024_01,0,0.10629965364933014,0
ann,2,SR386_40X_HE_T039_01,0,0.11767615377902985,0
ann,2,SR386_40X_HE_T040_01,1,0.9948179125785828,1
ann,2,SR386_40X_HE_T042_01,0,0.11534237116575241,0
ann,2,SR386_40X_HE_T047_01,0,0.24426795542240143,0
ann,2,SR386_40X_HE_T051_01,0,0.11078020930290222,0
ann,2,SR386_40X_HE_T052_01,0,0.1462041586637497,0
ann,2,SR386_40X_HE_T056_01,0,0.14847949147224426,0
ann,2,SR386_40X_HE_T057_01,0,0.25331971049308777,0
ann,2,SR386_40X_HE_T070_01,0,0.15971727669239044,0
ann,2,SR386_40X_HE_T082_01,0,0.8585129380226135,1
ann,2,SR386_40X_HE_T084_01,0,0.370646208524704,0
ann,2,SR386_40X_HE_T087_01,0,0.6179333925247192,1
ann,2,SR386_40X_HE_T088_01,0,0.5006296038627625,1
ann,2,SR386_40X_HE_T098_01,0,0.28427910804748535,0
ann,2,SR386_40X_HE_T105_01,0,0.30324241518974304,0
ann,2,SR386_40X_HE_T122_01,0,0.17567329108715057,0
ann,2,SR386_40X_HE_T123_01,0,0.20098605751991272,0
ann,2,SR386_40X_HE_T133_01,0,0.14443327486515045,0
ann,2,SR386_40X_HE_T145_01,0,0.054168231785297394,0
ann,2,SR386_40X_HE_T150_01,0,0.36679717898368835,0
ann,2,SR386_40X_HE_T152_01,0,0.19844013452529907,0
ann,2,SR386_40X_HE_T155_01,0,0.2620414197444916,0
ann,2,SR386_40X_HE_T157_01,0,0.3335167169570923,0
ann,2,SR386_40X_HE_T164_01,0,0.5048843622207642,1
ann,2,SR386_40X_HE_T166_01,0,0.15009447932243347,0
ann,2,SR386_40X_HE_T176_01,1,0.5346980094909668,1
ann,2,SR386_40X_HE_T177_01,0,0.1514238566160202,0
ann,2,SR386_40X_HE_T178_01,0,0.6630597114562988,1
ann,2,SR386_40X_HE_T187_01,0,0.3073672652244568,0
ann,2,SR386_40X_HE_T190_01,0,0.1423085778951645,0
ann,2,SR386_40X_HE_T192_01,0,0.2414316087961197,0
ann,2,SR386_40X_HE_T198_01,0,0.19879008829593658,0
ann,2,SR386_40X_HE_T200_01,0,0.6688817143440247,1
ann,2,SR386_40X_HE_T206_01,1,0.19724926352500916,0
ann,2,SR386_40X_HE_T211_01,0,0.27265092730522156,0
ann,2,SR386_40X_HE_T213_01,0,0.19276006519794464,0
ann,2,SR386_40X_HE_T214_01,0,0.37970325350761414,0
ann,2,SR386_40X_HE_T220_01,0,0.16947758197784424,0
ann,2,SR386_40X_HE_T230_01,1,0.6259297728538513,1
ann,2,SR386_40X_HE_T236_01,0,0.3018577992916107,0
ann,2,SR386_40X_HE_T237_01,0,0.33657267689704895,0
ann,2,SR386_40X_HE_T240_01,0,0.11639364063739777,0
ann,2,SR386_40X_HE_T241_01,0,0.20382404327392578,0
ann,2,SR386_40X_HE_T242_01,0,0.36301425099372864,0
ann,2,SR386_40X_HE_T253_01,0,0.13877566158771515,0
ann,2,SR386_40X_HE_T260_01,0,0.14644578099250793,0
ann,2,SR386_40X_HE_T262_01,0,0.3703278601169586,0
ann,2,SR386_40X_HE_T264_01,0,0.1393585205078125,0
ann,2,SR386_40X_HE_T271_01,0,0.24911628663539886,0
ann,2,SR386_40X_HE_T281_01,0,0.3073996901512146,0
ann,2,SR386_40X_HE_T297_01,0,0.13825304806232452,0
ann,2,SR386_40X_HE_T299_01,0,0.1577075719833374,0
ann,2,SR386_40X_HE_T301_01,0,0.13480152189731598,0
ann,2,SR386_40X_HE_T306_01,0,0.2342669814825058,0
ann,2,SR386_40X_HE_T309_01,0,0.12423334270715714,0
ann,2,SR386_40X_HE_T314_01,0,0.2902967631816864,0
ann,2,SR386_40X_HE_T316_01,0,0.8415208458900452,1
ann,2,SR386_40X_HE_T318_01,0,0.3182236850261688,0
ann,2,SR386_40X_HE_T321_01,0,0.4641372263431549,0
ann,2,SR386_40X_HE_T326_01,0,0.21404467523097992,0
ann,2,SR386_40X_HE_T327_01,0,0.20212285220623016,0
ann,2,SR386_40X_HE_T332_01,1,0.6897926926612854,1
ann,2,SR386_40X_HE_T355_01,0,0.3591534197330475,0
ann,2,SR386_40X_HE_T364_01,0,0.6989864110946655,1
ann,2,SR386_40X_HE_T368_01,1,0.5838450193405151,1
ann,2,SR386_40X_HE_T374_01,0,0.12874305248260498,0
ann,2,SR386_40X_HE_T380_01,0,0.10743140429258347,0
ann,2,SR386_40X_HE_T382_01,0,0.29113680124282837,0
ann,2,SR386_40X_HE_T392_01,0,0.21863481402397156,0
ann,2,SR386_40X_HE_T398_01,0,0.10624221712350845,0
ann,2,SR386_40X_HE_T402_01,1,0.3625437915325165,0
ann,2,SR386_40X_HE_T404_01,0,0.1563449203968048,0
ann,2,SR386_40X_HE_T415_01,0,0.1365830898284912,0
ann,2,SR386_40X_HE_T417_01,0,0.15825043618679047,0
ann,2,SR386_40X_HE_T425_01,0,0.23693814873695374,0
ann,2,SR386_40X_HE_T436_01,1,0.09351465106010437,0
ann,2,SR386_40X_HE_T437_01,0,0.10898414999246597,0
ann,2,SR386_40X_HE_T440_01,0,0.6378244757652283,1
ann,2,SR386_40X_HE_T445_01,0,0.5151730179786682,1
ann,2,SR386_40X_HE_T450_01,0,0.21419556438922882,0
ann,2,SR386_40X_HE_T459_01,0,0.3501371741294861,0
ann,2,SR386_40X_HE_T472_01,0,0.17409679293632507,0
ann,2,SR386_40X_HE_T481_01,0,0.30106231570243835,0
ann,2,SR386_40X_HE_T483_01,0,0.51556795835495,1
ann,2,SR386_40X_HE_T486_01,0,0.6704388856887817,1
ann,2,SR386_40X_HE_T488_01,0,0.08746113628149033,0
ann,2,SR386_40X_HE_T499_01,0,0.3044004440307617,0
ann,2,SR386_40X_HE_T507_01,0,0.11727982014417648,0
ann,2,SR386_40X_HE_T514_01,0,0.25346967577934265,0
ann,2,SR386_40X_HE_T520_01,1,0.30289211869239807,0
ann,2,SR386_40X_HE_T522_01,0,0.5229974389076233,1
ann,2,SR386_40X_HE_T531_01,0,0.2285194844007492,0
ann,2,SR386_40X_HE_T535_01,0,0.2900303900241852,0
ann,2,SR386_40X_HE_T539_01,0,0.21737459301948547,0
ann,2,SR386_40X_HE_T549_01,0,0.1656769961118698,0
ann,2,SR386_40X_HE_T552_01,0,0.17849856615066528,0
ann,2,SR386_40X_HE_T553_01,0,0.2280808687210083,0
ann,2,SR386_40X_HE_T554_01,0,0.15218329429626465,0
ann,2,SR386_40X_HE_T558_01,0,0.22209428250789642,0
ann,2,SR386_40X_HE_T564_01,0,0.11418049037456512,0
ann,2,SR386_40X_HE_T570_01,0,0.1554459035396576,0
ann,2,SR386_40X_HE_T574_01,0,0.1116560846567154,0
ann,2,SR386_40X_HE_T578_01,0,0.18059197068214417,0
ann,2,SR386_40X_HE_T580_01,0,0.1497841775417328,0
ann,3,SR1482_40X_HE_T005_01,0,0.4505767226219177,0
ann,3,SR1482_40X_HE_T005_02,0,0.3200792968273163,0
ann,3,SR1482_40X_HE_T010_01,0,0.17738738656044006,0
ann,3,SR1482_40X_HE_T043_01,0,0.1603681594133377,0
ann,3,SR1482_40X_HE_T043_02,0,0.20696446299552917,0
ann,3,SR1482_40X_HE_T049_01,0,0.1338007152080536,0
ann,3,SR1482_40X_HE_T061_01,0,0.4957695007324219,0
ann,3,SR1482_40X_HE_T061_02,0,0.3802676796913147,0
ann,3,SR1482_40X_HE_T070_01,1,0.13661342859268188,0
ann,3,SR1482_40X_HE_T073_01,0,0.19304855167865753,0
ann,3,SR1482_40X_HE_T082_01,0,0.17012882232666016,0
ann,3,SR1482_40X_HE_T082_02,0,0.25673040747642517,0
ann,3,SR1482_40X_HE_T089_01,0,0.14747266471385956,0
ann,3,SR1482_40X_HE_T090_01,0,0.38744765520095825,0
ann,3,SR1482_40X_HE_T094_01,1,0.23360487818717957,0
ann,3,SR1482_40X_HE_T094_02,1,0.6833532452583313,1
ann,3,SR1482_40X_HE_T105_01,0,0.14991451799869537,0
ann,3,SR1482_40X_HE_T115_01,0,0.234299898147583,0
ann,3,SR1482_40X_HE_T115_02,0,0.17984801530838013,0
ann,3,SR1482_40X_HE_T118_01,0,0.8203095197677612,1
ann,3,SR1482_40X_HE_T118_02,0,0.840645968914032,1
ann,3,SR1482_40X_HE_T120_01,0,0.5768552422523499,1
ann,3,SR1482_40X_HE_T120_02,0,0.7364557981491089,1
ann,3,SR1482_40X_HE_T124_01,0,0.5962541699409485,1
ann,3,SR1482_40X_HE_T124_02,0,0.7742729783058167,1
ann,3,SR1482_40X_HE_T138_01,0,0.1671561449766159,0
ann,3,SR1482_40X_HE_T160_01,0,0.17884482443332672,0
ann,3,SR1482_40X_HE_T160_02,0,0.1723950058221817,0
ann,3,SR1482_40X_HE_T167_01,0,0.1983766406774521,0
ann,3,SR1482_40X_HE_T167_02,0,0.29068291187286377,0
ann,3,SR1482_40X_HE_T175_01,0,0.21909146010875702,0
ann,3,SR1482_40X_HE_T175_02,0,0.3448120355606079,0
ann,3,SR1482_40X_HE_T177_01,1,0.3746125400066376,0
ann,3,SR1482_40X_HE_T188_01,0,0.22150911390781403,0
ann,3,SR1482_40X_HE_T195_01,0,0.22755205631256104,0
ann,3,SR1482_40X_HE_T195_02,0,0.25071364641189575,0
ann,3,SR1482_40X_HE_T202_01,0,0.18800687789916992,0
ann,3,SR1482_40X_HE_T202_02,0,0.1739986687898636,0
ann,3,SR1482_40X_HE_T225_01,0,0.9457264542579651,1
ann,3,SR1482_40X_HE_T225_02,0,0.21326623857021332,0
ann,3,SR1482_40X_HE_T235_01,0,0.3944587707519531,0
ann,3,SR1482_40X_HE_T235_02,0,0.2718072831630707,0
ann,3,SR1482_40X_HE_T236_01,0,0.09714742004871368,0
ann,3,SR1482_40X_HE_T236_02,0,0.18095067143440247,0
ann,3,SR1482_40X_HE_T258_01,0,0.22133879363536835,0
ann,3,SR1482_40X_HE_T258_02,0,0.2866528630256653,0
ann,3,SR1482_40X_HE_T284_01,1,0.45884817838668823,0
ann,3,SR1482_40X_HE_T284_02,1,0.5851263403892517,1
ann,3,SR1482_40X_HE_T301_01,1,0.15474165976047516,0
ann,3,SR1482_40X_HE_T301_02,1,0.20227238535881042,0
ann,3,SR1482_40X_HE_T309_01,0,0.2630637586116791,0
ann,3,SR1482_40X_HE_T313_01,0,0.6326044201850891,1
ann,3,SR1482_40X_HE_T313_02,0,0.7571726441383362,1
ann,3,SR1482_40X_HE_T338_01,0,0.7361766695976257,1
ann,3,SR1482_40X_HE_T344_01,0,0.32784342765808105,0
ann,3,SR1482_40X_HE_T344_02,0,0.3983995318412781,0
ann,3,SR1482_40X_HE_T346_01,0,0.6290419697761536,1
ann,3,SR1482_40X_HE_T346_02,0,0.4060286581516266,0
ann,3,SR1482_40X_HE_T377_01,0,0.1514948308467865,0
ann,3,SR1482_40X_HE_T377_02,0,0.17935596406459808,0
ann,3,SR1482_40X_HE_T419_01,0,0.2589244842529297,0
ann,3,SR1482_40X_HE_T427_01,0,0.30656689405441284,0
ann,3,SR1482_40X_HE_T427_02,0,0.20743420720100403,0
ann,3,SR386_40X_HE_T007_01,0,0.27360236644744873,0
ann,3,SR386_40X_HE_T015_01,0,0.31433430314064026,0
ann,3,SR386_40X_HE_T017_01,1,0.5995021462440491,1
ann,3,SR386_40X_HE_T032_01,0,0.23307488858699799,0
ann,3,SR386_40X_HE_T034_01,0,0.3006190359592438,0
ann,3,SR386_40X_HE_T035_01,0,0.3683875501155853,0
ann,3,SR386_40X_HE_T041_01,0,0.5963618159294128,1
ann,3,SR386_40X_HE_T067_01,0,0.22635680437088013,0
ann,3,SR386_40X_HE_T075_01,0,0.21528121829032898,0
ann,3,SR386_40X_HE_T081_01,0,0.19842463731765747,0
ann,3,SR386_40X_HE_T083_01,0,0.22695428133010864,0
ann,3,SR386_40X_HE_T085_01,0,0.28408101201057434,0
ann,3,SR386_40X_HE_T095_01,0,0.2826484441757202,0
ann,3,SR386_40X_HE_T104_01,0,0.20211128890514374,0
ann,3,SR386_40X_HE_T106_01,0,0.34885916113853455,0
ann,3,SR386_40X_HE_T112_01,0,0.46631279587745667,0
ann,3,SR386_40X_HE_T128_01,0,0.13560828566551208,0
ann,3,SR386_40X_HE_T132_01,0,0.2825758755207062,0
ann,3,SR386_40X_HE_T138_01,0,0.27938228845596313,0
ann,3,SR386_40X_HE_T142_01,0,0.3336673378944397,0
ann,3,SR386_40X_HE_T149_01,0,0.3165704905986786,0
ann,3,SR386_40X_HE_T165_01,1,0.6464681625366211,1
ann,3,SR386_40X_HE_T179_01,0,0.7860761284828186,1
ann,3,SR386_40X_HE_T180_01,0,0.3382214307785034,0
ann,3,SR386_40X_HE_T182_01,0,0.3986469507217407,0
ann,3,SR386_40X_HE_T184_01,0,0.5056975483894348,1
ann,3,SR386_40X_HE_T188_01,0,0.3525266945362091,0
ann,3,SR386_40X_HE_T191_01,0,0.23468630015850067,0
ann,3,SR386_40X_HE_T197_01,0,0.34630319476127625,0
ann,3,SR386_40X_HE_T201_01,0,0.2410622537136078,0
ann,3,SR386_40X_HE_T202_01,0,0.2969191074371338,0
ann,3,SR386_40X_HE_T208_01,0,0.2539450526237488,0
ann,3,SR386_40X_HE_T216_01,1,0.7752388119697571,1
ann,3,SR386_40X_HE_T238_01,0,0.16590794920921326,0
ann,3,SR386_40X_HE_T244_01,0,0.2205641269683838,0
ann,3,SR386_40X_HE_T248_01,0,0.3454408049583435,0
ann,3,SR386_40X_HE_T249_01,0,0.21363292634487152,0
ann,3,SR386_40X_HE_T250_01,0,0.23506510257720947,0
ann,3,SR386_40X_HE_T263_01,0,0.26600852608680725,0
ann,3,SR386_40X_HE_T267_01,0,0.326270192861557,0
ann,3,SR386_40X_HE_T269_01,0,0.27364131808280945,0
ann,3,SR386_40X_HE_T277_01,0,0.303427129983902,0
ann,3,SR386_40X_HE_T286_01,0,0.6449399590492249,1
ann,3,SR386_40X_HE_T287_01,0,0.34667760133743286,0
ann,3,SR386_40X_HE_T290_01,0,0.21949611604213715,0
ann,3,SR386_40X_HE_T293_01,0,0.37963250279426575,0
ann,3,SR386_40X_HE_T298_01,0,0.20521877706050873,0
ann,3,SR386_40X_HE_T303_01,0,0.19008368253707886,0
ann,3,SR386_40X_HE_T312_01,0,0.2568163275718689,0
ann,3,SR386_40X_HE_T329_01,0,0.6306028366088867,1
ann,3,SR386_40X_HE_T336_01,0,0.5452320575714111,1
ann,3,SR386_40X_HE_T338_01,0,0.23772838711738586,0
ann,3,SR386_40X_HE_T342_01,0,0.18883897364139557,0
ann,3,SR386_40X_HE_T353_01,0,0.3392295837402344,0
ann,3,SR386_40X_HE_T357_01,0,0.2324693500995636,0
ann,3,SR386_40X_HE_T362_01,0,0.14393490552902222,0
ann,3,SR386_40X_HE_T363_01,1,0.5770745873451233,1
ann,3,SR386_40X_HE_T372_01,0,0.6497541666030884,1
ann,3,SR386_40X_HE_T378_01,0,0.28768736124038696,0
ann,3,SR386_40X_HE_T379_01,0,0.23314286768436432,0
ann,3,SR386_40X_HE_T386_01,0,0.3300172984600067,0
ann,3,SR386_40X_HE_T387_01,0,0.20997028052806854,0
ann,3,SR386_40X_HE_T393_01,0,0.48298150300979614,0
ann,3,SR386_40X_HE_T397_01,0,0.5263378620147705,1
ann,3,SR386_40X_HE_T406_01,0,0.7817584872245789,1
ann,3,SR386_40X_HE_T409_01,0,0.24609467387199402,0
ann,3,SR386_40X_HE_T422_01,0,0.2735394835472107,0
ann,3,SR386_40X_HE_T426_01,0,0.18181583285331726,0
ann,3,SR386_40X_HE_T433_01,0,0.45947757363319397,0
ann,3,SR386_40X_HE_T443_01,0,0.567901074886322,1
ann,3,SR386_40X_HE_T448_01,0,0.45511889457702637,0
ann,3,SR386_40X_HE_T452_01,0,0.39138704538345337,0
ann,3,SR386_40X_HE_T460_01,1,0.4137997329235077,0
ann,3,SR386_40X_HE_T473_01,0,0.3555774986743927,0
ann,3,SR386_40X_HE_T475_01,0,0.19841541349887848,0
ann,3,SR386_40X_HE_T478_01,0,0.3322894275188446,0
ann,3,SR386_40X_HE_T489_01,1,0.20726102590560913,0
ann,3,SR386_40X_HE_T491_01,0,0.23320838809013367,0
ann,3,SR386_40X_HE_T492_01,0,0.29253920912742615,0
ann,3,SR386_40X_HE_T493_01,0,0.3169451653957367,0
ann,3,SR386_40X_HE_T502_01,0,0.2423149049282074,0
ann,3,SR386_40X_HE_T505_01,0,0.24225758016109467,0
ann,3,SR386_40X_HE_T506_01,0,0.2481498122215271,0
ann,3,SR386_40X_HE_T509_01,0,0.1976725161075592,0
ann,3,SR386_40X_HE_T516_01,0,0.2927160859107971,0
ann,3,SR386_40X_HE_T518_01,0,0.20999327301979065,0
ann,3,SR386_40X_HE_T519_01,0,0.33575066924095154,0
ann,3,SR386_40X_HE_T521_01,0,0.2825065553188324,0
ann,3,SR386_40X_HE_T526_01,0,0.1990000456571579,0
ann,3,SR386_40X_HE_T533_01,0,0.4009286165237427,0
ann,3,SR386_40X_HE_T543_01,0,0.2103157788515091,0
ann,3,SR386_40X_HE_T544_01,0,0.19861029088497162,0
ann,3,SR386_40X_HE_T556_01,1,0.4204064905643463,0
ann,3,SR386_40X_HE_T560_01,0,0.4067685306072235,0
ann,3,SR386_40X_HE_T563_01,0,0.1793537139892578,0
ann,3,SR386_40X_HE_T568_01,0,0.27570632100105286,0
ann,3,SR386_40X_HE_T571_01,0,0.1670064479112625,0
ann,3,SR386_40X_HE_T572_01,0,0.39576077461242676,0
ann,3,SR386_40X_HE_T573_01,0,0.673046886920929,1
ann,3,SR386_40X_HE_T583_01,0,0.3112713694572449,0
ann,4,SR1482_40X_HE_T002_01,0,0.16037136316299438,0
ann,4,SR1482_40X_HE_T003_01,0,0.30130237340927124,0
ann,4,SR1482_40X_HE_T004_01,0,0.16705723106861115,0
ann,4,SR1482_40X_HE_T004_02,0,0.3370838463306427,0
ann,4,SR1482_40X_HE_T011_01,0,0.21352140605449677,0
ann,4,SR1482_40X_HE_T025_01,0,0.7528643012046814,1
ann,4,SR1482_40X_HE_T025_02,0,0.4944312274456024,0
ann,4,SR1482_40X_HE_T060_01,0,0.43759971857070923,0
ann,4,SR1482_40X_HE_T062_01,0,0.516422688961029,1
ann,4,SR1482_40X_HE_T062_02,0,0.5770983695983887,1
ann,4,SR1482_40X_HE_T064_01,0,0.9767931699752808,1
ann,4,SR1482_40X_HE_T064_02,0,0.4842080771923065,0
ann,4,SR1482_40X_HE_T071_01,0,0.6446687579154968,1
ann,4,SR1482_40X_HE_T071_02,0,0.19592873752117157,0
ann,4,SR1482_40X_HE_T074_01,0,0.23833462595939636,0
ann,4,SR1482_40X_HE_T074_02,0,0.2671130895614624,0
ann,4,SR1482_40X_HE_T083_01,0,0.4818269908428192,0
ann,4,SR1482_40X_HE_T083_02,0,0.6058001518249512,1
ann,4,SR1482_40X_HE_T087_01,0,0.168162539601326,0
ann,4,SR1482_40X_HE_T097_01,1,0.7336043119430542,1
ann,4,SR1482_40X_HE_T097_02,1,0.32374781370162964,0
ann,4,SR1482_40X_HE_T108_01,0,0.1664815992116928,0
ann,4,SR1482_40X_HE_T113_01,0,0.13318657875061035,0
ann,4,SR1482_40X_HE_T113_02,0,0.3146408796310425,0
ann,4,SR1482_40X_HE_T121_01,0,0.13511520624160767,0
ann,4,SR1482_40X_HE_T122_01,0,0.20203439891338348,0
ann,4,SR1482_40X_HE_T125_01,0,0.19889098405838013,0
ann,4,SR1482_40X_HE_T125_02,0,0.18778622150421143,0
ann,4,SR1482_40X_HE_T131_01,0,0.7952852249145508,1
ann,4,SR1482_40X_HE_T131_02,0,0.7838693857192993,1
ann,4,SR1482_40X_HE_T132_01,0,0.21239624917507172,0
ann,4,SR1482_40X_HE_T132_02,0,0.14962096512317657,0
ann,4,SR1482_40X_HE_T143_01,0,0.8638082146644592,1
ann,4,SR1482_40X_HE_T143_02,0,0.5801681876182556,1
ann,4,SR1482_40X_HE_T166_01,1,0.09886980801820755,0
ann,4,SR1482_40X_HE_T169_01,0,0.7097318768501282,1
ann,4,SR1482_40X_HE_T176_01,1,0.9989369511604309,1
ann,4,SR1482_40X_HE_T176_02,1,0.9292430877685547,1
ann,4,SR1482_40X_HE_T191_01,0,0.13056901097297668,0
ann,4,SR1482_40X_HE_T194_01,0,0.8601664304733276,1
ann,4,SR1482_40X_HE_T218_01,0,0.12946464121341705,0
ann,4,SR1482_40X_HE_T253_01,0,0.19071656465530396,0
ann,4,SR1482_40X_HE_T290_01,0,0.43633246421813965,0
ann,4,SR1482_40X_HE_T308_01,0,0.3324795961380005,0
ann,4,SR1482_40X_HE_T314_01,0,0.9852380156517029,1
ann,4,SR1482_40X_HE_T314_02,0,0.8950359225273132,1
ann,4,SR1482_40X_HE_T372_01,1,0.7129759192466736,1
ann,4,SR1482_40X_HE_T372_02,1,0.3096223771572113,0
ann,4,SR1482_40X_HE_T408_01,0,0.6352471113204956,1
ann,4,SR1482_40X_HE_T412_01,0,0.2394549548625946,0
ann,4,SR1482_40X_HE_T425_01,0,0.12198802828788757,0
ann,4,SR1482_40X_HE_T434_01,1,0.6212305426597595,1
ann,4,SR386_40X_HE_T006_01,0,0.31193411350250244,0
ann,4,SR386_40X_HE_T010_01,0,0.1585789918899536,0
ann,4,SR386_40X_HE_T014_01,0,0.4319763481616974,0
ann,4,SR386_40X_HE_T016_01,0,0.16826090216636658,0
ann,4,SR386_40X_HE_T020_01,0,0.16843447089195251,0
ann,4,SR386_40X_HE_T027_01,0,0.4066419005393982,0
ann,4,SR386_40X_HE_T028_01,0,0.24550579488277435,0
ann,4,SR386_40X_HE_T037_01,0,0.12109799683094025,0
ann,4,SR386_40X_HE_T043_01,0,0.26916348934173584,0
ann,4,SR386_40X_HE_T044_01,1,0.44019612669944763,0
ann,4,SR386_40X_HE_T046_01,0,0.1758028268814087,0
ann,4,SR386_40X_HE_T058_01,0,0.1468738615512848,0
ann,4,SR386_40X_HE_T062_01,0,0.2981555163860321,0
ann,4,SR386_40X_HE_T065_01,1,0.5124732851982117,1
ann,4,SR386_40X_HE_T080_01,0,0.27902182936668396,0
ann,4,SR386_40X_HE_T091_01,0,0.27845439314842224,0
ann,4,SR386_40X_HE_T094_01,0,0.18615424633026123,0
ann,4,SR386_40X_HE_T097_01,0,0.46440085768699646,0
ann,4,SR386_40X_HE_T100_01,0,0.5684476494789124,1
ann,4,SR386_40X_HE_T107_01,0,0.1420315057039261,0
ann,4,SR386_40X_HE_T109_01,1,0.4457678496837616,0
ann,4,SR386_40X_HE_T110_01,0,0.5000867247581482,1
ann,4,SR386_40X_HE_T117_01,0,0.22437897324562073,0
ann,4,SR386_40X_HE_T127_01,0,0.1341247856616974,0
ann,4,SR386_40X_HE_T129_01,0,0.222162663936615,0
ann,4,SR386_40X_HE_T136_01,0,0.32760971784591675,0
ann,4,SR386_40X_HE_T154_01,0,0.20465557277202606,0
ann,4,SR386_40X_HE_T168_01,1,0.7676438093185425,1
ann,4,SR386_40X_HE_T175_01,0,0.17586416006088257,0
ann,4,SR386_40X_HE_T189_01,0,0.18515878915786743,0
ann,4,SR386_40X_HE_T195_01,0,0.18938210606575012,0
ann,4,SR386_40X_HE_T227_01,0,0.15521763265132904,0
ann,4,SR386_40X_HE_T233_01,0,0.7970573902130127,1
ann,4,SR386_40X_HE_T234_01,0,0.41505590081214905,0
ann,4,SR386_40X_HE_T235_01,0,0.2346082627773285,0
ann,4,SR386_40X_HE_T239_01,0,0.7641298174858093,1
ann,4,SR386_40X_HE_T245_01,0,0.23485618829727173,0
ann,4,SR386_40X_HE_T256_01,0,0.24764634668827057,0
ann,4,SR386_40X_HE_T265_01,0,0.4632132947444916,0
ann,4,SR386_40X_HE_T268_01,0,0.30907267332077026,0
ann,4,SR386_40X_HE_T270_01,0,0.2820451557636261,0
ann,4,SR386_40X_HE_T272_01,0,0.5898494124412537,1
ann,4,SR386_40X_HE_T273_01,0,0.42426788806915283,0
ann,4,SR386_40X_HE_T276_01,0,0.9169763922691345,1
ann,4,SR386_40X_HE_T278_01,1,0.7925392389297485,1
ann,4,SR386_40X_HE_T284_01,0,0.14908583462238312,0
ann,4,SR386_40X_HE_T285_01,0,0.1784164160490036,0
ann,4,SR386_40X_HE_T288_01,0,0.5245294570922852,1
ann,4,SR386_40X_HE_T291_01,0,0.30123451352119446,0
ann,4,SR386_40X_HE_T300_01,0,0.18769951164722443,0
ann,4,SR386_40X_HE_T302_01,0,0.16152261197566986,0
ann,4,SR386_40X_HE_T305_01,0,0.2875872552394867,0
ann,4,SR386_40X_HE_T308_01,0,0.33287063241004944,0
ann,4,SR386_40X_HE_T325_01,0,0.29477283358573914,0
ann,4,SR386_40X_HE_T331_01,0,0.5937734246253967,1
ann,4,SR386_40X_HE_T341_01,0,0.6141185760498047,1
ann,4,SR386_40X_HE_T343_01,1,0.19189396500587463,0
ann,4,SR386_40X_HE_T346_01,0,0.7404856085777283,1
ann,4,SR386_40X_HE_T352_01,0,0.4397644102573395,0
ann,4,SR386_40X_HE_T373_01,0,0.3354712724685669,0
ann,4,SR386_40X_HE_T375_01,0,0.5290250182151794,1
ann,4,SR386_40X_HE_T381_01,0,0.3389686048030853,0
ann,4,SR386_40X_HE_T389_01,0,0.16414518654346466,0
ann,4,SR386_40X_HE_T391_01,0,0.17878229916095734,0
ann,4,SR386_40X_HE_T394_01,0,0.36162069439888,0
ann,4,SR386_40X_HE_T399_01,0,0.6239164471626282,1
ann,4,SR386_40X_HE_T403_01,0,0.21887734532356262,0
ann,4,SR386_40X_HE_T405_01,0,0.471826434135437,0
ann,4,SR386_40X_HE_T407_01,0,0.19986863434314728,0
ann,4,SR386_40X_HE_T414_01,0,0.2141016572713852,0
ann,4,SR386_40X_HE_T424_01,0,0.2871256470680237,0
ann,4,SR386_40X_HE_T429_01,0,0.2685459852218628,0
ann,4,SR386_40X_HE_T441_01,0,0.5702478885650635,1
ann,4,SR386_40X_HE_T451_01,0,0.3492521345615387,0
ann,4,SR386_40X_HE_T453_01,0,0.20110417902469635,0
ann,4,SR386_40X_HE_T455_01,0,0.8229436874389648,1
ann,4,SR386_40X_HE_T465_01,0,0.24135448038578033,0
ann,4,SR386_40X_HE_T474_01,0,0.5871281623840332,1
ann,4,SR386_40X_HE_T476_01,0,0.5587918758392334,1
ann,4,SR386_40X_HE_T479_01,0,0.22838403284549713,0
ann,4,SR386_40X_HE_T482_01,0,0.48672130703926086,0
ann,4,SR386_40X_HE_T487_01,0,0.22535917162895203,0
ann,4,SR386_40X_HE_T490_01,0,0.32690495252609253,0
ann,4,SR386_40X_HE_T494_01,0,0.23530089855194092,0
ann,4,SR386_40X_HE_T500_01,0,0.29358476400375366,0
ann,4,SR386_40X_HE_T510_01,0,0.3239728510379791,0
ann,4,SR386_40X_HE_T524_01,0,0.3963736891746521,0
ann,4,SR386_40X_HE_T528_01,0,0.3109481632709503,0
ann,4,SR386_40X_HE_T532_01,0,0.27952903509140015,0
ann,4,SR386_40X_HE_T534_01,0,0.7537521123886108,1
ann,4,SR386_40X_HE_T536_01,0,0.1614653617143631,0
ann,4,SR386_40X_HE_T537_01,0,0.3697969615459442,0
ann,4,SR386_40X_HE_T541_01,0,0.5419263243675232,1
ann,4,SR386_40X_HE_T548_01,1,0.4654536843299866,0
ann,4,SR386_40X_HE_T550_01,0,0.9911375045776367,1
ann,4,SR386_40X_HE_T551_01,0,0.15945321321487427,0
ann,4,SR386_40X_HE_T557_01,0,0.21276845037937164,0
ann,4,SR386_40X_HE_T565_01,0,0.39402830600738525,0
ann,4,SR386_40X_HE_T567_01,0,0.45617830753326416,0
ann,4,SR386_40X_HE_T575_01,0,0.34478163719177246,0
ann,4,SR386_40X_HE_T576_01,0,0.22988595068454742,0
ann,4,SR386_40X_HE_T581_01,0,0.3288888931274414,0
knn,1,SR1482_40X_HE_T029_01,0,0.0,0
knn,1,SR1482_40X_HE_T029_02,0,0.3333333333333333,0
knn,1,SR1482_40X_HE_T057_01,0,0.0,0
knn,1,SR1482_40X_HE_T063_01,1,0.6666666666666666,1
knn,1,SR1482_40X_HE_T063_02,1,0.0,0
knn,1,SR1482_40X_HE_T065_01,0,0.0,0
knn,1,SR1482_40X_HE_T065_02,0,0.0,0
knn,1,SR1482_40X_HE_T066_01,0,0.3333333333333333,0
knn,1,SR1482_40X_HE_T066_02,0,0.3333333333333333,0
knn,1,SR1482_40X_HE_T068_01,0,0.0,0
knn,1,SR1482_40X_HE_T069_01,0,0.0,0
knn,1,SR1482_40X_HE_T069_02,0,0.0,0
knn,1,SR1482_40X_HE_T079_01,1,0.0,0
knn,1,SR1482_40X_HE_T079_02,1,0.3333333333333333,0
knn,1,SR1482_40X_HE_T080_01,0,0.0,0
knn,1,SR1482_40X_HE_T080_02,0,0.0,0
knn,1,SR1482_40X_HE_T081_01,0,0.0,0
knn,1,SR1482_40X_HE_T081_02,0,0.0,0
knn,1,SR1482_40X_HE_T099_01,0,0.0,0
knn,1,SR1482_40X_HE_T116_01,0,0.0,0
knn,1,SR1482_40X_HE_T117_01,0,0.0,0
knn,1,SR1482_40X_HE_T117_02,0,0.3333333333333333,0
knn,1,SR1482_40X_HE_T126_01,0,0.0,0
knn,1,SR1482_40X_HE_T129_01,0,0.0,0
knn,1,SR1482_40X_HE_T129_02,0,0.0,0
knn,1,SR1482_40X_HE_T139_01,0,0.3333333333333333,0
knn,1,SR1482_40X_HE_T139_02,0,0.3333333333333333,0
knn,1,SR1482_40X_HE_T147_01,0,0.6666666666666666,1
knn,1,SR1482_40X_HE_T147_02,0,0.6666666666666666,1
knn,1,SR1482_40X_HE_T159_01,0,0.6666666666666666,1
knn,1,SR1482_40X_HE_T159_02,0,0.3333333333333333,0
knn,1,SR1482_40X_HE_T192_01,0,0.0,0
knn,1,SR1482_40X_HE_T199_01,0,0.0,0
knn,1,SR1482_40X_HE_T304_01,0,0.0,0
knn,1,SR1482_40X_HE_T304_02,0,0.0,0
knn,1,SR1482_40X_HE_T310_01,1,0.6666666666666666,1
knn,1,SR1482_40X_HE_T310_02,1,0.0,0
knn,1,SR1482_40X_HE_T341_01,0,0.0,0
knn,1,SR1482_40X_HE_T341_02,0,0.0,0
knn,1,SR1482_40X_HE_T353_01,0,0.0,0
knn,1,SR1482_40X_HE_T390_01,0,0.0,0
knn,1,SR1482_40X_HE_T433_01,1,0.3333333333333333,0
knn,1,SR386_40X_HE_T003_01,0,0.0,0
knn,1,SR386_40X_HE_T004_01,0,0.6666666666666666,1
knn,1,SR386_40X_HE_T022_01,1,0.3333333333333333,0
knn,1,SR386_40X_HE_T030_01,0,0.0,0
knn,1,SR386_40X_HE_T033_01,0,0.3333333333333333,0
knn,1,SR386_40X_HE_T036_01,0,0.0,0
knn,1,SR386_40X_HE_T038_01,0,0.0,0
knn,1,SR386_40X_HE_T049_01,0,0.0,0
knn,1,SR386_40X_HE_T050_01,0,0.0,0
knn,1,SR386_40X_HE_T060_01,0,0.0,0
knn,1,SR386_40X_HE_T063_01,0,0.0,0
knn,1,SR386_40X_HE_T066_01,0,0.0,0
knn,1,SR386_40X_HE_T069_01,0,0.0,0
knn,1,SR386_40X_HE_T072_01,0,0.0,0
knn,1,SR386_40X_HE_T074_01,0,0.0,0
knn,1,SR386_40X_HE_T078_01,0,0.0,0
knn,1,SR386_40X_HE_T079_01,0,0.0,0
knn,1,SR386_40X_HE_T092_01,1,0.0,0
knn,1,SR386_40X_HE_T096_01,0,0.0,0
knn,1,SR386_40X_HE_T099_01,0,0.0,0
knn,1,SR386_40X_HE_T103_01,0,0.0,0
knn,1,SR386_40X_HE_T108_01,0,0.0,0
knn,1,SR386_40X_HE_T113_01,0,0.0,0
knn,1,SR386_40X_HE_T114_01,0,0.0,0
knn,1,SR386_40X_HE_T119_01,0,0.0,0
knn,1,SR386_40X_HE_T126_01,0,0.0,0
knn,1,SR386_40X_HE_T130_01,0,0.0,0
knn,1,SR386_40X_HE_T131_01,0,0.0,0
knn,1,SR386_40X_HE_T135_01,0,0.3333333333333333,0
knn,1,SR386_40X_HE_T140_01,0,0.0,0
knn,1,SR386_40X_HE_T144_01,0,0.0,0
knn,1,SR386_40X_HE_T147_01,0,0.0,0
knn,1,SR386_40X_HE_T148_01,0,0.0,0
knn,1,SR386_40X_HE_T160_01,0,0.0,0
knn,1,SR386_40X_HE_T169_01,0,0.0,0
knn,1,SR386_40X_HE_T170_01,1,0.3333333333333333,0
knn,1,SR386_40X_HE_T172_01,0,0.3333333333333333,0
knn,1,SR386_40X_HE_T174_01,0,0.0,0
knn,1,SR386_40X_HE_T181_01,0,0.0,0
knn,1,SR386_40X_HE_T196_01,0,0.0,0
knn,1,SR386_40X_HE_T205_01,0,0.0,0
knn,1,SR386_40X_HE_T209_01,0,0.0,0
knn,1,SR386_40X_HE_T210_01,0,0.6666666666666666,1
knn,1,SR386_40X_HE_T212_01,0,0.0,0
knn,1,SR386_40X_HE_T221_01,0,0.0,0
knn,1,SR386_40X_HE_T224_01,0,0.0,0
knn,1,SR386_40X_HE_T231_01,1,0.0,0
knn,1,SR386_40X_HE_T232_01,0,0.0,0
knn,1,SR386_40X_HE_T247_01,0,0.0,0
knn,1,SR386_40X_HE_T252_01,0,0.0,0
knn,1,SR386_40X_HE_T255_01,0,0.0,0
knn,1,SR386_40X_HE_T259_01,1,0.0,0
knn,1,SR386_40X_HE_T274_01,0,0.0,0
knn,1,SR386_40X_HE_T275_01,0,0.0,0
knn,1,SR386_40X_HE_T282_01,0,0.0,0
knn,1,SR386_40X_HE_T294_01,0,0.6666666666666666,1
knn,1,SR386_40X_HE_T311_01,0,0.0,0
knn,1,SR386_40X_HE_T315_01,0,0.0,0
knn,1,SR386_40X_HE_T319_01,1,0.0,0
knn,1,SR386_40X_HE_T324_01,1,0.0,0
knn,1,SR386_40X_HE_T330_01,0,0.0,0
knn,1,SR386_40X_HE_T333_01,0,0.0,0
knn,1,SR386_40X_HE_T335_01,0,0.0,0
knn,1,SR386_40X_HE_T337_01,0,0.0,0
knn,1,SR386_40X_HE_T344_01,0,0.0,0
knn,1,SR386_40X_HE_T347_01,0,0.0,0
knn,1,SR386_40X_HE_T350_01,0,0.0,0
knn,1,SR386_40X_HE_T351_01,0,0.0,0
knn,1,SR386_40X_HE_T360_01,0,0.0,0
knn,1,SR386_40X_HE_T361_01,0,0.0,0
knn,1,SR386_40X_HE_T366_01,0,0.0,0
knn,1,SR386_40X_HE_T377_01,1,0.0,0
knn,1,SR386_40X_HE_T384_01,0,0.0,0
knn,1,SR386_40X_HE_T395_01,0,0.0,0
knn,1,SR386_40X_HE_T396_01,0,0.0,0
knn,1,SR386_40X_HE_T401_01,0,0.0,0
knn,1,SR386_40X_HE_T408_01,0,0.0,0
knn,1,SR386_40X_HE_T410_01,0,0.0,0
knn,1,SR386_40X_HE_T413_01,0,0.0,0
knn,1,SR386_40X_HE_T416_01,0,0.0,0
knn,1,SR386_40X_HE_T418_01,0,0.0,0
knn,1,SR386_40X_HE_T419_01,0,0.0,0
knn,1,SR386_40X_HE_T421_01,0,0.0,0
knn,1,SR386_40X_HE_T423_01,0,0.0,0
knn,1,SR386_40X_HE_T428_01,0,0.0,0
knn,1,SR386_40X_HE_T430_01,0,0.0,0
knn,1,SR386_40X_HE_T431_01,0,0.0,0
knn,1,SR386_40X_HE_T435_01,0,0.0,0
knn,1,SR386_40X_HE_T438_01,0,0.3333333333333333,0
knn,1,SR386_40X_HE_T439_01,0,0.3333333333333333,0
knn,1,SR386_40X_HE_T447_01,0,0.0,0
knn,1,SR386_40X_HE_T449_01,0,0.0,0
knn,1,SR386_40X_HE_T454_01,0,0.0,0
knn,1,SR386_40X_HE_T456_01,0,0.0,0
knn,1,SR386_40X_HE_T461_01,0,0.3333333333333333,0
knn,1,SR386_40X_HE_T462_01,0,0.0,0
knn,1,SR386_40X_HE_T468_01,0,0.3333333333333333,0
knn,1,SR386_40X_HE_T469_01,1,0.0,0
knn,1,SR386_40X_HE_T470_01,0,0.0,0
knn,1,SR386_40X_HE_T471_01,0,0.0,0
knn,1,SR386_40X_HE_T477_01,0,0.0,0
knn,1,SR386_40X_HE_T480_01,0,0.0,0
knn,1,SR386_40X_HE_T484_01,0,0.0,0
knn,1,SR386_40X_HE_T495_01,0,0.0,0
knn,1,SR386_40X_HE_T496_01,0,0.0,0
knn,1,SR386_40X_HE_T498_01,0,0.0,0
knn,1,SR386_40X_HE_T504_01,0,0.0,0
knn,1,SR386_40X_HE_T511_01,0,0.0,0
knn,1,SR386_40X_HE_T517_01,0,0.0,0
knn,1,SR386_40X_HE_T523_01,0,0.0,0
knn,1,SR386_40X_HE_T529_01,0,0.0,0
knn,1,SR386_40X_HE_T542_01,0,0.0,0
knn,1,SR386_40X_HE_T569_01,0,0.0,0
knn,1,SR386_40X_HE_T582_01,0,0.0,0
knn,2,SR1482_40X_HE_T009_01,0,0.0,0
knn,2,SR1482_40X_HE_T009_02,0,0.0,0
knn,2,SR1482_40X_HE_T015_01,0,0.3333333333333333,0
knn,2,SR1482_40X_HE_T021_01,0,0.0,0
knn,2,SR1482_40X_HE_T067_01,0,0.0,0
knn,2,SR1482_40X_HE_T075_01,0,0.0,0
knn,2,SR1482_40X_HE_T075_02,0,0.0,0
knn,2,SR1482_40X_HE_T098_01,0,0.3333333333333333,0
knn,2,SR1482_40X_HE_T098_02,0,0.0,0
knn,2,SR1482_40X_HE_T102_01,0,0.0,0
knn,2,SR1482_40X_HE_T123_01,0,0.0,0
knn,2,SR1482_40X_HE_T142_01,0,0.0,0
knn,2,SR1482_40X_HE_T146_01,0,0.3333333333333333,0
knn,2,SR1482_40X_HE_T148_01,0,0.0,0
knn,2,SR1482_40X_HE_T148_02,0,0.3333333333333333,0
knn,2,SR1482_40X_HE_T154_01,0,0.3333333333333333,0
knn,2,SR1482_40X_HE_T158_01,0,0.0,0
knn,2,SR1482_40X_HE_T161_01,0,0.3333333333333333,0
knn,2,SR1482_40X_HE_T161_02,0,0.0,0
knn,2,SR1482_40X_HE_T164_01,1,0.0,0
knn,2,SR1482_40X_HE_T164_02,1,0.0,0
knn,2,SR1482_40X_HE_T168_01,0,0.0,0
knn,2,SR1482_40X_HE_T171_01,0,0.0,0
knn,2,SR1482_40X_HE_T171_02,0,0.0,0
knn,2,SR1482_40X_HE_T178_01,1,0.0,0
knn,2,SR1482_40X_HE_T186_01,0,0.3333333333333333,0
knn,2,SR1482_40X_HE_T193_01,0,0.0,0
knn,2,SR1482_40X_HE_T193_02,0,0.6666666666666666,1
knn,2,SR1482_40X_HE_T209_01,0,0.0,0
knn,2,SR1482_40X_HE_T209_02,0,0.0,0
knn,2,SR1482_40X_HE_T245_01,0,0.0,0
knn,2,SR1482_40X_HE_T245_02,0,0.0,0
knn,2,SR1482_40X_HE_T265_01,0,0.0,0
knn,2,SR1482_40X_HE_T302_01,0,0.0,0
knn,2,SR1482_40X_HE_T343_01,1,0.0,0
knn,2,SR1482_40X_HE_T343_02,1,0.0,0
knn,2,SR1482_40X_HE_T399_01,0,0.3333333333333333,0
knn,2,SR1482_40X_HE_T399_02,0,0.0,0
knn,2,SR1482_40X_HE_T426_01,0,0.0,0
knn,2,SR1482_40X_HE_T426_02,0,0.0,0
knn,2,SR386_40X_HE_T001_01,0,0.0,0
knn,2,SR386_40X_HE_T013_01,0,0.3333333333333333,0
knn,2,SR386_40X_HE_T018_01,0,0.0,0
knn,2,SR386_40X_HE_T019_01,0,0.0,0
knn,2,SR386_40X_HE_T024_01,0,0.0,0
knn,2,SR386_40X_HE_T039_01,0,0.0,0
knn,2,SR386_40X_HE_T040_01,1,0.3333333333333333,0
knn,2,SR386_40X_HE_T042_01,0,0.3333333333333333,0
knn,2,SR386_40X_HE_T047_01,0,0.0,0
knn,2,SR386_40X_HE_T051_01,0,0.0,0
knn,2,SR386_40X_HE_T052_01,0,0.0,0
knn,2,SR386_40X_HE_T056_01,0,0.0,0
knn,2,SR386_40X_HE_T057_01,0,0.0,0
knn,2,SR386_40X_HE_T070_01,0,0.0,0
knn,2,SR386_40X_HE_T082_01,0,0.0,0
knn,2,SR386_40X_HE_T084_01,0,0.0,0
knn,2,SR386_40X_HE_T087_01,0,0.0,0
knn,2,SR386_40X_HE_T088_01,0,0.0,0
knn,2,SR386_40X_HE_T098_01,0,0.0,0
knn,2,SR386_40X_HE_T105_01,0,0.0,0
knn,2,SR386_40X_HE_T122_01,0,0.0,0
knn,2,SR386_40X_HE_T123_01,0,0.0,0
knn,2,SR386_40X_HE_T133_01,0,0.0,0
knn,2,SR386_40X_HE_T145_01,0,0.0,0
knn,2,SR386_40X_HE_T150_01,0,0.3333333333333333,0
knn,2,SR386_40X_HE_T152_01,0,0.0,0
knn,2,SR386_40X_HE_T155_01,0,0.0,0
knn,2,SR386_40X_HE_T157_01,0,0.0,0
knn,2,SR386_40X_HE_T164_01,0,0.0,0
knn,2,SR386_40X_HE_T166_01,0,0.0,0
knn,2,SR386_40X_HE_T176_01,1,0.3333333333333333,0
knn,2,SR386_40X_HE_T177_01,0,0.0,0
knn,2,SR386_40X_HE_T178_01,0,0.0,0
knn,2,SR386_40X_HE_T187_01,0,0.0,0
knn,2,SR386_40X_HE_T190_01,0,0.0,0
knn,2,SR386_40X_HE_T192_01,0,0.0,0
knn,2,SR386_40X_HE_T198_01,0,0.0,0
knn,2,SR386_40X_HE_T200_01,0,0.3333333333333333,0
knn,2,SR386_40X_HE_T206_01,1,0.3333333333333333,0
knn,2,SR386_40X_HE_T211_01,0,0.0,0
knn,2,SR386_40X_HE_T213_01,0,0.3333333333333333,0
knn,2,SR386_40X_HE_T214_01,0,0.0,0
knn,2,SR386_40X_HE_T220_01,0,0.0,0
knn,2,SR386_40X_HE_T230_01,1,0.3333333333333333,0
knn,2,SR386_40X_HE_T236_01,0,0.0,0
knn,2,SR386_40X_HE_T237_01,0,0.0,0
knn,2,SR386_40X_HE_T240_01,0,0.0,0
knn,2,SR386_40X_HE_T241_01,0,0.0,0
knn,2,SR386_40X_HE_T242_01,0,0.0,0
knn,2,SR386_40X_HE_T253_01,0,0.0,0
knn,2,SR386_40X_HE_T260_01,0,0.0,0
knn,2,SR386_40X_HE_T262_01,0,0.0,0
knn,2,SR386_40X_HE_T264_01,0,0.0,0
knn,2,SR386_40X_HE_T271_01,0,0.0,0
knn,2,SR386_40X_HE_T281_01,0,0.0,0
knn,2,SR386_40X_HE_T297_01,0,0.0,0
knn,2,SR386_40X_HE_T299_01,0,0.0,0
knn,2,SR386_40X_HE_T301_01,0,0.0,0
knn,2,SR386_40X_HE_T306_01,0,0.0,0
knn,2,SR386_40X_HE_T309_01,0,0.0,0
knn,2,SR386_40X_HE_T314_01,0,0.0,0
knn,2,SR386_40X_HE_T316_01,0,0.0,0
knn,2,SR386_40X_HE_T318_01,0,0.0,0
knn,2,SR386_40X_HE_T321_01,0,0.0,0
knn,2,SR386_40X_HE_T326_01,0,0.0,0
knn,2,SR386_40X_HE_T327_01,0,0.0,0
knn,2,SR386_40X_HE_T332_01,1,0.3333333333333333,0
knn,2,SR386_40X_HE_T355_01,0,0.0,0
knn,2,SR386_40X_HE_T364_01,0,0.0,0
knn,2,SR386_40X_HE_T368_01,1,0.0,0
knn,2,SR386_40X_HE_T374_01,0,0.0,0
knn,2,SR386_40X_HE_T380_01,0,0.0,0
knn,2,SR386_40X_HE_T382_01,0,0.0,0
knn,2,SR386_40X_HE_T392_01,0,0.0,0
knn,2,SR386_40X_HE_T398_01,0,0.0,0
knn,2,SR386_40X_HE_T402_01,1,0.0,0
knn,2,SR386_40X_HE_T404_01,0,0.0,0
knn,2,SR386_40X_HE_T415_01,0,0.0,0
knn,2,SR386_40X_HE_T417_01,0,0.0,0
knn,2,SR386_40X_HE_T425_01,0,0.3333333333333333,0
knn,2,SR386_40X_HE_T436_01,1,0.0,0
knn,2,SR386_40X_HE_T437_01,0,0.0,0
knn,2,SR386_40X_HE_T440_01,0,0.0,0
knn,2,SR386_40X_HE_T445_01,0,0.0,0
knn,2,SR386_40X_HE_T450_01,0,0.0,0
knn,2,SR386_40X_HE_T459_01,0,0.0,0
knn,2,SR386_40X_HE_T472_01,0,0.0,0
knn,2,SR386_40X_HE_T481_01,0,0.0,0
knn,2,SR386_40X_HE_T483_01,0,0.0,0
knn,2,SR386_40X_HE_T486_01,0,0.0,0
knn,2,SR386_40X_HE_T488_01,0,0.0,0
knn,2,SR386_40X_HE_T499_01,0,0.0,0
knn,2,SR386_40X_HE_T507_01,0,0.0,0
knn,2,SR386_40X_HE_T514_01,0,0.0,0
knn,2,SR386_40X_HE_T520_01,1,0.3333333333333333,0
knn,2,SR386_40X_HE_T522_01,0,0.0,0
knn,2,SR386_40X_HE_T531_01,0,0.0,0
knn,2,SR386_40X_HE_T535_01,0,0.0,0
knn,2,SR386_40X_HE_T539_01,0,0.0,0
knn,2,SR386_40X_HE_T549_01,0,0.0,0
knn,2,SR386_40X_HE_T552_01,0,0.0,0
knn,2,SR386_40X_HE_T553_01,0,0.0,0
knn,2,SR386_40X_HE_T554_01,0,0.0,0
knn,2,SR386_40X_HE_T558_01,0,0.0,0
knn,2,SR386_40X_HE_T564_01,0,0.0,0
knn,2,SR386_40X_HE_T570_01,0,0.0,0
knn,2,SR386_40X_HE_T574_01,0,0.0,0
knn,2,SR386_40X_HE_T578_01,0,0.0,0
knn,2,SR386_40X_HE_T580_01,0,0.0,0
knn,3,SR1482_40X_HE_T005_01,0,0.0,0
knn,3,SR1482_40X_HE_T005_02,0,0.0,0
knn,3,SR1482_40X_HE_T010_01,0,0.0,0
knn,3,SR1482_40X_HE_T043_01,0,0.0,0
knn,3,SR1482_40X_HE_T043_02,0,0.0,0
knn,3,SR1482_40X_HE_T049_01,0,0.0,0
knn,3,SR1482_40X_HE_T061_01,0,0.6666666666666666,1
knn,3,SR1482_40X_HE_T061_02,0,0.0,0
knn,3,SR1482_40X_HE_T070_01,1,0.0,0
knn,3,SR1482_40X_HE_T073_01,0,0.0,0
knn,3,SR1482_40X_HE_T082_01,0,0.0,0
knn,3,SR1482_40X_HE_T082_02,0,0.0,0
knn,3,SR1482_40X_HE_T089_01,0,0.0,0
knn,3,SR1482_40X_HE_T090_01,0,0.0,0
knn,3,SR1482_40X_HE_T094_01,1,0.0,0
knn,3,SR1482_40X_HE_T094_02,1,0.0,0
knn,3,SR1482_40X_HE_T105_01,0,0.0,0
knn,3,SR1482_40X_HE_T115_01,0,0.0,0
knn,3,SR1482_40X_HE_T115_02,0,0.0,0
knn,3,SR1482_40X_HE_T118_01,0,1.0,1
knn,3,SR1482_40X_HE_T118_02,0,0.0,0
knn,3,SR1482_40X_HE_T120_01,0,0.3333333333333333,0
knn,3,SR1482_40X_HE_T120_02,0,0.3333333333333333,0
knn,3,SR1482_40X_HE_T124_01,0,0.3333333333333333,0
knn,3,SR1482_40X_HE_T124_02,0,0.0,0
knn,3,SR1482_40X_HE_T138_01,0,0.0,0
knn,3,SR1482_40X_HE_T160_01,0,0.3333333333333333,0
knn,3,SR1482_40X_HE_T160_02,0,0.0,0
knn,3,SR1482_40X_HE_T167_01,0,0.0,0
knn,3,SR1482_40X_HE_T167_02,0,0.0,0
knn,3,SR1482_40X_HE_T175_01,0,0.0,0
knn,3,SR1482_40X_HE_T175_02,0,0.0,0
knn,3,SR1482_40X_HE_T177_01,1,0.0,0
knn,3,SR1482_40X_HE_T188_01,0,0.0,0
knn,3,SR1482_40X_HE_T195_01,0,0.3333333333333333,0
knn,3,SR1482_40X_HE_T195_02,0,0.0,0
knn,3,SR1482_40X_HE_T202_01,0,0.3333333333333333,0
knn,3,SR1482_40X_HE_T202_02,0,0.0,0
knn,3,SR1482_40X_HE_T225_01,0,0.3333333333333333,0
knn,3,SR1482_40X_HE_T225_02,0,0.0,0
knn,3,SR1482_40X_HE_T235_01,0,0.0,0
knn,3,SR1482_40X_HE_T235_02,0,0.0,0
knn,3,SR1482_40X_HE_T236_01,0,0.0,0
knn,3,SR1482_40X_HE_T236_02,0,0.0,0
knn,3,SR1482_40X_HE_T258_01,0,0.0,0
knn,3,SR1482_40X_HE_T258_02,0,0.0,0
knn,3,SR1482_40X_HE_T284_01,1,0.0,0
knn,3,SR1482_40X_HE_T284_02,1,0.0,0
knn,3,SR1482_40X_HE_T301_01,1,0.0,0
knn,3,SR1482_40X_HE_T301_02,1,0.0,0
knn,3,SR1482_40X_HE_T309_01,0,0.3333333333333333,0
knn,3,SR1482_40X_HE_T313_01,0,0.0,0
knn,3,SR1482_40X_HE_T313_02,0,0.3333333333333333,0
knn,3,SR1482_40X_HE_T338_01,0,0.6666666666666666,1
knn,3,SR1482_40X_HE_T344_01,0,0.0,0
knn,3,SR1482_40X_HE_T344_02,0,0.0,0
knn,3,SR1482_40X_HE_T346_01,0,0.0,0
knn,3,SR1482_40X_HE_T346_02,0,0.0,0
knn,3,SR1482_40X_HE_T377_01,0,0.0,0
knn,3,SR1482_40X_HE_T377_02,0,0.0,0
knn,3,SR1482_40X_HE_T419_01,0,0.0,0
knn,3,SR1482_40X_HE_T427_01,0,0.0,0
knn,3,SR1482_40X_HE_T427_02,0,0.0,0
knn,3,SR386_40X_HE_T007_01,0,0.0,0
knn,3,SR386_40X_HE_T015_01,0,0.0,0
knn,3,SR386_40X_HE_T017_01,1,0.0,0
knn,3,SR386_40X_HE_T032_01,0,0.0,0
knn,3,SR386_40X_HE_T034_01,0,0.0,0
knn,3,SR386_40X_HE_T035_01,0,0.0,0
knn,3,SR386_40X_HE_T041_01,0,0.6666666666666666,1
knn,3,SR386_40X_HE_T067_01,0,0.0,0
knn,3,SR386_40X_HE_T075_01,0,0.0,0
knn,3,SR386_40X_HE_T081_01,0,0.0,0
knn,3,SR386_40X_HE_T083_01,0,0.0,0
knn,3,SR386_40X_HE_T085_01,0,0.0,0
knn,3,SR386_40X_HE_T095_01,0,0.0,0
knn,3,SR386_40X_HE_T104_01,0,0.0,0
knn,3,SR386_40X_HE_T106_01,0,0.0,0
knn,3,SR386_40X_HE_T112_01,0,0.0,0
knn,3,SR386_40X_HE_T128_01,0,0.0,0
knn,3,SR386_40X_HE_T132_01,0,0.0,0
knn,3,SR386_40X_HE_T138_01,0,0.0,0
knn,3,SR386_40X_HE_T142_01,0,0.3333333333333333,0
knn,3,SR386_40X_HE_T149_01,0,0.0,0
knn,3,SR386_40X_HE_T165_01,1,0.0,0
knn,3,SR386_40X_HE_T179_01,0,0.0,0
knn,3,SR386_40X_HE_T180_01,0,0.0,0
knn,3,SR386_40X_HE_T182_01,0,0.0,0
knn,3,SR386_40X_HE_T184_01,0,0.3333333333333333,0
knn,3,SR386_40X_HE_T188_01,0,0.0,0
knn,3,SR386_40X_HE_T191_01,0,0.0,0
knn,3,SR386_40X_HE_T197_01,0,0.0,0
knn,3,SR386_40X_HE_T201_01,0,0.0,0
knn,3,SR386_40X_HE_T202_01,0,0.0,0
knn,3,SR386_40X_HE_T208_01,0,0.0,0
knn,3,SR386_40X_HE_T216_01,1,0.0,0
knn,3,SR386_40X_HE_T238_01,0,0.0,0
knn,3,SR386_40X_HE_T244_01,0,0.0,0
knn,3,SR386_40X_HE_T248_01,0,0.0,0
knn,3,SR386_40X_HE_T249_01,0,0.0,0
knn,3,SR386_40X_HE_T250_01,0,0.0,0
knn,3,SR386_40X_HE_T263_01,0,0.0,0
knn,3,SR386_40X_HE_T267_01,0,0.0,0
knn,3,SR386_40X_HE_T269_01,0,0.0,0
knn,3,SR386_40X_HE_T277_01,0,0.0,0
knn,3,SR386_40X_HE_T286_01,0,0.0,0
knn,3,SR386_40X_HE_T287_01,0,0.0,0
knn,3,SR386_40X_HE_T290_01,0,0.0,0
knn,3,SR386_40X_HE_T293_01,0,0.0,0
knn,3,SR386_40X_HE_T298_01,0,0.0,0
knn,3,SR386_40X_HE_T303_01,0,0.0,0
knn,3,SR386_40X_HE_T312_01,0,0.0,0
knn,3,SR386_40X_HE_T329_01,0,0.0,0
knn,3,SR386_40X_HE_T336_01,0,0.0,0
knn,3,SR386_40X_HE_T338_01,0,0.0,0
knn,3,SR386_40X_HE_T342_01,0,0.0,0
knn,3,SR386_40X_HE_T353_01,0,0.0,0
knn,3,SR386_40X_HE_T357_01,0,0.0,0
knn,3,SR386_40X_HE_T362_01,0,0.0,0
knn,3,SR386_40X_HE_T363_01,1,0.0,0
knn,3,SR386_40X_HE_T372_01,0,0.0,0
knn,3,SR386_40X_HE_T378_01,0,0.0,0
knn,3,SR386_40X_HE_T379_01,0,0.0,0
knn,3,SR386_40X_HE_T386_01,0,0.0,0
knn,3,SR386_40X_HE_T387_01,0,0.0,0
knn,3,SR386_40X_HE_T393_01,0,0.0,0
knn,3,SR386_40X_HE_T397_01,0,0.3333333333333333,0
knn,3,SR386_40X_HE_T406_01,0,0.0,0
knn,3,SR386_40X_HE_T409_01,0,0.0,0
knn,3,SR386_40X_HE_T422_01,0,0.0,0
knn,3,SR386_40X_HE_T426_01,0,0.0,0
knn,3,SR386_40X_HE_T433_01,0,0.0,0
knn,3,SR386_40X_HE_T443_01,0,0.0,0
knn,3,SR386_40X_HE_T448_01,0,0.3333333333333333,0
knn,3,SR386_40X_HE_T452_01,0,0.0,0
knn,3,SR386_40X_HE_T460_01,1,0.0,0
knn,3,SR386_40X_HE_T473_01,0,0.0,0
knn,3,SR386_40X_HE_T475_01,0,0.0,0
knn,3,SR386_40X_HE_T478_01,0,0.0,0
knn,3,SR386_40X_HE_T489_01,1,0.0,0
knn,3,SR386_40X_HE_T491_01,0,0.0,0
knn,3,SR386_40X_HE_T492_01,0,0.0,0
knn,3,SR386_40X_HE_T493_01,0,0.0,0
knn,3,SR386_40X_HE_T502_01,0,0.0,0
knn,3,SR386_40X_HE_T505_01,0,0.0,0
knn,3,SR386_40X_HE_T506_01,0,0.0,0
knn,3,SR386_40X_HE_T509_01,0,0.0,0
knn,3,SR386_40X_HE_T516_01,0,0.0,0
knn,3,SR386_40X_HE_T518_01,0,0.0,0
knn,3,SR386_40X_HE_T519_01,0,0.0,0
knn,3,SR386_40X_HE_T521_01,0,0.0,0
knn,3,SR386_40X_HE_T526_01,0,0.0,0
knn,3,SR386_40X_HE_T533_01,0,0.0,0
knn,3,SR386_40X_HE_T543_01,0,0.0,0
knn,3,SR386_40X_HE_T544_01,0,0.0,0
knn,3,SR386_40X_HE_T556_01,1,0.0,0
knn,3,SR386_40X_HE_T560_01,0,0.0,0
knn,3,SR386_40X_HE_T563_01,0,0.0,0
knn,3,SR386_40X_HE_T568_01,0,0.0,0
knn,3,SR386_40X_HE_T571_01,0,0.0,0
knn,3,SR386_40X_HE_T572_01,0,0.0,0
knn,3,SR386_40X_HE_T573_01,0,0.3333333333333333,0
knn,3,SR386_40X_HE_T583_01,0,0.0,0
knn,4,SR1482_40X_HE_T002_01,0,0.0,0
knn,4,SR1482_40X_HE_T003_01,0,0.0,0
knn,4,SR1482_40X_HE_T004_01,0,0.0,0
knn,4,SR1482_40X_HE_T004_02,0,0.0,0
knn,4,SR1482_40X_HE_T011_01,0,0.0,0
knn,4,SR1482_40X_HE_T025_01,0,0.0,0
knn,4,SR1482_40X_HE_T025_02,0,0.0,0
knn,4,SR1482_40X_HE_T060_01,0,0.0,0
knn,4,SR1482_40X_HE_T062_01,0,0.0,0
knn,4,SR1482_40X_HE_T062_02,0,0.3333333333333333,0
knn,4,SR1482_40X_HE_T064_01,0,0.3333333333333333,0
knn,4,SR1482_40X_HE_T064_02,0,0.0,0
knn,4,SR1482_40X_HE_T071_01,0,0.3333333333333333,0
knn,4,SR1482_40X_HE_T071_02,0,0.3333333333333333,0
knn,4,SR1482_40X_HE_T074_01,0,0.3333333333333333,0
knn,4,SR1482_40X_HE_T074_02,0,0.3333333333333333,0
knn,4,SR1482_40X_HE_T083_01,0,0.3333333333333333,0
knn,4,SR1482_40X_HE_T083_02,0,0.6666666666666666,1
knn,4,SR1482_40X_HE_T087_01,0,0.0,0
knn,4,SR1482_40X_HE_T097_01,1,0.0,0
knn,4,SR1482_40X_HE_T097_02,1,0.0,0
knn,4,SR1482_40X_HE_T108_01,0,0.0,0
knn,4,SR1482_40X_HE_T113_01,0,0.0,0
knn,4,SR1482_40X_HE_T113_02,0,0.0,0
knn,4,SR1482_40X_HE_T121_01,0,0.0,0
knn,4,SR1482_40X_HE_T122_01,0,0.0,0
knn,4,SR1482_40X_HE_T125_01,0,0.0,0
knn,4,SR1482_40X_HE_T125_02,0,0.3333333333333333,0
knn,4,SR1482_40X_HE_T131_01,0,0.0,0
knn,4,SR1482_40X_HE_T131_02,0,0.0,0
knn,4,SR1482_40X_HE_T132_01,0,0.0,0
knn,4,SR1482_40X_HE_T132_02,0,0.0,0
knn,4,SR1482_40X_HE_T143_01,0,0.0,0
knn,4,SR1482_40X_HE_T143_02,0,0.0,0
knn,4,SR1482_40X_HE_T166_01,1,0.0,0
knn,4,SR1482_40X_HE_T169_01,0,0.0,0
knn,4,SR1482_40X_HE_T176_01,1,0.3333333333333333,0
knn,4,SR1482_40X_HE_T176_02,1,0.3333333333333333,0
knn,4,SR1482_40X_HE_T191_01,0,0.0,0
knn,4,SR1482_40X_HE_T194_01,0,0.6666666666666666,1
knn,4,SR1482_40X_HE_T218_01,0,0.0,0
knn,4,SR1482_40X_HE_T253_01,0,0.0,0
knn,4,SR1482_40X_HE_T290_01,0,0.0,0
knn,4,SR1482_40X_HE_T308_01,0,0.3333333333333333,0
knn,4,SR1482_40X_HE_T314_01,0,0.6666666666666666,1
knn,4,SR1482_40X_HE_T314_02,0,0.0,0
knn,4,SR1482_40X_HE_T372_01,1,0.3333333333333333,0
knn,4,SR1482_40X_HE_T372_02,1,0.0,0
knn,4,SR1482_40X_HE_T408_01,0,0.0,0
knn,4,SR1482_40X_HE_T412_01,0,0.0,0
knn,4,SR1482_40X_HE_T425_01,0,0.0,0
knn,4,SR1482_40X_HE_T434_01,1,0.3333333333333333,0
knn,4,SR386_40X_HE_T006_01,0,0.0,0
knn,4,SR386_40X_HE_T010_01,0,0.0,0
knn,4,SR386_40X_HE_T014_01,0,0.0,0
knn,4,SR386_40X_HE_T016_01,0,0.0,0
knn,4,SR386_40X_HE_T020_01,0,0.0,0
knn,4,SR386_40X_HE_T027_01,0,0.0,0
knn,4,SR386_40X_HE_T028_01,0,0.0,0
knn,4,SR386_40X_HE_T037_01,0,0.0,0
knn,4,SR386_40X_HE_T043_01,0,0.0,0
knn,4,SR386_40X_HE_T044_01,1,0.0,0
knn,4,SR386_40X_HE_T046_01,0,0.0,0
knn,4,SR386_40X_HE_T058_01,0,0.0,0
knn,4,SR386_40X_HE_T062_01,0,0.0,0
knn,4,SR386_40X_HE_T065_01,1,0.0,0
knn,4,SR386_40X_HE_T080_01,0,0.0,0
knn,4,SR386_40X_HE_T091_01,0,0.0,0
knn,4,SR386_40X_HE_T094_01,0,0.0,0
knn,4,SR386_40X_HE_T097_01,0,0.0,0
knn,4,SR386_40X_HE_T100_01,0,0.0,0
knn,4,SR386_40X_HE_T107_01,0,0.0,0
knn,4,SR386_40X_HE_T109_01,1,0.3333333333333333,0
knn,4,SR386_40X_HE_T110_01,0,0.0,0
knn,4,SR386_40X_HE_T117_01,0,0.0,0
knn,4,SR386_40X_HE_T127_01,0,0.0,0
knn,4,SR386_40X_HE_T129_01,0,0.0,0
knn,4,SR386_40X_HE_T136_01,0,0.0,0
knn,4,SR386_40X_HE_T154_01,0,0.0,0
knn,4,SR386_40X_HE_T168_01,1,0.0,0
knn,4,SR386_40X_HE_T175_01,0,0.0,0
knn,4,SR386_40X_HE_T189_01,0,0.0,0
knn,4,SR386_40X_HE_T195_01,0,0.0,0
knn,4,SR386_40X_HE_T227_01,0,0.0,0
knn,4,SR386_40X_HE_T233_01,0,0.0,0
knn,4,SR386_40X_HE_T234_01,0,0.0,0
knn,4,SR386_40X_HE_T235_01,0,0.0,0
knn,4,SR386_40X_HE_T239_01,0,0.0,0
knn,4,SR386_40X_HE_T245_01,0,0.0,0
knn,4,SR386_40X_HE_T256_01,0,0.3333333333333333,0
knn,4,SR386_40X_HE_T265_01,0,0.0,0
knn,4,SR386_40X_HE_T268_01,0,0.0,0
knn,4,SR386_40X_HE_T270_01,0,0.0,0
knn,4,SR386_40X_HE_T272_01,0,0.0,0
knn,4,SR386_40X_HE_T273_01,0,0.3333333333333333,0
knn,4,SR386_40X_HE_T276_01,0,0.0,0
knn,4,SR386_40X_HE_T278_01,1,0.0,0
knn,4,SR386_40X_HE_T284_01,0,0.0,0
knn,4,SR386_40X_HE_T285_01,0,0.0,0
knn,4,SR386_40X_HE_T288_01,0,0.3333333333333333,0
knn,4,SR386_40X_HE_T291_01,0,0.0,0
knn,4,SR386_40X_HE_T300_01,0,0.0,0
knn,4,SR386_40X_HE_T302_01,0,0.0,0
knn,4,SR386_40X_HE_T305_01,0,0.0,0
knn,4,SR386_40X_HE_T308_01,0,0.0,0
knn,4,SR386_40X_HE_T325_01,0,0.0,0
knn,4,SR386_40X_HE_T331_01,0,0.3333333333333333,0
knn,4,SR386_40X_HE_T341_01,0,0.0,0
knn,4,SR386_40X_HE_T343_01,1,0.0,0
knn,4,SR386_40X_HE_T346_01,0,0.0,0
knn,4,SR386_40X_HE_T352_01,0,0.0,0
knn,4,SR386_40X_HE_T373_01,0,0.3333333333333333,0
knn,4,SR386_40X_HE_T375_01,0,0.3333333333333333,0
knn,4,SR386_40X_HE_T381_01,0,0.0,0
knn,4,SR386_40X_HE_T389_01,0,0.0,0
knn,4,SR386_40X_HE_T391_01,0,0.0,0
knn,4,SR386_40X_HE_T394_01,0,0.0,0
knn,4,SR386_40X_HE_T399_01,0,0.0,0
knn,4,SR386_40X_HE_T403_01,0,0.0,0
knn,4,SR386_40X_HE_T405_01,0,0.0,0
knn,4,SR386_40X_HE_T407_01,0,0.0,0
knn,4,SR386_40X_HE_T414_01,0,0.0,0
knn,4,SR386_40X_HE_T424_01,0,0.0,0
knn,4,SR386_40X_HE_T429_01,0,0.0,0
knn,4,SR386_40X_HE_T441_01,0,0.0,0
knn,4,SR386_40X_HE_T451_01,0,0.0,0
knn,4,SR386_40X_HE_T453_01,0,0.0,0
knn,4,SR386_40X_HE_T455_01,0,0.0,0
knn,4,SR386_40X_HE_T465_01,0,0.0,0
knn,4,SR386_40X_HE_T474_01,0,0.0,0
knn,4,SR386_40X_HE_T476_01,0,0.3333333333333333,0
knn,4,SR386_40X_HE_T479_01,0,0.0,0
knn,4,SR386_40X_HE_T482_01,0,0.3333333333333333,0
knn,4,SR386_40X_HE_T487_01,0,0.0,0
knn,4,SR386_40X_HE_T490_01,0,0.0,0
knn,4,SR386_40X_HE_T494_01,0,0.0,0
knn,4,SR386_40X_HE_T500_01,0,0.0,0
knn,4,SR386_40X_HE_T510_01,0,0.0,0
knn,4,SR386_40X_HE_T524_01,0,0.0,0
knn,4,SR386_40X_HE_T528_01,0,0.0,0
knn,4,SR386_40X_HE_T532_01,0,0.0,0
knn,4,SR386_40X_HE_T534_01,0,0.3333333333333333,0
knn,4,SR386_40X_HE_T536_01,0,0.0,0
knn,4,SR386_40X_HE_T537_01,0,0.0,0
knn,4,SR386_40X_HE_T541_01,0,0.0,0
knn,4,SR386_40X_HE_T548_01,1,0.0,0
knn,4,SR386_40X_HE_T550_01,0,0.3333333333333333,0
knn,4,SR386_40X_HE_T551_01,0,0.0,0
knn,4,SR386_40X_HE_T557_01,0,0.0,0
knn,4,SR386_40X_HE_T565_01,0,0.0,0
knn,4,SR386_40X_HE_T567_01,0,0.0,0
knn,4,SR386_40X_HE_T575_01,0,0.3333333333333333,0
knn,4,SR386_40X_HE_T576_01,0,0.0,0
knn,4,SR386_40X_HE_T581_01,0,0.0,0
proto,1,SR1482_40X_HE_T029_01,0,0.5057305097579956,1
proto,1,SR1482_40X_HE_T029_02,0,0.5058878660202026,1
proto,1,SR1482_40X_HE_T057_01,0,0.4990711510181427,0
proto,1,SR1482_40X_HE_T063_01,1,0.5147433280944824,1
proto,1,SR1482_40X_HE_T063_02,1,0.5126689076423645,1
proto,1,SR1482_40X_HE_T065_01,0,0.5080060362815857,1
proto,1,SR1482_40X_HE_T065_02,0,0.5062023401260376,1
proto,1,SR1482_40X_HE_T066_01,0,0.5104100108146667,1
proto,1,SR1482_40X_HE_T066_02,0,0.5152382850646973,1
proto,1,SR1482_40X_HE_T068_01,0,0.49786871671676636,0
proto,1,SR1482_40X_HE_T069_01,0,0.5056536197662354,1
proto,1,SR1482_40X_HE_T069_02,0,0.5072619915008545,1
proto,1,SR1482_40X_HE_T079_01,1,0.5097523927688599,1
proto,1,SR1482_40X_HE_T079_02,1,0.514670193195343,1
proto,1,SR1482_40X_HE_T080_01,0,0.5034931898117065,1
proto,1,SR1482_40X_HE_T080_02,0,0.5076518654823303,1
proto,1,SR1482_40X_HE_T081_01,0,0.5076320767402649,1
proto,1,SR1482_40X_HE_T081_02,0,0.507693886756897,1
proto,1,SR1482_40X_HE_T099_01,0,0.4980367422103882,0
proto,1,SR1482_40X_HE_T116_01,0,0.508213222026825,1
proto,1,SR1482_40X_HE_T117_01,0,0.5101295709609985,1
proto,1,SR1482_40X_HE_T117_02,0,0.5083680152893066,1
proto,1,SR1482_40X_HE_T126_01,0,0.5095565319061279,1
proto,1,SR1482_40X_HE_T129_01,0,0.5100700855255127,1
proto,1,SR1482_40X_HE_T129_02,0,0.5124615430831909,1
proto,1,SR1482_40X_HE_T139_01,0,0.5109390020370483,1
proto,1,SR1482_40X_HE_T139_02,0,0.5125990509986877,1
proto,1,SR1482_40X_HE_T147_01,0,0.5140485167503357,1
proto,1,SR1482_40X_HE_T147_02,0,0.5144399404525757,1
proto,1,SR1482_40X_HE_T159_01,0,0.5093333721160889,1
proto,1,SR1482_40X_HE_T159_02,0,0.5098521113395691,1
proto,1,SR1482_40X_HE_T192_01,0,0.5056142210960388,1
proto,1,SR1482_40X_HE_T199_01,0,0.5069772601127625,1
proto,1,SR1482_40X_HE_T304_01,0,0.5055715441703796,1
proto,1,SR1482_40X_HE_T304_02,0,0.5073213577270508,1
proto,1,SR1482_40X_HE_T310_01,1,0.5085893273353577,1
proto,1,SR1482_40X_HE_T310_02,1,0.5091840028762817,1
proto,1,SR1482_40X_HE_T341_01,0,0.5004549622535706,1
proto,1,SR1482_40X_HE_T341_02,0,0.5041069984436035,1
proto,1,SR1482_40X_HE_T353_01,0,0.5002481341362,1
proto,1,SR1482_40X_HE_T390_01,0,0.4994456171989441,0
proto,1,SR1482_40X_HE_T433_01,1,0.512431800365448,1
proto,1,SR386_40X_HE_T003_01,0,0.4840678870677948,0
proto,1,SR386_40X_HE_T004_01,0,0.48911434412002563,0
proto,1,SR386_40X_HE_T022_01,1,0.49290168285369873,0
proto,1,SR386_40X_HE_T030_01,0,0.4930354356765747,0
proto,1,SR386_40X_HE_T033_01,0,0.48645639419555664,0
proto,1,SR386_40X_HE_T036_01,0,0.48694175481796265,0
proto,1,SR386_40X_HE_T038_01,0,0.48341870307922363,0
proto,1,SR386_40X_HE_T049_01,0,0.48216068744659424,0
proto,1,SR386_40X_HE_T050_01,0,0.5045522451400757,1
proto,1,SR386_40X_HE_T060_01,0,0.48686155676841736,0
proto,1,SR386_40X_HE_T063_01,0,0.4880305230617523,0
proto,1,SR386_40X_HE_T066_01,0,0.4875345528125763,0
proto,1,SR386_40X_HE_T069_01,0,0.48594793677330017,0
proto,1,SR386_40X_HE_T072_01,0,0.48601654171943665,0
proto,1,SR386_40X_HE_T074_01,0,0.4832890033721924,0
proto,1,SR386_40X_HE_T078_01,0,0.48436227440834045,0
proto,1,SR386_40X_HE_T079_01,0,0.48086217045783997,0
proto,1,SR386_40X_HE_T092_01,1,0.49085763096809387,0
proto,1,SR386_40X_HE_T096_01,0,0.48452991247177124,0
proto,1,SR386_40X_HE_T099_01,0,0.5046452283859253,1
proto,1,SR386_40X_HE_T103_01,0,0.4892093241214752,0
proto,1,SR386_40X_HE_T108_01,0,0.48403528332710266,0
proto,1,SR386_40X_HE_T113_01,0,0.48489296436309814,0
proto,1,SR386_40X_HE_T114_01,0,0.4842453896999359,0
proto,1,SR386_40X_HE_T119_01,0,0.4828146696090698,0
proto,1,SR386_40X_HE_T126_01,0,0.49014198780059814,0
proto,1,SR386_40X_HE_T130_01,0,0.48171794414520264,0
proto,1,SR386_40X_HE_T131_01,0,0.489362508058548,0
proto,1,SR386_40X_HE_T135_01,0,0.49385854601860046,0
proto,1,SR386_40X_HE_T140_01,0,0.4841325581073761,0
proto,1,SR386_40X_HE_T144_01,0,0.492352157831192,0
proto,1,SR386_40X_HE_T147_01,0,0.4860645532608032,0
proto,1,SR386_40X_HE_T148_01,0,0.4908232092857361,0
proto,1,SR386_40X_HE_T160_01,0,0.48239749670028687,0
proto,1,SR386_40X_HE_T169_01,0,0.4910801649093628,0
proto,1,SR386_40X_HE_T170_01,1,0.4914165437221527,0
proto,1,SR386_40X_HE_T172_01,0,0.49041876196861267,0
proto,1,SR386_40X_HE_T174_01,0,0.486183226108551,0
proto,1,SR386_40X_HE_T181_01,0,0.48993030190467834,0
proto,1,SR386_40X_HE_T196_01,0,0.4888349175453186,0
proto,1,SR386_40X_HE_T205_01,0,0.49717268347740173,0
proto,1,SR386_40X_HE_T209_01,0,0.48287585377693176,0
proto,1,SR386_40X_HE_T210_01,0,0.49941936135292053,0
proto,1,SR386_40X_HE_T212_01,0,0.48775574564933777,0
proto,1,SR386_40X_HE_T221_01,0,0.48481616377830505,0
proto,1,SR386_40X_HE_T224_01,0,0.4907493591308594,0
proto,1,SR386_40X_HE_T231_01,1,0.5083245038986206,1
proto,1,SR386_40X_HE_T232_01,0,0.48603811860084534,0
proto,1,SR386_40X_HE_T247_01,0,0.4891190230846405,0
proto,1,SR386_40X_HE_T252_01,0,0.48413151502609253,0
proto,1,SR386_40X_HE_T255_01,0,0.5027353167533875,1
proto,1,SR386_40X_HE_T259_01,1,0.4913727939128876,0
proto,1,SR386_40X_HE_T274_01,0,0.4860840141773224,0
proto,1,SR386_40X_HE_T275_01,0,0.491486132144928,0
proto,1,SR386_40X_HE_T282_01,0,0.48625850677490234,0
proto,1,SR386_40X_HE_T294_01,0,0.4983483552932739,0
proto,1,SR386_40X_HE_T311_01,0,0.4855559170246124,0
proto,1,SR386_40X_HE_T315_01,0,0.4919075667858124,0
proto,1,SR386_40X_HE_T319_01,1,0.48722323775291443,0
proto,1,SR386_40X_HE_T324_01,1,0.49393296241760254,0
proto,1,SR386_40X_HE_T330_01,0,0.48469680547714233,0
proto,1,SR386_40X_HE_T333_01,0,0.49056336283683777,0
proto,1,SR386_40X_HE_T335_01,0,0.5003812909126282,1
proto,1,SR386_40X_HE_T337_01,0,0.4897574782371521,0
proto,1,SR386_40X_HE_T344_01,0,0.4866858422756195,0
proto,1,SR386_40X_HE_T347_01,0,0.48830747604370117,0
proto,1,SR386_40X_HE_T350_01,0,0.48737916350364685,0
proto,1,SR386_40X_HE_T351_01,0,0.504265546798706,1
proto,1,SR386_40X_HE_T360_01,0,0.48912572860717773,0
proto,1,SR386_40X_HE_T361_01,0,0.5025585889816284,1
proto,1,SR386_40X_HE_T366_01,0,0.4856400787830353,0
proto,1,SR386_40X_HE_T377_01,1,0.49178972840309143,0
proto,1,SR386_40X_HE_T384_01,0,0.48395341634750366,0
proto,1,SR386_40X_HE_T395_01,0,0.5010774731636047,1
proto,1,SR386_40X_HE_T396_01,0,0.48520612716674805,0
proto,1,SR386_40X_HE_T401_01,0,0.49580684304237366,0
proto,1,SR386_40X_HE_T408_01,0,0.48475560545921326,0
proto,1,SR386_40X_HE_T410_01,0,0.4898003339767456,0
proto,1,SR386_40X_HE_T413_01,0,0.49963894486427307,0
proto,1,SR386_40X_HE_T416_01,0,0.5015045404434204,1
proto,1,SR386_40X_HE_T418_01,0,0.48410457372665405,0
proto,1,SR386_40X_HE_T419_01,0,0.4941825270652771,0
proto,1,SR386_40X_HE_T421_01,0,0.5031183958053589,1
proto,1,SR386_40X_HE_T423_01,0,0.5005974173545837,1
proto,1,SR386_40X_HE_T428_01,0,0.49198392033576965,0
proto,1,SR386_40X_HE_T430_01,0,0.4847026765346527,0
proto,1,SR386_40X_HE_T431_01,0,0.4854107201099396,0
proto,1,SR386_40X_HE_T435_01,0,0.4947272837162018,0
proto,1,SR386_40X_HE_T438_01,0,0.48577651381492615,0
proto,1,SR386_40X_HE_T439_01,0,0.4992312490940094,0
proto,1,SR386_40X_HE_T447_01,0,0.4850664734840393,0
proto,1,SR386_40X_HE_T449_01,0,0.48767971992492676,0
proto,1,SR386_40X_HE_T454_01,0,0.48564597964286804,0
proto,1,SR386_40X_HE_T456_01,0,0.4868805408477783,0
proto,1,SR386_40X_HE_T461_01,0,0.4865339398384094,0
proto,1,SR386_40X_HE_T462_01,0,0.4863063395023346,0
proto,1,SR386_40X_HE_T468_01,0,0.4862717390060425,0
proto,1,SR386_40X_HE_T469_01,1,0.5064647197723389,1
proto,1,SR386_40X_HE_T470_01,0,0.48494288325309753,0
proto,1,SR386_40X_HE_T471_01,0,0.4905436933040619,0
proto,1,SR386_40X_HE_T477_01,0,0.48967787623405457,0
proto,1,SR386_40X_HE_T480_01,0,0.4896776080131531,0
proto,1,SR386_40X_HE_T484_01,0,0.4866493046283722,0
proto,1,SR386_40X_HE_T495_01,0,0.4793260097503662,0
proto,1,SR386_40X_HE_T496_01,0,0.4831213057041168,0
proto,1,SR386_40X_HE_T498_01,0,0.49239176511764526,0
proto,1,SR386_40X_HE_T504_01,0,0.48824113607406616,0
proto,1,SR386_40X_HE_T511_01,0,0.4877946078777313,0
proto,1,SR386_40X_HE_T517_01,0,0.4987336993217468,0
proto,1,SR386_40X_HE_T523_01,0,0.48871681094169617,0
proto,1,SR386_40X_HE_T529_01,0,0.48331549763679504,0
proto,1,SR386_40X_HE_T542_01,0,0.4874787926673889,0
proto,1,SR386_40X_HE_T569_01,0,0.48847103118896484,0
proto,1,SR386_40X_HE_T582_01,0,0.4886828064918518,0
proto,2,SR1482_40X_HE_T009_01,0,0.5049116611480713,1
proto,2,SR1482_40X_HE_T009_02,0,0.5048895478248596,1
proto,2,SR1482_40X_HE_T015_01,0,0.5070467591285706,1
proto,2,SR1482_40X_HE_T021_01,0,0.5024444460868835,1
proto,2,SR1482_40X_HE_T067_01,0,0.5008043050765991,1
proto,2,SR1482_40X_HE_T075_01,0,0.5079103112220764,1
proto,2,SR1482_40X_HE_T075_02,0,0.5105590224266052,1
proto,2,SR1482_40X_HE_T098_01,0,0.5100775361061096,1
proto,2,SR1482_40X_HE_T098_02,0,0.5088698863983154,1
proto,2,SR1482_40X_HE_T102_01,0,0.5068210363388062,1
proto,2,SR1482_40X_HE_T123_01,0,0.5045285224914551,1
proto,2,SR1482_40X_HE_T142_01,0,0.49715685844421387,0
proto,2,SR1482_40X_HE_T146_01,0,0.5163857936859131,1
proto,2,SR1482_40X_HE_T148_01,0,0.5107173323631287,1
proto,2,SR1482_40X_HE_T148_02,0,0.5107501745223999,1
proto,2,SR1482_40X_HE_T154_01,0,0.5022529363632202,1
proto,2,SR1482_40X_HE_T158_01,0,0.50258469581604,1
proto,2,SR1482_40X_HE_T161_01,0,0.5145277380943298,1
proto,2,SR1482_40X_HE_T161_02,0,0.5096940398216248,1
proto,2,SR1482_40X_HE_T164_01,1,0.5098382234573364,1
proto,2,SR1482_40X_HE_T164_02,1,0.5116053819656372,1
proto,2,SR1482_40X_HE_T168_01,0,0.503215491771698,1
proto,2,SR1482_40X_HE_T171_01,0,0.5103339552879333,1
proto,2,SR1482_40X_HE_T171_02,0,0.5145320892333984,1
proto,2,SR1482_40X_HE_T178_01,1,0.5127613544464111,1
proto,2,SR1482_40X_HE_T186_01,0,0.5037761330604553,1
proto,2,SR1482_40X_HE_T193_01,0,0.512110710144043,1
proto,2,SR1482_40X_HE_T193_02,0,0.5165631175041199,1
proto,2,SR1482_40X_HE_T209_01,0,0.5082711577415466,1
proto,2,SR1482_40X_HE_T209_02,0,0.5092940926551819,1
proto,2,SR1482_40X_HE_T245_01,0,0.5136498808860779,1
proto,2,SR1482_40X_HE_T245_02,0,0.5094300508499146,1
proto,2,SR1482_40X_HE_T265_01,0,0.5005067586898804,1
proto,2,SR1482_40X_HE_T302_01,0,0.5114993453025818,1
proto,2,SR1482_40X_HE_T343_01,1,0.5104070901870728,1
proto,2,SR1482_40X_HE_T343_02,1,0.5109875798225403,1
proto,2,SR1482_40X_HE_T399_01,0,0.5140666365623474,1
proto,2,SR1482_40X_HE_T399_02,0,0.5112089514732361,1
proto,2,SR1482_40X_HE_T426_01,0,0.5045138001441956,1
proto,2,SR1482_40X_HE_T426_02,0,0.5057106614112854,1
proto,2,SR386_40X_HE_T001_01,0,0.4809662401676178,0
proto,2,SR386_40X_HE_T013_01,0,0.48350608348846436,0
proto,2,SR386_40X_HE_T018_01,0,0.47881996631622314,0
proto,2,SR386_40X_HE_T019_01,0,0.48724043369293213,0
proto,2,SR386_40X_HE_T024_01,0,0.48010411858558655,0
proto,2,SR386_40X_HE_T039_01,0,0.47986534237861633,0
proto,2,SR386_40X_HE_T040_01,1,0.48718106746673584,0
proto,2,SR386_40X_HE_T042_01,0,0.4821852445602417,0
proto,2,SR386_40X_HE_T047_01,0,0.48514777421951294,0
proto,2,SR386_40X_HE_T051_01,0,0.4782046973705292,0
proto,2,SR386_40X_HE_T052_01,0,0.4808518588542938,0
proto,2,SR386_40X_HE_T056_01,0,0.4773939847946167,0
proto,2,SR386_40X_HE_T057_01,0,0.4825982451438904,0
proto,2,SR386_40X_HE_T070_01,0,0.4809574782848358,0
proto,2,SR386_40X_HE_T082_01,0,0.48945674300193787,0
proto,2,SR386_40X_HE_T084_01,0,0.50614333152771,1
proto,2,SR386_40X_HE_T087_01,0,0.48612308502197266,0
proto,2,SR386_40X_HE_T088_01,0,0.48361796140670776,0
proto,2,SR386_40X_HE_T098_01,0,0.48420801758766174,0
proto,2,SR386_40X_HE_T105_01,0,0.4810495674610138,0
proto,2,SR386_40X_HE_T122_01,0,0.48299139738082886,0
proto,2,SR386_40X_HE_T123_01,0,0.48471689224243164,0
proto,2,SR386_40X_HE_T133_01,0,0.4825424253940582,0
proto,2,SR386_40X_HE_T145_01,0,0.4837920069694519,0
proto,2,SR386_40X_HE_T150_01,0,0.4839567244052887,0
proto,2,SR386_40X_HE_T152_01,0,0.4817979633808136,0
proto,2,SR386_40X_HE_T155_01,0,0.4823094308376312,0
proto,2,SR386_40X_HE_T157_01,0,0.4915679395198822,0
proto,2,SR386_40X_HE_T164_01,0,0.4834791421890259,0
proto,2,SR386_40X_HE_T166_01,0,0.48862841725349426,0
proto,2,SR386_40X_HE_T176_01,1,0.48404839634895325,0
proto,2,SR386_40X_HE_T177_01,0,0.48512426018714905,0
proto,2,SR386_40X_HE_T178_01,0,0.48371273279190063,0
proto,2,SR386_40X_HE_T187_01,0,0.4871576428413391,0
proto,2,SR386_40X_HE_T190_01,0,0.48467373847961426,0
proto,2,SR386_40X_HE_T192_01,0,0.48583662509918213,0
proto,2,SR386_40X_HE_T198_01,0,0.49079960584640503,0
proto,2,SR386_40X_HE_T200_01,0,0.48615726828575134,0
proto,2,SR386_40X_HE_T206_01,1,0.48669904470443726,0
proto,2,SR386_40X_HE_T211_01,0,0.4879297614097595,0
proto,2,SR386_40X_HE_T213_01,0,0.5025386810302734,1
proto,2,SR386_40X_HE_T214_01,0,0.5039234161376953,1
proto,2,SR386_40X_HE_T220_01,0,0.48651763796806335,0
proto,2,SR386_40X_HE_T230_01,1,0.49305447936058044,0
proto,2,SR386_40X_HE_T236_01,0,0.48687806725502014,0
proto,2,SR386_40X_HE_T237_01,0,0.4865652620792389,0
proto,2,SR386_40X_HE_T240_01,0,0.48508208990097046,0
proto,2,SR386_40X_HE_T241_01,0,0.48489442467689514,0
proto,2,SR386_40X_HE_T242_01,0,0.48443111777305603,0
proto,2,SR386_40X_HE_T253_01,0,0.4828336536884308,0
proto,2,SR386_40X_HE_T260_01,0,0.5034307837486267,1
proto,2,SR386_40X_HE_T262_01,0,0.5069405436515808,1
proto,2,SR386_40X_HE_T264_01,0,0.5030990839004517,1
proto,2,SR386_40X_HE_T271_01,0,0.48689156770706177,0
proto,2,SR386_40X_HE_T281_01,0,0.4851728677749634,0
proto,2,SR386_40X_HE_T297_01,0,0.48282140493392944,0
proto,2,SR386_40X_HE_T299_01,0,0.48125648498535156,0
proto,2,SR386_40X_HE_T301_01,0,0.4817102253437042,0
proto,2,SR386_40X_HE_T306_01,0,0.48563340306282043,0
proto,2,SR386_40X_HE_T309_01,0,0.48555001616477966,0
proto,2,SR386_40X_HE_T314_01,0,0.48434513807296753,0
proto,2,SR386_40X_HE_T316_01,0,0.5045657753944397,1
proto,2,SR386_40X_HE_T318_01,0,0.507420003414154,1
proto,2,SR386_40X_HE_T321_01,0,0.4854584038257599,0
proto,2,SR386_40X_HE_T326_01,0,0.4827865958213806,0
proto,2,SR386_40X_HE_T327_01,0,0.47688257694244385,0
proto,2,SR386_40X_HE_T332_01,1,0.48998135328292847,0
proto,2,SR386_40X_HE_T355_01,0,0.4848279654979706,0
proto,2,SR386_40X_HE_T364_01,0,0.49042636156082153,0
proto,2,SR386_40X_HE_T368_01,1,0.4941113293170929,0
proto,2,SR386_40X_HE_T374_01,0,0.4801427125930786,0
proto,2,SR386_40X_HE_T380_01,0,0.47772493958473206,0
proto,2,SR386_40X_HE_T382_01,0,0.4818648397922516,0
proto,2,SR386_40X_HE_T392_01,0,0.48153311014175415,0
proto,2,SR386_40X_HE_T398_01,0,0.4876022934913635,0
proto,2,SR386_40X_HE_T402_01,1,0.5105156302452087,1
proto,2,SR386_40X_HE_T404_01,0,0.47972673177719116,0
proto,2,SR386_40X_HE_T415_01,0,0.4773123860359192,0
proto,2,SR386_40X_HE_T417_01,0,0.48028552532196045,0
proto,2,SR386_40X_HE_T425_01,0,0.48248055577278137,0
proto,2,SR386_40X_HE_T436_01,1,0.4931366741657257,0
proto,2,SR386_40X_HE_T437_01,0,0.4837069809436798,0
proto,2,SR386_40X_HE_T440_01,0,0.4895201623439789,0
proto,2,SR386_40X_HE_T445_01,0,0.4840465188026428,0
proto,2,SR386_40X_HE_T450_01,0,0.4837125539779663,0
proto,2,SR386_40X_HE_T459_01,0,0.502132773399353,1
proto,2,SR386_40X_HE_T472_01,0,0.48031944036483765,0
proto,2,SR386_40X_HE_T481_01,0,0.4859098196029663,0
proto,2,SR386_40X_HE_T483_01,0,0.5026817917823792,1
proto,2,SR386_40X_HE_T486_01,0,0.48368269205093384,0
proto,2,SR386_40X_HE_T488_01,0,0.49243593215942383,0
proto,2,SR386_40X_HE_T499_01,0,0.5046637058258057,1
proto,2,SR386_40X_HE_T507_01,0,0.5052021741867065,1
proto,2,SR386_40X_HE_T514_01,0,0.4833773374557495,0
proto,2,SR386_40X_HE_T520_01,1,0.48419010639190674,0
proto,2,SR386_40X_HE_T522_01,0,0.48319870233535767,0
proto,2,SR386_40X_HE_T531_01,0,0.4836741089820862,0
proto,2,SR386_40X_HE_T535_01,0,0.4812391698360443,0
proto,2,SR386_40X_HE_T539_01,0,0.4851108491420746,0
proto,2,SR386_40X_HE_T549_01,0,0.5011228919029236,1
proto,2,SR386_40X_HE_T552_01,0,0.4873068034648895,0
proto,2,SR386_40X_HE_T553_01,0,0.48438966274261475,0
proto,2,SR386_40X_HE_T554_01,0,0.4918921887874603,0
proto,2,SR386_40X_HE_T558_01,0,0.4799783527851105,0
proto,2,SR386_40X_HE_T564_01,0,0.5049529075622559,1
proto,2,SR386_40X_HE_T570_01,0,0.4793032109737396,0
proto,2,SR386_40X_HE_T574_01,0,0.48069825768470764,0
proto,2,SR386_40X_HE_T578_01,0,0.4813719391822815,0
proto,2,SR386_40X_HE_T580_01,0,0.4804583787918091,0
proto,3,SR1482_40X_HE_T005_01,0,0.5088381171226501,1
proto,3,SR1482_40X_HE_T005_02,0,0.5159084796905518,1
proto,3,SR1482_40X_HE_T010_01,0,0.498719722032547,0
proto,3,SR1482_40X_HE_T043_01,0,0.5096243619918823,1
proto,3,SR1482_40X_HE_T043_02,0,0.5085940361022949,1
proto,3,SR1482_40X_HE_T049_01,0,0.5013614892959595,1
proto,3,SR1482_40X_HE_T061_01,0,0.5185144543647766,1
proto,3,SR1482_40X_HE_T061_02,0,0.514557421207428,1
proto,3,SR1482_40X_HE_T070_01,1,0.5119266510009766,1
proto,3,SR1482_40X_HE_T073_01,0,0.5033707618713379,1
proto,3,SR1482_40X_HE_T082_01,0,0.5079828500747681,1
proto,3,SR1482_40X_HE_T082_02,0,0.5109045505523682,1
proto,3,SR1482_40X_HE_T089_01,0,0.4994522035121918,0
proto,3,SR1482_40X_HE_T090_01,0,0.5000935792922974,1
proto,3,SR1482_40X_HE_T094_01,1,0.5138641595840454,1
proto,3,SR1482_40X_HE_T094_02,1,0.5147080421447754,1
proto,3,SR1482_40X_HE_T105_01,0,0.5026301145553589,1
proto,3,SR1482_40X_HE_T115_01,0,0.507468044757843,1
proto,3,SR1482_40X_HE_T115_02,0,0.5040382742881775,1
proto,3,SR1482_40X_HE_T118_01,0,0.514313280582428,1
proto,3,SR1482_40X_HE_T118_02,0,0.5116235613822937,1
proto,3,SR1482_40X_HE_T120_01,0,0.5112783312797546,1
proto,3,SR1482_40X_HE_T120_02,0,0.5137381553649902,1
proto,3,SR1482_40X_HE_T124_01,0,0.5143837332725525,1
proto,3,SR1482_40X_HE_T124_02,0,0.5139400959014893,1
proto,3,SR1482_40X_HE_T138_01,0,0.5000399351119995,1
proto,3,SR1482_40X_HE_T160_01,0,0.508407711982727,1
proto,3,SR1482_40X_HE_T160_02,0,0.5076132416725159,1
proto,3,SR1482_40X_HE_T167_01,0,0.5072804093360901,1
proto,3,SR1482_40X_HE_T167_02,0,0.5052059888839722,1
proto,3,SR1482_40X_HE_T175_01,0,0.517038881778717,1
proto,3,SR1482_40X_HE_T175_02,0,0.5145300626754761,1
proto,3,SR1482_40X_HE_T177_01,1,0.505967378616333,1
proto,3,SR1482_40X_HE_T188_01,0,0.5041676759719849,1
proto,3,SR1482_40X_HE_T195_01,0,0.5077847838401794,1
proto,3,SR1482_40X_HE_T195_02,0,0.5121804475784302,1
proto,3,SR1482_40X_HE_T202_01,0,0.5122603178024292,1
proto,3,SR1482_40X_HE_T202_02,0,0.5100548267364502,1
proto,3,SR1482_40X_HE_T225_01,0,0.5119285583496094,1
proto,3,SR1482_40X_HE_T225_02,0,0.5024185180664062,1
proto,3,SR1482_40X_HE_T235_01,0,0.5087946057319641,1
proto,3,SR1482_40X_HE_T235_02,0,0.5108436942100525,1
proto,3,SR1482_40X_HE_T236_01,0,0.5075443387031555,1
proto,3,SR1482_40X_HE_T236_02,0,0.5090195536613464,1
proto,3,SR1482_40X_HE_T258_01,0,0.5086966156959534,1
proto,3,SR1482_40X_HE_T258_02,0,0.5122506022453308,1
proto,3,SR1482_40X_HE_T284_01,1,0.5135093331336975,1
proto,3,SR1482_40X_HE_T284_02,1,0.5120922923088074,1
proto,3,SR1482_40X_HE_T301_01,1,0.5084585547447205,1
proto,3,SR1482_40X_HE_T301_02,1,0.5107160806655884,1
proto,3,SR1482_40X_HE_T309_01,0,0.5107988119125366,1
proto,3,SR1482_40X_HE_T313_01,0,0.5097615122795105,1
proto,3,SR1482_40X_HE_T313_02,0,0.513603925704956,1
proto,3,SR1482_40X_HE_T338_01,0,0.5129979252815247,1
proto,3,SR1482_40X_HE_T344_01,0,0.5053697228431702,1
proto,3,SR1482_40X_HE_T344_02,0,0.5088720321655273,1
proto,3,SR1482_40X_HE_T346_01,0,0.5101093649864197,1
proto,3,SR1482_40X_HE_T346_02,0,0.5117879509925842,1
proto,3,SR1482_40X_HE_T377_01,0,0.5094495415687561,1
proto,3,SR1482_40X_HE_T377_02,0,0.5087828040122986,1
proto,3,SR1482_40X_HE_T419_01,0,0.5002855062484741,1
proto,3,SR1482_40X_HE_T427_01,0,0.5087611675262451,1
proto,3,SR1482_40X_HE_T427_02,0,0.5069989562034607,1
proto,3,SR386_40X_HE_T007_01,0,0.48260340094566345,0
proto,3,SR386_40X_HE_T015_01,0,0.4818677604198456,0
proto,3,SR386_40X_HE_T017_01,1,0.48571082949638367,0
proto,3,SR386_40X_HE_T032_01,0,0.47915616631507874,0
proto,3,SR386_40X_HE_T034_01,0,0.47871720790863037,0
proto,3,SR386_40X_HE_T035_01,0,0.4824405014514923,0
proto,3,SR386_40X_HE_T041_01,0,0.48863086104393005,0
proto,3,SR386_40X_HE_T067_01,0,0.481794536113739,0
proto,3,SR386_40X_HE_T075_01,0,0.4792103171348572,0
proto,3,SR386_40X_HE_T081_01,0,0.4846939742565155,0
proto,3,SR386_40X_HE_T083_01,0,0.4790865182876587,0
proto,3,SR386_40X_HE_T085_01,0,0.47756749391555786,0
proto,3,SR386_40X_HE_T095_01,0,0.4918721914291382,0
proto,3,SR386_40X_HE_T104_01,0,0.48118358850479126,0
proto,3,SR386_40X_HE_T106_01,0,0.479082852602005,0
proto,3,SR386_40X_HE_T112_01,0,0.48376670479774475,0
proto,3,SR386_40X_HE_T128_01,0,0.4810698926448822,0
proto,3,SR386_40X_HE_T132_01,0,0.4862746298313141,0
proto,3,SR386_40X_HE_T138_01,0,0.4798243045806885,0
proto,3,SR386_40X_HE_T142_01,0,0.4828452169895172,0
proto,3,SR386_40X_HE_T149_01,0,0.48309221863746643,0
proto,3,SR386_40X_HE_T165_01,1,0.48381197452545166,0
proto,3,SR386_40X_HE_T179_01,0,0.49520376324653625,0
proto,3,SR386_40X_HE_T180_01,0,0.4892747402191162,0
proto,3,SR386_40X_HE_T182_01,0,0.4839906394481659,0
proto,3,SR386_40X_HE_T184_01,0,0.4840427339076996,0
proto,3,SR386_40X_HE_T188_01,0,0.49365994334220886,0
proto,3,SR386_40X_HE_T191_01,0,0.4830798804759979,0
proto,3,SR386_40X_HE_T197_01,0,0.4820801317691803,0
proto,3,SR386_40X_HE_T201_01,0,0.4852885603904724,0
proto,3,SR386_40X_HE_T202_01,0,0.48066189885139465,0
proto,3,SR386_40X_HE_T208_01,0,0.48187920451164246,0
proto,3,SR386_40X_HE_T216_01,1,0.4944511950016022,0
proto,3,SR386_40X_HE_T238_01,0,0.4809925854206085,0
proto,3,SR386_40X_HE_T244_01,0,0.5008396506309509,1
proto,3,SR386_40X_HE_T248_01,0,0.4794449210166931,0
proto,3,SR386_40X_HE_T249_01,0,0.482195645570755,0
proto,3,SR386_40X_HE_T250_01,0,0.49413713812828064,0
proto,3,SR386_40X_HE_T263_01,0,0.4901931583881378,0
proto,3,SR386_40X_HE_T267_01,0,0.48617011308670044,0
proto,3,SR386_40X_HE_T269_01,0,0.48002946376800537,0
proto,3,SR386_40X_HE_T277_01,0,0.48261019587516785,0
proto,3,SR386_40X_HE_T286_01,0,0.5080496668815613,1
proto,3,SR386_40X_HE_T287_01,0,0.4932624101638794,0
proto,3,SR386_40X_HE_T290_01,0,0.4884152114391327,0
proto,3,SR386_40X_HE_T293_01,0,0.48626071214675903,0
proto,3,SR386_40X_HE_T298_01,0,0.4802444875240326,0
proto,3,SR386_40X_HE_T303_01,0,0.4779490530490875,0
proto,3,SR386_40X_HE_T312_01,0,0.4857718050479889,0
proto,3,SR386_40X_HE_T329_01,0,0.4906611740589142,0
proto,3,SR386_40X_HE_T336_01,0,0.48679041862487793,0
proto,3,SR386_40X_HE_T338_01,0,0.47971490025520325,0
proto,3,SR386_40X_HE_T342_01,0,0.4854291081428528,0
proto,3,SR386_40X_HE_T353_01,0,0.49935561418533325,0
proto,3,SR386_40X_HE_T357_01,0,0.4778936505317688,0
proto,3,SR386_40X_HE_T362_01,0,0.4960710406303406,0
proto,3,SR386_40X_HE_T363_01,1,0.4892228841781616,0
proto,3,SR386_40X_HE_T372_01,0,0.4900806248188019,0
proto,3,SR386_40X_HE_T378_01,0,0.47996777296066284,0
proto,3,SR386_40X_HE_T379_01,0,0.4857054352760315,0
proto,3,SR386_40X_HE_T386_01,0,0.4850766360759735,0
proto,3,SR386_40X_HE_T387_01,0,0.5028164982795715,1
proto,3,SR386_40X_HE_T393_01,0,0.4865874648094177,0
proto,3,SR386_40X_HE_T397_01,0,0.4928557574748993,0
proto,3,SR386_40X_HE_T406_01,0,0.49555280804634094,0
proto,3,SR386_40X_HE_T409_01,0,0.48688679933547974,0
proto,3,SR386_40X_HE_T422_01,0,0.4787761867046356,0
proto,3,SR386_40X_HE_T426_01,0,0.48033037781715393,0
proto,3,SR386_40X_HE_T433_01,0,0.48401811718940735,0
proto,3,SR386_40X_HE_T443_01,0,0.4858691394329071,0
proto,3,SR386_40X_HE_T448_01,0,0.4853884279727936,0
proto,3,SR386_40X_HE_T452_01,0,0.48751989006996155,0
proto,3,SR386_40X_HE_T460_01,1,0.4865344762802124,0
proto,3,SR386_40X_HE_T473_01,0,0.48537155985832214,0
proto,3,SR386_40X_HE_T475_01,0,0.4831705093383789,0
proto,3,SR386_40X_HE_T478_01,0,0.48751989006996155,0
proto,3,SR386_40X_HE_T489_01,1,0.4881829023361206,0
proto,3,SR386_40X_HE_T491_01,0,0.4850999116897583,0
proto,3,SR386_40X_HE_T492_01,0,0.48280763626098633,0
proto,3,SR386_40X_HE_T493_01,0,0.4845758080482483,0
proto,3,SR386_40X_HE_T502_01,0,0.4782668948173523,0
proto,3,SR386_40X_HE_T505_01,0,0.4988510012626648,0
proto,3,SR386_40X_HE_T506_01,0,0.49112290143966675,0
proto,3,SR386_40X_HE_T509_01,0,0.5013989806175232,1
proto,3,SR386_40X_HE_T516_01,0,0.4843152165412903,0
proto,3,SR386_40X_HE_T518_01,0,0.48430007696151733,0
proto,3,SR386_40X_HE_T519_01,0,0.48606792092323303,0
proto,3,SR386_40X_HE_T521_01,0,0.47911524772644043,0
proto,3,SR386_40X_HE_T526_01,0,0.4830358326435089,0
proto,3,SR386_40X_HE_T533_01,0,0.4842681586742401,0
proto,3,SR386_40X_HE_T543_01,0,0.48601818084716797,0
proto,3,SR386_40X_HE_T544_01,0,0.48298120498657227,0
proto,3,SR386_40X_HE_T556_01,1,0.4863109886646271,0
proto,3,SR386_40X_HE_T560_01,0,0.487549364566803,0
proto,3,SR386_40X_HE_T563_01,0,0.48121222853660583,0
proto,3,SR386_40X_HE_T568_01,0,0.48258477449417114,0
proto,3,SR386_40X_HE_T571_01,0,0.4848397374153137,0
proto,3,SR386_40X_HE_T572_01,0,0.5063323378562927,1
proto,3,SR386_40X_HE_T573_01,0,0.48486047983169556,0
proto,3,SR386_40X_HE_T583_01,0,0.47914940118789673,0
proto,4,SR1482_40X_HE_T002_01,0,0.4996013343334198,0
proto,4,SR1482_40X_HE_T003_01,0,0.5024521946907043,1
proto,4,SR1482_40X_HE_T004_01,0,0.5044485926628113,1
proto,4,SR1482_40X_HE_T004_02,0,0.5077264308929443,1
proto,4,SR1482_40X_HE_T011_01,0,0.5019187927246094,1
proto,4,SR1482_40X_HE_T025_01,0,0.5092045664787292,1
proto,4,SR1482_40X_HE_T025_02,0,0.5088655352592468,1
proto,4,SR1482_40X_HE_T060_01,0,0.5124353170394897,1
proto,4,SR1482_40X_HE_T062_01,0,0.5130056142807007,1
proto,4,SR1482_40X_HE_T062_02,0,0.509527325630188,1
proto,4,SR1482_40X_HE_T064_01,0,0.5121973752975464,1
proto,4,SR1482_40X_HE_T064_02,0,0.5089660882949829,1
proto,4,SR1482_40X_HE_T071_01,0,0.5098786950111389,1
proto,4,SR1482_40X_HE_T071_02,0,0.5091725587844849,1
proto,4,SR1482_40X_HE_T074_01,0,0.504585325717926,1
proto,4,SR1482_40X_HE_T074_02,0,0.5034812688827515,1
proto,4,SR1482_40X_HE_T083_01,0,0.5124282240867615,1
proto,4,SR1482_40X_HE_T083_02,0,0.514501690864563,1
proto,4,SR1482_40X_HE_T087_01,0,0.5011945962905884,1
proto,4,SR1482_40X_HE_T097_01,1,0.5121927857398987,1
proto,4,SR1482_40X_HE_T097_02,1,0.5114179253578186,1
proto,4,SR1482_40X_HE_T108_01,0,0.4985449016094208,0
proto,4,SR1482_40X_HE_T113_01,0,0.5090576410293579,1
proto,4,SR1482_40X_HE_T113_02,0,0.5104835033416748,1
proto,4,SR1482_40X_HE_T121_01,0,0.49684759974479675,0
proto,4,SR1482_40X_HE_T122_01,0,0.499217689037323,0
proto,4,SR1482_40X_HE_T125_01,0,0.5095885396003723,1
proto,4,SR1482_40X_HE_T125_02,0,0.5090295672416687,1
proto,4,SR1482_40X_HE_T131_01,0,0.5114753842353821,1
proto,4,SR1482_40X_HE_T131_02,0,0.5140359401702881,1
proto,4,SR1482_40X_HE_T132_01,0,0.5053208470344543,1
proto,4,SR1482_40X_HE_T132_02,0,0.5093945860862732,1
proto,4,SR1482_40X_HE_T143_01,0,0.5136092901229858,1
proto,4,SR1482_40X_HE_T143_02,0,0.5127300024032593,1
proto,4,SR1482_40X_HE_T166_01,1,0.5004095435142517,1
proto,4,SR1482_40X_HE_T169_01,0,0.5107271075248718,1
proto,4,SR1482_40X_HE_T176_01,1,0.51637202501297,1
proto,4,SR1482_40X_HE_T176_02,1,0.5160413980484009,1
proto,4,SR1482_40X_HE_T191_01,0,0.5032608509063721,1
proto,4,SR1482_40X_HE_T194_01,0,0.5170198082923889,1
proto,4,SR1482_40X_HE_T218_01,0,0.5000405311584473,1
proto,4,SR1482_40X_HE_T253_01,0,0.5002184510231018,1
proto,4,SR1482_40X_HE_T290_01,0,0.5114791989326477,1
proto,4,SR1482_40X_HE_T308_01,0,0.5079128742218018,1
proto,4,SR1482_40X_HE_T314_01,0,0.5176212191581726,1
proto,4,SR1482_40X_HE_T314_02,0,0.517186164855957,1
proto,4,SR1482_40X_HE_T372_01,1,0.5113087892532349,1
proto,4,SR1482_40X_HE_T372_02,1,0.5100016593933105,1
proto,4,SR1482_40X_HE_T408_01,0,0.5057132244110107,1
proto,4,SR1482_40X_HE_T412_01,0,0.5077893137931824,1
proto,4,SR1482_40X_HE_T425_01,0,0.49421656131744385,0
proto,4,SR1482_40X_HE_T434_01,1,0.5075900554656982,1
proto,4,SR386_40X_HE_T006_01,0,0.4773954451084137,0
proto,4,SR386_40X_HE_T010_01,0,0.4834742546081543,0
proto,4,SR386_40X_HE_T014_01,0,0.4879484474658966,0
proto,4,SR386_40X_HE_T016_01,0,0.47575852274894714,0
proto,4,SR386_40X_HE_T020_01,0,0.4771166741847992,0
proto,4,SR386_40X_HE_T027_01,0,0.5026996731758118,1
proto,4,SR386_40X_HE_T028_01,0,0.48314887285232544,0
proto,4,SR386_40X_HE_T037_01,0,0.48754459619522095,0
proto,4,SR386_40X_HE_T043_01,0,0.48369482159614563,0
proto,4,SR386_40X_HE_T044_01,1,0.48332303762435913,0
proto,4,SR386_40X_HE_T046_01,0,0.4859786331653595,0
proto,4,SR386_40X_HE_T058_01,0,0.4788151681423187,0
proto,4,SR386_40X_HE_T062_01,0,0.47990933060646057,0
proto,4,SR386_40X_HE_T065_01,1,0.48427441716194153,0
proto,4,SR386_40X_HE_T080_01,0,0.4805293381214142,0
proto,4,SR386_40X_HE_T091_01,0,0.4796067774295807,0
proto,4,SR386_40X_HE_T094_01,0,0.4810948967933655,0
proto,4,SR386_40X_HE_T097_01,0,0.48728832602500916,0
proto,4,SR386_40X_HE_T100_01,0,0.49347615242004395,0
proto,4,SR386_40X_HE_T107_01,0,0.48397889733314514,0
proto,4,SR386_40X_HE_T109_01,1,0.48375067114830017,0
proto,4,SR386_40X_HE_T110_01,0,0.49197596311569214,0
proto,4,SR386_40X_HE_T117_01,0,0.48035818338394165,0
proto,4,SR386_40X_HE_T127_01,0,0.4824274778366089,0
proto,4,SR386_40X_HE_T129_01,0,0.47908127307891846,0
proto,4,SR386_40X_HE_T136_01,0,0.48219025135040283,0
proto,4,SR386_40X_HE_T154_01,0,0.4822574853897095,0
proto,4,SR386_40X_HE_T168_01,1,0.48858630657196045,0
proto,4,SR386_40X_HE_T175_01,0,0.4787786304950714,0
proto,4,SR386_40X_HE_T189_01,0,0.4831888675689697,0
proto,4,SR386_40X_HE_T195_01,0,0.4785284996032715,0
proto,4,SR386_40X_HE_T227_01,0,0.48679888248443604,0
proto,4,SR386_40X_HE_T233_01,0,0.4944230616092682,0
proto,4,SR386_40X_HE_T234_01,0,0.4878968596458435,0
proto,4,SR386_40X_HE_T235_01,0,0.48105937242507935,0
proto,4,SR386_40X_HE_T239_01,0,0.49245208501815796,0
proto,4,SR386_40X_HE_T245_01,0,0.4793456494808197,0
proto,4,SR386_40X_HE_T256_01,0,0.48653969168663025,0
proto,4,SR386_40X_HE_T265_01,0,0.48428696393966675,0
proto,4,SR386_40X_HE_T268_01,0,0.5058437585830688,1
proto,4,SR386_40X_HE_T270_01,0,0.4903049170970917,0
proto,4,SR386_40X_HE_T272_01,0,0.5096967816352844,1
proto,4,SR386_40X_HE_T273_01,0,0.48767295479774475,0
proto,4,SR386_40X_HE_T276_01,0,0.49106720089912415,0
proto,4,SR386_40X_HE_T278_01,1,0.4887007176876068,0
proto,4,SR386_40X_HE_T284_01,0,0.48534879088401794,0
proto,4,SR386_40X_HE_T285_01,0,0.4802837371826172,0
proto,4,SR386_40X_HE_T288_01,0,0.48751506209373474,0
proto,4,SR386_40X_HE_T291_01,0,0.4835728704929352,0
proto,4,SR386_40X_HE_T300_01,0,0.48270004987716675,0
proto,4,SR386_40X_HE_T302_01,0,0.48643678426742554,0
proto,4,SR386_40X_HE_T305_01,0,0.48167818784713745,0
proto,4,SR386_40X_HE_T308_01,0,0.4840746521949768,0
proto,4,SR386_40X_HE_T325_01,0,0.4878825843334198,0
proto,4,SR386_40X_HE_T331_01,0,0.4928664565086365,0
proto,4,SR386_40X_HE_T341_01,0,0.5080757737159729,1
proto,4,SR386_40X_HE_T343_01,1,0.48624300956726074,0
proto,4,SR386_40X_HE_T346_01,0,0.4885949194431305,0
proto,4,SR386_40X_HE_T352_01,0,0.48644545674324036,0
proto,4,SR386_40X_HE_T373_01,0,0.4910883605480194,0
proto,4,SR386_40X_HE_T375_01,0,0.48612841963768005,0
proto,4,SR386_40X_HE_T381_01,0,0.48160678148269653,0
proto,4,SR386_40X_HE_T389_01,0,0.5046642422676086,1
proto,4,SR386_40X_HE_T391_01,0,0.4831758141517639,0
proto,4,SR386_40X_HE_T394_01,0,0.4861578941345215,0
proto,4,SR386_40X_HE_T399_01,0,0.508359432220459,1
proto,4,SR386_40X_HE_T403_01,0,0.48408034443855286,0
proto,4,SR386_40X_HE_T405_01,0,0.5071293711662292,1
proto,4,SR386_40X_HE_T407_01,0,0.48358088731765747,0
proto,4,SR386_40X_HE_T414_01,0,0.4903262257575989,0
proto,4,SR386_40X_HE_T424_01,0,0.4870988726615906,0
proto,4,SR386_40X_HE_T429_01,0,0.5061142444610596,1
proto,4,SR386_40X_HE_T441_01,0,0.4963022768497467,0
proto,4,SR386_40X_HE_T451_01,0,0.4849832057952881,0
proto,4,SR386_40X_HE_T453_01,0,0.48377224802970886,0
proto,4,SR386_40X_HE_T455_01,0,0.4923291504383087,0
proto,4,SR386_40X_HE_T465_01,0,0.5052211284637451,1
proto,4,SR386_40X_HE_T474_01,0,0.48934829235076904,0
proto,4,SR386_40X_HE_T476_01,0,0.49388769268989563,0
proto,4,SR386_40X_HE_T479_01,0,0.49463388323783875,0
proto,4,SR386_40X_HE_T482_01,0,0.48520055413246155,0
proto,4,SR386_40X_HE_T487_01,0,0.5014088153839111,1
proto,4,SR386_40X_HE_T490_01,0,0.4914485216140747,0
proto,4,SR386_40X_HE_T494_01,0,0.4790692925453186,0
proto,4,SR386_40X_HE_T500_01,0,0.47769662737846375,0
proto,4,SR386_40X_HE_T510_01,0,0.48687562346458435,0
proto,4,SR386_40X_HE_T524_01,0,0.48443126678466797,0
proto,4,SR386_40X_HE_T528_01,0,0.5059398412704468,1
proto,4,SR386_40X_HE_T532_01,0,0.48835045099258423,0
proto,4,SR386_40X_HE_T534_01,0,0.49061131477355957,0
proto,4,SR386_40X_HE_T536_01,0,0.48215344548225403,0
proto,4,SR386_40X_HE_T537_01,0,0.49040281772613525,0
proto,4,SR386_40X_HE_T541_01,0,0.4891940653324127,0
proto,4,SR386_40X_HE_T548_01,1,0.5063331723213196,1
proto,4,SR386_40X_HE_T550_01,0,0.4917958676815033,0
proto,4,SR386_40X_HE_T551_01,0,0.48117098212242126,0
proto,4,SR386_40X_HE_T557_01,0,0.49314814805984497,0
proto,4,SR386_40X_HE_T565_01,0,0.4864363670349121,0
proto,4,SR386_40X_HE_T567_01,0,0.48980310559272766,0
proto,4,SR386_40X_HE_T575_01,0,0.48334550857543945,0
proto,4,SR386_40X_HE_T576_01,0,0.48068174719810486,0
proto,4,SR386_40X_HE_T581_01,0,0.5034623742103577,1
rf,1,SR1482_40X_HE_T029_01,0,0.08868977531123477,0
rf,1,SR1482_40X_HE_T029_02,0,0.12880824561617243,0
rf,1,SR1482_40X_HE_T057_01,0,0.057532631821056876,0
rf,1,SR1482_40X_HE_T063_01,1,0.2716845238095238,0
rf,1,SR1482_40X_HE_T063_02,1,0.21735930735930734,0
rf,1,SR1482_40X_HE_T065_01,0,0.156,0
rf,1,SR1482_40X_HE_T065_02,0,0.122,0
rf,1,SR1482_40X_HE_T066_01,0,0.21328613322161707,0
rf,1,SR1482_40X_HE_T066_02,0,0.3751364052614053,1
rf,1,SR1482_40X_HE_T068_01,0,0.045098673369641115,0
rf,1,SR1482_40X_HE_T069_01,0,0.029,0
rf,1,SR1482_40X_HE_T069_02,0,0.06975366568914956,0
rf,1,SR1482_40X_HE_T079_01,1,0.1996277056277056,0
rf,1,SR1482_40X_HE_T079_02,1,0.3197229437229437,1
rf,1,SR1482_40X_HE_T080_01,0,0.0663937701499062,0
rf,1,SR1482_40X_HE_T080_02,0,0.1117391304347826,0
rf,1,SR1482_40X_HE_T081_01,0,0.15100654194484117,0
rf,1,SR1482_40X_HE_T081_02,0,0.09993548387096775,0
rf,1,SR1482_40X_HE_T099_01,0,0.0488077922077922,0
rf,1,SR1482_40X_HE_T116_01,0,0.1099047619047619,0
rf,1,SR1482_40X_HE_T117_01,0,0.10515943065589013,0
rf,1,SR1482_40X_HE_T117_02,0,0.08167416323513885,0
rf,1,SR1482_40X_HE_T126_01,0,0.22390476190476188,0
rf,1,SR1482_40X_HE_T129_01,0,0.1259047619047619,0
rf,1,SR1482_40X_HE_T129_02,0,0.22757988520134467,0
rf,1,SR1482_40X_HE_T139_01,0,0.1217797619047619,0
rf,1,SR1482_40X_HE_T139_02,0,0.22147619047619047,0
rf,1,SR1482_40X_HE_T147_01,0,0.22145855089049424,0
rf,1,SR1482_40X_HE_T147_02,0,0.2643898279467713,0
rf,1,SR1482_40X_HE_T159_01,0,0.15929250048461216,0
rf,1,SR1482_40X_HE_T159_02,0,0.17522985616534,0
rf,1,SR1482_40X_HE_T192_01,0,0.12732393282039228,0
rf,1,SR1482_40X_HE_T199_01,0,0.10769390431231501,0
rf,1,SR1482_40X_HE_T304_01,0,0.07567416323513886,0
rf,1,SR1482_40X_HE_T304_02,0,0.07969318181818182,0
rf,1,SR1482_40X_HE_T310_01,1,0.2077797619047619,0
rf,1,SR1482_40X_HE_T310_02,1,0.16708156107017583,0
rf,1,SR1482_40X_HE_T341_01,0,0.040844696969696975,0
rf,1,SR1482_40X_HE_T341_02,0,0.06536470588235295,0
rf,1,SR1482_40X_HE_T353_01,0,0.07482538695298248,0
rf,1,SR1482_40X_HE_T390_01,0,0.053052870549330035,0
rf,1,SR1482_40X_HE_T433_01,1,0.1879047619047619,0
rf,1,SR386_40X_HE_T003_01,0,0.038,0
rf,1,SR386_40X_HE_T004_01,0,0.14321573984687588,0
rf,1,SR386_40X_HE_T022_01,1,0.25184024577572967,0
rf,1,SR386_40X_HE_T030_01,0,0.1751205017516378,0
rf,1,SR386_40X_HE_T033_01,0,0.11915151515151516,0
rf,1,SR386_40X_HE_T036_01,0,0.03949288617886179,0
rf,1,SR386_40X_HE_T038_01,0,0.06163636363636364,0
rf,1,SR386_40X_HE_T049_01,0,0.01,0
rf,1,SR386_40X_HE_T050_01,0,0.0908944968231195,0
rf,1,SR386_40X_HE_T060_01,0,0.04,0
rf,1,SR386_40X_HE_T063_01,0,0.16365636267487138,0
rf,1,SR386_40X_HE_T066_01,0,0.1231696219862419,0
rf,1,SR386_40X_HE_T069_01,0,0.08773913043478261,0
rf,1,SR386_40X_HE_T072_01,0,0.055418181818181825,0
rf,1,SR386_40X_HE_T074_01,0,0.03990476190476191,0
rf,1,SR386_40X_HE_T078_01,0,0.051753665689149554,0
rf,1,SR386_40X_HE_T079_01,0,0.005904761904761905,0
rf,1,SR386_40X_HE_T092_01,1,0.09131055900621118,0
rf,1,SR386_40X_HE_T096_01,0,0.02753846153846154,0
rf,1,SR386_40X_HE_T099_01,0,0.10308699902248289,0
rf,1,SR386_40X_HE_T103_01,0,0.06446653346653346,0
rf,1,SR386_40X_HE_T108_01,0,0.051722943722943726,0
rf,1,SR386_40X_HE_T113_01,0,0.05363636363636364,0
rf,1,SR386_40X_HE_T114_01,0,0.041722943722943724,0
rf,1,SR386_40X_HE_T119_01,0,0.0674848484848485,0
rf,1,SR386_40X_HE_T126_01,0,0.09142827999489991,0
rf,1,SR386_40X_HE_T130_01,0,0.01,0
rf,1,SR386_40X_HE_T131_01,0,0.08370018975332069,0
rf,1,SR386_40X_HE_T135_01,0,0.2147691098967054,0
rf,1,SR386_40X_HE_T140_01,0,0.06323636363636365,0
rf,1,SR386_40X_HE_T144_01,0,0.08748764960529666,0
rf,1,SR386_40X_HE_T147_01,0,0.022,0
rf,1,SR386_40X_HE_T148_01,0,0.1368843942100661,0
rf,1,SR386_40X_HE_T160_01,0,0.027818181818181822,0
rf,1,SR386_40X_HE_T169_01,0,0.0410308065917822,0
rf,1,SR386_40X_HE_T170_01,1,0.21742461430575036,0
rf,1,SR386_40X_HE_T172_01,0,0.23014089527816736,0
rf,1,SR386_40X_HE_T174_01,0,0.05178539493293592,0
rf,1,SR386_40X_HE_T181_01,0,0.03973661444513104,0
rf,1,SR386_40X_HE_T196_01,0,0.07947454449305323,0
rf,1,SR386_40X_HE_T205_01,0,0.20338143062102887,0
rf,1,SR386_40X_HE_T209_01,0,0.039484848484848484,0
rf,1,SR386_40X_HE_T210_01,0,0.2454203323558162,0
rf,1,SR386_40X_HE_T212_01,0,0.06120051319648094,0
rf,1,SR386_40X_HE_T221_01,0,0.034,0
rf,1,SR386_40X_HE_T224_01,0,0.07100280112044818,0
rf,1,SR386_40X_HE_T231_01,1,0.2017797619047619,0
rf,1,SR386_40X_HE_T232_01,0,0.06314580219439556,0
rf,1,SR386_40X_HE_T247_01,0,0.07381818181818181,0
rf,1,SR386_40X_HE_T252_01,0,0.03563832269880657,0
rf,1,SR386_40X_HE_T255_01,0,0.06565842759391147,0
rf,1,SR386_40X_HE_T259_01,1,0.12162866568914955,0
rf,1,SR386_40X_HE_T274_01,0,0.0533900293255132,0
rf,1,SR386_40X_HE_T275_01,0,0.11772062084257208,0
rf,1,SR386_40X_HE_T282_01,0,0.023818181818181818,0
rf,1,SR386_40X_HE_T294_01,0,0.2466519757124596,0
rf,1,SR386_40X_HE_T311_01,0,0.03993548387096774,0
rf,1,SR386_40X_HE_T315_01,0,0.11567416323513885,0
rf,1,SR386_40X_HE_T319_01,1,0.08996078431372549,0
rf,1,SR386_40X_HE_T324_01,1,0.14742740998838555,0
rf,1,SR386_40X_HE_T330_01,0,0.014,0
rf,1,SR386_40X_HE_T333_01,0,0.10361672473867596,0
rf,1,SR386_40X_HE_T335_01,0,0.058,0
rf,1,SR386_40X_HE_T337_01,0,0.046788419913419914,0
rf,1,SR386_40X_HE_T344_01,0,0.07129366192479797,0
rf,1,SR386_40X_HE_T347_01,0,0.07172294372294373,0
rf,1,SR386_40X_HE_T350_01,0,0.03566666666666667,0
rf,1,SR386_40X_HE_T351_01,0,0.0992938262133873,0
rf,1,SR386_40X_HE_T360_01,0,0.05058526173280272,0
rf,1,SR386_40X_HE_T361_01,0,0.06734128097241703,0
rf,1,SR386_40X_HE_T366_01,0,0.029636363636363638,0
rf,1,SR386_40X_HE_T377_01,1,0.11236532180521949,0
rf,1,SR386_40X_HE_T384_01,0,0.04327461430575035,0
rf,1,SR386_40X_HE_T395_01,0,0.06251324757068266,0
rf,1,SR386_40X_HE_T396_01,0,0.05676244045809263,0
rf,1,SR386_40X_HE_T401_01,0,0.15667254391949512,0
rf,1,SR386_40X_HE_T408_01,0,0.03176940133037694,0
rf,1,SR386_40X_HE_T410_01,0,0.1099047619047619,0
rf,1,SR386_40X_HE_T413_01,0,0.061235772357723574,0
rf,1,SR386_40X_HE_T416_01,0,0.03315955284552846,0
rf,1,SR386_40X_HE_T418_01,0,0.021643892339544515,0
rf,1,SR386_40X_HE_T419_01,0,0.09833607700612983,0
rf,1,SR386_40X_HE_T421_01,0,0.08553846153846154,0
rf,1,SR386_40X_HE_T423_01,0,0.062,0
rf,1,SR386_40X_HE_T428_01,0,0.05357937621051226,0
rf,1,SR386_40X_HE_T430_01,0,0.051089800142931074,0
rf,1,SR386_40X_HE_T431_01,0,0.10795121951219512,0
rf,1,SR386_40X_HE_T435_01,0,0.18652198339295112,0
rf,1,SR386_40X_HE_T438_01,0,0.0679047619047619,0
rf,1,SR386_40X_HE_T439_01,0,0.15652182776707033,0
rf,1,SR386_40X_HE_T447_01,0,0.0419047619047619,0
rf,1,SR386_40X_HE_T449_01,0,0.049722943722943724,0
rf,1,SR386_40X_HE_T454_01,0,0.03176940133037694,0
rf,1,SR386_40X_HE_T456_01,0,0.0499047619047619,0
rf,1,SR386_40X_HE_T461_01,0,0.09938353176515954,0
rf,1,SR386_40X_HE_T462_01,0,0.05181818181818182,0
rf,1,SR386_40X_HE_T468_01,0,0.0718838612368024,0
rf,1,SR386_40X_HE_T469_01,1,0.16976170338316285,0
rf,1,SR386_40X_HE_T470_01,0,0.056,0
rf,1,SR386_40X_HE_T471_01,0,0.08114489540152318,0
rf,1,SR386_40X_HE_T477_01,0,0.09354112554112554,0
rf,1,SR386_40X_HE_T480_01,0,0.11863565326678932,0
rf,1,SR386_40X_HE_T484_01,0,0.09331822344322345,0
rf,1,SR386_40X_HE_T495_01,0,0.008,0
rf,1,SR386_40X_HE_T496_01,0,0.02353846153846154,0
rf,1,SR386_40X_HE_T498_01,0,0.17335228903091168,0
rf,1,SR386_40X_HE_T504_01,0,0.072,0
rf,1,SR386_40X_HE_T511_01,0,0.06337549407114625,0
rf,1,SR386_40X_HE_T517_01,0,0.20342033235581625,0
rf,1,SR386_40X_HE_T523_01,0,0.06865101565101565,0
rf,1,SR386_40X_HE_T529_01,0,0.01,0
rf,1,SR386_40X_HE_T542_01,0,0.06993548387096775,0
rf,1,SR386_40X_HE_T569_01,0,0.14466377362474925,0
rf,1,SR386_40X_HE_T582_01,0,0.032,0
rf,2,SR1482_40X_HE_T009_01,0,0.044540870893812076,0
rf,2,SR1482_40X_HE_T009_02,0,0.05415193408741796,0
rf,2,SR1482_40X_HE_T015_01,0,0.11939361582555919,0
rf,2,SR1482_40X_HE_T021_01,0,0.08860493130058347,0
rf,2,SR1482_40X_HE_T067_01,0,0.09134082990180552,0
rf,2,SR1482_40X_HE_T075_01,0,0.08689064558629776,0
rf,2,SR1482_40X_HE_T075_02,0,0.12390476190476189,0
rf,2,SR1482_40X_HE_T098_01,0,0.06560973617577391,0
rf,2,SR1482_40X_HE_T098_02,0,0.05955337004982953,0
rf,2,SR1482_40X_HE_T102_01,0,0.15112008281573497,0
rf,2,SR1482_40X_HE_T123_01,0,0.07550691244239631,0
rf,2,SR1482_40X_HE_T142_01,0,0.035560483870967746,0
rf,2,SR1482_40X_HE_T146_01,0,0.3196363636363636,1
rf,2,SR1482_40X_HE_T148_01,0,0.12570488520134468,0
rf,2,SR1482_40X_HE_T148_02,0,0.1338181818181818,0
rf,2,SR1482_40X_HE_T154_01,0,0.0628856197565875,0
rf,2,SR1482_40X_HE_T158_01,0,0.07918501788067005,0
rf,2,SR1482_40X_HE_T161_01,0,0.12135581622678397,0
rf,2,SR1482_40X_HE_T161_02,0,0.13367461430575037,0
rf,2,SR1482_40X_HE_T164_01,1,0.09568548387096774,0
rf,2,SR1482_40X_HE_T164_02,1,0.1537229437229437,0
rf,2,SR1482_40X_HE_T168_01,0,0.09069277781042487,0
rf,2,SR1482_40X_HE_T171_01,0,0.13338636363636364,0
rf,2,SR1482_40X_HE_T171_02,0,0.218,0
rf,2,SR1482_40X_HE_T178_01,1,0.1212890365448505,0
rf,2,SR1482_40X_HE_T186_01,0,0.08668215655312429,0
rf,2,SR1482_40X_HE_T193_01,0,0.15715151515151513,0
rf,2,SR1482_40X_HE_T193_02,0,0.2429241686729518,0
rf,2,SR1482_40X_HE_T209_01,0,0.15181818181818182,0
rf,2,SR1482_40X_HE_T209_02,0,0.168,0
rf,2,SR1482_40X_HE_T245_01,0,0.18957184750733136,0
rf,2,SR1482_40X_HE_T245_02,0,0.14084563842824063,0
rf,2,SR1482_40X_HE_T265_01,0,0.07565072964669739,0
rf,2,SR1482_40X_HE_T302_01,0,0.14447981454029837,0
rf,2,SR1482_40X_HE_T343_01,1,0.1299047619047619,0
rf,2,SR1482_40X_HE_T343_02,1,0.13265205028367807,0
rf,2,SR1482_40X_HE_T399_01,0,0.134,0
rf,2,SR1482_40X_HE_T399_02,0,0.14184024577572965,0
rf,2,SR1482_40X_HE_T426_01,0,0.07375224960165026,0
rf,2,SR1482_40X_HE_T426_02,0,0.09733321933016097,0
rf,2,SR386_40X_HE_T001_01,0,0.07966666666666666,0
rf,2,SR386_40X_HE_T013_01,0,0.14276990933594708,0
rf,2,SR386_40X_HE_T018_01,0,0.03561413043478261,0
rf,2,SR386_40X_HE_T019_01,0,0.05700794763908369,0
rf,2,SR386_40X_HE_T024_01,0,0.004,0
rf,2,SR386_40X_HE_T039_01,0,0.05279795396419438,0
rf,2,SR386_40X_HE_T040_01,1,0.248655288958966,0
rf,2,SR386_40X_HE_T042_01,0,0.06519913419913419,0
rf,2,SR386_40X_HE_T047_01,0,0.036,0
rf,2,SR386_40X_HE_T051_01,0,0.013779761904761906,0
rf,2,SR386_40X_HE_T052_01,0,0.01375366568914956,0
rf,2,SR386_40X_HE_T056_01,0,0.02381818181818182,0
rf,2,SR386_40X_HE_T057_01,0,0.015875,0
rf,2,SR386_40X_HE_T070_01,0,0.0679047619047619,0
rf,2,SR386_40X_HE_T082_01,0,0.11577797260524296,0
rf,2,SR386_40X_HE_T084_01,0,0.09479094639970152,0
rf,2,SR386_40X_HE_T087_01,0,0.2278072009291521,0
rf,2,SR386_40X_HE_T088_01,0,0.0379672131147541,0
rf,2,SR386_40X_HE_T098_01,0,0.13947826086956522,0
rf,2,SR386_40X_HE_T105_01,0,0.05920129501808458,0
rf,2,SR386_40X_HE_T122_01,0,0.017739130434782608,0
rf,2,SR386_40X_HE_T123_01,0,0.11181048387096774,0
rf,2,SR386_40X_HE_T133_01,0,0.033875,0
rf,2,SR386_40X_HE_T145_01,0,0.07099747574088644,0
rf,2,SR386_40X_HE_T150_01,0,0.031875,0
rf,2,SR386_40X_HE_T152_01,0,0.04496703296703297,0
rf,2,SR386_40X_HE_T155_01,0,0.133871975019516,0
rf,2,SR386_40X_HE_T157_01,0,0.07907620496315497,0
rf,2,SR386_40X_HE_T164_01,0,0.07589626818469324,0
rf,2,SR386_40X_HE_T166_01,0,0.07021501920926473,0
rf,2,SR386_40X_HE_T176_01,1,0.10544335281681383,0
rf,2,SR386_40X_HE_T177_01,0,0.02373913043478261,0
rf,2,SR386_40X_HE_T178_01,0,0.15323809523809523,0
rf,2,SR386_40X_HE_T187_01,0,0.1437694013303769,0
rf,2,SR386_40X_HE_T190_01,0,0.02504229785559709,0
rf,2,SR386_40X_HE_T192_01,0,0.017395784543325524,0
rf,2,SR386_40X_HE_T198_01,0,0.07663369963369962,0
rf,2,SR386_40X_HE_T200_01,0,0.19358758314855873,0
rf,2,SR386_40X_HE_T206_01,1,0.06767416323513885,0
rf,2,SR386_40X_HE_T211_01,0,0.084,0
rf,2,SR386_40X_HE_T213_01,0,0.07766666666666666,0
rf,2,SR386_40X_HE_T214_01,0,0.08750853176515955,0
rf,2,SR386_40X_HE_T220_01,0,0.05542857142857143,0
rf,2,SR386_40X_HE_T230_01,1,0.105263345778314,0
rf,2,SR386_40X_HE_T236_01,0,0.07793548387096774,0
rf,2,SR386_40X_HE_T237_01,0,0.04381818181818181,0
rf,2,SR386_40X_HE_T240_01,0,0.07675528501191278,0
rf,2,SR386_40X_HE_T241_01,0,0.066875,0
rf,2,SR386_40X_HE_T242_01,0,0.06990269698572185,0
rf,2,SR386_40X_HE_T253_01,0,0.04966946778711485,0
rf,2,SR386_40X_HE_T260_01,0,0.06793548387096775,0
rf,2,SR386_40X_HE_T262_01,0,0.10757142857142857,0
rf,2,SR386_40X_HE_T264_01,0,0.06389626818469324,0
rf,2,SR386_40X_HE_T271_01,0,0.04897938649182824,0
rf,2,SR386_40X_HE_T281_01,0,0.09304645760743323,0
rf,2,SR386_40X_HE_T297_01,0,0.015818181818181818,0
rf,2,SR386_40X_HE_T299_01,0,0.03502331002331002,0
rf,2,SR386_40X_HE_T301_01,0,0.03977572964669739,0
rf,2,SR386_40X_HE_T306_01,0,0.049563189498673374,0
rf,2,SR386_40X_HE_T309_01,0,0.061643892339544516,0
rf,2,SR386_40X_HE_T314_01,0,0.1099047619047619,0
rf,2,SR386_40X_HE_T316_01,0,0.11592307692307692,0
rf,2,SR386_40X_HE_T318_01,0,0.08996078431372549,0
rf,2,SR386_40X_HE_T321_01,0,0.08290476190476191,0
rf,2,SR386_40X_HE_T326_01,0,0.052,0
rf,2,SR386_40X_HE_T327_01,0,0.01955731225296443,0
rf,2,SR386_40X_HE_T332_01,1,0.23498961038961036,0
rf,2,SR386_40X_HE_T355_01,0,0.0569156010230179,0
rf,2,SR386_40X_HE_T364_01,0,0.13315122371784363,0
rf,2,SR386_40X_HE_T368_01,1,0.10356318949867337,0
rf,2,SR386_40X_HE_T374_01,0,0.04096969696969697,0
rf,2,SR386_40X_HE_T380_01,0,0.023904761904761904,0
rf,2,SR386_40X_HE_T382_01,0,0.064,0
rf,2,SR386_40X_HE_T392_01,0,0.053769401330376936,0
rf,2,SR386_40X_HE_T398_01,0,0.056749458874458876,0
rf,2,SR386_40X_HE_T402_01,1,0.13678435878441825,0
rf,2,SR386_40X_HE_T404_01,0,0.03681818181818182,0
rf,2,SR386_40X_HE_T415_01,0,0.007904761904761906,0
rf,2,SR386_40X_HE_T417_01,0,0.007935483870967742,0
rf,2,SR386_40X_HE_T425_01,0,0.037875,0
rf,2,SR386_40X_HE_T436_01,1,0.04656733794729581,0
rf,2,SR386_40X_HE_T437_01,0,0.01577896613190731,0
rf,2,SR386_40X_HE_T440_01,0,0.16145454545454543,0
rf,2,SR386_40X_HE_T445_01,0,0.1439047619047619,0
rf,2,SR386_40X_HE_T450_01,0,0.055636363636363644,0
rf,2,SR386_40X_HE_T459_01,0,0.05361788617886179,0
rf,2,SR386_40X_HE_T472_01,0,0.01,0
rf,2,SR386_40X_HE_T481_01,0,0.10777951889261098,0
rf,2,SR386_40X_HE_T483_01,0,0.07173913043478261,0
rf,2,SR386_40X_HE_T486_01,0,0.09230517927791958,0
rf,2,SR386_40X_HE_T488_01,0,0.08112024710432433,0
rf,2,SR386_40X_HE_T499_01,0,0.06577126818469324,0
rf,2,SR386_40X_HE_T507_01,0,0.09123809523809524,0
rf,2,SR386_40X_HE_T514_01,0,0.043597943722943726,0
rf,2,SR386_40X_HE_T520_01,1,0.0499047619047619,0
rf,2,SR386_40X_HE_T522_01,0,0.07476281371509368,0
rf,2,SR386_40X_HE_T531_01,0,0.06797665103713492,0
rf,2,SR386_40X_HE_T535_01,0,0.009722943722943723,0
rf,2,SR386_40X_HE_T539_01,0,0.11894567442361562,0
rf,2,SR386_40X_HE_T549_01,0,0.05318555900621118,0
rf,2,SR386_40X_HE_T552_01,0,0.058,0
rf,2,SR386_40X_HE_T553_01,0,0.04948986119837779,0
rf,2,SR386_40X_HE_T554_01,0,0.10036743299291515,0
rf,2,SR386_40X_HE_T558_01,0,0.017333333333333336,0
rf,2,SR386_40X_HE_T564_01,0,0.07112121212121213,0
rf,2,SR386_40X_HE_T570_01,0,0.031489681050656665,0
rf,2,SR386_40X_HE_T574_01,0,0.037628665689149556,0
rf,2,SR386_40X_HE_T578_01,0,0.03877220245082512,0
rf,2,SR386_40X_HE_T580_01,0,0.018,0
rf,3,SR1482_40X_HE_T005_01,0,0.20323851417399805,0
rf,3,SR1482_40X_HE_T005_02,0,0.266,0
rf,3,SR1482_40X_HE_T010_01,0,0.05141542197639759,0
rf,3,SR1482_40X_HE_T043_01,0,0.08395121951219513,0
rf,3,SR1482_40X_HE_T043_02,0,0.10936734505332066,0
rf,3,SR1482_40X_HE_T049_01,0,0.06700319969885188,0
rf,3,SR1482_40X_HE_T061_01,0,0.3198221872541306,1
rf,3,SR1482_40X_HE_T061_02,0,0.2373736733696411,0
rf,3,SR1482_40X_HE_T070_01,1,0.08165842759391147,0
rf,3,SR1482_40X_HE_T073_01,0,0.08477683186378837,0
rf,3,SR1482_40X_HE_T082_01,0,0.07532509426057812,0
rf,3,SR1482_40X_HE_T082_02,0,0.10172694915889251,0
rf,3,SR1482_40X_HE_T089_01,0,0.028,0
rf,3,SR1482_40X_HE_T090_01,0,0.051753665689149554,0
rf,3,SR1482_40X_HE_T094_01,1,0.18386348129944732,0
rf,3,SR1482_40X_HE_T094_02,1,0.1819047619047619,0
rf,3,SR1482_40X_HE_T105_01,0,0.07357184750733138,0
rf,3,SR1482_40X_HE_T115_01,0,0.062,0
rf,3,SR1482_40X_HE_T115_02,0,0.05995121951219513,0
rf,3,SR1482_40X_HE_T118_01,0,0.22323468873114818,0
rf,3,SR1482_40X_HE_T118_02,0,0.1915188923395445,0
rf,3,SR1482_40X_HE_T120_01,0,0.17306379801526411,0
rf,3,SR1482_40X_HE_T120_02,0,0.2552866743471582,0
rf,3,SR1482_40X_HE_T124_01,0,0.21664925872788138,0
rf,3,SR1482_40X_HE_T124_02,0,0.2207801808406647,0
rf,3,SR1482_40X_HE_T138_01,0,0.041826219512195124,0
rf,3,SR1482_40X_HE_T160_01,0,0.08984024577572965,0
rf,3,SR1482_40X_HE_T160_02,0,0.05577976190476191,0
rf,3,SR1482_40X_HE_T167_01,0,0.07381818181818181,0
rf,3,SR1482_40X_HE_T167_02,0,0.0987887877410677,0
rf,3,SR1482_40X_HE_T175_01,0,0.20547660941209328,0
rf,3,SR1482_40X_HE_T175_02,0,0.2027805808030212,0
rf,3,SR1482_40X_HE_T177_01,1,0.0755546957786047,0
rf,3,SR1482_40X_HE_T188_01,0,0.10303443065589013,0
rf,3,SR1482_40X_HE_T195_01,0,0.08746000923868627,0
rf,3,SR1482_40X_HE_T195_02,0,0.12924766219994216,0
rf,3,SR1482_40X_HE_T202_01,0,0.09315080478194082,0
rf,3,SR1482_40X_HE_T202_02,0,0.07981818181818182,0
rf,3,SR1482_40X_HE_T225_01,0,0.1900268829791629,0
rf,3,SR1482_40X_HE_T225_02,0,0.07722136244527136,0
rf,3,SR1482_40X_HE_T235_01,0,0.11766666666666666,0
rf,3,SR1482_40X_HE_T235_02,0,0.12164976958525346,0
rf,3,SR1482_40X_HE_T236_01,0,0.05788670338316287,0
rf,3,SR1482_40X_HE_T236_02,0,0.096,0
rf,3,SR1482_40X_HE_T258_01,0,0.08709248172992347,0
rf,3,SR1482_40X_HE_T258_02,0,0.10969318181818181,0
rf,3,SR1482_40X_HE_T284_01,1,0.1834360679970436,0
rf,3,SR1482_40X_HE_T284_02,1,0.19645016976646756,0
rf,3,SR1482_40X_HE_T301_01,1,0.09570488520134468,0
rf,3,SR1482_40X_HE_T301_02,1,0.16393548387096774,0
rf,3,SR1482_40X_HE_T309_01,0,0.16284157366482133,0
rf,3,SR1482_40X_HE_T313_01,0,0.14575366568914955,0
rf,3,SR1482_40X_HE_T313_02,0,0.1514846471061066,0
rf,3,SR1482_40X_HE_T338_01,0,0.19370488520134466,0
rf,3,SR1482_40X_HE_T344_01,0,0.17388670338316287,0
rf,3,SR1482_40X_HE_T344_02,0,0.19558758314855873,0
rf,3,SR1482_40X_HE_T346_01,0,0.177412093283061,0
rf,3,SR1482_40X_HE_T346_02,0,0.1199047619047619,0
rf,3,SR1482_40X_HE_T377_01,0,0.10333665559246956,0
rf,3,SR1482_40X_HE_T377_02,0,0.08572294372294373,0
rf,3,SR1482_40X_HE_T419_01,0,0.06575366568914956,0
rf,3,SR1482_40X_HE_T427_01,0,0.066,0
rf,3,SR1482_40X_HE_T427_02,0,0.048,0
rf,3,SR386_40X_HE_T007_01,0,0.0464015816447748,0
rf,3,SR386_40X_HE_T015_01,0,0.04979594898724682,0
rf,3,SR386_40X_HE_T017_01,1,0.17506071133167908,0
rf,3,SR386_40X_HE_T032_01,0,0.04324675324675324,0
rf,3,SR386_40X_HE_T034_01,0,0.033484848484848485,0
rf,3,SR386_40X_HE_T035_01,0,0.0689213675525036,0
rf,3,SR386_40X_HE_T041_01,0,0.2710724637681159,0
rf,3,SR386_40X_HE_T067_01,0,0.013904761904761906,0
rf,3,SR386_40X_HE_T075_01,0,0.013303030303030303,0
rf,3,SR386_40X_HE_T081_01,0,0.08457464862777955,0
rf,3,SR386_40X_HE_T083_01,0,0.078,0
rf,3,SR386_40X_HE_T085_01,0,0.012,0
rf,3,SR386_40X_HE_T095_01,0,0.0924208680520041,0
rf,3,SR386_40X_HE_T104_01,0,0.07972294372294372,0
rf,3,SR386_40X_HE_T106_01,0,0.02366666666666667,0
rf,3,SR386_40X_HE_T112_01,0,0.05775366568914956,0
rf,3,SR386_40X_HE_T128_01,0,0.02636190476190476,0
rf,3,SR386_40X_HE_T132_01,0,0.019325094260578133,0
rf,3,SR386_40X_HE_T138_01,0,0.0573190156361273,0
rf,3,SR386_40X_HE_T142_01,0,0.09190476190476189,0
rf,3,SR386_40X_HE_T149_01,0,0.0923024638645462,0
rf,3,SR386_40X_HE_T165_01,1,0.12989859322538144,0
rf,3,SR386_40X_HE_T179_01,0,0.15144588744588744,0
rf,3,SR386_40X_HE_T180_01,0,0.0818569681837564,0
rf,3,SR386_40X_HE_T182_01,0,0.03973913043478261,0
rf,3,SR386_40X_HE_T184_01,0,0.09750853176515956,0
rf,3,SR386_40X_HE_T188_01,0,0.057282389992126675,0
rf,3,SR386_40X_HE_T191_01,0,0.05304496185826109,0
rf,3,SR386_40X_HE_T197_01,0,0.09513846153846155,0
rf,3,SR386_40X_HE_T201_01,0,0.0412721396250808,0
rf,3,SR386_40X_HE_T202_01,0,0.03733333333333333,0
rf,3,SR386_40X_HE_T208_01,0,0.065182237117721,0
rf,3,SR386_40X_HE_T216_01,1,0.2357789661319073,0
rf,3,SR386_40X_HE_T238_01,0,0.023904761904761904,0
rf,3,SR386_40X_HE_T244_01,0,0.05135581622678397,0
rf,3,SR386_40X_HE_T248_01,0,0.028356643356643358,0
rf,3,SR386_40X_HE_T249_01,0,0.008,0
rf,3,SR386_40X_HE_T250_01,0,0.057597147950089134,0
rf,3,SR386_40X_HE_T263_01,0,0.08339572384137602,0
rf,3,SR386_40X_HE_T267_01,0,0.12486983896884608,0
rf,3,SR386_40X_HE_T269_01,0,0.03,0
rf,3,SR386_40X_HE_T277_01,0,0.042,0
rf,3,SR386_40X_HE_T286_01,0,0.1376438923395445,0
rf,3,SR386_40X_HE_T287_01,0,0.11504803798352184,0
rf,3,SR386_40X_HE_T290_01,0,0.09153221288515405,0
rf,3,SR386_40X_HE_T293_01,0,0.05581818181818182,0
rf,3,SR386_40X_HE_T298_01,0,0.032,0
rf,3,SR386_40X_HE_T303_01,0,0.01,0
rf,3,SR386_40X_HE_T312_01,0,0.08512121212121213,0
rf,3,SR386_40X_HE_T329_01,0,0.1638655462184874,0
rf,3,SR386_40X_HE_T336_01,0,0.10497722567287784,0
rf,3,SR386_40X_HE_T338_01,0,0.02366666666666667,0
rf,3,SR386_40X_HE_T342_01,0,0.021951219512195124,0
rf,3,SR386_40X_HE_T353_01,0,0.0756021505376344,0
rf,3,SR386_40X_HE_T357_01,0,0.011666666666666667,0
rf,3,SR386_40X_HE_T362_01,0,0.06190476190476191,0
rf,3,SR386_40X_HE_T363_01,1,0.18163539861947584,0
rf,3,SR386_40X_HE_T372_01,0,0.16083118784969655,0
rf,3,SR386_40X_HE_T378_01,0,0.017151515151515154,0
rf,3,SR386_40X_HE_T379_01,0,0.033666666666666664,0
rf,3,SR386_40X_HE_T386_01,0,0.031543259557344064,0
rf,3,SR386_40X_HE_T387_01,0,0.04696170758881138,0
rf,3,SR386_40X_HE_T393_01,0,0.05917357910906298,0
rf,3,SR386_40X_HE_T397_01,0,0.12948484848484848,0
rf,3,SR386_40X_HE_T406_01,0,0.19774394077789215,0
rf,3,SR386_40X_HE_T409_01,0,0.04353846153846154,0
rf,3,SR386_40X_HE_T422_01,0,0.01973913043478261,0
rf,3,SR386_40X_HE_T426_01,0,0.041860465116279076,0
rf,3,SR386_40X_HE_T433_01,0,0.07793548387096774,0
rf,3,SR386_40X_HE_T443_01,0,0.11140750235978233,0
rf,3,SR386_40X_HE_T448_01,0,0.17565842759391145,0
rf,3,SR386_40X_HE_T452_01,0,0.1510201827158349,0
rf,3,SR386_40X_HE_T460_01,1,0.18365842759391146,0
rf,3,SR386_40X_HE_T473_01,0,0.05940579710144928,0
rf,3,SR386_40X_HE_T475_01,0,0.022857142857142857,0
rf,3,SR386_40X_HE_T478_01,0,0.04058062227627445,0
rf,3,SR386_40X_HE_T489_01,1,0.05960215053763441,0
rf,3,SR386_40X_HE_T491_01,0,0.08886034255599472,0
rf,3,SR386_40X_HE_T492_01,0,0.043571428571428567,0
rf,3,SR386_40X_HE_T493_01,0,0.02766666666666667,0
rf,3,SR386_40X_HE_T502_01,0,0.025151515151515154,0
rf,3,SR386_40X_HE_T505_01,0,0.03735984848484848,0
rf,3,SR386_40X_HE_T506_01,0,0.10509198591263806,0
rf,3,SR386_40X_HE_T509_01,0,0.057597943722943724,0
rf,3,SR386_40X_HE_T516_01,0,0.08887416323513883,0
rf,3,SR386_40X_HE_T518_01,0,0.031636363636363636,0
rf,3,SR386_40X_HE_T519_01,0,0.04584024577572965,0
rf,3,SR386_40X_HE_T521_01,0,0.015818181818181818,0
rf,3,SR386_40X_HE_T526_01,0,0.05586941685765215,0
rf,3,SR386_40X_HE_T533_01,0,0.062,0
rf,3,SR386_40X_HE_T543_01,0,0.06793548387096775,0
rf,3,SR386_40X_HE_T544_01,0,0.05778539493293592,0
rf,3,SR386_40X_HE_T556_01,1,0.13784024577572965,0
rf,3,SR386_40X_HE_T560_01,0,0.0934278289242884,0
rf,3,SR386_40X_HE_T563_01,0,0.015205128205128204,0
rf,3,SR386_40X_HE_T568_01,0,0.07726666666666668,0
rf,3,SR386_40X_HE_T571_01,0,0.09162745098039216,0
rf,3,SR386_40X_HE_T572_01,0,0.12094425863991082,0
rf,3,SR386_40X_HE_T573_01,0,0.1811705029838022,0
rf,3,SR386_40X_HE_T583_01,0,0.03775366568914956,0
rf,4,SR1482_40X_HE_T002_01,0,0.01566666666666667,0
rf,4,SR1482_40X_HE_T003_01,0,0.058,0
rf,4,SR1482_40X_HE_T004_01,0,0.06302651515151515,0
rf,4,SR1482_40X_HE_T004_02,0,0.10163636363636362,0
rf,4,SR1482_40X_HE_T011_01,0,0.08669450970727353,0
rf,4,SR1482_40X_HE_T025_01,0,0.1292153209109731,0
rf,4,SR1482_40X_HE_T025_02,0,0.13301072840203276,0
rf,4,SR1482_40X_HE_T060_01,0,0.11151136363636363,0
rf,4,SR1482_40X_HE_T062_01,0,0.20958340883922277,0
rf,4,SR1482_40X_HE_T062_02,0,0.17945454545454548,0
rf,4,SR1482_40X_HE_T064_01,0,0.19466637523299513,0
rf,4,SR1482_40X_HE_T064_02,0,0.1407872584732341,0
rf,4,SR1482_40X_HE_T071_01,0,0.09741374474053296,0
rf,4,SR1482_40X_HE_T071_02,0,0.10975366568914956,0
rf,4,SR1482_40X_HE_T074_01,0,0.07327210695808256,0
rf,4,SR1482_40X_HE_T074_02,0,0.08618973368619316,0
rf,4,SR1482_40X_HE_T083_01,0,0.19772294372294372,0
rf,4,SR1482_40X_HE_T083_02,0,0.22375366568914956,0
rf,4,SR1482_40X_HE_T087_01,0,0.024,0
rf,4,SR1482_40X_HE_T097_01,1,0.2139047619047619,0
rf,4,SR1482_40X_HE_T097_02,1,0.19108559332824035,0
rf,4,SR1482_40X_HE_T108_01,0,0.015818181818181818,0
rf,4,SR1482_40X_HE_T113_01,0,0.07767461430575036,0
rf,4,SR1482_40X_HE_T113_02,0,0.08156818181818182,0
rf,4,SR1482_40X_HE_T121_01,0,0.02076190476190476,0
rf,4,SR1482_40X_HE_T122_01,0,0.029822187254130605,0
rf,4,SR1482_40X_HE_T125_01,0,0.10950833865587965,0
rf,4,SR1482_40X_HE_T125_02,0,0.09781818181818182,0
rf,4,SR1482_40X_HE_T131_01,0,0.13882879130673248,0
rf,4,SR1482_40X_HE_T131_02,0,0.17095725108225104,0
rf,4,SR1482_40X_HE_T132_01,0,0.12044033139432399,0
rf,4,SR1482_40X_HE_T132_02,0,0.10993548387096774,0
rf,4,SR1482_40X_HE_T143_01,0,0.13888382229724736,0
rf,4,SR1482_40X_HE_T143_02,0,0.15873089136202742,0
rf,4,SR1482_40X_HE_T166_01,1,0.03967416323513885,0
rf,4,SR1482_40X_HE_T169_01,0,0.15735160941209328,0
rf,4,SR1482_40X_HE_T176_01,1,0.28150270562770563,0
rf,4,SR1482_40X_HE_T176_02,1,0.22756318949867335,0
rf,4,SR1482_40X_HE_T191_01,0,0.052251035196687376,0
rf,4,SR1482_40X_HE_T194_01,0,0.38341612554112553,1
rf,4,SR1482_40X_HE_T218_01,0,0.037785394932935916,0
rf,4,SR1482_40X_HE_T253_01,0,0.03129204941400063,0
rf,4,SR1482_40X_HE_T290_01,0,0.1434161255411255,0
rf,4,SR1482_40X_HE_T308_01,0,0.10158848994143112,0
rf,4,SR1482_40X_HE_T314_01,0,0.37688922949879844,1
rf,4,SR1482_40X_HE_T314_02,0,0.3437397504456328,1
rf,4,SR1482_40X_HE_T372_01,1,0.20159092539454804,0
rf,4,SR1482_40X_HE_T372_02,1,0.13077950182809517,0
rf,4,SR1482_40X_HE_T408_01,0,0.1019047619047619,0
rf,4,SR1482_40X_HE_T412_01,0,0.0777853949329359,0
rf,4,SR1482_40X_HE_T425_01,0,0.01,0
rf,4,SR1482_40X_HE_T434_01,1,0.11657265340617,0
rf,4,SR386_40X_HE_T006_01,0,0.02369318181818182,0
rf,4,SR386_40X_HE_T010_01,0,0.04393548387096775,0
rf,4,SR386_40X_HE_T014_01,0,0.07522377215925603,0
rf,4,SR386_40X_HE_T016_01,0,0.014,0
rf,4,SR386_40X_HE_T020_01,0,0.012,0
rf,4,SR386_40X_HE_T027_01,0,0.10784024577572965,0
rf,4,SR386_40X_HE_T028_01,0,0.021406681190994918,0
rf,4,SR386_40X_HE_T037_01,0,0.02196078431372549,0
rf,4,SR386_40X_HE_T043_01,0,0.048,0
rf,4,SR386_40X_HE_T044_01,1,0.09175366568914956,0
rf,4,SR386_40X_HE_T046_01,0,0.06018503823816916,0
rf,4,SR386_40X_HE_T058_01,0,0.029935483870967745,0
rf,4,SR386_40X_HE_T062_01,0,0.02,0
rf,4,SR386_40X_HE_T065_01,1,0.14523789385935335,0
rf,4,SR386_40X_HE_T080_01,0,0.042,0
rf,4,SR386_40X_HE_T091_01,0,0.041722943722943724,0
rf,4,SR386_40X_HE_T094_01,0,0.021722943722943724,0
rf,4,SR386_40X_HE_T097_01,0,0.03174125874125874,0
rf,4,SR386_40X_HE_T100_01,0,0.07491270954384557,0
rf,4,SR386_40X_HE_T107_01,0,0.05901940133037695,0
rf,4,SR386_40X_HE_T109_01,1,0.13,0
rf,4,SR386_40X_HE_T110_01,0,0.08744563279857397,0
rf,4,SR386_40X_HE_T117_01,0,0.041722943722943724,0
rf,4,SR386_40X_HE_T127_01,0,0.029666554357592093,0
rf,4,SR386_40X_HE_T129_01,0,0.012746794871794873,0
rf,4,SR386_40X_HE_T136_01,0,0.04873855579903967,0
rf,4,SR386_40X_HE_T154_01,0,0.06304529616724738,0
rf,4,SR386_40X_HE_T168_01,1,0.24268987894569286,0
rf,4,SR386_40X_HE_T175_01,0,0.01510989010989011,0
rf,4,SR386_40X_HE_T189_01,0,0.0428298702816585,0
rf,4,SR386_40X_HE_T195_01,0,0.014,0
rf,4,SR386_40X_HE_T227_01,0,0.04166666666666667,0
rf,4,SR386_40X_HE_T233_01,0,0.1489598484848485,0
rf,4,SR386_40X_HE_T234_01,0,0.11353846153846153,0
rf,4,SR386_40X_HE_T235_01,0,0.04733333333333333,0
rf,4,SR386_40X_HE_T239_01,0,0.16138515108080326,0
rf,4,SR386_40X_HE_T245_01,0,0.021636363636363638,0
rf,4,SR386_40X_HE_T256_01,0,0.055303030303030305,0
rf,4,SR386_40X_HE_T265_01,0,0.0716491438412555,0
rf,4,SR386_40X_HE_T268_01,0,0.08572294372294371,0
rf,4,SR386_40X_HE_T270_01,0,0.055858560794044665,0
rf,4,SR386_40X_HE_T272_01,0,0.14934999999999998,0
rf,4,SR386_40X_HE_T273_01,0,0.12276190476190475,0
rf,4,SR386_40X_HE_T276_01,0,0.17684240659468003,0
rf,4,SR386_40X_HE_T278_01,1,0.23916429535640701,0
rf,4,SR386_40X_HE_T284_01,0,0.059032594647225725,0
rf,4,SR386_40X_HE_T285_01,0,0.01737979094076655,0
rf,4,SR386_40X_HE_T288_01,0,0.0793900293255132,0
rf,4,SR386_40X_HE_T291_01,0,0.1219047619047619,0
rf,4,SR386_40X_HE_T300_01,0,0.06773913043478261,0
rf,4,SR386_40X_HE_T302_01,0,0.058,0
rf,4,SR386_40X_HE_T305_01,0,0.045571847507331384,0
rf,4,SR386_40X_HE_T308_01,0,0.06166666666666667,0
rf,4,SR386_40X_HE_T325_01,0,0.047687822542285326,0
rf,4,SR386_40X_HE_T331_01,0,0.12493183310996404,0
rf,4,SR386_40X_HE_T341_01,0,0.142,0
rf,4,SR386_40X_HE_T343_01,1,0.06573098141695703,0
rf,4,SR386_40X_HE_T346_01,0,0.13357937621051225,0
rf,4,SR386_40X_HE_T352_01,0,0.06530303030303031,0
rf,4,SR386_40X_HE_T373_01,0,0.11777655677655677,0
rf,4,SR386_40X_HE_T375_01,0,0.17328455284552846,0
rf,4,SR386_40X_HE_T381_01,0,0.02948484848484849,0
rf,4,SR386_40X_HE_T389_01,0,0.055261405261405265,0
rf,4,SR386_40X_HE_T391_01,0,0.052988095238095244,0
rf,4,SR386_40X_HE_T394_01,0,0.055205128205128205,0
rf,4,SR386_40X_HE_T399_01,0,0.11955872803666921,0
rf,4,SR386_40X_HE_T403_01,0,0.029416666666666667,0
rf,4,SR386_40X_HE_T405_01,0,0.09694459108369763,0
rf,4,SR386_40X_HE_T407_01,0,0.043753665689149554,0
rf,4,SR386_40X_HE_T414_01,0,0.05377896613190731,0
rf,4,SR386_40X_HE_T424_01,0,0.10775366568914956,0
rf,4,SR386_40X_HE_T429_01,0,0.08189626818469324,0
rf,4,SR386_40X_HE_T441_01,0,0.049935483870967745,0
rf,4,SR386_40X_HE_T451_01,0,0.024,0
rf,4,SR386_40X_HE_T453_01,0,0.04508699902248289,0
rf,4,SR386_40X_HE_T455_01,0,0.08516278467908903,0
rf,4,SR386_40X_HE_T465_01,0,0.05741346153846154,0
rf,4,SR386_40X_HE_T474_01,0,0.10587096774193548,0
rf,4,SR386_40X_HE_T476_01,0,0.14292849086397472,0
rf,4,SR386_40X_HE_T479_01,0,0.05407565031426512,0
rf,4,SR386_40X_HE_T482_01,0,0.07118931475029036,0
rf,4,SR386_40X_HE_T487_01,0,0.0413030303030303,0
rf,4,SR386_40X_HE_T490_01,0,0.04739892665474061,0
rf,4,SR386_40X_HE_T494_01,0,0.01796078431372549,0
rf,4,SR386_40X_HE_T500_01,0,0.016,0
rf,4,SR386_40X_HE_T510_01,0,0.03996078431372549,0
rf,4,SR386_40X_HE_T524_01,0,0.032,0
rf,4,SR386_40X_HE_T528_01,0,0.1635979437229437,0
rf,4,SR386_40X_HE_T532_01,0,0.03182227632379793,0
rf,4,SR386_40X_HE_T534_01,0,0.16289118708248493,0
rf,4,SR386_40X_HE_T536_01,0,0.03581818181818182,0
rf,4,SR386_40X_HE_T537_01,0,0.096,0
rf,4,SR386_40X_HE_T541_01,0,0.07169991474850809,0
rf,4,SR386_40X_HE_T548_01,1,0.1136750700280112,0
rf,4,SR386_40X_HE_T550_01,0,0.14333707415772634,0
rf,4,SR386_40X_HE_T551_01,0,0.022,0
rf,4,SR386_40X_HE_T557_01,0,0.04988670338316287,0
rf,4,SR386_40X_HE_T565_01,0,0.046,0
rf,4,SR386_40X_HE_T567_01,0,0.08175366568914956,0
rf,4,SR386_40X_HE_T575_01,0,0.134,0
rf,4,SR386_40X_HE_T576_01,0,0.039875,0
rf,4,SR386_40X_HE_T581_01,0,0.07595138195138196,0
