classifier,fold,WSI_ID,target,prob_pos,pred_at_0.5
lin,1,SR1482_40X_HE_T029_01,0,0.14486583980569004,0
lin,1,SR1482_40X_HE_T029_02,0,0.028523380287631874,0
lin,1,SR1482_40X_HE_T057_01,0,0.004321241887552106,0
lin,1,SR1482_40X_HE_T063_01,1,0.9067194211261393,1
lin,1,SR1482_40X_HE_T063_02,1,0.04574542462460132,0
lin,1,SR1482_40X_HE_T065_01,0,0.9822875337504828,1
lin,1,SR1482_40X_HE_T065_02,0,0.8876008251966763,1
lin,1,SR1482_40X_HE_T066_01,0,0.018920771525901988,0
lin,1,SR1482_40X_HE_T066_02,0,0.15272638221850152,0
lin,1,SR1482_40X_HE_T068_01,0,0.0038714017257375395,0
lin,1,SR1482_40X_HE_T069_01,0,0.0014593028775317597,0
lin,1,SR1482_40X_HE_T069_02,0,0.007952751584311336,0
lin,1,SR1482_40X_HE_T079_01,1,0.0313303609136892,0
lin,1,SR1482_40X_HE_T079_02,1,0.25221820497167735,0
lin,1,SR1482_40X_HE_T080_01,0,0.008661576897838582,0
lin,1,SR1482_40X_HE_T080_02,0,0.015113330724681366,0
lin,1,SR1482_40X_HE_T081_01,0,0.006821035870772689,0
lin,1,SR1482_40X_HE_T081_02,0,0.0018108895196868016,0
lin,1,SR1482_40X_HE_T099_01,0,0.0018400263992353208,0
lin,1,SR1482_40X_HE_T116_01,0,0.11529555028630811,0
lin,1,SR1482_40X_HE_T117_01,0,0.03003426691638951,0
lin,1,SR1482_40X_HE_T117_02,0,0.008553324194819105,0
lin,1,SR1482_40X_HE_T126_01,0,0.10279724924124209,0
lin,1,SR1482_40X_HE_T129_01,0,0.21285467889510962,0
lin,1,SR1482_40X_HE_T129_02,0,0.864418365706023,1
lin,1,SR1482_40X_HE_T139_01,0,0.6049351600436462,1
lin,1,SR1482_40X_HE_T139_02,0,0.8376257537540859,1
lin,1,SR1482_40X_HE_T147_01,0,0.6169478947942237,1
lin,1,SR1482_40X_HE_T147_02,0,0.9345531412759454,1
lin,1,SR1482_40X_HE_T159_01,0,0.708693961578654,1
lin,1,SR1482_40X_HE_T159_02,0,0.4507008518748314,0
lin,1,SR1482_40X_HE_T192_01,0,0.09112381855952223,0
lin,1,SR1482_40X_HE_T199_01,0,0.0002389909659233508,0
lin,1,SR1482_40X_HE_T304_01,0,0.004110766088937003,0
lin,1,SR1482_40X_HE_T304_02,0,0.0029652429652450947,0
lin,1,SR1482_40X_HE_T310_01,1,0.09539344745393558,0
lin,1,SR1482_40X_HE_T310_02,1,0.003848937408724429,0
lin,1,SR1482_40X_HE_T341_01,0,0.00025921954492802657,0
lin,1,SR1482_40X_HE_T341_02,0,0.0022196585499635185,0
lin,1,SR1482_40X_HE_T353_01,0,0.01302597915018432,0
lin,1,SR1482_40X_HE_T390_01,0,0.0011191210639754138,0
lin,1,SR1482_40X_HE_T433_01,1,0.05811661740618853,0
lin,1,SR386_40X_HE_T003_01,0,0.024527508728244253,0
lin,1,SR386_40X_HE_T004_01,0,0.057096688152178166,0
lin,1,SR386_40X_HE_T022_01,1,0.7361903562695086,1
lin,1,SR386_40X_HE_T030_01,0,0.4416860774064194,0
lin,1,SR386_40X_HE_T033_01,0,0.005679292844050693,0
lin,1,SR386_40X_HE_T036_01,0,0.00813485676974686,0
lin,1,SR386_40X_HE_T038_01,0,0.026654025610819282,0
lin,1,SR386_40X_HE_T049_01,0,0.0012342293450384437,0
lin,1,SR386_40X_HE_T050_01,0,0.003536653693733816,0
lin,1,SR386_40X_HE_T060_01,0,0.2681681342062534,0
lin,1,SR386_40X_HE_T063_01,0,0.23101414039674267,0
lin,1,SR386_40X_HE_T066_01,0,0.024961642035657573,0
lin,1,SR386_40X_HE_T069_01,0,0.06637208929858368,0
lin,1,SR386_40X_HE_T072_01,0,0.16229506403606553,0
lin,1,SR386_40X_HE_T074_01,0,0.015137966375314487,0
lin,1,SR386_40X_HE_T078_01,0,0.004029175366402744,0
lin,1,SR386_40X_HE_T079_01,0,0.0004644373228041091,0
lin,1,SR386_40X_HE_T092_01,1,0.055642949682742984,0
lin,1,SR386_40X_HE_T096_01,0,0.0016163488271496728,0
lin,1,SR386_40X_HE_T099_01,0,0.017325858214328034,0
lin,1,SR386_40X_HE_T103_01,0,0.0011712958328258252,0
lin,1,SR386_40X_HE_T108_01,0,0.01039303212019804,0
lin,1,SR386_40X_HE_T113_01,0,0.009339830445444666,0
lin,1,SR386_40X_HE_T114_01,0,0.0026139297199679317,0
lin,1,SR386_40X_HE_T119_01,0,0.0064719155885932175,0
lin,1,SR386_40X_HE_T126_01,0,0.005534421995250835,0
lin,1,SR386_40X_HE_T130_01,0,0.013891705239854847,0
lin,1,SR386_40X_HE_T131_01,0,0.026353867357207253,0
lin,1,SR386_40X_HE_T135_01,0,0.05252850655493832,0
lin,1,SR386_40X_HE_T140_01,0,0.0030443288401348434,0
lin,1,SR386_40X_HE_T144_01,0,0.09456280607624926,0
lin,1,SR386_40X_HE_T147_01,0,0.03975975194101102,0
lin,1,SR386_40X_HE_T148_01,0,0.06277602156817189,0
lin,1,SR386_40X_HE_T160_01,0,0.011390783123533327,0
lin,1,SR386_40X_HE_T169_01,0,0.0005988490722888809,0
lin,1,SR386_40X_HE_T170_01,1,0.6357478524220007,1
lin,1,SR386_40X_HE_T172_01,0,0.7351258775014005,1
lin,1,SR386_40X_HE_T174_01,0,0.007426988605648319,0
lin,1,SR386_40X_HE_T181_01,0,0.004733881577373019,0
lin,1,SR386_40X_HE_T196_01,0,0.03239109999486211,0
lin,1,SR386_40X_HE_T205_01,0,0.30490073205440416,0
lin,1,SR386_40X_HE_T209_01,0,0.0004486890857101436,0
lin,1,SR386_40X_HE_T210_01,0,0.2602171138180324,0
lin,1,SR386_40X_HE_T212_01,0,0.003196598694287366,0
lin,1,SR386_40X_HE_T221_01,0,0.0007262873429800301,0
lin,1,SR386_40X_HE_T224_01,0,0.20148037303018151,0
lin,1,SR386_40X_HE_T231_01,1,0.36031635766124864,0
lin,1,SR386_40X_HE_T232_01,0,0.0067402036077129825,0
lin,1,SR386_40X_HE_T247_01,0,0.09776174590227393,0
lin,1,SR386_40X_HE_T252_01,0,0.02853471613749272,0
lin,1,SR386_40X_HE_T255_01,0,0.014317140121524961,0
lin,1,SR386_40X_HE_T259_01,1,0.03458948211462104,0
lin,1,SR386_40X_HE_T274_01,0,0.00128791874715481,0
lin,1,SR386_40X_HE_T275_01,0,0.11351514195132825,0
lin,1,SR386_40X_HE_T282_01,0,0.006503642066808732,0
lin,1,SR386_40X_HE_T294_01,0,0.3483140732314388,0
lin,1,SR386_40X_HE_T311_01,0,0.035918085286196985,0
lin,1,SR386_40X_HE_T315_01,0,0.003123337920095572,0
lin,1,SR386_40X_HE_T319_01,1,0.06783385789186808,0
lin,1,SR386_40X_HE_T324_01,1,0.10205960320680549,0
lin,1,SR386_40X_HE_T330_01,0,0.005980615704911474,0
lin,1,SR386_40X_HE_T333_01,0,0.04783797316143167,0
lin,1,SR386_40X_HE_T335_01,0,0.004921603879285944,0
lin,1,SR386_40X_HE_T337_01,0,0.22538566012086797,0
lin,1,SR386_40X_HE_T344_01,0,0.02076232485487419,0
lin,1,SR386_40X_HE_T347_01,0,0.015187764735697926,0
lin,1,SR386_40X_HE_T350_01,0,0.02232427408827669,0
lin,1,SR386_40X_HE_T351_01,0,0.14791887992272632,0
lin,1,SR386_40X_HE_T360_01,0,0.007165656219546649,0
lin,1,SR386_40X_HE_T361_01,0,0.01848887150992498,0
lin,1,SR386_40X_HE_T366_01,0,0.0011517544141897036,0
lin,1,SR386_40X_HE_T377_01,1,0.9533042811847897,1
lin,1,SR386_40X_HE_T384_01,0,0.0021096985111521737,0
lin,1,SR386_40X_HE_T395_01,0,0.0008099048284908109,0
lin,1,SR386_40X_HE_T396_01,0,0.017270846662065333,0
lin,1,SR386_40X_HE_T401_01,0,0.17067437127970886,0
lin,1,SR386_40X_HE_T408_01,0,0.022934092536713354,0
lin,1,SR386_40X_HE_T410_01,0,0.07503991087418942,0
lin,1,SR386_40X_HE_T413_01,0,0.11960778524996508,0
lin,1,SR386_40X_HE_T416_01,0,0.0209740905572784,0
lin,1,SR386_40X_HE_T418_01,0,0.006662136295451699,0
lin,1,SR386_40X_HE_T419_01,0,0.06339006985387664,0
lin,1,SR386_40X_HE_T421_01,0,0.02122421773495982,0
lin,1,SR386_40X_HE_T423_01,0,0.01038857067053699,0
lin,1,SR386_40X_HE_T428_01,0,0.11621663559716593,0
lin,1,SR386_40X_HE_T430_01,0,0.0041922202568811405,0
lin,1,SR386_40X_HE_T431_01,0,0.19203796750942306,0
lin,1,SR386_40X_HE_T435_01,0,0.9207490563686807,1
lin,1,SR386_40X_HE_T438_01,0,0.06661512675991559,0
lin,1,SR386_40X_HE_T439_01,0,0.013202699817069142,0
lin,1,SR386_40X_HE_T447_01,0,0.0002562026539943161,0
lin,1,SR386_40X_HE_T449_01,0,0.0034430199751041444,0
lin,1,SR386_40X_HE_T454_01,0,0.06633142356824323,0
lin,1,SR386_40X_HE_T456_01,0,0.008557018930814167,0
lin,1,SR386_40X_HE_T461_01,0,0.07698983232478193,0
lin,1,SR386_40X_HE_T462_01,0,0.03886390776430765,0
lin,1,SR386_40X_HE_T468_01,0,0.01675153075129385,0
lin,1,SR386_40X_HE_T469_01,1,0.06764999796556741,0
lin,1,SR386_40X_HE_T470_01,0,0.015054949294321567,0
lin,1,SR386_40X_HE_T471_01,0,0.015511551603315311,0
lin,1,SR386_40X_HE_T477_01,0,0.01865055662754526,0
lin,1,SR386_40X_HE_T480_01,0,0.4830615679672919,0
lin,1,SR386_40X_HE_T484_01,0,0.1918660534830193,0
lin,1,SR386_40X_HE_T495_01,0,0.0017651910169409419,0
lin,1,SR386_40X_HE_T496_01,0,0.003138970327281417,0
lin,1,SR386_40X_HE_T498_01,0,0.3379344243307337,0
lin,1,SR386_40X_HE_T504_01,0,0.011070720716888829,0
lin,1,SR386_40X_HE_T511_01,0,0.09605091421656595,0
lin,1,SR386_40X_HE_T517_01,0,0.30066415319777684,0
lin,1,SR386_40X_HE_T523_01,0,0.009003733397915893,0
lin,1,SR386_40X_HE_T529_01,0,0.008582054939082264,0
lin,1,SR386_40X_HE_T542_01,0,0.003859444472945259,0
lin,1,SR386_40X_HE_T569_01,0,0.3272978485845178,0
lin,1,SR386_40X_HE_T582_01,0,0.01909793794148994,0
lin,2,SR1482_40X_HE_T009_01,0,0.005036850490989941,0
lin,2,SR1482_40X_HE_T009_02,0,0.01927702412527818,0
lin,2,SR1482_40X_HE_T015_01,0,0.196706070124643,0
lin,2,SR1482_40X_HE_T021_01,0,0.01634315761587378,0
lin,2,SR1482_40X_HE_T067_01,0,0.025247535897592696,0
lin,2,SR1482_40X_HE_T075_01,0,0.008433632386031654,0
lin,2,SR1482_40X_HE_T075_02,0,0.027933857953483302,0
lin,2,SR1482_40X_HE_T098_01,0,0.008022130956972394,0
lin,2,SR1482_40X_HE_T098_02,0,0.05780533828683572,0
lin,2,SR1482_40X_HE_T102_01,0,0.03876409681489717,0
lin,2,SR1482_40X_HE_T123_01,0,0.14418917843783063,0
lin,2,SR1482_40X_HE_T142_01,0,0.0027715714229695856,0
lin,2,SR1482_40X_HE_T146_01,0,0.6074174859533175,1
lin,2,SR1482_40X_HE_T148_01,0,0.09977630690547001,0
lin,2,SR1482_40X_HE_T148_02,0,0.04668473564325953,0
lin,2,SR1482_40X_HE_T154_01,0,0.06298469744172215,0
lin,2,SR1482_40X_HE_T158_01,0,0.017645056583002475,0
lin,2,SR1482_40X_HE_T161_01,0,0.2535094715235849,0
lin,2,SR1482_40X_HE_T161_02,0,0.02631569500195261,0
lin,2,SR1482_40X_HE_T164_01,1,0.03830463527259027,0
lin,2,SR1482_40X_HE_T164_02,1,0.049188078458118775,0
lin,2,SR1482_40X_HE_T168_01,0,0.33446258366817955,0
lin,2,SR1482_40X_HE_T171_01,0,0.25395968071826885,0
lin,2,SR1482_40X_HE_T171_02,0,0.09486601339608455,0
lin,2,SR1482_40X_HE_T178_01,1,0.0912761577896683,0
lin,2,SR1482_40X_HE_T186_01,0,0.016507780291310753,0
lin,2,SR1482_40X_HE_T193_01,0,0.01800081252123767,0
lin,2,SR1482_40X_HE_T193_02,0,0.11378696813658488,0
lin,2,SR1482_40X_HE_T209_01,0,0.10759652252959097,0
lin,2,SR1482_40X_HE_T209_02,0,0.6721304252778475,1
lin,2,SR1482_40X_HE_T245_01,0,0.16534473740992292,0
lin,2,SR1482_40X_HE_T245_02,0,0.07532788097704544,0
lin,2,SR1482_40X_HE_T265_01,0,0.023590352514804885,0
lin,2,SR1482_40X_HE_T302_01,0,0.17254603763045445,0
lin,2,SR1482_40X_HE_T343_01,1,0.6575172616513214,1
lin,2,SR1482_40X_HE_T343_02,1,0.6575164162727554,1
lin,2,SR1482_40X_HE_T399_01,0,0.03017457905504902,0
lin,2,SR1482_40X_HE_T399_02,0,0.1777110734651784,0
lin,2,SR1482_40X_HE_T426_01,0,0.1794040941321565,0
lin,2,SR1482_40X_HE_T426_02,0,0.08069739106996311,0
lin,2,SR386_40X_HE_T001_01,0,0.06361538517325717,0
lin,2,SR386_40X_HE_T013_01,0,0.0350174208003818,0
lin,2,SR386_40X_HE_T018_01,0,0.09580025905668849,0
lin,2,SR386_40X_HE_T019_01,0,0.029092642647585387,0
lin,2,SR386_40X_HE_T024_01,0,0.0038480777883567936,0
lin,2,SR386_40X_HE_T039_01,0,0.0003969009533609914,0
lin,2,SR386_40X_HE_T040_01,1,0.3647786016647047,0
lin,2,SR386_40X_HE_T042_01,0,0.057441614384526336,0
lin,2,SR386_40X_HE_T047_01,0,0.0018734713493567675,0
lin,2,SR386_40X_HE_T051_01,0,0.007534438201953586,0
lin,2,SR386_40X_HE_T052_01,0,0.09511417394793122,0
lin,2,SR386_40X_HE_T056_01,0,0.007403010334805233,0
lin,2,SR386_40X_HE_T057_01,0,0.000857001988215299,0
lin,2,SR386_40X_HE_T070_01,0,0.014515302199249765,0
lin,2,SR386_40X_HE_T082_01,0,0.13053779240484267,0
lin,2,SR386_40X_HE_T084_01,0,0.031419355986305665,0
lin,2,SR386_40X_HE_T087_01,0,0.16145976534518253,0
lin,2,SR386_40X_HE_T088_01,0,0.022288038929438075,0
lin,2,SR386_40X_HE_T098_01,0,0.2973319287422232,0
lin,2,SR386_40X_HE_T105_01,0,0.0008280845674603029,0
lin,2,SR386_40X_HE_T122_01,0,0.014047429755836513,0
lin,2,SR386_40X_HE_T123_01,0,0.08153684765340673,0
lin,2,SR386_40X_HE_T133_01,0,0.02138371462305957,0
lin,2,SR386_40X_HE_T145_01,0,0.16293649844245683,0
lin,2,SR386_40X_HE_T150_01,0,0.43285597911574697,0
lin,2,SR386_40X_HE_T152_01,0,0.07873102145097786,0
lin,2,SR386_40X_HE_T155_01,0,0.007061505392749134,0
lin,2,SR386_40X_HE_T157_01,0,0.05505423609204524,0
lin,2,SR386_40X_HE_T164_01,0,0.005774428482456503,0
lin,2,SR386_40X_HE_T166_01,0,0.02048679773094016,0
lin,2,SR386_40X_HE_T176_01,1,0.21596548611479838,0
lin,2,SR386_40X_HE_T177_01,0,0.059386782698546914,0
lin,2,SR386_40X_HE_T178_01,0,0.0313105755869897,0
lin,2,SR386_40X_HE_T187_01,0,0.12561755368600597,0
lin,2,SR386_40X_HE_T190_01,0,0.00026712800852428734,0
lin,2,SR386_40X_HE_T192_01,0,0.000780095594960107,0
lin,2,SR386_40X_HE_T198_01,0,0.05195392180076935,0
lin,2,SR386_40X_HE_T200_01,0,0.26448740151430983,0
lin,2,SR386_40X_HE_T206_01,1,0.04851216516771678,0
lin,2,SR386_40X_HE_T211_01,0,0.01416692718447794,0
lin,2,SR386_40X_HE_T213_01,0,0.019553967079459125,0
lin,2,SR386_40X_HE_T214_01,0,0.1049156943390811,0
lin,2,SR386_40X_HE_T220_01,0,0.10006987962122277,0
lin,2,SR386_40X_HE_T230_01,1,0.12456918544443174,0
lin,2,SR386_40X_HE_T236_01,0,0.01650366268711148,0
lin,2,SR386_40X_HE_T237_01,0,0.007793905814786947,0
lin,2,SR386_40X_HE_T240_01,0,0.0041225159489979004,0
lin,2,SR386_40X_HE_T241_01,0,0.025986376495892693,0
lin,2,SR386_40X_HE_T242_01,0,0.014577810077636507,0
lin,2,SR386_40X_HE_T253_01,0,0.0007377528892824662,0
lin,2,SR386_40X_HE_T260_01,0,0.026029610412431944,0
lin,2,SR386_40X_HE_T262_01,0,0.041209260773494426,0
lin,2,SR386_40X_HE_T264_01,0,0.015470805203369511,0
lin,2,SR386_40X_HE_T271_01,0,0.000964631033601527,0
lin,2,SR386_40X_HE_T281_01,0,0.01953894419231292,0
lin,2,SR386_40X_HE_T297_01,0,0.0004485148490922617,0
lin,2,SR386_40X_HE_T299_01,0,0.010763122394604328,0
lin,2,SR386_40X_HE_T301_01,0,0.00638422304972619,0
lin,2,SR386_40X_HE_T306_01,0,0.056006771517925484,0
lin,2,SR386_40X_HE_T309_01,0,0.024883157172561038,0
lin,2,SR386_40X_HE_T314_01,0,0.08316203581052364,0
lin,2,SR386_40X_HE_T316_01,0,0.07006893063054913,0
lin,2,SR386_40X_HE_T318_01,0,0.019662640375273446,0
lin,2,SR386_40X_HE_T321_01,0,0.025315000392362754,0
lin,2,SR386_40X_HE_T326_01,0,0.011134739296022697,0
lin,2,SR386_40X_HE_T327_01,0,0.00697095117579738,0
lin,2,SR386_40X_HE_T332_01,1,0.10168172009325085,0
lin,2,SR386_40X_HE_T355_01,0,0.0058494051451857074,0
lin,2,SR386_40X_HE_T364_01,0,0.2989708139755615,0
lin,2,SR386_40X_HE_T368_01,1,0.1848844696219632,0
lin,2,SR386_40X_HE_T374_01,0,0.014661616674459622,0
lin,2,SR386_40X_HE_T380_01,0,0.007130810140878016,0
lin,2,SR386_40X_HE_T382_01,0,0.020144058408780814,0
lin,2,SR386_40X_HE_T392_01,0,0.0022126056243299617,0
lin,2,SR386_40X_HE_T398_01,0,0.038458996796583586,0
lin,2,SR386_40X_HE_T402_01,1,0.035272989259789035,0
lin,2,SR386_40X_HE_T404_01,0,0.013168014991443924,0
lin,2,SR386_40X_HE_T415_01,0,0.00349390918312542,0
lin,2,SR386_40X_HE_T417_01,0,0.0028986447509344853,0
lin,2,SR386_40X_HE_T425_01,0,0.03190290816414325,0
lin,2,SR386_40X_HE_T436_01,1,0.0011092350224335852,0
lin,2,SR386_40X_HE_T437_01,0,0.1932769758765629,0
lin,2,SR386_40X_HE_T440_01,0,0.02425821297881257,0
lin,2,SR386_40X_HE_T445_01,0,0.14683167223727647,0
lin,2,SR386_40X_HE_T450_01,0,0.20972005255778856,0
lin,2,SR386_40X_HE_T459_01,0,0.005605546459666499,0
lin,2,SR386_40X_HE_T472_01,0,0.02983731993080312,0
lin,2,SR386_40X_HE_T481_01,0,0.04850818496844886,0
lin,2,SR386_40X_HE_T483_01,0,0.03003887176835153,0
lin,2,SR386_40X_HE_T486_01,0,0.02246156299223711,0
lin,2,SR386_40X_HE_T488_01,0,0.0664817559911161,0
lin,2,SR386_40X_HE_T499_01,0,0.02583369503326486,0
lin,2,SR386_40X_HE_T507_01,0,0.07913022190742076,0
lin,2,SR386_40X_HE_T514_01,0,0.0068746338831914226,0
lin,2,SR386_40X_HE_T520_01,1,0.011659304278694474,0
lin,2,SR386_40X_HE_T522_01,0,0.043287552236459546,0
lin,2,SR386_40X_HE_T531_01,0,0.007865953346494377,0
lin,2,SR386_40X_HE_T535_01,0,0.003019335443960545,0
lin,2,SR386_40X_HE_T539_01,0,0.25911745039777784,0
lin,2,SR386_40X_HE_T549_01,0,0.011544232479376202,0
lin,2,SR386_40X_HE_T552_01,0,0.02783576157243699,0
lin,2,SR386_40X_HE_T553_01,0,0.07069558977685349,0
lin,2,SR386_40X_HE_T554_01,0,0.6424187356729385,1
lin,2,SR386_40X_HE_T558_01,0,0.011661774382150871,0
lin,2,SR386_40X_HE_T564_01,0,0.006243963035829191,0
lin,2,SR386_40X_HE_T570_01,0,0.02022751815210638,0
lin,2,SR386_40X_HE_T574_01,0,0.0035912571651974634,0
lin,2,SR386_40X_HE_T578_01,0,0.0005284130933835282,0
lin,2,SR386_40X_HE_T580_01,0,0.00397950045725253,0
lin,3,SR1482_40X_HE_T005_01,0,0.7595744070463187,1
lin,3,SR1482_40X_HE_T005_02,0,0.1604791971840084,0
lin,3,SR1482_40X_HE_T010_01,0,0.0003445243881610368,0
lin,3,SR1482_40X_HE_T043_01,0,0.09125974362702352,0
lin,3,SR1482_40X_HE_T043_02,0,0.010039394579832201,0
lin,3,SR1482_40X_HE_T049_01,0,0.001401539691423622,0
lin,3,SR1482_40X_HE_T061_01,0,0.27138253384603145,0
lin,3,SR1482_40X_HE_T061_02,0,0.08161188662763115,0
lin,3,SR1482_40X_HE_T070_01,1,0.02738907784807459,0
lin,3,SR1482_40X_HE_T073_01,0,0.0015989282731218469,0
lin,3,SR1482_40X_HE_T082_01,0,0.014204610199960277,0
lin,3,SR1482_40X_HE_T082_02,0,0.01336058224875858,0
lin,3,SR1482_40X_HE_T089_01,0,0.0017001915148798338,0
lin,3,SR1482_40X_HE_T090_01,0,0.0015932021278355463,0
lin,3,SR1482_40X_HE_T094_01,1,0.026397184297881644,0
lin,3,SR1482_40X_HE_T094_02,1,0.0393763892013989,0
lin,3,SR1482_40X_HE_T105_01,0,0.007125541684788713,0
lin,3,SR1482_40X_HE_T115_01,0,0.005153712313885006,0
lin,3,SR1482_40X_HE_T115_02,0,0.0015571765407902266,0
lin,3,SR1482_40X_HE_T118_01,0,0.08222542063746342,0
lin,3,SR1482_40X_HE_T118_02,0,0.01224133426365934,0
lin,3,SR1482_40X_HE_T120_01,0,0.7381184660086072,1
lin,3,SR1482_40X_HE_T120_02,0,0.216816331617099,0
lin,3,SR1482_40X_HE_T124_01,0,0.05773502332343335,0
lin,3,SR1482_40X_HE_T124_02,0,0.5761973816430905,1
lin,3,SR1482_40X_HE_T138_01,0,0.0035079946224001357,0
lin,3,SR1482_40X_HE_T160_01,0,0.0008502075859142562,0
lin,3,SR1482_40X_HE_T160_02,0,0.00014211097197825204,0
lin,3,SR1482_40X_HE_T167_01,0,0.08025494555290161,0
lin,3,SR1482_40X_HE_T167_02,0,0.3949437219842033,0
lin,3,SR1482_40X_HE_T175_01,0,0.01999624107993316,0
lin,3,SR1482_40X_HE_T175_02,0,0.3319524132597698,0
lin,3,SR1482_40X_HE_T177_01,1,1.891897116397492e-05,0
lin,3,SR1482_40X_HE_T188_01,0,0.000154061922121313,0
lin,3,SR1482_40X_HE_T195_01,0,0.0006673780585266393,0
lin,3,SR1482_40X_HE_T195_02,0,0.0019267415987731017,0
lin,3,SR1482_40X_HE_T202_01,0,0.003877026127677259,0
lin,3,SR1482_40X_HE_T202_02,0,0.019270951724181917,0
lin,3,SR1482_40X_HE_T225_01,0,0.03496290585901346,0
lin,3,SR1482_40X_HE_T225_02,0,7.046386822147649e-05,0
lin,3,SR1482_40X_HE_T235_01,0,0.01036302628127777,0
lin,3,SR1482_40X_HE_T235_02,0,0.023603687881792124,0
lin,3,SR1482_40X_HE_T236_01,0,0.0009499483524848257,0
lin,3,SR1482_40X_HE_T236_02,0,0.002274836402246947,0
lin,3,SR1482_40X_HE_T258_01,0,0.02285210178746313,0
lin,3,SR1482_40X_HE_T258_02,0,0.025356791590824053,0
lin,3,SR1482_40X_HE_T284_01,1,0.04707237417136642,0
lin,3,SR1482_40X_HE_T284_02,1,0.011451243781817751,0
lin,3,SR1482_40X_HE_T301_01,1,0.013562851943055638,0
lin,3,SR1482_40X_HE_T301_02,1,0.011094851553040975,0
lin,3,SR1482_40X_HE_T309_01,0,0.029550299254937924,0
lin,3,SR1482_40X_HE_T313_01,0,0.2009154397002124,0
lin,3,SR1482_40X_HE_T313_02,0,0.24450889401474038,0
lin,3,SR1482_40X_HE_T338_01,0,0.02840879779588838,0
lin,3,SR1482_40X_HE_T344_01,0,0.06468443729853691,0
lin,3,SR1482_40X_HE_T344_02,0,0.03661344072000736,0
lin,3,SR1482_40X_HE_T346_01,0,0.06011289662703692,0
lin,3,SR1482_40X_HE_T346_02,0,0.0799231995931204,0
lin,3,SR1482_40X_HE_T377_01,0,0.007072036923228543,0
lin,3,SR1482_40X_HE_T377_02,0,0.09262666108792093,0
lin,3,SR1482_40X_HE_T419_01,0,0.017017163803401895,0
lin,3,SR1482_40X_HE_T427_01,0,0.018713286168005088,0
lin,3,SR1482_40X_HE_T427_02,0,0.006809090916855271,0
lin,3,SR386_40X_HE_T007_01,0,0.006365032796648268,0
lin,3,SR386_40X_HE_T015_01,0,0.2136251818645163,0
lin,3,SR386_40X_HE_T017_01,1,0.4793654957748293,0
lin,3,SR386_40X_HE_T032_01,0,0.0006316976404593919,0
lin,3,SR386_40X_HE_T034_01,0,0.031142816955642232,0
lin,3,SR386_40X_HE_T035_01,0,0.1802929525559488,0
lin,3,SR386_40X_HE_T041_01,0,0.5137310714754043,1
lin,3,SR386_40X_HE_T067_01,0,0.0016916833937226769,0
lin,3,SR386_40X_HE_T075_01,0,0.0007872871082335298,0
lin,3,SR386_40X_HE_T081_01,0,0.9111502596894943,1
lin,3,SR386_40X_HE_T083_01,0,0.1569102556254441,0
lin,3,SR386_40X_HE_T085_01,0,0.0022635618638300746,0
lin,3,SR386_40X_HE_T095_01,0,0.05768329039657723,0
lin,3,SR386_40X_HE_T104_01,0,0.017098703507528845,0
lin,3,SR386_40X_HE_T106_01,0,0.006356527352692337,0
lin,3,SR386_40X_HE_T112_01,0,0.0073667108324713074,0
lin,3,SR386_40X_HE_T128_01,0,0.0064496399992217835,0
lin,3,SR386_40X_HE_T132_01,0,0.003362154048150865,0
lin,3,SR386_40X_HE_T138_01,0,0.12005385928634045,0
lin,3,SR386_40X_HE_T142_01,0,0.09755484987436286,0
lin,3,SR386_40X_HE_T149_01,0,0.049029505549114054,0
lin,3,SR386_40X_HE_T165_01,1,0.09845025146823017,0
lin,3,SR386_40X_HE_T179_01,0,0.40149380593829737,0
lin,3,SR386_40X_HE_T180_01,0,0.016731718662082524,0
lin,3,SR386_40X_HE_T182_01,0,0.27143908437221465,0
lin,3,SR386_40X_HE_T184_01,0,0.18878953837874704,0
lin,3,SR386_40X_HE_T188_01,0,0.008827293842868985,0
lin,3,SR386_40X_HE_T191_01,0,0.006845209248716434,0
lin,3,SR386_40X_HE_T197_01,0,0.016531348942244454,0
lin,3,SR386_40X_HE_T201_01,0,0.004939505100896397,0
lin,3,SR386_40X_HE_T202_01,0,0.0013821222156464967,0
lin,3,SR386_40X_HE_T208_01,0,0.004290414995538429,0
lin,3,SR386_40X_HE_T216_01,1,0.10500609058141039,0
lin,3,SR386_40X_HE_T238_01,0,0.0006165828268479527,0
lin,3,SR386_40X_HE_T244_01,0,0.0033328154552468717,0
lin,3,SR386_40X_HE_T248_01,0,0.009267145966106076,0
lin,3,SR386_40X_HE_T249_01,0,0.0013300656164550702,0
lin,3,SR386_40X_HE_T250_01,0,0.014845177318982281,0
lin,3,SR386_40X_HE_T263_01,0,0.0029650853545147224,0
lin,3,SR386_40X_HE_T267_01,0,0.1229077824593112,0
lin,3,SR386_40X_HE_T269_01,0,0.0025494524105147656,0
lin,3,SR386_40X_HE_T277_01,0,0.048969446010666585,0
lin,3,SR386_40X_HE_T286_01,0,0.3971309018909191,0
lin,3,SR386_40X_HE_T287_01,0,0.10159365211973659,0
lin,3,SR386_40X_HE_T290_01,0,0.04393869345906155,0
lin,3,SR386_40X_HE_T293_01,0,0.002280446424112862,0
lin,3,SR386_40X_HE_T298_01,0,0.013681448071832568,0
lin,3,SR386_40X_HE_T303_01,0,0.0030169939168657144,0
lin,3,SR386_40X_HE_T312_01,0,0.040402612916287724,0
lin,3,SR386_40X_HE_T329_01,0,0.205544924445432,0
lin,3,SR386_40X_HE_T336_01,0,0.05118062801097258,0
lin,3,SR386_40X_HE_T338_01,0,0.0024635268571161417,0
lin,3,SR386_40X_HE_T342_01,0,0.0055977260026727664,0
lin,3,SR386_40X_HE_T353_01,0,0.07902955082787275,0
lin,3,SR386_40X_HE_T357_01,0,0.0012443359886513895,0
lin,3,SR386_40X_HE_T362_01,0,0.02077763338869893,0
lin,3,SR386_40X_HE_T363_01,1,0.1626051108966531,0
lin,3,SR386_40X_HE_T372_01,0,0.15767855427459027,0
lin,3,SR386_40X_HE_T378_01,0,0.0016119695997178492,0
lin,3,SR386_40X_HE_T379_01,0,0.002358483327527134,0
lin,3,SR386_40X_HE_T386_01,0,0.006338114513057805,0
lin,3,SR386_40X_HE_T387_01,0,0.00016966921901834017,0
lin,3,SR386_40X_HE_T393_01,0,0.00020255579369206976,0
lin,3,SR386_40X_HE_T397_01,0,0.05158276649498175,0
lin,3,SR386_40X_HE_T406_01,0,0.07207858030047194,0
lin,3,SR386_40X_HE_T409_01,0,0.029364518403194248,0
lin,3,SR386_40X_HE_T422_01,0,0.0004859423886827866,0
lin,3,SR386_40X_HE_T426_01,0,0.01418036053059947,0
lin,3,SR386_40X_HE_T433_01,0,0.00706405712214874,0
lin,3,SR386_40X_HE_T443_01,0,0.03908672559016985,0
lin,3,SR386_40X_HE_T448_01,0,0.02553424966780642,0
lin,3,SR386_40X_HE_T452_01,0,0.07490063230240966,0
lin,3,SR386_40X_HE_T460_01,1,0.2099973874597838,0
lin,3,SR386_40X_HE_T473_01,0,0.012133843127973555,0
lin,3,SR386_40X_HE_T475_01,0,0.007993027848549631,0
lin,3,SR386_40X_HE_T478_01,0,0.0017369403476632866,0
lin,3,SR386_40X_HE_T489_01,1,0.007444740288778535,0
lin,3,SR386_40X_HE_T491_01,0,0.07563342567623492,0
lin,3,SR386_40X_HE_T492_01,0,0.003949819697662671,0
lin,3,SR386_40X_HE_T493_01,0,0.003606098829483728,0
lin,3,SR386_40X_HE_T502_01,0,0.0018757846884013953,0
lin,3,SR386_40X_HE_T505_01,0,0.043134293855294124,0
lin,3,SR386_40X_HE_T506_01,0,0.020628240563523224,0
lin,3,SR386_40X_HE_T509_01,0,0.2681774783978944,0
lin,3,SR386_40X_HE_T516_01,0,0.006041003100239765,0
lin,3,SR386_40X_HE_T518_01,0,0.0008197921471435439,0
lin,3,SR386_40X_HE_T519_01,0,0.0016604604886779487,0
lin,3,SR386_40X_HE_T521_01,0,0.0004950103362424906,0
lin,3,SR386_40X_HE_T526_01,0,0.0027008081247294493,0
lin,3,SR386_40X_HE_T533_01,0,0.004273475190655694,0
lin,3,SR386_40X_HE_T543_01,0,0.005313966139892568,0
lin,3,SR386_40X_HE_T544_01,0,0.016875037021871753,0
lin,3,SR386_40X_HE_T556_01,1,0.04223997694364554,0
lin,3,SR386_40X_HE_T560_01,0,0.003922931802805068,0
lin,3,SR386_40X_HE_T563_01,0,0.00034310481150558306,0
lin,3,SR386_40X_HE_T568_01,0,0.23810205469213844,0
lin,3,SR386_40X_HE_T571_01,0,0.001699908974842381,0
lin,3,SR386_40X_HE_T572_01,0,0.02894800997082653,0
lin,3,SR386_40X_HE_T573_01,0,0.01995063742278392,0
lin,3,SR386_40X_HE_T583_01,0,0.020983051997274176,0
lin,4,SR1482_40X_HE_T002_01,0,0.0005502267431571455,0
lin,4,SR1482_40X_HE_T003_01,0,0.015374067761400455,0
lin,4,SR1482_40X_HE_T004_01,0,0.005796562284506946,0
lin,4,SR1482_40X_HE_T004_02,0,0.0003424234910434579,0
lin,4,SR1482_40X_HE_T011_01,0,0.03211244672526924,0
lin,4,SR1482_40X_HE_T025_01,0,0.028567409087466043,0
lin,4,SR1482_40X_HE_T025_02,0,0.11904314282751813,0
lin,4,SR1482_40X_HE_T060_01,0,0.030419432530492205,0
lin,4,SR1482_40X_HE_T062_01,0,0.04203422004173958,0
lin,4,SR1482_40X_HE_T062_02,0,0.41537917351530845,0
lin,4,SR1482_40X_HE_T064_01,0,0.4369405497880475,0
lin,4,SR1482_40X_HE_T064_02,0,0.34912084473452515,0
lin,4,SR1482_40X_HE_T071_01,0,0.07217098444075298,0
lin,4,SR1482_40X_HE_T071_02,0,0.042677257731576226,0
lin,4,SR1482_40X_HE_T074_01,0,0.003475999689450935,0
lin,4,SR1482_40X_HE_T074_02,0,0.0033812158405849974,0
lin,4,SR1482_40X_HE_T083_01,0,0.30302580361275616,0
lin,4,SR1482_40X_HE_T083_02,0,0.11431172175921703,0
lin,4,SR1482_40X_HE_T087_01,0,0.5936568826822063,1
lin,4,SR1482_40X_HE_T097_01,1,0.2812792242670904,0
lin,4,SR1482_40X_HE_T097_02,1,0.011107815311174742,0
lin,4,SR1482_40X_HE_T108_01,0,0.0007658296967580166,0
lin,4,SR1482_40X_HE_T113_01,0,0.28448608216116394,0
lin,4,SR1482_40X_HE_T113_02,0,0.14369554104127863,0
lin,4,SR1482_40X_HE_T121_01,0,5.8165658045475725e-05,0
lin,4,SR1482_40X_HE_T122_01,0,5.117455951024758e-05,0
lin,4,SR1482_40X_HE_T125_01,0,0.09752681508908742,0
lin,4,SR1482_40X_HE_T125_02,0,0.002938421033556085,0
lin,4,SR1482_40X_HE_T131_01,0,0.0030885151253236443,0
lin,4,SR1482_40X_HE_T131_02,0,0.21923550969397335,0
lin,4,SR1482_40X_HE_T132_01,0,0.05146487333213764,0
lin,4,SR1482_40X_HE_T132_02,0,0.02361539173251177,0
lin,4,SR1482_40X_HE_T143_01,0,0.454410211402927,0
lin,4,SR1482_40X_HE_T143_02,0,0.07512960952228301,0
lin,4,SR1482_40X_HE_T166_01,1,0.0028901301524845197,0
lin,4,SR1482_40X_HE_T169_01,0,0.018831869459006244,0
lin,4,SR1482_40X_HE_T176_01,1,0.7270260656387162,1
lin,4,SR1482_40X_HE_T176_02,1,0.9238428765512353,1
lin,4,SR1482_40X_HE_T191_01,0,0.013431074701392345,0
lin,4,SR1482_40X_HE_T194_01,0,0.7342389107499157,1
lin,4,SR1482_40X_HE_T218_01,0,9.964086936853616e-05,0
lin,4,SR1482_40X_HE_T253_01,0,0.0010443635259195893,0
lin,4,SR1482_40X_HE_T290_01,0,0.2730994920479402,0
lin,4,SR1482_40X_HE_T308_01,0,0.15929978623625962,0
lin,4,SR1482_40X_HE_T314_01,0,0.7962219600243722,1
lin,4,SR1482_40X_HE_T314_02,0,0.9942847347193682,1
lin,4,SR1482_40X_HE_T372_01,1,0.9834542050440138,1
lin,4,SR1482_40X_HE_T372_02,1,0.08617372052081948,0
lin,4,SR1482_40X_HE_T408_01,0,0.01850929638022183,0
lin,4,SR1482_40X_HE_T412_01,0,0.002409139527000853,0
lin,4,SR1482_40X_HE_T425_01,0,0.003634456697103944,0
lin,4,SR1482_40X_HE_T434_01,1,0.002576818159146019,0
lin,4,SR386_40X_HE_T006_01,0,0.0018117690776535951,0
lin,4,SR386_40X_HE_T010_01,0,0.025817185405491713,0
lin,4,SR386_40X_HE_T014_01,0,0.0010286619109421214,0
lin,4,SR386_40X_HE_T016_01,0,0.008839566892702643,0
lin,4,SR386_40X_HE_T020_01,0,0.0037096171266515587,0
lin,4,SR386_40X_HE_T027_01,0,0.09283135306612532,0
lin,4,SR386_40X_HE_T028_01,0,0.04064293828337299,0
lin,4,SR386_40X_HE_T037_01,0,0.003956860907004987,0
lin,4,SR386_40X_HE_T043_01,0,0.0014940397936907648,0
lin,4,SR386_40X_HE_T044_01,1,0.027269752025190167,0
lin,4,SR386_40X_HE_T046_01,0,0.7472216933430382,1
lin,4,SR386_40X_HE_T058_01,0,0.006314709526170475,0
lin,4,SR386_40X_HE_T062_01,0,0.00018090562578753494,0
lin,4,SR386_40X_HE_T065_01,1,0.005952113579573222,0
lin,4,SR386_40X_HE_T080_01,0,0.008784490403759978,0
lin,4,SR386_40X_HE_T091_01,0,0.10453823203138521,0
lin,4,SR386_40X_HE_T094_01,0,4.903022936837958e-05,0
lin,4,SR386_40X_HE_T097_01,0,0.047142870905940853,0
lin,4,SR386_40X_HE_T100_01,0,0.028210326642308946,0
lin,4,SR386_40X_HE_T107_01,0,0.03708029955392996,0
lin,4,SR386_40X_HE_T109_01,1,0.0076840183382140695,0
lin,4,SR386_40X_HE_T110_01,0,0.011385192323065528,0
lin,4,SR386_40X_HE_T117_01,0,0.007686504049964164,0
lin,4,SR386_40X_HE_T127_01,0,0.0042638005031319344,0
lin,4,SR386_40X_HE_T129_01,0,0.00524600491434333,0
lin,4,SR386_40X_HE_T136_01,0,0.002761120140845842,0
lin,4,SR386_40X_HE_T154_01,0,0.011222720438613847,0
lin,4,SR386_40X_HE_T168_01,1,0.2462920861241655,0
lin,4,SR386_40X_HE_T175_01,0,0.0007389754188691752,0
lin,4,SR386_40X_HE_T189_01,0,0.00011584157282282633,0
lin,4,SR386_40X_HE_T195_01,0,0.0005775252170163069,0
lin,4,SR386_40X_HE_T227_01,0,0.1167631694138762,0
lin,4,SR386_40X_HE_T233_01,0,0.05692106956944619,0
lin,4,SR386_40X_HE_T234_01,0,0.2383461232219123,0
lin,4,SR386_40X_HE_T235_01,0,0.051249812941730075,0
lin,4,SR386_40X_HE_T239_01,0,0.060583112897647846,0
lin,4,SR386_40X_HE_T245_01,0,0.0005018944636316136,0
lin,4,SR386_40X_HE_T256_01,0,0.020458709245571013,0
lin,4,SR386_40X_HE_T265_01,0,0.005233457140470804,0
lin,4,SR386_40X_HE_T268_01,0,0.017566348787186017,0
lin,4,SR386_40X_HE_T270_01,0,0.036399075007517406,0
lin,4,SR386_40X_HE_T272_01,0,0.3557718193486994,0
lin,4,SR386_40X_HE_T273_01,0,0.2211509712475204,0
lin,4,SR386_40X_HE_T276_01,0,0.04245323022003674,0
lin,4,SR386_40X_HE_T278_01,1,0.7647928884119839,1
lin,4,SR386_40X_HE_T284_01,0,0.003190408053675659,0
lin,4,SR386_40X_HE_T285_01,0,0.013508449850806794,0
lin,4,SR386_40X_HE_T288_01,0,0.14792289749774407,0
lin,4,SR386_40X_HE_T291_01,0,0.07453295995804386,0
lin,4,SR386_40X_HE_T300_01,0,0.1130393951535135,0
lin,4,SR386_40X_HE_T302_01,0,0.029827266595271143,0
lin,4,SR386_40X_HE_T305_01,0,0.007367792704082282,0
lin,4,SR386_40X_HE_T308_01,0,0.016091093792902023,0
lin,4,SR386_40X_HE_T325_01,0,0.019971137673955645,0
lin,4,SR386_40X_HE_T331_01,0,0.07093517983506266,0
lin,4,SR386_40X_HE_T341_01,0,0.03956945452118108,0
lin,4,SR386_40X_HE_T343_01,1,0.012526575990925269,0
lin,4,SR386_40X_HE_T346_01,0,0.2573516502593193,0
lin,4,SR386_40X_HE_T352_01,0,0.07439269023103873,0
lin,4,SR386_40X_HE_T373_01,0,0.004648719473473106,0
lin,4,SR386_40X_HE_T375_01,0,0.28685714991703437,0
lin,4,SR386_40X_HE_T381_01,0,0.0004455423104113353,0
lin,4,SR386_40X_HE_T389_01,0,0.0108084808219281,0
lin,4,SR386_40X_HE_T391_01,0,0.026875831879797814,0
lin,4,SR386_40X_HE_T394_01,0,0.0005269793964005093,0
lin,4,SR386_40X_HE_T399_01,0,0.6312977271476617,1
lin,4,SR386_40X_HE_T403_01,0,0.0002232816388506731,0
lin,4,SR386_40X_HE_T405_01,0,0.02181190299447712,0
lin,4,SR386_40X_HE_T407_01,0,0.026019792564425596,0
lin,4,SR386_40X_HE_T414_01,0,0.027726859009740857,0
lin,4,SR386_40X_HE_T424_01,0,0.056458474706465686,0
lin,4,SR386_40X_HE_T429_01,0,0.12335797844020817,0
lin,4,SR386_40X_HE_T441_01,0,0.026617153248386212,0
lin,4,SR386_40X_HE_T451_01,0,0.04886741608657866,0
lin,4,SR386_40X_HE_T453_01,0,0.0017590627978929295,0
lin,4,SR386_40X_HE_T455_01,0,0.008200640423420976,0
lin,4,SR386_40X_HE_T465_01,0,0.0377309845637656,0
lin,4,SR386_40X_HE_T474_01,0,0.008091684434468645,0
lin,4,SR386_40X_HE_T476_01,0,0.015605966997555225,0
lin,4,SR386_40X_HE_T479_01,0,0.0036663203527552576,0
lin,4,SR386_40X_HE_T482_01,0,0.15877747480657922,0
lin,4,SR386_40X_HE_T487_01,0,0.0023286113567541483,0
lin,4,SR386_40X_HE_T490_01,0,0.0016822263504065284,0
lin,4,SR386_40X_HE_T494_01,0,0.006444000450000986,0
lin,4,SR386_40X_HE_T500_01,0,0.010982874518421214,0
lin,4,SR386_40X_HE_T510_01,0,0.029694036896584796,0
lin,4,SR386_40X_HE_T524_01,0,0.032514226423421735,0
lin,4,SR386_40X_HE_T528_01,0,0.34476041128947954,0
lin,4,SR386_40X_HE_T532_01,0,0.006287656801108236,0
lin,4,SR386_40X_HE_T534_01,0,0.020911890043034353,0
lin,4,SR386_40X_HE_T536_01,0,0.005435364915109663,0
lin,4,SR386_40X_HE_T537_01,0,0.13683129460474425,0
lin,4,SR386_40X_HE_T541_01,0,0.009587186068577705,0
lin,4,SR386_40X_HE_T548_01,1,0.5488904412675146,1
lin,4,SR386_40X_HE_T550_01,0,0.007228503918637623,0
lin,4,SR386_40X_HE_T551_01,0,0.01180097711686409,0
lin,4,SR386_40X_HE_T557_01,0,0.006522082083159958,0
lin,4,SR386_40X_HE_T565_01,0,0.016405797740015524,0
lin,4,SR386_40X_HE_T567_01,0,0.003931564267109445,0
lin,4,SR386_40X_HE_T575_01,0,0.130574944409931,0
lin,4,SR386_40X_HE_T576_01,0,0.009244154741858697,0
lin,4,SR386_40X_HE_T581_01,0,0.21864975864528416,0
ann,1,SR1482_40X_HE_T029_01,0,0.4524563252925873,0
ann,1,SR1482_40X_HE_T029_02,0,0.44545918703079224,0
ann,1,SR1482_40X_HE_T057_01,0,0.41991689801216125,0
ann,1,SR1482_40X_HE_T063_01,1,0.5351921319961548,1
ann,1,SR1482_40X_HE_T063_02,1,0.5250975489616394,1
ann,1,SR1482_40X_HE_T065_01,0,0.48409369587898254,0
ann,1,SR1482_40X_HE_T065_02,0,0.4791055917739868,0
ann,1,SR1482_40X_HE_T066_01,0,0.4984899163246155,0
ann,1,SR1482_40X_HE_T066_02,0,0.5027452111244202,1
ann,1,SR1482_40X_HE_T068_01,0,0.49613726139068604,0
ann,1,SR1482_40X_HE_T069_01,0,0.43523603677749634,0
ann,1,SR1482_40X_HE_T069_02,0,0.46832597255706787,0
ann,1,SR1482_40X_HE_T079_01,1,0.47556379437446594,0
ann,1,SR1482_40X_HE_T079_02,1,0.48275524377822876,0
ann,1,SR1482_40X_HE_T080_01,0,0.5001590847969055,1
ann,1,SR1482_40X_HE_T080_02,0,0.48980912566185,0
ann,1,SR1482_40X_HE_T081_01,0,0.4230048954486847,0
ann,1,SR1482_40X_HE_T081_02,0,0.3986477851867676,0
ann,1,SR1482_40X_HE_T099_01,0,0.511021614074707,1
ann,1,SR1482_40X_HE_T116_01,0,0.4552203416824341,0
ann,1,SR1482_40X_HE_T117_01,0,0.5176769495010376,1
ann,1,SR1482_40X_HE_T117_02,0,0.5130005478858948,1
ann,1,SR1482_40X_HE_T126_01,0,0.4973384737968445,0
ann,1,SR1482_40X_HE_T129_01,0,0.4276265799999237,0
ann,1,SR1482_40X_HE_T129_02,0,0.5114133954048157,1
ann,1,SR1482_40X_HE_T139_01,0,0.4901489019393921,0
ann,1,SR1482_40X_HE_T139_02,0,0.47663283348083496,0
ann,1,SR1482_40X_HE_T147_01,0,0.5584989786148071,1
ann,1,SR1482_40X_HE_T147_02,0,0.5108039975166321,1
ann,1,SR1482_40X_HE_T159_01,0,0.5107148289680481,1
ann,1,SR1482_40X_HE_T159_02,0,0.521347165107727,1
ann,1,SR1482_40X_HE_T192_01,0,0.4903617799282074,0
ann,1,SR1482_40X_HE_T199_01,0,0.5536222457885742,1
ann,1,SR1482_40X_HE_T304_01,0,0.4152844548225403,0
ann,1,SR1482_40X_HE_T304_02,0,0.41133642196655273,0
ann,1,SR1482_40X_HE_T310_01,1,0.41164907813072205,0
ann,1,SR1482_40X_HE_T310_02,1,0.4500374495983124,0
ann,1,SR1482_40X_HE_T341_01,0,0.39985817670822144,0
ann,1,SR1482_40X_HE_T341_02,0,0.42871731519699097,0
ann,1,SR1482_40X_HE_T353_01,0,0.5122408270835876,1
ann,1,SR1482_40X_HE_T390_01,0,0.48687243461608887,0
ann,1,SR1482_40X_HE_T433_01,1,0.47070369124412537,0
ann,1,SR386_40X_HE_T003_01,0,0.4473547041416168,0
ann,1,SR386_40X_HE_T004_01,0,0.46333107352256775,0
ann,1,SR386_40X_HE_T022_01,1,0.5203935503959656,1
ann,1,SR386_40X_HE_T030_01,0,0.5399138331413269,1
ann,1,SR386_40X_HE_T033_01,0,0.4510261118412018,0
ann,1,SR386_40X_HE_T036_01,0,0.4974305033683777,0
ann,1,SR386_40X_HE_T038_01,0,0.47770196199417114,0
ann,1,SR386_40X_HE_T049_01,0,0.3901527523994446,0
ann,1,SR386_40X_HE_T050_01,0,0.47301962971687317,0
ann,1,SR386_40X_HE_T060_01,0,0.4752146601676941,0
ann,1,SR386_40X_HE_T063_01,0,0.4973115026950836,0
ann,1,SR386_40X_HE_T066_01,0,0.46022939682006836,0
ann,1,SR386_40X_HE_T069_01,0,0.43983903527259827,0
ann,1,SR386_40X_HE_T072_01,0,0.4745100736618042,0
ann,1,SR386_40X_HE_T074_01,0,0.4619764983654022,0
ann,1,SR386_40X_HE_T078_01,0,0.52529376745224,1
ann,1,SR386_40X_HE_T079_01,0,0.42851611971855164,0
ann,1,SR386_40X_HE_T092_01,1,0.4741460978984833,0
ann,1,SR386_40X_HE_T096_01,0,0.445139616727829,0
ann,1,SR386_40X_HE_T099_01,0,0.447597473859787,0
ann,1,SR386_40X_HE_T103_01,0,0.3825559914112091,0
ann,1,SR386_40X_HE_T108_01,0,0.4901893734931946,0
ann,1,SR386_40X_HE_T113_01,0,0.4142603278160095,0
ann,1,SR386_40X_HE_T114_01,0,0.44620281457901,0
ann,1,SR386_40X_HE_T119_01,0,0.44368961453437805,0
ann,1,SR386_40X_HE_T126_01,0,0.46671193838119507,0
ann,1,SR386_40X_HE_T130_01,0,0.43997108936309814,0
ann,1,SR386_40X_HE_T131_01,0,0.4488237202167511,0
ann,1,SR386_40X_HE_T135_01,0,0.5090364813804626,1
ann,1,SR386_40X_HE_T140_01,0,0.4409594237804413,0
ann,1,SR386_40X_HE_T144_01,0,0.5025762319564819,1
ann,1,SR386_40X_HE_T147_01,0,0.4612692594528198,0
ann,1,SR386_40X_HE_T148_01,0,0.4926668107509613,0
ann,1,SR386_40X_HE_T160_01,0,0.44437816739082336,0
ann,1,SR386_40X_HE_T169_01,0,0.4218365252017975,0
ann,1,SR386_40X_HE_T170_01,1,0.48851993680000305,0
ann,1,SR386_40X_HE_T172_01,0,0.49625924229621887,0
ann,1,SR386_40X_HE_T174_01,0,0.4508180320262909,0
ann,1,SR386_40X_HE_T181_01,0,0.4178847372531891,0
ann,1,SR386_40X_HE_T196_01,0,0.4776192903518677,0
ann,1,SR386_40X_HE_T205_01,0,0.529745876789093,1
ann,1,SR386_40X_HE_T209_01,0,0.46241334080696106,0
ann,1,SR386_40X_HE_T210_01,0,0.5167673826217651,1
ann,1,SR386_40X_HE_T212_01,0,0.4967549741268158,0
ann,1,SR386_40X_HE_T221_01,0,0.4505912661552429,0
ann,1,SR386_40X_HE_T224_01,0,0.47689229249954224,0
ann,1,SR386_40X_HE_T231_01,1,0.5281389355659485,1
ann,1,SR386_40X_HE_T232_01,0,0.4804285168647766,0
ann,1,SR386_40X_HE_T247_01,0,0.45793840289115906,0
ann,1,SR386_40X_HE_T252_01,0,0.41593095660209656,0
ann,1,SR386_40X_HE_T255_01,0,0.4745054244995117,0
ann,1,SR386_40X_HE_T259_01,1,0.46933358907699585,0
ann,1,SR386_40X_HE_T274_01,0,0.47240301966667175,0
ann,1,SR386_40X_HE_T275_01,0,0.4714583158493042,0
ann,1,SR386_40X_HE_T282_01,0,0.4530039131641388,0
ann,1,SR386_40X_HE_T294_01,0,0.5188494324684143,1
ann,1,SR386_40X_HE_T311_01,0,0.46087226271629333,0
ann,1,SR386_40X_HE_T315_01,0,0.47112515568733215,0
ann,1,SR386_40X_HE_T319_01,1,0.44981899857521057,0
ann,1,SR386_40X_HE_T324_01,1,0.4699135422706604,0
ann,1,SR386_40X_HE_T330_01,0,0.4286974370479584,0
ann,1,SR386_40X_HE_T333_01,0,0.3986143171787262,0
ann,1,SR386_40X_HE_T335_01,0,0.45058077573776245,0
ann,1,SR386_40X_HE_T337_01,0,0.50288325548172,1
ann,1,SR386_40X_HE_T344_01,0,0.45785507559776306,0
ann,1,SR386_40X_HE_T347_01,0,0.4427570402622223,0
ann,1,SR386_40X_HE_T350_01,0,0.45419901609420776,0
ann,1,SR386_40X_HE_T351_01,0,0.45236676931381226,0
ann,1,SR386_40X_HE_T360_01,0,0.42106059193611145,0
ann,1,SR386_40X_HE_T361_01,0,0.49142810702323914,0
ann,1,SR386_40X_HE_T366_01,0,0.4644969701766968,0
ann,1,SR386_40X_HE_T377_01,1,0.46934449672698975,0
ann,1,SR386_40X_HE_T384_01,0,0.4698302447795868,0
ann,1,SR386_40X_HE_T395_01,0,0.47613683342933655,0
ann,1,SR386_40X_HE_T396_01,0,0.48840808868408203,0
ann,1,SR386_40X_HE_T401_01,0,0.41806158423423767,0
ann,1,SR386_40X_HE_T408_01,0,0.4494478404521942,0
ann,1,SR386_40X_HE_T410_01,0,0.44685354828834534,0
ann,1,SR386_40X_HE_T413_01,0,0.4303923547267914,0
ann,1,SR386_40X_HE_T416_01,0,0.4519455134868622,0
ann,1,SR386_40X_HE_T418_01,0,0.4646330177783966,0
ann,1,SR386_40X_HE_T419_01,0,0.4901236593723297,0
ann,1,SR386_40X_HE_T421_01,0,0.4761338233947754,0
ann,1,SR386_40X_HE_T423_01,0,0.4499414563179016,0
ann,1,SR386_40X_HE_T428_01,0,0.4530724585056305,0
ann,1,SR386_40X_HE_T430_01,0,0.43252161145210266,0
ann,1,SR386_40X_HE_T431_01,0,0.46819227933883667,0
ann,1,SR386_40X_HE_T435_01,0,0.47671979665756226,0
ann,1,SR386_40X_HE_T438_01,0,0.47843417525291443,0
ann,1,SR386_40X_HE_T439_01,0,0.4931805729866028,0
ann,1,SR386_40X_HE_T447_01,0,0.4594849646091461,0
ann,1,SR386_40X_HE_T449_01,0,0.45225977897644043,0
ann,1,SR386_40X_HE_T454_01,0,0.46640339493751526,0
ann,1,SR386_40X_HE_T456_01,0,0.38644182682037354,0
ann,1,SR386_40X_HE_T461_01,0,0.5411232113838196,1
ann,1,SR386_40X_HE_T462_01,0,0.4514012932777405,0
ann,1,SR386_40X_HE_T468_01,0,0.46502891182899475,0
ann,1,SR386_40X_HE_T469_01,1,0.4714943468570709,0
ann,1,SR386_40X_HE_T470_01,0,0.4412299394607544,0
ann,1,SR386_40X_HE_T471_01,0,0.4447575509548187,0
ann,1,SR386_40X_HE_T477_01,0,0.46670907735824585,0
ann,1,SR386_40X_HE_T480_01,0,0.4570196270942688,0
ann,1,SR386_40X_HE_T484_01,0,0.46013686060905457,0
ann,1,SR386_40X_HE_T495_01,0,0.4074554741382599,0
ann,1,SR386_40X_HE_T496_01,0,0.4443931579589844,0
ann,1,SR386_40X_HE_T498_01,0,0.5388766527175903,1
ann,1,SR386_40X_HE_T504_01,0,0.4165113568305969,0
ann,1,SR386_40X_HE_T511_01,0,0.45860376954078674,0
ann,1,SR386_40X_HE_T517_01,0,0.48022007942199707,0
ann,1,SR386_40X_HE_T523_01,0,0.4330199956893921,0
ann,1,SR386_40X_HE_T529_01,0,0.455940842628479,0
ann,1,SR386_40X_HE_T542_01,0,0.437320739030838,0
ann,1,SR386_40X_HE_T569_01,0,0.4673817753791809,0
ann,1,SR386_40X_HE_T582_01,0,0.45571908354759216,0
ann,2,SR1482_40X_HE_T009_01,0,0.5024474263191223,1
ann,2,SR1482_40X_HE_T009_02,0,0.5124465227127075,1
ann,2,SR1482_40X_HE_T015_01,0,0.5055326223373413,1
ann,2,SR1482_40X_HE_T021_01,0,0.4591187536716461,0
ann,2,SR1482_40X_HE_T067_01,0,0.48873579502105713,0
ann,2,SR1482_40X_HE_T075_01,0,0.48344719409942627,0
ann,2,SR1482_40X_HE_T075_02,0,0.5121715664863586,1
ann,2,SR1482_40X_HE_T098_01,0,0.4863646626472473,0
ann,2,SR1482_40X_HE_T098_02,0,0.4977916479110718,0
ann,2,SR1482_40X_HE_T102_01,0,0.4955075681209564,0
ann,2,SR1482_40X_HE_T123_01,0,0.44635772705078125,0
ann,2,SR1482_40X_HE_T142_01,0,0.41653570532798767,0
ann,2,SR1482_40X_HE_T146_01,0,0.5892896056175232,1
ann,2,SR1482_40X_HE_T148_01,0,0.541100025177002,1
ann,2,SR1482_40X_HE_T148_02,0,0.4810308814048767,0
ann,2,SR1482_40X_HE_T154_01,0,0.4591408669948578,0
ann,2,SR1482_40X_HE_T158_01,0,0.47057241201400757,0
ann,2,SR1482_40X_HE_T161_01,0,0.533279538154602,1
ann,2,SR1482_40X_HE_T161_02,0,0.5175479054450989,1
ann,2,SR1482_40X_HE_T164_01,1,0.48789119720458984,0
ann,2,SR1482_40X_HE_T164_02,1,0.4884604811668396,0
ann,2,SR1482_40X_HE_T168_01,0,0.4876019060611725,0
ann,2,SR1482_40X_HE_T171_01,0,0.5112660527229309,1
ann,2,SR1482_40X_HE_T171_02,0,0.530419647693634,1
ann,2,SR1482_40X_HE_T178_01,1,0.5025556683540344,1
ann,2,SR1482_40X_HE_T186_01,0,0.4885556697845459,0
ann,2,SR1482_40X_HE_T193_01,0,0.5426952242851257,1
ann,2,SR1482_40X_HE_T193_02,0,0.5569490790367126,1
ann,2,SR1482_40X_HE_T209_01,0,0.5214241743087769,1
ann,2,SR1482_40X_HE_T209_02,0,0.5487967729568481,1
ann,2,SR1482_40X_HE_T245_01,0,0.4850236177444458,0
ann,2,SR1482_40X_HE_T245_02,0,0.4741504192352295,0
ann,2,SR1482_40X_HE_T265_01,0,0.43119582533836365,0
ann,2,SR1482_40X_HE_T302_01,0,0.4841861128807068,0
ann,2,SR1482_40X_HE_T343_01,1,0.5777132511138916,1
ann,2,SR1482_40X_HE_T343_02,1,0.43031156063079834,0
ann,2,SR1482_40X_HE_T399_01,0,0.48396626114845276,0
ann,2,SR1482_40X_HE_T399_02,0,0.4895239770412445,0
ann,2,SR1482_40X_HE_T426_01,0,0.4871428906917572,0
ann,2,SR1482_40X_HE_T426_02,0,0.4502917230129242,0
ann,2,SR386_40X_HE_T001_01,0,0.46327918767929077,0
ann,2,SR386_40X_HE_T013_01,0,0.4751570224761963,0
ann,2,SR386_40X_HE_T018_01,0,0.4507042467594147,0
ann,2,SR386_40X_HE_T019_01,0,0.43087807297706604,0
ann,2,SR386_40X_HE_T024_01,0,0.4260994791984558,0
ann,2,SR386_40X_HE_T039_01,0,0.47594550251960754,0
ann,2,SR386_40X_HE_T040_01,1,0.5141944885253906,1
ann,2,SR386_40X_HE_T042_01,0,0.4657778739929199,0
ann,2,SR386_40X_HE_T047_01,0,0.4633497893810272,0
ann,2,SR386_40X_HE_T051_01,0,0.444518119096756,0
ann,2,SR386_40X_HE_T052_01,0,0.462252140045166,0
ann,2,SR386_40X_HE_T056_01,0,0.44506609439849854,0
ann,2,SR386_40X_HE_T057_01,0,0.45078638195991516,0
ann,2,SR386_40X_HE_T070_01,0,0.4541945457458496,0
ann,2,SR386_40X_HE_T082_01,0,0.5056648850440979,1
ann,2,SR386_40X_HE_T084_01,0,0.5513396263122559,1
ann,2,SR386_40X_HE_T087_01,0,0.5075696706771851,1
ann,2,SR386_40X_HE_T088_01,0,0.48500922322273254,0
ann,2,SR386_40X_HE_T098_01,0,0.4797547161579132,0
ann,2,SR386_40X_HE_T105_01,0,0.4750957489013672,0
ann,2,SR386_40X_HE_T122_01,0,0.45313435792922974,0
ann,2,SR386_40X_HE_T123_01,0,0.4999522566795349,0
ann,2,SR386_40X_HE_T133_01,0,0.42525026202201843,0
ann,2,SR386_40X_HE_T145_01,0,0.4654560685157776,0
ann,2,SR386_40X_HE_T150_01,0,0.5308955907821655,1
ann,2,SR386_40X_HE_T152_01,0,0.5007680058479309,1
ann,2,SR386_40X_HE_T155_01,0,0.449788898229599,0
ann,2,SR386_40X_HE_T157_01,0,0.4946945011615753,0
ann,2,SR386_40X_HE_T164_01,0,0.44103795289993286,0
ann,2,SR386_40X_HE_T166_01,0,0.4854578971862793,0
ann,2,SR386_40X_HE_T176_01,1,0.4729481637477875,0
ann,2,SR386_40X_HE_T177_01,0,0.5055657625198364,1
ann,2,SR386_40X_HE_T178_01,0,0.47323644161224365,0
ann,2,SR386_40X_HE_T187_01,0,0.4770950376987457,0
ann,2,SR386_40X_HE_T190_01,0,0.4417460560798645,0
ann,2,SR386_40X_HE_T192_01,0,0.48791438341140747,0
ann,2,SR386_40X_HE_T198_01,0,0.44258224964141846,0
ann,2,SR386_40X_HE_T200_01,0,0.4709697663784027,0
ann,2,SR386_40X_HE_T206_01,1,0.5084866285324097,1
ann,2,SR386_40X_HE_T211_01,0,0.47473058104515076,0
ann,2,SR386_40X_HE_T213_01,0,0.4983177185058594,0
ann,2,SR386_40X_HE_T214_01,0,0.5083801746368408,1
ann,2,SR386_40X_HE_T220_01,0,0.47042977809906006,0
ann,2,SR386_40X_HE_T230_01,1,0.5091326236724854,1
ann,2,SR386_40X_HE_T236_01,0,0.4450438618659973,0
ann,2,SR386_40X_HE_T237_01,0,0.477956622838974,0
ann,2,SR386_40X_HE_T240_01,0,0.48437103629112244,0
ann,2,SR386_40X_HE_T241_01,0,0.44542327523231506,0
ann,2,SR386_40X_HE_T242_01,0,0.48524004220962524,0
ann,2,SR386_40X_HE_T253_01,0,0.4319014847278595,0
ann,2,SR386_40X_HE_T260_01,0,0.525170087814331,1
ann,2,SR386_40X_HE_T262_01,0,0.5046384930610657,1
ann,2,SR386_40X_HE_T264_01,0,0.4861043095588684,0
ann,2,SR386_40X_HE_T271_01,0,0.47445952892303467,0
ann,2,SR386_40X_HE_T281_01,0,0.4618901014328003,0
ann,2,SR386_40X_HE_T297_01,0,0.4382527768611908,0
ann,2,SR386_40X_HE_T299_01,0,0.434133917093277,0
ann,2,SR386_40X_HE_T301_01,0,0.4576769471168518,0
ann,2,SR386_40X_HE_T306_01,0,0.4806860089302063,0
ann,2,SR386_40X_HE_T309_01,0,0.4370023310184479,0
ann,2,SR386_40X_HE_T314_01,0,0.4951459467411041,0
ann,2,SR386_40X_HE_T316_01,0,0.4646470844745636,0
ann,2,SR386_40X_HE_T318_01,0,0.4754515290260315,0
ann,2,SR386_40X_HE_T321_01,0,0.47738733887672424,0
ann,2,SR386_40X_HE_T326_01,0,0.4704340398311615,0
ann,2,SR386_40X_HE_T327_01,0,0.44616541266441345,0
ann,2,SR386_40X_HE_T332_01,1,0.4759758710861206,0
ann,2,SR386_40X_HE_T355_01,0,0.4743262827396393,0
ann,2,SR386_40X_HE_T364_01,0,0.46827107667922974,0
ann,2,SR386_40X_HE_T368_01,1,0.5056895613670349,1
ann,2,SR386_40X_HE_T374_01,0,0.4573831856250763,0
ann,2,SR386_40X_HE_T380_01,0,0.4557661712169647,0
ann,2,SR386_40X_HE_T382_01,0,0.44653093814849854,0
ann,2,SR386_40X_HE_T392_01,0,0.4502781629562378,0
ann,2,SR386_40X_HE_T398_01,0,0.5214250683784485,1
ann,2,SR386_40X_HE_T402_01,1,0.5667862892150879,1
ann,2,SR386_40X_HE_T404_01,0,0.45828282833099365,0
ann,2,SR386_40X_HE_T415_01,0,0.4023161232471466,0
ann,2,SR386_40X_HE_T417_01,0,0.44382205605506897,0
ann,2,SR386_40X_HE_T425_01,0,0.45835942029953003,0
ann,2,SR386_40X_HE_T436_01,1,0.4853661060333252,0
ann,2,SR386_40X_HE_T437_01,0,0.48984435200691223,0
ann,2,SR386_40X_HE_T440_01,0,0.5212671756744385,1
ann,2,SR386_40X_HE_T445_01,0,0.45455050468444824,0
ann,2,SR386_40X_HE_T450_01,0,0.47823163866996765,0
ann,2,SR386_40X_HE_T459_01,0,0.5100100636482239,1
ann,2,SR386_40X_HE_T472_01,0,0.4657948911190033,0
ann,2,SR386_40X_HE_T481_01,0,0.47687089443206787,0
ann,2,SR386_40X_HE_T483_01,0,0.536304771900177,1
ann,2,SR386_40X_HE_T486_01,0,0.47927191853523254,0
ann,2,SR386_40X_HE_T488_01,0,0.5123342275619507,1
ann,2,SR386_40X_HE_T499_01,0,0.5570687055587769,1
ann,2,SR386_40X_HE_T507_01,0,0.4484664797782898,0
ann,2,SR386_40X_HE_T514_01,0,0.4424362778663635,0
ann,2,SR386_40X_HE_T520_01,1,0.4742312729358673,0
ann,2,SR386_40X_HE_T522_01,0,0.4965125322341919,0
ann,2,SR386_40X_HE_T531_01,0,0.47826987504959106,0
ann,2,SR386_40X_HE_T535_01,0,0.4512108564376831,0
ann,2,SR386_40X_HE_T539_01,0,0.5241878628730774,1
ann,2,SR386_40X_HE_T549_01,0,0.45399779081344604,0
ann,2,SR386_40X_HE_T552_01,0,0.4513259828090668,0
ann,2,SR386_40X_HE_T553_01,0,0.4385201632976532,0
ann,2,SR386_40X_HE_T554_01,0,0.44065994024276733,0
ann,2,SR386_40X_HE_T558_01,0,0.45872968435287476,0
ann,2,SR386_40X_HE_T564_01,0,0.4855893552303314,0
ann,2,SR386_40X_HE_T570_01,0,0.44999366998672485,0
ann,2,SR386_40X_HE_T574_01,0,0.4206750690937042,0
ann,2,SR386_40X_HE_T578_01,0,0.45544999837875366,0
ann,2,SR386_40X_HE_T580_01,0,0.4249206781387329,0
ann,3,SR1482_40X_HE_T005_01,0,0.5560476779937744,1
ann,3,SR1482_40X_HE_T005_02,0,0.5379413962364197,1
ann,3,SR1482_40X_HE_T010_01,0,0.40193894505500793,0
ann,3,SR1482_40X_HE_T043_01,0,0.5101192593574524,1
ann,3,SR1482_40X_HE_T043_02,0,0.4951985776424408,0
ann,3,SR1482_40X_HE_T049_01,0,0.485230952501297,0
ann,3,SR1482_40X_HE_T061_01,0,0.5631043910980225,1
ann,3,SR1482_40X_HE_T061_02,0,0.5126904249191284,1
ann,3,SR1482_40X_HE_T070_01,1,0.4691455066204071,0
ann,3,SR1482_40X_HE_T073_01,0,0.48794320225715637,0
ann,3,SR1482_40X_HE_T082_01,0,0.45959749817848206,0
ann,3,SR1482_40X_HE_T082_02,0,0.4998839497566223,0
ann,3,SR1482_40X_HE_T089_01,0,0.45779892802238464,0
ann,3,SR1482_40X_HE_T090_01,0,0.5066714882850647,1
ann,3,SR1482_40X_HE_T094_01,1,0.5085203051567078,1
ann,3,SR1482_40X_HE_T094_02,1,0.5021237730979919,1
ann,3,SR1482_40X_HE_T105_01,0,0.4452497363090515,0
ann,3,SR1482_40X_HE_T115_01,0,0.4966237246990204,0
ann,3,SR1482_40X_HE_T115_02,0,0.4567800760269165,0
ann,3,SR1482_40X_HE_T118_01,0,0.524734616279602,1
ann,3,SR1482_40X_HE_T118_02,0,0.5098416209220886,1
ann,3,SR1482_40X_HE_T120_01,0,0.5662786960601807,1
ann,3,SR1482_40X_HE_T120_02,0,0.5202935338020325,1
ann,3,SR1482_40X_HE_T124_01,0,0.5100434422492981,1
ann,3,SR1482_40X_HE_T124_02,0,0.5374318957328796,1
ann,3,SR1482_40X_HE_T138_01,0,0.44143593311309814,0
ann,3,SR1482_40X_HE_T160_01,0,0.49091479182243347,0
ann,3,SR1482_40X_HE_T160_02,0,0.48765841126441956,0
ann,3,SR1482_40X_HE_T167_01,0,0.49089136719703674,0
ann,3,SR1482_40X_HE_T167_02,0,0.4531780779361725,0
ann,3,SR1482_40X_HE_T175_01,0,0.507526695728302,1
ann,3,SR1482_40X_HE_T175_02,0,0.5027027130126953,1
ann,3,SR1482_40X_HE_T177_01,1,0.4840140640735626,0
ann,3,SR1482_40X_HE_T188_01,0,0.41489213705062866,0
ann,3,SR1482_40X_HE_T195_01,0,0.47366097569465637,0
ann,3,SR1482_40X_HE_T195_02,0,0.4373060166835785,0
ann,3,SR1482_40X_HE_T202_01,0,0.5127385854721069,1
ann,3,SR1482_40X_HE_T202_02,0,0.46791571378707886,0
ann,3,SR1482_40X_HE_T225_01,0,0.569713294506073,1
ann,3,SR1482_40X_HE_T225_02,0,0.4578806459903717,0
ann,3,SR1482_40X_HE_T235_01,0,0.5310830473899841,1
ann,3,SR1482_40X_HE_T235_02,0,0.5268968343734741,1
ann,3,SR1482_40X_HE_T236_01,0,0.46342575550079346,0
ann,3,SR1482_40X_HE_T236_02,0,0.4853042662143707,0
ann,3,SR1482_40X_HE_T258_01,0,0.4859808385372162,0
ann,3,SR1482_40X_HE_T258_02,0,0.5174006223678589,1
ann,3,SR1482_40X_HE_T284_01,1,0.46835431456565857,0
ann,3,SR1482_40X_HE_T284_02,1,0.5426406264305115,1
ann,3,SR1482_40X_HE_T301_01,1,0.500474750995636,1
ann,3,SR1482_40X_HE_T301_02,1,0.5841013193130493,1
ann,3,SR1482_40X_HE_T309_01,0,0.5064235925674438,1
ann,3,SR1482_40X_HE_T313_01,0,0.5736711025238037,1
ann,3,SR1482_40X_HE_T313_02,0,0.5550603866577148,1
ann,3,SR1482_40X_HE_T338_01,0,0.5703613758087158,1
ann,3,SR1482_40X_HE_T344_01,0,0.5132632851600647,1
ann,3,SR1482_40X_HE_T344_02,0,0.5032713413238525,1
ann,3,SR1482_40X_HE_T346_01,0,0.5284650921821594,1
ann,3,SR1482_40X_HE_T346_02,0,0.5162516832351685,1
ann,3,SR1482_40X_HE_T377_01,0,0.46775022149086,0
ann,3,SR1482_40X_HE_T377_02,0,0.4849575459957123,0
ann,3,SR1482_40X_HE_T419_01,0,0.4859354794025421,0
ann,3,SR1482_40X_HE_T427_01,0,0.4895066022872925,0
ann,3,SR1482_40X_HE_T427_02,0,0.4725361168384552,0
ann,3,SR386_40X_HE_T007_01,0,0.43966710567474365,0
ann,3,SR386_40X_HE_T015_01,0,0.40676483511924744,0
ann,3,SR386_40X_HE_T017_01,1,0.4768284857273102,0
ann,3,SR386_40X_HE_T032_01,0,0.3936642110347748,0
ann,3,SR386_40X_HE_T034_01,0,0.4377042055130005,0
ann,3,SR386_40X_HE_T035_01,0,0.48380258679389954,0
ann,3,SR386_40X_HE_T041_01,0,0.45351460576057434,0
ann,3,SR386_40X_HE_T067_01,0,0.4219435751438141,0
ann,3,SR386_40X_HE_T075_01,0,0.4007718861103058,0
ann,3,SR386_40X_HE_T081_01,0,0.5317668914794922,1
ann,3,SR386_40X_HE_T083_01,0,0.43724972009658813,0
ann,3,SR386_40X_HE_T085_01,0,0.48394015431404114,0
ann,3,SR386_40X_HE_T095_01,0,0.4683395028114319,0
ann,3,SR386_40X_HE_T104_01,0,0.4338820278644562,0
ann,3,SR386_40X_HE_T106_01,0,0.4283343553543091,0
ann,3,SR386_40X_HE_T112_01,0,0.42623192071914673,0
ann,3,SR386_40X_HE_T128_01,0,0.4380786716938019,0
ann,3,SR386_40X_HE_T132_01,0,0.4245670437812805,0
ann,3,SR386_40X_HE_T138_01,0,0.36953845620155334,0
ann,3,SR386_40X_HE_T142_01,0,0.4268239736557007,0
ann,3,SR386_40X_HE_T149_01,0,0.37314265966415405,0
ann,3,SR386_40X_HE_T165_01,1,0.4582202136516571,0
ann,3,SR386_40X_HE_T179_01,0,0.5802200436592102,1
ann,3,SR386_40X_HE_T180_01,0,0.47078588604927063,0
ann,3,SR386_40X_HE_T182_01,0,0.4581465423107147,0
ann,3,SR386_40X_HE_T184_01,0,0.4664079248905182,0
ann,3,SR386_40X_HE_T188_01,0,0.4972696602344513,0
ann,3,SR386_40X_HE_T191_01,0,0.379185289144516,0
ann,3,SR386_40X_HE_T197_01,0,0.48265448212623596,0
ann,3,SR386_40X_HE_T201_01,0,0.4282103180885315,0
ann,3,SR386_40X_HE_T202_01,0,0.37756410241127014,0
ann,3,SR386_40X_HE_T208_01,0,0.3959788680076599,0
ann,3,SR386_40X_HE_T216_01,1,0.4916142225265503,0
ann,3,SR386_40X_HE_T238_01,0,0.41314393281936646,0
ann,3,SR386_40X_HE_T244_01,0,0.49166595935821533,0
ann,3,SR386_40X_HE_T248_01,0,0.43539515137672424,0
ann,3,SR386_40X_HE_T249_01,0,0.4087626039981842,0
ann,3,SR386_40X_HE_T250_01,0,0.5092544555664062,1
ann,3,SR386_40X_HE_T263_01,0,0.4993985593318939,0
ann,3,SR386_40X_HE_T267_01,0,0.5297048687934875,1
ann,3,SR386_40X_HE_T269_01,0,0.43295514583587646,0
ann,3,SR386_40X_HE_T277_01,0,0.4390447735786438,0
ann,3,SR386_40X_HE_T286_01,0,0.554711103439331,1
ann,3,SR386_40X_HE_T287_01,0,0.5532712340354919,1
ann,3,SR386_40X_HE_T290_01,0,0.5020872354507446,1
ann,3,SR386_40X_HE_T293_01,0,0.4237993657588959,0
ann,3,SR386_40X_HE_T298_01,0,0.4725456237792969,0
ann,3,SR386_40X_HE_T303_01,0,0.3937431275844574,0
ann,3,SR386_40X_HE_T312_01,0,0.46662938594818115,0
ann,3,SR386_40X_HE_T329_01,0,0.5986492037773132,1
ann,3,SR386_40X_HE_T336_01,0,0.4480472505092621,0
ann,3,SR386_40X_HE_T338_01,0,0.3840714693069458,0
ann,3,SR386_40X_HE_T342_01,0,0.4570472836494446,0
ann,3,SR386_40X_HE_T353_01,0,0.5291532874107361,1
ann,3,SR386_40X_HE_T357_01,0,0.40338948369026184,0
ann,3,SR386_40X_HE_T362_01,0,0.4519592225551605,0
ann,3,SR386_40X_HE_T363_01,1,0.5163143873214722,1
ann,3,SR386_40X_HE_T372_01,0,0.5696829557418823,1
ann,3,SR386_40X_HE_T378_01,0,0.4360785186290741,0
ann,3,SR386_40X_HE_T379_01,0,0.45482927560806274,0
ann,3,SR386_40X_HE_T386_01,0,0.36970025300979614,0
ann,3,SR386_40X_HE_T387_01,0,0.5504034757614136,1
ann,3,SR386_40X_HE_T393_01,0,0.3588535785675049,0
ann,3,SR386_40X_HE_T397_01,0,0.5111904740333557,1
ann,3,SR386_40X_HE_T406_01,0,0.5272814631462097,1
ann,3,SR386_40X_HE_T409_01,0,0.48949870467185974,0
ann,3,SR386_40X_HE_T422_01,0,0.374741792678833,0
ann,3,SR386_40X_HE_T426_01,0,0.42897507548332214,0
ann,3,SR386_40X_HE_T433_01,0,0.40077751874923706,0
ann,3,SR386_40X_HE_T443_01,0,0.5276373028755188,1
ann,3,SR386_40X_HE_T448_01,0,0.4800712466239929,0
ann,3,SR386_40X_HE_T452_01,0,0.5622324347496033,1
ann,3,SR386_40X_HE_T460_01,1,0.5145338773727417,1
ann,3,SR386_40X_HE_T473_01,0,0.43307340145111084,0
ann,3,SR386_40X_HE_T475_01,0,0.44437116384506226,0
ann,3,SR386_40X_HE_T478_01,0,0.4822365641593933,0
ann,3,SR386_40X_HE_T489_01,1,0.4839496910572052,0
ann,3,SR386_40X_HE_T491_01,0,0.5090753436088562,1
ann,3,SR386_40X_HE_T492_01,0,0.4147054851055145,0
ann,3,SR386_40X_HE_T493_01,0,0.44400590658187866,0
ann,3,SR386_40X_HE_T502_01,0,0.4361499845981598,0
ann,3,SR386_40X_HE_T505_01,0,0.4585883617401123,0
ann,3,SR386_40X_HE_T506_01,0,0.4326753616333008,0
ann,3,SR386_40X_HE_T509_01,0,0.4665924310684204,0
ann,3,SR386_40X_HE_T516_01,0,0.42440322041511536,0
ann,3,SR386_40X_HE_T518_01,0,0.4393656849861145,0
ann,3,SR386_40X_HE_T519_01,0,0.4781186878681183,0
ann,3,SR386_40X_HE_T521_01,0,0.43885648250579834,0
ann,3,SR386_40X_HE_T526_01,0,0.4195968508720398,0
ann,3,SR386_40X_HE_T533_01,0,0.4507635235786438,0
ann,3,SR386_40X_HE_T543_01,0,0.4810115396976471,0
ann,3,SR386_40X_HE_T544_01,0,0.46368682384490967,0
ann,3,SR386_40X_HE_T556_01,1,0.4570819139480591,0
ann,3,SR386_40X_HE_T560_01,0,0.5151965618133545,1
ann,3,SR386_40X_HE_T563_01,0,0.3922841548919678,0
ann,3,SR386_40X_HE_T568_01,0,0.4618637263774872,0
ann,3,SR386_40X_HE_T571_01,0,0.4149130880832672,0
ann,3,SR386_40X_HE_T572_01,0,0.5025918483734131,1
ann,3,SR386_40X_HE_T573_01,0,0.45036354660987854,0
ann,3,SR386_40X_HE_T583_01,0,0.42886441946029663,0
ann,4,SR1482_40X_HE_T002_01,0,0.23706983029842377,0
ann,4,SR1482_40X_HE_T003_01,0,0.3294127881526947,0
ann,4,SR1482_40X_HE_T004_01,0,0.33831849694252014,0
ann,4,SR1482_40X_HE_T004_02,0,0.4166642427444458,0
ann,4,SR1482_40X_HE_T011_01,0,0.6847378611564636,1
ann,4,SR1482_40X_HE_T025_01,0,0.5373098254203796,1
ann,4,SR1482_40X_HE_T025_02,0,0.5394196510314941,1
ann,4,SR1482_40X_HE_T060_01,0,0.3003188371658325,0
ann,4,SR1482_40X_HE_T062_01,0,0.4177422523498535,0
ann,4,SR1482_40X_HE_T062_02,0,0.7037802934646606,1
ann,4,SR1482_40X_HE_T064_01,0,0.5922620892524719,1
ann,4,SR1482_40X_HE_T064_02,0,0.6506735682487488,1
ann,4,SR1482_40X_HE_T071_01,0,0.7153207063674927,1
ann,4,SR1482_40X_HE_T071_02,0,0.5790401101112366,1
ann,4,SR1482_40X_HE_T074_01,0,0.356512188911438,0
ann,4,SR1482_40X_HE_T074_02,0,0.29536759853363037,0
ann,4,SR1482_40X_HE_T083_01,0,0.6044718027114868,1
ann,4,SR1482_40X_HE_T083_02,0,0.4689179062843323,0
ann,4,SR1482_40X_HE_T087_01,0,0.5525934100151062,1
ann,4,SR1482_40X_HE_T097_01,1,0.8671560883522034,1
ann,4,SR1482_40X_HE_T097_02,1,0.5597058534622192,1
ann,4,SR1482_40X_HE_T108_01,0,0.39553922414779663,0
ann,4,SR1482_40X_HE_T113_01,0,0.3893348276615143,0
ann,4,SR1482_40X_HE_T113_02,0,0.6180599927902222,1
ann,4,SR1482_40X_HE_T121_01,0,0.28719255328178406,0
ann,4,SR1482_40X_HE_T122_01,0,0.35342544317245483,0
ann,4,SR1482_40X_HE_T125_01,0,0.34331589937210083,0
ann,4,SR1482_40X_HE_T125_02,0,0.2591951787471771,0
ann,4,SR1482_40X_HE_T131_01,0,0.4632839858531952,0
ann,4,SR1482_40X_HE_T131_02,0,0.6857312917709351,1
ann,4,SR1482_40X_HE_T132_01,0,0.5371615290641785,1
ann,4,SR1482_40X_HE_T132_02,0,0.5049124360084534,1
ann,4,SR1482_40X_HE_T143_01,0,0.6734758019447327,1
ann,4,SR1482_40X_HE_T143_02,0,0.5782659649848938,1
ann,4,SR1482_40X_HE_T166_01,1,0.38443073630332947,0
ann,4,SR1482_40X_HE_T169_01,0,0.4345470368862152,0
ann,4,SR1482_40X_HE_T176_01,1,0.5992854237556458,1
ann,4,SR1482_40X_HE_T176_02,1,0.6072700619697571,1
ann,4,SR1482_40X_HE_T191_01,0,0.3420611619949341,0
ann,4,SR1482_40X_HE_T194_01,0,0.5835723280906677,1
ann,4,SR1482_40X_HE_T218_01,0,0.388506144285202,0
ann,4,SR1482_40X_HE_T253_01,0,0.4282923936843872,0
ann,4,SR1482_40X_HE_T290_01,0,0.4897034168243408,0
ann,4,SR1482_40X_HE_T308_01,0,0.5847123861312866,1
ann,4,SR1482_40X_HE_T314_01,0,0.6478734016418457,1
ann,4,SR1482_40X_HE_T314_02,0,0.7305642366409302,1
ann,4,SR1482_40X_HE_T372_01,1,0.4713362753391266,0
ann,4,SR1482_40X_HE_T372_02,1,0.49076613783836365,0
ann,4,SR1482_40X_HE_T408_01,0,0.343302458524704,0
ann,4,SR1482_40X_HE_T412_01,0,0.31561148166656494,0
ann,4,SR1482_40X_HE_T425_01,0,0.223030224442482,0
ann,4,SR1482_40X_HE_T434_01,1,0.3426620662212372,0
ann,4,SR386_40X_HE_T006_01,0,0.3360673189163208,0
ann,4,SR386_40X_HE_T010_01,0,0.4266725480556488,0
ann,4,SR386_40X_HE_T014_01,0,0.25702112913131714,0
ann,4,SR386_40X_HE_T016_01,0,0.44375941157341003,0
ann,4,SR386_40X_HE_T020_01,0,0.30592140555381775,0
ann,4,SR386_40X_HE_T027_01,0,0.3836059868335724,0
ann,4,SR386_40X_HE_T028_01,0,0.3283349275588989,0
ann,4,SR386_40X_HE_T037_01,0,0.31681516766548157,0
ann,4,SR386_40X_HE_T043_01,0,0.3848012685775757,0
ann,4,SR386_40X_HE_T044_01,1,0.473814994096756,0
ann,4,SR386_40X_HE_T046_01,0,0.3708629012107849,0
ann,4,SR386_40X_HE_T058_01,0,0.37928637862205505,0
ann,4,SR386_40X_HE_T062_01,0,0.3343724310398102,0
ann,4,SR386_40X_HE_T065_01,1,0.3271618187427521,0
ann,4,SR386_40X_HE_T080_01,0,0.43303003907203674,0
ann,4,SR386_40X_HE_T091_01,0,0.41587626934051514,0
ann,4,SR386_40X_HE_T094_01,0,0.2614302933216095,0
ann,4,SR386_40X_HE_T097_01,0,0.38043200969696045,0
ann,4,SR386_40X_HE_T100_01,0,0.36977827548980713,0
ann,4,SR386_40X_HE_T107_01,0,0.5599190592765808,1
ann,4,SR386_40X_HE_T109_01,1,0.36033231019973755,0
ann,4,SR386_40X_HE_T110_01,0,0.34651821851730347,0
ann,4,SR386_40X_HE_T117_01,0,0.41055458784103394,0
ann,4,SR386_40X_HE_T127_01,0,0.3789822459220886,0
ann,4,SR386_40X_HE_T129_01,0,0.36441653966903687,0
ann,4,SR386_40X_HE_T136_01,0,0.32785630226135254,0
ann,4,SR386_40X_HE_T154_01,0,0.4323408901691437,0
ann,4,SR386_40X_HE_T168_01,1,0.4480035603046417,0
ann,4,SR386_40X_HE_T175_01,0,0.32075023651123047,0
ann,4,SR386_40X_HE_T189_01,0,0.3450811505317688,0
ann,4,SR386_40X_HE_T195_01,0,0.3099105954170227,0
ann,4,SR386_40X_HE_T227_01,0,0.38936764001846313,0
ann,4,SR386_40X_HE_T233_01,0,0.4068234860897064,0
ann,4,SR386_40X_HE_T234_01,0,0.40218913555145264,0
ann,4,SR386_40X_HE_T235_01,0,0.42675140500068665,0
ann,4,SR386_40X_HE_T239_01,0,0.555525004863739,1
ann,4,SR386_40X_HE_T245_01,0,0.34582164883613586,0
ann,4,SR386_40X_HE_T256_01,0,0.45047324895858765,0
ann,4,SR386_40X_HE_T265_01,0,0.4025022089481354,0
ann,4,SR386_40X_HE_T268_01,0,0.40624022483825684,0
ann,4,SR386_40X_HE_T270_01,0,0.43955567479133606,0
ann,4,SR386_40X_HE_T272_01,0,0.5437656044960022,1
ann,4,SR386_40X_HE_T273_01,0,0.29699814319610596,0
ann,4,SR386_40X_HE_T276_01,0,0.4268554747104645,0
ann,4,SR386_40X_HE_T278_01,1,0.38140279054641724,0
ann,4,SR386_40X_HE_T284_01,0,0.26134955883026123,0
ann,4,SR386_40X_HE_T285_01,0,0.36909016966819763,0
ann,4,SR386_40X_HE_T288_01,0,0.4278666079044342,0
ann,4,SR386_40X_HE_T291_01,0,0.3721528947353363,0
ann,4,SR386_40X_HE_T300_01,0,0.39362600445747375,0
ann,4,SR386_40X_HE_T302_01,0,0.39864131808280945,0
ann,4,SR386_40X_HE_T305_01,0,0.2685103118419647,0
ann,4,SR386_40X_HE_T308_01,0,0.409206748008728,0
ann,4,SR386_40X_HE_T325_01,0,0.2866998314857483,0
ann,4,SR386_40X_HE_T331_01,0,0.3933040201663971,0
ann,4,SR386_40X_HE_T341_01,0,0.4596843421459198,0
ann,4,SR386_40X_HE_T343_01,1,0.46374019980430603,0
ann,4,SR386_40X_HE_T346_01,0,0.5112662315368652,1
ann,4,SR386_40X_HE_T352_01,0,0.4321122467517853,0
ann,4,SR386_40X_HE_T373_01,0,0.49070096015930176,0
ann,4,SR386_40X_HE_T375_01,0,0.38983023166656494,0
ann,4,SR386_40X_HE_T381_01,0,0.4117549657821655,0
ann,4,SR386_40X_HE_T389_01,0,0.4220829904079437,0
ann,4,SR386_40X_HE_T391_01,0,0.41807860136032104,0
ann,4,SR386_40X_HE_T394_01,0,0.26733022928237915,0
ann,4,SR386_40X_HE_T399_01,0,0.4290411174297333,0
ann,4,SR386_40X_HE_T403_01,0,0.29448893666267395,0
ann,4,SR386_40X_HE_T405_01,0,0.5003806352615356,1
ann,4,SR386_40X_HE_T407_01,0,0.4305889904499054,0
ann,4,SR386_40X_HE_T414_01,0,0.410651832818985,0
ann,4,SR386_40X_HE_T424_01,0,0.5309854745864868,1
ann,4,SR386_40X_HE_T429_01,0,0.4267641305923462,0
ann,4,SR386_40X_HE_T441_01,0,0.357260137796402,0
ann,4,SR386_40X_HE_T451_01,0,0.4400152564048767,0
ann,4,SR386_40X_HE_T453_01,0,0.3995855748653412,0
ann,4,SR386_40X_HE_T455_01,0,0.3580498993396759,0
ann,4,SR386_40X_HE_T465_01,0,0.4446782171726227,0
ann,4,SR386_40X_HE_T474_01,0,0.6686221361160278,1
ann,4,SR386_40X_HE_T476_01,0,0.6039949655532837,1
ann,4,SR386_40X_HE_T479_01,0,0.35705333948135376,0
ann,4,SR386_40X_HE_T482_01,0,0.3993060886859894,0
ann,4,SR386_40X_HE_T487_01,0,0.41925063729286194,0
ann,4,SR386_40X_HE_T490_01,0,0.23245619237422943,0
ann,4,SR386_40X_HE_T494_01,0,0.3386162519454956,0
ann,4,SR386_40X_HE_T500_01,0,0.2719288468360901,0
ann,4,SR386_40X_HE_T510_01,0,0.38357874751091003,0
ann,4,SR386_40X_HE_T524_01,0,0.3211407959461212,0
ann,4,SR386_40X_HE_T528_01,0,0.5845615863800049,1
ann,4,SR386_40X_HE_T532_01,0,0.34190693497657776,0
ann,4,SR386_40X_HE_T534_01,0,0.5807773470878601,1
ann,4,SR386_40X_HE_T536_01,0,0.2824253439903259,0
ann,4,SR386_40X_HE_T537_01,0,0.4139164090156555,0
ann,4,SR386_40X_HE_T541_01,0,0.28859490156173706,0
ann,4,SR386_40X_HE_T548_01,1,0.23705945909023285,0
ann,4,SR386_40X_HE_T550_01,0,0.44397997856140137,0
ann,4,SR386_40X_HE_T551_01,0,0.34431588649749756,0
ann,4,SR386_40X_HE_T557_01,0,0.3844853639602661,0
ann,4,SR386_40X_HE_T565_01,0,0.33505597710609436,0
ann,4,SR386_40X_HE_T567_01,0,0.31577861309051514,0
ann,4,SR386_40X_HE_T575_01,0,0.3733309209346771,0
ann,4,SR386_40X_HE_T576_01,0,0.5152207612991333,1
ann,4,SR386_40X_HE_T581_01,0,0.361996054649353,0
knn,1,SR1482_40X_HE_T029_01,0,0.0,0
knn,1,SR1482_40X_HE_T029_02,0,0.0,0
knn,1,SR1482_40X_HE_T057_01,0,0.19167600656061803,0
knn,1,SR1482_40X_HE_T063_01,1,0.6422633842796233,1
knn,1,SR1482_40X_HE_T063_02,1,0.0,0
knn,1,SR1482_40X_HE_T065_01,0,0.19164202344120407,0
knn,1,SR1482_40X_HE_T065_02,0,0.2061135568286834,0
knn,1,SR1482_40X_HE_T066_01,0,0.0,0
knn,1,SR1482_40X_HE_T066_02,0,0.0,0
knn,1,SR1482_40X_HE_T068_01,0,0.0,0
knn,1,SR1482_40X_HE_T069_01,0,0.0,0
knn,1,SR1482_40X_HE_T069_02,0,0.0,0
knn,1,SR1482_40X_HE_T079_01,1,0.1886434952067401,0
knn,1,SR1482_40X_HE_T079_02,1,0.2373612200971044,0
knn,1,SR1482_40X_HE_T080_01,0,0.0,0
knn,1,SR1482_40X_HE_T080_02,0,0.17889936529273312,0
knn,1,SR1482_40X_HE_T081_01,0,0.0,0
knn,1,SR1482_40X_HE_T081_02,0,0.0,0
knn,1,SR1482_40X_HE_T099_01,0,0.0,0
knn,1,SR1482_40X_HE_T116_01,0,0.0,0
knn,1,SR1482_40X_HE_T117_01,0,0.5956167553954953,1
knn,1,SR1482_40X_HE_T117_02,0,0.378185570417999,0
knn,1,SR1482_40X_HE_T126_01,0,0.36256906799558486,0
knn,1,SR1482_40X_HE_T129_01,0,0.1474231285408681,0
knn,1,SR1482_40X_HE_T129_02,0,0.15081901792705613,0
knn,1,SR1482_40X_HE_T139_01,0,0.3942581034324005,0
knn,1,SR1482_40X_HE_T139_02,0,0.19040187112037887,0
knn,1,SR1482_40X_HE_T147_01,0,0.8047168645713177,1
knn,1,SR1482_40X_HE_T147_02,0,0.19622242984687982,0
knn,1,SR1482_40X_HE_T159_01,0,0.19743297788247574,0
knn,1,SR1482_40X_HE_T159_02,0,0.14853976529276905,0
knn,1,SR1482_40X_HE_T192_01,0,0.0,0
knn,1,SR1482_40X_HE_T199_01,0,0.0,0
knn,1,SR1482_40X_HE_T304_01,0,0.0,0
knn,1,SR1482_40X_HE_T304_02,0,0.0,0
knn,1,SR1482_40X_HE_T310_01,1,0.5212681401188972,1
knn,1,SR1482_40X_HE_T310_02,1,0.19546686926729887,0
knn,1,SR1482_40X_HE_T341_01,0,0.0,0
knn,1,SR1482_40X_HE_T341_02,0,0.0,0
knn,1,SR1482_40X_HE_T353_01,0,0.0,0
knn,1,SR1482_40X_HE_T390_01,0,0.0,0
knn,1,SR1482_40X_HE_T433_01,1,0.18830755996151236,0
knn,1,SR386_40X_HE_T003_01,0,0.0,0
knn,1,SR386_40X_HE_T004_01,0,0.17750166348371693,0
knn,1,SR386_40X_HE_T022_01,1,0.22193727613923647,0
knn,1,SR386_40X_HE_T030_01,0,0.0,0
knn,1,SR386_40X_HE_T033_01,0,0.24130826166973982,0
knn,1,SR386_40X_HE_T036_01,0,0.0,0
knn,1,SR386_40X_HE_T038_01,0,0.4789068881195389,0
knn,1,SR386_40X_HE_T049_01,0,0.0,0
knn,1,SR386_40X_HE_T050_01,0,0.20026055790364655,0
knn,1,SR386_40X_HE_T060_01,0,0.0,0
knn,1,SR386_40X_HE_T063_01,0,0.0,0
knn,1,SR386_40X_HE_T066_01,0,0.219770413074552,0
knn,1,SR386_40X_HE_T069_01,0,0.0,0
knn,1,SR386_40X_HE_T072_01,0,0.0,0
knn,1,SR386_40X_HE_T074_01,0,0.18269512903572296,0
knn,1,SR386_40X_HE_T078_01,0,0.0,0
knn,1,SR386_40X_HE_T079_01,0,0.0,0
knn,1,SR386_40X_HE_T092_01,1,0.0,0
knn,1,SR386_40X_HE_T096_01,0,0.0,0
knn,1,SR386_40X_HE_T099_01,0,0.17816832664028964,0
knn,1,SR386_40X_HE_T103_01,0,0.0,0
knn,1,SR386_40X_HE_T108_01,0,0.1276608135641427,0
knn,1,SR386_40X_HE_T113_01,0,0.0,0
knn,1,SR386_40X_HE_T114_01,0,0.0,0
knn,1,SR386_40X_HE_T119_01,0,0.0,0
knn,1,SR386_40X_HE_T126_01,0,0.0,0
knn,1,SR386_40X_HE_T130_01,0,0.0,0
knn,1,SR386_40X_HE_T131_01,0,0.0,0
knn,1,SR386_40X_HE_T135_01,0,0.2089945954426751,0
knn,1,SR386_40X_HE_T140_01,0,0.0,0
knn,1,SR386_40X_HE_T144_01,0,0.18024251994449433,0
knn,1,SR386_40X_HE_T147_01,0,0.0,0
knn,1,SR386_40X_HE_T148_01,0,0.18714579167165826,0
knn,1,SR386_40X_HE_T160_01,0,0.0,0
knn,1,SR386_40X_HE_T169_01,0,0.19537033299878961,0
knn,1,SR386_40X_HE_T170_01,1,0.6002097919608268,1
knn,1,SR386_40X_HE_T172_01,0,0.5382467171242818,1
knn,1,SR386_40X_HE_T174_01,0,0.0,0
knn,1,SR386_40X_HE_T181_01,0,0.0,0
knn,1,SR386_40X_HE_T196_01,0,0.0,0
knn,1,SR386_40X_HE_T205_01,0,0.0,0
knn,1,SR386_40X_HE_T209_01,0,0.0,0
knn,1,SR386_40X_HE_T210_01,0,0.1539031852717976,0
knn,1,SR386_40X_HE_T212_01,0,0.0,0
knn,1,SR386_40X_HE_T221_01,0,0.0,0
knn,1,SR386_40X_HE_T224_01,0,0.0,0
knn,1,SR386_40X_HE_T231_01,1,0.0,0
knn,1,SR386_40X_HE_T232_01,0,0.19344537301758813,0
knn,1,SR386_40X_HE_T247_01,0,0.0,0
knn,1,SR386_40X_HE_T252_01,0,0.0,0
knn,1,SR386_40X_HE_T255_01,0,0.2308821549662158,0
knn,1,SR386_40X_HE_T259_01,1,0.0,0
knn,1,SR386_40X_HE_T274_01,0,0.2133940080761093,0
knn,1,SR386_40X_HE_T275_01,0,0.0,0
knn,1,SR386_40X_HE_T282_01,0,0.0,0
knn,1,SR386_40X_HE_T294_01,0,0.0,0
knn,1,SR386_40X_HE_T311_01,0,0.33904155387854124,0
knn,1,SR386_40X_HE_T315_01,0,0.2643354987874089,0
knn,1,SR386_40X_HE_T319_01,1,0.0,0
knn,1,SR386_40X_HE_T324_01,1,0.0,0
knn,1,SR386_40X_HE_T330_01,0,0.0,0
knn,1,SR386_40X_HE_T333_01,0,0.0,0
knn,1,SR386_40X_HE_T335_01,0,0.0,0
knn,1,SR386_40X_HE_T337_01,0,0.2580212657984175,0
knn,1,SR386_40X_HE_T344_01,0,0.0,0
knn,1,SR386_40X_HE_T347_01,0,0.0,0
knn,1,SR386_40X_HE_T350_01,0,0.0,0
knn,1,SR386_40X_HE_T351_01,0,0.0,0
knn,1,SR386_40X_HE_T360_01,0,0.0,0
knn,1,SR386_40X_HE_T361_01,0,0.0,0
knn,1,SR386_40X_HE_T366_01,0,0.0,0
knn,1,SR386_40X_HE_T377_01,1,0.1757150687046369,0
knn,1,SR386_40X_HE_T384_01,0,0.0,0
knn,1,SR386_40X_HE_T395_01,0,0.0,0
knn,1,SR386_40X_HE_T396_01,0,0.0,0
knn,1,SR386_40X_HE_T401_01,0,0.0,0
knn,1,SR386_40X_HE_T408_01,0,0.0,0
knn,1,SR386_40X_HE_T410_01,0,0.1974437845107037,0
knn,1,SR386_40X_HE_T413_01,0,0.0,0
knn,1,SR386_40X_HE_T416_01,0,0.17482280837514913,0
knn,1,SR386_40X_HE_T418_01,0,0.0,0
knn,1,SR386_40X_HE_T419_01,0,0.0,0
knn,1,SR386_40X_HE_T421_01,0,0.0,0
knn,1,SR386_40X_HE_T423_01,0,0.17171110663660122,0
knn,1,SR386_40X_HE_T428_01,0,0.0,0
knn,1,SR386_40X_HE_T430_01,0,0.0,0
knn,1,SR386_40X_HE_T431_01,0,0.2071615520282136,0
knn,1,SR386_40X_HE_T435_01,0,0.43263628932890563,0
knn,1,SR386_40X_HE_T438_01,0,0.39944478432685304,0
knn,1,SR386_40X_HE_T439_01,0,0.18114649468991725,0
knn,1,SR386_40X_HE_T447_01,0,0.0,0
knn,1,SR386_40X_HE_T449_01,0,0.1768796822965829,0
knn,1,SR386_40X_HE_T454_01,0,0.1872519551077559,0
knn,1,SR386_40X_HE_T456_01,0,0.0,0
knn,1,SR386_40X_HE_T461_01,0,0.0,0
knn,1,SR386_40X_HE_T462_01,0,0.0,0
knn,1,SR386_40X_HE_T468_01,0,0.0,0
knn,1,SR386_40X_HE_T469_01,1,0.0,0
knn,1,SR386_40X_HE_T470_01,0,0.22066130574325446,0
knn,1,SR386_40X_HE_T471_01,0,0.0,0
knn,1,SR386_40X_HE_T477_01,0,0.1965418913680351,0
knn,1,SR386_40X_HE_T480_01,0,0.39175249671205065,0
knn,1,SR386_40X_HE_T484_01,0,0.0,0
knn,1,SR386_40X_HE_T495_01,0,0.0,0
knn,1,SR386_40X_HE_T496_01,0,0.0,0
knn,1,SR386_40X_HE_T498_01,0,0.2042182094102057,0
knn,1,SR386_40X_HE_T504_01,0,0.1992353299385754,0
knn,1,SR386_40X_HE_T511_01,0,0.0,0
knn,1,SR386_40X_HE_T517_01,0,0.18154474945254884,0
knn,1,SR386_40X_HE_T523_01,0,0.0,0
knn,1,SR386_40X_HE_T529_01,0,0.0,0
knn,1,SR386_40X_HE_T542_01,0,0.0,0
knn,1,SR386_40X_HE_T569_01,0,0.0,0
knn,1,SR386_40X_HE_T582_01,0,0.0,0
knn,2,SR1482_40X_HE_T009_01,0,0.0,0
knn,2,SR1482_40X_HE_T009_02,0,0.0,0
knn,2,SR1482_40X_HE_T015_01,0,0.0,0
knn,2,SR1482_40X_HE_T021_01,0,0.0,0
knn,2,SR1482_40X_HE_T067_01,0,0.3333333333333333,0
knn,2,SR1482_40X_HE_T075_01,0,0.0,0
knn,2,SR1482_40X_HE_T075_02,0,0.0,0
knn,2,SR1482_40X_HE_T098_01,0,0.0,0
knn,2,SR1482_40X_HE_T098_02,0,0.0,0
knn,2,SR1482_40X_HE_T102_01,0,0.3333333333333333,0
knn,2,SR1482_40X_HE_T123_01,0,0.0,0
knn,2,SR1482_40X_HE_T142_01,0,0.0,0
knn,2,SR1482_40X_HE_T146_01,0,0.6666666666666666,1
knn,2,SR1482_40X_HE_T148_01,0,0.6666666666666666,1
knn,2,SR1482_40X_HE_T148_02,0,0.3333333333333333,0
knn,2,SR1482_40X_HE_T154_01,0,0.0,0
knn,2,SR1482_40X_HE_T158_01,0,0.0,0
knn,2,SR1482_40X_HE_T161_01,0,0.0,0
knn,2,SR1482_40X_HE_T161_02,0,0.0,0
knn,2,SR1482_40X_HE_T164_01,1,0.3333333333333333,0
knn,2,SR1482_40X_HE_T164_02,1,0.3333333333333333,0
knn,2,SR1482_40X_HE_T168_01,0,0.0,0
knn,2,SR1482_40X_HE_T171_01,0,0.6666666666666666,1
knn,2,SR1482_40X_HE_T171_02,0,0.3333333333333333,0
knn,2,SR1482_40X_HE_T178_01,1,0.0,0
knn,2,SR1482_40X_HE_T186_01,0,0.0,0
knn,2,SR1482_40X_HE_T193_01,0,0.6666666666666666,1
knn,2,SR1482_40X_HE_T193_02,0,0.0,0
knn,2,SR1482_40X_HE_T209_01,0,0.6666666666666666,1
knn,2,SR1482_40X_HE_T209_02,0,0.6666666666666666,1
knn,2,SR1482_40X_HE_T245_01,0,0.0,0
knn,2,SR1482_40X_HE_T245_02,0,0.3333333333333333,0
knn,2,SR1482_40X_HE_T265_01,0,0.0,0
knn,2,SR1482_40X_HE_T302_01,0,0.0,0
knn,2,SR1482_40X_HE_T343_01,1,0.0,0
knn,2,SR1482_40X_HE_T343_02,1,0.0,0
knn,2,SR1482_40X_HE_T399_01,0,0.0,0
knn,2,SR1482_40X_HE_T399_02,0,0.3333333333333333,0
knn,2,SR1482_40X_HE_T426_01,0,0.0,0
knn,2,SR1482_40X_HE_T426_02,0,0.0,0
knn,2,SR386_40X_HE_T001_01,0,0.3333333333333333,0
knn,2,SR386_40X_HE_T013_01,0,0.0,0
knn,2,SR386_40X_HE_T018_01,0,0.0,0
knn,2,SR386_40X_HE_T019_01,0,0.0,0
knn,2,SR386_40X_HE_T024_01,0,0.0,0
knn,2,SR386_40X_HE_T039_01,0,0.0,0
knn,2,SR386_40X_HE_T040_01,1,0.0,0
knn,2,SR386_40X_HE_T042_01,0,0.0,0
knn,2,SR386_40X_HE_T047_01,0,0.0,0
knn,2,SR386_40X_HE_T051_01,0,0.0,0
knn,2,SR386_40X_HE_T052_01,0,0.0,0
knn,2,SR386_40X_HE_T056_01,0,0.3333333333333333,0
knn,2,SR386_40X_HE_T057_01,0,0.0,0
knn,2,SR386_40X_HE_T070_01,0,0.0,0
knn,2,SR386_40X_HE_T082_01,0,0.0,0
knn,2,SR386_40X_HE_T084_01,0,0.0,0
knn,2,SR386_40X_HE_T087_01,0,0.3333333333333333,0
knn,2,SR386_40X_HE_T088_01,0,0.3333333333333333,0
knn,2,SR386_40X_HE_T098_01,0,0.3333333333333333,0
knn,2,SR386_40X_HE_T105_01,0,0.0,0
knn,2,SR386_40X_HE_T122_01,0,0.0,0
knn,2,SR386_40X_HE_T123_01,0,0.0,0
knn,2,SR386_40X_HE_T133_01,0,0.0,0
knn,2,SR386_40X_HE_T145_01,0,0.0,0
knn,2,SR386_40X_HE_T150_01,0,0.0,0
knn,2,SR386_40X_HE_T152_01,0,0.6666666666666666,1
knn,2,SR386_40X_HE_T155_01,0,0.0,0
knn,2,SR386_40X_HE_T157_01,0,0.0,0
knn,2,SR386_40X_HE_T164_01,0,0.0,0
knn,2,SR386_40X_HE_T166_01,0,0.0,0
knn,2,SR386_40X_HE_T176_01,1,0.3333333333333333,0
knn,2,SR386_40X_HE_T177_01,0,0.0,0
knn,2,SR386_40X_HE_T178_01,0,0.3333333333333333,0
knn,2,SR386_40X_HE_T187_01,0,0.0,0
knn,2,SR386_40X_HE_T190_01,0,0.0,0
knn,2,SR386_40X_HE_T192_01,0,0.0,0
knn,2,SR386_40X_HE_T198_01,0,0.3333333333333333,0
knn,2,SR386_40X_HE_T200_01,0,0.0,0
knn,2,SR386_40X_HE_T206_01,1,0.0,0
knn,2,SR386_40X_HE_T211_01,0,0.3333333333333333,0
knn,2,SR386_40X_HE_T213_01,0,0.0,0
knn,2,SR386_40X_HE_T214_01,0,0.0,0
knn,2,SR386_40X_HE_T220_01,0,0.0,0
knn,2,SR386_40X_HE_T230_01,1,0.0,0
knn,2,SR386_40X_HE_T236_01,0,0.0,0
knn,2,SR386_40X_HE_T237_01,0,0.0,0
knn,2,SR386_40X_HE_T240_01,0,0.0,0
knn,2,SR386_40X_HE_T241_01,0,0.0,0
knn,2,SR386_40X_HE_T242_01,0,0.0,0
knn,2,SR386_40X_HE_T253_01,0,0.0,0
knn,2,SR386_40X_HE_T260_01,0,0.3333333333333333,0
knn,2,SR386_40X_HE_T262_01,0,0.0,0
knn,2,SR386_40X_HE_T264_01,0,0.3333333333333333,0
knn,2,SR386_40X_HE_T271_01,0,0.0,0
knn,2,SR386_40X_HE_T281_01,0,0.0,0
knn,2,SR386_40X_HE_T297_01,0,0.0,0
knn,2,SR386_40X_HE_T299_01,0,0.0,0
knn,2,SR386_40X_HE_T301_01,0,0.0,0
knn,2,SR386_40X_HE_T306_01,0,0.0,0
knn,2,SR386_40X_HE_T309_01,0,0.0,0
knn,2,SR386_40X_HE_T314_01,0,0.0,0
knn,2,SR386_40X_HE_T316_01,0,0.0,0
knn,2,SR386_40X_HE_T318_01,0,0.0,0
knn,2,SR386_40X_HE_T321_01,0,0.0,0
knn,2,SR386_40X_HE_T326_01,0,0.0,0
knn,2,SR386_40X_HE_T327_01,0,0.0,0
knn,2,SR386_40X_HE_T332_01,1,0.0,0
knn,2,SR386_40X_HE_T355_01,0,0.0,0
knn,2,SR386_40X_HE_T364_01,0,0.0,0
knn,2,SR386_40X_HE_T368_01,1,0.0,0
knn,2,SR386_40X_HE_T374_01,0,0.0,0
knn,2,SR386_40X_HE_T380_01,0,0.0,0
knn,2,SR386_40X_HE_T382_01,0,0.0,0
knn,2,SR386_40X_HE_T392_01,0,0.0,0
knn,2,SR386_40X_HE_T398_01,0,0.3333333333333333,0
knn,2,SR386_40X_HE_T402_01,1,0.0,0
knn,2,SR386_40X_HE_T404_01,0,0.0,0
knn,2,SR386_40X_HE_T415_01,0,0.0,0
knn,2,SR386_40X_HE_T417_01,0,0.0,0
knn,2,SR386_40X_HE_T425_01,0,0.0,0
knn,2,SR386_40X_HE_T436_01,1,0.0,0
knn,2,SR386_40X_HE_T437_01,0,0.0,0
knn,2,SR386_40X_HE_T440_01,0,0.0,0
knn,2,SR386_40X_HE_T445_01,0,0.0,0
knn,2,SR386_40X_HE_T450_01,0,0.0,0
knn,2,SR386_40X_HE_T459_01,0,0.0,0
knn,2,SR386_40X_HE_T472_01,0,0.3333333333333333,0
knn,2,SR386_40X_HE_T481_01,0,0.0,0
knn,2,SR386_40X_HE_T483_01,0,0.0,0
knn,2,SR386_40X_HE_T486_01,0,0.0,0
knn,2,SR386_40X_HE_T488_01,0,0.0,0
knn,2,SR386_40X_HE_T499_01,0,0.0,0
knn,2,SR386_40X_HE_T507_01,0,0.3333333333333333,0
knn,2,SR386_40X_HE_T514_01,0,0.0,0
knn,2,SR386_40X_HE_T520_01,1,0.0,0
knn,2,SR386_40X_HE_T522_01,0,0.0,0
knn,2,SR386_40X_HE_T531_01,0,0.0,0
knn,2,SR386_40X_HE_T535_01,0,0.0,0
knn,2,SR386_40X_HE_T539_01,0,0.3333333333333333,0
knn,2,SR386_40X_HE_T549_01,0,0.0,0
knn,2,SR386_40X_HE_T552_01,0,0.0,0
knn,2,SR386_40X_HE_T553_01,0,0.0,0
knn,2,SR386_40X_HE_T554_01,0,0.0,0
knn,2,SR386_40X_HE_T558_01,0,0.0,0
knn,2,SR386_40X_HE_T564_01,0,0.0,0
knn,2,SR386_40X_HE_T570_01,0,0.3333333333333333,0
knn,2,SR386_40X_HE_T574_01,0,0.0,0
knn,2,SR386_40X_HE_T578_01,0,0.0,0
knn,2,SR386_40X_HE_T580_01,0,0.0,0
knn,3,SR1482_40X_HE_T005_01,0,0.3333333333333333,0
knn,3,SR1482_40X_HE_T005_02,0,0.3333333333333333,0
knn,3,SR1482_40X_HE_T010_01,0,0.0,0
knn,3,SR1482_40X_HE_T043_01,0,0.0,0
knn,3,SR1482_40X_HE_T043_02,0,0.0,0
knn,3,SR1482_40X_HE_T049_01,0,0.3333333333333333,0
knn,3,SR1482_40X_HE_T061_01,0,0.0,0
knn,3,SR1482_40X_HE_T061_02,0,0.0,0
knn,3,SR1482_40X_HE_T070_01,1,0.0,0
knn,3,SR1482_40X_HE_T073_01,0,0.0,0
knn,3,SR1482_40X_HE_T082_01,0,0.3333333333333333,0
knn,3,SR1482_40X_HE_T082_02,0,0.0,0
knn,3,SR1482_40X_HE_T089_01,0,0.0,0
knn,3,SR1482_40X_HE_T090_01,0,0.0,0
knn,3,SR1482_40X_HE_T094_01,1,0.0,0
knn,3,SR1482_40X_HE_T094_02,1,0.0,0
knn,3,SR1482_40X_HE_T105_01,0,0.0,0
knn,3,SR1482_40X_HE_T115_01,0,0.0,0
knn,3,SR1482_40X_HE_T115_02,0,0.0,0
knn,3,SR1482_40X_HE_T118_01,0,0.3333333333333333,0
knn,3,SR1482_40X_HE_T118_02,0,0.3333333333333333,0
knn,3,SR1482_40X_HE_T120_01,0,0.0,0
knn,3,SR1482_40X_HE_T120_02,0,0.0,0
knn,3,SR1482_40X_HE_T124_01,0,0.0,0
knn,3,SR1482_40X_HE_T124_02,0,0.6666666666666666,1
knn,3,SR1482_40X_HE_T138_01,0,0.0,0
knn,3,SR1482_40X_HE_T160_01,0,0.0,0
knn,3,SR1482_40X_HE_T160_02,0,0.0,0
knn,3,SR1482_40X_HE_T167_01,0,0.3333333333333333,0
knn,3,SR1482_40X_HE_T167_02,0,0.0,0
knn,3,SR1482_40X_HE_T175_01,0,0.0,0
knn,3,SR1482_40X_HE_T175_02,0,0.0,0
knn,3,SR1482_40X_HE_T177_01,1,0.0,0
knn,3,SR1482_40X_HE_T188_01,0,0.3333333333333333,0
knn,3,SR1482_40X_HE_T195_01,0,0.0,0
knn,3,SR1482_40X_HE_T195_02,0,0.3333333333333333,0
knn,3,SR1482_40X_HE_T202_01,0,0.3333333333333333,0
knn,3,SR1482_40X_HE_T202_02,0,0.0,0
knn,3,SR1482_40X_HE_T225_01,0,0.0,0
knn,3,SR1482_40X_HE_T225_02,0,0.0,0
knn,3,SR1482_40X_HE_T235_01,0,0.3333333333333333,0
knn,3,SR1482_40X_HE_T235_02,0,0.0,0
knn,3,SR1482_40X_HE_T236_01,0,0.0,0
knn,3,SR1482_40X_HE_T236_02,0,0.0,0
knn,3,SR1482_40X_HE_T258_01,0,0.0,0
knn,3,SR1482_40X_HE_T258_02,0,0.0,0
knn,3,SR1482_40X_HE_T284_01,1,0.3333333333333333,0
knn,3,SR1482_40X_HE_T284_02,1,0.6666666666666666,1
knn,3,SR1482_40X_HE_T301_01,1,0.3333333333333333,0
knn,3,SR1482_40X_HE_T301_02,1,0.0,0
knn,3,SR1482_40X_HE_T309_01,0,0.0,0
knn,3,SR1482_40X_HE_T313_01,0,0.3333333333333333,0
knn,3,SR1482_40X_HE_T313_02,0,0.0,0
knn,3,SR1482_40X_HE_T338_01,0,0.0,0
knn,3,SR1482_40X_HE_T344_01,0,0.3333333333333333,0
knn,3,SR1482_40X_HE_T344_02,0,0.0,0
knn,3,SR1482_40X_HE_T346_01,0,0.0,0
knn,3,SR1482_40X_HE_T346_02,0,0.3333333333333333,0
knn,3,SR1482_40X_HE_T377_01,0,0.3333333333333333,0
knn,3,SR1482_40X_HE_T377_02,0,0.0,0
knn,3,SR1482_40X_HE_T419_01,0,0.0,0
knn,3,SR1482_40X_HE_T427_01,0,0.0,0
knn,3,SR1482_40X_HE_T427_02,0,0.0,0
knn,3,SR386_40X_HE_T007_01,0,0.0,0
knn,3,SR386_40X_HE_T015_01,0,0.0,0
knn,3,SR386_40X_HE_T017_01,1,0.3333333333333333,0
knn,3,SR386_40X_HE_T032_01,0,0.0,0
knn,3,SR386_40X_HE_T034_01,0,0.0,0
knn,3,SR386_40X_HE_T035_01,0,0.0,0
knn,3,SR386_40X_HE_T041_01,0,0.6666666666666666,1
knn,3,SR386_40X_HE_T067_01,0,0.0,0
knn,3,SR386_40X_HE_T075_01,0,0.0,0
knn,3,SR386_40X_HE_T081_01,0,0.3333333333333333,0
knn,3,SR386_40X_HE_T083_01,0,0.0,0
knn,3,SR386_40X_HE_T085_01,0,0.0,0
knn,3,SR386_40X_HE_T095_01,0,0.0,0
knn,3,SR386_40X_HE_T104_01,0,0.3333333333333333,0
knn,3,SR386_40X_HE_T106_01,0,0.0,0
knn,3,SR386_40X_HE_T112_01,0,0.0,0
knn,3,SR386_40X_HE_T128_01,0,0.0,0
knn,3,SR386_40X_HE_T132_01,0,0.0,0
knn,3,SR386_40X_HE_T138_01,0,0.3333333333333333,0
knn,3,SR386_40X_HE_T142_01,0,0.0,0
knn,3,SR386_40X_HE_T149_01,0,0.0,0
knn,3,SR386_40X_HE_T165_01,1,0.3333333333333333,0
knn,3,SR386_40X_HE_T179_01,0,0.0,0
knn,3,SR386_40X_HE_T180_01,0,0.0,0
knn,3,SR386_40X_HE_T182_01,0,0.0,0
knn,3,SR386_40X_HE_T184_01,0,0.0,0
knn,3,SR386_40X_HE_T188_01,0,0.0,0
knn,3,SR386_40X_HE_T191_01,0,0.0,0
knn,3,SR386_40X_HE_T197_01,0,0.0,0
knn,3,SR386_40X_HE_T201_01,0,0.0,0
knn,3,SR386_40X_HE_T202_01,0,0.3333333333333333,0
knn,3,SR386_40X_HE_T208_01,0,0.0,0
knn,3,SR386_40X_HE_T216_01,1,0.0,0
knn,3,SR386_40X_HE_T238_01,0,0.0,0
knn,3,SR386_40X_HE_T244_01,0,0.0,0
knn,3,SR386_40X_HE_T248_01,0,0.0,0
knn,3,SR386_40X_HE_T249_01,0,0.0,0
knn,3,SR386_40X_HE_T250_01,0,0.0,0
knn,3,SR386_40X_HE_T263_01,0,0.3333333333333333,0
knn,3,SR386_40X_HE_T267_01,0,0.0,0
knn,3,SR386_40X_HE_T269_01,0,0.0,0
knn,3,SR386_40X_HE_T277_01,0,0.0,0
knn,3,SR386_40X_HE_T286_01,0,0.3333333333333333,0
knn,3,SR386_40X_HE_T287_01,0,0.0,0
knn,3,SR386_40X_HE_T290_01,0,0.0,0
knn,3,SR386_40X_HE_T293_01,0,0.0,0
knn,3,SR386_40X_HE_T298_01,0,0.0,0
knn,3,SR386_40X_HE_T303_01,0,0.0,0
knn,3,SR386_40X_HE_T312_01,0,0.3333333333333333,0
knn,3,SR386_40X_HE_T329_01,0,0.0,0
knn,3,SR386_40X_HE_T336_01,0,0.0,0
knn,3,SR386_40X_HE_T338_01,0,0.0,0
knn,3,SR386_40X_HE_T342_01,0,0.0,0
knn,3,SR386_40X_HE_T353_01,0,0.0,0
knn,3,SR386_40X_HE_T357_01,0,0.0,0
knn,3,SR386_40X_HE_T362_01,0,0.0,0
knn,3,SR386_40X_HE_T363_01,1,0.0,0
knn,3,SR386_40X_HE_T372_01,0,0.3333333333333333,0
knn,3,SR386_40X_HE_T378_01,0,0.0,0
knn,3,SR386_40X_HE_T379_01,0,0.0,0
knn,3,SR386_40X_HE_T386_01,0,0.0,0
knn,3,SR386_40X_HE_T387_01,0,0.0,0
knn,3,SR386_40X_HE_T393_01,0,0.0,0
knn,3,SR386_40X_HE_T397_01,0,0.0,0
knn,3,SR386_40X_HE_T406_01,0,0.0,0
knn,3,SR386_40X_HE_T409_01,0,0.0,0
knn,3,SR386_40X_HE_T422_01,0,0.0,0
knn,3,SR386_40X_HE_T426_01,0,0.0,0
knn,3,SR386_40X_HE_T433_01,0,0.0,0
knn,3,SR386_40X_HE_T443_01,0,0.3333333333333333,0
knn,3,SR386_40X_HE_T448_01,0,0.0,0
knn,3,SR386_40X_HE_T452_01,0,0.0,0
knn,3,SR386_40X_HE_T460_01,1,0.0,0
knn,3,SR386_40X_HE_T473_01,0,0.0,0
knn,3,SR386_40X_HE_T475_01,0,0.0,0
knn,3,SR386_40X_HE_T478_01,0,0.0,0
knn,3,SR386_40X_HE_T489_01,1,0.0,0
knn,3,SR386_40X_HE_T491_01,0,0.0,0
knn,3,SR386_40X_HE_T492_01,0,0.0,0
knn,3,SR386_40X_HE_T493_01,0,0.0,0
knn,3,SR386_40X_HE_T502_01,0,0.0,0
knn,3,SR386_40X_HE_T505_01,0,0.0,0
knn,3,SR386_40X_HE_T506_01,0,0.0,0
knn,3,SR386_40X_HE_T509_01,0,0.3333333333333333,0
knn,3,SR386_40X_HE_T516_01,0,0.0,0
knn,3,SR386_40X_HE_T518_01,0,0.0,0
knn,3,SR386_40X_HE_T519_01,0,0.0,0
knn,3,SR386_40X_HE_T521_01,0,0.0,0
knn,3,SR386_40X_HE_T526_01,0,0.0,0
knn,3,SR386_40X_HE_T533_01,0,0.0,0
knn,3,SR386_40X_HE_T543_01,0,0.0,0
knn,3,SR386_40X_HE_T544_01,0,0.0,0
knn,3,SR386_40X_HE_T556_01,1,0.0,0
knn,3,SR386_40X_HE_T560_01,0,0.0,0
knn,3,SR386_40X_HE_T563_01,0,0.0,0
knn,3,SR386_40X_HE_T568_01,0,0.0,0
knn,3,SR386_40X_HE_T571_01,0,0.0,0
knn,3,SR386_40X_HE_T572_01,0,0.0,0
knn,3,SR386_40X_HE_T573_01,0,0.0,0
knn,3,SR386_40X_HE_T583_01,0,0.0,0
knn,4,SR1482_40X_HE_T002_01,0,0.0,0
knn,4,SR1482_40X_HE_T003_01,0,0.19656603155389335,0
knn,4,SR1482_40X_HE_T004_01,0,0.0,0
knn,4,SR1482_40X_HE_T004_02,0,0.0,0
knn,4,SR1482_40X_HE_T011_01,0,0.0,0
knn,4,SR1482_40X_HE_T025_01,0,0.0,0
knn,4,SR1482_40X_HE_T025_02,0,0.19454644038659716,0
knn,4,SR1482_40X_HE_T060_01,0,0.0,0
knn,4,SR1482_40X_HE_T062_01,0,0.0,0
knn,4,SR1482_40X_HE_T062_02,0,0.18392975068692183,0
knn,4,SR1482_40X_HE_T064_01,0,0.43012982781776066,0
knn,4,SR1482_40X_HE_T064_02,0,0.17557055164396132,0
knn,4,SR1482_40X_HE_T071_01,0,0.3636632782072044,0
knn,4,SR1482_40X_HE_T071_02,0,0.31107524972811695,0
knn,4,SR1482_40X_HE_T074_01,0,0.250604674009098,0
knn,4,SR1482_40X_HE_T074_02,0,0.20092643084077333,0
knn,4,SR1482_40X_HE_T083_01,0,0.39731155304753185,0
knn,4,SR1482_40X_HE_T083_02,0,0.21353015833884192,0
knn,4,SR1482_40X_HE_T087_01,0,0.0,0
knn,4,SR1482_40X_HE_T097_01,1,0.23787262516017238,0
knn,4,SR1482_40X_HE_T097_02,1,0.18355995351698845,0
knn,4,SR1482_40X_HE_T108_01,0,0.0,0
knn,4,SR1482_40X_HE_T113_01,0,0.32534782577590216,0
knn,4,SR1482_40X_HE_T113_02,0,0.24446608736377268,0
knn,4,SR1482_40X_HE_T121_01,0,0.0,0
knn,4,SR1482_40X_HE_T122_01,0,0.0,0
knn,4,SR1482_40X_HE_T125_01,0,0.0,0
knn,4,SR1482_40X_HE_T125_02,0,0.0,0
knn,4,SR1482_40X_HE_T131_01,0,0.0,0
knn,4,SR1482_40X_HE_T131_02,0,0.0,0
knn,4,SR1482_40X_HE_T132_01,0,0.19691728507336728,0
knn,4,SR1482_40X_HE_T132_02,0,0.2478211952538792,0
knn,4,SR1482_40X_HE_T143_01,0,0.39885885168509755,0
knn,4,SR1482_40X_HE_T143_02,0,0.39407895838963697,0
knn,4,SR1482_40X_HE_T166_01,1,0.0,0
knn,4,SR1482_40X_HE_T169_01,0,0.3974674867600724,0
knn,4,SR1482_40X_HE_T176_01,1,0.5337979333558399,1
knn,4,SR1482_40X_HE_T176_02,1,0.22789802894766853,0
knn,4,SR1482_40X_HE_T191_01,0,0.0,0
knn,4,SR1482_40X_HE_T194_01,0,0.0,0
knn,4,SR1482_40X_HE_T218_01,0,0.0,0
knn,4,SR1482_40X_HE_T253_01,0,0.0,0
knn,4,SR1482_40X_HE_T290_01,0,0.19435421178385237,0
knn,4,SR1482_40X_HE_T308_01,0,0.18489115088057728,0
knn,4,SR1482_40X_HE_T314_01,0,0.3912048309992981,0
knn,4,SR1482_40X_HE_T314_02,0,0.0,0
knn,4,SR1482_40X_HE_T372_01,1,0.18635352354454998,0
knn,4,SR1482_40X_HE_T372_02,1,0.0,0
knn,4,SR1482_40X_HE_T408_01,0,0.1988107981973626,0
knn,4,SR1482_40X_HE_T412_01,0,0.0,0
knn,4,SR1482_40X_HE_T425_01,0,0.0,0
knn,4,SR1482_40X_HE_T434_01,1,0.19253387418661522,0
knn,4,SR386_40X_HE_T006_01,0,0.0,0
knn,4,SR386_40X_HE_T010_01,0,0.17733140525018334,0
knn,4,SR386_40X_HE_T014_01,0,0.0,0
knn,4,SR386_40X_HE_T016_01,0,0.0,0
knn,4,SR386_40X_HE_T020_01,0,0.0,0
knn,4,SR386_40X_HE_T027_01,0,0.15439637392576694,0
knn,4,SR386_40X_HE_T028_01,0,0.0,0
knn,4,SR386_40X_HE_T037_01,0,0.0,0
knn,4,SR386_40X_HE_T043_01,0,0.0,0
knn,4,SR386_40X_HE_T044_01,1,0.3724261839915532,0
knn,4,SR386_40X_HE_T046_01,0,0.0,0
knn,4,SR386_40X_HE_T058_01,0,0.0,0
knn,4,SR386_40X_HE_T062_01,0,0.16871069228441254,0
knn,4,SR386_40X_HE_T065_01,1,0.0,0
knn,4,SR386_40X_HE_T080_01,0,0.0,0
knn,4,SR386_40X_HE_T091_01,0,0.0,0
knn,4,SR386_40X_HE_T094_01,0,0.0,0
knn,4,SR386_40X_HE_T097_01,0,0.0,0
knn,4,SR386_40X_HE_T100_01,0,0.0,0
knn,4,SR386_40X_HE_T107_01,0,0.0,0
knn,4,SR386_40X_HE_T109_01,1,0.19789587069891523,0
knn,4,SR386_40X_HE_T110_01,0,0.0,0
knn,4,SR386_40X_HE_T117_01,0,0.0,0
knn,4,SR386_40X_HE_T127_01,0,0.16573217921127065,0
knn,4,SR386_40X_HE_T129_01,0,0.0,0
knn,4,SR386_40X_HE_T136_01,0,0.0,0
knn,4,SR386_40X_HE_T154_01,0,0.0,0
knn,4,SR386_40X_HE_T168_01,1,0.21677555935959852,0
knn,4,SR386_40X_HE_T175_01,0,0.16843376281934508,0
knn,4,SR386_40X_HE_T189_01,0,0.20346494765879108,0
knn,4,SR386_40X_HE_T195_01,0,0.0,0
knn,4,SR386_40X_HE_T227_01,0,0.0,0
knn,4,SR386_40X_HE_T233_01,0,0.0,0
knn,4,SR386_40X_HE_T234_01,0,0.34353739817296114,0
knn,4,SR386_40X_HE_T235_01,0,0.0,0
knn,4,SR386_40X_HE_T239_01,0,0.0,0
knn,4,SR386_40X_HE_T245_01,0,0.0,0
knn,4,SR386_40X_HE_T256_01,0,0.1936890630609545,0
knn,4,SR386_40X_HE_T265_01,0,0.0,0
knn,4,SR386_40X_HE_T268_01,0,0.0,0
knn,4,SR386_40X_HE_T270_01,0,0.1689250756517533,0
knn,4,SR386_40X_HE_T272_01,0,0.2189744676565468,0
knn,4,SR386_40X_HE_T273_01,0,0.0,0
knn,4,SR386_40X_HE_T276_01,0,0.4489554979607836,0
knn,4,SR386_40X_HE_T278_01,1,0.0,0
knn,4,SR386_40X_HE_T284_01,0,0.0,0
knn,4,SR386_40X_HE_T285_01,0,0.0,0
knn,4,SR386_40X_HE_T288_01,0,0.0,0
knn,4,SR386_40X_HE_T291_01,0,0.0,0
knn,4,SR386_40X_HE_T300_01,0,0.0,0
knn,4,SR386_40X_HE_T302_01,0,0.0,0
knn,4,SR386_40X_HE_T305_01,0,0.0,0
knn,4,SR386_40X_HE_T308_01,0,0.1837713660657588,0
knn,4,SR386_40X_HE_T325_01,0,0.0,0
knn,4,SR386_40X_HE_T331_01,0,0.0,0
knn,4,SR386_40X_HE_T341_01,0,0.0,0
knn,4,SR386_40X_HE_T343_01,1,0.0,0
knn,4,SR386_40X_HE_T346_01,0,0.38659728029793117,0
knn,4,SR386_40X_HE_T352_01,0,0.17639305773747938,0
knn,4,SR386_40X_HE_T373_01,0,0.0,0
knn,4,SR386_40X_HE_T375_01,0,0.0,0
knn,4,SR386_40X_HE_T381_01,0,0.0,0
knn,4,SR386_40X_HE_T389_01,0,0.0,0
knn,4,SR386_40X_HE_T391_01,0,0.0,0
knn,4,SR386_40X_HE_T394_01,0,0.0,0
knn,4,SR386_40X_HE_T399_01,0,0.0,0
knn,4,SR386_40X_HE_T403_01,0,0.0,0
knn,4,SR386_40X_HE_T405_01,0,0.1515959902413982,0
knn,4,SR386_40X_HE_T407_01,0,0.0,0
knn,4,SR386_40X_HE_T414_01,0,0.0,0
knn,4,SR386_40X_HE_T424_01,0,0.0,0
knn,4,SR386_40X_HE_T429_01,0,0.17016272437771165,0
knn,4,SR386_40X_HE_T441_01,0,0.0,0
knn,4,SR386_40X_HE_T451_01,0,0.0,0
knn,4,SR386_40X_HE_T453_01,0,0.0,0
knn,4,SR386_40X_HE_T455_01,0,0.2375316224756087,0
knn,4,SR386_40X_HE_T465_01,0,0.21061658770055786,0
knn,4,SR386_40X_HE_T474_01,0,0.0,0
knn,4,SR386_40X_HE_T476_01,0,0.2231994076804661,0
knn,4,SR386_40X_HE_T479_01,0,0.0,0
knn,4,SR386_40X_HE_T482_01,0,0.1657631466203407,0
knn,4,SR386_40X_HE_T487_01,0,0.0,0
knn,4,SR386_40X_HE_T490_01,0,0.0,0
knn,4,SR386_40X_HE_T494_01,0,0.0,0
knn,4,SR386_40X_HE_T500_01,0,0.0,0
knn,4,SR386_40X_HE_T510_01,0,0.0,0
knn,4,SR386_40X_HE_T524_01,0,0.0,0
knn,4,SR386_40X_HE_T528_01,0,0.2353355889805241,0
knn,4,SR386_40X_HE_T532_01,0,0.0,0
knn,4,SR386_40X_HE_T534_01,0,0.0,0
knn,4,SR386_40X_HE_T536_01,0,0.0,0
knn,4,SR386_40X_HE_T537_01,0,0.0,0
knn,4,SR386_40X_HE_T541_01,0,0.0,0
knn,4,SR386_40X_HE_T548_01,1,0.0,0
knn,4,SR386_40X_HE_T550_01,0,0.0,0
knn,4,SR386_40X_HE_T551_01,0,0.0,0
knn,4,SR386_40X_HE_T557_01,0,0.19148590914815497,0
knn,4,SR386_40X_HE_T565_01,0,0.0,0
knn,4,SR386_40X_HE_T567_01,0,0.0,0
knn,4,SR386_40X_HE_T575_01,0,0.0,0
knn,4,SR386_40X_HE_T576_01,0,0.0,0
knn,4,SR386_40X_HE_T581_01,0,0.0,0
proto,1,SR1482_40X_HE_T029_01,0,0.4989430904388428,0
proto,1,SR1482_40X_HE_T029_02,0,0.49874481558799744,0
proto,1,SR1482_40X_HE_T057_01,0,0.5002842545509338,1
proto,1,SR1482_40X_HE_T063_01,1,0.5095497965812683,1
proto,1,SR1482_40X_HE_T063_02,1,0.5093804001808167,1
proto,1,SR1482_40X_HE_T065_01,0,0.5069405436515808,1
proto,1,SR1482_40X_HE_T065_02,0,0.5055794715881348,1
proto,1,SR1482_40X_HE_T066_01,0,0.5054753422737122,1
proto,1,SR1482_40X_HE_T066_02,0,0.5092973709106445,1
proto,1,SR1482_40X_HE_T068_01,0,0.5034650564193726,1
proto,1,SR1482_40X_HE_T069_01,0,0.5059378743171692,1
proto,1,SR1482_40X_HE_T069_02,0,0.5092577934265137,1
proto,1,SR1482_40X_HE_T079_01,1,0.505956768989563,1
proto,1,SR1482_40X_HE_T079_02,1,0.5088614225387573,1
proto,1,SR1482_40X_HE_T080_01,0,0.5023617148399353,1
proto,1,SR1482_40X_HE_T080_02,0,0.5053908228874207,1
proto,1,SR1482_40X_HE_T081_01,0,0.4980549216270447,0
proto,1,SR1482_40X_HE_T081_02,0,0.5000640749931335,1
proto,1,SR1482_40X_HE_T099_01,0,0.5034016370773315,1
proto,1,SR1482_40X_HE_T116_01,0,0.5079658031463623,1
proto,1,SR1482_40X_HE_T117_01,0,0.5100763440132141,1
proto,1,SR1482_40X_HE_T117_02,0,0.5081772208213806,1
proto,1,SR1482_40X_HE_T126_01,0,0.50871342420578,1
proto,1,SR1482_40X_HE_T129_01,0,0.5044224858283997,1
proto,1,SR1482_40X_HE_T129_02,0,0.5055812001228333,1
proto,1,SR1482_40X_HE_T139_01,0,0.5092026591300964,1
proto,1,SR1482_40X_HE_T139_02,0,0.5091784000396729,1
proto,1,SR1482_40X_HE_T147_01,0,0.512074887752533,1
proto,1,SR1482_40X_HE_T147_02,0,0.5113511085510254,1
proto,1,SR1482_40X_HE_T159_01,0,0.50929856300354,1
proto,1,SR1482_40X_HE_T159_02,0,0.5079154968261719,1
proto,1,SR1482_40X_HE_T192_01,0,0.5031908750534058,1
proto,1,SR1482_40X_HE_T199_01,0,0.5005736947059631,1
proto,1,SR1482_40X_HE_T304_01,0,0.5046905875205994,1
proto,1,SR1482_40X_HE_T304_02,0,0.5030524730682373,1
proto,1,SR1482_40X_HE_T310_01,1,0.5048303008079529,1
proto,1,SR1482_40X_HE_T310_02,1,0.5028597712516785,1
proto,1,SR1482_40X_HE_T341_01,0,0.5007511973381042,1
proto,1,SR1482_40X_HE_T341_02,0,0.5037199258804321,1
proto,1,SR1482_40X_HE_T353_01,0,0.5023046135902405,1
proto,1,SR1482_40X_HE_T390_01,0,0.5034356713294983,1
proto,1,SR1482_40X_HE_T433_01,1,0.5082768797874451,1
proto,1,SR386_40X_HE_T003_01,0,0.49051228165626526,0
proto,1,SR386_40X_HE_T004_01,0,0.4898044168949127,0
proto,1,SR386_40X_HE_T022_01,1,0.4973089396953583,0
proto,1,SR386_40X_HE_T030_01,0,0.4932604432106018,0
proto,1,SR386_40X_HE_T033_01,0,0.48907098174095154,0
proto,1,SR386_40X_HE_T036_01,0,0.49653545022010803,0
proto,1,SR386_40X_HE_T038_01,0,0.49205419421195984,0
proto,1,SR386_40X_HE_T049_01,0,0.4906400442123413,0
proto,1,SR386_40X_HE_T050_01,0,0.5029534697532654,1
proto,1,SR386_40X_HE_T060_01,0,0.4907737970352173,0
proto,1,SR386_40X_HE_T063_01,0,0.4936738610267639,0
proto,1,SR386_40X_HE_T066_01,0,0.4896799921989441,0
proto,1,SR386_40X_HE_T069_01,0,0.4925426244735718,0
proto,1,SR386_40X_HE_T072_01,0,0.4923892021179199,0
proto,1,SR386_40X_HE_T074_01,0,0.4893185496330261,0
proto,1,SR386_40X_HE_T078_01,0,0.49658671021461487,0
proto,1,SR386_40X_HE_T079_01,0,0.48770543932914734,0
proto,1,SR386_40X_HE_T092_01,1,0.4965978264808655,0
proto,1,SR386_40X_HE_T096_01,0,0.487805038690567,0
proto,1,SR386_40X_HE_T099_01,0,0.5063961148262024,1
proto,1,SR386_40X_HE_T103_01,0,0.49363091588020325,0
proto,1,SR386_40X_HE_T108_01,0,0.49500057101249695,0
proto,1,SR386_40X_HE_T113_01,0,0.4970536231994629,0
proto,1,SR386_40X_HE_T114_01,0,0.4918219745159149,0
proto,1,SR386_40X_HE_T119_01,0,0.4883539080619812,0
proto,1,SR386_40X_HE_T126_01,0,0.4938042461872101,0
proto,1,SR386_40X_HE_T130_01,0,0.4890492856502533,0
proto,1,SR386_40X_HE_T131_01,0,0.4901452660560608,0
proto,1,SR386_40X_HE_T135_01,0,0.4948686957359314,0
proto,1,SR386_40X_HE_T140_01,0,0.492707222700119,0
proto,1,SR386_40X_HE_T144_01,0,0.49313968420028687,0
proto,1,SR386_40X_HE_T147_01,0,0.4939384162425995,0
proto,1,SR386_40X_HE_T148_01,0,0.49399900436401367,0
proto,1,SR386_40X_HE_T160_01,0,0.48841995000839233,0
proto,1,SR386_40X_HE_T169_01,0,0.49050259590148926,0
proto,1,SR386_40X_HE_T170_01,1,0.4920879006385803,0
proto,1,SR386_40X_HE_T172_01,0,0.4920157790184021,0
proto,1,SR386_40X_HE_T174_01,0,0.49223238229751587,0
proto,1,SR386_40X_HE_T181_01,0,0.4895836114883423,0
proto,1,SR386_40X_HE_T196_01,0,0.49254199862480164,0
proto,1,SR386_40X_HE_T205_01,0,0.49642840027809143,0
proto,1,SR386_40X_HE_T209_01,0,0.4865570664405823,0
proto,1,SR386_40X_HE_T210_01,0,0.49908992648124695,0
proto,1,SR386_40X_HE_T212_01,0,0.4879339933395386,0
proto,1,SR386_40X_HE_T221_01,0,0.48680588603019714,0
proto,1,SR386_40X_HE_T224_01,0,0.49348020553588867,0
proto,1,SR386_40X_HE_T231_01,1,0.5084307789802551,1
proto,1,SR386_40X_HE_T232_01,0,0.4898018538951874,0
proto,1,SR386_40X_HE_T247_01,0,0.4895794987678528,0
proto,1,SR386_40X_HE_T252_01,0,0.4926222264766693,0
proto,1,SR386_40X_HE_T255_01,0,0.5075134038925171,1
proto,1,SR386_40X_HE_T259_01,1,0.4970870912075043,0
proto,1,SR386_40X_HE_T274_01,0,0.48942670226097107,0
proto,1,SR386_40X_HE_T275_01,0,0.49291205406188965,0
proto,1,SR386_40X_HE_T282_01,0,0.49005788564682007,0
proto,1,SR386_40X_HE_T294_01,0,0.4949954152107239,0
proto,1,SR386_40X_HE_T311_01,0,0.49003469944000244,0
proto,1,SR386_40X_HE_T315_01,0,0.4896872043609619,0
proto,1,SR386_40X_HE_T319_01,1,0.4911158084869385,0
proto,1,SR386_40X_HE_T324_01,1,0.49452346563339233,0
proto,1,SR386_40X_HE_T330_01,0,0.4902772307395935,0
proto,1,SR386_40X_HE_T333_01,0,0.4928450882434845,0
proto,1,SR386_40X_HE_T335_01,0,0.5057418346405029,1
proto,1,SR386_40X_HE_T337_01,0,0.4935474991798401,0
proto,1,SR386_40X_HE_T344_01,0,0.4932914078235626,0
proto,1,SR386_40X_HE_T347_01,0,0.48935458064079285,0
proto,1,SR386_40X_HE_T350_01,0,0.4907635748386383,0
proto,1,SR386_40X_HE_T351_01,0,0.5030764937400818,1
proto,1,SR386_40X_HE_T360_01,0,0.4889679551124573,0
proto,1,SR386_40X_HE_T361_01,0,0.501204788684845,1
proto,1,SR386_40X_HE_T366_01,0,0.4895579516887665,0
proto,1,SR386_40X_HE_T377_01,1,0.49941104650497437,0
proto,1,SR386_40X_HE_T384_01,0,0.48820120096206665,0
proto,1,SR386_40X_HE_T395_01,0,0.4966071546077728,0
proto,1,SR386_40X_HE_T396_01,0,0.4887978136539459,0
proto,1,SR386_40X_HE_T401_01,0,0.49588197469711304,0
proto,1,SR386_40X_HE_T408_01,0,0.4893721044063568,0
proto,1,SR386_40X_HE_T410_01,0,0.49110472202301025,0
proto,1,SR386_40X_HE_T413_01,0,0.5000172853469849,1
proto,1,SR386_40X_HE_T416_01,0,0.5044304728507996,1
proto,1,SR386_40X_HE_T418_01,0,0.49412959814071655,0
proto,1,SR386_40X_HE_T419_01,0,0.5003165006637573,1
proto,1,SR386_40X_HE_T421_01,0,0.5065305829048157,1
proto,1,SR386_40X_HE_T423_01,0,0.5036640763282776,1
proto,1,SR386_40X_HE_T428_01,0,0.49620577692985535,0
proto,1,SR386_40X_HE_T430_01,0,0.4910692274570465,0
proto,1,SR386_40X_HE_T431_01,0,0.4901949465274811,0
proto,1,SR386_40X_HE_T435_01,0,0.5002849102020264,1
proto,1,SR386_40X_HE_T438_01,0,0.492268443107605,0
proto,1,SR386_40X_HE_T439_01,0,0.5013561844825745,1
proto,1,SR386_40X_HE_T447_01,0,0.4901977777481079,0
proto,1,SR386_40X_HE_T449_01,0,0.4887118637561798,0
proto,1,SR386_40X_HE_T454_01,0,0.49032026529312134,0
proto,1,SR386_40X_HE_T456_01,0,0.4909155070781708,0
proto,1,SR386_40X_HE_T461_01,0,0.49182820320129395,0
proto,1,SR386_40X_HE_T462_01,0,0.49095192551612854,0
proto,1,SR386_40X_HE_T468_01,0,0.4890136420726776,0
proto,1,SR386_40X_HE_T469_01,1,0.5031461715698242,1
proto,1,SR386_40X_HE_T470_01,0,0.4911983609199524,0
proto,1,SR386_40X_HE_T471_01,0,0.4943106770515442,0
proto,1,SR386_40X_HE_T477_01,0,0.49311551451683044,0
proto,1,SR386_40X_HE_T480_01,0,0.4922911822795868,0
proto,1,SR386_40X_HE_T484_01,0,0.48978662490844727,0
proto,1,SR386_40X_HE_T495_01,0,0.48753854632377625,0
proto,1,SR386_40X_HE_T496_01,0,0.4882250726222992,0
proto,1,SR386_40X_HE_T498_01,0,0.49464353919029236,0
proto,1,SR386_40X_HE_T504_01,0,0.49377888441085815,0
proto,1,SR386_40X_HE_T511_01,0,0.49060869216918945,0
proto,1,SR386_40X_HE_T517_01,0,0.4912741184234619,0
proto,1,SR386_40X_HE_T523_01,0,0.49132633209228516,0
proto,1,SR386_40X_HE_T529_01,0,0.4876398742198944,0
proto,1,SR386_40X_HE_T542_01,0,0.49138712882995605,0
proto,1,SR386_40X_HE_T569_01,0,0.49865245819091797,0
proto,1,SR386_40X_HE_T582_01,0,0.49322664737701416,0
proto,2,SR1482_40X_HE_T009_01,0,0.5016767382621765,1
proto,2,SR1482_40X_HE_T009_02,0,0.4994165301322937,0
proto,2,SR1482_40X_HE_T015_01,0,0.5083866715431213,1
proto,2,SR1482_40X_HE_T021_01,0,0.5036383271217346,1
proto,2,SR1482_40X_HE_T067_01,0,0.5030931234359741,1
proto,2,SR1482_40X_HE_T075_01,0,0.509014368057251,1
proto,2,SR1482_40X_HE_T075_02,0,0.5101180076599121,1
proto,2,SR1482_40X_HE_T098_01,0,0.5120035409927368,1
proto,2,SR1482_40X_HE_T098_02,0,0.509173572063446,1
proto,2,SR1482_40X_HE_T102_01,0,0.5066745281219482,1
proto,2,SR1482_40X_HE_T123_01,0,0.5043293833732605,1
proto,2,SR1482_40X_HE_T142_01,0,0.5030875205993652,1
proto,2,SR1482_40X_HE_T146_01,0,0.5108974575996399,1
proto,2,SR1482_40X_HE_T148_01,0,0.5117005705833435,1
proto,2,SR1482_40X_HE_T148_02,0,0.5089976191520691,1
proto,2,SR1482_40X_HE_T154_01,0,0.5069369673728943,1
proto,2,SR1482_40X_HE_T158_01,0,0.5045497417449951,1
proto,2,SR1482_40X_HE_T161_01,0,0.5126696228981018,1
proto,2,SR1482_40X_HE_T161_02,0,0.5106386542320251,1
proto,2,SR1482_40X_HE_T164_01,1,0.5096027851104736,1
proto,2,SR1482_40X_HE_T164_02,1,0.5088076591491699,1
proto,2,SR1482_40X_HE_T168_01,0,0.5054529905319214,1
proto,2,SR1482_40X_HE_T171_01,0,0.5091279149055481,1
proto,2,SR1482_40X_HE_T171_02,0,0.5128589868545532,1
proto,2,SR1482_40X_HE_T178_01,1,0.510604739189148,1
proto,2,SR1482_40X_HE_T186_01,0,0.5053746700286865,1
proto,2,SR1482_40X_HE_T193_01,0,0.5076950192451477,1
proto,2,SR1482_40X_HE_T193_02,0,0.5117454528808594,1
proto,2,SR1482_40X_HE_T209_01,0,0.5091433525085449,1
proto,2,SR1482_40X_HE_T209_02,0,0.5082337260246277,1
proto,2,SR1482_40X_HE_T245_01,0,0.5067716240882874,1
proto,2,SR1482_40X_HE_T245_02,0,0.5065327882766724,1
proto,2,SR1482_40X_HE_T265_01,0,0.49994760751724243,0
proto,2,SR1482_40X_HE_T302_01,0,0.5063257813453674,1
proto,2,SR1482_40X_HE_T343_01,1,0.5127544403076172,1
proto,2,SR1482_40X_HE_T343_02,1,0.5109579563140869,1
proto,2,SR1482_40X_HE_T399_01,0,0.5118226408958435,1
proto,2,SR1482_40X_HE_T399_02,0,0.5106233954429626,1
proto,2,SR1482_40X_HE_T426_01,0,0.5079914927482605,1
proto,2,SR1482_40X_HE_T426_02,0,0.5080182552337646,1
proto,2,SR386_40X_HE_T001_01,0,0.4889947175979614,0
proto,2,SR386_40X_HE_T013_01,0,0.4891268312931061,0
proto,2,SR386_40X_HE_T018_01,0,0.4889580309391022,0
proto,2,SR386_40X_HE_T019_01,0,0.488398939371109,0
proto,2,SR386_40X_HE_T024_01,0,0.48725077509880066,0
proto,2,SR386_40X_HE_T039_01,0,0.4857085347175598,0
proto,2,SR386_40X_HE_T040_01,1,0.4908050298690796,0
proto,2,SR386_40X_HE_T042_01,0,0.49332764744758606,0
proto,2,SR386_40X_HE_T047_01,0,0.4887518882751465,0
proto,2,SR386_40X_HE_T051_01,0,0.48596736788749695,0
proto,2,SR386_40X_HE_T052_01,0,0.49398499727249146,0
proto,2,SR386_40X_HE_T056_01,0,0.4868903160095215,0
proto,2,SR386_40X_HE_T057_01,0,0.4862627387046814,0
proto,2,SR386_40X_HE_T070_01,0,0.48536208271980286,0
proto,2,SR386_40X_HE_T082_01,0,0.49524247646331787,0
proto,2,SR386_40X_HE_T084_01,0,0.5085729360580444,1
proto,2,SR386_40X_HE_T087_01,0,0.49338290095329285,0
proto,2,SR386_40X_HE_T088_01,0,0.49032479524612427,0
proto,2,SR386_40X_HE_T098_01,0,0.4891485273838043,0
proto,2,SR386_40X_HE_T105_01,0,0.488036572933197,0
proto,2,SR386_40X_HE_T122_01,0,0.4954952895641327,0
proto,2,SR386_40X_HE_T123_01,0,0.4930013418197632,0
proto,2,SR386_40X_HE_T133_01,0,0.4862918555736542,0
proto,2,SR386_40X_HE_T145_01,0,0.4919337332248688,0
proto,2,SR386_40X_HE_T150_01,0,0.49290621280670166,0
proto,2,SR386_40X_HE_T152_01,0,0.49438804388046265,0
proto,2,SR386_40X_HE_T155_01,0,0.4877831041812897,0
proto,2,SR386_40X_HE_T157_01,0,0.49120214581489563,0
proto,2,SR386_40X_HE_T164_01,0,0.4893225431442261,0
proto,2,SR386_40X_HE_T166_01,0,0.4912198483943939,0
proto,2,SR386_40X_HE_T176_01,1,0.4924580454826355,0
proto,2,SR386_40X_HE_T177_01,0,0.4899021089076996,0
proto,2,SR386_40X_HE_T178_01,0,0.4909813106060028,0
proto,2,SR386_40X_HE_T187_01,0,0.490482896566391,0
proto,2,SR386_40X_HE_T190_01,0,0.48796865344047546,0
proto,2,SR386_40X_HE_T192_01,0,0.4872150421142578,0
proto,2,SR386_40X_HE_T198_01,0,0.48967432975769043,0
proto,2,SR386_40X_HE_T200_01,0,0.48999181389808655,0
proto,2,SR386_40X_HE_T206_01,1,0.4946441650390625,0
proto,2,SR386_40X_HE_T211_01,0,0.4902586340904236,0
proto,2,SR386_40X_HE_T213_01,0,0.5031123161315918,1
proto,2,SR386_40X_HE_T214_01,0,0.5004172325134277,1
proto,2,SR386_40X_HE_T220_01,0,0.48901259899139404,0
proto,2,SR386_40X_HE_T230_01,1,0.49629369378089905,0
proto,2,SR386_40X_HE_T236_01,0,0.49204811453819275,0
proto,2,SR386_40X_HE_T237_01,0,0.49341610074043274,0
proto,2,SR386_40X_HE_T240_01,0,0.48782795667648315,0
proto,2,SR386_40X_HE_T241_01,0,0.4859967529773712,0
proto,2,SR386_40X_HE_T242_01,0,0.4898957312107086,0
proto,2,SR386_40X_HE_T253_01,0,0.4858870208263397,0
proto,2,SR386_40X_HE_T260_01,0,0.5068010687828064,1
proto,2,SR386_40X_HE_T262_01,0,0.5048383474349976,1
proto,2,SR386_40X_HE_T264_01,0,0.5065945982933044,1
proto,2,SR386_40X_HE_T271_01,0,0.4884023070335388,0
proto,2,SR386_40X_HE_T281_01,0,0.4868249297142029,0
proto,2,SR386_40X_HE_T297_01,0,0.4868481755256653,0
proto,2,SR386_40X_HE_T299_01,0,0.48870280385017395,0
proto,2,SR386_40X_HE_T301_01,0,0.4921415150165558,0
proto,2,SR386_40X_HE_T306_01,0,0.4896184504032135,0
proto,2,SR386_40X_HE_T309_01,0,0.48760730028152466,0
proto,2,SR386_40X_HE_T314_01,0,0.488188236951828,0
proto,2,SR386_40X_HE_T316_01,0,0.5005608797073364,1
proto,2,SR386_40X_HE_T318_01,0,0.5068023800849915,1
proto,2,SR386_40X_HE_T321_01,0,0.4878121018409729,0
proto,2,SR386_40X_HE_T326_01,0,0.4876299798488617,0
proto,2,SR386_40X_HE_T327_01,0,0.4847049117088318,0
proto,2,SR386_40X_HE_T332_01,1,0.4876836836338043,0
proto,2,SR386_40X_HE_T355_01,0,0.4935544729232788,0
proto,2,SR386_40X_HE_T364_01,0,0.4941236674785614,0
proto,2,SR386_40X_HE_T368_01,1,0.4985447824001312,0
proto,2,SR386_40X_HE_T374_01,0,0.4851497709751129,0
proto,2,SR386_40X_HE_T380_01,0,0.48679134249687195,0
proto,2,SR386_40X_HE_T382_01,0,0.48541080951690674,0
proto,2,SR386_40X_HE_T392_01,0,0.4878283143043518,0
proto,2,SR386_40X_HE_T398_01,0,0.4948771595954895,0
proto,2,SR386_40X_HE_T402_01,1,0.5099805593490601,1
proto,2,SR386_40X_HE_T404_01,0,0.4860322177410126,0
proto,2,SR386_40X_HE_T415_01,0,0.4869317412376404,0
proto,2,SR386_40X_HE_T417_01,0,0.49055543541908264,0
proto,2,SR386_40X_HE_T425_01,0,0.4881912171840668,0
proto,2,SR386_40X_HE_T436_01,1,0.49402832984924316,0
proto,2,SR386_40X_HE_T437_01,0,0.49167343974113464,0
proto,2,SR386_40X_HE_T440_01,0,0.4902281165122986,0
proto,2,SR386_40X_HE_T445_01,0,0.48646295070648193,0
proto,2,SR386_40X_HE_T450_01,0,0.4870981276035309,0
proto,2,SR386_40X_HE_T459_01,0,0.50123530626297,1
proto,2,SR386_40X_HE_T472_01,0,0.4884607791900635,0
proto,2,SR386_40X_HE_T481_01,0,0.48796212673187256,0
proto,2,SR386_40X_HE_T483_01,0,0.5026630163192749,1
proto,2,SR386_40X_HE_T486_01,0,0.4937947392463684,0
proto,2,SR386_40X_HE_T488_01,0,0.49771177768707275,0
proto,2,SR386_40X_HE_T499_01,0,0.5127559304237366,1
proto,2,SR386_40X_HE_T507_01,0,0.5031441450119019,1
proto,2,SR386_40X_HE_T514_01,0,0.48937925696372986,0
proto,2,SR386_40X_HE_T520_01,1,0.48835352063179016,0
proto,2,SR386_40X_HE_T522_01,0,0.48925596475601196,0
proto,2,SR386_40X_HE_T531_01,0,0.48928534984588623,0
proto,2,SR386_40X_HE_T535_01,0,0.4931184947490692,0
proto,2,SR386_40X_HE_T539_01,0,0.4942804276943207,0
proto,2,SR386_40X_HE_T549_01,0,0.503506064414978,1
proto,2,SR386_40X_HE_T552_01,0,0.4882796108722687,0
proto,2,SR386_40X_HE_T553_01,0,0.4880359172821045,0
proto,2,SR386_40X_HE_T554_01,0,0.4978131651878357,0
proto,2,SR386_40X_HE_T558_01,0,0.4938810169696808,0
proto,2,SR386_40X_HE_T564_01,0,0.49873390793800354,0
proto,2,SR386_40X_HE_T570_01,0,0.485891193151474,0
proto,2,SR386_40X_HE_T574_01,0,0.48898953199386597,0
proto,2,SR386_40X_HE_T578_01,0,0.4890196621417999,0
proto,2,SR386_40X_HE_T580_01,0,0.489178866147995,0
proto,3,SR1482_40X_HE_T005_01,0,0.5117231607437134,1
proto,3,SR1482_40X_HE_T005_02,0,0.5101524591445923,1
proto,3,SR1482_40X_HE_T010_01,0,0.5001235008239746,1
proto,3,SR1482_40X_HE_T043_01,0,0.5057116746902466,1
proto,3,SR1482_40X_HE_T043_02,0,0.5060681700706482,1
proto,3,SR1482_40X_HE_T049_01,0,0.5057915449142456,1
proto,3,SR1482_40X_HE_T061_01,0,0.513152003288269,1
proto,3,SR1482_40X_HE_T061_02,0,0.5145162343978882,1
proto,3,SR1482_40X_HE_T070_01,1,0.5093622207641602,1
proto,3,SR1482_40X_HE_T073_01,0,0.505691647529602,1
proto,3,SR1482_40X_HE_T082_01,0,0.5018236041069031,1
proto,3,SR1482_40X_HE_T082_02,0,0.5102270841598511,1
proto,3,SR1482_40X_HE_T089_01,0,0.5022974014282227,1
proto,3,SR1482_40X_HE_T090_01,0,0.5040670037269592,1
proto,3,SR1482_40X_HE_T094_01,1,0.5114085674285889,1
proto,3,SR1482_40X_HE_T094_02,1,0.5113782286643982,1
proto,3,SR1482_40X_HE_T105_01,0,0.5001170039176941,1
proto,3,SR1482_40X_HE_T115_01,0,0.5061588287353516,1
proto,3,SR1482_40X_HE_T115_02,0,0.5014004707336426,1
proto,3,SR1482_40X_HE_T118_01,0,0.5131219029426575,1
proto,3,SR1482_40X_HE_T118_02,0,0.5094271302223206,1
proto,3,SR1482_40X_HE_T120_01,0,0.5137951970100403,1
proto,3,SR1482_40X_HE_T120_02,0,0.5111470222473145,1
proto,3,SR1482_40X_HE_T124_01,0,0.5058193802833557,1
proto,3,SR1482_40X_HE_T124_02,0,0.5089446902275085,1
proto,3,SR1482_40X_HE_T138_01,0,0.5032596588134766,1
proto,3,SR1482_40X_HE_T160_01,0,0.5062682032585144,1
proto,3,SR1482_40X_HE_T160_02,0,0.5067020058631897,1
proto,3,SR1482_40X_HE_T167_01,0,0.5113836526870728,1
proto,3,SR1482_40X_HE_T167_02,0,0.5027106404304504,1
proto,3,SR1482_40X_HE_T175_01,0,0.5113576054573059,1
proto,3,SR1482_40X_HE_T175_02,0,0.5124787092208862,1
proto,3,SR1482_40X_HE_T177_01,1,0.5048677921295166,1
proto,3,SR1482_40X_HE_T188_01,0,0.4991246163845062,0
proto,3,SR1482_40X_HE_T195_01,0,0.5044193267822266,1
proto,3,SR1482_40X_HE_T195_02,0,0.505611777305603,1
proto,3,SR1482_40X_HE_T202_01,0,0.5103213787078857,1
proto,3,SR1482_40X_HE_T202_02,0,0.5060351490974426,1
proto,3,SR1482_40X_HE_T225_01,0,0.512994110584259,1
proto,3,SR1482_40X_HE_T225_02,0,0.5026069283485413,1
proto,3,SR1482_40X_HE_T235_01,0,0.5079255700111389,1
proto,3,SR1482_40X_HE_T235_02,0,0.5100325345993042,1
proto,3,SR1482_40X_HE_T236_01,0,0.509266197681427,1
proto,3,SR1482_40X_HE_T236_02,0,0.5082771182060242,1
proto,3,SR1482_40X_HE_T258_01,0,0.508068323135376,1
proto,3,SR1482_40X_HE_T258_02,0,0.5072553753852844,1
proto,3,SR1482_40X_HE_T284_01,1,0.5070490837097168,1
proto,3,SR1482_40X_HE_T284_02,1,0.5101739764213562,1
proto,3,SR1482_40X_HE_T301_01,1,0.5090290904045105,1
proto,3,SR1482_40X_HE_T301_02,1,0.5070997476577759,1
proto,3,SR1482_40X_HE_T309_01,0,0.5107244253158569,1
proto,3,SR1482_40X_HE_T313_01,0,0.5122033357620239,1
proto,3,SR1482_40X_HE_T313_02,0,0.5131821632385254,1
proto,3,SR1482_40X_HE_T338_01,0,0.5109161138534546,1
proto,3,SR1482_40X_HE_T344_01,0,0.5037147998809814,1
proto,3,SR1482_40X_HE_T344_02,0,0.504035472869873,1
proto,3,SR1482_40X_HE_T346_01,0,0.5099062323570251,1
proto,3,SR1482_40X_HE_T346_02,0,0.5116615295410156,1
proto,3,SR1482_40X_HE_T377_01,0,0.5053155422210693,1
proto,3,SR1482_40X_HE_T377_02,0,0.5106071829795837,1
proto,3,SR1482_40X_HE_T419_01,0,0.5064135789871216,1
proto,3,SR1482_40X_HE_T427_01,0,0.5100366473197937,1
proto,3,SR1482_40X_HE_T427_02,0,0.5097891092300415,1
proto,3,SR386_40X_HE_T007_01,0,0.49518728256225586,0
proto,3,SR386_40X_HE_T015_01,0,0.4861433506011963,0
proto,3,SR386_40X_HE_T017_01,1,0.4918115437030792,0
proto,3,SR386_40X_HE_T032_01,0,0.4907717704772949,0
proto,3,SR386_40X_HE_T034_01,0,0.4897608458995819,0
proto,3,SR386_40X_HE_T035_01,0,0.49081265926361084,0
proto,3,SR386_40X_HE_T041_01,0,0.4878668487071991,0
proto,3,SR386_40X_HE_T067_01,0,0.4869806170463562,0
proto,3,SR386_40X_HE_T075_01,0,0.4908566474914551,0
proto,3,SR386_40X_HE_T081_01,0,0.4962654709815979,0
proto,3,SR386_40X_HE_T083_01,0,0.4873831868171692,0
proto,3,SR386_40X_HE_T085_01,0,0.4852692484855652,0
proto,3,SR386_40X_HE_T095_01,0,0.49287325143814087,0
proto,3,SR386_40X_HE_T104_01,0,0.48880234360694885,0
proto,3,SR386_40X_HE_T106_01,0,0.49140700697898865,0
proto,3,SR386_40X_HE_T112_01,0,0.489898681640625,0
proto,3,SR386_40X_HE_T128_01,0,0.48496484756469727,0
proto,3,SR386_40X_HE_T132_01,0,0.4902803599834442,0
proto,3,SR386_40X_HE_T138_01,0,0.484941691160202,0
proto,3,SR386_40X_HE_T142_01,0,0.490318238735199,0
proto,3,SR386_40X_HE_T149_01,0,0.4848245680332184,0
proto,3,SR386_40X_HE_T165_01,1,0.48895564675331116,0
proto,3,SR386_40X_HE_T179_01,0,0.4947268068790436,0
proto,3,SR386_40X_HE_T180_01,0,0.48868489265441895,0
proto,3,SR386_40X_HE_T182_01,0,0.4936566948890686,0
proto,3,SR386_40X_HE_T184_01,0,0.4929209053516388,0
proto,3,SR386_40X_HE_T188_01,0,0.4894759953022003,0
proto,3,SR386_40X_HE_T191_01,0,0.48715806007385254,0
proto,3,SR386_40X_HE_T197_01,0,0.4844474196434021,0
proto,3,SR386_40X_HE_T201_01,0,0.4913937747478485,0
proto,3,SR386_40X_HE_T202_01,0,0.4847141206264496,0
proto,3,SR386_40X_HE_T208_01,0,0.4860144257545471,0
proto,3,SR386_40X_HE_T216_01,1,0.4870627522468567,0
proto,3,SR386_40X_HE_T238_01,0,0.48938435316085815,0
proto,3,SR386_40X_HE_T244_01,0,0.5008333921432495,1
proto,3,SR386_40X_HE_T248_01,0,0.48628371953964233,0
proto,3,SR386_40X_HE_T249_01,0,0.4889388680458069,0
proto,3,SR386_40X_HE_T250_01,0,0.49589672684669495,0
proto,3,SR386_40X_HE_T263_01,0,0.4921905994415283,0
proto,3,SR386_40X_HE_T267_01,0,0.49514633417129517,0
proto,3,SR386_40X_HE_T269_01,0,0.48287513852119446,0
proto,3,SR386_40X_HE_T277_01,0,0.48772644996643066,0
proto,3,SR386_40X_HE_T286_01,0,0.512718915939331,1
proto,3,SR386_40X_HE_T287_01,0,0.49421054124832153,0
proto,3,SR386_40X_HE_T290_01,0,0.4913925230503082,0
proto,3,SR386_40X_HE_T293_01,0,0.48654747009277344,0
proto,3,SR386_40X_HE_T298_01,0,0.48648717999458313,0
proto,3,SR386_40X_HE_T303_01,0,0.48213255405426025,0
proto,3,SR386_40X_HE_T312_01,0,0.48845160007476807,0
proto,3,SR386_40X_HE_T329_01,0,0.5011623501777649,1
proto,3,SR386_40X_HE_T336_01,0,0.4866619110107422,0
proto,3,SR386_40X_HE_T338_01,0,0.48500221967697144,0
proto,3,SR386_40X_HE_T342_01,0,0.4965795874595642,0
proto,3,SR386_40X_HE_T353_01,0,0.5075182318687439,1
proto,3,SR386_40X_HE_T357_01,0,0.48414281010627747,0
proto,3,SR386_40X_HE_T362_01,0,0.49512529373168945,0
proto,3,SR386_40X_HE_T363_01,1,0.48943039774894714,0
proto,3,SR386_40X_HE_T372_01,0,0.4971352815628052,0
proto,3,SR386_40X_HE_T378_01,0,0.48542723059654236,0
proto,3,SR386_40X_HE_T379_01,0,0.4887109696865082,0
proto,3,SR386_40X_HE_T386_01,0,0.48565495014190674,0
proto,3,SR386_40X_HE_T387_01,0,0.5057847499847412,1
proto,3,SR386_40X_HE_T393_01,0,0.4930146038532257,0
proto,3,SR386_40X_HE_T397_01,0,0.4946863353252411,0
proto,3,SR386_40X_HE_T406_01,0,0.5026874542236328,1
proto,3,SR386_40X_HE_T409_01,0,0.4891868829727173,0
proto,3,SR386_40X_HE_T422_01,0,0.48367345333099365,0
proto,3,SR386_40X_HE_T426_01,0,0.48643630743026733,0
proto,3,SR386_40X_HE_T433_01,0,0.4899097979068756,0
proto,3,SR386_40X_HE_T443_01,0,0.4931042790412903,0
proto,3,SR386_40X_HE_T448_01,0,0.48778748512268066,0
proto,3,SR386_40X_HE_T452_01,0,0.49639999866485596,0
proto,3,SR386_40X_HE_T460_01,1,0.4910334646701813,0
proto,3,SR386_40X_HE_T473_01,0,0.4852489233016968,0
proto,3,SR386_40X_HE_T475_01,0,0.4928290843963623,0
proto,3,SR386_40X_HE_T478_01,0,0.48798877000808716,0
proto,3,SR386_40X_HE_T489_01,1,0.488845556974411,0
proto,3,SR386_40X_HE_T491_01,0,0.49457162618637085,0
proto,3,SR386_40X_HE_T492_01,0,0.48294544219970703,0
proto,3,SR386_40X_HE_T493_01,0,0.4911932945251465,0
proto,3,SR386_40X_HE_T502_01,0,0.48390358686447144,0
proto,3,SR386_40X_HE_T505_01,0,0.5010678172111511,1
proto,3,SR386_40X_HE_T506_01,0,0.4883156418800354,0
proto,3,SR386_40X_HE_T509_01,0,0.5079084634780884,1
proto,3,SR386_40X_HE_T516_01,0,0.4864112138748169,0
proto,3,SR386_40X_HE_T518_01,0,0.4866768717765808,0
proto,3,SR386_40X_HE_T519_01,0,0.49113941192626953,0
proto,3,SR386_40X_HE_T521_01,0,0.4870379567146301,0
proto,3,SR386_40X_HE_T526_01,0,0.4895421862602234,0
proto,3,SR386_40X_HE_T533_01,0,0.48637479543685913,0
proto,3,SR386_40X_HE_T543_01,0,0.49046316742897034,0
proto,3,SR386_40X_HE_T544_01,0,0.49657297134399414,0
proto,3,SR386_40X_HE_T556_01,1,0.4900679588317871,0
proto,3,SR386_40X_HE_T560_01,0,0.49431973695755005,0
proto,3,SR386_40X_HE_T563_01,0,0.4861297011375427,0
proto,3,SR386_40X_HE_T568_01,0,0.48935171961784363,0
proto,3,SR386_40X_HE_T571_01,0,0.49110785126686096,0
proto,3,SR386_40X_HE_T572_01,0,0.5050663352012634,1
proto,3,SR386_40X_HE_T573_01,0,0.487066388130188,0
proto,3,SR386_40X_HE_T583_01,0,0.48527899384498596,0
proto,4,SR1482_40X_HE_T002_01,0,0.5024107098579407,1
proto,4,SR1482_40X_HE_T003_01,0,0.5062448978424072,1
proto,4,SR1482_40X_HE_T004_01,0,0.5034580230712891,1
proto,4,SR1482_40X_HE_T004_02,0,0.5052360892295837,1
proto,4,SR1482_40X_HE_T011_01,0,0.5020254254341125,1
proto,4,SR1482_40X_HE_T025_01,0,0.4992157518863678,0
proto,4,SR1482_40X_HE_T025_02,0,0.4982713758945465,0
proto,4,SR1482_40X_HE_T060_01,0,0.5089337825775146,1
proto,4,SR1482_40X_HE_T062_01,0,0.5040844678878784,1
proto,4,SR1482_40X_HE_T062_02,0,0.5024629831314087,1
proto,4,SR1482_40X_HE_T064_01,0,0.5072740912437439,1
proto,4,SR1482_40X_HE_T064_02,0,0.5042662620544434,1
proto,4,SR1482_40X_HE_T071_01,0,0.5062648057937622,1
proto,4,SR1482_40X_HE_T071_02,0,0.5075858235359192,1
proto,4,SR1482_40X_HE_T074_01,0,0.49833786487579346,0
proto,4,SR1482_40X_HE_T074_02,0,0.497051864862442,0
proto,4,SR1482_40X_HE_T083_01,0,0.5053933262825012,1
proto,4,SR1482_40X_HE_T083_02,0,0.5057198405265808,1
proto,4,SR1482_40X_HE_T087_01,0,0.5034447908401489,1
proto,4,SR1482_40X_HE_T097_01,1,0.5074179172515869,1
proto,4,SR1482_40X_HE_T097_02,1,0.5045665502548218,1
proto,4,SR1482_40X_HE_T108_01,0,0.5010564923286438,1
proto,4,SR1482_40X_HE_T113_01,0,0.5056301355361938,1
proto,4,SR1482_40X_HE_T113_02,0,0.5093727111816406,1
proto,4,SR1482_40X_HE_T121_01,0,0.4985896348953247,0
proto,4,SR1482_40X_HE_T122_01,0,0.498921662569046,0
proto,4,SR1482_40X_HE_T125_01,0,0.5056492686271667,1
proto,4,SR1482_40X_HE_T125_02,0,0.5057751536369324,1
proto,4,SR1482_40X_HE_T131_01,0,0.5062050819396973,1
proto,4,SR1482_40X_HE_T131_02,0,0.5072857737541199,1
proto,4,SR1482_40X_HE_T132_01,0,0.5046189427375793,1
proto,4,SR1482_40X_HE_T132_02,0,0.5051695704460144,1
proto,4,SR1482_40X_HE_T143_01,0,0.5072157382965088,1
proto,4,SR1482_40X_HE_T143_02,0,0.5082136392593384,1
proto,4,SR1482_40X_HE_T166_01,1,0.4991772472858429,0
proto,4,SR1482_40X_HE_T169_01,0,0.5022761225700378,1
proto,4,SR1482_40X_HE_T176_01,1,0.5095400810241699,1
proto,4,SR1482_40X_HE_T176_02,1,0.5086348652839661,1
proto,4,SR1482_40X_HE_T191_01,0,0.5010507702827454,1
proto,4,SR1482_40X_HE_T194_01,0,0.5120149850845337,1
proto,4,SR1482_40X_HE_T218_01,0,0.5042663216590881,1
proto,4,SR1482_40X_HE_T253_01,0,0.49945271015167236,0
proto,4,SR1482_40X_HE_T290_01,0,0.5036922097206116,1
proto,4,SR1482_40X_HE_T308_01,0,0.5049942135810852,1
proto,4,SR1482_40X_HE_T314_01,0,0.5143013000488281,1
proto,4,SR1482_40X_HE_T314_02,0,0.5159436464309692,1
proto,4,SR1482_40X_HE_T372_01,1,0.5078333020210266,1
proto,4,SR1482_40X_HE_T372_02,1,0.5061424374580383,1
proto,4,SR1482_40X_HE_T408_01,0,0.4977818429470062,0
proto,4,SR1482_40X_HE_T412_01,0,0.5017113089561462,1
proto,4,SR1482_40X_HE_T425_01,0,0.499401718378067,0
proto,4,SR1482_40X_HE_T434_01,1,0.5050463676452637,1
proto,4,SR386_40X_HE_T006_01,0,0.48689979314804077,0
proto,4,SR386_40X_HE_T010_01,0,0.4886677861213684,0
proto,4,SR386_40X_HE_T014_01,0,0.488554984331131,0
proto,4,SR386_40X_HE_T016_01,0,0.48415088653564453,0
proto,4,SR386_40X_HE_T020_01,0,0.48533740639686584,0
proto,4,SR386_40X_HE_T027_01,0,0.5023738145828247,1
proto,4,SR386_40X_HE_T028_01,0,0.49264562129974365,0
proto,4,SR386_40X_HE_T037_01,0,0.48872873187065125,0
proto,4,SR386_40X_HE_T043_01,0,0.48936018347740173,0
proto,4,SR386_40X_HE_T044_01,1,0.48764094710350037,0
proto,4,SR386_40X_HE_T046_01,0,0.4921617805957794,0
proto,4,SR386_40X_HE_T058_01,0,0.48705291748046875,0
proto,4,SR386_40X_HE_T062_01,0,0.48867151141166687,0
proto,4,SR386_40X_HE_T065_01,1,0.484870046377182,0
proto,4,SR386_40X_HE_T080_01,0,0.4873228073120117,0
proto,4,SR386_40X_HE_T091_01,0,0.48620644211769104,0
proto,4,SR386_40X_HE_T094_01,0,0.4867793619632721,0
proto,4,SR386_40X_HE_T097_01,0,0.49611544609069824,0
proto,4,SR386_40X_HE_T100_01,0,0.49458378553390503,0
proto,4,SR386_40X_HE_T107_01,0,0.4943886995315552,0
proto,4,SR386_40X_HE_T109_01,1,0.48997023701667786,0
proto,4,SR386_40X_HE_T110_01,0,0.488490492105484,0
proto,4,SR386_40X_HE_T117_01,0,0.4889325201511383,0
proto,4,SR386_40X_HE_T127_01,0,0.4883260726928711,0
proto,4,SR386_40X_HE_T129_01,0,0.4927551746368408,0
proto,4,SR386_40X_HE_T136_01,0,0.4884154498577118,0
proto,4,SR386_40X_HE_T154_01,0,0.48616042733192444,0
proto,4,SR386_40X_HE_T168_01,1,0.4884432256221771,0
proto,4,SR386_40X_HE_T175_01,0,0.49047404527664185,0
proto,4,SR386_40X_HE_T189_01,0,0.48704248666763306,0
proto,4,SR386_40X_HE_T195_01,0,0.48480233550071716,0
proto,4,SR386_40X_HE_T227_01,0,0.49154528975486755,0
proto,4,SR386_40X_HE_T233_01,0,0.49094200134277344,0
proto,4,SR386_40X_HE_T234_01,0,0.5010893940925598,1
proto,4,SR386_40X_HE_T235_01,0,0.49070462584495544,0
proto,4,SR386_40X_HE_T239_01,0,0.4953785836696625,0
proto,4,SR386_40X_HE_T245_01,0,0.4898606240749359,0
proto,4,SR386_40X_HE_T256_01,0,0.4950486123561859,0
proto,4,SR386_40X_HE_T265_01,0,0.4853730797767639,0
proto,4,SR386_40X_HE_T268_01,0,0.50104159116745,1
proto,4,SR386_40X_HE_T270_01,0,0.4901457130908966,0
proto,4,SR386_40X_HE_T272_01,0,0.5047401189804077,1
proto,4,SR386_40X_HE_T273_01,0,0.4918713867664337,0
proto,4,SR386_40X_HE_T276_01,0,0.48806264996528625,0
proto,4,SR386_40X_HE_T278_01,1,0.48901817202568054,0
proto,4,SR386_40X_HE_T284_01,0,0.48753830790519714,0
proto,4,SR386_40X_HE_T285_01,0,0.484121710062027,0
proto,4,SR386_40X_HE_T288_01,0,0.49322256445884705,0
proto,4,SR386_40X_HE_T291_01,0,0.4881947934627533,0
proto,4,SR386_40X_HE_T300_01,0,0.48661568760871887,0
proto,4,SR386_40X_HE_T302_01,0,0.48717281222343445,0
proto,4,SR386_40X_HE_T305_01,0,0.4851597845554352,0
proto,4,SR386_40X_HE_T308_01,0,0.48635226488113403,0
proto,4,SR386_40X_HE_T325_01,0,0.489430695772171,0
proto,4,SR386_40X_HE_T331_01,0,0.4891766905784607,0
proto,4,SR386_40X_HE_T341_01,0,0.5068994760513306,1
proto,4,SR386_40X_HE_T343_01,1,0.492499977350235,0
proto,4,SR386_40X_HE_T346_01,0,0.49828583002090454,0
proto,4,SR386_40X_HE_T352_01,0,0.4963662624359131,0
proto,4,SR386_40X_HE_T373_01,0,0.49814754724502563,0
proto,4,SR386_40X_HE_T375_01,0,0.48695695400238037,0
proto,4,SR386_40X_HE_T381_01,0,0.4859554171562195,0
proto,4,SR386_40X_HE_T389_01,0,0.5073041915893555,1
proto,4,SR386_40X_HE_T391_01,0,0.490204393863678,0
proto,4,SR386_40X_HE_T394_01,0,0.4856490194797516,0
proto,4,SR386_40X_HE_T399_01,0,0.504603385925293,1
proto,4,SR386_40X_HE_T403_01,0,0.48984941840171814,0
proto,4,SR386_40X_HE_T405_01,0,0.5022625923156738,1
proto,4,SR386_40X_HE_T407_01,0,0.49127131700515747,0
proto,4,SR386_40X_HE_T414_01,0,0.48721837997436523,0
proto,4,SR386_40X_HE_T424_01,0,0.5010923743247986,1
proto,4,SR386_40X_HE_T429_01,0,0.5044028759002686,1
proto,4,SR386_40X_HE_T441_01,0,0.4914625883102417,0
proto,4,SR386_40X_HE_T451_01,0,0.48761141300201416,0
proto,4,SR386_40X_HE_T453_01,0,0.4853063225746155,0
proto,4,SR386_40X_HE_T455_01,0,0.49251776933670044,0
proto,4,SR386_40X_HE_T465_01,0,0.5087131857872009,1
proto,4,SR386_40X_HE_T474_01,0,0.49722328782081604,0
proto,4,SR386_40X_HE_T476_01,0,0.5012252330780029,1
proto,4,SR386_40X_HE_T479_01,0,0.49749574065208435,0
proto,4,SR386_40X_HE_T482_01,0,0.495900958776474,0
proto,4,SR386_40X_HE_T487_01,0,0.5015465617179871,1
proto,4,SR386_40X_HE_T490_01,0,0.48989376425743103,0
proto,4,SR386_40X_HE_T494_01,0,0.48670363426208496,0
proto,4,SR386_40X_HE_T500_01,0,0.4843340814113617,0
proto,4,SR386_40X_HE_T510_01,0,0.4914839565753937,0
proto,4,SR386_40X_HE_T524_01,0,0.4919527471065521,0
proto,4,SR386_40X_HE_T528_01,0,0.5061048269271851,1
proto,4,SR386_40X_HE_T532_01,0,0.4914731979370117,0
proto,4,SR386_40X_HE_T534_01,0,0.4996412396430969,0
proto,4,SR386_40X_HE_T536_01,0,0.48644742369651794,0
proto,4,SR386_40X_HE_T537_01,0,0.49381116032600403,0
proto,4,SR386_40X_HE_T541_01,0,0.49016088247299194,0
proto,4,SR386_40X_HE_T548_01,1,0.508127748966217,1
proto,4,SR386_40X_HE_T550_01,0,0.4903717637062073,0
proto,4,SR386_40X_HE_T551_01,0,0.4889843761920929,0
proto,4,SR386_40X_HE_T557_01,0,0.48965218663215637,0
proto,4,SR386_40X_HE_T565_01,0,0.4895879328250885,0
proto,4,SR386_40X_HE_T567_01,0,0.4901428520679474,0
proto,4,SR386_40X_HE_T575_01,0,0.48928341269493103,0
proto,4,SR386_40X_HE_T576_01,0,0.49210605025291443,0
proto,4,SR386_40X_HE_T581_01,0,0.5051751732826233,1
rf,1,SR1482_40X_HE_T029_01,0,0.1552963564927251,0
rf,1,SR1482_40X_HE_T029_02,0,0.14241634396139677,0
rf,1,SR1482_40X_HE_T057_01,0,0.07137496787375097,0
rf,1,SR1482_40X_HE_T063_01,1,0.18531971414214798,0
rf,1,SR1482_40X_HE_T063_02,1,0.19945394546842193,0
rf,1,SR1482_40X_HE_T065_01,0,0.144053574114058,0
rf,1,SR1482_40X_HE_T065_02,0,0.08842040749105967,0
rf,1,SR1482_40X_HE_T066_01,0,0.06923709808649876,0
rf,1,SR1482_40X_HE_T066_02,0,0.23533854589548925,0
rf,1,SR1482_40X_HE_T068_01,0,0.052447220764332426,0
rf,1,SR1482_40X_HE_T069_01,0,0.014895104895104896,0
rf,1,SR1482_40X_HE_T069_02,0,0.11707875994972769,0
rf,1,SR1482_40X_HE_T079_01,1,0.1745012608686881,0
rf,1,SR1482_40X_HE_T079_02,1,0.3880160453761196,1
rf,1,SR1482_40X_HE_T080_01,0,0.13085702610397731,0
rf,1,SR1482_40X_HE_T080_02,0,0.14937769882997878,0
rf,1,SR1482_40X_HE_T081_01,0,0.09852602176745771,0
rf,1,SR1482_40X_HE_T081_02,0,0.04011538998635773,0
rf,1,SR1482_40X_HE_T099_01,0,0.036244422244422245,0
rf,1,SR1482_40X_HE_T116_01,0,0.0747096012801374,0
rf,1,SR1482_40X_HE_T117_01,0,0.2041621983026582,0
rf,1,SR1482_40X_HE_T117_02,0,0.13802791454288274,0
rf,1,SR1482_40X_HE_T126_01,0,0.2522214967594685,0
rf,1,SR1482_40X_HE_T129_01,0,0.05871595071595072,0
rf,1,SR1482_40X_HE_T129_02,0,0.06840330420068065,0
rf,1,SR1482_40X_HE_T139_01,0,0.14403987710214267,0
rf,1,SR1482_40X_HE_T139_02,0,0.17084619541281532,0
rf,1,SR1482_40X_HE_T147_01,0,0.44616041742268947,1
rf,1,SR1482_40X_HE_T147_02,0,0.390172210860782,1
rf,1,SR1482_40X_HE_T159_01,0,0.27012421376245965,0
rf,1,SR1482_40X_HE_T159_02,0,0.18875748187579433,0
rf,1,SR1482_40X_HE_T192_01,0,0.04854166123731341,0
rf,1,SR1482_40X_HE_T199_01,0,0.1179879506765218,0
rf,1,SR1482_40X_HE_T304_01,0,0.047364356232003295,0
rf,1,SR1482_40X_HE_T304_02,0,0.03941572681704261,0
rf,1,SR1482_40X_HE_T310_01,1,0.19724015280215826,0
rf,1,SR1482_40X_HE_T310_02,1,0.16651462926063548,0
rf,1,SR1482_40X_HE_T341_01,0,0.03733528428093646,0
rf,1,SR1482_40X_HE_T341_02,0,0.017875,0
rf,1,SR1482_40X_HE_T353_01,0,0.06191250953347728,0
rf,1,SR1482_40X_HE_T390_01,0,0.06209225052419388,0
rf,1,SR1482_40X_HE_T433_01,1,0.15298609365614646,0
rf,1,SR386_40X_HE_T003_01,0,0.042307351563165514,0
rf,1,SR386_40X_HE_T004_01,0,0.10960446195171049,0
rf,1,SR386_40X_HE_T022_01,1,0.16216718518569387,0
rf,1,SR386_40X_HE_T030_01,0,0.11340707603135086,0
rf,1,SR386_40X_HE_T033_01,0,0.06885158531338499,0
rf,1,SR386_40X_HE_T036_01,0,0.036622458660883705,0
rf,1,SR386_40X_HE_T038_01,0,0.16612865277000108,0
rf,1,SR386_40X_HE_T049_01,0,0.003333333333333333,0
rf,1,SR386_40X_HE_T050_01,0,0.120268227084847,0
rf,1,SR386_40X_HE_T060_01,0,0.0961323798166468,0
rf,1,SR386_40X_HE_T063_01,0,0.2355951575306414,0
rf,1,SR386_40X_HE_T066_01,0,0.07615080478194082,0
rf,1,SR386_40X_HE_T069_01,0,0.12063353176515955,0
rf,1,SR386_40X_HE_T072_01,0,0.1770463684156139,0
rf,1,SR386_40X_HE_T074_01,0,0.07180781443895048,0
rf,1,SR386_40X_HE_T078_01,0,0.06214499111923254,0
rf,1,SR386_40X_HE_T079_01,0,0.003602150537634409,0
rf,1,SR386_40X_HE_T092_01,1,0.05491242276182342,0
rf,1,SR386_40X_HE_T096_01,0,0.03103446279059884,0
rf,1,SR386_40X_HE_T099_01,0,0.10163311145376361,0
rf,1,SR386_40X_HE_T103_01,0,0.1153670992985509,0
rf,1,SR386_40X_HE_T108_01,0,0.12767063453855348,0
rf,1,SR386_40X_HE_T113_01,0,0.04081957333011732,0
rf,1,SR386_40X_HE_T114_01,0,0.045549332362411765,0
rf,1,SR386_40X_HE_T119_01,0,0.002,0
rf,1,SR386_40X_HE_T126_01,0,0.09311948676677029,0
rf,1,SR386_40X_HE_T130_01,0,0.01747394540942928,0
rf,1,SR386_40X_HE_T131_01,0,0.031636363636363636,0
rf,1,SR386_40X_HE_T135_01,0,0.15996895446541395,0
rf,1,SR386_40X_HE_T140_01,0,0.06372526755825371,0
rf,1,SR386_40X_HE_T144_01,0,0.12225679025275799,0
rf,1,SR386_40X_HE_T147_01,0,0.06601424382069544,0
rf,1,SR386_40X_HE_T148_01,0,0.1548301227757749,0
rf,1,SR386_40X_HE_T160_01,0,0.02445188145188145,0
rf,1,SR386_40X_HE_T169_01,0,0.046731601731601735,0
rf,1,SR386_40X_HE_T170_01,1,0.21052069708475993,0
rf,1,SR386_40X_HE_T172_01,0,0.29392209957483156,0
rf,1,SR386_40X_HE_T174_01,0,0.0672194485365602,0
rf,1,SR386_40X_HE_T181_01,0,0.012,0
rf,1,SR386_40X_HE_T196_01,0,0.054061443932411676,0
rf,1,SR386_40X_HE_T205_01,0,0.16165484657531964,0
rf,1,SR386_40X_HE_T209_01,0,0.01373913043478261,0
rf,1,SR386_40X_HE_T210_01,0,0.18568278361423524,0
rf,1,SR386_40X_HE_T212_01,0,0.09155731225296443,0
rf,1,SR386_40X_HE_T221_01,0,0.015818181818181818,0
rf,1,SR386_40X_HE_T224_01,0,0.14612104287717892,0
rf,1,SR386_40X_HE_T231_01,1,0.17257275646052028,0
rf,1,SR386_40X_HE_T232_01,0,0.04651022890153325,0
rf,1,SR386_40X_HE_T247_01,0,0.07468153623847959,0
rf,1,SR386_40X_HE_T252_01,0,0.05091725347822909,0
rf,1,SR386_40X_HE_T255_01,0,0.13874874850488453,0
rf,1,SR386_40X_HE_T259_01,1,0.10781806506501627,0
rf,1,SR386_40X_HE_T274_01,0,0.04859677685340464,0
rf,1,SR386_40X_HE_T275_01,0,0.02920821114369501,0
rf,1,SR386_40X_HE_T282_01,0,0.012913419913419913,0
rf,1,SR386_40X_HE_T294_01,0,0.1710285510728132,0
rf,1,SR386_40X_HE_T311_01,0,0.034394777265745004,0
rf,1,SR386_40X_HE_T315_01,0,0.05290529760094978,0
rf,1,SR386_40X_HE_T319_01,1,0.0732603234842324,0
rf,1,SR386_40X_HE_T324_01,1,0.017303571428571432,0
rf,1,SR386_40X_HE_T330_01,0,0.015818181818181818,0
rf,1,SR386_40X_HE_T333_01,0,0.04565995686174509,0
rf,1,SR386_40X_HE_T335_01,0,0.0664848484848485,0
rf,1,SR386_40X_HE_T337_01,0,0.15576691748389374,0
rf,1,SR386_40X_HE_T344_01,0,0.040739098300073905,0
rf,1,SR386_40X_HE_T347_01,0,0.01772294372294372,0
rf,1,SR386_40X_HE_T350_01,0,0.09598434898434897,0
rf,1,SR386_40X_HE_T351_01,0,0.06881368356981962,0
rf,1,SR386_40X_HE_T360_01,0,0.01896969696969697,0
rf,1,SR386_40X_HE_T361_01,0,0.15503347059444622,0
rf,1,SR386_40X_HE_T366_01,0,0.05495295325075597,0
rf,1,SR386_40X_HE_T377_01,1,0.11242091357402179,0
rf,1,SR386_40X_HE_T384_01,0,0.018261405261405263,0
rf,1,SR386_40X_HE_T395_01,0,0.07049279612393217,0
rf,1,SR386_40X_HE_T396_01,0,0.04339755802869408,0
rf,1,SR386_40X_HE_T401_01,0,0.0649001618242605,0
rf,1,SR386_40X_HE_T408_01,0,0.022426490650399568,0
rf,1,SR386_40X_HE_T410_01,0,0.12167408699684294,0
rf,1,SR386_40X_HE_T413_01,0,0.15325168802380632,0
rf,1,SR386_40X_HE_T416_01,0,0.0786420799146209,0
rf,1,SR386_40X_HE_T418_01,0,0.02342857142857143,0
rf,1,SR386_40X_HE_T419_01,0,0.11459039264885759,0
rf,1,SR386_40X_HE_T421_01,0,0.12243606799704361,0
rf,1,SR386_40X_HE_T423_01,0,0.08324116831219616,0
rf,1,SR386_40X_HE_T428_01,0,0.05968148296990802,0
rf,1,SR386_40X_HE_T430_01,0,0.012946922642574818,0
rf,1,SR386_40X_HE_T431_01,0,0.11649339970592341,0
rf,1,SR386_40X_HE_T435_01,0,0.16963596352501192,0
rf,1,SR386_40X_HE_T438_01,0,0.061246753246753244,0
rf,1,SR386_40X_HE_T439_01,0,0.0958517722654692,0
rf,1,SR386_40X_HE_T447_01,0,0.07256129241069308,0
rf,1,SR386_40X_HE_T449_01,0,0.022216450216450214,0
rf,1,SR386_40X_HE_T454_01,0,0.05693842892250615,0
rf,1,SR386_40X_HE_T456_01,0,0.03269563279857398,0
rf,1,SR386_40X_HE_T461_01,0,0.19081830932041308,0
rf,1,SR386_40X_HE_T462_01,0,0.0723369990224829,0
rf,1,SR386_40X_HE_T468_01,0,0.05904537398085785,0
rf,1,SR386_40X_HE_T469_01,1,0.10765183997862819,0
rf,1,SR386_40X_HE_T470_01,0,0.1181971701812474,0
rf,1,SR386_40X_HE_T471_01,0,0.09038620388266336,0
rf,1,SR386_40X_HE_T477_01,0,0.11511051499827883,0
rf,1,SR386_40X_HE_T480_01,0,0.07640675173353996,0
rf,1,SR386_40X_HE_T484_01,0,0.07408753471867077,0
rf,1,SR386_40X_HE_T495_01,0,0.01908699902248289,0
rf,1,SR386_40X_HE_T496_01,0,0.019636363636363636,0
rf,1,SR386_40X_HE_T498_01,0,0.25504791843522895,0
rf,1,SR386_40X_HE_T504_01,0,0.05954479123027511,0
rf,1,SR386_40X_HE_T511_01,0,0.0572130437095032,0
rf,1,SR386_40X_HE_T517_01,0,0.11077934828145206,0
rf,1,SR386_40X_HE_T523_01,0,0.06711309523809524,0
rf,1,SR386_40X_HE_T529_01,0,0.012,0
rf,1,SR386_40X_HE_T542_01,0,0.012,0
rf,1,SR386_40X_HE_T569_01,0,0.09225958097994938,0
rf,1,SR386_40X_HE_T582_01,0,0.03547619047619048,0
rf,2,SR1482_40X_HE_T009_01,0,0.0969044307538314,0
rf,2,SR1482_40X_HE_T009_02,0,0.10682855236392862,0
rf,2,SR1482_40X_HE_T015_01,0,0.13358768535980367,0
rf,2,SR1482_40X_HE_T021_01,0,0.09063303895274614,0
rf,2,SR1482_40X_HE_T067_01,0,0.13136574101451223,0
rf,2,SR1482_40X_HE_T075_01,0,0.05524675324675325,0
rf,2,SR1482_40X_HE_T075_02,0,0.11819018475680466,0
rf,2,SR1482_40X_HE_T098_01,0,0.06139826839826839,0
rf,2,SR1482_40X_HE_T098_02,0,0.0362563713168552,0
rf,2,SR1482_40X_HE_T102_01,0,0.17564016249281042,0
rf,2,SR1482_40X_HE_T123_01,0,0.09072748485508039,0
rf,2,SR1482_40X_HE_T142_01,0,0.02177896613190731,0
rf,2,SR1482_40X_HE_T146_01,0,0.3811309727749732,1
rf,2,SR1482_40X_HE_T148_01,0,0.1283102557953301,0
rf,2,SR1482_40X_HE_T148_02,0,0.157746992670586,0
rf,2,SR1482_40X_HE_T154_01,0,0.10631729330399518,0
rf,2,SR1482_40X_HE_T158_01,0,0.0932266094570747,0
rf,2,SR1482_40X_HE_T161_01,0,0.12540246978360584,0
rf,2,SR1482_40X_HE_T161_02,0,0.14302365114560234,0
rf,2,SR1482_40X_HE_T164_01,1,0.13745521145521142,0
rf,2,SR1482_40X_HE_T164_02,1,0.26880230303068764,0
rf,2,SR1482_40X_HE_T168_01,0,0.10429872579156373,0
rf,2,SR1482_40X_HE_T171_01,0,0.29642021560265075,0
rf,2,SR1482_40X_HE_T171_02,0,0.41725092112188894,1
rf,2,SR1482_40X_HE_T178_01,1,0.2025317571628932,0
rf,2,SR1482_40X_HE_T186_01,0,0.09013385521677947,0
rf,2,SR1482_40X_HE_T193_01,0,0.21768741364593017,0
rf,2,SR1482_40X_HE_T193_02,0,0.15202452115211665,0
rf,2,SR1482_40X_HE_T209_01,0,0.2673348358958115,0
rf,2,SR1482_40X_HE_T209_02,0,0.3650795889289896,1
rf,2,SR1482_40X_HE_T245_01,0,0.16247644016806004,0
rf,2,SR1482_40X_HE_T245_02,0,0.16247717909239234,0
rf,2,SR1482_40X_HE_T265_01,0,0.046239760239760244,0
rf,2,SR1482_40X_HE_T302_01,0,0.2409451294143292,0
rf,2,SR1482_40X_HE_T343_01,1,0.14567670367267138,0
rf,2,SR1482_40X_HE_T343_02,1,0.14405696349686115,0
rf,2,SR1482_40X_HE_T399_01,0,0.09853996410093971,0
rf,2,SR1482_40X_HE_T399_02,0,0.14885235597735597,0
rf,2,SR1482_40X_HE_T426_01,0,0.14054591142318484,0
rf,2,SR1482_40X_HE_T426_02,0,0.16383591313316787,0
rf,2,SR386_40X_HE_T001_01,0,0.12168413045115614,0
rf,2,SR386_40X_HE_T013_01,0,0.12239981131880218,0
rf,2,SR386_40X_HE_T018_01,0,0.11004161930847725,0
rf,2,SR386_40X_HE_T019_01,0,0.03303617216117216,0
rf,2,SR386_40X_HE_T024_01,0,0.004,0
rf,2,SR386_40X_HE_T039_01,0,0.01499621212121212,0
rf,2,SR386_40X_HE_T040_01,1,0.1881149349581281,0
rf,2,SR386_40X_HE_T042_01,0,0.09143770396270397,0
rf,2,SR386_40X_HE_T047_01,0,0.0940932578017744,0
rf,2,SR386_40X_HE_T051_01,0,0.029356643356643355,0
rf,2,SR386_40X_HE_T052_01,0,0.09146207415772634,0
rf,2,SR386_40X_HE_T056_01,0,0.0451055523891291,0
rf,2,SR386_40X_HE_T057_01,0,0.017779761904761906,0
rf,2,SR386_40X_HE_T070_01,0,0.026,0
rf,2,SR386_40X_HE_T082_01,0,0.17571085235591885,0
rf,2,SR386_40X_HE_T084_01,0,0.1087230377149732,0
rf,2,SR386_40X_HE_T087_01,0,0.38057668007313955,1
rf,2,SR386_40X_HE_T088_01,0,0.08362221905579577,0
rf,2,SR386_40X_HE_T098_01,0,0.2048357279072475,0
rf,2,SR386_40X_HE_T105_01,0,0.07251576724879212,0
rf,2,SR386_40X_HE_T122_01,0,0.07606444449195406,0
rf,2,SR386_40X_HE_T123_01,0,0.14212749831517618,0
rf,2,SR386_40X_HE_T133_01,0,0.022775040736737043,0
rf,2,SR386_40X_HE_T145_01,0,0.08664291963582901,0
rf,2,SR386_40X_HE_T150_01,0,0.23720218910183383,0
rf,2,SR386_40X_HE_T152_01,0,0.16348755864744316,0
rf,2,SR386_40X_HE_T155_01,0,0.041375536544536996,0
rf,2,SR386_40X_HE_T157_01,0,0.08196018011680789,0
rf,2,SR386_40X_HE_T164_01,0,0.03593548387096775,0
rf,2,SR386_40X_HE_T166_01,0,0.07350757575757574,0
rf,2,SR386_40X_HE_T176_01,1,0.14712455511304023,0
rf,2,SR386_40X_HE_T177_01,0,0.035912003825920615,0
rf,2,SR386_40X_HE_T178_01,0,0.13012622483474143,0
rf,2,SR386_40X_HE_T187_01,0,0.039541125541125544,0
rf,2,SR386_40X_HE_T190_01,0,0.03386818714072812,0
rf,2,SR386_40X_HE_T192_01,0,0.028773885029698985,0
rf,2,SR386_40X_HE_T198_01,0,0.09864186326719909,0
rf,2,SR386_40X_HE_T200_01,0,0.06218373313148528,0
rf,2,SR386_40X_HE_T206_01,1,0.19298569227415574,0
rf,2,SR386_40X_HE_T211_01,0,0.22061768268478474,0
rf,2,SR386_40X_HE_T213_01,0,0.05046682053521303,0
rf,2,SR386_40X_HE_T214_01,0,0.27070420945759405,0
rf,2,SR386_40X_HE_T220_01,0,0.1073623302412248,0
rf,2,SR386_40X_HE_T230_01,1,0.11249889092680203,0
rf,2,SR386_40X_HE_T236_01,0,0.0492993795420266,0
rf,2,SR386_40X_HE_T237_01,0,0.041249554367201416,0
rf,2,SR386_40X_HE_T240_01,0,0.05752751821349383,0
rf,2,SR386_40X_HE_T241_01,0,0.036514164756811816,0
rf,2,SR386_40X_HE_T242_01,0,0.08862133170067506,0
rf,2,SR386_40X_HE_T253_01,0,0.013333333333333334,0
rf,2,SR386_40X_HE_T260_01,0,0.35845426414685794,1
rf,2,SR386_40X_HE_T262_01,0,0.2200723080682758,0
rf,2,SR386_40X_HE_T264_01,0,0.1153842108287719,0
rf,2,SR386_40X_HE_T271_01,0,0.06772764460878065,0
rf,2,SR386_40X_HE_T281_01,0,0.08491465759579363,0
rf,2,SR386_40X_HE_T297_01,0,0.0074285714285714285,0
rf,2,SR386_40X_HE_T299_01,0,0.05307297275894836,0
rf,2,SR386_40X_HE_T301_01,0,0.08479359506613605,0
rf,2,SR386_40X_HE_T306_01,0,0.042970238095238096,0
rf,2,SR386_40X_HE_T309_01,0,0.03859595959595959,0
rf,2,SR386_40X_HE_T314_01,0,0.13823964895380986,0
rf,2,SR386_40X_HE_T316_01,0,0.13328342759391146,0
rf,2,SR386_40X_HE_T318_01,0,0.1290455382694472,0
rf,2,SR386_40X_HE_T321_01,0,0.05102313347626441,0
rf,2,SR386_40X_HE_T326_01,0,0.04767461430575035,0
rf,2,SR386_40X_HE_T327_01,0,0.0038181818181818182,0
rf,2,SR386_40X_HE_T332_01,1,0.04729212722761111,0
rf,2,SR386_40X_HE_T355_01,0,0.04316363253709355,0
rf,2,SR386_40X_HE_T364_01,0,0.08409367078209583,0
rf,2,SR386_40X_HE_T368_01,1,0.1341276128565584,0
rf,2,SR386_40X_HE_T374_01,0,0.025537207357859533,0
rf,2,SR386_40X_HE_T380_01,0,0.041443223443223445,0
rf,2,SR386_40X_HE_T382_01,0,0.033082251082251074,0
rf,2,SR386_40X_HE_T392_01,0,0.04819802934153806,0
rf,2,SR386_40X_HE_T398_01,0,0.09458245699588202,0
rf,2,SR386_40X_HE_T402_01,1,0.1024588934774022,0
rf,2,SR386_40X_HE_T404_01,0,0.02642033235581623,0
rf,2,SR386_40X_HE_T415_01,0,0.02430876966171084,0
rf,2,SR386_40X_HE_T417_01,0,0.028038495419309376,0
rf,2,SR386_40X_HE_T425_01,0,0.11841997138511577,0
rf,2,SR386_40X_HE_T436_01,1,0.07951410027880614,0
rf,2,SR386_40X_HE_T437_01,0,0.12373079496636098,0
rf,2,SR386_40X_HE_T440_01,0,0.06420936937836984,0
rf,2,SR386_40X_HE_T445_01,0,0.05366646528792477,0
rf,2,SR386_40X_HE_T450_01,0,0.05461143429740991,0
rf,2,SR386_40X_HE_T459_01,0,0.09082662806330082,0
rf,2,SR386_40X_HE_T472_01,0,0.06463257575757575,0
rf,2,SR386_40X_HE_T481_01,0,0.10460420915379956,0
rf,2,SR386_40X_HE_T483_01,0,0.13151947556403668,0
rf,2,SR386_40X_HE_T486_01,0,0.1522340227304822,0
rf,2,SR386_40X_HE_T488_01,0,0.19505221810131676,0
rf,2,SR386_40X_HE_T499_01,0,0.33658495670995664,1
rf,2,SR386_40X_HE_T507_01,0,0.12309856943558782,0
rf,2,SR386_40X_HE_T514_01,0,0.07010647585874931,0
rf,2,SR386_40X_HE_T520_01,1,0.04186818714072812,0
rf,2,SR386_40X_HE_T522_01,0,0.06479903967000741,0
rf,2,SR386_40X_HE_T531_01,0,0.09620442326490714,0
rf,2,SR386_40X_HE_T535_01,0,0.027205128205128208,0
rf,2,SR386_40X_HE_T539_01,0,0.147401526009088,0
rf,2,SR386_40X_HE_T549_01,0,0.10070542089753254,0
rf,2,SR386_40X_HE_T552_01,0,0.04270882740447958,0
rf,2,SR386_40X_HE_T553_01,0,0.04833896848530216,0
rf,2,SR386_40X_HE_T554_01,0,0.1373578973621049,0
rf,2,SR386_40X_HE_T558_01,0,0.07865156358986282,0
rf,2,SR386_40X_HE_T564_01,0,0.060012509549274264,0
rf,2,SR386_40X_HE_T570_01,0,0.03721858423266874,0
rf,2,SR386_40X_HE_T574_01,0,0.02116770186335404,0
rf,2,SR386_40X_HE_T578_01,0,0.019484848484848483,0
rf,2,SR386_40X_HE_T580_01,0,0.03972294372294372,0
rf,3,SR1482_40X_HE_T005_01,0,0.3879295305955512,1
rf,3,SR1482_40X_HE_T005_02,0,0.10581460744269469,0
rf,3,SR1482_40X_HE_T010_01,0,0.1009439350715306,0
rf,3,SR1482_40X_HE_T043_01,0,0.11217018129524077,0
rf,3,SR1482_40X_HE_T043_02,0,0.0637882977237816,0
rf,3,SR1482_40X_HE_T049_01,0,0.08307092907092906,0
rf,3,SR1482_40X_HE_T061_01,0,0.28613856886910555,0
rf,3,SR1482_40X_HE_T061_02,0,0.29015910208717116,0
rf,3,SR1482_40X_HE_T070_01,1,0.11085219353816915,0
rf,3,SR1482_40X_HE_T073_01,0,0.14525072556985053,0
rf,3,SR1482_40X_HE_T082_01,0,0.14869530058306435,0
rf,3,SR1482_40X_HE_T082_02,0,0.262270482205966,0
rf,3,SR1482_40X_HE_T089_01,0,0.1043295272259867,0
rf,3,SR1482_40X_HE_T090_01,0,0.06264994014639963,0
rf,3,SR1482_40X_HE_T094_01,1,0.20318012498254434,0
rf,3,SR1482_40X_HE_T094_02,1,0.17843011471450748,0
rf,3,SR1482_40X_HE_T105_01,0,0.03962167268215655,0
rf,3,SR1482_40X_HE_T115_01,0,0.041725149850149856,0
rf,3,SR1482_40X_HE_T115_02,0,0.024569292520758648,0
rf,3,SR1482_40X_HE_T118_01,0,0.39197003128714286,1
rf,3,SR1482_40X_HE_T118_02,0,0.1989027816112982,0
rf,3,SR1482_40X_HE_T120_01,0,0.15520009426057813,0
rf,3,SR1482_40X_HE_T120_02,0,0.09455373330515061,0
rf,3,SR1482_40X_HE_T124_01,0,0.09731187684864155,0
rf,3,SR1482_40X_HE_T124_02,0,0.13745553429924234,0
rf,3,SR1482_40X_HE_T138_01,0,0.019666666666666666,0
rf,3,SR1482_40X_HE_T160_01,0,0.09698530904579292,0
rf,3,SR1482_40X_HE_T160_02,0,0.10855353248901635,0
rf,3,SR1482_40X_HE_T167_01,0,0.2646114839860306,0
rf,3,SR1482_40X_HE_T167_02,0,0.05662125374625374,0
rf,3,SR1482_40X_HE_T175_01,0,0.18283741427517156,0
rf,3,SR1482_40X_HE_T175_02,0,0.25039494590228145,0
rf,3,SR1482_40X_HE_T177_01,1,0.0798895298250137,0
rf,3,SR1482_40X_HE_T188_01,0,0.09901723479669758,0
rf,3,SR1482_40X_HE_T195_01,0,0.0653920524596118,0
rf,3,SR1482_40X_HE_T195_02,0,0.06194327999641094,0
rf,3,SR1482_40X_HE_T202_01,0,0.18257122719268665,0
rf,3,SR1482_40X_HE_T202_02,0,0.14011780561426507,0
rf,3,SR1482_40X_HE_T225_01,0,0.16774400867949257,0
rf,3,SR1482_40X_HE_T225_02,0,0.06127540249605468,0
rf,3,SR1482_40X_HE_T235_01,0,0.14629759235784282,0
rf,3,SR1482_40X_HE_T235_02,0,0.0439100469166747,0
rf,3,SR1482_40X_HE_T236_01,0,0.04094689050786613,0
rf,3,SR1482_40X_HE_T236_02,0,0.0298742042271454,0
rf,3,SR1482_40X_HE_T258_01,0,0.08984654196446092,0
rf,3,SR1482_40X_HE_T258_02,0,0.07080065899277065,0
rf,3,SR1482_40X_HE_T284_01,1,0.2723669023940061,0
rf,3,SR1482_40X_HE_T284_02,1,0.19392570664629483,0
rf,3,SR1482_40X_HE_T301_01,1,0.1458291562497144,0
rf,3,SR1482_40X_HE_T301_02,1,0.09225559434721425,0
rf,3,SR1482_40X_HE_T309_01,0,0.1947715228320067,0
rf,3,SR1482_40X_HE_T313_01,0,0.12592136539930657,0
rf,3,SR1482_40X_HE_T313_02,0,0.1707932470498748,0
rf,3,SR1482_40X_HE_T338_01,0,0.12457934407580357,0
rf,3,SR1482_40X_HE_T344_01,0,0.2075000913136624,0
rf,3,SR1482_40X_HE_T344_02,0,0.0389139759671069,0
rf,3,SR1482_40X_HE_T346_01,0,0.11030090199655418,0
rf,3,SR1482_40X_HE_T346_02,0,0.18108359251553582,0
rf,3,SR1482_40X_HE_T377_01,0,0.09602960621204129,0
rf,3,SR1482_40X_HE_T377_02,0,0.18390103182943462,0
rf,3,SR1482_40X_HE_T419_01,0,0.0675226480836237,0
rf,3,SR1482_40X_HE_T427_01,0,0.0930998638529511,0
rf,3,SR1482_40X_HE_T427_02,0,0.0781469472043823,0
rf,3,SR386_40X_HE_T007_01,0,0.05557217018124741,0
rf,3,SR386_40X_HE_T015_01,0,0.09980890487883189,0
rf,3,SR386_40X_HE_T017_01,1,0.21792809279600214,0
rf,3,SR386_40X_HE_T032_01,0,0.05412375859434684,0
rf,3,SR386_40X_HE_T034_01,0,0.07780408994759867,0
rf,3,SR386_40X_HE_T035_01,0,0.1201135987995744,0
rf,3,SR386_40X_HE_T041_01,0,0.20246580904989042,0
rf,3,SR386_40X_HE_T067_01,0,0.013571847507331378,0
rf,3,SR386_40X_HE_T075_01,0,0.04310289710289711,0
rf,3,SR386_40X_HE_T081_01,0,0.14907207661321853,0
rf,3,SR386_40X_HE_T083_01,0,0.14574749220760724,0
rf,3,SR386_40X_HE_T085_01,0,0.012379878880361041,0
rf,3,SR386_40X_HE_T095_01,0,0.08666733451673518,0
rf,3,SR386_40X_HE_T104_01,0,0.11469792432906036,0
rf,3,SR386_40X_HE_T106_01,0,0.0714404413787406,0
rf,3,SR386_40X_HE_T112_01,0,0.027779761904761904,0
rf,3,SR386_40X_HE_T128_01,0,0.00975366568914956,0
rf,3,SR386_40X_HE_T132_01,0,0.023687145189418623,0
rf,3,SR386_40X_HE_T138_01,0,0.09127154054900066,0
rf,3,SR386_40X_HE_T142_01,0,0.1192957826487238,0
rf,3,SR386_40X_HE_T149_01,0,0.07183330663643755,0
rf,3,SR386_40X_HE_T165_01,1,0.13502348595542932,0
rf,3,SR386_40X_HE_T179_01,0,0.19143256708957052,0
rf,3,SR386_40X_HE_T180_01,0,0.06412121212121212,0
rf,3,SR386_40X_HE_T182_01,0,0.05854653855113561,0
rf,3,SR386_40X_HE_T184_01,0,0.09111311016624107,0
rf,3,SR386_40X_HE_T188_01,0,0.04673160173160173,0
rf,3,SR386_40X_HE_T191_01,0,0.02102231287171353,0
rf,3,SR386_40X_HE_T197_01,0,0.05546207415772633,0
rf,3,SR386_40X_HE_T201_01,0,0.03138935574229692,0
rf,3,SR386_40X_HE_T202_01,0,0.017378707314191187,0
rf,3,SR386_40X_HE_T208_01,0,0.015722943722943722,0
rf,3,SR386_40X_HE_T216_01,1,0.059856377871565905,0
rf,3,SR386_40X_HE_T238_01,0,0.01,0
rf,3,SR386_40X_HE_T244_01,0,0.05030922210781546,0
rf,3,SR386_40X_HE_T248_01,0,0.015378707314191185,0
rf,3,SR386_40X_HE_T249_01,0,0.017855981416957028,0
rf,3,SR386_40X_HE_T250_01,0,0.11653780909756781,0
rf,3,SR386_40X_HE_T263_01,0,0.13847419247419246,0
rf,3,SR386_40X_HE_T267_01,0,0.1477830067184906,0
rf,3,SR386_40X_HE_T269_01,0,0.004,0
rf,3,SR386_40X_HE_T277_01,0,0.06139710695808257,0
rf,3,SR386_40X_HE_T286_01,0,0.39135910055121215,1
rf,3,SR386_40X_HE_T287_01,0,0.1380474366874049,0
rf,3,SR386_40X_HE_T290_01,0,0.07427755983853546,0
rf,3,SR386_40X_HE_T293_01,0,0.020827498083312038,0
rf,3,SR386_40X_HE_T298_01,0,0.05874445616112283,0
rf,3,SR386_40X_HE_T303_01,0,0.002,0
rf,3,SR386_40X_HE_T312_01,0,0.12839057045105431,0
rf,3,SR386_40X_HE_T329_01,0,0.1509561842697458,0
rf,3,SR386_40X_HE_T336_01,0,0.019238095238095238,0
rf,3,SR386_40X_HE_T338_01,0,0.009428571428571429,0
rf,3,SR386_40X_HE_T342_01,0,0.05567852437417655,0
rf,3,SR386_40X_HE_T353_01,0,0.12721059332824036,0
rf,3,SR386_40X_HE_T357_01,0,0.017492345053320663,0
rf,3,SR386_40X_HE_T362_01,0,0.07041262897924891,0
rf,3,SR386_40X_HE_T363_01,1,0.14273954937068542,0
rf,3,SR386_40X_HE_T372_01,0,0.2025480796085635,0
rf,3,SR386_40X_HE_T378_01,0,0.003875,0
rf,3,SR386_40X_HE_T379_01,0,0.04850815850815851,0
rf,3,SR386_40X_HE_T386_01,0,0.018322463768115946,0
rf,3,SR386_40X_HE_T387_01,0,0.11394956806318285,0
rf,3,SR386_40X_HE_T393_01,0,0.051296037296037295,0
rf,3,SR386_40X_HE_T397_01,0,0.11664002932551319,0
rf,3,SR386_40X_HE_T406_01,0,0.176453683843461,0
rf,3,SR386_40X_HE_T409_01,0,0.048213082980908935,0
rf,3,SR386_40X_HE_T422_01,0,0.007846830985915492,0
rf,3,SR386_40X_HE_T426_01,0,0.03822781016959974,0
rf,3,SR386_40X_HE_T433_01,0,0.03909145021645022,0
rf,3,SR386_40X_HE_T443_01,0,0.1562930985451119,0
rf,3,SR386_40X_HE_T448_01,0,0.019385151080803253,0
rf,3,SR386_40X_HE_T452_01,0,0.2220711980167341,0
rf,3,SR386_40X_HE_T460_01,1,0.1099442265052021,0
rf,3,SR386_40X_HE_T473_01,0,0.011875,0
rf,3,SR386_40X_HE_T475_01,0,0.04384024577572965,0
rf,3,SR386_40X_HE_T478_01,0,0.061817601753085635,0
rf,3,SR386_40X_HE_T489_01,1,0.048874458874458876,0
rf,3,SR386_40X_HE_T491_01,0,0.17279251373804985,0
rf,3,SR386_40X_HE_T492_01,0,0.007666666666666667,0
rf,3,SR386_40X_HE_T493_01,0,0.02581818181818182,0
rf,3,SR386_40X_HE_T502_01,0,0.007951219512195122,0
rf,3,SR386_40X_HE_T505_01,0,0.1163510166146314,0
rf,3,SR386_40X_HE_T506_01,0,0.07830999724523811,0
rf,3,SR386_40X_HE_T509_01,0,0.13703783173348388,0
rf,3,SR386_40X_HE_T516_01,0,0.0435611245796333,0
rf,3,SR386_40X_HE_T518_01,0,0.040242289098346665,0
rf,3,SR386_40X_HE_T519_01,0,0.07359041006431898,0
rf,3,SR386_40X_HE_T521_01,0,0.008,0
rf,3,SR386_40X_HE_T526_01,0,0.04684469696969697,0
rf,3,SR386_40X_HE_T533_01,0,0.0029670329670329672,0
rf,3,SR386_40X_HE_T543_01,0,0.06569318181818182,0
rf,3,SR386_40X_HE_T544_01,0,0.13802705084770303,0
rf,3,SR386_40X_HE_T556_01,1,0.03755479626331285,0
rf,3,SR386_40X_HE_T560_01,0,0.05356157018302967,0
rf,3,SR386_40X_HE_T563_01,0,0.01668997668997669,0
rf,3,SR386_40X_HE_T568_01,0,0.05890666891248286,0
rf,3,SR386_40X_HE_T571_01,0,0.0716968004529365,0
rf,3,SR386_40X_HE_T572_01,0,0.04739968633517021,0
rf,3,SR386_40X_HE_T573_01,0,0.007904761904761906,0
rf,3,SR386_40X_HE_T583_01,0,0.03461089317186878,0
rf,4,SR1482_40X_HE_T002_01,0,0.016666666666666666,0
rf,4,SR1482_40X_HE_T003_01,0,0.11314772727272725,0
rf,4,SR1482_40X_HE_T004_01,0,0.04274625374625375,0
rf,4,SR1482_40X_HE_T004_02,0,0.04993014232144667,0
rf,4,SR1482_40X_HE_T011_01,0,0.12238698849301695,0
rf,4,SR1482_40X_HE_T025_01,0,0.07924972514189692,0
rf,4,SR1482_40X_HE_T025_02,0,0.12143854164330105,0
rf,4,SR1482_40X_HE_T060_01,0,0.10933460005171171,0
rf,4,SR1482_40X_HE_T062_01,0,0.10913604281896964,0
rf,4,SR1482_40X_HE_T062_02,0,0.14302822578794083,0
rf,4,SR1482_40X_HE_T064_01,0,0.26521158220842317,0
rf,4,SR1482_40X_HE_T064_02,0,0.1997218908749685,0
rf,4,SR1482_40X_HE_T071_01,0,0.22649633643269357,0
rf,4,SR1482_40X_HE_T071_02,0,0.21391222117449327,0
rf,4,SR1482_40X_HE_T074_01,0,0.09310369472515422,0
rf,4,SR1482_40X_HE_T074_02,0,0.04889748289345064,0
rf,4,SR1482_40X_HE_T083_01,0,0.14820800976495313,0
rf,4,SR1482_40X_HE_T083_02,0,0.1677405162369757,0
rf,4,SR1482_40X_HE_T087_01,0,0.09545729128053897,0
rf,4,SR1482_40X_HE_T097_01,1,0.24094864441014757,0
rf,4,SR1482_40X_HE_T097_02,1,0.15053788332276785,0
rf,4,SR1482_40X_HE_T108_01,0,0.009428571428571429,0
rf,4,SR1482_40X_HE_T113_01,0,0.11931524577572965,0
rf,4,SR1482_40X_HE_T113_02,0,0.26912144687452455,0
rf,4,SR1482_40X_HE_T121_01,0,0.005666666666666667,0
rf,4,SR1482_40X_HE_T122_01,0,0.03711229946524064,0
rf,4,SR1482_40X_HE_T125_01,0,0.04317482517482518,0
rf,4,SR1482_40X_HE_T125_02,0,0.034849529535505144,0
rf,4,SR1482_40X_HE_T131_01,0,0.07630399036447423,0
rf,4,SR1482_40X_HE_T131_02,0,0.15755840446828898,0
rf,4,SR1482_40X_HE_T132_01,0,0.10226099706744866,0
rf,4,SR1482_40X_HE_T132_02,0,0.12374735501586372,0
rf,4,SR1482_40X_HE_T143_01,0,0.18352378852024798,0
rf,4,SR1482_40X_HE_T143_02,0,0.14402644807985093,0
rf,4,SR1482_40X_HE_T166_01,1,0.04708753471867077,0
rf,4,SR1482_40X_HE_T169_01,0,0.10210581622678397,0
rf,4,SR1482_40X_HE_T176_01,1,0.2558352638096644,0
rf,4,SR1482_40X_HE_T176_02,1,0.20498584116203003,0
rf,4,SR1482_40X_HE_T191_01,0,0.04383058876607264,0
rf,4,SR1482_40X_HE_T194_01,0,0.22925637131685517,0
rf,4,SR1482_40X_HE_T218_01,0,0.011951219512195122,0
rf,4,SR1482_40X_HE_T253_01,0,0.018431235431235433,0
rf,4,SR1482_40X_HE_T290_01,0,0.14101192921690528,0
rf,4,SR1482_40X_HE_T308_01,0,0.11404362436073599,0
rf,4,SR1482_40X_HE_T314_01,0,0.3258590317084324,1
rf,4,SR1482_40X_HE_T314_02,0,0.340975203080248,1
rf,4,SR1482_40X_HE_T372_01,1,0.1539323071457322,0
rf,4,SR1482_40X_HE_T372_02,1,0.08623636363636362,0
rf,4,SR1482_40X_HE_T408_01,0,0.05372432272029046,0
rf,4,SR1482_40X_HE_T412_01,0,0.005818181818181819,0
rf,4,SR1482_40X_HE_T425_01,0,0.015192144587043047,0
rf,4,SR1482_40X_HE_T434_01,1,0.05466287878787879,0
rf,4,SR386_40X_HE_T006_01,0,0.016,0
rf,4,SR386_40X_HE_T010_01,0,0.07559714795008912,0
rf,4,SR386_40X_HE_T014_01,0,0.046235934796910405,0
rf,4,SR386_40X_HE_T016_01,0,0.03563636363636364,0
rf,4,SR386_40X_HE_T020_01,0,0.015818181818181818,0
rf,4,SR386_40X_HE_T027_01,0,0.22194298043943994,0
rf,4,SR386_40X_HE_T028_01,0,0.07645188145188146,0
rf,4,SR386_40X_HE_T037_01,0,0.05048252560447683,0
rf,4,SR386_40X_HE_T043_01,0,0.023875,0
rf,4,SR386_40X_HE_T044_01,1,0.1614866585646135,0
rf,4,SR386_40X_HE_T046_01,0,0.07874891774891775,0
rf,4,SR386_40X_HE_T058_01,0,0.03750567465321564,0
rf,4,SR386_40X_HE_T062_01,0,0.051223689718479286,0
rf,4,SR386_40X_HE_T065_01,1,0.024,0
rf,4,SR386_40X_HE_T080_01,0,0.041142038289579276,0
rf,4,SR386_40X_HE_T091_01,0,0.03878521478521478,0
rf,4,SR386_40X_HE_T094_01,0,0.005418181818181818,0
rf,4,SR386_40X_HE_T097_01,0,0.07300424981522542,0
rf,4,SR386_40X_HE_T100_01,0,0.11134533075386875,0
rf,4,SR386_40X_HE_T107_01,0,0.13411489735754445,0
rf,4,SR386_40X_HE_T109_01,1,0.11304013603891912,0
rf,4,SR386_40X_HE_T110_01,0,0.04274094088262092,0
rf,4,SR386_40X_HE_T117_01,0,0.017636363636363638,0
rf,4,SR386_40X_HE_T127_01,0,0.028224529535505145,0
rf,4,SR386_40X_HE_T129_01,0,0.04960357675111773,0
rf,4,SR386_40X_HE_T136_01,0,0.032269352900488955,0
rf,4,SR386_40X_HE_T154_01,0,0.018016690273318058,0
rf,4,SR386_40X_HE_T168_01,1,0.1610799603365881,0
rf,4,SR386_40X_HE_T175_01,0,0.05090518084066471,0
rf,4,SR386_40X_HE_T189_01,0,0.08007243163340723,0
rf,4,SR386_40X_HE_T195_01,0,0.00775366568914956,0
rf,4,SR386_40X_HE_T227_01,0,0.0946302931267526,0
rf,4,SR386_40X_HE_T233_01,0,0.07197815359961308,0
rf,4,SR386_40X_HE_T234_01,0,0.14334848395402064,0
rf,4,SR386_40X_HE_T235_01,0,0.10078787878787879,0
rf,4,SR386_40X_HE_T239_01,0,0.14146157871820642,0
rf,4,SR386_40X_HE_T245_01,0,0.02954112554112554,0
rf,4,SR386_40X_HE_T256_01,0,0.16678977208865092,0
rf,4,SR386_40X_HE_T265_01,0,0.025298121233605104,0
rf,4,SR386_40X_HE_T268_01,0,0.10895359130348367,0
rf,4,SR386_40X_HE_T270_01,0,0.04232296595410201,0
rf,4,SR386_40X_HE_T272_01,0,0.27598410732553363,0
rf,4,SR386_40X_HE_T273_01,0,0.08472067742516176,0
rf,4,SR386_40X_HE_T276_01,0,0.1267871906323256,0
rf,4,SR386_40X_HE_T278_01,1,0.055813767233521175,0
rf,4,SR386_40X_HE_T284_01,0,0.009955580651232825,0
rf,4,SR386_40X_HE_T285_01,0,0.022,0
rf,4,SR386_40X_HE_T288_01,0,0.11878391623570442,0
rf,4,SR386_40X_HE_T291_01,0,0.0836650128040973,0
rf,4,SR386_40X_HE_T300_01,0,0.0466933768940488,0
rf,4,SR386_40X_HE_T302_01,0,0.1001249529456051,0
rf,4,SR386_40X_HE_T305_01,0,0.005333333333333333,0
rf,4,SR386_40X_HE_T308_01,0,0.03322881148543927,0
rf,4,SR386_40X_HE_T325_01,0,0.015818181818181818,0
rf,4,SR386_40X_HE_T331_01,0,0.06924708756419921,0
rf,4,SR386_40X_HE_T341_01,0,0.16820858709234218,0
rf,4,SR386_40X_HE_T343_01,1,0.0831109347969104,0
rf,4,SR386_40X_HE_T346_01,0,0.21004146391243161,0
rf,4,SR386_40X_HE_T352_01,0,0.21138931895593885,0
rf,4,SR386_40X_HE_T373_01,0,0.13603826866479024,0
rf,4,SR386_40X_HE_T375_01,0,0.06756379858340643,0
rf,4,SR386_40X_HE_T381_01,0,0.028944258639910816,0
rf,4,SR386_40X_HE_T389_01,0,0.08297244365841927,0
rf,4,SR386_40X_HE_T391_01,0,0.10190192865806469,0
rf,4,SR386_40X_HE_T394_01,0,0.008951648351648352,0
rf,4,SR386_40X_HE_T399_01,0,0.25499101842296173,0
rf,4,SR386_40X_HE_T403_01,0,0.01921744921744922,0
rf,4,SR386_40X_HE_T405_01,0,0.10679178148743367,0
rf,4,SR386_40X_HE_T407_01,0,0.05509619272732878,0
rf,4,SR386_40X_HE_T414_01,0,0.09638748208313426,0
rf,4,SR386_40X_HE_T424_01,0,0.16409843779408997,0
rf,4,SR386_40X_HE_T429_01,0,0.20595183953525545,0
rf,4,SR386_40X_HE_T441_01,0,0.08874121980170366,0
rf,4,SR386_40X_HE_T451_01,0,0.06355731225296443,0
rf,4,SR386_40X_HE_T453_01,0,0.02184024577572965,0
rf,4,SR386_40X_HE_T455_01,0,0.08924635256013394,0
rf,4,SR386_40X_HE_T465_01,0,0.14704982517482518,0
rf,4,SR386_40X_HE_T474_01,0,0.14450005374960045,0
rf,4,SR386_40X_HE_T476_01,0,0.1320225032372249,0
rf,4,SR386_40X_HE_T479_01,0,0.0640749720709398,0
rf,4,SR386_40X_HE_T482_01,0,0.18667670367267142,0
rf,4,SR386_40X_HE_T487_01,0,0.05434702170659068,0
rf,4,SR386_40X_HE_T490_01,0,0.037492796123932165,0
rf,4,SR386_40X_HE_T494_01,0,0.012,0
rf,4,SR386_40X_HE_T500_01,0,0.008,0
rf,4,SR386_40X_HE_T510_01,0,0.21543490655685776,0
rf,4,SR386_40X_HE_T524_01,0,0.05931419118515893,0
rf,4,SR386_40X_HE_T528_01,0,0.23030606793334135,0
rf,4,SR386_40X_HE_T532_01,0,0.02566566951507017,0
rf,4,SR386_40X_HE_T534_01,0,0.08913170700267473,0
rf,4,SR386_40X_HE_T536_01,0,0.0034848484848484847,0
rf,4,SR386_40X_HE_T537_01,0,0.1230251139921617,0
rf,4,SR386_40X_HE_T541_01,0,0.05265842759391146,0
rf,4,SR386_40X_HE_T548_01,1,0.09783958322039718,0
rf,4,SR386_40X_HE_T550_01,0,0.08416707408490469,0
rf,4,SR386_40X_HE_T551_01,0,0.011023310023310024,0
rf,4,SR386_40X_HE_T557_01,0,0.07027849266776043,0
rf,4,SR386_40X_HE_T565_01,0,0.011129159760295805,0
rf,4,SR386_40X_HE_T567_01,0,0.04870616340181558,0
rf,4,SR386_40X_HE_T575_01,0,0.05886838025000804,0
rf,4,SR386_40X_HE_T576_01,0,0.05956086661830172,0
rf,4,SR386_40X_HE_T581_01,0,0.12381101956715561,0
