classifier,fold,WSI_ID,target,prob_pos,pred_at_0.5
lin,1,SR1482_40X_HE_T029_01,0,0.09948606570225528,0
lin,1,SR1482_40X_HE_T029_02,0,0.08650114284040329,0
lin,1,SR1482_40X_HE_T057_01,0,8.854471838881747e-05,0
lin,1,SR1482_40X_HE_T063_01,1,0.995161972609846,1
lin,1,SR1482_40X_HE_T063_02,1,0.004673155293631012,0
lin,1,SR1482_40X_HE_T065_01,0,0.7846554753253752,1
lin,1,SR1482_40X_HE_T065_02,0,0.271890766203378,0
lin,1,SR1482_40X_HE_T066_01,0,0.9048389299727225,1
lin,1,SR1482_40X_HE_T066_02,0,0.8450555899231562,1
lin,1,SR1482_40X_HE_T068_01,0,0.0018562388027256718,0
lin,1,SR1482_40X_HE_T069_01,0,0.1853798541621184,0
lin,1,SR1482_40X_HE_T069_02,0,4.28675083233232e-07,0
lin,1,SR1482_40X_HE_T079_01,1,0.2173244624320089,0
lin,1,SR1482_40X_HE_T079_02,1,0.03804690680258737,0
lin,1,SR1482_40X_HE_T080_01,0,0.009054416952139354,0
lin,1,SR1482_40X_HE_T080_02,0,2.061359649049955e-06,0
lin,1,SR1482_40X_HE_T081_01,0,0.0124193162764913,0
lin,1,SR1482_40X_HE_T081_02,0,0.018057578920209975,0
lin,1,SR1482_40X_HE_T099_01,0,2.9425255618352318e-05,0
lin,1,SR1482_40X_HE_T116_01,0,0.5020399748160013,1
lin,1,SR1482_40X_HE_T117_01,0,3.252123467813484e-11,0
lin,1,SR1482_40X_HE_T117_02,0,7.402781003019183e-10,0
lin,1,SR1482_40X_HE_T126_01,0,0.01848312895525592,0
lin,1,SR1482_40X_HE_T129_01,0,6.158307074304519e-07,0
lin,1,SR1482_40X_HE_T129_02,0,0.5355161080610135,1
lin,1,SR1482_40X_HE_T139_01,0,0.0056752149878040855,0
lin,1,SR1482_40X_HE_T139_02,0,0.05539743053712399,0
lin,1,SR1482_40X_HE_T147_01,0,0.07225704730686412,0
lin,1,SR1482_40X_HE_T147_02,0,0.9990472367475766,1
lin,1,SR1482_40X_HE_T159_01,0,0.00019951783756093906,0
lin,1,SR1482_40X_HE_T159_02,0,0.00015671308740779335,0
lin,1,SR1482_40X_HE_T192_01,0,1.1405079577420917e-07,0
lin,1,SR1482_40X_HE_T199_01,0,3.9021726737179915e-10,0
lin,1,SR1482_40X_HE_T304_01,0,0.022256628683904375,0
lin,1,SR1482_40X_HE_T304_02,0,5.809733765509953e-06,0
lin,1,SR1482_40X_HE_T310_01,1,0.5911760083554713,1
lin,1,SR1482_40X_HE_T310_02,1,0.5851101827580072,1
lin,1,SR1482_40X_HE_T341_01,0,3.992146215694471e-09,0
lin,1,SR1482_40X_HE_T341_02,0,4.4390971358544726e-05,0
lin,1,SR1482_40X_HE_T353_01,0,0.021367594318645912,0
lin,1,SR1482_40X_HE_T390_01,0,1.7308442203681812e-06,0
lin,1,SR1482_40X_HE_T433_01,1,0.0064977609028681145,0
lin,1,SR386_40X_HE_T003_01,0,9.510719753851283e-07,0
lin,1,SR386_40X_HE_T004_01,0,1.0026467743376243e-05,0
lin,1,SR386_40X_HE_T022_01,1,0.422092287088682,0
lin,1,SR386_40X_HE_T030_01,0,0.005610404462213341,0
lin,1,SR386_40X_HE_T033_01,0,1.1412181812460186e-06,0
lin,1,SR386_40X_HE_T036_01,0,0.0009383309503665806,0
lin,1,SR386_40X_HE_T038_01,0,3.383833388679059e-06,0
lin,1,SR386_40X_HE_T049_01,0,2.344886403183294e-08,0
lin,1,SR386_40X_HE_T050_01,0,1.1942241584304961e-06,0
lin,1,SR386_40X_HE_T060_01,0,0.085512606067606,0
lin,1,SR386_40X_HE_T063_01,0,0.28237781719208266,0
lin,1,SR386_40X_HE_T066_01,0,1.151836706144315e-05,0
lin,1,SR386_40X_HE_T069_01,0,0.003887926278688631,0
lin,1,SR386_40X_HE_T072_01,0,1.878442886126414e-07,0
lin,1,SR386_40X_HE_T074_01,0,5.296621845542349e-07,0
lin,1,SR386_40X_HE_T078_01,0,0.13974607734704064,0
lin,1,SR386_40X_HE_T079_01,0,1.0755047169250235e-10,0
lin,1,SR386_40X_HE_T092_01,1,2.961012178820058e-06,0
lin,1,SR386_40X_HE_T096_01,0,2.3613513470074416e-09,0
lin,1,SR386_40X_HE_T099_01,0,8.206290797045182e-07,0
lin,1,SR386_40X_HE_T103_01,0,2.3015859232787067e-09,0
lin,1,SR386_40X_HE_T108_01,0,0.0036270532369848773,0
lin,1,SR386_40X_HE_T113_01,0,0.0007463612621304564,0
lin,1,SR386_40X_HE_T114_01,0,2.6968229881971277e-05,0
lin,1,SR386_40X_HE_T119_01,0,5.001975792508502e-06,0
lin,1,SR386_40X_HE_T126_01,0,3.981946995126558e-06,0
lin,1,SR386_40X_HE_T130_01,0,3.310363619812557e-08,0
lin,1,SR386_40X_HE_T131_01,0,0.0002607794903400764,0
lin,1,SR386_40X_HE_T135_01,0,0.0028935962520037256,0
lin,1,SR386_40X_HE_T140_01,0,0.06339610862855258,0
lin,1,SR386_40X_HE_T144_01,0,0.020306464615649115,0
lin,1,SR386_40X_HE_T147_01,0,2.3597749351133585e-06,0
lin,1,SR386_40X_HE_T148_01,0,0.0003602917511652637,0
lin,1,SR386_40X_HE_T160_01,0,9.745205633864968e-06,0
lin,1,SR386_40X_HE_T169_01,0,7.417820357531946e-05,0
lin,1,SR386_40X_HE_T170_01,1,0.939109753514053,1
lin,1,SR386_40X_HE_T172_01,0,0.9961561290799372,1
lin,1,SR386_40X_HE_T174_01,0,0.010532610704093786,0
lin,1,SR386_40X_HE_T181_01,0,4.5316456821919566e-06,0
lin,1,SR386_40X_HE_T196_01,0,2.930003994432501e-07,0
lin,1,SR386_40X_HE_T205_01,0,0.9911569757909037,1
lin,1,SR386_40X_HE_T209_01,0,6.162240316246264e-07,0
lin,1,SR386_40X_HE_T210_01,0,0.7409076832010287,1
lin,1,SR386_40X_HE_T212_01,0,0.00011056876936460065,0
lin,1,SR386_40X_HE_T221_01,0,3.803107934156743e-05,0
lin,1,SR386_40X_HE_T224_01,0,0.012011957047676406,0
lin,1,SR386_40X_HE_T231_01,1,0.0004891743063712583,0
lin,1,SR386_40X_HE_T232_01,0,2.0441523379093628e-10,0
lin,1,SR386_40X_HE_T247_01,0,0.01737777440496863,0
lin,1,SR386_40X_HE_T252_01,0,1.9404000895919685e-07,0
lin,1,SR386_40X_HE_T255_01,0,4.029432932819817e-09,0
lin,1,SR386_40X_HE_T259_01,1,1.1556843103337591e-05,0
lin,1,SR386_40X_HE_T274_01,0,1.209609662393696e-09,0
lin,1,SR386_40X_HE_T275_01,0,0.22094956018035092,0
lin,1,SR386_40X_HE_T282_01,0,2.4255815775399097e-09,0
lin,1,SR386_40X_HE_T294_01,0,0.11992649875924292,0
lin,1,SR386_40X_HE_T311_01,0,0.006762868162401383,0
lin,1,SR386_40X_HE_T315_01,0,0.00041273232706884495,0
lin,1,SR386_40X_HE_T319_01,1,0.0005772496991897788,0
lin,1,SR386_40X_HE_T324_01,1,0.07085090315208874,0
lin,1,SR386_40X_HE_T330_01,0,2.378416251605729e-09,0
lin,1,SR386_40X_HE_T333_01,0,0.00010790190721603675,0
lin,1,SR386_40X_HE_T335_01,0,1.1355097745242939e-09,0
lin,1,SR386_40X_HE_T337_01,0,0.025086076402585582,0
lin,1,SR386_40X_HE_T344_01,0,5.313510559828404e-05,0
lin,1,SR386_40X_HE_T347_01,0,4.242792357908996e-07,0
lin,1,SR386_40X_HE_T350_01,0,3.135333547562974e-07,0
lin,1,SR386_40X_HE_T351_01,0,9.216274410319561e-05,0
lin,1,SR386_40X_HE_T360_01,0,1.9572035633714194e-09,0
lin,1,SR386_40X_HE_T361_01,0,4.740752296128808e-10,0
lin,1,SR386_40X_HE_T366_01,0,5.970876067723519e-08,0
lin,1,SR386_40X_HE_T377_01,1,0.7274681084077116,1
lin,1,SR386_40X_HE_T384_01,0,1.7673739821377973e-08,0
lin,1,SR386_40X_HE_T395_01,0,0.00023584176149171656,0
lin,1,SR386_40X_HE_T396_01,0,0.00028466450984645467,0
lin,1,SR386_40X_HE_T401_01,0,0.998995598418934,1
lin,1,SR386_40X_HE_T408_01,0,7.158395879878568e-09,0
lin,1,SR386_40X_HE_T410_01,0,0.2002062360573815,0
lin,1,SR386_40X_HE_T413_01,0,3.9074788696721877e-05,0
lin,1,SR386_40X_HE_T416_01,0,0.001135391370800287,0
lin,1,SR386_40X_HE_T418_01,0,2.9565343019214777e-08,0
lin,1,SR386_40X_HE_T419_01,0,4.420177292714389e-05,0
lin,1,SR386_40X_HE_T421_01,0,2.5933067761139352e-08,0
lin,1,SR386_40X_HE_T423_01,0,6.877199704863456e-06,0
lin,1,SR386_40X_HE_T428_01,0,0.0011965507575855837,0
lin,1,SR386_40X_HE_T430_01,0,0.003750333563933971,0
lin,1,SR386_40X_HE_T431_01,0,0.009866967191809385,0
lin,1,SR386_40X_HE_T435_01,0,0.9559952586420176,1
lin,1,SR386_40X_HE_T438_01,0,0.015025601333746735,0
lin,1,SR386_40X_HE_T439_01,0,0.017515724971031224,0
lin,1,SR386_40X_HE_T447_01,0,4.4851432572920403e-10,0
lin,1,SR386_40X_HE_T449_01,0,7.2762024598083714e-06,0
lin,1,SR386_40X_HE_T454_01,0,2.028749259595334e-06,0
lin,1,SR386_40X_HE_T456_01,0,2.1555804090805888e-07,0
lin,1,SR386_40X_HE_T461_01,0,3.9561352578305624e-07,0
lin,1,SR386_40X_HE_T462_01,0,3.469130087186393e-05,0
lin,1,SR386_40X_HE_T468_01,0,1.0643197617703145e-06,0
lin,1,SR386_40X_HE_T469_01,1,6.689860263547686e-05,0
lin,1,SR386_40X_HE_T470_01,0,1.2826489185511115e-07,0
lin,1,SR386_40X_HE_T471_01,0,4.094627971327395e-06,0
lin,1,SR386_40X_HE_T477_01,0,3.6494013277400527e-06,0
lin,1,SR386_40X_HE_T480_01,0,9.954305443258178e-06,0
lin,1,SR386_40X_HE_T484_01,0,2.0330962498927697e-05,0
lin,1,SR386_40X_HE_T495_01,0,8.061346736606816e-11,0
lin,1,SR386_40X_HE_T496_01,0,1.1309091113228221e-08,0
lin,1,SR386_40X_HE_T498_01,0,0.8804330169101107,1
lin,1,SR386_40X_HE_T504_01,0,4.032169225960443e-06,0
lin,1,SR386_40X_HE_T511_01,0,0.0002765948981880982,0
lin,1,SR386_40X_HE_T517_01,0,0.1581571247738636,0
lin,1,SR386_40X_HE_T523_01,0,2.0687615855223868e-08,0
lin,1,SR386_40X_HE_T529_01,0,8.349124794842155e-06,0
lin,1,SR386_40X_HE_T542_01,0,2.4397284183739304e-06,0
lin,1,SR386_40X_HE_T569_01,0,5.075330366898176e-06,0
lin,1,SR386_40X_HE_T582_01,0,3.8079052439310445e-07,0
lin,2,SR1482_40X_HE_T009_01,0,2.111695996676135e-11,0
lin,2,SR1482_40X_HE_T009_02,0,1.1982846072759192e-08,0
lin,2,SR1482_40X_HE_T015_01,0,1.7164854307833396e-05,0
lin,2,SR1482_40X_HE_T021_01,0,1.2441293177935666e-09,0
lin,2,SR1482_40X_HE_T067_01,0,1.3491307554920682e-08,0
lin,2,SR1482_40X_HE_T075_01,0,0.007976626502899157,0
lin,2,SR1482_40X_HE_T075_02,0,0.0009114289068543032,0
lin,2,SR1482_40X_HE_T098_01,0,7.713722992910572e-07,0
lin,2,SR1482_40X_HE_T098_02,0,8.910974049349289e-06,0
lin,2,SR1482_40X_HE_T102_01,0,0.0040595872832358245,0
lin,2,SR1482_40X_HE_T123_01,0,1.4789027966465357e-06,0
lin,2,SR1482_40X_HE_T142_01,0,3.5242211588880545e-09,0
lin,2,SR1482_40X_HE_T146_01,0,0.8952964550350838,1
lin,2,SR1482_40X_HE_T148_01,0,0.4359034563347458,0
lin,2,SR1482_40X_HE_T148_02,0,0.0021456331637680318,0
lin,2,SR1482_40X_HE_T154_01,0,1.6856548646680909e-07,0
lin,2,SR1482_40X_HE_T158_01,0,1.9299223524861207e-05,0
lin,2,SR1482_40X_HE_T161_01,0,2.6901122889131524e-05,0
lin,2,SR1482_40X_HE_T161_02,0,8.109259291101024e-07,0
lin,2,SR1482_40X_HE_T164_01,1,0.0002840539220380886,0
lin,2,SR1482_40X_HE_T164_02,1,0.00014451423018910437,0
lin,2,SR1482_40X_HE_T168_01,0,0.2878778918140665,0
lin,2,SR1482_40X_HE_T171_01,0,3.5663313248440562e-06,0
lin,2,SR1482_40X_HE_T171_02,0,6.236531739197572e-11,0
lin,2,SR1482_40X_HE_T178_01,1,5.574056883101866e-05,0
lin,2,SR1482_40X_HE_T186_01,0,8.131819321900661e-08,0
lin,2,SR1482_40X_HE_T193_01,0,0.10728062414519118,0
lin,2,SR1482_40X_HE_T193_02,0,0.005339462046005195,0
lin,2,SR1482_40X_HE_T209_01,0,1.4441691257041277e-08,0
lin,2,SR1482_40X_HE_T209_02,0,3.2939645900816316e-05,0
lin,2,SR1482_40X_HE_T245_01,0,2.1598576542867748e-07,0
lin,2,SR1482_40X_HE_T245_02,0,0.0001660722984734264,0
lin,2,SR1482_40X_HE_T265_01,0,0.058203872189576254,0
lin,2,SR1482_40X_HE_T302_01,0,0.018318499169346917,0
lin,2,SR1482_40X_HE_T343_01,1,0.9725530954439281,1
lin,2,SR1482_40X_HE_T343_02,1,0.998867403478685,1
lin,2,SR1482_40X_HE_T399_01,0,0.0004151554050022314,0
lin,2,SR1482_40X_HE_T399_02,0,0.0005500406528472997,0
lin,2,SR1482_40X_HE_T426_01,0,7.805299520575091e-09,0
lin,2,SR1482_40X_HE_T426_02,0,1.56276129257255e-09,0
lin,2,SR386_40X_HE_T001_01,0,0.00888482323565856,0
lin,2,SR386_40X_HE_T013_01,0,1.0749343854590041e-05,0
lin,2,SR386_40X_HE_T018_01,0,5.9302827281221225e-05,0
lin,2,SR386_40X_HE_T019_01,0,6.83747729299551e-06,0
lin,2,SR386_40X_HE_T024_01,0,3.777071686395213e-09,0
lin,2,SR386_40X_HE_T039_01,0,3.213483504355947e-07,0
lin,2,SR386_40X_HE_T040_01,1,0.7369584826010703,1
lin,2,SR386_40X_HE_T042_01,0,0.005217176422661007,0
lin,2,SR386_40X_HE_T047_01,0,0.00015257807508131657,0
lin,2,SR386_40X_HE_T051_01,0,1.8450032813948088e-09,0
lin,2,SR386_40X_HE_T052_01,0,1.8762893073322686e-05,0
lin,2,SR386_40X_HE_T056_01,0,5.857770538989382e-05,0
lin,2,SR386_40X_HE_T057_01,0,5.951183432917505e-06,0
lin,2,SR386_40X_HE_T070_01,0,0.0002184134701855103,0
lin,2,SR386_40X_HE_T082_01,0,0.98631471951648,1
lin,2,SR386_40X_HE_T084_01,0,1.5336021199392217e-08,0
lin,2,SR386_40X_HE_T087_01,0,0.001645527253910992,0
lin,2,SR386_40X_HE_T088_01,0,0.0005704257400394447,0
lin,2,SR386_40X_HE_T098_01,0,0.10246618668622488,0
lin,2,SR386_40X_HE_T105_01,0,3.936877807297284e-05,0
lin,2,SR386_40X_HE_T122_01,0,1.4470884303977213e-07,0
lin,2,SR386_40X_HE_T123_01,0,4.133579999600815e-05,0
lin,2,SR386_40X_HE_T133_01,0,6.124987269936232e-08,0
lin,2,SR386_40X_HE_T145_01,0,5.6044582646176613e-05,0
lin,2,SR386_40X_HE_T150_01,0,0.0010396663218692525,0
lin,2,SR386_40X_HE_T152_01,0,1.8236345055360356e-06,0
lin,2,SR386_40X_HE_T155_01,0,7.733724065955251e-06,0
lin,2,SR386_40X_HE_T157_01,0,1.2294483400686961e-05,0
lin,2,SR386_40X_HE_T164_01,0,2.0468440993946596e-07,0
lin,2,SR386_40X_HE_T166_01,0,6.367266670220211e-06,0
lin,2,SR386_40X_HE_T176_01,1,0.004086605145176816,0
lin,2,SR386_40X_HE_T177_01,0,1.1499266981443309e-11,0
lin,2,SR386_40X_HE_T178_01,0,0.053508051434053024,0
lin,2,SR386_40X_HE_T187_01,0,0.004701466414255962,0
lin,2,SR386_40X_HE_T190_01,0,3.9264307408187674e-08,0
lin,2,SR386_40X_HE_T192_01,0,1.4188663682617237e-06,0
lin,2,SR386_40X_HE_T198_01,0,4.167786805781908e-07,0
lin,2,SR386_40X_HE_T200_01,0,0.007362402861632688,0
lin,2,SR386_40X_HE_T206_01,1,0.0002480260594958565,0
lin,2,SR386_40X_HE_T211_01,0,9.264865853251859e-08,0
lin,2,SR386_40X_HE_T213_01,0,9.100417158174518e-08,0
lin,2,SR386_40X_HE_T214_01,0,0.00010440119908182866,0
lin,2,SR386_40X_HE_T220_01,0,9.577589486896522e-05,0
lin,2,SR386_40X_HE_T230_01,1,0.3697762384600823,0
lin,2,SR386_40X_HE_T236_01,0,0.00033623579930893636,0
lin,2,SR386_40X_HE_T237_01,0,9.699603449197359e-07,0
lin,2,SR386_40X_HE_T240_01,0,0.00011207712925206107,0
lin,2,SR386_40X_HE_T241_01,0,9.354150630826331e-07,0
lin,2,SR386_40X_HE_T242_01,0,4.076238364784081e-06,0
lin,2,SR386_40X_HE_T253_01,0,5.962262033877282e-07,0
lin,2,SR386_40X_HE_T260_01,0,5.784717290357353e-08,0
lin,2,SR386_40X_HE_T262_01,0,0.00024441953678771807,0
lin,2,SR386_40X_HE_T264_01,0,0.03337990014257462,0
lin,2,SR386_40X_HE_T271_01,0,1.9975810097795156e-09,0
lin,2,SR386_40X_HE_T281_01,0,2.7778632871916085e-07,0
lin,2,SR386_40X_HE_T297_01,0,6.932250326136998e-07,0
lin,2,SR386_40X_HE_T299_01,0,8.431563734995876e-07,0
lin,2,SR386_40X_HE_T301_01,0,1.6414843899908428e-07,0
lin,2,SR386_40X_HE_T306_01,0,7.386029554525978e-05,0
lin,2,SR386_40X_HE_T309_01,0,0.00010502316596732865,0
lin,2,SR386_40X_HE_T314_01,0,5.83575689048152e-06,0
lin,2,SR386_40X_HE_T316_01,0,0.001208938421395741,0
lin,2,SR386_40X_HE_T318_01,0,2.8551585597987053e-09,0
lin,2,SR386_40X_HE_T321_01,0,2.6030734268559286e-06,0
lin,2,SR386_40X_HE_T326_01,0,1.2683496171405494e-07,0
lin,2,SR386_40X_HE_T327_01,0,1.5577604588495453e-06,0
lin,2,SR386_40X_HE_T332_01,1,1.1114191759611964e-05,0
lin,2,SR386_40X_HE_T355_01,0,0.0006094311584121772,0
lin,2,SR386_40X_HE_T364_01,0,0.961270872082879,1
lin,2,SR386_40X_HE_T368_01,1,3.8112756651065526e-09,0
lin,2,SR386_40X_HE_T374_01,0,8.062245802229819e-05,0
lin,2,SR386_40X_HE_T380_01,0,3.7928476867117184e-07,0
lin,2,SR386_40X_HE_T382_01,0,1.283684827534336e-09,0
lin,2,SR386_40X_HE_T392_01,0,2.372224244190597e-05,0
lin,2,SR386_40X_HE_T398_01,0,6.653284166987672e-06,0
lin,2,SR386_40X_HE_T402_01,1,0.335821506068033,0
lin,2,SR386_40X_HE_T404_01,0,0.010259653942210518,0
lin,2,SR386_40X_HE_T415_01,0,9.972460135013054e-08,0
lin,2,SR386_40X_HE_T417_01,0,9.49339555396889e-09,0
lin,2,SR386_40X_HE_T425_01,0,8.756152416629269e-08,0
lin,2,SR386_40X_HE_T436_01,1,0.00020657517439823294,0
lin,2,SR386_40X_HE_T437_01,0,2.858134945226306e-05,0
lin,2,SR386_40X_HE_T440_01,0,0.00027856914200026706,0
lin,2,SR386_40X_HE_T445_01,0,2.777358776342993e-07,0
lin,2,SR386_40X_HE_T450_01,0,0.02065416943476561,0
lin,2,SR386_40X_HE_T459_01,0,9.367252793198005e-08,0
lin,2,SR386_40X_HE_T472_01,0,0.00021218247297982018,0
lin,2,SR386_40X_HE_T481_01,0,0.0008710637667974894,0
lin,2,SR386_40X_HE_T483_01,0,0.0007202684583644404,0
lin,2,SR386_40X_HE_T486_01,0,0.0021927183675216097,0
lin,2,SR386_40X_HE_T488_01,0,0.00030209955332518304,0
lin,2,SR386_40X_HE_T499_01,0,3.7285912148790814e-10,0
lin,2,SR386_40X_HE_T507_01,0,0.0006458051216432493,0
lin,2,SR386_40X_HE_T514_01,0,4.805217973413214e-07,0
lin,2,SR386_40X_HE_T520_01,1,1.4765206153652668e-06,0
lin,2,SR386_40X_HE_T522_01,0,0.797359260490647,1
lin,2,SR386_40X_HE_T531_01,0,0.009301039021224216,0
lin,2,SR386_40X_HE_T535_01,0,8.910516486862665e-13,0
lin,2,SR386_40X_HE_T539_01,0,0.03913021896128473,0
lin,2,SR386_40X_HE_T549_01,0,3.291636210062352e-11,0
lin,2,SR386_40X_HE_T552_01,0,0.025648355388370715,0
lin,2,SR386_40X_HE_T553_01,0,4.481259833498118e-05,0
lin,2,SR386_40X_HE_T554_01,0,0.00764666614692825,0
lin,2,SR386_40X_HE_T558_01,0,0.01222366300976413,0
lin,2,SR386_40X_HE_T564_01,0,0.001900112029424077,0
lin,2,SR386_40X_HE_T570_01,0,2.994507608696138e-08,0
lin,2,SR386_40X_HE_T574_01,0,1.1679614361710645e-05,0
lin,2,SR386_40X_HE_T578_01,0,1.251022603402107e-06,0
lin,2,SR386_40X_HE_T580_01,0,1.9957490444414304e-08,0
lin,3,SR1482_40X_HE_T005_01,0,6.337593970148413e-06,0
lin,3,SR1482_40X_HE_T005_02,0,2.7027003252438846e-05,0
lin,3,SR1482_40X_HE_T010_01,0,2.5506059549283913e-10,0
lin,3,SR1482_40X_HE_T043_01,0,0.0020269037019616074,0
lin,3,SR1482_40X_HE_T043_02,0,0.00010954721915348332,0
lin,3,SR1482_40X_HE_T049_01,0,1.5267304892559275e-09,0
lin,3,SR1482_40X_HE_T061_01,0,0.22748498630005817,0
lin,3,SR1482_40X_HE_T061_02,0,4.596329309946713e-05,0
lin,3,SR1482_40X_HE_T070_01,1,0.00010145253668749829,0
lin,3,SR1482_40X_HE_T073_01,0,6.366772115487776e-09,0
lin,3,SR1482_40X_HE_T082_01,0,4.924211993850814e-10,0
lin,3,SR1482_40X_HE_T082_02,0,0.0002168367830595504,0
lin,3,SR1482_40X_HE_T089_01,0,2.0872614014688498e-08,0
lin,3,SR1482_40X_HE_T090_01,0,3.501754803805369e-12,0
lin,3,SR1482_40X_HE_T094_01,1,0.020094275736366424,0
lin,3,SR1482_40X_HE_T094_02,1,0.0011724997440631297,0
lin,3,SR1482_40X_HE_T105_01,0,5.550301211919855e-10,0
lin,3,SR1482_40X_HE_T115_01,0,4.3882863166210784e-07,0
lin,3,SR1482_40X_HE_T115_02,0,1.5165234945435227e-07,0
lin,3,SR1482_40X_HE_T118_01,0,0.9458491841928911,1
lin,3,SR1482_40X_HE_T118_02,0,0.105947564975349,0
lin,3,SR1482_40X_HE_T120_01,0,0.8040775795373626,1
lin,3,SR1482_40X_HE_T120_02,0,0.9701659976848555,1
lin,3,SR1482_40X_HE_T124_01,0,0.04150675477148953,0
lin,3,SR1482_40X_HE_T124_02,0,0.005424138864487,0
lin,3,SR1482_40X_HE_T138_01,0,1.3436539613172798e-07,0
lin,3,SR1482_40X_HE_T160_01,0,0.00637779037064245,0
lin,3,SR1482_40X_HE_T160_02,0,2.3770817435476468e-07,0
lin,3,SR1482_40X_HE_T167_01,0,0.0006825796437746333,0
lin,3,SR1482_40X_HE_T167_02,0,0.0033484261002840157,0
lin,3,SR1482_40X_HE_T175_01,0,0.03658407923290873,0
lin,3,SR1482_40X_HE_T175_02,0,3.202989077135275e-05,0
lin,3,SR1482_40X_HE_T177_01,1,3.0225348171036886e-07,0
lin,3,SR1482_40X_HE_T188_01,0,1.3696312770109236e-07,0
lin,3,SR1482_40X_HE_T195_01,0,0.059750642116857856,0
lin,3,SR1482_40X_HE_T195_02,0,0.0002735283700565747,0
lin,3,SR1482_40X_HE_T202_01,0,3.281568735640572e-08,0
lin,3,SR1482_40X_HE_T202_02,0,2.929304874499422e-07,0
lin,3,SR1482_40X_HE_T225_01,0,0.9477466184770454,1
lin,3,SR1482_40X_HE_T225_02,0,1.1571400740901863e-09,0
lin,3,SR1482_40X_HE_T235_01,0,3.846973589287865e-06,0
lin,3,SR1482_40X_HE_T235_02,0,5.435444202901185e-07,0
lin,3,SR1482_40X_HE_T236_01,0,1.142750694339053e-08,0
lin,3,SR1482_40X_HE_T236_02,0,4.560568518388584e-06,0
lin,3,SR1482_40X_HE_T258_01,0,8.912741112066175e-05,0
lin,3,SR1482_40X_HE_T258_02,0,4.072156275896344e-06,0
lin,3,SR1482_40X_HE_T284_01,1,0.9565600642299696,1
lin,3,SR1482_40X_HE_T284_02,1,0.030418501028734994,0
lin,3,SR1482_40X_HE_T301_01,1,1.1820249480470605e-05,0
lin,3,SR1482_40X_HE_T301_02,1,0.022501962302923832,0
lin,3,SR1482_40X_HE_T309_01,0,4.551514273406735e-06,0
lin,3,SR1482_40X_HE_T313_01,0,0.33016357855716133,0
lin,3,SR1482_40X_HE_T313_02,0,0.5554310433394617,1
lin,3,SR1482_40X_HE_T338_01,0,0.7222746481985336,1
lin,3,SR1482_40X_HE_T344_01,0,0.9457646847036955,1
lin,3,SR1482_40X_HE_T344_02,0,0.5424326421012086,1
lin,3,SR1482_40X_HE_T346_01,0,0.43238101725458933,0
lin,3,SR1482_40X_HE_T346_02,0,0.0011253235782224906,0
lin,3,SR1482_40X_HE_T377_01,0,1.775776077266318e-06,0
lin,3,SR1482_40X_HE_T377_02,0,3.6854455308114775e-05,0
lin,3,SR1482_40X_HE_T419_01,0,1.2661972506017905e-06,0
lin,3,SR1482_40X_HE_T427_01,0,2.6938231799738938e-05,0
lin,3,SR1482_40X_HE_T427_02,0,0.0009360762433071205,0
lin,3,SR386_40X_HE_T007_01,0,0.0005297477806695015,0
lin,3,SR386_40X_HE_T015_01,0,1.3702818742091702e-05,0
lin,3,SR386_40X_HE_T017_01,1,0.8785672459366626,1
lin,3,SR386_40X_HE_T032_01,0,8.433441427631527e-07,0
lin,3,SR386_40X_HE_T034_01,0,2.578716655400769e-05,0
lin,3,SR386_40X_HE_T035_01,0,0.010998628073302314,0
lin,3,SR386_40X_HE_T041_01,0,0.9974858236938703,1
lin,3,SR386_40X_HE_T067_01,0,7.229614402497831e-10,0
lin,3,SR386_40X_HE_T075_01,0,2.466299707970024e-06,0
lin,3,SR386_40X_HE_T081_01,0,5.2157328574113115e-08,0
lin,3,SR386_40X_HE_T083_01,0,0.00016683234545119597,0
lin,3,SR386_40X_HE_T085_01,0,4.486248681182322e-07,0
lin,3,SR386_40X_HE_T095_01,0,0.004569651638902543,0
lin,3,SR386_40X_HE_T104_01,0,0.0008993710360276035,0
lin,3,SR386_40X_HE_T106_01,0,2.4630851371813354e-08,0
lin,3,SR386_40X_HE_T112_01,0,1.5617808970037313e-07,0
lin,3,SR386_40X_HE_T128_01,0,2.0240654687225135e-06,0
lin,3,SR386_40X_HE_T132_01,0,1.0157487793329522e-08,0
lin,3,SR386_40X_HE_T138_01,0,0.0008903030276317578,0
lin,3,SR386_40X_HE_T142_01,0,0.7112804618755603,1
lin,3,SR386_40X_HE_T149_01,0,0.0008606575831770259,0
lin,3,SR386_40X_HE_T165_01,1,0.09861320785823605,0
lin,3,SR386_40X_HE_T179_01,0,1.4400004123194123e-06,0
lin,3,SR386_40X_HE_T180_01,0,0.004019263952910058,0
lin,3,SR386_40X_HE_T182_01,0,0.0001596489705632988,0
lin,3,SR386_40X_HE_T184_01,0,0.024416126675424418,0
lin,3,SR386_40X_HE_T188_01,0,7.017135759724343e-11,0
lin,3,SR386_40X_HE_T191_01,0,5.092444118770236e-07,0
lin,3,SR386_40X_HE_T197_01,0,0.0010688345018520186,0
lin,3,SR386_40X_HE_T201_01,0,1.4558526254951338e-08,0
lin,3,SR386_40X_HE_T202_01,0,2.7395537642125395e-10,0
lin,3,SR386_40X_HE_T208_01,0,1.2783053057834577e-05,0
lin,3,SR386_40X_HE_T216_01,1,0.8867822449434192,1
lin,3,SR386_40X_HE_T238_01,0,4.293393047901376e-08,0
lin,3,SR386_40X_HE_T244_01,0,1.7379076504524625e-09,0
lin,3,SR386_40X_HE_T248_01,0,2.0300772069775654e-05,0
lin,3,SR386_40X_HE_T249_01,0,8.096109434263404e-09,0
lin,3,SR386_40X_HE_T250_01,0,5.955570855111665e-12,0
lin,3,SR386_40X_HE_T263_01,0,1.9413786593284752e-07,0
lin,3,SR386_40X_HE_T267_01,0,0.0001473289493960057,0
lin,3,SR386_40X_HE_T269_01,0,2.3143676542677217e-06,0
lin,3,SR386_40X_HE_T277_01,0,1.0506912338486453e-05,0
lin,3,SR386_40X_HE_T286_01,0,1.2522019314283743e-05,0
lin,3,SR386_40X_HE_T287_01,0,1.0310193598667468e-06,0
lin,3,SR386_40X_HE_T290_01,0,0.00024620890635479844,0
lin,3,SR386_40X_HE_T293_01,0,5.251050264127386e-06,0
lin,3,SR386_40X_HE_T298_01,0,8.184524330582859e-08,0
lin,3,SR386_40X_HE_T303_01,0,6.935359607805938e-08,0
lin,3,SR386_40X_HE_T312_01,0,0.0001612966956666457,0
lin,3,SR386_40X_HE_T329_01,0,0.027505052320025404,0
lin,3,SR386_40X_HE_T336_01,0,0.0005081835305139639,0
lin,3,SR386_40X_HE_T338_01,0,0.001302188609445292,0
lin,3,SR386_40X_HE_T342_01,0,0.00020288397735671585,0
lin,3,SR386_40X_HE_T353_01,0,0.00018327329020904735,0
lin,3,SR386_40X_HE_T357_01,0,4.594758158353568e-09,0
lin,3,SR386_40X_HE_T362_01,0,4.583626980240829e-06,0
lin,3,SR386_40X_HE_T363_01,1,0.1573694526373987,0
lin,3,SR386_40X_HE_T372_01,0,1.2926735416040459e-06,0
lin,3,SR386_40X_HE_T378_01,0,6.12888336115858e-08,0
lin,3,SR386_40X_HE_T379_01,0,1.538974919158817e-06,0
lin,3,SR386_40X_HE_T386_01,0,0.0006883457487145846,0
lin,3,SR386_40X_HE_T387_01,0,1.853920278272008e-11,0
lin,3,SR386_40X_HE_T393_01,0,5.0109735067258405e-06,0
lin,3,SR386_40X_HE_T397_01,0,0.0020334438050302935,0
lin,3,SR386_40X_HE_T406_01,0,2.202449516792786e-06,0
lin,3,SR386_40X_HE_T409_01,0,1.7310189813625905e-07,0
lin,3,SR386_40X_HE_T422_01,0,2.2062322144411161e-07,0
lin,3,SR386_40X_HE_T426_01,0,7.906246353314275e-07,0
lin,3,SR386_40X_HE_T433_01,0,1.3844197120204723e-05,0
lin,3,SR386_40X_HE_T443_01,0,3.5249247953623936e-05,0
lin,3,SR386_40X_HE_T448_01,0,0.0005957962391150322,0
lin,3,SR386_40X_HE_T452_01,0,2.206519611753284e-05,0
lin,3,SR386_40X_HE_T460_01,1,0.00809386304085813,0
lin,3,SR386_40X_HE_T473_01,0,2.1992320484560922e-07,0
lin,3,SR386_40X_HE_T475_01,0,1.0959714379883991e-12,0
lin,3,SR386_40X_HE_T478_01,0,3.5369284489954706e-07,0
lin,3,SR386_40X_HE_T489_01,1,1.3072157592289772e-06,0
lin,3,SR386_40X_HE_T491_01,0,2.2564569007303663e-07,0
lin,3,SR386_40X_HE_T492_01,0,1.3269806654967936e-05,0
lin,3,SR386_40X_HE_T493_01,0,1.6800250501747263e-11,0
lin,3,SR386_40X_HE_T502_01,0,8.411083155984113e-07,0
lin,3,SR386_40X_HE_T505_01,0,0.1130904823160242,0
lin,3,SR386_40X_HE_T506_01,0,0.00016984871778682968,0
lin,3,SR386_40X_HE_T509_01,0,0.0660784448236231,0
lin,3,SR386_40X_HE_T516_01,0,0.5972915128271463,1
lin,3,SR386_40X_HE_T518_01,0,5.443194917766031e-06,0
lin,3,SR386_40X_HE_T519_01,0,2.334379176927848e-09,0
lin,3,SR386_40X_HE_T521_01,0,4.096301252497247e-10,0
lin,3,SR386_40X_HE_T526_01,0,1.450288572693003e-07,0
lin,3,SR386_40X_HE_T533_01,0,0.0006469813565232386,0
lin,3,SR386_40X_HE_T543_01,0,0.003915031602889698,0
lin,3,SR386_40X_HE_T544_01,0,1.492522034599232e-06,0
lin,3,SR386_40X_HE_T556_01,1,0.8302704775611759,1
lin,3,SR386_40X_HE_T560_01,0,0.003412199557634836,0
lin,3,SR386_40X_HE_T563_01,0,2.1081302986193e-10,0
lin,3,SR386_40X_HE_T568_01,0,3.7041565527997494e-06,0
lin,3,SR386_40X_HE_T571_01,0,1.6256960455359179e-06,0
lin,3,SR386_40X_HE_T572_01,0,0.011128856981295055,0
lin,3,SR386_40X_HE_T573_01,0,8.554693359875981e-05,0
lin,3,SR386_40X_HE_T583_01,0,3.142473283613864e-05,0
lin,4,SR1482_40X_HE_T002_01,0,1.4898484212758506e-12,0
lin,4,SR1482_40X_HE_T003_01,0,0.22771071311397503,0
lin,4,SR1482_40X_HE_T004_01,0,5.999429421200713e-09,0
lin,4,SR1482_40X_HE_T004_02,0,2.0959193468106142e-09,0
lin,4,SR1482_40X_HE_T011_01,0,5.645890250136373e-16,0
lin,4,SR1482_40X_HE_T025_01,0,1.164554455214288e-10,0
lin,4,SR1482_40X_HE_T025_02,0,2.754394175427914e-08,0
lin,4,SR1482_40X_HE_T060_01,0,2.6016506715852103e-07,0
lin,4,SR1482_40X_HE_T062_01,0,1.0589635201987498e-05,0
lin,4,SR1482_40X_HE_T062_02,0,0.0006954411927916292,0
lin,4,SR1482_40X_HE_T064_01,0,0.9196185286797114,1
lin,4,SR1482_40X_HE_T064_02,0,1.0373154288480838e-05,0
lin,4,SR1482_40X_HE_T071_01,0,1.9182609744636482e-05,0
lin,4,SR1482_40X_HE_T071_02,0,0.00016564062842011604,0
lin,4,SR1482_40X_HE_T074_01,0,2.5580543046600037e-07,0
lin,4,SR1482_40X_HE_T074_02,0,6.435938389519075e-08,0
lin,4,SR1482_40X_HE_T083_01,0,0.3650603567647654,0
lin,4,SR1482_40X_HE_T083_02,0,0.015143903109271273,0
lin,4,SR1482_40X_HE_T087_01,0,2.961948217425124e-10,0
lin,4,SR1482_40X_HE_T097_01,1,0.7292987328334138,1
lin,4,SR1482_40X_HE_T097_02,1,4.188926217051348e-07,0
lin,4,SR1482_40X_HE_T108_01,0,2.745843282108226e-07,0
lin,4,SR1482_40X_HE_T113_01,0,0.0038797193384100576,0
lin,4,SR1482_40X_HE_T113_02,0,2.6712107771161333e-09,0
lin,4,SR1482_40X_HE_T121_01,0,1.473300381924001e-13,0
lin,4,SR1482_40X_HE_T122_01,0,9.441910430450628e-13,0
lin,4,SR1482_40X_HE_T125_01,0,9.431816476050488e-05,0
lin,4,SR1482_40X_HE_T125_02,0,0.07648572675966878,0
lin,4,SR1482_40X_HE_T131_01,0,0.007100872482084467,0
lin,4,SR1482_40X_HE_T131_02,0,1.4242880639700938e-06,0
lin,4,SR1482_40X_HE_T132_01,0,3.5222232271118384e-06,0
lin,4,SR1482_40X_HE_T132_02,0,3.7489588487322966e-07,0
lin,4,SR1482_40X_HE_T143_01,0,0.999712921472877,1
lin,4,SR1482_40X_HE_T143_02,0,7.9312036565541e-06,0
lin,4,SR1482_40X_HE_T166_01,1,6.32534443540633e-09,0
lin,4,SR1482_40X_HE_T169_01,0,3.4829000558591614e-08,0
lin,4,SR1482_40X_HE_T176_01,1,0.9999996564850747,1
lin,4,SR1482_40X_HE_T176_02,1,0.00012136988581048117,0
lin,4,SR1482_40X_HE_T191_01,0,2.8367024575825963e-12,0
lin,4,SR1482_40X_HE_T194_01,0,0.02688676547231586,0
lin,4,SR1482_40X_HE_T218_01,0,3.2869108705339043e-12,0
lin,4,SR1482_40X_HE_T253_01,0,2.6202583540597857e-12,0
lin,4,SR1482_40X_HE_T290_01,0,5.041217403867889e-06,0
lin,4,SR1482_40X_HE_T308_01,0,1.201959809208426e-06,0
lin,4,SR1482_40X_HE_T314_01,0,0.1294233395451022,0
lin,4,SR1482_40X_HE_T314_02,0,0.5972898396056444,1
lin,4,SR1482_40X_HE_T372_01,1,0.9975215477296812,1
lin,4,SR1482_40X_HE_T372_02,1,0.0005118216869180279,0
lin,4,SR1482_40X_HE_T408_01,0,8.264557913706348e-08,0
lin,4,SR1482_40X_HE_T412_01,0,2.7102670559536576e-06,0
lin,4,SR1482_40X_HE_T425_01,0,1.6278837756317754e-08,0
lin,4,SR1482_40X_HE_T434_01,1,4.151659535394563e-06,0
lin,4,SR386_40X_HE_T006_01,0,0.0004932460563257258,0
lin,4,SR386_40X_HE_T010_01,0,0.0006578185608321529,0
lin,4,SR386_40X_HE_T014_01,0,4.297401178401987e-07,0
lin,4,SR386_40X_HE_T016_01,0,8.558414703085586e-07,0
lin,4,SR386_40X_HE_T020_01,0,1.637024957971228e-11,0
lin,4,SR386_40X_HE_T027_01,0,1.3544687332297565e-05,0
lin,4,SR386_40X_HE_T028_01,0,0.0035786944642504297,0
lin,4,SR386_40X_HE_T037_01,0,5.234376836885708e-07,0
lin,4,SR386_40X_HE_T043_01,0,4.858310930872725e-05,0
lin,4,SR386_40X_HE_T044_01,1,7.731449970090149e-05,0
lin,4,SR386_40X_HE_T046_01,0,0.0008740904540130322,0
lin,4,SR386_40X_HE_T058_01,0,1.912399391557499e-06,0
lin,4,SR386_40X_HE_T062_01,0,2.5968286072957523e-12,0
lin,4,SR386_40X_HE_T065_01,1,0.0010656671730129802,0
lin,4,SR386_40X_HE_T080_01,0,0.00199296244331417,0
lin,4,SR386_40X_HE_T091_01,0,1.9514876983098012e-05,0
lin,4,SR386_40X_HE_T094_01,0,2.634799799520238e-11,0
lin,4,SR386_40X_HE_T097_01,0,0.00038682592151279314,0
lin,4,SR386_40X_HE_T100_01,0,2.6974477192799904e-11,0
lin,4,SR386_40X_HE_T107_01,0,0.00033424621450712713,0
lin,4,SR386_40X_HE_T109_01,1,0.03210906839661442,0
lin,4,SR386_40X_HE_T110_01,0,0.32717948899818095,0
lin,4,SR386_40X_HE_T117_01,0,0.0014638631227963895,0
lin,4,SR386_40X_HE_T127_01,0,6.6732680131231425e-06,0
lin,4,SR386_40X_HE_T129_01,0,9.086782499002858e-11,0
lin,4,SR386_40X_HE_T136_01,0,6.9166080041736195e-06,0
lin,4,SR386_40X_HE_T154_01,0,0.0005187903992979736,0
lin,4,SR386_40X_HE_T168_01,1,0.9989773067243272,1
lin,4,SR386_40X_HE_T175_01,0,1.6199786702646246e-08,0
lin,4,SR386_40X_HE_T189_01,0,1.6572525826328912e-09,0
lin,4,SR386_40X_HE_T195_01,0,2.2100521755852772e-08,0
lin,4,SR386_40X_HE_T227_01,0,4.388117229407648e-05,0
lin,4,SR386_40X_HE_T233_01,0,2.99752934567465e-07,0
lin,4,SR386_40X_HE_T234_01,0,0.0005855411091840784,0
lin,4,SR386_40X_HE_T235_01,0,3.3877530336338883e-06,0
lin,4,SR386_40X_HE_T239_01,0,0.8913643578505775,1
lin,4,SR386_40X_HE_T245_01,0,2.8278788847423217e-07,0
lin,4,SR386_40X_HE_T256_01,0,0.0005096651117378528,0
lin,4,SR386_40X_HE_T265_01,0,2.0476292498444502e-07,0
lin,4,SR386_40X_HE_T268_01,0,0.0001837945283973872,0
lin,4,SR386_40X_HE_T270_01,0,8.03415019376023e-07,0
lin,4,SR386_40X_HE_T272_01,0,0.06653926500656764,0
lin,4,SR386_40X_HE_T273_01,0,0.00021540550392787214,0
lin,4,SR386_40X_HE_T276_01,0,0.04209007924008048,0
lin,4,SR386_40X_HE_T278_01,1,0.830665481183567,1
lin,4,SR386_40X_HE_T284_01,0,1.299401604273805e-05,0
lin,4,SR386_40X_HE_T285_01,0,4.752312567246512e-09,0
lin,4,SR386_40X_HE_T288_01,0,0.000285719667807561,0
lin,4,SR386_40X_HE_T291_01,0,0.0006096183715290385,0
lin,4,SR386_40X_HE_T300_01,0,1.5353196834897157e-05,0
lin,4,SR386_40X_HE_T302_01,0,0.00011260557415532663,0
lin,4,SR386_40X_HE_T305_01,0,3.313955228763485e-06,0
lin,4,SR386_40X_HE_T308_01,0,8.579483544616903e-10,0
lin,4,SR386_40X_HE_T325_01,0,0.00013476617540336374,0
lin,4,SR386_40X_HE_T331_01,0,1.4038073866560477e-05,0
lin,4,SR386_40X_HE_T341_01,0,0.002576026441766717,0
lin,4,SR386_40X_HE_T343_01,1,1.080239085385011e-12,0
lin,4,SR386_40X_HE_T346_01,0,1.076979100342801e-08,0
lin,4,SR386_40X_HE_T352_01,0,2.614092035838598e-06,0
lin,4,SR386_40X_HE_T373_01,0,0.016107808094204774,0
lin,4,SR386_40X_HE_T375_01,0,0.3569142786281242,0
lin,4,SR386_40X_HE_T381_01,0,4.570306945732221e-08,0
lin,4,SR386_40X_HE_T389_01,0,3.028936079523645e-09,0
lin,4,SR386_40X_HE_T391_01,0,2.5502346438572284e-06,0
lin,4,SR386_40X_HE_T394_01,0,2.0530919130862477e-07,0
lin,4,SR386_40X_HE_T399_01,0,0.3530980486722374,0
lin,4,SR386_40X_HE_T403_01,0,3.2130097518117706e-09,0
lin,4,SR386_40X_HE_T405_01,0,2.984047876281707e-08,0
lin,4,SR386_40X_HE_T407_01,0,3.473959683984973e-07,0
lin,4,SR386_40X_HE_T414_01,0,1.9533915563150176e-06,0
lin,4,SR386_40X_HE_T424_01,0,0.026872456190115867,0
lin,4,SR386_40X_HE_T429_01,0,0.004311785774196271,0
lin,4,SR386_40X_HE_T441_01,0,6.444588139427814e-07,0
lin,4,SR386_40X_HE_T451_01,0,1.509104971404155e-07,0
lin,4,SR386_40X_HE_T453_01,0,7.511953337485224e-10,0
lin,4,SR386_40X_HE_T455_01,0,8.413704983239556e-07,0
lin,4,SR386_40X_HE_T465_01,0,9.047865402355277e-08,0
lin,4,SR386_40X_HE_T474_01,0,2.5196036313878557e-06,0
lin,4,SR386_40X_HE_T476_01,0,0.7715172912922649,1
lin,4,SR386_40X_HE_T479_01,0,8.110003619308387e-07,0
lin,4,SR386_40X_HE_T482_01,0,2.851171799303439e-05,0
lin,4,SR386_40X_HE_T487_01,0,9.191470734402551e-11,0
lin,4,SR386_40X_HE_T490_01,0,3.2426023642652416e-09,0
lin,4,SR386_40X_HE_T494_01,0,2.756501906084004e-08,0
lin,4,SR386_40X_HE_T500_01,0,1.1786753946100253e-07,0
lin,4,SR386_40X_HE_T510_01,0,0.00024528973894242183,0
lin,4,SR386_40X_HE_T524_01,0,2.6261885813091885e-06,0
lin,4,SR386_40X_HE_T528_01,0,0.2125866028669548,0
lin,4,SR386_40X_HE_T532_01,0,6.733893532170658e-09,0
lin,4,SR386_40X_HE_T534_01,0,3.065417907195274e-06,0
lin,4,SR386_40X_HE_T536_01,0,2.2952710435804004e-08,0
lin,4,SR386_40X_HE_T537_01,0,6.430385464476941e-05,0
lin,4,SR386_40X_HE_T541_01,0,5.232071140186039e-06,0
lin,4,SR386_40X_HE_T548_01,1,0.013882928169884907,0
lin,4,SR386_40X_HE_T550_01,0,0.08553773781440452,0
lin,4,SR386_40X_HE_T551_01,0,6.121896164233681e-07,0
lin,4,SR386_40X_HE_T557_01,0,5.536448217142123e-07,0
lin,4,SR386_40X_HE_T565_01,0,4.8033864641043814e-05,0
lin,4,SR386_40X_HE_T567_01,0,7.147527095802695e-08,0
lin,4,SR386_40X_HE_T575_01,0,0.012234318318982593,0
lin,4,SR386_40X_HE_T576_01,0,0.0011873273114170527,0
lin,4,SR386_40X_HE_T581_01,0,0.45728360665968976,0
ann,1,SR1482_40X_HE_T029_01,0,0.9978846907615662,1
ann,1,SR1482_40X_HE_T029_02,0,0.999219536781311,1
ann,1,SR1482_40X_HE_T057_01,0,0.23396362364292145,0
ann,1,SR1482_40X_HE_T063_01,1,0.9960793852806091,1
ann,1,SR1482_40X_HE_T063_02,1,0.5946797728538513,1
ann,1,SR1482_40X_HE_T065_01,0,0.45501047372817993,0
ann,1,SR1482_40X_HE_T065_02,0,0.7690399885177612,1
ann,1,SR1482_40X_HE_T066_01,0,0.9626396894454956,1
ann,1,SR1482_40X_HE_T066_02,0,0.9951783418655396,1
ann,1,SR1482_40X_HE_T068_01,0,0.7614261507987976,1
ann,1,SR1482_40X_HE_T069_01,0,0.456442654132843,0
ann,1,SR1482_40X_HE_T069_02,0,0.19824373722076416,0
ann,1,SR1482_40X_HE_T079_01,1,0.9068251848220825,1
ann,1,SR1482_40X_HE_T079_02,1,0.6894566416740417,1
ann,1,SR1482_40X_HE_T080_01,0,0.6376029849052429,1
ann,1,SR1482_40X_HE_T080_02,0,0.6136063933372498,1
ann,1,SR1482_40X_HE_T081_01,0,0.23601475358009338,0
ann,1,SR1482_40X_HE_T081_02,0,0.17935076355934143,0
ann,1,SR1482_40X_HE_T099_01,0,0.29851579666137695,0
ann,1,SR1482_40X_HE_T116_01,0,0.6270771026611328,1
ann,1,SR1482_40X_HE_T117_01,0,0.04193416237831116,0
ann,1,SR1482_40X_HE_T117_02,0,0.0821043998003006,0
ann,1,SR1482_40X_HE_T126_01,0,0.4453951120376587,0
ann,1,SR1482_40X_HE_T129_01,0,0.30428099632263184,0
ann,1,SR1482_40X_HE_T129_02,0,0.8994031548500061,1
ann,1,SR1482_40X_HE_T139_01,0,0.417756587266922,0
ann,1,SR1482_40X_HE_T139_02,0,0.7593000531196594,1
ann,1,SR1482_40X_HE_T147_01,0,0.977689266204834,1
ann,1,SR1482_40X_HE_T147_02,0,0.9434964656829834,1
ann,1,SR1482_40X_HE_T159_01,0,0.21066004037857056,0
ann,1,SR1482_40X_HE_T159_02,0,0.2531251609325409,0
ann,1,SR1482_40X_HE_T192_01,0,0.260849267244339,0
ann,1,SR1482_40X_HE_T199_01,0,0.4889485538005829,0
ann,1,SR1482_40X_HE_T304_01,0,0.26561465859413147,0
ann,1,SR1482_40X_HE_T304_02,0,0.1163405179977417,0
ann,1,SR1482_40X_HE_T310_01,1,0.11682318896055222,0
ann,1,SR1482_40X_HE_T310_02,1,0.21917951107025146,0
ann,1,SR1482_40X_HE_T341_01,0,0.17289747297763824,0
ann,1,SR1482_40X_HE_T341_02,0,0.3403415381908417,0
ann,1,SR1482_40X_HE_T353_01,0,0.567884624004364,1
ann,1,SR1482_40X_HE_T390_01,0,0.36170485615730286,0
ann,1,SR1482_40X_HE_T433_01,1,0.5527390241622925,1
ann,1,SR386_40X_HE_T003_01,0,0.22637037932872772,0
ann,1,SR386_40X_HE_T004_01,0,0.5878528356552124,1
ann,1,SR386_40X_HE_T022_01,1,0.5892157554626465,1
ann,1,SR386_40X_HE_T030_01,0,0.5210208296775818,1
ann,1,SR386_40X_HE_T033_01,0,0.17514507472515106,0
ann,1,SR386_40X_HE_T036_01,0,0.3467090427875519,0
ann,1,SR386_40X_HE_T038_01,0,0.5138341784477234,1
ann,1,SR386_40X_HE_T049_01,0,0.23843558132648468,0
ann,1,SR386_40X_HE_T050_01,0,0.6406140923500061,1
ann,1,SR386_40X_HE_T060_01,0,0.8791614770889282,1
ann,1,SR386_40X_HE_T063_01,0,0.43490496277809143,0
ann,1,SR386_40X_HE_T066_01,0,0.1730966418981552,0
ann,1,SR386_40X_HE_T069_01,0,0.3437234163284302,0
ann,1,SR386_40X_HE_T072_01,0,0.1570165753364563,0
ann,1,SR386_40X_HE_T074_01,0,0.5489370822906494,1
ann,1,SR386_40X_HE_T078_01,0,0.43274495005607605,0
ann,1,SR386_40X_HE_T079_01,0,0.15561211109161377,0
ann,1,SR386_40X_HE_T092_01,1,0.3405599892139435,0
ann,1,SR386_40X_HE_T096_01,0,0.24230970442295074,0
ann,1,SR386_40X_HE_T099_01,0,0.34437575936317444,0
ann,1,SR386_40X_HE_T103_01,0,0.023498371243476868,0
ann,1,SR386_40X_HE_T108_01,0,0.7408378720283508,1
ann,1,SR386_40X_HE_T113_01,0,0.41371163725852966,0
ann,1,SR386_40X_HE_T114_01,0,0.15640322864055634,0
ann,1,SR386_40X_HE_T119_01,0,0.38257864117622375,0
ann,1,SR386_40X_HE_T126_01,0,0.15282464027404785,0
ann,1,SR386_40X_HE_T130_01,0,0.14645591378211975,0
ann,1,SR386_40X_HE_T131_01,0,0.34481167793273926,0
ann,1,SR386_40X_HE_T135_01,0,0.4601636230945587,0
ann,1,SR386_40X_HE_T140_01,0,0.3442712426185608,0
ann,1,SR386_40X_HE_T144_01,0,0.2476806342601776,0
ann,1,SR386_40X_HE_T147_01,0,0.2694701850414276,0
ann,1,SR386_40X_HE_T148_01,0,0.1958303451538086,0
ann,1,SR386_40X_HE_T160_01,0,0.35892102122306824,0
ann,1,SR386_40X_HE_T169_01,0,0.23958973586559296,0
ann,1,SR386_40X_HE_T170_01,1,0.9123885631561279,1
ann,1,SR386_40X_HE_T172_01,0,0.9001291990280151,1
ann,1,SR386_40X_HE_T174_01,0,0.5216742753982544,1
ann,1,SR386_40X_HE_T181_01,0,0.2398860603570938,0
ann,1,SR386_40X_HE_T196_01,0,0.16392521560192108,0
ann,1,SR386_40X_HE_T205_01,0,0.9730466604232788,1
ann,1,SR386_40X_HE_T209_01,0,0.41587674617767334,0
ann,1,SR386_40X_HE_T210_01,0,0.4045334458351135,0
ann,1,SR386_40X_HE_T212_01,0,0.6676201820373535,1
ann,1,SR386_40X_HE_T221_01,0,0.17661216855049133,0
ann,1,SR386_40X_HE_T224_01,0,0.39801475405693054,0
ann,1,SR386_40X_HE_T231_01,1,0.8807118535041809,1
ann,1,SR386_40X_HE_T232_01,0,0.18615393340587616,0
ann,1,SR386_40X_HE_T247_01,0,0.7277742624282837,1
ann,1,SR386_40X_HE_T252_01,0,0.2690693736076355,0
ann,1,SR386_40X_HE_T255_01,0,0.2113640308380127,0
ann,1,SR386_40X_HE_T259_01,1,0.1279740333557129,0
ann,1,SR386_40X_HE_T274_01,0,0.1652955710887909,0
ann,1,SR386_40X_HE_T275_01,0,0.6339648962020874,1
ann,1,SR386_40X_HE_T282_01,0,0.19906927645206451,0
ann,1,SR386_40X_HE_T294_01,0,0.8426036238670349,1
ann,1,SR386_40X_HE_T311_01,0,0.4361894428730011,0
ann,1,SR386_40X_HE_T315_01,0,0.354714959859848,0
ann,1,SR386_40X_HE_T319_01,1,0.395627498626709,0
ann,1,SR386_40X_HE_T324_01,1,0.30596038699150085,0
ann,1,SR386_40X_HE_T330_01,0,0.12151314318180084,0
ann,1,SR386_40X_HE_T333_01,0,0.19075392186641693,0
ann,1,SR386_40X_HE_T335_01,0,0.19152316451072693,0
ann,1,SR386_40X_HE_T337_01,0,0.7333406805992126,1
ann,1,SR386_40X_HE_T344_01,0,0.2701178193092346,0
ann,1,SR386_40X_HE_T347_01,0,0.3615669906139374,0
ann,1,SR386_40X_HE_T350_01,0,0.179261714220047,0
ann,1,SR386_40X_HE_T351_01,0,0.18838465213775635,0
ann,1,SR386_40X_HE_T360_01,0,0.14361537992954254,0
ann,1,SR386_40X_HE_T361_01,0,0.22837620973587036,0
ann,1,SR386_40X_HE_T366_01,0,0.25325727462768555,0
ann,1,SR386_40X_HE_T377_01,1,0.6565446853637695,1
ann,1,SR386_40X_HE_T384_01,0,0.2133713662624359,0
ann,1,SR386_40X_HE_T395_01,0,0.7457958459854126,1
ann,1,SR386_40X_HE_T396_01,0,0.20788536965847015,0
ann,1,SR386_40X_HE_T401_01,0,0.8577166795730591,1
ann,1,SR386_40X_HE_T408_01,0,0.2273823320865631,0
ann,1,SR386_40X_HE_T410_01,0,0.6315931081771851,1
ann,1,SR386_40X_HE_T413_01,0,0.7810367941856384,1
ann,1,SR386_40X_HE_T416_01,0,0.30957743525505066,0
ann,1,SR386_40X_HE_T418_01,0,0.15977619588375092,0
ann,1,SR386_40X_HE_T419_01,0,0.08962155878543854,0
ann,1,SR386_40X_HE_T421_01,0,0.21258974075317383,0
ann,1,SR386_40X_HE_T423_01,0,0.47623732686042786,0
ann,1,SR386_40X_HE_T428_01,0,0.3744751513004303,0
ann,1,SR386_40X_HE_T430_01,0,0.32163554430007935,0
ann,1,SR386_40X_HE_T431_01,0,0.27564698457717896,0
ann,1,SR386_40X_HE_T435_01,0,0.33946692943573,0
ann,1,SR386_40X_HE_T438_01,0,0.44068610668182373,0
ann,1,SR386_40X_HE_T439_01,0,0.5668570399284363,1
ann,1,SR386_40X_HE_T447_01,0,0.30202099680900574,0
ann,1,SR386_40X_HE_T449_01,0,0.37925633788108826,0
ann,1,SR386_40X_HE_T454_01,0,0.12157083302736282,0
ann,1,SR386_40X_HE_T456_01,0,0.0990835428237915,0
ann,1,SR386_40X_HE_T461_01,0,0.17127282917499542,0
ann,1,SR386_40X_HE_T462_01,0,0.1891781985759735,0
ann,1,SR386_40X_HE_T468_01,0,0.2110344022512436,0
ann,1,SR386_40X_HE_T469_01,1,0.13303843140602112,0
ann,1,SR386_40X_HE_T470_01,0,0.2477889060974121,0
ann,1,SR386_40X_HE_T471_01,0,0.09687396883964539,0
ann,1,SR386_40X_HE_T477_01,0,0.12736555933952332,0
ann,1,SR386_40X_HE_T480_01,0,0.333281010389328,0
ann,1,SR386_40X_HE_T484_01,0,0.4170941412448883,0
ann,1,SR386_40X_HE_T495_01,0,0.2654276490211487,0
ann,1,SR386_40X_HE_T496_01,0,0.12443376332521439,0
ann,1,SR386_40X_HE_T498_01,0,0.5826926231384277,1
ann,1,SR386_40X_HE_T504_01,0,0.19672058522701263,0
ann,1,SR386_40X_HE_T511_01,0,0.3894411325454712,0
ann,1,SR386_40X_HE_T517_01,0,0.958369255065918,1
ann,1,SR386_40X_HE_T523_01,0,0.17604213953018188,0
ann,1,SR386_40X_HE_T529_01,0,0.16933245956897736,0
ann,1,SR386_40X_HE_T542_01,0,0.34436747431755066,0
ann,1,SR386_40X_HE_T569_01,0,0.1494700312614441,0
ann,1,SR386_40X_HE_T582_01,0,0.21336057782173157,0
ann,2,SR1482_40X_HE_T009_01,0,0.6792198419570923,1
ann,2,SR1482_40X_HE_T009_02,0,0.556033194065094,1
ann,2,SR1482_40X_HE_T015_01,0,0.66361004114151,1
ann,2,SR1482_40X_HE_T021_01,0,0.23361428081989288,0
ann,2,SR1482_40X_HE_T067_01,0,0.4831933379173279,0
ann,2,SR1482_40X_HE_T075_01,0,0.5012203454971313,1
ann,2,SR1482_40X_HE_T075_02,0,0.53062504529953,1
ann,2,SR1482_40X_HE_T098_01,0,0.30179184675216675,0
ann,2,SR1482_40X_HE_T098_02,0,0.1002543643116951,0
ann,2,SR1482_40X_HE_T102_01,0,0.7811445593833923,1
ann,2,SR1482_40X_HE_T123_01,0,0.21992920339107513,0
ann,2,SR1482_40X_HE_T142_01,0,0.1351664513349533,0
ann,2,SR1482_40X_HE_T146_01,0,0.9987891316413879,1
ann,2,SR1482_40X_HE_T148_01,0,0.529633104801178,1
ann,2,SR1482_40X_HE_T148_02,0,0.37690940499305725,0
ann,2,SR1482_40X_HE_T154_01,0,0.06856148689985275,0
ann,2,SR1482_40X_HE_T158_01,0,0.43353694677352905,0
ann,2,SR1482_40X_HE_T161_01,0,0.7848137617111206,1
ann,2,SR1482_40X_HE_T161_02,0,0.20508456230163574,0
ann,2,SR1482_40X_HE_T164_01,1,0.21447603404521942,0
ann,2,SR1482_40X_HE_T164_02,1,0.1831086277961731,0
ann,2,SR1482_40X_HE_T168_01,0,0.22873447835445404,0
ann,2,SR1482_40X_HE_T171_01,0,0.42510175704956055,0
ann,2,SR1482_40X_HE_T171_02,0,0.24433910846710205,0
ann,2,SR1482_40X_HE_T178_01,1,0.7119286060333252,1
ann,2,SR1482_40X_HE_T186_01,0,0.1866050809621811,0
ann,2,SR1482_40X_HE_T193_01,0,0.5009990930557251,1
ann,2,SR1482_40X_HE_T193_02,0,0.8900230526924133,1
ann,2,SR1482_40X_HE_T209_01,0,0.4494493305683136,0
ann,2,SR1482_40X_HE_T209_02,0,0.8226792216300964,1
ann,2,SR1482_40X_HE_T245_01,0,0.3386182188987732,0
ann,2,SR1482_40X_HE_T245_02,0,0.4780920743942261,0
ann,2,SR1482_40X_HE_T265_01,0,0.5018808841705322,1
ann,2,SR1482_40X_HE_T302_01,0,0.6076312065124512,1
ann,2,SR1482_40X_HE_T343_01,1,0.7984910607337952,1
ann,2,SR1482_40X_HE_T343_02,1,0.6913926005363464,1
ann,2,SR1482_40X_HE_T399_01,0,0.4979051351547241,0
ann,2,SR1482_40X_HE_T399_02,0,0.6732429265975952,1
ann,2,SR1482_40X_HE_T426_01,0,0.6896710991859436,1
ann,2,SR1482_40X_HE_T426_02,0,0.6014326810836792,1
ann,2,SR386_40X_HE_T001_01,0,0.7224836349487305,1
ann,2,SR386_40X_HE_T013_01,0,0.48325514793395996,0
ann,2,SR386_40X_HE_T018_01,0,0.38270801305770874,0
ann,2,SR386_40X_HE_T019_01,0,0.22296185791492462,0
ann,2,SR386_40X_HE_T024_01,0,0.27594542503356934,0
ann,2,SR386_40X_HE_T039_01,0,0.2515340745449066,0
ann,2,SR386_40X_HE_T040_01,1,0.9648175239562988,1
ann,2,SR386_40X_HE_T042_01,0,0.4112648665904999,0
ann,2,SR386_40X_HE_T047_01,0,0.7520679235458374,1
ann,2,SR386_40X_HE_T051_01,0,0.13287575542926788,0
ann,2,SR386_40X_HE_T052_01,0,0.3096429407596588,0
ann,2,SR386_40X_HE_T056_01,0,0.44237157702445984,0
ann,2,SR386_40X_HE_T057_01,0,0.2613958418369293,0
ann,2,SR386_40X_HE_T070_01,0,0.49038636684417725,0
ann,2,SR386_40X_HE_T082_01,0,0.9381766319274902,1
ann,2,SR386_40X_HE_T084_01,0,0.6096154451370239,1
ann,2,SR386_40X_HE_T087_01,0,0.5854886770248413,1
ann,2,SR386_40X_HE_T088_01,0,0.435747355222702,0
ann,2,SR386_40X_HE_T098_01,0,0.4875478148460388,0
ann,2,SR386_40X_HE_T105_01,0,0.3881516754627228,0
ann,2,SR386_40X_HE_T122_01,0,0.3121926486492157,0
ann,2,SR386_40X_HE_T123_01,0,0.41809144616127014,0
ann,2,SR386_40X_HE_T133_01,0,0.23290622234344482,0
ann,2,SR386_40X_HE_T145_01,0,0.27691370248794556,0
ann,2,SR386_40X_HE_T150_01,0,0.47313132882118225,0
ann,2,SR386_40X_HE_T152_01,0,0.25203394889831543,0
ann,2,SR386_40X_HE_T155_01,0,0.5006762146949768,1
ann,2,SR386_40X_HE_T157_01,0,0.13222908973693848,0
ann,2,SR386_40X_HE_T164_01,0,0.2538551390171051,0
ann,2,SR386_40X_HE_T166_01,0,0.1536170244216919,0
ann,2,SR386_40X_HE_T176_01,1,0.6058825850486755,1
ann,2,SR386_40X_HE_T177_01,0,0.19217100739479065,0
ann,2,SR386_40X_HE_T178_01,0,0.5251369476318359,1
ann,2,SR386_40X_HE_T187_01,0,0.6976853013038635,1
ann,2,SR386_40X_HE_T190_01,0,0.14768078923225403,0
ann,2,SR386_40X_HE_T192_01,0,0.21597407758235931,0
ann,2,SR386_40X_HE_T198_01,0,0.3626702129840851,0
ann,2,SR386_40X_HE_T200_01,0,0.38634034991264343,0
ann,2,SR386_40X_HE_T206_01,1,0.26443910598754883,0
ann,2,SR386_40X_HE_T211_01,0,0.26675254106521606,0
ann,2,SR386_40X_HE_T213_01,0,0.31875380873680115,0
ann,2,SR386_40X_HE_T214_01,0,0.42902910709381104,0
ann,2,SR386_40X_HE_T220_01,0,0.5399487614631653,1
ann,2,SR386_40X_HE_T230_01,1,0.5867232084274292,1
ann,2,SR386_40X_HE_T236_01,0,0.39229971170425415,0
ann,2,SR386_40X_HE_T237_01,0,0.27733299136161804,0
ann,2,SR386_40X_HE_T240_01,0,0.2179865539073944,0
ann,2,SR386_40X_HE_T241_01,0,0.21110843122005463,0
ann,2,SR386_40X_HE_T242_01,0,0.18436184525489807,0
ann,2,SR386_40X_HE_T253_01,0,0.3125188648700714,0
ann,2,SR386_40X_HE_T260_01,0,0.333099901676178,0
ann,2,SR386_40X_HE_T262_01,0,0.4647849500179291,0
ann,2,SR386_40X_HE_T264_01,0,0.7105240821838379,1
ann,2,SR386_40X_HE_T271_01,0,0.2760743200778961,0
ann,2,SR386_40X_HE_T281_01,0,0.3986586928367615,0
ann,2,SR386_40X_HE_T297_01,0,0.34201520681381226,0
ann,2,SR386_40X_HE_T299_01,0,0.2678520679473877,0
ann,2,SR386_40X_HE_T301_01,0,0.2926618754863739,0
ann,2,SR386_40X_HE_T306_01,0,0.5201002359390259,1
ann,2,SR386_40X_HE_T309_01,0,0.3421487510204315,0
ann,2,SR386_40X_HE_T314_01,0,0.3131977617740631,0
ann,2,SR386_40X_HE_T316_01,0,0.8118348121643066,1
ann,2,SR386_40X_HE_T318_01,0,0.20289120078086853,0
ann,2,SR386_40X_HE_T321_01,0,0.5108848214149475,1
ann,2,SR386_40X_HE_T326_01,0,0.2770684063434601,0
ann,2,SR386_40X_HE_T327_01,0,0.240995854139328,0
ann,2,SR386_40X_HE_T332_01,1,0.39081281423568726,0
ann,2,SR386_40X_HE_T355_01,0,0.25967681407928467,0
ann,2,SR386_40X_HE_T364_01,0,0.7852384448051453,1
ann,2,SR386_40X_HE_T368_01,1,0.07900604605674744,0
ann,2,SR386_40X_HE_T374_01,0,0.3888031244277954,0
ann,2,SR386_40X_HE_T380_01,0,0.24548833072185516,0
ann,2,SR386_40X_HE_T382_01,0,0.21927441656589508,0
ann,2,SR386_40X_HE_T392_01,0,0.4241495132446289,0
ann,2,SR386_40X_HE_T398_01,0,0.29116374254226685,0
ann,2,SR386_40X_HE_T402_01,1,0.8089190125465393,1
ann,2,SR386_40X_HE_T404_01,0,0.4537211060523987,0
ann,2,SR386_40X_HE_T415_01,0,0.11313644051551819,0
ann,2,SR386_40X_HE_T417_01,0,0.23930193483829498,0
ann,2,SR386_40X_HE_T425_01,0,0.28517457842826843,0
ann,2,SR386_40X_HE_T436_01,1,0.29556894302368164,0
ann,2,SR386_40X_HE_T437_01,0,0.27193814516067505,0
ann,2,SR386_40X_HE_T440_01,0,0.22409509122371674,0
ann,2,SR386_40X_HE_T445_01,0,0.3094100058078766,0
ann,2,SR386_40X_HE_T450_01,0,0.27530208230018616,0
ann,2,SR386_40X_HE_T459_01,0,0.15774795413017273,0
ann,2,SR386_40X_HE_T472_01,0,0.37427446246147156,0
ann,2,SR386_40X_HE_T481_01,0,0.40565556287765503,0
ann,2,SR386_40X_HE_T483_01,0,0.46546757221221924,0
ann,2,SR386_40X_HE_T486_01,0,0.5710319876670837,1
ann,2,SR386_40X_HE_T488_01,0,0.48679858446121216,0
ann,2,SR386_40X_HE_T499_01,0,0.6932178735733032,1
ann,2,SR386_40X_HE_T507_01,0,0.6003392934799194,1
ann,2,SR386_40X_HE_T514_01,0,0.2963017225265503,0
ann,2,SR386_40X_HE_T520_01,1,0.35628318786621094,0
ann,2,SR386_40X_HE_T522_01,0,0.5831613540649414,1
ann,2,SR386_40X_HE_T531_01,0,0.6427696943283081,1
ann,2,SR386_40X_HE_T535_01,0,0.3398282825946808,0
ann,2,SR386_40X_HE_T539_01,0,0.4359530806541443,0
ann,2,SR386_40X_HE_T549_01,0,0.28006163239479065,0
ann,2,SR386_40X_HE_T552_01,0,0.42268505692481995,0
ann,2,SR386_40X_HE_T553_01,0,0.5183959603309631,1
ann,2,SR386_40X_HE_T554_01,0,0.6424566507339478,1
ann,2,SR386_40X_HE_T558_01,0,0.4389529228210449,0
ann,2,SR386_40X_HE_T564_01,0,0.32801470160484314,0
ann,2,SR386_40X_HE_T570_01,0,0.26828059554100037,0
ann,2,SR386_40X_HE_T574_01,0,0.30497172474861145,0
ann,2,SR386_40X_HE_T578_01,0,0.37094011902809143,0
ann,2,SR386_40X_HE_T580_01,0,0.3733670711517334,0
ann,3,SR1482_40X_HE_T005_01,0,0.601738452911377,1
ann,3,SR1482_40X_HE_T005_02,0,0.5136438012123108,1
ann,3,SR1482_40X_HE_T010_01,0,0.11806219816207886,0
ann,3,SR1482_40X_HE_T043_01,0,0.32357102632522583,0
ann,3,SR1482_40X_HE_T043_02,0,0.6498078107833862,1
ann,3,SR1482_40X_HE_T049_01,0,0.1708875298500061,0
ann,3,SR1482_40X_HE_T061_01,0,0.46618586778640747,0
ann,3,SR1482_40X_HE_T061_02,0,0.38312140107154846,0
ann,3,SR1482_40X_HE_T070_01,1,0.22254642844200134,0
ann,3,SR1482_40X_HE_T073_01,0,0.3476853370666504,0
ann,3,SR1482_40X_HE_T082_01,0,0.12824976444244385,0
ann,3,SR1482_40X_HE_T082_02,0,0.346273809671402,0
ann,3,SR1482_40X_HE_T089_01,0,0.0937524363398552,0
ann,3,SR1482_40X_HE_T090_01,0,0.20079630613327026,0
ann,3,SR1482_40X_HE_T094_01,1,0.2105265110731125,0
ann,3,SR1482_40X_HE_T094_02,1,0.40550827980041504,0
ann,3,SR1482_40X_HE_T105_01,0,0.39278340339660645,0
ann,3,SR1482_40X_HE_T115_01,0,0.28989946842193604,0
ann,3,SR1482_40X_HE_T115_02,0,0.27554985880851746,0
ann,3,SR1482_40X_HE_T118_01,0,0.76054847240448,1
ann,3,SR1482_40X_HE_T118_02,0,0.5415847301483154,1
ann,3,SR1482_40X_HE_T120_01,0,0.9987390637397766,1
ann,3,SR1482_40X_HE_T120_02,0,0.8934703469276428,1
ann,3,SR1482_40X_HE_T124_01,0,0.7937358617782593,1
ann,3,SR1482_40X_HE_T124_02,0,0.7882073521614075,1
ann,3,SR1482_40X_HE_T138_01,0,0.270990788936615,0
ann,3,SR1482_40X_HE_T160_01,0,0.5408012866973877,1
ann,3,SR1482_40X_HE_T160_02,0,0.5048560500144958,1
ann,3,SR1482_40X_HE_T167_01,0,0.44055089354515076,0
ann,3,SR1482_40X_HE_T167_02,0,0.5195566415786743,1
ann,3,SR1482_40X_HE_T175_01,0,0.4656325876712799,0
ann,3,SR1482_40X_HE_T175_02,0,0.25726309418678284,0
ann,3,SR1482_40X_HE_T177_01,1,0.18883651494979858,0
ann,3,SR1482_40X_HE_T188_01,0,0.30770787596702576,0
ann,3,SR1482_40X_HE_T195_01,0,0.23522169888019562,0
ann,3,SR1482_40X_HE_T195_02,0,0.15190404653549194,0
ann,3,SR1482_40X_HE_T202_01,0,0.23714159429073334,0
ann,3,SR1482_40X_HE_T202_02,0,0.33515509963035583,0
ann,3,SR1482_40X_HE_T225_01,0,0.9935965538024902,1
ann,3,SR1482_40X_HE_T225_02,0,0.04857790097594261,0
ann,3,SR1482_40X_HE_T235_01,0,0.49724748730659485,0
ann,3,SR1482_40X_HE_T235_02,0,0.7139161229133606,1
ann,3,SR1482_40X_HE_T236_01,0,0.10348820686340332,0
ann,3,SR1482_40X_HE_T236_02,0,0.23090369999408722,0
ann,3,SR1482_40X_HE_T258_01,0,0.24443702399730682,0
ann,3,SR1482_40X_HE_T258_02,0,0.5102944374084473,1
ann,3,SR1482_40X_HE_T284_01,1,0.7020933628082275,1
ann,3,SR1482_40X_HE_T284_02,1,0.9095748066902161,1
ann,3,SR1482_40X_HE_T301_01,1,0.21978117525577545,0
ann,3,SR1482_40X_HE_T301_02,1,0.9716264605522156,1
ann,3,SR1482_40X_HE_T309_01,0,0.19301873445510864,0
ann,3,SR1482_40X_HE_T313_01,0,0.7991406917572021,1
ann,3,SR1482_40X_HE_T313_02,0,0.968203067779541,1
ann,3,SR1482_40X_HE_T338_01,0,0.8829972147941589,1
ann,3,SR1482_40X_HE_T344_01,0,0.551352858543396,1
ann,3,SR1482_40X_HE_T344_02,0,0.4914613962173462,0
ann,3,SR1482_40X_HE_T346_01,0,0.7135764956474304,1
ann,3,SR1482_40X_HE_T346_02,0,0.5877392292022705,1
ann,3,SR1482_40X_HE_T377_01,0,0.23497971892356873,0
ann,3,SR1482_40X_HE_T377_02,0,0.3816738724708557,0
ann,3,SR1482_40X_HE_T419_01,0,0.6727157831192017,1
ann,3,SR1482_40X_HE_T427_01,0,0.5775156021118164,1
ann,3,SR1482_40X_HE_T427_02,0,0.47633880376815796,0
ann,3,SR386_40X_HE_T007_01,0,0.21759454905986786,0
ann,3,SR386_40X_HE_T015_01,0,0.44590359926223755,0
ann,3,SR386_40X_HE_T017_01,1,0.7910057306289673,1
ann,3,SR386_40X_HE_T032_01,0,0.3364335596561432,0
ann,3,SR386_40X_HE_T034_01,0,0.3775293529033661,0
ann,3,SR386_40X_HE_T035_01,0,0.5207139253616333,1
ann,3,SR386_40X_HE_T041_01,0,0.8162243962287903,1
ann,3,SR386_40X_HE_T067_01,0,0.2468743622303009,0
ann,3,SR386_40X_HE_T075_01,0,0.3695355951786041,0
ann,3,SR386_40X_HE_T081_01,0,0.28347668051719666,0
ann,3,SR386_40X_HE_T083_01,0,0.34602272510528564,0
ann,3,SR386_40X_HE_T085_01,0,0.2835341691970825,0
ann,3,SR386_40X_HE_T095_01,0,0.21520070731639862,0
ann,3,SR386_40X_HE_T104_01,0,0.36716675758361816,0
ann,3,SR386_40X_HE_T106_01,0,0.29536566138267517,0
ann,3,SR386_40X_HE_T112_01,0,0.410291850566864,0
ann,3,SR386_40X_HE_T128_01,0,0.2965637147426605,0
ann,3,SR386_40X_HE_T132_01,0,0.3597146272659302,0
ann,3,SR386_40X_HE_T138_01,0,0.45092034339904785,0
ann,3,SR386_40X_HE_T142_01,0,0.5973502993583679,1
ann,3,SR386_40X_HE_T149_01,0,0.35984644293785095,0
ann,3,SR386_40X_HE_T165_01,1,0.49982157349586487,0
ann,3,SR386_40X_HE_T179_01,0,0.5083301663398743,1
ann,3,SR386_40X_HE_T180_01,0,0.3675267696380615,0
ann,3,SR386_40X_HE_T182_01,0,0.4528743326663971,0
ann,3,SR386_40X_HE_T184_01,0,0.6210561990737915,1
ann,3,SR386_40X_HE_T188_01,0,0.2693796753883362,0
ann,3,SR386_40X_HE_T191_01,0,0.2851315140724182,0
ann,3,SR386_40X_HE_T197_01,0,0.3186369836330414,0
ann,3,SR386_40X_HE_T201_01,0,0.3518359959125519,0
ann,3,SR386_40X_HE_T202_01,0,0.3026186227798462,0
ann,3,SR386_40X_HE_T208_01,0,0.4252985715866089,0
ann,3,SR386_40X_HE_T216_01,1,0.6528323888778687,1
ann,3,SR386_40X_HE_T238_01,0,0.20528630912303925,0
ann,3,SR386_40X_HE_T244_01,0,0.22883230447769165,0
ann,3,SR386_40X_HE_T248_01,0,0.4115826189517975,0
ann,3,SR386_40X_HE_T249_01,0,0.27880674600601196,0
ann,3,SR386_40X_HE_T250_01,0,0.17570826411247253,0
ann,3,SR386_40X_HE_T263_01,0,0.18682421743869781,0
ann,3,SR386_40X_HE_T267_01,0,0.21386584639549255,0
ann,3,SR386_40X_HE_T269_01,0,0.26452773809432983,0
ann,3,SR386_40X_HE_T277_01,0,0.32145559787750244,0
ann,3,SR386_40X_HE_T286_01,0,0.8410656452178955,1
ann,3,SR386_40X_HE_T287_01,0,0.3813839852809906,0
ann,3,SR386_40X_HE_T290_01,0,0.41831502318382263,0
ann,3,SR386_40X_HE_T293_01,0,0.30859506130218506,0
ann,3,SR386_40X_HE_T298_01,0,0.2800041437149048,0
ann,3,SR386_40X_HE_T303_01,0,0.19462047517299652,0
ann,3,SR386_40X_HE_T312_01,0,0.3427946865558624,0
ann,3,SR386_40X_HE_T329_01,0,0.9055796265602112,1
ann,3,SR386_40X_HE_T336_01,0,0.4383937418460846,0
ann,3,SR386_40X_HE_T338_01,0,0.4629422128200531,0
ann,3,SR386_40X_HE_T342_01,0,0.531334400177002,1
ann,3,SR386_40X_HE_T353_01,0,0.5490738749504089,1
ann,3,SR386_40X_HE_T357_01,0,0.2639482021331787,0
ann,3,SR386_40X_HE_T362_01,0,0.4975847899913788,0
ann,3,SR386_40X_HE_T363_01,1,0.7870321869850159,1
ann,3,SR386_40X_HE_T372_01,0,0.46984681487083435,0
ann,3,SR386_40X_HE_T378_01,0,0.24434685707092285,0
ann,3,SR386_40X_HE_T379_01,0,0.33650434017181396,0
ann,3,SR386_40X_HE_T386_01,0,0.5778765082359314,1
ann,3,SR386_40X_HE_T387_01,0,0.08613917976617813,0
ann,3,SR386_40X_HE_T393_01,0,0.3601909279823303,0
ann,3,SR386_40X_HE_T397_01,0,0.8189512491226196,1
ann,3,SR386_40X_HE_T406_01,0,0.4085177183151245,0
ann,3,SR386_40X_HE_T409_01,0,0.31441572308540344,0
ann,3,SR386_40X_HE_T422_01,0,0.2914924621582031,0
ann,3,SR386_40X_HE_T426_01,0,0.30516907572746277,0
ann,3,SR386_40X_HE_T433_01,0,0.3619045317173004,0
ann,3,SR386_40X_HE_T443_01,0,0.4542427659034729,0
ann,3,SR386_40X_HE_T448_01,0,0.38576409220695496,0
ann,3,SR386_40X_HE_T452_01,0,0.49848318099975586,0
ann,3,SR386_40X_HE_T460_01,1,0.37000998854637146,0
ann,3,SR386_40X_HE_T473_01,0,0.27322858572006226,0
ann,3,SR386_40X_HE_T475_01,0,0.337565153837204,0
ann,3,SR386_40X_HE_T478_01,0,0.35857143998146057,0
ann,3,SR386_40X_HE_T489_01,1,0.27984341979026794,0
ann,3,SR386_40X_HE_T491_01,0,0.3997223675251007,0
ann,3,SR386_40X_HE_T492_01,0,0.2693581283092499,0
ann,3,SR386_40X_HE_T493_01,0,0.2709731161594391,0
ann,3,SR386_40X_HE_T502_01,0,0.27305009961128235,0
ann,3,SR386_40X_HE_T505_01,0,0.44176262617111206,0
ann,3,SR386_40X_HE_T506_01,0,0.3806843161582947,0
ann,3,SR386_40X_HE_T509_01,0,0.5028969645500183,1
ann,3,SR386_40X_HE_T516_01,0,0.45288780331611633,0
ann,3,SR386_40X_HE_T518_01,0,0.43008506298065186,0
ann,3,SR386_40X_HE_T519_01,0,0.17392770946025848,0
ann,3,SR386_40X_HE_T521_01,0,0.27010980248451233,0
ann,3,SR386_40X_HE_T526_01,0,0.23914989829063416,0
ann,3,SR386_40X_HE_T533_01,0,0.5184237360954285,1
ann,3,SR386_40X_HE_T543_01,0,0.509452223777771,1
ann,3,SR386_40X_HE_T544_01,0,0.2861628830432892,0
ann,3,SR386_40X_HE_T556_01,1,0.5225062370300293,1
ann,3,SR386_40X_HE_T560_01,0,0.3249148428440094,0
ann,3,SR386_40X_HE_T563_01,0,0.2747099995613098,0
ann,3,SR386_40X_HE_T568_01,0,0.3252273499965668,0
ann,3,SR386_40X_HE_T571_01,0,0.24185994267463684,0
ann,3,SR386_40X_HE_T572_01,0,0.4276570975780487,0
ann,3,SR386_40X_HE_T573_01,0,0.397458016872406,0
ann,3,SR386_40X_HE_T583_01,0,0.4380325376987457,0
ann,4,SR1482_40X_HE_T002_01,0,0.20863763988018036,0
ann,4,SR1482_40X_HE_T003_01,0,0.28753697872161865,0
ann,4,SR1482_40X_HE_T004_01,0,0.09001574665307999,0
ann,4,SR1482_40X_HE_T004_02,0,0.8570337891578674,1
ann,4,SR1482_40X_HE_T011_01,0,0.3036229610443115,0
ann,4,SR1482_40X_HE_T025_01,0,0.3253835141658783,0
ann,4,SR1482_40X_HE_T025_02,0,0.22894994914531708,0
ann,4,SR1482_40X_HE_T060_01,0,0.26588889956474304,0
ann,4,SR1482_40X_HE_T062_01,0,0.4988280236721039,0
ann,4,SR1482_40X_HE_T062_02,0,0.8483596444129944,1
ann,4,SR1482_40X_HE_T064_01,0,0.5331542491912842,1
ann,4,SR1482_40X_HE_T064_02,0,0.3430927097797394,0
ann,4,SR1482_40X_HE_T071_01,0,0.49553152918815613,0
ann,4,SR1482_40X_HE_T071_02,0,0.26718586683273315,0
ann,4,SR1482_40X_HE_T074_01,0,0.3596123158931732,0
ann,4,SR1482_40X_HE_T074_02,0,0.3736741542816162,0
ann,4,SR1482_40X_HE_T083_01,0,0.6639013290405273,1
ann,4,SR1482_40X_HE_T083_02,0,0.37560030817985535,0
ann,4,SR1482_40X_HE_T087_01,0,0.30136948823928833,0
ann,4,SR1482_40X_HE_T097_01,1,0.7154991030693054,1
ann,4,SR1482_40X_HE_T097_02,1,0.2238047569990158,0
ann,4,SR1482_40X_HE_T108_01,0,0.38458582758903503,0
ann,4,SR1482_40X_HE_T113_01,0,0.2073829621076584,0
ann,4,SR1482_40X_HE_T113_02,0,0.38488394021987915,0
ann,4,SR1482_40X_HE_T121_01,0,0.17867887020111084,0
ann,4,SR1482_40X_HE_T122_01,0,0.32336103916168213,0
ann,4,SR1482_40X_HE_T125_01,0,0.40061843395233154,0
ann,4,SR1482_40X_HE_T125_02,0,0.6010864973068237,1
ann,4,SR1482_40X_HE_T131_01,0,0.46072980761528015,0
ann,4,SR1482_40X_HE_T131_02,0,0.5543162822723389,1
ann,4,SR1482_40X_HE_T132_01,0,0.4723052382469177,0
ann,4,SR1482_40X_HE_T132_02,0,0.2573772072792053,0
ann,4,SR1482_40X_HE_T143_01,0,0.7646898627281189,1
ann,4,SR1482_40X_HE_T143_02,0,0.5450208783149719,1
ann,4,SR1482_40X_HE_T166_01,1,0.3746790885925293,0
ann,4,SR1482_40X_HE_T169_01,0,0.38647717237472534,0
ann,4,SR1482_40X_HE_T176_01,1,0.960863471031189,1
ann,4,SR1482_40X_HE_T176_02,1,0.8098844289779663,1
ann,4,SR1482_40X_HE_T191_01,0,0.34280166029930115,0
ann,4,SR1482_40X_HE_T194_01,0,0.7140018343925476,1
ann,4,SR1482_40X_HE_T218_01,0,0.32682740688323975,0
ann,4,SR1482_40X_HE_T253_01,0,0.26046064496040344,0
ann,4,SR1482_40X_HE_T290_01,0,0.5124880075454712,1
ann,4,SR1482_40X_HE_T308_01,0,0.32623186707496643,0
ann,4,SR1482_40X_HE_T314_01,0,0.5704848766326904,1
ann,4,SR1482_40X_HE_T314_02,0,0.7562286257743835,1
ann,4,SR1482_40X_HE_T372_01,1,0.4831596314907074,0
ann,4,SR1482_40X_HE_T372_02,1,0.31686902046203613,0
ann,4,SR1482_40X_HE_T408_01,0,0.4778139591217041,0
ann,4,SR1482_40X_HE_T412_01,0,0.26960301399230957,0
ann,4,SR1482_40X_HE_T425_01,0,0.20397497713565826,0
ann,4,SR1482_40X_HE_T434_01,1,0.6092679500579834,1
ann,4,SR386_40X_HE_T006_01,0,0.5153951644897461,1
ann,4,SR386_40X_HE_T010_01,0,0.3159377872943878,0
ann,4,SR386_40X_HE_T014_01,0,0.30148157477378845,0
ann,4,SR386_40X_HE_T016_01,0,0.23862016201019287,0
ann,4,SR386_40X_HE_T020_01,0,0.179480642080307,0
ann,4,SR386_40X_HE_T027_01,0,0.25133016705513,0
ann,4,SR386_40X_HE_T028_01,0,0.7964106202125549,1
ann,4,SR386_40X_HE_T037_01,0,0.22632189095020294,0
ann,4,SR386_40X_HE_T043_01,0,0.4341534972190857,0
ann,4,SR386_40X_HE_T044_01,1,0.5599509477615356,1
ann,4,SR386_40X_HE_T046_01,0,0.3454996943473816,0
ann,4,SR386_40X_HE_T058_01,0,0.3127361834049225,0
ann,4,SR386_40X_HE_T062_01,0,0.22049866616725922,0
ann,4,SR386_40X_HE_T065_01,1,0.5368459820747375,1
ann,4,SR386_40X_HE_T080_01,0,0.44564124941825867,0
ann,4,SR386_40X_HE_T091_01,0,0.4518699049949646,0
ann,4,SR386_40X_HE_T094_01,0,0.17529310286045074,0
ann,4,SR386_40X_HE_T097_01,0,0.3588489592075348,0
ann,4,SR386_40X_HE_T100_01,0,0.46246328949928284,0
ann,4,SR386_40X_HE_T107_01,0,0.35501646995544434,0
ann,4,SR386_40X_HE_T109_01,1,0.39374613761901855,0
ann,4,SR386_40X_HE_T110_01,0,0.32748064398765564,0
ann,4,SR386_40X_HE_T117_01,0,0.3220468759536743,0
ann,4,SR386_40X_HE_T127_01,0,0.289236456155777,0
ann,4,SR386_40X_HE_T129_01,0,0.14848096668720245,0
ann,4,SR386_40X_HE_T136_01,0,0.34070664644241333,0
ann,4,SR386_40X_HE_T154_01,0,0.3388977348804474,0
ann,4,SR386_40X_HE_T168_01,1,0.8668850064277649,1
ann,4,SR386_40X_HE_T175_01,0,0.18295368552207947,0
ann,4,SR386_40X_HE_T189_01,0,0.15011624991893768,0
ann,4,SR386_40X_HE_T195_01,0,0.2503114640712738,0
ann,4,SR386_40X_HE_T227_01,0,0.3200976848602295,0
ann,4,SR386_40X_HE_T233_01,0,0.32118669152259827,0
ann,4,SR386_40X_HE_T234_01,0,0.2982117235660553,0
ann,4,SR386_40X_HE_T235_01,0,0.24041807651519775,0
ann,4,SR386_40X_HE_T239_01,0,0.7741363644599915,1
ann,4,SR386_40X_HE_T245_01,0,0.24573275446891785,0
ann,4,SR386_40X_HE_T256_01,0,0.3714655935764313,0
ann,4,SR386_40X_HE_T265_01,0,0.3982168436050415,0
ann,4,SR386_40X_HE_T268_01,0,0.22085915505886078,0
ann,4,SR386_40X_HE_T270_01,0,0.33427000045776367,0
ann,4,SR386_40X_HE_T272_01,0,0.48119887709617615,0
ann,4,SR386_40X_HE_T273_01,0,0.3136524558067322,0
ann,4,SR386_40X_HE_T276_01,0,0.45999592542648315,0
ann,4,SR386_40X_HE_T278_01,1,0.5473379492759705,1
ann,4,SR386_40X_HE_T284_01,0,0.19501037895679474,0
ann,4,SR386_40X_HE_T285_01,0,0.16179361939430237,0
ann,4,SR386_40X_HE_T288_01,0,0.2946397066116333,0
ann,4,SR386_40X_HE_T291_01,0,0.476514607667923,0
ann,4,SR386_40X_HE_T300_01,0,0.3564252555370331,0
ann,4,SR386_40X_HE_T302_01,0,0.19784744083881378,0
ann,4,SR386_40X_HE_T305_01,0,0.27415990829467773,0
ann,4,SR386_40X_HE_T308_01,0,0.3079048991203308,0
ann,4,SR386_40X_HE_T325_01,0,0.22487704455852509,0
ann,4,SR386_40X_HE_T331_01,0,0.34931138157844543,0
ann,4,SR386_40X_HE_T341_01,0,0.4145371913909912,0
ann,4,SR386_40X_HE_T343_01,1,0.1946639120578766,0
ann,4,SR386_40X_HE_T346_01,0,0.17172983288764954,0
ann,4,SR386_40X_HE_T352_01,0,0.16843540966510773,0
ann,4,SR386_40X_HE_T373_01,0,0.5140093564987183,1
ann,4,SR386_40X_HE_T375_01,0,0.7465182542800903,1
ann,4,SR386_40X_HE_T381_01,0,0.14609238505363464,0
ann,4,SR386_40X_HE_T389_01,0,0.15905749797821045,0
ann,4,SR386_40X_HE_T391_01,0,0.18063345551490784,0
ann,4,SR386_40X_HE_T394_01,0,0.3850002586841583,0
ann,4,SR386_40X_HE_T399_01,0,0.48805680871009827,0
ann,4,SR386_40X_HE_T403_01,0,0.2871394753456116,0
ann,4,SR386_40X_HE_T405_01,0,0.4650893211364746,0
ann,4,SR386_40X_HE_T407_01,0,0.5572634935379028,1
ann,4,SR386_40X_HE_T414_01,0,0.30835017561912537,0
ann,4,SR386_40X_HE_T424_01,0,0.3946976959705353,0
ann,4,SR386_40X_HE_T429_01,0,0.46864596009254456,0
ann,4,SR386_40X_HE_T441_01,0,0.6247841715812683,1
ann,4,SR386_40X_HE_T451_01,0,0.22589971125125885,0
ann,4,SR386_40X_HE_T453_01,0,0.2667531967163086,0
ann,4,SR386_40X_HE_T455_01,0,0.47417938709259033,0
ann,4,SR386_40X_HE_T465_01,0,0.26306307315826416,0
ann,4,SR386_40X_HE_T474_01,0,0.2755039930343628,0
ann,4,SR386_40X_HE_T476_01,0,0.343243807554245,0
ann,4,SR386_40X_HE_T479_01,0,0.26701539754867554,0
ann,4,SR386_40X_HE_T482_01,0,0.34604260325431824,0
ann,4,SR386_40X_HE_T487_01,0,0.1889960765838623,0
ann,4,SR386_40X_HE_T490_01,0,0.2975427210330963,0
ann,4,SR386_40X_HE_T494_01,0,0.2173566371202469,0
ann,4,SR386_40X_HE_T500_01,0,0.2301294505596161,0
ann,4,SR386_40X_HE_T510_01,0,0.6003921031951904,1
ann,4,SR386_40X_HE_T524_01,0,0.6580294966697693,1
ann,4,SR386_40X_HE_T528_01,0,0.27960774302482605,0
ann,4,SR386_40X_HE_T532_01,0,0.1914425790309906,0
ann,4,SR386_40X_HE_T534_01,0,0.18339602649211884,0
ann,4,SR386_40X_HE_T536_01,0,0.5360026955604553,1
ann,4,SR386_40X_HE_T537_01,0,0.18119020760059357,0
ann,4,SR386_40X_HE_T541_01,0,0.22423410415649414,0
ann,4,SR386_40X_HE_T548_01,1,0.4047355353832245,0
ann,4,SR386_40X_HE_T550_01,0,0.5837233066558838,1
ann,4,SR386_40X_HE_T551_01,0,0.3008013665676117,0
ann,4,SR386_40X_HE_T557_01,0,0.21077761054039001,0
ann,4,SR386_40X_HE_T565_01,0,0.392137736082077,0
ann,4,SR386_40X_HE_T567_01,0,0.29351574182510376,0
ann,4,SR386_40X_HE_T575_01,0,0.45949631929397583,0
ann,4,SR386_40X_HE_T576_01,0,0.43486058712005615,0
ann,4,SR386_40X_HE_T581_01,0,0.5581357479095459,1
knn,1,SR1482_40X_HE_T029_01,0,0.3333333333333333,0
knn,1,SR1482_40X_HE_T029_02,0,0.3333333333333333,0
knn,1,SR1482_40X_HE_T057_01,0,0.3333333333333333,0
knn,1,SR1482_40X_HE_T063_01,1,0.6666666666666666,1
knn,1,SR1482_40X_HE_T063_02,1,0.0,0
knn,1,SR1482_40X_HE_T065_01,0,0.0,0
knn,1,SR1482_40X_HE_T065_02,0,0.0,0
knn,1,SR1482_40X_HE_T066_01,0,0.0,0
knn,1,SR1482_40X_HE_T066_02,0,0.0,0
knn,1,SR1482_40X_HE_T068_01,0,0.0,0
knn,1,SR1482_40X_HE_T069_01,0,0.0,0
knn,1,SR1482_40X_HE_T069_02,0,0.0,0
knn,1,SR1482_40X_HE_T079_01,1,0.0,0
knn,1,SR1482_40X_HE_T079_02,1,0.0,0
knn,1,SR1482_40X_HE_T080_01,0,0.0,0
knn,1,SR1482_40X_HE_T080_02,0,0.0,0
knn,1,SR1482_40X_HE_T081_01,0,0.0,0
knn,1,SR1482_40X_HE_T081_02,0,0.0,0
knn,1,SR1482_40X_HE_T099_01,0,0.0,0
knn,1,SR1482_40X_HE_T116_01,0,0.0,0
knn,1,SR1482_40X_HE_T117_01,0,0.0,0
knn,1,SR1482_40X_HE_T117_02,0,0.0,0
knn,1,SR1482_40X_HE_T126_01,0,0.3333333333333333,0
knn,1,SR1482_40X_HE_T129_01,0,0.3333333333333333,0
knn,1,SR1482_40X_HE_T129_02,0,0.0,0
knn,1,SR1482_40X_HE_T139_01,0,0.0,0
knn,1,SR1482_40X_HE_T139_02,0,0.3333333333333333,0
knn,1,SR1482_40X_HE_T147_01,0,0.3333333333333333,0
knn,1,SR1482_40X_HE_T147_02,0,0.3333333333333333,0
knn,1,SR1482_40X_HE_T159_01,0,0.0,0
knn,1,SR1482_40X_HE_T159_02,0,0.3333333333333333,0
knn,1,SR1482_40X_HE_T192_01,0,0.3333333333333333,0
knn,1,SR1482_40X_HE_T199_01,0,0.0,0
knn,1,SR1482_40X_HE_T304_01,0,0.0,0
knn,1,SR1482_40X_HE_T304_02,0,0.3333333333333333,0
knn,1,SR1482_40X_HE_T310_01,1,0.0,0
knn,1,SR1482_40X_HE_T310_02,1,0.0,0
knn,1,SR1482_40X_HE_T341_01,0,0.0,0
knn,1,SR1482_40X_HE_T341_02,0,0.0,0
knn,1,SR1482_40X_HE_T353_01,0,0.0,0
knn,1,SR1482_40X_HE_T390_01,0,0.0,0
knn,1,SR1482_40X_HE_T433_01,1,0.0,0
knn,1,SR386_40X_HE_T003_01,0,0.0,0
knn,1,SR386_40X_HE_T004_01,0,0.0,0
knn,1,SR386_40X_HE_T022_01,1,0.0,0
knn,1,SR386_40X_HE_T030_01,0,0.0,0
knn,1,SR386_40X_HE_T033_01,0,0.3333333333333333,0
knn,1,SR386_40X_HE_T036_01,0,0.6666666666666666,1
knn,1,SR386_40X_HE_T038_01,0,0.0,0
knn,1,SR386_40X_HE_T049_01,0,0.0,0
knn,1,SR386_40X_HE_T050_01,0,0.0,0
knn,1,SR386_40X_HE_T060_01,0,0.3333333333333333,0
knn,1,SR386_40X_HE_T063_01,0,0.0,0
knn,1,SR386_40X_HE_T066_01,0,0.3333333333333333,0
knn,1,SR386_40X_HE_T069_01,0,0.0,0
knn,1,SR386_40X_HE_T072_01,0,0.0,0
knn,1,SR386_40X_HE_T074_01,0,0.0,0
knn,1,SR386_40X_HE_T078_01,0,0.0,0
knn,1,SR386_40X_HE_T079_01,0,0.0,0
knn,1,SR386_40X_HE_T092_01,1,0.0,0
knn,1,SR386_40X_HE_T096_01,0,0.0,0
knn,1,SR386_40X_HE_T099_01,0,0.3333333333333333,0
knn,1,SR386_40X_HE_T103_01,0,0.0,0
knn,1,SR386_40X_HE_T108_01,0,0.0,0
knn,1,SR386_40X_HE_T113_01,0,0.0,0
knn,1,SR386_40X_HE_T114_01,0,0.0,0
knn,1,SR386_40X_HE_T119_01,0,0.0,0
knn,1,SR386_40X_HE_T126_01,0,0.0,0
knn,1,SR386_40X_HE_T130_01,0,0.0,0
knn,1,SR386_40X_HE_T131_01,0,0.0,0
knn,1,SR386_40X_HE_T135_01,0,0.3333333333333333,0
knn,1,SR386_40X_HE_T140_01,0,0.0,0
knn,1,SR386_40X_HE_T144_01,0,0.0,0
knn,1,SR386_40X_HE_T147_01,0,0.0,0
knn,1,SR386_40X_HE_T148_01,0,0.0,0
knn,1,SR386_40X_HE_T160_01,0,0.3333333333333333,0
knn,1,SR386_40X_HE_T169_01,0,0.3333333333333333,0
knn,1,SR386_40X_HE_T170_01,1,0.3333333333333333,0
knn,1,SR386_40X_HE_T172_01,0,0.3333333333333333,0
knn,1,SR386_40X_HE_T174_01,0,0.0,0
knn,1,SR386_40X_HE_T181_01,0,0.0,0
knn,1,SR386_40X_HE_T196_01,0,0.0,0
knn,1,SR386_40X_HE_T205_01,0,0.3333333333333333,0
knn,1,SR386_40X_HE_T209_01,0,0.0,0
knn,1,SR386_40X_HE_T210_01,0,0.3333333333333333,0
knn,1,SR386_40X_HE_T212_01,0,0.0,0
knn,1,SR386_40X_HE_T221_01,0,0.0,0
knn,1,SR386_40X_HE_T224_01,0,0.0,0
knn,1,SR386_40X_HE_T231_01,1,0.0,0
knn,1,SR386_40X_HE_T232_01,0,0.0,0
knn,1,SR386_40X_HE_T247_01,0,0.0,0
knn,1,SR386_40X_HE_T252_01,0,0.0,0
knn,1,SR386_40X_HE_T255_01,0,0.0,0
knn,1,SR386_40X_HE_T259_01,1,0.0,0
knn,1,SR386_40X_HE_T274_01,0,0.0,0
knn,1,SR386_40X_HE_T275_01,0,0.0,0
knn,1,SR386_40X_HE_T282_01,0,0.0,0
knn,1,SR386_40X_HE_T294_01,0,0.3333333333333333,0
knn,1,SR386_40X_HE_T311_01,0,0.3333333333333333,0
knn,1,SR386_40X_HE_T315_01,0,0.0,0
knn,1,SR386_40X_HE_T319_01,1,0.3333333333333333,0
knn,1,SR386_40X_HE_T324_01,1,0.0,0
knn,1,SR386_40X_HE_T330_01,0,0.0,0
knn,1,SR386_40X_HE_T333_01,0,0.0,0
knn,1,SR386_40X_HE_T335_01,0,0.0,0
knn,1,SR386_40X_HE_T337_01,0,0.3333333333333333,0
knn,1,SR386_40X_HE_T344_01,0,0.0,0
knn,1,SR386_40X_HE_T347_01,0,0.0,0
knn,1,SR386_40X_HE_T350_01,0,0.0,0
knn,1,SR386_40X_HE_T351_01,0,0.0,0
knn,1,SR386_40X_HE_T360_01,0,0.0,0
knn,1,SR386_40X_HE_T361_01,0,0.3333333333333333,0
knn,1,SR386_40X_HE_T366_01,0,0.0,0
knn,1,SR386_40X_HE_T377_01,1,0.0,0
knn,1,SR386_40X_HE_T384_01,0,0.0,0
knn,1,SR386_40X_HE_T395_01,0,0.0,0
knn,1,SR386_40X_HE_T396_01,0,0.0,0
knn,1,SR386_40X_HE_T401_01,0,0.0,0
knn,1,SR386_40X_HE_T408_01,0,0.0,0
knn,1,SR386_40X_HE_T410_01,0,0.0,0
knn,1,SR386_40X_HE_T413_01,0,0.0,0
knn,1,SR386_40X_HE_T416_01,0,0.0,0
knn,1,SR386_40X_HE_T418_01,0,0.0,0
knn,1,SR386_40X_HE_T419_01,0,0.0,0
knn,1,SR386_40X_HE_T421_01,0,0.0,0
knn,1,SR386_40X_HE_T423_01,0,0.0,0
knn,1,SR386_40X_HE_T428_01,0,0.0,0
knn,1,SR386_40X_HE_T430_01,0,0.0,0
knn,1,SR386_40X_HE_T431_01,0,0.3333333333333333,0
knn,1,SR386_40X_HE_T435_01,0,0.0,0
knn,1,SR386_40X_HE_T438_01,0,0.0,0
knn,1,SR386_40X_HE_T439_01,0,0.6666666666666666,1
knn,1,SR386_40X_HE_T447_01,0,0.0,0
knn,1,SR386_40X_HE_T449_01,0,0.0,0
knn,1,SR386_40X_HE_T454_01,0,0.0,0
knn,1,SR386_40X_HE_T456_01,0,0.0,0
knn,1,SR386_40X_HE_T461_01,0,0.0,0
knn,1,SR386_40X_HE_T462_01,0,0.0,0
knn,1,SR386_40X_HE_T468_01,0,0.0,0
knn,1,SR386_40X_HE_T469_01,1,0.0,0
knn,1,SR386_40X_HE_T470_01,0,0.0,0
knn,1,SR386_40X_HE_T471_01,0,0.0,0
knn,1,SR386_40X_HE_T477_01,0,0.0,0
knn,1,SR386_40X_HE_T480_01,0,0.0,0
knn,1,SR386_40X_HE_T484_01,0,0.0,0
knn,1,SR386_40X_HE_T495_01,0,0.0,0
knn,1,SR386_40X_HE_T496_01,0,0.0,0
knn,1,SR386_40X_HE_T498_01,0,0.3333333333333333,0
knn,1,SR386_40X_HE_T504_01,0,0.3333333333333333,0
knn,1,SR386_40X_HE_T511_01,0,0.3333333333333333,0
knn,1,SR386_40X_HE_T517_01,0,0.0,0
knn,1,SR386_40X_HE_T523_01,0,0.0,0
knn,1,SR386_40X_HE_T529_01,0,0.0,0
knn,1,SR386_40X_HE_T542_01,0,0.0,0
knn,1,SR386_40X_HE_T569_01,0,0.3333333333333333,0
knn,1,SR386_40X_HE_T582_01,0,0.0,0
knn,2,SR1482_40X_HE_T009_01,0,0.0,0
knn,2,SR1482_40X_HE_T009_02,0,0.0,0
knn,2,SR1482_40X_HE_T015_01,0,0.0,0
knn,2,SR1482_40X_HE_T021_01,0,0.0,0
knn,2,SR1482_40X_HE_T067_01,0,0.0,0
knn,2,SR1482_40X_HE_T075_01,0,0.0,0
knn,2,SR1482_40X_HE_T075_02,0,0.0,0
knn,2,SR1482_40X_HE_T098_01,0,0.0,0
knn,2,SR1482_40X_HE_T098_02,0,0.0,0
knn,2,SR1482_40X_HE_T102_01,0,0.0,0
knn,2,SR1482_40X_HE_T123_01,0,0.0,0
knn,2,SR1482_40X_HE_T142_01,0,0.0,0
knn,2,SR1482_40X_HE_T146_01,0,0.6666666666666666,1
knn,2,SR1482_40X_HE_T148_01,0,0.0,0
knn,2,SR1482_40X_HE_T148_02,0,0.0,0
knn,2,SR1482_40X_HE_T154_01,0,0.0,0
knn,2,SR1482_40X_HE_T158_01,0,0.0,0
knn,2,SR1482_40X_HE_T161_01,0,0.3333333333333333,0
knn,2,SR1482_40X_HE_T161_02,0,0.0,0
knn,2,SR1482_40X_HE_T164_01,1,0.0,0
knn,2,SR1482_40X_HE_T164_02,1,0.0,0
knn,2,SR1482_40X_HE_T168_01,0,0.0,0
knn,2,SR1482_40X_HE_T171_01,0,0.0,0
knn,2,SR1482_40X_HE_T171_02,0,0.0,0
knn,2,SR1482_40X_HE_T178_01,1,0.0,0
knn,2,SR1482_40X_HE_T186_01,0,0.0,0
knn,2,SR1482_40X_HE_T193_01,0,0.3333333333333333,0
knn,2,SR1482_40X_HE_T193_02,0,0.3333333333333333,0
knn,2,SR1482_40X_HE_T209_01,0,0.0,0
knn,2,SR1482_40X_HE_T209_02,0,0.0,0
knn,2,SR1482_40X_HE_T245_01,0,0.0,0
knn,2,SR1482_40X_HE_T245_02,0,0.3333333333333333,0
knn,2,SR1482_40X_HE_T265_01,0,0.0,0
knn,2,SR1482_40X_HE_T302_01,0,0.0,0
knn,2,SR1482_40X_HE_T343_01,1,0.0,0
knn,2,SR1482_40X_HE_T343_02,1,0.0,0
knn,2,SR1482_40X_HE_T399_01,0,0.0,0
knn,2,SR1482_40X_HE_T399_02,0,0.0,0
knn,2,SR1482_40X_HE_T426_01,0,0.0,0
knn,2,SR1482_40X_HE_T426_02,0,0.0,0
knn,2,SR386_40X_HE_T001_01,0,0.0,0
knn,2,SR386_40X_HE_T013_01,0,0.3333333333333333,0
knn,2,SR386_40X_HE_T018_01,0,0.0,0
knn,2,SR386_40X_HE_T019_01,0,0.3333333333333333,0
knn,2,SR386_40X_HE_T024_01,0,0.0,0
knn,2,SR386_40X_HE_T039_01,0,0.0,0
knn,2,SR386_40X_HE_T040_01,1,0.3333333333333333,0
knn,2,SR386_40X_HE_T042_01,0,0.0,0
knn,2,SR386_40X_HE_T047_01,0,0.0,0
knn,2,SR386_40X_HE_T051_01,0,0.0,0
knn,2,SR386_40X_HE_T052_01,0,0.0,0
knn,2,SR386_40X_HE_T056_01,0,0.0,0
knn,2,SR386_40X_HE_T057_01,0,0.0,0
knn,2,SR386_40X_HE_T070_01,0,0.0,0
knn,2,SR386_40X_HE_T082_01,0,0.0,0
knn,2,SR386_40X_HE_T084_01,0,0.3333333333333333,0
knn,2,SR386_40X_HE_T087_01,0,0.3333333333333333,0
knn,2,SR386_40X_HE_T088_01,0,0.0,0
knn,2,SR386_40X_HE_T098_01,0,0.0,0
knn,2,SR386_40X_HE_T105_01,0,0.0,0
knn,2,SR386_40X_HE_T122_01,0,0.0,0
knn,2,SR386_40X_HE_T123_01,0,0.3333333333333333,0
knn,2,SR386_40X_HE_T133_01,0,0.0,0
knn,2,SR386_40X_HE_T145_01,0,0.0,0
knn,2,SR386_40X_HE_T150_01,0,0.3333333333333333,0
knn,2,SR386_40X_HE_T152_01,0,0.0,0
knn,2,SR386_40X_HE_T155_01,0,0.0,0
knn,2,SR386_40X_HE_T157_01,0,0.0,0
knn,2,SR386_40X_HE_T164_01,0,0.0,0
knn,2,SR386_40X_HE_T166_01,0,0.0,0
knn,2,SR386_40X_HE_T176_01,1,0.3333333333333333,0
knn,2,SR386_40X_HE_T177_01,0,0.0,0
knn,2,SR386_40X_HE_T178_01,0,0.0,0
knn,2,SR386_40X_HE_T187_01,0,0.0,0
knn,2,SR386_40X_HE_T190_01,0,0.0,0
knn,2,SR386_40X_HE_T192_01,0,0.0,0
knn,2,SR386_40X_HE_T198_01,0,0.0,0
knn,2,SR386_40X_HE_T200_01,0,0.0,0
knn,2,SR386_40X_HE_T206_01,1,0.0,0
knn,2,SR386_40X_HE_T211_01,0,0.0,0
knn,2,SR386_40X_HE_T213_01,0,0.0,0
knn,2,SR386_40X_HE_T214_01,0,0.0,0
knn,2,SR386_40X_HE_T220_01,0,0.0,0
knn,2,SR386_40X_HE_T230_01,1,0.0,0
knn,2,SR386_40X_HE_T236_01,0,0.0,0
knn,2,SR386_40X_HE_T237_01,0,0.0,0
knn,2,SR386_40X_HE_T240_01,0,0.0,0
knn,2,SR386_40X_HE_T241_01,0,0.0,0
knn,2,SR386_40X_HE_T242_01,0,0.0,0
knn,2,SR386_40X_HE_T253_01,0,0.0,0
knn,2,SR386_40X_HE_T260_01,0,0.0,0
knn,2,SR386_40X_HE_T262_01,0,0.0,0
knn,2,SR386_40X_HE_T264_01,0,0.0,0
knn,2,SR386_40X_HE_T271_01,0,0.3333333333333333,0
knn,2,SR386_40X_HE_T281_01,0,0.3333333333333333,0
knn,2,SR386_40X_HE_T297_01,0,0.0,0
knn,2,SR386_40X_HE_T299_01,0,0.0,0
knn,2,SR386_40X_HE_T301_01,0,0.0,0
knn,2,SR386_40X_HE_T306_01,0,0.0,0
knn,2,SR386_40X_HE_T309_01,0,0.0,0
knn,2,SR386_40X_HE_T314_01,0,0.0,0
knn,2,SR386_40X_HE_T316_01,0,0.0,0
knn,2,SR386_40X_HE_T318_01,0,0.0,0
knn,2,SR386_40X_HE_T321_01,0,0.0,0
knn,2,SR386_40X_HE_T326_01,0,0.0,0
knn,2,SR386_40X_HE_T327_01,0,0.0,0
knn,2,SR386_40X_HE_T332_01,1,0.0,0
knn,2,SR386_40X_HE_T355_01,0,0.0,0
knn,2,SR386_40X_HE_T364_01,0,0.0,0
knn,2,SR386_40X_HE_T368_01,1,0.0,0
knn,2,SR386_40X_HE_T374_01,0,0.0,0
knn,2,SR386_40X_HE_T380_01,0,0.0,0
knn,2,SR386_40X_HE_T382_01,0,0.0,0
knn,2,SR386_40X_HE_T392_01,0,0.0,0
knn,2,SR386_40X_HE_T398_01,0,0.0,0
knn,2,SR386_40X_HE_T402_01,1,0.0,0
knn,2,SR386_40X_HE_T404_01,0,0.0,0
knn,2,SR386_40X_HE_T415_01,0,0.0,0
knn,2,SR386_40X_HE_T417_01,0,0.0,0
knn,2,SR386_40X_HE_T425_01,0,0.0,0
knn,2,SR386_40X_HE_T436_01,1,0.0,0
knn,2,SR386_40X_HE_T437_01,0,0.0,0
knn,2,SR386_40X_HE_T440_01,0,0.0,0
knn,2,SR386_40X_HE_T445_01,0,0.0,0
knn,2,SR386_40X_HE_T450_01,0,0.0,0
knn,2,SR386_40X_HE_T459_01,0,0.0,0
knn,2,SR386_40X_HE_T472_01,0,0.0,0
knn,2,SR386_40X_HE_T481_01,0,0.0,0
knn,2,SR386_40X_HE_T483_01,0,0.0,0
knn,2,SR386_40X_HE_T486_01,0,0.0,0
knn,2,SR386_40X_HE_T488_01,0,0.0,0
knn,2,SR386_40X_HE_T499_01,0,0.0,0
knn,2,SR386_40X_HE_T507_01,0,0.0,0
knn,2,SR386_40X_HE_T514_01,0,0.0,0
knn,2,SR386_40X_HE_T520_01,1,0.0,0
knn,2,SR386_40X_HE_T522_01,0,0.0,0
knn,2,SR386_40X_HE_T531_01,0,0.0,0
knn,2,SR386_40X_HE_T535_01,0,0.0,0
knn,2,SR386_40X_HE_T539_01,0,0.0,0
knn,2,SR386_40X_HE_T549_01,0,0.0,0
knn,2,SR386_40X_HE_T552_01,0,0.0,0
knn,2,SR386_40X_HE_T553_01,0,0.0,0
knn,2,SR386_40X_HE_T554_01,0,0.3333333333333333,0
knn,2,SR386_40X_HE_T558_01,0,0.0,0
knn,2,SR386_40X_HE_T564_01,0,0.0,0
knn,2,SR386_40X_HE_T570_01,0,0.0,0
knn,2,SR386_40X_HE_T574_01,0,0.0,0
knn,2,SR386_40X_HE_T578_01,0,0.0,0
knn,2,SR386_40X_HE_T580_01,0,0.0,0
knn,3,SR1482_40X_HE_T005_01,0,0.0,0
knn,3,SR1482_40X_HE_T005_02,0,0.3333333333333333,0
knn,3,SR1482_40X_HE_T010_01,0,0.0,0
knn,3,SR1482_40X_HE_T043_01,0,0.6666666666666666,1
knn,3,SR1482_40X_HE_T043_02,0,0.6666666666666666,1
knn,3,SR1482_40X_HE_T049_01,0,0.0,0
knn,3,SR1482_40X_HE_T061_01,0,0.0,0
knn,3,SR1482_40X_HE_T061_02,0,0.0,0
knn,3,SR1482_40X_HE_T070_01,1,0.0,0
knn,3,SR1482_40X_HE_T073_01,0,0.0,0
knn,3,SR1482_40X_HE_T082_01,0,0.0,0
knn,3,SR1482_40X_HE_T082_02,0,0.0,0
knn,3,SR1482_40X_HE_T089_01,0,0.0,0
knn,3,SR1482_40X_HE_T090_01,0,0.0,0
knn,3,SR1482_40X_HE_T094_01,1,0.0,0
knn,3,SR1482_40X_HE_T094_02,1,0.0,0
knn,3,SR1482_40X_HE_T105_01,0,0.0,0
knn,3,SR1482_40X_HE_T115_01,0,0.0,0
knn,3,SR1482_40X_HE_T115_02,0,0.0,0
knn,3,SR1482_40X_HE_T118_01,0,0.6666666666666666,1
knn,3,SR1482_40X_HE_T118_02,0,0.3333333333333333,0
knn,3,SR1482_40X_HE_T120_01,0,0.3333333333333333,0
knn,3,SR1482_40X_HE_T120_02,0,0.3333333333333333,0
knn,3,SR1482_40X_HE_T124_01,0,0.3333333333333333,0
knn,3,SR1482_40X_HE_T124_02,0,0.3333333333333333,0
knn,3,SR1482_40X_HE_T138_01,0,0.0,0
knn,3,SR1482_40X_HE_T160_01,0,0.3333333333333333,0
knn,3,SR1482_40X_HE_T160_02,0,0.3333333333333333,0
knn,3,SR1482_40X_HE_T167_01,0,0.3333333333333333,0
knn,3,SR1482_40X_HE_T167_02,0,0.0,0
knn,3,SR1482_40X_HE_T175_01,0,0.6666666666666666,1
knn,3,SR1482_40X_HE_T175_02,0,0.0,0
knn,3,SR1482_40X_HE_T177_01,1,0.0,0
knn,3,SR1482_40X_HE_T188_01,0,0.3333333333333333,0
knn,3,SR1482_40X_HE_T195_01,0,0.3333333333333333,0
knn,3,SR1482_40X_HE_T195_02,0,0.0,0
knn,3,SR1482_40X_HE_T202_01,0,0.3333333333333333,0
knn,3,SR1482_40X_HE_T202_02,0,0.0,0
knn,3,SR1482_40X_HE_T225_01,0,0.6666666666666666,1
knn,3,SR1482_40X_HE_T225_02,0,0.0,0
knn,3,SR1482_40X_HE_T235_01,0,0.3333333333333333,0
knn,3,SR1482_40X_HE_T235_02,0,0.0,0
knn,3,SR1482_40X_HE_T236_01,0,0.0,0
knn,3,SR1482_40X_HE_T236_02,0,0.0,0
knn,3,SR1482_40X_HE_T258_01,0,0.0,0
knn,3,SR1482_40X_HE_T258_02,0,0.6666666666666666,1
knn,3,SR1482_40X_HE_T284_01,1,0.6666666666666666,1
knn,3,SR1482_40X_HE_T284_02,1,0.3333333333333333,0
knn,3,SR1482_40X_HE_T301_01,1,0.0,0
knn,3,SR1482_40X_HE_T301_02,1,0.6666666666666666,1
knn,3,SR1482_40X_HE_T309_01,0,0.0,0
knn,3,SR1482_40X_HE_T313_01,0,0.3333333333333333,0
knn,3,SR1482_40X_HE_T313_02,0,0.3333333333333333,0
knn,3,SR1482_40X_HE_T338_01,0,0.3333333333333333,0
knn,3,SR1482_40X_HE_T344_01,0,0.0,0
knn,3,SR1482_40X_HE_T344_02,0,0.0,0
knn,3,SR1482_40X_HE_T346_01,0,0.3333333333333333,0
knn,3,SR1482_40X_HE_T346_02,0,0.3333333333333333,0
knn,3,SR1482_40X_HE_T377_01,0,0.0,0
knn,3,SR1482_40X_HE_T377_02,0,0.0,0
knn,3,SR1482_40X_HE_T419_01,0,0.0,0
knn,3,SR1482_40X_HE_T427_01,0,0.0,0
knn,3,SR1482_40X_HE_T427_02,0,0.0,0
knn,3,SR386_40X_HE_T007_01,0,0.0,0
knn,3,SR386_40X_HE_T015_01,0,0.0,0
knn,3,SR386_40X_HE_T017_01,1,0.0,0
knn,3,SR386_40X_HE_T032_01,0,0.0,0
knn,3,SR386_40X_HE_T034_01,0,0.0,0
knn,3,SR386_40X_HE_T035_01,0,0.0,0
knn,3,SR386_40X_HE_T041_01,0,0.6666666666666666,1
knn,3,SR386_40X_HE_T067_01,0,0.0,0
knn,3,SR386_40X_HE_T075_01,0,0.0,0
knn,3,SR386_40X_HE_T081_01,0,0.0,0
knn,3,SR386_40X_HE_T083_01,0,0.0,0
knn,3,SR386_40X_HE_T085_01,0,0.0,0
knn,3,SR386_40X_HE_T095_01,0,0.3333333333333333,0
knn,3,SR386_40X_HE_T104_01,0,0.3333333333333333,0
knn,3,SR386_40X_HE_T106_01,0,0.0,0
knn,3,SR386_40X_HE_T112_01,0,0.0,0
knn,3,SR386_40X_HE_T128_01,0,0.0,0
knn,3,SR386_40X_HE_T132_01,0,0.0,0
knn,3,SR386_40X_HE_T138_01,0,0.0,0
knn,3,SR386_40X_HE_T142_01,0,0.0,0
knn,3,SR386_40X_HE_T149_01,0,0.3333333333333333,0
knn,3,SR386_40X_HE_T165_01,1,0.0,0
knn,3,SR386_40X_HE_T179_01,0,0.0,0
knn,3,SR386_40X_HE_T180_01,0,0.0,0
knn,3,SR386_40X_HE_T182_01,0,0.0,0
knn,3,SR386_40X_HE_T184_01,0,0.3333333333333333,0
knn,3,SR386_40X_HE_T188_01,0,0.0,0
knn,3,SR386_40X_HE_T191_01,0,0.0,0
knn,3,SR386_40X_HE_T197_01,0,0.0,0
knn,3,SR386_40X_HE_T201_01,0,0.0,0
knn,3,SR386_40X_HE_T202_01,0,0.0,0
knn,3,SR386_40X_HE_T208_01,0,0.0,0
knn,3,SR386_40X_HE_T216_01,1,0.0,0
knn,3,SR386_40X_HE_T238_01,0,0.0,0
knn,3,SR386_40X_HE_T244_01,0,0.0,0
knn,3,SR386_40X_HE_T248_01,0,0.0,0
knn,3,SR386_40X_HE_T249_01,0,0.0,0
knn,3,SR386_40X_HE_T250_01,0,0.0,0
knn,3,SR386_40X_HE_T263_01,0,0.0,0
knn,3,SR386_40X_HE_T267_01,0,0.0,0
knn,3,SR386_40X_HE_T269_01,0,0.0,0
knn,3,SR386_40X_HE_T277_01,0,0.0,0
knn,3,SR386_40X_HE_T286_01,0,0.0,0
knn,3,SR386_40X_HE_T287_01,0,0.0,0
knn,3,SR386_40X_HE_T290_01,0,0.0,0
knn,3,SR386_40X_HE_T293_01,0,0.0,0
knn,3,SR386_40X_HE_T298_01,0,0.0,0
knn,3,SR386_40X_HE_T303_01,0,0.0,0
knn,3,SR386_40X_HE_T312_01,0,0.0,0
knn,3,SR386_40X_HE_T329_01,0,0.3333333333333333,0
knn,3,SR386_40X_HE_T336_01,0,0.0,0
knn,3,SR386_40X_HE_T338_01,0,0.0,0
knn,3,SR386_40X_HE_T342_01,0,0.0,0
knn,3,SR386_40X_HE_T353_01,0,0.0,0
knn,3,SR386_40X_HE_T357_01,0,0.0,0
knn,3,SR386_40X_HE_T362_01,0,0.0,0
knn,3,SR386_40X_HE_T363_01,1,0.0,0
knn,3,SR386_40X_HE_T372_01,0,0.3333333333333333,0
knn,3,SR386_40X_HE_T378_01,0,0.0,0
knn,3,SR386_40X_HE_T379_01,0,0.0,0
knn,3,SR386_40X_HE_T386_01,0,0.0,0
knn,3,SR386_40X_HE_T387_01,0,0.0,0
knn,3,SR386_40X_HE_T393_01,0,0.0,0
knn,3,SR386_40X_HE_T397_01,0,0.6666666666666666,1
knn,3,SR386_40X_HE_T406_01,0,0.0,0
knn,3,SR386_40X_HE_T409_01,0,0.3333333333333333,0
knn,3,SR386_40X_HE_T422_01,0,0.0,0
knn,3,SR386_40X_HE_T426_01,0,0.0,0
knn,3,SR386_40X_HE_T433_01,0,0.0,0
knn,3,SR386_40X_HE_T443_01,0,0.0,0
knn,3,SR386_40X_HE_T448_01,0,0.0,0
knn,3,SR386_40X_HE_T452_01,0,0.3333333333333333,0
knn,3,SR386_40X_HE_T460_01,1,0.3333333333333333,0
knn,3,SR386_40X_HE_T473_01,0,0.0,0
knn,3,SR386_40X_HE_T475_01,0,0.0,0
knn,3,SR386_40X_HE_T478_01,0,0.0,0
knn,3,SR386_40X_HE_T489_01,1,0.0,0
knn,3,SR386_40X_HE_T491_01,0,0.0,0
knn,3,SR386_40X_HE_T492_01,0,0.0,0
knn,3,SR386_40X_HE_T493_01,0,0.0,0
knn,3,SR386_40X_HE_T502_01,0,0.0,0
knn,3,SR386_40X_HE_T505_01,0,0.0,0
knn,3,SR386_40X_HE_T506_01,0,0.0,0
knn,3,SR386_40X_HE_T509_01,0,0.3333333333333333,0
knn,3,SR386_40X_HE_T516_01,0,0.0,0
knn,3,SR386_40X_HE_T518_01,0,0.0,0
knn,3,SR386_40X_HE_T519_01,0,0.0,0
knn,3,SR386_40X_HE_T521_01,0,0.0,0
knn,3,SR386_40X_HE_T526_01,0,0.0,0
knn,3,SR386_40X_HE_T533_01,0,0.0,0
knn,3,SR386_40X_HE_T543_01,0,0.0,0
knn,3,SR386_40X_HE_T544_01,0,0.0,0
knn,3,SR386_40X_HE_T556_01,1,0.0,0
knn,3,SR386_40X_HE_T560_01,0,0.0,0
knn,3,SR386_40X_HE_T563_01,0,0.0,0
knn,3,SR386_40X_HE_T568_01,0,0.0,0
knn,3,SR386_40X_HE_T571_01,0,0.3333333333333333,0
knn,3,SR386_40X_HE_T572_01,0,0.0,0
knn,3,SR386_40X_HE_T573_01,0,0.0,0
knn,3,SR386_40X_HE_T583_01,0,0.0,0
knn,4,SR1482_40X_HE_T002_01,0,0.0,0
knn,4,SR1482_40X_HE_T003_01,0,0.0,0
knn,4,SR1482_40X_HE_T004_01,0,0.19558971259929564,0
knn,4,SR1482_40X_HE_T004_02,0,0.1925219215174007,0
knn,4,SR1482_40X_HE_T011_01,0,0.0,0
knn,4,SR1482_40X_HE_T025_01,0,0.0,0
knn,4,SR1482_40X_HE_T025_02,0,0.0,0
knn,4,SR1482_40X_HE_T060_01,0,0.0,0
knn,4,SR1482_40X_HE_T062_01,0,0.0,0
knn,4,SR1482_40X_HE_T062_02,0,0.42880174949496874,0
knn,4,SR1482_40X_HE_T064_01,0,0.0,0
knn,4,SR1482_40X_HE_T064_02,0,0.22609076851934848,0
knn,4,SR1482_40X_HE_T071_01,0,0.2157566144595905,0
knn,4,SR1482_40X_HE_T071_02,0,0.20417497243602295,0
knn,4,SR1482_40X_HE_T074_01,0,0.0,0
knn,4,SR1482_40X_HE_T074_02,0,0.0,0
knn,4,SR1482_40X_HE_T083_01,0,0.20948068385762056,0
knn,4,SR1482_40X_HE_T083_02,0,0.0,0
knn,4,SR1482_40X_HE_T087_01,0,0.0,0
knn,4,SR1482_40X_HE_T097_01,1,0.18249891573968102,0
knn,4,SR1482_40X_HE_T097_02,1,0.18024217839024945,0
knn,4,SR1482_40X_HE_T108_01,0,0.0,0
knn,4,SR1482_40X_HE_T113_01,0,0.46944273280004034,0
knn,4,SR1482_40X_HE_T113_02,0,0.0,0
knn,4,SR1482_40X_HE_T121_01,0,0.0,0
knn,4,SR1482_40X_HE_T122_01,0,0.0,0
knn,4,SR1482_40X_HE_T125_01,0,0.0,0
knn,4,SR1482_40X_HE_T125_02,0,0.19179256712607962,0
knn,4,SR1482_40X_HE_T131_01,0,0.0,0
knn,4,SR1482_40X_HE_T131_02,0,0.0,0
knn,4,SR1482_40X_HE_T132_01,0,0.0,0
knn,4,SR1482_40X_HE_T132_02,0,0.2138001373125175,0
knn,4,SR1482_40X_HE_T143_01,0,0.0,0
knn,4,SR1482_40X_HE_T143_02,0,0.0,0
knn,4,SR1482_40X_HE_T166_01,1,0.0,0
knn,4,SR1482_40X_HE_T169_01,0,0.22293261257816088,0
knn,4,SR1482_40X_HE_T176_01,1,0.2257894009790348,0
knn,4,SR1482_40X_HE_T176_02,1,0.18979407460160422,0
knn,4,SR1482_40X_HE_T191_01,0,0.0,0
knn,4,SR1482_40X_HE_T194_01,0,0.6008316623984181,1
knn,4,SR1482_40X_HE_T218_01,0,0.0,0
knn,4,SR1482_40X_HE_T253_01,0,0.0,0
knn,4,SR1482_40X_HE_T290_01,0,0.0,0
knn,4,SR1482_40X_HE_T308_01,0,0.6371693562952738,1
knn,4,SR1482_40X_HE_T314_01,0,0.40751901802424745,0
knn,4,SR1482_40X_HE_T314_02,0,0.3699098524010935,0
knn,4,SR1482_40X_HE_T372_01,1,0.4700488982796299,0
knn,4,SR1482_40X_HE_T372_02,1,0.0,0
knn,4,SR1482_40X_HE_T408_01,0,0.0,0
knn,4,SR1482_40X_HE_T412_01,0,0.20342342095332766,0
knn,4,SR1482_40X_HE_T425_01,0,0.0,0
knn,4,SR1482_40X_HE_T434_01,1,0.1955070044314386,0
knn,4,SR386_40X_HE_T006_01,0,0.0,0
knn,4,SR386_40X_HE_T010_01,0,0.0,0
knn,4,SR386_40X_HE_T014_01,0,0.0,0
knn,4,SR386_40X_HE_T016_01,0,0.0,0
knn,4,SR386_40X_HE_T020_01,0,0.0,0
knn,4,SR386_40X_HE_T027_01,0,0.0,0
knn,4,SR386_40X_HE_T028_01,0,0.17771329130910957,0
knn,4,SR386_40X_HE_T037_01,0,0.0,0
knn,4,SR386_40X_HE_T043_01,0,0.0,0
knn,4,SR386_40X_HE_T044_01,1,0.22596684697907027,0
knn,4,SR386_40X_HE_T046_01,0,0.0,0
knn,4,SR386_40X_HE_T058_01,0,0.0,0
knn,4,SR386_40X_HE_T062_01,0,0.0,0
knn,4,SR386_40X_HE_T065_01,1,0.0,0
knn,4,SR386_40X_HE_T080_01,0,0.0,0
knn,4,SR386_40X_HE_T091_01,0,0.0,0
knn,4,SR386_40X_HE_T094_01,0,0.0,0
knn,4,SR386_40X_HE_T097_01,0,0.0,0
knn,4,SR386_40X_HE_T100_01,0,0.0,0
knn,4,SR386_40X_HE_T107_01,0,0.1897670425731802,0
knn,4,SR386_40X_HE_T109_01,1,0.3540144154058729,0
knn,4,SR386_40X_HE_T110_01,0,0.0,0
knn,4,SR386_40X_HE_T117_01,0,0.0,0
knn,4,SR386_40X_HE_T127_01,0,0.0,0
knn,4,SR386_40X_HE_T129_01,0,0.0,0
knn,4,SR386_40X_HE_T136_01,0,0.0,0
knn,4,SR386_40X_HE_T154_01,0,0.18310385951394817,0
knn,4,SR386_40X_HE_T168_01,1,0.0,0
knn,4,SR386_40X_HE_T175_01,0,0.0,0
knn,4,SR386_40X_HE_T189_01,0,0.0,0
knn,4,SR386_40X_HE_T195_01,0,0.0,0
knn,4,SR386_40X_HE_T227_01,0,0.0,0
knn,4,SR386_40X_HE_T233_01,0,0.0,0
knn,4,SR386_40X_HE_T234_01,0,0.37172553302162953,0
knn,4,SR386_40X_HE_T235_01,0,0.0,0
knn,4,SR386_40X_HE_T239_01,0,0.0,0
knn,4,SR386_40X_HE_T245_01,0,0.0,0
knn,4,SR386_40X_HE_T256_01,0,0.20786203821984914,0
knn,4,SR386_40X_HE_T265_01,0,0.0,0
knn,4,SR386_40X_HE_T268_01,0,0.0,0
knn,4,SR386_40X_HE_T270_01,0,0.0,0
knn,4,SR386_40X_HE_T272_01,0,0.0,0
knn,4,SR386_40X_HE_T273_01,0,0.0,0
knn,4,SR386_40X_HE_T276_01,0,0.1947972097824088,0
knn,4,SR386_40X_HE_T278_01,1,0.18912813494931952,0
knn,4,SR386_40X_HE_T284_01,0,0.0,0
knn,4,SR386_40X_HE_T285_01,0,0.0,0
knn,4,SR386_40X_HE_T288_01,0,0.0,0
knn,4,SR386_40X_HE_T291_01,0,0.0,0
knn,4,SR386_40X_HE_T300_01,0,0.0,0
knn,4,SR386_40X_HE_T302_01,0,0.0,0
knn,4,SR386_40X_HE_T305_01,0,0.0,0
knn,4,SR386_40X_HE_T308_01,0,0.0,0
knn,4,SR386_40X_HE_T325_01,0,0.0,0
knn,4,SR386_40X_HE_T331_01,0,0.2609541680579434,0
knn,4,SR386_40X_HE_T341_01,0,0.0,0
knn,4,SR386_40X_HE_T343_01,1,0.0,0
knn,4,SR386_40X_HE_T346_01,0,0.0,0
knn,4,SR386_40X_HE_T352_01,0,0.0,0
knn,4,SR386_40X_HE_T373_01,0,0.0,0
knn,4,SR386_40X_HE_T375_01,0,0.0,0
knn,4,SR386_40X_HE_T381_01,0,0.0,0
knn,4,SR386_40X_HE_T389_01,0,0.1727575784633973,0
knn,4,SR386_40X_HE_T391_01,0,0.0,0
knn,4,SR386_40X_HE_T394_01,0,0.0,0
knn,4,SR386_40X_HE_T399_01,0,0.19597952715561628,0
knn,4,SR386_40X_HE_T403_01,0,0.0,0
knn,4,SR386_40X_HE_T405_01,0,0.184001701278558,0
knn,4,SR386_40X_HE_T407_01,0,0.0,0
knn,4,SR386_40X_HE_T414_01,0,0.0,0
knn,4,SR386_40X_HE_T424_01,0,0.19084785647111147,0
knn,4,SR386_40X_HE_T429_01,0,0.0,0
knn,4,SR386_40X_HE_T441_01,0,0.23503994677832468,0
knn,4,SR386_40X_HE_T451_01,0,0.0,0
knn,4,SR386_40X_HE_T453_01,0,0.0,0
knn,4,SR386_40X_HE_T455_01,0,0.0,0
knn,4,SR386_40X_HE_T465_01,0,0.0,0
knn,4,SR386_40X_HE_T474_01,0,0.0,0
knn,4,SR386_40X_HE_T476_01,0,0.24318697914506382,0
knn,4,SR386_40X_HE_T479_01,0,0.0,0
knn,4,SR386_40X_HE_T482_01,0,0.0,0
knn,4,SR386_40X_HE_T487_01,0,0.0,0
knn,4,SR386_40X_HE_T490_01,0,0.0,0
knn,4,SR386_40X_HE_T494_01,0,0.0,0
knn,4,SR386_40X_HE_T500_01,0,0.0,0
knn,4,SR386_40X_HE_T510_01,0,0.2109650036192924,0
knn,4,SR386_40X_HE_T524_01,0,0.19138904257621078,0
knn,4,SR386_40X_HE_T528_01,0,0.18600485517984694,0
knn,4,SR386_40X_HE_T532_01,0,0.0,0
knn,4,SR386_40X_HE_T534_01,0,0.0,0
knn,4,SR386_40X_HE_T536_01,0,0.0,0
knn,4,SR386_40X_HE_T537_01,0,0.0,0
knn,4,SR386_40X_HE_T541_01,0,0.0,0
knn,4,SR386_40X_HE_T548_01,1,0.0,0
knn,4,SR386_40X_HE_T550_01,0,0.23094878162835286,0
knn,4,SR386_40X_HE_T551_01,0,0.0,0
knn,4,SR386_40X_HE_T557_01,0,0.0,0
knn,4,SR386_40X_HE_T565_01,0,0.0,0
knn,4,SR386_40X_HE_T567_01,0,0.0,0
knn,4,SR386_40X_HE_T575_01,0,0.19679499328396363,0
knn,4,SR386_40X_HE_T576_01,0,0.0,0
knn,4,SR386_40X_HE_T581_01,0,0.6048589096450985,1
proto,1,SR1482_40X_HE_T029_01,0,0.5079965591430664,1
proto,1,SR1482_40X_HE_T029_02,0,0.507165789604187,1
proto,1,SR1482_40X_HE_T057_01,0,0.4991987347602844,0
proto,1,SR1482_40X_HE_T063_01,1,0.5145029425621033,1
proto,1,SR1482_40X_HE_T063_02,1,0.5132608413696289,1
proto,1,SR1482_40X_HE_T065_01,0,0.500898003578186,1
proto,1,SR1482_40X_HE_T065_02,0,0.5013701319694519,1
proto,1,SR1482_40X_HE_T066_01,0,0.501213788986206,1
proto,1,SR1482_40X_HE_T066_02,0,0.5141473412513733,1
proto,1,SR1482_40X_HE_T068_01,0,0.49502304196357727,0
proto,1,SR1482_40X_HE_T069_01,0,0.5118889808654785,1
proto,1,SR1482_40X_HE_T069_02,0,0.5034124851226807,1
proto,1,SR1482_40X_HE_T079_01,1,0.5118759870529175,1
proto,1,SR1482_40X_HE_T079_02,1,0.5136080980300903,1
proto,1,SR1482_40X_HE_T080_01,0,0.4958994686603546,0
proto,1,SR1482_40X_HE_T080_02,0,0.50846928358078,1
proto,1,SR1482_40X_HE_T081_01,0,0.5066044926643372,1
proto,1,SR1482_40X_HE_T081_02,0,0.49981826543807983,0
proto,1,SR1482_40X_HE_T099_01,0,0.49376019835472107,0
proto,1,SR1482_40X_HE_T116_01,0,0.5051061511039734,1
proto,1,SR1482_40X_HE_T117_01,0,0.5040919780731201,1
proto,1,SR1482_40X_HE_T117_02,0,0.5023016929626465,1
proto,1,SR1482_40X_HE_T126_01,0,0.5044099688529968,1
proto,1,SR1482_40X_HE_T129_01,0,0.5000750422477722,1
proto,1,SR1482_40X_HE_T129_02,0,0.5130508542060852,1
proto,1,SR1482_40X_HE_T139_01,0,0.5058709979057312,1
proto,1,SR1482_40X_HE_T139_02,0,0.506786048412323,1
proto,1,SR1482_40X_HE_T147_01,0,0.5071131587028503,1
proto,1,SR1482_40X_HE_T147_02,0,0.5140952467918396,1
proto,1,SR1482_40X_HE_T159_01,0,0.5038637518882751,1
proto,1,SR1482_40X_HE_T159_02,0,0.5045908093452454,1
proto,1,SR1482_40X_HE_T192_01,0,0.505560040473938,1
proto,1,SR1482_40X_HE_T199_01,0,0.5022769570350647,1
proto,1,SR1482_40X_HE_T304_01,0,0.5020186901092529,1
proto,1,SR1482_40X_HE_T304_02,0,0.499590128660202,0
proto,1,SR1482_40X_HE_T310_01,1,0.5125672817230225,1
proto,1,SR1482_40X_HE_T310_02,1,0.5121796131134033,1
proto,1,SR1482_40X_HE_T341_01,0,0.4948733150959015,0
proto,1,SR1482_40X_HE_T341_02,0,0.5011692643165588,1
proto,1,SR1482_40X_HE_T353_01,0,0.49729394912719727,0
proto,1,SR1482_40X_HE_T390_01,0,0.49491146206855774,0
proto,1,SR1482_40X_HE_T433_01,1,0.5044170022010803,1
proto,1,SR386_40X_HE_T003_01,0,0.4909471869468689,0
proto,1,SR386_40X_HE_T004_01,0,0.49328044056892395,0
proto,1,SR386_40X_HE_T022_01,1,0.4943311810493469,0
proto,1,SR386_40X_HE_T030_01,0,0.4939940571784973,0
proto,1,SR386_40X_HE_T033_01,0,0.49188873171806335,0
proto,1,SR386_40X_HE_T036_01,0,0.4962933659553528,0
proto,1,SR386_40X_HE_T038_01,0,0.49077656865119934,0
proto,1,SR386_40X_HE_T049_01,0,0.48811566829681396,0
proto,1,SR386_40X_HE_T050_01,0,0.5088025331497192,1
proto,1,SR386_40X_HE_T060_01,0,0.5055941939353943,1
proto,1,SR386_40X_HE_T063_01,0,0.4937936067581177,0
proto,1,SR386_40X_HE_T066_01,0,0.4915248453617096,0
proto,1,SR386_40X_HE_T069_01,0,0.490712970495224,0
proto,1,SR386_40X_HE_T072_01,0,0.4911922216415405,0
proto,1,SR386_40X_HE_T074_01,0,0.4918757677078247,0
proto,1,SR386_40X_HE_T078_01,0,0.49182966351509094,0
proto,1,SR386_40X_HE_T079_01,0,0.48714014887809753,0
proto,1,SR386_40X_HE_T092_01,1,0.49150314927101135,0
proto,1,SR386_40X_HE_T096_01,0,0.4859182834625244,0
proto,1,SR386_40X_HE_T099_01,0,0.49863770604133606,0
proto,1,SR386_40X_HE_T103_01,0,0.493481308221817,0
proto,1,SR386_40X_HE_T108_01,0,0.4941129684448242,0
proto,1,SR386_40X_HE_T113_01,0,0.4930931627750397,0
proto,1,SR386_40X_HE_T114_01,0,0.4913749098777771,0
proto,1,SR386_40X_HE_T119_01,0,0.4880163073539734,0
proto,1,SR386_40X_HE_T126_01,0,0.4927634298801422,0
proto,1,SR386_40X_HE_T130_01,0,0.4861654043197632,0
proto,1,SR386_40X_HE_T131_01,0,0.49091675877571106,0
proto,1,SR386_40X_HE_T135_01,0,0.49198150634765625,0
proto,1,SR386_40X_HE_T140_01,0,0.4921649396419525,0
proto,1,SR386_40X_HE_T144_01,0,0.49384427070617676,0
proto,1,SR386_40X_HE_T147_01,0,0.4918445944786072,0
proto,1,SR386_40X_HE_T148_01,0,0.4941488206386566,0
proto,1,SR386_40X_HE_T160_01,0,0.4881662130355835,0
proto,1,SR386_40X_HE_T169_01,0,0.5018245577812195,1
proto,1,SR386_40X_HE_T170_01,1,0.49470531940460205,0
proto,1,SR386_40X_HE_T172_01,0,0.49414509534835815,0
proto,1,SR386_40X_HE_T174_01,0,0.4919021427631378,0
proto,1,SR386_40X_HE_T181_01,0,0.49098676443099976,0
proto,1,SR386_40X_HE_T196_01,0,0.48996883630752563,0
proto,1,SR386_40X_HE_T205_01,0,0.5073678493499756,1
proto,1,SR386_40X_HE_T209_01,0,0.4884377717971802,0
proto,1,SR386_40X_HE_T210_01,0,0.5055409669876099,1
proto,1,SR386_40X_HE_T212_01,0,0.503420889377594,1
proto,1,SR386_40X_HE_T221_01,0,0.48922091722488403,0
proto,1,SR386_40X_HE_T224_01,0,0.4913061857223511,0
proto,1,SR386_40X_HE_T231_01,1,0.5008584856987,1
proto,1,SR386_40X_HE_T232_01,0,0.48942670226097107,0
proto,1,SR386_40X_HE_T247_01,0,0.5027894377708435,1
proto,1,SR386_40X_HE_T252_01,0,0.4863687753677368,0
proto,1,SR386_40X_HE_T255_01,0,0.49947893619537354,0
proto,1,SR386_40X_HE_T259_01,1,0.4926510751247406,0
proto,1,SR386_40X_HE_T274_01,0,0.48839280009269714,0
proto,1,SR386_40X_HE_T275_01,0,0.4936528503894806,0
proto,1,SR386_40X_HE_T282_01,0,0.48859965801239014,0
proto,1,SR386_40X_HE_T294_01,0,0.49357160925865173,0
proto,1,SR386_40X_HE_T311_01,0,0.4903622269630432,0
proto,1,SR386_40X_HE_T315_01,0,0.4922536611557007,0
proto,1,SR386_40X_HE_T319_01,1,0.48972776532173157,0
proto,1,SR386_40X_HE_T324_01,1,0.49395596981048584,0
proto,1,SR386_40X_HE_T330_01,0,0.4909813404083252,0
proto,1,SR386_40X_HE_T333_01,0,0.48958927392959595,0
proto,1,SR386_40X_HE_T335_01,0,0.49400827288627625,0
proto,1,SR386_40X_HE_T337_01,0,0.49180716276168823,0
proto,1,SR386_40X_HE_T344_01,0,0.4932459890842438,0
proto,1,SR386_40X_HE_T347_01,0,0.48972877860069275,0
proto,1,SR386_40X_HE_T350_01,0,0.48893433809280396,0
proto,1,SR386_40X_HE_T351_01,0,0.49969860911369324,0
proto,1,SR386_40X_HE_T360_01,0,0.4934588372707367,0
proto,1,SR386_40X_HE_T361_01,0,0.4985300600528717,0
proto,1,SR386_40X_HE_T366_01,0,0.4887154698371887,0
proto,1,SR386_40X_HE_T377_01,1,0.4965100884437561,0
proto,1,SR386_40X_HE_T384_01,0,0.4861280620098114,0
proto,1,SR386_40X_HE_T395_01,0,0.4952758252620697,0
proto,1,SR386_40X_HE_T396_01,0,0.48722702264785767,0
proto,1,SR386_40X_HE_T401_01,0,0.49356964230537415,0
proto,1,SR386_40X_HE_T408_01,0,0.48886939883232117,0
proto,1,SR386_40X_HE_T410_01,0,0.4921840727329254,0
proto,1,SR386_40X_HE_T413_01,0,0.5001064538955688,1
proto,1,SR386_40X_HE_T416_01,0,0.4975501298904419,0
proto,1,SR386_40X_HE_T418_01,0,0.4883301556110382,0
proto,1,SR386_40X_HE_T419_01,0,0.49434688687324524,0
proto,1,SR386_40X_HE_T421_01,0,0.49708297848701477,0
proto,1,SR386_40X_HE_T423_01,0,0.4962253272533417,0
proto,1,SR386_40X_HE_T428_01,0,0.4902880787849426,0
proto,1,SR386_40X_HE_T430_01,0,0.49069711565971375,0
proto,1,SR386_40X_HE_T431_01,0,0.48964542150497437,0
proto,1,SR386_40X_HE_T435_01,0,0.49643540382385254,0
proto,1,SR386_40X_HE_T438_01,0,0.49019232392311096,0
proto,1,SR386_40X_HE_T439_01,0,0.5068077445030212,1
proto,1,SR386_40X_HE_T447_01,0,0.49149611592292786,0
proto,1,SR386_40X_HE_T449_01,0,0.48826512694358826,0
proto,1,SR386_40X_HE_T454_01,0,0.48714858293533325,0
proto,1,SR386_40X_HE_T456_01,0,0.489754855632782,0
proto,1,SR386_40X_HE_T461_01,0,0.4907335638999939,0
proto,1,SR386_40X_HE_T462_01,0,0.4898504614830017,0
proto,1,SR386_40X_HE_T468_01,0,0.48776015639305115,0
proto,1,SR386_40X_HE_T469_01,1,0.499003142118454,0
proto,1,SR386_40X_HE_T470_01,0,0.4890611469745636,0
proto,1,SR386_40X_HE_T471_01,0,0.5028992295265198,1
proto,1,SR386_40X_HE_T477_01,0,0.4918154776096344,0
proto,1,SR386_40X_HE_T480_01,0,0.49102869629859924,0
proto,1,SR386_40X_HE_T484_01,0,0.4894108474254608,0
proto,1,SR386_40X_HE_T495_01,0,0.487528532743454,0
proto,1,SR386_40X_HE_T496_01,0,0.48775315284729004,0
proto,1,SR386_40X_HE_T498_01,0,0.49518826603889465,0
proto,1,SR386_40X_HE_T504_01,0,0.4907039403915405,0
proto,1,SR386_40X_HE_T511_01,0,0.49170008301734924,0
proto,1,SR386_40X_HE_T517_01,0,0.49328166246414185,0
proto,1,SR386_40X_HE_T523_01,0,0.49125340580940247,0
proto,1,SR386_40X_HE_T529_01,0,0.48862123489379883,0
proto,1,SR386_40X_HE_T542_01,0,0.4883999526500702,0
proto,1,SR386_40X_HE_T569_01,0,0.4906686246395111,0
proto,1,SR386_40X_HE_T582_01,0,0.4905489385128021,0
proto,2,SR1482_40X_HE_T009_01,0,0.5034432411193848,1
proto,2,SR1482_40X_HE_T009_02,0,0.5068397521972656,1
proto,2,SR1482_40X_HE_T015_01,0,0.499958336353302,0
proto,2,SR1482_40X_HE_T021_01,0,0.49857720732688904,0
proto,2,SR1482_40X_HE_T067_01,0,0.5057111382484436,1
proto,2,SR1482_40X_HE_T075_01,0,0.5005226135253906,1
proto,2,SR1482_40X_HE_T075_02,0,0.4996965229511261,0
proto,2,SR1482_40X_HE_T098_01,0,0.5043444633483887,1
proto,2,SR1482_40X_HE_T098_02,0,0.5019249320030212,1
proto,2,SR1482_40X_HE_T102_01,0,0.5026801228523254,1
proto,2,SR1482_40X_HE_T123_01,0,0.49836185574531555,0
proto,2,SR1482_40X_HE_T142_01,0,0.4946103096008301,0
proto,2,SR1482_40X_HE_T146_01,0,0.5109902024269104,1
proto,2,SR1482_40X_HE_T148_01,0,0.5057390928268433,1
proto,2,SR1482_40X_HE_T148_02,0,0.5023328065872192,1
proto,2,SR1482_40X_HE_T154_01,0,0.4992626905441284,0
proto,2,SR1482_40X_HE_T158_01,0,0.4996590316295624,0
proto,2,SR1482_40X_HE_T161_01,0,0.5143111944198608,1
proto,2,SR1482_40X_HE_T161_02,0,0.5027666687965393,1
proto,2,SR1482_40X_HE_T164_01,1,0.5041831731796265,1
proto,2,SR1482_40X_HE_T164_02,1,0.5032350420951843,1
proto,2,SR1482_40X_HE_T168_01,0,0.49780476093292236,0
proto,2,SR1482_40X_HE_T171_01,0,0.49949806928634644,0
proto,2,SR1482_40X_HE_T171_02,0,0.5009613037109375,1
proto,2,SR1482_40X_HE_T178_01,1,0.5048556923866272,1
proto,2,SR1482_40X_HE_T186_01,0,0.49932143092155457,0
proto,2,SR1482_40X_HE_T193_01,0,0.5081724524497986,1
proto,2,SR1482_40X_HE_T193_02,0,0.5130719542503357,1
proto,2,SR1482_40X_HE_T209_01,0,0.4970262944698334,0
proto,2,SR1482_40X_HE_T209_02,0,0.4976022243499756,0
proto,2,SR1482_40X_HE_T245_01,0,0.5040391087532043,1
proto,2,SR1482_40X_HE_T245_02,0,0.5093406438827515,1
proto,2,SR1482_40X_HE_T265_01,0,0.4959649443626404,0
proto,2,SR1482_40X_HE_T302_01,0,0.5021230578422546,1
proto,2,SR1482_40X_HE_T343_01,1,0.5151828527450562,1
proto,2,SR1482_40X_HE_T343_02,1,0.5112606287002563,1
proto,2,SR1482_40X_HE_T399_01,0,0.5059604644775391,1
proto,2,SR1482_40X_HE_T399_02,0,0.5020437836647034,1
proto,2,SR1482_40X_HE_T426_01,0,0.5024098753929138,1
proto,2,SR1482_40X_HE_T426_02,0,0.5037218332290649,1
proto,2,SR386_40X_HE_T001_01,0,0.4909929633140564,0
proto,2,SR386_40X_HE_T013_01,0,0.4930530786514282,0
proto,2,SR386_40X_HE_T018_01,0,0.4924878478050232,0
proto,2,SR386_40X_HE_T019_01,0,0.5002974271774292,1
proto,2,SR386_40X_HE_T024_01,0,0.4894030690193176,0
proto,2,SR386_40X_HE_T039_01,0,0.4864712655544281,0
proto,2,SR386_40X_HE_T040_01,1,0.494454950094223,0
proto,2,SR386_40X_HE_T042_01,0,0.4931585490703583,0
proto,2,SR386_40X_HE_T047_01,0,0.4920775592327118,0
proto,2,SR386_40X_HE_T051_01,0,0.48784297704696655,0
proto,2,SR386_40X_HE_T052_01,0,0.489346444606781,0
proto,2,SR386_40X_HE_T056_01,0,0.48985370993614197,0
proto,2,SR386_40X_HE_T057_01,0,0.48904046416282654,0
proto,2,SR386_40X_HE_T070_01,0,0.48717570304870605,0
proto,2,SR386_40X_HE_T082_01,0,0.503549337387085,1
proto,2,SR386_40X_HE_T084_01,0,0.5101662874221802,1
proto,2,SR386_40X_HE_T087_01,0,0.49560093879699707,0
proto,2,SR386_40X_HE_T088_01,0,0.494423508644104,0
proto,2,SR386_40X_HE_T098_01,0,0.4908698797225952,0
proto,2,SR386_40X_HE_T105_01,0,0.49208298325538635,0
proto,2,SR386_40X_HE_T122_01,0,0.4915545582771301,0
proto,2,SR386_40X_HE_T123_01,0,0.4930163323879242,0
proto,2,SR386_40X_HE_T133_01,0,0.48827365040779114,0
proto,2,SR386_40X_HE_T145_01,0,0.49398502707481384,0
proto,2,SR386_40X_HE_T150_01,0,0.4917110800743103,0
proto,2,SR386_40X_HE_T152_01,0,0.4923737347126007,0
proto,2,SR386_40X_HE_T155_01,0,0.4900106191635132,0
proto,2,SR386_40X_HE_T157_01,0,0.5030859112739563,1
proto,2,SR386_40X_HE_T164_01,0,0.49045005440711975,0
proto,2,SR386_40X_HE_T166_01,0,0.49016305804252625,0
proto,2,SR386_40X_HE_T176_01,1,0.49309709668159485,0
proto,2,SR386_40X_HE_T177_01,0,0.4900033175945282,0
proto,2,SR386_40X_HE_T178_01,0,0.4908335208892822,0
proto,2,SR386_40X_HE_T187_01,0,0.4905566871166229,0
proto,2,SR386_40X_HE_T190_01,0,0.4889949858188629,0
proto,2,SR386_40X_HE_T192_01,0,0.4913437068462372,0
proto,2,SR386_40X_HE_T198_01,0,0.4929685592651367,0
proto,2,SR386_40X_HE_T200_01,0,0.49334561824798584,0
proto,2,SR386_40X_HE_T206_01,1,0.5020447373390198,1
proto,2,SR386_40X_HE_T211_01,0,0.4919608533382416,0
proto,2,SR386_40X_HE_T213_01,0,0.4968816041946411,0
proto,2,SR386_40X_HE_T214_01,0,0.4967091679573059,0
proto,2,SR386_40X_HE_T220_01,0,0.48992782831192017,0
proto,2,SR386_40X_HE_T230_01,1,0.504313588142395,1
proto,2,SR386_40X_HE_T236_01,0,0.49161574244499207,0
proto,2,SR386_40X_HE_T237_01,0,0.49245598912239075,0
proto,2,SR386_40X_HE_T240_01,0,0.49079784750938416,0
proto,2,SR386_40X_HE_T241_01,0,0.49201256036758423,0
proto,2,SR386_40X_HE_T242_01,0,0.4944360554218292,0
proto,2,SR386_40X_HE_T253_01,0,0.4865533709526062,0
proto,2,SR386_40X_HE_T260_01,0,0.49866682291030884,0
proto,2,SR386_40X_HE_T262_01,0,0.49927452206611633,0
proto,2,SR386_40X_HE_T264_01,0,0.5036851763725281,1
proto,2,SR386_40X_HE_T271_01,0,0.4918660521507263,0
proto,2,SR386_40X_HE_T281_01,0,0.49134328961372375,0
proto,2,SR386_40X_HE_T297_01,0,0.48810502886772156,0
proto,2,SR386_40X_HE_T299_01,0,0.48815906047821045,0
proto,2,SR386_40X_HE_T301_01,0,0.4883635938167572,0
proto,2,SR386_40X_HE_T306_01,0,0.4904850423336029,0
proto,2,SR386_40X_HE_T309_01,0,0.48809316754341125,0
proto,2,SR386_40X_HE_T314_01,0,0.49237415194511414,0
proto,2,SR386_40X_HE_T316_01,0,0.5031895041465759,1
proto,2,SR386_40X_HE_T318_01,0,0.4978637099266052,0
proto,2,SR386_40X_HE_T321_01,0,0.4917478859424591,0
proto,2,SR386_40X_HE_T326_01,0,0.4880859851837158,0
proto,2,SR386_40X_HE_T327_01,0,0.4854748249053955,0
proto,2,SR386_40X_HE_T332_01,1,0.4929443597793579,0
proto,2,SR386_40X_HE_T355_01,0,0.49199894070625305,0
proto,2,SR386_40X_HE_T364_01,0,0.49339067935943604,0
proto,2,SR386_40X_HE_T368_01,1,0.5023594498634338,1
proto,2,SR386_40X_HE_T374_01,0,0.48831936717033386,0
proto,2,SR386_40X_HE_T380_01,0,0.4856254458427429,0
proto,2,SR386_40X_HE_T382_01,0,0.4885455071926117,0
proto,2,SR386_40X_HE_T392_01,0,0.48953360319137573,0
proto,2,SR386_40X_HE_T398_01,0,0.4946805536746979,0
proto,2,SR386_40X_HE_T402_01,1,0.5035751461982727,1
proto,2,SR386_40X_HE_T404_01,0,0.48846232891082764,0
proto,2,SR386_40X_HE_T415_01,0,0.48924803733825684,0
proto,2,SR386_40X_HE_T417_01,0,0.4882955849170685,0
proto,2,SR386_40X_HE_T425_01,0,0.4896906614303589,0
proto,2,SR386_40X_HE_T436_01,1,0.5022184252738953,1
proto,2,SR386_40X_HE_T437_01,0,0.4904215931892395,0
proto,2,SR386_40X_HE_T440_01,0,0.4929843544960022,0
proto,2,SR386_40X_HE_T445_01,0,0.48833656311035156,0
proto,2,SR386_40X_HE_T450_01,0,0.4900466799736023,0
proto,2,SR386_40X_HE_T459_01,0,0.49760642647743225,0
proto,2,SR386_40X_HE_T472_01,0,0.4884243905544281,0
proto,2,SR386_40X_HE_T481_01,0,0.49124249815940857,0
proto,2,SR386_40X_HE_T483_01,0,0.49814918637275696,0
proto,2,SR386_40X_HE_T486_01,0,0.4916200339794159,0
proto,2,SR386_40X_HE_T488_01,0,0.49859198927879333,0
proto,2,SR386_40X_HE_T499_01,0,0.5000706911087036,1
proto,2,SR386_40X_HE_T507_01,0,0.5040984749794006,1
proto,2,SR386_40X_HE_T514_01,0,0.48833924531936646,0
proto,2,SR386_40X_HE_T520_01,1,0.4892027974128723,0
proto,2,SR386_40X_HE_T522_01,0,0.4921533763408661,0
proto,2,SR386_40X_HE_T531_01,0,0.48949378728866577,0
proto,2,SR386_40X_HE_T535_01,0,0.4881470501422882,0
proto,2,SR386_40X_HE_T539_01,0,0.4895887076854706,0
proto,2,SR386_40X_HE_T549_01,0,0.49499568343162537,0
proto,2,SR386_40X_HE_T552_01,0,0.4925524592399597,0
proto,2,SR386_40X_HE_T553_01,0,0.48974648118019104,0
proto,2,SR386_40X_HE_T554_01,0,0.49620506167411804,0
proto,2,SR386_40X_HE_T558_01,0,0.4904065430164337,0
proto,2,SR386_40X_HE_T564_01,0,0.49867668747901917,0
proto,2,SR386_40X_HE_T570_01,0,0.4905359148979187,0
proto,2,SR386_40X_HE_T574_01,0,0.4878155589103699,0
proto,2,SR386_40X_HE_T578_01,0,0.48904314637184143,0
proto,2,SR386_40X_HE_T580_01,0,0.4915216565132141,0
proto,3,SR1482_40X_HE_T005_01,0,0.5021169781684875,1
proto,3,SR1482_40X_HE_T005_02,0,0.5125821828842163,1
proto,3,SR1482_40X_HE_T010_01,0,0.4941288232803345,0
proto,3,SR1482_40X_HE_T043_01,0,0.5075756907463074,1
proto,3,SR1482_40X_HE_T043_02,0,0.5104437470436096,1
proto,3,SR1482_40X_HE_T049_01,0,0.4992745518684387,0
proto,3,SR1482_40X_HE_T061_01,0,0.5062435269355774,1
proto,3,SR1482_40X_HE_T061_02,0,0.5037460327148438,1
proto,3,SR1482_40X_HE_T070_01,1,0.5040008425712585,1
proto,3,SR1482_40X_HE_T073_01,0,0.4970020651817322,0
proto,3,SR1482_40X_HE_T082_01,0,0.5073449015617371,1
proto,3,SR1482_40X_HE_T082_02,0,0.5016310811042786,1
proto,3,SR1482_40X_HE_T089_01,0,0.49538612365722656,0
proto,3,SR1482_40X_HE_T090_01,0,0.4940146207809448,0
proto,3,SR1482_40X_HE_T094_01,1,0.5046141147613525,1
proto,3,SR1482_40X_HE_T094_02,1,0.5051442980766296,1
proto,3,SR1482_40X_HE_T105_01,0,0.4958692491054535,0
proto,3,SR1482_40X_HE_T115_01,0,0.4983716607093811,0
proto,3,SR1482_40X_HE_T115_02,0,0.499387264251709,0
proto,3,SR1482_40X_HE_T118_01,0,0.5078438520431519,1
proto,3,SR1482_40X_HE_T118_02,0,0.5035505890846252,1
proto,3,SR1482_40X_HE_T120_01,0,0.512130618095398,1
proto,3,SR1482_40X_HE_T120_02,0,0.5085623860359192,1
proto,3,SR1482_40X_HE_T124_01,0,0.5119233131408691,1
proto,3,SR1482_40X_HE_T124_02,0,0.5054458975791931,1
proto,3,SR1482_40X_HE_T138_01,0,0.49607768654823303,0
proto,3,SR1482_40X_HE_T160_01,0,0.5036777257919312,1
proto,3,SR1482_40X_HE_T160_02,0,0.5011776685714722,1
proto,3,SR1482_40X_HE_T167_01,0,0.503425121307373,1
proto,3,SR1482_40X_HE_T167_02,0,0.5010228753089905,1
proto,3,SR1482_40X_HE_T175_01,0,0.5141322612762451,1
proto,3,SR1482_40X_HE_T175_02,0,0.5043463110923767,1
proto,3,SR1482_40X_HE_T177_01,1,0.4990741014480591,0
proto,3,SR1482_40X_HE_T188_01,0,0.5051973462104797,1
proto,3,SR1482_40X_HE_T195_01,0,0.500755786895752,1
proto,3,SR1482_40X_HE_T195_02,0,0.5032241344451904,1
proto,3,SR1482_40X_HE_T202_01,0,0.5051367878913879,1
proto,3,SR1482_40X_HE_T202_02,0,0.5127995014190674,1
proto,3,SR1482_40X_HE_T225_01,0,0.516480565071106,1
proto,3,SR1482_40X_HE_T225_02,0,0.5055212378501892,1
proto,3,SR1482_40X_HE_T235_01,0,0.5029150247573853,1
proto,3,SR1482_40X_HE_T235_02,0,0.5059211850166321,1
proto,3,SR1482_40X_HE_T236_01,0,0.5024822950363159,1
proto,3,SR1482_40X_HE_T236_02,0,0.5030895471572876,1
proto,3,SR1482_40X_HE_T258_01,0,0.5021018981933594,1
proto,3,SR1482_40X_HE_T258_02,0,0.5109174251556396,1
proto,3,SR1482_40X_HE_T284_01,1,0.5123152732849121,1
proto,3,SR1482_40X_HE_T284_02,1,0.5128248333930969,1
proto,3,SR1482_40X_HE_T301_01,1,0.5033692717552185,1
proto,3,SR1482_40X_HE_T301_02,1,0.5115354061126709,1
proto,3,SR1482_40X_HE_T309_01,0,0.5036989450454712,1
proto,3,SR1482_40X_HE_T313_01,0,0.5057475566864014,1
proto,3,SR1482_40X_HE_T313_02,0,0.516223669052124,1
proto,3,SR1482_40X_HE_T338_01,0,0.5069575309753418,1
proto,3,SR1482_40X_HE_T344_01,0,0.5025903582572937,1
proto,3,SR1482_40X_HE_T344_02,0,0.5032941102981567,1
proto,3,SR1482_40X_HE_T346_01,0,0.5034682154655457,1
proto,3,SR1482_40X_HE_T346_02,0,0.5044865012168884,1
proto,3,SR1482_40X_HE_T377_01,0,0.5032410621643066,1
proto,3,SR1482_40X_HE_T377_02,0,0.5031560063362122,1
proto,3,SR1482_40X_HE_T419_01,0,0.498157799243927,0
proto,3,SR1482_40X_HE_T427_01,0,0.5026847720146179,1
proto,3,SR1482_40X_HE_T427_02,0,0.5015272498130798,1
proto,3,SR386_40X_HE_T007_01,0,0.4922442138195038,0
proto,3,SR386_40X_HE_T015_01,0,0.489846408367157,0
proto,3,SR386_40X_HE_T017_01,1,0.5042388439178467,1
proto,3,SR386_40X_HE_T032_01,0,0.485916405916214,0
proto,3,SR386_40X_HE_T034_01,0,0.49021509289741516,0
proto,3,SR386_40X_HE_T035_01,0,0.49253571033477783,0
proto,3,SR386_40X_HE_T041_01,0,0.4931618571281433,0
proto,3,SR386_40X_HE_T067_01,0,0.48708781599998474,0
proto,3,SR386_40X_HE_T075_01,0,0.4916515350341797,0
proto,3,SR386_40X_HE_T081_01,0,0.49002352356910706,0
proto,3,SR386_40X_HE_T083_01,0,0.4882323145866394,0
proto,3,SR386_40X_HE_T085_01,0,0.48449239134788513,0
proto,3,SR386_40X_HE_T095_01,0,0.49217867851257324,0
proto,3,SR386_40X_HE_T104_01,0,0.49102872610092163,0
proto,3,SR386_40X_HE_T106_01,0,0.49155133962631226,0
proto,3,SR386_40X_HE_T112_01,0,0.4869838356971741,0
proto,3,SR386_40X_HE_T128_01,0,0.48765307664871216,0
proto,3,SR386_40X_HE_T132_01,0,0.4882447123527527,0
proto,3,SR386_40X_HE_T138_01,0,0.4891871213912964,0
proto,3,SR386_40X_HE_T142_01,0,0.4926431179046631,0
proto,3,SR386_40X_HE_T149_01,0,0.4916999340057373,0
proto,3,SR386_40X_HE_T165_01,1,0.4895276427268982,0
proto,3,SR386_40X_HE_T179_01,0,0.5035214424133301,1
proto,3,SR386_40X_HE_T180_01,0,0.4913388788700104,0
proto,3,SR386_40X_HE_T182_01,0,0.4878406226634979,0
proto,3,SR386_40X_HE_T184_01,0,0.4929230213165283,0
proto,3,SR386_40X_HE_T188_01,0,0.49400267004966736,0
proto,3,SR386_40X_HE_T191_01,0,0.4855855703353882,0
proto,3,SR386_40X_HE_T197_01,0,0.4875887334346771,0
proto,3,SR386_40X_HE_T201_01,0,0.49068623781204224,0
proto,3,SR386_40X_HE_T202_01,0,0.48665308952331543,0
proto,3,SR386_40X_HE_T208_01,0,0.4871814548969269,0
proto,3,SR386_40X_HE_T216_01,1,0.5039166808128357,1
proto,3,SR386_40X_HE_T238_01,0,0.4866814613342285,0
proto,3,SR386_40X_HE_T244_01,0,0.49403825402259827,0
proto,3,SR386_40X_HE_T248_01,0,0.48729410767555237,0
proto,3,SR386_40X_HE_T249_01,0,0.4862205982208252,0
proto,3,SR386_40X_HE_T250_01,0,0.49550890922546387,0
proto,3,SR386_40X_HE_T263_01,0,0.5011265277862549,1
proto,3,SR386_40X_HE_T267_01,0,0.4960205554962158,0
proto,3,SR386_40X_HE_T269_01,0,0.4856557846069336,0
proto,3,SR386_40X_HE_T277_01,0,0.4891963005065918,0
proto,3,SR386_40X_HE_T286_01,0,0.5038269758224487,1
proto,3,SR386_40X_HE_T287_01,0,0.49275368452072144,0
proto,3,SR386_40X_HE_T290_01,0,0.5056173205375671,1
proto,3,SR386_40X_HE_T293_01,0,0.48917216062545776,0
proto,3,SR386_40X_HE_T298_01,0,0.4871605336666107,0
proto,3,SR386_40X_HE_T303_01,0,0.48568668961524963,0
proto,3,SR386_40X_HE_T312_01,0,0.4903506934642792,0
proto,3,SR386_40X_HE_T329_01,0,0.5009610652923584,1
proto,3,SR386_40X_HE_T336_01,0,0.4894593358039856,0
proto,3,SR386_40X_HE_T338_01,0,0.4880543649196625,0
proto,3,SR386_40X_HE_T342_01,0,0.4913181960582733,0
proto,3,SR386_40X_HE_T353_01,0,0.49530237913131714,0
proto,3,SR386_40X_HE_T357_01,0,0.486583948135376,0
proto,3,SR386_40X_HE_T362_01,0,0.49386364221572876,0
proto,3,SR386_40X_HE_T363_01,1,0.5058932304382324,1
proto,3,SR386_40X_HE_T372_01,0,0.49573490023612976,0
proto,3,SR386_40X_HE_T378_01,0,0.4895559549331665,0
proto,3,SR386_40X_HE_T379_01,0,0.4896079897880554,0
proto,3,SR386_40X_HE_T386_01,0,0.4881843328475952,0
proto,3,SR386_40X_HE_T387_01,0,0.4988457262516022,0
proto,3,SR386_40X_HE_T393_01,0,0.4866141974925995,0
proto,3,SR386_40X_HE_T397_01,0,0.5037798881530762,1
proto,3,SR386_40X_HE_T406_01,0,0.4937509298324585,0
proto,3,SR386_40X_HE_T409_01,0,0.4905412495136261,0
proto,3,SR386_40X_HE_T422_01,0,0.48639288544654846,0
proto,3,SR386_40X_HE_T426_01,0,0.4853143095970154,0
proto,3,SR386_40X_HE_T433_01,0,0.48756110668182373,0
proto,3,SR386_40X_HE_T443_01,0,0.4927090108394623,0
proto,3,SR386_40X_HE_T448_01,0,0.4884014129638672,0
proto,3,SR386_40X_HE_T452_01,0,0.49497878551483154,0
proto,3,SR386_40X_HE_T460_01,1,0.49159133434295654,0
proto,3,SR386_40X_HE_T473_01,0,0.48727911710739136,0
proto,3,SR386_40X_HE_T475_01,0,0.48853397369384766,0
proto,3,SR386_40X_HE_T478_01,0,0.4881301820278168,0
proto,3,SR386_40X_HE_T489_01,1,0.49085772037506104,0
proto,3,SR386_40X_HE_T491_01,0,0.49414366483688354,0
proto,3,SR386_40X_HE_T492_01,0,0.4879392385482788,0
proto,3,SR386_40X_HE_T493_01,0,0.4874311089515686,0
proto,3,SR386_40X_HE_T502_01,0,0.48498252034187317,0
proto,3,SR386_40X_HE_T505_01,0,0.5004724264144897,1
proto,3,SR386_40X_HE_T506_01,0,0.49054431915283203,0
proto,3,SR386_40X_HE_T509_01,0,0.502996027469635,1
proto,3,SR386_40X_HE_T516_01,0,0.4887067377567291,0
proto,3,SR386_40X_HE_T518_01,0,0.49057817459106445,0
proto,3,SR386_40X_HE_T519_01,0,0.49284088611602783,0
proto,3,SR386_40X_HE_T521_01,0,0.48634663224220276,0
proto,3,SR386_40X_HE_T526_01,0,0.4890519380569458,0
proto,3,SR386_40X_HE_T533_01,0,0.48987096548080444,0
proto,3,SR386_40X_HE_T543_01,0,0.490104615688324,0
proto,3,SR386_40X_HE_T544_01,0,0.4937984347343445,0
proto,3,SR386_40X_HE_T556_01,1,0.49182870984077454,0
proto,3,SR386_40X_HE_T560_01,0,0.502766489982605,1
proto,3,SR386_40X_HE_T563_01,0,0.48691508173942566,0
proto,3,SR386_40X_HE_T568_01,0,0.48602089285850525,0
proto,3,SR386_40X_HE_T571_01,0,0.4874362647533417,0
proto,3,SR386_40X_HE_T572_01,0,0.49966752529144287,0
proto,3,SR386_40X_HE_T573_01,0,0.48456233739852905,0
proto,3,SR386_40X_HE_T583_01,0,0.4895719885826111,0
proto,4,SR1482_40X_HE_T002_01,0,0.4940415024757385,0
proto,4,SR1482_40X_HE_T003_01,0,0.5015546083450317,1
proto,4,SR1482_40X_HE_T004_01,0,0.5079953670501709,1
proto,4,SR1482_40X_HE_T004_02,0,0.5007331967353821,1
proto,4,SR1482_40X_HE_T011_01,0,0.4948730766773224,0
proto,4,SR1482_40X_HE_T025_01,0,0.5004919767379761,1
proto,4,SR1482_40X_HE_T025_02,0,0.5010013580322266,1
proto,4,SR1482_40X_HE_T060_01,0,0.504477322101593,1
proto,4,SR1482_40X_HE_T062_01,0,0.5007622838020325,1
proto,4,SR1482_40X_HE_T062_02,0,0.5101712942123413,1
proto,4,SR1482_40X_HE_T064_01,0,0.5038383603096008,1
proto,4,SR1482_40X_HE_T064_02,0,0.5009695291519165,1
proto,4,SR1482_40X_HE_T071_01,0,0.5025470852851868,1
proto,4,SR1482_40X_HE_T071_02,0,0.500288188457489,1
proto,4,SR1482_40X_HE_T074_01,0,0.4968623220920563,0
proto,4,SR1482_40X_HE_T074_02,0,0.4963316321372986,0
proto,4,SR1482_40X_HE_T083_01,0,0.5037459135055542,1
proto,4,SR1482_40X_HE_T083_02,0,0.5023326873779297,1
proto,4,SR1482_40X_HE_T087_01,0,0.49591854214668274,0
proto,4,SR1482_40X_HE_T097_01,1,0.5043993592262268,1
proto,4,SR1482_40X_HE_T097_02,1,0.5109627842903137,1
proto,4,SR1482_40X_HE_T108_01,0,0.4929633140563965,0
proto,4,SR1482_40X_HE_T113_01,0,0.5135703682899475,1
proto,4,SR1482_40X_HE_T113_02,0,0.4999712109565735,0
proto,4,SR1482_40X_HE_T121_01,0,0.49225279688835144,0
proto,4,SR1482_40X_HE_T122_01,0,0.4928079843521118,0
proto,4,SR1482_40X_HE_T125_01,0,0.5008337497711182,1
proto,4,SR1482_40X_HE_T125_02,0,0.5132083892822266,1
proto,4,SR1482_40X_HE_T131_01,0,0.5036576986312866,1
proto,4,SR1482_40X_HE_T131_02,0,0.5017224550247192,1
proto,4,SR1482_40X_HE_T132_01,0,0.49845340847969055,0
proto,4,SR1482_40X_HE_T132_02,0,0.5014370679855347,1
proto,4,SR1482_40X_HE_T143_01,0,0.5057805776596069,1
proto,4,SR1482_40X_HE_T143_02,0,0.5050727128982544,1
proto,4,SR1482_40X_HE_T166_01,1,0.49564316868782043,0
proto,4,SR1482_40X_HE_T169_01,0,0.5007748007774353,1
proto,4,SR1482_40X_HE_T176_01,1,0.5167170166969299,1
proto,4,SR1482_40X_HE_T176_02,1,0.5112444162368774,1
proto,4,SR1482_40X_HE_T191_01,0,0.5063030123710632,1
proto,4,SR1482_40X_HE_T194_01,0,0.5201491117477417,1
proto,4,SR1482_40X_HE_T218_01,0,0.49560049176216125,0
proto,4,SR1482_40X_HE_T253_01,0,0.49205607175827026,0
proto,4,SR1482_40X_HE_T290_01,0,0.5008653998374939,1
proto,4,SR1482_40X_HE_T308_01,0,0.5136930346488953,1
proto,4,SR1482_40X_HE_T314_01,0,0.5099701881408691,1
proto,4,SR1482_40X_HE_T314_02,0,0.5188772678375244,1
proto,4,SR1482_40X_HE_T372_01,1,0.5121405124664307,1
proto,4,SR1482_40X_HE_T372_02,1,0.49985504150390625,0
proto,4,SR1482_40X_HE_T408_01,0,0.4959172308444977,0
proto,4,SR1482_40X_HE_T412_01,0,0.49837931990623474,0
proto,4,SR1482_40X_HE_T425_01,0,0.4930332899093628,0
proto,4,SR1482_40X_HE_T434_01,1,0.49977561831474304,0
proto,4,SR386_40X_HE_T006_01,0,0.4878776967525482,0
proto,4,SR386_40X_HE_T010_01,0,0.48706796765327454,0
proto,4,SR386_40X_HE_T014_01,0,0.491772323846817,0
proto,4,SR386_40X_HE_T016_01,0,0.4845287501811981,0
proto,4,SR386_40X_HE_T020_01,0,0.48347917199134827,0
proto,4,SR386_40X_HE_T027_01,0,0.4958080053329468,0
proto,4,SR386_40X_HE_T028_01,0,0.5048739910125732,1
proto,4,SR386_40X_HE_T037_01,0,0.4886845648288727,0
proto,4,SR386_40X_HE_T043_01,0,0.48634645342826843,0
proto,4,SR386_40X_HE_T044_01,1,0.4891572594642639,0
proto,4,SR386_40X_HE_T046_01,0,0.49337273836135864,0
proto,4,SR386_40X_HE_T058_01,0,0.4864344298839569,0
proto,4,SR386_40X_HE_T062_01,0,0.4876455068588257,0
proto,4,SR386_40X_HE_T065_01,1,0.48805809020996094,0
proto,4,SR386_40X_HE_T080_01,0,0.48837539553642273,0
proto,4,SR386_40X_HE_T091_01,0,0.4855474531650543,0
proto,4,SR386_40X_HE_T094_01,0,0.4854820966720581,0
proto,4,SR386_40X_HE_T097_01,0,0.49052149057388306,0
proto,4,SR386_40X_HE_T100_01,0,0.5039236545562744,1
proto,4,SR386_40X_HE_T107_01,0,0.492828369140625,0
proto,4,SR386_40X_HE_T109_01,1,0.4904140830039978,0
proto,4,SR386_40X_HE_T110_01,0,0.48835718631744385,0
proto,4,SR386_40X_HE_T117_01,0,0.48714131116867065,0
proto,4,SR386_40X_HE_T127_01,0,0.4889877736568451,0
proto,4,SR386_40X_HE_T129_01,0,0.4872468411922455,0
proto,4,SR386_40X_HE_T136_01,0,0.48960480093955994,0
proto,4,SR386_40X_HE_T154_01,0,0.488492876291275,0
proto,4,SR386_40X_HE_T168_01,1,0.4911458492279053,0
proto,4,SR386_40X_HE_T175_01,0,0.4863366484642029,0
proto,4,SR386_40X_HE_T189_01,0,0.4891234338283539,0
proto,4,SR386_40X_HE_T195_01,0,0.48589420318603516,0
proto,4,SR386_40X_HE_T227_01,0,0.48855626583099365,0
proto,4,SR386_40X_HE_T233_01,0,0.49298033118247986,0
proto,4,SR386_40X_HE_T234_01,0,0.49392861127853394,0
proto,4,SR386_40X_HE_T235_01,0,0.48647040128707886,0
proto,4,SR386_40X_HE_T239_01,0,0.49724677205085754,0
proto,4,SR386_40X_HE_T245_01,0,0.48839059472084045,0
proto,4,SR386_40X_HE_T256_01,0,0.49016356468200684,0
proto,4,SR386_40X_HE_T265_01,0,0.48745185136795044,0
proto,4,SR386_40X_HE_T268_01,0,0.4995929002761841,0
proto,4,SR386_40X_HE_T270_01,0,0.4899127781391144,0
proto,4,SR386_40X_HE_T272_01,0,0.5013912916183472,1
proto,4,SR386_40X_HE_T273_01,0,0.4886263310909271,0
proto,4,SR386_40X_HE_T276_01,0,0.4891318380832672,0
proto,4,SR386_40X_HE_T278_01,1,0.48944205045700073,0
proto,4,SR386_40X_HE_T284_01,0,0.4872739911079407,0
proto,4,SR386_40X_HE_T285_01,0,0.48543694615364075,0
proto,4,SR386_40X_HE_T288_01,0,0.48933887481689453,0
proto,4,SR386_40X_HE_T291_01,0,0.48696431517601013,0
proto,4,SR386_40X_HE_T300_01,0,0.4867316782474518,0
proto,4,SR386_40X_HE_T302_01,0,0.4844931662082672,0
proto,4,SR386_40X_HE_T305_01,0,0.4851227104663849,0
proto,4,SR386_40X_HE_T308_01,0,0.48563891649246216,0
proto,4,SR386_40X_HE_T325_01,0,0.490510493516922,0
proto,4,SR386_40X_HE_T331_01,0,0.4899451434612274,0
proto,4,SR386_40X_HE_T341_01,0,0.5011587142944336,1
proto,4,SR386_40X_HE_T343_01,1,0.48955389857292175,0
proto,4,SR386_40X_HE_T346_01,0,0.4921436011791229,0
proto,4,SR386_40X_HE_T352_01,0,0.48962831497192383,0
proto,4,SR386_40X_HE_T373_01,0,0.4969065189361572,0
proto,4,SR386_40X_HE_T375_01,0,0.4876629710197449,0
proto,4,SR386_40X_HE_T381_01,0,0.4872205853462219,0
proto,4,SR386_40X_HE_T389_01,0,0.4998636245727539,0
proto,4,SR386_40X_HE_T391_01,0,0.492095410823822,0
proto,4,SR386_40X_HE_T394_01,0,0.4890318512916565,0
proto,4,SR386_40X_HE_T399_01,0,0.5007933974266052,1
proto,4,SR386_40X_HE_T403_01,0,0.48991143703460693,0
proto,4,SR386_40X_HE_T405_01,0,0.5020430684089661,1
proto,4,SR386_40X_HE_T407_01,0,0.4876609146595001,0
proto,4,SR386_40X_HE_T414_01,0,0.48782792687416077,0
proto,4,SR386_40X_HE_T424_01,0,0.4935179650783539,0
proto,4,SR386_40X_HE_T429_01,0,0.5017498135566711,1
proto,4,SR386_40X_HE_T441_01,0,0.5038695335388184,1
proto,4,SR386_40X_HE_T451_01,0,0.4895496666431427,0
proto,4,SR386_40X_HE_T453_01,0,0.48626574873924255,0
proto,4,SR386_40X_HE_T455_01,0,0.4915582835674286,0
proto,4,SR386_40X_HE_T465_01,0,0.4989798665046692,0
proto,4,SR386_40X_HE_T474_01,0,0.496884286403656,0
proto,4,SR386_40X_HE_T476_01,0,0.5002444386482239,1
proto,4,SR386_40X_HE_T479_01,0,0.4959908425807953,0
proto,4,SR386_40X_HE_T482_01,0,0.4900852143764496,0
proto,4,SR386_40X_HE_T487_01,0,0.49499133229255676,0
proto,4,SR386_40X_HE_T490_01,0,0.4899173676967621,0
proto,4,SR386_40X_HE_T494_01,0,0.48612698912620544,0
proto,4,SR386_40X_HE_T500_01,0,0.4845955967903137,0
proto,4,SR386_40X_HE_T510_01,0,0.5053712129592896,1
proto,4,SR386_40X_HE_T524_01,0,0.5051565766334534,1
proto,4,SR386_40X_HE_T528_01,0,0.5018631815910339,1
proto,4,SR386_40X_HE_T532_01,0,0.4897879362106323,0
proto,4,SR386_40X_HE_T534_01,0,0.49491962790489197,0
proto,4,SR386_40X_HE_T536_01,0,0.4878268837928772,0
proto,4,SR386_40X_HE_T537_01,0,0.4902849495410919,0
proto,4,SR386_40X_HE_T541_01,0,0.48831918835639954,0
proto,4,SR386_40X_HE_T548_01,1,0.5038003921508789,1
proto,4,SR386_40X_HE_T550_01,0,0.49195364117622375,0
proto,4,SR386_40X_HE_T551_01,0,0.48705384135246277,0
proto,4,SR386_40X_HE_T557_01,0,0.4891749620437622,0
proto,4,SR386_40X_HE_T565_01,0,0.4885599911212921,0
proto,4,SR386_40X_HE_T567_01,0,0.4913303554058075,0
proto,4,SR386_40X_HE_T575_01,0,0.49041908979415894,0
proto,4,SR386_40X_HE_T576_01,0,0.4871993958950043,0
proto,4,SR386_40X_HE_T581_01,0,0.5107454657554626,1
rf,1,SR1482_40X_HE_T029_01,0,0.15688881676995284,0
rf,1,SR1482_40X_HE_T029_02,0,0.13335160941209326,0
rf,1,SR1482_40X_HE_T057_01,0,0.06548413811527416,0
rf,1,SR1482_40X_HE_T063_01,1,0.3046132978755699,1
rf,1,SR1482_40X_HE_T063_02,1,0.21903910224712708,0
rf,1,SR1482_40X_HE_T065_01,0,0.0878422131147541,0
rf,1,SR1482_40X_HE_T065_02,0,0.1,0
rf,1,SR1482_40X_HE_T066_01,0,0.12615321198409432,0
rf,1,SR1482_40X_HE_T066_02,0,0.3194432234432234,1
rf,1,SR1482_40X_HE_T068_01,0,0.025714285714285714,0
rf,1,SR1482_40X_HE_T069_01,0,0.11083016208597604,0
rf,1,SR1482_40X_HE_T069_02,0,0.06907834101382489,0
rf,1,SR1482_40X_HE_T079_01,1,0.19931882252684738,0
rf,1,SR1482_40X_HE_T079_02,1,0.2831224690906622,0
rf,1,SR1482_40X_HE_T080_01,0,0.08286335442029778,0
rf,1,SR1482_40X_HE_T080_02,0,0.12976940133037693,0
rf,1,SR1482_40X_HE_T081_01,0,0.1316096471061066,0
rf,1,SR1482_40X_HE_T081_02,0,0.07262617640485343,0
rf,1,SR1482_40X_HE_T099_01,0,0.029935483870967745,0
rf,1,SR1482_40X_HE_T116_01,0,0.1892231182795699,0
rf,1,SR1482_40X_HE_T117_01,0,0.07886034255599474,0
rf,1,SR1482_40X_HE_T117_02,0,0.06140579710144927,0
rf,1,SR1482_40X_HE_T126_01,0,0.1534785767511177,0
rf,1,SR1482_40X_HE_T129_01,0,0.0928141495601173,0
rf,1,SR1482_40X_HE_T129_02,0,0.21886812132169123,0
rf,1,SR1482_40X_HE_T139_01,0,0.16297502813442094,0
rf,1,SR1482_40X_HE_T139_02,0,0.23553763440860215,0
rf,1,SR1482_40X_HE_T147_01,0,0.24823777493348653,0
rf,1,SR1482_40X_HE_T147_02,0,0.31143231225296436,1
rf,1,SR1482_40X_HE_T159_01,0,0.15404223624370234,0
rf,1,SR1482_40X_HE_T159_02,0,0.12373018564410242,0
rf,1,SR1482_40X_HE_T192_01,0,0.1428900709505548,0
rf,1,SR1482_40X_HE_T199_01,0,0.12118340883922278,0
rf,1,SR1482_40X_HE_T304_01,0,0.09935366568914955,0
rf,1,SR1482_40X_HE_T304_02,0,0.07410168454733672,0
rf,1,SR1482_40X_HE_T310_01,1,0.18479748821599692,0
rf,1,SR1482_40X_HE_T310_02,1,0.2008245947600786,0
rf,1,SR1482_40X_HE_T341_01,0,0.029413744740532963,0
rf,1,SR1482_40X_HE_T341_02,0,0.0975180965666899,0
rf,1,SR1482_40X_HE_T353_01,0,0.05167416323513885,0
rf,1,SR1482_40X_HE_T390_01,0,0.05558758314855876,0
rf,1,SR1482_40X_HE_T433_01,1,0.11567461430575035,0
rf,1,SR386_40X_HE_T003_01,0,0.029775729646697394,0
rf,1,SR386_40X_HE_T004_01,0,0.17133627838487173,0
rf,1,SR386_40X_HE_T022_01,1,0.1473778801843318,0
rf,1,SR386_40X_HE_T030_01,0,0.08341391398456616,0
rf,1,SR386_40X_HE_T033_01,0,0.0899047619047619,0
rf,1,SR386_40X_HE_T036_01,0,0.14925,0
rf,1,SR386_40X_HE_T038_01,0,0.0635546957786047,0
rf,1,SR386_40X_HE_T049_01,0,0.024,0
rf,1,SR386_40X_HE_T050_01,0,0.17150366568914957,0
rf,1,SR386_40X_HE_T060_01,0,0.2178181818181818,0
rf,1,SR386_40X_HE_T063_01,0,0.18147214795008912,0
rf,1,SR386_40X_HE_T066_01,0,0.10166666666666666,0
rf,1,SR386_40X_HE_T069_01,0,0.11347499999999999,0
rf,1,SR386_40X_HE_T072_01,0,0.06514489540152318,0
rf,1,SR386_40X_HE_T074_01,0,0.08757184750733137,0
rf,1,SR386_40X_HE_T078_01,0,0.12688636363636363,0
rf,1,SR386_40X_HE_T079_01,0,0.002,0
rf,1,SR386_40X_HE_T092_01,1,0.05453846153846154,0
rf,1,SR386_40X_HE_T096_01,0,0.021674163235138842,0
rf,1,SR386_40X_HE_T099_01,0,0.0834848484848485,0
rf,1,SR386_40X_HE_T103_01,0,0.10245482135360442,0
rf,1,SR386_40X_HE_T108_01,0,0.137211797643741,0
rf,1,SR386_40X_HE_T113_01,0,0.09321788617886179,0
rf,1,SR386_40X_HE_T114_01,0,0.05571524577572965,0
rf,1,SR386_40X_HE_T119_01,0,0.03581818181818182,0
rf,1,SR386_40X_HE_T126_01,0,0.09951440901086848,0
rf,1,SR386_40X_HE_T130_01,0,0.01,0
rf,1,SR386_40X_HE_T131_01,0,0.043674614305750356,0
rf,1,SR386_40X_HE_T135_01,0,0.14124675324675326,0
rf,1,SR386_40X_HE_T140_01,0,0.10764976958525344,0
rf,1,SR386_40X_HE_T144_01,0,0.08417773886935878,0
rf,1,SR386_40X_HE_T147_01,0,0.06375366568914956,0
rf,1,SR386_40X_HE_T148_01,0,0.12936376386586768,0
rf,1,SR386_40X_HE_T160_01,0,0.05581818181818182,0
rf,1,SR386_40X_HE_T169_01,0,0.106,0
rf,1,SR386_40X_HE_T170_01,1,0.22529533235581625,0
rf,1,SR386_40X_HE_T172_01,0,0.23743818949867335,0
rf,1,SR386_40X_HE_T174_01,0,0.0675226480836237,0
rf,1,SR386_40X_HE_T181_01,0,0.04164389233954451,0
rf,1,SR386_40X_HE_T196_01,0,0.03966666666666667,0
rf,1,SR386_40X_HE_T205_01,0,0.2685974025974026,0
rf,1,SR386_40X_HE_T209_01,0,0.054,0
rf,1,SR386_40X_HE_T210_01,0,0.33508952513811846,1
rf,1,SR386_40X_HE_T212_01,0,0.11573913043478261,0
rf,1,SR386_40X_HE_T221_01,0,0.0372320166136444,0
rf,1,SR386_40X_HE_T224_01,0,0.04555731225296443,0
rf,1,SR386_40X_HE_T231_01,1,0.10696969696969696,0
rf,1,SR386_40X_HE_T232_01,0,0.043904761904761905,0
rf,1,SR386_40X_HE_T247_01,0,0.13572294372294372,0
rf,1,SR386_40X_HE_T252_01,0,0.021886703383162866,0
rf,1,SR386_40X_HE_T255_01,0,0.039636363636363636,0
rf,1,SR386_40X_HE_T259_01,1,0.08323636363636362,0
rf,1,SR386_40X_HE_T274_01,0,0.02311462450592885,0
rf,1,SR386_40X_HE_T275_01,0,0.12722298534798535,0
rf,1,SR386_40X_HE_T282_01,0,0.013826219512195122,0
rf,1,SR386_40X_HE_T294_01,0,0.16990126534288524,0
rf,1,SR386_40X_HE_T311_01,0,0.07101424382069545,0
rf,1,SR386_40X_HE_T315_01,0,0.07675698757763977,0
rf,1,SR386_40X_HE_T319_01,1,0.06,0
rf,1,SR386_40X_HE_T324_01,1,0.13818649952198336,0
rf,1,SR386_40X_HE_T330_01,0,0.04365842759391147,0
rf,1,SR386_40X_HE_T333_01,0,0.025935483870967745,0
rf,1,SR386_40X_HE_T335_01,0,0.022,0
rf,1,SR386_40X_HE_T337_01,0,0.1304766094120933,0
rf,1,SR386_40X_HE_T344_01,0,0.08059186546913889,0
rf,1,SR386_40X_HE_T347_01,0,0.04338961038961039,0
rf,1,SR386_40X_HE_T350_01,0,0.023722943722943722,0
rf,1,SR386_40X_HE_T351_01,0,0.09527134331993668,0
rf,1,SR386_40X_HE_T360_01,0,0.04943904518329071,0
rf,1,SR386_40X_HE_T361_01,0,0.07993548387096774,0
rf,1,SR386_40X_HE_T366_01,0,0.039971830985915495,0
rf,1,SR386_40X_HE_T377_01,1,0.10412050175163778,0
rf,1,SR386_40X_HE_T384_01,0,0.006,0
rf,1,SR386_40X_HE_T395_01,0,0.06266961171820506,0
rf,1,SR386_40X_HE_T396_01,0,0.027038335294963082,0
rf,1,SR386_40X_HE_T401_01,0,0.14744526713124273,0
rf,1,SR386_40X_HE_T408_01,0,0.029610098176718093,0
rf,1,SR386_40X_HE_T410_01,0,0.10837050175163779,0
rf,1,SR386_40X_HE_T413_01,0,0.15349279612393218,0
rf,1,SR386_40X_HE_T416_01,0,0.04766666666666667,0
rf,1,SR386_40X_HE_T418_01,0,0.042,0
rf,1,SR386_40X_HE_T419_01,0,0.11612799832010995,0
rf,1,SR386_40X_HE_T421_01,0,0.09775366568914956,0
rf,1,SR386_40X_HE_T423_01,0,0.04716087857430362,0
rf,1,SR386_40X_HE_T428_01,0,0.04137870731419119,0
rf,1,SR386_40X_HE_T430_01,0,0.05873140035285984,0
rf,1,SR386_40X_HE_T431_01,0,0.13768112446226047,0
rf,1,SR386_40X_HE_T435_01,0,0.1348085001528852,0
rf,1,SR386_40X_HE_T438_01,0,0.08375366568914956,0
rf,1,SR386_40X_HE_T439_01,0,0.2707665202444614,0
rf,1,SR386_40X_HE_T447_01,0,0.05332088744588745,0
rf,1,SR386_40X_HE_T449_01,0,0.03963636363636364,0
rf,1,SR386_40X_HE_T454_01,0,0.013875,0
rf,1,SR386_40X_HE_T456_01,0,0.015818181818181818,0
rf,1,SR386_40X_HE_T461_01,0,0.0576891495601173,0
rf,1,SR386_40X_HE_T462_01,0,0.035855981416957027,0
rf,1,SR386_40X_HE_T468_01,0,0.029753665689149562,0
rf,1,SR386_40X_HE_T469_01,1,0.06921262477360039,0
rf,1,SR386_40X_HE_T470_01,0,0.025023310023310024,0
rf,1,SR386_40X_HE_T471_01,0,0.148,0
rf,1,SR386_40X_HE_T477_01,0,0.04017482517482518,0
rf,1,SR386_40X_HE_T480_01,0,0.053458408839222794,0
rf,1,SR386_40X_HE_T484_01,0,0.0696021505376344,0
rf,1,SR386_40X_HE_T495_01,0,0.014,0
rf,1,SR386_40X_HE_T496_01,0,0.025420332355816228,0
rf,1,SR386_40X_HE_T498_01,0,0.17891850664529485,0
rf,1,SR386_40X_HE_T504_01,0,0.06169863469863471,0
rf,1,SR386_40X_HE_T511_01,0,0.09516575897221057,0
rf,1,SR386_40X_HE_T517_01,0,0.1046926406926407,0
rf,1,SR386_40X_HE_T523_01,0,0.043076219512195126,0
rf,1,SR386_40X_HE_T529_01,0,0.011722943722943724,0
rf,1,SR386_40X_HE_T542_01,0,0.02153846153846154,0
rf,1,SR386_40X_HE_T569_01,0,0.09319953661362113,0
rf,1,SR386_40X_HE_T582_01,0,0.03,0
rf,2,SR1482_40X_HE_T009_01,0,0.0849091862766135,0
rf,2,SR1482_40X_HE_T009_02,0,0.10033775770518492,0
rf,2,SR1482_40X_HE_T015_01,0,0.11881040062800402,0
rf,2,SR1482_40X_HE_T021_01,0,0.08046612527257688,0
rf,2,SR1482_40X_HE_T067_01,0,0.10206785687430849,0
rf,2,SR1482_40X_HE_T075_01,0,0.098,0
rf,2,SR1482_40X_HE_T075_02,0,0.09393548387096774,0
rf,2,SR1482_40X_HE_T098_01,0,0.13157988520134467,0
rf,2,SR1482_40X_HE_T098_02,0,0.07319797275894836,0
rf,2,SR1482_40X_HE_T102_01,0,0.14656844100038435,0
rf,2,SR1482_40X_HE_T123_01,0,0.09327631377277325,0
rf,2,SR1482_40X_HE_T142_01,0,0.07157184750733138,0
rf,2,SR1482_40X_HE_T146_01,0,0.3518221872541306,1
rf,2,SR1482_40X_HE_T148_01,0,0.20060473672668794,0
rf,2,SR1482_40X_HE_T148_02,0,0.15928455284552845,0
rf,2,SR1482_40X_HE_T154_01,0,0.06365842759391147,0
rf,2,SR1482_40X_HE_T158_01,0,0.08444204099947608,0
rf,2,SR1482_40X_HE_T161_01,0,0.18906584401812396,0
rf,2,SR1482_40X_HE_T161_02,0,0.13924675324675323,0
rf,2,SR1482_40X_HE_T164_01,1,0.0884208359172954,0
rf,2,SR1482_40X_HE_T164_02,1,0.11240310096407657,0
rf,2,SR1482_40X_HE_T168_01,0,0.06509183158829107,0
rf,2,SR1482_40X_HE_T171_01,0,0.12969034994697773,0
rf,2,SR1482_40X_HE_T171_02,0,0.15359511185173963,0
rf,2,SR1482_40X_HE_T178_01,1,0.1638709677419355,0
rf,2,SR1482_40X_HE_T186_01,0,0.09634660596958707,0
rf,2,SR1482_40X_HE_T193_01,0,0.08880836236933798,0
rf,2,SR1482_40X_HE_T193_02,0,0.1669474316334072,0
rf,2,SR1482_40X_HE_T209_01,0,0.12363636363636363,0
rf,2,SR1482_40X_HE_T209_02,0,0.13730786286883848,0
rf,2,SR1482_40X_HE_T245_01,0,0.11393548387096775,0
rf,2,SR1482_40X_HE_T245_02,0,0.10318973368619318,0
rf,2,SR1482_40X_HE_T265_01,0,0.083003740824393,0
rf,2,SR1482_40X_HE_T302_01,0,0.12767416323513883,0
rf,2,SR1482_40X_HE_T343_01,1,0.25436870507712106,0
rf,2,SR1482_40X_HE_T343_02,1,0.1792621974543091,0
rf,2,SR1482_40X_HE_T399_01,0,0.2197229437229437,0
rf,2,SR1482_40X_HE_T399_02,0,0.1475766022595291,0
rf,2,SR1482_40X_HE_T426_01,0,0.14346207415772633,0
rf,2,SR1482_40X_HE_T426_02,0,0.1577229437229437,0
rf,2,SR386_40X_HE_T001_01,0,0.07917357910906299,0
rf,2,SR386_40X_HE_T013_01,0,0.1688965228320067,0
rf,2,SR386_40X_HE_T018_01,0,0.12367307960856347,0
rf,2,SR386_40X_HE_T019_01,0,0.05307958707958708,0
rf,2,SR386_40X_HE_T024_01,0,0.019753665689149564,0
rf,2,SR386_40X_HE_T039_01,0,0.012,0
rf,2,SR386_40X_HE_T040_01,1,0.1685226480836237,0
rf,2,SR386_40X_HE_T042_01,0,0.1416891495601173,0
rf,2,SR386_40X_HE_T047_01,0,0.08753846153846154,0
rf,2,SR386_40X_HE_T051_01,0,0.02981818181818182,0
rf,2,SR386_40X_HE_T052_01,0,0.06390731485688324,0
rf,2,SR386_40X_HE_T056_01,0,0.06390476190476191,0
rf,2,SR386_40X_HE_T057_01,0,0.02788670338316287,0
rf,2,SR386_40X_HE_T070_01,0,0.02,0
rf,2,SR386_40X_HE_T082_01,0,0.1409280719280719,0
rf,2,SR386_40X_HE_T084_01,0,0.12354166666666667,0
rf,2,SR386_40X_HE_T087_01,0,0.30563636363636365,1
rf,2,SR386_40X_HE_T088_01,0,0.1554848484848485,0
rf,2,SR386_40X_HE_T098_01,0,0.19738111666954172,0
rf,2,SR386_40X_HE_T105_01,0,0.04966666666666667,0
rf,2,SR386_40X_HE_T122_01,0,0.057935483870967745,0
rf,2,SR386_40X_HE_T123_01,0,0.13802248289345065,0
rf,2,SR386_40X_HE_T133_01,0,0.015935483870967743,0
rf,2,SR386_40X_HE_T145_01,0,0.07487105236751185,0
rf,2,SR386_40X_HE_T150_01,0,0.12738137131685517,0
rf,2,SR386_40X_HE_T152_01,0,0.10295320230277068,0
rf,2,SR386_40X_HE_T155_01,0,0.04981818181818182,0
rf,2,SR386_40X_HE_T157_01,0,0.1203154372509211,0
rf,2,SR386_40X_HE_T164_01,0,0.03980952380952381,0
rf,2,SR386_40X_HE_T166_01,0,0.04588794944892506,0
rf,2,SR386_40X_HE_T176_01,1,0.13323430735930736,0
rf,2,SR386_40X_HE_T177_01,0,0.015951219512195122,0
rf,2,SR386_40X_HE_T178_01,0,0.1039047619047619,0
rf,2,SR386_40X_HE_T187_01,0,0.05348484848484848,0
rf,2,SR386_40X_HE_T190_01,0,0.0351260446870203,0
rf,2,SR386_40X_HE_T192_01,0,0.029,0
rf,2,SR386_40X_HE_T198_01,0,0.05656918350466738,0
rf,2,SR386_40X_HE_T200_01,0,0.1411739980449658,0
rf,2,SR386_40X_HE_T206_01,1,0.051602150537634416,0
rf,2,SR386_40X_HE_T211_01,0,0.039818181818181815,0
rf,2,SR386_40X_HE_T213_01,0,0.056,0
rf,2,SR386_40X_HE_T214_01,0,0.063875,0
rf,2,SR386_40X_HE_T220_01,0,0.034,0
rf,2,SR386_40X_HE_T230_01,1,0.1665870406475245,0
rf,2,SR386_40X_HE_T236_01,0,0.142,0
rf,2,SR386_40X_HE_T237_01,0,0.04581818181818181,0
rf,2,SR386_40X_HE_T240_01,0,0.05103605313092979,0
rf,2,SR386_40X_HE_T241_01,0,0.10708699902248289,0
rf,2,SR386_40X_HE_T242_01,0,0.16775366568914957,0
rf,2,SR386_40X_HE_T253_01,0,0.011904761904761906,0
rf,2,SR386_40X_HE_T260_01,0,0.058,0
rf,2,SR386_40X_HE_T262_01,0,0.09335984848484849,0
rf,2,SR386_40X_HE_T264_01,0,0.14297370240564572,0
rf,2,SR386_40X_HE_T271_01,0,0.029868006993006988,0
rf,2,SR386_40X_HE_T281_01,0,0.03322960151802657,0
rf,2,SR386_40X_HE_T297_01,0,0.02441025641025641,0
rf,2,SR386_40X_HE_T299_01,0,0.018,0
rf,2,SR386_40X_HE_T301_01,0,0.02366666666666667,0
rf,2,SR386_40X_HE_T306_01,0,0.076,0
rf,2,SR386_40X_HE_T309_01,0,0.059904761904761905,0
rf,2,SR386_40X_HE_T314_01,0,0.10173913043478261,0
rf,2,SR386_40X_HE_T316_01,0,0.17371524577572964,0
rf,2,SR386_40X_HE_T318_01,0,0.059007915504374994,0
rf,2,SR386_40X_HE_T321_01,0,0.10314114777228381,0
rf,2,SR386_40X_HE_T326_01,0,0.03588670338316287,0
rf,2,SR386_40X_HE_T327_01,0,0.029904761904761906,0
rf,2,SR386_40X_HE_T332_01,1,0.12907246376811593,0
rf,2,SR386_40X_HE_T355_01,0,0.058,0
rf,2,SR386_40X_HE_T364_01,0,0.15335162192668203,0
rf,2,SR386_40X_HE_T368_01,1,0.07518235387800604,0
rf,2,SR386_40X_HE_T374_01,0,0.05350691244239631,0
rf,2,SR386_40X_HE_T380_01,0,0.014,0
rf,2,SR386_40X_HE_T382_01,0,0.036,0
rf,2,SR386_40X_HE_T392_01,0,0.04139444295541857,0
rf,2,SR386_40X_HE_T398_01,0,0.09467412868821318,0
rf,2,SR386_40X_HE_T402_01,1,0.13174596774193548,0
rf,2,SR386_40X_HE_T404_01,0,0.05464365882609391,0
rf,2,SR386_40X_HE_T415_01,0,0.04182843822843823,0
rf,2,SR386_40X_HE_T417_01,0,0.03166666666666667,0
rf,2,SR386_40X_HE_T425_01,0,0.048,0
rf,2,SR386_40X_HE_T436_01,1,0.07471683866640703,0
rf,2,SR386_40X_HE_T437_01,0,0.029769401330376942,0
rf,2,SR386_40X_HE_T440_01,0,0.06223502304147466,0
rf,2,SR386_40X_HE_T445_01,0,0.07957142857142857,0
rf,2,SR386_40X_HE_T450_01,0,0.05499999999999999,0
rf,2,SR386_40X_HE_T459_01,0,0.07688311688311689,0
rf,2,SR386_40X_HE_T472_01,0,0.01746153846153846,0
rf,2,SR386_40X_HE_T481_01,0,0.06147660941209329,0
rf,2,SR386_40X_HE_T483_01,0,0.08,0
rf,2,SR386_40X_HE_T486_01,0,0.09665101565101564,0
rf,2,SR386_40X_HE_T488_01,0,0.1085665695806541,0
rf,2,SR386_40X_HE_T499_01,0,0.11366666666666667,0
rf,2,SR386_40X_HE_T507_01,0,0.12172694915889251,0
rf,2,SR386_40X_HE_T514_01,0,0.03781818181818182,0
rf,2,SR386_40X_HE_T520_01,1,0.03493610962208523,0
rf,2,SR386_40X_HE_T522_01,0,0.06906493506493507,0
rf,2,SR386_40X_HE_T531_01,0,0.04760215053763441,0
rf,2,SR386_40X_HE_T535_01,0,0.01,0
rf,2,SR386_40X_HE_T539_01,0,0.06081818181818182,0
rf,2,SR386_40X_HE_T549_01,0,0.04387096774193549,0
rf,2,SR386_40X_HE_T552_01,0,0.109875,0
rf,2,SR386_40X_HE_T553_01,0,0.04941771843180295,0
rf,2,SR386_40X_HE_T554_01,0,0.13103821715918487,0
rf,2,SR386_40X_HE_T558_01,0,0.053818181818181814,0
rf,2,SR386_40X_HE_T564_01,0,0.06499272098868873,0
rf,2,SR386_40X_HE_T570_01,0,0.04796078431372549,0
rf,2,SR386_40X_HE_T574_01,0,0.044,0
rf,2,SR386_40X_HE_T578_01,0,0.049537207357859527,0
rf,2,SR386_40X_HE_T580_01,0,0.03581818181818182,0
rf,3,SR1482_40X_HE_T005_01,0,0.17334798534798534,0
rf,3,SR1482_40X_HE_T005_02,0,0.17960964710610658,0
rf,3,SR1482_40X_HE_T010_01,0,0.04147394540942929,0
rf,3,SR1482_40X_HE_T043_01,0,0.138,0
rf,3,SR1482_40X_HE_T043_02,0,0.15691213490810266,0
rf,3,SR1482_40X_HE_T049_01,0,0.04845575939405863,0
rf,3,SR1482_40X_HE_T061_01,0,0.18782551594746716,0
rf,3,SR1482_40X_HE_T061_02,0,0.1574848484848485,0
rf,3,SR1482_40X_HE_T070_01,1,0.07533707415772634,0
rf,3,SR1482_40X_HE_T073_01,0,0.05258122135989839,0
rf,3,SR1482_40X_HE_T082_01,0,0.07940721288515405,0
rf,3,SR1482_40X_HE_T082_02,0,0.08171524577572964,0
rf,3,SR1482_40X_HE_T089_01,0,0.047597147950089125,0
rf,3,SR1482_40X_HE_T090_01,0,0.02766666666666667,0
rf,3,SR1482_40X_HE_T094_01,1,0.08517607308998987,0
rf,3,SR1482_40X_HE_T094_02,1,0.061678646934460894,0
rf,3,SR1482_40X_HE_T105_01,0,0.05767807192807192,0
rf,3,SR1482_40X_HE_T115_01,0,0.07296703296703297,0
rf,3,SR1482_40X_HE_T115_02,0,0.04166666666666667,0
rf,3,SR1482_40X_HE_T118_01,0,0.2711774891774892,0
rf,3,SR1482_40X_HE_T118_02,0,0.10684415584415582,0
rf,3,SR1482_40X_HE_T120_01,0,0.23091647072573768,0
rf,3,SR1482_40X_HE_T120_02,0,0.2811174650313818,0
rf,3,SR1482_40X_HE_T124_01,0,0.209120320730395,0
rf,3,SR1482_40X_HE_T124_02,0,0.26570488520134466,0
rf,3,SR1482_40X_HE_T138_01,0,0.04147619047619047,0
rf,3,SR1482_40X_HE_T160_01,0,0.08166666666666665,0
rf,3,SR1482_40X_HE_T160_02,0,0.05345206159960258,0
rf,3,SR1482_40X_HE_T167_01,0,0.203012877066008,0
rf,3,SR1482_40X_HE_T167_02,0,0.15441026001093194,0
rf,3,SR1482_40X_HE_T175_01,0,0.21527272727272725,0
rf,3,SR1482_40X_HE_T175_02,0,0.1763694158173414,0
rf,3,SR1482_40X_HE_T177_01,1,0.04384024577572965,0
rf,3,SR1482_40X_HE_T188_01,0,0.07472294372294372,0
rf,3,SR1482_40X_HE_T195_01,0,0.10581818181818181,0
rf,3,SR1482_40X_HE_T195_02,0,0.07320171358334138,0
rf,3,SR1482_40X_HE_T202_01,0,0.09981818181818182,0
rf,3,SR1482_40X_HE_T202_02,0,0.10381818181818181,0
rf,3,SR1482_40X_HE_T225_01,0,0.3224004495078664,1
rf,3,SR1482_40X_HE_T225_02,0,0.10611693745849343,0
rf,3,SR1482_40X_HE_T235_01,0,0.177018315018315,0
rf,3,SR1482_40X_HE_T235_02,0,0.13119701813531737,0
rf,3,SR1482_40X_HE_T236_01,0,0.045644401330376935,0
rf,3,SR1482_40X_HE_T236_02,0,0.0993138691174918,0
rf,3,SR1482_40X_HE_T258_01,0,0.11877115802778582,0
rf,3,SR1482_40X_HE_T258_02,0,0.12381818181818181,0
rf,3,SR1482_40X_HE_T284_01,1,0.2050833333333333,0
rf,3,SR1482_40X_HE_T284_02,1,0.293199553135037,0
rf,3,SR1482_40X_HE_T301_01,1,0.13998077579670926,0
rf,3,SR1482_40X_HE_T301_02,1,0.2208061562505915,0
rf,3,SR1482_40X_HE_T309_01,0,0.055301868862844474,0
rf,3,SR1482_40X_HE_T313_01,0,0.24157184750733138,0
rf,3,SR1482_40X_HE_T313_02,0,0.3113593073593074,1
rf,3,SR1482_40X_HE_T338_01,0,0.22156318949867335,0
rf,3,SR1482_40X_HE_T344_01,0,0.20516616716616715,0
rf,3,SR1482_40X_HE_T344_02,0,0.174,0
rf,3,SR1482_40X_HE_T346_01,0,0.2115491632351388,0
rf,3,SR1482_40X_HE_T346_02,0,0.205875,0
rf,3,SR1482_40X_HE_T377_01,0,0.08154112554112555,0
rf,3,SR1482_40X_HE_T377_02,0,0.12572062084257207,0
rf,3,SR1482_40X_HE_T419_01,0,0.07530303030303032,0
rf,3,SR1482_40X_HE_T427_01,0,0.14581818181818182,0
rf,3,SR1482_40X_HE_T427_02,0,0.08,0
rf,3,SR386_40X_HE_T007_01,0,0.06972294372294373,0
rf,3,SR386_40X_HE_T015_01,0,0.03959587880390366,0
rf,3,SR386_40X_HE_T017_01,1,0.15949279612393216,0
rf,3,SR386_40X_HE_T032_01,0,0.0372051282051282,0
rf,3,SR386_40X_HE_T034_01,0,0.07181048387096775,0
rf,3,SR386_40X_HE_T035_01,0,0.11295487028165849,0
rf,3,SR386_40X_HE_T041_01,0,0.2898199744838198,0
rf,3,SR386_40X_HE_T067_01,0,0.006,0
rf,3,SR386_40X_HE_T075_01,0,0.07301745313510019,0
rf,3,SR386_40X_HE_T081_01,0,0.04260619772384479,0
rf,3,SR386_40X_HE_T083_01,0,0.12561413043478262,0
rf,3,SR386_40X_HE_T085_01,0,0.01,0
rf,3,SR386_40X_HE_T095_01,0,0.08866708745197198,0
rf,3,SR386_40X_HE_T104_01,0,0.13328025597590815,0
rf,3,SR386_40X_HE_T106_01,0,0.05511030904579292,0
rf,3,SR386_40X_HE_T112_01,0,0.04,0
rf,3,SR386_40X_HE_T128_01,0,0.05372294372294373,0
rf,3,SR386_40X_HE_T132_01,0,0.031348945409429285,0
rf,3,SR386_40X_HE_T138_01,0,0.04533333333333334,0
rf,3,SR386_40X_HE_T142_01,0,0.15835913811527413,0
rf,3,SR386_40X_HE_T149_01,0,0.1093063525621665,0
rf,3,SR386_40X_HE_T165_01,1,0.08104982517482517,0
rf,3,SR386_40X_HE_T179_01,0,0.13487150343812335,0
rf,3,SR386_40X_HE_T180_01,0,0.1811478022912104,0
rf,3,SR386_40X_HE_T182_01,0,0.11140942928039702,0
rf,3,SR386_40X_HE_T184_01,0,0.15376940133037695,0
rf,3,SR386_40X_HE_T188_01,0,0.06684149184149185,0
rf,3,SR386_40X_HE_T191_01,0,0.024,0
rf,3,SR386_40X_HE_T197_01,0,0.10509100445843168,0
rf,3,SR386_40X_HE_T201_01,0,0.021165912518853695,0
rf,3,SR386_40X_HE_T202_01,0,0.01,0
rf,3,SR386_40X_HE_T208_01,0,0.03153846153846154,0
rf,3,SR386_40X_HE_T216_01,1,0.15919367588932806,0
rf,3,SR386_40X_HE_T238_01,0,0.055935483870967743,0
rf,3,SR386_40X_HE_T244_01,0,0.026,0
rf,3,SR386_40X_HE_T248_01,0,0.03981818181818182,0
rf,3,SR386_40X_HE_T249_01,0,0.002,0
rf,3,SR386_40X_HE_T250_01,0,0.06666081930531151,0
rf,3,SR386_40X_HE_T263_01,0,0.06695879389427777,0
rf,3,SR386_40X_HE_T267_01,0,0.13362696855989536,0
rf,3,SR386_40X_HE_T269_01,0,0.014,0
rf,3,SR386_40X_HE_T277_01,0,0.03768372803666921,0
rf,3,SR386_40X_HE_T286_01,0,0.18086552978962844,0
rf,3,SR386_40X_HE_T287_01,0,0.08848403148097311,0
rf,3,SR386_40X_HE_T290_01,0,0.11757142857142858,0
rf,3,SR386_40X_HE_T293_01,0,0.03195121951219512,0
rf,3,SR386_40X_HE_T298_01,0,0.01966666666666667,0
rf,3,SR386_40X_HE_T303_01,0,0.008,0
rf,3,SR386_40X_HE_T312_01,0,0.04,0
rf,3,SR386_40X_HE_T329_01,0,0.20510647548810326,0
rf,3,SR386_40X_HE_T336_01,0,0.058,0
rf,3,SR386_40X_HE_T338_01,0,0.013875,0
rf,3,SR386_40X_HE_T342_01,0,0.08337055471641484,0
rf,3,SR386_40X_HE_T353_01,0,0.09186046511627907,0
rf,3,SR386_40X_HE_T357_01,0,0.021404007756948937,0
rf,3,SR386_40X_HE_T362_01,0,0.07137435298845954,0
rf,3,SR386_40X_HE_T363_01,1,0.16788670338316286,0
rf,3,SR386_40X_HE_T372_01,0,0.1943656443369962,0
rf,3,SR386_40X_HE_T378_01,0,0.03376940133037694,0
rf,3,SR386_40X_HE_T379_01,0,0.028,0
rf,3,SR386_40X_HE_T386_01,0,0.07181818181818181,0
rf,3,SR386_40X_HE_T387_01,0,0.05384024577572965,0
rf,3,SR386_40X_HE_T393_01,0,0.01775366568914956,0
rf,3,SR386_40X_HE_T397_01,0,0.1564303215297222,0
rf,3,SR386_40X_HE_T406_01,0,0.09543697478991596,0
rf,3,SR386_40X_HE_T409_01,0,0.12763636363636363,0
rf,3,SR386_40X_HE_T422_01,0,0.01958288770053476,0
rf,3,SR386_40X_HE_T426_01,0,0.007904761904761906,0
rf,3,SR386_40X_HE_T433_01,0,0.022,0
rf,3,SR386_40X_HE_T443_01,0,0.1152200367164962,0
rf,3,SR386_40X_HE_T448_01,0,0.0759607843137255,0
rf,3,SR386_40X_HE_T452_01,0,0.12758758314855875,0
rf,3,SR386_40X_HE_T460_01,1,0.16041685873231007,0
rf,3,SR386_40X_HE_T473_01,0,0.036,0
rf,3,SR386_40X_HE_T475_01,0,0.027775729646697393,0
rf,3,SR386_40X_HE_T478_01,0,0.041056277056277055,0
rf,3,SR386_40X_HE_T489_01,1,0.09924955436720143,0
rf,3,SR386_40X_HE_T491_01,0,0.1073795506224696,0
rf,3,SR386_40X_HE_T492_01,0,0.03581818181818182,0
rf,3,SR386_40X_HE_T493_01,0,0.007288461538461538,0
rf,3,SR386_40X_HE_T502_01,0,0.02,0
rf,3,SR386_40X_HE_T505_01,0,0.15265345930139143,0
rf,3,SR386_40X_HE_T506_01,0,0.06806152855798805,0
rf,3,SR386_40X_HE_T509_01,0,0.18328238428238428,0
rf,3,SR386_40X_HE_T516_01,0,0.03980103008945514,0
rf,3,SR386_40X_HE_T518_01,0,0.039443223443223444,0
rf,3,SR386_40X_HE_T519_01,0,0.0363030303030303,0
rf,3,SR386_40X_HE_T521_01,0,0.01981818181818182,0
rf,3,SR386_40X_HE_T526_01,0,0.032793618146559324,0
rf,3,SR386_40X_HE_T533_01,0,0.014,0
rf,3,SR386_40X_HE_T543_01,0,0.037875,0
rf,3,SR386_40X_HE_T544_01,0,0.08485640035285984,0
rf,3,SR386_40X_HE_T556_01,1,0.11945454545454544,0
rf,3,SR386_40X_HE_T560_01,0,0.06156818181818182,0
rf,3,SR386_40X_HE_T563_01,0,0.013484848484848485,0
rf,3,SR386_40X_HE_T568_01,0,0.03596078431372549,0
rf,3,SR386_40X_HE_T571_01,0,0.03166666666666667,0
rf,3,SR386_40X_HE_T572_01,0,0.1008986836509571,0
rf,3,SR386_40X_HE_T573_01,0,0.036,0
rf,3,SR386_40X_HE_T583_01,0,0.06992156862745098,0
rf,4,SR1482_40X_HE_T002_01,0,0.03811030904579292,0
rf,4,SR1482_40X_HE_T003_01,0,0.0961607142857143,0
rf,4,SR1482_40X_HE_T004_01,0,0.11482996070723414,0
rf,4,SR1482_40X_HE_T004_02,0,0.11648035023648626,0
rf,4,SR1482_40X_HE_T011_01,0,0.06989106452220056,0
rf,4,SR1482_40X_HE_T025_01,0,0.06457934407580355,0
rf,4,SR1482_40X_HE_T025_02,0,0.10732378159474934,0
rf,4,SR1482_40X_HE_T060_01,0,0.10300104468702029,0
rf,4,SR1482_40X_HE_T062_01,0,0.08993548387096774,0
rf,4,SR1482_40X_HE_T062_02,0,0.1698709677419355,0
rf,4,SR1482_40X_HE_T064_01,0,0.18975366568914956,0
rf,4,SR1482_40X_HE_T064_02,0,0.1409195432930043,0
rf,4,SR1482_40X_HE_T071_01,0,0.0652575020062851,0
rf,4,SR1482_40X_HE_T071_02,0,0.08743231262361044,0
rf,4,SR1482_40X_HE_T074_01,0,0.060665413018354195,0
rf,4,SR1482_40X_HE_T074_02,0,0.06304579291676066,0
rf,4,SR1482_40X_HE_T083_01,0,0.1796666666666667,0
rf,4,SR1482_40X_HE_T083_02,0,0.1997959489872468,0
rf,4,SR1482_40X_HE_T087_01,0,0.0551034531565841,0
rf,4,SR1482_40X_HE_T097_01,1,0.20163702642772488,0
rf,4,SR1482_40X_HE_T097_02,1,0.16046537202634764,0
rf,4,SR1482_40X_HE_T108_01,0,0.043901111143758206,0
rf,4,SR1482_40X_HE_T113_01,0,0.15302611114375822,0
rf,4,SR1482_40X_HE_T113_02,0,0.09653817010479004,0
rf,4,SR1482_40X_HE_T121_01,0,0.02103072196620584,0
rf,4,SR1482_40X_HE_T122_01,0,0.03641025641025641,0
rf,4,SR1482_40X_HE_T125_01,0,0.12347660941209326,0
rf,4,SR1482_40X_HE_T125_02,0,0.19723164335664337,0
rf,4,SR1482_40X_HE_T131_01,0,0.12964976958525345,0
rf,4,SR1482_40X_HE_T131_02,0,0.14285503072196618,0
rf,4,SR1482_40X_HE_T132_01,0,0.08255024005686784,0
rf,4,SR1482_40X_HE_T132_02,0,0.07321710847292243,0
rf,4,SR1482_40X_HE_T143_01,0,0.18881843188069747,0
rf,4,SR1482_40X_HE_T143_02,0,0.16565842759391147,0
rf,4,SR1482_40X_HE_T166_01,1,0.05433441052570835,0
rf,4,SR1482_40X_HE_T169_01,0,0.08961413080542863,0
rf,4,SR1482_40X_HE_T176_01,1,0.2915238095238095,0
rf,4,SR1482_40X_HE_T176_02,1,0.15246919746919746,0
rf,4,SR1482_40X_HE_T191_01,0,0.06140159065740461,0
rf,4,SR1482_40X_HE_T194_01,0,0.5356190476190477,1
rf,4,SR1482_40X_HE_T218_01,0,0.026785214785214784,0
rf,4,SR1482_40X_HE_T253_01,0,0.026443223443223446,0
rf,4,SR1482_40X_HE_T290_01,0,0.10706559332140728,0
rf,4,SR1482_40X_HE_T308_01,0,0.1515641495601173,0
rf,4,SR1482_40X_HE_T314_01,0,0.3076666666666667,1
rf,4,SR1482_40X_HE_T314_02,0,0.3792467532467532,1
rf,4,SR1482_40X_HE_T372_01,1,0.17700106951871658,0
rf,4,SR1482_40X_HE_T372_02,1,0.07489652283200669,0
rf,4,SR1482_40X_HE_T408_01,0,0.051722943722943726,0
rf,4,SR1482_40X_HE_T412_01,0,0.1269679419202219,0
rf,4,SR1482_40X_HE_T425_01,0,0.034387365322849195,0
rf,4,SR1482_40X_HE_T434_01,1,0.08151136363636363,0
rf,4,SR386_40X_HE_T006_01,0,0.04895121951219512,0
rf,4,SR386_40X_HE_T010_01,0,0.04388670338316287,0
rf,4,SR386_40X_HE_T014_01,0,0.0760129204129204,0
rf,4,SR386_40X_HE_T016_01,0,0.02084149184149184,0
rf,4,SR386_40X_HE_T020_01,0,0.006,0
rf,4,SR386_40X_HE_T027_01,0,0.0845156550766307,0
rf,4,SR386_40X_HE_T028_01,0,0.114,0
rf,4,SR386_40X_HE_T037_01,0,0.03342857142857143,0
rf,4,SR386_40X_HE_T043_01,0,0.02,0
rf,4,SR386_40X_HE_T044_01,1,0.08645975127735468,0
rf,4,SR386_40X_HE_T046_01,0,0.06114327607875995,0
rf,4,SR386_40X_HE_T058_01,0,0.0756891495601173,0
rf,4,SR386_40X_HE_T062_01,0,0.029693181818181816,0
rf,4,SR386_40X_HE_T065_01,1,0.10705669599217987,0
rf,4,SR386_40X_HE_T080_01,0,0.04336658141517477,0
rf,4,SR386_40X_HE_T091_01,0,0.06331055900621119,0
rf,4,SR386_40X_HE_T094_01,0,0.005904761904761905,0
rf,4,SR386_40X_HE_T097_01,0,0.036,0
rf,4,SR386_40X_HE_T100_01,0,0.09458330663643758,0
rf,4,SR386_40X_HE_T107_01,0,0.08927143590582887,0
rf,4,SR386_40X_HE_T109_01,1,0.09715151515151516,0
rf,4,SR386_40X_HE_T110_01,0,0.06187224731789949,0
rf,4,SR386_40X_HE_T117_01,0,0.029205128205128206,0
rf,4,SR386_40X_HE_T127_01,0,0.05137870731419119,0
rf,4,SR386_40X_HE_T129_01,0,0.035369401330376936,0
rf,4,SR386_40X_HE_T136_01,0,0.023405797101449275,0
rf,4,SR386_40X_HE_T154_01,0,0.08251124144672531,0
rf,4,SR386_40X_HE_T168_01,1,0.17665302252215195,0
rf,4,SR386_40X_HE_T175_01,0,0.028,0
rf,4,SR386_40X_HE_T189_01,0,0.060625460560944436,0
rf,4,SR386_40X_HE_T195_01,0,0.023602150537634408,0
rf,4,SR386_40X_HE_T227_01,0,0.03796078431372549,0
rf,4,SR386_40X_HE_T233_01,0,0.1088667609272448,0
rf,4,SR386_40X_HE_T234_01,0,0.12887445887445886,0
rf,4,SR386_40X_HE_T235_01,0,0.04981818181818181,0
rf,4,SR386_40X_HE_T239_01,0,0.1307836772857811,0
rf,4,SR386_40X_HE_T245_01,0,0.019156347717323326,0
rf,4,SR386_40X_HE_T256_01,0,0.07051140526140526,0
rf,4,SR386_40X_HE_T265_01,0,0.053314191185158934,0
rf,4,SR386_40X_HE_T268_01,0,0.10515151515151516,0
rf,4,SR386_40X_HE_T270_01,0,0.027597147950089128,0
rf,4,SR386_40X_HE_T272_01,0,0.17167416323513882,0
rf,4,SR386_40X_HE_T273_01,0,0.13915901171998735,0
rf,4,SR386_40X_HE_T276_01,0,0.075185977942114,0
rf,4,SR386_40X_HE_T278_01,1,0.1732139730201912,0
rf,4,SR386_40X_HE_T284_01,0,0.05325,0
rf,4,SR386_40X_HE_T285_01,0,0.01,0
rf,4,SR386_40X_HE_T288_01,0,0.07573822333811574,0
rf,4,SR386_40X_HE_T291_01,0,0.098,0
rf,4,SR386_40X_HE_T300_01,0,0.02796078431372549,0
rf,4,SR386_40X_HE_T302_01,0,0.022,0
rf,4,SR386_40X_HE_T305_01,0,0.05726864718256398,0
rf,4,SR386_40X_HE_T308_01,0,0.038,0
rf,4,SR386_40X_HE_T325_01,0,0.06969015683769783,0
rf,4,SR386_40X_HE_T331_01,0,0.11219551060893566,0
rf,4,SR386_40X_HE_T341_01,0,0.08940343527440302,0
rf,4,SR386_40X_HE_T343_01,1,0.06169015683769781,0
rf,4,SR386_40X_HE_T346_01,0,0.06694672126383291,0
rf,4,SR386_40X_HE_T352_01,0,0.02153846153846154,0
rf,4,SR386_40X_HE_T373_01,0,0.11883645789694175,0
rf,4,SR386_40X_HE_T375_01,0,0.16008750258396204,0
rf,4,SR386_40X_HE_T381_01,0,0.03416616716616717,0
rf,4,SR386_40X_HE_T389_01,0,0.10357184750733137,0
rf,4,SR386_40X_HE_T391_01,0,0.045359307359307356,0
rf,4,SR386_40X_HE_T394_01,0,0.03759511185173964,0
rf,4,SR386_40X_HE_T399_01,0,0.1917229437229437,0
rf,4,SR386_40X_HE_T403_01,0,0.05150190985485103,0
rf,4,SR386_40X_HE_T405_01,0,0.061196889132373006,0
rf,4,SR386_40X_HE_T407_01,0,0.033110309045792916,0
rf,4,SR386_40X_HE_T414_01,0,0.017904761904761906,0
rf,4,SR386_40X_HE_T424_01,0,0.14214495198411287,0
rf,4,SR386_40X_HE_T429_01,0,0.10572294372294372,0
rf,4,SR386_40X_HE_T441_01,0,0.09981818181818182,0
rf,4,SR386_40X_HE_T451_01,0,0.05401025641025641,0
rf,4,SR386_40X_HE_T453_01,0,0.047159462790598836,0
rf,4,SR386_40X_HE_T455_01,0,0.08259740259740259,0
rf,4,SR386_40X_HE_T465_01,0,0.07767416323513884,0
rf,4,SR386_40X_HE_T474_01,0,0.11166816242429847,0
rf,4,SR386_40X_HE_T476_01,0,0.21644955313503694,0
rf,4,SR386_40X_HE_T479_01,0,0.06375366568914956,0
rf,4,SR386_40X_HE_T482_01,0,0.07927272727272729,0
rf,4,SR386_40X_HE_T487_01,0,0.03891983285531673,0
rf,4,SR386_40X_HE_T490_01,0,0.05277264808362369,0
rf,4,SR386_40X_HE_T494_01,0,0.02366666666666667,0
rf,4,SR386_40X_HE_T500_01,0,0.027935483870967743,0
rf,4,SR386_40X_HE_T510_01,0,0.12996078431372546,0
rf,4,SR386_40X_HE_T524_01,0,0.18996078431372548,0
rf,4,SR386_40X_HE_T528_01,0,0.16367999342645287,0
rf,4,SR386_40X_HE_T532_01,0,0.04131742767036884,0
rf,4,SR386_40X_HE_T534_01,0,0.11093073593073594,0
rf,4,SR386_40X_HE_T536_01,0,0.016,0
rf,4,SR386_40X_HE_T537_01,0,0.05079797275894836,0
rf,4,SR386_40X_HE_T541_01,0,0.04169477470885921,0
rf,4,SR386_40X_HE_T548_01,1,0.1463263403263403,0
rf,4,SR386_40X_HE_T550_01,0,0.13302461467639637,0
rf,4,SR386_40X_HE_T551_01,0,0.039870967741935485,0
rf,4,SR386_40X_HE_T557_01,0,0.05147967702391602,0
rf,4,SR386_40X_HE_T565_01,0,0.03748484848484848,0
rf,4,SR386_40X_HE_T567_01,0,0.017056022408963586,0
rf,4,SR386_40X_HE_T575_01,0,0.12775366568914956,0
rf,4,SR386_40X_HE_T576_01,0,0.055967213114754104,0
rf,4,SR386_40X_HE_T581_01,0,0.181493251846193,0
