classifier,fold,WSI_ID,target,prob_pos,pred_at_0.5
lin,1,SR1482_40X_HE_T029_01,0,0.8571452140781862,1
lin,1,SR1482_40X_HE_T029_02,0,0.7972403646509234,1
lin,1,SR1482_40X_HE_T057_01,0,0.00025720741599114146,0
lin,1,SR1482_40X_HE_T063_01,1,0.9140932945838258,1
lin,1,SR1482_40X_HE_T063_02,1,0.18474503417016508,0
lin,1,SR1482_40X_HE_T065_01,0,0.1739309338482082,0
lin,1,SR1482_40X_HE_T065_02,0,0.004119191607212273,0
lin,1,SR1482_40X_HE_T066_01,0,0.6881549038357395,1
lin,1,SR1482_40X_HE_T066_02,0,0.1902149353914946,0
lin,1,SR1482_40X_HE_T068_01,0,4.303809421728656e-05,0
lin,1,SR1482_40X_HE_T069_01,0,0.0003671620756761898,0
lin,1,SR1482_40X_HE_T069_02,0,0.0008505159038282009,0
lin,1,SR1482_40X_HE_T079_01,1,0.18559920701804664,0
lin,1,SR1482_40X_HE_T079_02,1,0.6164328861497074,1
lin,1,SR1482_40X_HE_T080_01,0,0.012027833255217469,0
lin,1,SR1482_40X_HE_T080_02,0,0.007682636491469663,0
lin,1,SR1482_40X_HE_T081_01,0,0.0005721595005070297,0
lin,1,SR1482_40X_HE_T081_02,0,0.000736852689846403,0
lin,1,SR1482_40X_HE_T099_01,0,8.91872080121422e-05,0
lin,1,SR1482_40X_HE_T116_01,0,0.01944876545112361,0
lin,1,SR1482_40X_HE_T117_01,0,0.0019917347791121322,0
lin,1,SR1482_40X_HE_T117_02,0,0.002503138068509475,0
lin,1,SR1482_40X_HE_T126_01,0,0.03948493713308495,0
lin,1,SR1482_40X_HE_T129_01,0,0.03136545646783206,0
lin,1,SR1482_40X_HE_T129_02,0,0.29660762555890535,0
lin,1,SR1482_40X_HE_T139_01,0,0.2950400309813203,0
lin,1,SR1482_40X_HE_T139_02,0,0.8195240030545692,1
lin,1,SR1482_40X_HE_T147_01,0,0.5638287440091231,1
lin,1,SR1482_40X_HE_T147_02,0,0.996359189601844,1
lin,1,SR1482_40X_HE_T159_01,0,0.2165105684122376,0
lin,1,SR1482_40X_HE_T159_02,0,0.04592350055188936,0
lin,1,SR1482_40X_HE_T192_01,0,0.012366755072173899,0
lin,1,SR1482_40X_HE_T199_01,0,0.3593437374395204,0
lin,1,SR1482_40X_HE_T304_01,0,0.004815745084484886,0
lin,1,SR1482_40X_HE_T304_02,0,0.011423107474396512,0
lin,1,SR1482_40X_HE_T310_01,1,0.5316227516016792,1
lin,1,SR1482_40X_HE_T310_02,1,0.004238430872759538,0
lin,1,SR1482_40X_HE_T341_01,0,0.00010745111010667463,0
lin,1,SR1482_40X_HE_T341_02,0,0.0015417471389748824,0
lin,1,SR1482_40X_HE_T353_01,0,0.02402315248904543,0
lin,1,SR1482_40X_HE_T390_01,0,3.564880631595218e-06,0
lin,1,SR1482_40X_HE_T433_01,1,0.09277972383482185,0
lin,1,SR386_40X_HE_T003_01,0,0.0025870480702957985,0
lin,1,SR386_40X_HE_T004_01,0,0.01780304474960059,0
lin,1,SR386_40X_HE_T022_01,1,0.8786827947959269,1
lin,1,SR386_40X_HE_T030_01,0,0.12342275794695642,0
lin,1,SR386_40X_HE_T033_01,0,0.010677944259491368,0
lin,1,SR386_40X_HE_T036_01,0,1.6235449787689817e-05,0
lin,1,SR386_40X_HE_T038_01,0,0.0001992100073219827,0
lin,1,SR386_40X_HE_T049_01,0,3.76876670697808e-06,0
lin,1,SR386_40X_HE_T050_01,0,0.003366583665523597,0
lin,1,SR386_40X_HE_T060_01,0,0.009274160603771038,0
lin,1,SR386_40X_HE_T063_01,0,0.14098260497200815,0
lin,1,SR386_40X_HE_T066_01,0,0.021348833301390095,0
lin,1,SR386_40X_HE_T069_01,0,0.014460815999036269,0
lin,1,SR386_40X_HE_T072_01,0,0.04977503040789738,0
lin,1,SR386_40X_HE_T074_01,0,0.0034426612751285502,0
lin,1,SR386_40X_HE_T078_01,0,0.0005388746404094856,0
lin,1,SR386_40X_HE_T079_01,0,5.431594700443821e-06,0
lin,1,SR386_40X_HE_T092_01,1,0.875899937044335,1
lin,1,SR386_40X_HE_T096_01,0,0.000251999328372717,0
lin,1,SR386_40X_HE_T099_01,0,0.004842456068801602,0
lin,1,SR386_40X_HE_T103_01,0,2.8481588392028196e-05,0
lin,1,SR386_40X_HE_T108_01,0,0.009194161635933023,0
lin,1,SR386_40X_HE_T113_01,0,0.0025595381323808802,0
lin,1,SR386_40X_HE_T114_01,0,0.00453087755232549,0
lin,1,SR386_40X_HE_T119_01,0,0.0063889072761318805,0
lin,1,SR386_40X_HE_T126_01,0,0.004781452594894388,0
lin,1,SR386_40X_HE_T130_01,0,2.4011775089101392e-05,0
lin,1,SR386_40X_HE_T131_01,0,0.006613805315532331,0
lin,1,SR386_40X_HE_T135_01,0,0.11339903462655301,0
lin,1,SR386_40X_HE_T140_01,0,0.012242467156340104,0
lin,1,SR386_40X_HE_T144_01,0,0.14763930638158754,0
lin,1,SR386_40X_HE_T147_01,0,0.0028890756554939196,0
lin,1,SR386_40X_HE_T148_01,0,0.01813589032046521,0
lin,1,SR386_40X_HE_T160_01,0,0.00041456226027815606,0
lin,1,SR386_40X_HE_T169_01,0,6.504061428998255e-07,0
lin,1,SR386_40X_HE_T170_01,1,0.9867596701673614,1
lin,1,SR386_40X_HE_T172_01,0,0.9435041098214773,1
lin,1,SR386_40X_HE_T174_01,0,0.013458776159823375,0
lin,1,SR386_40X_HE_T181_01,0,0.00010210245668265243,0
lin,1,SR386_40X_HE_T196_01,0,0.0029447887980012994,0
lin,1,SR386_40X_HE_T205_01,0,0.3091859359089056,0
lin,1,SR386_40X_HE_T209_01,0,0.00024912036503802897,0
lin,1,SR386_40X_HE_T210_01,0,0.7130284870169858,1
lin,1,SR386_40X_HE_T212_01,0,0.001755075903616103,0
lin,1,SR386_40X_HE_T221_01,0,0.000695899789161088,0
lin,1,SR386_40X_HE_T224_01,0,0.006699473751265149,0
lin,1,SR386_40X_HE_T231_01,1,0.4579837147202754,0
lin,1,SR386_40X_HE_T232_01,0,0.0005405500894700419,0
lin,1,SR386_40X_HE_T247_01,0,0.008500650765473945,0
lin,1,SR386_40X_HE_T252_01,0,0.0008320612703233092,0
lin,1,SR386_40X_HE_T255_01,0,0.010581063081493073,0
lin,1,SR386_40X_HE_T259_01,1,0.9072635947971109,1
lin,1,SR386_40X_HE_T274_01,0,6.973417112674348e-05,0
lin,1,SR386_40X_HE_T275_01,0,0.20773766906905505,0
lin,1,SR386_40X_HE_T282_01,0,0.0004628415683191774,0
lin,1,SR386_40X_HE_T294_01,0,0.8214912368005282,1
lin,1,SR386_40X_HE_T311_01,0,0.0022071550958554695,0
lin,1,SR386_40X_HE_T315_01,0,0.0007830266348373249,0
lin,1,SR386_40X_HE_T319_01,1,0.12857742372093217,0
lin,1,SR386_40X_HE_T324_01,1,0.020023489815080387,0
lin,1,SR386_40X_HE_T330_01,0,2.5645937779695474e-05,0
lin,1,SR386_40X_HE_T333_01,0,0.03876255178940511,0
lin,1,SR386_40X_HE_T335_01,0,0.0006085202543222081,0
lin,1,SR386_40X_HE_T337_01,0,0.004168299029994254,0
lin,1,SR386_40X_HE_T344_01,0,0.029643644644360024,0
lin,1,SR386_40X_HE_T347_01,0,0.0004329256290820618,0
lin,1,SR386_40X_HE_T350_01,0,0.0011270835621807964,0
lin,1,SR386_40X_HE_T351_01,0,0.003126814286921091,0
lin,1,SR386_40X_HE_T360_01,0,1.4252208073758151e-05,0
lin,1,SR386_40X_HE_T361_01,0,0.00036022829841863565,0
lin,1,SR386_40X_HE_T366_01,0,0.0005938410051363333,0
lin,1,SR386_40X_HE_T377_01,1,0.9718222609725236,1
lin,1,SR386_40X_HE_T384_01,0,7.771762640830233e-05,0
lin,1,SR386_40X_HE_T395_01,0,6.4999374666415e-05,0
lin,1,SR386_40X_HE_T396_01,0,0.04524929871995082,0
lin,1,SR386_40X_HE_T401_01,0,0.06692511984030913,0
lin,1,SR386_40X_HE_T408_01,0,0.002571794009011911,0
lin,1,SR386_40X_HE_T410_01,0,0.010315007166343763,0
lin,1,SR386_40X_HE_T413_01,0,0.003944072809306039,0
lin,1,SR386_40X_HE_T416_01,0,0.00045480308737325527,0
lin,1,SR386_40X_HE_T418_01,0,8.184271420182357e-06,0
lin,1,SR386_40X_HE_T419_01,0,0.03370188868169942,0
lin,1,SR386_40X_HE_T421_01,0,0.0009121717974212717,0
lin,1,SR386_40X_HE_T423_01,0,0.0004893842972875447,0
lin,1,SR386_40X_HE_T428_01,0,0.0068575542150397465,0
lin,1,SR386_40X_HE_T430_01,0,0.0010605125686079639,0
lin,1,SR386_40X_HE_T431_01,0,0.13426215027203428,0
lin,1,SR386_40X_HE_T435_01,0,0.8647817127515196,1
lin,1,SR386_40X_HE_T438_01,0,0.0055357776928374805,0
lin,1,SR386_40X_HE_T439_01,0,0.018562452011237296,0
lin,1,SR386_40X_HE_T447_01,0,1.0925094923918824e-05,0
lin,1,SR386_40X_HE_T449_01,0,0.00018699607811387554,0
lin,1,SR386_40X_HE_T454_01,0,0.0007428838296449319,0
lin,1,SR386_40X_HE_T456_01,0,0.0062739774979666246,0
lin,1,SR386_40X_HE_T461_01,0,0.06705910167572214,0
lin,1,SR386_40X_HE_T462_01,0,0.013277519107417729,0
lin,1,SR386_40X_HE_T468_01,0,0.006561108140258569,0
lin,1,SR386_40X_HE_T469_01,1,0.03474758569231127,0
lin,1,SR386_40X_HE_T470_01,0,0.036752517398484084,0
lin,1,SR386_40X_HE_T471_01,0,0.000757631998478415,0
lin,1,SR386_40X_HE_T477_01,0,0.0006481874764061646,0
lin,1,SR386_40X_HE_T480_01,0,0.15724299120523022,0
lin,1,SR386_40X_HE_T484_01,0,0.14850867572740808,0
lin,1,SR386_40X_HE_T495_01,0,5.197398685917145e-06,0
lin,1,SR386_40X_HE_T496_01,0,4.7102827864219815e-05,0
lin,1,SR386_40X_HE_T498_01,0,0.8995594589511771,1
lin,1,SR386_40X_HE_T504_01,0,0.00022309442666254128,0
lin,1,SR386_40X_HE_T511_01,0,0.001701493316148302,0
lin,1,SR386_40X_HE_T517_01,0,0.751937017305133,1
lin,1,SR386_40X_HE_T523_01,0,0.002177438990766775,0
lin,1,SR386_40X_HE_T529_01,0,0.0005783567159380026,0
lin,1,SR386_40X_HE_T542_01,0,0.00011037978770155064,0
lin,1,SR386_40X_HE_T569_01,0,0.08359549386085796,0
lin,1,SR386_40X_HE_T582_01,0,3.518769150325433e-05,0
lin,2,SR1482_40X_HE_T009_01,0,4.249547098235932e-06,0
lin,2,SR1482_40X_HE_T009_02,0,2.9042305821741216e-05,0
lin,2,SR1482_40X_HE_T015_01,0,0.0018142743552410135,0
lin,2,SR1482_40X_HE_T021_01,0,0.014274984252503233,0
lin,2,SR1482_40X_HE_T067_01,0,0.00010968399524024769,0
lin,2,SR1482_40X_HE_T075_01,0,0.001660346379622224,0
lin,2,SR1482_40X_HE_T075_02,0,0.016172143075675757,0
lin,2,SR1482_40X_HE_T098_01,0,0.033176114590938395,0
lin,2,SR1482_40X_HE_T098_02,0,0.012996548745315025,0
lin,2,SR1482_40X_HE_T102_01,0,0.24059629252477432,0
lin,2,SR1482_40X_HE_T123_01,0,0.011013996814352734,0
lin,2,SR1482_40X_HE_T142_01,0,0.00016341531611208584,0
lin,2,SR1482_40X_HE_T146_01,0,0.1599473364395338,0
lin,2,SR1482_40X_HE_T148_01,0,0.016343769570310668,0
lin,2,SR1482_40X_HE_T148_02,0,0.06744528109282408,0
lin,2,SR1482_40X_HE_T154_01,0,0.004249542603795322,0
lin,2,SR1482_40X_HE_T158_01,0,0.00651808444709795,0
lin,2,SR1482_40X_HE_T161_01,0,0.20008147061351927,0
lin,2,SR1482_40X_HE_T161_02,0,0.07773082620536893,0
lin,2,SR1482_40X_HE_T164_01,1,0.05207434261012686,0
lin,2,SR1482_40X_HE_T164_02,1,0.0490896850249877,0
lin,2,SR1482_40X_HE_T168_01,0,0.10193406366952631,0
lin,2,SR1482_40X_HE_T171_01,0,0.040089222376092686,0
lin,2,SR1482_40X_HE_T171_02,0,0.005093371579644846,0
lin,2,SR1482_40X_HE_T178_01,1,0.1605901487332648,0
lin,2,SR1482_40X_HE_T186_01,0,0.028785255690873545,0
lin,2,SR1482_40X_HE_T193_01,0,0.0019391481963338113,0
lin,2,SR1482_40X_HE_T193_02,0,0.018015831444002036,0
lin,2,SR1482_40X_HE_T209_01,0,0.007718004002370541,0
lin,2,SR1482_40X_HE_T209_02,0,0.27344668601408334,0
lin,2,SR1482_40X_HE_T245_01,0,0.14122382511794734,0
lin,2,SR1482_40X_HE_T245_02,0,0.8270745938260812,1
lin,2,SR1482_40X_HE_T265_01,0,0.001022770419610618,0
lin,2,SR1482_40X_HE_T302_01,0,0.03615227637688229,0
lin,2,SR1482_40X_HE_T343_01,1,0.05566520433709929,0
lin,2,SR1482_40X_HE_T343_02,1,8.715088175896384e-06,0
lin,2,SR1482_40X_HE_T399_01,0,0.0013683474189054644,0
lin,2,SR1482_40X_HE_T399_02,0,0.01648591484959448,0
lin,2,SR1482_40X_HE_T426_01,0,4.137372616643345e-05,0
lin,2,SR1482_40X_HE_T426_02,0,0.00012926365454695202,0
lin,2,SR386_40X_HE_T001_01,0,0.024943014574380303,0
lin,2,SR386_40X_HE_T013_01,0,0.0033941796625627787,0
lin,2,SR386_40X_HE_T018_01,0,0.005858716750917863,0
lin,2,SR386_40X_HE_T019_01,0,0.0027250950228245607,0
lin,2,SR386_40X_HE_T024_01,0,2.895188463451329e-06,0
lin,2,SR386_40X_HE_T039_01,0,2.674755521505274e-05,0
lin,2,SR386_40X_HE_T040_01,1,0.6531038239812952,1
lin,2,SR386_40X_HE_T042_01,0,0.05418068269730922,0
lin,2,SR386_40X_HE_T047_01,0,1.8517909162824095e-05,0
lin,2,SR386_40X_HE_T051_01,0,0.0002469111550275441,0
lin,2,SR386_40X_HE_T052_01,0,0.00040922063697166976,0
lin,2,SR386_40X_HE_T056_01,0,0.00044641708844218246,0
lin,2,SR386_40X_HE_T057_01,0,0.00022912325641529023,0
lin,2,SR386_40X_HE_T070_01,0,0.00022294568202749316,0
lin,2,SR386_40X_HE_T082_01,0,0.05930988568584271,0
lin,2,SR386_40X_HE_T084_01,0,0.00034819459299479326,0
lin,2,SR386_40X_HE_T087_01,0,0.045397278842727574,0
lin,2,SR386_40X_HE_T088_01,0,0.010729600035185784,0
lin,2,SR386_40X_HE_T098_01,0,0.5892185033513232,1
lin,2,SR386_40X_HE_T105_01,0,0.00014354782914167809,0
lin,2,SR386_40X_HE_T122_01,0,5.4593342075504354e-05,0
lin,2,SR386_40X_HE_T123_01,0,0.058625686587628185,0
lin,2,SR386_40X_HE_T133_01,0,0.0002139235016863173,0
lin,2,SR386_40X_HE_T145_01,0,0.004912658237862633,0
lin,2,SR386_40X_HE_T150_01,0,0.16772545998540106,0
lin,2,SR386_40X_HE_T152_01,0,0.36016204537269364,0
lin,2,SR386_40X_HE_T155_01,0,0.010567417536558679,0
lin,2,SR386_40X_HE_T157_01,0,0.00499646011844898,0
lin,2,SR386_40X_HE_T164_01,0,0.021660683175471002,0
lin,2,SR386_40X_HE_T166_01,0,0.014102154316714249,0
lin,2,SR386_40X_HE_T176_01,1,0.6763058446555227,1
lin,2,SR386_40X_HE_T177_01,0,6.918778693908855e-05,0
lin,2,SR386_40X_HE_T178_01,0,0.0025570271568185056,0
lin,2,SR386_40X_HE_T187_01,0,0.0054898470016803945,0
lin,2,SR386_40X_HE_T190_01,0,9.997265622629275e-06,0
lin,2,SR386_40X_HE_T192_01,0,3.3545733794337046e-05,0
lin,2,SR386_40X_HE_T198_01,0,0.04260971626686732,0
lin,2,SR386_40X_HE_T200_01,0,0.04341611476996761,0
lin,2,SR386_40X_HE_T206_01,1,0.005606621455627191,0
lin,2,SR386_40X_HE_T211_01,0,0.008092673871219173,0
lin,2,SR386_40X_HE_T213_01,0,0.0003310508993635436,0
lin,2,SR386_40X_HE_T214_01,0,0.0031587844275435726,0
lin,2,SR386_40X_HE_T220_01,0,0.01596305783180566,0
lin,2,SR386_40X_HE_T230_01,1,0.07480850263444402,0
lin,2,SR386_40X_HE_T236_01,0,0.0017513237141161772,0
lin,2,SR386_40X_HE_T237_01,0,0.007630863379091053,0
lin,2,SR386_40X_HE_T240_01,0,0.011658357052232362,0
lin,2,SR386_40X_HE_T241_01,0,0.0022610725798336505,0
lin,2,SR386_40X_HE_T242_01,0,0.0005818907013669485,0
lin,2,SR386_40X_HE_T253_01,0,2.8690021489662194e-05,0
lin,2,SR386_40X_HE_T260_01,0,0.0009523261136140866,0
lin,2,SR386_40X_HE_T262_01,0,0.0030932546385637823,0
lin,2,SR386_40X_HE_T264_01,0,0.012490803773995179,0
lin,2,SR386_40X_HE_T271_01,0,0.0006045053439712089,0
lin,2,SR386_40X_HE_T281_01,0,0.010532088433680236,0
lin,2,SR386_40X_HE_T297_01,0,8.110619198464907e-06,0
lin,2,SR386_40X_HE_T299_01,0,0.0004792964568152639,0
lin,2,SR386_40X_HE_T301_01,0,3.2819587121695315e-05,0
lin,2,SR386_40X_HE_T306_01,0,0.0009365857802720934,0
lin,2,SR386_40X_HE_T309_01,0,5.2062168626339784e-05,0
lin,2,SR386_40X_HE_T314_01,0,0.012403184011901708,0
lin,2,SR386_40X_HE_T316_01,0,0.09849359132302606,0
lin,2,SR386_40X_HE_T318_01,0,0.005962438133183152,0
lin,2,SR386_40X_HE_T321_01,0,0.01030340714298136,0
lin,2,SR386_40X_HE_T326_01,0,0.012137523017245815,0
lin,2,SR386_40X_HE_T327_01,0,4.231005888656424e-05,0
lin,2,SR386_40X_HE_T332_01,1,0.03498025026925263,0
lin,2,SR386_40X_HE_T355_01,0,0.0006817694433802296,0
lin,2,SR386_40X_HE_T364_01,0,0.09372130861572668,0
lin,2,SR386_40X_HE_T368_01,1,0.0001262322992018134,0
lin,2,SR386_40X_HE_T374_01,0,0.00046537904678294463,0
lin,2,SR386_40X_HE_T380_01,0,0.00045363457095257695,0
lin,2,SR386_40X_HE_T382_01,0,0.0034390999824675467,0
lin,2,SR386_40X_HE_T392_01,0,0.007321008570785464,0
lin,2,SR386_40X_HE_T398_01,0,0.007999123696278546,0
lin,2,SR386_40X_HE_T402_01,1,0.1778343671945512,0
lin,2,SR386_40X_HE_T404_01,0,5.130154590608145e-05,0
lin,2,SR386_40X_HE_T415_01,0,2.812790908465845e-05,0
lin,2,SR386_40X_HE_T417_01,0,1.4599893539048874e-05,0
lin,2,SR386_40X_HE_T425_01,0,0.0006812184734955937,0
lin,2,SR386_40X_HE_T436_01,1,0.0001299639541340961,0
lin,2,SR386_40X_HE_T437_01,0,0.034405114488669515,0
lin,2,SR386_40X_HE_T440_01,0,0.7135304604923496,1
lin,2,SR386_40X_HE_T445_01,0,0.0019345668366694605,0
lin,2,SR386_40X_HE_T450_01,0,0.006756198765680651,0
lin,2,SR386_40X_HE_T459_01,0,0.009468087723185805,0
lin,2,SR386_40X_HE_T472_01,0,0.0031798443883503335,0
lin,2,SR386_40X_HE_T481_01,0,0.3298103131505282,0
lin,2,SR386_40X_HE_T483_01,0,0.007085562720137721,0
lin,2,SR386_40X_HE_T486_01,0,0.04217335813445129,0
lin,2,SR386_40X_HE_T488_01,0,0.04705957632385684,0
lin,2,SR386_40X_HE_T499_01,0,0.001790520211259161,0
lin,2,SR386_40X_HE_T507_01,0,0.009934565112481423,0
lin,2,SR386_40X_HE_T514_01,0,0.0015742950284990957,0
lin,2,SR386_40X_HE_T520_01,1,0.009357378586222135,0
lin,2,SR386_40X_HE_T522_01,0,0.010574257503956323,0
lin,2,SR386_40X_HE_T531_01,0,0.00027696089819981826,0
lin,2,SR386_40X_HE_T535_01,0,7.222150441052523e-06,0
lin,2,SR386_40X_HE_T539_01,0,0.008259410823481148,0
lin,2,SR386_40X_HE_T549_01,0,3.022435755295968e-05,0
lin,2,SR386_40X_HE_T552_01,0,9.053912374169951e-05,0
lin,2,SR386_40X_HE_T553_01,0,0.05672122669756281,0
lin,2,SR386_40X_HE_T554_01,0,0.11140128142511001,0
lin,2,SR386_40X_HE_T558_01,0,0.0005746786537965614,0
lin,2,SR386_40X_HE_T564_01,0,0.0018721646607974783,0
lin,2,SR386_40X_HE_T570_01,0,0.0038177522913697024,0
lin,2,SR386_40X_HE_T574_01,0,0.0023154725254846977,0
lin,2,SR386_40X_HE_T578_01,0,1.485062768585137e-06,0
lin,2,SR386_40X_HE_T580_01,0,0.00011679374339171986,0
lin,3,SR1482_40X_HE_T005_01,0,0.03897633610763406,0
lin,3,SR1482_40X_HE_T005_02,0,0.001427497488016025,0
lin,3,SR1482_40X_HE_T010_01,0,2.14812775009849e-05,0
lin,3,SR1482_40X_HE_T043_01,0,0.0239780652450387,0
lin,3,SR1482_40X_HE_T043_02,0,0.012407579127198148,0
lin,3,SR1482_40X_HE_T049_01,0,0.00017563714203384755,0
lin,3,SR1482_40X_HE_T061_01,0,0.8655622085896058,1
lin,3,SR1482_40X_HE_T061_02,0,0.9724630851121946,1
lin,3,SR1482_40X_HE_T070_01,1,0.003940208006382866,0
lin,3,SR1482_40X_HE_T073_01,0,0.0003628302312615637,0
lin,3,SR1482_40X_HE_T082_01,0,0.004926493423472425,0
lin,3,SR1482_40X_HE_T082_02,0,0.052318207917032525,0
lin,3,SR1482_40X_HE_T089_01,0,9.777056026907324e-05,0
lin,3,SR1482_40X_HE_T090_01,0,0.001011737576411665,0
lin,3,SR1482_40X_HE_T094_01,1,0.37788439055184875,0
lin,3,SR1482_40X_HE_T094_02,1,0.4358218892297311,0
lin,3,SR1482_40X_HE_T105_01,0,6.600308598504317e-05,0
lin,3,SR1482_40X_HE_T115_01,0,0.004014239117212362,0
lin,3,SR1482_40X_HE_T115_02,0,0.00020048914265002069,0
lin,3,SR1482_40X_HE_T118_01,0,0.6083586122879431,1
lin,3,SR1482_40X_HE_T118_02,0,0.03494948162273848,0
lin,3,SR1482_40X_HE_T120_01,0,0.011644989354863522,0
lin,3,SR1482_40X_HE_T120_02,0,0.027214205885706902,0
lin,3,SR1482_40X_HE_T124_01,0,0.16409278779173142,0
lin,3,SR1482_40X_HE_T124_02,0,0.7570906164555975,1
lin,3,SR1482_40X_HE_T138_01,0,0.0020804103270275565,0
lin,3,SR1482_40X_HE_T160_01,0,0.00023358246153041713,0
lin,3,SR1482_40X_HE_T160_02,0,0.0002972585921744439,0
lin,3,SR1482_40X_HE_T167_01,0,0.006536194740697949,0
lin,3,SR1482_40X_HE_T167_02,0,0.089813916664401,0
lin,3,SR1482_40X_HE_T175_01,0,0.08365930244117323,0
lin,3,SR1482_40X_HE_T175_02,0,0.06513752470291027,0
lin,3,SR1482_40X_HE_T177_01,1,0.004449404704408429,0
lin,3,SR1482_40X_HE_T188_01,0,0.4882284113090277,0
lin,3,SR1482_40X_HE_T195_01,0,0.01566261394082811,0
lin,3,SR1482_40X_HE_T195_02,0,0.08289743593270105,0
lin,3,SR1482_40X_HE_T202_01,0,0.0004187286087674273,0
lin,3,SR1482_40X_HE_T202_02,0,0.0012279268861791943,0
lin,3,SR1482_40X_HE_T225_01,0,0.09536780273825413,0
lin,3,SR1482_40X_HE_T225_02,0,5.58129835206925e-06,0
lin,3,SR1482_40X_HE_T235_01,0,0.0029379290474911774,0
lin,3,SR1482_40X_HE_T235_02,0,7.174283258268226e-05,0
lin,3,SR1482_40X_HE_T236_01,0,1.049428561950906e-05,0
lin,3,SR1482_40X_HE_T236_02,0,0.00013516924571783343,0
lin,3,SR1482_40X_HE_T258_01,0,0.00018021899793065145,0
lin,3,SR1482_40X_HE_T258_02,0,9.709828621907878e-05,0
lin,3,SR1482_40X_HE_T284_01,1,0.003629428745039649,0
lin,3,SR1482_40X_HE_T284_02,1,0.014071474364677115,0
lin,3,SR1482_40X_HE_T301_01,1,0.0024842568207340387,0
lin,3,SR1482_40X_HE_T301_02,1,0.0016773443007395013,0
lin,3,SR1482_40X_HE_T309_01,0,0.0030675681938111075,0
lin,3,SR1482_40X_HE_T313_01,0,0.001402177082648882,0
lin,3,SR1482_40X_HE_T313_02,0,0.000981939945556573,0
lin,3,SR1482_40X_HE_T338_01,0,0.024810419319166385,0
lin,3,SR1482_40X_HE_T344_01,0,0.0015703503572612604,0
lin,3,SR1482_40X_HE_T344_02,0,0.0185075443890904,0
lin,3,SR1482_40X_HE_T346_01,0,0.11283545951681095,0
lin,3,SR1482_40X_HE_T346_02,0,0.11909226619613877,0
lin,3,SR1482_40X_HE_T377_01,0,0.0004355877622942041,0
lin,3,SR1482_40X_HE_T377_02,0,0.0009750931710287126,0
lin,3,SR1482_40X_HE_T419_01,0,0.0013294864454944434,0
lin,3,SR1482_40X_HE_T427_01,0,0.025950964380058998,0
lin,3,SR1482_40X_HE_T427_02,0,0.012255522392049838,0
lin,3,SR386_40X_HE_T007_01,0,0.0030946289249828463,0
lin,3,SR386_40X_HE_T015_01,0,0.09346197445206236,0
lin,3,SR386_40X_HE_T017_01,1,0.8048666493153461,1
lin,3,SR386_40X_HE_T032_01,0,0.00027018454272880534,0
lin,3,SR386_40X_HE_T034_01,0,0.000342958769913513,0
lin,3,SR386_40X_HE_T035_01,0,0.008104186326322059,0
lin,3,SR386_40X_HE_T041_01,0,0.19654364122378565,0
lin,3,SR386_40X_HE_T067_01,0,6.165367382897473e-05,0
lin,3,SR386_40X_HE_T075_01,0,0.0002295990417065856,0
lin,3,SR386_40X_HE_T081_01,0,0.4428844601497549,0
lin,3,SR386_40X_HE_T083_01,0,0.030707368640383374,0
lin,3,SR386_40X_HE_T085_01,0,0.0003631188045780211,0
lin,3,SR386_40X_HE_T095_01,0,0.0005541533146404868,0
lin,3,SR386_40X_HE_T104_01,0,0.05978335125647199,0
lin,3,SR386_40X_HE_T106_01,0,0.00038447695058942024,0
lin,3,SR386_40X_HE_T112_01,0,0.00035411726244444,0
lin,3,SR386_40X_HE_T128_01,0,0.0003374617186930954,0
lin,3,SR386_40X_HE_T132_01,0,3.7134543612198843e-06,0
lin,3,SR386_40X_HE_T138_01,0,0.013895371723092576,0
lin,3,SR386_40X_HE_T142_01,0,0.14079894159708842,0
lin,3,SR386_40X_HE_T149_01,0,0.04333146649646571,0
lin,3,SR386_40X_HE_T165_01,1,0.5487526770305078,1
lin,3,SR386_40X_HE_T179_01,0,0.04728067872554024,0
lin,3,SR386_40X_HE_T180_01,0,0.023076118929971214,0
lin,3,SR386_40X_HE_T182_01,0,0.0008401707836115729,0
lin,3,SR386_40X_HE_T184_01,0,0.03888879046440057,0
lin,3,SR386_40X_HE_T188_01,0,4.1224962740330135e-05,0
lin,3,SR386_40X_HE_T191_01,0,0.011651776602161882,0
lin,3,SR386_40X_HE_T197_01,0,0.0050141640803339155,0
lin,3,SR386_40X_HE_T201_01,0,9.302978141488666e-05,0
lin,3,SR386_40X_HE_T202_01,0,0.0002482299473499467,0
lin,3,SR386_40X_HE_T208_01,0,9.802290867648827e-05,0
lin,3,SR386_40X_HE_T216_01,1,0.0687667858020047,0
lin,3,SR386_40X_HE_T238_01,0,9.36614206821087e-06,0
lin,3,SR386_40X_HE_T244_01,0,0.00013242569136658725,0
lin,3,SR386_40X_HE_T248_01,0,0.00018910216799636746,0
lin,3,SR386_40X_HE_T249_01,0,6.669918824182994e-06,0
lin,3,SR386_40X_HE_T250_01,0,1.4368049936389076e-05,0
lin,3,SR386_40X_HE_T263_01,0,0.0005886313569606047,0
lin,3,SR386_40X_HE_T267_01,0,0.00669028427536025,0
lin,3,SR386_40X_HE_T269_01,0,0.00699056140603572,0
lin,3,SR386_40X_HE_T277_01,0,0.0002717997283251405,0
lin,3,SR386_40X_HE_T286_01,0,0.01748486328118247,0
lin,3,SR386_40X_HE_T287_01,0,0.7660389381387358,1
lin,3,SR386_40X_HE_T290_01,0,0.004057720639272567,0
lin,3,SR386_40X_HE_T293_01,0,0.00024827872394707,0
lin,3,SR386_40X_HE_T298_01,0,0.0004207150930952726,0
lin,3,SR386_40X_HE_T303_01,0,0.00018685293287473907,0
lin,3,SR386_40X_HE_T312_01,0,0.028602389880171983,0
lin,3,SR386_40X_HE_T329_01,0,0.050944845998236746,0
lin,3,SR386_40X_HE_T336_01,0,0.002319127258791905,0
lin,3,SR386_40X_HE_T338_01,0,0.0003619631630905601,0
lin,3,SR386_40X_HE_T342_01,0,3.186794451728812e-05,0
lin,3,SR386_40X_HE_T353_01,0,0.0001691406376507469,0
lin,3,SR386_40X_HE_T357_01,0,3.5911061116855945e-06,0
lin,3,SR386_40X_HE_T362_01,0,7.724106688284745e-06,0
lin,3,SR386_40X_HE_T363_01,1,0.3594715657451403,0
lin,3,SR386_40X_HE_T372_01,0,0.023042563691241774,0
lin,3,SR386_40X_HE_T378_01,0,5.247894322065798e-05,0
lin,3,SR386_40X_HE_T379_01,0,0.0015479186072987687,0
lin,3,SR386_40X_HE_T386_01,0,0.006932981785437588,0
lin,3,SR386_40X_HE_T387_01,0,8.664937591309017e-06,0
lin,3,SR386_40X_HE_T393_01,0,7.449615410831939e-06,0
lin,3,SR386_40X_HE_T397_01,0,0.027323957478477122,0
lin,3,SR386_40X_HE_T406_01,0,0.007707333816911282,0
lin,3,SR386_40X_HE_T409_01,0,0.00012149744508906042,0
lin,3,SR386_40X_HE_T422_01,0,0.00016372776757657837,0
lin,3,SR386_40X_HE_T426_01,0,0.00012554801007619445,0
lin,3,SR386_40X_HE_T433_01,0,0.002857318814748854,0
lin,3,SR386_40X_HE_T443_01,0,0.08058034059218085,0
lin,3,SR386_40X_HE_T448_01,0,0.008001667563525768,0
lin,3,SR386_40X_HE_T452_01,0,0.03248754887940486,0
lin,3,SR386_40X_HE_T460_01,1,0.20390530355083897,0
lin,3,SR386_40X_HE_T473_01,0,0.00020557222474444214,0
lin,3,SR386_40X_HE_T475_01,0,5.088846839147066e-06,0
lin,3,SR386_40X_HE_T478_01,0,0.00222086459363644,0
lin,3,SR386_40X_HE_T489_01,1,0.000401006463993566,0
lin,3,SR386_40X_HE_T491_01,0,0.03170312051177268,0
lin,3,SR386_40X_HE_T492_01,0,0.00022984999591571756,0
lin,3,SR386_40X_HE_T493_01,0,3.2134281729556045e-06,0
lin,3,SR386_40X_HE_T502_01,0,0.00035570842569784605,0
lin,3,SR386_40X_HE_T505_01,0,0.06910008099197035,0
lin,3,SR386_40X_HE_T506_01,0,0.001985633343464284,0
lin,3,SR386_40X_HE_T509_01,0,0.019114907658951873,0
lin,3,SR386_40X_HE_T516_01,0,0.06167658480936886,0
lin,3,SR386_40X_HE_T518_01,0,0.00018226795931563199,0
lin,3,SR386_40X_HE_T519_01,0,0.009838199178690239,0
lin,3,SR386_40X_HE_T521_01,0,4.3833556636119907e-05,0
lin,3,SR386_40X_HE_T526_01,0,0.0020355577787896056,0
lin,3,SR386_40X_HE_T533_01,0,0.0002135213765478632,0
lin,3,SR386_40X_HE_T543_01,0,0.001252274127514666,0
lin,3,SR386_40X_HE_T544_01,0,0.00785711342143919,0
lin,3,SR386_40X_HE_T556_01,1,0.05851394762240383,0
lin,3,SR386_40X_HE_T560_01,0,0.008450313341596336,0
lin,3,SR386_40X_HE_T563_01,0,0.0001313003553872282,0
lin,3,SR386_40X_HE_T568_01,0,0.006283890080184534,0
lin,3,SR386_40X_HE_T571_01,0,0.0007761877313312157,0
lin,3,SR386_40X_HE_T572_01,0,0.013563292399338215,0
lin,3,SR386_40X_HE_T573_01,0,0.01893605958804096,0
lin,3,SR386_40X_HE_T583_01,0,0.004848010433043974,0
lin,4,SR1482_40X_HE_T002_01,0,8.43050665946182e-05,0
lin,4,SR1482_40X_HE_T003_01,0,0.0333868752593642,0
lin,4,SR1482_40X_HE_T004_01,0,0.0015262107311130055,0
lin,4,SR1482_40X_HE_T004_02,0,0.0004997705852756798,0
lin,4,SR1482_40X_HE_T011_01,0,6.699513310668695e-05,0
lin,4,SR1482_40X_HE_T025_01,0,0.02757772978745962,0
lin,4,SR1482_40X_HE_T025_02,0,0.20780645472140996,0
lin,4,SR1482_40X_HE_T060_01,0,0.0010721871058098872,0
lin,4,SR1482_40X_HE_T062_01,0,0.11377943058910615,0
lin,4,SR1482_40X_HE_T062_02,0,0.95314142125551,1
lin,4,SR1482_40X_HE_T064_01,0,0.09170899378253196,0
lin,4,SR1482_40X_HE_T064_02,0,0.0033066356400132716,0
lin,4,SR1482_40X_HE_T071_01,0,0.0006081729570952202,0
lin,4,SR1482_40X_HE_T071_02,0,0.005369324392834823,0
lin,4,SR1482_40X_HE_T074_01,0,0.0002897451242026267,0
lin,4,SR1482_40X_HE_T074_02,0,0.00027080040108860295,0
lin,4,SR1482_40X_HE_T083_01,0,0.9875833596011329,1
lin,4,SR1482_40X_HE_T083_02,0,0.15981710153379988,0
lin,4,SR1482_40X_HE_T087_01,0,0.015992756746716404,0
lin,4,SR1482_40X_HE_T097_01,1,0.8393963240577953,1
lin,4,SR1482_40X_HE_T097_02,1,0.04566626563960006,0
lin,4,SR1482_40X_HE_T108_01,0,2.6251149937328395e-06,0
lin,4,SR1482_40X_HE_T113_01,0,0.0001674119646534934,0
lin,4,SR1482_40X_HE_T113_02,0,0.021783546442314894,0
lin,4,SR1482_40X_HE_T121_01,0,4.442147037629601e-07,0
lin,4,SR1482_40X_HE_T122_01,0,2.4765723005079434e-08,0
lin,4,SR1482_40X_HE_T125_01,0,0.008126424832785306,0
lin,4,SR1482_40X_HE_T125_02,0,0.0003325821005767987,0
lin,4,SR1482_40X_HE_T131_01,0,0.00600718901948747,0
lin,4,SR1482_40X_HE_T131_02,0,0.7908363029310888,1
lin,4,SR1482_40X_HE_T132_01,0,0.00015129827299649841,0
lin,4,SR1482_40X_HE_T132_02,0,8.852961967425794e-05,0
lin,4,SR1482_40X_HE_T143_01,0,0.7977940333316696,1
lin,4,SR1482_40X_HE_T143_02,0,0.08012054000580428,0
lin,4,SR1482_40X_HE_T166_01,1,0.006291816225274555,0
lin,4,SR1482_40X_HE_T169_01,0,0.006735233059776609,0
lin,4,SR1482_40X_HE_T176_01,1,0.9953591233874073,1
lin,4,SR1482_40X_HE_T176_02,1,0.8976814509885473,1
lin,4,SR1482_40X_HE_T191_01,0,0.0005294766506962154,0
lin,4,SR1482_40X_HE_T194_01,0,0.9138968899174493,1
lin,4,SR1482_40X_HE_T218_01,0,5.142977301475409e-06,0
lin,4,SR1482_40X_HE_T253_01,0,1.3075408226697942e-05,0
lin,4,SR1482_40X_HE_T290_01,0,0.005008206911753964,0
lin,4,SR1482_40X_HE_T308_01,0,0.0057242432419459185,0
lin,4,SR1482_40X_HE_T314_01,0,0.42204530321576733,0
lin,4,SR1482_40X_HE_T314_02,0,0.9928715494373983,1
lin,4,SR1482_40X_HE_T372_01,1,0.4027203207749882,0
lin,4,SR1482_40X_HE_T372_02,1,0.01027223532399195,0
lin,4,SR1482_40X_HE_T408_01,0,0.000667397729784714,0
lin,4,SR1482_40X_HE_T412_01,0,0.017998733455696355,0
lin,4,SR1482_40X_HE_T425_01,0,7.096350266953969e-06,0
lin,4,SR1482_40X_HE_T434_01,1,0.12190063382657243,0
lin,4,SR386_40X_HE_T006_01,0,0.0015277534878328201,0
lin,4,SR386_40X_HE_T010_01,0,0.0007929872866429189,0
lin,4,SR386_40X_HE_T014_01,0,0.023045668602746934,0
lin,4,SR386_40X_HE_T016_01,0,0.0007222659131021739,0
lin,4,SR386_40X_HE_T020_01,0,1.0582408932501518e-05,0
lin,4,SR386_40X_HE_T027_01,0,0.10244793057921633,0
lin,4,SR386_40X_HE_T028_01,0,0.0005183404855549068,0
lin,4,SR386_40X_HE_T037_01,0,4.9034298219775785e-06,0
lin,4,SR386_40X_HE_T043_01,0,0.00022174579470139632,0
lin,4,SR386_40X_HE_T044_01,1,0.4743319985199102,0
lin,4,SR386_40X_HE_T046_01,0,0.009760445577724085,0
lin,4,SR386_40X_HE_T058_01,0,0.00016338342884742864,0
lin,4,SR386_40X_HE_T062_01,0,3.6646576566840888e-06,0
lin,4,SR386_40X_HE_T065_01,1,0.02873637156108787,0
lin,4,SR386_40X_HE_T080_01,0,0.00028262400816418735,0
lin,4,SR386_40X_HE_T091_01,0,0.003914552470040457,0
lin,4,SR386_40X_HE_T094_01,0,5.142546894233355e-07,0
lin,4,SR386_40X_HE_T097_01,0,2.634724358809578e-05,0
lin,4,SR386_40X_HE_T100_01,0,1.447054771416768e-06,0
lin,4,SR386_40X_HE_T107_01,0,0.0007234481888358674,0
lin,4,SR386_40X_HE_T109_01,1,0.029350379721394735,0
lin,4,SR386_40X_HE_T110_01,0,0.0233730395068191,0
lin,4,SR386_40X_HE_T117_01,0,0.010748202967371376,0
lin,4,SR386_40X_HE_T127_01,0,0.00042885877715212006,0
lin,4,SR386_40X_HE_T129_01,0,1.7089805193120387e-06,0
lin,4,SR386_40X_HE_T136_01,0,0.006857562367398133,0
lin,4,SR386_40X_HE_T154_01,0,0.012440063158235435,0
lin,4,SR386_40X_HE_T168_01,1,0.4972632803408462,0
lin,4,SR386_40X_HE_T175_01,0,2.914552690451021e-05,0
lin,4,SR386_40X_HE_T189_01,0,8.089522432918183e-06,0
lin,4,SR386_40X_HE_T195_01,0,1.3082047076066094e-05,0
lin,4,SR386_40X_HE_T227_01,0,0.0020621585570225576,0
lin,4,SR386_40X_HE_T233_01,0,0.07782320947075015,0
lin,4,SR386_40X_HE_T234_01,0,0.013490457967517484,0
lin,4,SR386_40X_HE_T235_01,0,0.0009492727571420178,0
lin,4,SR386_40X_HE_T239_01,0,0.40377038556152245,0
lin,4,SR386_40X_HE_T245_01,0,0.00010147074361863976,0
lin,4,SR386_40X_HE_T256_01,0,0.00042629242207009035,0
lin,4,SR386_40X_HE_T265_01,0,0.01933139114283453,0
lin,4,SR386_40X_HE_T268_01,0,0.0027552841348557158,0
lin,4,SR386_40X_HE_T270_01,0,0.002332926028288127,0
lin,4,SR386_40X_HE_T272_01,0,0.2521900365165471,0
lin,4,SR386_40X_HE_T273_01,0,0.5572218319046929,1
lin,4,SR386_40X_HE_T276_01,0,0.08101369353300825,0
lin,4,SR386_40X_HE_T278_01,1,0.8851808534646777,1
lin,4,SR386_40X_HE_T284_01,0,0.00045154063295227713,0
lin,4,SR386_40X_HE_T285_01,0,7.884672238863612e-05,0
lin,4,SR386_40X_HE_T288_01,0,0.00011237297345562195,0
lin,4,SR386_40X_HE_T291_01,0,0.0005805961059924978,0
lin,4,SR386_40X_HE_T300_01,0,0.00847308804773231,0
lin,4,SR386_40X_HE_T302_01,0,0.0013717365340432696,0
lin,4,SR386_40X_HE_T305_01,0,0.0003766998980846449,0
lin,4,SR386_40X_HE_T308_01,0,8.800557901944262e-05,0
lin,4,SR386_40X_HE_T325_01,0,0.00016235731998288772,0
lin,4,SR386_40X_HE_T331_01,0,0.0005128687608610773,0
lin,4,SR386_40X_HE_T341_01,0,0.012827478675116267,0
lin,4,SR386_40X_HE_T343_01,1,0.0036356970389759846,0
lin,4,SR386_40X_HE_T346_01,0,0.5444175811216773,1
lin,4,SR386_40X_HE_T352_01,0,0.004730195577350691,0
lin,4,SR386_40X_HE_T373_01,0,0.026603067154046534,0
lin,4,SR386_40X_HE_T375_01,0,0.19908280799021078,0
lin,4,SR386_40X_HE_T381_01,0,0.0003830118839533448,0
lin,4,SR386_40X_HE_T389_01,0,0.00014981923141279272,0
lin,4,SR386_40X_HE_T391_01,0,0.02736960030695308,0
lin,4,SR386_40X_HE_T394_01,0,8.171561172530581e-05,0
lin,4,SR386_40X_HE_T399_01,0,0.15881408772644173,0
lin,4,SR386_40X_HE_T403_01,0,3.798545475393123e-06,0
lin,4,SR386_40X_HE_T405_01,0,0.012919584320339397,0
lin,4,SR386_40X_HE_T407_01,0,0.0011704909737076522,0
lin,4,SR386_40X_HE_T414_01,0,0.0015096179371358693,0
lin,4,SR386_40X_HE_T424_01,0,0.00028173100553204267,0
lin,4,SR386_40X_HE_T429_01,0,0.00021350885057913008,0
lin,4,SR386_40X_HE_T441_01,0,0.04850292105421304,0
lin,4,SR386_40X_HE_T451_01,0,0.0024197780064129505,0
lin,4,SR386_40X_HE_T453_01,0,0.00011454990896169379,0
lin,4,SR386_40X_HE_T455_01,0,0.00010799744748499127,0
lin,4,SR386_40X_HE_T465_01,0,0.005325179516074111,0
lin,4,SR386_40X_HE_T474_01,0,0.6277894448857478,1
lin,4,SR386_40X_HE_T476_01,0,0.04117715888005982,0
lin,4,SR386_40X_HE_T479_01,0,4.977838899115439e-05,0
lin,4,SR386_40X_HE_T482_01,0,0.006336789244500433,0
lin,4,SR386_40X_HE_T487_01,0,0.0003017498963644496,0
lin,4,SR386_40X_HE_T490_01,0,0.0006617028644212787,0
lin,4,SR386_40X_HE_T494_01,0,0.0018004410304012805,0
lin,4,SR386_40X_HE_T500_01,0,0.0007044442788804992,0
lin,4,SR386_40X_HE_T510_01,0,0.0005043482778910779,0
lin,4,SR386_40X_HE_T524_01,0,0.005075292452086752,0
lin,4,SR386_40X_HE_T528_01,0,0.10676244052200655,0
lin,4,SR386_40X_HE_T532_01,0,2.6460853489743873e-05,0
lin,4,SR386_40X_HE_T534_01,0,0.12604008297486205,0
lin,4,SR386_40X_HE_T536_01,0,3.454645312441181e-05,0
lin,4,SR386_40X_HE_T537_01,0,0.20572648582037256,0
lin,4,SR386_40X_HE_T541_01,0,0.0014510524395487633,0
lin,4,SR386_40X_HE_T548_01,1,0.6999358820591427,1
lin,4,SR386_40X_HE_T550_01,0,0.001965596380085235,0
lin,4,SR386_40X_HE_T551_01,0,8.124239565640314e-06,0
lin,4,SR386_40X_HE_T557_01,0,0.0018370681398492165,0
lin,4,SR386_40X_HE_T565_01,0,0.0008892891914555799,0
lin,4,SR386_40X_HE_T567_01,0,0.00026505395362131203,0
lin,4,SR386_40X_HE_T575_01,0,0.02031906669377411,0
lin,4,SR386_40X_HE_T576_01,0,0.00011055197099983644,0
lin,4,SR386_40X_HE_T581_01,0,0.00010242839407452333,0
ann,1,SR1482_40X_HE_T029_01,0,0.6141992211341858,1
ann,1,SR1482_40X_HE_T029_02,0,0.6999068856239319,1
ann,1,SR1482_40X_HE_T057_01,0,0.322507381439209,0
ann,1,SR1482_40X_HE_T063_01,1,0.9312930107116699,1
ann,1,SR1482_40X_HE_T063_02,1,0.7286012768745422,1
ann,1,SR1482_40X_HE_T065_01,0,0.4591122567653656,0
ann,1,SR1482_40X_HE_T065_02,0,0.4042336642742157,0
ann,1,SR1482_40X_HE_T066_01,0,0.6515522599220276,1
ann,1,SR1482_40X_HE_T066_02,0,0.7353947162628174,1
ann,1,SR1482_40X_HE_T068_01,0,0.33460092544555664,0
ann,1,SR1482_40X_HE_T069_01,0,0.28529542684555054,0
ann,1,SR1482_40X_HE_T069_02,0,0.4583005905151367,0
ann,1,SR1482_40X_HE_T079_01,1,0.505018413066864,1
ann,1,SR1482_40X_HE_T079_02,1,0.5380079746246338,1
ann,1,SR1482_40X_HE_T080_01,0,0.6689651012420654,1
ann,1,SR1482_40X_HE_T080_02,0,0.5100318789482117,1
ann,1,SR1482_40X_HE_T081_01,0,0.2592012584209442,0
ann,1,SR1482_40X_HE_T081_02,0,0.27200743556022644,0
ann,1,SR1482_40X_HE_T099_01,0,0.3574954867362976,0
ann,1,SR1482_40X_HE_T116_01,0,0.4339825510978699,0
ann,1,SR1482_40X_HE_T117_01,0,0.4542258381843567,0
ann,1,SR1482_40X_HE_T117_02,0,0.3314754366874695,0
ann,1,SR1482_40X_HE_T126_01,0,0.5407493710517883,1
ann,1,SR1482_40X_HE_T129_01,0,0.3844587802886963,0
ann,1,SR1482_40X_HE_T129_02,0,0.5495826005935669,1
ann,1,SR1482_40X_HE_T139_01,0,0.608241856098175,1
ann,1,SR1482_40X_HE_T139_02,0,0.5525488257408142,1
ann,1,SR1482_40X_HE_T147_01,0,0.703500509262085,1
ann,1,SR1482_40X_HE_T147_02,0,0.6450275182723999,1
ann,1,SR1482_40X_HE_T159_01,0,0.5753408074378967,1
ann,1,SR1482_40X_HE_T159_02,0,0.5090232491493225,1
ann,1,SR1482_40X_HE_T192_01,0,0.4222022593021393,0
ann,1,SR1482_40X_HE_T199_01,0,0.44758886098861694,0
ann,1,SR1482_40X_HE_T304_01,0,0.48528873920440674,0
ann,1,SR1482_40X_HE_T304_02,0,0.3817705810070038,0
ann,1,SR1482_40X_HE_T310_01,1,0.4231163263320923,0
ann,1,SR1482_40X_HE_T310_02,1,0.21227183938026428,0
ann,1,SR1482_40X_HE_T341_01,0,0.3034656345844269,0
ann,1,SR1482_40X_HE_T341_02,0,0.3553870618343353,0
ann,1,SR1482_40X_HE_T353_01,0,0.4774799048900604,0
ann,1,SR1482_40X_HE_T390_01,0,0.37944507598876953,0
ann,1,SR1482_40X_HE_T433_01,1,0.407857209444046,0
ann,1,SR386_40X_HE_T003_01,0,0.37831681966781616,0
ann,1,SR386_40X_HE_T004_01,0,0.4891476035118103,0
ann,1,SR386_40X_HE_T022_01,1,0.6910037994384766,1
ann,1,SR386_40X_HE_T030_01,0,0.4672740399837494,0
ann,1,SR386_40X_HE_T033_01,0,0.38161057233810425,0
ann,1,SR386_40X_HE_T036_01,0,0.30511778593063354,0
ann,1,SR386_40X_HE_T038_01,0,0.4160929322242737,0
ann,1,SR386_40X_HE_T049_01,0,0.26303818821907043,0
ann,1,SR386_40X_HE_T050_01,0,0.3217776417732239,0
ann,1,SR386_40X_HE_T060_01,0,0.4238796532154083,0
ann,1,SR386_40X_HE_T063_01,0,0.5113173723220825,1
ann,1,SR386_40X_HE_T066_01,0,0.37016239762306213,0
ann,1,SR386_40X_HE_T069_01,0,0.405133992433548,0
ann,1,SR386_40X_HE_T072_01,0,0.3480672836303711,0
ann,1,SR386_40X_HE_T074_01,0,0.40410277247428894,0
ann,1,SR386_40X_HE_T078_01,0,0.2997250258922577,0
ann,1,SR386_40X_HE_T079_01,0,0.3654997944831848,0
ann,1,SR386_40X_HE_T092_01,1,0.8141806125640869,1
ann,1,SR386_40X_HE_T096_01,0,0.33445048332214355,0
ann,1,SR386_40X_HE_T099_01,0,0.4371001124382019,0
ann,1,SR386_40X_HE_T103_01,0,0.23941606283187866,0
ann,1,SR386_40X_HE_T108_01,0,0.3828197717666626,0
ann,1,SR386_40X_HE_T113_01,0,0.32245904207229614,0
ann,1,SR386_40X_HE_T114_01,0,0.3348926901817322,0
ann,1,SR386_40X_HE_T119_01,0,0.4350162148475647,0
ann,1,SR386_40X_HE_T126_01,0,0.2974518835544586,0
ann,1,SR386_40X_HE_T130_01,0,0.260881632566452,0
ann,1,SR386_40X_HE_T131_01,0,0.40383580327033997,0
ann,1,SR386_40X_HE_T135_01,0,0.5115383267402649,1
ann,1,SR386_40X_HE_T140_01,0,0.39162999391555786,0
ann,1,SR386_40X_HE_T144_01,0,0.5444360971450806,1
ann,1,SR386_40X_HE_T147_01,0,0.3081589639186859,0
ann,1,SR386_40X_HE_T148_01,0,0.39334213733673096,0
ann,1,SR386_40X_HE_T160_01,0,0.359304815530777,0
ann,1,SR386_40X_HE_T169_01,0,0.2004701942205429,0
ann,1,SR386_40X_HE_T170_01,1,0.8559906482696533,1
ann,1,SR386_40X_HE_T172_01,0,0.7148761749267578,1
ann,1,SR386_40X_HE_T174_01,0,0.42548325657844543,0
ann,1,SR386_40X_HE_T181_01,0,0.289206862449646,0
ann,1,SR386_40X_HE_T196_01,0,0.46607914566993713,0
ann,1,SR386_40X_HE_T205_01,0,0.46049126982688904,0
ann,1,SR386_40X_HE_T209_01,0,0.3776496648788452,0
ann,1,SR386_40X_HE_T210_01,0,0.5124840140342712,1
ann,1,SR386_40X_HE_T212_01,0,0.44882819056510925,0
ann,1,SR386_40X_HE_T221_01,0,0.32789748907089233,0
ann,1,SR386_40X_HE_T224_01,0,0.3262440860271454,0
ann,1,SR386_40X_HE_T231_01,1,0.7109005451202393,1
ann,1,SR386_40X_HE_T232_01,0,0.36880606412887573,0
ann,1,SR386_40X_HE_T247_01,0,0.4182358980178833,0
ann,1,SR386_40X_HE_T252_01,0,0.40249165892601013,0
ann,1,SR386_40X_HE_T255_01,0,0.4538365602493286,0
ann,1,SR386_40X_HE_T259_01,1,0.5298635959625244,1
ann,1,SR386_40X_HE_T274_01,0,0.28581908345222473,0
ann,1,SR386_40X_HE_T275_01,0,0.4746056795120239,0
ann,1,SR386_40X_HE_T282_01,0,0.3377806544303894,0
ann,1,SR386_40X_HE_T294_01,0,0.77384352684021,1
ann,1,SR386_40X_HE_T311_01,0,0.41301053762435913,0
ann,1,SR386_40X_HE_T315_01,0,0.3161455988883972,0
ann,1,SR386_40X_HE_T319_01,1,0.43475160002708435,0
ann,1,SR386_40X_HE_T324_01,1,0.5687669515609741,1
ann,1,SR386_40X_HE_T330_01,0,0.3121061325073242,0
ann,1,SR386_40X_HE_T333_01,0,0.36978569626808167,0
ann,1,SR386_40X_HE_T335_01,0,0.4285111725330353,0
ann,1,SR386_40X_HE_T337_01,0,0.4210602045059204,0
ann,1,SR386_40X_HE_T344_01,0,0.29797330498695374,0
ann,1,SR386_40X_HE_T347_01,0,0.3739418089389801,0
ann,1,SR386_40X_HE_T350_01,0,0.32593509554862976,0
ann,1,SR386_40X_HE_T351_01,0,0.408972829580307,0
ann,1,SR386_40X_HE_T360_01,0,0.26570940017700195,0
ann,1,SR386_40X_HE_T361_01,0,0.40150246024131775,0
ann,1,SR386_40X_HE_T366_01,0,0.38402873277664185,0
ann,1,SR386_40X_HE_T377_01,1,0.46650394797325134,0
ann,1,SR386_40X_HE_T384_01,0,0.32557082176208496,0
ann,1,SR386_40X_HE_T395_01,0,0.31371334195137024,0
ann,1,SR386_40X_HE_T396_01,0,0.437431275844574,0
ann,1,SR386_40X_HE_T401_01,0,0.5109079480171204,1
ann,1,SR386_40X_HE_T408_01,0,0.31135281920433044,0
ann,1,SR386_40X_HE_T410_01,0,0.4117925465106964,0
ann,1,SR386_40X_HE_T413_01,0,0.4059481918811798,0
ann,1,SR386_40X_HE_T416_01,0,0.3066765069961548,0
ann,1,SR386_40X_HE_T418_01,0,0.27045851945877075,0
ann,1,SR386_40X_HE_T419_01,0,0.3451790511608124,0
ann,1,SR386_40X_HE_T421_01,0,0.2925555109977722,0
ann,1,SR386_40X_HE_T423_01,0,0.36739382147789,0
ann,1,SR386_40X_HE_T428_01,0,0.4256753623485565,0
ann,1,SR386_40X_HE_T430_01,0,0.3380538523197174,0
ann,1,SR386_40X_HE_T431_01,0,0.4636150002479553,0
ann,1,SR386_40X_HE_T435_01,0,0.4120956361293793,0
ann,1,SR386_40X_HE_T438_01,0,0.37638136744499207,0
ann,1,SR386_40X_HE_T439_01,0,0.34321129322052,0
ann,1,SR386_40X_HE_T447_01,0,0.32182061672210693,0
ann,1,SR386_40X_HE_T449_01,0,0.3479112684726715,0
ann,1,SR386_40X_HE_T454_01,0,0.2672227919101715,0
ann,1,SR386_40X_HE_T456_01,0,0.3418934643268585,0
ann,1,SR386_40X_HE_T461_01,0,0.44649431109428406,0
ann,1,SR386_40X_HE_T462_01,0,0.35806894302368164,0
ann,1,SR386_40X_HE_T468_01,0,0.36841875314712524,0
ann,1,SR386_40X_HE_T469_01,1,0.2627377212047577,0
ann,1,SR386_40X_HE_T470_01,0,0.49369537830352783,0
ann,1,SR386_40X_HE_T471_01,0,0.3173365294933319,0
ann,1,SR386_40X_HE_T477_01,0,0.34315547347068787,0
ann,1,SR386_40X_HE_T480_01,0,0.5124013423919678,1
ann,1,SR386_40X_HE_T484_01,0,0.4664463400840759,0
ann,1,SR386_40X_HE_T495_01,0,0.2878580689430237,0
ann,1,SR386_40X_HE_T496_01,0,0.30836859345436096,0
ann,1,SR386_40X_HE_T498_01,0,0.6015650629997253,1
ann,1,SR386_40X_HE_T504_01,0,0.31161800026893616,0
ann,1,SR386_40X_HE_T511_01,0,0.37423866987228394,0
ann,1,SR386_40X_HE_T517_01,0,0.5585694313049316,1
ann,1,SR386_40X_HE_T523_01,0,0.330005407333374,0
ann,1,SR386_40X_HE_T529_01,0,0.3707426190376282,0
ann,1,SR386_40X_HE_T542_01,0,0.34926819801330566,0
ann,1,SR386_40X_HE_T569_01,0,0.4671471416950226,0
ann,1,SR386_40X_HE_T582_01,0,0.274072527885437,0
ann,2,SR1482_40X_HE_T009_01,0,0.20591849088668823,0
ann,2,SR1482_40X_HE_T009_02,0,0.1578303426504135,0
ann,2,SR1482_40X_HE_T015_01,0,0.7484761476516724,1
ann,2,SR1482_40X_HE_T021_01,0,0.5017198324203491,1
ann,2,SR1482_40X_HE_T067_01,0,0.3827245831489563,0
ann,2,SR1482_40X_HE_T075_01,0,0.3764837682247162,0
ann,2,SR1482_40X_HE_T075_02,0,0.47816941142082214,0
ann,2,SR1482_40X_HE_T098_01,0,0.30601322650909424,0
ann,2,SR1482_40X_HE_T098_02,0,0.22574084997177124,0
ann,2,SR1482_40X_HE_T102_01,0,0.5425940155982971,1
ann,2,SR1482_40X_HE_T123_01,0,0.24076010286808014,0
ann,2,SR1482_40X_HE_T142_01,0,0.17542874813079834,0
ann,2,SR1482_40X_HE_T146_01,0,0.9916046261787415,1
ann,2,SR1482_40X_HE_T148_01,0,0.2645762860774994,0
ann,2,SR1482_40X_HE_T148_02,0,0.3193187713623047,0
ann,2,SR1482_40X_HE_T154_01,0,0.17696279287338257,0
ann,2,SR1482_40X_HE_T158_01,0,0.41140881180763245,0
ann,2,SR1482_40X_HE_T161_01,0,0.6201655268669128,1
ann,2,SR1482_40X_HE_T161_02,0,0.3132919669151306,0
ann,2,SR1482_40X_HE_T164_01,1,0.7101832032203674,1
ann,2,SR1482_40X_HE_T164_02,1,0.7000366449356079,1
ann,2,SR1482_40X_HE_T168_01,0,0.2946918308734894,0
ann,2,SR1482_40X_HE_T171_01,0,0.44342970848083496,0
ann,2,SR1482_40X_HE_T171_02,0,0.2671867609024048,0
ann,2,SR1482_40X_HE_T178_01,1,0.45778512954711914,0
ann,2,SR1482_40X_HE_T186_01,0,0.4208481013774872,0
ann,2,SR1482_40X_HE_T193_01,0,0.3231325149536133,0
ann,2,SR1482_40X_HE_T193_02,0,0.713363528251648,1
ann,2,SR1482_40X_HE_T209_01,0,0.6440784335136414,1
ann,2,SR1482_40X_HE_T209_02,0,0.8448790311813354,1
ann,2,SR1482_40X_HE_T245_01,0,0.44436049461364746,0
ann,2,SR1482_40X_HE_T245_02,0,0.58029705286026,1
ann,2,SR1482_40X_HE_T265_01,0,0.3890881836414337,0
ann,2,SR1482_40X_HE_T302_01,0,0.7533356547355652,1
ann,2,SR1482_40X_HE_T343_01,1,0.6204406023025513,1
ann,2,SR1482_40X_HE_T343_02,1,0.2273382544517517,0
ann,2,SR1482_40X_HE_T399_01,0,0.2723579406738281,0
ann,2,SR1482_40X_HE_T399_02,0,0.45312201976776123,0
ann,2,SR1482_40X_HE_T426_01,0,0.270004540681839,0
ann,2,SR1482_40X_HE_T426_02,0,0.3314867615699768,0
ann,2,SR386_40X_HE_T001_01,0,0.49504354596138,0
ann,2,SR386_40X_HE_T013_01,0,0.28570690751075745,0
ann,2,SR386_40X_HE_T018_01,0,0.4837312400341034,0
ann,2,SR386_40X_HE_T019_01,0,0.22204044461250305,0
ann,2,SR386_40X_HE_T024_01,0,0.16331052780151367,0
ann,2,SR386_40X_HE_T039_01,0,0.15213969349861145,0
ann,2,SR386_40X_HE_T040_01,1,0.7689129710197449,1
ann,2,SR386_40X_HE_T042_01,0,0.45932650566101074,0
ann,2,SR386_40X_HE_T047_01,0,0.3221597373485565,0
ann,2,SR386_40X_HE_T051_01,0,0.2614411413669586,0
ann,2,SR386_40X_HE_T052_01,0,0.1871262937784195,0
ann,2,SR386_40X_HE_T056_01,0,0.2602194547653198,0
ann,2,SR386_40X_HE_T057_01,0,0.31516507267951965,0
ann,2,SR386_40X_HE_T070_01,0,0.3185584545135498,0
ann,2,SR386_40X_HE_T082_01,0,0.9622313976287842,1
ann,2,SR386_40X_HE_T084_01,0,0.6589618921279907,1
ann,2,SR386_40X_HE_T087_01,0,0.5218904614448547,1
ann,2,SR386_40X_HE_T088_01,0,0.3270358443260193,0
ann,2,SR386_40X_HE_T098_01,0,0.3477930426597595,0
ann,2,SR386_40X_HE_T105_01,0,0.22894595563411713,0
ann,2,SR386_40X_HE_T122_01,0,0.2979772090911865,0
ann,2,SR386_40X_HE_T123_01,0,0.21872633695602417,0
ann,2,SR386_40X_HE_T133_01,0,0.2522107660770416,0
ann,2,SR386_40X_HE_T145_01,0,0.14318284392356873,0
ann,2,SR386_40X_HE_T150_01,0,0.2998383641242981,0
ann,2,SR386_40X_HE_T152_01,0,0.6975648403167725,1
ann,2,SR386_40X_HE_T155_01,0,0.2540964186191559,0
ann,2,SR386_40X_HE_T157_01,0,0.6778714060783386,1
ann,2,SR386_40X_HE_T164_01,0,0.40202704071998596,0
ann,2,SR386_40X_HE_T166_01,0,0.2162891924381256,0
ann,2,SR386_40X_HE_T176_01,1,0.8661441802978516,1
ann,2,SR386_40X_HE_T177_01,0,0.28414469957351685,0
ann,2,SR386_40X_HE_T178_01,0,0.27586421370506287,0
ann,2,SR386_40X_HE_T187_01,0,0.4121793508529663,0
ann,2,SR386_40X_HE_T190_01,0,0.15504328906536102,0
ann,2,SR386_40X_HE_T192_01,0,0.2580266296863556,0
ann,2,SR386_40X_HE_T198_01,0,0.3164410889148712,0
ann,2,SR386_40X_HE_T200_01,0,0.472603440284729,0
ann,2,SR386_40X_HE_T206_01,1,0.4608542323112488,0
ann,2,SR386_40X_HE_T211_01,0,0.3564128875732422,0
ann,2,SR386_40X_HE_T213_01,0,0.3213699758052826,0
ann,2,SR386_40X_HE_T214_01,0,0.3338795006275177,0
ann,2,SR386_40X_HE_T220_01,0,0.2999989986419678,0
ann,2,SR386_40X_HE_T230_01,1,0.7548189759254456,1
ann,2,SR386_40X_HE_T236_01,0,0.3640444576740265,0
ann,2,SR386_40X_HE_T237_01,0,0.2921578288078308,0
ann,2,SR386_40X_HE_T240_01,0,0.3078877031803131,0
ann,2,SR386_40X_HE_T241_01,0,0.35413363575935364,0
ann,2,SR386_40X_HE_T242_01,0,0.28351396322250366,0
ann,2,SR386_40X_HE_T253_01,0,0.274710088968277,0
ann,2,SR386_40X_HE_T260_01,0,0.34245309233665466,0
ann,2,SR386_40X_HE_T262_01,0,0.4355185627937317,0
ann,2,SR386_40X_HE_T264_01,0,0.46031323075294495,0
ann,2,SR386_40X_HE_T271_01,0,0.23049774765968323,0
ann,2,SR386_40X_HE_T281_01,0,0.19838951528072357,0
ann,2,SR386_40X_HE_T297_01,0,0.18554820120334625,0
ann,2,SR386_40X_HE_T299_01,0,0.2436295449733734,0
ann,2,SR386_40X_HE_T301_01,0,0.1311929076910019,0
ann,2,SR386_40X_HE_T306_01,0,0.27425506711006165,0
ann,2,SR386_40X_HE_T309_01,0,0.08095885068178177,0
ann,2,SR386_40X_HE_T314_01,0,0.4642663598060608,0
ann,2,SR386_40X_HE_T316_01,0,0.6620500087738037,1
ann,2,SR386_40X_HE_T318_01,0,0.34927573800086975,0
ann,2,SR386_40X_HE_T321_01,0,0.2503509223461151,0
ann,2,SR386_40X_HE_T326_01,0,0.3877258598804474,0
ann,2,SR386_40X_HE_T327_01,0,0.2130413055419922,0
ann,2,SR386_40X_HE_T332_01,1,0.4636407792568207,0
ann,2,SR386_40X_HE_T355_01,0,0.21569138765335083,0
ann,2,SR386_40X_HE_T364_01,0,0.6407198309898376,1
ann,2,SR386_40X_HE_T368_01,1,0.6185174584388733,1
ann,2,SR386_40X_HE_T374_01,0,0.18035493791103363,0
ann,2,SR386_40X_HE_T380_01,0,0.18833673000335693,0
ann,2,SR386_40X_HE_T382_01,0,0.278571754693985,0
ann,2,SR386_40X_HE_T392_01,0,0.25283563137054443,0
ann,2,SR386_40X_HE_T398_01,0,0.25110048055648804,0
ann,2,SR386_40X_HE_T402_01,1,0.3974268138408661,0
ann,2,SR386_40X_HE_T404_01,0,0.25887006521224976,0
ann,2,SR386_40X_HE_T415_01,0,0.15686793625354767,0
ann,2,SR386_40X_HE_T417_01,0,0.15767516195774078,0
ann,2,SR386_40X_HE_T425_01,0,0.3498328626155853,0
ann,2,SR386_40X_HE_T436_01,1,0.24681630730628967,0
ann,2,SR386_40X_HE_T437_01,0,0.22995582222938538,0
ann,2,SR386_40X_HE_T440_01,0,0.8102309703826904,1
ann,2,SR386_40X_HE_T445_01,0,0.2714560925960541,0
ann,2,SR386_40X_HE_T450_01,0,0.2468457967042923,0
ann,2,SR386_40X_HE_T459_01,0,0.3096470832824707,0
ann,2,SR386_40X_HE_T472_01,0,0.3083774447441101,0
ann,2,SR386_40X_HE_T481_01,0,0.34343862533569336,0
ann,2,SR386_40X_HE_T483_01,0,0.3673780560493469,0
ann,2,SR386_40X_HE_T486_01,0,0.6525533199310303,1
ann,2,SR386_40X_HE_T488_01,0,0.37602511048316956,0
ann,2,SR386_40X_HE_T499_01,0,0.509964644908905,1
ann,2,SR386_40X_HE_T507_01,0,0.5720901489257812,1
ann,2,SR386_40X_HE_T514_01,0,0.24773824214935303,0
ann,2,SR386_40X_HE_T520_01,1,0.4087524712085724,0
ann,2,SR386_40X_HE_T522_01,0,0.4003649353981018,0
ann,2,SR386_40X_HE_T531_01,0,0.17370811104774475,0
ann,2,SR386_40X_HE_T535_01,0,0.35970765352249146,0
ann,2,SR386_40X_HE_T539_01,0,0.31402787566185,0
ann,2,SR386_40X_HE_T549_01,0,0.32114890217781067,0
ann,2,SR386_40X_HE_T552_01,0,0.3698376715183258,0
ann,2,SR386_40X_HE_T553_01,0,0.24397772550582886,0
ann,2,SR386_40X_HE_T554_01,0,0.6531667113304138,1
ann,2,SR386_40X_HE_T558_01,0,0.25277137756347656,0
ann,2,SR386_40X_HE_T564_01,0,0.3640436828136444,0
ann,2,SR386_40X_HE_T570_01,0,0.3173525929450989,0
ann,2,SR386_40X_HE_T574_01,0,0.23959223926067352,0
ann,2,SR386_40X_HE_T578_01,0,0.29012835025787354,0
ann,2,SR386_40X_HE_T580_01,0,0.24752651154994965,0
ann,3,SR1482_40X_HE_T005_01,0,0.5418976545333862,1
ann,3,SR1482_40X_HE_T005_02,0,0.4903450012207031,0
ann,3,SR1482_40X_HE_T010_01,0,0.25594690442085266,0
ann,3,SR1482_40X_HE_T043_01,0,0.3431416153907776,0
ann,3,SR1482_40X_HE_T043_02,0,0.5976842045783997,1
ann,3,SR1482_40X_HE_T049_01,0,0.3196856379508972,0
ann,3,SR1482_40X_HE_T061_01,0,0.5543019771575928,1
ann,3,SR1482_40X_HE_T061_02,0,0.716630220413208,1
ann,3,SR1482_40X_HE_T070_01,1,0.3664185106754303,0
ann,3,SR1482_40X_HE_T073_01,0,0.16287927329540253,0
ann,3,SR1482_40X_HE_T082_01,0,0.4195828437805176,0
ann,3,SR1482_40X_HE_T082_02,0,0.63096022605896,1
ann,3,SR1482_40X_HE_T089_01,0,0.2531396448612213,0
ann,3,SR1482_40X_HE_T090_01,0,0.2850663959980011,0
ann,3,SR1482_40X_HE_T094_01,1,0.3891019821166992,0
ann,3,SR1482_40X_HE_T094_02,1,0.6127663254737854,1
ann,3,SR1482_40X_HE_T105_01,0,0.19287578761577606,0
ann,3,SR1482_40X_HE_T115_01,0,0.3828253746032715,0
ann,3,SR1482_40X_HE_T115_02,0,0.20536889135837555,0
ann,3,SR1482_40X_HE_T118_01,0,0.8238587975502014,1
ann,3,SR1482_40X_HE_T118_02,0,0.619120717048645,1
ann,3,SR1482_40X_HE_T120_01,0,0.8966709971427917,1
ann,3,SR1482_40X_HE_T120_02,0,0.6567208766937256,1
ann,3,SR1482_40X_HE_T124_01,0,0.7821296453475952,1
ann,3,SR1482_40X_HE_T124_02,0,0.9840695261955261,1
ann,3,SR1482_40X_HE_T138_01,0,0.2762869596481323,0
ann,3,SR1482_40X_HE_T160_01,0,0.2291429489850998,0
ann,3,SR1482_40X_HE_T160_02,0,0.2389967292547226,0
ann,3,SR1482_40X_HE_T167_01,0,0.35123711824417114,0
ann,3,SR1482_40X_HE_T167_02,0,0.32912522554397583,0
ann,3,SR1482_40X_HE_T175_01,0,0.6770917177200317,1
ann,3,SR1482_40X_HE_T175_02,0,0.5750237107276917,1
ann,3,SR1482_40X_HE_T177_01,1,0.40939489006996155,0
ann,3,SR1482_40X_HE_T188_01,0,0.32002297043800354,0
ann,3,SR1482_40X_HE_T195_01,0,0.2713298201560974,0
ann,3,SR1482_40X_HE_T195_02,0,0.3345453143119812,0
ann,3,SR1482_40X_HE_T202_01,0,0.4617915451526642,0
ann,3,SR1482_40X_HE_T202_02,0,0.3266461491584778,0
ann,3,SR1482_40X_HE_T225_01,0,0.8193301558494568,1
ann,3,SR1482_40X_HE_T225_02,0,0.19718249142169952,0
ann,3,SR1482_40X_HE_T235_01,0,0.4244826138019562,0
ann,3,SR1482_40X_HE_T235_02,0,0.2744542360305786,0
ann,3,SR1482_40X_HE_T236_01,0,0.2744041681289673,0
ann,3,SR1482_40X_HE_T236_02,0,0.18678249418735504,0
ann,3,SR1482_40X_HE_T258_01,0,0.340742826461792,0
ann,3,SR1482_40X_HE_T258_02,0,0.47982022166252136,0
ann,3,SR1482_40X_HE_T284_01,1,0.7382544279098511,1
ann,3,SR1482_40X_HE_T284_02,1,0.6717976331710815,1
ann,3,SR1482_40X_HE_T301_01,1,0.255569189786911,0
ann,3,SR1482_40X_HE_T301_02,1,0.25549548864364624,0
ann,3,SR1482_40X_HE_T309_01,0,0.5382166504859924,1
ann,3,SR1482_40X_HE_T313_01,0,0.49373486638069153,0
ann,3,SR1482_40X_HE_T313_02,0,0.5997081995010376,1
ann,3,SR1482_40X_HE_T338_01,0,0.7623679041862488,1
ann,3,SR1482_40X_HE_T344_01,0,0.23735661804676056,0
ann,3,SR1482_40X_HE_T344_02,0,0.2438233345746994,0
ann,3,SR1482_40X_HE_T346_01,0,0.7864193916320801,1
ann,3,SR1482_40X_HE_T346_02,0,0.3931632936000824,0
ann,3,SR1482_40X_HE_T377_01,0,0.18531306087970734,0
ann,3,SR1482_40X_HE_T377_02,0,0.4215238690376282,0
ann,3,SR1482_40X_HE_T419_01,0,0.335611492395401,0
ann,3,SR1482_40X_HE_T427_01,0,0.2819337546825409,0
ann,3,SR1482_40X_HE_T427_02,0,0.2941652536392212,0
ann,3,SR386_40X_HE_T007_01,0,0.28483855724334717,0
ann,3,SR386_40X_HE_T015_01,0,0.3491843342781067,0
ann,3,SR386_40X_HE_T017_01,1,0.5051161646842957,1
ann,3,SR386_40X_HE_T032_01,0,0.21983449161052704,0
ann,3,SR386_40X_HE_T034_01,0,0.23127667605876923,0
ann,3,SR386_40X_HE_T035_01,0,0.3556710183620453,0
ann,3,SR386_40X_HE_T041_01,0,0.6964700818061829,1
ann,3,SR386_40X_HE_T067_01,0,0.3203340172767639,0
ann,3,SR386_40X_HE_T075_01,0,0.21287693083286285,0
ann,3,SR386_40X_HE_T081_01,0,0.4935780167579651,0
ann,3,SR386_40X_HE_T083_01,0,0.3180716931819916,0
ann,3,SR386_40X_HE_T085_01,0,0.29417604207992554,0
ann,3,SR386_40X_HE_T095_01,0,0.2547990381717682,0
ann,3,SR386_40X_HE_T104_01,0,0.254577100276947,0
ann,3,SR386_40X_HE_T106_01,0,0.2710149586200714,0
ann,3,SR386_40X_HE_T112_01,0,0.41971150040626526,0
ann,3,SR386_40X_HE_T128_01,0,0.2776900827884674,0
ann,3,SR386_40X_HE_T132_01,0,0.3094547688961029,0
ann,3,SR386_40X_HE_T138_01,0,0.30512213706970215,0
ann,3,SR386_40X_HE_T142_01,0,0.4855037331581116,0
ann,3,SR386_40X_HE_T149_01,0,0.3605976402759552,0
ann,3,SR386_40X_HE_T165_01,1,0.4146897792816162,0
ann,3,SR386_40X_HE_T179_01,0,0.5907309651374817,1
ann,3,SR386_40X_HE_T180_01,0,0.3142606317996979,0
ann,3,SR386_40X_HE_T182_01,0,0.37779703736305237,0
ann,3,SR386_40X_HE_T184_01,0,0.393473356962204,0
ann,3,SR386_40X_HE_T188_01,0,0.24352747201919556,0
ann,3,SR386_40X_HE_T191_01,0,0.3400587737560272,0
ann,3,SR386_40X_HE_T197_01,0,0.4090859293937683,0
ann,3,SR386_40X_HE_T201_01,0,0.346280574798584,0
ann,3,SR386_40X_HE_T202_01,0,0.3164125084877014,0
ann,3,SR386_40X_HE_T208_01,0,0.3401017189025879,0
ann,3,SR386_40X_HE_T216_01,1,0.6089704036712646,1
ann,3,SR386_40X_HE_T238_01,0,0.22351349890232086,0
ann,3,SR386_40X_HE_T244_01,0,0.3105209469795227,0
ann,3,SR386_40X_HE_T248_01,0,0.3613557815551758,0
ann,3,SR386_40X_HE_T249_01,0,0.17469008266925812,0
ann,3,SR386_40X_HE_T250_01,0,0.3268428146839142,0
ann,3,SR386_40X_HE_T263_01,0,0.25986143946647644,0
ann,3,SR386_40X_HE_T267_01,0,0.38285142183303833,0
ann,3,SR386_40X_HE_T269_01,0,0.41944774985313416,0
ann,3,SR386_40X_HE_T277_01,0,0.3579999506473541,0
ann,3,SR386_40X_HE_T286_01,0,0.759965717792511,1
ann,3,SR386_40X_HE_T287_01,0,0.6133848428726196,1
ann,3,SR386_40X_HE_T290_01,0,0.3279893696308136,0
ann,3,SR386_40X_HE_T293_01,0,0.3315768539905548,0
ann,3,SR386_40X_HE_T298_01,0,0.24718771874904633,0
ann,3,SR386_40X_HE_T303_01,0,0.27236485481262207,0
ann,3,SR386_40X_HE_T312_01,0,0.424432635307312,0
ann,3,SR386_40X_HE_T329_01,0,0.4593789279460907,0
ann,3,SR386_40X_HE_T336_01,0,0.3786405324935913,0
ann,3,SR386_40X_HE_T338_01,0,0.22359071671962738,0
ann,3,SR386_40X_HE_T342_01,0,0.2904696464538574,0
ann,3,SR386_40X_HE_T353_01,0,0.2745988965034485,0
ann,3,SR386_40X_HE_T357_01,0,0.3160114586353302,0
ann,3,SR386_40X_HE_T362_01,0,0.16144296526908875,0
ann,3,SR386_40X_HE_T363_01,1,0.6147938966751099,1
ann,3,SR386_40X_HE_T372_01,0,0.4483327865600586,0
ann,3,SR386_40X_HE_T378_01,0,0.23514722287654877,0
ann,3,SR386_40X_HE_T379_01,0,0.3212941586971283,0
ann,3,SR386_40X_HE_T386_01,0,0.2979355454444885,0
ann,3,SR386_40X_HE_T387_01,0,0.2164086103439331,0
ann,3,SR386_40X_HE_T393_01,0,0.6196142435073853,1
ann,3,SR386_40X_HE_T397_01,0,0.551001787185669,1
ann,3,SR386_40X_HE_T406_01,0,0.648280143737793,1
ann,3,SR386_40X_HE_T409_01,0,0.29850056767463684,0
ann,3,SR386_40X_HE_T422_01,0,0.20169563591480255,0
ann,3,SR386_40X_HE_T426_01,0,0.33351120352745056,0
ann,3,SR386_40X_HE_T433_01,0,0.3632274568080902,0
ann,3,SR386_40X_HE_T443_01,0,0.5843552947044373,1
ann,3,SR386_40X_HE_T448_01,0,0.4204159379005432,0
ann,3,SR386_40X_HE_T452_01,0,0.4125342071056366,0
ann,3,SR386_40X_HE_T460_01,1,0.5646063685417175,1
ann,3,SR386_40X_HE_T473_01,0,0.3716994822025299,0
ann,3,SR386_40X_HE_T475_01,0,0.3636583387851715,0
ann,3,SR386_40X_HE_T478_01,0,0.27714261412620544,0
ann,3,SR386_40X_HE_T489_01,1,0.33870407938957214,0
ann,3,SR386_40X_HE_T491_01,0,0.4425363838672638,0
ann,3,SR386_40X_HE_T492_01,0,0.31868746876716614,0
ann,3,SR386_40X_HE_T493_01,0,0.223025381565094,0
ann,3,SR386_40X_HE_T502_01,0,0.30980876088142395,0
ann,3,SR386_40X_HE_T505_01,0,0.3004397451877594,0
ann,3,SR386_40X_HE_T506_01,0,0.2557409703731537,0
ann,3,SR386_40X_HE_T509_01,0,0.37469375133514404,0
ann,3,SR386_40X_HE_T516_01,0,0.4450080394744873,0
ann,3,SR386_40X_HE_T518_01,0,0.21790160238742828,0
ann,3,SR386_40X_HE_T519_01,0,0.29307299852371216,0
ann,3,SR386_40X_HE_T521_01,0,0.24405620992183685,0
ann,3,SR386_40X_HE_T526_01,0,0.3268417716026306,0
ann,3,SR386_40X_HE_T533_01,0,0.44014298915863037,0
ann,3,SR386_40X_HE_T543_01,0,0.34488850831985474,0
ann,3,SR386_40X_HE_T544_01,0,0.2678886353969574,0
ann,3,SR386_40X_HE_T556_01,1,0.3441823124885559,0
ann,3,SR386_40X_HE_T560_01,0,0.2739883363246918,0
ann,3,SR386_40X_HE_T563_01,0,0.28449147939682007,0
ann,3,SR386_40X_HE_T568_01,0,0.3076588809490204,0
ann,3,SR386_40X_HE_T571_01,0,0.20745724439620972,0
ann,3,SR386_40X_HE_T572_01,0,0.3353525400161743,0
ann,3,SR386_40X_HE_T573_01,0,0.5063143372535706,1
ann,3,SR386_40X_HE_T583_01,0,0.39965638518333435,0
ann,4,SR1482_40X_HE_T002_01,0,0.3379150331020355,0
ann,4,SR1482_40X_HE_T003_01,0,0.5326986312866211,1
ann,4,SR1482_40X_HE_T004_01,0,0.35862332582473755,0
ann,4,SR1482_40X_HE_T004_02,0,0.32202035188674927,0
ann,4,SR1482_40X_HE_T011_01,0,0.5830495357513428,1
ann,4,SR1482_40X_HE_T025_01,0,0.2863365709781647,0
ann,4,SR1482_40X_HE_T025_02,0,0.4275071620941162,0
ann,4,SR1482_40X_HE_T060_01,0,0.38602691888809204,0
ann,4,SR1482_40X_HE_T062_01,0,0.5809107422828674,1
ann,4,SR1482_40X_HE_T062_02,0,0.8358179330825806,1
ann,4,SR1482_40X_HE_T064_01,0,0.6149982213973999,1
ann,4,SR1482_40X_HE_T064_02,0,0.3776845633983612,0
ann,4,SR1482_40X_HE_T071_01,0,0.6477346420288086,1
ann,4,SR1482_40X_HE_T071_02,0,0.4483334720134735,0
ann,4,SR1482_40X_HE_T074_01,0,0.5234360694885254,1
ann,4,SR1482_40X_HE_T074_02,0,0.5146670937538147,1
ann,4,SR1482_40X_HE_T083_01,0,0.8419228792190552,1
ann,4,SR1482_40X_HE_T083_02,0,0.507847011089325,1
ann,4,SR1482_40X_HE_T087_01,0,0.6433675289154053,1
ann,4,SR1482_40X_HE_T097_01,1,0.8253026604652405,1
ann,4,SR1482_40X_HE_T097_02,1,0.5692111849784851,1
ann,4,SR1482_40X_HE_T108_01,0,0.2742941677570343,0
ann,4,SR1482_40X_HE_T113_01,0,0.35619789361953735,0
ann,4,SR1482_40X_HE_T113_02,0,0.5808324813842773,1
ann,4,SR1482_40X_HE_T121_01,0,0.19357842206954956,0
ann,4,SR1482_40X_HE_T122_01,0,0.22134371101856232,0
ann,4,SR1482_40X_HE_T125_01,0,0.3627494275569916,0
ann,4,SR1482_40X_HE_T125_02,0,0.24315869808197021,0
ann,4,SR1482_40X_HE_T131_01,0,0.4658425450325012,0
ann,4,SR1482_40X_HE_T131_02,0,0.7701680064201355,1
ann,4,SR1482_40X_HE_T132_01,0,0.3941003978252411,0
ann,4,SR1482_40X_HE_T132_02,0,0.393862783908844,0
ann,4,SR1482_40X_HE_T143_01,0,0.9142900705337524,1
ann,4,SR1482_40X_HE_T143_02,0,0.6100975275039673,1
ann,4,SR1482_40X_HE_T166_01,1,0.3345766067504883,0
ann,4,SR1482_40X_HE_T169_01,0,0.6112432479858398,1
ann,4,SR1482_40X_HE_T176_01,1,0.7334681749343872,1
ann,4,SR1482_40X_HE_T176_02,1,0.7612566947937012,1
ann,4,SR1482_40X_HE_T191_01,0,0.36873897910118103,0
ann,4,SR1482_40X_HE_T194_01,0,0.7154873609542847,1
ann,4,SR1482_40X_HE_T218_01,0,0.34255513548851013,0
ann,4,SR1482_40X_HE_T253_01,0,0.4076063930988312,0
ann,4,SR1482_40X_HE_T290_01,0,0.4275728464126587,0
ann,4,SR1482_40X_HE_T308_01,0,0.32102054357528687,0
ann,4,SR1482_40X_HE_T314_01,0,0.883078932762146,1
ann,4,SR1482_40X_HE_T314_02,0,0.9643936157226562,1
ann,4,SR1482_40X_HE_T372_01,1,0.4024958312511444,0
ann,4,SR1482_40X_HE_T372_02,1,0.39812129735946655,0
ann,4,SR1482_40X_HE_T408_01,0,0.46799924969673157,0
ann,4,SR1482_40X_HE_T412_01,0,0.35002225637435913,0
ann,4,SR1482_40X_HE_T425_01,0,0.2927370071411133,0
ann,4,SR1482_40X_HE_T434_01,1,0.413409948348999,0
ann,4,SR386_40X_HE_T006_01,0,0.36086684465408325,0
ann,4,SR386_40X_HE_T010_01,0,0.3034436106681824,0
ann,4,SR386_40X_HE_T014_01,0,0.3002604842185974,0
ann,4,SR386_40X_HE_T016_01,0,0.27398720383644104,0
ann,4,SR386_40X_HE_T020_01,0,0.2852509915828705,0
ann,4,SR386_40X_HE_T027_01,0,0.4176020324230194,0
ann,4,SR386_40X_HE_T028_01,0,0.3736456334590912,0
ann,4,SR386_40X_HE_T037_01,0,0.28064048290252686,0
ann,4,SR386_40X_HE_T043_01,0,0.36714956164360046,0
ann,4,SR386_40X_HE_T044_01,1,0.6172496676445007,1
ann,4,SR386_40X_HE_T046_01,0,0.26906660199165344,0
ann,4,SR386_40X_HE_T058_01,0,0.23992782831192017,0
ann,4,SR386_40X_HE_T062_01,0,0.2544425427913666,0
ann,4,SR386_40X_HE_T065_01,1,0.45766782760620117,0
ann,4,SR386_40X_HE_T080_01,0,0.31676676869392395,0
ann,4,SR386_40X_HE_T091_01,0,0.402068167924881,0
ann,4,SR386_40X_HE_T094_01,0,0.2370421588420868,0
ann,4,SR386_40X_HE_T097_01,0,0.301750510931015,0
ann,4,SR386_40X_HE_T100_01,0,0.40823644399642944,0
ann,4,SR386_40X_HE_T107_01,0,0.2705974876880646,0
ann,4,SR386_40X_HE_T109_01,1,0.3023473918437958,0
ann,4,SR386_40X_HE_T110_01,0,0.36435946822166443,0
ann,4,SR386_40X_HE_T117_01,0,0.3645187020301819,0
ann,4,SR386_40X_HE_T127_01,0,0.3356139659881592,0
ann,4,SR386_40X_HE_T129_01,0,0.2607586979866028,0
ann,4,SR386_40X_HE_T136_01,0,0.3240911662578583,0
ann,4,SR386_40X_HE_T154_01,0,0.28085601329803467,0
ann,4,SR386_40X_HE_T168_01,1,0.5901249647140503,1
ann,4,SR386_40X_HE_T175_01,0,0.32847175002098083,0
ann,4,SR386_40X_HE_T189_01,0,0.24984967708587646,0
ann,4,SR386_40X_HE_T195_01,0,0.27602696418762207,0
ann,4,SR386_40X_HE_T227_01,0,0.32869404554367065,0
ann,4,SR386_40X_HE_T233_01,0,0.5630269050598145,1
ann,4,SR386_40X_HE_T234_01,0,0.34889355301856995,0
ann,4,SR386_40X_HE_T235_01,0,0.33001673221588135,0
ann,4,SR386_40X_HE_T239_01,0,0.59293532371521,1
ann,4,SR386_40X_HE_T245_01,0,0.3220386803150177,0
ann,4,SR386_40X_HE_T256_01,0,0.34659355878829956,0
ann,4,SR386_40X_HE_T265_01,0,0.258714884519577,0
ann,4,SR386_40X_HE_T268_01,0,0.32048293948173523,0
ann,4,SR386_40X_HE_T270_01,0,0.4455556571483612,0
ann,4,SR386_40X_HE_T272_01,0,0.548603355884552,1
ann,4,SR386_40X_HE_T273_01,0,0.5756781101226807,1
ann,4,SR386_40X_HE_T276_01,0,0.5698724389076233,1
ann,4,SR386_40X_HE_T278_01,1,0.5677627325057983,1
ann,4,SR386_40X_HE_T284_01,0,0.31419843435287476,0
ann,4,SR386_40X_HE_T285_01,0,0.29854467511177063,0
ann,4,SR386_40X_HE_T288_01,0,0.347441166639328,0
ann,4,SR386_40X_HE_T291_01,0,0.40798577666282654,0
ann,4,SR386_40X_HE_T300_01,0,0.29038283228874207,0
ann,4,SR386_40X_HE_T302_01,0,0.40004101395606995,0
ann,4,SR386_40X_HE_T305_01,0,0.3211914300918579,0
ann,4,SR386_40X_HE_T308_01,0,0.33640190958976746,0
ann,4,SR386_40X_HE_T325_01,0,0.24021950364112854,0
ann,4,SR386_40X_HE_T331_01,0,0.4205785393714905,0
ann,4,SR386_40X_HE_T341_01,0,0.32504725456237793,0
ann,4,SR386_40X_HE_T343_01,1,0.3372190296649933,0
ann,4,SR386_40X_HE_T346_01,0,0.4474673271179199,0
ann,4,SR386_40X_HE_T352_01,0,0.307751327753067,0
ann,4,SR386_40X_HE_T373_01,0,0.5539045333862305,1
ann,4,SR386_40X_HE_T375_01,0,0.5058868527412415,1
ann,4,SR386_40X_HE_T381_01,0,0.2500133216381073,0
ann,4,SR386_40X_HE_T389_01,0,0.3436920940876007,0
ann,4,SR386_40X_HE_T391_01,0,0.34616848826408386,0
ann,4,SR386_40X_HE_T394_01,0,0.36894768476486206,0
ann,4,SR386_40X_HE_T399_01,0,0.3673228919506073,0
ann,4,SR386_40X_HE_T403_01,0,0.2981468737125397,0
ann,4,SR386_40X_HE_T405_01,0,0.38324078917503357,0
ann,4,SR386_40X_HE_T407_01,0,0.3902966380119324,0
ann,4,SR386_40X_HE_T414_01,0,0.3285336494445801,0
ann,4,SR386_40X_HE_T424_01,0,0.3550156354904175,0
ann,4,SR386_40X_HE_T429_01,0,0.4169740676879883,0
ann,4,SR386_40X_HE_T441_01,0,0.6309524774551392,1
ann,4,SR386_40X_HE_T451_01,0,0.3720446228981018,0
ann,4,SR386_40X_HE_T453_01,0,0.2716805338859558,0
ann,4,SR386_40X_HE_T455_01,0,0.31649336218833923,0
ann,4,SR386_40X_HE_T465_01,0,0.3642452359199524,0
ann,4,SR386_40X_HE_T474_01,0,0.5207199454307556,1
ann,4,SR386_40X_HE_T476_01,0,0.4073897898197174,0
ann,4,SR386_40X_HE_T479_01,0,0.31931719183921814,0
ann,4,SR386_40X_HE_T482_01,0,0.4143366515636444,0
ann,4,SR386_40X_HE_T487_01,0,0.30428555607795715,0
ann,4,SR386_40X_HE_T490_01,0,0.33027616143226624,0
ann,4,SR386_40X_HE_T494_01,0,0.2792419195175171,0
ann,4,SR386_40X_HE_T500_01,0,0.30699554085731506,0
ann,4,SR386_40X_HE_T510_01,0,0.30491903424263,0
ann,4,SR386_40X_HE_T524_01,0,0.4832002520561218,0
ann,4,SR386_40X_HE_T528_01,0,0.3544338047504425,0
ann,4,SR386_40X_HE_T532_01,0,0.30226173996925354,0
ann,4,SR386_40X_HE_T534_01,0,0.4089956283569336,0
ann,4,SR386_40X_HE_T536_01,0,0.25045090913772583,0
ann,4,SR386_40X_HE_T537_01,0,0.5776762366294861,1
ann,4,SR386_40X_HE_T541_01,0,0.38736197352409363,0
ann,4,SR386_40X_HE_T548_01,1,0.49534937739372253,0
ann,4,SR386_40X_HE_T550_01,0,0.46959051489830017,0
ann,4,SR386_40X_HE_T551_01,0,0.3207121193408966,0
ann,4,SR386_40X_HE_T557_01,0,0.23297666013240814,0
ann,4,SR386_40X_HE_T565_01,0,0.39018043875694275,0
ann,4,SR386_40X_HE_T567_01,0,0.33110371232032776,0
ann,4,SR386_40X_HE_T575_01,0,0.45298510789871216,0
ann,4,SR386_40X_HE_T576_01,0,0.3599918484687805,0
ann,4,SR386_40X_HE_T581_01,0,0.40054255723953247,0
knn,1,SR1482_40X_HE_T029_01,0,0.2,0
knn,1,SR1482_40X_HE_T029_02,0,0.2,0
knn,1,SR1482_40X_HE_T057_01,0,0.0,0
knn,1,SR1482_40X_HE_T063_01,1,0.2,0
knn,1,SR1482_40X_HE_T063_02,1,0.1,0
knn,1,SR1482_40X_HE_T065_01,0,0.2,0
knn,1,SR1482_40X_HE_T065_02,0,0.0,0
knn,1,SR1482_40X_HE_T066_01,0,0.1,0
knn,1,SR1482_40X_HE_T066_02,0,0.0,0
knn,1,SR1482_40X_HE_T068_01,0,0.0,0
knn,1,SR1482_40X_HE_T069_01,0,0.1,0
knn,1,SR1482_40X_HE_T069_02,0,0.0,0
knn,1,SR1482_40X_HE_T079_01,1,0.0,0
knn,1,SR1482_40X_HE_T079_02,1,0.2,0
knn,1,SR1482_40X_HE_T080_01,0,0.1,0
knn,1,SR1482_40X_HE_T080_02,0,0.1,0
knn,1,SR1482_40X_HE_T081_01,0,0.2,0
knn,1,SR1482_40X_HE_T081_02,0,0.1,0
knn,1,SR1482_40X_HE_T099_01,0,0.0,0
knn,1,SR1482_40X_HE_T116_01,0,0.0,0
knn,1,SR1482_40X_HE_T117_01,0,0.2,0
knn,1,SR1482_40X_HE_T117_02,0,0.1,0
knn,1,SR1482_40X_HE_T126_01,0,0.2,0
knn,1,SR1482_40X_HE_T129_01,0,0.2,0
knn,1,SR1482_40X_HE_T129_02,0,0.3,0
knn,1,SR1482_40X_HE_T139_01,0,0.2,0
knn,1,SR1482_40X_HE_T139_02,0,0.2,0
knn,1,SR1482_40X_HE_T147_01,0,0.2,0
knn,1,SR1482_40X_HE_T147_02,0,0.3,0
knn,1,SR1482_40X_HE_T159_01,0,0.3,0
knn,1,SR1482_40X_HE_T159_02,0,0.2,0
knn,1,SR1482_40X_HE_T192_01,0,0.2,0
knn,1,SR1482_40X_HE_T199_01,0,0.1,0
knn,1,SR1482_40X_HE_T304_01,0,0.1,0
knn,1,SR1482_40X_HE_T304_02,0,0.0,0
knn,1,SR1482_40X_HE_T310_01,1,0.3,0
knn,1,SR1482_40X_HE_T310_02,1,0.1,0
knn,1,SR1482_40X_HE_T341_01,0,0.0,0
knn,1,SR1482_40X_HE_T341_02,0,0.0,0
knn,1,SR1482_40X_HE_T353_01,0,0.0,0
knn,1,SR1482_40X_HE_T390_01,0,0.0,0
knn,1,SR1482_40X_HE_T433_01,1,0.1,0
knn,1,SR386_40X_HE_T003_01,0,0.0,0
knn,1,SR386_40X_HE_T004_01,0,0.2,0
knn,1,SR386_40X_HE_T022_01,1,0.2,0
knn,1,SR386_40X_HE_T030_01,0,0.2,0
knn,1,SR386_40X_HE_T033_01,0,0.1,0
knn,1,SR386_40X_HE_T036_01,0,0.0,0
knn,1,SR386_40X_HE_T038_01,0,0.1,0
knn,1,SR386_40X_HE_T049_01,0,0.0,0
knn,1,SR386_40X_HE_T050_01,0,0.1,0
knn,1,SR386_40X_HE_T060_01,0,0.1,0
knn,1,SR386_40X_HE_T063_01,0,0.2,0
knn,1,SR386_40X_HE_T066_01,0,0.2,0
knn,1,SR386_40X_HE_T069_01,0,0.2,0
knn,1,SR386_40X_HE_T072_01,0,0.1,0
knn,1,SR386_40X_HE_T074_01,0,0.0,0
knn,1,SR386_40X_HE_T078_01,0,0.1,0
knn,1,SR386_40X_HE_T079_01,0,0.0,0
knn,1,SR386_40X_HE_T092_01,1,0.0,0
knn,1,SR386_40X_HE_T096_01,0,0.0,0
knn,1,SR386_40X_HE_T099_01,0,0.1,0
knn,1,SR386_40X_HE_T103_01,0,0.0,0
knn,1,SR386_40X_HE_T108_01,0,0.0,0
knn,1,SR386_40X_HE_T113_01,0,0.0,0
knn,1,SR386_40X_HE_T114_01,0,0.0,0
knn,1,SR386_40X_HE_T119_01,0,0.0,0
knn,1,SR386_40X_HE_T126_01,0,0.1,0
knn,1,SR386_40X_HE_T130_01,0,0.0,0
knn,1,SR386_40X_HE_T131_01,0,0.0,0
knn,1,SR386_40X_HE_T135_01,0,0.3,0
knn,1,SR386_40X_HE_T140_01,0,0.0,0
knn,1,SR386_40X_HE_T144_01,0,0.1,0
knn,1,SR386_40X_HE_T147_01,0,0.0,0
knn,1,SR386_40X_HE_T148_01,0,0.1,0
knn,1,SR386_40X_HE_T160_01,0,0.0,0
knn,1,SR386_40X_HE_T169_01,0,0.0,0
knn,1,SR386_40X_HE_T170_01,1,0.3,0
knn,1,SR386_40X_HE_T172_01,0,0.3,0
knn,1,SR386_40X_HE_T174_01,0,0.0,0
knn,1,SR386_40X_HE_T181_01,0,0.0,0
knn,1,SR386_40X_HE_T196_01,0,0.0,0
knn,1,SR386_40X_HE_T205_01,0,0.2,0
knn,1,SR386_40X_HE_T209_01,0,0.0,0
knn,1,SR386_40X_HE_T210_01,0,0.1,0
knn,1,SR386_40X_HE_T212_01,0,0.0,0
knn,1,SR386_40X_HE_T221_01,0,0.0,0
knn,1,SR386_40X_HE_T224_01,0,0.1,0
knn,1,SR386_40X_HE_T231_01,1,0.1,0
knn,1,SR386_40X_HE_T232_01,0,0.0,0
knn,1,SR386_40X_HE_T247_01,0,0.0,0
knn,1,SR386_40X_HE_T252_01,0,0.1,0
knn,1,SR386_40X_HE_T255_01,0,0.1,0
knn,1,SR386_40X_HE_T259_01,1,0.1,0
knn,1,SR386_40X_HE_T274_01,0,0.0,0
knn,1,SR386_40X_HE_T275_01,0,0.0,0
knn,1,SR386_40X_HE_T282_01,0,0.0,0
knn,1,SR386_40X_HE_T294_01,0,0.3,0
knn,1,SR386_40X_HE_T311_01,0,0.1,0
knn,1,SR386_40X_HE_T315_01,0,0.1,0
knn,1,SR386_40X_HE_T319_01,1,0.1,0
knn,1,SR386_40X_HE_T324_01,1,0.1,0
knn,1,SR386_40X_HE_T330_01,0,0.0,0
knn,1,SR386_40X_HE_T333_01,0,0.0,0
knn,1,SR386_40X_HE_T335_01,0,0.1,0
knn,1,SR386_40X_HE_T337_01,0,0.1,0
knn,1,SR386_40X_HE_T344_01,0,0.0,0
knn,1,SR386_40X_HE_T347_01,0,0.0,0
knn,1,SR386_40X_HE_T350_01,0,0.0,0
knn,1,SR386_40X_HE_T351_01,0,0.0,0
knn,1,SR386_40X_HE_T360_01,0,0.0,0
knn,1,SR386_40X_HE_T361_01,0,0.0,0
knn,1,SR386_40X_HE_T366_01,0,0.1,0
knn,1,SR386_40X_HE_T377_01,1,0.3,0
knn,1,SR386_40X_HE_T384_01,0,0.0,0
knn,1,SR386_40X_HE_T395_01,0,0.1,0
knn,1,SR386_40X_HE_T396_01,0,0.0,0
knn,1,SR386_40X_HE_T401_01,0,0.1,0
knn,1,SR386_40X_HE_T408_01,0,0.0,0
knn,1,SR386_40X_HE_T410_01,0,0.1,0
knn,1,SR386_40X_HE_T413_01,0,0.1,0
knn,1,SR386_40X_HE_T416_01,0,0.1,0
knn,1,SR386_40X_HE_T418_01,0,0.0,0
knn,1,SR386_40X_HE_T419_01,0,0.0,0
knn,1,SR386_40X_HE_T421_01,0,0.0,0
knn,1,SR386_40X_HE_T423_01,0,0.1,0
knn,1,SR386_40X_HE_T428_01,0,0.0,0
knn,1,SR386_40X_HE_T430_01,0,0.0,0
knn,1,SR386_40X_HE_T431_01,0,0.0,0
knn,1,SR386_40X_HE_T435_01,0,0.3,0
knn,1,SR386_40X_HE_T438_01,0,0.1,0
knn,1,SR386_40X_HE_T439_01,0,0.1,0
knn,1,SR386_40X_HE_T447_01,0,0.0,0
knn,1,SR386_40X_HE_T449_01,0,0.1,0
knn,1,SR386_40X_HE_T454_01,0,0.0,0
knn,1,SR386_40X_HE_T456_01,0,0.0,0
knn,1,SR386_40X_HE_T461_01,0,0.0,0
knn,1,SR386_40X_HE_T462_01,0,0.0,0
knn,1,SR386_40X_HE_T468_01,0,0.1,0
knn,1,SR386_40X_HE_T469_01,1,0.0,0
knn,1,SR386_40X_HE_T470_01,0,0.1,0
knn,1,SR386_40X_HE_T471_01,0,0.0,0
knn,1,SR386_40X_HE_T477_01,0,0.0,0
knn,1,SR386_40X_HE_T480_01,0,0.2,0
knn,1,SR386_40X_HE_T484_01,0,0.0,0
knn,1,SR386_40X_HE_T495_01,0,0.0,0
knn,1,SR386_40X_HE_T496_01,0,0.0,0
knn,1,SR386_40X_HE_T498_01,0,0.2,0
knn,1,SR386_40X_HE_T504_01,0,0.1,0
knn,1,SR386_40X_HE_T511_01,0,0.0,0
knn,1,SR386_40X_HE_T517_01,0,0.3,0
knn,1,SR386_40X_HE_T523_01,0,0.1,0
knn,1,SR386_40X_HE_T529_01,0,0.0,0
knn,1,SR386_40X_HE_T542_01,0,0.0,0
knn,1,SR386_40X_HE_T569_01,0,0.1,0
knn,1,SR386_40X_HE_T582_01,0,0.0,0
knn,2,SR1482_40X_HE_T009_01,0,0.0,0
knn,2,SR1482_40X_HE_T009_02,0,0.0,0
knn,2,SR1482_40X_HE_T015_01,0,0.0,0
knn,2,SR1482_40X_HE_T021_01,0,0.0,0
knn,2,SR1482_40X_HE_T067_01,0,0.0,0
knn,2,SR1482_40X_HE_T075_01,0,0.0,0
knn,2,SR1482_40X_HE_T075_02,0,0.0,0
knn,2,SR1482_40X_HE_T098_01,0,0.3333333333333333,0
knn,2,SR1482_40X_HE_T098_02,0,0.0,0
knn,2,SR1482_40X_HE_T102_01,0,0.0,0
knn,2,SR1482_40X_HE_T123_01,0,0.0,0
knn,2,SR1482_40X_HE_T142_01,0,0.0,0
knn,2,SR1482_40X_HE_T146_01,0,0.3333333333333333,0
knn,2,SR1482_40X_HE_T148_01,0,0.3333333333333333,0
knn,2,SR1482_40X_HE_T148_02,0,0.3333333333333333,0
knn,2,SR1482_40X_HE_T154_01,0,0.0,0
knn,2,SR1482_40X_HE_T158_01,0,0.0,0
knn,2,SR1482_40X_HE_T161_01,0,0.3333333333333333,0
knn,2,SR1482_40X_HE_T161_02,0,0.0,0
knn,2,SR1482_40X_HE_T164_01,1,0.0,0
knn,2,SR1482_40X_HE_T164_02,1,0.6666666666666666,1
knn,2,SR1482_40X_HE_T168_01,0,0.0,0
knn,2,SR1482_40X_HE_T171_01,0,0.0,0
knn,2,SR1482_40X_HE_T171_02,0,0.0,0
knn,2,SR1482_40X_HE_T178_01,1,0.0,0
knn,2,SR1482_40X_HE_T186_01,0,0.0,0
knn,2,SR1482_40X_HE_T193_01,0,0.6666666666666666,1
knn,2,SR1482_40X_HE_T193_02,0,0.0,0
knn,2,SR1482_40X_HE_T209_01,0,0.0,0
knn,2,SR1482_40X_HE_T209_02,0,0.0,0
knn,2,SR1482_40X_HE_T245_01,0,0.0,0
knn,2,SR1482_40X_HE_T245_02,0,0.3333333333333333,0
knn,2,SR1482_40X_HE_T265_01,0,0.0,0
knn,2,SR1482_40X_HE_T302_01,0,0.0,0
knn,2,SR1482_40X_HE_T343_01,1,0.0,0
knn,2,SR1482_40X_HE_T343_02,1,0.0,0
knn,2,SR1482_40X_HE_T399_01,0,0.0,0
knn,2,SR1482_40X_HE_T399_02,0,0.0,0
knn,2,SR1482_40X_HE_T426_01,0,0.0,0
knn,2,SR1482_40X_HE_T426_02,0,0.0,0
knn,2,SR386_40X_HE_T001_01,0,0.0,0
knn,2,SR386_40X_HE_T013_01,0,0.0,0
knn,2,SR386_40X_HE_T018_01,0,0.0,0
knn,2,SR386_40X_HE_T019_01,0,0.0,0
knn,2,SR386_40X_HE_T024_01,0,0.0,0
knn,2,SR386_40X_HE_T039_01,0,0.0,0
knn,2,SR386_40X_HE_T040_01,1,0.3333333333333333,0
knn,2,SR386_40X_HE_T042_01,0,0.0,0
knn,2,SR386_40X_HE_T047_01,0,0.0,0
knn,2,SR386_40X_HE_T051_01,0,0.0,0
knn,2,SR386_40X_HE_T052_01,0,0.0,0
knn,2,SR386_40X_HE_T056_01,0,0.0,0
knn,2,SR386_40X_HE_T057_01,0,0.0,0
knn,2,SR386_40X_HE_T070_01,0,0.0,0
knn,2,SR386_40X_HE_T082_01,0,0.3333333333333333,0
knn,2,SR386_40X_HE_T084_01,0,0.0,0
knn,2,SR386_40X_HE_T087_01,0,0.3333333333333333,0
knn,2,SR386_40X_HE_T088_01,0,0.0,0
knn,2,SR386_40X_HE_T098_01,0,0.3333333333333333,0
knn,2,SR386_40X_HE_T105_01,0,0.0,0
knn,2,SR386_40X_HE_T122_01,0,0.0,0
knn,2,SR386_40X_HE_T123_01,0,0.0,0
knn,2,SR386_40X_HE_T133_01,0,0.0,0
knn,2,SR386_40X_HE_T145_01,0,0.0,0
knn,2,SR386_40X_HE_T150_01,0,0.0,0
knn,2,SR386_40X_HE_T152_01,0,0.6666666666666666,1
knn,2,SR386_40X_HE_T155_01,0,0.0,0
knn,2,SR386_40X_HE_T157_01,0,0.3333333333333333,0
knn,2,SR386_40X_HE_T164_01,0,0.0,0
knn,2,SR386_40X_HE_T166_01,0,0.0,0
knn,2,SR386_40X_HE_T176_01,1,0.0,0
knn,2,SR386_40X_HE_T177_01,0,0.0,0
knn,2,SR386_40X_HE_T178_01,0,0.0,0
knn,2,SR386_40X_HE_T187_01,0,0.0,0
knn,2,SR386_40X_HE_T190_01,0,0.0,0
knn,2,SR386_40X_HE_T192_01,0,0.0,0
knn,2,SR386_40X_HE_T198_01,0,0.0,0
knn,2,SR386_40X_HE_T200_01,0,0.0,0
knn,2,SR386_40X_HE_T206_01,1,0.0,0
knn,2,SR386_40X_HE_T211_01,0,0.0,0
knn,2,SR386_40X_HE_T213_01,0,0.0,0
knn,2,SR386_40X_HE_T214_01,0,0.0,0
knn,2,SR386_40X_HE_T220_01,0,0.0,0
knn,2,SR386_40X_HE_T230_01,1,0.0,0
knn,2,SR386_40X_HE_T236_01,0,0.0,0
knn,2,SR386_40X_HE_T237_01,0,0.0,0
knn,2,SR386_40X_HE_T240_01,0,0.0,0
knn,2,SR386_40X_HE_T241_01,0,0.0,0
knn,2,SR386_40X_HE_T242_01,0,0.0,0
knn,2,SR386_40X_HE_T253_01,0,0.0,0
knn,2,SR386_40X_HE_T260_01,0,0.0,0
knn,2,SR386_40X_HE_T262_01,0,0.0,0
knn,2,SR386_40X_HE_T264_01,0,0.0,0
knn,2,SR386_40X_HE_T271_01,0,0.0,0
knn,2,SR386_40X_HE_T281_01,0,0.0,0
knn,2,SR386_40X_HE_T297_01,0,0.0,0
knn,2,SR386_40X_HE_T299_01,0,0.0,0
knn,2,SR386_40X_HE_T301_01,0,0.0,0
knn,2,SR386_40X_HE_T306_01,0,0.0,0
knn,2,SR386_40X_HE_T309_01,0,0.0,0
knn,2,SR386_40X_HE_T314_01,0,0.0,0
knn,2,SR386_40X_HE_T316_01,0,0.0,0
knn,2,SR386_40X_HE_T318_01,0,0.0,0
knn,2,SR386_40X_HE_T321_01,0,0.3333333333333333,0
knn,2,SR386_40X_HE_T326_01,0,0.0,0
knn,2,SR386_40X_HE_T327_01,0,0.0,0
knn,2,SR386_40X_HE_T332_01,1,0.0,0
knn,2,SR386_40X_HE_T355_01,0,0.0,0
knn,2,SR386_40X_HE_T364_01,0,0.0,0
knn,2,SR386_40X_HE_T368_01,1,0.0,0
knn,2,SR386_40X_HE_T374_01,0,0.0,0
knn,2,SR386_40X_HE_T380_01,0,0.0,0
knn,2,SR386_40X_HE_T382_01,0,0.0,0
knn,2,SR386_40X_HE_T392_01,0,0.0,0
knn,2,SR386_40X_HE_T398_01,0,0.0,0
knn,2,SR386_40X_HE_T402_01,1,0.0,0
knn,2,SR386_40X_HE_T404_01,0,0.0,0
knn,2,SR386_40X_HE_T415_01,0,0.0,0
knn,2,SR386_40X_HE_T417_01,0,0.0,0
knn,2,SR386_40X_HE_T425_01,0,0.0,0
knn,2,SR386_40X_HE_T436_01,1,0.0,0
knn,2,SR386_40X_HE_T437_01,0,0.0,0
knn,2,SR386_40X_HE_T440_01,0,0.3333333333333333,0
knn,2,SR386_40X_HE_T445_01,0,0.0,0
knn,2,SR386_40X_HE_T450_01,0,0.0,0
knn,2,SR386_40X_HE_T459_01,0,0.0,0
knn,2,SR386_40X_HE_T472_01,0,0.0,0
knn,2,SR386_40X_HE_T481_01,0,0.3333333333333333,0
knn,2,SR386_40X_HE_T483_01,0,0.0,0
knn,2,SR386_40X_HE_T486_01,0,0.3333333333333333,0
knn,2,SR386_40X_HE_T488_01,0,0.0,0
knn,2,SR386_40X_HE_T499_01,0,0.0,0
knn,2,SR386_40X_HE_T507_01,0,0.0,0
knn,2,SR386_40X_HE_T514_01,0,0.0,0
knn,2,SR386_40X_HE_T520_01,1,0.0,0
knn,2,SR386_40X_HE_T522_01,0,0.0,0
knn,2,SR386_40X_HE_T531_01,0,0.0,0
knn,2,SR386_40X_HE_T535_01,0,0.0,0
knn,2,SR386_40X_HE_T539_01,0,0.0,0
knn,2,SR386_40X_HE_T549_01,0,0.0,0
knn,2,SR386_40X_HE_T552_01,0,0.0,0
knn,2,SR386_40X_HE_T553_01,0,0.0,0
knn,2,SR386_40X_HE_T554_01,0,0.3333333333333333,0
knn,2,SR386_40X_HE_T558_01,0,0.0,0
knn,2,SR386_40X_HE_T564_01,0,0.0,0
knn,2,SR386_40X_HE_T570_01,0,0.0,0
knn,2,SR386_40X_HE_T574_01,0,0.0,0
knn,2,SR386_40X_HE_T578_01,0,0.0,0
knn,2,SR386_40X_HE_T580_01,0,0.0,0
knn,3,SR1482_40X_HE_T005_01,0,0.3333333333333333,0
knn,3,SR1482_40X_HE_T005_02,0,0.3333333333333333,0
knn,3,SR1482_40X_HE_T010_01,0,0.0,0
knn,3,SR1482_40X_HE_T043_01,0,0.6666666666666666,1
knn,3,SR1482_40X_HE_T043_02,0,0.0,0
knn,3,SR1482_40X_HE_T049_01,0,0.0,0
knn,3,SR1482_40X_HE_T061_01,0,0.3333333333333333,0
knn,3,SR1482_40X_HE_T061_02,0,0.0,0
knn,3,SR1482_40X_HE_T070_01,1,0.0,0
knn,3,SR1482_40X_HE_T073_01,0,0.0,0
knn,3,SR1482_40X_HE_T082_01,0,0.0,0
knn,3,SR1482_40X_HE_T082_02,0,0.3333333333333333,0
knn,3,SR1482_40X_HE_T089_01,0,0.0,0
knn,3,SR1482_40X_HE_T090_01,0,0.0,0
knn,3,SR1482_40X_HE_T094_01,1,0.3333333333333333,0
knn,3,SR1482_40X_HE_T094_02,1,0.0,0
knn,3,SR1482_40X_HE_T105_01,0,0.0,0
knn,3,SR1482_40X_HE_T115_01,0,0.0,0
knn,3,SR1482_40X_HE_T115_02,0,0.0,0
knn,3,SR1482_40X_HE_T118_01,0,0.6666666666666666,1
knn,3,SR1482_40X_HE_T118_02,0,0.3333333333333333,0
knn,3,SR1482_40X_HE_T120_01,0,0.3333333333333333,0
knn,3,SR1482_40X_HE_T120_02,0,0.0,0
knn,3,SR1482_40X_HE_T124_01,0,0.3333333333333333,0
knn,3,SR1482_40X_HE_T124_02,0,0.3333333333333333,0
knn,3,SR1482_40X_HE_T138_01,0,0.0,0
knn,3,SR1482_40X_HE_T160_01,0,0.0,0
knn,3,SR1482_40X_HE_T160_02,0,0.0,0
knn,3,SR1482_40X_HE_T167_01,0,0.3333333333333333,0
knn,3,SR1482_40X_HE_T167_02,0,0.0,0
knn,3,SR1482_40X_HE_T175_01,0,0.0,0
knn,3,SR1482_40X_HE_T175_02,0,0.0,0
knn,3,SR1482_40X_HE_T177_01,1,0.3333333333333333,0
knn,3,SR1482_40X_HE_T188_01,0,0.0,0
knn,3,SR1482_40X_HE_T195_01,0,0.3333333333333333,0
knn,3,SR1482_40X_HE_T195_02,0,0.3333333333333333,0
knn,3,SR1482_40X_HE_T202_01,0,0.0,0
knn,3,SR1482_40X_HE_T202_02,0,0.0,0
knn,3,SR1482_40X_HE_T225_01,0,0.0,0
knn,3,SR1482_40X_HE_T225_02,0,0.0,0
knn,3,SR1482_40X_HE_T235_01,0,0.0,0
knn,3,SR1482_40X_HE_T235_02,0,0.0,0
knn,3,SR1482_40X_HE_T236_01,0,0.0,0
knn,3,SR1482_40X_HE_T236_02,0,0.0,0
knn,3,SR1482_40X_HE_T258_01,0,0.0,0
knn,3,SR1482_40X_HE_T258_02,0,0.0,0
knn,3,SR1482_40X_HE_T284_01,1,0.0,0
knn,3,SR1482_40X_HE_T284_02,1,0.3333333333333333,0
knn,3,SR1482_40X_HE_T301_01,1,0.0,0
knn,3,SR1482_40X_HE_T301_02,1,0.0,0
knn,3,SR1482_40X_HE_T309_01,0,0.3333333333333333,0
knn,3,SR1482_40X_HE_T313_01,0,0.0,0
knn,3,SR1482_40X_HE_T313_02,0,0.0,0
knn,3,SR1482_40X_HE_T338_01,0,0.3333333333333333,0
knn,3,SR1482_40X_HE_T344_01,0,0.0,0
knn,3,SR1482_40X_HE_T344_02,0,0.6666666666666666,1
knn,3,SR1482_40X_HE_T346_01,0,0.3333333333333333,0
knn,3,SR1482_40X_HE_T346_02,0,0.3333333333333333,0
knn,3,SR1482_40X_HE_T377_01,0,0.0,0
knn,3,SR1482_40X_HE_T377_02,0,0.0,0
knn,3,SR1482_40X_HE_T419_01,0,0.0,0
knn,3,SR1482_40X_HE_T427_01,0,0.0,0
knn,3,SR1482_40X_HE_T427_02,0,0.0,0
knn,3,SR386_40X_HE_T007_01,0,0.0,0
knn,3,SR386_40X_HE_T015_01,0,0.0,0
knn,3,SR386_40X_HE_T017_01,1,0.3333333333333333,0
knn,3,SR386_40X_HE_T032_01,0,0.0,0
knn,3,SR386_40X_HE_T034_01,0,0.0,0
knn,3,SR386_40X_HE_T035_01,0,0.0,0
knn,3,SR386_40X_HE_T041_01,0,0.6666666666666666,1
knn,3,SR386_40X_HE_T067_01,0,0.0,0
knn,3,SR386_40X_HE_T075_01,0,0.0,0
knn,3,SR386_40X_HE_T081_01,0,0.3333333333333333,0
knn,3,SR386_40X_HE_T083_01,0,0.3333333333333333,0
knn,3,SR386_40X_HE_T085_01,0,0.0,0
knn,3,SR386_40X_HE_T095_01,0,0.0,0
knn,3,SR386_40X_HE_T104_01,0,0.3333333333333333,0
knn,3,SR386_40X_HE_T106_01,0,0.0,0
knn,3,SR386_40X_HE_T112_01,0,0.0,0
knn,3,SR386_40X_HE_T128_01,0,0.0,0
knn,3,SR386_40X_HE_T132_01,0,0.0,0
knn,3,SR386_40X_HE_T138_01,0,0.3333333333333333,0
knn,3,SR386_40X_HE_T142_01,0,0.3333333333333333,0
knn,3,SR386_40X_HE_T149_01,0,0.0,0
knn,3,SR386_40X_HE_T165_01,1,0.3333333333333333,0
knn,3,SR386_40X_HE_T179_01,0,0.0,0
knn,3,SR386_40X_HE_T180_01,0,0.0,0
knn,3,SR386_40X_HE_T182_01,0,0.0,0
knn,3,SR386_40X_HE_T184_01,0,0.0,0
knn,3,SR386_40X_HE_T188_01,0,0.0,0
knn,3,SR386_40X_HE_T191_01,0,0.3333333333333333,0
knn,3,SR386_40X_HE_T197_01,0,0.0,0
knn,3,SR386_40X_HE_T201_01,0,0.0,0
knn,3,SR386_40X_HE_T202_01,0,0.0,0
knn,3,SR386_40X_HE_T208_01,0,0.0,0
knn,3,SR386_40X_HE_T216_01,1,0.0,0
knn,3,SR386_40X_HE_T238_01,0,0.0,0
knn,3,SR386_40X_HE_T244_01,0,0.0,0
knn,3,SR386_40X_HE_T248_01,0,0.0,0
knn,3,SR386_40X_HE_T249_01,0,0.0,0
knn,3,SR386_40X_HE_T250_01,0,0.0,0
knn,3,SR386_40X_HE_T263_01,0,0.3333333333333333,0
knn,3,SR386_40X_HE_T267_01,0,0.0,0
knn,3,SR386_40X_HE_T269_01,0,0.0,0
knn,3,SR386_40X_HE_T277_01,0,0.0,0
knn,3,SR386_40X_HE_T286_01,0,0.0,0
knn,3,SR386_40X_HE_T287_01,0,0.0,0
knn,3,SR386_40X_HE_T290_01,0,0.0,0
knn,3,SR386_40X_HE_T293_01,0,0.0,0
knn,3,SR386_40X_HE_T298_01,0,0.0,0
knn,3,SR386_40X_HE_T303_01,0,0.0,0
knn,3,SR386_40X_HE_T312_01,0,0.0,0
knn,3,SR386_40X_HE_T329_01,0,0.0,0
knn,3,SR386_40X_HE_T336_01,0,0.0,0
knn,3,SR386_40X_HE_T338_01,0,0.0,0
knn,3,SR386_40X_HE_T342_01,0,0.0,0
knn,3,SR386_40X_HE_T353_01,0,0.0,0
knn,3,SR386_40X_HE_T357_01,0,0.0,0
knn,3,SR386_40X_HE_T362_01,0,0.0,0
knn,3,SR386_40X_HE_T363_01,1,0.3333333333333333,0
knn,3,SR386_40X_HE_T372_01,0,0.0,0
knn,3,SR386_40X_HE_T378_01,0,0.0,0
knn,3,SR386_40X_HE_T379_01,0,0.0,0
knn,3,SR386_40X_HE_T386_01,0,0.0,0
knn,3,SR386_40X_HE_T387_01,0,0.0,0
knn,3,SR386_40X_HE_T393_01,0,0.0,0
knn,3,SR386_40X_HE_T397_01,0,0.0,0
knn,3,SR386_40X_HE_T406_01,0,0.0,0
knn,3,SR386_40X_HE_T409_01,0,0.0,0
knn,3,SR386_40X_HE_T422_01,0,0.0,0
knn,3,SR386_40X_HE_T426_01,0,0.0,0
knn,3,SR386_40X_HE_T433_01,0,0.0,0
knn,3,SR386_40X_HE_T443_01,0,0.0,0
knn,3,SR386_40X_HE_T448_01,0,0.0,0
knn,3,SR386_40X_HE_T452_01,0,0.0,0
knn,3,SR386_40X_HE_T460_01,1,0.0,0
knn,3,SR386_40X_HE_T473_01,0,0.0,0
knn,3,SR386_40X_HE_T475_01,0,0.0,0
knn,3,SR386_40X_HE_T478_01,0,0.0,0
knn,3,SR386_40X_HE_T489_01,1,0.0,0
knn,3,SR386_40X_HE_T491_01,0,0.0,0
knn,3,SR386_40X_HE_T492_01,0,0.0,0
knn,3,SR386_40X_HE_T493_01,0,0.0,0
knn,3,SR386_40X_HE_T502_01,0,0.0,0
knn,3,SR386_40X_HE_T505_01,0,0.0,0
knn,3,SR386_40X_HE_T506_01,0,0.0,0
knn,3,SR386_40X_HE_T509_01,0,0.3333333333333333,0
knn,3,SR386_40X_HE_T516_01,0,0.0,0
knn,3,SR386_40X_HE_T518_01,0,0.0,0
knn,3,SR386_40X_HE_T519_01,0,0.0,0
knn,3,SR386_40X_HE_T521_01,0,0.0,0
knn,3,SR386_40X_HE_T526_01,0,0.0,0
knn,3,SR386_40X_HE_T533_01,0,0.0,0
knn,3,SR386_40X_HE_T543_01,0,0.0,0
knn,3,SR386_40X_HE_T544_01,0,0.0,0
knn,3,SR386_40X_HE_T556_01,1,0.0,0
knn,3,SR386_40X_HE_T560_01,0,0.0,0
knn,3,SR386_40X_HE_T563_01,0,0.0,0
knn,3,SR386_40X_HE_T568_01,0,0.0,0
knn,3,SR386_40X_HE_T571_01,0,0.0,0
knn,3,SR386_40X_HE_T572_01,0,0.0,0
knn,3,SR386_40X_HE_T573_01,0,0.3333333333333333,0
knn,3,SR386_40X_HE_T583_01,0,0.3333333333333333,0
knn,4,SR1482_40X_HE_T002_01,0,0.0,0
knn,4,SR1482_40X_HE_T003_01,0,0.0,0
knn,4,SR1482_40X_HE_T004_01,0,0.0,0
knn,4,SR1482_40X_HE_T004_02,0,0.0,0
knn,4,SR1482_40X_HE_T011_01,0,0.3333333333333333,0
knn,4,SR1482_40X_HE_T025_01,0,0.0,0
knn,4,SR1482_40X_HE_T025_02,0,0.0,0
knn,4,SR1482_40X_HE_T060_01,0,0.0,0
knn,4,SR1482_40X_HE_T062_01,0,0.6666666666666666,1
knn,4,SR1482_40X_HE_T062_02,0,0.3333333333333333,0
knn,4,SR1482_40X_HE_T064_01,0,0.0,0
knn,4,SR1482_40X_HE_T064_02,0,0.0,0
knn,4,SR1482_40X_HE_T071_01,0,0.0,0
knn,4,SR1482_40X_HE_T071_02,0,0.0,0
knn,4,SR1482_40X_HE_T074_01,0,0.0,0
knn,4,SR1482_40X_HE_T074_02,0,0.3333333333333333,0
knn,4,SR1482_40X_HE_T083_01,0,0.3333333333333333,0
knn,4,SR1482_40X_HE_T083_02,0,0.3333333333333333,0
knn,4,SR1482_40X_HE_T087_01,0,0.0,0
knn,4,SR1482_40X_HE_T097_01,1,0.3333333333333333,0
knn,4,SR1482_40X_HE_T097_02,1,0.3333333333333333,0
knn,4,SR1482_40X_HE_T108_01,0,0.0,0
knn,4,SR1482_40X_HE_T113_01,0,0.0,0
knn,4,SR1482_40X_HE_T113_02,0,0.0,0
knn,4,SR1482_40X_HE_T121_01,0,0.0,0
knn,4,SR1482_40X_HE_T122_01,0,0.0,0
knn,4,SR1482_40X_HE_T125_01,0,0.3333333333333333,0
knn,4,SR1482_40X_HE_T125_02,0,0.3333333333333333,0
knn,4,SR1482_40X_HE_T131_01,0,0.0,0
knn,4,SR1482_40X_HE_T131_02,0,0.3333333333333333,0
knn,4,SR1482_40X_HE_T132_01,0,0.0,0
knn,4,SR1482_40X_HE_T132_02,0,0.0,0
knn,4,SR1482_40X_HE_T143_01,0,0.0,0
knn,4,SR1482_40X_HE_T143_02,0,0.6666666666666666,1
knn,4,SR1482_40X_HE_T166_01,1,0.0,0
knn,4,SR1482_40X_HE_T169_01,0,0.3333333333333333,0
knn,4,SR1482_40X_HE_T176_01,1,0.6666666666666666,1
knn,4,SR1482_40X_HE_T176_02,1,0.0,0
knn,4,SR1482_40X_HE_T191_01,0,0.0,0
knn,4,SR1482_40X_HE_T194_01,0,0.6666666666666666,1
knn,4,SR1482_40X_HE_T218_01,0,0.0,0
knn,4,SR1482_40X_HE_T253_01,0,0.0,0
knn,4,SR1482_40X_HE_T290_01,0,0.0,0
knn,4,SR1482_40X_HE_T308_01,0,0.6666666666666666,1
knn,4,SR1482_40X_HE_T314_01,0,0.3333333333333333,0
knn,4,SR1482_40X_HE_T314_02,0,0.6666666666666666,1
knn,4,SR1482_40X_HE_T372_01,1,0.3333333333333333,0
knn,4,SR1482_40X_HE_T372_02,1,0.0,0
knn,4,SR1482_40X_HE_T408_01,0,0.0,0
knn,4,SR1482_40X_HE_T412_01,0,0.0,0
knn,4,SR1482_40X_HE_T425_01,0,0.0,0
knn,4,SR1482_40X_HE_T434_01,1,0.0,0
knn,4,SR386_40X_HE_T006_01,0,0.0,0
knn,4,SR386_40X_HE_T010_01,0,0.0,0
knn,4,SR386_40X_HE_T014_01,0,0.0,0
knn,4,SR386_40X_HE_T016_01,0,0.0,0
knn,4,SR386_40X_HE_T020_01,0,0.0,0
knn,4,SR386_40X_HE_T027_01,0,0.0,0
knn,4,SR386_40X_HE_T028_01,0,0.0,0
knn,4,SR386_40X_HE_T037_01,0,0.0,0
knn,4,SR386_40X_HE_T043_01,0,0.0,0
knn,4,SR386_40X_HE_T044_01,1,0.3333333333333333,0
knn,4,SR386_40X_HE_T046_01,0,0.0,0
knn,4,SR386_40X_HE_T058_01,0,0.0,0
knn,4,SR386_40X_HE_T062_01,0,0.0,0
knn,4,SR386_40X_HE_T065_01,1,0.0,0
knn,4,SR386_40X_HE_T080_01,0,0.0,0
knn,4,SR386_40X_HE_T091_01,0,0.0,0
knn,4,SR386_40X_HE_T094_01,0,0.0,0
knn,4,SR386_40X_HE_T097_01,0,0.0,0
knn,4,SR386_40X_HE_T100_01,0,0.0,0
knn,4,SR386_40X_HE_T107_01,0,0.0,0
knn,4,SR386_40X_HE_T109_01,1,0.0,0
knn,4,SR386_40X_HE_T110_01,0,0.0,0
knn,4,SR386_40X_HE_T117_01,0,0.0,0
knn,4,SR386_40X_HE_T127_01,0,0.0,0
knn,4,SR386_40X_HE_T129_01,0,0.0,0
knn,4,SR386_40X_HE_T136_01,0,0.0,0
knn,4,SR386_40X_HE_T154_01,0,0.0,0
knn,4,SR386_40X_HE_T168_01,1,0.3333333333333333,0
knn,4,SR386_40X_HE_T175_01,0,0.0,0
knn,4,SR386_40X_HE_T189_01,0,0.0,0
knn,4,SR386_40X_HE_T195_01,0,0.0,0
knn,4,SR386_40X_HE_T227_01,0,0.0,0
knn,4,SR386_40X_HE_T233_01,0,0.3333333333333333,0
knn,4,SR386_40X_HE_T234_01,0,0.0,0
knn,4,SR386_40X_HE_T235_01,0,0.0,0
knn,4,SR386_40X_HE_T239_01,0,0.0,0
knn,4,SR386_40X_HE_T245_01,0,0.0,0
knn,4,SR386_40X_HE_T256_01,0,0.0,0
knn,4,SR386_40X_HE_T265_01,0,0.0,0
knn,4,SR386_40X_HE_T268_01,0,0.0,0
knn,4,SR386_40X_HE_T270_01,0,0.3333333333333333,0
knn,4,SR386_40X_HE_T272_01,0,0.0,0
knn,4,SR386_40X_HE_T273_01,0,0.0,0
knn,4,SR386_40X_HE_T276_01,0,0.6666666666666666,1
knn,4,SR386_40X_HE_T278_01,1,0.3333333333333333,0
knn,4,SR386_40X_HE_T284_01,0,0.0,0
knn,4,SR386_40X_HE_T285_01,0,0.0,0
knn,4,SR386_40X_HE_T288_01,0,0.0,0
knn,4,SR386_40X_HE_T291_01,0,0.0,0
knn,4,SR386_40X_HE_T300_01,0,0.3333333333333333,0
knn,4,SR386_40X_HE_T302_01,0,0.0,0
knn,4,SR386_40X_HE_T305_01,0,0.0,0
knn,4,SR386_40X_HE_T308_01,0,0.0,0
knn,4,SR386_40X_HE_T325_01,0,0.0,0
knn,4,SR386_40X_HE_T331_01,0,0.3333333333333333,0
knn,4,SR386_40X_HE_T341_01,0,0.0,0
knn,4,SR386_40X_HE_T343_01,1,0.0,0
knn,4,SR386_40X_HE_T346_01,0,0.0,0
knn,4,SR386_40X_HE_T352_01,0,0.0,0
knn,4,SR386_40X_HE_T373_01,0,0.0,0
knn,4,SR386_40X_HE_T375_01,0,0.3333333333333333,0
knn,4,SR386_40X_HE_T381_01,0,0.0,0
knn,4,SR386_40X_HE_T389_01,0,0.0,0
knn,4,SR386_40X_HE_T391_01,0,0.0,0
knn,4,SR386_40X_HE_T394_01,0,0.0,0
knn,4,SR386_40X_HE_T399_01,0,0.0,0
knn,4,SR386_40X_HE_T403_01,0,0.0,0
knn,4,SR386_40X_HE_T405_01,0,0.3333333333333333,0
knn,4,SR386_40X_HE_T407_01,0,0.0,0
knn,4,SR386_40X_HE_T414_01,0,0.0,0
knn,4,SR386_40X_HE_T424_01,0,0.0,0
knn,4,SR386_40X_HE_T429_01,0,0.3333333333333333,0
knn,4,SR386_40X_HE_T441_01,0,0.0,0
knn,4,SR386_40X_HE_T451_01,0,0.0,0
knn,4,SR386_40X_HE_T453_01,0,0.0,0
knn,4,SR386_40X_HE_T455_01,0,0.0,0
knn,4,SR386_40X_HE_T465_01,0,0.0,0
knn,4,SR386_40X_HE_T474_01,0,0.0,0
knn,4,SR386_40X_HE_T476_01,0,0.6666666666666666,1
knn,4,SR386_40X_HE_T479_01,0,0.0,0
knn,4,SR386_40X_HE_T482_01,0,0.3333333333333333,0
knn,4,SR386_40X_HE_T487_01,0,0.0,0
knn,4,SR386_40X_HE_T490_01,0,0.0,0
knn,4,SR386_40X_HE_T494_01,0,0.0,0
knn,4,SR386_40X_HE_T500_01,0,0.0,0
knn,4,SR386_40X_HE_T510_01,0,0.0,0
knn,4,SR386_40X_HE_T524_01,0,0.0,0
knn,4,SR386_40X_HE_T528_01,0,0.3333333333333333,0
knn,4,SR386_40X_HE_T532_01,0,0.0,0
knn,4,SR386_40X_HE_T534_01,0,0.0,0
knn,4,SR386_40X_HE_T536_01,0,0.0,0
knn,4,SR386_40X_HE_T537_01,0,0.0,0
knn,4,SR386_40X_HE_T541_01,0,0.0,0
knn,4,SR386_40X_HE_T548_01,1,0.0,0
knn,4,SR386_40X_HE_T550_01,0,0.0,0
knn,4,SR386_40X_HE_T551_01,0,0.0,0
knn,4,SR386_40X_HE_T557_01,0,0.0,0
knn,4,SR386_40X_HE_T565_01,0,0.0,0
knn,4,SR386_40X_HE_T567_01,0,0.0,0
knn,4,SR386_40X_HE_T575_01,0,0.3333333333333333,0
knn,4,SR386_40X_HE_T576_01,0,0.0,0
knn,4,SR386_40X_HE_T581_01,0,0.0,0
proto,1,SR1482_40X_HE_T029_01,0,0.5047372579574585,1
proto,1,SR1482_40X_HE_T029_02,0,0.5050186514854431,1
proto,1,SR1482_40X_HE_T057_01,0,0.49682918190956116,0
proto,1,SR1482_40X_HE_T063_01,1,0.5141263008117676,1
proto,1,SR1482_40X_HE_T063_02,1,0.5147318243980408,1
proto,1,SR1482_40X_HE_T065_01,0,0.5042822957038879,1
proto,1,SR1482_40X_HE_T065_02,0,0.497948557138443,0
proto,1,SR1482_40X_HE_T066_01,0,0.5144773721694946,1
proto,1,SR1482_40X_HE_T066_02,0,0.5184565186500549,1
proto,1,SR1482_40X_HE_T068_01,0,0.49156317114830017,0
proto,1,SR1482_40X_HE_T069_01,0,0.5059847831726074,1
proto,1,SR1482_40X_HE_T069_02,0,0.5111400485038757,1
proto,1,SR1482_40X_HE_T079_01,1,0.5135363340377808,1
proto,1,SR1482_40X_HE_T079_02,1,0.5189494490623474,1
proto,1,SR1482_40X_HE_T080_01,0,0.5054365992546082,1
proto,1,SR1482_40X_HE_T080_02,0,0.507397472858429,1
proto,1,SR1482_40X_HE_T081_01,0,0.5083122253417969,1
proto,1,SR1482_40X_HE_T081_02,0,0.506137490272522,1
proto,1,SR1482_40X_HE_T099_01,0,0.49148252606391907,0
proto,1,SR1482_40X_HE_T116_01,0,0.5077847838401794,1
proto,1,SR1482_40X_HE_T117_01,0,0.5106688737869263,1
proto,1,SR1482_40X_HE_T117_02,0,0.5096313953399658,1
proto,1,SR1482_40X_HE_T126_01,0,0.5110985040664673,1
proto,1,SR1482_40X_HE_T129_01,0,0.5121670961380005,1
proto,1,SR1482_40X_HE_T129_02,0,0.5172081589698792,1
proto,1,SR1482_40X_HE_T139_01,0,0.5067158341407776,1
proto,1,SR1482_40X_HE_T139_02,0,0.5110040903091431,1
proto,1,SR1482_40X_HE_T147_01,0,0.5160790085792542,1
proto,1,SR1482_40X_HE_T147_02,0,0.518257737159729,1
proto,1,SR1482_40X_HE_T159_01,0,0.5149531364440918,1
proto,1,SR1482_40X_HE_T159_02,0,0.5136633515357971,1
proto,1,SR1482_40X_HE_T192_01,0,0.5120971202850342,1
proto,1,SR1482_40X_HE_T199_01,0,0.5026791095733643,1
proto,1,SR1482_40X_HE_T304_01,0,0.5023130178451538,1
proto,1,SR1482_40X_HE_T304_02,0,0.5040123462677002,1
proto,1,SR1482_40X_HE_T310_01,1,0.5091146230697632,1
proto,1,SR1482_40X_HE_T310_02,1,0.5125399231910706,1
proto,1,SR1482_40X_HE_T341_01,0,0.49803704023361206,0
proto,1,SR1482_40X_HE_T341_02,0,0.4994564652442932,0
proto,1,SR1482_40X_HE_T353_01,0,0.49522265791893005,0
proto,1,SR1482_40X_HE_T390_01,0,0.492678701877594,0
proto,1,SR1482_40X_HE_T433_01,1,0.515916645526886,1
proto,1,SR386_40X_HE_T003_01,0,0.48330068588256836,0
proto,1,SR386_40X_HE_T004_01,0,0.4893316328525543,0
proto,1,SR386_40X_HE_T022_01,1,0.4994499087333679,0
proto,1,SR386_40X_HE_T030_01,0,0.49836456775665283,0
proto,1,SR386_40X_HE_T033_01,0,0.48392578959465027,0
proto,1,SR386_40X_HE_T036_01,0,0.48334744572639465,0
proto,1,SR386_40X_HE_T038_01,0,0.48301973938941956,0
proto,1,SR386_40X_HE_T049_01,0,0.4808981120586395,0
proto,1,SR386_40X_HE_T050_01,0,0.5050207376480103,1
proto,1,SR386_40X_HE_T060_01,0,0.48934245109558105,0
proto,1,SR386_40X_HE_T063_01,0,0.4969305098056793,0
proto,1,SR386_40X_HE_T066_01,0,0.48511314392089844,0
proto,1,SR386_40X_HE_T069_01,0,0.48872387409210205,0
proto,1,SR386_40X_HE_T072_01,0,0.4882536232471466,0
proto,1,SR386_40X_HE_T074_01,0,0.47972866892814636,0
proto,1,SR386_40X_HE_T078_01,0,0.4857253134250641,0
proto,1,SR386_40X_HE_T079_01,0,0.4769131541252136,0
proto,1,SR386_40X_HE_T092_01,1,0.49170783162117004,0
proto,1,SR386_40X_HE_T096_01,0,0.47944745421409607,0
proto,1,SR386_40X_HE_T099_01,0,0.4988807141780853,0
proto,1,SR386_40X_HE_T103_01,0,0.49091699719429016,0
proto,1,SR386_40X_HE_T108_01,0,0.485689640045166,0
proto,1,SR386_40X_HE_T113_01,0,0.48713988065719604,0
proto,1,SR386_40X_HE_T114_01,0,0.4828993082046509,0
proto,1,SR386_40X_HE_T119_01,0,0.4841572642326355,0
proto,1,SR386_40X_HE_T126_01,0,0.48996445536613464,0
proto,1,SR386_40X_HE_T130_01,0,0.48106178641319275,0
proto,1,SR386_40X_HE_T131_01,0,0.48655715584754944,0
proto,1,SR386_40X_HE_T135_01,0,0.49690690636634827,0
proto,1,SR386_40X_HE_T140_01,0,0.4851321578025818,0
proto,1,SR386_40X_HE_T144_01,0,0.4962325990200043,0
proto,1,SR386_40X_HE_T147_01,0,0.4864598214626312,0
proto,1,SR386_40X_HE_T148_01,0,0.49023473262786865,0
proto,1,SR386_40X_HE_T160_01,0,0.4807451367378235,0
proto,1,SR386_40X_HE_T169_01,0,0.4892119765281677,0
proto,1,SR386_40X_HE_T170_01,1,0.4939834475517273,0
proto,1,SR386_40X_HE_T172_01,0,0.49028491973876953,0
proto,1,SR386_40X_HE_T174_01,0,0.4845285713672638,0
proto,1,SR386_40X_HE_T181_01,0,0.4827209413051605,0
proto,1,SR386_40X_HE_T196_01,0,0.49062302708625793,0
proto,1,SR386_40X_HE_T205_01,0,0.5057568550109863,1
proto,1,SR386_40X_HE_T209_01,0,0.4783267676830292,0
proto,1,SR386_40X_HE_T210_01,0,0.5026788711547852,1
proto,1,SR386_40X_HE_T212_01,0,0.48516646027565,0
proto,1,SR386_40X_HE_T221_01,0,0.48182591795921326,0
proto,1,SR386_40X_HE_T224_01,0,0.49518656730651855,0
proto,1,SR386_40X_HE_T231_01,1,0.5157139897346497,1
proto,1,SR386_40X_HE_T232_01,0,0.4875047206878662,0
proto,1,SR386_40X_HE_T247_01,0,0.4847705364227295,0
proto,1,SR386_40X_HE_T252_01,0,0.4861867427825928,0
proto,1,SR386_40X_HE_T255_01,0,0.4997609257698059,0
proto,1,SR386_40X_HE_T259_01,1,0.48917707800865173,0
proto,1,SR386_40X_HE_T274_01,0,0.4867102801799774,0
proto,1,SR386_40X_HE_T275_01,0,0.4962121248245239,0
proto,1,SR386_40X_HE_T282_01,0,0.48393306136131287,0
proto,1,SR386_40X_HE_T294_01,0,0.5040015578269958,1
proto,1,SR386_40X_HE_T311_01,0,0.4868920147418976,0
proto,1,SR386_40X_HE_T315_01,0,0.49067026376724243,0
proto,1,SR386_40X_HE_T319_01,1,0.4854106903076172,0
proto,1,SR386_40X_HE_T324_01,1,0.4947770833969116,0
proto,1,SR386_40X_HE_T330_01,0,0.48234638571739197,0
proto,1,SR386_40X_HE_T333_01,0,0.4868834614753723,0
proto,1,SR386_40X_HE_T335_01,0,0.4951319396495819,0
proto,1,SR386_40X_HE_T337_01,0,0.49276190996170044,0
proto,1,SR386_40X_HE_T344_01,0,0.4885336756706238,0
proto,1,SR386_40X_HE_T347_01,0,0.4830814003944397,0
proto,1,SR386_40X_HE_T350_01,0,0.48943302035331726,0
proto,1,SR386_40X_HE_T351_01,0,0.49886131286621094,0
proto,1,SR386_40X_HE_T360_01,0,0.4855126440525055,0
proto,1,SR386_40X_HE_T361_01,0,0.4986122250556946,0
proto,1,SR386_40X_HE_T366_01,0,0.4889138340950012,0
proto,1,SR386_40X_HE_T377_01,1,0.49675267934799194,0
proto,1,SR386_40X_HE_T384_01,0,0.48059484362602234,0
proto,1,SR386_40X_HE_T395_01,0,0.5007514953613281,1
proto,1,SR386_40X_HE_T396_01,0,0.48408016562461853,0
proto,1,SR386_40X_HE_T401_01,0,0.5008155107498169,1
proto,1,SR386_40X_HE_T408_01,0,0.4844071865081787,0
proto,1,SR386_40X_HE_T410_01,0,0.4949883222579956,0
proto,1,SR386_40X_HE_T413_01,0,0.4995321035385132,0
proto,1,SR386_40X_HE_T416_01,0,0.4985288977622986,0
proto,1,SR386_40X_HE_T418_01,0,0.4845382869243622,0
proto,1,SR386_40X_HE_T419_01,0,0.4927498400211334,0
proto,1,SR386_40X_HE_T421_01,0,0.5005067586898804,1
proto,1,SR386_40X_HE_T423_01,0,0.494143009185791,0
proto,1,SR386_40X_HE_T428_01,0,0.495943158864975,0
proto,1,SR386_40X_HE_T430_01,0,0.4841720163822174,0
proto,1,SR386_40X_HE_T431_01,0,0.4859295189380646,0
proto,1,SR386_40X_HE_T435_01,0,0.5013209581375122,1
proto,1,SR386_40X_HE_T438_01,0,0.4863375127315521,0
proto,1,SR386_40X_HE_T439_01,0,0.5058003664016724,1
proto,1,SR386_40X_HE_T447_01,0,0.4841821491718292,0
proto,1,SR386_40X_HE_T449_01,0,0.4876612722873688,0
proto,1,SR386_40X_HE_T454_01,0,0.4865194261074066,0
proto,1,SR386_40X_HE_T456_01,0,0.48661768436431885,0
proto,1,SR386_40X_HE_T461_01,0,0.49120259284973145,0
proto,1,SR386_40X_HE_T462_01,0,0.489670068025589,0
proto,1,SR386_40X_HE_T468_01,0,0.48753949999809265,0
proto,1,SR386_40X_HE_T469_01,1,0.5073528289794922,1
proto,1,SR386_40X_HE_T470_01,0,0.4901801645755768,0
proto,1,SR386_40X_HE_T471_01,0,0.4889800548553467,0
proto,1,SR386_40X_HE_T477_01,0,0.48987412452697754,0
proto,1,SR386_40X_HE_T480_01,0,0.4946133494377136,0
proto,1,SR386_40X_HE_T484_01,0,0.4835223853588104,0
proto,1,SR386_40X_HE_T495_01,0,0.4792853891849518,0
proto,1,SR386_40X_HE_T496_01,0,0.48291370272636414,0
proto,1,SR386_40X_HE_T498_01,0,0.5013132691383362,1
proto,1,SR386_40X_HE_T504_01,0,0.4892463982105255,0
proto,1,SR386_40X_HE_T511_01,0,0.4880387485027313,0
proto,1,SR386_40X_HE_T517_01,0,0.5009735822677612,1
proto,1,SR386_40X_HE_T523_01,0,0.48746180534362793,0
proto,1,SR386_40X_HE_T529_01,0,0.48309025168418884,0
proto,1,SR386_40X_HE_T542_01,0,0.48887643218040466,0
proto,1,SR386_40X_HE_T569_01,0,0.4960341453552246,0
proto,1,SR386_40X_HE_T582_01,0,0.48724815249443054,0
proto,2,SR1482_40X_HE_T009_01,0,0.4990939795970917,0
proto,2,SR1482_40X_HE_T009_02,0,0.49847903847694397,0
proto,2,SR1482_40X_HE_T015_01,0,0.5102968811988831,1
proto,2,SR1482_40X_HE_T021_01,0,0.4983077049255371,0
proto,2,SR1482_40X_HE_T067_01,0,0.49978572130203247,0
proto,2,SR1482_40X_HE_T075_01,0,0.5030664801597595,1
proto,2,SR1482_40X_HE_T075_02,0,0.5070379376411438,1
proto,2,SR1482_40X_HE_T098_01,0,0.5100882053375244,1
proto,2,SR1482_40X_HE_T098_02,0,0.501875638961792,1
proto,2,SR1482_40X_HE_T102_01,0,0.5128313302993774,1
proto,2,SR1482_40X_HE_T123_01,0,0.4999466836452484,0
proto,2,SR1482_40X_HE_T142_01,0,0.4933869540691376,0
proto,2,SR1482_40X_HE_T146_01,0,0.519967794418335,1
proto,2,SR1482_40X_HE_T148_01,0,0.5078712105751038,1
proto,2,SR1482_40X_HE_T148_02,0,0.5130982398986816,1
proto,2,SR1482_40X_HE_T154_01,0,0.4981616139411926,0
proto,2,SR1482_40X_HE_T158_01,0,0.4985221028327942,0
proto,2,SR1482_40X_HE_T161_01,0,0.5166119933128357,1
proto,2,SR1482_40X_HE_T161_02,0,0.5124387741088867,1
proto,2,SR1482_40X_HE_T164_01,1,0.5106887221336365,1
proto,2,SR1482_40X_HE_T164_02,1,0.5158901214599609,1
proto,2,SR1482_40X_HE_T168_01,0,0.4991837441921234,0
proto,2,SR1482_40X_HE_T171_01,0,0.5084227323532104,1
proto,2,SR1482_40X_HE_T171_02,0,0.5142163634300232,1
proto,2,SR1482_40X_HE_T178_01,1,0.5115939378738403,1
proto,2,SR1482_40X_HE_T186_01,0,0.5020209550857544,1
proto,2,SR1482_40X_HE_T193_01,0,0.5153159499168396,1
proto,2,SR1482_40X_HE_T193_02,0,0.5146865844726562,1
proto,2,SR1482_40X_HE_T209_01,0,0.5079162120819092,1
proto,2,SR1482_40X_HE_T209_02,0,0.5083217024803162,1
proto,2,SR1482_40X_HE_T245_01,0,0.5130276083946228,1
proto,2,SR1482_40X_HE_T245_02,0,0.5123257637023926,1
proto,2,SR1482_40X_HE_T265_01,0,0.49341943860054016,0
proto,2,SR1482_40X_HE_T302_01,0,0.512014627456665,1
proto,2,SR1482_40X_HE_T343_01,1,0.517105221748352,1
proto,2,SR1482_40X_HE_T343_02,1,0.5122840404510498,1
proto,2,SR1482_40X_HE_T399_01,0,0.5126227736473083,1
proto,2,SR1482_40X_HE_T399_02,0,0.5120676159858704,1
proto,2,SR1482_40X_HE_T426_01,0,0.5072872638702393,1
proto,2,SR1482_40X_HE_T426_02,0,0.5079923272132874,1
proto,2,SR386_40X_HE_T001_01,0,0.481101930141449,0
proto,2,SR386_40X_HE_T013_01,0,0.48635825514793396,0
proto,2,SR386_40X_HE_T018_01,0,0.482635498046875,0
proto,2,SR386_40X_HE_T019_01,0,0.48505282402038574,0
proto,2,SR386_40X_HE_T024_01,0,0.47685885429382324,0
proto,2,SR386_40X_HE_T039_01,0,0.47782090306282043,0
proto,2,SR386_40X_HE_T040_01,1,0.49168768525123596,0
proto,2,SR386_40X_HE_T042_01,0,0.4817732572555542,0
proto,2,SR386_40X_HE_T047_01,0,0.4833033084869385,0
proto,2,SR386_40X_HE_T051_01,0,0.47869962453842163,0
proto,2,SR386_40X_HE_T052_01,0,0.4814037084579468,0
proto,2,SR386_40X_HE_T056_01,0,0.47598719596862793,0
proto,2,SR386_40X_HE_T057_01,0,0.4785233736038208,0
proto,2,SR386_40X_HE_T070_01,0,0.4791436791419983,0
proto,2,SR386_40X_HE_T082_01,0,0.4946969449520111,0
proto,2,SR386_40X_HE_T084_01,0,0.5085964202880859,1
proto,2,SR386_40X_HE_T087_01,0,0.4882585406303406,0
proto,2,SR386_40X_HE_T088_01,0,0.4802870452404022,0
proto,2,SR386_40X_HE_T098_01,0,0.4841291904449463,0
proto,2,SR386_40X_HE_T105_01,0,0.47870269417762756,0
proto,2,SR386_40X_HE_T122_01,0,0.48763307929039,0
proto,2,SR386_40X_HE_T123_01,0,0.4915212094783783,0
proto,2,SR386_40X_HE_T133_01,0,0.48272666335105896,0
proto,2,SR386_40X_HE_T145_01,0,0.4841482937335968,0
proto,2,SR386_40X_HE_T150_01,0,0.49236199259757996,0
proto,2,SR386_40X_HE_T152_01,0,0.4883112609386444,0
proto,2,SR386_40X_HE_T155_01,0,0.479520708322525,0
proto,2,SR386_40X_HE_T157_01,0,0.4946110248565674,0
proto,2,SR386_40X_HE_T164_01,0,0.48169827461242676,0
proto,2,SR386_40X_HE_T166_01,0,0.49007877707481384,0
proto,2,SR386_40X_HE_T176_01,1,0.48450177907943726,0
proto,2,SR386_40X_HE_T177_01,0,0.4873020350933075,0
proto,2,SR386_40X_HE_T178_01,0,0.4826156497001648,0
proto,2,SR386_40X_HE_T187_01,0,0.48974648118019104,0
proto,2,SR386_40X_HE_T190_01,0,0.47883331775665283,0
proto,2,SR386_40X_HE_T192_01,0,0.4838113486766815,0
proto,2,SR386_40X_HE_T198_01,0,0.4914628863334656,0
proto,2,SR386_40X_HE_T200_01,0,0.4850492775440216,0
proto,2,SR386_40X_HE_T206_01,1,0.49413684010505676,0
proto,2,SR386_40X_HE_T211_01,0,0.49472862482070923,0
proto,2,SR386_40X_HE_T213_01,0,0.497616708278656,0
proto,2,SR386_40X_HE_T214_01,0,0.5063269138336182,1
proto,2,SR386_40X_HE_T220_01,0,0.49363115429878235,0
proto,2,SR386_40X_HE_T230_01,1,0.49603286385536194,0
proto,2,SR386_40X_HE_T236_01,0,0.48471203446388245,0
proto,2,SR386_40X_HE_T237_01,0,0.4915378987789154,0
proto,2,SR386_40X_HE_T240_01,0,0.4844534397125244,0
proto,2,SR386_40X_HE_T241_01,0,0.4839642345905304,0
proto,2,SR386_40X_HE_T242_01,0,0.4807746410369873,0
proto,2,SR386_40X_HE_T253_01,0,0.47977444529533386,0
proto,2,SR386_40X_HE_T260_01,0,0.508199155330658,1
proto,2,SR386_40X_HE_T262_01,0,0.5068932771682739,1
proto,2,SR386_40X_HE_T264_01,0,0.49718284606933594,0
proto,2,SR386_40X_HE_T271_01,0,0.4881683886051178,0
proto,2,SR386_40X_HE_T281_01,0,0.48528358340263367,0
proto,2,SR386_40X_HE_T297_01,0,0.4788978099822998,0
proto,2,SR386_40X_HE_T299_01,0,0.481780469417572,0
proto,2,SR386_40X_HE_T301_01,0,0.483501136302948,0
proto,2,SR386_40X_HE_T306_01,0,0.48372364044189453,0
proto,2,SR386_40X_HE_T309_01,0,0.48542529344558716,0
proto,2,SR386_40X_HE_T314_01,0,0.489562064409256,0
proto,2,SR386_40X_HE_T316_01,0,0.4968893229961395,0
proto,2,SR386_40X_HE_T318_01,0,0.5088596343994141,1
proto,2,SR386_40X_HE_T321_01,0,0.48720982670783997,0
proto,2,SR386_40X_HE_T326_01,0,0.4868493378162384,0
proto,2,SR386_40X_HE_T327_01,0,0.47499406337738037,0
proto,2,SR386_40X_HE_T332_01,1,0.4912388026714325,0
proto,2,SR386_40X_HE_T355_01,0,0.4837660491466522,0
proto,2,SR386_40X_HE_T364_01,0,0.4901275336742401,0
proto,2,SR386_40X_HE_T368_01,1,0.5006358623504639,1
proto,2,SR386_40X_HE_T374_01,0,0.4807295799255371,0
proto,2,SR386_40X_HE_T380_01,0,0.4775407314300537,0
proto,2,SR386_40X_HE_T382_01,0,0.4807579517364502,0
proto,2,SR386_40X_HE_T392_01,0,0.47628355026245117,0
proto,2,SR386_40X_HE_T398_01,0,0.49200716614723206,0
proto,2,SR386_40X_HE_T402_01,1,0.5111743211746216,1
proto,2,SR386_40X_HE_T404_01,0,0.4783641993999481,0
proto,2,SR386_40X_HE_T415_01,0,0.47899138927459717,0
proto,2,SR386_40X_HE_T417_01,0,0.4793219268321991,0
proto,2,SR386_40X_HE_T425_01,0,0.48616960644721985,0
proto,2,SR386_40X_HE_T436_01,1,0.4955069124698639,0
proto,2,SR386_40X_HE_T437_01,0,0.490934818983078,0
proto,2,SR386_40X_HE_T440_01,0,0.4951767325401306,0
proto,2,SR386_40X_HE_T445_01,0,0.47918078303337097,0
proto,2,SR386_40X_HE_T450_01,0,0.48241421580314636,0
proto,2,SR386_40X_HE_T459_01,0,0.5029584169387817,1
proto,2,SR386_40X_HE_T472_01,0,0.4809824526309967,0
proto,2,SR386_40X_HE_T481_01,0,0.4885104298591614,0
proto,2,SR386_40X_HE_T483_01,0,0.5032951235771179,1
proto,2,SR386_40X_HE_T486_01,0,0.4899497926235199,0
proto,2,SR386_40X_HE_T488_01,0,0.49661970138549805,0
proto,2,SR386_40X_HE_T499_01,0,0.5093726515769958,1
proto,2,SR386_40X_HE_T507_01,0,0.5062361359596252,1
proto,2,SR386_40X_HE_T514_01,0,0.480593204498291,0
proto,2,SR386_40X_HE_T520_01,1,0.4900505542755127,0
proto,2,SR386_40X_HE_T522_01,0,0.4885044991970062,0
proto,2,SR386_40X_HE_T531_01,0,0.4840484857559204,0
proto,2,SR386_40X_HE_T535_01,0,0.4813171923160553,0
proto,2,SR386_40X_HE_T539_01,0,0.48734724521636963,0
proto,2,SR386_40X_HE_T549_01,0,0.49415916204452515,0
proto,2,SR386_40X_HE_T552_01,0,0.485873281955719,0
proto,2,SR386_40X_HE_T553_01,0,0.48483356833457947,0
proto,2,SR386_40X_HE_T554_01,0,0.49419233202934265,0
proto,2,SR386_40X_HE_T558_01,0,0.4776267409324646,0
proto,2,SR386_40X_HE_T564_01,0,0.5026143193244934,1
proto,2,SR386_40X_HE_T570_01,0,0.4794235825538635,0
proto,2,SR386_40X_HE_T574_01,0,0.48124173283576965,0
proto,2,SR386_40X_HE_T578_01,0,0.47829896211624146,0
proto,2,SR386_40X_HE_T580_01,0,0.48599788546562195,0
proto,3,SR1482_40X_HE_T005_01,0,0.5136458873748779,1
proto,3,SR1482_40X_HE_T005_02,0,0.5130173563957214,1
proto,3,SR1482_40X_HE_T010_01,0,0.4958474040031433,0
proto,3,SR1482_40X_HE_T043_01,0,0.506710946559906,1
proto,3,SR1482_40X_HE_T043_02,0,0.506011426448822,1
proto,3,SR1482_40X_HE_T049_01,0,0.49749889969825745,0
proto,3,SR1482_40X_HE_T061_01,0,0.5218789577484131,1
proto,3,SR1482_40X_HE_T061_02,0,0.5216547250747681,1
proto,3,SR1482_40X_HE_T070_01,1,0.5126453042030334,1
proto,3,SR1482_40X_HE_T073_01,0,0.5028097629547119,1
proto,3,SR1482_40X_HE_T082_01,0,0.510354220867157,1
proto,3,SR1482_40X_HE_T082_02,0,0.517335832118988,1
proto,3,SR1482_40X_HE_T089_01,0,0.4939956068992615,0
proto,3,SR1482_40X_HE_T090_01,0,0.5009733438491821,1
proto,3,SR1482_40X_HE_T094_01,1,0.5138537883758545,1
proto,3,SR1482_40X_HE_T094_02,1,0.5163112282752991,1
proto,3,SR1482_40X_HE_T105_01,0,0.5024945139884949,1
proto,3,SR1482_40X_HE_T115_01,0,0.5056822299957275,1
proto,3,SR1482_40X_HE_T115_02,0,0.5002447962760925,1
proto,3,SR1482_40X_HE_T118_01,0,0.5159527659416199,1
proto,3,SR1482_40X_HE_T118_02,0,0.5124642252922058,1
proto,3,SR1482_40X_HE_T120_01,0,0.5109718441963196,1
proto,3,SR1482_40X_HE_T120_02,0,0.5108954310417175,1
proto,3,SR1482_40X_HE_T124_01,0,0.5165410041809082,1
proto,3,SR1482_40X_HE_T124_02,0,0.5161950588226318,1
proto,3,SR1482_40X_HE_T138_01,0,0.4935680031776428,0
proto,3,SR1482_40X_HE_T160_01,0,0.509270429611206,1
proto,3,SR1482_40X_HE_T160_02,0,0.5104817152023315,1
proto,3,SR1482_40X_HE_T167_01,0,0.5079739689826965,1
proto,3,SR1482_40X_HE_T167_02,0,0.5029922723770142,1
proto,3,SR1482_40X_HE_T175_01,0,0.5240204930305481,1
proto,3,SR1482_40X_HE_T175_02,0,0.5206078886985779,1
proto,3,SR1482_40X_HE_T177_01,1,0.5050670504570007,1
proto,3,SR1482_40X_HE_T188_01,0,0.5055078864097595,1
proto,3,SR1482_40X_HE_T195_01,0,0.5073694586753845,1
proto,3,SR1482_40X_HE_T195_02,0,0.5070777535438538,1
proto,3,SR1482_40X_HE_T202_01,0,0.5160759091377258,1
proto,3,SR1482_40X_HE_T202_02,0,0.5121262073516846,1
proto,3,SR1482_40X_HE_T225_01,0,0.5159525871276855,1
proto,3,SR1482_40X_HE_T225_02,0,0.5023941993713379,1
proto,3,SR1482_40X_HE_T235_01,0,0.508006751537323,1
proto,3,SR1482_40X_HE_T235_02,0,0.506743848323822,1
proto,3,SR1482_40X_HE_T236_01,0,0.5018216967582703,1
proto,3,SR1482_40X_HE_T236_02,0,0.49932965636253357,0
proto,3,SR1482_40X_HE_T258_01,0,0.5084681510925293,1
proto,3,SR1482_40X_HE_T258_02,0,0.5085973739624023,1
proto,3,SR1482_40X_HE_T284_01,1,0.5153087377548218,1
proto,3,SR1482_40X_HE_T284_02,1,0.5137071013450623,1
proto,3,SR1482_40X_HE_T301_01,1,0.5116174221038818,1
proto,3,SR1482_40X_HE_T301_02,1,0.511863648891449,1
proto,3,SR1482_40X_HE_T309_01,0,0.5123335123062134,1
proto,3,SR1482_40X_HE_T313_01,0,0.5123339295387268,1
proto,3,SR1482_40X_HE_T313_02,0,0.5141099691390991,1
proto,3,SR1482_40X_HE_T338_01,0,0.5190445184707642,1
proto,3,SR1482_40X_HE_T344_01,0,0.5061002969741821,1
proto,3,SR1482_40X_HE_T344_02,0,0.5132477283477783,1
proto,3,SR1482_40X_HE_T346_01,0,0.5131556391716003,1
proto,3,SR1482_40X_HE_T346_02,0,0.5129570960998535,1
proto,3,SR1482_40X_HE_T377_01,0,0.5125271081924438,1
proto,3,SR1482_40X_HE_T377_02,0,0.5130599141120911,1
proto,3,SR1482_40X_HE_T419_01,0,0.49715909361839294,0
proto,3,SR1482_40X_HE_T427_01,0,0.5063574314117432,1
proto,3,SR1482_40X_HE_T427_02,0,0.5091264247894287,1
proto,3,SR386_40X_HE_T007_01,0,0.4829341173171997,0
proto,3,SR386_40X_HE_T015_01,0,0.48284175992012024,0
proto,3,SR386_40X_HE_T017_01,1,0.4870200753211975,0
proto,3,SR386_40X_HE_T032_01,0,0.4754990339279175,0
proto,3,SR386_40X_HE_T034_01,0,0.47596412897109985,0
proto,3,SR386_40X_HE_T035_01,0,0.4793103337287903,0
proto,3,SR386_40X_HE_T041_01,0,0.48744314908981323,0
proto,3,SR386_40X_HE_T067_01,0,0.4802332818508148,0
proto,3,SR386_40X_HE_T075_01,0,0.47793227434158325,0
proto,3,SR386_40X_HE_T081_01,0,0.4985250234603882,0
proto,3,SR386_40X_HE_T083_01,0,0.4826740324497223,0
proto,3,SR386_40X_HE_T085_01,0,0.47512415051460266,0
proto,3,SR386_40X_HE_T095_01,0,0.4855717718601227,0
proto,3,SR386_40X_HE_T104_01,0,0.48441609740257263,0
proto,3,SR386_40X_HE_T106_01,0,0.4787886440753937,0
proto,3,SR386_40X_HE_T112_01,0,0.48117393255233765,0
proto,3,SR386_40X_HE_T128_01,0,0.4768005311489105,0
proto,3,SR386_40X_HE_T132_01,0,0.48068511486053467,0
proto,3,SR386_40X_HE_T138_01,0,0.4775494635105133,0
proto,3,SR386_40X_HE_T142_01,0,0.48647019267082214,0
proto,3,SR386_40X_HE_T149_01,0,0.48109957575798035,0
proto,3,SR386_40X_HE_T165_01,1,0.4777681231498718,0
proto,3,SR386_40X_HE_T179_01,0,0.4974357783794403,0
proto,3,SR386_40X_HE_T180_01,0,0.48665010929107666,0
proto,3,SR386_40X_HE_T182_01,0,0.48140838742256165,0
proto,3,SR386_40X_HE_T184_01,0,0.48311951756477356,0
proto,3,SR386_40X_HE_T188_01,0,0.49171358346939087,0
proto,3,SR386_40X_HE_T191_01,0,0.48471349477767944,0
proto,3,SR386_40X_HE_T197_01,0,0.47759050130844116,0
proto,3,SR386_40X_HE_T201_01,0,0.48165735602378845,0
proto,3,SR386_40X_HE_T202_01,0,0.48264777660369873,0
proto,3,SR386_40X_HE_T208_01,0,0.47836363315582275,0
proto,3,SR386_40X_HE_T216_01,1,0.4955568313598633,0
proto,3,SR386_40X_HE_T238_01,0,0.4807611107826233,0
proto,3,SR386_40X_HE_T244_01,0,0.4984099864959717,0
proto,3,SR386_40X_HE_T248_01,0,0.47738349437713623,0
proto,3,SR386_40X_HE_T249_01,0,0.47854289412498474,0
proto,3,SR386_40X_HE_T250_01,0,0.49392807483673096,0
proto,3,SR386_40X_HE_T263_01,0,0.49244868755340576,0
proto,3,SR386_40X_HE_T267_01,0,0.48873764276504517,0
proto,3,SR386_40X_HE_T269_01,0,0.4739747643470764,0
proto,3,SR386_40X_HE_T277_01,0,0.4849311411380768,0
proto,3,SR386_40X_HE_T286_01,0,0.5103021264076233,1
proto,3,SR386_40X_HE_T287_01,0,0.496340274810791,0
proto,3,SR386_40X_HE_T290_01,0,0.4898706376552582,0
proto,3,SR386_40X_HE_T293_01,0,0.4911860525608063,0
proto,3,SR386_40X_HE_T298_01,0,0.47852978110313416,0
proto,3,SR386_40X_HE_T303_01,0,0.473483681678772,0
proto,3,SR386_40X_HE_T312_01,0,0.49250528216362,0
proto,3,SR386_40X_HE_T329_01,0,0.4968699812889099,0
proto,3,SR386_40X_HE_T336_01,0,0.4819558560848236,0
proto,3,SR386_40X_HE_T338_01,0,0.4774487316608429,0
proto,3,SR386_40X_HE_T342_01,0,0.4873011112213135,0
proto,3,SR386_40X_HE_T353_01,0,0.49344944953918457,0
proto,3,SR386_40X_HE_T357_01,0,0.4780856966972351,0
proto,3,SR386_40X_HE_T362_01,0,0.497432678937912,0
proto,3,SR386_40X_HE_T363_01,1,0.4956315755844116,0
proto,3,SR386_40X_HE_T372_01,0,0.4905887544155121,0
proto,3,SR386_40X_HE_T378_01,0,0.47689780592918396,0
proto,3,SR386_40X_HE_T379_01,0,0.4832156002521515,0
proto,3,SR386_40X_HE_T386_01,0,0.47874918580055237,0
proto,3,SR386_40X_HE_T387_01,0,0.4989485442638397,0
proto,3,SR386_40X_HE_T393_01,0,0.48262062668800354,0
proto,3,SR386_40X_HE_T397_01,0,0.4953804314136505,0
proto,3,SR386_40X_HE_T406_01,0,0.49734893441200256,0
proto,3,SR386_40X_HE_T409_01,0,0.4861956834793091,0
proto,3,SR386_40X_HE_T422_01,0,0.4744641184806824,0
proto,3,SR386_40X_HE_T426_01,0,0.47697141766548157,0
proto,3,SR386_40X_HE_T433_01,0,0.47968342900276184,0
proto,3,SR386_40X_HE_T443_01,0,0.48463648557662964,0
proto,3,SR386_40X_HE_T448_01,0,0.48585420846939087,0
proto,3,SR386_40X_HE_T452_01,0,0.4917621612548828,0
proto,3,SR386_40X_HE_T460_01,1,0.48685067892074585,0
proto,3,SR386_40X_HE_T473_01,0,0.4827295243740082,0
proto,3,SR386_40X_HE_T475_01,0,0.48162001371383667,0
proto,3,SR386_40X_HE_T478_01,0,0.4857828617095947,0
proto,3,SR386_40X_HE_T489_01,1,0.48636922240257263,0
proto,3,SR386_40X_HE_T491_01,0,0.4934197962284088,0
proto,3,SR386_40X_HE_T492_01,0,0.4737364649772644,0
proto,3,SR386_40X_HE_T493_01,0,0.48179328441619873,0
proto,3,SR386_40X_HE_T502_01,0,0.4739575982093811,0
proto,3,SR386_40X_HE_T505_01,0,0.49653446674346924,0
proto,3,SR386_40X_HE_T506_01,0,0.4889877140522003,0
proto,3,SR386_40X_HE_T509_01,0,0.49730485677719116,0
proto,3,SR386_40X_HE_T516_01,0,0.48315176367759705,0
proto,3,SR386_40X_HE_T518_01,0,0.48926588892936707,0
proto,3,SR386_40X_HE_T519_01,0,0.4862571358680725,0
proto,3,SR386_40X_HE_T521_01,0,0.4752504825592041,0
proto,3,SR386_40X_HE_T526_01,0,0.48364365100860596,0
proto,3,SR386_40X_HE_T533_01,0,0.4839751124382019,0
proto,3,SR386_40X_HE_T543_01,0,0.4903242886066437,0
proto,3,SR386_40X_HE_T544_01,0,0.4861437678337097,0
proto,3,SR386_40X_HE_T556_01,1,0.4889143109321594,0
proto,3,SR386_40X_HE_T560_01,0,0.4947347640991211,0
proto,3,SR386_40X_HE_T563_01,0,0.4799514710903168,0
proto,3,SR386_40X_HE_T568_01,0,0.4848432242870331,0
proto,3,SR386_40X_HE_T571_01,0,0.4890718460083008,0
proto,3,SR386_40X_HE_T572_01,0,0.5022305846214294,1
proto,3,SR386_40X_HE_T573_01,0,0.4822985827922821,0
proto,3,SR386_40X_HE_T583_01,0,0.4745630621910095,0
proto,4,SR1482_40X_HE_T002_01,0,0.49506324529647827,0
proto,4,SR1482_40X_HE_T003_01,0,0.5049747228622437,1
proto,4,SR1482_40X_HE_T004_01,0,0.5076931715011597,1
proto,4,SR1482_40X_HE_T004_02,0,0.5108411908149719,1
proto,4,SR1482_40X_HE_T011_01,0,0.5047623515129089,1
proto,4,SR1482_40X_HE_T025_01,0,0.5017529129981995,1
proto,4,SR1482_40X_HE_T025_02,0,0.5030175447463989,1
proto,4,SR1482_40X_HE_T060_01,0,0.5138333439826965,1
proto,4,SR1482_40X_HE_T062_01,0,0.5170571208000183,1
proto,4,SR1482_40X_HE_T062_02,0,0.5140459537506104,1
proto,4,SR1482_40X_HE_T064_01,0,0.515197217464447,1
proto,4,SR1482_40X_HE_T064_02,0,0.5097580552101135,1
proto,4,SR1482_40X_HE_T071_01,0,0.5108201503753662,1
proto,4,SR1482_40X_HE_T071_02,0,0.5133375525474548,1
proto,4,SR1482_40X_HE_T074_01,0,0.49202650785446167,0
proto,4,SR1482_40X_HE_T074_02,0,0.49340853095054626,0
proto,4,SR1482_40X_HE_T083_01,0,0.5130869150161743,1
proto,4,SR1482_40X_HE_T083_02,0,0.5168189406394958,1
proto,4,SR1482_40X_HE_T087_01,0,0.5048263072967529,1
proto,4,SR1482_40X_HE_T097_01,1,0.5176218748092651,1
proto,4,SR1482_40X_HE_T097_02,1,0.5163154006004333,1
proto,4,SR1482_40X_HE_T108_01,0,0.49158138036727905,0
proto,4,SR1482_40X_HE_T113_01,0,0.5072621703147888,1
proto,4,SR1482_40X_HE_T113_02,0,0.5188712477684021,1
proto,4,SR1482_40X_HE_T121_01,0,0.49012961983680725,0
proto,4,SR1482_40X_HE_T122_01,0,0.4943917989730835,0
proto,4,SR1482_40X_HE_T125_01,0,0.5095921158790588,1
proto,4,SR1482_40X_HE_T125_02,0,0.5083205699920654,1
proto,4,SR1482_40X_HE_T131_01,0,0.5057803392410278,1
proto,4,SR1482_40X_HE_T131_02,0,0.5191141963005066,1
proto,4,SR1482_40X_HE_T132_01,0,0.5022696256637573,1
proto,4,SR1482_40X_HE_T132_02,0,0.5085463523864746,1
proto,4,SR1482_40X_HE_T143_01,0,0.5149129629135132,1
proto,4,SR1482_40X_HE_T143_02,0,0.5129943490028381,1
proto,4,SR1482_40X_HE_T166_01,1,0.4960939586162567,0
proto,4,SR1482_40X_HE_T169_01,0,0.5061504244804382,1
proto,4,SR1482_40X_HE_T176_01,1,0.5186534523963928,1
proto,4,SR1482_40X_HE_T176_02,1,0.5152553915977478,1
proto,4,SR1482_40X_HE_T191_01,0,0.5040024518966675,1
proto,4,SR1482_40X_HE_T194_01,0,0.522561252117157,1
proto,4,SR1482_40X_HE_T218_01,0,0.4953935742378235,0
proto,4,SR1482_40X_HE_T253_01,0,0.49213945865631104,0
proto,4,SR1482_40X_HE_T290_01,0,0.5132291316986084,1
proto,4,SR1482_40X_HE_T308_01,0,0.5128128528594971,1
proto,4,SR1482_40X_HE_T314_01,0,0.5196225643157959,1
proto,4,SR1482_40X_HE_T314_02,0,0.5247405171394348,1
proto,4,SR1482_40X_HE_T372_01,1,0.5118056535720825,1
proto,4,SR1482_40X_HE_T372_02,1,0.511310338973999,1
proto,4,SR1482_40X_HE_T408_01,0,0.4946005344390869,0
proto,4,SR1482_40X_HE_T412_01,0,0.5021622180938721,1
proto,4,SR1482_40X_HE_T425_01,0,0.4909343123435974,0
proto,4,SR1482_40X_HE_T434_01,1,0.5026541352272034,1
proto,4,SR386_40X_HE_T006_01,0,0.4737100303173065,0
proto,4,SR386_40X_HE_T010_01,0,0.4798067510128021,0
proto,4,SR386_40X_HE_T014_01,0,0.48199892044067383,0
proto,4,SR386_40X_HE_T016_01,0,0.47181451320648193,0
proto,4,SR386_40X_HE_T020_01,0,0.47378572821617126,0
proto,4,SR386_40X_HE_T027_01,0,0.5045605897903442,1
proto,4,SR386_40X_HE_T028_01,0,0.48808553814888,0
proto,4,SR386_40X_HE_T037_01,0,0.4868994355201721,0
proto,4,SR386_40X_HE_T043_01,0,0.4803920388221741,0
proto,4,SR386_40X_HE_T044_01,1,0.4833938777446747,0
proto,4,SR386_40X_HE_T046_01,0,0.48790425062179565,0
proto,4,SR386_40X_HE_T058_01,0,0.477327436208725,0
proto,4,SR386_40X_HE_T062_01,0,0.47633329033851624,0
proto,4,SR386_40X_HE_T065_01,1,0.47999057173728943,0
proto,4,SR386_40X_HE_T080_01,0,0.4779166281223297,0
proto,4,SR386_40X_HE_T091_01,0,0.47836896777153015,0
proto,4,SR386_40X_HE_T094_01,0,0.47246605157852173,0
proto,4,SR386_40X_HE_T097_01,0,0.48802775144577026,0
proto,4,SR386_40X_HE_T100_01,0,0.49149981141090393,0
proto,4,SR386_40X_HE_T107_01,0,0.48826318979263306,0
proto,4,SR386_40X_HE_T109_01,1,0.4888296127319336,0
proto,4,SR386_40X_HE_T110_01,0,0.4849957227706909,0
proto,4,SR386_40X_HE_T117_01,0,0.47802677750587463,0
proto,4,SR386_40X_HE_T127_01,0,0.48270106315612793,0
proto,4,SR386_40X_HE_T129_01,0,0.4790079593658447,0
proto,4,SR386_40X_HE_T136_01,0,0.47863978147506714,0
proto,4,SR386_40X_HE_T154_01,0,0.4789523780345917,0
proto,4,SR386_40X_HE_T168_01,1,0.4838528335094452,0
proto,4,SR386_40X_HE_T175_01,0,0.47492456436157227,0
proto,4,SR386_40X_HE_T189_01,0,0.4789217710494995,0
proto,4,SR386_40X_HE_T195_01,0,0.4720679223537445,0
proto,4,SR386_40X_HE_T227_01,0,0.4896351397037506,0
proto,4,SR386_40X_HE_T233_01,0,0.49577561020851135,0
proto,4,SR386_40X_HE_T234_01,0,0.48721593618392944,0
proto,4,SR386_40X_HE_T235_01,0,0.48154324293136597,0
proto,4,SR386_40X_HE_T239_01,0,0.4954131543636322,0
proto,4,SR386_40X_HE_T245_01,0,0.47783952951431274,0
proto,4,SR386_40X_HE_T256_01,0,0.48278191685676575,0
proto,4,SR386_40X_HE_T265_01,0,0.4798634648323059,0
proto,4,SR386_40X_HE_T268_01,0,0.5056817531585693,1
proto,4,SR386_40X_HE_T270_01,0,0.4865210950374603,0
proto,4,SR386_40X_HE_T272_01,0,0.5141552090644836,1
proto,4,SR386_40X_HE_T273_01,0,0.49171772599220276,0
proto,4,SR386_40X_HE_T276_01,0,0.48992642760276794,0
proto,4,SR386_40X_HE_T278_01,1,0.48889440298080444,0
proto,4,SR386_40X_HE_T284_01,0,0.48068487644195557,0
proto,4,SR386_40X_HE_T285_01,0,0.47558027505874634,0
proto,4,SR386_40X_HE_T288_01,0,0.4918689429759979,0
proto,4,SR386_40X_HE_T291_01,0,0.48381301760673523,0
proto,4,SR386_40X_HE_T300_01,0,0.48461639881134033,0
proto,4,SR386_40X_HE_T302_01,0,0.482026070356369,0
proto,4,SR386_40X_HE_T305_01,0,0.47619393467903137,0
proto,4,SR386_40X_HE_T308_01,0,0.4815082848072052,0
proto,4,SR386_40X_HE_T325_01,0,0.4850643277168274,0
proto,4,SR386_40X_HE_T331_01,0,0.4889059364795685,0
proto,4,SR386_40X_HE_T341_01,0,0.5047817230224609,1
proto,4,SR386_40X_HE_T343_01,1,0.48841357231140137,0
proto,4,SR386_40X_HE_T346_01,0,0.49878570437431335,0
proto,4,SR386_40X_HE_T352_01,0,0.4858280420303345,0
proto,4,SR386_40X_HE_T373_01,0,0.4958500862121582,0
proto,4,SR386_40X_HE_T375_01,0,0.48274216055870056,0
proto,4,SR386_40X_HE_T381_01,0,0.47965067625045776,0
proto,4,SR386_40X_HE_T389_01,0,0.5012548565864563,1
proto,4,SR386_40X_HE_T391_01,0,0.48122385144233704,0
proto,4,SR386_40X_HE_T394_01,0,0.47709470987319946,0
proto,4,SR386_40X_HE_T399_01,0,0.5083695650100708,1
proto,4,SR386_40X_HE_T403_01,0,0.48204049468040466,0
proto,4,SR386_40X_HE_T405_01,0,0.50328129529953,1
proto,4,SR386_40X_HE_T407_01,0,0.48488661646842957,0
proto,4,SR386_40X_HE_T414_01,0,0.48384687304496765,0
proto,4,SR386_40X_HE_T424_01,0,0.48907211422920227,0
proto,4,SR386_40X_HE_T429_01,0,0.5065841674804688,1
proto,4,SR386_40X_HE_T441_01,0,0.4961586594581604,0
proto,4,SR386_40X_HE_T451_01,0,0.48283055424690247,0
proto,4,SR386_40X_HE_T453_01,0,0.4765682518482208,0
proto,4,SR386_40X_HE_T455_01,0,0.48906683921813965,0
proto,4,SR386_40X_HE_T465_01,0,0.5035231709480286,1
proto,4,SR386_40X_HE_T474_01,0,0.4966771602630615,0
proto,4,SR386_40X_HE_T476_01,0,0.4941275119781494,0
proto,4,SR386_40X_HE_T479_01,0,0.49105602502822876,0
proto,4,SR386_40X_HE_T482_01,0,0.48452770709991455,0
proto,4,SR386_40X_HE_T487_01,0,0.4965256154537201,0
proto,4,SR386_40X_HE_T490_01,0,0.4842008054256439,0
proto,4,SR386_40X_HE_T494_01,0,0.4793870151042938,0
proto,4,SR386_40X_HE_T500_01,0,0.4739740490913391,0
proto,4,SR386_40X_HE_T510_01,0,0.48516327142715454,0
proto,4,SR386_40X_HE_T524_01,0,0.4849954843521118,0
proto,4,SR386_40X_HE_T528_01,0,0.5075526833534241,1
proto,4,SR386_40X_HE_T532_01,0,0.4825064539909363,0
proto,4,SR386_40X_HE_T534_01,0,0.5015375018119812,1
proto,4,SR386_40X_HE_T536_01,0,0.47581160068511963,0
proto,4,SR386_40X_HE_T537_01,0,0.5011671185493469,1
proto,4,SR386_40X_HE_T541_01,0,0.4825102686882019,0
proto,4,SR386_40X_HE_T548_01,1,0.5048516392707825,1
proto,4,SR386_40X_HE_T550_01,0,0.48923516273498535,0
proto,4,SR386_40X_HE_T551_01,0,0.47780781984329224,0
proto,4,SR386_40X_HE_T557_01,0,0.4931515157222748,0
proto,4,SR386_40X_HE_T565_01,0,0.4847621023654938,0
proto,4,SR386_40X_HE_T567_01,0,0.4874263405799866,0
proto,4,SR386_40X_HE_T575_01,0,0.4894660711288452,0
proto,4,SR386_40X_HE_T576_01,0,0.47972142696380615,0
proto,4,SR386_40X_HE_T581_01,0,0.4986600875854492,0
rf,1,SR1482_40X_HE_T029_01,0,0.12535395555611945,0
rf,1,SR1482_40X_HE_T029_02,0,0.14095139270044765,0
rf,1,SR1482_40X_HE_T057_01,0,0.04913603869249031,0
rf,1,SR1482_40X_HE_T063_01,1,0.23936896436896435,0
rf,1,SR1482_40X_HE_T063_02,1,0.2341964770097762,0
rf,1,SR1482_40X_HE_T065_01,0,0.15149760907096055,0
rf,1,SR1482_40X_HE_T065_02,0,0.06530637254901961,0
rf,1,SR1482_40X_HE_T066_01,0,0.242471606824548,0
rf,1,SR1482_40X_HE_T066_02,0,0.403357891271808,1
rf,1,SR1482_40X_HE_T068_01,0,0.03781818181818182,0
rf,1,SR1482_40X_HE_T069_01,0,0.06457184750733139,0
rf,1,SR1482_40X_HE_T069_02,0,0.07296969696969696,0
rf,1,SR1482_40X_HE_T079_01,1,0.26684390119684237,0
rf,1,SR1482_40X_HE_T079_02,1,0.35375366568914957,1
rf,1,SR1482_40X_HE_T080_01,0,0.1748577853858087,0
rf,1,SR1482_40X_HE_T080_02,0,0.144309529719906,0
rf,1,SR1482_40X_HE_T081_01,0,0.10256191315606465,0
rf,1,SR1482_40X_HE_T081_02,0,0.05244364422852876,0
rf,1,SR1482_40X_HE_T099_01,0,0.031022482893450637,0
rf,1,SR1482_40X_HE_T116_01,0,0.10515997885954725,0
rf,1,SR1482_40X_HE_T117_01,0,0.16112874082439296,0
rf,1,SR1482_40X_HE_T117_02,0,0.15925595238095236,0
rf,1,SR1482_40X_HE_T126_01,0,0.27310598685476994,0
rf,1,SR1482_40X_HE_T129_01,0,0.17525488553192536,0
rf,1,SR1482_40X_HE_T129_02,0,0.21917138412095247,0
rf,1,SR1482_40X_HE_T139_01,0,0.16594264069264067,0
rf,1,SR1482_40X_HE_T139_02,0,0.18320333558447158,0
rf,1,SR1482_40X_HE_T147_01,0,0.23396690582195073,0
rf,1,SR1482_40X_HE_T147_02,0,0.3378009933030971,1
rf,1,SR1482_40X_HE_T159_01,0,0.29550525315047366,0
rf,1,SR1482_40X_HE_T159_02,0,0.19243929983060415,0
rf,1,SR1482_40X_HE_T192_01,0,0.12257323901926687,0
rf,1,SR1482_40X_HE_T199_01,0,0.0970785899279906,0
rf,1,SR1482_40X_HE_T304_01,0,0.06485268623382229,0
rf,1,SR1482_40X_HE_T304_02,0,0.08810959867621859,0
rf,1,SR1482_40X_HE_T310_01,1,0.1553085050645251,0
rf,1,SR1482_40X_HE_T310_02,1,0.1139554412844339,0
rf,1,SR1482_40X_HE_T341_01,0,0.015935483870967743,0
rf,1,SR1482_40X_HE_T341_02,0,0.032,0
rf,1,SR1482_40X_HE_T353_01,0,0.05138137131685519,0
rf,1,SR1482_40X_HE_T390_01,0,0.08249518361261084,0
rf,1,SR1482_40X_HE_T433_01,1,0.2509734377940899,0
rf,1,SR386_40X_HE_T003_01,0,0.017904761904761906,0
rf,1,SR386_40X_HE_T004_01,0,0.12035106828655213,0
rf,1,SR386_40X_HE_T022_01,1,0.31346795140343525,1
rf,1,SR386_40X_HE_T030_01,0,0.12485640374693274,0
rf,1,SR386_40X_HE_T033_01,0,0.049009723356971936,0
rf,1,SR386_40X_HE_T036_01,0,0.015231643356643357,0
rf,1,SR386_40X_HE_T038_01,0,0.07433375226923612,0
rf,1,SR386_40X_HE_T049_01,0,0.006,0
rf,1,SR386_40X_HE_T050_01,0,0.11051935290048892,0
rf,1,SR386_40X_HE_T060_01,0,0.07536796536796539,0
rf,1,SR386_40X_HE_T063_01,0,0.3306291235646074,1
rf,1,SR386_40X_HE_T066_01,0,0.09354566667326218,0
rf,1,SR386_40X_HE_T069_01,0,0.11468749569754795,0
rf,1,SR386_40X_HE_T072_01,0,0.118648692770644,0
rf,1,SR386_40X_HE_T074_01,0,0.033061109622085236,0
rf,1,SR386_40X_HE_T078_01,0,0.05653601847991183,0
rf,1,SR386_40X_HE_T079_01,0,0.005818181818181819,0
rf,1,SR386_40X_HE_T092_01,1,0.0949004329004329,0
rf,1,SR386_40X_HE_T096_01,0,0.013904761904761906,0
rf,1,SR386_40X_HE_T099_01,0,0.07780952380952381,0
rf,1,SR386_40X_HE_T103_01,0,0.0781775308025308,0
rf,1,SR386_40X_HE_T108_01,0,0.06331106799704361,0
rf,1,SR386_40X_HE_T113_01,0,0.05148308613062712,0
rf,1,SR386_40X_HE_T114_01,0,0.025875,0
rf,1,SR386_40X_HE_T119_01,0,0.05514489540152319,0
rf,1,SR386_40X_HE_T126_01,0,0.09260412900780604,0
rf,1,SR386_40X_HE_T130_01,0,0.009666666666666667,0
rf,1,SR386_40X_HE_T131_01,0,0.035154761904761904,0
rf,1,SR386_40X_HE_T135_01,0,0.174061005408254,0
rf,1,SR386_40X_HE_T140_01,0,0.030967032967032966,0
rf,1,SR386_40X_HE_T144_01,0,0.10570194101291662,0
rf,1,SR386_40X_HE_T147_01,0,0.047595157530641405,0
rf,1,SR386_40X_HE_T148_01,0,0.14733405483405482,0
rf,1,SR386_40X_HE_T160_01,0,0.03363636363636364,0
rf,1,SR386_40X_HE_T169_01,0,0.06576510446075665,0
rf,1,SR386_40X_HE_T170_01,1,0.2623130216301332,0
rf,1,SR386_40X_HE_T172_01,0,0.29108475127023514,0
rf,1,SR386_40X_HE_T174_01,0,0.04590476190476191,0
rf,1,SR386_40X_HE_T181_01,0,0.006,0
rf,1,SR386_40X_HE_T196_01,0,0.10963636363636363,0
rf,1,SR386_40X_HE_T205_01,0,0.263330547141031,0
rf,1,SR386_40X_HE_T209_01,0,0.009818181818181818,0
rf,1,SR386_40X_HE_T210_01,0,0.14754599835648222,0
rf,1,SR386_40X_HE_T212_01,0,0.042,0
rf,1,SR386_40X_HE_T221_01,0,0.02984024577572965,0
rf,1,SR386_40X_HE_T224_01,0,0.10814423614020388,0
rf,1,SR386_40X_HE_T231_01,1,0.35438459137320616,1
rf,1,SR386_40X_HE_T232_01,0,0.046985883681535855,0
rf,1,SR386_40X_HE_T247_01,0,0.06595121951219513,0
rf,1,SR386_40X_HE_T252_01,0,0.034993006993006996,0
rf,1,SR386_40X_HE_T255_01,0,0.09962692012288786,0
rf,1,SR386_40X_HE_T259_01,1,0.12701869501466273,0
rf,1,SR386_40X_HE_T274_01,0,0.050576273636757506,0
rf,1,SR386_40X_HE_T275_01,0,0.13640434887924127,0
rf,1,SR386_40X_HE_T282_01,0,0.011818181818181818,0
rf,1,SR386_40X_HE_T294_01,0,0.2830293187958064,0
rf,1,SR386_40X_HE_T311_01,0,0.049753665689149566,0
rf,1,SR386_40X_HE_T315_01,0,0.0745939114648792,0
rf,1,SR386_40X_HE_T319_01,1,0.06954112554112556,0
rf,1,SR386_40X_HE_T324_01,1,0.09445188145188145,0
rf,1,SR386_40X_HE_T330_01,0,0.010913419913419913,0
rf,1,SR386_40X_HE_T333_01,0,0.07944322344322344,0
rf,1,SR386_40X_HE_T335_01,0,0.03136405529953917,0
rf,1,SR386_40X_HE_T337_01,0,0.10838261738261738,0
rf,1,SR386_40X_HE_T344_01,0,0.05350691244239631,0
rf,1,SR386_40X_HE_T347_01,0,0.016,0
rf,1,SR386_40X_HE_T350_01,0,0.03726406926406926,0
rf,1,SR386_40X_HE_T351_01,0,0.04502572964669739,0
rf,1,SR386_40X_HE_T360_01,0,0.019579376210512256,0
rf,1,SR386_40X_HE_T361_01,0,0.06493357487922705,0
rf,1,SR386_40X_HE_T366_01,0,0.0639293040604401,0
rf,1,SR386_40X_HE_T377_01,1,0.1650763135042246,0
rf,1,SR386_40X_HE_T384_01,0,0.01566666666666667,0
rf,1,SR386_40X_HE_T395_01,0,0.10087560116048566,0
rf,1,SR386_40X_HE_T396_01,0,0.05917748917748918,0
rf,1,SR386_40X_HE_T401_01,0,0.19603858420200923,0
rf,1,SR386_40X_HE_T408_01,0,0.03338961038961039,0
rf,1,SR386_40X_HE_T410_01,0,0.11980992881998104,0
rf,1,SR386_40X_HE_T413_01,0,0.08883111003608611,0
rf,1,SR386_40X_HE_T416_01,0,0.0392617785184063,0
rf,1,SR386_40X_HE_T418_01,0,0.014,0
rf,1,SR386_40X_HE_T419_01,0,0.07803063872324212,0
rf,1,SR386_40X_HE_T421_01,0,0.07164036907231243,0
rf,1,SR386_40X_HE_T423_01,0,0.03795484357630306,0
rf,1,SR386_40X_HE_T428_01,0,0.09042803030303032,0
rf,1,SR386_40X_HE_T430_01,0,0.045294372294372304,0
rf,1,SR386_40X_HE_T431_01,0,0.07297719353816914,0
rf,1,SR386_40X_HE_T435_01,0,0.1852931986199868,0
rf,1,SR386_40X_HE_T438_01,0,0.07326140526140526,0
rf,1,SR386_40X_HE_T439_01,0,0.09785100281184303,0
rf,1,SR386_40X_HE_T447_01,0,0.02649909230554392,0
rf,1,SR386_40X_HE_T449_01,0,0.03767461430575035,0
rf,1,SR386_40X_HE_T454_01,0,0.04165842759391146,0
rf,1,SR386_40X_HE_T456_01,0,0.053191197691197685,0
rf,1,SR386_40X_HE_T461_01,0,0.1472077922077922,0
rf,1,SR386_40X_HE_T462_01,0,0.051143276078759944,0
rf,1,SR386_40X_HE_T468_01,0,0.07291429673190013,0
rf,1,SR386_40X_HE_T469_01,1,0.09391301440494991,0
rf,1,SR386_40X_HE_T470_01,0,0.11653342759391147,0
rf,1,SR386_40X_HE_T471_01,0,0.10363636363636362,0
rf,1,SR386_40X_HE_T477_01,0,0.09442420348468734,0
rf,1,SR386_40X_HE_T480_01,0,0.14939499926596703,0
rf,1,SR386_40X_HE_T484_01,0,0.03050815850815851,0
rf,1,SR386_40X_HE_T495_01,0,0.009571428571428573,0
rf,1,SR386_40X_HE_T496_01,0,0.026,0
rf,1,SR386_40X_HE_T498_01,0,0.2643657203012042,0
rf,1,SR386_40X_HE_T504_01,0,0.04758758314855876,0
rf,1,SR386_40X_HE_T511_01,0,0.04096969696969697,0
rf,1,SR386_40X_HE_T517_01,0,0.22361552056327652,0
rf,1,SR386_40X_HE_T523_01,0,0.07172294372294373,0
rf,1,SR386_40X_HE_T529_01,0,0.03491666666666667,0
rf,1,SR386_40X_HE_T542_01,0,0.035266494323929407,0
rf,1,SR386_40X_HE_T569_01,0,0.16102997946192282,0
rf,1,SR386_40X_HE_T582_01,0,0.031557312252964424,0
rf,2,SR1482_40X_HE_T009_01,0,0.07944795783926219,0
rf,2,SR1482_40X_HE_T009_02,0,0.051857678553330726,0
rf,2,SR1482_40X_HE_T015_01,0,0.10056145789694176,0
rf,2,SR1482_40X_HE_T021_01,0,0.06664037139331258,0
rf,2,SR1482_40X_HE_T067_01,0,0.09955886049434434,0
rf,2,SR1482_40X_HE_T075_01,0,0.058530222465706334,0
rf,2,SR1482_40X_HE_T075_02,0,0.11884469696969696,0
rf,2,SR1482_40X_HE_T098_01,0,0.08655728011825572,0
rf,2,SR1482_40X_HE_T098_02,0,0.03308679764374099,0
rf,2,SR1482_40X_HE_T102_01,0,0.18012895838155388,0
rf,2,SR1482_40X_HE_T123_01,0,0.08167643939035618,0
rf,2,SR1482_40X_HE_T142_01,0,0.028219694031458735,0
rf,2,SR1482_40X_HE_T146_01,0,0.313708696469007,1
rf,2,SR1482_40X_HE_T148_01,0,0.09287159349305299,0
rf,2,SR1482_40X_HE_T148_02,0,0.22285168454733667,0
rf,2,SR1482_40X_HE_T154_01,0,0.05381332833832834,0
rf,2,SR1482_40X_HE_T158_01,0,0.07011311621030292,0
rf,2,SR1482_40X_HE_T161_01,0,0.17006837033933805,0
rf,2,SR1482_40X_HE_T161_02,0,0.1789917609272448,0
rf,2,SR1482_40X_HE_T164_01,1,0.12854057946014055,0
rf,2,SR1482_40X_HE_T164_02,1,0.24549867336964112,0
rf,2,SR1482_40X_HE_T168_01,0,0.07862546056094444,0
rf,2,SR1482_40X_HE_T171_01,0,0.19770488520134466,0
rf,2,SR1482_40X_HE_T171_02,0,0.2696444013303769,0
rf,2,SR1482_40X_HE_T178_01,1,0.19496969696969696,0
rf,2,SR1482_40X_HE_T186_01,0,0.10381262477360038,0
rf,2,SR1482_40X_HE_T193_01,0,0.14268282124379683,0
rf,2,SR1482_40X_HE_T193_02,0,0.14935064935064932,0
rf,2,SR1482_40X_HE_T209_01,0,0.16576940133037693,0
rf,2,SR1482_40X_HE_T209_02,0,0.20185132746875464,0
rf,2,SR1482_40X_HE_T245_01,0,0.15467484624973707,0
rf,2,SR1482_40X_HE_T245_02,0,0.13536867078209583,0
rf,2,SR1482_40X_HE_T265_01,0,0.08658286119549269,0
rf,2,SR1482_40X_HE_T302_01,0,0.14364036907231242,0
rf,2,SR1482_40X_HE_T343_01,1,0.1588339740419989,0
rf,2,SR1482_40X_HE_T343_02,1,0.08880573593073592,0
rf,2,SR1482_40X_HE_T399_01,0,0.09757142857142859,0
rf,2,SR1482_40X_HE_T399_02,0,0.11429355344109442,0
rf,2,SR1482_40X_HE_T426_01,0,0.0846180486180486,0
rf,2,SR1482_40X_HE_T426_02,0,0.0937699370265648,0
rf,2,SR386_40X_HE_T001_01,0,0.07682556111398617,0
rf,2,SR386_40X_HE_T013_01,0,0.06668295861844248,0
rf,2,SR386_40X_HE_T018_01,0,0.09329209458051961,0
rf,2,SR386_40X_HE_T019_01,0,0.053204545454545456,0
rf,2,SR386_40X_HE_T024_01,0,0.0,0
rf,2,SR386_40X_HE_T039_01,0,0.013405797101449275,0
rf,2,SR386_40X_HE_T040_01,1,0.21009329279899716,0
rf,2,SR386_40X_HE_T042_01,0,0.10141889207099587,0
rf,2,SR386_40X_HE_T047_01,0,0.03169318181818182,0
rf,2,SR386_40X_HE_T051_01,0,0.023151515151515152,0
rf,2,SR386_40X_HE_T052_01,0,0.02712479862125811,0
rf,2,SR386_40X_HE_T056_01,0,0.031636363636363636,0
rf,2,SR386_40X_HE_T057_01,0,0.01966666666666667,0
rf,2,SR386_40X_HE_T070_01,0,0.02886140526140526,0
rf,2,SR386_40X_HE_T082_01,0,0.16464232007095836,0
rf,2,SR386_40X_HE_T084_01,0,0.08439617269195068,0
rf,2,SR386_40X_HE_T087_01,0,0.19060600263756647,0
rf,2,SR386_40X_HE_T088_01,0,0.059189314750290364,0
rf,2,SR386_40X_HE_T098_01,0,0.17537245866088372,0
rf,2,SR386_40X_HE_T105_01,0,0.01915901171998733,0
rf,2,SR386_40X_HE_T122_01,0,0.03981818181818182,0
rf,2,SR386_40X_HE_T123_01,0,0.10460864995451011,0
rf,2,SR386_40X_HE_T133_01,0,0.06527507002801121,0
rf,2,SR386_40X_HE_T145_01,0,0.04898854734988044,0
rf,2,SR386_40X_HE_T150_01,0,0.1443105268715025,0
rf,2,SR386_40X_HE_T152_01,0,0.16842900426581642,0
rf,2,SR386_40X_HE_T155_01,0,0.043571428571428567,0
rf,2,SR386_40X_HE_T157_01,0,0.10694484729375622,0
rf,2,SR386_40X_HE_T164_01,0,0.023886703383162868,0
rf,2,SR386_40X_HE_T166_01,0,0.07396867290415678,0
rf,2,SR386_40X_HE_T176_01,1,0.15805393511260274,0
rf,2,SR386_40X_HE_T177_01,0,0.03910989010989011,0
rf,2,SR386_40X_HE_T178_01,0,0.05662546056094443,0
rf,2,SR386_40X_HE_T187_01,0,0.0739047619047619,0
rf,2,SR386_40X_HE_T190_01,0,0.02153846153846154,0
rf,2,SR386_40X_HE_T192_01,0,0.023541125541125543,0
rf,2,SR386_40X_HE_T198_01,0,0.10272316128010463,0
rf,2,SR386_40X_HE_T200_01,0,0.09831419118515894,0
rf,2,SR386_40X_HE_T206_01,1,0.05135930735930737,0
rf,2,SR386_40X_HE_T211_01,0,0.07342782892428841,0
rf,2,SR386_40X_HE_T213_01,0,0.0582947912302751,0
rf,2,SR386_40X_HE_T214_01,0,0.15185598141695703,0
rf,2,SR386_40X_HE_T220_01,0,0.1508965228320067,0
rf,2,SR386_40X_HE_T230_01,1,0.14670426519895416,0
rf,2,SR386_40X_HE_T236_01,0,0.030645786667120332,0
rf,2,SR386_40X_HE_T237_01,0,0.06433759573759573,0
rf,2,SR386_40X_HE_T240_01,0,0.04903950120262735,0
rf,2,SR386_40X_HE_T241_01,0,0.06584024577572964,0
rf,2,SR386_40X_HE_T242_01,0,0.039303030303030305,0
rf,2,SR386_40X_HE_T253_01,0,0.03433776002618507,0
rf,2,SR386_40X_HE_T260_01,0,0.1315798852013447,0
rf,2,SR386_40X_HE_T262_01,0,0.1433250942605781,0
rf,2,SR386_40X_HE_T264_01,0,0.07142376763021924,0
rf,2,SR386_40X_HE_T271_01,0,0.05494422650520211,0
rf,2,SR386_40X_HE_T281_01,0,0.052936562068189856,0
rf,2,SR386_40X_HE_T297_01,0,0.009238095238095238,0
rf,2,SR386_40X_HE_T299_01,0,0.024128740824393,0
rf,2,SR386_40X_HE_T301_01,0,0.0156,0
rf,2,SR386_40X_HE_T306_01,0,0.011666666666666667,0
rf,2,SR386_40X_HE_T309_01,0,0.05697114522581069,0
rf,2,SR386_40X_HE_T314_01,0,0.20374697501951602,0
rf,2,SR386_40X_HE_T316_01,0,0.07922960151802658,0
rf,2,SR386_40X_HE_T318_01,0,0.18852532563894045,0
rf,2,SR386_40X_HE_T321_01,0,0.07120009426057813,0
rf,2,SR386_40X_HE_T326_01,0,0.12966666666666665,0
rf,2,SR386_40X_HE_T327_01,0,0.012,0
rf,2,SR386_40X_HE_T332_01,1,0.11819185518782292,0
rf,2,SR386_40X_HE_T355_01,0,0.021967213114754098,0
rf,2,SR386_40X_HE_T364_01,0,0.08291332955469577,0
rf,2,SR386_40X_HE_T368_01,1,0.11149346755395143,0
rf,2,SR386_40X_HE_T374_01,0,0.04905627705627706,0
rf,2,SR386_40X_HE_T380_01,0,0.01196078431372549,0
rf,2,SR386_40X_HE_T382_01,0,0.03755731225296442,0
rf,2,SR386_40X_HE_T392_01,0,0.032730891362027406,0
rf,2,SR386_40X_HE_T398_01,0,0.06331805557468337,0
rf,2,SR386_40X_HE_T402_01,1,0.11823484848484848,0
rf,2,SR386_40X_HE_T404_01,0,0.02910989010989011,0
rf,2,SR386_40X_HE_T415_01,0,0.01981818181818182,0
rf,2,SR386_40X_HE_T417_01,0,0.007865546218487396,0
rf,2,SR386_40X_HE_T425_01,0,0.0613896103896104,0
rf,2,SR386_40X_HE_T436_01,1,0.06361173600757794,0
rf,2,SR386_40X_HE_T437_01,0,0.10420215053763443,0
rf,2,SR386_40X_HE_T440_01,0,0.14377463712757826,0
rf,2,SR386_40X_HE_T445_01,0,0.04381818181818182,0
rf,2,SR386_40X_HE_T450_01,0,0.06769991474850809,0
rf,2,SR386_40X_HE_T459_01,0,0.0718764762119601,0
rf,2,SR386_40X_HE_T472_01,0,0.0296,0
rf,2,SR386_40X_HE_T481_01,0,0.11935930735930735,0
rf,2,SR386_40X_HE_T483_01,0,0.10527255802869408,0
rf,2,SR386_40X_HE_T486_01,0,0.1528964346335991,0
rf,2,SR386_40X_HE_T488_01,0,0.10375241204083709,0
rf,2,SR386_40X_HE_T499_01,0,0.12298472224135003,0
rf,2,SR386_40X_HE_T507_01,0,0.15296120324962828,0
rf,2,SR386_40X_HE_T514_01,0,0.033658427593911466,0
rf,2,SR386_40X_HE_T520_01,1,0.11303350272915488,0
rf,2,SR386_40X_HE_T522_01,0,0.07431097794211398,0
rf,2,SR386_40X_HE_T531_01,0,0.02600366568914956,0
rf,2,SR386_40X_HE_T535_01,0,0.017317427670368847,0
rf,2,SR386_40X_HE_T539_01,0,0.060180552504395725,0
rf,2,SR386_40X_HE_T549_01,0,0.035875,0
rf,2,SR386_40X_HE_T552_01,0,0.058,0
rf,2,SR386_40X_HE_T553_01,0,0.09057937621051225,0
rf,2,SR386_40X_HE_T554_01,0,0.13953884153480925,0
rf,2,SR386_40X_HE_T558_01,0,0.015840245775729647,0
rf,2,SR386_40X_HE_T564_01,0,0.10661756261048155,0
rf,2,SR386_40X_HE_T570_01,0,0.08978539493293591,0
rf,2,SR386_40X_HE_T574_01,0,0.048366304901189434,0
rf,2,SR386_40X_HE_T578_01,0,0.015935483870967743,0
rf,2,SR386_40X_HE_T580_01,0,0.038,0
rf,3,SR1482_40X_HE_T005_01,0,0.18125557554400057,0
rf,3,SR1482_40X_HE_T005_02,0,0.1498551385897075,0
rf,3,SR1482_40X_HE_T010_01,0,0.05350733137829912,0
rf,3,SR1482_40X_HE_T043_01,0,0.11249812197606315,0
rf,3,SR1482_40X_HE_T043_02,0,0.08108842523596621,0
rf,3,SR1482_40X_HE_T049_01,0,0.05818212036455546,0
rf,3,SR1482_40X_HE_T061_01,0,0.25929673882642246,0
rf,3,SR1482_40X_HE_T061_02,0,0.25726602832651213,0
rf,3,SR1482_40X_HE_T070_01,1,0.10358974358974359,0
rf,3,SR1482_40X_HE_T073_01,0,0.10443173761722149,0
rf,3,SR1482_40X_HE_T082_01,0,0.16409949522708114,0
rf,3,SR1482_40X_HE_T082_02,0,0.2339515615293759,0
rf,3,SR1482_40X_HE_T089_01,0,0.0639456744236156,0
rf,3,SR1482_40X_HE_T090_01,0,0.07962770562770563,0
rf,3,SR1482_40X_HE_T094_01,1,0.11487272727272725,0
rf,3,SR1482_40X_HE_T094_02,1,0.19281283422459894,0
rf,3,SR1482_40X_HE_T105_01,0,0.07028007683448415,0
rf,3,SR1482_40X_HE_T115_01,0,0.08113640526140525,0
rf,3,SR1482_40X_HE_T115_02,0,0.033110309045792916,0
rf,3,SR1482_40X_HE_T118_01,0,0.29032979514641505,0
rf,3,SR1482_40X_HE_T118_02,0,0.12705683310996402,0
rf,3,SR1482_40X_HE_T120_01,0,0.13883770396270392,0
rf,3,SR1482_40X_HE_T120_02,0,0.19199155828955228,0
rf,3,SR1482_40X_HE_T124_01,0,0.14388872072066405,0
rf,3,SR1482_40X_HE_T124_02,0,0.16756318949867335,0
rf,3,SR1482_40X_HE_T138_01,0,0.06207242482856088,0
rf,3,SR1482_40X_HE_T160_01,0,0.042,0
rf,3,SR1482_40X_HE_T160_02,0,0.045261405261405256,0
rf,3,SR1482_40X_HE_T167_01,0,0.059595111851739636,0
rf,3,SR1482_40X_HE_T167_02,0,0.10554442888408153,0
rf,3,SR1482_40X_HE_T175_01,0,0.2589602964567559,0
rf,3,SR1482_40X_HE_T175_02,0,0.2384236221095977,0
rf,3,SR1482_40X_HE_T177_01,1,0.07082779988828375,0
rf,3,SR1482_40X_HE_T188_01,0,0.1047548519681512,0
rf,3,SR1482_40X_HE_T195_01,0,0.09412021496961562,0
rf,3,SR1482_40X_HE_T195_02,0,0.07924334673980622,0
rf,3,SR1482_40X_HE_T202_01,0,0.12932509426057812,0
rf,3,SR1482_40X_HE_T202_02,0,0.08087347077714782,0
rf,3,SR1482_40X_HE_T225_01,0,0.19414896867838044,0
rf,3,SR1482_40X_HE_T225_02,0,0.07618966972902996,0
rf,3,SR1482_40X_HE_T235_01,0,0.1129168551878229,0
rf,3,SR1482_40X_HE_T235_02,0,0.05317748917748917,0
rf,3,SR1482_40X_HE_T236_01,0,0.03932509426057813,0
rf,3,SR1482_40X_HE_T236_02,0,0.015405797101449275,0
rf,3,SR1482_40X_HE_T258_01,0,0.09700345619556786,0
rf,3,SR1482_40X_HE_T258_02,0,0.06146207415772634,0
rf,3,SR1482_40X_HE_T284_01,1,0.24278929672478056,0
rf,3,SR1482_40X_HE_T284_02,1,0.2382763137727732,0
rf,3,SR1482_40X_HE_T301_01,1,0.08893169599217987,0
rf,3,SR1482_40X_HE_T301_02,1,0.129403599880066,0
rf,3,SR1482_40X_HE_T309_01,0,0.11452666206342675,0
rf,3,SR1482_40X_HE_T313_01,0,0.103658542039356,0
rf,3,SR1482_40X_HE_T313_02,0,0.13301785714285713,0
rf,3,SR1482_40X_HE_T338_01,0,0.16130303030303028,0
rf,3,SR1482_40X_HE_T344_01,0,0.1638231583150802,0
rf,3,SR1482_40X_HE_T344_02,0,0.174900974025974,0
rf,3,SR1482_40X_HE_T346_01,0,0.17327210695808254,0
rf,3,SR1482_40X_HE_T346_02,0,0.11696199902248289,0
rf,3,SR1482_40X_HE_T377_01,0,0.08038179025275799,0
rf,3,SR1482_40X_HE_T377_02,0,0.11417647058823531,0
rf,3,SR1482_40X_HE_T419_01,0,0.032861954459203035,0
rf,3,SR1482_40X_HE_T427_01,0,0.0417797619047619,0
rf,3,SR1482_40X_HE_T427_02,0,0.0679047619047619,0
rf,3,SR386_40X_HE_T007_01,0,0.056356531047568784,0
rf,3,SR386_40X_HE_T015_01,0,0.08561480550199912,0
rf,3,SR386_40X_HE_T017_01,1,0.2691468978729105,0
rf,3,SR386_40X_HE_T032_01,0,0.0362359347969104,0
rf,3,SR386_40X_HE_T034_01,0,0.035266752285261015,0
rf,3,SR386_40X_HE_T035_01,0,0.05310165103713491,0
rf,3,SR386_40X_HE_T041_01,0,0.23653647350080403,0
rf,3,SR386_40X_HE_T067_01,0,0.012,0
rf,3,SR386_40X_HE_T075_01,0,0.03452128672931158,0
rf,3,SR386_40X_HE_T081_01,0,0.13996196812967993,0
rf,3,SR386_40X_HE_T083_01,0,0.11549884609014391,0
rf,3,SR386_40X_HE_T085_01,0,0.0132921272276111,0
rf,3,SR386_40X_HE_T095_01,0,0.07816899545742051,0
rf,3,SR386_40X_HE_T104_01,0,0.17495053349807446,0
rf,3,SR386_40X_HE_T106_01,0,0.0541514675699763,0
rf,3,SR386_40X_HE_T112_01,0,0.060317899874843234,0
rf,3,SR386_40X_HE_T128_01,0,0.027818181818181822,0
rf,3,SR386_40X_HE_T132_01,0,0.006,0
rf,3,SR386_40X_HE_T138_01,0,0.07160013437158427,0
rf,3,SR386_40X_HE_T142_01,0,0.11691341991341991,0
rf,3,SR386_40X_HE_T149_01,0,0.053697187254130606,0
rf,3,SR386_40X_HE_T165_01,1,0.08941364168618267,0
rf,3,SR386_40X_HE_T179_01,0,0.14713491497810813,0
rf,3,SR386_40X_HE_T180_01,0,0.06726203044279562,0
rf,3,SR386_40X_HE_T182_01,0,0.06073776002618508,0
rf,3,SR386_40X_HE_T184_01,0,0.05933949162791668,0
rf,3,SR386_40X_HE_T188_01,0,0.04735014616693574,0
rf,3,SR386_40X_HE_T191_01,0,0.0710868290007458,0
rf,3,SR386_40X_HE_T197_01,0,0.05873434898434898,0
rf,3,SR386_40X_HE_T201_01,0,0.041025430960914835,0
rf,3,SR386_40X_HE_T202_01,0,0.022,0
rf,3,SR386_40X_HE_T208_01,0,0.017246753246753246,0
rf,3,SR386_40X_HE_T216_01,1,0.2516845238095238,0
rf,3,SR386_40X_HE_T238_01,0,0.006,0
rf,3,SR386_40X_HE_T244_01,0,0.029284640785122943,0
rf,3,SR386_40X_HE_T248_01,0,0.023378707314191186,0
rf,3,SR386_40X_HE_T249_01,0,0.02575224960165026,0
rf,3,SR386_40X_HE_T250_01,0,0.06406860075408463,0
rf,3,SR386_40X_HE_T263_01,0,0.1253024099883856,0
rf,3,SR386_40X_HE_T267_01,0,0.10085335497835496,0
rf,3,SR386_40X_HE_T269_01,0,0.005935483870967742,0
rf,3,SR386_40X_HE_T277_01,0,0.027714450002875056,0
rf,3,SR386_40X_HE_T286_01,0,0.11762745098039215,0
rf,3,SR386_40X_HE_T287_01,0,0.14631445000287505,0
rf,3,SR386_40X_HE_T290_01,0,0.07586046511627907,0
rf,3,SR386_40X_HE_T293_01,0,0.08972294372294373,0
rf,3,SR386_40X_HE_T298_01,0,0.023356643356643357,0
rf,3,SR386_40X_HE_T303_01,0,0.016,0
rf,3,SR386_40X_HE_T312_01,0,0.08941167434715823,0
rf,3,SR386_40X_HE_T329_01,0,0.19028612826617322,0
rf,3,SR386_40X_HE_T336_01,0,0.021176470588235293,0
rf,3,SR386_40X_HE_T338_01,0,0.013904761904761906,0
rf,3,SR386_40X_HE_T342_01,0,0.04461804861804863,0
rf,3,SR386_40X_HE_T353_01,0,0.06673734109028227,0
rf,3,SR386_40X_HE_T357_01,0,0.003935483870967742,0
rf,3,SR386_40X_HE_T362_01,0,0.04899176092724479,0
rf,3,SR386_40X_HE_T363_01,1,0.28336064879259215,0
rf,3,SR386_40X_HE_T372_01,0,0.11481439393939394,0
rf,3,SR386_40X_HE_T378_01,0,0.007818181818181818,0
rf,3,SR386_40X_HE_T379_01,0,0.04353846153846154,0
rf,3,SR386_40X_HE_T386_01,0,0.06998128691371243,0
rf,3,SR386_40X_HE_T387_01,0,0.04355731225296442,0
rf,3,SR386_40X_HE_T393_01,0,0.09395645530939647,0
rf,3,SR386_40X_HE_T397_01,0,0.1316561047135398,0
rf,3,SR386_40X_HE_T406_01,0,0.15889534722054627,0
rf,3,SR386_40X_HE_T409_01,0,0.059436067997043616,0
rf,3,SR386_40X_HE_T422_01,0,0.01893087304852011,0
rf,3,SR386_40X_HE_T426_01,0,0.026,0
rf,3,SR386_40X_HE_T433_01,0,0.05879374791874792,0
rf,3,SR386_40X_HE_T443_01,0,0.1356547619047619,0
rf,3,SR386_40X_HE_T448_01,0,0.11705627705627705,0
rf,3,SR386_40X_HE_T452_01,0,0.13190905334502895,0
rf,3,SR386_40X_HE_T460_01,1,0.161711962833914,0
rf,3,SR386_40X_HE_T473_01,0,0.0461720488630866,0
rf,3,SR386_40X_HE_T475_01,0,0.023904761904761904,0
rf,3,SR386_40X_HE_T478_01,0,0.048728825419863155,0
rf,3,SR386_40X_HE_T489_01,1,0.059904761904761905,0
rf,3,SR386_40X_HE_T491_01,0,0.1844011123940313,0
rf,3,SR386_40X_HE_T492_01,0,0.015935483870967743,0
rf,3,SR386_40X_HE_T493_01,0,0.007818181818181818,0
rf,3,SR386_40X_HE_T502_01,0,0.01,0
rf,3,SR386_40X_HE_T505_01,0,0.053758767472346196,0
rf,3,SR386_40X_HE_T506_01,0,0.07072294168849233,0
rf,3,SR386_40X_HE_T509_01,0,0.06904322344322344,0
rf,3,SR386_40X_HE_T516_01,0,0.07713536280155303,0
rf,3,SR386_40X_HE_T518_01,0,0.07363636363636362,0
rf,3,SR386_40X_HE_T519_01,0,0.04840579710144928,0
rf,3,SR386_40X_HE_T521_01,0,0.017333333333333333,0
rf,3,SR386_40X_HE_T526_01,0,0.035546331363934765,0
rf,3,SR386_40X_HE_T533_01,0,0.0430812324929972,0
rf,3,SR386_40X_HE_T543_01,0,0.08763636363636362,0
rf,3,SR386_40X_HE_T544_01,0,0.07380299742847958,0
rf,3,SR386_40X_HE_T556_01,1,0.12504977986656943,0
rf,3,SR386_40X_HE_T560_01,0,0.07914819771423545,0
rf,3,SR386_40X_HE_T563_01,0,0.01,0
rf,3,SR386_40X_HE_T568_01,0,0.0799047619047619,0
rf,3,SR386_40X_HE_T571_01,0,0.07773913043478262,0
rf,3,SR386_40X_HE_T572_01,0,0.06537549407114625,0
rf,3,SR386_40X_HE_T573_01,0,0.0956060731721109,0
rf,3,SR386_40X_HE_T583_01,0,0.01353846153846154,0
rf,4,SR1482_40X_HE_T002_01,0,0.02668997668997669,0
rf,4,SR1482_40X_HE_T003_01,0,0.08254208560256948,0
rf,4,SR1482_40X_HE_T004_01,0,0.08180294973843362,0
rf,4,SR1482_40X_HE_T004_02,0,0.07853959631827334,0
rf,4,SR1482_40X_HE_T011_01,0,0.13194310125358513,0
rf,4,SR1482_40X_HE_T025_01,0,0.07731259083067686,0
rf,4,SR1482_40X_HE_T025_02,0,0.0795058532134554,0
rf,4,SR1482_40X_HE_T060_01,0,0.08986034255599473,0
rf,4,SR1482_40X_HE_T062_01,0,0.2873168551878229,0
rf,4,SR1482_40X_HE_T062_02,0,0.2263255131964809,0
rf,4,SR1482_40X_HE_T064_01,0,0.17312654328593605,0
rf,4,SR1482_40X_HE_T064_02,0,0.1262200688512049,0
rf,4,SR1482_40X_HE_T071_01,0,0.15218673041063932,0
rf,4,SR1482_40X_HE_T071_02,0,0.16344588744588742,0
rf,4,SR1482_40X_HE_T074_01,0,0.06497656778705166,0
rf,4,SR1482_40X_HE_T074_02,0,0.06284290977839366,0
rf,4,SR1482_40X_HE_T083_01,0,0.19673514929209265,0
rf,4,SR1482_40X_HE_T083_02,0,0.15548885392079728,0
rf,4,SR1482_40X_HE_T087_01,0,0.1381126816147854,0
rf,4,SR1482_40X_HE_T097_01,1,0.20146795140343526,0
rf,4,SR1482_40X_HE_T097_02,1,0.19156318949867338,0
rf,4,SR1482_40X_HE_T108_01,0,0.009636363636363637,0
rf,4,SR1482_40X_HE_T113_01,0,0.06280994274542662,0
rf,4,SR1482_40X_HE_T113_02,0,0.3372469175353426,1
rf,4,SR1482_40X_HE_T121_01,0,0.006,0
rf,4,SR1482_40X_HE_T122_01,0,0.044269352900488945,0
rf,4,SR1482_40X_HE_T125_01,0,0.08771445000287506,0
rf,4,SR1482_40X_HE_T125_02,0,0.047602150537634405,0
rf,4,SR1482_40X_HE_T131_01,0,0.0770258115867872,0
rf,4,SR1482_40X_HE_T131_02,0,0.2795718475073314,0
rf,4,SR1482_40X_HE_T132_01,0,0.08686134424248028,0
rf,4,SR1482_40X_HE_T132_02,0,0.15455031924597143,0
rf,4,SR1482_40X_HE_T143_01,0,0.17072220121866064,0
rf,4,SR1482_40X_HE_T143_02,0,0.1548748778103617,0
rf,4,SR1482_40X_HE_T166_01,1,0.047700710892008724,0
rf,4,SR1482_40X_HE_T169_01,0,0.11678450579113359,0
rf,4,SR1482_40X_HE_T176_01,1,0.3164221692286209,1
rf,4,SR1482_40X_HE_T176_02,1,0.2558134446198962,0
rf,4,SR1482_40X_HE_T191_01,0,0.07016832187420423,0
rf,4,SR1482_40X_HE_T194_01,0,0.41020526113671274,1
rf,4,SR1482_40X_HE_T218_01,0,0.020904761904761905,0
rf,4,SR1482_40X_HE_T253_01,0,0.015443223443223443,0
rf,4,SR1482_40X_HE_T290_01,0,0.18868914956011731,0
rf,4,SR1482_40X_HE_T308_01,0,0.15641251221896382,0
rf,4,SR1482_40X_HE_T314_01,0,0.41138137131685515,1
rf,4,SR1482_40X_HE_T314_02,0,0.43022170171816115,1
rf,4,SR1482_40X_HE_T372_01,1,0.1893266764860693,0
rf,4,SR1482_40X_HE_T372_02,1,0.09856360843457616,0
rf,4,SR1482_40X_HE_T408_01,0,0.07274234367782753,0
rf,4,SR1482_40X_HE_T412_01,0,0.04108699902248289,0
rf,4,SR1482_40X_HE_T425_01,0,0.03213739883305101,0
rf,4,SR1482_40X_HE_T434_01,1,0.08614061207609595,0
rf,4,SR386_40X_HE_T006_01,0,0.015840245775729647,0
rf,4,SR386_40X_HE_T010_01,0,0.04664386020483582,0
rf,4,SR386_40X_HE_T014_01,0,0.04435390723504328,0
rf,4,SR386_40X_HE_T016_01,0,0.011840245775729646,0
rf,4,SR386_40X_HE_T020_01,0,0.008,0
rf,4,SR386_40X_HE_T027_01,0,0.12687445887445886,0
rf,4,SR386_40X_HE_T028_01,0,0.03757184750733138,0
rf,4,SR386_40X_HE_T037_01,0,0.015620007680491552,0
rf,4,SR386_40X_HE_T043_01,0,0.014,0
rf,4,SR386_40X_HE_T044_01,1,0.13589791195533746,0
rf,4,SR386_40X_HE_T046_01,0,0.07348538418103637,0
rf,4,SR386_40X_HE_T058_01,0,0.028489681050656662,0
rf,4,SR386_40X_HE_T062_01,0,0.028710955710955707,0
rf,4,SR386_40X_HE_T065_01,1,0.07616892335355244,0
rf,4,SR386_40X_HE_T080_01,0,0.033409770402689366,0
rf,4,SR386_40X_HE_T091_01,0,0.03167461430575035,0
rf,4,SR386_40X_HE_T094_01,0,0.013571428571428573,0
rf,4,SR386_40X_HE_T097_01,0,0.041023651145602365,0
rf,4,SR386_40X_HE_T100_01,0,0.056079008863893394,0
rf,4,SR386_40X_HE_T107_01,0,0.07643764263998447,0
rf,4,SR386_40X_HE_T109_01,1,0.13859302875872723,0
rf,4,SR386_40X_HE_T110_01,0,0.04894550655507552,0
rf,4,SR386_40X_HE_T117_01,0,0.029678071928071925,0
rf,4,SR386_40X_HE_T127_01,0,0.04288170079561758,0
rf,4,SR386_40X_HE_T129_01,0,0.015935483870967743,0
rf,4,SR386_40X_HE_T136_01,0,0.036641196202171815,0
rf,4,SR386_40X_HE_T154_01,0,0.02928455284552845,0
rf,4,SR386_40X_HE_T168_01,1,0.15926099706744867,0
rf,4,SR386_40X_HE_T175_01,0,0.01,0
rf,4,SR386_40X_HE_T189_01,0,0.016039496735148907,0
rf,4,SR386_40X_HE_T195_01,0,0.019404007756948935,0
rf,4,SR386_40X_HE_T227_01,0,0.05657196426761645,0
rf,4,SR386_40X_HE_T233_01,0,0.2012921272276111,0
rf,4,SR386_40X_HE_T234_01,0,0.0787353533563211,0
rf,4,SR386_40X_HE_T235_01,0,0.04581818181818182,0
rf,4,SR386_40X_HE_T239_01,0,0.13809119556913674,0
rf,4,SR386_40X_HE_T245_01,0,0.012,0
rf,4,SR386_40X_HE_T256_01,0,0.04707692307692308,0
rf,4,SR386_40X_HE_T265_01,0,0.03939395053303504,0
rf,4,SR386_40X_HE_T268_01,0,0.08109140759368104,0
rf,4,SR386_40X_HE_T270_01,0,0.05478521478521478,0
rf,4,SR386_40X_HE_T272_01,0,0.32456485450033834,1
rf,4,SR386_40X_HE_T273_01,0,0.1258614827651598,0
rf,4,SR386_40X_HE_T276_01,0,0.17428518578059798,0
rf,4,SR386_40X_HE_T278_01,1,0.23029404872599202,0
rf,4,SR386_40X_HE_T284_01,0,0.04918714618714619,0
rf,4,SR386_40X_HE_T285_01,0,0.03548968105065666,0
rf,4,SR386_40X_HE_T288_01,0,0.1090986050986051,0
rf,4,SR386_40X_HE_T291_01,0,0.09146207415772634,0
rf,4,SR386_40X_HE_T300_01,0,0.08098409433703552,0
rf,4,SR386_40X_HE_T302_01,0,0.079875,0
rf,4,SR386_40X_HE_T305_01,0,0.008,0
rf,4,SR386_40X_HE_T308_01,0,0.05173913043478261,0
rf,4,SR386_40X_HE_T325_01,0,0.031636363636363636,0
rf,4,SR386_40X_HE_T331_01,0,0.130652258914531,0
rf,4,SR386_40X_HE_T341_01,0,0.11507246376811593,0
rf,4,SR386_40X_HE_T343_01,1,0.06130183052241876,0
rf,4,SR386_40X_HE_T346_01,0,0.19800344939072145,0
rf,4,SR386_40X_HE_T352_01,0,0.09502331002331003,0
rf,4,SR386_40X_HE_T373_01,0,0.10795932959046564,0
rf,4,SR386_40X_HE_T375_01,0,0.15542827999489991,0
rf,4,SR386_40X_HE_T381_01,0,0.056504634728543654,0
rf,4,SR386_40X_HE_T389_01,0,0.04963636363636364,0
rf,4,SR386_40X_HE_T391_01,0,0.06976940133037694,0
rf,4,SR386_40X_HE_T394_01,0,0.01915151515151515,0
rf,4,SR386_40X_HE_T399_01,0,0.16223723186128686,0
rf,4,SR386_40X_HE_T403_01,0,0.019587583148558758,0
rf,4,SR386_40X_HE_T405_01,0,0.11060706361581875,0
rf,4,SR386_40X_HE_T407_01,0,0.050787878787878785,0
rf,4,SR386_40X_HE_T414_01,0,0.06759794372294373,0
rf,4,SR386_40X_HE_T424_01,0,0.06091267740913689,0
rf,4,SR386_40X_HE_T429_01,0,0.1037789661319073,0
rf,4,SR386_40X_HE_T441_01,0,0.10982154882154882,0
rf,4,SR386_40X_HE_T451_01,0,0.07587096774193548,0
rf,4,SR386_40X_HE_T453_01,0,0.028890645586297756,0
rf,4,SR386_40X_HE_T455_01,0,0.05082154882154883,0
rf,4,SR386_40X_HE_T465_01,0,0.04553846153846154,0
rf,4,SR386_40X_HE_T474_01,0,0.15517340908732585,0
rf,4,SR386_40X_HE_T476_01,0,0.16725840994616722,0
rf,4,SR386_40X_HE_T479_01,0,0.07064839733437296,0
rf,4,SR386_40X_HE_T482_01,0,0.10061788617886178,0
rf,4,SR386_40X_HE_T487_01,0,0.03610856079404466,0
rf,4,SR386_40X_HE_T490_01,0,0.036670033670033665,0
rf,4,SR386_40X_HE_T494_01,0,0.028,0
rf,4,SR386_40X_HE_T500_01,0,0.011356643356643357,0
rf,4,SR386_40X_HE_T510_01,0,0.07920821114369503,0
rf,4,SR386_40X_HE_T524_01,0,0.05196078431372549,0
rf,4,SR386_40X_HE_T528_01,0,0.13681318949867335,0
rf,4,SR386_40X_HE_T532_01,0,0.029487250471327695,0
rf,4,SR386_40X_HE_T534_01,0,0.1877357618625435,0
rf,4,SR386_40X_HE_T536_01,0,0.007666666666666667,0
rf,4,SR386_40X_HE_T537_01,0,0.1713598484848485,0
rf,4,SR386_40X_HE_T541_01,0,0.01,0
rf,4,SR386_40X_HE_T548_01,1,0.14239939274830163,0
rf,4,SR386_40X_HE_T550_01,0,0.1069842248551926,0
rf,4,SR386_40X_HE_T551_01,0,0.01,0
rf,4,SR386_40X_HE_T557_01,0,0.04476607263704038,0
rf,4,SR386_40X_HE_T565_01,0,0.02521078431372549,0
rf,4,SR386_40X_HE_T567_01,0,0.04322218957513076,0
rf,4,SR386_40X_HE_T575_01,0,0.16726140526140526,0
rf,4,SR386_40X_HE_T576_01,0,0.03964440133037694,0
rf,4,SR386_40X_HE_T581_01,0,0.060628124563608436,0
