classifier,fold,WSI_ID,target,prob_pos,pred_at_0.5
lin,1,TCGA-5M-AAT4_nonMSIH,0,9.605327460188509e-05,0
lin,1,TCGA-5M-AAT6_MSIH,1,0.9903227992225807,1
lin,1,TCGA-A6-2671_nonMSIH,0,3.4208107848610345e-06,0
lin,1,TCGA-A6-2686_MSIH,1,0.042578621719228014,0
lin,1,TCGA-A6-3807_nonMSIH,0,6.54211740083438e-06,0
lin,1,TCGA-A6-5661_MSIH,1,0.20160217540948613,0
lin,1,TCGA-A6-6137_nonMSIH,0,0.00020751707169523254,0
lin,1,TCGA-A6-6651_nonMSIH,0,0.007852941826417891,0
lin,1,TCGA-A6-6652_nonMSIH,0,0.012604250027938368,0
lin,1,TCGA-A6-6654_nonMSIH,0,2.3337432221544858e-06,0
lin,1,TCGA-A6-A565_nonMSIH,0,0.08457705700943725,0
lin,1,TCGA-A6-A567_nonMSIH,0,8.561540026270517e-06,0
lin,1,TCGA-AA-3679_nonMSIH,0,0.003542819155349079,0
lin,1,TCGA-AA-3680_nonMSIH,0,8.953557252804219e-05,0
lin,1,TCGA-AA-3684_nonMSIH,0,0.2784153212629663,0
lin,1,TCGA-AA-3688_nonMSIH,0,1.1096786761216496e-05,0
lin,1,TCGA-AA-3693_nonMSIH,0,3.1384580231578495e-08,0
lin,1,TCGA-AA-3812_nonMSIH,0,0.005022775095424777,0
lin,1,TCGA-AA-3818_nonMSIH,0,0.00894366379137521,0
lin,1,TCGA-AA-3831_nonMSIH,0,0.001930634185284085,0
lin,1,TCGA-AA-3833_MSIH,1,0.13245811353515874,0
lin,1,TCGA-AA-3837_nonMSIH,0,0.02128740044759678,0
lin,1,TCGA-AA-3850_nonMSIH,0,0.04333873906763423,0
lin,1,TCGA-AA-3854_nonMSIH,0,0.0005075196259514636,0
lin,1,TCGA-AA-3866_nonMSIH,0,0.43855286308930175,0
lin,1,TCGA-AA-3867_nonMSIH,0,0.5414062357563469,1
lin,1,TCGA-AA-3875_nonMSIH,0,2.591816169585718e-05,0
lin,1,TCGA-AA-3947_MSIH,1,0.9944943361415497,1
lin,1,TCGA-AA-3949_MSIH,1,0.9998289909796294,1
lin,1,TCGA-AA-3979_nonMSIH,0,0.5003044502433939,1
lin,1,TCGA-AA-3984_nonMSIH,0,0.0009512870408147185,0
lin,1,TCGA-AA-3994_nonMSIH,0,0.17077011641009998,0
lin,1,TCGA-AA-A01S_nonMSIH,0,0.03071604658845591,0
lin,1,TCGA-AA-A01X_nonMSIH,0,1.4348728236898992e-05,0
lin,1,TCGA-AD-6888_nonMSIH,0,0.015021536503073316,0
lin,1,TCGA-AD-6901_nonMSIH,0,0.9688036883182422,1
lin,1,TCGA-AD-6963_nonMSIH,0,1.1558679065125415e-05,0
lin,1,TCGA-AF-2687_nonMSIH,0,1.7275628778259297e-08,0
lin,1,TCGA-AF-4110_nonMSIH,0,4.486509536078981e-05,0
lin,1,TCGA-AF-6136_nonMSIH,0,0.0002578310262051936,0
lin,1,TCGA-AG-3726_nonMSIH,0,3.037277405367865e-07,0
lin,1,TCGA-AG-3878_nonMSIH,0,3.3695025792732576e-05,0
lin,1,TCGA-AG-3892_nonMSIH,0,4.1776102242202234e-05,0
lin,1,TCGA-AG-4021_nonMSIH,0,3.787369865578264e-06,0
lin,1,TCGA-AG-4022_nonMSIH,0,0.00045928715817186553,0
lin,1,TCGA-AG-A008_nonMSIH,0,3.3000849820105185e-05,0
lin,1,TCGA-AG-A011_nonMSIH,0,0.0011887613938813622,0
lin,1,TCGA-AG-A01W_nonMSIH,0,0.0001266425650588784,0
lin,1,TCGA-AG-A02N_MSIH,1,0.058586955812218136,0
lin,1,TCGA-AH-6903_nonMSIH,0,5.961636491044829e-08,0
lin,1,TCGA-AY-6196_nonMSIH,0,0.9551836479736637,1
lin,1,TCGA-AY-A69D_nonMSIH,0,6.20612524338968e-05,0
lin,1,TCGA-AZ-4614_nonMSIH,0,4.381955340261103e-06,0
lin,1,TCGA-AZ-4615_MSIH,1,0.9587934022485887,1
lin,1,TCGA-AZ-6603_nonMSIH,0,6.092048085035035e-08,0
lin,1,TCGA-CA-5255_nonMSIH,0,1.1001658166190457e-06,0
lin,1,TCGA-CA-5797_nonMSIH,0,0.2456891731246401,0
lin,1,TCGA-CI-6624_nonMSIH,0,3.306145756454681e-09,0
lin,1,TCGA-CK-4947_nonMSIH,0,1.2377108983245048e-06,0
lin,1,TCGA-CK-5916_MSIH,1,0.07727946179019608,0
lin,1,TCGA-CL-5917_nonMSIH,0,1.439929197158933e-05,0
lin,1,TCGA-CM-4743_MSIH,1,7.552862672732273e-05,0
lin,1,TCGA-CM-4744_nonMSIH,0,0.014742537241608497,0
lin,1,TCGA-CM-5344_nonMSIH,0,0.002722477889219316,0
lin,1,TCGA-CM-5868_nonMSIH,0,3.1268282497111313e-06,0
lin,1,TCGA-CM-6165_nonMSIH,0,0.15077816203075536,0
lin,1,TCGA-CM-6678_nonMSIH,0,0.01580434071153017,0
lin,1,TCGA-D5-5537_nonMSIH,0,0.08173840802935177,0
lin,1,TCGA-D5-6529_nonMSIH,0,1.5168263259212984e-06,0
lin,1,TCGA-D5-6531_nonMSIH,0,5.249268359628948e-05,0
lin,1,TCGA-D5-6534_nonMSIH,0,0.0007063145484874416,0
lin,1,TCGA-D5-6539_nonMSIH,0,6.952997929126706e-09,0
lin,1,TCGA-D5-6540_MSIH,1,8.141390143453318e-05,0
lin,1,TCGA-D5-6541_nonMSIH,0,0.0005198907583857926,0
lin,1,TCGA-D5-6898_nonMSIH,0,0.04960235625235853,0
lin,1,TCGA-D5-6927_MSIH,1,0.9998589240487856,1
lin,1,TCGA-D5-6931_nonMSIH,0,2.847013595011795e-05,0
lin,1,TCGA-DC-6682_nonMSIH,0,1.0407013678580118e-08,0
lin,1,TCGA-DM-A1D6_nonMSIH,0,0.027169709219706593,0
lin,1,TCGA-DM-A1D8_nonMSIH,0,6.106509624080173e-10,0
lin,1,TCGA-DM-A280_nonMSIH,0,0.021656210924153776,0
lin,1,TCGA-DM-A288_nonMSIH,0,0.0016674212442742678,0
lin,1,TCGA-DM-A28A_nonMSIH,0,1.722878747774638e-07,0
lin,1,TCGA-DM-A28E_nonMSIH,0,3.488199349926303e-05,0
lin,1,TCGA-DM-A28H_nonMSIH,0,0.9334273271433097,1
lin,1,TCGA-DY-A1DD_nonMSIH,0,1.3176414207177936e-05,0
lin,1,TCGA-EI-6506_nonMSIH,0,0.20077946788478118,0
lin,1,TCGA-EI-6507_MSIH,1,0.012522900550950669,0
lin,1,TCGA-EI-6514_nonMSIH,0,9.701687245094631e-08,0
lin,1,TCGA-EI-6883_nonMSIH,0,9.298343323139465e-07,0
lin,1,TCGA-F4-6808_nonMSIH,0,5.5324969684479e-12,0
lin,1,TCGA-F4-6809_nonMSIH,0,1.425372976058999e-06,0
lin,1,TCGA-F5-6465_nonMSIH,0,8.220833121571925e-05,0
lin,1,TCGA-F5-6811_nonMSIH,0,1.5305027789391253e-10,0
lin,1,TCGA-G4-6293_nonMSIH,0,0.18362659803836798,0
lin,1,TCGA-G4-6297_nonMSIH,0,3.684891034658081e-05,0
lin,1,TCGA-G4-6311_nonMSIH,0,0.0049102910341363845,0
lin,1,TCGA-G4-6322_nonMSIH,0,0.9527870577058839,1
lin,1,TCGA-G4-6323_nonMSIH,0,0.00011477185202490469,0
lin,1,TCGA-G4-6586_MSIH,1,0.99580279973201,1
lin,1,TCGA-G4-6588_MSIH,1,0.9974714997609014,1
lin,1,TCGA-NH-A50V_nonMSIH,0,0.016405675381170232,0
lin,1,TCGA-QG-A5YX_nonMSIH,0,1.733711240906607e-07,0
lin,2,TCGA-4N-A93T_nonMSIH,0,1.410105450999514e-06,0
lin,2,TCGA-A6-2685_nonMSIH,0,1.5271945341567765e-06,0
lin,2,TCGA-A6-4107_nonMSIH,0,6.9994883141702945e-06,0
lin,2,TCGA-A6-5665_MSIH,1,0.9992049643321047,1
lin,2,TCGA-A6-6648_nonMSIH,0,3.404498225540107e-08,0
lin,2,TCGA-A6-6653_MSIH,1,0.20029597731781065,0
lin,2,TCGA-A6-A56B_nonMSIH,0,8.718958336950756e-14,0
lin,2,TCGA-AA-3664_nonMSIH,0,4.3128492068211476e-08,0
lin,2,TCGA-AA-3673_nonMSIH,0,1.5697271670646596e-07,0
lin,2,TCGA-AA-3681_nonMSIH,0,6.544084171745803e-05,0
lin,2,TCGA-AA-3692_nonMSIH,0,5.2905608423118476e-05,0
lin,2,TCGA-AA-3811_MSIH,1,8.812535526768409e-06,0
lin,2,TCGA-AA-3821_MSIH,1,0.010082133502439626,0
lin,2,TCGA-AA-3842_nonMSIH,0,4.147574959555285e-08,0
lin,2,TCGA-AA-3845_MSIH,1,9.887871947377512e-05,0
lin,2,TCGA-AA-3856_nonMSIH,0,3.3772425340280096e-06,0
lin,2,TCGA-AA-3877_MSIH,1,0.07386492535004509,0
lin,2,TCGA-AA-3950_MSIH,1,0.15231450796738288,0
lin,2,TCGA-AA-3966_MSIH,1,0.393662918478716,0
lin,2,TCGA-AA-3968_nonMSIH,0,9.549895908319325e-05,0
lin,2,TCGA-AA-3976_nonMSIH,0,0.00016595091001490433,0
lin,2,TCGA-AA-3986_nonMSIH,0,0.00014235589527619692,0
lin,2,TCGA-AA-A02E_nonMSIH,0,1.6811855675082513e-06,0
lin,2,TCGA-AA-A02O_nonMSIH,0,0.0044655684295962055,0
lin,2,TCGA-AD-5900_MSIH,1,0.03027391600478921,0
lin,2,TCGA-AD-6889_MSIH,1,0.003100406239635695,0
lin,2,TCGA-AD-6965_nonMSIH,0,8.821958120542263e-11,0
lin,2,TCGA-AF-2690_nonMSIH,0,0.0009255415652550793,0
lin,2,TCGA-AF-6655_nonMSIH,0,2.602053357038088e-06,0
lin,2,TCGA-AF-A56L_nonMSIH,0,6.433346101274233e-08,0
lin,2,TCGA-AF-A56N_nonMSIH,0,4.680434811368665e-11,0
lin,2,TCGA-AG-3894_nonMSIH,0,5.8542311096838414e-12,0
lin,2,TCGA-AG-3902_nonMSIH,0,0.002722312938206693,0
lin,2,TCGA-AG-4015_nonMSIH,0,4.7140168672393224e-05,0
lin,2,TCGA-AG-A002_nonMSIH,0,2.0583350149207554e-05,0
lin,2,TCGA-AG-A00C_nonMSIH,0,2.3747672813428004e-08,0
lin,2,TCGA-AG-A020_nonMSIH,0,0.0024475494005646685,0
lin,2,TCGA-AG-A02X_nonMSIH,0,7.759110536037988e-06,0
lin,2,TCGA-AH-6547_nonMSIH,0,3.1368984941947505e-07,0
lin,2,TCGA-AH-6644_nonMSIH,0,0.06206075253868384,0
lin,2,TCGA-AH-6897_nonMSIH,0,5.5749243552280984e-09,0
lin,2,TCGA-AU-3779_nonMSIH,0,0.9563800523973546,1
lin,2,TCGA-AY-6386_nonMSIH,0,0.00031780702294397645,0
lin,2,TCGA-AY-A54L_nonMSIH,0,3.398051093899977e-09,0
lin,2,TCGA-AY-A71X_nonMSIH,0,0.0014598895096112434,0
lin,2,TCGA-AY-A8YK_nonMSIH,0,1.8080570755578362e-13,0
lin,2,TCGA-AZ-4315_nonMSIH,0,0.0001642125291852719,0
lin,2,TCGA-AZ-6598_MSIH,1,0.9985516647736905,1
lin,2,TCGA-AZ-6599_nonMSIH,0,9.318199080494097e-10,0
lin,2,TCGA-AZ-6606_nonMSIH,0,2.6083322981192136e-05,0
lin,2,TCGA-CA-5254_nonMSIH,0,3.878043777452303e-06,0
lin,2,TCGA-CK-5915_nonMSIH,0,0.0034574864491160296,0
lin,2,TCGA-CL-5918_nonMSIH,0,0.0002430658815309566,0
lin,2,TCGA-CM-4747_nonMSIH,0,3.4971798895235353e-05,0
lin,2,TCGA-CM-4750_nonMSIH,0,5.006139849721587e-07,0
lin,2,TCGA-CM-4752_nonMSIH,0,0.007716605667924904,0
lin,2,TCGA-CM-5348_nonMSIH,0,0.00019440209240301722,0
lin,2,TCGA-CM-5860_nonMSIH,0,6.315792419440622e-06,0
lin,2,TCGA-CM-5862_nonMSIH,0,1.4066093305514623e-08,0
lin,2,TCGA-CM-5863_nonMSIH,0,1.2831424854218054e-05,0
lin,2,TCGA-CM-5864_nonMSIH,0,0.0002601471638093558,0
lin,2,TCGA-CM-6162_MSIH,1,0.0006839779734432531,0
lin,2,TCGA-CM-6164_nonMSIH,0,4.529223218717485e-06,0
lin,2,TCGA-CM-6167_nonMSIH,0,0.0890413423384856,0
lin,2,TCGA-D5-5540_nonMSIH,0,0.000617660050920712,0
lin,2,TCGA-D5-5541_nonMSIH,0,2.98437675274192e-10,0
lin,2,TCGA-D5-6533_nonMSIH,0,0.00011795717505542297,0
lin,2,TCGA-D5-6926_nonMSIH,0,0.0003505859398458405,0
lin,2,TCGA-D5-6929_nonMSIH,0,0.05868252524572039,0
lin,2,TCGA-DC-5337_nonMSIH,0,2.2709867813803324e-11,0
lin,2,TCGA-DC-5869_nonMSIH,0,1.1968538506174692e-06,0
lin,2,TCGA-DC-6154_MSIH,1,6.850508801223443e-06,0
lin,2,TCGA-DC-6155_nonMSIH,0,4.389830488245838e-12,0
lin,2,TCGA-DC-6158_nonMSIH,0,2.0458403626168736e-07,0
lin,2,TCGA-DM-A1D0_nonMSIH,0,6.778390983640008e-09,0
lin,2,TCGA-DM-A1D4_nonMSIH,0,1.1888267497954417e-09,0
lin,2,TCGA-DM-A1DA_nonMSIH,0,5.964152139926801e-05,0
lin,2,TCGA-DM-A285_nonMSIH,0,2.7886604418189137e-05,0
lin,2,TCGA-DM-A28F_nonMSIH,0,3.006947475327617e-10,0
lin,2,TCGA-DM-A28G_nonMSIH,0,8.020276694469632e-07,0
lin,2,TCGA-DM-A28M_nonMSIH,0,7.159957317000318e-07,0
lin,2,TCGA-DY-A1DF_nonMSIH,0,1.26304749961955e-05,0
lin,2,TCGA-DY-A1DG_nonMSIH,0,4.8235400586369365e-06,0
lin,2,TCGA-EI-6509_nonMSIH,0,5.058348151951946e-06,0
lin,2,TCGA-EI-6881_nonMSIH,0,0.4565790288533005,0
lin,2,TCGA-EI-7004_nonMSIH,0,0.996784500969108,1
lin,2,TCGA-F4-6463_nonMSIH,0,0.0010537571119168163,0
lin,2,TCGA-F4-6807_nonMSIH,0,0.8294493681941396,1
lin,2,TCGA-F4-6855_nonMSIH,0,0.00032173004884329356,0
lin,2,TCGA-F5-6571_nonMSIH,0,0.003009575594984647,0
lin,2,TCGA-F5-6702_nonMSIH,0,1.1216762397959403e-11,0
lin,2,TCGA-F5-6864_nonMSIH,0,8.645533105248486e-05,0
lin,2,TCGA-G4-6299_nonMSIH,0,0.03932020900671247,0
lin,2,TCGA-NH-A50U_nonMSIH,0,0.38925975315577427,0
lin,2,TCGA-NH-A6GC_nonMSIH,0,4.734469599627963e-06,0
lin,2,TCGA-NH-A8F8_nonMSIH,0,4.354483412240847e-06,0
lin,2,TCGA-QG-A5YV_nonMSIH,0,8.018524582527412e-08,0
lin,3,TCGA-5M-AATE_nonMSIH,0,2.755766445612207e-07,0
lin,3,TCGA-A6-2681_nonMSIH,0,0.3102274170166552,0
lin,3,TCGA-A6-5666_nonMSIH,0,0.9443790933928007,1
lin,3,TCGA-A6-5667_nonMSIH,0,1.167483461628244e-11,0
lin,3,TCGA-A6-6138_nonMSIH,0,0.9737491034215874,1
lin,3,TCGA-A6-6142_nonMSIH,0,0.9411116380931754,1
lin,3,TCGA-A6-6649_nonMSIH,0,3.495427087474102e-06,0
lin,3,TCGA-AA-3667_nonMSIH,0,0.004710334225517867,0
lin,3,TCGA-AA-3715_MSIH,1,0.9990259448138237,1
lin,3,TCGA-AA-3819_nonMSIH,0,1.7652101726318617e-06,0
lin,3,TCGA-AA-3844_nonMSIH,0,1.09112273114509e-05,0
lin,3,TCGA-AA-3848_nonMSIH,0,2.868925294905745e-05,0
lin,3,TCGA-AA-3852_nonMSIH,0,1.1396123882238839e-05,0
lin,3,TCGA-AA-3858_nonMSIH,0,3.6202896865090083e-06,0
lin,3,TCGA-AA-3864_MSIH,1,0.015213825784638813,0
lin,3,TCGA-AA-3956_nonMSIH,0,1.8875635724346425e-08,0
lin,3,TCGA-AA-3973_nonMSIH,0,0.6698292794343295,1
lin,3,TCGA-AA-3975_nonMSIH,0,0.00017724828850739587,0
lin,3,TCGA-AA-3989_nonMSIH,0,2.556969685756117e-06,0
lin,3,TCGA-AA-A010_nonMSIH,0,0.0005459669930247645,0
lin,3,TCGA-AA-A01R_MSIH,1,0.10543196899371045,0
lin,3,TCGA-AA-A01T_nonMSIH,0,9.409861097290589e-05,0
lin,3,TCGA-AA-A01V_nonMSIH,0,4.3531515589794594e-05,0
lin,3,TCGA-AA-A01Z_nonMSIH,0,4.502790697150292e-06,0
lin,3,TCGA-AA-A024_nonMSIH,0,0.0033828674085653386,0
lin,3,TCGA-AA-A02F_nonMSIH,0,0.4011044259000833,0
lin,3,TCGA-AA-A02H_nonMSIH,0,0.0016819152034605188,0
lin,3,TCGA-AA-A02Y_nonMSIH,0,1.363205230770779e-06,0
lin,3,TCGA-AA-A03F_nonMSIH,0,6.601234300582037e-09,0
lin,3,TCGA-AD-6548_nonMSIH,0,0.09388281018314702,0
lin,3,TCGA-AD-6890_nonMSIH,0,3.370640664655155e-08,0
lin,3,TCGA-AD-A5EJ_MSIH,1,0.029966657990648706,0
lin,3,TCGA-AD-A5EK_nonMSIH,0,3.9474186993622924e-08,0
lin,3,TCGA-AF-3911_nonMSIH,0,0.23479194482327856,0
lin,3,TCGA-AF-A56K_nonMSIH,0,1.482829073848126e-06,0
lin,3,TCGA-AG-3882_nonMSIH,0,6.955107914351118e-07,0
lin,3,TCGA-AG-3883_nonMSIH,0,1.3102026889609963e-06,0
lin,3,TCGA-AG-3887_nonMSIH,0,6.226975857268516e-06,0
lin,3,TCGA-AG-3890_nonMSIH,0,1.1969958202243106e-09,0
lin,3,TCGA-AG-3898_nonMSIH,0,1.950712428515506e-05,0
lin,3,TCGA-AG-3901_nonMSIH,0,1.0361470257217603e-06,0
lin,3,TCGA-AG-3909_nonMSIH,0,0.00022945593268597039,0
lin,3,TCGA-AG-A016_nonMSIH,0,0.0026377507402931583,0
lin,3,TCGA-AH-6643_nonMSIH,0,3.032609233426621e-10,0
lin,3,TCGA-AM-5820_nonMSIH,0,0.2486369873303365,0
lin,3,TCGA-AU-6004_MSIH,1,0.9998146749115006,1
lin,3,TCGA-AY-5543_nonMSIH,0,0.04747343667801065,0
lin,3,TCGA-AY-6197_MSIH,1,0.9909570574014187,1
lin,3,TCGA-AZ-4308_nonMSIH,0,0.014092589340688348,0
lin,3,TCGA-AZ-5407_nonMSIH,0,3.956716501094016e-08,0
lin,3,TCGA-AZ-6600_nonMSIH,0,0.9942717161959769,1
lin,3,TCGA-CA-5796_nonMSIH,0,1.0630474437926197e-09,0
lin,3,TCGA-CA-6715_nonMSIH,0,1.5912780825158128e-06,0
lin,3,TCGA-CA-6717_nonMSIH,0,0.017870026467150475,0
lin,3,TCGA-CK-4950_nonMSIH,0,0.1141429488458335,0
lin,3,TCGA-CK-4951_MSIH,1,0.975569396512641,1
lin,3,TCGA-CK-6746_MSIH,1,0.999575837548704,1
lin,3,TCGA-CK-6751_nonMSIH,0,0.34077237175430236,0
lin,3,TCGA-CL-4957_nonMSIH,0,6.915767974077811e-06,0
lin,3,TCGA-CM-4746_MSIH,1,0.0013984995548673778,0
lin,3,TCGA-CM-4751_nonMSIH,0,0.002348990308951099,0
lin,3,TCGA-CM-5341_nonMSIH,0,1.5437454185312323e-05,0
lin,3,TCGA-CM-5861_MSIH,1,0.9474280756183897,1
lin,3,TCGA-CM-6161_nonMSIH,0,6.152196019025116e-10,0
lin,3,TCGA-CM-6170_nonMSIH,0,4.978783456758259e-07,0
lin,3,TCGA-CM-6171_MSIH,1,1.2376214974371643e-06,0
lin,3,TCGA-CM-6674_MSIH,1,0.00032185169648359997,0
lin,3,TCGA-CM-6676_nonMSIH,0,4.102761835507049e-08,0
lin,3,TCGA-CM-6677_nonMSIH,0,9.719040223141884e-05,0
lin,3,TCGA-CM-6679_nonMSIH,0,1.7300411513290016e-06,0
lin,3,TCGA-D5-5539_nonMSIH,0,8.629867194400995e-05,0
lin,3,TCGA-D5-6530_MSIH,1,0.0006924091738225269,0
lin,3,TCGA-D5-6536_nonMSIH,0,3.306651271827956e-05,0
lin,3,TCGA-D5-6928_MSIH,1,1.3627818351308382e-06,0
lin,3,TCGA-D5-6930_MSIH,1,1.7272863094333365e-06,0
lin,3,TCGA-D5-6932_nonMSIH,0,7.413963161886006e-07,0
lin,3,TCGA-DC-6681_nonMSIH,0,5.555238983505897e-09,0
lin,3,TCGA-DC-6683_nonMSIH,0,3.216998559949798e-08,0
lin,3,TCGA-DM-A0X9_nonMSIH,0,3.6501235104563647e-10,0
lin,3,TCGA-DM-A0XD_nonMSIH,0,5.111176892739739e-12,0
lin,3,TCGA-DM-A0XF_nonMSIH,0,7.4295510697140485e-09,0
lin,3,TCGA-DM-A1D7_nonMSIH,0,4.5687033624570455e-08,0
lin,3,TCGA-DM-A1DB_nonMSIH,0,5.269822782121798e-09,0
lin,3,TCGA-DM-A1HA_nonMSIH,0,9.765713747277266e-06,0
lin,3,TCGA-DM-A28K_nonMSIH,0,1.251787494618744e-07,0
lin,3,TCGA-DT-5265_nonMSIH,0,4.737510787853473e-06,0
lin,3,TCGA-DY-A1DC_nonMSIH,0,3.3134765493919027e-06,0
lin,3,TCGA-EI-6508_nonMSIH,0,0.06977077401279122,0
lin,3,TCGA-EI-6510_nonMSIH,0,2.820581805915878e-05,0
lin,3,TCGA-EI-6512_nonMSIH,0,0.029682142119987768,0
lin,3,TCGA-EI-6882_MSIH,1,1.0249708818379879e-05,0
lin,3,TCGA-EI-6885_nonMSIH,0,6.278448350411888e-08,0
lin,3,TCGA-EI-7002_nonMSIH,0,2.313814575380116e-08,0
lin,3,TCGA-F4-6460_nonMSIH,0,1.09937609639763e-12,0
lin,3,TCGA-F4-6570_MSIH,1,0.9999988667600849,1
lin,3,TCGA-F4-6704_nonMSIH,0,0.9161616818897383,1
lin,3,TCGA-F4-6854_nonMSIH,0,3.1689114465289554e-09,0
lin,3,TCGA-F4-6856_MSIH,1,0.7434647437100486,1
lin,3,TCGA-F5-6464_nonMSIH,0,0.002350454321645518,0
lin,3,TCGA-F5-6863_nonMSIH,0,1.1422221827472553e-11,0
lin,3,TCGA-G4-6298_nonMSIH,0,7.177995346038225e-05,0
lin,3,TCGA-G4-6302_MSIH,1,0.9994655443519875,1
lin,3,TCGA-G4-6309_MSIH,1,0.17998846213574882,0
lin,3,TCGA-G4-6315_nonMSIH,0,7.828725510858548e-07,0
lin,3,TCGA-G4-6317_nonMSIH,0,0.0013400697362727103,0
lin,3,TCGA-G4-6626_nonMSIH,0,0.0010037960028874621,0
lin,3,TCGA-G4-6627_nonMSIH,0,0.152777483655603,0
lin,3,TCGA-G5-6641_nonMSIH,0,0.9986641058974226,1
lin,3,TCGA-NH-A50T_nonMSIH,0,3.2195283530754627e-06,0
lin,3,TCGA-NH-A6GB_nonMSIH,0,0.010457709244253167,0
lin,3,TCGA-QG-A5Z1_nonMSIH,0,4.589143838203512e-05,0
lin,3,TCGA-SS-A7HO_nonMSIH,0,7.68355471978495e-07,0
lin,4,TCGA-3L-AA1B_nonMSIH,0,4.106327768919669e-05,0
lin,4,TCGA-A6-4105_nonMSIH,0,0.002061761103797602,0
lin,4,TCGA-A6-5657_nonMSIH,0,1.872033990135196e-08,0
lin,4,TCGA-A6-5660_nonMSIH,0,0.009734687559822751,0
lin,4,TCGA-A6-5662_nonMSIH,0,1.1223181621803664e-11,0
lin,4,TCGA-A6-5664_nonMSIH,0,0.048235766497616156,0
lin,4,TCGA-A6-A566_nonMSIH,0,0.9582776522715643,1
lin,4,TCGA-AA-3666_nonMSIH,0,0.0032377553604573932,0
lin,4,TCGA-AA-3678_nonMSIH,0,1.9995106387806744e-05,0
lin,4,TCGA-AA-3696_nonMSIH,0,3.457884933973915e-05,0
lin,4,TCGA-AA-3814_nonMSIH,0,1.3359864145214224e-07,0
lin,4,TCGA-AA-3846_nonMSIH,0,0.000778142713534664,0
lin,4,TCGA-AA-3851_nonMSIH,0,0.0003044362450168474,0
lin,4,TCGA-AA-3855_nonMSIH,0,3.7364229546086434e-05,0
lin,4,TCGA-AA-3952_nonMSIH,0,0.5145926678840077,1
lin,4,TCGA-AA-3971_nonMSIH,0,0.0004167029965181802,0
lin,4,TCGA-AA-3982_nonMSIH,0,0.0011224642804742644,0
lin,4,TCGA-AA-A01P_MSIH,1,0.9971248139808848,1
lin,4,TCGA-AA-A03J_nonMSIH,0,0.0034191224405204783,0
lin,4,TCGA-AD-6964_MSIH,1,0.9999980329852549,1
lin,4,TCGA-AF-2693_nonMSIH,0,0.0044542176044124636,0
lin,4,TCGA-AF-6672_nonMSIH,0,6.672363334607976e-05,0
lin,4,TCGA-AG-3727_nonMSIH,0,1.6862048986373265e-06,0
lin,4,TCGA-AG-3885_nonMSIH,0,1.0988285729396477e-07,0
lin,4,TCGA-AG-3893_nonMSIH,0,1.6017424959741122e-07,0
lin,4,TCGA-AG-3896_nonMSIH,0,0.00018608911728345127,0
lin,4,TCGA-AG-4001_nonMSIH,0,0.0054496819212024985,0
lin,4,TCGA-AG-4008_nonMSIH,0,3.4142452441377365e-05,0
lin,4,TCGA-AG-A015_nonMSIH,0,0.16525636971356786,0
lin,4,TCGA-AG-A01L_nonMSIH,0,0.0002890546654698317,0
lin,4,TCGA-AG-A01N_nonMSIH,0,1.338596157076854e-07,0
lin,4,TCGA-AG-A01Y_nonMSIH,0,0.00014932575486824266,0
lin,4,TCGA-AG-A026_nonMSIH,0,0.05035874290519687,0
lin,4,TCGA-AH-6544_nonMSIH,0,4.3345473386350406e-08,0
lin,4,TCGA-AM-5821_MSIH,1,0.004347521555347131,0
lin,4,TCGA-AY-4070_nonMSIH,0,3.7186128013511068e-09,0
lin,4,TCGA-AY-4071_nonMSIH,0,0.20101191386498884,0
lin,4,TCGA-AZ-4616_nonMSIH,0,0.001244401548617627,0
lin,4,TCGA-AZ-4681_nonMSIH,0,2.8150290497583423e-07,0
lin,4,TCGA-AZ-4682_nonMSIH,0,7.47118195253506e-11,0
lin,4,TCGA-AZ-5403_nonMSIH,0,5.2182689385423416e-14,0
lin,4,TCGA-AZ-6605_nonMSIH,0,3.89585317469567e-09,0
lin,4,TCGA-CA-5256_nonMSIH,0,3.702984774816518e-06,0
lin,4,TCGA-CA-6716_nonMSIH,0,0.0011860457964942262,0
lin,4,TCGA-CA-6718_nonMSIH,0,0.6188730132137706,1
lin,4,TCGA-CA-6719_nonMSIH,0,5.115559792334553e-07,0
lin,4,TCGA-CI-6622_nonMSIH,0,1.963221365994558e-07,0
lin,4,TCGA-CK-4948_nonMSIH,0,3.0209265165017376e-07,0
lin,4,TCGA-CK-4952_nonMSIH,0,0.021090175684419038,0
lin,4,TCGA-CK-5912_nonMSIH,0,1.4918951346096875e-09,0
lin,4,TCGA-CK-5913_MSIH,1,0.9960061632834635,1
lin,4,TCGA-CK-5914_nonMSIH,0,3.8625016236098154e-08,0
lin,4,TCGA-CK-6747_MSIH,1,1.504698459861935e-05,0
lin,4,TCGA-CK-6748_nonMSIH,0,0.00018642367463682404,0
lin,4,TCGA-CM-5349_nonMSIH,0,1.2028899664259992e-07,0
lin,4,TCGA-CM-6163_nonMSIH,0,0.0006857169653834073,0
lin,4,TCGA-CM-6166_nonMSIH,0,6.017969104023546e-07,0
lin,4,TCGA-CM-6168_nonMSIH,0,0.882791186661307,1
lin,4,TCGA-CM-6169_nonMSIH,0,0.005351715472124498,0
lin,4,TCGA-CM-6172_nonMSIH,0,3.7881587161537377e-10,0
lin,4,TCGA-CM-6675_nonMSIH,0,0.016005463430348185,0
lin,4,TCGA-D5-5538_nonMSIH,0,9.565890372869642e-07,0
lin,4,TCGA-D5-6532_nonMSIH,0,3.753915922127615e-06,0
lin,4,TCGA-D5-6535_nonMSIH,0,0.0002379347114634847,0
lin,4,TCGA-D5-6537_nonMSIH,0,0.002080114624295494,0
lin,4,TCGA-D5-6538_nonMSIH,0,4.8253278854169736e-05,0
lin,4,TCGA-D5-6920_nonMSIH,0,0.0012798994000893537,0
lin,4,TCGA-D5-6922_nonMSIH,0,5.1001109931987675e-05,0
lin,4,TCGA-D5-6924_nonMSIH,0,0.00015139906562929503,0
lin,4,TCGA-DC-4745_nonMSIH,0,9.703053652340658e-07,0
lin,4,TCGA-DC-4749_nonMSIH,0,1.1910627967835633e-07,0
lin,4,TCGA-DC-6157_nonMSIH,0,2.408444705780105e-10,0
lin,4,TCGA-DC-6160_nonMSIH,0,9.627952637219553e-09,0
lin,4,TCGA-DM-A1D9_nonMSIH,0,1.4768880029706995e-09,0
lin,4,TCGA-DM-A282_nonMSIH,0,1.568509320613735e-08,0
lin,4,TCGA-DY-A0XA_nonMSIH,0,1.1262475051662703e-08,0
lin,4,TCGA-EF-5830_nonMSIH,0,7.912261038048115e-07,0
lin,4,TCGA-EI-6511_nonMSIH,0,9.816797871851785e-07,0
lin,4,TCGA-EI-6513_nonMSIH,0,0.0374581207343673,0
lin,4,TCGA-EI-6884_nonMSIH,0,8.572488181466787e-06,0
lin,4,TCGA-F4-6459_nonMSIH,0,5.871016490185585e-09,0
lin,4,TCGA-F4-6461_nonMSIH,0,5.17952490867517e-06,0
lin,4,TCGA-F4-6569_nonMSIH,0,9.129486024383854e-11,0
lin,4,TCGA-F4-6703_MSIH,1,2.455164221935949e-06,0
lin,4,TCGA-F4-6805_nonMSIH,0,1.6433634588531693e-07,0
lin,4,TCGA-F4-6806_nonMSIH,0,7.5609384167281e-10,0
lin,4,TCGA-G4-6294_nonMSIH,0,0.0008547067334134662,0
lin,4,TCGA-G4-6295_nonMSIH,0,0.0035389634202649123,0
lin,4,TCGA-G4-6303_nonMSIH,0,1.0204194902521481e-06,0
lin,4,TCGA-G4-6304_MSIH,1,0.27352487095412653,0
lin,4,TCGA-G4-6306_nonMSIH,0,0.0010364319068188051,0
lin,4,TCGA-G4-6307_nonMSIH,0,5.428986250627259e-07,0
lin,4,TCGA-G4-6320_MSIH,1,1.3821583447908207e-05,0
lin,4,TCGA-G4-6321_nonMSIH,0,0.9995973852516109,1
lin,4,TCGA-G4-6628_MSIH,1,0.8989770777347149,1
lin,4,TCGA-NH-A5IV_MSIH,1,0.005259803528046873,0
lin,4,TCGA-NH-A6GA_nonMSIH,0,3.169874399214993e-09,0
lin,4,TCGA-QG-A5YW_nonMSIH,0,7.501473402724609e-05,0
lin,4,TCGA-QG-A5Z2_MSIH,1,3.597692072476372e-05,0
lin,4,TCGA-QL-A97D_nonMSIH,0,4.049555886895445e-06,0
lin,4,TCGA-WS-AB45_MSIH,1,0.9687025505795531,1
ann,1,TCGA-5M-AAT4_nonMSIH,0,0.3911978602409363,0
ann,1,TCGA-5M-AAT6_MSIH,1,0.9762000441551208,1
ann,1,TCGA-A6-2671_nonMSIH,0,0.3091476857662201,0
ann,1,TCGA-A6-2686_MSIH,1,0.5289413332939148,1
ann,1,TCGA-A6-3807_nonMSIH,0,0.41804131865501404,0
ann,1,TCGA-A6-5661_MSIH,1,0.8056555986404419,1
ann,1,TCGA-A6-6137_nonMSIH,0,0.5099653601646423,1
ann,1,TCGA-A6-6651_nonMSIH,0,0.5829696655273438,1
ann,1,TCGA-A6-6652_nonMSIH,0,0.459394246339798,0
ann,1,TCGA-A6-6654_nonMSIH,0,0.21171943843364716,0
ann,1,TCGA-A6-A565_nonMSIH,0,0.9578990936279297,1
ann,1,TCGA-A6-A567_nonMSIH,0,0.3622114360332489,0
ann,1,TCGA-AA-3679_nonMSIH,0,0.3165225684642792,0
ann,1,TCGA-AA-3680_nonMSIH,0,0.15925544500350952,0
ann,1,TCGA-AA-3684_nonMSIH,0,0.505686342716217,1
ann,1,TCGA-AA-3688_nonMSIH,0,0.2837742269039154,0
ann,1,TCGA-AA-3693_nonMSIH,0,0.18120712041854858,0
ann,1,TCGA-AA-3812_nonMSIH,0,0.10691694915294647,0
ann,1,TCGA-AA-3818_nonMSIH,0,0.18442362546920776,0
ann,1,TCGA-AA-3831_nonMSIH,0,0.2957848012447357,0
ann,1,TCGA-AA-3833_MSIH,1,0.6337569355964661,1
ann,1,TCGA-AA-3837_nonMSIH,0,0.213058203458786,0
ann,1,TCGA-AA-3850_nonMSIH,0,0.1786879003047943,0
ann,1,TCGA-AA-3854_nonMSIH,0,0.11250557005405426,0
ann,1,TCGA-AA-3866_nonMSIH,0,0.5890539884567261,1
ann,1,TCGA-AA-3867_nonMSIH,0,0.41051802039146423,0
ann,1,TCGA-AA-3875_nonMSIH,0,0.3169184625148773,0
ann,1,TCGA-AA-3947_MSIH,1,0.3478842079639435,0
ann,1,TCGA-AA-3949_MSIH,1,0.7289400100708008,1
ann,1,TCGA-AA-3979_nonMSIH,0,0.29373541474342346,0
ann,1,TCGA-AA-3984_nonMSIH,0,0.24559524655342102,0
ann,1,TCGA-AA-3994_nonMSIH,0,0.39843517541885376,0
ann,1,TCGA-AA-A01S_nonMSIH,0,0.5248270034790039,1
ann,1,TCGA-AA-A01X_nonMSIH,0,0.17744174599647522,0
ann,1,TCGA-AD-6888_nonMSIH,0,0.3608510196208954,0
ann,1,TCGA-AD-6901_nonMSIH,0,0.46933239698410034,0
ann,1,TCGA-AD-6963_nonMSIH,0,0.24129299819469452,0
ann,1,TCGA-AF-2687_nonMSIH,0,0.09313659369945526,0
ann,1,TCGA-AF-4110_nonMSIH,0,0.20123565196990967,0
ann,1,TCGA-AF-6136_nonMSIH,0,0.16638603806495667,0
ann,1,TCGA-AG-3726_nonMSIH,0,0.1668003648519516,0
ann,1,TCGA-AG-3878_nonMSIH,0,0.2941817045211792,0
ann,1,TCGA-AG-3892_nonMSIH,0,0.12510421872138977,0
ann,1,TCGA-AG-4021_nonMSIH,0,0.09638669341802597,0
ann,1,TCGA-AG-4022_nonMSIH,0,0.37749138474464417,0
ann,1,TCGA-AG-A008_nonMSIH,0,0.21788853406906128,0
ann,1,TCGA-AG-A011_nonMSIH,0,0.4169844388961792,0
ann,1,TCGA-AG-A01W_nonMSIH,0,0.3927644193172455,0
ann,1,TCGA-AG-A02N_MSIH,1,0.42455413937568665,0
ann,1,TCGA-AH-6903_nonMSIH,0,0.1763368844985962,0
ann,1,TCGA-AY-6196_nonMSIH,0,0.9910427331924438,1
ann,1,TCGA-AY-A69D_nonMSIH,0,0.4901251196861267,0
ann,1,TCGA-AZ-4614_nonMSIH,0,0.36787304282188416,0
ann,1,TCGA-AZ-4615_MSIH,1,0.5350498557090759,1
ann,1,TCGA-AZ-6603_nonMSIH,0,0.17834751307964325,0
ann,1,TCGA-CA-5255_nonMSIH,0,0.2569376230239868,0
ann,1,TCGA-CA-5797_nonMSIH,0,0.37794172763824463,0
ann,1,TCGA-CI-6624_nonMSIH,0,0.23848938941955566,0
ann,1,TCGA-CK-4947_nonMSIH,0,0.4427894651889801,0
ann,1,TCGA-CK-5916_MSIH,1,0.935949981212616,1
ann,1,TCGA-CL-5917_nonMSIH,0,0.5703868269920349,1
ann,1,TCGA-CM-4743_MSIH,1,0.7946949005126953,1
ann,1,TCGA-CM-4744_nonMSIH,0,0.42109549045562744,0
ann,1,TCGA-CM-5344_nonMSIH,0,0.3992709219455719,0
ann,1,TCGA-CM-5868_nonMSIH,0,0.17527689039707184,0
ann,1,TCGA-CM-6165_nonMSIH,0,0.318248450756073,0
ann,1,TCGA-CM-6678_nonMSIH,0,0.3536756634712219,0
ann,1,TCGA-D5-5537_nonMSIH,0,0.43478748202323914,0
ann,1,TCGA-D5-6529_nonMSIH,0,0.1631564199924469,0
ann,1,TCGA-D5-6531_nonMSIH,0,0.12873080372810364,0
ann,1,TCGA-D5-6534_nonMSIH,0,0.1408994495868683,0
ann,1,TCGA-D5-6539_nonMSIH,0,0.11223630607128143,0
ann,1,TCGA-D5-6540_MSIH,1,0.13047735393047333,0
ann,1,TCGA-D5-6541_nonMSIH,0,0.4425632059574127,0
ann,1,TCGA-D5-6898_nonMSIH,0,0.8140550255775452,1
ann,1,TCGA-D5-6927_MSIH,1,0.9980727434158325,1
ann,1,TCGA-D5-6931_nonMSIH,0,0.33025020360946655,0
ann,1,TCGA-DC-6682_nonMSIH,0,0.3028128147125244,0
ann,1,TCGA-DM-A1D6_nonMSIH,0,0.38064810633659363,0
ann,1,TCGA-DM-A1D8_nonMSIH,0,0.10324914008378983,0
ann,1,TCGA-DM-A280_nonMSIH,0,0.5958876013755798,1
ann,1,TCGA-DM-A288_nonMSIH,0,0.45425498485565186,0
ann,1,TCGA-DM-A28A_nonMSIH,0,0.25492313504219055,0
ann,1,TCGA-DM-A28E_nonMSIH,0,0.318684846162796,0
ann,1,TCGA-DM-A28H_nonMSIH,0,0.8434698581695557,1
ann,1,TCGA-DY-A1DD_nonMSIH,0,0.1427941918373108,0
ann,1,TCGA-EI-6506_nonMSIH,0,0.3088364005088806,0
ann,1,TCGA-EI-6507_MSIH,1,0.5625067353248596,1
ann,1,TCGA-EI-6514_nonMSIH,0,0.14002582430839539,0
ann,1,TCGA-EI-6883_nonMSIH,0,0.14074940979480743,0
ann,1,TCGA-F4-6808_nonMSIH,0,0.09532064944505692,0
ann,1,TCGA-F4-6809_nonMSIH,0,0.17764393985271454,0
ann,1,TCGA-F5-6465_nonMSIH,0,0.428617000579834,0
ann,1,TCGA-F5-6811_nonMSIH,0,0.10254833847284317,0
ann,1,TCGA-G4-6293_nonMSIH,0,0.7242459058761597,1
ann,1,TCGA-G4-6297_nonMSIH,0,0.27128276228904724,0
ann,1,TCGA-G4-6311_nonMSIH,0,0.2698761820793152,0
ann,1,TCGA-G4-6322_nonMSIH,0,0.8891505599021912,1
ann,1,TCGA-G4-6323_nonMSIH,0,0.4823923408985138,0
ann,1,TCGA-G4-6586_MSIH,1,0.9853025674819946,1
ann,1,TCGA-G4-6588_MSIH,1,0.9554118514060974,1
ann,1,TCGA-NH-A50V_nonMSIH,0,0.7064891457557678,1
ann,1,TCGA-QG-A5YX_nonMSIH,0,0.22123125195503235,0
ann,2,TCGA-4N-A93T_nonMSIH,0,0.26504242420196533,0
ann,2,TCGA-A6-2685_nonMSIH,0,0.2671571671962738,0
ann,2,TCGA-A6-4107_nonMSIH,0,0.5070990324020386,1
ann,2,TCGA-A6-5665_MSIH,1,0.8924132585525513,1
ann,2,TCGA-A6-6648_nonMSIH,0,0.3622206747531891,0
ann,2,TCGA-A6-6653_MSIH,1,0.7169474363327026,1
ann,2,TCGA-A6-A56B_nonMSIH,0,0.17195656895637512,0
ann,2,TCGA-AA-3664_nonMSIH,0,0.1557224839925766,0
ann,2,TCGA-AA-3673_nonMSIH,0,0.19700275361537933,0
ann,2,TCGA-AA-3681_nonMSIH,0,0.23528455197811127,0
ann,2,TCGA-AA-3692_nonMSIH,0,0.2783963680267334,0
ann,2,TCGA-AA-3811_MSIH,1,0.24882622063159943,0
ann,2,TCGA-AA-3821_MSIH,1,0.3355651795864105,0
ann,2,TCGA-AA-3842_nonMSIH,0,0.20921050012111664,0
ann,2,TCGA-AA-3845_MSIH,1,0.37882810831069946,0
ann,2,TCGA-AA-3856_nonMSIH,0,0.26449891924858093,0
ann,2,TCGA-AA-3877_MSIH,1,0.4468776285648346,0
ann,2,TCGA-AA-3950_MSIH,1,0.6272832751274109,1
ann,2,TCGA-AA-3966_MSIH,1,0.6883634328842163,1
ann,2,TCGA-AA-3968_nonMSIH,0,0.3422422707080841,0
ann,2,TCGA-AA-3976_nonMSIH,0,0.38926151394844055,0
ann,2,TCGA-AA-3986_nonMSIH,0,0.22172559797763824,0
ann,2,TCGA-AA-A02E_nonMSIH,0,0.19737491011619568,0
ann,2,TCGA-AA-A02O_nonMSIH,0,0.3429982662200928,0
ann,2,TCGA-AD-5900_MSIH,1,0.797987163066864,1
ann,2,TCGA-AD-6889_MSIH,1,0.47925227880477905,0
ann,2,TCGA-AD-6965_nonMSIH,0,0.17511337995529175,0
ann,2,TCGA-AF-2690_nonMSIH,0,0.5804859399795532,1
ann,2,TCGA-AF-6655_nonMSIH,0,0.33120787143707275,0
ann,2,TCGA-AF-A56L_nonMSIH,0,0.2786433696746826,0
ann,2,TCGA-AF-A56N_nonMSIH,0,0.15796290338039398,0
ann,2,TCGA-AG-3894_nonMSIH,0,0.258182555437088,0
ann,2,TCGA-AG-3902_nonMSIH,0,0.24547667801380157,0
ann,2,TCGA-AG-4015_nonMSIH,0,0.2510019838809967,0
ann,2,TCGA-AG-A002_nonMSIH,0,0.293389230966568,0
ann,2,TCGA-AG-A00C_nonMSIH,0,0.2516959309577942,0
ann,2,TCGA-AG-A020_nonMSIH,0,0.4206732511520386,0
ann,2,TCGA-AG-A02X_nonMSIH,0,0.24943138659000397,0
ann,2,TCGA-AH-6547_nonMSIH,0,0.16685627400875092,0
ann,2,TCGA-AH-6644_nonMSIH,0,0.653557538986206,1
ann,2,TCGA-AH-6897_nonMSIH,0,0.21381893754005432,0
ann,2,TCGA-AU-3779_nonMSIH,0,0.7753676772117615,1
ann,2,TCGA-AY-6386_nonMSIH,0,0.36922553181648254,0
ann,2,TCGA-AY-A54L_nonMSIH,0,0.20162875950336456,0
ann,2,TCGA-AY-A71X_nonMSIH,0,0.3186629116535187,0
ann,2,TCGA-AY-A8YK_nonMSIH,0,0.12992024421691895,0
ann,2,TCGA-AZ-4315_nonMSIH,0,0.47138577699661255,0
ann,2,TCGA-AZ-6598_MSIH,1,0.9853143692016602,1
ann,2,TCGA-AZ-6599_nonMSIH,0,0.23983392119407654,0
ann,2,TCGA-AZ-6606_nonMSIH,0,0.46081680059432983,0
ann,2,TCGA-CA-5254_nonMSIH,0,0.24430391192436218,0
ann,2,TCGA-CK-5915_nonMSIH,0,0.33144766092300415,0
ann,2,TCGA-CL-5918_nonMSIH,0,0.5456776022911072,1
ann,2,TCGA-CM-4747_nonMSIH,0,0.3203671872615814,0
ann,2,TCGA-CM-4750_nonMSIH,0,0.29202502965927124,0
ann,2,TCGA-CM-4752_nonMSIH,0,0.507764995098114,1
ann,2,TCGA-CM-5348_nonMSIH,0,0.32570603489875793,0
ann,2,TCGA-CM-5860_nonMSIH,0,0.26126953959465027,0
ann,2,TCGA-CM-5862_nonMSIH,0,0.2111852914094925,0
ann,2,TCGA-CM-5863_nonMSIH,0,0.2180851697921753,0
ann,2,TCGA-CM-5864_nonMSIH,0,0.4223463833332062,0
ann,2,TCGA-CM-6162_MSIH,1,0.459827721118927,0
ann,2,TCGA-CM-6164_nonMSIH,0,0.30432066321372986,0
ann,2,TCGA-CM-6167_nonMSIH,0,0.8511797785758972,1
ann,2,TCGA-D5-5540_nonMSIH,0,0.3529326021671295,0
ann,2,TCGA-D5-5541_nonMSIH,0,0.2441745102405548,0
ann,2,TCGA-D5-6533_nonMSIH,0,0.22948625683784485,0
ann,2,TCGA-D5-6926_nonMSIH,0,0.3282093107700348,0
ann,2,TCGA-D5-6929_nonMSIH,0,0.5556601881980896,1
ann,2,TCGA-DC-5337_nonMSIH,0,0.21246232092380524,0
ann,2,TCGA-DC-5869_nonMSIH,0,0.2275271713733673,0
ann,2,TCGA-DC-6154_MSIH,1,0.484324187040329,0
ann,2,TCGA-DC-6155_nonMSIH,0,0.14223472774028778,0
ann,2,TCGA-DC-6158_nonMSIH,0,0.40964147448539734,0
ann,2,TCGA-DM-A1D0_nonMSIH,0,0.18814438581466675,0
ann,2,TCGA-DM-A1D4_nonMSIH,0,0.1601940393447876,0
ann,2,TCGA-DM-A1DA_nonMSIH,0,0.2376585602760315,0
ann,2,TCGA-DM-A285_nonMSIH,0,0.1792210042476654,0
ann,2,TCGA-DM-A28F_nonMSIH,0,0.18799789249897003,0
ann,2,TCGA-DM-A28G_nonMSIH,0,0.24993836879730225,0
ann,2,TCGA-DM-A28M_nonMSIH,0,0.17189107835292816,0
ann,2,TCGA-DY-A1DF_nonMSIH,0,0.19885772466659546,0
ann,2,TCGA-DY-A1DG_nonMSIH,0,0.19926288723945618,0
ann,2,TCGA-EI-6509_nonMSIH,0,0.18405096232891083,0
ann,2,TCGA-EI-6881_nonMSIH,0,0.28487446904182434,0
ann,2,TCGA-EI-7004_nonMSIH,0,0.8445057272911072,1
ann,2,TCGA-F4-6463_nonMSIH,0,0.8171166777610779,1
ann,2,TCGA-F4-6807_nonMSIH,0,0.7875093817710876,1
ann,2,TCGA-F4-6855_nonMSIH,0,0.646499514579773,1
ann,2,TCGA-F5-6571_nonMSIH,0,0.46282273530960083,0
ann,2,TCGA-F5-6702_nonMSIH,0,0.2793133556842804,0
ann,2,TCGA-F5-6864_nonMSIH,0,0.5683712363243103,1
ann,2,TCGA-G4-6299_nonMSIH,0,0.7939748764038086,1
ann,2,TCGA-NH-A50U_nonMSIH,0,0.8854567408561707,1
ann,2,TCGA-NH-A6GC_nonMSIH,0,0.4466576874256134,0
ann,2,TCGA-NH-A8F8_nonMSIH,0,0.4477708637714386,0
ann,2,TCGA-QG-A5YV_nonMSIH,0,0.20659156143665314,0
ann,3,TCGA-5M-AATE_nonMSIH,0,0.16168685257434845,0
ann,3,TCGA-A6-2681_nonMSIH,0,0.879876434803009,1
ann,3,TCGA-A6-5666_nonMSIH,0,0.9586161375045776,1
ann,3,TCGA-A6-5667_nonMSIH,0,0.16487205028533936,0
ann,3,TCGA-A6-6138_nonMSIH,0,0.9916179776191711,1
ann,3,TCGA-A6-6142_nonMSIH,0,0.9405972957611084,1
ann,3,TCGA-A6-6649_nonMSIH,0,0.2790711522102356,0
ann,3,TCGA-AA-3667_nonMSIH,0,0.254526823759079,0
ann,3,TCGA-AA-3715_MSIH,1,0.9431130886077881,1
ann,3,TCGA-AA-3819_nonMSIH,0,0.19555695354938507,0
ann,3,TCGA-AA-3844_nonMSIH,0,0.30444154143333435,0
ann,3,TCGA-AA-3848_nonMSIH,0,0.304953932762146,0
ann,3,TCGA-AA-3852_nonMSIH,0,0.2551270127296448,0
ann,3,TCGA-AA-3858_nonMSIH,0,0.24553921818733215,0
ann,3,TCGA-AA-3864_MSIH,1,0.3067845404148102,0
ann,3,TCGA-AA-3956_nonMSIH,0,0.17051436007022858,0
ann,3,TCGA-AA-3973_nonMSIH,0,0.5325965285301208,1
ann,3,TCGA-AA-3975_nonMSIH,0,0.2819972336292267,0
ann,3,TCGA-AA-3989_nonMSIH,0,0.2215680480003357,0
ann,3,TCGA-AA-A010_nonMSIH,0,0.32981741428375244,0
ann,3,TCGA-AA-A01R_MSIH,1,0.6928213834762573,1
ann,3,TCGA-AA-A01T_nonMSIH,0,0.3287302255630493,0
ann,3,TCGA-AA-A01V_nonMSIH,0,0.20269298553466797,0
ann,3,TCGA-AA-A01Z_nonMSIH,0,0.17687074840068817,0
ann,3,TCGA-AA-A024_nonMSIH,0,0.2906007468700409,0
ann,3,TCGA-AA-A02F_nonMSIH,0,0.5529788136482239,1
ann,3,TCGA-AA-A02H_nonMSIH,0,0.3494449853897095,0
ann,3,TCGA-AA-A02Y_nonMSIH,0,0.18855565786361694,0
ann,3,TCGA-AA-A03F_nonMSIH,0,0.11117295175790787,0
ann,3,TCGA-AD-6548_nonMSIH,0,0.6539210677146912,1
ann,3,TCGA-AD-6890_nonMSIH,0,0.43772754073143005,0
ann,3,TCGA-AD-A5EJ_MSIH,1,0.47105103731155396,0
ann,3,TCGA-AD-A5EK_nonMSIH,0,0.40464913845062256,0
ann,3,TCGA-AF-3911_nonMSIH,0,0.8252488970756531,1
ann,3,TCGA-AF-A56K_nonMSIH,0,0.22074416279792786,0
ann,3,TCGA-AG-3882_nonMSIH,0,0.13774049282073975,0
ann,3,TCGA-AG-3883_nonMSIH,0,0.17408643662929535,0
ann,3,TCGA-AG-3887_nonMSIH,0,0.2472049742937088,0
ann,3,TCGA-AG-3890_nonMSIH,0,0.12610496580600739,0
ann,3,TCGA-AG-3898_nonMSIH,0,0.3610196113586426,0
ann,3,TCGA-AG-3901_nonMSIH,0,0.21832427382469177,0
ann,3,TCGA-AG-3909_nonMSIH,0,0.23456323146820068,0
ann,3,TCGA-AG-A016_nonMSIH,0,0.6241198182106018,1
ann,3,TCGA-AH-6643_nonMSIH,0,0.32579007744789124,0
ann,3,TCGA-AM-5820_nonMSIH,0,0.9365978837013245,1
ann,3,TCGA-AU-6004_MSIH,1,0.9930868744850159,1
ann,3,TCGA-AY-5543_nonMSIH,0,0.9190982580184937,1
ann,3,TCGA-AY-6197_MSIH,1,0.9963364601135254,1
ann,3,TCGA-AZ-4308_nonMSIH,0,0.36777228116989136,0
ann,3,TCGA-AZ-5407_nonMSIH,0,0.1530536562204361,0
ann,3,TCGA-AZ-6600_nonMSIH,0,0.9633057117462158,1
ann,3,TCGA-CA-5796_nonMSIH,0,0.2257629781961441,0
ann,3,TCGA-CA-6715_nonMSIH,0,0.24522581696510315,0
ann,3,TCGA-CA-6717_nonMSIH,0,0.858134388923645,1
ann,3,TCGA-CK-4950_nonMSIH,0,0.4268069863319397,0
ann,3,TCGA-CK-4951_MSIH,1,0.983221173286438,1
ann,3,TCGA-CK-6746_MSIH,1,0.9899214506149292,1
ann,3,TCGA-CK-6751_nonMSIH,0,0.6936906576156616,1
ann,3,TCGA-CL-4957_nonMSIH,0,0.18378914892673492,0
ann,3,TCGA-CM-4746_MSIH,1,0.9411112070083618,1
ann,3,TCGA-CM-4751_nonMSIH,0,0.570317804813385,1
ann,3,TCGA-CM-5341_nonMSIH,0,0.24229177832603455,0
ann,3,TCGA-CM-5861_MSIH,1,0.9649655818939209,1
ann,3,TCGA-CM-6161_nonMSIH,0,0.20582105219364166,0
ann,3,TCGA-CM-6170_nonMSIH,0,0.12502425909042358,0
ann,3,TCGA-CM-6171_MSIH,1,0.5603745579719543,1
ann,3,TCGA-CM-6674_MSIH,1,0.6004353761672974,1
ann,3,TCGA-CM-6676_nonMSIH,0,0.29439982771873474,0
ann,3,TCGA-CM-6677_nonMSIH,0,0.16510984301567078,0
ann,3,TCGA-CM-6679_nonMSIH,0,0.15061183273792267,0
ann,3,TCGA-D5-5539_nonMSIH,0,0.3294721245765686,0
ann,3,TCGA-D5-6530_MSIH,1,0.47774505615234375,0
ann,3,TCGA-D5-6536_nonMSIH,0,0.27012762427330017,0
ann,3,TCGA-D5-6928_MSIH,1,0.2293650060892105,0
ann,3,TCGA-D5-6930_MSIH,1,0.6598562002182007,1
ann,3,TCGA-D5-6932_nonMSIH,0,0.12576477229595184,0
ann,3,TCGA-DC-6681_nonMSIH,0,0.2098049372434616,0
ann,3,TCGA-DC-6683_nonMSIH,0,0.18324536085128784,0
ann,3,TCGA-DM-A0X9_nonMSIH,0,0.2654302716255188,0
ann,3,TCGA-DM-A0XD_nonMSIH,0,0.052796706557273865,0
ann,3,TCGA-DM-A0XF_nonMSIH,0,0.17322252690792084,0
ann,3,TCGA-DM-A1D7_nonMSIH,0,0.22666628658771515,0
ann,3,TCGA-DM-A1DB_nonMSIH,0,0.13247832655906677,0
ann,3,TCGA-DM-A1HA_nonMSIH,0,0.43578317761421204,0
ann,3,TCGA-DM-A28K_nonMSIH,0,0.13815099000930786,0
ann,3,TCGA-DT-5265_nonMSIH,0,0.30660757422447205,0
ann,3,TCGA-DY-A1DC_nonMSIH,0,0.519288957118988,1
ann,3,TCGA-EI-6508_nonMSIH,0,0.47150400280952454,0
ann,3,TCGA-EI-6510_nonMSIH,0,0.2103915959596634,0
ann,3,TCGA-EI-6512_nonMSIH,0,0.5194981098175049,1
ann,3,TCGA-EI-6882_MSIH,1,0.36952877044677734,0
ann,3,TCGA-EI-6885_nonMSIH,0,0.266561359167099,0
ann,3,TCGA-EI-7002_nonMSIH,0,0.15390852093696594,0
ann,3,TCGA-F4-6460_nonMSIH,0,0.15900403261184692,0
ann,3,TCGA-F4-6570_MSIH,1,0.999784529209137,1
ann,3,TCGA-F4-6704_nonMSIH,0,0.730863630771637,1
ann,3,TCGA-F4-6854_nonMSIH,0,0.2754303812980652,0
ann,3,TCGA-F4-6856_MSIH,1,0.9241457581520081,1
ann,3,TCGA-F5-6464_nonMSIH,0,0.5295684337615967,1
ann,3,TCGA-F5-6863_nonMSIH,0,0.15220706164836884,0
ann,3,TCGA-G4-6298_nonMSIH,0,0.33677640557289124,0
ann,3,TCGA-G4-6302_MSIH,1,0.9707762598991394,1
ann,3,TCGA-G4-6309_MSIH,1,0.9092854857444763,1
ann,3,TCGA-G4-6315_nonMSIH,0,0.10471821576356888,0
ann,3,TCGA-G4-6317_nonMSIH,0,0.4091508090496063,0
ann,3,TCGA-G4-6626_nonMSIH,0,0.4852847158908844,0
ann,3,TCGA-G4-6627_nonMSIH,0,0.66411954164505,1
ann,3,TCGA-G5-6641_nonMSIH,0,0.9639337062835693,1
ann,3,TCGA-NH-A50T_nonMSIH,0,0.10615793615579605,0
ann,3,TCGA-NH-A6GB_nonMSIH,0,0.18490788340568542,0
ann,3,TCGA-QG-A5Z1_nonMSIH,0,0.1846485733985901,0
ann,3,TCGA-SS-A7HO_nonMSIH,0,0.5318755507469177,1
ann,4,TCGA-3L-AA1B_nonMSIH,0,0.343013197183609,0
ann,4,TCGA-A6-4105_nonMSIH,0,0.323406845331192,0
ann,4,TCGA-A6-5657_nonMSIH,0,0.2876517176628113,0
ann,4,TCGA-A6-5660_nonMSIH,0,0.7742505073547363,1
ann,4,TCGA-A6-5662_nonMSIH,0,0.2822464406490326,0
ann,4,TCGA-A6-5664_nonMSIH,0,0.6922164559364319,1
ann,4,TCGA-A6-A566_nonMSIH,0,0.6973222494125366,1
ann,4,TCGA-AA-3666_nonMSIH,0,0.3292737603187561,0
ann,4,TCGA-AA-3678_nonMSIH,0,0.3271656632423401,0
ann,4,TCGA-AA-3696_nonMSIH,0,0.13931691646575928,0
ann,4,TCGA-AA-3814_nonMSIH,0,0.2462298721075058,0
ann,4,TCGA-AA-3846_nonMSIH,0,0.09916402399539948,0
ann,4,TCGA-AA-3851_nonMSIH,0,0.33741477131843567,0
ann,4,TCGA-AA-3855_nonMSIH,0,0.40440860390663147,0
ann,4,TCGA-AA-3952_nonMSIH,0,0.4784497022628784,0
ann,4,TCGA-AA-3971_nonMSIH,0,0.4050961434841156,0
ann,4,TCGA-AA-3982_nonMSIH,0,0.6177308559417725,1
ann,4,TCGA-AA-A01P_MSIH,1,0.8138959407806396,1
ann,4,TCGA-AA-A03J_nonMSIH,0,0.33859726786613464,0
ann,4,TCGA-AD-6964_MSIH,1,0.8449374437332153,1
ann,4,TCGA-AF-2693_nonMSIH,0,0.6063613295555115,1
ann,4,TCGA-AF-6672_nonMSIH,0,0.46078112721443176,0
ann,4,TCGA-AG-3727_nonMSIH,0,0.14590466022491455,0
ann,4,TCGA-AG-3885_nonMSIH,0,0.09689321368932724,0
ann,4,TCGA-AG-3893_nonMSIH,0,0.13509385287761688,0
ann,4,TCGA-AG-3896_nonMSIH,0,0.16699227690696716,0
ann,4,TCGA-AG-4001_nonMSIH,0,0.4344741702079773,0
ann,4,TCGA-AG-4008_nonMSIH,0,0.2819497585296631,0
ann,4,TCGA-AG-A015_nonMSIH,0,0.1596103459596634,0
ann,4,TCGA-AG-A01L_nonMSIH,0,0.17690536379814148,0
ann,4,TCGA-AG-A01N_nonMSIH,0,0.16730013489723206,0
ann,4,TCGA-AG-A01Y_nonMSIH,0,0.4116460978984833,0
ann,4,TCGA-AG-A026_nonMSIH,0,0.36569589376449585,0
ann,4,TCGA-AH-6544_nonMSIH,0,0.44441115856170654,0
ann,4,TCGA-AM-5821_MSIH,1,0.3915793299674988,0
ann,4,TCGA-AY-4070_nonMSIH,0,0.25838422775268555,0
ann,4,TCGA-AY-4071_nonMSIH,0,0.8289836049079895,1
ann,4,TCGA-AZ-4616_nonMSIH,0,0.4129425585269928,0
ann,4,TCGA-AZ-4681_nonMSIH,0,0.3320459723472595,0
ann,4,TCGA-AZ-4682_nonMSIH,0,0.14691311120986938,0
ann,4,TCGA-AZ-5403_nonMSIH,0,0.17071479558944702,0
ann,4,TCGA-AZ-6605_nonMSIH,0,0.18457232415676117,0
ann,4,TCGA-CA-5256_nonMSIH,0,0.2544785439968109,0
ann,4,TCGA-CA-6716_nonMSIH,0,0.18566662073135376,0
ann,4,TCGA-CA-6718_nonMSIH,0,0.5479779839515686,1
ann,4,TCGA-CA-6719_nonMSIH,0,0.14071738719940186,0
ann,4,TCGA-CI-6622_nonMSIH,0,0.2998574376106262,0
ann,4,TCGA-CK-4948_nonMSIH,0,0.31603267788887024,0
ann,4,TCGA-CK-4952_nonMSIH,0,0.5326500535011292,1
ann,4,TCGA-CK-5912_nonMSIH,0,0.2966374456882477,0
ann,4,TCGA-CK-5913_MSIH,1,0.8196437358856201,1
ann,4,TCGA-CK-5914_nonMSIH,0,0.25152093172073364,0
ann,4,TCGA-CK-6747_MSIH,1,0.3972610533237457,0
ann,4,TCGA-CK-6748_nonMSIH,0,0.5665886402130127,1
ann,4,TCGA-CM-5349_nonMSIH,0,0.31572338938713074,0
ann,4,TCGA-CM-6163_nonMSIH,0,0.3549964427947998,0
ann,4,TCGA-CM-6166_nonMSIH,0,0.28572461009025574,0
ann,4,TCGA-CM-6168_nonMSIH,0,0.8273760676383972,1
ann,4,TCGA-CM-6169_nonMSIH,0,0.3669464588165283,0
ann,4,TCGA-CM-6172_nonMSIH,0,0.3017604947090149,0
ann,4,TCGA-CM-6675_nonMSIH,0,0.3250030279159546,0
ann,4,TCGA-D5-5538_nonMSIH,0,0.3724777102470398,0
ann,4,TCGA-D5-6532_nonMSIH,0,0.37536096572875977,0
ann,4,TCGA-D5-6535_nonMSIH,0,0.291790634393692,0
ann,4,TCGA-D5-6537_nonMSIH,0,0.39316803216934204,0
ann,4,TCGA-D5-6538_nonMSIH,0,0.38123825192451477,0
ann,4,TCGA-D5-6920_nonMSIH,0,0.6226271986961365,1
ann,4,TCGA-D5-6922_nonMSIH,0,0.12685006856918335,0
ann,4,TCGA-D5-6924_nonMSIH,0,0.34951213002204895,0
ann,4,TCGA-DC-4745_nonMSIH,0,0.22883768379688263,0
ann,4,TCGA-DC-4749_nonMSIH,0,0.32384687662124634,0
ann,4,TCGA-DC-6157_nonMSIH,0,0.180442214012146,0
ann,4,TCGA-DC-6160_nonMSIH,0,0.19518038630485535,0
ann,4,TCGA-DM-A1D9_nonMSIH,0,0.37994059920310974,0
ann,4,TCGA-DM-A282_nonMSIH,0,0.1982218325138092,0
ann,4,TCGA-DY-A0XA_nonMSIH,0,0.3475550711154938,0
ann,4,TCGA-EF-5830_nonMSIH,0,0.21913236379623413,0
ann,4,TCGA-EI-6511_nonMSIH,0,0.2884252369403839,0
ann,4,TCGA-EI-6513_nonMSIH,0,0.5761973261833191,1
ann,4,TCGA-EI-6884_nonMSIH,0,0.6768360137939453,1
ann,4,TCGA-F4-6459_nonMSIH,0,0.24746495485305786,0
ann,4,TCGA-F4-6461_nonMSIH,0,0.42885342240333557,0
ann,4,TCGA-F4-6569_nonMSIH,0,0.2779964506626129,0
ann,4,TCGA-F4-6703_MSIH,1,0.7747156023979187,1
ann,4,TCGA-F4-6805_nonMSIH,0,0.5615972280502319,1
ann,4,TCGA-F4-6806_nonMSIH,0,0.43192094564437866,0
ann,4,TCGA-G4-6294_nonMSIH,0,0.400197833776474,0
ann,4,TCGA-G4-6295_nonMSIH,0,0.5770080089569092,1
ann,4,TCGA-G4-6303_nonMSIH,0,0.21928924322128296,0
ann,4,TCGA-G4-6304_MSIH,1,0.7830153703689575,1
ann,4,TCGA-G4-6306_nonMSIH,0,0.4629639685153961,0
ann,4,TCGA-G4-6307_nonMSIH,0,0.34602081775665283,0
ann,4,TCGA-G4-6320_MSIH,1,0.33678269386291504,0
ann,4,TCGA-G4-6321_nonMSIH,0,0.821768581867218,1
ann,4,TCGA-G4-6628_MSIH,1,0.6277253031730652,1
ann,4,TCGA-NH-A5IV_MSIH,1,0.375166654586792,0
ann,4,TCGA-NH-A6GA_nonMSIH,0,0.16451190412044525,0
ann,4,TCGA-QG-A5YW_nonMSIH,0,0.5723084211349487,1
ann,4,TCGA-QG-A5Z2_MSIH,1,0.39329907298088074,0
ann,4,TCGA-QL-A97D_nonMSIH,0,0.20694567263126373,0
ann,4,TCGA-WS-AB45_MSIH,1,0.8036191463470459,1
knn,1,TCGA-5M-AAT4_nonMSIH,0,0.2857142857142857,0
knn,1,TCGA-5M-AAT6_MSIH,1,0.2857142857142857,0
knn,1,TCGA-A6-2671_nonMSIH,0,0.2857142857142857,0
knn,1,TCGA-A6-2686_MSIH,1,0.2857142857142857,0
knn,1,TCGA-A6-3807_nonMSIH,0,0.2857142857142857,0
knn,1,TCGA-A6-5661_MSIH,1,0.14285714285714285,0
knn,1,TCGA-A6-6137_nonMSIH,0,0.14285714285714285,0
knn,1,TCGA-A6-6651_nonMSIH,0,0.2857142857142857,0
knn,1,TCGA-A6-6652_nonMSIH,0,0.2857142857142857,0
knn,1,TCGA-A6-6654_nonMSIH,0,0.0,0
knn,1,TCGA-A6-A565_nonMSIH,0,0.5714285714285714,1
knn,1,TCGA-A6-A567_nonMSIH,0,0.14285714285714285,0
knn,1,TCGA-AA-3679_nonMSIH,0,0.14285714285714285,0
knn,1,TCGA-AA-3680_nonMSIH,0,0.14285714285714285,0
knn,1,TCGA-AA-3684_nonMSIH,0,0.2857142857142857,0
knn,1,TCGA-AA-3688_nonMSIH,0,0.14285714285714285,0
knn,1,TCGA-AA-3693_nonMSIH,0,0.2857142857142857,0
knn,1,TCGA-AA-3812_nonMSIH,0,0.14285714285714285,0
knn,1,TCGA-AA-3818_nonMSIH,0,0.0,0
knn,1,TCGA-AA-3831_nonMSIH,0,0.0,0
knn,1,TCGA-AA-3833_MSIH,1,0.2857142857142857,0
knn,1,TCGA-AA-3837_nonMSIH,0,0.14285714285714285,0
knn,1,TCGA-AA-3850_nonMSIH,0,0.0,0
knn,1,TCGA-AA-3854_nonMSIH,0,0.0,0
knn,1,TCGA-AA-3866_nonMSIH,0,0.14285714285714285,0
knn,1,TCGA-AA-3867_nonMSIH,0,0.14285714285714285,0
knn,1,TCGA-AA-3875_nonMSIH,0,0.2857142857142857,0
knn,1,TCGA-AA-3947_MSIH,1,0.14285714285714285,0
knn,1,TCGA-AA-3949_MSIH,1,0.42857142857142855,0
knn,1,TCGA-AA-3979_nonMSIH,0,0.14285714285714285,0
knn,1,TCGA-AA-3984_nonMSIH,0,0.14285714285714285,0
knn,1,TCGA-AA-3994_nonMSIH,0,0.14285714285714285,0
knn,1,TCGA-AA-A01S_nonMSIH,0,0.14285714285714285,0
knn,1,TCGA-AA-A01X_nonMSIH,0,0.14285714285714285,0
knn,1,TCGA-AD-6888_nonMSIH,0,0.0,0
knn,1,TCGA-AD-6901_nonMSIH,0,0.0,0
knn,1,TCGA-AD-6963_nonMSIH,0,0.0,0
knn,1,TCGA-AF-2687_nonMSIH,0,0.0,0
knn,1,TCGA-AF-4110_nonMSIH,0,0.14285714285714285,0
knn,1,TCGA-AF-6136_nonMSIH,0,0.14285714285714285,0
knn,1,TCGA-AG-3726_nonMSIH,0,0.0,0
knn,1,TCGA-AG-3878_nonMSIH,0,0.14285714285714285,0
knn,1,TCGA-AG-3892_nonMSIH,0,0.14285714285714285,0
knn,1,TCGA-AG-4021_nonMSIH,0,0.0,0
knn,1,TCGA-AG-4022_nonMSIH,0,0.2857142857142857,0
knn,1,TCGA-AG-A008_nonMSIH,0,0.0,0
knn,1,TCGA-AG-A011_nonMSIH,0,0.0,0
knn,1,TCGA-AG-A01W_nonMSIH,0,0.14285714285714285,0
knn,1,TCGA-AG-A02N_MSIH,1,0.14285714285714285,0
knn,1,TCGA-AH-6903_nonMSIH,0,0.0,0
knn,1,TCGA-AY-6196_nonMSIH,0,0.5714285714285714,1
knn,1,TCGA-AY-A69D_nonMSIH,0,0.0,0
knn,1,TCGA-AZ-4614_nonMSIH,0,0.14285714285714285,0
knn,1,TCGA-AZ-4615_MSIH,1,0.14285714285714285,0
knn,1,TCGA-AZ-6603_nonMSIH,0,0.0,0
knn,1,TCGA-CA-5255_nonMSIH,0,0.0,0
knn,1,TCGA-CA-5797_nonMSIH,0,0.0,0
knn,1,TCGA-CI-6624_nonMSIH,0,0.0,0
knn,1,TCGA-CK-4947_nonMSIH,0,0.14285714285714285,0
knn,1,TCGA-CK-5916_MSIH,1,0.14285714285714285,0
knn,1,TCGA-CL-5917_nonMSIH,0,0.14285714285714285,0
knn,1,TCGA-CM-4743_MSIH,1,0.2857142857142857,0
knn,1,TCGA-CM-4744_nonMSIH,0,0.0,0
knn,1,TCGA-CM-5344_nonMSIH,0,0.0,0
knn,1,TCGA-CM-5868_nonMSIH,0,0.0,0
knn,1,TCGA-CM-6165_nonMSIH,0,0.14285714285714285,0
knn,1,TCGA-CM-6678_nonMSIH,0,0.42857142857142855,0
knn,1,TCGA-D5-5537_nonMSIH,0,0.2857142857142857,0
knn,1,TCGA-D5-6529_nonMSIH,0,0.0,0
knn,1,TCGA-D5-6531_nonMSIH,0,0.14285714285714285,0
knn,1,TCGA-D5-6534_nonMSIH,0,0.42857142857142855,0
knn,1,TCGA-D5-6539_nonMSIH,0,0.14285714285714285,0
knn,1,TCGA-D5-6540_MSIH,1,0.14285714285714285,0
knn,1,TCGA-D5-6541_nonMSIH,0,0.14285714285714285,0
knn,1,TCGA-D5-6898_nonMSIH,0,0.2857142857142857,0
knn,1,TCGA-D5-6927_MSIH,1,0.2857142857142857,0
knn,1,TCGA-D5-6931_nonMSIH,0,0.14285714285714285,0
knn,1,TCGA-DC-6682_nonMSIH,0,0.0,0
knn,1,TCGA-DM-A1D6_nonMSIH,0,0.14285714285714285,0
knn,1,TCGA-DM-A1D8_nonMSIH,0,0.14285714285714285,0
knn,1,TCGA-DM-A280_nonMSIH,0,0.14285714285714285,0
knn,1,TCGA-DM-A288_nonMSIH,0,0.0,0
knn,1,TCGA-DM-A28A_nonMSIH,0,0.0,0
knn,1,TCGA-DM-A28E_nonMSIH,0,0.0,0
knn,1,TCGA-DM-A28H_nonMSIH,0,0.0,0
knn,1,TCGA-DY-A1DD_nonMSIH,0,0.0,0
knn,1,TCGA-EI-6506_nonMSIH,0,0.0,0
knn,1,TCGA-EI-6507_MSIH,1,0.5714285714285714,1
knn,1,TCGA-EI-6514_nonMSIH,0,0.0,0
knn,1,TCGA-EI-6883_nonMSIH,0,0.0,0
knn,1,TCGA-F4-6808_nonMSIH,0,0.0,0
knn,1,TCGA-F4-6809_nonMSIH,0,0.14285714285714285,0
knn,1,TCGA-F5-6465_nonMSIH,0,0.14285714285714285,0
knn,1,TCGA-F5-6811_nonMSIH,0,0.0,0
knn,1,TCGA-G4-6293_nonMSIH,0,0.2857142857142857,0
knn,1,TCGA-G4-6297_nonMSIH,0,0.14285714285714285,0
knn,1,TCGA-G4-6311_nonMSIH,0,0.2857142857142857,0
knn,1,TCGA-G4-6322_nonMSIH,0,0.42857142857142855,0
knn,1,TCGA-G4-6323_nonMSIH,0,0.0,0
knn,1,TCGA-G4-6586_MSIH,1,0.7142857142857143,1
knn,1,TCGA-G4-6588_MSIH,1,0.7142857142857143,1
knn,1,TCGA-NH-A50V_nonMSIH,0,0.14285714285714285,0
knn,1,TCGA-QG-A5YX_nonMSIH,0,0.0,0
knn,2,TCGA-4N-A93T_nonMSIH,0,0.10012860570863778,0
knn,2,TCGA-A6-2685_nonMSIH,0,0.10345646218835308,0
knn,2,TCGA-A6-4107_nonMSIH,0,0.0,0
knn,2,TCGA-A6-5665_MSIH,1,0.10015124719904168,0
knn,2,TCGA-A6-6648_nonMSIH,0,0.10608849017147483,0
knn,2,TCGA-A6-6653_MSIH,1,0.09765133329990851,0
knn,2,TCGA-A6-A56B_nonMSIH,0,0.09501793394583315,0
knn,2,TCGA-AA-3664_nonMSIH,0,0.0,0
knn,2,TCGA-AA-3673_nonMSIH,0,0.0,0
knn,2,TCGA-AA-3681_nonMSIH,0,0.09086842286192628,0
knn,2,TCGA-AA-3692_nonMSIH,0,0.0,0
knn,2,TCGA-AA-3811_MSIH,1,0.0,0
knn,2,TCGA-AA-3821_MSIH,1,0.09575271118029086,0
knn,2,TCGA-AA-3842_nonMSIH,0,0.0,0
knn,2,TCGA-AA-3845_MSIH,1,0.0,0
knn,2,TCGA-AA-3856_nonMSIH,0,0.09923101004379102,0
knn,2,TCGA-AA-3877_MSIH,1,0.0954292899371257,0
knn,2,TCGA-AA-3950_MSIH,1,0.11917900035104877,0
knn,2,TCGA-AA-3966_MSIH,1,0.1123279721147324,0
knn,2,TCGA-AA-3968_nonMSIH,0,0.10364412770480773,0
knn,2,TCGA-AA-3976_nonMSIH,0,0.09687018146748715,0
knn,2,TCGA-AA-3986_nonMSIH,0,0.0,0
knn,2,TCGA-AA-A02E_nonMSIH,0,0.08966188278262624,0
knn,2,TCGA-AA-A02O_nonMSIH,0,0.21222237425625715,0
knn,2,TCGA-AD-5900_MSIH,1,0.31408905734153514,0
knn,2,TCGA-AD-6889_MSIH,1,0.10850175147067455,0
knn,2,TCGA-AD-6965_nonMSIH,0,0.1020647103178212,0
knn,2,TCGA-AF-2690_nonMSIH,0,0.0,0
knn,2,TCGA-AF-6655_nonMSIH,0,0.09230162005290349,0
knn,2,TCGA-AF-A56L_nonMSIH,0,0.0,0
knn,2,TCGA-AF-A56N_nonMSIH,0,0.09604517842166464,0
knn,2,TCGA-AG-3894_nonMSIH,0,0.0,0
knn,2,TCGA-AG-3902_nonMSIH,0,0.09719805457061094,0
knn,2,TCGA-AG-4015_nonMSIH,0,0.0,0
knn,2,TCGA-AG-A002_nonMSIH,0,0.0,0
knn,2,TCGA-AG-A00C_nonMSIH,0,0.0,0
knn,2,TCGA-AG-A020_nonMSIH,0,0.20520890436709163,0
knn,2,TCGA-AG-A02X_nonMSIH,0,0.0,0
knn,2,TCGA-AH-6547_nonMSIH,0,0.09634411651078377,0
knn,2,TCGA-AH-6644_nonMSIH,0,0.1899315851215687,0
knn,2,TCGA-AH-6897_nonMSIH,0,0.0,0
knn,2,TCGA-AU-3779_nonMSIH,0,0.3023566070704301,0
knn,2,TCGA-AY-6386_nonMSIH,0,0.09538629788631194,0
knn,2,TCGA-AY-A54L_nonMSIH,0,0.0,0
knn,2,TCGA-AY-A71X_nonMSIH,0,0.0955437991757786,0
knn,2,TCGA-AY-A8YK_nonMSIH,0,0.0,0
knn,2,TCGA-AZ-4315_nonMSIH,0,0.19385202573269314,0
knn,2,TCGA-AZ-6598_MSIH,1,0.30161210605291006,0
knn,2,TCGA-AZ-6599_nonMSIH,0,0.09808320385527311,0
knn,2,TCGA-AZ-6606_nonMSIH,0,0.3974344809123637,0
knn,2,TCGA-CA-5254_nonMSIH,0,0.0,0
knn,2,TCGA-CK-5915_nonMSIH,0,0.09578416475184376,0
knn,2,TCGA-CL-5918_nonMSIH,0,0.09845029066015326,0
knn,2,TCGA-CM-4747_nonMSIH,0,0.09526403901253956,0
knn,2,TCGA-CM-4750_nonMSIH,0,0.09809669843225208,0
knn,2,TCGA-CM-4752_nonMSIH,0,0.0,0
knn,2,TCGA-CM-5348_nonMSIH,0,0.0,0
knn,2,TCGA-CM-5860_nonMSIH,0,0.0,0
knn,2,TCGA-CM-5862_nonMSIH,0,0.0,0
knn,2,TCGA-CM-5863_nonMSIH,0,0.288132061200969,0
knn,2,TCGA-CM-5864_nonMSIH,0,0.0,0
knn,2,TCGA-CM-6162_MSIH,1,0.0934986907133482,0
knn,2,TCGA-CM-6164_nonMSIH,0,0.09456126107801496,0
knn,2,TCGA-CM-6167_nonMSIH,0,0.19642027206243298,0
knn,2,TCGA-D5-5540_nonMSIH,0,0.30439970042709136,0
knn,2,TCGA-D5-5541_nonMSIH,0,0.0,0
knn,2,TCGA-D5-6533_nonMSIH,0,0.10289048480394122,0
knn,2,TCGA-D5-6926_nonMSIH,0,0.31178534364232924,0
knn,2,TCGA-D5-6929_nonMSIH,0,0.0927981686723041,0
knn,2,TCGA-DC-5337_nonMSIH,0,0.0,0
knn,2,TCGA-DC-5869_nonMSIH,0,0.0,0
knn,2,TCGA-DC-6154_MSIH,1,0.0,0
knn,2,TCGA-DC-6155_nonMSIH,0,0.0,0
knn,2,TCGA-DC-6158_nonMSIH,0,0.0,0
knn,2,TCGA-DM-A1D0_nonMSIH,0,0.0,0
knn,2,TCGA-DM-A1D4_nonMSIH,0,0.0,0
knn,2,TCGA-DM-A1DA_nonMSIH,0,0.0,0
knn,2,TCGA-DM-A285_nonMSIH,0,0.0,0
knn,2,TCGA-DM-A28F_nonMSIH,0,0.0,0
knn,2,TCGA-DM-A28G_nonMSIH,0,0.0,0
knn,2,TCGA-DM-A28M_nonMSIH,0,0.0,0
knn,2,TCGA-DY-A1DF_nonMSIH,0,0.08832314585494541,0
knn,2,TCGA-DY-A1DG_nonMSIH,0,0.0,0
knn,2,TCGA-EI-6509_nonMSIH,0,0.09720929815803922,0
knn,2,TCGA-EI-6881_nonMSIH,0,0.21037883030859378,0
knn,2,TCGA-EI-7004_nonMSIH,0,0.30849765130679146,0
knn,2,TCGA-F4-6463_nonMSIH,0,0.20137163831331453,0
knn,2,TCGA-F4-6807_nonMSIH,0,0.4871388003832882,0
knn,2,TCGA-F4-6855_nonMSIH,0,0.21073728943196685,0
knn,2,TCGA-F5-6571_nonMSIH,0,0.29439549671040227,0
knn,2,TCGA-F5-6702_nonMSIH,0,0.09537541232858263,0
knn,2,TCGA-F5-6864_nonMSIH,0,0.19656037880488342,0
knn,2,TCGA-G4-6299_nonMSIH,0,0.30746203492304197,0
knn,2,TCGA-NH-A50U_nonMSIH,0,0.4006798013326218,0
knn,2,TCGA-NH-A6GC_nonMSIH,0,0.2987905075345423,0
knn,2,TCGA-NH-A8F8_nonMSIH,0,0.10173155917449234,0
knn,2,TCGA-QG-A5YV_nonMSIH,0,0.1997822142592234,0
knn,3,TCGA-5M-AATE_nonMSIH,0,0.3333333333333333,0
knn,3,TCGA-A6-2681_nonMSIH,0,0.3333333333333333,0
knn,3,TCGA-A6-5666_nonMSIH,0,0.0,0
knn,3,TCGA-A6-5667_nonMSIH,0,0.0,0
knn,3,TCGA-A6-6138_nonMSIH,0,0.3333333333333333,0
knn,3,TCGA-A6-6142_nonMSIH,0,0.3333333333333333,0
knn,3,TCGA-A6-6649_nonMSIH,0,0.0,0
knn,3,TCGA-AA-3667_nonMSIH,0,0.0,0
knn,3,TCGA-AA-3715_MSIH,1,0.3333333333333333,0
knn,3,TCGA-AA-3819_nonMSIH,0,0.0,0
knn,3,TCGA-AA-3844_nonMSIH,0,0.0,0
knn,3,TCGA-AA-3848_nonMSIH,0,0.0,0
knn,3,TCGA-AA-3852_nonMSIH,0,0.0,0
knn,3,TCGA-AA-3858_nonMSIH,0,0.0,0
knn,3,TCGA-AA-3864_MSIH,1,0.0,0
knn,3,TCGA-AA-3956_nonMSIH,0,0.0,0
knn,3,TCGA-AA-3973_nonMSIH,0,0.0,0
knn,3,TCGA-AA-3975_nonMSIH,0,0.0,0
knn,3,TCGA-AA-3989_nonMSIH,0,0.0,0
knn,3,TCGA-AA-A010_nonMSIH,0,0.0,0
knn,3,TCGA-AA-A01R_MSIH,1,0.0,0
knn,3,TCGA-AA-A01T_nonMSIH,0,0.0,0
knn,3,TCGA-AA-A01V_nonMSIH,0,0.0,0
knn,3,TCGA-AA-A01Z_nonMSIH,0,0.0,0
knn,3,TCGA-AA-A024_nonMSIH,0,0.0,0
knn,3,TCGA-AA-A02F_nonMSIH,0,0.0,0
knn,3,TCGA-AA-A02H_nonMSIH,0,0.0,0
knn,3,TCGA-AA-A02Y_nonMSIH,0,0.0,0
knn,3,TCGA-AA-A03F_nonMSIH,0,0.0,0
knn,3,TCGA-AD-6548_nonMSIH,0,0.3333333333333333,0
knn,3,TCGA-AD-6890_nonMSIH,0,0.6666666666666666,1
knn,3,TCGA-AD-A5EJ_MSIH,1,0.0,0
knn,3,TCGA-AD-A5EK_nonMSIH,0,0.0,0
knn,3,TCGA-AF-3911_nonMSIH,0,0.0,0
knn,3,TCGA-AF-A56K_nonMSIH,0,0.3333333333333333,0
knn,3,TCGA-AG-3882_nonMSIH,0,0.0,0
knn,3,TCGA-AG-3883_nonMSIH,0,0.0,0
knn,3,TCGA-AG-3887_nonMSIH,0,0.0,0
knn,3,TCGA-AG-3890_nonMSIH,0,0.0,0
knn,3,TCGA-AG-3898_nonMSIH,0,0.0,0
knn,3,TCGA-AG-3901_nonMSIH,0,0.0,0
knn,3,TCGA-AG-3909_nonMSIH,0,0.0,0
knn,3,TCGA-AG-A016_nonMSIH,0,0.0,0
knn,3,TCGA-AH-6643_nonMSIH,0,0.0,0
knn,3,TCGA-AM-5820_nonMSIH,0,0.3333333333333333,0
knn,3,TCGA-AU-6004_MSIH,1,0.6666666666666666,1
knn,3,TCGA-AY-5543_nonMSIH,0,0.0,0
knn,3,TCGA-AY-6197_MSIH,1,0.0,0
knn,3,TCGA-AZ-4308_nonMSIH,0,0.0,0
knn,3,TCGA-AZ-5407_nonMSIH,0,0.0,0
knn,3,TCGA-AZ-6600_nonMSIH,0,0.3333333333333333,0
knn,3,TCGA-CA-5796_nonMSIH,0,0.0,0
knn,3,TCGA-CA-6715_nonMSIH,0,0.0,0
knn,3,TCGA-CA-6717_nonMSIH,0,0.0,0
knn,3,TCGA-CK-4950_nonMSIH,0,0.6666666666666666,1
knn,3,TCGA-CK-4951_MSIH,1,0.6666666666666666,1
knn,3,TCGA-CK-6746_MSIH,1,0.6666666666666666,1
knn,3,TCGA-CK-6751_nonMSIH,0,0.6666666666666666,1
knn,3,TCGA-CL-4957_nonMSIH,0,0.0,0
knn,3,TCGA-CM-4746_MSIH,1,0.0,0
knn,3,TCGA-CM-4751_nonMSIH,0,0.0,0
knn,3,TCGA-CM-5341_nonMSIH,0,0.0,0
knn,3,TCGA-CM-5861_MSIH,1,0.3333333333333333,0
knn,3,TCGA-CM-6161_nonMSIH,0,0.0,0
knn,3,TCGA-CM-6170_nonMSIH,0,0.0,0
knn,3,TCGA-CM-6171_MSIH,1,0.0,0
knn,3,TCGA-CM-6674_MSIH,1,0.0,0
knn,3,TCGA-CM-6676_nonMSIH,0,0.0,0
knn,3,TCGA-CM-6677_nonMSIH,0,0.0,0
knn,3,TCGA-CM-6679_nonMSIH,0,0.0,0
knn,3,TCGA-D5-5539_nonMSIH,0,0.0,0
knn,3,TCGA-D5-6530_MSIH,1,0.0,0
knn,3,TCGA-D5-6536_nonMSIH,0,0.0,0
knn,3,TCGA-D5-6928_MSIH,1,0.0,0
knn,3,TCGA-D5-6930_MSIH,1,0.3333333333333333,0
knn,3,TCGA-D5-6932_nonMSIH,0,0.0,0
knn,3,TCGA-DC-6681_nonMSIH,0,0.3333333333333333,0
knn,3,TCGA-DC-6683_nonMSIH,0,0.0,0
knn,3,TCGA-DM-A0X9_nonMSIH,0,0.0,0
knn,3,TCGA-DM-A0XD_nonMSIH,0,0.0,0
knn,3,TCGA-DM-A0XF_nonMSIH,0,0.0,0
knn,3,TCGA-DM-A1D7_nonMSIH,0,0.3333333333333333,0
knn,3,TCGA-DM-A1DB_nonMSIH,0,0.0,0
knn,3,TCGA-DM-A1HA_nonMSIH,0,0.0,0
knn,3,TCGA-DM-A28K_nonMSIH,0,0.0,0
knn,3,TCGA-DT-5265_nonMSIH,0,0.0,0
knn,3,TCGA-DY-A1DC_nonMSIH,0,0.0,0
knn,3,TCGA-EI-6508_nonMSIH,0,0.0,0
knn,3,TCGA-EI-6510_nonMSIH,0,0.0,0
knn,3,TCGA-EI-6512_nonMSIH,0,0.0,0
knn,3,TCGA-EI-6882_MSIH,1,0.0,0
knn,3,TCGA-EI-6885_nonMSIH,0,0.0,0
knn,3,TCGA-EI-7002_nonMSIH,0,0.0,0
knn,3,TCGA-F4-6460_nonMSIH,0,0.0,0
knn,3,TCGA-F4-6570_MSIH,1,0.3333333333333333,0
knn,3,TCGA-F4-6704_nonMSIH,0,0.0,0
knn,3,TCGA-F4-6854_nonMSIH,0,0.0,0
knn,3,TCGA-F4-6856_MSIH,1,0.0,0
knn,3,TCGA-F5-6464_nonMSIH,0,0.3333333333333333,0
knn,3,TCGA-F5-6863_nonMSIH,0,0.0,0
knn,3,TCGA-G4-6298_nonMSIH,0,0.3333333333333333,0
knn,3,TCGA-G4-6302_MSIH,1,0.3333333333333333,0
knn,3,TCGA-G4-6309_MSIH,1,1.0,1
knn,3,TCGA-G4-6315_nonMSIH,0,0.0,0
knn,3,TCGA-G4-6317_nonMSIH,0,0.0,0
knn,3,TCGA-G4-6626_nonMSIH,0,0.3333333333333333,0
knn,3,TCGA-G4-6627_nonMSIH,0,0.3333333333333333,0
knn,3,TCGA-G5-6641_nonMSIH,0,0.3333333333333333,0
knn,3,TCGA-NH-A50T_nonMSIH,0,0.0,0
knn,3,TCGA-NH-A6GB_nonMSIH,0,0.0,0
knn,3,TCGA-QG-A5Z1_nonMSIH,0,0.3333333333333333,0
knn,3,TCGA-SS-A7HO_nonMSIH,0,0.0,0
knn,4,TCGA-3L-AA1B_nonMSIH,0,0.0,0
knn,4,TCGA-A6-4105_nonMSIH,0,0.3333333333333333,0
knn,4,TCGA-A6-5657_nonMSIH,0,0.3333333333333333,0
knn,4,TCGA-A6-5660_nonMSIH,0,0.3333333333333333,0
knn,4,TCGA-A6-5662_nonMSIH,0,0.0,0
knn,4,TCGA-A6-5664_nonMSIH,0,0.3333333333333333,0
knn,4,TCGA-A6-A566_nonMSIH,0,0.6666666666666666,1
knn,4,TCGA-AA-3666_nonMSIH,0,0.0,0
knn,4,TCGA-AA-3678_nonMSIH,0,0.0,0
knn,4,TCGA-AA-3696_nonMSIH,0,0.0,0
knn,4,TCGA-AA-3814_nonMSIH,0,0.0,0
knn,4,TCGA-AA-3846_nonMSIH,0,0.3333333333333333,0
knn,4,TCGA-AA-3851_nonMSIH,0,0.0,0
knn,4,TCGA-AA-3855_nonMSIH,0,0.0,0
knn,4,TCGA-AA-3952_nonMSIH,0,0.3333333333333333,0
knn,4,TCGA-AA-3971_nonMSIH,0,0.0,0
knn,4,TCGA-AA-3982_nonMSIH,0,0.0,0
knn,4,TCGA-AA-A01P_MSIH,1,0.3333333333333333,0
knn,4,TCGA-AA-A03J_nonMSIH,0,0.0,0
knn,4,TCGA-AD-6964_MSIH,1,0.6666666666666666,1
knn,4,TCGA-AF-2693_nonMSIH,0,0.0,0
knn,4,TCGA-AF-6672_nonMSIH,0,0.0,0
knn,4,TCGA-AG-3727_nonMSIH,0,0.0,0
knn,4,TCGA-AG-3885_nonMSIH,0,0.0,0
knn,4,TCGA-AG-3893_nonMSIH,0,0.0,0
knn,4,TCGA-AG-3896_nonMSIH,0,0.0,0
knn,4,TCGA-AG-4001_nonMSIH,0,0.3333333333333333,0
knn,4,TCGA-AG-4008_nonMSIH,0,0.0,0
knn,4,TCGA-AG-A015_nonMSIH,0,0.0,0
knn,4,TCGA-AG-A01L_nonMSIH,0,0.0,0
knn,4,TCGA-AG-A01N_nonMSIH,0,0.0,0
knn,4,TCGA-AG-A01Y_nonMSIH,0,0.0,0
knn,4,TCGA-AG-A026_nonMSIH,0,0.0,0
knn,4,TCGA-AH-6544_nonMSIH,0,0.3333333333333333,0
knn,4,TCGA-AM-5821_MSIH,1,0.3333333333333333,0
knn,4,TCGA-AY-4070_nonMSIH,0,0.0,0
knn,4,TCGA-AY-4071_nonMSIH,0,0.3333333333333333,0
knn,4,TCGA-AZ-4616_nonMSIH,0,0.3333333333333333,0
knn,4,TCGA-AZ-4681_nonMSIH,0,0.0,0
knn,4,TCGA-AZ-4682_nonMSIH,0,0.0,0
knn,4,TCGA-AZ-5403_nonMSIH,0,0.0,0
knn,4,TCGA-AZ-6605_nonMSIH,0,0.0,0
knn,4,TCGA-CA-5256_nonMSIH,0,0.0,0
knn,4,TCGA-CA-6716_nonMSIH,0,0.0,0
knn,4,TCGA-CA-6718_nonMSIH,0,0.0,0
knn,4,TCGA-CA-6719_nonMSIH,0,0.0,0
knn,4,TCGA-CI-6622_nonMSIH,0,0.3333333333333333,0
knn,4,TCGA-CK-4948_nonMSIH,0,0.0,0
knn,4,TCGA-CK-4952_nonMSIH,0,0.0,0
knn,4,TCGA-CK-5912_nonMSIH,0,0.0,0
knn,4,TCGA-CK-5913_MSIH,1,0.6666666666666666,1
knn,4,TCGA-CK-5914_nonMSIH,0,0.0,0
knn,4,TCGA-CK-6747_MSIH,1,0.3333333333333333,0
knn,4,TCGA-CK-6748_nonMSIH,0,0.0,0
knn,4,TCGA-CM-5349_nonMSIH,0,0.3333333333333333,0
knn,4,TCGA-CM-6163_nonMSIH,0,0.0,0
knn,4,TCGA-CM-6166_nonMSIH,0,0.0,0
knn,4,TCGA-CM-6168_nonMSIH,0,0.0,0
knn,4,TCGA-CM-6169_nonMSIH,0,0.0,0
knn,4,TCGA-CM-6172_nonMSIH,0,0.0,0
knn,4,TCGA-CM-6675_nonMSIH,0,0.0,0
knn,4,TCGA-D5-5538_nonMSIH,0,0.0,0
knn,4,TCGA-D5-6532_nonMSIH,0,0.0,0
knn,4,TCGA-D5-6535_nonMSIH,0,0.0,0
knn,4,TCGA-D5-6537_nonMSIH,0,0.0,0
knn,4,TCGA-D5-6538_nonMSIH,0,0.0,0
knn,4,TCGA-D5-6920_nonMSIH,0,0.3333333333333333,0
knn,4,TCGA-D5-6922_nonMSIH,0,0.0,0
knn,4,TCGA-D5-6924_nonMSIH,0,0.0,0
knn,4,TCGA-DC-4745_nonMSIH,0,0.0,0
knn,4,TCGA-DC-4749_nonMSIH,0,0.0,0
knn,4,TCGA-DC-6157_nonMSIH,0,0.0,0
knn,4,TCGA-DC-6160_nonMSIH,0,0.0,0
knn,4,TCGA-DM-A1D9_nonMSIH,0,0.0,0
knn,4,TCGA-DM-A282_nonMSIH,0,0.0,0
knn,4,TCGA-DY-A0XA_nonMSIH,0,0.0,0
knn,4,TCGA-EF-5830_nonMSIH,0,0.0,0
knn,4,TCGA-EI-6511_nonMSIH,0,0.0,0
knn,4,TCGA-EI-6513_nonMSIH,0,0.3333333333333333,0
knn,4,TCGA-EI-6884_nonMSIH,0,0.0,0
knn,4,TCGA-F4-6459_nonMSIH,0,0.0,0
knn,4,TCGA-F4-6461_nonMSIH,0,0.0,0
knn,4,TCGA-F4-6569_nonMSIH,0,0.0,0
knn,4,TCGA-F4-6703_MSIH,1,0.0,0
knn,4,TCGA-F4-6805_nonMSIH,0,0.0,0
knn,4,TCGA-F4-6806_nonMSIH,0,0.0,0
knn,4,TCGA-G4-6294_nonMSIH,0,0.0,0
knn,4,TCGA-G4-6295_nonMSIH,0,0.0,0
knn,4,TCGA-G4-6303_nonMSIH,0,0.3333333333333333,0
knn,4,TCGA-G4-6304_MSIH,1,0.0,0
knn,4,TCGA-G4-6306_nonMSIH,0,0.0,0
knn,4,TCGA-G4-6307_nonMSIH,0,0.0,0
knn,4,TCGA-G4-6320_MSIH,1,0.0,0
knn,4,TCGA-G4-6321_nonMSIH,0,0.6666666666666666,1
knn,4,TCGA-G4-6628_MSIH,1,0.3333333333333333,0
knn,4,TCGA-NH-A5IV_MSIH,1,0.0,0
knn,4,TCGA-NH-A6GA_nonMSIH,0,0.0,0
knn,4,TCGA-QG-A5YW_nonMSIH,0,0.3333333333333333,0
knn,4,TCGA-QG-A5Z2_MSIH,1,0.0,0
knn,4,TCGA-QL-A97D_nonMSIH,0,0.0,0
knn,4,TCGA-WS-AB45_MSIH,1,0.3333333333333333,0
proto,1,TCGA-5M-AAT4_nonMSIH,0,0.5030363202095032,1
proto,1,TCGA-5M-AAT6_MSIH,1,0.5073568224906921,1
proto,1,TCGA-A6-2671_nonMSIH,0,0.5014134049415588,1
proto,1,TCGA-A6-2686_MSIH,1,0.5030080080032349,1
proto,1,TCGA-A6-3807_nonMSIH,0,0.49903205037117004,0
proto,1,TCGA-A6-5661_MSIH,1,0.5046324133872986,1
proto,1,TCGA-A6-6137_nonMSIH,0,0.49830999970436096,0
proto,1,TCGA-A6-6651_nonMSIH,0,0.5017766356468201,1
proto,1,TCGA-A6-6652_nonMSIH,0,0.5014263391494751,1
proto,1,TCGA-A6-6654_nonMSIH,0,0.49892181158065796,0
proto,1,TCGA-A6-A565_nonMSIH,0,0.5075745582580566,1
proto,1,TCGA-A6-A567_nonMSIH,0,0.5017821192741394,1
proto,1,TCGA-AA-3679_nonMSIH,0,0.49216002225875854,0
proto,1,TCGA-AA-3680_nonMSIH,0,0.4906006157398224,0
proto,1,TCGA-AA-3684_nonMSIH,0,0.49220114946365356,0
proto,1,TCGA-AA-3688_nonMSIH,0,0.4912395477294922,0
proto,1,TCGA-AA-3693_nonMSIH,0,0.4918551743030548,0
proto,1,TCGA-AA-3812_nonMSIH,0,0.49129143357276917,0
proto,1,TCGA-AA-3818_nonMSIH,0,0.4922257363796234,0
proto,1,TCGA-AA-3831_nonMSIH,0,0.4907526671886444,0
proto,1,TCGA-AA-3833_MSIH,1,0.4934347867965698,0
proto,1,TCGA-AA-3837_nonMSIH,0,0.4929209053516388,0
proto,1,TCGA-AA-3850_nonMSIH,0,0.49230512976646423,0
proto,1,TCGA-AA-3854_nonMSIH,0,0.49225136637687683,0
proto,1,TCGA-AA-3866_nonMSIH,0,0.49269258975982666,0
proto,1,TCGA-AA-3867_nonMSIH,0,0.4926644265651703,0
proto,1,TCGA-AA-3875_nonMSIH,0,0.4926515519618988,0
proto,1,TCGA-AA-3947_MSIH,1,0.4929342269897461,0
proto,1,TCGA-AA-3949_MSIH,1,0.4955880641937256,0
proto,1,TCGA-AA-3979_nonMSIH,0,0.49330592155456543,0
proto,1,TCGA-AA-3984_nonMSIH,0,0.4910702407360077,0
proto,1,TCGA-AA-3994_nonMSIH,0,0.4917554259300232,0
proto,1,TCGA-AA-A01S_nonMSIH,0,0.49385297298431396,0
proto,1,TCGA-AA-A01X_nonMSIH,0,0.4916779398918152,0
proto,1,TCGA-AD-6888_nonMSIH,0,0.5004204511642456,1
proto,1,TCGA-AD-6901_nonMSIH,0,0.5023196935653687,1
proto,1,TCGA-AD-6963_nonMSIH,0,0.4998849928379059,0
proto,1,TCGA-AF-2687_nonMSIH,0,0.4990370571613312,0
proto,1,TCGA-AF-4110_nonMSIH,0,0.49626219272613525,0
proto,1,TCGA-AF-6136_nonMSIH,0,0.49817222356796265,0
proto,1,TCGA-AG-3726_nonMSIH,0,0.4935290217399597,0
proto,1,TCGA-AG-3878_nonMSIH,0,0.4926522970199585,0
proto,1,TCGA-AG-3892_nonMSIH,0,0.49244916439056396,0
proto,1,TCGA-AG-4021_nonMSIH,0,0.4949359893798828,0
proto,1,TCGA-AG-4022_nonMSIH,0,0.4924313426017761,0
proto,1,TCGA-AG-A008_nonMSIH,0,0.4915086328983307,0
proto,1,TCGA-AG-A011_nonMSIH,0,0.4929181635379791,0
proto,1,TCGA-AG-A01W_nonMSIH,0,0.4937583804130554,0
proto,1,TCGA-AG-A02N_MSIH,1,0.4925423562526703,0
proto,1,TCGA-AH-6903_nonMSIH,0,0.49971476197242737,0
proto,1,TCGA-AY-6196_nonMSIH,0,0.5081984996795654,1
proto,1,TCGA-AY-A69D_nonMSIH,0,0.5013524293899536,1
proto,1,TCGA-AZ-4614_nonMSIH,0,0.5034558773040771,1
proto,1,TCGA-AZ-4615_MSIH,1,0.5028864741325378,1
proto,1,TCGA-AZ-6603_nonMSIH,0,0.49485743045806885,0
proto,1,TCGA-CA-5255_nonMSIH,0,0.5004726052284241,1
proto,1,TCGA-CA-5797_nonMSIH,0,0.49810054898262024,0
proto,1,TCGA-CI-6624_nonMSIH,0,0.4954644739627838,0
proto,1,TCGA-CK-4947_nonMSIH,0,0.5065271854400635,1
proto,1,TCGA-CK-5916_MSIH,1,0.5050615072250366,1
proto,1,TCGA-CL-5917_nonMSIH,0,0.5011248588562012,1
proto,1,TCGA-CM-4743_MSIH,1,0.5058866143226624,1
proto,1,TCGA-CM-4744_nonMSIH,0,0.49854883551597595,0
proto,1,TCGA-CM-5344_nonMSIH,0,0.500883936882019,1
proto,1,TCGA-CM-5868_nonMSIH,0,0.49952223896980286,0
proto,1,TCGA-CM-6165_nonMSIH,0,0.504310131072998,1
proto,1,TCGA-CM-6678_nonMSIH,0,0.5028649568557739,1
proto,1,TCGA-D5-5537_nonMSIH,0,0.5021013021469116,1
proto,1,TCGA-D5-6529_nonMSIH,0,0.4991512894630432,0
proto,1,TCGA-D5-6531_nonMSIH,0,0.4980226755142212,0
proto,1,TCGA-D5-6534_nonMSIH,0,0.5040203332901001,1
proto,1,TCGA-D5-6539_nonMSIH,0,0.5010424852371216,1
proto,1,TCGA-D5-6540_MSIH,1,0.5027288198471069,1
proto,1,TCGA-D5-6541_nonMSIH,0,0.501926064491272,1
proto,1,TCGA-D5-6898_nonMSIH,0,0.5033144950866699,1
proto,1,TCGA-D5-6927_MSIH,1,0.5062466263771057,1
proto,1,TCGA-D5-6931_nonMSIH,0,0.5011893510818481,1
proto,1,TCGA-DC-6682_nonMSIH,0,0.4961250126361847,0
proto,1,TCGA-DM-A1D6_nonMSIH,0,0.5028034448623657,1
proto,1,TCGA-DM-A1D8_nonMSIH,0,0.49849146604537964,0
proto,1,TCGA-DM-A280_nonMSIH,0,0.5038078427314758,1
proto,1,TCGA-DM-A288_nonMSIH,0,0.5030379891395569,1
proto,1,TCGA-DM-A28A_nonMSIH,0,0.49848055839538574,0
proto,1,TCGA-DM-A28E_nonMSIH,0,0.4992528557777405,0
proto,1,TCGA-DM-A28H_nonMSIH,0,0.4989398121833801,0
proto,1,TCGA-DY-A1DD_nonMSIH,0,0.498860239982605,0
proto,1,TCGA-EI-6506_nonMSIH,0,0.5061782598495483,1
proto,1,TCGA-EI-6507_MSIH,1,0.5073338150978088,1
proto,1,TCGA-EI-6514_nonMSIH,0,0.49642205238342285,0
proto,1,TCGA-EI-6883_nonMSIH,0,0.5013154745101929,1
proto,1,TCGA-F4-6808_nonMSIH,0,0.49403801560401917,0
proto,1,TCGA-F4-6809_nonMSIH,0,0.497367262840271,0
proto,1,TCGA-F5-6465_nonMSIH,0,0.502805769443512,1
proto,1,TCGA-F5-6811_nonMSIH,0,0.49563512206077576,0
proto,1,TCGA-G4-6293_nonMSIH,0,0.5042734742164612,1
proto,1,TCGA-G4-6297_nonMSIH,0,0.5009178519248962,1
proto,1,TCGA-G4-6311_nonMSIH,0,0.5021284222602844,1
proto,1,TCGA-G4-6322_nonMSIH,0,0.5039685368537903,1
proto,1,TCGA-G4-6323_nonMSIH,0,0.5019426941871643,1
proto,1,TCGA-G4-6586_MSIH,1,0.5088480114936829,1
proto,1,TCGA-G4-6588_MSIH,1,0.5093554854393005,1
proto,1,TCGA-NH-A50V_nonMSIH,0,0.5025664567947388,1
proto,1,TCGA-QG-A5YX_nonMSIH,0,0.500825822353363,1
proto,2,TCGA-4N-A93T_nonMSIH,0,0.5062447190284729,1
proto,2,TCGA-A6-2685_nonMSIH,0,0.4952397644519806,0
proto,2,TCGA-A6-4107_nonMSIH,0,0.5011100769042969,1
proto,2,TCGA-A6-5665_MSIH,1,0.5062348246574402,1
proto,2,TCGA-A6-6648_nonMSIH,0,0.4934254288673401,0
proto,2,TCGA-A6-6653_MSIH,1,0.5049121379852295,1
proto,2,TCGA-A6-A56B_nonMSIH,0,0.49637389183044434,0
proto,2,TCGA-AA-3664_nonMSIH,0,0.47898122668266296,0
proto,2,TCGA-AA-3673_nonMSIH,0,0.4787727892398834,0
proto,2,TCGA-AA-3681_nonMSIH,0,0.4821239411830902,0
proto,2,TCGA-AA-3692_nonMSIH,0,0.47876012325286865,0
proto,2,TCGA-AA-3811_MSIH,1,0.4776693880558014,0
proto,2,TCGA-AA-3821_MSIH,1,0.4789787232875824,0
proto,2,TCGA-AA-3842_nonMSIH,0,0.4808296263217926,0
proto,2,TCGA-AA-3845_MSIH,1,0.47929996252059937,0
proto,2,TCGA-AA-3856_nonMSIH,0,0.47841987013816833,0
proto,2,TCGA-AA-3877_MSIH,1,0.4798060953617096,0
proto,2,TCGA-AA-3950_MSIH,1,0.48239362239837646,0
proto,2,TCGA-AA-3966_MSIH,1,0.48100388050079346,0
proto,2,TCGA-AA-3968_nonMSIH,0,0.4799268841743469,0
proto,2,TCGA-AA-3976_nonMSIH,0,0.4786486029624939,0
proto,2,TCGA-AA-3986_nonMSIH,0,0.4780646860599518,0
proto,2,TCGA-AA-A02E_nonMSIH,0,0.47743627429008484,0
proto,2,TCGA-AA-A02O_nonMSIH,0,0.4794548749923706,0
proto,2,TCGA-AD-5900_MSIH,1,0.5072859525680542,1
proto,2,TCGA-AD-6889_MSIH,1,0.49688297510147095,0
proto,2,TCGA-AD-6965_nonMSIH,0,0.49585676193237305,0
proto,2,TCGA-AF-2690_nonMSIH,0,0.5037201642990112,1
proto,2,TCGA-AF-6655_nonMSIH,0,0.49573877453804016,0
proto,2,TCGA-AF-A56L_nonMSIH,0,0.5023757815361023,1
proto,2,TCGA-AF-A56N_nonMSIH,0,0.49617692828178406,0
proto,2,TCGA-AG-3894_nonMSIH,0,0.4826894700527191,0
proto,2,TCGA-AG-3902_nonMSIH,0,0.47788453102111816,0
proto,2,TCGA-AG-4015_nonMSIH,0,0.47900402545928955,0
proto,2,TCGA-AG-A002_nonMSIH,0,0.47877490520477295,0
proto,2,TCGA-AG-A00C_nonMSIH,0,0.4794066548347473,0
proto,2,TCGA-AG-A020_nonMSIH,0,0.48082396388053894,0
proto,2,TCGA-AG-A02X_nonMSIH,0,0.4805033504962921,0
proto,2,TCGA-AH-6547_nonMSIH,0,0.4982486963272095,0
proto,2,TCGA-AH-6644_nonMSIH,0,0.5062850713729858,1
proto,2,TCGA-AH-6897_nonMSIH,0,0.4994581639766693,0
proto,2,TCGA-AU-3779_nonMSIH,0,0.5050464868545532,1
proto,2,TCGA-AY-6386_nonMSIH,0,0.5018121004104614,1
proto,2,TCGA-AY-A54L_nonMSIH,0,0.49709200859069824,0
proto,2,TCGA-AY-A71X_nonMSIH,0,0.5020472407341003,1
proto,2,TCGA-AY-A8YK_nonMSIH,0,0.502781331539154,1
proto,2,TCGA-AZ-4315_nonMSIH,0,0.5035210847854614,1
proto,2,TCGA-AZ-6598_MSIH,1,0.5157585144042969,1
proto,2,TCGA-AZ-6599_nonMSIH,0,0.5013572573661804,1
proto,2,TCGA-AZ-6606_nonMSIH,0,0.5111958980560303,1
proto,2,TCGA-CA-5254_nonMSIH,0,0.5000445246696472,1
proto,2,TCGA-CK-5915_nonMSIH,0,0.5034452080726624,1
proto,2,TCGA-CL-5918_nonMSIH,0,0.5100493431091309,1
proto,2,TCGA-CM-4747_nonMSIH,0,0.4934406578540802,0
proto,2,TCGA-CM-4750_nonMSIH,0,0.49925497174263,0
proto,2,TCGA-CM-4752_nonMSIH,0,0.5076264142990112,1
proto,2,TCGA-CM-5348_nonMSIH,0,0.506332516670227,1
proto,2,TCGA-CM-5860_nonMSIH,0,0.5062710046768188,1
proto,2,TCGA-CM-5862_nonMSIH,0,0.5080157518386841,1
proto,2,TCGA-CM-5863_nonMSIH,0,0.5068748593330383,1
proto,2,TCGA-CM-5864_nonMSIH,0,0.5074935555458069,1
proto,2,TCGA-CM-6162_MSIH,1,0.5119439363479614,1
proto,2,TCGA-CM-6164_nonMSIH,0,0.5075060725212097,1
proto,2,TCGA-CM-6167_nonMSIH,0,0.5121458768844604,1
proto,2,TCGA-D5-5540_nonMSIH,0,0.506097674369812,1
proto,2,TCGA-D5-5541_nonMSIH,0,0.506912887096405,1
proto,2,TCGA-D5-6533_nonMSIH,0,0.5098003149032593,1
proto,2,TCGA-D5-6926_nonMSIH,0,0.5051779747009277,1
proto,2,TCGA-D5-6929_nonMSIH,0,0.5097728371620178,1
proto,2,TCGA-DC-5337_nonMSIH,0,0.49766987562179565,0
proto,2,TCGA-DC-5869_nonMSIH,0,0.5058615803718567,1
proto,2,TCGA-DC-6154_MSIH,1,0.5096863508224487,1
proto,2,TCGA-DC-6155_nonMSIH,0,0.5025418996810913,1
proto,2,TCGA-DC-6158_nonMSIH,0,0.5037248730659485,1
proto,2,TCGA-DM-A1D0_nonMSIH,0,0.5014845132827759,1
proto,2,TCGA-DM-A1D4_nonMSIH,0,0.5031443238258362,1
proto,2,TCGA-DM-A1DA_nonMSIH,0,0.5056198835372925,1
proto,2,TCGA-DM-A285_nonMSIH,0,0.5066039562225342,1
proto,2,TCGA-DM-A28F_nonMSIH,0,0.5015881061553955,1
proto,2,TCGA-DM-A28G_nonMSIH,0,0.5017104744911194,1
proto,2,TCGA-DM-A28M_nonMSIH,0,0.5041559338569641,1
proto,2,TCGA-DY-A1DF_nonMSIH,0,0.5033950805664062,1
proto,2,TCGA-DY-A1DG_nonMSIH,0,0.5052138566970825,1
proto,2,TCGA-EI-6509_nonMSIH,0,0.5005440711975098,1
proto,2,TCGA-EI-6881_nonMSIH,0,0.5008993148803711,1
proto,2,TCGA-EI-7004_nonMSIH,0,0.5043946504592896,1
proto,2,TCGA-F4-6463_nonMSIH,0,0.5083958506584167,1
proto,2,TCGA-F4-6807_nonMSIH,0,0.5089040994644165,1
proto,2,TCGA-F4-6855_nonMSIH,0,0.5033369660377502,1
proto,2,TCGA-F5-6571_nonMSIH,0,0.5108166337013245,1
proto,2,TCGA-F5-6702_nonMSIH,0,0.49602872133255005,0
proto,2,TCGA-F5-6864_nonMSIH,0,0.503476619720459,1
proto,2,TCGA-G4-6299_nonMSIH,0,0.513344943523407,1
proto,2,TCGA-NH-A50U_nonMSIH,0,0.5095918774604797,1
proto,2,TCGA-NH-A6GC_nonMSIH,0,0.5120600461959839,1
proto,2,TCGA-NH-A8F8_nonMSIH,0,0.5110134482383728,1
proto,2,TCGA-QG-A5YV_nonMSIH,0,0.5053767561912537,1
proto,3,TCGA-5M-AATE_nonMSIH,0,0.4973104000091553,0
proto,3,TCGA-A6-2681_nonMSIH,0,0.500142514705658,1
proto,3,TCGA-A6-5666_nonMSIH,0,0.49778252840042114,0
proto,3,TCGA-A6-5667_nonMSIH,0,0.49414491653442383,0
proto,3,TCGA-A6-6138_nonMSIH,0,0.5058613419532776,1
proto,3,TCGA-A6-6142_nonMSIH,0,0.5032633543014526,1
proto,3,TCGA-A6-6649_nonMSIH,0,0.49618640542030334,0
proto,3,TCGA-AA-3667_nonMSIH,0,0.4963645040988922,0
proto,3,TCGA-AA-3715_MSIH,1,0.498897522687912,0
proto,3,TCGA-AA-3819_nonMSIH,0,0.4951133728027344,0
proto,3,TCGA-AA-3844_nonMSIH,0,0.49740561842918396,0
proto,3,TCGA-AA-3848_nonMSIH,0,0.4974652826786041,0
proto,3,TCGA-AA-3852_nonMSIH,0,0.4962763488292694,0
proto,3,TCGA-AA-3858_nonMSIH,0,0.49704286456108093,0
proto,3,TCGA-AA-3864_MSIH,1,0.4965395927429199,0
proto,3,TCGA-AA-3956_nonMSIH,0,0.49480053782463074,0
proto,3,TCGA-AA-3973_nonMSIH,0,0.49654075503349304,0
proto,3,TCGA-AA-3975_nonMSIH,0,0.49626317620277405,0
proto,3,TCGA-AA-3989_nonMSIH,0,0.49715280532836914,0
proto,3,TCGA-AA-A010_nonMSIH,0,0.4977436065673828,0
proto,3,TCGA-AA-A01R_MSIH,1,0.49941083788871765,0
proto,3,TCGA-AA-A01T_nonMSIH,0,0.49532756209373474,0
proto,3,TCGA-AA-A01V_nonMSIH,0,0.4949670732021332,0
proto,3,TCGA-AA-A01Z_nonMSIH,0,0.4964250326156616,0
proto,3,TCGA-AA-A024_nonMSIH,0,0.4958336353302002,0
proto,3,TCGA-AA-A02F_nonMSIH,0,0.4981852173805237,0
proto,3,TCGA-AA-A02H_nonMSIH,0,0.4962133765220642,0
proto,3,TCGA-AA-A02Y_nonMSIH,0,0.49395614862442017,0
proto,3,TCGA-AA-A03F_nonMSIH,0,0.4952477812767029,0
proto,3,TCGA-AD-6548_nonMSIH,0,0.5007234811782837,1
proto,3,TCGA-AD-6890_nonMSIH,0,0.5000298023223877,1
proto,3,TCGA-AD-A5EJ_MSIH,1,0.49845853447914124,0
proto,3,TCGA-AD-A5EK_nonMSIH,0,0.4951411187648773,0
proto,3,TCGA-AF-3911_nonMSIH,0,0.5007732510566711,1
proto,3,TCGA-AF-A56K_nonMSIH,0,0.4965471923351288,0
proto,3,TCGA-AG-3882_nonMSIH,0,0.4955941140651703,0
proto,3,TCGA-AG-3883_nonMSIH,0,0.4970252811908722,0
proto,3,TCGA-AG-3887_nonMSIH,0,0.49624913930892944,0
proto,3,TCGA-AG-3890_nonMSIH,0,0.49535855650901794,0
proto,3,TCGA-AG-3898_nonMSIH,0,0.4980553984642029,0
proto,3,TCGA-AG-3901_nonMSIH,0,0.495787650346756,0
proto,3,TCGA-AG-3909_nonMSIH,0,0.49651822447776794,0
proto,3,TCGA-AG-A016_nonMSIH,0,0.498477578163147,0
proto,3,TCGA-AH-6643_nonMSIH,0,0.49869391322135925,0
proto,3,TCGA-AM-5820_nonMSIH,0,0.5027746558189392,1
proto,3,TCGA-AU-6004_MSIH,1,0.5064198970794678,1
proto,3,TCGA-AY-5543_nonMSIH,0,0.49787646532058716,0
proto,3,TCGA-AY-6197_MSIH,1,0.5022317171096802,1
proto,3,TCGA-AZ-4308_nonMSIH,0,0.4978633224964142,0
proto,3,TCGA-AZ-5407_nonMSIH,0,0.49567630887031555,0
proto,3,TCGA-AZ-6600_nonMSIH,0,0.5059576034545898,1
proto,3,TCGA-CA-5796_nonMSIH,0,0.4956057369709015,0
proto,3,TCGA-CA-6715_nonMSIH,0,0.4999068081378937,0
proto,3,TCGA-CA-6717_nonMSIH,0,0.5026125907897949,1
proto,3,TCGA-CK-4950_nonMSIH,0,0.5023450255393982,1
proto,3,TCGA-CK-4951_MSIH,1,0.5046335458755493,1
proto,3,TCGA-CK-6746_MSIH,1,0.5037789344787598,1
proto,3,TCGA-CK-6751_nonMSIH,0,0.5020133256912231,1
proto,3,TCGA-CL-4957_nonMSIH,0,0.49728426337242126,0
proto,3,TCGA-CM-4746_MSIH,1,0.4968363642692566,0
proto,3,TCGA-CM-4751_nonMSIH,0,0.5015529990196228,1
proto,3,TCGA-CM-5341_nonMSIH,0,0.49862104654312134,0
proto,3,TCGA-CM-5861_MSIH,1,0.5047933459281921,1
proto,3,TCGA-CM-6161_nonMSIH,0,0.4942883849143982,0
proto,3,TCGA-CM-6170_nonMSIH,0,0.4954001307487488,0
proto,3,TCGA-CM-6171_MSIH,1,0.49662891030311584,0
proto,3,TCGA-CM-6674_MSIH,1,0.5000309348106384,1
proto,3,TCGA-CM-6676_nonMSIH,0,0.49689391255378723,0
proto,3,TCGA-CM-6677_nonMSIH,0,0.5006845593452454,1
proto,3,TCGA-CM-6679_nonMSIH,0,0.49851030111312866,0
proto,3,TCGA-D5-5539_nonMSIH,0,0.49932658672332764,0
proto,3,TCGA-D5-6530_MSIH,1,0.49982374906539917,0
proto,3,TCGA-D5-6536_nonMSIH,0,0.5005902647972107,1
proto,3,TCGA-D5-6928_MSIH,1,0.4977724552154541,0
proto,3,TCGA-D5-6930_MSIH,1,0.4991287887096405,0
proto,3,TCGA-D5-6932_nonMSIH,0,0.49933958053588867,0
proto,3,TCGA-DC-6681_nonMSIH,0,0.49728304147720337,0
proto,3,TCGA-DC-6683_nonMSIH,0,0.49798932671546936,0
proto,3,TCGA-DM-A0X9_nonMSIH,0,0.49316808581352234,0
proto,3,TCGA-DM-A0XD_nonMSIH,0,0.4989461898803711,0
proto,3,TCGA-DM-A0XF_nonMSIH,0,0.4987943470478058,0
proto,3,TCGA-DM-A1D7_nonMSIH,0,0.49699604511260986,0
proto,3,TCGA-DM-A1DB_nonMSIH,0,0.5007179379463196,1
proto,3,TCGA-DM-A1HA_nonMSIH,0,0.5012357831001282,1
proto,3,TCGA-DM-A28K_nonMSIH,0,0.4984140396118164,0
proto,3,TCGA-DT-5265_nonMSIH,0,0.4990064799785614,0
proto,3,TCGA-DY-A1DC_nonMSIH,0,0.4980774223804474,0
proto,3,TCGA-EI-6508_nonMSIH,0,0.5020731091499329,1
proto,3,TCGA-EI-6510_nonMSIH,0,0.49801912903785706,0
proto,3,TCGA-EI-6512_nonMSIH,0,0.5041553378105164,1
proto,3,TCGA-EI-6882_MSIH,1,0.49672019481658936,0
proto,3,TCGA-EI-6885_nonMSIH,0,0.4983750581741333,0
proto,3,TCGA-EI-7002_nonMSIH,0,0.49680790305137634,0
proto,3,TCGA-F4-6460_nonMSIH,0,0.49640753865242004,0
proto,3,TCGA-F4-6570_MSIH,1,0.5070385336875916,1
proto,3,TCGA-F4-6704_nonMSIH,0,0.49661490321159363,0
proto,3,TCGA-F4-6854_nonMSIH,0,0.49600353837013245,0
proto,3,TCGA-F4-6856_MSIH,1,0.5012215375900269,1
proto,3,TCGA-F5-6464_nonMSIH,0,0.5027166604995728,1
proto,3,TCGA-F5-6863_nonMSIH,0,0.4948646128177643,0
proto,3,TCGA-G4-6298_nonMSIH,0,0.502077043056488,1
proto,3,TCGA-G4-6302_MSIH,1,0.5062381625175476,1
proto,3,TCGA-G4-6309_MSIH,1,0.5046135783195496,1
proto,3,TCGA-G4-6315_nonMSIH,0,0.5004574060440063,1
proto,3,TCGA-G4-6317_nonMSIH,0,0.4996752440929413,0
proto,3,TCGA-G4-6626_nonMSIH,0,0.5006183981895447,1
proto,3,TCGA-G4-6627_nonMSIH,0,0.5039932131767273,1
proto,3,TCGA-G5-6641_nonMSIH,0,0.503052294254303,1
proto,3,TCGA-NH-A50T_nonMSIH,0,0.49904242157936096,0
proto,3,TCGA-NH-A6GB_nonMSIH,0,0.5034558176994324,1
proto,3,TCGA-QG-A5Z1_nonMSIH,0,0.5016341805458069,1
proto,3,TCGA-SS-A7HO_nonMSIH,0,0.49397966265678406,0
proto,4,TCGA-3L-AA1B_nonMSIH,0,0.49981334805488586,0
proto,4,TCGA-A6-4105_nonMSIH,0,0.49867144227027893,0
proto,4,TCGA-A6-5657_nonMSIH,0,0.4988950788974762,0
proto,4,TCGA-A6-5660_nonMSIH,0,0.5046289563179016,1
proto,4,TCGA-A6-5662_nonMSIH,0,0.4961235821247101,0
proto,4,TCGA-A6-5664_nonMSIH,0,0.5005988478660583,1
proto,4,TCGA-A6-A566_nonMSIH,0,0.5049564242362976,1
proto,4,TCGA-AA-3666_nonMSIH,0,0.4967484474182129,0
proto,4,TCGA-AA-3678_nonMSIH,0,0.49981898069381714,0
proto,4,TCGA-AA-3696_nonMSIH,0,0.4982800781726837,0
proto,4,TCGA-AA-3814_nonMSIH,0,0.5003312230110168,1
proto,4,TCGA-AA-3846_nonMSIH,0,0.4975423216819763,0
proto,4,TCGA-AA-3851_nonMSIH,0,0.49777624011039734,0
proto,4,TCGA-AA-3855_nonMSIH,0,0.4984326958656311,0
proto,4,TCGA-AA-3952_nonMSIH,0,0.4975740611553192,0
proto,4,TCGA-AA-3971_nonMSIH,0,0.4955870807170868,0
proto,4,TCGA-AA-3982_nonMSIH,0,0.4981021285057068,0
proto,4,TCGA-AA-A01P_MSIH,1,0.4977819323539734,0
proto,4,TCGA-AA-A03J_nonMSIH,0,0.4956980049610138,0
proto,4,TCGA-AD-6964_MSIH,1,0.5050283670425415,1
proto,4,TCGA-AF-2693_nonMSIH,0,0.49951258301734924,0
proto,4,TCGA-AF-6672_nonMSIH,0,0.4992828667163849,0
proto,4,TCGA-AG-3727_nonMSIH,0,0.49744755029678345,0
proto,4,TCGA-AG-3885_nonMSIH,0,0.49700021743774414,0
proto,4,TCGA-AG-3893_nonMSIH,0,0.4974946081638336,0
proto,4,TCGA-AG-3896_nonMSIH,0,0.49658486247062683,0
proto,4,TCGA-AG-4001_nonMSIH,0,0.49878567457199097,0
proto,4,TCGA-AG-4008_nonMSIH,0,0.4986180067062378,0
proto,4,TCGA-AG-A015_nonMSIH,0,0.4977729022502899,0
proto,4,TCGA-AG-A01L_nonMSIH,0,0.49732571840286255,0
proto,4,TCGA-AG-A01N_nonMSIH,0,0.49917247891426086,0
proto,4,TCGA-AG-A01Y_nonMSIH,0,0.49704182147979736,0
proto,4,TCGA-AG-A026_nonMSIH,0,0.4972217082977295,0
proto,4,TCGA-AH-6544_nonMSIH,0,0.4993692636489868,0
proto,4,TCGA-AM-5821_MSIH,1,0.5013394951820374,1
proto,4,TCGA-AY-4070_nonMSIH,0,0.49840614199638367,0
proto,4,TCGA-AY-4071_nonMSIH,0,0.5025882124900818,1
proto,4,TCGA-AZ-4616_nonMSIH,0,0.4998661279678345,0
proto,4,TCGA-AZ-4681_nonMSIH,0,0.49800053238868713,0
proto,4,TCGA-AZ-4682_nonMSIH,0,0.4927942454814911,0
proto,4,TCGA-AZ-5403_nonMSIH,0,0.49624255299568176,0
proto,4,TCGA-AZ-6605_nonMSIH,0,0.49430736899375916,0
proto,4,TCGA-CA-5256_nonMSIH,0,0.4980393350124359,0
proto,4,TCGA-CA-6716_nonMSIH,0,0.4985659122467041,0
proto,4,TCGA-CA-6718_nonMSIH,0,0.5020281672477722,1
proto,4,TCGA-CA-6719_nonMSIH,0,0.49757763743400574,0
proto,4,TCGA-CI-6622_nonMSIH,0,0.5032949447631836,1
proto,4,TCGA-CK-4948_nonMSIH,0,0.4968531131744385,0
proto,4,TCGA-CK-4952_nonMSIH,0,0.4988059103488922,0
proto,4,TCGA-CK-5912_nonMSIH,0,0.49462947249412537,0
proto,4,TCGA-CK-5913_MSIH,1,0.5024136900901794,1
proto,4,TCGA-CK-5914_nonMSIH,0,0.4969087243080139,0
proto,4,TCGA-CK-6747_MSIH,1,0.49768906831741333,0
proto,4,TCGA-CK-6748_nonMSIH,0,0.4982892870903015,0
proto,4,TCGA-CM-5349_nonMSIH,0,0.49443382024765015,0
proto,4,TCGA-CM-6163_nonMSIH,0,0.4975145161151886,0
proto,4,TCGA-CM-6166_nonMSIH,0,0.49555733799934387,0
proto,4,TCGA-CM-6168_nonMSIH,0,0.5012966990470886,1
proto,4,TCGA-CM-6169_nonMSIH,0,0.4970521330833435,0
proto,4,TCGA-CM-6172_nonMSIH,0,0.4928184151649475,0
proto,4,TCGA-CM-6675_nonMSIH,0,0.4968404769897461,0
proto,4,TCGA-D5-5538_nonMSIH,0,0.49677446484565735,0
proto,4,TCGA-D5-6532_nonMSIH,0,0.5023126006126404,1
proto,4,TCGA-D5-6535_nonMSIH,0,0.49955254793167114,0
proto,4,TCGA-D5-6537_nonMSIH,0,0.49798521399497986,0
proto,4,TCGA-D5-6538_nonMSIH,0,0.49826300144195557,0
proto,4,TCGA-D5-6920_nonMSIH,0,0.5050384402275085,1
proto,4,TCGA-D5-6922_nonMSIH,0,0.5022862553596497,1
proto,4,TCGA-D5-6924_nonMSIH,0,0.5040889978408813,1
proto,4,TCGA-DC-4745_nonMSIH,0,0.49458643794059753,0
proto,4,TCGA-DC-4749_nonMSIH,0,0.4963473677635193,0
proto,4,TCGA-DC-6157_nonMSIH,0,0.49362751841545105,0
proto,4,TCGA-DC-6160_nonMSIH,0,0.4934649169445038,0
proto,4,TCGA-DM-A1D9_nonMSIH,0,0.49554184079170227,0
proto,4,TCGA-DM-A282_nonMSIH,0,0.49366459250450134,0
proto,4,TCGA-DY-A0XA_nonMSIH,0,0.4943505823612213,0
proto,4,TCGA-EF-5830_nonMSIH,0,0.49851348996162415,0
proto,4,TCGA-EI-6511_nonMSIH,0,0.4962613880634308,0
proto,4,TCGA-EI-6513_nonMSIH,0,0.5006035566329956,1
proto,4,TCGA-EI-6884_nonMSIH,0,0.503102719783783,1
proto,4,TCGA-F4-6459_nonMSIH,0,0.4971138536930084,0
proto,4,TCGA-F4-6461_nonMSIH,0,0.5002909302711487,1
proto,4,TCGA-F4-6569_nonMSIH,0,0.49794068932533264,0
proto,4,TCGA-F4-6703_MSIH,1,0.49894946813583374,0
proto,4,TCGA-F4-6805_nonMSIH,0,0.49714890122413635,0
proto,4,TCGA-F4-6806_nonMSIH,0,0.4939405024051666,0
proto,4,TCGA-G4-6294_nonMSIH,0,0.4968297481536865,0
proto,4,TCGA-G4-6295_nonMSIH,0,0.5006714463233948,1
proto,4,TCGA-G4-6303_nonMSIH,0,0.49748507142066956,0
proto,4,TCGA-G4-6304_MSIH,1,0.5035466551780701,1
proto,4,TCGA-G4-6306_nonMSIH,0,0.4982691705226898,0
proto,4,TCGA-G4-6307_nonMSIH,0,0.49627554416656494,0
proto,4,TCGA-G4-6320_MSIH,1,0.49916157126426697,0
proto,4,TCGA-G4-6321_nonMSIH,0,0.5021701455116272,1
proto,4,TCGA-G4-6628_MSIH,1,0.49948641657829285,0
proto,4,TCGA-NH-A5IV_MSIH,1,0.5021856427192688,1
proto,4,TCGA-NH-A6GA_nonMSIH,0,0.4953395128250122,0
proto,4,TCGA-QG-A5YW_nonMSIH,0,0.5036134719848633,1
proto,4,TCGA-QG-A5Z2_MSIH,1,0.4986386001110077,0
proto,4,TCGA-QL-A97D_nonMSIH,0,0.4970875382423401,0
proto,4,TCGA-WS-AB45_MSIH,1,0.5072944164276123,1
rf,1,TCGA-5M-AAT4_nonMSIH,0,0.16109897891963107,0
rf,1,TCGA-5M-AAT6_MSIH,1,0.30533424228652223,1
rf,1,TCGA-A6-2671_nonMSIH,0,0.1251991341991342,0
rf,1,TCGA-A6-2686_MSIH,1,0.12593548387096776,0
rf,1,TCGA-A6-3807_nonMSIH,0,0.10187096774193549,0
rf,1,TCGA-A6-5661_MSIH,1,0.36527631377277325,1
rf,1,TCGA-A6-6137_nonMSIH,0,0.18019768132527683,0
rf,1,TCGA-A6-6651_nonMSIH,0,0.17567416323513885,0
rf,1,TCGA-A6-6652_nonMSIH,0,0.10497773466371027,0
rf,1,TCGA-A6-6654_nonMSIH,0,0.07159794372294372,0
rf,1,TCGA-A6-A565_nonMSIH,0,0.2413896103896104,0
rf,1,TCGA-A6-A567_nonMSIH,0,0.09141253807920474,0
rf,1,TCGA-AA-3679_nonMSIH,0,0.1890869990224829,0
rf,1,TCGA-AA-3680_nonMSIH,0,0.0834360679970436,0
rf,1,TCGA-AA-3684_nonMSIH,0,0.2611252175571609,0
rf,1,TCGA-AA-3688_nonMSIH,0,0.13548484848484849,0
rf,1,TCGA-AA-3693_nonMSIH,0,0.1088840579710145,0
rf,1,TCGA-AA-3812_nonMSIH,0,0.076,0
rf,1,TCGA-AA-3818_nonMSIH,0,0.0495230670195265,0
rf,1,TCGA-AA-3831_nonMSIH,0,0.03956086661830171,0
rf,1,TCGA-AA-3833_MSIH,1,0.30166666666666664,1
rf,1,TCGA-AA-3837_nonMSIH,0,0.11112104287717892,0
rf,1,TCGA-AA-3850_nonMSIH,0,0.05993548387096775,0
rf,1,TCGA-AA-3854_nonMSIH,0,0.06575366568914956,0
rf,1,TCGA-AA-3866_nonMSIH,0,0.20542033235581625,0
rf,1,TCGA-AA-3867_nonMSIH,0,0.24393548387096775,0
rf,1,TCGA-AA-3875_nonMSIH,0,0.13714327607875995,0
rf,1,TCGA-AA-3947_MSIH,1,0.25301544420755584,0
rf,1,TCGA-AA-3949_MSIH,1,0.5150601571268238,1
rf,1,TCGA-AA-3979_nonMSIH,0,0.2256,0
rf,1,TCGA-AA-3984_nonMSIH,0,0.11111068230279396,0
rf,1,TCGA-AA-3994_nonMSIH,0,0.24175366568914955,0
rf,1,TCGA-AA-A01S_nonMSIH,0,0.2292688172043011,0
rf,1,TCGA-AA-A01X_nonMSIH,0,0.10929533235581623,0
rf,1,TCGA-AD-6888_nonMSIH,0,0.18315151515151512,0
rf,1,TCGA-AD-6901_nonMSIH,0,0.20754633136393474,0
rf,1,TCGA-AD-6963_nonMSIH,0,0.1329271646539529,0
rf,1,TCGA-AF-2687_nonMSIH,0,0.07542857142857143,0
rf,1,TCGA-AF-4110_nonMSIH,0,0.08691321853467801,0
rf,1,TCGA-AF-6136_nonMSIH,0,0.14149279612393217,0
rf,1,TCGA-AG-3726_nonMSIH,0,0.0329917609272448,0
rf,1,TCGA-AG-3878_nonMSIH,0,0.0853110679970436,0
rf,1,TCGA-AG-3892_nonMSIH,0,0.09344684750733137,0
rf,1,TCGA-AG-4021_nonMSIH,0,0.13285222567287786,0
rf,1,TCGA-AG-4022_nonMSIH,0,0.23045014257370583,0
rf,1,TCGA-AG-A008_nonMSIH,0,0.1334848484848485,0
rf,1,TCGA-AG-A011_nonMSIH,0,0.12137155186801137,0
rf,1,TCGA-AG-A01W_nonMSIH,0,0.19889859322538142,0
rf,1,TCGA-AG-A02N_MSIH,1,0.1646401044607566,0
rf,1,TCGA-AH-6903_nonMSIH,0,0.15851557045105433,0
rf,1,TCGA-AY-6196_nonMSIH,0,0.2766175947451902,0
rf,1,TCGA-AY-A69D_nonMSIH,0,0.08754112554112554,0
rf,1,TCGA-AZ-4614_nonMSIH,0,0.1738195097072735,0
rf,1,TCGA-AZ-4615_MSIH,1,0.15759794372294372,0
rf,1,TCGA-AZ-6603_nonMSIH,0,0.025769401330376942,0
rf,1,TCGA-CA-5255_nonMSIH,0,0.0699607843137255,0
rf,1,TCGA-CA-5797_nonMSIH,0,0.06529479123027511,0
rf,1,TCGA-CI-6624_nonMSIH,0,0.08712915976029581,0
rf,1,TCGA-CK-4947_nonMSIH,0,0.16676120451831442,0
rf,1,TCGA-CK-5916_MSIH,1,0.2556277056277056,0
rf,1,TCGA-CL-5917_nonMSIH,0,0.09135930735930735,0
rf,1,TCGA-CM-4743_MSIH,1,0.2198181818181818,0
rf,1,TCGA-CM-4744_nonMSIH,0,0.07976940133037694,0
rf,1,TCGA-CM-5344_nonMSIH,0,0.11931097794211398,0
rf,1,TCGA-CM-5868_nonMSIH,0,0.04381818181818182,0
rf,1,TCGA-CM-6165_nonMSIH,0,0.14584748769688835,0
rf,1,TCGA-CM-6678_nonMSIH,0,0.216,0
rf,1,TCGA-D5-5537_nonMSIH,0,0.23723851417399805,0
rf,1,TCGA-D5-6529_nonMSIH,0,0.07073420147330801,0
rf,1,TCGA-D5-6531_nonMSIH,0,0.11859947299077733,0
rf,1,TCGA-D5-6534_nonMSIH,0,0.20229437229437228,0
rf,1,TCGA-D5-6539_nonMSIH,0,0.13921532091097308,0
rf,1,TCGA-D5-6540_MSIH,1,0.2028658008658009,0
rf,1,TCGA-D5-6541_nonMSIH,0,0.19576940133037693,0
rf,1,TCGA-D5-6898_nonMSIH,0,0.18935867840267886,0
rf,1,TCGA-D5-6927_MSIH,1,0.22730939756602533,0
rf,1,TCGA-D5-6931_nonMSIH,0,0.14864803798352186,0
rf,1,TCGA-DC-6682_nonMSIH,0,0.06176940133037694,0
rf,1,TCGA-DM-A1D6_nonMSIH,0,0.129209210144694,0
rf,1,TCGA-DM-A1D8_nonMSIH,0,0.08500319969885185,0
rf,1,TCGA-DM-A280_nonMSIH,0,0.14384024577572965,0
rf,1,TCGA-DM-A288_nonMSIH,0,0.09477655677655678,0
rf,1,TCGA-DM-A28A_nonMSIH,0,0.05332009167303285,0
rf,1,TCGA-DM-A28E_nonMSIH,0,0.042,0
rf,1,TCGA-DM-A28H_nonMSIH,0,0.06721532091097307,0
rf,1,TCGA-DY-A1DD_nonMSIH,0,0.051722943722943726,0
rf,1,TCGA-EI-6506_nonMSIH,0,0.2354181818181818,0
rf,1,TCGA-EI-6507_MSIH,1,0.335196889132373,1
rf,1,TCGA-EI-6514_nonMSIH,0,0.057674163235138846,0
rf,1,TCGA-EI-6883_nonMSIH,0,0.11595121951219513,0
rf,1,TCGA-F4-6808_nonMSIH,0,0.04261413043478261,0
rf,1,TCGA-F4-6809_nonMSIH,0,0.08364440133037694,0
rf,1,TCGA-F5-6465_nonMSIH,0,0.09544239631336404,0
rf,1,TCGA-F5-6811_nonMSIH,0,0.08277931630848508,0
rf,1,TCGA-G4-6293_nonMSIH,0,0.35081860075408455,1
rf,1,TCGA-G4-6297_nonMSIH,0,0.0859047619047619,0
rf,1,TCGA-G4-6311_nonMSIH,0,0.135173579109063,0
rf,1,TCGA-G4-6322_nonMSIH,0,0.2424364869329464,0
rf,1,TCGA-G4-6323_nonMSIH,0,0.15750691244239629,0
rf,1,TCGA-G4-6586_MSIH,1,0.45848788574451355,1
rf,1,TCGA-G4-6588_MSIH,1,0.41493710319373095,1
rf,1,TCGA-NH-A50V_nonMSIH,0,0.2056357433217189,0
rf,1,TCGA-QG-A5YX_nonMSIH,0,0.08742033235581621,0
rf,2,TCGA-4N-A93T_nonMSIH,0,0.1375939114648792,0
rf,2,TCGA-A6-2685_nonMSIH,0,0.052689976689976686,0
rf,2,TCGA-A6-4107_nonMSIH,0,0.08993548387096774,0
rf,2,TCGA-A6-5665_MSIH,1,0.31156318949867334,1
rf,2,TCGA-A6-6648_nonMSIH,0,0.05993548387096775,0
rf,2,TCGA-A6-6653_MSIH,1,0.28484549727744063,0
rf,2,TCGA-A6-A56B_nonMSIH,0,0.050679073614557486,0
rf,2,TCGA-AA-3664_nonMSIH,0,0.021935483870967745,0
rf,2,TCGA-AA-3673_nonMSIH,0,0.051912003825920615,0
rf,2,TCGA-AA-3681_nonMSIH,0,0.03581818181818181,0
rf,2,TCGA-AA-3692_nonMSIH,0,0.09,0
rf,2,TCGA-AA-3811_MSIH,1,0.036,0
rf,2,TCGA-AA-3821_MSIH,1,0.1073408299018055,0
rf,2,TCGA-AA-3842_nonMSIH,0,0.038,0
rf,2,TCGA-AA-3845_MSIH,1,0.10332812936704615,0
rf,2,TCGA-AA-3856_nonMSIH,0,0.03766666666666667,0
rf,2,TCGA-AA-3877_MSIH,1,0.1339047619047619,0
rf,2,TCGA-AA-3950_MSIH,1,0.11316625364114602,0
rf,2,TCGA-AA-3966_MSIH,1,0.17365396613190728,0
rf,2,TCGA-AA-3968_nonMSIH,0,0.094,0
rf,2,TCGA-AA-3976_nonMSIH,0,0.11537870731419117,0
rf,2,TCGA-AA-3986_nonMSIH,0,0.03961788617886179,0
rf,2,TCGA-AA-A02E_nonMSIH,0,0.03,0
rf,2,TCGA-AA-A02O_nonMSIH,0,0.12558150451698838,0
rf,2,TCGA-AD-5900_MSIH,1,0.19565842759391144,0
rf,2,TCGA-AD-6889_MSIH,1,0.13109614704842698,0
rf,2,TCGA-AD-6965_nonMSIH,0,0.07155731225296444,0
rf,2,TCGA-AF-2690_nonMSIH,0,0.10258811884474663,0
rf,2,TCGA-AF-6655_nonMSIH,0,0.06315151515151515,0
rf,2,TCGA-AF-A56L_nonMSIH,0,0.07690572196620585,0
rf,2,TCGA-AF-A56N_nonMSIH,0,0.10888240651354256,0
rf,2,TCGA-AG-3894_nonMSIH,0,0.01796078431372549,0
rf,2,TCGA-AG-3902_nonMSIH,0,0.04742857142857143,0
rf,2,TCGA-AG-4015_nonMSIH,0,0.068,0
rf,2,TCGA-AG-A002_nonMSIH,0,0.056,0
rf,2,TCGA-AG-A00C_nonMSIH,0,0.037238095238095244,0
rf,2,TCGA-AG-A020_nonMSIH,0,0.1789917609272448,0
rf,2,TCGA-AG-A02X_nonMSIH,0,0.036,0
rf,2,TCGA-AH-6547_nonMSIH,0,0.07993548387096774,0
rf,2,TCGA-AH-6644_nonMSIH,0,0.1988343685300207,0
rf,2,TCGA-AH-6897_nonMSIH,0,0.084,0
rf,2,TCGA-AU-3779_nonMSIH,0,0.2656666666666666,0
rf,2,TCGA-AY-6386_nonMSIH,0,0.11906493506493505,0
rf,2,TCGA-AY-A54L_nonMSIH,0,0.047571847507331386,0
rf,2,TCGA-AY-A71X_nonMSIH,0,0.15629254616351393,0
rf,2,TCGA-AY-A8YK_nonMSIH,0,0.06681843151005143,0
rf,2,TCGA-AZ-4315_nonMSIH,0,0.08535664335664335,0
rf,2,TCGA-AZ-6598_MSIH,1,0.48479212860310417,1
rf,2,TCGA-AZ-6599_nonMSIH,0,0.05542857142857143,0
rf,2,TCGA-AZ-6606_nonMSIH,0,0.1974116743471582,0
rf,2,TCGA-CA-5254_nonMSIH,0,0.06509661709258484,0
rf,2,TCGA-CK-5915_nonMSIH,0,0.09265992335154327,0
rf,2,TCGA-CL-5918_nonMSIH,0,0.1528203988490759,0
rf,2,TCGA-CM-4747_nonMSIH,0,0.1043871639441073,0
rf,2,TCGA-CM-4750_nonMSIH,0,0.06718597794211399,0
rf,2,TCGA-CM-4752_nonMSIH,0,0.1828343685300207,0
rf,2,TCGA-CM-5348_nonMSIH,0,0.10526881720430109,0
rf,2,TCGA-CM-5860_nonMSIH,0,0.08165072964669738,0
rf,2,TCGA-CM-5862_nonMSIH,0,0.10147660941209327,0
rf,2,TCGA-CM-5863_nonMSIH,0,0.1507395493706854,0
rf,2,TCGA-CM-5864_nonMSIH,0,0.12164389233954451,0
rf,2,TCGA-CM-6162_MSIH,1,0.27075366568914955,0
rf,2,TCGA-CM-6164_nonMSIH,0,0.1137391304347826,0
rf,2,TCGA-CM-6167_nonMSIH,0,0.25081789038451024,0
rf,2,TCGA-D5-5540_nonMSIH,0,0.16890683229813663,0
rf,2,TCGA-D5-5541_nonMSIH,0,0.04173913043478261,0
rf,2,TCGA-D5-6533_nonMSIH,0,0.08425470088583692,0
rf,2,TCGA-D5-6926_nonMSIH,0,0.24775366568914955,0
rf,2,TCGA-D5-6929_nonMSIH,0,0.12542857142857142,0
rf,2,TCGA-DC-5337_nonMSIH,0,0.03702651515151516,0
rf,2,TCGA-DC-5869_nonMSIH,0,0.07175366568914955,0
rf,2,TCGA-DC-6154_MSIH,1,0.11272069865618253,0
rf,2,TCGA-DC-6155_nonMSIH,0,0.015935483870967743,0
rf,2,TCGA-DC-6158_nonMSIH,0,0.06572294372294372,0
rf,2,TCGA-DM-A1D0_nonMSIH,0,0.03258008658008658,0
rf,2,TCGA-DM-A1D4_nonMSIH,0,0.036905180840664714,0
rf,2,TCGA-DM-A1DA_nonMSIH,0,0.06963636363636364,0
rf,2,TCGA-DM-A285_nonMSIH,0,0.05131097794211399,0
rf,2,TCGA-DM-A28F_nonMSIH,0,0.049935483870967745,0
rf,2,TCGA-DM-A28G_nonMSIH,0,0.06965842759391147,0
rf,2,TCGA-DM-A28M_nonMSIH,0,0.04558080808080808,0
rf,2,TCGA-DY-A1DF_nonMSIH,0,0.04647867980546803,0
rf,2,TCGA-DY-A1DG_nonMSIH,0,0.04931097794211399,0
rf,2,TCGA-EI-6509_nonMSIH,0,0.0696845238095238,0
rf,2,TCGA-EI-6881_nonMSIH,0,0.16190476190476188,0
rf,2,TCGA-EI-7004_nonMSIH,0,0.31781818181818183,1
rf,2,TCGA-F4-6463_nonMSIH,0,0.31545454545454543,1
rf,2,TCGA-F4-6807_nonMSIH,0,0.24102331002331004,0
rf,2,TCGA-F4-6855_nonMSIH,0,0.131057237117721,0
rf,2,TCGA-F5-6571_nonMSIH,0,0.1736931818181818,0
rf,2,TCGA-F5-6702_nonMSIH,0,0.06126140526140526,0
rf,2,TCGA-F5-6864_nonMSIH,0,0.11881860075408461,0
rf,2,TCGA-G4-6299_nonMSIH,0,0.2559382646339168,0
rf,2,TCGA-NH-A50U_nonMSIH,0,0.25037912625009395,0
rf,2,TCGA-NH-A6GC_nonMSIH,0,0.16666637523299513,0
rf,2,TCGA-NH-A8F8_nonMSIH,0,0.11095439039035641,0
rf,2,TCGA-QG-A5YV_nonMSIH,0,0.13977572964669738,0
rf,3,TCGA-5M-AATE_nonMSIH,0,0.0914848484848485,0
rf,3,TCGA-A6-2681_nonMSIH,0,0.16372294372294371,0
rf,3,TCGA-A6-5666_nonMSIH,0,0.10932509426057814,0
rf,3,TCGA-A6-5667_nonMSIH,0,0.036602150537634416,0
rf,3,TCGA-A6-6138_nonMSIH,0,0.4178402457757296,1
rf,3,TCGA-A6-6142_nonMSIH,0,0.24052352821612202,0
rf,3,TCGA-A6-6649_nonMSIH,0,0.0716021505376344,0
rf,3,TCGA-AA-3667_nonMSIH,0,0.11184024577572964,0
rf,3,TCGA-AA-3715_MSIH,1,0.2291988930735846,0
rf,3,TCGA-AA-3819_nonMSIH,0,0.047442396313364055,0
rf,3,TCGA-AA-3844_nonMSIH,0,0.0658095238095238,0
rf,3,TCGA-AA-3848_nonMSIH,0,0.06,0
rf,3,TCGA-AA-3852_nonMSIH,0,0.1,0
rf,3,TCGA-AA-3858_nonMSIH,0,0.07505303030303032,0
rf,3,TCGA-AA-3864_MSIH,1,0.19725637131685517,0
rf,3,TCGA-AA-3956_nonMSIH,0,0.02984024577572965,0
rf,3,TCGA-AA-3973_nonMSIH,0,0.14277518040631643,0
rf,3,TCGA-AA-3975_nonMSIH,0,0.12723430735930732,0
rf,3,TCGA-AA-3989_nonMSIH,0,0.051904761904761905,0
rf,3,TCGA-AA-A010_nonMSIH,0,0.1357633226988066,0
rf,3,TCGA-AA-A01R_MSIH,1,0.21375366568914955,0
rf,3,TCGA-AA-A01T_nonMSIH,0,0.07101773495321884,0
rf,3,TCGA-AA-A01V_nonMSIH,0,0.07940746753246754,0
rf,3,TCGA-AA-A01Z_nonMSIH,0,0.06534265369529597,0
rf,3,TCGA-AA-A024_nonMSIH,0,0.0662115008974765,0
rf,3,TCGA-AA-A02F_nonMSIH,0,0.2615411255411256,0
rf,3,TCGA-AA-A02H_nonMSIH,0,0.1552779330955365,0
rf,3,TCGA-AA-A02Y_nonMSIH,0,0.06148913043478261,0
rf,3,TCGA-AA-A03F_nonMSIH,0,0.042949553135037004,0
rf,3,TCGA-AD-6548_nonMSIH,0,0.16369318181818182,0
rf,3,TCGA-AD-6890_nonMSIH,0,0.15557142857142855,0
rf,3,TCGA-AD-A5EJ_MSIH,1,0.11332954545454543,0
rf,3,TCGA-AD-A5EK_nonMSIH,0,0.049325513196480944,0
rf,3,TCGA-AF-3911_nonMSIH,0,0.12763636363636363,0
rf,3,TCGA-AF-A56K_nonMSIH,0,0.055173579109062974,0
rf,3,TCGA-AG-3882_nonMSIH,0,0.03965842759391147,0
rf,3,TCGA-AG-3883_nonMSIH,0,0.038,0
rf,3,TCGA-AG-3887_nonMSIH,0,0.072,0
rf,3,TCGA-AG-3890_nonMSIH,0,0.05141612554112555,0
rf,3,TCGA-AG-3898_nonMSIH,0,0.09567674261222647,0
rf,3,TCGA-AG-3901_nonMSIH,0,0.043412093283061025,0
rf,3,TCGA-AG-3909_nonMSIH,0,0.15326881720430105,0
rf,3,TCGA-AG-A016_nonMSIH,0,0.19976940133037693,0
rf,3,TCGA-AH-6643_nonMSIH,0,0.09376940133037694,0
rf,3,TCGA-AM-5820_nonMSIH,0,0.21142033235581623,0
rf,3,TCGA-AU-6004_MSIH,1,0.3755073313782991,1
rf,3,TCGA-AY-5543_nonMSIH,0,0.13155337004982953,0
rf,3,TCGA-AY-6197_MSIH,1,0.2154848484848485,0
rf,3,TCGA-AZ-4308_nonMSIH,0,0.08173018564410243,0
rf,3,TCGA-AZ-5407_nonMSIH,0,0.06311351417399806,0
rf,3,TCGA-AZ-6600_nonMSIH,0,0.19950733137829912,0
rf,3,TCGA-CA-5796_nonMSIH,0,0.03763636363636364,0
rf,3,TCGA-CA-6715_nonMSIH,0,0.057593911464879216,0
rf,3,TCGA-CA-6717_nonMSIH,0,0.11738961038961038,0
rf,3,TCGA-CK-4950_nonMSIH,0,0.2651260446870203,0
rf,3,TCGA-CK-4951_MSIH,1,0.3773250942605781,1
rf,3,TCGA-CK-6746_MSIH,1,0.22085407066052223,0
rf,3,TCGA-CK-6751_nonMSIH,0,0.2267834008970157,0
rf,3,TCGA-CL-4957_nonMSIH,0,0.07554112554112553,0
rf,3,TCGA-CM-4746_MSIH,1,0.0892077922077922,0
rf,3,TCGA-CM-4751_nonMSIH,0,0.28563636363636363,0
rf,3,TCGA-CM-5341_nonMSIH,0,0.09763636363636363,0
rf,3,TCGA-CM-5861_MSIH,1,0.2668290512666389,0
rf,3,TCGA-CM-6161_nonMSIH,0,0.03726140526140526,0
rf,3,TCGA-CM-6170_nonMSIH,0,0.0592563713168552,0
rf,3,TCGA-CM-6171_MSIH,1,0.113196889132373,0
rf,3,TCGA-CM-6674_MSIH,1,0.1624661252725769,0
rf,3,TCGA-CM-6676_nonMSIH,0,0.06175366568914956,0
rf,3,TCGA-CM-6677_nonMSIH,0,0.16589626818469322,0
rf,3,TCGA-CM-6679_nonMSIH,0,0.047886703383162865,0
rf,3,TCGA-D5-5539_nonMSIH,0,0.1514848484848485,0
rf,3,TCGA-D5-6530_MSIH,1,0.11354166666666667,0
rf,3,TCGA-D5-6536_nonMSIH,0,0.17550190985485098,0
rf,3,TCGA-D5-6928_MSIH,1,0.07866900572545733,0
rf,3,TCGA-D5-6930_MSIH,1,0.1328476187790704,0
rf,3,TCGA-D5-6932_nonMSIH,0,0.08947660941209326,0
rf,3,TCGA-DC-6681_nonMSIH,0,0.12926099706744867,0
rf,3,TCGA-DC-6683_nonMSIH,0,0.04917803030303031,0
rf,3,TCGA-DM-A0X9_nonMSIH,0,0.019722943722943722,0
rf,3,TCGA-DM-A0XD_nonMSIH,0,0.056882915504374985,0
rf,3,TCGA-DM-A0XF_nonMSIH,0,0.054,0
rf,3,TCGA-DM-A1D7_nonMSIH,0,0.07,0
rf,3,TCGA-DM-A1DB_nonMSIH,0,0.1352943722943723,0
rf,3,TCGA-DM-A1HA_nonMSIH,0,0.13865342500636618,0
rf,3,TCGA-DM-A28K_nonMSIH,0,0.07455469162148119,0
rf,3,TCGA-DT-5265_nonMSIH,0,0.05211337628696963,0
rf,3,TCGA-DY-A1DC_nonMSIH,0,0.07970579199421704,0
rf,3,TCGA-EI-6508_nonMSIH,0,0.1690787599497277,0
rf,3,TCGA-EI-6510_nonMSIH,0,0.10157184750733136,0
rf,3,TCGA-EI-6512_nonMSIH,0,0.24984024577572964,0
rf,3,TCGA-EI-6882_MSIH,1,0.07162866568914955,0
rf,3,TCGA-EI-6885_nonMSIH,0,0.08883645789694175,0
rf,3,TCGA-EI-7002_nonMSIH,0,0.07316616716616717,0
rf,3,TCGA-F4-6460_nonMSIH,0,0.054011283071766954,0
rf,3,TCGA-F4-6570_MSIH,1,0.3113030303030303,1
rf,3,TCGA-F4-6704_nonMSIH,0,0.06720821114369502,0
rf,3,TCGA-F4-6854_nonMSIH,0,0.048780180840664704,0
rf,3,TCGA-F4-6856_MSIH,1,0.14317748917748918,0
rf,3,TCGA-F5-6464_nonMSIH,0,0.16850312456360841,0
rf,3,TCGA-F5-6863_nonMSIH,0,0.023541125541125543,0
rf,3,TCGA-G4-6298_nonMSIH,0,0.16212146181308174,0
rf,3,TCGA-G4-6302_MSIH,1,0.4375693636523885,1
rf,3,TCGA-G4-6309_MSIH,1,0.3393811166695418,1
rf,3,TCGA-G4-6315_nonMSIH,0,0.1130150709505548,0
rf,3,TCGA-G4-6317_nonMSIH,0,0.12977896613190731,0
rf,3,TCGA-G4-6626_nonMSIH,0,0.16500374082439295,0
rf,3,TCGA-G4-6627_nonMSIH,0,0.2316277056277056,0
rf,3,TCGA-G5-6641_nonMSIH,0,0.1930312576623937,0
rf,3,TCGA-NH-A50T_nonMSIH,0,0.09096949559095506,0
rf,3,TCGA-NH-A6GB_nonMSIH,0,0.19354916323513885,0
rf,3,TCGA-QG-A5Z1_nonMSIH,0,0.13266845027801924,0
rf,3,TCGA-SS-A7HO_nonMSIH,0,0.07045105432202206,0
rf,4,TCGA-3L-AA1B_nonMSIH,0,0.15375366568914955,0
rf,4,TCGA-A6-4105_nonMSIH,0,0.17744642857142856,0
rf,4,TCGA-A6-5657_nonMSIH,0,0.1115939114648792,0
rf,4,TCGA-A6-5660_nonMSIH,0,0.19291267740913687,0
rf,4,TCGA-A6-5662_nonMSIH,0,0.041597943722943724,0
rf,4,TCGA-A6-5664_nonMSIH,0,0.20339806701952648,0
rf,4,TCGA-A6-A566_nonMSIH,0,0.31154112554112556,1
rf,4,TCGA-AA-3666_nonMSIH,0,0.045092345053320666,0
rf,4,TCGA-AA-3678_nonMSIH,0,0.11960964710610658,0
rf,4,TCGA-AA-3696_nonMSIH,0,0.047587583148558765,0
rf,4,TCGA-AA-3814_nonMSIH,0,0.086,0
rf,4,TCGA-AA-3846_nonMSIH,0,0.04908279220779221,0
rf,4,TCGA-AA-3851_nonMSIH,0,0.06767461430575035,0
rf,4,TCGA-AA-3855_nonMSIH,0,0.08563636363636362,0
rf,4,TCGA-AA-3952_nonMSIH,0,0.22440941573620393,0
rf,4,TCGA-AA-3971_nonMSIH,0,0.0772999147485081,0
rf,4,TCGA-AA-3982_nonMSIH,0,0.13508279220779218,0
rf,4,TCGA-AA-A01P_MSIH,1,0.3072646103896104,1
rf,4,TCGA-AA-A03J_nonMSIH,0,0.12715731225296442,0
rf,4,TCGA-AD-6964_MSIH,1,0.5267427961239322,1
rf,4,TCGA-AF-2693_nonMSIH,0,0.1554634899414311,0
rf,4,TCGA-AF-6672_nonMSIH,0,0.1316837280366692,0
rf,4,TCGA-AG-3727_nonMSIH,0,0.06560215053763442,0
rf,4,TCGA-AG-3885_nonMSIH,0,0.020774825174825175,0
rf,4,TCGA-AG-3893_nonMSIH,0,0.04581818181818182,0
rf,4,TCGA-AG-3896_nonMSIH,0,0.05941818181818182,0
rf,4,TCGA-AG-4001_nonMSIH,0,0.10541374474053296,0
rf,4,TCGA-AG-4008_nonMSIH,0,0.14954112554112553,0
rf,4,TCGA-AG-A015_nonMSIH,0,0.09688240651354255,0
rf,4,TCGA-AG-A01L_nonMSIH,0,0.04326666666666667,0
rf,4,TCGA-AG-A01N_nonMSIH,0,0.049840245775729645,0
rf,4,TCGA-AG-A01Y_nonMSIH,0,0.107128740824393,0
rf,4,TCGA-AG-A026_nonMSIH,0,0.10083851417399806,0
rf,4,TCGA-AH-6544_nonMSIH,0,0.14959714795008913,0
rf,4,TCGA-AM-5821_MSIH,1,0.2655411255411256,0
rf,4,TCGA-AY-4070_nonMSIH,0,0.07728025597590815,0
rf,4,TCGA-AY-4071_nonMSIH,0,0.14707551319648093,0
rf,4,TCGA-AZ-4616_nonMSIH,0,0.2373122294372294,0
rf,4,TCGA-AZ-4681_nonMSIH,0,0.14577572964669738,0
rf,4,TCGA-AZ-4682_nonMSIH,0,0.025627705627705628,0
rf,4,TCGA-AZ-5403_nonMSIH,0,0.061234307359307356,0
rf,4,TCGA-AZ-6605_nonMSIH,0,0.06326461038961038,0
rf,4,TCGA-CA-5256_nonMSIH,0,0.08585598141695704,0
rf,4,TCGA-CA-6716_nonMSIH,0,0.057514409010868496,0
rf,4,TCGA-CA-6718_nonMSIH,0,0.08694298043943993,0
rf,4,TCGA-CA-6719_nonMSIH,0,0.04393548387096775,0
rf,4,TCGA-CI-6622_nonMSIH,0,0.09893115486663874,0
rf,4,TCGA-CK-4948_nonMSIH,0,0.1116277056277056,0
rf,4,TCGA-CK-4952_nonMSIH,0,0.24563636363636362,0
rf,4,TCGA-CK-5912_nonMSIH,0,0.05960964710610659,0
rf,4,TCGA-CK-5913_MSIH,1,0.41839470229224335,1
rf,4,TCGA-CK-5914_nonMSIH,0,0.06390476190476191,0
rf,4,TCGA-CK-6747_MSIH,1,0.15,0
rf,4,TCGA-CK-6748_nonMSIH,0,0.11899925749571698,0
rf,4,TCGA-CM-5349_nonMSIH,0,0.08948484848484849,0
rf,4,TCGA-CM-6163_nonMSIH,0,0.08358758314855876,0
rf,4,TCGA-CM-6166_nonMSIH,0,0.09118548387096774,0
rf,4,TCGA-CM-6168_nonMSIH,0,0.4237229437229437,1
rf,4,TCGA-CM-6169_nonMSIH,0,0.12793548387096773,0
rf,4,TCGA-CM-6172_nonMSIH,0,0.053818181818181814,0
rf,4,TCGA-CM-6675_nonMSIH,0,0.1895691056910569,0
rf,4,TCGA-D5-5538_nonMSIH,0,0.12696807950345576,0
rf,4,TCGA-D5-6532_nonMSIH,0,0.13737549407114624,0
rf,4,TCGA-D5-6535_nonMSIH,0,0.08151136363636365,0
rf,4,TCGA-D5-6537_nonMSIH,0,0.2677229437229437,0
rf,4,TCGA-D5-6538_nonMSIH,0,0.12935930735930734,0
rf,4,TCGA-D5-6920_nonMSIH,0,0.13498352185448959,0
rf,4,TCGA-D5-6922_nonMSIH,0,0.11477963971512357,0
rf,4,TCGA-D5-6924_nonMSIH,0,0.20767416323513885,0
rf,4,TCGA-DC-4745_nonMSIH,0,0.05567461430575035,0
rf,4,TCGA-DC-4749_nonMSIH,0,0.049935483870967745,0
rf,4,TCGA-DC-6157_nonMSIH,0,0.03543606799704361,0
rf,4,TCGA-DC-6160_nonMSIH,0,0.041935483870967745,0
rf,4,TCGA-DM-A1D9_nonMSIH,0,0.04489064558629776,0
rf,4,TCGA-DM-A282_nonMSIH,0,0.034,0
rf,4,TCGA-DY-A0XA_nonMSIH,0,0.03190476190476191,0
rf,4,TCGA-EF-5830_nonMSIH,0,0.0956178861788618,0
rf,4,TCGA-EI-6511_nonMSIH,0,0.09909843779408996,0
rf,4,TCGA-EI-6513_nonMSIH,0,0.18567416323513886,0
rf,4,TCGA-EI-6884_nonMSIH,0,0.3129867583396995,1
rf,4,TCGA-F4-6459_nonMSIH,0,0.05584024577572965,0
rf,4,TCGA-F4-6461_nonMSIH,0,0.164,0
rf,4,TCGA-F4-6569_nonMSIH,0,0.10581048387096774,0
rf,4,TCGA-F4-6703_MSIH,1,0.1166940007164411,0
rf,4,TCGA-F4-6805_nonMSIH,0,0.11151440901086848,0
rf,4,TCGA-F4-6806_nonMSIH,0,0.05873614286373839,0
rf,4,TCGA-G4-6294_nonMSIH,0,0.14526099706744866,0
rf,4,TCGA-G4-6295_nonMSIH,0,0.18542782892428838,0
rf,4,TCGA-G4-6303_nonMSIH,0,0.09151136363636363,0
rf,4,TCGA-G4-6304_MSIH,1,0.1868046957786047,0
rf,4,TCGA-G4-6306_nonMSIH,0,0.11305669599217988,0
rf,4,TCGA-G4-6307_nonMSIH,0,0.1237229437229437,0
rf,4,TCGA-G4-6320_MSIH,1,0.26325,0
rf,4,TCGA-G4-6321_nonMSIH,0,0.3611125541125541,1
rf,4,TCGA-G4-6628_MSIH,1,0.17243789806500187,0
rf,4,TCGA-NH-A5IV_MSIH,1,0.1299672131147541,0
rf,4,TCGA-NH-A6GA_nonMSIH,0,0.04619955313503701,0
rf,4,TCGA-QG-A5YW_nonMSIH,0,0.08947619047619049,0
rf,4,TCGA-QG-A5Z2_MSIH,1,0.12,0
rf,4,TCGA-QL-A97D_nonMSIH,0,0.08554112554112554,0
rf,4,TCGA-WS-AB45_MSIH,1,0.2088678712591756,0
