classifier,fold,WSI_ID,target,prob_pos,pred_at_0.5
lin,1,TCGA-5M-AAT4_nonMSIH,0,3.362669509214553e-08,0
lin,1,TCGA-5M-AAT6_MSIH,1,0.099532271934026,0
lin,1,TCGA-A6-2671_nonMSIH,0,2.089830265560141e-07,0
lin,1,TCGA-A6-2686_MSIH,1,0.00022427654440024987,0
lin,1,TCGA-A6-3807_nonMSIH,0,7.229271624411941e-05,0
lin,1,TCGA-A6-5661_MSIH,1,0.003898758420113393,0
lin,1,TCGA-A6-6137_nonMSIH,0,4.367127217554141e-06,0
lin,1,TCGA-A6-6651_nonMSIH,0,1.5802153641308155e-07,0
lin,1,TCGA-A6-6652_nonMSIH,0,0.0001268256646313533,0
lin,1,TCGA-A6-6654_nonMSIH,0,3.3175820538428643e-08,0
lin,1,TCGA-A6-A565_nonMSIH,0,1.4479798617437206e-05,0
lin,1,TCGA-A6-A567_nonMSIH,0,1.2376325110265387e-06,0
lin,1,TCGA-AA-3679_nonMSIH,0,0.02716807530211011,0
lin,1,TCGA-AA-3680_nonMSIH,0,0.026536533222713193,0
lin,1,TCGA-AA-3684_nonMSIH,0,0.8849632521668777,1
lin,1,TCGA-AA-3688_nonMSIH,0,9.591485075171835e-06,0
lin,1,TCGA-AA-3693_nonMSIH,0,2.9014725967533084e-05,0
lin,1,TCGA-AA-3812_nonMSIH,0,0.0010401829051394395,0
lin,1,TCGA-AA-3818_nonMSIH,0,0.00030452370969108873,0
lin,1,TCGA-AA-3831_nonMSIH,0,8.204532703409263e-05,0
lin,1,TCGA-AA-3833_MSIH,1,0.9991932116141068,1
lin,1,TCGA-AA-3837_nonMSIH,0,0.0006122508030560562,0
lin,1,TCGA-AA-3850_nonMSIH,0,0.00021655982062355092,0
lin,1,TCGA-AA-3854_nonMSIH,0,0.0005996586930666055,0
lin,1,TCGA-AA-3866_nonMSIH,0,0.004045183424322684,0
lin,1,TCGA-AA-3867_nonMSIH,0,0.0026979441487023493,0
lin,1,TCGA-AA-3875_nonMSIH,0,0.0012717619805633074,0
lin,1,TCGA-AA-3947_MSIH,1,0.9699275313822597,1
lin,1,TCGA-AA-3949_MSIH,1,0.999989011597304,1
lin,1,TCGA-AA-3979_nonMSIH,0,0.00017748030582717276,0
lin,1,TCGA-AA-3984_nonMSIH,0,0.029441389545403204,0
lin,1,TCGA-AA-3994_nonMSIH,0,0.0036871437282589435,0
lin,1,TCGA-AA-A01S_nonMSIH,0,0.0010605851652416808,0
lin,1,TCGA-AA-A01X_nonMSIH,0,0.0002560191293343276,0
lin,1,TCGA-AD-6888_nonMSIH,0,5.206941100536554e-07,0
lin,1,TCGA-AD-6901_nonMSIH,0,0.04630915288583014,0
lin,1,TCGA-AD-6963_nonMSIH,0,0.00010208881463957302,0
lin,1,TCGA-AF-2687_nonMSIH,0,1.1272159521633828e-07,0
lin,1,TCGA-AF-4110_nonMSIH,0,6.111609692374004e-07,0
lin,1,TCGA-AF-6136_nonMSIH,0,5.4899632021039085e-08,0
lin,1,TCGA-AG-3726_nonMSIH,0,0.0001488072308002656,0
lin,1,TCGA-AG-3878_nonMSIH,0,0.0022193615887076664,0
lin,1,TCGA-AG-3892_nonMSIH,0,0.024201578578360573,0
lin,1,TCGA-AG-4021_nonMSIH,0,0.5400889547122454,1
lin,1,TCGA-AG-4022_nonMSIH,0,0.009907748012003992,0
lin,1,TCGA-AG-A008_nonMSIH,0,0.0007388740407176651,0
lin,1,TCGA-AG-A011_nonMSIH,0,0.05642849628095916,0
lin,1,TCGA-AG-A01W_nonMSIH,0,0.003346070774331138,0
lin,1,TCGA-AG-A02N_MSIH,1,0.43519501642417313,0
lin,1,TCGA-AH-6903_nonMSIH,0,0.004340246922667275,0
lin,1,TCGA-AY-6196_nonMSIH,0,0.6410766962671182,1
lin,1,TCGA-AY-A69D_nonMSIH,0,4.295684664672648e-09,0
lin,1,TCGA-AZ-4614_nonMSIH,0,8.022612634553787e-05,0
lin,1,TCGA-AZ-4615_MSIH,1,0.8332973075697816,1
lin,1,TCGA-AZ-6603_nonMSIH,0,8.740434999584647e-09,0
lin,1,TCGA-CA-5255_nonMSIH,0,0.0040621577195973915,0
lin,1,TCGA-CA-5797_nonMSIH,0,2.924426643692359e-07,0
lin,1,TCGA-CI-6624_nonMSIH,0,1.242851434167727e-05,0
lin,1,TCGA-CK-4947_nonMSIH,0,0.059292332164755476,0
lin,1,TCGA-CK-5916_MSIH,1,0.6589218075099358,1
lin,1,TCGA-CL-5917_nonMSIH,0,0.00022214979969637454,0
lin,1,TCGA-CM-4743_MSIH,1,0.6925218664521852,1
lin,1,TCGA-CM-4744_nonMSIH,0,0.00047883009865280817,0
lin,1,TCGA-CM-5344_nonMSIH,0,0.0182059941240991,0
lin,1,TCGA-CM-5868_nonMSIH,0,2.002135773407653e-05,0
lin,1,TCGA-CM-6165_nonMSIH,0,7.976816912818327e-05,0
lin,1,TCGA-CM-6678_nonMSIH,0,7.692210228775199e-05,0
lin,1,TCGA-D5-5537_nonMSIH,0,7.942585889348746e-06,0
lin,1,TCGA-D5-6529_nonMSIH,0,8.519151066026106e-05,0
lin,1,TCGA-D5-6531_nonMSIH,0,4.693776699763654e-05,0
lin,1,TCGA-D5-6534_nonMSIH,0,0.00032937304891180076,0
lin,1,TCGA-D5-6539_nonMSIH,0,0.0003302842831244382,0
lin,1,TCGA-D5-6540_MSIH,1,0.03652915448703396,0
lin,1,TCGA-D5-6541_nonMSIH,0,0.008945877656785886,0
lin,1,TCGA-D5-6898_nonMSIH,0,0.00011879134555586903,0
lin,1,TCGA-D5-6927_MSIH,1,0.9993755711229358,1
lin,1,TCGA-D5-6931_nonMSIH,0,0.798525283042461,1
lin,1,TCGA-DC-6682_nonMSIH,0,0.0008134602913749834,0
lin,1,TCGA-DM-A1D6_nonMSIH,0,3.111325168202937e-08,0
lin,1,TCGA-DM-A1D8_nonMSIH,0,5.8623143575957547e-08,0
lin,1,TCGA-DM-A280_nonMSIH,0,0.0001280457498126671,0
lin,1,TCGA-DM-A288_nonMSIH,0,1.0723557339754362e-05,0
lin,1,TCGA-DM-A28A_nonMSIH,0,2.6382597553091424e-08,0
lin,1,TCGA-DM-A28E_nonMSIH,0,1.1659911597800343e-09,0
lin,1,TCGA-DM-A28H_nonMSIH,0,8.484585538576841e-07,0
lin,1,TCGA-DY-A1DD_nonMSIH,0,7.475379876656002e-10,0
lin,1,TCGA-EI-6506_nonMSIH,0,0.0004275429696547735,0
lin,1,TCGA-EI-6507_MSIH,1,0.9858548024947899,1
lin,1,TCGA-EI-6514_nonMSIH,0,6.164421471665563e-09,0
lin,1,TCGA-EI-6883_nonMSIH,0,6.99453098004826e-05,0
lin,1,TCGA-F4-6808_nonMSIH,0,8.122855149921559e-09,0
lin,1,TCGA-F4-6809_nonMSIH,0,1.4287620513086579e-05,0
lin,1,TCGA-F5-6465_nonMSIH,0,3.573680810560762e-05,0
lin,1,TCGA-F5-6811_nonMSIH,0,4.404444861468416e-06,0
lin,1,TCGA-G4-6293_nonMSIH,0,0.0025002018025584364,0
lin,1,TCGA-G4-6297_nonMSIH,0,4.413449833869565e-05,0
lin,1,TCGA-G4-6311_nonMSIH,0,0.0008609716738205013,0
lin,1,TCGA-G4-6322_nonMSIH,0,0.25693149717605956,0
lin,1,TCGA-G4-6323_nonMSIH,0,4.318514320782904e-06,0
lin,1,TCGA-G4-6586_MSIH,1,0.9996806250771169,1
lin,1,TCGA-G4-6588_MSIH,1,0.999991507682962,1
lin,1,TCGA-NH-A50V_nonMSIH,0,0.39087328139507743,0
lin,1,TCGA-QG-A5YX_nonMSIH,0,1.4594346351603718e-07,0
lin,2,TCGA-4N-A93T_nonMSIH,0,4.8742574845364066e-08,0
lin,2,TCGA-A6-2685_nonMSIH,0,3.7742310829273645e-08,0
lin,2,TCGA-A6-4107_nonMSIH,0,8.714179930622524e-08,0
lin,2,TCGA-A6-5665_MSIH,1,0.9999578951002807,1
lin,2,TCGA-A6-6648_nonMSIH,0,2.0497393087546225e-09,0
lin,2,TCGA-A6-6653_MSIH,1,0.7356884409888721,1
lin,2,TCGA-A6-A56B_nonMSIH,0,2.133657970674302e-14,0
lin,2,TCGA-AA-3664_nonMSIH,0,1.7516790005110283e-07,0
lin,2,TCGA-AA-3673_nonMSIH,0,4.5908584845491624e-07,0
lin,2,TCGA-AA-3681_nonMSIH,0,9.075559976141176e-07,0
lin,2,TCGA-AA-3692_nonMSIH,0,0.00012691370014043555,0
lin,2,TCGA-AA-3811_MSIH,1,4.974541614066119e-05,0
lin,2,TCGA-AA-3821_MSIH,1,1.9177962020884543e-07,0
lin,2,TCGA-AA-3842_nonMSIH,0,3.76401627655511e-07,0
lin,2,TCGA-AA-3845_MSIH,1,0.9115759063610563,1
lin,2,TCGA-AA-3856_nonMSIH,0,5.807531326135345e-09,0
lin,2,TCGA-AA-3877_MSIH,1,4.1008883641909713e-07,0
lin,2,TCGA-AA-3950_MSIH,1,0.8497204339908375,1
lin,2,TCGA-AA-3966_MSIH,1,0.14614780070924935,0
lin,2,TCGA-AA-3968_nonMSIH,0,1.773289397394646e-07,0
lin,2,TCGA-AA-3976_nonMSIH,0,1.2136463764182785e-05,0
lin,2,TCGA-AA-3986_nonMSIH,0,6.390574680092823e-05,0
lin,2,TCGA-AA-A02E_nonMSIH,0,1.81920872870542e-06,0
lin,2,TCGA-AA-A02O_nonMSIH,0,8.276824785770989e-10,0
lin,2,TCGA-AD-5900_MSIH,1,0.09364423254354978,0
lin,2,TCGA-AD-6889_MSIH,1,0.053168213582467545,0
lin,2,TCGA-AD-6965_nonMSIH,0,1.7810830186222756e-08,0
lin,2,TCGA-AF-2690_nonMSIH,0,8.364175419574054e-08,0
lin,2,TCGA-AF-6655_nonMSIH,0,2.461604613687786e-08,0
lin,2,TCGA-AF-A56L_nonMSIH,0,7.851652742562567e-10,0
lin,2,TCGA-AF-A56N_nonMSIH,0,9.001485716592799e-11,0
lin,2,TCGA-AG-3894_nonMSIH,0,3.080199014015268e-08,0
lin,2,TCGA-AG-3902_nonMSIH,0,0.0003610622349313372,0
lin,2,TCGA-AG-4015_nonMSIH,0,4.7111857606828803e-07,0
lin,2,TCGA-AG-A002_nonMSIH,0,0.00477463864957268,0
lin,2,TCGA-AG-A00C_nonMSIH,0,6.059875978625127e-13,0
lin,2,TCGA-AG-A020_nonMSIH,0,0.008001927580622195,0
lin,2,TCGA-AG-A02X_nonMSIH,0,2.7616627386503285e-05,0
lin,2,TCGA-AH-6547_nonMSIH,0,6.962968918148096e-06,0
lin,2,TCGA-AH-6644_nonMSIH,0,4.245393085542587e-05,0
lin,2,TCGA-AH-6897_nonMSIH,0,7.300997439153662e-06,0
lin,2,TCGA-AU-3779_nonMSIH,0,1.4164017876350555e-07,0
lin,2,TCGA-AY-6386_nonMSIH,0,0.0022851923551663006,0
lin,2,TCGA-AY-A54L_nonMSIH,0,3.530982765498877e-11,0
lin,2,TCGA-AY-A71X_nonMSIH,0,0.00010890834817356392,0
lin,2,TCGA-AY-A8YK_nonMSIH,0,1.8144893633267619e-12,0
lin,2,TCGA-AZ-4315_nonMSIH,0,0.5632670374657289,1
lin,2,TCGA-AZ-6598_MSIH,1,0.9953173261948922,1
lin,2,TCGA-AZ-6599_nonMSIH,0,0.00022733812523317398,0
lin,2,TCGA-AZ-6606_nonMSIH,0,8.38386261541586e-05,0
lin,2,TCGA-CA-5254_nonMSIH,0,8.095811873902024e-05,0
lin,2,TCGA-CK-5915_nonMSIH,0,4.4786391828881366e-08,0
lin,2,TCGA-CL-5918_nonMSIH,0,1.2834359874404763e-06,0
lin,2,TCGA-CM-4747_nonMSIH,0,1.9595483077568833e-06,0
lin,2,TCGA-CM-4750_nonMSIH,0,1.2696192715659196e-09,0
lin,2,TCGA-CM-4752_nonMSIH,0,7.644677422335652e-07,0
lin,2,TCGA-CM-5348_nonMSIH,0,2.2281051788462484e-08,0
lin,2,TCGA-CM-5860_nonMSIH,0,2.528481924930623e-06,0
lin,2,TCGA-CM-5862_nonMSIH,0,1.8316566741606873e-05,0
lin,2,TCGA-CM-5863_nonMSIH,0,0.0016002189864948446,0
lin,2,TCGA-CM-5864_nonMSIH,0,2.7103190884472292e-08,0
lin,2,TCGA-CM-6162_MSIH,1,0.014913631164102732,0
lin,2,TCGA-CM-6164_nonMSIH,0,8.549637858259033e-09,0
lin,2,TCGA-CM-6167_nonMSIH,0,0.0006474589899017821,0
lin,2,TCGA-D5-5540_nonMSIH,0,7.513791191502244e-08,0
lin,2,TCGA-D5-5541_nonMSIH,0,6.538559450954678e-09,0
lin,2,TCGA-D5-6533_nonMSIH,0,3.193813087678598e-05,0
lin,2,TCGA-D5-6926_nonMSIH,0,0.010010596566882473,0
lin,2,TCGA-D5-6929_nonMSIH,0,3.384508178610497e-08,0
lin,2,TCGA-DC-5337_nonMSIH,0,1.1161804566421287e-07,0
lin,2,TCGA-DC-5869_nonMSIH,0,1.861328970317648e-08,0
lin,2,TCGA-DC-6154_MSIH,1,1.286311973977682e-06,0
lin,2,TCGA-DC-6155_nonMSIH,0,3.900757096865011e-09,0
lin,2,TCGA-DC-6158_nonMSIH,0,7.538360455740937e-06,0
lin,2,TCGA-DM-A1D0_nonMSIH,0,8.736207256350018e-10,0
lin,2,TCGA-DM-A1D4_nonMSIH,0,6.709095246240132e-08,0
lin,2,TCGA-DM-A1DA_nonMSIH,0,0.00012555042744343323,0
lin,2,TCGA-DM-A285_nonMSIH,0,0.00034873176040803734,0
lin,2,TCGA-DM-A28F_nonMSIH,0,2.446361160795869e-11,0
lin,2,TCGA-DM-A28G_nonMSIH,0,5.885032721493188e-08,0
lin,2,TCGA-DM-A28M_nonMSIH,0,2.9633382225240424e-06,0
lin,2,TCGA-DY-A1DF_nonMSIH,0,2.2707410022609446e-09,0
lin,2,TCGA-DY-A1DG_nonMSIH,0,2.1561248919787742e-10,0
lin,2,TCGA-EI-6509_nonMSIH,0,3.3690247959976508e-06,0
lin,2,TCGA-EI-6881_nonMSIH,0,4.2117159386032635e-06,0
lin,2,TCGA-EI-7004_nonMSIH,0,0.2760346270993942,0
lin,2,TCGA-F4-6463_nonMSIH,0,6.231033126964448e-05,0
lin,2,TCGA-F4-6807_nonMSIH,0,2.919223339911244e-05,0
lin,2,TCGA-F4-6855_nonMSIH,0,0.3150915485161391,0
lin,2,TCGA-F5-6571_nonMSIH,0,8.080517866132412e-07,0
lin,2,TCGA-F5-6702_nonMSIH,0,2.453283517251551e-08,0
lin,2,TCGA-F5-6864_nonMSIH,0,0.00013634012532017827,0
lin,2,TCGA-G4-6299_nonMSIH,0,0.9331469754043884,1
lin,2,TCGA-NH-A50U_nonMSIH,0,0.040959057917556045,0
lin,2,TCGA-NH-A6GC_nonMSIH,0,0.0016321912945766257,0
lin,2,TCGA-NH-A8F8_nonMSIH,0,4.327884285708657e-05,0
lin,2,TCGA-QG-A5YV_nonMSIH,0,1.3647100574599628e-08,0
lin,3,TCGA-5M-AATE_nonMSIH,0,4.1482213482309276e-10,0
lin,3,TCGA-A6-2681_nonMSIH,0,0.007021935644170916,0
lin,3,TCGA-A6-5666_nonMSIH,0,2.360034365018212e-05,0
lin,3,TCGA-A6-5667_nonMSIH,0,1.4638617838662758e-08,0
lin,3,TCGA-A6-6138_nonMSIH,0,0.04612580043412937,0
lin,3,TCGA-A6-6142_nonMSIH,0,0.0024190640372356827,0
lin,3,TCGA-A6-6649_nonMSIH,0,7.317211539532209e-09,0
lin,3,TCGA-AA-3667_nonMSIH,0,0.0006200608858311241,0
lin,3,TCGA-AA-3715_MSIH,1,0.999194183003319,1
lin,3,TCGA-AA-3819_nonMSIH,0,5.1229131715815315e-08,0
lin,3,TCGA-AA-3844_nonMSIH,0,5.13401773575323e-06,0
lin,3,TCGA-AA-3848_nonMSIH,0,0.00013041831356276105,0
lin,3,TCGA-AA-3852_nonMSIH,0,5.4024164042050434e-05,0
lin,3,TCGA-AA-3858_nonMSIH,0,2.2815270447039395e-05,0
lin,3,TCGA-AA-3864_MSIH,1,0.042411220919774936,0
lin,3,TCGA-AA-3956_nonMSIH,0,1.3380383575691985e-09,0
lin,3,TCGA-AA-3973_nonMSIH,0,0.19807487110186747,0
lin,3,TCGA-AA-3975_nonMSIH,0,0.0001710984940117421,0
lin,3,TCGA-AA-3989_nonMSIH,0,1.7611702501294903e-05,0
lin,3,TCGA-AA-A010_nonMSIH,0,0.009704792858678717,0
lin,3,TCGA-AA-A01R_MSIH,1,0.1276130454676576,0
lin,3,TCGA-AA-A01T_nonMSIH,0,1.0674327484566498e-06,0
lin,3,TCGA-AA-A01V_nonMSIH,0,3.266396274798614e-05,0
lin,3,TCGA-AA-A01Z_nonMSIH,0,0.0032388293318223703,0
lin,3,TCGA-AA-A024_nonMSIH,0,0.000104479035587473,0
lin,3,TCGA-AA-A02F_nonMSIH,0,0.009174441880620597,0
lin,3,TCGA-AA-A02H_nonMSIH,0,0.00011332232651124092,0
lin,3,TCGA-AA-A02Y_nonMSIH,0,5.774350896188402e-06,0
lin,3,TCGA-AA-A03F_nonMSIH,0,1.61921809236158e-07,0
lin,3,TCGA-AD-6548_nonMSIH,0,0.9633649487781544,1
lin,3,TCGA-AD-6890_nonMSIH,0,0.0009423683671988612,0
lin,3,TCGA-AD-A5EJ_MSIH,1,0.031004755805800976,0
lin,3,TCGA-AD-A5EK_nonMSIH,0,8.066781747648961e-08,0
lin,3,TCGA-AF-3911_nonMSIH,0,0.5652479003168067,1
lin,3,TCGA-AF-A56K_nonMSIH,0,5.184402225933246e-08,0
lin,3,TCGA-AG-3882_nonMSIH,0,3.215754191204047e-07,0
lin,3,TCGA-AG-3883_nonMSIH,0,0.0001311991658435193,0
lin,3,TCGA-AG-3887_nonMSIH,0,2.0094801790086166e-06,0
lin,3,TCGA-AG-3890_nonMSIH,0,2.2748763227853323e-05,0
lin,3,TCGA-AG-3898_nonMSIH,0,3.676629205966381e-07,0
lin,3,TCGA-AG-3901_nonMSIH,0,2.329764320238219e-08,0
lin,3,TCGA-AG-3909_nonMSIH,0,0.00037136271600997904,0
lin,3,TCGA-AG-A016_nonMSIH,0,0.0005636309324535079,0
lin,3,TCGA-AH-6643_nonMSIH,0,0.006718111816019256,0
lin,3,TCGA-AM-5820_nonMSIH,0,0.7745551660575929,1
lin,3,TCGA-AU-6004_MSIH,1,0.8751428440009152,1
lin,3,TCGA-AY-5543_nonMSIH,0,0.0005993352408992649,0
lin,3,TCGA-AY-6197_MSIH,1,0.9883466532843543,1
lin,3,TCGA-AZ-4308_nonMSIH,0,0.012264080938222411,0
lin,3,TCGA-AZ-5407_nonMSIH,0,0.0001498333490701924,0
lin,3,TCGA-AZ-6600_nonMSIH,0,0.17075444073852333,0
lin,3,TCGA-CA-5796_nonMSIH,0,1.4372005743560494e-07,0
lin,3,TCGA-CA-6715_nonMSIH,0,3.106618610566083e-06,0
lin,3,TCGA-CA-6717_nonMSIH,0,0.00897233325415124,0
lin,3,TCGA-CK-4950_nonMSIH,0,0.8198086794618601,1
lin,3,TCGA-CK-4951_MSIH,1,0.9362142518457506,1
lin,3,TCGA-CK-6746_MSIH,1,0.5456042715844904,1
lin,3,TCGA-CK-6751_nonMSIH,0,0.0696529230833273,0
lin,3,TCGA-CL-4957_nonMSIH,0,1.4563529130174354e-08,0
lin,3,TCGA-CM-4746_MSIH,1,0.005471705006832797,0
lin,3,TCGA-CM-4751_nonMSIH,0,0.22549805692303732,0
lin,3,TCGA-CM-5341_nonMSIH,0,1.1393447673305755e-05,0
lin,3,TCGA-CM-5861_MSIH,1,0.9722363204267976,1
lin,3,TCGA-CM-6161_nonMSIH,0,2.202215599971159e-06,0
lin,3,TCGA-CM-6170_nonMSIH,0,3.340649670614423e-05,0
lin,3,TCGA-CM-6171_MSIH,1,0.3900244170368211,0
lin,3,TCGA-CM-6674_MSIH,1,0.9610395822364118,1
lin,3,TCGA-CM-6676_nonMSIH,0,1.1835499330325113e-07,0
lin,3,TCGA-CM-6677_nonMSIH,0,0.0002890490353180762,0
lin,3,TCGA-CM-6679_nonMSIH,0,4.533575366368239e-06,0
lin,3,TCGA-D5-5539_nonMSIH,0,0.00013236565193558729,0
lin,3,TCGA-D5-6530_MSIH,1,0.4335003933259119,0
lin,3,TCGA-D5-6536_nonMSIH,0,0.0011824427290088604,0
lin,3,TCGA-D5-6928_MSIH,1,0.0011451352825455337,0
lin,3,TCGA-D5-6930_MSIH,1,0.2775222738472325,0
lin,3,TCGA-D5-6932_nonMSIH,0,0.0017129614543021456,0
lin,3,TCGA-DC-6681_nonMSIH,0,0.0013964747935036252,0
lin,3,TCGA-DC-6683_nonMSIH,0,7.009498863253666e-05,0
lin,3,TCGA-DM-A0X9_nonMSIH,0,6.021110460523175e-09,0
lin,3,TCGA-DM-A0XD_nonMSIH,0,3.282995540584669e-05,0
lin,3,TCGA-DM-A0XF_nonMSIH,0,8.589350734175359e-07,0
lin,3,TCGA-DM-A1D7_nonMSIH,0,4.928256454771248e-09,0
lin,3,TCGA-DM-A1DB_nonMSIH,0,4.092067342671932e-08,0
lin,3,TCGA-DM-A1HA_nonMSIH,0,1.2900488371701084e-08,0
lin,3,TCGA-DM-A28K_nonMSIH,0,3.140606606714077e-06,0
lin,3,TCGA-DT-5265_nonMSIH,0,0.07320353875854181,0
lin,3,TCGA-DY-A1DC_nonMSIH,0,7.531718627609106e-09,0
lin,3,TCGA-EI-6508_nonMSIH,0,4.503219812898735e-05,0
lin,3,TCGA-EI-6510_nonMSIH,0,2.773314131240015e-05,0
lin,3,TCGA-EI-6512_nonMSIH,0,0.0010418720163579574,0
lin,3,TCGA-EI-6882_MSIH,1,1.8600749423624355e-05,0
lin,3,TCGA-EI-6885_nonMSIH,0,0.0009562099953333202,0
lin,3,TCGA-EI-7002_nonMSIH,0,1.103856640118898e-08,0
lin,3,TCGA-F4-6460_nonMSIH,0,4.414839881224686e-09,0
lin,3,TCGA-F4-6570_MSIH,1,0.9999961815862728,1
lin,3,TCGA-F4-6704_nonMSIH,0,0.007924020029592607,0
lin,3,TCGA-F4-6854_nonMSIH,0,1.8759736801966408e-05,0
lin,3,TCGA-F4-6856_MSIH,1,0.3926841195428996,0
lin,3,TCGA-F5-6464_nonMSIH,0,0.05036567370392688,0
lin,3,TCGA-F5-6863_nonMSIH,0,2.3714657530318702e-07,0
lin,3,TCGA-G4-6298_nonMSIH,0,0.0006148868685809848,0
lin,3,TCGA-G4-6302_MSIH,1,0.9928601064936656,1
lin,3,TCGA-G4-6309_MSIH,1,0.9993507198964278,1
lin,3,TCGA-G4-6315_nonMSIH,0,2.9015475009354864e-05,0
lin,3,TCGA-G4-6317_nonMSIH,0,0.007978792675272644,0
lin,3,TCGA-G4-6626_nonMSIH,0,0.0006851974032451397,0
lin,3,TCGA-G4-6627_nonMSIH,0,0.0071506800246435255,0
lin,3,TCGA-G5-6641_nonMSIH,0,0.6778182530508414,1
lin,3,TCGA-NH-A50T_nonMSIH,0,2.116364427608779e-05,0
lin,3,TCGA-NH-A6GB_nonMSIH,0,4.042516348765201e-06,0
lin,3,TCGA-QG-A5Z1_nonMSIH,0,2.891479831646585e-07,0
lin,3,TCGA-SS-A7HO_nonMSIH,0,6.236500560339384e-08,0
lin,4,TCGA-3L-AA1B_nonMSIH,0,4.7895413824253885e-12,0
lin,4,TCGA-A6-4105_nonMSIH,0,2.560871367074079e-05,0
lin,4,TCGA-A6-5657_nonMSIH,0,0.004107874435182197,0
lin,4,TCGA-A6-5660_nonMSIH,0,4.534211892546391e-05,0
lin,4,TCGA-A6-5662_nonMSIH,0,0.16217678546849496,0
lin,4,TCGA-A6-5664_nonMSIH,0,2.1582476303971305e-05,0
lin,4,TCGA-A6-A566_nonMSIH,0,4.146401072615122e-05,0
lin,4,TCGA-AA-3666_nonMSIH,0,0.0005007002580889111,0
lin,4,TCGA-AA-3678_nonMSIH,0,7.48809577282476e-05,0
lin,4,TCGA-AA-3696_nonMSIH,0,4.278648068483887e-05,0
lin,4,TCGA-AA-3814_nonMSIH,0,3.670338377911978e-06,0
lin,4,TCGA-AA-3846_nonMSIH,0,6.670064017195795e-05,0
lin,4,TCGA-AA-3851_nonMSIH,0,0.00012042417127057401,0
lin,4,TCGA-AA-3855_nonMSIH,0,0.0008648385920102613,0
lin,4,TCGA-AA-3952_nonMSIH,0,0.05023873659353214,0
lin,4,TCGA-AA-3971_nonMSIH,0,1.535452888423691e-05,0
lin,4,TCGA-AA-3982_nonMSIH,0,6.194133501397709e-05,0
lin,4,TCGA-AA-A01P_MSIH,1,0.9994357505697098,1
lin,4,TCGA-AA-A03J_nonMSIH,0,0.0008350764829361513,0
lin,4,TCGA-AD-6964_MSIH,1,0.9982672483590485,1
lin,4,TCGA-AF-2693_nonMSIH,0,0.0005340290676364265,0
lin,4,TCGA-AF-6672_nonMSIH,0,1.5810130192510599e-07,0
lin,4,TCGA-AG-3727_nonMSIH,0,1.1426523410206092e-05,0
lin,4,TCGA-AG-3885_nonMSIH,0,4.6455633971555295e-05,0
lin,4,TCGA-AG-3893_nonMSIH,0,9.451426487336243e-07,0
lin,4,TCGA-AG-3896_nonMSIH,0,4.67533957620621e-06,0
lin,4,TCGA-AG-4001_nonMSIH,0,0.0011409414660943946,0
lin,4,TCGA-AG-4008_nonMSIH,0,0.00042763886474942966,0
lin,4,TCGA-AG-A015_nonMSIH,0,0.0004941925197501323,0
lin,4,TCGA-AG-A01L_nonMSIH,0,4.592510826469122e-05,0
lin,4,TCGA-AG-A01N_nonMSIH,0,2.4582429506570568e-06,0
lin,4,TCGA-AG-A01Y_nonMSIH,0,0.02297231829571475,0
lin,4,TCGA-AG-A026_nonMSIH,0,0.0014601908756598633,0
lin,4,TCGA-AH-6544_nonMSIH,0,0.0003248591550894392,0
lin,4,TCGA-AM-5821_MSIH,1,0.0701668182993895,0
lin,4,TCGA-AY-4070_nonMSIH,0,0.051683274778098066,0
lin,4,TCGA-AY-4071_nonMSIH,0,0.3781136819286542,0
lin,4,TCGA-AZ-4616_nonMSIH,0,0.008508169517356931,0
lin,4,TCGA-AZ-4681_nonMSIH,0,1.8360586900963308e-05,0
lin,4,TCGA-AZ-4682_nonMSIH,0,3.182570867543421e-09,0
lin,4,TCGA-AZ-5403_nonMSIH,0,2.9265934972060153e-09,0
lin,4,TCGA-AZ-6605_nonMSIH,0,6.07371221484781e-08,0
lin,4,TCGA-CA-5256_nonMSIH,0,2.7774415096787136e-10,0
lin,4,TCGA-CA-6716_nonMSIH,0,2.0347052379421825e-07,0
lin,4,TCGA-CA-6718_nonMSIH,0,0.008947218449496103,0
lin,4,TCGA-CA-6719_nonMSIH,0,1.6706130558879716e-08,0
lin,4,TCGA-CI-6622_nonMSIH,0,0.010378213215670482,0
lin,4,TCGA-CK-4948_nonMSIH,0,0.00296624311496935,0
lin,4,TCGA-CK-4952_nonMSIH,0,0.9160139410729904,1
lin,4,TCGA-CK-5912_nonMSIH,0,1.669395766733758e-07,0
lin,4,TCGA-CK-5913_MSIH,1,0.9460254634592554,1
lin,4,TCGA-CK-5914_nonMSIH,0,5.473374430540049e-07,0
lin,4,TCGA-CK-6747_MSIH,1,9.494886907359115e-05,0
lin,4,TCGA-CK-6748_nonMSIH,0,0.0028884654924393963,0
lin,4,TCGA-CM-5349_nonMSIH,0,0.00031698450768060987,0
lin,4,TCGA-CM-6163_nonMSIH,0,0.000501240354523885,0
lin,4,TCGA-CM-6166_nonMSIH,0,7.618893327487101e-07,0
lin,4,TCGA-CM-6168_nonMSIH,0,0.5568984473183303,1
lin,4,TCGA-CM-6169_nonMSIH,0,3.141476916953374e-05,0
lin,4,TCGA-CM-6172_nonMSIH,0,1.4273778247529978e-05,0
lin,4,TCGA-CM-6675_nonMSIH,0,0.007731606052414305,0
lin,4,TCGA-D5-5538_nonMSIH,0,0.0002497411744175156,0
lin,4,TCGA-D5-6532_nonMSIH,0,8.43314249593131e-07,0
lin,4,TCGA-D5-6535_nonMSIH,0,0.0020226005053452134,0
lin,4,TCGA-D5-6537_nonMSIH,0,0.0004811432267369587,0
lin,4,TCGA-D5-6538_nonMSIH,0,0.0015686560137331963,0
lin,4,TCGA-D5-6920_nonMSIH,0,0.018574019444880324,0
lin,4,TCGA-D5-6922_nonMSIH,0,0.0028059152820792774,0
lin,4,TCGA-D5-6924_nonMSIH,0,0.0031488788175839254,0
lin,4,TCGA-DC-4745_nonMSIH,0,2.681872003094266e-08,0
lin,4,TCGA-DC-4749_nonMSIH,0,1.2685756875111701e-08,0
lin,4,TCGA-DC-6157_nonMSIH,0,5.551991351479867e-10,0
lin,4,TCGA-DC-6160_nonMSIH,0,2.5111666391382644e-09,0
lin,4,TCGA-DM-A1D9_nonMSIH,0,4.618565318423001e-07,0
lin,4,TCGA-DM-A282_nonMSIH,0,8.503235603241621e-08,0
lin,4,TCGA-DY-A0XA_nonMSIH,0,3.772177119003158e-14,0
lin,4,TCGA-EF-5830_nonMSIH,0,8.647246975659127e-07,0
lin,4,TCGA-EI-6511_nonMSIH,0,4.244343565744131e-05,0
lin,4,TCGA-EI-6513_nonMSIH,0,7.624573583188132e-05,0
lin,4,TCGA-EI-6884_nonMSIH,0,0.0008038684511494797,0
lin,4,TCGA-F4-6459_nonMSIH,0,8.168659385342428e-06,0
lin,4,TCGA-F4-6461_nonMSIH,0,0.07971248284270627,0
lin,4,TCGA-F4-6569_nonMSIH,0,0.00023435549933944252,0
lin,4,TCGA-F4-6703_MSIH,1,0.015878006748461324,0
lin,4,TCGA-F4-6805_nonMSIH,0,0.0009368230023592233,0
lin,4,TCGA-F4-6806_nonMSIH,0,1.4658915859582647e-08,0
lin,4,TCGA-G4-6294_nonMSIH,0,1.0950727269049145e-05,0
lin,4,TCGA-G4-6295_nonMSIH,0,0.003210782576102546,0
lin,4,TCGA-G4-6303_nonMSIH,0,6.423361930852619e-07,0
lin,4,TCGA-G4-6304_MSIH,1,0.9883373911441994,1
lin,4,TCGA-G4-6306_nonMSIH,0,3.110292408005745e-07,0
lin,4,TCGA-G4-6307_nonMSIH,0,9.551541171341614e-09,0
lin,4,TCGA-G4-6320_MSIH,1,4.211521133777916e-05,0
lin,4,TCGA-G4-6321_nonMSIH,0,0.012294970547314174,0
lin,4,TCGA-G4-6628_MSIH,1,0.8087606795558248,1
lin,4,TCGA-NH-A5IV_MSIH,1,1.57995194195692e-05,0
lin,4,TCGA-NH-A6GA_nonMSIH,0,6.796376887381887e-12,0
lin,4,TCGA-QG-A5YW_nonMSIH,0,2.5092873914689007e-05,0
lin,4,TCGA-QG-A5Z2_MSIH,1,0.00015166996083974124,0
lin,4,TCGA-QL-A97D_nonMSIH,0,1.1032114110810351e-07,0
lin,4,TCGA-WS-AB45_MSIH,1,0.31297212330190427,0
ann,1,TCGA-5M-AAT4_nonMSIH,0,0.21071048080921173,0
ann,1,TCGA-5M-AAT6_MSIH,1,0.8523816466331482,1
ann,1,TCGA-A6-2671_nonMSIH,0,0.17921213805675507,0
ann,1,TCGA-A6-2686_MSIH,1,0.3004469871520996,0
ann,1,TCGA-A6-3807_nonMSIH,0,0.41378214955329895,0
ann,1,TCGA-A6-5661_MSIH,1,0.2778502404689789,0
ann,1,TCGA-A6-6137_nonMSIH,0,0.2626907229423523,0
ann,1,TCGA-A6-6651_nonMSIH,0,0.1087694987654686,0
ann,1,TCGA-A6-6652_nonMSIH,0,0.29615744948387146,0
ann,1,TCGA-A6-6654_nonMSIH,0,0.15076421201229095,0
ann,1,TCGA-A6-A565_nonMSIH,0,0.42464783787727356,0
ann,1,TCGA-A6-A567_nonMSIH,0,0.21075855195522308,0
ann,1,TCGA-AA-3679_nonMSIH,0,0.4273887872695923,0
ann,1,TCGA-AA-3680_nonMSIH,0,0.27690818905830383,0
ann,1,TCGA-AA-3684_nonMSIH,0,0.4265095591545105,0
ann,1,TCGA-AA-3688_nonMSIH,0,0.1913248896598816,0
ann,1,TCGA-AA-3693_nonMSIH,0,0.24294555187225342,0
ann,1,TCGA-AA-3812_nonMSIH,0,0.18688184022903442,0
ann,1,TCGA-AA-3818_nonMSIH,0,0.17336319386959076,0
ann,1,TCGA-AA-3831_nonMSIH,0,0.14388631284236908,0
ann,1,TCGA-AA-3833_MSIH,1,0.9660421013832092,1
ann,1,TCGA-AA-3837_nonMSIH,0,0.19163066148757935,0
ann,1,TCGA-AA-3850_nonMSIH,0,0.19950537383556366,0
ann,1,TCGA-AA-3854_nonMSIH,0,0.19654415547847748,0
ann,1,TCGA-AA-3866_nonMSIH,0,0.3127017617225647,0
ann,1,TCGA-AA-3867_nonMSIH,0,0.24429188668727875,0
ann,1,TCGA-AA-3875_nonMSIH,0,0.32506197690963745,0
ann,1,TCGA-AA-3947_MSIH,1,0.32221806049346924,0
ann,1,TCGA-AA-3949_MSIH,1,0.8285090923309326,1
ann,1,TCGA-AA-3979_nonMSIH,0,0.19343478977680206,0
ann,1,TCGA-AA-3984_nonMSIH,0,0.21073058247566223,0
ann,1,TCGA-AA-3994_nonMSIH,0,0.1942669302225113,0
ann,1,TCGA-AA-A01S_nonMSIH,0,0.3457385003566742,0
ann,1,TCGA-AA-A01X_nonMSIH,0,0.20142360031604767,0
ann,1,TCGA-AD-6888_nonMSIH,0,0.30897629261016846,0
ann,1,TCGA-AD-6901_nonMSIH,0,0.3225176930427551,0
ann,1,TCGA-AD-6963_nonMSIH,0,0.335828572511673,0
ann,1,TCGA-AF-2687_nonMSIH,0,0.1587420403957367,0
ann,1,TCGA-AF-4110_nonMSIH,0,0.23174069821834564,0
ann,1,TCGA-AF-6136_nonMSIH,0,0.18707329034805298,0
ann,1,TCGA-AG-3726_nonMSIH,0,0.21011802554130554,0
ann,1,TCGA-AG-3878_nonMSIH,0,0.21424520015716553,0
ann,1,TCGA-AG-3892_nonMSIH,0,0.25061801075935364,0
ann,1,TCGA-AG-4021_nonMSIH,0,0.4222959280014038,0
ann,1,TCGA-AG-4022_nonMSIH,0,0.3780011832714081,0
ann,1,TCGA-AG-A008_nonMSIH,0,0.15856274962425232,0
ann,1,TCGA-AG-A011_nonMSIH,0,0.31459444761276245,0
ann,1,TCGA-AG-A01W_nonMSIH,0,0.25216349959373474,0
ann,1,TCGA-AG-A02N_MSIH,1,0.7813236713409424,1
ann,1,TCGA-AH-6903_nonMSIH,0,0.6332430243492126,1
ann,1,TCGA-AY-6196_nonMSIH,0,0.9389854669570923,1
ann,1,TCGA-AY-A69D_nonMSIH,0,0.23637525737285614,0
ann,1,TCGA-AZ-4614_nonMSIH,0,0.28580254316329956,0
ann,1,TCGA-AZ-4615_MSIH,1,0.4621533155441284,0
ann,1,TCGA-AZ-6603_nonMSIH,0,0.22493557631969452,0
ann,1,TCGA-CA-5255_nonMSIH,0,0.38655805587768555,0
ann,1,TCGA-CA-5797_nonMSIH,0,0.16214312613010406,0
ann,1,TCGA-CI-6624_nonMSIH,0,0.26765552163124084,0
ann,1,TCGA-CK-4947_nonMSIH,0,0.950772762298584,1
ann,1,TCGA-CK-5916_MSIH,1,0.9837788939476013,1
ann,1,TCGA-CL-5917_nonMSIH,0,0.5478290915489197,1
ann,1,TCGA-CM-4743_MSIH,1,0.7828969955444336,1
ann,1,TCGA-CM-4744_nonMSIH,0,0.32930663228034973,0
ann,1,TCGA-CM-5344_nonMSIH,0,0.5046367645263672,1
ann,1,TCGA-CM-5868_nonMSIH,0,0.19998760521411896,0
ann,1,TCGA-CM-6165_nonMSIH,0,0.19496239721775055,0
ann,1,TCGA-CM-6678_nonMSIH,0,0.30065521597862244,0
ann,1,TCGA-D5-5537_nonMSIH,0,0.1415747106075287,0
ann,1,TCGA-D5-6529_nonMSIH,0,0.19866368174552917,0
ann,1,TCGA-D5-6531_nonMSIH,0,0.27032241225242615,0
ann,1,TCGA-D5-6534_nonMSIH,0,0.22906233370304108,0
ann,1,TCGA-D5-6539_nonMSIH,0,0.36272215843200684,0
ann,1,TCGA-D5-6540_MSIH,1,0.3004690706729889,0
ann,1,TCGA-D5-6541_nonMSIH,0,0.3321932554244995,0
ann,1,TCGA-D5-6898_nonMSIH,0,0.23455017805099487,0
ann,1,TCGA-D5-6927_MSIH,1,0.9809715151786804,1
ann,1,TCGA-D5-6931_nonMSIH,0,0.8032792210578918,1
ann,1,TCGA-DC-6682_nonMSIH,0,0.30269211530685425,0
ann,1,TCGA-DM-A1D6_nonMSIH,0,0.1985672414302826,0
ann,1,TCGA-DM-A1D8_nonMSIH,0,0.16644227504730225,0
ann,1,TCGA-DM-A280_nonMSIH,0,0.3359442353248596,0
ann,1,TCGA-DM-A288_nonMSIH,0,0.25126320123672485,0
ann,1,TCGA-DM-A28A_nonMSIH,0,0.23057077825069427,0
ann,1,TCGA-DM-A28E_nonMSIH,0,0.18341273069381714,0
ann,1,TCGA-DM-A28H_nonMSIH,0,0.3126460015773773,0
ann,1,TCGA-DY-A1DD_nonMSIH,0,0.15662316977977753,0
ann,1,TCGA-EI-6506_nonMSIH,0,0.21530291438102722,0
ann,1,TCGA-EI-6507_MSIH,1,0.8645466566085815,1
ann,1,TCGA-EI-6514_nonMSIH,0,0.10349240154027939,0
ann,1,TCGA-EI-6883_nonMSIH,0,0.1953926533460617,0
ann,1,TCGA-F4-6808_nonMSIH,0,0.16666150093078613,0
ann,1,TCGA-F4-6809_nonMSIH,0,0.19504791498184204,0
ann,1,TCGA-F5-6465_nonMSIH,0,0.23294678330421448,0
ann,1,TCGA-F5-6811_nonMSIH,0,0.26046741008758545,0
ann,1,TCGA-G4-6293_nonMSIH,0,0.33734461665153503,0
ann,1,TCGA-G4-6297_nonMSIH,0,0.25137028098106384,0
ann,1,TCGA-G4-6311_nonMSIH,0,0.5655181407928467,1
ann,1,TCGA-G4-6322_nonMSIH,0,0.9791586399078369,1
ann,1,TCGA-G4-6323_nonMSIH,0,0.31306755542755127,0
ann,1,TCGA-G4-6586_MSIH,1,0.9947969317436218,1
ann,1,TCGA-G4-6588_MSIH,1,0.9997203946113586,1
ann,1,TCGA-NH-A50V_nonMSIH,0,0.5630167126655579,1
ann,1,TCGA-QG-A5YX_nonMSIH,0,0.1838148683309555,0
ann,2,TCGA-4N-A93T_nonMSIH,0,0.2447531372308731,0
ann,2,TCGA-A6-2685_nonMSIH,0,0.16348148882389069,0
ann,2,TCGA-A6-4107_nonMSIH,0,0.14757831394672394,0
ann,2,TCGA-A6-5665_MSIH,1,0.9949093461036682,1
ann,2,TCGA-A6-6648_nonMSIH,0,0.22726024687290192,0
ann,2,TCGA-A6-6653_MSIH,1,0.5762054920196533,1
ann,2,TCGA-A6-A56B_nonMSIH,0,0.1252099573612213,0
ann,2,TCGA-AA-3664_nonMSIH,0,0.15692998468875885,0
ann,2,TCGA-AA-3673_nonMSIH,0,0.15652704238891602,0
ann,2,TCGA-AA-3681_nonMSIH,0,0.1284300982952118,0
ann,2,TCGA-AA-3692_nonMSIH,0,0.3073021471500397,0
ann,2,TCGA-AA-3811_MSIH,1,0.3655400574207306,0
ann,2,TCGA-AA-3821_MSIH,1,0.3357544243335724,0
ann,2,TCGA-AA-3842_nonMSIH,0,0.18695050477981567,0
ann,2,TCGA-AA-3845_MSIH,1,0.877449095249176,1
ann,2,TCGA-AA-3856_nonMSIH,0,0.1494058072566986,0
ann,2,TCGA-AA-3877_MSIH,1,0.30863043665885925,0
ann,2,TCGA-AA-3950_MSIH,1,0.9469908475875854,1
ann,2,TCGA-AA-3966_MSIH,1,0.8966237902641296,1
ann,2,TCGA-AA-3968_nonMSIH,0,0.2046900987625122,0
ann,2,TCGA-AA-3976_nonMSIH,0,0.20126742124557495,0
ann,2,TCGA-AA-3986_nonMSIH,0,0.24621592462062836,0
ann,2,TCGA-AA-A02E_nonMSIH,0,0.14331021904945374,0
ann,2,TCGA-AA-A02O_nonMSIH,0,0.14638446271419525,0
ann,2,TCGA-AD-5900_MSIH,1,0.7675550580024719,1
ann,2,TCGA-AD-6889_MSIH,1,0.31584858894348145,0
ann,2,TCGA-AD-6965_nonMSIH,0,0.18440556526184082,0
ann,2,TCGA-AF-2690_nonMSIH,0,0.2694368064403534,0
ann,2,TCGA-AF-6655_nonMSIH,0,0.17474105954170227,0
ann,2,TCGA-AF-A56L_nonMSIH,0,0.24850690364837646,0
ann,2,TCGA-AF-A56N_nonMSIH,0,0.23142307996749878,0
ann,2,TCGA-AG-3894_nonMSIH,0,0.12820731103420258,0
ann,2,TCGA-AG-3902_nonMSIH,0,0.2303907424211502,0
ann,2,TCGA-AG-4015_nonMSIH,0,0.230056032538414,0
ann,2,TCGA-AG-A002_nonMSIH,0,0.3104935586452484,0
ann,2,TCGA-AG-A00C_nonMSIH,0,0.12854060530662537,0
ann,2,TCGA-AG-A020_nonMSIH,0,0.29488199949264526,0
ann,2,TCGA-AG-A02X_nonMSIH,0,0.221051886677742,0
ann,2,TCGA-AH-6547_nonMSIH,0,0.308910071849823,0
ann,2,TCGA-AH-6644_nonMSIH,0,0.3425433933734894,0
ann,2,TCGA-AH-6897_nonMSIH,0,0.19826367497444153,0
ann,2,TCGA-AU-3779_nonMSIH,0,0.41473543643951416,0
ann,2,TCGA-AY-6386_nonMSIH,0,0.19539934396743774,0
ann,2,TCGA-AY-A54L_nonMSIH,0,0.19301685690879822,0
ann,2,TCGA-AY-A71X_nonMSIH,0,0.5804697275161743,1
ann,2,TCGA-AY-A8YK_nonMSIH,0,0.1643754243850708,0
ann,2,TCGA-AZ-4315_nonMSIH,0,0.889114260673523,1
ann,2,TCGA-AZ-6598_MSIH,1,0.9989560842514038,1
ann,2,TCGA-AZ-6599_nonMSIH,0,0.2567957043647766,0
ann,2,TCGA-AZ-6606_nonMSIH,0,0.38585612177848816,0
ann,2,TCGA-CA-5254_nonMSIH,0,0.2783166468143463,0
ann,2,TCGA-CK-5915_nonMSIH,0,0.20042242109775543,0
ann,2,TCGA-CL-5918_nonMSIH,0,0.2676777243614197,0
ann,2,TCGA-CM-4747_nonMSIH,0,0.18407340347766876,0
ann,2,TCGA-CM-4750_nonMSIH,0,0.18293748795986176,0
ann,2,TCGA-CM-4752_nonMSIH,0,0.16582489013671875,0
ann,2,TCGA-CM-5348_nonMSIH,0,0.11368950456380844,0
ann,2,TCGA-CM-5860_nonMSIH,0,0.19288834929466248,0
ann,2,TCGA-CM-5862_nonMSIH,0,0.4000478684902191,0
ann,2,TCGA-CM-5863_nonMSIH,0,0.28638148307800293,0
ann,2,TCGA-CM-5864_nonMSIH,0,0.1683475822210312,0
ann,2,TCGA-CM-6162_MSIH,1,0.39388829469680786,0
ann,2,TCGA-CM-6164_nonMSIH,0,0.17048487067222595,0
ann,2,TCGA-CM-6167_nonMSIH,0,0.4509411156177521,0
ann,2,TCGA-D5-5540_nonMSIH,0,0.15284092724323273,0
ann,2,TCGA-D5-5541_nonMSIH,0,0.1554090678691864,0
ann,2,TCGA-D5-6533_nonMSIH,0,0.210865780711174,0
ann,2,TCGA-D5-6926_nonMSIH,0,0.41324421763420105,0
ann,2,TCGA-D5-6929_nonMSIH,0,0.12333585321903229,0
ann,2,TCGA-DC-5337_nonMSIH,0,0.13589529693126678,0
ann,2,TCGA-DC-5869_nonMSIH,0,0.17843592166900635,0
ann,2,TCGA-DC-6154_MSIH,1,0.23133358359336853,0
ann,2,TCGA-DC-6155_nonMSIH,0,0.17176100611686707,0
ann,2,TCGA-DC-6158_nonMSIH,0,0.1713280975818634,0
ann,2,TCGA-DM-A1D0_nonMSIH,0,0.17260241508483887,0
ann,2,TCGA-DM-A1D4_nonMSIH,0,0.14963164925575256,0
ann,2,TCGA-DM-A1DA_nonMSIH,0,0.40734314918518066,0
ann,2,TCGA-DM-A285_nonMSIH,0,0.3782806992530823,0
ann,2,TCGA-DM-A28F_nonMSIH,0,0.1307367980480194,0
ann,2,TCGA-DM-A28G_nonMSIH,0,0.2022014558315277,0
ann,2,TCGA-DM-A28M_nonMSIH,0,0.2146623730659485,0
ann,2,TCGA-DY-A1DF_nonMSIH,0,0.17498748004436493,0
ann,2,TCGA-DY-A1DG_nonMSIH,0,0.24039189517498016,0
ann,2,TCGA-EI-6509_nonMSIH,0,0.23332279920578003,0
ann,2,TCGA-EI-6881_nonMSIH,0,0.20730072259902954,0
ann,2,TCGA-EI-7004_nonMSIH,0,0.5708574056625366,1
ann,2,TCGA-F4-6463_nonMSIH,0,0.46255236864089966,0
ann,2,TCGA-F4-6807_nonMSIH,0,0.23991000652313232,0
ann,2,TCGA-F4-6855_nonMSIH,0,0.8874505162239075,1
ann,2,TCGA-F5-6571_nonMSIH,0,0.202117919921875,0
ann,2,TCGA-F5-6702_nonMSIH,0,0.21206477284431458,0
ann,2,TCGA-F5-6864_nonMSIH,0,0.6371413469314575,1
ann,2,TCGA-G4-6299_nonMSIH,0,0.9587799310684204,1
ann,2,TCGA-NH-A50U_nonMSIH,0,0.7262098789215088,1
ann,2,TCGA-NH-A6GC_nonMSIH,0,0.6371385455131531,1
ann,2,TCGA-NH-A8F8_nonMSIH,0,0.27360910177230835,0
ann,2,TCGA-QG-A5YV_nonMSIH,0,0.15963025391101837,0
ann,3,TCGA-5M-AATE_nonMSIH,0,0.2222653031349182,0
ann,3,TCGA-A6-2681_nonMSIH,0,0.5235960483551025,1
ann,3,TCGA-A6-5666_nonMSIH,0,0.6057173013687134,1
ann,3,TCGA-A6-5667_nonMSIH,0,0.2289380133152008,0
ann,3,TCGA-A6-6138_nonMSIH,0,0.8421788215637207,1
ann,3,TCGA-A6-6142_nonMSIH,0,0.74478679895401,1
ann,3,TCGA-A6-6649_nonMSIH,0,0.18060041964054108,0
ann,3,TCGA-AA-3667_nonMSIH,0,0.2610669434070587,0
ann,3,TCGA-AA-3715_MSIH,1,0.9659921526908875,1
ann,3,TCGA-AA-3819_nonMSIH,0,0.14062274992465973,0
ann,3,TCGA-AA-3844_nonMSIH,0,0.19255614280700684,0
ann,3,TCGA-AA-3848_nonMSIH,0,0.23527568578720093,0
ann,3,TCGA-AA-3852_nonMSIH,0,0.19724197685718536,0
ann,3,TCGA-AA-3858_nonMSIH,0,0.25384384393692017,0
ann,3,TCGA-AA-3864_MSIH,1,0.41894587874412537,0
ann,3,TCGA-AA-3956_nonMSIH,0,0.15125158429145813,0
ann,3,TCGA-AA-3973_nonMSIH,0,0.5186262726783752,1
ann,3,TCGA-AA-3975_nonMSIH,0,0.29090437293052673,0
ann,3,TCGA-AA-3989_nonMSIH,0,0.20990191400051117,0
ann,3,TCGA-AA-A010_nonMSIH,0,0.311107337474823,0
ann,3,TCGA-AA-A01R_MSIH,1,0.6478036642074585,1
ann,3,TCGA-AA-A01T_nonMSIH,0,0.23613157868385315,0
ann,3,TCGA-AA-A01V_nonMSIH,0,0.19466210901737213,0
ann,3,TCGA-AA-A01Z_nonMSIH,0,0.352333128452301,0
ann,3,TCGA-AA-A024_nonMSIH,0,0.17474333941936493,0
ann,3,TCGA-AA-A02F_nonMSIH,0,0.29538509249687195,0
ann,3,TCGA-AA-A02H_nonMSIH,0,0.23680226504802704,0
ann,3,TCGA-AA-A02Y_nonMSIH,0,0.1926507204771042,0
ann,3,TCGA-AA-A03F_nonMSIH,0,0.1877797544002533,0
ann,3,TCGA-AD-6548_nonMSIH,0,0.7884370684623718,1
ann,3,TCGA-AD-6890_nonMSIH,0,0.45776253938674927,0
ann,3,TCGA-AD-A5EJ_MSIH,1,0.8214616775512695,1
ann,3,TCGA-AD-A5EK_nonMSIH,0,0.39723920822143555,0
ann,3,TCGA-AF-3911_nonMSIH,0,0.939859926700592,1
ann,3,TCGA-AF-A56K_nonMSIH,0,0.24197329580783844,0
ann,3,TCGA-AG-3882_nonMSIH,0,0.13902923464775085,0
ann,3,TCGA-AG-3883_nonMSIH,0,0.19775289297103882,0
ann,3,TCGA-AG-3887_nonMSIH,0,0.1769273728132248,0
ann,3,TCGA-AG-3890_nonMSIH,0,0.20475207269191742,0
ann,3,TCGA-AG-3898_nonMSIH,0,0.2101203203201294,0
ann,3,TCGA-AG-3901_nonMSIH,0,0.12504522502422333,0
ann,3,TCGA-AG-3909_nonMSIH,0,0.27122411131858826,0
ann,3,TCGA-AG-A016_nonMSIH,0,0.28437530994415283,0
ann,3,TCGA-AH-6643_nonMSIH,0,0.620134174823761,1
ann,3,TCGA-AM-5820_nonMSIH,0,0.8771446347236633,1
ann,3,TCGA-AU-6004_MSIH,1,0.9411312937736511,1
ann,3,TCGA-AY-5543_nonMSIH,0,0.5816210508346558,1
ann,3,TCGA-AY-6197_MSIH,1,0.9701269268989563,1
ann,3,TCGA-AZ-4308_nonMSIH,0,0.29309001564979553,0
ann,3,TCGA-AZ-5407_nonMSIH,0,0.37261587381362915,0
ann,3,TCGA-AZ-6600_nonMSIH,0,0.6558970212936401,1
ann,3,TCGA-CA-5796_nonMSIH,0,0.14988678693771362,0
ann,3,TCGA-CA-6715_nonMSIH,0,0.30539771914482117,0
ann,3,TCGA-CA-6717_nonMSIH,0,0.41794323921203613,0
ann,3,TCGA-CK-4950_nonMSIH,0,0.892449140548706,1
ann,3,TCGA-CK-4951_MSIH,1,0.8850337266921997,1
ann,3,TCGA-CK-6746_MSIH,1,0.9089476466178894,1
ann,3,TCGA-CK-6751_nonMSIH,0,0.6104637980461121,1
ann,3,TCGA-CL-4957_nonMSIH,0,0.10671849548816681,0
ann,3,TCGA-CM-4746_MSIH,1,0.5837131142616272,1
ann,3,TCGA-CM-4751_nonMSIH,0,0.5148493051528931,1
ann,3,TCGA-CM-5341_nonMSIH,0,0.1844405233860016,0
ann,3,TCGA-CM-5861_MSIH,1,0.8954879641532898,1
ann,3,TCGA-CM-6161_nonMSIH,0,0.14816834032535553,0
ann,3,TCGA-CM-6170_nonMSIH,0,0.11125025898218155,0
ann,3,TCGA-CM-6171_MSIH,1,0.817001223564148,1
ann,3,TCGA-CM-6674_MSIH,1,0.9106109142303467,1
ann,3,TCGA-CM-6676_nonMSIH,0,0.18754595518112183,0
ann,3,TCGA-CM-6677_nonMSIH,0,0.23627571761608124,0
ann,3,TCGA-CM-6679_nonMSIH,0,0.11550342291593552,0
ann,3,TCGA-D5-5539_nonMSIH,0,0.39518386125564575,0
ann,3,TCGA-D5-6530_MSIH,1,0.6089273691177368,1
ann,3,TCGA-D5-6536_nonMSIH,0,0.5275953412055969,1
ann,3,TCGA-D5-6928_MSIH,1,0.5088435411453247,1
ann,3,TCGA-D5-6930_MSIH,1,0.5019460320472717,1
ann,3,TCGA-D5-6932_nonMSIH,0,0.4423813819885254,0
ann,3,TCGA-DC-6681_nonMSIH,0,0.24786044657230377,0
ann,3,TCGA-DC-6683_nonMSIH,0,0.25210508704185486,0
ann,3,TCGA-DM-A0X9_nonMSIH,0,0.16713786125183105,0
ann,3,TCGA-DM-A0XD_nonMSIH,0,0.30093222856521606,0
ann,3,TCGA-DM-A0XF_nonMSIH,0,0.19169488549232483,0
ann,3,TCGA-DM-A1D7_nonMSIH,0,0.14906498789787292,0
ann,3,TCGA-DM-A1DB_nonMSIH,0,0.1291377693414688,0
ann,3,TCGA-DM-A1HA_nonMSIH,0,0.2352840155363083,0
ann,3,TCGA-DM-A28K_nonMSIH,0,0.4010870158672333,0
ann,3,TCGA-DT-5265_nonMSIH,0,0.6717543601989746,1
ann,3,TCGA-DY-A1DC_nonMSIH,0,0.302518367767334,0
ann,3,TCGA-EI-6508_nonMSIH,0,0.19655866920948029,0
ann,3,TCGA-EI-6510_nonMSIH,0,0.22884371876716614,0
ann,3,TCGA-EI-6512_nonMSIH,0,0.22919248044490814,0
ann,3,TCGA-EI-6882_MSIH,1,0.23104798793792725,0
ann,3,TCGA-EI-6885_nonMSIH,0,0.26404982805252075,0
ann,3,TCGA-EI-7002_nonMSIH,0,0.1204671785235405,0
ann,3,TCGA-F4-6460_nonMSIH,0,0.11700278520584106,0
ann,3,TCGA-F4-6570_MSIH,1,0.9880782961845398,1
ann,3,TCGA-F4-6704_nonMSIH,0,0.4784168004989624,0
ann,3,TCGA-F4-6854_nonMSIH,0,0.3622639775276184,0
ann,3,TCGA-F4-6856_MSIH,1,0.6794927716255188,1
ann,3,TCGA-F5-6464_nonMSIH,0,0.5237128734588623,1
ann,3,TCGA-F5-6863_nonMSIH,0,0.21706029772758484,0
ann,3,TCGA-G4-6298_nonMSIH,0,0.4314633309841156,0
ann,3,TCGA-G4-6302_MSIH,1,0.8971390128135681,1
ann,3,TCGA-G4-6309_MSIH,1,0.9805206656455994,1
ann,3,TCGA-G4-6315_nonMSIH,0,0.1758624017238617,0
ann,3,TCGA-G4-6317_nonMSIH,0,0.2963440716266632,0
ann,3,TCGA-G4-6626_nonMSIH,0,0.25238773226737976,0
ann,3,TCGA-G4-6627_nonMSIH,0,0.23470520973205566,0
ann,3,TCGA-G5-6641_nonMSIH,0,0.8681254982948303,1
ann,3,TCGA-NH-A50T_nonMSIH,0,0.240985706448555,0
ann,3,TCGA-NH-A6GB_nonMSIH,0,0.32697662711143494,0
ann,3,TCGA-QG-A5Z1_nonMSIH,0,0.25603389739990234,0
ann,3,TCGA-SS-A7HO_nonMSIH,0,0.23698076605796814,0
ann,4,TCGA-3L-AA1B_nonMSIH,0,0.16267114877700806,0
ann,4,TCGA-A6-4105_nonMSIH,0,0.1539522260427475,0
ann,4,TCGA-A6-5657_nonMSIH,0,0.21711455285549164,0
ann,4,TCGA-A6-5660_nonMSIH,0,0.1529819667339325,0
ann,4,TCGA-A6-5662_nonMSIH,0,0.7942655682563782,1
ann,4,TCGA-A6-5664_nonMSIH,0,0.3905261754989624,0
ann,4,TCGA-A6-A566_nonMSIH,0,0.5440623760223389,1
ann,4,TCGA-AA-3666_nonMSIH,0,0.13398626446723938,0
ann,4,TCGA-AA-3678_nonMSIH,0,0.16626624763011932,0
ann,4,TCGA-AA-3696_nonMSIH,0,0.12096963077783585,0
ann,4,TCGA-AA-3814_nonMSIH,0,0.17779329419136047,0
ann,4,TCGA-AA-3846_nonMSIH,0,0.10390245169401169,0
ann,4,TCGA-AA-3851_nonMSIH,0,0.2928578853607178,0
ann,4,TCGA-AA-3855_nonMSIH,0,0.20784029364585876,0
ann,4,TCGA-AA-3952_nonMSIH,0,0.805041491985321,1
ann,4,TCGA-AA-3971_nonMSIH,0,0.14210723340511322,0
ann,4,TCGA-AA-3982_nonMSIH,0,0.1334226280450821,0
ann,4,TCGA-AA-A01P_MSIH,1,0.9962103366851807,1
ann,4,TCGA-AA-A03J_nonMSIH,0,0.11460306495428085,0
ann,4,TCGA-AD-6964_MSIH,1,0.9949817061424255,1
ann,4,TCGA-AF-2693_nonMSIH,0,0.43327364325523376,0
ann,4,TCGA-AF-6672_nonMSIH,0,0.20929892361164093,0
ann,4,TCGA-AG-3727_nonMSIH,0,0.104079969227314,0
ann,4,TCGA-AG-3885_nonMSIH,0,0.07964523136615753,0
ann,4,TCGA-AG-3893_nonMSIH,0,0.11772403866052628,0
ann,4,TCGA-AG-3896_nonMSIH,0,0.08931460231542587,0
ann,4,TCGA-AG-4001_nonMSIH,0,0.24764089286327362,0
ann,4,TCGA-AG-4008_nonMSIH,0,0.1635940670967102,0
ann,4,TCGA-AG-A015_nonMSIH,0,0.09894884377717972,0
ann,4,TCGA-AG-A01L_nonMSIH,0,0.0968937799334526,0
ann,4,TCGA-AG-A01N_nonMSIH,0,0.070122629404068,0
ann,4,TCGA-AG-A01Y_nonMSIH,0,0.20969034731388092,0
ann,4,TCGA-AG-A026_nonMSIH,0,0.12730711698532104,0
ann,4,TCGA-AH-6544_nonMSIH,0,0.1717795580625534,0
ann,4,TCGA-AM-5821_MSIH,1,0.44539695978164673,0
ann,4,TCGA-AY-4070_nonMSIH,0,0.7995564937591553,1
ann,4,TCGA-AY-4071_nonMSIH,0,0.7761397957801819,1
ann,4,TCGA-AZ-4616_nonMSIH,0,0.40560415387153625,0
ann,4,TCGA-AZ-4681_nonMSIH,0,0.2259109765291214,0
ann,4,TCGA-AZ-4682_nonMSIH,0,0.14074824750423431,0
ann,4,TCGA-AZ-5403_nonMSIH,0,0.09678125381469727,0
ann,4,TCGA-AZ-6605_nonMSIH,0,0.06849829107522964,0
ann,4,TCGA-CA-5256_nonMSIH,0,0.07834732532501221,0
ann,4,TCGA-CA-6716_nonMSIH,0,0.130000501871109,0
ann,4,TCGA-CA-6718_nonMSIH,0,0.1586543768644333,0
ann,4,TCGA-CA-6719_nonMSIH,0,0.07803236693143845,0
ann,4,TCGA-CI-6622_nonMSIH,0,0.5214980244636536,1
ann,4,TCGA-CK-4948_nonMSIH,0,0.7253897786140442,1
ann,4,TCGA-CK-4952_nonMSIH,0,0.9868218898773193,1
ann,4,TCGA-CK-5912_nonMSIH,0,0.09064564108848572,0
ann,4,TCGA-CK-5913_MSIH,1,0.9814456105232239,1
ann,4,TCGA-CK-5914_nonMSIH,0,0.1642126739025116,0
ann,4,TCGA-CK-6747_MSIH,1,0.25597885251045227,0
ann,4,TCGA-CK-6748_nonMSIH,0,0.60234534740448,1
ann,4,TCGA-CM-5349_nonMSIH,0,0.4088234305381775,0
ann,4,TCGA-CM-6163_nonMSIH,0,0.43518877029418945,0
ann,4,TCGA-CM-6166_nonMSIH,0,0.1542600393295288,0
ann,4,TCGA-CM-6168_nonMSIH,0,0.9238365888595581,1
ann,4,TCGA-CM-6169_nonMSIH,0,0.15828658640384674,0
ann,4,TCGA-CM-6172_nonMSIH,0,0.1364143341779709,0
ann,4,TCGA-CM-6675_nonMSIH,0,0.20802541077136993,0
ann,4,TCGA-D5-5538_nonMSIH,0,0.26844534277915955,0
ann,4,TCGA-D5-6532_nonMSIH,0,0.1345585584640503,0
ann,4,TCGA-D5-6535_nonMSIH,0,0.1683414876461029,0
ann,4,TCGA-D5-6537_nonMSIH,0,0.3762608766555786,0
ann,4,TCGA-D5-6538_nonMSIH,0,0.34492194652557373,0
ann,4,TCGA-D5-6920_nonMSIH,0,0.6961257457733154,1
ann,4,TCGA-D5-6922_nonMSIH,0,0.3672117292881012,0
ann,4,TCGA-D5-6924_nonMSIH,0,0.526473343372345,1
ann,4,TCGA-DC-4745_nonMSIH,0,0.07547109574079514,0
ann,4,TCGA-DC-4749_nonMSIH,0,0.124736487865448,0
ann,4,TCGA-DC-6157_nonMSIH,0,0.05601707473397255,0
ann,4,TCGA-DC-6160_nonMSIH,0,0.06542112678289413,0
ann,4,TCGA-DM-A1D9_nonMSIH,0,0.2398049384355545,0
ann,4,TCGA-DM-A282_nonMSIH,0,0.21652257442474365,0
ann,4,TCGA-DY-A0XA_nonMSIH,0,0.10678733885288239,0
ann,4,TCGA-EF-5830_nonMSIH,0,0.1860208660364151,0
ann,4,TCGA-EI-6511_nonMSIH,0,0.3835625648498535,0
ann,4,TCGA-EI-6513_nonMSIH,0,0.5316177010536194,1
ann,4,TCGA-EI-6884_nonMSIH,0,0.7103804349899292,1
ann,4,TCGA-F4-6459_nonMSIH,0,0.1561485379934311,0
ann,4,TCGA-F4-6461_nonMSIH,0,0.719682514667511,1
ann,4,TCGA-F4-6569_nonMSIH,0,0.2829957604408264,0
ann,4,TCGA-F4-6703_MSIH,1,0.5126805305480957,1
ann,4,TCGA-F4-6805_nonMSIH,0,0.4170474112033844,0
ann,4,TCGA-F4-6806_nonMSIH,0,0.16819891333580017,0
ann,4,TCGA-G4-6294_nonMSIH,0,0.24213889241218567,0
ann,4,TCGA-G4-6295_nonMSIH,0,0.3400607109069824,0
ann,4,TCGA-G4-6303_nonMSIH,0,0.13256359100341797,0
ann,4,TCGA-G4-6304_MSIH,1,0.9751201868057251,1
ann,4,TCGA-G4-6306_nonMSIH,0,0.14259278774261475,0
ann,4,TCGA-G4-6307_nonMSIH,0,0.10777070373296738,0
ann,4,TCGA-G4-6320_MSIH,1,0.17463745176792145,0
ann,4,TCGA-G4-6321_nonMSIH,0,0.6316601037979126,1
ann,4,TCGA-G4-6628_MSIH,1,0.9962143301963806,1
ann,4,TCGA-NH-A5IV_MSIH,1,0.5606578588485718,1
ann,4,TCGA-NH-A6GA_nonMSIH,0,0.08460770547389984,0
ann,4,TCGA-QG-A5YW_nonMSIH,0,0.5912375450134277,1
ann,4,TCGA-QG-A5Z2_MSIH,1,0.5621658563613892,1
ann,4,TCGA-QL-A97D_nonMSIH,0,0.22070403397083282,0
ann,4,TCGA-WS-AB45_MSIH,1,0.9401119947433472,1
knn,1,TCGA-5M-AAT4_nonMSIH,0,0.0,0
knn,1,TCGA-5M-AAT6_MSIH,1,0.14285714285714285,0
knn,1,TCGA-A6-2671_nonMSIH,0,0.14285714285714285,0
knn,1,TCGA-A6-2686_MSIH,1,0.14285714285714285,0
knn,1,TCGA-A6-3807_nonMSIH,0,0.0,0
knn,1,TCGA-A6-5661_MSIH,1,0.0,0
knn,1,TCGA-A6-6137_nonMSIH,0,0.14285714285714285,0
knn,1,TCGA-A6-6651_nonMSIH,0,0.14285714285714285,0
knn,1,TCGA-A6-6652_nonMSIH,0,0.2857142857142857,0
knn,1,TCGA-A6-6654_nonMSIH,0,0.0,0
knn,1,TCGA-A6-A565_nonMSIH,0,0.14285714285714285,0
knn,1,TCGA-A6-A567_nonMSIH,0,0.14285714285714285,0
knn,1,TCGA-AA-3679_nonMSIH,0,0.14285714285714285,0
knn,1,TCGA-AA-3680_nonMSIH,0,0.14285714285714285,0
knn,1,TCGA-AA-3684_nonMSIH,0,0.14285714285714285,0
knn,1,TCGA-AA-3688_nonMSIH,0,0.0,0
knn,1,TCGA-AA-3693_nonMSIH,0,0.0,0
knn,1,TCGA-AA-3812_nonMSIH,0,0.0,0
knn,1,TCGA-AA-3818_nonMSIH,0,0.0,0
knn,1,TCGA-AA-3831_nonMSIH,0,0.0,0
knn,1,TCGA-AA-3833_MSIH,1,0.14285714285714285,0
knn,1,TCGA-AA-3837_nonMSIH,0,0.0,0
knn,1,TCGA-AA-3850_nonMSIH,0,0.0,0
knn,1,TCGA-AA-3854_nonMSIH,0,0.0,0
knn,1,TCGA-AA-3866_nonMSIH,0,0.0,0
knn,1,TCGA-AA-3867_nonMSIH,0,0.14285714285714285,0
knn,1,TCGA-AA-3875_nonMSIH,0,0.14285714285714285,0
knn,1,TCGA-AA-3947_MSIH,1,0.0,0
knn,1,TCGA-AA-3949_MSIH,1,0.42857142857142855,0
knn,1,TCGA-AA-3979_nonMSIH,0,0.0,0
knn,1,TCGA-AA-3984_nonMSIH,0,0.0,0
knn,1,TCGA-AA-3994_nonMSIH,0,0.0,0
knn,1,TCGA-AA-A01S_nonMSIH,0,0.14285714285714285,0
knn,1,TCGA-AA-A01X_nonMSIH,0,0.14285714285714285,0
knn,1,TCGA-AD-6888_nonMSIH,0,0.14285714285714285,0
knn,1,TCGA-AD-6901_nonMSIH,0,0.14285714285714285,0
knn,1,TCGA-AD-6963_nonMSIH,0,0.14285714285714285,0
knn,1,TCGA-AF-2687_nonMSIH,0,0.14285714285714285,0
knn,1,TCGA-AF-4110_nonMSIH,0,0.0,0
knn,1,TCGA-AF-6136_nonMSIH,0,0.0,0
knn,1,TCGA-AG-3726_nonMSIH,0,0.14285714285714285,0
knn,1,TCGA-AG-3878_nonMSIH,0,0.0,0
knn,1,TCGA-AG-3892_nonMSIH,0,0.0,0
knn,1,TCGA-AG-4021_nonMSIH,0,0.14285714285714285,0
knn,1,TCGA-AG-4022_nonMSIH,0,0.14285714285714285,0
knn,1,TCGA-AG-A008_nonMSIH,0,0.0,0
knn,1,TCGA-AG-A011_nonMSIH,0,0.0,0
knn,1,TCGA-AG-A01W_nonMSIH,0,0.14285714285714285,0
knn,1,TCGA-AG-A02N_MSIH,1,0.42857142857142855,0
knn,1,TCGA-AH-6903_nonMSIH,0,0.2857142857142857,0
knn,1,TCGA-AY-6196_nonMSIH,0,0.14285714285714285,0
knn,1,TCGA-AY-A69D_nonMSIH,0,0.0,0
knn,1,TCGA-AZ-4614_nonMSIH,0,0.0,0
knn,1,TCGA-AZ-4615_MSIH,1,0.14285714285714285,0
knn,1,TCGA-AZ-6603_nonMSIH,0,0.14285714285714285,0
knn,1,TCGA-CA-5255_nonMSIH,0,0.0,0
knn,1,TCGA-CA-5797_nonMSIH,0,0.0,0
knn,1,TCGA-CI-6624_nonMSIH,0,0.0,0
knn,1,TCGA-CK-4947_nonMSIH,0,0.42857142857142855,0
knn,1,TCGA-CK-5916_MSIH,1,0.42857142857142855,0
knn,1,TCGA-CL-5917_nonMSIH,0,0.2857142857142857,0
knn,1,TCGA-CM-4743_MSIH,1,0.14285714285714285,0
knn,1,TCGA-CM-4744_nonMSIH,0,0.14285714285714285,0
knn,1,TCGA-CM-5344_nonMSIH,0,0.0,0
knn,1,TCGA-CM-5868_nonMSIH,0,0.0,0
knn,1,TCGA-CM-6165_nonMSIH,0,0.14285714285714285,0
knn,1,TCGA-CM-6678_nonMSIH,0,0.0,0
knn,1,TCGA-D5-5537_nonMSIH,0,0.0,0
knn,1,TCGA-D5-6529_nonMSIH,0,0.14285714285714285,0
knn,1,TCGA-D5-6531_nonMSIH,0,0.14285714285714285,0
knn,1,TCGA-D5-6534_nonMSIH,0,0.14285714285714285,0
knn,1,TCGA-D5-6539_nonMSIH,0,0.0,0
knn,1,TCGA-D5-6540_MSIH,1,0.0,0
knn,1,TCGA-D5-6541_nonMSIH,0,0.14285714285714285,0
knn,1,TCGA-D5-6898_nonMSIH,0,0.14285714285714285,0
knn,1,TCGA-D5-6927_MSIH,1,0.2857142857142857,0
knn,1,TCGA-D5-6931_nonMSIH,0,0.2857142857142857,0
knn,1,TCGA-DC-6682_nonMSIH,0,0.2857142857142857,0
knn,1,TCGA-DM-A1D6_nonMSIH,0,0.0,0
knn,1,TCGA-DM-A1D8_nonMSIH,0,0.0,0
knn,1,TCGA-DM-A280_nonMSIH,0,0.0,0
knn,1,TCGA-DM-A288_nonMSIH,0,0.0,0
knn,1,TCGA-DM-A28A_nonMSIH,0,0.0,0
knn,1,TCGA-DM-A28E_nonMSIH,0,0.0,0
knn,1,TCGA-DM-A28H_nonMSIH,0,0.0,0
knn,1,TCGA-DY-A1DD_nonMSIH,0,0.0,0
knn,1,TCGA-EI-6506_nonMSIH,0,0.14285714285714285,0
knn,1,TCGA-EI-6507_MSIH,1,0.2857142857142857,0
knn,1,TCGA-EI-6514_nonMSIH,0,0.0,0
knn,1,TCGA-EI-6883_nonMSIH,0,0.0,0
knn,1,TCGA-F4-6808_nonMSIH,0,0.0,0
knn,1,TCGA-F4-6809_nonMSIH,0,0.0,0
knn,1,TCGA-F5-6465_nonMSIH,0,0.0,0
knn,1,TCGA-F5-6811_nonMSIH,0,0.0,0
knn,1,TCGA-G4-6293_nonMSIH,0,0.14285714285714285,0
knn,1,TCGA-G4-6297_nonMSIH,0,0.0,0
knn,1,TCGA-G4-6311_nonMSIH,0,0.5714285714285714,1
knn,1,TCGA-G4-6322_nonMSIH,0,0.2857142857142857,0
knn,1,TCGA-G4-6323_nonMSIH,0,0.14285714285714285,0
knn,1,TCGA-G4-6586_MSIH,1,0.42857142857142855,0
knn,1,TCGA-G4-6588_MSIH,1,0.2857142857142857,0
knn,1,TCGA-NH-A50V_nonMSIH,0,0.14285714285714285,0
knn,1,TCGA-QG-A5YX_nonMSIH,0,0.14285714285714285,0
knn,2,TCGA-4N-A93T_nonMSIH,0,0.14285714285714285,0
knn,2,TCGA-A6-2685_nonMSIH,0,0.14285714285714285,0
knn,2,TCGA-A6-4107_nonMSIH,0,0.0,0
knn,2,TCGA-A6-5665_MSIH,1,0.2857142857142857,0
knn,2,TCGA-A6-6648_nonMSIH,0,0.14285714285714285,0
knn,2,TCGA-A6-6653_MSIH,1,0.14285714285714285,0
knn,2,TCGA-A6-A56B_nonMSIH,0,0.14285714285714285,0
knn,2,TCGA-AA-3664_nonMSIH,0,0.0,0
knn,2,TCGA-AA-3673_nonMSIH,0,0.0,0
knn,2,TCGA-AA-3681_nonMSIH,0,0.0,0
knn,2,TCGA-AA-3692_nonMSIH,0,0.0,0
knn,2,TCGA-AA-3811_MSIH,1,0.14285714285714285,0
knn,2,TCGA-AA-3821_MSIH,1,0.0,0
knn,2,TCGA-AA-3842_nonMSIH,0,0.0,0
knn,2,TCGA-AA-3845_MSIH,1,0.14285714285714285,0
knn,2,TCGA-AA-3856_nonMSIH,0,0.14285714285714285,0
knn,2,TCGA-AA-3877_MSIH,1,0.0,0
knn,2,TCGA-AA-3950_MSIH,1,0.14285714285714285,0
knn,2,TCGA-AA-3966_MSIH,1,0.2857142857142857,0
knn,2,TCGA-AA-3968_nonMSIH,0,0.0,0
knn,2,TCGA-AA-3976_nonMSIH,0,0.0,0
knn,2,TCGA-AA-3986_nonMSIH,0,0.2857142857142857,0
knn,2,TCGA-AA-A02E_nonMSIH,0,0.0,0
knn,2,TCGA-AA-A02O_nonMSIH,0,0.0,0
knn,2,TCGA-AD-5900_MSIH,1,0.14285714285714285,0
knn,2,TCGA-AD-6889_MSIH,1,0.2857142857142857,0
knn,2,TCGA-AD-6965_nonMSIH,0,0.14285714285714285,0
knn,2,TCGA-AF-2690_nonMSIH,0,0.14285714285714285,0
knn,2,TCGA-AF-6655_nonMSIH,0,0.14285714285714285,0
knn,2,TCGA-AF-A56L_nonMSIH,0,0.14285714285714285,0
knn,2,TCGA-AF-A56N_nonMSIH,0,0.0,0
knn,2,TCGA-AG-3894_nonMSIH,0,0.0,0
knn,2,TCGA-AG-3902_nonMSIH,0,0.14285714285714285,0
knn,2,TCGA-AG-4015_nonMSIH,0,0.0,0
knn,2,TCGA-AG-A002_nonMSIH,0,0.14285714285714285,0
knn,2,TCGA-AG-A00C_nonMSIH,0,0.0,0
knn,2,TCGA-AG-A020_nonMSIH,0,0.14285714285714285,0
knn,2,TCGA-AG-A02X_nonMSIH,0,0.0,0
knn,2,TCGA-AH-6547_nonMSIH,0,0.0,0
knn,2,TCGA-AH-6644_nonMSIH,0,0.0,0
knn,2,TCGA-AH-6897_nonMSIH,0,0.14285714285714285,0
knn,2,TCGA-AU-3779_nonMSIH,0,0.0,0
knn,2,TCGA-AY-6386_nonMSIH,0,0.2857142857142857,0
knn,2,TCGA-AY-A54L_nonMSIH,0,0.0,0
knn,2,TCGA-AY-A71X_nonMSIH,0,0.14285714285714285,0
knn,2,TCGA-AY-A8YK_nonMSIH,0,0.0,0
knn,2,TCGA-AZ-4315_nonMSIH,0,0.42857142857142855,0
knn,2,TCGA-AZ-6598_MSIH,1,0.42857142857142855,0
knn,2,TCGA-AZ-6599_nonMSIH,0,0.2857142857142857,0
knn,2,TCGA-AZ-6606_nonMSIH,0,0.2857142857142857,0
knn,2,TCGA-CA-5254_nonMSIH,0,0.0,0
knn,2,TCGA-CK-5915_nonMSIH,0,0.14285714285714285,0
knn,2,TCGA-CL-5918_nonMSIH,0,0.14285714285714285,0
knn,2,TCGA-CM-4747_nonMSIH,0,0.14285714285714285,0
knn,2,TCGA-CM-4750_nonMSIH,0,0.14285714285714285,0
knn,2,TCGA-CM-4752_nonMSIH,0,0.0,0
knn,2,TCGA-CM-5348_nonMSIH,0,0.0,0
knn,2,TCGA-CM-5860_nonMSIH,0,0.0,0
knn,2,TCGA-CM-5862_nonMSIH,0,0.0,0
knn,2,TCGA-CM-5863_nonMSIH,0,0.2857142857142857,0
knn,2,TCGA-CM-5864_nonMSIH,0,0.0,0
knn,2,TCGA-CM-6162_MSIH,1,0.14285714285714285,0
knn,2,TCGA-CM-6164_nonMSIH,0,0.0,0
knn,2,TCGA-CM-6167_nonMSIH,0,0.14285714285714285,0
knn,2,TCGA-D5-5540_nonMSIH,0,0.14285714285714285,0
knn,2,TCGA-D5-5541_nonMSIH,0,0.0,0
knn,2,TCGA-D5-6533_nonMSIH,0,0.0,0
knn,2,TCGA-D5-6926_nonMSIH,0,0.2857142857142857,0
knn,2,TCGA-D5-6929_nonMSIH,0,0.0,0
knn,2,TCGA-DC-5337_nonMSIH,0,0.14285714285714285,0
knn,2,TCGA-DC-5869_nonMSIH,0,0.0,0
knn,2,TCGA-DC-6154_MSIH,1,0.0,0
knn,2,TCGA-DC-6155_nonMSIH,0,0.0,0
knn,2,TCGA-DC-6158_nonMSIH,0,0.0,0
knn,2,TCGA-DM-A1D0_nonMSIH,0,0.0,0
knn,2,TCGA-DM-A1D4_nonMSIH,0,0.0,0
knn,2,TCGA-DM-A1DA_nonMSIH,0,0.0,0
knn,2,TCGA-DM-A285_nonMSIH,0,0.0,0
knn,2,TCGA-DM-A28F_nonMSIH,0,0.0,0
knn,2,TCGA-DM-A28G_nonMSIH,0,0.0,0
knn,2,TCGA-DM-A28M_nonMSIH,0,0.0,0
knn,2,TCGA-DY-A1DF_nonMSIH,0,0.0,0
knn,2,TCGA-DY-A1DG_nonMSIH,0,0.0,0
knn,2,TCGA-EI-6509_nonMSIH,0,0.0,0
knn,2,TCGA-EI-6881_nonMSIH,0,0.14285714285714285,0
knn,2,TCGA-EI-7004_nonMSIH,0,0.2857142857142857,0
knn,2,TCGA-F4-6463_nonMSIH,0,0.14285714285714285,0
knn,2,TCGA-F4-6807_nonMSIH,0,0.0,0
knn,2,TCGA-F4-6855_nonMSIH,0,0.2857142857142857,0
knn,2,TCGA-F5-6571_nonMSIH,0,0.0,0
knn,2,TCGA-F5-6702_nonMSIH,0,0.0,0
knn,2,TCGA-F5-6864_nonMSIH,0,0.2857142857142857,0
knn,2,TCGA-G4-6299_nonMSIH,0,0.14285714285714285,0
knn,2,TCGA-NH-A50U_nonMSIH,0,0.14285714285714285,0
knn,2,TCGA-NH-A6GC_nonMSIH,0,0.2857142857142857,0
knn,2,TCGA-NH-A8F8_nonMSIH,0,0.0,0
knn,2,TCGA-QG-A5YV_nonMSIH,0,0.0,0
knn,3,TCGA-5M-AATE_nonMSIH,0,0.0,0
knn,3,TCGA-A6-2681_nonMSIH,0,0.0,0
knn,3,TCGA-A6-5666_nonMSIH,0,0.3333333333333333,0
knn,3,TCGA-A6-5667_nonMSIH,0,0.3333333333333333,0
knn,3,TCGA-A6-6138_nonMSIH,0,0.3333333333333333,0
knn,3,TCGA-A6-6142_nonMSIH,0,0.3333333333333333,0
knn,3,TCGA-A6-6649_nonMSIH,0,0.0,0
knn,3,TCGA-AA-3667_nonMSIH,0,0.0,0
knn,3,TCGA-AA-3715_MSIH,1,0.6666666666666666,1
knn,3,TCGA-AA-3819_nonMSIH,0,0.0,0
knn,3,TCGA-AA-3844_nonMSIH,0,0.0,0
knn,3,TCGA-AA-3848_nonMSIH,0,0.0,0
knn,3,TCGA-AA-3852_nonMSIH,0,0.0,0
knn,3,TCGA-AA-3858_nonMSIH,0,0.0,0
knn,3,TCGA-AA-3864_MSIH,1,0.0,0
knn,3,TCGA-AA-3956_nonMSIH,0,0.0,0
knn,3,TCGA-AA-3973_nonMSIH,0,0.3333333333333333,0
knn,3,TCGA-AA-3975_nonMSIH,0,0.3333333333333333,0
knn,3,TCGA-AA-3989_nonMSIH,0,0.0,0
knn,3,TCGA-AA-A010_nonMSIH,0,0.0,0
knn,3,TCGA-AA-A01R_MSIH,1,0.0,0
knn,3,TCGA-AA-A01T_nonMSIH,0,0.3333333333333333,0
knn,3,TCGA-AA-A01V_nonMSIH,0,0.0,0
knn,3,TCGA-AA-A01Z_nonMSIH,0,0.3333333333333333,0
knn,3,TCGA-AA-A024_nonMSIH,0,0.0,0
knn,3,TCGA-AA-A02F_nonMSIH,0,0.0,0
knn,3,TCGA-AA-A02H_nonMSIH,0,0.0,0
knn,3,TCGA-AA-A02Y_nonMSIH,0,0.0,0
knn,3,TCGA-AA-A03F_nonMSIH,0,0.0,0
knn,3,TCGA-AD-6548_nonMSIH,0,0.3333333333333333,0
knn,3,TCGA-AD-6890_nonMSIH,0,0.3333333333333333,0
knn,3,TCGA-AD-A5EJ_MSIH,1,0.0,0
knn,3,TCGA-AD-A5EK_nonMSIH,0,0.0,0
knn,3,TCGA-AF-3911_nonMSIH,0,0.3333333333333333,0
knn,3,TCGA-AF-A56K_nonMSIH,0,0.0,0
knn,3,TCGA-AG-3882_nonMSIH,0,0.0,0
knn,3,TCGA-AG-3883_nonMSIH,0,0.0,0
knn,3,TCGA-AG-3887_nonMSIH,0,0.0,0
knn,3,TCGA-AG-3890_nonMSIH,0,0.0,0
knn,3,TCGA-AG-3898_nonMSIH,0,0.0,0
knn,3,TCGA-AG-3901_nonMSIH,0,0.0,0
knn,3,TCGA-AG-3909_nonMSIH,0,0.0,0
knn,3,TCGA-AG-A016_nonMSIH,0,0.0,0
knn,3,TCGA-AH-6643_nonMSIH,0,0.0,0
knn,3,TCGA-AM-5820_nonMSIH,0,0.3333333333333333,0
knn,3,TCGA-AU-6004_MSIH,1,0.3333333333333333,0
knn,3,TCGA-AY-5543_nonMSIH,0,0.0,0
knn,3,TCGA-AY-6197_MSIH,1,0.0,0
knn,3,TCGA-AZ-4308_nonMSIH,0,0.3333333333333333,0
knn,3,TCGA-AZ-5407_nonMSIH,0,0.0,0
knn,3,TCGA-AZ-6600_nonMSIH,0,0.3333333333333333,0
knn,3,TCGA-CA-5796_nonMSIH,0,0.0,0
knn,3,TCGA-CA-6715_nonMSIH,0,0.0,0
knn,3,TCGA-CA-6717_nonMSIH,0,0.0,0
knn,3,TCGA-CK-4950_nonMSIH,0,0.3333333333333333,0
knn,3,TCGA-CK-4951_MSIH,1,0.6666666666666666,1
knn,3,TCGA-CK-6746_MSIH,1,0.3333333333333333,0
knn,3,TCGA-CK-6751_nonMSIH,0,0.3333333333333333,0
knn,3,TCGA-CL-4957_nonMSIH,0,0.0,0
knn,3,TCGA-CM-4746_MSIH,1,0.0,0
knn,3,TCGA-CM-4751_nonMSIH,0,0.3333333333333333,0
knn,3,TCGA-CM-5341_nonMSIH,0,0.0,0
knn,3,TCGA-CM-5861_MSIH,1,0.3333333333333333,0
knn,3,TCGA-CM-6161_nonMSIH,0,0.3333333333333333,0
knn,3,TCGA-CM-6170_nonMSIH,0,0.0,0
knn,3,TCGA-CM-6171_MSIH,1,0.3333333333333333,0
knn,3,TCGA-CM-6674_MSIH,1,0.3333333333333333,0
knn,3,TCGA-CM-6676_nonMSIH,0,0.0,0
knn,3,TCGA-CM-6677_nonMSIH,0,0.0,0
knn,3,TCGA-CM-6679_nonMSIH,0,0.0,0
knn,3,TCGA-D5-5539_nonMSIH,0,0.3333333333333333,0
knn,3,TCGA-D5-6530_MSIH,1,0.0,0
knn,3,TCGA-D5-6536_nonMSIH,0,0.0,0
knn,3,TCGA-D5-6928_MSIH,1,0.0,0
knn,3,TCGA-D5-6930_MSIH,1,0.3333333333333333,0
knn,3,TCGA-D5-6932_nonMSIH,0,0.0,0
knn,3,TCGA-DC-6681_nonMSIH,0,0.3333333333333333,0
knn,3,TCGA-DC-6683_nonMSIH,0,0.0,0
knn,3,TCGA-DM-A0X9_nonMSIH,0,0.0,0
knn,3,TCGA-DM-A0XD_nonMSIH,0,0.0,0
knn,3,TCGA-DM-A0XF_nonMSIH,0,0.0,0
knn,3,TCGA-DM-A1D7_nonMSIH,0,0.0,0
knn,3,TCGA-DM-A1DB_nonMSIH,0,0.0,0
knn,3,TCGA-DM-A1HA_nonMSIH,0,0.0,0
knn,3,TCGA-DM-A28K_nonMSIH,0,0.0,0
knn,3,TCGA-DT-5265_nonMSIH,0,0.0,0
knn,3,TCGA-DY-A1DC_nonMSIH,0,0.0,0
knn,3,TCGA-EI-6508_nonMSIH,0,0.3333333333333333,0
knn,3,TCGA-EI-6510_nonMSIH,0,0.0,0
knn,3,TCGA-EI-6512_nonMSIH,0,0.0,0
knn,3,TCGA-EI-6882_MSIH,1,0.0,0
knn,3,TCGA-EI-6885_nonMSIH,0,0.3333333333333333,0
knn,3,TCGA-EI-7002_nonMSIH,0,0.0,0
knn,3,TCGA-F4-6460_nonMSIH,0,0.0,0
knn,3,TCGA-F4-6570_MSIH,1,0.3333333333333333,0
knn,3,TCGA-F4-6704_nonMSIH,0,0.0,0
knn,3,TCGA-F4-6854_nonMSIH,0,0.0,0
knn,3,TCGA-F4-6856_MSIH,1,0.0,0
knn,3,TCGA-F5-6464_nonMSIH,0,0.0,0
knn,3,TCGA-F5-6863_nonMSIH,0,0.0,0
knn,3,TCGA-G4-6298_nonMSIH,0,0.0,0
knn,3,TCGA-G4-6302_MSIH,1,0.6666666666666666,1
knn,3,TCGA-G4-6309_MSIH,1,1.0,1
knn,3,TCGA-G4-6315_nonMSIH,0,0.0,0
knn,3,TCGA-G4-6317_nonMSIH,0,0.6666666666666666,1
knn,3,TCGA-G4-6626_nonMSIH,0,0.3333333333333333,0
knn,3,TCGA-G4-6627_nonMSIH,0,0.3333333333333333,0
knn,3,TCGA-G5-6641_nonMSIH,0,0.3333333333333333,0
knn,3,TCGA-NH-A50T_nonMSIH,0,0.3333333333333333,0
knn,3,TCGA-NH-A6GB_nonMSIH,0,0.0,0
knn,3,TCGA-QG-A5Z1_nonMSIH,0,0.3333333333333333,0
knn,3,TCGA-SS-A7HO_nonMSIH,0,0.0,0
knn,4,TCGA-3L-AA1B_nonMSIH,0,0.0,0
knn,4,TCGA-A6-4105_nonMSIH,0,0.3333333333333333,0
knn,4,TCGA-A6-5657_nonMSIH,0,0.0,0
knn,4,TCGA-A6-5660_nonMSIH,0,0.6666666666666666,1
knn,4,TCGA-A6-5662_nonMSIH,0,0.3333333333333333,0
knn,4,TCGA-A6-5664_nonMSIH,0,0.3333333333333333,0
knn,4,TCGA-A6-A566_nonMSIH,0,0.3333333333333333,0
knn,4,TCGA-AA-3666_nonMSIH,0,0.0,0
knn,4,TCGA-AA-3678_nonMSIH,0,0.0,0
knn,4,TCGA-AA-3696_nonMSIH,0,0.0,0
knn,4,TCGA-AA-3814_nonMSIH,0,0.0,0
knn,4,TCGA-AA-3846_nonMSIH,0,0.0,0
knn,4,TCGA-AA-3851_nonMSIH,0,0.0,0
knn,4,TCGA-AA-3855_nonMSIH,0,0.0,0
knn,4,TCGA-AA-3952_nonMSIH,0,0.3333333333333333,0
knn,4,TCGA-AA-3971_nonMSIH,0,0.0,0
knn,4,TCGA-AA-3982_nonMSIH,0,0.0,0
knn,4,TCGA-AA-A01P_MSIH,1,0.3333333333333333,0
knn,4,TCGA-AA-A03J_nonMSIH,0,0.0,0
knn,4,TCGA-AD-6964_MSIH,1,0.6666666666666666,1
knn,4,TCGA-AF-2693_nonMSIH,0,0.3333333333333333,0
knn,4,TCGA-AF-6672_nonMSIH,0,0.0,0
knn,4,TCGA-AG-3727_nonMSIH,0,0.0,0
knn,4,TCGA-AG-3885_nonMSIH,0,0.0,0
knn,4,TCGA-AG-3893_nonMSIH,0,0.0,0
knn,4,TCGA-AG-3896_nonMSIH,0,0.0,0
knn,4,TCGA-AG-4001_nonMSIH,0,0.0,0
knn,4,TCGA-AG-4008_nonMSIH,0,0.0,0
knn,4,TCGA-AG-A015_nonMSIH,0,0.0,0
knn,4,TCGA-AG-A01L_nonMSIH,0,0.0,0
knn,4,TCGA-AG-A01N_nonMSIH,0,0.0,0
knn,4,TCGA-AG-A01Y_nonMSIH,0,0.0,0
knn,4,TCGA-AG-A026_nonMSIH,0,0.0,0
knn,4,TCGA-AH-6544_nonMSIH,0,0.0,0
knn,4,TCGA-AM-5821_MSIH,1,0.3333333333333333,0
knn,4,TCGA-AY-4070_nonMSIH,0,0.0,0
knn,4,TCGA-AY-4071_nonMSIH,0,0.3333333333333333,0
knn,4,TCGA-AZ-4616_nonMSIH,0,0.3333333333333333,0
knn,4,TCGA-AZ-4681_nonMSIH,0,0.3333333333333333,0
knn,4,TCGA-AZ-4682_nonMSIH,0,0.0,0
knn,4,TCGA-AZ-5403_nonMSIH,0,0.0,0
knn,4,TCGA-AZ-6605_nonMSIH,0,0.0,0
knn,4,TCGA-CA-5256_nonMSIH,0,0.0,0
knn,4,TCGA-CA-6716_nonMSIH,0,0.0,0
knn,4,TCGA-CA-6718_nonMSIH,0,0.0,0
knn,4,TCGA-CA-6719_nonMSIH,0,0.0,0
knn,4,TCGA-CI-6622_nonMSIH,0,0.0,0
knn,4,TCGA-CK-4948_nonMSIH,0,0.0,0
knn,4,TCGA-CK-4952_nonMSIH,0,0.3333333333333333,0
knn,4,TCGA-CK-5912_nonMSIH,0,0.0,0
knn,4,TCGA-CK-5913_MSIH,1,0.6666666666666666,1
knn,4,TCGA-CK-5914_nonMSIH,0,0.0,0
knn,4,TCGA-CK-6747_MSIH,1,0.3333333333333333,0
knn,4,TCGA-CK-6748_nonMSIH,0,0.0,0
knn,4,TCGA-CM-5349_nonMSIH,0,0.3333333333333333,0
knn,4,TCGA-CM-6163_nonMSIH,0,0.3333333333333333,0
knn,4,TCGA-CM-6166_nonMSIH,0,0.3333333333333333,0
knn,4,TCGA-CM-6168_nonMSIH,0,0.0,0
knn,4,TCGA-CM-6169_nonMSIH,0,0.0,0
knn,4,TCGA-CM-6172_nonMSIH,0,0.3333333333333333,0
knn,4,TCGA-CM-6675_nonMSIH,0,0.0,0
knn,4,TCGA-D5-5538_nonMSIH,0,0.3333333333333333,0
knn,4,TCGA-D5-6532_nonMSIH,0,0.0,0
knn,4,TCGA-D5-6535_nonMSIH,0,0.0,0
knn,4,TCGA-D5-6537_nonMSIH,0,0.0,0
knn,4,TCGA-D5-6538_nonMSIH,0,0.0,0
knn,4,TCGA-D5-6920_nonMSIH,0,0.3333333333333333,0
knn,4,TCGA-D5-6922_nonMSIH,0,0.0,0
knn,4,TCGA-D5-6924_nonMSIH,0,0.6666666666666666,1
knn,4,TCGA-DC-4745_nonMSIH,0,0.0,0
knn,4,TCGA-DC-4749_nonMSIH,0,0.0,0
knn,4,TCGA-DC-6157_nonMSIH,0,0.0,0
knn,4,TCGA-DC-6160_nonMSIH,0,0.0,0
knn,4,TCGA-DM-A1D9_nonMSIH,0,0.0,0
knn,4,TCGA-DM-A282_nonMSIH,0,0.0,0
knn,4,TCGA-DY-A0XA_nonMSIH,0,0.0,0
knn,4,TCGA-EF-5830_nonMSIH,0,0.3333333333333333,0
knn,4,TCGA-EI-6511_nonMSIH,0,0.0,0
knn,4,TCGA-EI-6513_nonMSIH,0,0.0,0
knn,4,TCGA-EI-6884_nonMSIH,0,0.6666666666666666,1
knn,4,TCGA-F4-6459_nonMSIH,0,0.0,0
knn,4,TCGA-F4-6461_nonMSIH,0,0.0,0
knn,4,TCGA-F4-6569_nonMSIH,0,0.0,0
knn,4,TCGA-F4-6703_MSIH,1,0.0,0
knn,4,TCGA-F4-6805_nonMSIH,0,0.0,0
knn,4,TCGA-F4-6806_nonMSIH,0,0.0,0
knn,4,TCGA-G4-6294_nonMSIH,0,0.0,0
knn,4,TCGA-G4-6295_nonMSIH,0,0.0,0
knn,4,TCGA-G4-6303_nonMSIH,0,0.3333333333333333,0
knn,4,TCGA-G4-6304_MSIH,1,0.6666666666666666,1
knn,4,TCGA-G4-6306_nonMSIH,0,0.0,0
knn,4,TCGA-G4-6307_nonMSIH,0,0.0,0
knn,4,TCGA-G4-6320_MSIH,1,0.3333333333333333,0
knn,4,TCGA-G4-6321_nonMSIH,0,0.6666666666666666,1
knn,4,TCGA-G4-6628_MSIH,1,0.6666666666666666,1
knn,4,TCGA-NH-A5IV_MSIH,1,0.0,0
knn,4,TCGA-NH-A6GA_nonMSIH,0,0.0,0
knn,4,TCGA-QG-A5YW_nonMSIH,0,0.0,0
knn,4,TCGA-QG-A5Z2_MSIH,1,0.0,0
knn,4,TCGA-QL-A97D_nonMSIH,0,0.0,0
knn,4,TCGA-WS-AB45_MSIH,1,0.3333333333333333,0
proto,1,TCGA-5M-AAT4_nonMSIH,0,0.4928037226200104,0
proto,1,TCGA-5M-AAT6_MSIH,1,0.4989911615848541,0
proto,1,TCGA-A6-2671_nonMSIH,0,0.5021538138389587,1
proto,1,TCGA-A6-2686_MSIH,1,0.5065760016441345,1
proto,1,TCGA-A6-3807_nonMSIH,0,0.5028519630432129,1
proto,1,TCGA-A6-5661_MSIH,1,0.5073906183242798,1
proto,1,TCGA-A6-6137_nonMSIH,0,0.5003336668014526,1
proto,1,TCGA-A6-6651_nonMSIH,0,0.5032668709754944,1
proto,1,TCGA-A6-6652_nonMSIH,0,0.5057631134986877,1
proto,1,TCGA-A6-6654_nonMSIH,0,0.5018118023872375,1
proto,1,TCGA-A6-A565_nonMSIH,0,0.49701860547065735,0
proto,1,TCGA-A6-A567_nonMSIH,0,0.4944891631603241,0
proto,1,TCGA-AA-3679_nonMSIH,0,0.4878108501434326,0
proto,1,TCGA-AA-3680_nonMSIH,0,0.48698538541793823,0
proto,1,TCGA-AA-3684_nonMSIH,0,0.49137604236602783,0
proto,1,TCGA-AA-3688_nonMSIH,0,0.48551198840141296,0
proto,1,TCGA-AA-3693_nonMSIH,0,0.48872554302215576,0
proto,1,TCGA-AA-3812_nonMSIH,0,0.48704656958580017,0
proto,1,TCGA-AA-3818_nonMSIH,0,0.48745205998420715,0
proto,1,TCGA-AA-3831_nonMSIH,0,0.48637300729751587,0
proto,1,TCGA-AA-3833_MSIH,1,0.49309948086738586,0
proto,1,TCGA-AA-3837_nonMSIH,0,0.4864972233772278,0
proto,1,TCGA-AA-3850_nonMSIH,0,0.4870752692222595,0
proto,1,TCGA-AA-3854_nonMSIH,0,0.48927703499794006,0
proto,1,TCGA-AA-3866_nonMSIH,0,0.4892555773258209,0
proto,1,TCGA-AA-3867_nonMSIH,0,0.4873671531677246,0
proto,1,TCGA-AA-3875_nonMSIH,0,0.48886072635650635,0
proto,1,TCGA-AA-3947_MSIH,1,0.4900768995285034,0
proto,1,TCGA-AA-3949_MSIH,1,0.49696704745292664,0
proto,1,TCGA-AA-3979_nonMSIH,0,0.48624828457832336,0
proto,1,TCGA-AA-3984_nonMSIH,0,0.488430917263031,0
proto,1,TCGA-AA-3994_nonMSIH,0,0.48924440145492554,0
proto,1,TCGA-AA-A01S_nonMSIH,0,0.4884108304977417,0
proto,1,TCGA-AA-A01X_nonMSIH,0,0.4864419400691986,0
proto,1,TCGA-AD-6888_nonMSIH,0,0.4963773488998413,0
proto,1,TCGA-AD-6901_nonMSIH,0,0.5041723251342773,1
proto,1,TCGA-AD-6963_nonMSIH,0,0.5015501379966736,1
proto,1,TCGA-AF-2687_nonMSIH,0,0.5045733451843262,1
proto,1,TCGA-AF-4110_nonMSIH,0,0.49665912985801697,0
proto,1,TCGA-AF-6136_nonMSIH,0,0.5005435347557068,1
proto,1,TCGA-AG-3726_nonMSIH,0,0.48836755752563477,0
proto,1,TCGA-AG-3878_nonMSIH,0,0.4897405505180359,0
proto,1,TCGA-AG-3892_nonMSIH,0,0.4893918037414551,0
proto,1,TCGA-AG-4021_nonMSIH,0,0.493693470954895,0
proto,1,TCGA-AG-4022_nonMSIH,0,0.488595575094223,0
proto,1,TCGA-AG-A008_nonMSIH,0,0.4873797297477722,0
proto,1,TCGA-AG-A011_nonMSIH,0,0.4902827739715576,0
proto,1,TCGA-AG-A01W_nonMSIH,0,0.4876687228679657,0
proto,1,TCGA-AG-A02N_MSIH,1,0.49071043729782104,0
proto,1,TCGA-AH-6903_nonMSIH,0,0.5066291093826294,1
proto,1,TCGA-AY-6196_nonMSIH,0,0.5127884745597839,1
proto,1,TCGA-AY-A69D_nonMSIH,0,0.4918418824672699,0
proto,1,TCGA-AZ-4614_nonMSIH,0,0.502927303314209,1
proto,1,TCGA-AZ-4615_MSIH,1,0.506754457950592,1
proto,1,TCGA-AZ-6603_nonMSIH,0,0.49489670991897583,0
proto,1,TCGA-CA-5255_nonMSIH,0,0.5031284689903259,1
proto,1,TCGA-CA-5797_nonMSIH,0,0.49696701765060425,0
proto,1,TCGA-CI-6624_nonMSIH,0,0.5003138780593872,1
proto,1,TCGA-CK-4947_nonMSIH,0,0.5089166760444641,1
proto,1,TCGA-CK-5916_MSIH,1,0.5125591158866882,1
proto,1,TCGA-CL-5917_nonMSIH,0,0.5038004517555237,1
proto,1,TCGA-CM-4743_MSIH,1,0.5087062120437622,1
proto,1,TCGA-CM-4744_nonMSIH,0,0.5019536018371582,1
proto,1,TCGA-CM-5344_nonMSIH,0,0.502193808555603,1
proto,1,TCGA-CM-5868_nonMSIH,0,0.5017796158790588,1
proto,1,TCGA-CM-6165_nonMSIH,0,0.5073587894439697,1
proto,1,TCGA-CM-6678_nonMSIH,0,0.501720130443573,1
proto,1,TCGA-D5-5537_nonMSIH,0,0.49929049611091614,0
proto,1,TCGA-D5-6529_nonMSIH,0,0.5018830299377441,1
proto,1,TCGA-D5-6531_nonMSIH,0,0.4995444416999817,0
proto,1,TCGA-D5-6534_nonMSIH,0,0.5036233067512512,1
proto,1,TCGA-D5-6539_nonMSIH,0,0.5064256191253662,1
proto,1,TCGA-D5-6540_MSIH,1,0.505644679069519,1
proto,1,TCGA-D5-6541_nonMSIH,0,0.5035668015480042,1
proto,1,TCGA-D5-6898_nonMSIH,0,0.503174364566803,1
proto,1,TCGA-D5-6927_MSIH,1,0.5078548192977905,1
proto,1,TCGA-D5-6931_nonMSIH,0,0.5042950510978699,1
proto,1,TCGA-DC-6682_nonMSIH,0,0.500200629234314,1
proto,1,TCGA-DM-A1D6_nonMSIH,0,0.48904380202293396,0
proto,1,TCGA-DM-A1D8_nonMSIH,0,0.48935261368751526,0
proto,1,TCGA-DM-A280_nonMSIH,0,0.4950757324695587,0
proto,1,TCGA-DM-A288_nonMSIH,0,0.49181994795799255,0
proto,1,TCGA-DM-A28A_nonMSIH,0,0.4888656735420227,0
proto,1,TCGA-DM-A28E_nonMSIH,0,0.4849059581756592,0
proto,1,TCGA-DM-A28H_nonMSIH,0,0.49285462498664856,0
proto,1,TCGA-DY-A1DD_nonMSIH,0,0.4876829981803894,0
proto,1,TCGA-EI-6506_nonMSIH,0,0.5029359459877014,1
proto,1,TCGA-EI-6507_MSIH,1,0.5100196599960327,1
proto,1,TCGA-EI-6514_nonMSIH,0,0.4940280020236969,0
proto,1,TCGA-EI-6883_nonMSIH,0,0.5028589963912964,1
proto,1,TCGA-F4-6808_nonMSIH,0,0.49238520860671997,0
proto,1,TCGA-F4-6809_nonMSIH,0,0.49777084589004517,0
proto,1,TCGA-F5-6465_nonMSIH,0,0.5009122490882874,1
proto,1,TCGA-F5-6811_nonMSIH,0,0.49852344393730164,0
proto,1,TCGA-G4-6293_nonMSIH,0,0.49836233258247375,0
proto,1,TCGA-G4-6297_nonMSIH,0,0.4991934597492218,0
proto,1,TCGA-G4-6311_nonMSIH,0,0.5071518421173096,1
proto,1,TCGA-G4-6322_nonMSIH,0,0.5068744421005249,1
proto,1,TCGA-G4-6323_nonMSIH,0,0.5024007558822632,1
proto,1,TCGA-G4-6586_MSIH,1,0.5110767483711243,1
proto,1,TCGA-G4-6588_MSIH,1,0.5149946808815002,1
proto,1,TCGA-NH-A50V_nonMSIH,0,0.49418336153030396,0
proto,1,TCGA-QG-A5YX_nonMSIH,0,0.4914732873439789,0
proto,2,TCGA-4N-A93T_nonMSIH,0,0.4955565631389618,0
proto,2,TCGA-A6-2685_nonMSIH,0,0.5003329515457153,1
proto,2,TCGA-A6-4107_nonMSIH,0,0.5051034092903137,1
proto,2,TCGA-A6-5665_MSIH,1,0.5122547149658203,1
proto,2,TCGA-A6-6648_nonMSIH,0,0.4999629259109497,0
proto,2,TCGA-A6-6653_MSIH,1,0.5081741809844971,1
proto,2,TCGA-A6-A56B_nonMSIH,0,0.4882202744483948,0
proto,2,TCGA-AA-3664_nonMSIH,0,0.47624126076698303,0
proto,2,TCGA-AA-3673_nonMSIH,0,0.475389689207077,0
proto,2,TCGA-AA-3681_nonMSIH,0,0.47811493277549744,0
proto,2,TCGA-AA-3692_nonMSIH,0,0.4738450348377228,0
proto,2,TCGA-AA-3811_MSIH,1,0.4745462238788605,0
proto,2,TCGA-AA-3821_MSIH,1,0.4788523316383362,0
proto,2,TCGA-AA-3842_nonMSIH,0,0.4735622704029083,0
proto,2,TCGA-AA-3845_MSIH,1,0.47953417897224426,0
proto,2,TCGA-AA-3856_nonMSIH,0,0.47021666169166565,0
proto,2,TCGA-AA-3877_MSIH,1,0.47870197892189026,0
proto,2,TCGA-AA-3950_MSIH,1,0.48164063692092896,0
proto,2,TCGA-AA-3966_MSIH,1,0.4795503616333008,0
proto,2,TCGA-AA-3968_nonMSIH,0,0.4745389521121979,0
proto,2,TCGA-AA-3976_nonMSIH,0,0.4748530089855194,0
proto,2,TCGA-AA-3986_nonMSIH,0,0.47161540389060974,0
proto,2,TCGA-AA-A02E_nonMSIH,0,0.47081175446510315,0
proto,2,TCGA-AA-A02O_nonMSIH,0,0.47428426146507263,0
proto,2,TCGA-AD-5900_MSIH,1,0.5114564299583435,1
proto,2,TCGA-AD-6889_MSIH,1,0.5076990127563477,1
proto,2,TCGA-AD-6965_nonMSIH,0,0.49593058228492737,0
proto,2,TCGA-AF-2690_nonMSIH,0,0.5050014853477478,1
proto,2,TCGA-AF-6655_nonMSIH,0,0.5023763179779053,1
proto,2,TCGA-AF-A56L_nonMSIH,0,0.4910738468170166,0
proto,2,TCGA-AF-A56N_nonMSIH,0,0.4884529411792755,0
proto,2,TCGA-AG-3894_nonMSIH,0,0.4736670255661011,0
proto,2,TCGA-AG-3902_nonMSIH,0,0.47233113646507263,0
proto,2,TCGA-AG-4015_nonMSIH,0,0.47239914536476135,0
proto,2,TCGA-AG-A002_nonMSIH,0,0.4768621623516083,0
proto,2,TCGA-AG-A00C_nonMSIH,0,0.47096332907676697,0
proto,2,TCGA-AG-A020_nonMSIH,0,0.47653496265411377,0
proto,2,TCGA-AG-A02X_nonMSIH,0,0.47532975673675537,0
proto,2,TCGA-AH-6547_nonMSIH,0,0.49695414304733276,0
proto,2,TCGA-AH-6644_nonMSIH,0,0.5076167583465576,1
proto,2,TCGA-AH-6897_nonMSIH,0,0.5003743171691895,1
proto,2,TCGA-AU-3779_nonMSIH,0,0.4909709095954895,0
proto,2,TCGA-AY-6386_nonMSIH,0,0.5107399821281433,1
proto,2,TCGA-AY-A54L_nonMSIH,0,0.4888380169868469,0
proto,2,TCGA-AY-A71X_nonMSIH,0,0.4951160252094269,0
proto,2,TCGA-AY-A8YK_nonMSIH,0,0.4891735017299652,0
proto,2,TCGA-AZ-4315_nonMSIH,0,0.5080538392066956,1
proto,2,TCGA-AZ-6598_MSIH,1,0.5156959295272827,1
proto,2,TCGA-AZ-6599_nonMSIH,0,0.5042132139205933,1
proto,2,TCGA-AZ-6606_nonMSIH,0,0.5099503397941589,1
proto,2,TCGA-CA-5254_nonMSIH,0,0.49920132756233215,0
proto,2,TCGA-CK-5915_nonMSIH,0,0.5029854774475098,1
proto,2,TCGA-CL-5918_nonMSIH,0,0.5094128847122192,1
proto,2,TCGA-CM-4747_nonMSIH,0,0.49909964203834534,0
proto,2,TCGA-CM-4750_nonMSIH,0,0.498379647731781,0
proto,2,TCGA-CM-4752_nonMSIH,0,0.5041295289993286,1
proto,2,TCGA-CM-5348_nonMSIH,0,0.5056337118148804,1
proto,2,TCGA-CM-5860_nonMSIH,0,0.5043175220489502,1
proto,2,TCGA-CM-5862_nonMSIH,0,0.5046938061714172,1
proto,2,TCGA-CM-5863_nonMSIH,0,0.5111581683158875,1
proto,2,TCGA-CM-5864_nonMSIH,0,0.5014130473136902,1
proto,2,TCGA-CM-6162_MSIH,1,0.5117952823638916,1
proto,2,TCGA-CM-6164_nonMSIH,0,0.5051062107086182,1
proto,2,TCGA-CM-6167_nonMSIH,0,0.5143319368362427,1
proto,2,TCGA-D5-5540_nonMSIH,0,0.5038761496543884,1
proto,2,TCGA-D5-5541_nonMSIH,0,0.5068637728691101,1
proto,2,TCGA-D5-6533_nonMSIH,0,0.5084506869316101,1
proto,2,TCGA-D5-6926_nonMSIH,0,0.5085267424583435,1
proto,2,TCGA-D5-6929_nonMSIH,0,0.50435471534729,1
proto,2,TCGA-DC-5337_nonMSIH,0,0.5047397017478943,1
proto,2,TCGA-DC-5869_nonMSIH,0,0.5034590363502502,1
proto,2,TCGA-DC-6154_MSIH,1,0.5070016384124756,1
proto,2,TCGA-DC-6155_nonMSIH,0,0.5008975267410278,1
proto,2,TCGA-DC-6158_nonMSIH,0,0.5080916881561279,1
proto,2,TCGA-DM-A1D0_nonMSIH,0,0.4896846413612366,0
proto,2,TCGA-DM-A1D4_nonMSIH,0,0.491764634847641,0
proto,2,TCGA-DM-A1DA_nonMSIH,0,0.4977434575557709,0
proto,2,TCGA-DM-A285_nonMSIH,0,0.4975162744522095,0
proto,2,TCGA-DM-A28F_nonMSIH,0,0.48896390199661255,0
proto,2,TCGA-DM-A28G_nonMSIH,0,0.4918377101421356,0
proto,2,TCGA-DM-A28M_nonMSIH,0,0.49462205171585083,0
proto,2,TCGA-DY-A1DF_nonMSIH,0,0.4901808202266693,0
proto,2,TCGA-DY-A1DG_nonMSIH,0,0.4924156069755554,0
proto,2,TCGA-EI-6509_nonMSIH,0,0.5019782185554504,1
proto,2,TCGA-EI-6881_nonMSIH,0,0.5026446580886841,1
proto,2,TCGA-EI-7004_nonMSIH,0,0.5084633231163025,1
proto,2,TCGA-F4-6463_nonMSIH,0,0.5066313147544861,1
proto,2,TCGA-F4-6807_nonMSIH,0,0.505410373210907,1
proto,2,TCGA-F4-6855_nonMSIH,0,0.5047272443771362,1
proto,2,TCGA-F5-6571_nonMSIH,0,0.5064804553985596,1
proto,2,TCGA-F5-6702_nonMSIH,0,0.4972492456436157,0
proto,2,TCGA-F5-6864_nonMSIH,0,0.5052926540374756,1
proto,2,TCGA-G4-6299_nonMSIH,0,0.5172677040100098,1
proto,2,TCGA-NH-A50U_nonMSIH,0,0.4992659091949463,0
proto,2,TCGA-NH-A6GC_nonMSIH,0,0.502785325050354,1
proto,2,TCGA-NH-A8F8_nonMSIH,0,0.4982551634311676,0
proto,2,TCGA-QG-A5YV_nonMSIH,0,0.4922814667224884,0
proto,3,TCGA-5M-AATE_nonMSIH,0,0.48611488938331604,0
proto,3,TCGA-A6-2681_nonMSIH,0,0.5028886198997498,1
proto,3,TCGA-A6-5666_nonMSIH,0,0.4960866868495941,0
proto,3,TCGA-A6-5667_nonMSIH,0,0.4922684133052826,0
proto,3,TCGA-A6-6138_nonMSIH,0,0.5049517750740051,1
proto,3,TCGA-A6-6142_nonMSIH,0,0.5038323998451233,1
proto,3,TCGA-A6-6649_nonMSIH,0,0.4955187737941742,0
proto,3,TCGA-AA-3667_nonMSIH,0,0.49578481912612915,0
proto,3,TCGA-AA-3715_MSIH,1,0.5036356449127197,1
proto,3,TCGA-AA-3819_nonMSIH,0,0.49230608344078064,0
proto,3,TCGA-AA-3844_nonMSIH,0,0.49475163221359253,0
proto,3,TCGA-AA-3848_nonMSIH,0,0.4964124858379364,0
proto,3,TCGA-AA-3852_nonMSIH,0,0.49546995759010315,0
proto,3,TCGA-AA-3858_nonMSIH,0,0.49561184644699097,0
proto,3,TCGA-AA-3864_MSIH,1,0.4980585277080536,0
proto,3,TCGA-AA-3956_nonMSIH,0,0.48870593309402466,0
proto,3,TCGA-AA-3973_nonMSIH,0,0.5002070069313049,1
proto,3,TCGA-AA-3975_nonMSIH,0,0.49611252546310425,0
proto,3,TCGA-AA-3989_nonMSIH,0,0.4957374632358551,0
proto,3,TCGA-AA-A010_nonMSIH,0,0.4997362196445465,0
proto,3,TCGA-AA-A01R_MSIH,1,0.49910011887550354,0
proto,3,TCGA-AA-A01T_nonMSIH,0,0.4935606122016907,0
proto,3,TCGA-AA-A01V_nonMSIH,0,0.49467524886131287,0
proto,3,TCGA-AA-A01Z_nonMSIH,0,0.4957191050052643,0
proto,3,TCGA-AA-A024_nonMSIH,0,0.4952135682106018,0
proto,3,TCGA-AA-A02F_nonMSIH,0,0.49842432141304016,0
proto,3,TCGA-AA-A02H_nonMSIH,0,0.49399834871292114,0
proto,3,TCGA-AA-A02Y_nonMSIH,0,0.49460259079933167,0
proto,3,TCGA-AA-A03F_nonMSIH,0,0.49219751358032227,0
proto,3,TCGA-AD-6548_nonMSIH,0,0.5029478073120117,1
proto,3,TCGA-AD-6890_nonMSIH,0,0.49601849913597107,0
proto,3,TCGA-AD-A5EJ_MSIH,1,0.4979168176651001,0
proto,3,TCGA-AD-A5EK_nonMSIH,0,0.4932478666305542,0
proto,3,TCGA-AF-3911_nonMSIH,0,0.5072710514068604,1
proto,3,TCGA-AF-A56K_nonMSIH,0,0.4929543435573578,0
proto,3,TCGA-AG-3882_nonMSIH,0,0.49207085371017456,0
proto,3,TCGA-AG-3883_nonMSIH,0,0.49637162685394287,0
proto,3,TCGA-AG-3887_nonMSIH,0,0.49498558044433594,0
proto,3,TCGA-AG-3890_nonMSIH,0,0.49531289935112,0
proto,3,TCGA-AG-3898_nonMSIH,0,0.494190514087677,0
proto,3,TCGA-AG-3901_nonMSIH,0,0.4931361675262451,0
proto,3,TCGA-AG-3909_nonMSIH,0,0.4964114725589752,0
proto,3,TCGA-AG-A016_nonMSIH,0,0.49711593985557556,0
proto,3,TCGA-AH-6643_nonMSIH,0,0.4991644620895386,0
proto,3,TCGA-AM-5820_nonMSIH,0,0.5035044550895691,1
proto,3,TCGA-AU-6004_MSIH,1,0.5034984946250916,1
proto,3,TCGA-AY-5543_nonMSIH,0,0.49673885107040405,0
proto,3,TCGA-AY-6197_MSIH,1,0.5027151703834534,1
proto,3,TCGA-AZ-4308_nonMSIH,0,0.5000699758529663,1
proto,3,TCGA-AZ-5407_nonMSIH,0,0.49954426288604736,0
proto,3,TCGA-AZ-6600_nonMSIH,0,0.5054639577865601,1
proto,3,TCGA-CA-5796_nonMSIH,0,0.4959025979042053,0
proto,3,TCGA-CA-6715_nonMSIH,0,0.49921467900276184,0
proto,3,TCGA-CA-6717_nonMSIH,0,0.5008662343025208,1
proto,3,TCGA-CK-4950_nonMSIH,0,0.5035696625709534,1
proto,3,TCGA-CK-4951_MSIH,1,0.505985677242279,1
proto,3,TCGA-CK-6746_MSIH,1,0.5033873915672302,1
proto,3,TCGA-CK-6751_nonMSIH,0,0.5028195977210999,1
proto,3,TCGA-CL-4957_nonMSIH,0,0.49402645230293274,0
proto,3,TCGA-CM-4746_MSIH,1,0.49791914224624634,0
proto,3,TCGA-CM-4751_nonMSIH,0,0.49851560592651367,0
proto,3,TCGA-CM-5341_nonMSIH,0,0.49651265144348145,0
proto,3,TCGA-CM-5861_MSIH,1,0.5064702033996582,1
proto,3,TCGA-CM-6161_nonMSIH,0,0.49362415075302124,0
proto,3,TCGA-CM-6170_nonMSIH,0,0.49406567215919495,0
proto,3,TCGA-CM-6171_MSIH,1,0.4965919554233551,0
proto,3,TCGA-CM-6674_MSIH,1,0.5055856108665466,1
proto,3,TCGA-CM-6676_nonMSIH,0,0.49240171909332275,0
proto,3,TCGA-CM-6677_nonMSIH,0,0.49571695923805237,0
proto,3,TCGA-CM-6679_nonMSIH,0,0.4940314292907715,0
proto,3,TCGA-D5-5539_nonMSIH,0,0.4953640103340149,0
proto,3,TCGA-D5-6530_MSIH,1,0.49961769580841064,0
proto,3,TCGA-D5-6536_nonMSIH,0,0.49839162826538086,0
proto,3,TCGA-D5-6928_MSIH,1,0.5013045072555542,1
proto,3,TCGA-D5-6930_MSIH,1,0.5016120672225952,1
proto,3,TCGA-D5-6932_nonMSIH,0,0.5002375245094299,1
proto,3,TCGA-DC-6681_nonMSIH,0,0.49502962827682495,0
proto,3,TCGA-DC-6683_nonMSIH,0,0.49551713466644287,0
proto,3,TCGA-DM-A0X9_nonMSIH,0,0.4863505959510803,0
proto,3,TCGA-DM-A0XD_nonMSIH,0,0.49675893783569336,0
proto,3,TCGA-DM-A0XF_nonMSIH,0,0.4907655417919159,0
proto,3,TCGA-DM-A1D7_nonMSIH,0,0.4865371286869049,0
proto,3,TCGA-DM-A1DB_nonMSIH,0,0.4922507703304291,0
proto,3,TCGA-DM-A1HA_nonMSIH,0,0.49177607893943787,0
proto,3,TCGA-DM-A28K_nonMSIH,0,0.4900650680065155,0
proto,3,TCGA-DT-5265_nonMSIH,0,0.5019725561141968,1
proto,3,TCGA-DY-A1DC_nonMSIH,0,0.48710930347442627,0
proto,3,TCGA-EI-6508_nonMSIH,0,0.4995478391647339,0
proto,3,TCGA-EI-6510_nonMSIH,0,0.49588367342948914,0
proto,3,TCGA-EI-6512_nonMSIH,0,0.5005032420158386,1
proto,3,TCGA-EI-6882_MSIH,1,0.4981120526790619,0
proto,3,TCGA-EI-6885_nonMSIH,0,0.4995681047439575,0
proto,3,TCGA-EI-7002_nonMSIH,0,0.49482348561286926,0
proto,3,TCGA-F4-6460_nonMSIH,0,0.49173563718795776,0
proto,3,TCGA-F4-6570_MSIH,1,0.5123963952064514,1
proto,3,TCGA-F4-6704_nonMSIH,0,0.4981525242328644,0
proto,3,TCGA-F4-6854_nonMSIH,0,0.4930526912212372,0
proto,3,TCGA-F4-6856_MSIH,1,0.5045804381370544,1
proto,3,TCGA-F5-6464_nonMSIH,0,0.5030245184898376,1
proto,3,TCGA-F5-6863_nonMSIH,0,0.49180856347084045,0
proto,3,TCGA-G4-6298_nonMSIH,0,0.4972999393939972,0
proto,3,TCGA-G4-6302_MSIH,1,0.5060437321662903,1
proto,3,TCGA-G4-6309_MSIH,1,0.504636287689209,1
proto,3,TCGA-G4-6315_nonMSIH,0,0.49530500173568726,0
proto,3,TCGA-G4-6317_nonMSIH,0,0.49848824739456177,0
proto,3,TCGA-G4-6626_nonMSIH,0,0.498104453086853,0
proto,3,TCGA-G4-6627_nonMSIH,0,0.4978964626789093,0
proto,3,TCGA-G5-6641_nonMSIH,0,0.500050961971283,1
proto,3,TCGA-NH-A50T_nonMSIH,0,0.4944431483745575,0
proto,3,TCGA-NH-A6GB_nonMSIH,0,0.4944111406803131,0
proto,3,TCGA-QG-A5Z1_nonMSIH,0,0.4920514225959778,0
proto,3,TCGA-SS-A7HO_nonMSIH,0,0.49162256717681885,0
proto,4,TCGA-3L-AA1B_nonMSIH,0,0.48346254229545593,0
proto,4,TCGA-A6-4105_nonMSIH,0,0.5037854909896851,1
proto,4,TCGA-A6-5657_nonMSIH,0,0.5063663721084595,1
proto,4,TCGA-A6-5660_nonMSIH,0,0.5033774971961975,1
proto,4,TCGA-A6-5662_nonMSIH,0,0.5024939179420471,1
proto,4,TCGA-A6-5664_nonMSIH,0,0.5037660002708435,1
proto,4,TCGA-A6-A566_nonMSIH,0,0.49409499764442444,0
proto,4,TCGA-AA-3666_nonMSIH,0,0.49115005135536194,0
proto,4,TCGA-AA-3678_nonMSIH,0,0.49052906036376953,0
proto,4,TCGA-AA-3696_nonMSIH,0,0.4916553199291229,0
proto,4,TCGA-AA-3814_nonMSIH,0,0.4915219843387604,0
proto,4,TCGA-AA-3846_nonMSIH,0,0.4919167459011078,0
proto,4,TCGA-AA-3851_nonMSIH,0,0.4918361306190491,0
proto,4,TCGA-AA-3855_nonMSIH,0,0.49263790249824524,0
proto,4,TCGA-AA-3952_nonMSIH,0,0.4938682019710541,0
proto,4,TCGA-AA-3971_nonMSIH,0,0.4884525537490845,0
proto,4,TCGA-AA-3982_nonMSIH,0,0.4910658299922943,0
proto,4,TCGA-AA-A01P_MSIH,1,0.4973750114440918,0
proto,4,TCGA-AA-A03J_nonMSIH,0,0.4892127513885498,0
proto,4,TCGA-AD-6964_MSIH,1,0.5115029811859131,1
proto,4,TCGA-AF-2693_nonMSIH,0,0.5031256675720215,1
proto,4,TCGA-AF-6672_nonMSIH,0,0.5006054639816284,1
proto,4,TCGA-AG-3727_nonMSIH,0,0.4892257750034332,0
proto,4,TCGA-AG-3885_nonMSIH,0,0.4916473627090454,0
proto,4,TCGA-AG-3893_nonMSIH,0,0.4907565414905548,0
proto,4,TCGA-AG-3896_nonMSIH,0,0.4904821813106537,0
proto,4,TCGA-AG-4001_nonMSIH,0,0.4925439953804016,0
proto,4,TCGA-AG-4008_nonMSIH,0,0.49267858266830444,0
proto,4,TCGA-AG-A015_nonMSIH,0,0.49204227328300476,0
proto,4,TCGA-AG-A01L_nonMSIH,0,0.4922563135623932,0
proto,4,TCGA-AG-A01N_nonMSIH,0,0.49233776330947876,0
proto,4,TCGA-AG-A01Y_nonMSIH,0,0.4932328462600708,0
proto,4,TCGA-AG-A026_nonMSIH,0,0.49203938245773315,0
proto,4,TCGA-AH-6544_nonMSIH,0,0.5023766160011292,1
proto,4,TCGA-AM-5821_MSIH,1,0.5064964294433594,1
proto,4,TCGA-AY-4070_nonMSIH,0,0.5029518604278564,1
proto,4,TCGA-AY-4071_nonMSIH,0,0.503408670425415,1
proto,4,TCGA-AZ-4616_nonMSIH,0,0.5044899582862854,1
proto,4,TCGA-AZ-4681_nonMSIH,0,0.4997837543487549,0
proto,4,TCGA-AZ-4682_nonMSIH,0,0.4966001808643341,0
proto,4,TCGA-AZ-5403_nonMSIH,0,0.4927634298801422,0
proto,4,TCGA-AZ-6605_nonMSIH,0,0.4991554915904999,0
proto,4,TCGA-CA-5256_nonMSIH,0,0.49324142932891846,0
proto,4,TCGA-CA-6716_nonMSIH,0,0.4934980273246765,0
proto,4,TCGA-CA-6718_nonMSIH,0,0.503814697265625,1
proto,4,TCGA-CA-6719_nonMSIH,0,0.49497783184051514,0
proto,4,TCGA-CI-6622_nonMSIH,0,0.5025932192802429,1
proto,4,TCGA-CK-4948_nonMSIH,0,0.5050121545791626,1
proto,4,TCGA-CK-4952_nonMSIH,0,0.5097457766532898,1
proto,4,TCGA-CK-5912_nonMSIH,0,0.49764788150787354,0
proto,4,TCGA-CK-5913_MSIH,1,0.509682297706604,1
proto,4,TCGA-CK-5914_nonMSIH,0,0.49978145956993103,0
proto,4,TCGA-CK-6747_MSIH,1,0.5048583149909973,1
proto,4,TCGA-CK-6748_nonMSIH,0,0.5012785792350769,1
proto,4,TCGA-CM-5349_nonMSIH,0,0.4997432827949524,0
proto,4,TCGA-CM-6163_nonMSIH,0,0.5022649765014648,1
proto,4,TCGA-CM-6166_nonMSIH,0,0.49459701776504517,0
proto,4,TCGA-CM-6168_nonMSIH,0,0.5063979029655457,1
proto,4,TCGA-CM-6169_nonMSIH,0,0.4958059787750244,0
proto,4,TCGA-CM-6172_nonMSIH,0,0.4999299943447113,0
proto,4,TCGA-CM-6675_nonMSIH,0,0.5012613534927368,1
proto,4,TCGA-D5-5538_nonMSIH,0,0.4999369978904724,0
proto,4,TCGA-D5-6532_nonMSIH,0,0.49827200174331665,0
proto,4,TCGA-D5-6535_nonMSIH,0,0.5033648610115051,1
proto,4,TCGA-D5-6537_nonMSIH,0,0.5016072392463684,1
proto,4,TCGA-D5-6538_nonMSIH,0,0.5005099177360535,1
proto,4,TCGA-D5-6920_nonMSIH,0,0.5045009255409241,1
proto,4,TCGA-D5-6922_nonMSIH,0,0.5022202730178833,1
proto,4,TCGA-D5-6924_nonMSIH,0,0.5061060786247253,1
proto,4,TCGA-DC-4745_nonMSIH,0,0.4961778223514557,0
proto,4,TCGA-DC-4749_nonMSIH,0,0.4935249388217926,0
proto,4,TCGA-DC-6157_nonMSIH,0,0.49493783712387085,0
proto,4,TCGA-DC-6160_nonMSIH,0,0.493544340133667,0
proto,4,TCGA-DM-A1D9_nonMSIH,0,0.4870542883872986,0
proto,4,TCGA-DM-A282_nonMSIH,0,0.4857458472251892,0
proto,4,TCGA-DY-A0XA_nonMSIH,0,0.4780130088329315,0
proto,4,TCGA-EF-5830_nonMSIH,0,0.49547600746154785,0
proto,4,TCGA-EI-6511_nonMSIH,0,0.4980192482471466,0
proto,4,TCGA-EI-6513_nonMSIH,0,0.5007239580154419,1
proto,4,TCGA-EI-6884_nonMSIH,0,0.5049225687980652,1
proto,4,TCGA-F4-6459_nonMSIH,0,0.49876677989959717,0
proto,4,TCGA-F4-6461_nonMSIH,0,0.5045986771583557,1
proto,4,TCGA-F4-6569_nonMSIH,0,0.499362975358963,0
proto,4,TCGA-F4-6703_MSIH,1,0.5007641315460205,1
proto,4,TCGA-F4-6805_nonMSIH,0,0.49864116311073303,0
proto,4,TCGA-F4-6806_nonMSIH,0,0.49146831035614014,0
proto,4,TCGA-G4-6294_nonMSIH,0,0.49604591727256775,0
proto,4,TCGA-G4-6295_nonMSIH,0,0.5055072903633118,1
proto,4,TCGA-G4-6303_nonMSIH,0,0.4975809156894684,0
proto,4,TCGA-G4-6304_MSIH,1,0.5060994625091553,1
proto,4,TCGA-G4-6306_nonMSIH,0,0.49660158157348633,0
proto,4,TCGA-G4-6307_nonMSIH,0,0.4931345283985138,0
proto,4,TCGA-G4-6320_MSIH,1,0.49843984842300415,0
proto,4,TCGA-G4-6321_nonMSIH,0,0.5050092935562134,1
proto,4,TCGA-G4-6628_MSIH,1,0.5058202147483826,1
proto,4,TCGA-NH-A5IV_MSIH,1,0.49260762333869934,0
proto,4,TCGA-NH-A6GA_nonMSIH,0,0.4860634505748749,0
proto,4,TCGA-QG-A5YW_nonMSIH,0,0.4946238100528717,0
proto,4,TCGA-QG-A5Z2_MSIH,1,0.4928036332130432,0
proto,4,TCGA-QL-A97D_nonMSIH,0,0.48838502168655396,0
proto,4,TCGA-WS-AB45_MSIH,1,0.4995231032371521,0
rf,1,TCGA-5M-AAT4_nonMSIH,0,0.12928613322161706,0
rf,1,TCGA-5M-AAT6_MSIH,1,0.1675939114648792,0
rf,1,TCGA-A6-2671_nonMSIH,0,0.0916,0
rf,1,TCGA-A6-2686_MSIH,1,0.16119367588932806,0
rf,1,TCGA-A6-3807_nonMSIH,0,0.1579047619047619,0
rf,1,TCGA-A6-5661_MSIH,1,0.17149234505332067,0
rf,1,TCGA-A6-6137_nonMSIH,0,0.12195121951219512,0
rf,1,TCGA-A6-6651_nonMSIH,0,0.08280307192807193,0
rf,1,TCGA-A6-6652_nonMSIH,0,0.147875,0
rf,1,TCGA-A6-6654_nonMSIH,0,0.06181818181818182,0
rf,1,TCGA-A6-A565_nonMSIH,0,0.13325802314497315,0
rf,1,TCGA-A6-A567_nonMSIH,0,0.13567461430575037,0
rf,1,TCGA-AA-3679_nonMSIH,0,0.1659047619047619,0
rf,1,TCGA-AA-3680_nonMSIH,0,0.13774500768049153,0
rf,1,TCGA-AA-3684_nonMSIH,0,0.23787096774193547,0
rf,1,TCGA-AA-3688_nonMSIH,0,0.04777976190476191,0
rf,1,TCGA-AA-3693_nonMSIH,0,0.124,0
rf,1,TCGA-AA-3812_nonMSIH,0,0.08375,0
rf,1,TCGA-AA-3818_nonMSIH,0,0.10781818181818181,0
rf,1,TCGA-AA-3831_nonMSIH,0,0.047375494071146246,0
rf,1,TCGA-AA-3833_MSIH,1,0.2978181818181818,0
rf,1,TCGA-AA-3837_nonMSIH,0,0.059904761904761905,0
rf,1,TCGA-AA-3850_nonMSIH,0,0.08380952380952379,0
rf,1,TCGA-AA-3854_nonMSIH,0,0.11152058316458363,0
rf,1,TCGA-AA-3866_nonMSIH,0,0.12169318181818181,0
rf,1,TCGA-AA-3867_nonMSIH,0,0.13593548387096774,0
rf,1,TCGA-AA-3875_nonMSIH,0,0.0976277056277056,0
rf,1,TCGA-AA-3947_MSIH,1,0.3116049516580826,1
rf,1,TCGA-AA-3949_MSIH,1,0.507904761904762,1
rf,1,TCGA-AA-3979_nonMSIH,0,0.095875,0
rf,1,TCGA-AA-3984_nonMSIH,0,0.12318503823816918,0
rf,1,TCGA-AA-3994_nonMSIH,0,0.18755731225296443,0
rf,1,TCGA-AA-A01S_nonMSIH,0,0.104,0
rf,1,TCGA-AA-A01X_nonMSIH,0,0.098,0
rf,1,TCGA-AD-6888_nonMSIH,0,0.10993548387096774,0
rf,1,TCGA-AD-6901_nonMSIH,0,0.1558095238095238,0
rf,1,TCGA-AD-6963_nonMSIH,0,0.12544239631336404,0
rf,1,TCGA-AF-2687_nonMSIH,0,0.07899621212121212,0
rf,1,TCGA-AF-4110_nonMSIH,0,0.07784024577572964,0
rf,1,TCGA-AF-6136_nonMSIH,0,0.10529479123027509,0
rf,1,TCGA-AG-3726_nonMSIH,0,0.05,0
rf,1,TCGA-AG-3878_nonMSIH,0,0.19907201813531733,0
rf,1,TCGA-AG-3892_nonMSIH,0,0.13761794276145148,0
rf,1,TCGA-AG-4021_nonMSIH,0,0.16892789538102632,0
rf,1,TCGA-AG-4022_nonMSIH,0,0.16571592539454805,0
rf,1,TCGA-AG-A008_nonMSIH,0,0.08152713178294574,0
rf,1,TCGA-AG-A011_nonMSIH,0,0.18381818181818183,0
rf,1,TCGA-AG-A01W_nonMSIH,0,0.13741777736924352,0
rf,1,TCGA-AG-A02N_MSIH,1,0.18779146528792476,0
rf,1,TCGA-AH-6903_nonMSIH,0,0.2679354838709677,0
rf,1,TCGA-AY-6196_nonMSIH,0,0.2856666666666666,0
rf,1,TCGA-AY-A69D_nonMSIH,0,0.06915731225296443,0
rf,1,TCGA-AZ-4614_nonMSIH,0,0.14945454545454545,0
rf,1,TCGA-AZ-4615_MSIH,1,0.24370488520134467,0
rf,1,TCGA-AZ-6603_nonMSIH,0,0.05984024577572965,0
rf,1,TCGA-CA-5255_nonMSIH,0,0.1476845238095238,0
rf,1,TCGA-CA-5797_nonMSIH,0,0.0736891495601173,0
rf,1,TCGA-CI-6624_nonMSIH,0,0.13354112554112552,0
rf,1,TCGA-CK-4947_nonMSIH,0,0.21738961038961035,0
rf,1,TCGA-CK-5916_MSIH,1,0.36993548387096775,1
rf,1,TCGA-CL-5917_nonMSIH,0,0.11542033235581624,0
rf,1,TCGA-CM-4743_MSIH,1,0.2351855268715025,0
rf,1,TCGA-CM-4744_nonMSIH,0,0.1599512195121951,0
rf,1,TCGA-CM-5344_nonMSIH,0,0.19955731225296444,0
rf,1,TCGA-CM-5868_nonMSIH,0,0.08694692264257482,0
rf,1,TCGA-CM-6165_nonMSIH,0,0.16765842759391145,0
rf,1,TCGA-CM-6678_nonMSIH,0,0.15312050175163777,0
rf,1,TCGA-D5-5537_nonMSIH,0,0.09787096774193549,0
rf,1,TCGA-D5-6529_nonMSIH,0,0.1376363636363636,0
rf,1,TCGA-D5-6531_nonMSIH,0,0.14144239631336405,0
rf,1,TCGA-D5-6534_nonMSIH,0,0.1651675004846121,0
rf,1,TCGA-D5-6539_nonMSIH,0,0.149875,0
rf,1,TCGA-D5-6540_MSIH,1,0.18686017331196153,0
rf,1,TCGA-D5-6541_nonMSIH,0,0.1817229437229437,0
rf,1,TCGA-D5-6898_nonMSIH,0,0.08518555900621118,0
rf,1,TCGA-D5-6927_MSIH,1,0.2857057919942171,0
rf,1,TCGA-D5-6931_nonMSIH,0,0.20996078431372547,0
rf,1,TCGA-DC-6682_nonMSIH,0,0.15754112554112554,0
rf,1,TCGA-DM-A1D6_nonMSIH,0,0.0714881707439847,0
rf,1,TCGA-DM-A1D8_nonMSIH,0,0.057860465116279076,0
rf,1,TCGA-DM-A280_nonMSIH,0,0.10372294372294373,0
rf,1,TCGA-DM-A288_nonMSIH,0,0.06366666666666666,0
rf,1,TCGA-DM-A28A_nonMSIH,0,0.05957937621051226,0
rf,1,TCGA-DM-A28E_nonMSIH,0,0.03773913043478261,0
rf,1,TCGA-DM-A28H_nonMSIH,0,0.07590476190476189,0
rf,1,TCGA-DY-A1DD_nonMSIH,0,0.06765072964669738,0
rf,1,TCGA-EI-6506_nonMSIH,0,0.10971524577572964,0
rf,1,TCGA-EI-6507_MSIH,1,0.33785598141695705,1
rf,1,TCGA-EI-6514_nonMSIH,0,0.05955731225296442,0
rf,1,TCGA-EI-6883_nonMSIH,0,0.08177572964669738,0
rf,1,TCGA-F4-6808_nonMSIH,0,0.05972294372294372,0
rf,1,TCGA-F4-6809_nonMSIH,0,0.11993548387096774,0
rf,1,TCGA-F5-6465_nonMSIH,0,0.082,0
rf,1,TCGA-F5-6811_nonMSIH,0,0.1476845238095238,0
rf,1,TCGA-G4-6293_nonMSIH,0,0.12967416323513886,0
rf,1,TCGA-G4-6297_nonMSIH,0,0.1298095238095238,0
rf,1,TCGA-G4-6311_nonMSIH,0,0.18393548387096775,0
rf,1,TCGA-G4-6322_nonMSIH,0,0.2598095238095239,0
rf,1,TCGA-G4-6323_nonMSIH,0,0.1419047619047619,0
rf,1,TCGA-G4-6586_MSIH,1,0.41590476190476194,1
rf,1,TCGA-G4-6588_MSIH,1,0.486,1
rf,1,TCGA-NH-A50V_nonMSIH,0,0.1228373527338122,0
rf,1,TCGA-QG-A5YX_nonMSIH,0,0.0658095238095238,0
rf,2,TCGA-4N-A93T_nonMSIH,0,0.10480012329658278,0
rf,2,TCGA-A6-2685_nonMSIH,0,0.06934128097241703,0
rf,2,TCGA-A6-4107_nonMSIH,0,0.082,0
rf,2,TCGA-A6-5665_MSIH,1,0.3190166957026713,1
rf,2,TCGA-A6-6648_nonMSIH,0,0.08328025597590814,0
rf,2,TCGA-A6-6653_MSIH,1,0.2316363636363636,0
rf,2,TCGA-A6-A56B_nonMSIH,0,0.037511363636363634,0
rf,2,TCGA-AA-3664_nonMSIH,0,0.0770952380952381,0
rf,2,TCGA-AA-3673_nonMSIH,0,0.08115946279059884,0
rf,2,TCGA-AA-3681_nonMSIH,0,0.0596,0
rf,2,TCGA-AA-3692_nonMSIH,0,0.07572294372294372,0
rf,2,TCGA-AA-3811_MSIH,1,0.09915901171998732,0
rf,2,TCGA-AA-3821_MSIH,1,0.10569622719268668,0
rf,2,TCGA-AA-3842_nonMSIH,0,0.04393548387096775,0
rf,2,TCGA-AA-3845_MSIH,1,0.20894388939262878,0
rf,2,TCGA-AA-3856_nonMSIH,0,0.024,0
rf,2,TCGA-AA-3877_MSIH,1,0.12143739372581876,0
rf,2,TCGA-AA-3950_MSIH,1,0.20226236532284922,0
rf,2,TCGA-AA-3966_MSIH,1,0.16796459099572703,0
rf,2,TCGA-AA-3968_nonMSIH,0,0.04773913043478261,0
rf,2,TCGA-AA-3976_nonMSIH,0,0.06,0
rf,2,TCGA-AA-3986_nonMSIH,0,0.07363636363636362,0
rf,2,TCGA-AA-A02E_nonMSIH,0,0.025875,0
rf,2,TCGA-AA-A02O_nonMSIH,0,0.05186554621848739,0
rf,2,TCGA-AD-5900_MSIH,1,0.31460938286519685,1
rf,2,TCGA-AD-6889_MSIH,1,0.12181818181818181,0
rf,2,TCGA-AD-6965_nonMSIH,0,0.08793548387096774,0
rf,2,TCGA-AF-2690_nonMSIH,0,0.06563636363636365,0
rf,2,TCGA-AF-6655_nonMSIH,0,0.08957937621051226,0
rf,2,TCGA-AF-A56L_nonMSIH,0,0.06763636363636362,0
rf,2,TCGA-AF-A56N_nonMSIH,0,0.07923430735930737,0
rf,2,TCGA-AG-3894_nonMSIH,0,0.04981818181818181,0
rf,2,TCGA-AG-3902_nonMSIH,0,0.08155731225296442,0
rf,2,TCGA-AG-4015_nonMSIH,0,0.0412921272276111,0
rf,2,TCGA-AG-A002_nonMSIH,0,0.12880367101169587,0
rf,2,TCGA-AG-A00C_nonMSIH,0,0.01,0
rf,2,TCGA-AG-A020_nonMSIH,0,0.11740667175961292,0
rf,2,TCGA-AG-A02X_nonMSIH,0,0.037700189753320686,0
rf,2,TCGA-AH-6547_nonMSIH,0,0.0834771505376344,0
rf,2,TCGA-AH-6644_nonMSIH,0,0.15155731225296443,0
rf,2,TCGA-AH-6897_nonMSIH,0,0.13575366568914957,0
rf,2,TCGA-AU-3779_nonMSIH,0,0.061875,0
rf,2,TCGA-AY-6386_nonMSIH,0,0.19953246753246753,0
rf,2,TCGA-AY-A54L_nonMSIH,0,0.04595121951219512,0
rf,2,TCGA-AY-A71X_nonMSIH,0,0.16488249656847218,0
rf,2,TCGA-AY-A8YK_nonMSIH,0,0.047554531490015366,0
rf,2,TCGA-AZ-4315_nonMSIH,0,0.1734634899414311,0
rf,2,TCGA-AZ-6598_MSIH,1,0.3694435645655157,1
rf,2,TCGA-AZ-6599_nonMSIH,0,0.15766666666666665,0
rf,2,TCGA-AZ-6606_nonMSIH,0,0.09381818181818181,0
rf,2,TCGA-CA-5254_nonMSIH,0,0.08356534994697773,0
rf,2,TCGA-CK-5915_nonMSIH,0,0.0852239789196311,0
rf,2,TCGA-CL-5918_nonMSIH,0,0.10155731225296442,0
rf,2,TCGA-CM-4747_nonMSIH,0,0.10147574487991365,0
rf,2,TCGA-CM-4750_nonMSIH,0,0.06193548387096774,0
rf,2,TCGA-CM-4752_nonMSIH,0,0.08181818181818182,0
rf,2,TCGA-CM-5348_nonMSIH,0,0.06329644268774703,0
rf,2,TCGA-CM-5860_nonMSIH,0,0.1054228584714518,0
rf,2,TCGA-CM-5862_nonMSIH,0,0.18969015683769783,0
rf,2,TCGA-CM-5863_nonMSIH,0,0.2354191709156304,0
rf,2,TCGA-CM-5864_nonMSIH,0,0.05973913043478261,0
rf,2,TCGA-CM-6162_MSIH,1,0.29353246753246753,0
rf,2,TCGA-CM-6164_nonMSIH,0,0.08975366568914955,0
rf,2,TCGA-CM-6167_nonMSIH,0,0.24102484472049687,0
rf,2,TCGA-D5-5540_nonMSIH,0,0.08566666666666667,0
rf,2,TCGA-D5-5541_nonMSIH,0,0.07769318181818181,0
rf,2,TCGA-D5-6533_nonMSIH,0,0.12943231225296445,0
rf,2,TCGA-D5-6926_nonMSIH,0,0.20755731225296445,0
rf,2,TCGA-D5-6929_nonMSIH,0,0.044,0
rf,2,TCGA-DC-5337_nonMSIH,0,0.055636363636363644,0
rf,2,TCGA-DC-5869_nonMSIH,0,0.07772294372294372,0
rf,2,TCGA-DC-6154_MSIH,1,0.08161413080542863,0
rf,2,TCGA-DC-6155_nonMSIH,0,0.05973913043478261,0
rf,2,TCGA-DC-6158_nonMSIH,0,0.14973913043478262,0
rf,2,TCGA-DM-A1D0_nonMSIH,0,0.05973913043478261,0
rf,2,TCGA-DM-A1D4_nonMSIH,0,0.06772294372294373,0
rf,2,TCGA-DM-A1DA_nonMSIH,0,0.11918501788067004,0
rf,2,TCGA-DM-A285_nonMSIH,0,0.12748484848484848,0
rf,2,TCGA-DM-A28F_nonMSIH,0,0.04366666666666667,0
rf,2,TCGA-DM-A28G_nonMSIH,0,0.06181818181818182,0
rf,2,TCGA-DM-A28M_nonMSIH,0,0.07748484848484848,0
rf,2,TCGA-DY-A1DF_nonMSIH,0,0.046,0
rf,2,TCGA-DY-A1DG_nonMSIH,0,0.041090909090909095,0
rf,2,TCGA-EI-6509_nonMSIH,0,0.13548484848484849,0
rf,2,TCGA-EI-6881_nonMSIH,0,0.12897764460878064,0
rf,2,TCGA-EI-7004_nonMSIH,0,0.33976170338316286,1
rf,2,TCGA-F4-6463_nonMSIH,0,0.18361788617886177,0
rf,2,TCGA-F4-6807_nonMSIH,0,0.13174500768049155,0
rf,2,TCGA-F4-6855_nonMSIH,0,0.19698962487657484,0
rf,2,TCGA-F5-6571_nonMSIH,0,0.10181818181818181,0
rf,2,TCGA-F5-6702_nonMSIH,0,0.09595121951219512,0
rf,2,TCGA-F5-6864_nonMSIH,0,0.1310717212638329,0
rf,2,TCGA-G4-6299_nonMSIH,0,0.3638181818181818,1
rf,2,TCGA-NH-A50U_nonMSIH,0,0.15159511185173963,0
rf,2,TCGA-NH-A6GC_nonMSIH,0,0.22563636363636363,0
rf,2,TCGA-NH-A8F8_nonMSIH,0,0.11336734505332066,0
rf,2,TCGA-QG-A5YV_nonMSIH,0,0.08107998069408724,0
rf,3,TCGA-5M-AATE_nonMSIH,0,0.046,0
rf,3,TCGA-A6-2681_nonMSIH,0,0.16510289430065028,0
rf,3,TCGA-A6-5666_nonMSIH,0,0.08193442622950821,0
rf,3,TCGA-A6-5667_nonMSIH,0,0.072,0
rf,3,TCGA-A6-6138_nonMSIH,0,0.2696891495601173,0
rf,3,TCGA-A6-6142_nonMSIH,0,0.1558181818181818,0
rf,3,TCGA-A6-6649_nonMSIH,0,0.09363636363636364,0
rf,3,TCGA-AA-3667_nonMSIH,0,0.073875,0
rf,3,TCGA-AA-3715_MSIH,1,0.39747394540942926,1
rf,3,TCGA-AA-3819_nonMSIH,0,0.03173913043478261,0
rf,3,TCGA-AA-3844_nonMSIH,0,0.06581818181818182,0
rf,3,TCGA-AA-3848_nonMSIH,0,0.056,0
rf,3,TCGA-AA-3852_nonMSIH,0,0.08559714795008912,0
rf,3,TCGA-AA-3858_nonMSIH,0,0.05590731485688323,0
rf,3,TCGA-AA-3864_MSIH,1,0.21393548387096775,0
rf,3,TCGA-AA-3956_nonMSIH,0,0.027818181818181822,0
rf,3,TCGA-AA-3973_nonMSIH,0,0.2086346596951435,0
rf,3,TCGA-AA-3975_nonMSIH,0,0.139875,0
rf,3,TCGA-AA-3989_nonMSIH,0,0.07101989540152319,0
rf,3,TCGA-AA-A010_nonMSIH,0,0.163875,0
rf,3,TCGA-AA-A01R_MSIH,1,0.23322397891963106,0
rf,3,TCGA-AA-A01T_nonMSIH,0,0.06993548387096775,0
rf,3,TCGA-AA-A01V_nonMSIH,0,0.094,0
rf,3,TCGA-AA-A01Z_nonMSIH,0,0.12173913043478261,0
rf,3,TCGA-AA-A024_nonMSIH,0,0.09372294372294371,0
rf,3,TCGA-AA-A02F_nonMSIH,0,0.0979607843137255,0
rf,3,TCGA-AA-A02H_nonMSIH,0,0.05,0
rf,3,TCGA-AA-A02Y_nonMSIH,0,0.05981818181818181,0
rf,3,TCGA-AA-A03F_nonMSIH,0,0.046,0
rf,3,TCGA-AD-6548_nonMSIH,0,0.135310977942114,0
rf,3,TCGA-AD-6890_nonMSIH,0,0.1075693636523885,0
rf,3,TCGA-AD-A5EJ_MSIH,1,0.1335180965666899,0
rf,3,TCGA-AD-A5EK_nonMSIH,0,0.07470083802359401,0
rf,3,TCGA-AF-3911_nonMSIH,0,0.2035691056910569,0
rf,3,TCGA-AF-A56K_nonMSIH,0,0.06763636363636363,0
rf,3,TCGA-AG-3882_nonMSIH,0,0.035753665689149554,0
rf,3,TCGA-AG-3883_nonMSIH,0,0.09193548387096774,0
rf,3,TCGA-AG-3887_nonMSIH,0,0.035348945409429275,0
rf,3,TCGA-AG-3890_nonMSIH,0,0.04547660941209328,0
rf,3,TCGA-AG-3898_nonMSIH,0,0.05922397891963109,0
rf,3,TCGA-AG-3901_nonMSIH,0,0.021636363636363638,0
rf,3,TCGA-AG-3909_nonMSIH,0,0.1277229437229437,0
rf,3,TCGA-AG-A016_nonMSIH,0,0.088,0
rf,3,TCGA-AH-6643_nonMSIH,0,0.12319382252684737,0
rf,3,TCGA-AM-5820_nonMSIH,0,0.22303159878468604,0
rf,3,TCGA-AU-6004_MSIH,1,0.29,0
rf,3,TCGA-AY-5543_nonMSIH,0,0.18358758314855875,0
rf,3,TCGA-AY-6197_MSIH,1,0.2774927961239322,0
rf,3,TCGA-AZ-4308_nonMSIH,0,0.16973913043478261,0
rf,3,TCGA-AZ-5407_nonMSIH,0,0.1155641495601173,0
rf,3,TCGA-AZ-6600_nonMSIH,0,0.23385598141695702,0
rf,3,TCGA-CA-5796_nonMSIH,0,0.08132509426057813,0
rf,3,TCGA-CA-6715_nonMSIH,0,0.0937391304347826,0
rf,3,TCGA-CA-6717_nonMSIH,0,0.1078095238095238,0
rf,3,TCGA-CK-4950_nonMSIH,0,0.2758181818181818,0
rf,3,TCGA-CK-4951_MSIH,1,0.2817391304347826,0
rf,3,TCGA-CK-6746_MSIH,1,0.2192625454705703,0
rf,3,TCGA-CK-6751_nonMSIH,0,0.28193548387096773,0
rf,3,TCGA-CL-4957_nonMSIH,0,0.048,0
rf,3,TCGA-CM-4746_MSIH,1,0.10515287517531557,0
rf,3,TCGA-CM-4751_nonMSIH,0,0.222,0
rf,3,TCGA-CM-5341_nonMSIH,0,0.1232130758442119,0
rf,3,TCGA-CM-5861_MSIH,1,0.22,0
rf,3,TCGA-CM-6161_nonMSIH,0,0.0879047619047619,0
rf,3,TCGA-CM-6170_nonMSIH,0,0.06754112554112555,0
rf,3,TCGA-CM-6171_MSIH,1,0.15537549407114626,0
rf,3,TCGA-CM-6674_MSIH,1,0.27790476190476193,0
rf,3,TCGA-CM-6676_nonMSIH,0,0.0699047619047619,0
rf,3,TCGA-CM-6677_nonMSIH,0,0.112,0
rf,3,TCGA-CM-6679_nonMSIH,0,0.06912215320910972,0
rf,3,TCGA-D5-5539_nonMSIH,0,0.08353763440860217,0
rf,3,TCGA-D5-6530_MSIH,1,0.18395121951219512,0
rf,3,TCGA-D5-6536_nonMSIH,0,0.14937549407114625,0
rf,3,TCGA-D5-6928_MSIH,1,0.13766666666666666,0
rf,3,TCGA-D5-6930_MSIH,1,0.18250853176515952,0
rf,3,TCGA-D5-6932_nonMSIH,0,0.11748484848484848,0
rf,3,TCGA-DC-6681_nonMSIH,0,0.09393548387096774,0
rf,3,TCGA-DC-6683_nonMSIH,0,0.08947826086956522,0
rf,3,TCGA-DM-A0X9_nonMSIH,0,0.036,0
rf,3,TCGA-DM-A0XD_nonMSIH,0,0.08955731225296443,0
rf,3,TCGA-DM-A0XF_nonMSIH,0,0.0657391304347826,0
rf,3,TCGA-DM-A1D7_nonMSIH,0,0.024,0
rf,3,TCGA-DM-A1DB_nonMSIH,0,0.06781818181818182,0
rf,3,TCGA-DM-A1HA_nonMSIH,0,0.08486179263472476,0
rf,3,TCGA-DM-A28K_nonMSIH,0,0.09342827999489992,0
rf,3,TCGA-DT-5265_nonMSIH,0,0.1298181818181818,0
rf,3,TCGA-DY-A1DC_nonMSIH,0,0.0637391304347826,0
rf,3,TCGA-EI-6508_nonMSIH,0,0.09163636363636363,0
rf,3,TCGA-EI-6510_nonMSIH,0,0.1056021505376344,0
rf,3,TCGA-EI-6512_nonMSIH,0,0.14193548387096774,0
rf,3,TCGA-EI-6882_MSIH,1,0.08115386672489458,0
rf,3,TCGA-EI-6885_nonMSIH,0,0.09561788617886179,0
rf,3,TCGA-EI-7002_nonMSIH,0,0.04135581622678396,0
rf,3,TCGA-F4-6460_nonMSIH,0,0.048,0
rf,3,TCGA-F4-6570_MSIH,1,0.447875,1
rf,3,TCGA-F4-6704_nonMSIH,0,0.16372294372294374,0
rf,3,TCGA-F4-6854_nonMSIH,0,0.09581818181818182,0
rf,3,TCGA-F4-6856_MSIH,1,0.22143231225296445,0
rf,3,TCGA-F5-6464_nonMSIH,0,0.222,0
rf,3,TCGA-F5-6863_nonMSIH,0,0.06390476190476191,0
rf,3,TCGA-G4-6298_nonMSIH,0,0.12360357675111774,0
rf,3,TCGA-G4-6302_MSIH,1,0.3679047619047619,1
rf,3,TCGA-G4-6309_MSIH,1,0.4118221872541306,1
rf,3,TCGA-G4-6315_nonMSIH,0,0.0859047619047619,0
rf,3,TCGA-G4-6317_nonMSIH,0,0.15963636363636363,0
rf,3,TCGA-G4-6626_nonMSIH,0,0.1579672131147541,0
rf,3,TCGA-G4-6627_nonMSIH,0,0.1336999147485081,0
rf,3,TCGA-G5-6641_nonMSIH,0,0.2559512195121951,0
rf,3,TCGA-NH-A50T_nonMSIH,0,0.13350833865587963,0
rf,3,TCGA-NH-A6GB_nonMSIH,0,0.07769015683769782,0
rf,3,TCGA-QG-A5Z1_nonMSIH,0,0.07373913043478261,0
rf,3,TCGA-SS-A7HO_nonMSIH,0,0.06720821114369502,0
rf,4,TCGA-3L-AA1B_nonMSIH,0,0.041658427593911466,0
rf,4,TCGA-A6-4105_nonMSIH,0,0.10727159796725014,0
rf,4,TCGA-A6-5657_nonMSIH,0,0.15569318181818181,0
rf,4,TCGA-A6-5660_nonMSIH,0,0.11958758314855875,0
rf,4,TCGA-A6-5662_nonMSIH,0,0.18375366568914955,0
rf,4,TCGA-A6-5664_nonMSIH,0,0.21385598141695703,0
rf,4,TCGA-A6-A566_nonMSIH,0,0.11986554621848738,0
rf,4,TCGA-AA-3666_nonMSIH,0,0.09910596649727084,0
rf,4,TCGA-AA-3678_nonMSIH,0,0.07184024577572964,0
rf,4,TCGA-AA-3696_nonMSIH,0,0.07972294372294372,0
rf,4,TCGA-AA-3814_nonMSIH,0,0.06981818181818181,0
rf,4,TCGA-AA-3846_nonMSIH,0,0.06754050522648083,0
rf,4,TCGA-AA-3851_nonMSIH,0,0.075310977942114,0
rf,4,TCGA-AA-3855_nonMSIH,0,0.08975366568914955,0
rf,4,TCGA-AA-3952_nonMSIH,0,0.22581048387096775,0
rf,4,TCGA-AA-3971_nonMSIH,0,0.05762770562770563,0
rf,4,TCGA-AA-3982_nonMSIH,0,0.0739047619047619,0
rf,4,TCGA-AA-A01P_MSIH,1,0.38773098141695705,1
rf,4,TCGA-AA-A03J_nonMSIH,0,0.086,0
rf,4,TCGA-AD-6964_MSIH,1,0.36930637254901955,1
rf,4,TCGA-AF-2693_nonMSIH,0,0.14119701813531738,0
rf,4,TCGA-AF-6672_nonMSIH,0,0.1452153209109731,0
rf,4,TCGA-AG-3727_nonMSIH,0,0.07976940133037694,0
rf,4,TCGA-AG-3885_nonMSIH,0,0.05976940133037694,0
rf,4,TCGA-AG-3893_nonMSIH,0,0.05581818181818182,0
rf,4,TCGA-AG-3896_nonMSIH,0,0.05755731225296443,0
rf,4,TCGA-AG-4001_nonMSIH,0,0.07154112554112554,0
rf,4,TCGA-AG-4008_nonMSIH,0,0.1298181818181818,0
rf,4,TCGA-AG-A015_nonMSIH,0,0.06515875242102452,0
rf,4,TCGA-AG-A01L_nonMSIH,0,0.09112757938420717,0
rf,4,TCGA-AG-A01N_nonMSIH,0,0.05958758314855876,0
rf,4,TCGA-AG-A01Y_nonMSIH,0,0.1372488439976271,0
rf,4,TCGA-AG-A026_nonMSIH,0,0.1037797619047619,0
rf,4,TCGA-AH-6544_nonMSIH,0,0.13336683606248823,0
rf,4,TCGA-AM-5821_MSIH,1,0.20091716073781293,0
rf,4,TCGA-AY-4070_nonMSIH,0,0.19100322005635098,0
rf,4,TCGA-AY-4071_nonMSIH,0,0.18751136363636361,0
rf,4,TCGA-AZ-4616_nonMSIH,0,0.24,0
rf,4,TCGA-AZ-4681_nonMSIH,0,0.1478095238095238,0
rf,4,TCGA-AZ-4682_nonMSIH,0,0.0878709677419355,0
rf,4,TCGA-AZ-5403_nonMSIH,0,0.102,0
rf,4,TCGA-AZ-6605_nonMSIH,0,0.08584024577572964,0
rf,4,TCGA-CA-5256_nonMSIH,0,0.04898851417399805,0
rf,4,TCGA-CA-6716_nonMSIH,0,0.06532509426057813,0
rf,4,TCGA-CA-6718_nonMSIH,0,0.12919185518782292,0
rf,4,TCGA-CA-6719_nonMSIH,0,0.06720779220779222,0
rf,4,TCGA-CI-6622_nonMSIH,0,0.1499047619047619,0
rf,4,TCGA-CK-4948_nonMSIH,0,0.15170121951219512,0
rf,4,TCGA-CK-4952_nonMSIH,0,0.36574929643527204,1
rf,4,TCGA-CK-5912_nonMSIH,0,0.1217229437229437,0
rf,4,TCGA-CK-5913_MSIH,1,0.3518181818181818,1
rf,4,TCGA-CK-5914_nonMSIH,0,0.08780952380952381,0
rf,4,TCGA-CK-6747_MSIH,1,0.1919047619047619,0
rf,4,TCGA-CK-6748_nonMSIH,0,0.1932911255411255,0
rf,4,TCGA-CM-5349_nonMSIH,0,0.18376940133037692,0
rf,4,TCGA-CM-6163_nonMSIH,0,0.196,0
rf,4,TCGA-CM-6166_nonMSIH,0,0.11731106799704362,0
rf,4,TCGA-CM-6168_nonMSIH,0,0.301874296435272,1
rf,4,TCGA-CM-6169_nonMSIH,0,0.08328025597590814,0
rf,4,TCGA-CM-6172_nonMSIH,0,0.10527272727272727,0
rf,4,TCGA-CM-6675_nonMSIH,0,0.18988670338316285,0
rf,4,TCGA-D5-5538_nonMSIH,0,0.13506867588932805,0
rf,4,TCGA-D5-6532_nonMSIH,0,0.09765842759391147,0
rf,4,TCGA-D5-6535_nonMSIH,0,0.11766946778711485,0
rf,4,TCGA-D5-6537_nonMSIH,0,0.12363636363636363,0
rf,4,TCGA-D5-6538_nonMSIH,0,0.188,0
rf,4,TCGA-D5-6920_nonMSIH,0,0.14793548387096775,0
rf,4,TCGA-D5-6922_nonMSIH,0,0.14959391146487921,0
rf,4,TCGA-D5-6924_nonMSIH,0,0.19154865424430642,0
rf,4,TCGA-DC-4745_nonMSIH,0,0.0659607843137255,0
rf,4,TCGA-DC-4749_nonMSIH,0,0.06973913043478261,0
rf,4,TCGA-DC-6157_nonMSIH,0,0.059532467532467534,0
rf,4,TCGA-DC-6160_nonMSIH,0,0.04920724612680722,0
rf,4,TCGA-DM-A1D9_nonMSIH,0,0.049557312252964426,0
rf,4,TCGA-DM-A282_nonMSIH,0,0.039753665689149564,0
rf,4,TCGA-DY-A0XA_nonMSIH,0,0.01964440133037694,0
rf,4,TCGA-EF-5830_nonMSIH,0,0.086,0
rf,4,TCGA-EI-6511_nonMSIH,0,0.19372294372294374,0
rf,4,TCGA-EI-6513_nonMSIH,0,0.12570018975332067,0
rf,4,TCGA-EI-6884_nonMSIH,0,0.21767416323513883,0
rf,4,TCGA-F4-6459_nonMSIH,0,0.115875,0
rf,4,TCGA-F4-6461_nonMSIH,0,0.248,0
rf,4,TCGA-F4-6569_nonMSIH,0,0.10773913043478262,0
rf,4,TCGA-F4-6703_MSIH,1,0.178,0
rf,4,TCGA-F4-6805_nonMSIH,0,0.12967461430575036,0
rf,4,TCGA-F4-6806_nonMSIH,0,0.07173913043478261,0
rf,4,TCGA-G4-6294_nonMSIH,0,0.0973933715715025,0
rf,4,TCGA-G4-6295_nonMSIH,0,0.21393548387096775,0
rf,4,TCGA-G4-6303_nonMSIH,0,0.1019047619047619,0
rf,4,TCGA-G4-6304_MSIH,1,0.2713173963133641,0
rf,4,TCGA-G4-6306_nonMSIH,0,0.08966666666666666,0
rf,4,TCGA-G4-6307_nonMSIH,0,0.0695180965666899,0
rf,4,TCGA-G4-6320_MSIH,1,0.124,0
rf,4,TCGA-G4-6321_nonMSIH,0,0.2719607843137255,0
rf,4,TCGA-G4-6628_MSIH,1,0.2732077922077922,0
rf,4,TCGA-NH-A5IV_MSIH,1,0.06149680155988096,0
rf,4,TCGA-NH-A6GA_nonMSIH,0,0.035904761904761905,0
rf,4,TCGA-QG-A5YW_nonMSIH,0,0.1436096471061066,0
rf,4,TCGA-QG-A5Z2_MSIH,1,0.08795121951219512,0
rf,4,TCGA-QL-A97D_nonMSIH,0,0.039541125541125544,0
rf,4,TCGA-WS-AB45_MSIH,1,0.23585598141695702,0
