classifier,fold,WSI_ID,target,prob_pos,pred_at_0.5
lin,1,SR1482_40X_HE_T029_01,0,4.926731974968482e-05,0
lin,1,SR1482_40X_HE_T029_02,0,0.008387794532196078,0
lin,1,SR1482_40X_HE_T057_01,0,9.203221173110157e-10,0
lin,1,SR1482_40X_HE_T063_01,1,0.9862014060367229,1
lin,1,SR1482_40X_HE_T063_02,1,0.0031669632675853845,0
lin,1,SR1482_40X_HE_T065_01,0,0.5517545141112729,1
lin,1,SR1482_40X_HE_T065_02,0,0.0625877554377775,0
lin,1,SR1482_40X_HE_T066_01,0,0.9993373848440306,1
lin,1,SR1482_40X_HE_T066_02,0,0.943504818144512,1
lin,1,SR1482_40X_HE_T068_01,0,0.00034578510705381697,0
lin,1,SR1482_40X_HE_T069_01,0,1.7678180859986806e-08,0
lin,1,SR1482_40X_HE_T069_02,0,1.924931561939328e-07,0
lin,1,SR1482_40X_HE_T079_01,1,0.09939126003130647,0
lin,1,SR1482_40X_HE_T079_02,1,0.024885649262373973,0
lin,1,SR1482_40X_HE_T080_01,0,9.141178621677206e-07,0
lin,1,SR1482_40X_HE_T080_02,0,5.77860243662269e-07,0
lin,1,SR1482_40X_HE_T081_01,0,9.60812828673671e-07,0
lin,1,SR1482_40X_HE_T081_02,0,0.0004415307547353753,0
lin,1,SR1482_40X_HE_T099_01,0,1.0754391125636408e-06,0
lin,1,SR1482_40X_HE_T116_01,0,6.4382905390623e-05,0
lin,1,SR1482_40X_HE_T117_01,0,2.127643266460699e-05,0
lin,1,SR1482_40X_HE_T117_02,0,0.00016173532900588017,0
lin,1,SR1482_40X_HE_T126_01,0,0.3182719774357482,0
lin,1,SR1482_40X_HE_T129_01,0,0.7443275710538155,1
lin,1,SR1482_40X_HE_T129_02,0,0.987681361568887,1
lin,1,SR1482_40X_HE_T139_01,0,0.015553745004035776,0
lin,1,SR1482_40X_HE_T139_02,0,0.2108082344545039,0
lin,1,SR1482_40X_HE_T147_01,0,0.6608650802094307,1
lin,1,SR1482_40X_HE_T147_02,0,0.9999991041422801,1
lin,1,SR1482_40X_HE_T159_01,0,0.16712619277257346,0
lin,1,SR1482_40X_HE_T159_02,0,0.0004940790817041865,0
lin,1,SR1482_40X_HE_T192_01,0,8.453103272083507e-07,0
lin,1,SR1482_40X_HE_T199_01,0,4.358500351032621e-05,0
lin,1,SR1482_40X_HE_T304_01,0,0.000506311358234177,0
lin,1,SR1482_40X_HE_T304_02,0,0.001066614486769302,0
lin,1,SR1482_40X_HE_T310_01,1,0.02844717350378935,0
lin,1,SR1482_40X_HE_T310_02,1,0.5518660842102833,1
lin,1,SR1482_40X_HE_T341_01,0,2.5890393652621314e-12,0
lin,1,SR1482_40X_HE_T341_02,0,5.958382348767125e-10,0
lin,1,SR1482_40X_HE_T353_01,0,5.971981562186402e-05,0
lin,1,SR1482_40X_HE_T390_01,0,0.00044021493215688675,0
lin,1,SR1482_40X_HE_T433_01,1,0.421930937347959,0
lin,1,SR386_40X_HE_T003_01,0,0.002580913785748,0
lin,1,SR386_40X_HE_T004_01,0,0.06586501424980559,0
lin,1,SR386_40X_HE_T022_01,1,0.9426903384761492,1
lin,1,SR386_40X_HE_T030_01,0,9.408776652933895e-05,0
lin,1,SR386_40X_HE_T033_01,0,0.0001719209573168384,0
lin,1,SR386_40X_HE_T036_01,0,0.0001102936293454432,0
lin,1,SR386_40X_HE_T038_01,0,0.000132358052272525,0
lin,1,SR386_40X_HE_T049_01,0,1.6156826591722833e-07,0
lin,1,SR386_40X_HE_T050_01,0,5.6881544587782314e-08,0
lin,1,SR386_40X_HE_T060_01,0,0.0003476991005021298,0
lin,1,SR386_40X_HE_T063_01,0,0.0988193561797295,0
lin,1,SR386_40X_HE_T066_01,0,1.0523947637613276e-05,0
lin,1,SR386_40X_HE_T069_01,0,0.002271386502790583,0
lin,1,SR386_40X_HE_T072_01,0,0.0006336301780817805,0
lin,1,SR386_40X_HE_T074_01,0,0.0002962231189639321,0
lin,1,SR386_40X_HE_T078_01,0,0.0001642171799822888,0
lin,1,SR386_40X_HE_T079_01,0,1.026854526552155e-11,0
lin,1,SR386_40X_HE_T092_01,1,0.001844493327251835,0
lin,1,SR386_40X_HE_T096_01,0,8.578493289315941e-09,0
lin,1,SR386_40X_HE_T099_01,0,1.1416387392342497e-05,0
lin,1,SR386_40X_HE_T103_01,0,1.0639715691718974e-10,0
lin,1,SR386_40X_HE_T108_01,0,0.005566688874114385,0
lin,1,SR386_40X_HE_T113_01,0,1.5622089349667703e-05,0
lin,1,SR386_40X_HE_T114_01,0,0.0020391926479807723,0
lin,1,SR386_40X_HE_T119_01,0,0.0025410765352165956,0
lin,1,SR386_40X_HE_T126_01,0,9.383795230190932e-08,0
lin,1,SR386_40X_HE_T130_01,0,8.557053156422814e-07,0
lin,1,SR386_40X_HE_T131_01,0,0.0014355257607618394,0
lin,1,SR386_40X_HE_T135_01,0,0.2858447011512685,0
lin,1,SR386_40X_HE_T140_01,0,0.0003057989392527661,0
lin,1,SR386_40X_HE_T144_01,0,0.01023066864616704,0
lin,1,SR386_40X_HE_T147_01,0,0.0012203860257917894,0
lin,1,SR386_40X_HE_T148_01,0,2.0871387008435403e-06,0
lin,1,SR386_40X_HE_T160_01,0,0.0009519070953642949,0
lin,1,SR386_40X_HE_T169_01,0,1.2737888656822874e-10,0
lin,1,SR386_40X_HE_T170_01,1,0.040669225687734345,0
lin,1,SR386_40X_HE_T172_01,0,0.9275181917000337,1
lin,1,SR386_40X_HE_T174_01,0,0.0006225240355302004,0
lin,1,SR386_40X_HE_T181_01,0,3.459159634865506e-05,0
lin,1,SR386_40X_HE_T196_01,0,3.761825966285168e-08,0
lin,1,SR386_40X_HE_T205_01,0,0.19878021904300894,0
lin,1,SR386_40X_HE_T209_01,0,1.9945145124594806e-07,0
lin,1,SR386_40X_HE_T210_01,0,0.2917399540777407,0
lin,1,SR386_40X_HE_T212_01,0,6.583043938057303e-09,0
lin,1,SR386_40X_HE_T221_01,0,2.0230898742294766e-09,0
lin,1,SR386_40X_HE_T224_01,0,3.6390127277428804e-07,0
lin,1,SR386_40X_HE_T231_01,1,0.2638239719378033,0
lin,1,SR386_40X_HE_T232_01,0,6.035059392488029e-08,0
lin,1,SR386_40X_HE_T247_01,0,3.801884001275654e-06,0
lin,1,SR386_40X_HE_T252_01,0,2.906197033282324e-07,0
lin,1,SR386_40X_HE_T255_01,0,1.3344408511885617e-07,0
lin,1,SR386_40X_HE_T259_01,1,3.9967344860982604e-05,0
lin,1,SR386_40X_HE_T274_01,0,7.65377346151428e-09,0
lin,1,SR386_40X_HE_T275_01,0,0.412254815352087,0
lin,1,SR386_40X_HE_T282_01,0,8.03451809762532e-08,0
lin,1,SR386_40X_HE_T294_01,0,0.02564470683919707,0
lin,1,SR386_40X_HE_T311_01,0,0.00025607980608371414,0
lin,1,SR386_40X_HE_T315_01,0,3.799633970482465e-05,0
lin,1,SR386_40X_HE_T319_01,1,6.501612625369851e-05,0
lin,1,SR386_40X_HE_T324_01,1,0.025455095330232595,0
lin,1,SR386_40X_HE_T330_01,0,9.512198468540144e-09,0
lin,1,SR386_40X_HE_T333_01,0,6.761606291991541e-06,0
lin,1,SR386_40X_HE_T335_01,0,1.161124178010067e-08,0
lin,1,SR386_40X_HE_T337_01,0,0.012642621460303097,0
lin,1,SR386_40X_HE_T344_01,0,0.0006967984873451413,0
lin,1,SR386_40X_HE_T347_01,0,3.706691097676078e-05,0
lin,1,SR386_40X_HE_T350_01,0,3.950288164630621e-06,0
lin,1,SR386_40X_HE_T351_01,0,9.007504404468689e-07,0
lin,1,SR386_40X_HE_T360_01,0,5.2174292150411704e-05,0
lin,1,SR386_40X_HE_T361_01,0,1.0430564117304145e-06,0
lin,1,SR386_40X_HE_T366_01,0,0.0008478415110055076,0
lin,1,SR386_40X_HE_T377_01,1,0.9768007351139665,1
lin,1,SR386_40X_HE_T384_01,0,1.5302493347831998e-05,0
lin,1,SR386_40X_HE_T395_01,0,6.203138302074148e-07,0
lin,1,SR386_40X_HE_T396_01,0,3.6008067612216533e-07,0
lin,1,SR386_40X_HE_T401_01,0,0.01123437134078234,0
lin,1,SR386_40X_HE_T408_01,0,9.801557351166798e-08,0
lin,1,SR386_40X_HE_T410_01,0,0.0002898157277851863,0
lin,1,SR386_40X_HE_T413_01,0,0.0005902730385227494,0
lin,1,SR386_40X_HE_T416_01,0,8.524410835445422e-07,0
lin,1,SR386_40X_HE_T418_01,0,8.73604747402455e-08,0
lin,1,SR386_40X_HE_T419_01,0,0.008202935372019595,0
lin,1,SR386_40X_HE_T421_01,0,2.813826440133364e-07,0
lin,1,SR386_40X_HE_T423_01,0,0.01102375310651686,0
lin,1,SR386_40X_HE_T428_01,0,3.002285965676279e-07,0
lin,1,SR386_40X_HE_T430_01,0,0.004276967653887506,0
lin,1,SR386_40X_HE_T431_01,0,0.005451901142088177,0
lin,1,SR386_40X_HE_T435_01,0,0.05974759552730211,0
lin,1,SR386_40X_HE_T438_01,0,0.0702601728895961,0
lin,1,SR386_40X_HE_T439_01,0,8.095546899317115e-06,0
lin,1,SR386_40X_HE_T447_01,0,1.2729832214007178e-07,0
lin,1,SR386_40X_HE_T449_01,0,1.4691188030259992e-08,0
lin,1,SR386_40X_HE_T454_01,0,1.844152254358631e-05,0
lin,1,SR386_40X_HE_T456_01,0,5.7527480940826556e-11,0
lin,1,SR386_40X_HE_T461_01,0,2.0568047165662306e-06,0
lin,1,SR386_40X_HE_T462_01,0,1.6592604725577072e-07,0
lin,1,SR386_40X_HE_T468_01,0,4.977536245076978e-08,0
lin,1,SR386_40X_HE_T469_01,1,0.0018316142310347702,0
lin,1,SR386_40X_HE_T470_01,0,3.669329149767844e-05,0
lin,1,SR386_40X_HE_T471_01,0,9.416077605198493e-10,0
lin,1,SR386_40X_HE_T477_01,0,0.0013519637098587678,0
lin,1,SR386_40X_HE_T480_01,0,0.0009493378081763287,0
lin,1,SR386_40X_HE_T484_01,0,0.0016078983227428166,0
lin,1,SR386_40X_HE_T495_01,0,3.0790244408745674e-11,0
lin,1,SR386_40X_HE_T496_01,0,2.3928731332678648e-08,0
lin,1,SR386_40X_HE_T498_01,0,0.6105749780865354,1
lin,1,SR386_40X_HE_T504_01,0,7.986949061444366e-09,0
lin,1,SR386_40X_HE_T511_01,0,2.7885313217300317e-05,0
lin,1,SR386_40X_HE_T517_01,0,0.39692498713037083,0
lin,1,SR386_40X_HE_T523_01,0,5.794810841312045e-05,0
lin,1,SR386_40X_HE_T529_01,0,4.612169262824864e-05,0
lin,1,SR386_40X_HE_T542_01,0,6.831062542701783e-08,0
lin,1,SR386_40X_HE_T569_01,0,0.0006233954305753439,0
lin,1,SR386_40X_HE_T582_01,0,1.963551873852775e-06,0
lin,2,SR1482_40X_HE_T009_01,0,1.6035872888496361e-13,0
lin,2,SR1482_40X_HE_T009_02,0,6.507332525639026e-08,0
lin,2,SR1482_40X_HE_T015_01,0,2.2650066002313066e-05,0
lin,2,SR1482_40X_HE_T021_01,0,0.0004603644979752818,0
lin,2,SR1482_40X_HE_T067_01,0,0.46158784773478917,0
lin,2,SR1482_40X_HE_T075_01,0,2.1804879117135838e-06,0
lin,2,SR1482_40X_HE_T075_02,0,0.0002554148417958401,0
lin,2,SR1482_40X_HE_T098_01,0,0.09218507316218494,0
lin,2,SR1482_40X_HE_T098_02,0,2.457854543625507e-06,0
lin,2,SR1482_40X_HE_T102_01,0,0.17765415521749275,0
lin,2,SR1482_40X_HE_T123_01,0,0.00011424916189567317,0
lin,2,SR1482_40X_HE_T142_01,0,7.112364311718412e-10,0
lin,2,SR1482_40X_HE_T146_01,0,0.9906006009067578,1
lin,2,SR1482_40X_HE_T148_01,0,0.010854173053057324,0
lin,2,SR1482_40X_HE_T148_02,0,1.9830138441594164e-06,0
lin,2,SR1482_40X_HE_T154_01,0,0.00012798239206583404,0
lin,2,SR1482_40X_HE_T158_01,0,0.001151463800897783,0
lin,2,SR1482_40X_HE_T161_01,0,0.00027160433154949825,0
lin,2,SR1482_40X_HE_T161_02,0,3.5993806159928496e-06,0
lin,2,SR1482_40X_HE_T164_01,1,2.208513681391462e-07,0
lin,2,SR1482_40X_HE_T164_02,1,0.015262441377370728,0
lin,2,SR1482_40X_HE_T168_01,0,0.6597352116061048,1
lin,2,SR1482_40X_HE_T171_01,0,1.1875432813372663e-05,0
lin,2,SR1482_40X_HE_T171_02,0,0.00047111524905406923,0
lin,2,SR1482_40X_HE_T178_01,1,6.630707326360942e-06,0
lin,2,SR1482_40X_HE_T186_01,0,2.873330525758921e-11,0
lin,2,SR1482_40X_HE_T193_01,0,0.028742500901141135,0
lin,2,SR1482_40X_HE_T193_02,0,0.9998124949856071,1
lin,2,SR1482_40X_HE_T209_01,0,2.3618700594106783e-07,0
lin,2,SR1482_40X_HE_T209_02,0,0.7661097725433154,1
lin,2,SR1482_40X_HE_T245_01,0,0.00010051052715007656,0
lin,2,SR1482_40X_HE_T245_02,0,1.1867561507243469e-07,0
lin,2,SR1482_40X_HE_T265_01,0,5.49627185594763e-06,0
lin,2,SR1482_40X_HE_T302_01,0,0.8525360283854349,1
lin,2,SR1482_40X_HE_T343_01,1,6.165757110806748e-07,0
lin,2,SR1482_40X_HE_T343_02,1,1.5835031851704417e-05,0
lin,2,SR1482_40X_HE_T399_01,0,8.960687571366929e-05,0
lin,2,SR1482_40X_HE_T399_02,0,3.48832344679406e-05,0
lin,2,SR1482_40X_HE_T426_01,0,2.3496026183511444e-05,0
lin,2,SR1482_40X_HE_T426_02,0,2.9107526981493937e-07,0
lin,2,SR386_40X_HE_T001_01,0,0.028763571441627233,0
lin,2,SR386_40X_HE_T013_01,0,2.3023569351675117e-06,0
lin,2,SR386_40X_HE_T018_01,0,0.00025549583112621874,0
lin,2,SR386_40X_HE_T019_01,0,1.9637344389925775e-06,0
lin,2,SR386_40X_HE_T024_01,0,5.383617441198798e-10,0
lin,2,SR386_40X_HE_T039_01,0,6.85455766138581e-09,0
lin,2,SR386_40X_HE_T040_01,1,0.973839936324384,1
lin,2,SR386_40X_HE_T042_01,0,0.034681512737448184,0
lin,2,SR386_40X_HE_T047_01,0,8.927176651983611e-07,0
lin,2,SR386_40X_HE_T051_01,0,9.05384490141647e-10,0
lin,2,SR386_40X_HE_T052_01,0,4.097584213518838e-05,0
lin,2,SR386_40X_HE_T056_01,0,4.45453690452362e-05,0
lin,2,SR386_40X_HE_T057_01,0,0.0001830067271411775,0
lin,2,SR386_40X_HE_T070_01,0,3.0359345102259673e-06,0
lin,2,SR386_40X_HE_T082_01,0,0.0006460713790083312,0
lin,2,SR386_40X_HE_T084_01,0,7.199670455359771e-07,0
lin,2,SR386_40X_HE_T087_01,0,0.2977790726133607,0
lin,2,SR386_40X_HE_T088_01,0,0.0076460890562135096,0
lin,2,SR386_40X_HE_T098_01,0,0.0017913413916568028,0
lin,2,SR386_40X_HE_T105_01,0,4.729957250761953e-05,0
lin,2,SR386_40X_HE_T122_01,0,1.7363060705767324e-08,0
lin,2,SR386_40X_HE_T123_01,0,0.006582129615077747,0
lin,2,SR386_40X_HE_T133_01,0,5.522516935584063e-11,0
lin,2,SR386_40X_HE_T145_01,0,0.019118991197630962,0
lin,2,SR386_40X_HE_T150_01,0,0.017924091703986345,0
lin,2,SR386_40X_HE_T152_01,0,0.0005844611850131289,0
lin,2,SR386_40X_HE_T155_01,0,0.0002456407323622745,0
lin,2,SR386_40X_HE_T157_01,0,6.45621334037815e-08,0
lin,2,SR386_40X_HE_T164_01,0,1.3755925169190618e-05,0
lin,2,SR386_40X_HE_T166_01,0,7.172226204923388e-05,0
lin,2,SR386_40X_HE_T176_01,1,0.9876549897272874,1
lin,2,SR386_40X_HE_T177_01,0,6.874730239130047e-08,0
lin,2,SR386_40X_HE_T178_01,0,0.04009917148923671,0
lin,2,SR386_40X_HE_T187_01,0,8.516166944029497e-07,0
lin,2,SR386_40X_HE_T190_01,0,2.383782234583177e-09,0
lin,2,SR386_40X_HE_T192_01,0,6.096876853252499e-09,0
lin,2,SR386_40X_HE_T198_01,0,1.1003661039638701e-07,0
lin,2,SR386_40X_HE_T200_01,0,0.10597729745365939,0
lin,2,SR386_40X_HE_T206_01,1,0.006961062865181609,0
lin,2,SR386_40X_HE_T211_01,0,2.624912638391619e-08,0
lin,2,SR386_40X_HE_T213_01,0,1.0379373322486359e-08,0
lin,2,SR386_40X_HE_T214_01,0,9.309742707653825e-06,0
lin,2,SR386_40X_HE_T220_01,0,4.415219778192116e-07,0
lin,2,SR386_40X_HE_T230_01,1,0.954296674098963,1
lin,2,SR386_40X_HE_T236_01,0,1.5011677141693904e-05,0
lin,2,SR386_40X_HE_T237_01,0,1.4236220418669326e-08,0
lin,2,SR386_40X_HE_T240_01,0,2.7913786366356005e-06,0
lin,2,SR386_40X_HE_T241_01,0,9.4832234702303e-06,0
lin,2,SR386_40X_HE_T242_01,0,0.00012398509711732136,0
lin,2,SR386_40X_HE_T253_01,0,2.527542710534008e-07,0
lin,2,SR386_40X_HE_T260_01,0,0.0003596222997515606,0
lin,2,SR386_40X_HE_T262_01,0,3.231984368956225e-06,0
lin,2,SR386_40X_HE_T264_01,0,0.10202416434166621,0
lin,2,SR386_40X_HE_T271_01,0,2.935338093135213e-07,0
lin,2,SR386_40X_HE_T281_01,0,5.28837736395311e-09,0
lin,2,SR386_40X_HE_T297_01,0,8.487277918456384e-09,0
lin,2,SR386_40X_HE_T299_01,0,8.881245414511064e-05,0
lin,2,SR386_40X_HE_T301_01,0,1.3102454135525645e-09,0
lin,2,SR386_40X_HE_T306_01,0,7.984860463841582e-05,0
lin,2,SR386_40X_HE_T309_01,0,1.4742318817717734e-05,0
lin,2,SR386_40X_HE_T314_01,0,3.209414819493864e-05,0
lin,2,SR386_40X_HE_T316_01,0,0.01738166087119546,0
lin,2,SR386_40X_HE_T318_01,0,4.273865631913733e-07,0
lin,2,SR386_40X_HE_T321_01,0,0.0026425785442178626,0
lin,2,SR386_40X_HE_T326_01,0,8.873702126426398e-07,0
lin,2,SR386_40X_HE_T327_01,0,2.6795372619074597e-10,0
lin,2,SR386_40X_HE_T332_01,1,6.26061049866726e-05,0
lin,2,SR386_40X_HE_T355_01,0,2.2934787085285796e-05,0
lin,2,SR386_40X_HE_T364_01,0,0.0002453738766969685,0
lin,2,SR386_40X_HE_T368_01,1,5.801869818491435e-07,0
lin,2,SR386_40X_HE_T374_01,0,6.0490679001586334e-06,0
lin,2,SR386_40X_HE_T380_01,0,8.928420653141028e-07,0
lin,2,SR386_40X_HE_T382_01,0,5.94699376880961e-07,0
lin,2,SR386_40X_HE_T392_01,0,5.365131623853716e-06,0
lin,2,SR386_40X_HE_T398_01,0,2.264297729296706e-07,0
lin,2,SR386_40X_HE_T402_01,1,0.0034850701198922787,0
lin,2,SR386_40X_HE_T404_01,0,4.0562587347820926e-07,0
lin,2,SR386_40X_HE_T415_01,0,4.2658238008334744e-10,0
lin,2,SR386_40X_HE_T417_01,0,2.6087104276335106e-08,0
lin,2,SR386_40X_HE_T425_01,0,4.566318196784031e-06,0
lin,2,SR386_40X_HE_T436_01,1,1.8688386253270608e-07,0
lin,2,SR386_40X_HE_T437_01,0,3.364401209609888e-08,0
lin,2,SR386_40X_HE_T440_01,0,2.9643813621031666e-05,0
lin,2,SR386_40X_HE_T445_01,0,0.006041436078518411,0
lin,2,SR386_40X_HE_T450_01,0,5.603991707689992e-05,0
lin,2,SR386_40X_HE_T459_01,0,1.465236293070072e-09,0
lin,2,SR386_40X_HE_T472_01,0,9.537550935512098e-06,0
lin,2,SR386_40X_HE_T481_01,0,0.5941015230000486,1
lin,2,SR386_40X_HE_T483_01,0,0.0003131234978619381,0
lin,2,SR386_40X_HE_T486_01,0,0.014512956412321124,0
lin,2,SR386_40X_HE_T488_01,0,9.889157442666182e-12,0
lin,2,SR386_40X_HE_T499_01,0,1.2816948120120833e-06,0
lin,2,SR386_40X_HE_T507_01,0,1.0273772781256758e-05,0
lin,2,SR386_40X_HE_T514_01,0,8.191474361800464e-07,0
lin,2,SR386_40X_HE_T520_01,1,2.0430435914933383e-06,0
lin,2,SR386_40X_HE_T522_01,0,0.00015250352168634764,0
lin,2,SR386_40X_HE_T531_01,0,0.00031609773200211674,0
lin,2,SR386_40X_HE_T535_01,0,3.9060284834258855e-12,0
lin,2,SR386_40X_HE_T539_01,0,0.0004849404504391605,0
lin,2,SR386_40X_HE_T549_01,0,7.1561877825193435e-09,0
lin,2,SR386_40X_HE_T552_01,0,3.7745845031484133e-06,0
lin,2,SR386_40X_HE_T553_01,0,0.0012146848824095308,0
lin,2,SR386_40X_HE_T554_01,0,5.155146884648592e-14,0
lin,2,SR386_40X_HE_T558_01,0,2.211696817617278e-05,0
lin,2,SR386_40X_HE_T564_01,0,5.147306968767281e-09,0
lin,2,SR386_40X_HE_T570_01,0,4.3746762398976955e-05,0
lin,2,SR386_40X_HE_T574_01,0,6.487347051452808e-08,0
lin,2,SR386_40X_HE_T578_01,0,4.513124636217107e-11,0
lin,2,SR386_40X_HE_T580_01,0,4.092948813562999e-10,0
lin,3,SR1482_40X_HE_T005_01,0,0.7215585402425766,1
lin,3,SR1482_40X_HE_T005_02,0,0.042686074749929984,0
lin,3,SR1482_40X_HE_T010_01,0,6.496475726170836e-05,0
lin,3,SR1482_40X_HE_T043_01,0,0.0004193049392439608,0
lin,3,SR1482_40X_HE_T043_02,0,0.00032812182300009175,0
lin,3,SR1482_40X_HE_T049_01,0,1.7366547486322797e-10,0
lin,3,SR1482_40X_HE_T061_01,0,0.25577093197880235,0
lin,3,SR1482_40X_HE_T061_02,0,0.0017884010781754082,0
lin,3,SR1482_40X_HE_T070_01,1,1.0393966113865183e-06,0
lin,3,SR1482_40X_HE_T073_01,0,5.999005614214531e-06,0
lin,3,SR1482_40X_HE_T082_01,0,2.6705712499612198e-08,0
lin,3,SR1482_40X_HE_T082_02,0,0.015156181850088483,0
lin,3,SR1482_40X_HE_T089_01,0,4.667265597200057e-09,0
lin,3,SR1482_40X_HE_T090_01,0,2.225465498903715e-07,0
lin,3,SR1482_40X_HE_T094_01,1,0.0008294738807142237,0
lin,3,SR1482_40X_HE_T094_02,1,0.002369487851113037,0
lin,3,SR1482_40X_HE_T105_01,0,7.350745197552892e-06,0
lin,3,SR1482_40X_HE_T115_01,0,3.2854056577560475e-05,0
lin,3,SR1482_40X_HE_T115_02,0,2.2266087083632464e-07,0
lin,3,SR1482_40X_HE_T118_01,0,0.9163965894746149,1
lin,3,SR1482_40X_HE_T118_02,0,0.0023079226267347045,0
lin,3,SR1482_40X_HE_T120_01,0,0.1142046865472812,0
lin,3,SR1482_40X_HE_T120_02,0,0.13623547789848636,0
lin,3,SR1482_40X_HE_T124_01,0,0.49107117839835807,0
lin,3,SR1482_40X_HE_T124_02,0,0.4997366546679109,0
lin,3,SR1482_40X_HE_T138_01,0,6.912990626460585e-08,0
lin,3,SR1482_40X_HE_T160_01,0,3.363610322164758e-06,0
lin,3,SR1482_40X_HE_T160_02,0,2.224392679237559e-07,0
lin,3,SR1482_40X_HE_T167_01,0,0.0011137848727989356,0
lin,3,SR1482_40X_HE_T167_02,0,0.41769794591863973,0
lin,3,SR1482_40X_HE_T175_01,0,4.225674877841897e-05,0
lin,3,SR1482_40X_HE_T175_02,0,6.903255177862959e-07,0
lin,3,SR1482_40X_HE_T177_01,1,7.08220776749415e-06,0
lin,3,SR1482_40X_HE_T188_01,0,1.873376688482243e-08,0
lin,3,SR1482_40X_HE_T195_01,0,0.00014730845289393104,0
lin,3,SR1482_40X_HE_T195_02,0,7.334396544432734e-05,0
lin,3,SR1482_40X_HE_T202_01,0,6.945751882983904e-08,0
lin,3,SR1482_40X_HE_T202_02,0,3.54533529887981e-05,0
lin,3,SR1482_40X_HE_T225_01,0,0.00012142313927479706,0
lin,3,SR1482_40X_HE_T225_02,0,2.0226332459863e-10,0
lin,3,SR1482_40X_HE_T235_01,0,6.568749512217775e-06,0
lin,3,SR1482_40X_HE_T235_02,0,3.4969397851739333e-06,0
lin,3,SR1482_40X_HE_T236_01,0,1.2741577145040756e-09,0
lin,3,SR1482_40X_HE_T236_02,0,5.685317592339503e-06,0
lin,3,SR1482_40X_HE_T258_01,0,9.912567631604016e-09,0
lin,3,SR1482_40X_HE_T258_02,0,9.281869182979775e-05,0
lin,3,SR1482_40X_HE_T284_01,1,0.03406788600544464,0
lin,3,SR1482_40X_HE_T284_02,1,1.3094656682957051e-05,0
lin,3,SR1482_40X_HE_T301_01,1,4.303622722797461e-07,0
lin,3,SR1482_40X_HE_T301_02,1,0.0034420022420484915,0
lin,3,SR1482_40X_HE_T309_01,0,0.017336397676256138,0
lin,3,SR1482_40X_HE_T313_01,0,3.973053891738323e-05,0
lin,3,SR1482_40X_HE_T313_02,0,0.0002469581210404434,0
lin,3,SR1482_40X_HE_T338_01,0,0.43722371209702243,0
lin,3,SR1482_40X_HE_T344_01,0,0.016966233652647187,0
lin,3,SR1482_40X_HE_T344_02,0,0.3590660427660312,0
lin,3,SR1482_40X_HE_T346_01,0,0.0004609754495823766,0
lin,3,SR1482_40X_HE_T346_02,0,0.00011199309235935971,0
lin,3,SR1482_40X_HE_T377_01,0,6.031414257736192e-07,0
lin,3,SR1482_40X_HE_T377_02,0,1.6406942474217865e-05,0
lin,3,SR1482_40X_HE_T419_01,0,0.017708757251350796,0
lin,3,SR1482_40X_HE_T427_01,0,4.582831408765954e-07,0
lin,3,SR1482_40X_HE_T427_02,0,6.462294384330805e-05,0
lin,3,SR386_40X_HE_T007_01,0,0.0031342565495586705,0
lin,3,SR386_40X_HE_T015_01,0,0.00363398781006284,0
lin,3,SR386_40X_HE_T017_01,1,0.018543006122103564,0
lin,3,SR386_40X_HE_T032_01,0,1.0214496385944744e-05,0
lin,3,SR386_40X_HE_T034_01,0,4.0778486534546173e-05,0
lin,3,SR386_40X_HE_T035_01,0,0.033677614217562754,0
lin,3,SR386_40X_HE_T041_01,0,0.9578649526366184,1
lin,3,SR386_40X_HE_T067_01,0,1.9786894626060322e-08,0
lin,3,SR386_40X_HE_T075_01,0,2.1250658206409607e-06,0
lin,3,SR386_40X_HE_T081_01,0,4.234979097088431e-05,0
lin,3,SR386_40X_HE_T083_01,0,0.008078651471194647,0
lin,3,SR386_40X_HE_T085_01,0,1.837434020204147e-08,0
lin,3,SR386_40X_HE_T095_01,0,0.051971521441572736,0
lin,3,SR386_40X_HE_T104_01,0,1.0746246732324568e-06,0
lin,3,SR386_40X_HE_T106_01,0,9.759106959224566e-08,0
lin,3,SR386_40X_HE_T112_01,0,3.742871824850093e-05,0
lin,3,SR386_40X_HE_T128_01,0,1.0991143815533096e-06,0
lin,3,SR386_40X_HE_T132_01,0,3.2272543847981233e-06,0
lin,3,SR386_40X_HE_T138_01,0,0.0011022797762468542,0
lin,3,SR386_40X_HE_T142_01,0,0.007394356376697671,0
lin,3,SR386_40X_HE_T149_01,0,0.0005248112571910813,0
lin,3,SR386_40X_HE_T165_01,1,0.049874661819733906,0
lin,3,SR386_40X_HE_T179_01,0,0.015607474123205112,0
lin,3,SR386_40X_HE_T180_01,0,8.443688582043622e-05,0
lin,3,SR386_40X_HE_T182_01,0,0.02230080984091442,0
lin,3,SR386_40X_HE_T184_01,0,0.01988244034474548,0
lin,3,SR386_40X_HE_T188_01,0,3.8881996416110073e-10,0
lin,3,SR386_40X_HE_T191_01,0,2.6948018262088412e-05,0
lin,3,SR386_40X_HE_T197_01,0,3.489362313257652e-05,0
lin,3,SR386_40X_HE_T201_01,0,1.861567253528493e-06,0
lin,3,SR386_40X_HE_T202_01,0,5.3716959831553924e-08,0
lin,3,SR386_40X_HE_T208_01,0,3.6777644151681875e-08,0
lin,3,SR386_40X_HE_T216_01,1,0.9248603586821004,1
lin,3,SR386_40X_HE_T238_01,0,1.9887957765470895e-06,0
lin,3,SR386_40X_HE_T244_01,0,4.194166394858673e-10,0
lin,3,SR386_40X_HE_T248_01,0,2.0155020811397658e-06,0
lin,3,SR386_40X_HE_T249_01,0,2.1365101300002614e-08,0
lin,3,SR386_40X_HE_T250_01,0,1.4933575069330155e-05,0
lin,3,SR386_40X_HE_T263_01,0,5.445029109407944e-08,0
lin,3,SR386_40X_HE_T267_01,0,0.03726075836689719,0
lin,3,SR386_40X_HE_T269_01,0,2.4619800945001307e-05,0
lin,3,SR386_40X_HE_T277_01,0,3.420814520805633e-05,0
lin,3,SR386_40X_HE_T286_01,0,0.5569529730801538,1
lin,3,SR386_40X_HE_T287_01,0,0.011151084880860446,0
lin,3,SR386_40X_HE_T290_01,0,0.015448623622945601,0
lin,3,SR386_40X_HE_T293_01,0,4.6122997801077675e-06,0
lin,3,SR386_40X_HE_T298_01,0,0.0012230596103286373,0
lin,3,SR386_40X_HE_T303_01,0,2.0350853649122756e-09,0
lin,3,SR386_40X_HE_T312_01,0,0.002745984264318004,0
lin,3,SR386_40X_HE_T329_01,0,0.011912411342695795,0
lin,3,SR386_40X_HE_T336_01,0,0.001228358543660488,0
lin,3,SR386_40X_HE_T338_01,0,8.695721180454215e-05,0
lin,3,SR386_40X_HE_T342_01,0,6.30610126210164e-06,0
lin,3,SR386_40X_HE_T353_01,0,9.525315543499864e-05,0
lin,3,SR386_40X_HE_T357_01,0,3.99755820154379e-09,0
lin,3,SR386_40X_HE_T362_01,0,5.567963824877206e-07,0
lin,3,SR386_40X_HE_T363_01,1,0.4564829694925712,0
lin,3,SR386_40X_HE_T372_01,0,0.10668400537822219,0
lin,3,SR386_40X_HE_T378_01,0,1.3368685150224344e-06,0
lin,3,SR386_40X_HE_T379_01,0,2.2119476306716682e-08,0
lin,3,SR386_40X_HE_T386_01,0,3.417958586807104e-06,0
lin,3,SR386_40X_HE_T387_01,0,3.084729345362598e-07,0
lin,3,SR386_40X_HE_T393_01,0,1.578081693225805e-06,0
lin,3,SR386_40X_HE_T397_01,0,0.12426897212177124,0
lin,3,SR386_40X_HE_T406_01,0,2.6276912206462267e-05,0
lin,3,SR386_40X_HE_T409_01,0,1.7788578729911856e-05,0
lin,3,SR386_40X_HE_T422_01,0,1.731105907418284e-07,0
lin,3,SR386_40X_HE_T426_01,0,1.6808694954628455e-06,0
lin,3,SR386_40X_HE_T433_01,0,3.182747510110724e-06,0
lin,3,SR386_40X_HE_T443_01,0,0.012331576090828862,0
lin,3,SR386_40X_HE_T448_01,0,0.0012086430494824272,0
lin,3,SR386_40X_HE_T452_01,0,0.025316576954310405,0
lin,3,SR386_40X_HE_T460_01,1,0.3768818939901981,0
lin,3,SR386_40X_HE_T473_01,0,1.7091910592460457e-08,0
lin,3,SR386_40X_HE_T475_01,0,1.684662799506639e-07,0
lin,3,SR386_40X_HE_T478_01,0,2.623047128966554e-06,0
lin,3,SR386_40X_HE_T489_01,1,4.467394763132293e-06,0
lin,3,SR386_40X_HE_T491_01,0,6.649559622465682e-05,0
lin,3,SR386_40X_HE_T492_01,0,2.9984645211239748e-05,0
lin,3,SR386_40X_HE_T493_01,0,4.024985515718601e-09,0
lin,3,SR386_40X_HE_T502_01,0,1.6607177428759039e-06,0
lin,3,SR386_40X_HE_T505_01,0,0.0011257597471037906,0
lin,3,SR386_40X_HE_T506_01,0,1.3151669687617346e-06,0
lin,3,SR386_40X_HE_T509_01,0,0.0006951959150198255,0
lin,3,SR386_40X_HE_T516_01,0,6.441622364718538e-05,0
lin,3,SR386_40X_HE_T518_01,0,4.043362209948126e-09,0
lin,3,SR386_40X_HE_T519_01,0,2.9273422436072958e-09,0
lin,3,SR386_40X_HE_T521_01,0,1.131150868906482e-09,0
lin,3,SR386_40X_HE_T526_01,0,3.843228528703314e-05,0
lin,3,SR386_40X_HE_T533_01,0,0.000488297705227996,0
lin,3,SR386_40X_HE_T543_01,0,0.0001943951528981174,0
lin,3,SR386_40X_HE_T544_01,0,7.738526270702895e-07,0
lin,3,SR386_40X_HE_T556_01,1,0.0461144158582535,0
lin,3,SR386_40X_HE_T560_01,0,1.7327332295901498e-06,0
lin,3,SR386_40X_HE_T563_01,0,4.28308907194487e-08,0
lin,3,SR386_40X_HE_T568_01,0,0.0008423946067754918,0
lin,3,SR386_40X_HE_T571_01,0,0.0013762170270625754,0
lin,3,SR386_40X_HE_T572_01,0,0.0017610310088718275,0
lin,3,SR386_40X_HE_T573_01,0,0.03211719676430438,0
lin,3,SR386_40X_HE_T583_01,0,0.0010314571118227082,0
lin,4,SR1482_40X_HE_T002_01,0,7.766271532312209e-07,0
lin,4,SR1482_40X_HE_T003_01,0,0.039653422210845425,0
lin,4,SR1482_40X_HE_T004_01,0,8.608063147286048e-14,0
lin,4,SR1482_40X_HE_T004_02,0,2.5268005656609727e-10,0
lin,4,SR1482_40X_HE_T011_01,0,3.602599521461811e-06,0
lin,4,SR1482_40X_HE_T025_01,0,2.6013286244565827e-05,0
lin,4,SR1482_40X_HE_T025_02,0,0.0009701112272292506,0
lin,4,SR1482_40X_HE_T060_01,0,1.5604050841931412e-06,0
lin,4,SR1482_40X_HE_T062_01,0,0.00010520462688226046,0
lin,4,SR1482_40X_HE_T062_02,0,1.5075120708782705e-07,0
lin,4,SR1482_40X_HE_T064_01,0,0.9914704803258656,1
lin,4,SR1482_40X_HE_T064_02,0,0.015256338932354183,0
lin,4,SR1482_40X_HE_T071_01,0,0.00014201386128548176,0
lin,4,SR1482_40X_HE_T071_02,0,1.35231227198357e-05,0
lin,4,SR1482_40X_HE_T074_01,0,6.019476003607179e-05,0
lin,4,SR1482_40X_HE_T074_02,0,7.038642211376787e-06,0
lin,4,SR1482_40X_HE_T083_01,0,0.00029040406491799396,0
lin,4,SR1482_40X_HE_T083_02,0,0.0100158764320218,0
lin,4,SR1482_40X_HE_T087_01,0,2.201352138499281e-06,0
lin,4,SR1482_40X_HE_T097_01,1,0.965793291553978,1
lin,4,SR1482_40X_HE_T097_02,1,0.00047588226048396974,0
lin,4,SR1482_40X_HE_T108_01,0,2.7923070069866215e-07,0
lin,4,SR1482_40X_HE_T113_01,0,0.06707231753190006,0
lin,4,SR1482_40X_HE_T113_02,0,0.03357081285462084,0
lin,4,SR1482_40X_HE_T121_01,0,1.0663234245549468e-14,0
lin,4,SR1482_40X_HE_T122_01,0,2.4463579488370536e-10,0
lin,4,SR1482_40X_HE_T125_01,0,1.4811402082533548e-06,0
lin,4,SR1482_40X_HE_T125_02,0,6.815596254697323e-06,0
lin,4,SR1482_40X_HE_T131_01,0,0.0004961582439042344,0
lin,4,SR1482_40X_HE_T131_02,0,0.9852742853303007,1
lin,4,SR1482_40X_HE_T132_01,0,7.003242240906195e-05,0
lin,4,SR1482_40X_HE_T132_02,0,0.001730410897292823,0
lin,4,SR1482_40X_HE_T143_01,0,0.8744464210207309,1
lin,4,SR1482_40X_HE_T143_02,0,0.01845631748482354,0
lin,4,SR1482_40X_HE_T166_01,1,5.7116581973475e-13,0
lin,4,SR1482_40X_HE_T169_01,0,0.00019195736768561777,0
lin,4,SR1482_40X_HE_T176_01,1,0.9977513150798337,1
lin,4,SR1482_40X_HE_T176_02,1,0.17056453835255247,0
lin,4,SR1482_40X_HE_T191_01,0,2.8272365019794126e-07,0
lin,4,SR1482_40X_HE_T194_01,0,0.001803168969579072,0
lin,4,SR1482_40X_HE_T218_01,0,3.004324569948815e-08,0
lin,4,SR1482_40X_HE_T253_01,0,1.3644619193204497e-05,0
lin,4,SR1482_40X_HE_T290_01,0,9.374750784480397e-05,0
lin,4,SR1482_40X_HE_T308_01,0,0.001081264105831336,0
lin,4,SR1482_40X_HE_T314_01,0,0.9973785860463354,1
lin,4,SR1482_40X_HE_T314_02,0,0.999342542569658,1
lin,4,SR1482_40X_HE_T372_01,1,0.9996748641073521,1
lin,4,SR1482_40X_HE_T372_02,1,0.5059127848884432,1
lin,4,SR1482_40X_HE_T408_01,0,6.76347166383805e-08,0
lin,4,SR1482_40X_HE_T412_01,0,8.792366161801056e-05,0
lin,4,SR1482_40X_HE_T425_01,0,2.2603740867693123e-11,0
lin,4,SR1482_40X_HE_T434_01,1,0.0020248098394806727,0
lin,4,SR386_40X_HE_T006_01,0,5.801002898913927e-06,0
lin,4,SR386_40X_HE_T010_01,0,0.0001328182646805935,0
lin,4,SR386_40X_HE_T014_01,0,6.852855980172933e-06,0
lin,4,SR386_40X_HE_T016_01,0,3.179976438120544e-06,0
lin,4,SR386_40X_HE_T020_01,0,8.374829735954157e-10,0
lin,4,SR386_40X_HE_T027_01,0,1.0043966091703578e-05,0
lin,4,SR386_40X_HE_T028_01,0,0.0001320860119373215,0
lin,4,SR386_40X_HE_T037_01,0,7.547963164765268e-09,0
lin,4,SR386_40X_HE_T043_01,0,0.0038285841936814527,0
lin,4,SR386_40X_HE_T044_01,1,2.3546860871817294e-05,0
lin,4,SR386_40X_HE_T046_01,0,1.5283825037452524e-07,0
lin,4,SR386_40X_HE_T058_01,0,2.827150090495865e-06,0
lin,4,SR386_40X_HE_T062_01,0,3.607316980948181e-07,0
lin,4,SR386_40X_HE_T065_01,1,0.004256738824058738,0
lin,4,SR386_40X_HE_T080_01,0,9.38944242355765e-05,0
lin,4,SR386_40X_HE_T091_01,0,6.170421566644596e-05,0
lin,4,SR386_40X_HE_T094_01,0,1.3937778728463089e-08,0
lin,4,SR386_40X_HE_T097_01,0,3.360223391745603e-05,0
lin,4,SR386_40X_HE_T100_01,0,0.01647496736378352,0
lin,4,SR386_40X_HE_T107_01,0,6.336779258681199e-06,0
lin,4,SR386_40X_HE_T109_01,1,0.03834876203923199,0
lin,4,SR386_40X_HE_T110_01,0,0.005254446957024218,0
lin,4,SR386_40X_HE_T117_01,0,0.0034775162170283375,0
lin,4,SR386_40X_HE_T127_01,0,3.783678767061299e-05,0
lin,4,SR386_40X_HE_T129_01,0,1.429791551555265e-09,0
lin,4,SR386_40X_HE_T136_01,0,0.0024204342056501197,0
lin,4,SR386_40X_HE_T154_01,0,3.60359025877639e-07,0
lin,4,SR386_40X_HE_T168_01,1,0.03329326392009612,0
lin,4,SR386_40X_HE_T175_01,0,2.867866206883042e-07,0
lin,4,SR386_40X_HE_T189_01,0,1.0943948347738765e-07,0
lin,4,SR386_40X_HE_T195_01,0,3.570035477213449e-10,0
lin,4,SR386_40X_HE_T227_01,0,0.0020560503680034274,0
lin,4,SR386_40X_HE_T233_01,0,0.0007138808846195961,0
lin,4,SR386_40X_HE_T234_01,0,0.2326131063339077,0
lin,4,SR386_40X_HE_T235_01,0,0.013169249912752593,0
lin,4,SR386_40X_HE_T239_01,0,9.532008324532177e-05,0
lin,4,SR386_40X_HE_T245_01,0,4.859985472060537e-08,0
lin,4,SR386_40X_HE_T256_01,0,4.166410150829005e-06,0
lin,4,SR386_40X_HE_T265_01,0,0.0023297041252035937,0
lin,4,SR386_40X_HE_T268_01,0,1.0741506190269101e-05,0
lin,4,SR386_40X_HE_T270_01,0,0.0004639143844558671,0
lin,4,SR386_40X_HE_T272_01,0,0.0008910282389218086,0
lin,4,SR386_40X_HE_T273_01,0,0.001453995032976695,0
lin,4,SR386_40X_HE_T276_01,0,0.028549564698558308,0
lin,4,SR386_40X_HE_T278_01,1,0.5171600638066144,1
lin,4,SR386_40X_HE_T284_01,0,2.3468647011883696e-06,0
lin,4,SR386_40X_HE_T285_01,0,9.804068061962733e-07,0
lin,4,SR386_40X_HE_T288_01,0,1.9182165675110902e-05,0
lin,4,SR386_40X_HE_T291_01,0,0.0025767451869111646,0
lin,4,SR386_40X_HE_T300_01,0,8.265566031036774e-06,0
lin,4,SR386_40X_HE_T302_01,0,7.3150782661086415e-06,0
lin,4,SR386_40X_HE_T305_01,0,2.2100185863171338e-07,0
lin,4,SR386_40X_HE_T308_01,0,6.216053385685544e-06,0
lin,4,SR386_40X_HE_T325_01,0,5.6825412424852976e-05,0
lin,4,SR386_40X_HE_T331_01,0,1.7906723438897916e-05,0
lin,4,SR386_40X_HE_T341_01,0,0.004550290936744761,0
lin,4,SR386_40X_HE_T343_01,1,6.675443323457378e-06,0
lin,4,SR386_40X_HE_T346_01,0,0.20982904162118415,0
lin,4,SR386_40X_HE_T352_01,0,0.0011758397369297515,0
lin,4,SR386_40X_HE_T373_01,0,1.4450576175086815e-07,0
lin,4,SR386_40X_HE_T375_01,0,0.060240838883445516,0
lin,4,SR386_40X_HE_T381_01,0,1.2402516684896272e-06,0
lin,4,SR386_40X_HE_T389_01,0,0.0007796345730141833,0
lin,4,SR386_40X_HE_T391_01,0,8.302921455404833e-09,0
lin,4,SR386_40X_HE_T394_01,0,2.5714645924182993e-06,0
lin,4,SR386_40X_HE_T399_01,0,0.23149903845776867,0
lin,4,SR386_40X_HE_T403_01,0,1.2341932169339279e-06,0
lin,4,SR386_40X_HE_T405_01,0,5.598148437983823e-07,0
lin,4,SR386_40X_HE_T407_01,0,1.272185438959514e-07,0
lin,4,SR386_40X_HE_T414_01,0,2.2532492819388522e-08,0
lin,4,SR386_40X_HE_T424_01,0,0.010297982038354398,0
lin,4,SR386_40X_HE_T429_01,0,0.9240557814204986,1
lin,4,SR386_40X_HE_T441_01,0,3.738673902747512e-05,0
lin,4,SR386_40X_HE_T451_01,0,0.003046860056008774,0
lin,4,SR386_40X_HE_T453_01,0,1.5386471068053561e-06,0
lin,4,SR386_40X_HE_T455_01,0,1.562317138799109e-05,0
lin,4,SR386_40X_HE_T465_01,0,0.057767218565108434,0
lin,4,SR386_40X_HE_T474_01,0,0.04920826564396422,0
lin,4,SR386_40X_HE_T476_01,0,0.10040836219954677,0
lin,4,SR386_40X_HE_T479_01,0,7.766475582454547e-08,0
lin,4,SR386_40X_HE_T482_01,0,8.536349530710815e-06,0
lin,4,SR386_40X_HE_T487_01,0,6.884738645806202e-10,0
lin,4,SR386_40X_HE_T490_01,0,7.017236478047914e-06,0
lin,4,SR386_40X_HE_T494_01,0,2.720873084496072e-05,0
lin,4,SR386_40X_HE_T500_01,0,4.7507350744170986e-06,0
lin,4,SR386_40X_HE_T510_01,0,1.739935078461473e-07,0
lin,4,SR386_40X_HE_T524_01,0,3.597360122199133e-05,0
lin,4,SR386_40X_HE_T528_01,0,0.19323595222332215,0
lin,4,SR386_40X_HE_T532_01,0,2.3194987981858928e-07,0
lin,4,SR386_40X_HE_T534_01,0,0.04415206718311522,0
lin,4,SR386_40X_HE_T536_01,0,3.8871198442485745e-05,0
lin,4,SR386_40X_HE_T537_01,0,0.00040609691245039676,0
lin,4,SR386_40X_HE_T541_01,0,0.0001124005946416645,0
lin,4,SR386_40X_HE_T548_01,1,0.9330394073041268,1
lin,4,SR386_40X_HE_T550_01,0,0.0003598622037054758,0
lin,4,SR386_40X_HE_T551_01,0,4.9819658192839586e-08,0
lin,4,SR386_40X_HE_T557_01,0,3.606333751817116e-09,0
lin,4,SR386_40X_HE_T565_01,0,2.024578678871012e-06,0
lin,4,SR386_40X_HE_T567_01,0,4.275213848703338e-06,0
lin,4,SR386_40X_HE_T575_01,0,0.0008452684309801369,0
lin,4,SR386_40X_HE_T576_01,0,9.582237318333796e-05,0
lin,4,SR386_40X_HE_T581_01,0,0.026131110046421283,0
ann,1,SR1482_40X_HE_T029_01,0,0.3213246762752533,0
ann,1,SR1482_40X_HE_T029_02,0,0.4246762990951538,0
ann,1,SR1482_40X_HE_T057_01,0,0.1923922747373581,0
ann,1,SR1482_40X_HE_T063_01,1,0.8640637397766113,1
ann,1,SR1482_40X_HE_T063_02,1,0.7960045337677002,1
ann,1,SR1482_40X_HE_T065_01,0,0.5813525319099426,1
ann,1,SR1482_40X_HE_T065_02,0,0.5929957628250122,1
ann,1,SR1482_40X_HE_T066_01,0,0.9211065769195557,1
ann,1,SR1482_40X_HE_T066_02,0,0.880395770072937,1
ann,1,SR1482_40X_HE_T068_01,0,0.4946448504924774,0
ann,1,SR1482_40X_HE_T069_01,0,0.16078175604343414,0
ann,1,SR1482_40X_HE_T069_02,0,0.3228719234466553,0
ann,1,SR1482_40X_HE_T079_01,1,0.6117766499519348,1
ann,1,SR1482_40X_HE_T079_02,1,0.7472274899482727,1
ann,1,SR1482_40X_HE_T080_01,0,0.5322455763816833,1
ann,1,SR1482_40X_HE_T080_02,0,0.48244693875312805,0
ann,1,SR1482_40X_HE_T081_01,0,0.41350409388542175,0
ann,1,SR1482_40X_HE_T081_02,0,0.2193029522895813,0
ann,1,SR1482_40X_HE_T099_01,0,0.40136295557022095,0
ann,1,SR1482_40X_HE_T116_01,0,0.407635897397995,0
ann,1,SR1482_40X_HE_T117_01,0,0.4038683772087097,0
ann,1,SR1482_40X_HE_T117_02,0,0.4432019293308258,0
ann,1,SR1482_40X_HE_T126_01,0,0.5622818470001221,1
ann,1,SR1482_40X_HE_T129_01,0,0.6188465356826782,1
ann,1,SR1482_40X_HE_T129_02,0,0.7266826629638672,1
ann,1,SR1482_40X_HE_T139_01,0,0.43599697947502136,0
ann,1,SR1482_40X_HE_T139_02,0,0.4461473226547241,0
ann,1,SR1482_40X_HE_T147_01,0,0.5935472249984741,1
ann,1,SR1482_40X_HE_T147_02,0,0.9013974070549011,1
ann,1,SR1482_40X_HE_T159_01,0,0.3200454115867615,0
ann,1,SR1482_40X_HE_T159_02,0,0.4023911952972412,0
ann,1,SR1482_40X_HE_T192_01,0,0.1773379147052765,0
ann,1,SR1482_40X_HE_T199_01,0,0.26349976658821106,0
ann,1,SR1482_40X_HE_T304_01,0,0.2641459107398987,0
ann,1,SR1482_40X_HE_T304_02,0,0.6097565293312073,1
ann,1,SR1482_40X_HE_T310_01,1,0.3338254988193512,0
ann,1,SR1482_40X_HE_T310_02,1,0.6484456658363342,1
ann,1,SR1482_40X_HE_T341_01,0,0.26905351877212524,0
ann,1,SR1482_40X_HE_T341_02,0,0.3212776184082031,0
ann,1,SR1482_40X_HE_T353_01,0,0.4271444082260132,0
ann,1,SR1482_40X_HE_T390_01,0,0.5207057595252991,1
ann,1,SR1482_40X_HE_T433_01,1,0.40827298164367676,0
ann,1,SR386_40X_HE_T003_01,0,0.5165489912033081,1
ann,1,SR386_40X_HE_T004_01,0,0.7428110837936401,1
ann,1,SR386_40X_HE_T022_01,1,0.9431903958320618,1
ann,1,SR386_40X_HE_T030_01,0,0.504199743270874,1
ann,1,SR386_40X_HE_T033_01,0,0.46918487548828125,0
ann,1,SR386_40X_HE_T036_01,0,0.4016813039779663,0
ann,1,SR386_40X_HE_T038_01,0,0.3759019076824188,0
ann,1,SR386_40X_HE_T049_01,0,0.28737038373947144,0
ann,1,SR386_40X_HE_T050_01,0,0.5910367965698242,1
ann,1,SR386_40X_HE_T060_01,0,0.4551445543766022,0
ann,1,SR386_40X_HE_T063_01,0,0.5448013544082642,1
ann,1,SR386_40X_HE_T066_01,0,0.21809571981430054,0
ann,1,SR386_40X_HE_T069_01,0,0.46684131026268005,0
ann,1,SR386_40X_HE_T072_01,0,0.3036019802093506,0
ann,1,SR386_40X_HE_T074_01,0,0.5679866671562195,1
ann,1,SR386_40X_HE_T078_01,0,0.3736759424209595,0
ann,1,SR386_40X_HE_T079_01,0,0.20876161754131317,0
ann,1,SR386_40X_HE_T092_01,1,0.6106641292572021,1
ann,1,SR386_40X_HE_T096_01,0,0.21755319833755493,0
ann,1,SR386_40X_HE_T099_01,0,0.3028395175933838,0
ann,1,SR386_40X_HE_T103_01,0,0.24591314792633057,0
ann,1,SR386_40X_HE_T108_01,0,0.5813702940940857,1
ann,1,SR386_40X_HE_T113_01,0,0.3502410650253296,0
ann,1,SR386_40X_HE_T114_01,0,0.4246807396411896,0
ann,1,SR386_40X_HE_T119_01,0,0.5198654532432556,1
ann,1,SR386_40X_HE_T126_01,0,0.25950828194618225,0
ann,1,SR386_40X_HE_T130_01,0,0.25847065448760986,0
ann,1,SR386_40X_HE_T131_01,0,0.6878675222396851,1
ann,1,SR386_40X_HE_T135_01,0,0.8542285561561584,1
ann,1,SR386_40X_HE_T140_01,0,0.3552369177341461,0
ann,1,SR386_40X_HE_T144_01,0,0.5962562561035156,1
ann,1,SR386_40X_HE_T147_01,0,0.5463491678237915,1
ann,1,SR386_40X_HE_T148_01,0,0.3255803883075714,0
ann,1,SR386_40X_HE_T160_01,0,0.34119975566864014,0
ann,1,SR386_40X_HE_T169_01,0,0.2219344675540924,0
ann,1,SR386_40X_HE_T170_01,1,0.8407632112503052,1
ann,1,SR386_40X_HE_T172_01,0,0.885181725025177,1
ann,1,SR386_40X_HE_T174_01,0,0.6204084157943726,1
ann,1,SR386_40X_HE_T181_01,0,0.37168604135513306,0
ann,1,SR386_40X_HE_T196_01,0,0.3739243447780609,0
ann,1,SR386_40X_HE_T205_01,0,0.49725815653800964,0
ann,1,SR386_40X_HE_T209_01,0,0.34229618310928345,0
ann,1,SR386_40X_HE_T210_01,0,0.5013951659202576,1
ann,1,SR386_40X_HE_T212_01,0,0.40465793013572693,0
ann,1,SR386_40X_HE_T221_01,0,0.21603518724441528,0
ann,1,SR386_40X_HE_T224_01,0,0.28191131353378296,0
ann,1,SR386_40X_HE_T231_01,1,0.4732467532157898,0
ann,1,SR386_40X_HE_T232_01,0,0.2484791874885559,0
ann,1,SR386_40X_HE_T247_01,0,0.28970062732696533,0
ann,1,SR386_40X_HE_T252_01,0,0.22645239531993866,0
ann,1,SR386_40X_HE_T255_01,0,0.25914639234542847,0
ann,1,SR386_40X_HE_T259_01,1,0.3157617747783661,0
ann,1,SR386_40X_HE_T274_01,0,0.3156856596469879,0
ann,1,SR386_40X_HE_T275_01,0,0.5733301639556885,1
ann,1,SR386_40X_HE_T282_01,0,0.3139224350452423,0
ann,1,SR386_40X_HE_T294_01,0,0.8185456395149231,1
ann,1,SR386_40X_HE_T311_01,0,0.4269815683364868,0
ann,1,SR386_40X_HE_T315_01,0,0.5585274696350098,1
ann,1,SR386_40X_HE_T319_01,1,0.38942551612854004,0
ann,1,SR386_40X_HE_T324_01,1,0.593626856803894,1
ann,1,SR386_40X_HE_T330_01,0,0.31733494997024536,0
ann,1,SR386_40X_HE_T333_01,0,0.3868560492992401,0
ann,1,SR386_40X_HE_T335_01,0,0.2917381227016449,0
ann,1,SR386_40X_HE_T337_01,0,0.5502222180366516,1
ann,1,SR386_40X_HE_T344_01,0,0.44247400760650635,0
ann,1,SR386_40X_HE_T347_01,0,0.3986985683441162,0
ann,1,SR386_40X_HE_T350_01,0,0.420223593711853,0
ann,1,SR386_40X_HE_T351_01,0,0.2094421088695526,0
ann,1,SR386_40X_HE_T360_01,0,0.3534400463104248,0
ann,1,SR386_40X_HE_T361_01,0,0.2899288833141327,0
ann,1,SR386_40X_HE_T366_01,0,0.3950965106487274,0
ann,1,SR386_40X_HE_T377_01,1,0.44960370659828186,0
ann,1,SR386_40X_HE_T384_01,0,0.33516910672187805,0
ann,1,SR386_40X_HE_T395_01,0,0.4648580849170685,0
ann,1,SR386_40X_HE_T396_01,0,0.361356645822525,0
ann,1,SR386_40X_HE_T401_01,0,0.48058170080184937,0
ann,1,SR386_40X_HE_T408_01,0,0.25297799706459045,0
ann,1,SR386_40X_HE_T410_01,0,0.4217717945575714,0
ann,1,SR386_40X_HE_T413_01,0,0.6537293195724487,1
ann,1,SR386_40X_HE_T416_01,0,0.2230408489704132,0
ann,1,SR386_40X_HE_T418_01,0,0.2539384067058563,0
ann,1,SR386_40X_HE_T419_01,0,0.4604921042919159,0
ann,1,SR386_40X_HE_T421_01,0,0.4252846837043762,0
ann,1,SR386_40X_HE_T423_01,0,0.41485700011253357,0
ann,1,SR386_40X_HE_T428_01,0,0.33517205715179443,0
ann,1,SR386_40X_HE_T430_01,0,0.32426536083221436,0
ann,1,SR386_40X_HE_T431_01,0,0.45372694730758667,0
ann,1,SR386_40X_HE_T435_01,0,0.5486858487129211,1
ann,1,SR386_40X_HE_T438_01,0,0.4526936113834381,0
ann,1,SR386_40X_HE_T439_01,0,0.4235474765300751,0
ann,1,SR386_40X_HE_T447_01,0,0.3322683870792389,0
ann,1,SR386_40X_HE_T449_01,0,0.30710336565971375,0
ann,1,SR386_40X_HE_T454_01,0,0.2733142673969269,0
ann,1,SR386_40X_HE_T456_01,0,0.2868441939353943,0
ann,1,SR386_40X_HE_T461_01,0,0.36957740783691406,0
ann,1,SR386_40X_HE_T462_01,0,0.36235734820365906,0
ann,1,SR386_40X_HE_T468_01,0,0.27408915758132935,0
ann,1,SR386_40X_HE_T469_01,1,0.32476457953453064,0
ann,1,SR386_40X_HE_T470_01,0,0.4405363202095032,0
ann,1,SR386_40X_HE_T471_01,0,0.24899642169475555,0
ann,1,SR386_40X_HE_T477_01,0,0.4108767807483673,0
ann,1,SR386_40X_HE_T480_01,0,0.5234799981117249,1
ann,1,SR386_40X_HE_T484_01,0,0.3490241765975952,0
ann,1,SR386_40X_HE_T495_01,0,0.1864909529685974,0
ann,1,SR386_40X_HE_T496_01,0,0.36342719197273254,0
ann,1,SR386_40X_HE_T498_01,0,0.5892821550369263,1
ann,1,SR386_40X_HE_T504_01,0,0.28214722871780396,0
ann,1,SR386_40X_HE_T511_01,0,0.38077548146247864,0
ann,1,SR386_40X_HE_T517_01,0,0.4306565523147583,0
ann,1,SR386_40X_HE_T523_01,0,0.4017409682273865,0
ann,1,SR386_40X_HE_T529_01,0,0.3651815354824066,0
ann,1,SR386_40X_HE_T542_01,0,0.3923768103122711,0
ann,1,SR386_40X_HE_T569_01,0,0.40829193592071533,0
ann,1,SR386_40X_HE_T582_01,0,0.3077787160873413,0
ann,2,SR1482_40X_HE_T009_01,0,0.22949793934822083,0
ann,2,SR1482_40X_HE_T009_02,0,0.287425696849823,0
ann,2,SR1482_40X_HE_T015_01,0,0.8379548192024231,1
ann,2,SR1482_40X_HE_T021_01,0,0.4386998414993286,0
ann,2,SR1482_40X_HE_T067_01,0,0.7226625084877014,1
ann,2,SR1482_40X_HE_T075_01,0,0.38468828797340393,0
ann,2,SR1482_40X_HE_T075_02,0,0.6375705599784851,1
ann,2,SR1482_40X_HE_T098_01,0,0.6515404582023621,1
ann,2,SR1482_40X_HE_T098_02,0,0.2347509115934372,0
ann,2,SR1482_40X_HE_T102_01,0,0.4121851921081543,0
ann,2,SR1482_40X_HE_T123_01,0,0.3663855195045471,0
ann,2,SR1482_40X_HE_T142_01,0,0.2082943469285965,0
ann,2,SR1482_40X_HE_T146_01,0,0.9962452054023743,1
ann,2,SR1482_40X_HE_T148_01,0,0.39703619480133057,0
ann,2,SR1482_40X_HE_T148_02,0,0.33421453833580017,0
ann,2,SR1482_40X_HE_T154_01,0,0.32904306054115295,0
ann,2,SR1482_40X_HE_T158_01,0,0.599928081035614,1
ann,2,SR1482_40X_HE_T161_01,0,0.9104126691818237,1
ann,2,SR1482_40X_HE_T161_02,0,0.3245913088321686,0
ann,2,SR1482_40X_HE_T164_01,1,0.24143776297569275,0
ann,2,SR1482_40X_HE_T164_02,1,0.5575382709503174,1
ann,2,SR1482_40X_HE_T168_01,0,0.551062822341919,1
ann,2,SR1482_40X_HE_T171_01,0,0.6284431219100952,1
ann,2,SR1482_40X_HE_T171_02,0,0.6501490473747253,1
ann,2,SR1482_40X_HE_T178_01,1,0.550751268863678,1
ann,2,SR1482_40X_HE_T186_01,0,0.16903801262378693,0
ann,2,SR1482_40X_HE_T193_01,0,0.6691982746124268,1
ann,2,SR1482_40X_HE_T193_02,0,0.9891183376312256,1
ann,2,SR1482_40X_HE_T209_01,0,0.4850952923297882,0
ann,2,SR1482_40X_HE_T209_02,0,0.9797397255897522,1
ann,2,SR1482_40X_HE_T245_01,0,0.6609473824501038,1
ann,2,SR1482_40X_HE_T245_02,0,0.33903342485427856,0
ann,2,SR1482_40X_HE_T265_01,0,0.44060182571411133,0
ann,2,SR1482_40X_HE_T302_01,0,0.8243708610534668,1
ann,2,SR1482_40X_HE_T343_01,1,0.6401791572570801,1
ann,2,SR1482_40X_HE_T343_02,1,0.9647913575172424,1
ann,2,SR1482_40X_HE_T399_01,0,0.47814011573791504,0
ann,2,SR1482_40X_HE_T399_02,0,0.6826965808868408,1
ann,2,SR1482_40X_HE_T426_01,0,0.48926785588264465,0
ann,2,SR1482_40X_HE_T426_02,0,0.4194715917110443,0
ann,2,SR386_40X_HE_T001_01,0,0.4029591679573059,0
ann,2,SR386_40X_HE_T013_01,0,0.5326029062271118,1
ann,2,SR386_40X_HE_T018_01,0,0.43431103229522705,0
ann,2,SR386_40X_HE_T019_01,0,0.44727852940559387,0
ann,2,SR386_40X_HE_T024_01,0,0.2414640635251999,0
ann,2,SR386_40X_HE_T039_01,0,0.273603230714798,0
ann,2,SR386_40X_HE_T040_01,1,0.8875622153282166,1
ann,2,SR386_40X_HE_T042_01,0,0.3689282238483429,0
ann,2,SR386_40X_HE_T047_01,0,0.3520772457122803,0
ann,2,SR386_40X_HE_T051_01,0,0.21163783967494965,0
ann,2,SR386_40X_HE_T052_01,0,0.3376217186450958,0
ann,2,SR386_40X_HE_T056_01,0,0.2282567322254181,0
ann,2,SR386_40X_HE_T057_01,0,0.25676146149635315,0
ann,2,SR386_40X_HE_T070_01,0,0.44861969351768494,0
ann,2,SR386_40X_HE_T082_01,0,0.6418910026550293,1
ann,2,SR386_40X_HE_T084_01,0,0.6768729090690613,1
ann,2,SR386_40X_HE_T087_01,0,0.7597594857215881,1
ann,2,SR386_40X_HE_T088_01,0,0.5331252217292786,1
ann,2,SR386_40X_HE_T098_01,0,0.5146517753601074,1
ann,2,SR386_40X_HE_T105_01,0,0.2992827594280243,0
ann,2,SR386_40X_HE_T122_01,0,0.28001856803894043,0
ann,2,SR386_40X_HE_T123_01,0,0.6224899291992188,1
ann,2,SR386_40X_HE_T133_01,0,0.19291695952415466,0
ann,2,SR386_40X_HE_T145_01,0,0.6173076033592224,1
ann,2,SR386_40X_HE_T150_01,0,0.770203173160553,1
ann,2,SR386_40X_HE_T152_01,0,0.5831586122512817,1
ann,2,SR386_40X_HE_T155_01,0,0.4442569613456726,0
ann,2,SR386_40X_HE_T157_01,0,0.15769171714782715,0
ann,2,SR386_40X_HE_T164_01,0,0.29730063676834106,0
ann,2,SR386_40X_HE_T166_01,0,0.29244813323020935,0
ann,2,SR386_40X_HE_T176_01,1,0.7546749711036682,1
ann,2,SR386_40X_HE_T177_01,0,0.36954906582832336,0
ann,2,SR386_40X_HE_T178_01,0,0.5828766226768494,1
ann,2,SR386_40X_HE_T187_01,0,0.47207075357437134,0
ann,2,SR386_40X_HE_T190_01,0,0.22914274036884308,0
ann,2,SR386_40X_HE_T192_01,0,0.2777649760246277,0
ann,2,SR386_40X_HE_T198_01,0,0.33404961228370667,0
ann,2,SR386_40X_HE_T200_01,0,0.7669553756713867,1
ann,2,SR386_40X_HE_T206_01,1,0.400324285030365,0
ann,2,SR386_40X_HE_T211_01,0,0.4082637131214142,0
ann,2,SR386_40X_HE_T213_01,0,0.48656395077705383,0
ann,2,SR386_40X_HE_T214_01,0,0.6153907775878906,1
ann,2,SR386_40X_HE_T220_01,0,0.30384013056755066,0
ann,2,SR386_40X_HE_T230_01,1,0.6793521642684937,1
ann,2,SR386_40X_HE_T236_01,0,0.4359610378742218,0
ann,2,SR386_40X_HE_T237_01,0,0.32924023270606995,0
ann,2,SR386_40X_HE_T240_01,0,0.29400870203971863,0
ann,2,SR386_40X_HE_T241_01,0,0.3630719482898712,0
ann,2,SR386_40X_HE_T242_01,0,0.45384782552719116,0
ann,2,SR386_40X_HE_T253_01,0,0.43848761916160583,0
ann,2,SR386_40X_HE_T260_01,0,0.5893025398254395,1
ann,2,SR386_40X_HE_T262_01,0,0.43793365359306335,0
ann,2,SR386_40X_HE_T264_01,0,0.6640697121620178,1
ann,2,SR386_40X_HE_T271_01,0,0.3427871763706207,0
ann,2,SR386_40X_HE_T281_01,0,0.32628145813941956,0
ann,2,SR386_40X_HE_T297_01,0,0.4237748384475708,0
ann,2,SR386_40X_HE_T299_01,0,0.31442421674728394,0
ann,2,SR386_40X_HE_T301_01,0,0.2579314410686493,0
ann,2,SR386_40X_HE_T306_01,0,0.46249061822891235,0
ann,2,SR386_40X_HE_T309_01,0,0.2781389355659485,0
ann,2,SR386_40X_HE_T314_01,0,0.6572456359863281,1
ann,2,SR386_40X_HE_T316_01,0,0.7048466205596924,1
ann,2,SR386_40X_HE_T318_01,0,0.41931578516960144,0
ann,2,SR386_40X_HE_T321_01,0,0.25732362270355225,0
ann,2,SR386_40X_HE_T326_01,0,0.4420887529850006,0
ann,2,SR386_40X_HE_T327_01,0,0.2996217906475067,0
ann,2,SR386_40X_HE_T332_01,1,0.6128854155540466,1
ann,2,SR386_40X_HE_T355_01,0,0.565317690372467,1
ann,2,SR386_40X_HE_T364_01,0,0.45649054646492004,0
ann,2,SR386_40X_HE_T368_01,1,0.36881938576698303,0
ann,2,SR386_40X_HE_T374_01,0,0.4291212558746338,0
ann,2,SR386_40X_HE_T380_01,0,0.32742390036582947,0
ann,2,SR386_40X_HE_T382_01,0,0.25248491764068604,0
ann,2,SR386_40X_HE_T392_01,0,0.34606391191482544,0
ann,2,SR386_40X_HE_T398_01,0,0.2382916957139969,0
ann,2,SR386_40X_HE_T402_01,1,0.6034932732582092,1
ann,2,SR386_40X_HE_T404_01,0,0.34300705790519714,0
ann,2,SR386_40X_HE_T415_01,0,0.3439256548881531,0
ann,2,SR386_40X_HE_T417_01,0,0.33309638500213623,0
ann,2,SR386_40X_HE_T425_01,0,0.41590172052383423,0
ann,2,SR386_40X_HE_T436_01,1,0.12634879350662231,0
ann,2,SR386_40X_HE_T437_01,0,0.30366551876068115,0
ann,2,SR386_40X_HE_T440_01,0,0.41041022539138794,0
ann,2,SR386_40X_HE_T445_01,0,0.7511599659919739,1
ann,2,SR386_40X_HE_T450_01,0,0.32403573393821716,0
ann,2,SR386_40X_HE_T459_01,0,0.30329129099845886,0
ann,2,SR386_40X_HE_T472_01,0,0.32531195878982544,0
ann,2,SR386_40X_HE_T481_01,0,0.41823863983154297,0
ann,2,SR386_40X_HE_T483_01,0,0.7177025675773621,1
ann,2,SR386_40X_HE_T486_01,0,0.6275789141654968,1
ann,2,SR386_40X_HE_T488_01,0,0.33117732405662537,0
ann,2,SR386_40X_HE_T499_01,0,0.6609851717948914,1
ann,2,SR386_40X_HE_T507_01,0,0.5991097688674927,1
ann,2,SR386_40X_HE_T514_01,0,0.33391833305358887,0
ann,2,SR386_40X_HE_T520_01,1,0.41378429532051086,0
ann,2,SR386_40X_HE_T522_01,0,0.4876011610031128,0
ann,2,SR386_40X_HE_T531_01,0,0.37861329317092896,0
ann,2,SR386_40X_HE_T535_01,0,0.25252076983451843,0
ann,2,SR386_40X_HE_T539_01,0,0.48368802666664124,0
ann,2,SR386_40X_HE_T549_01,0,0.40352338552474976,0
ann,2,SR386_40X_HE_T552_01,0,0.37269458174705505,0
ann,2,SR386_40X_HE_T553_01,0,0.4596186578273773,0
ann,2,SR386_40X_HE_T554_01,0,0.08769361674785614,0
ann,2,SR386_40X_HE_T558_01,0,0.32686647772789,0
ann,2,SR386_40X_HE_T564_01,0,0.2783116400241852,0
ann,2,SR386_40X_HE_T570_01,0,0.3625399172306061,0
ann,2,SR386_40X_HE_T574_01,0,0.2721790075302124,0
ann,2,SR386_40X_HE_T578_01,0,0.2657092213630676,0
ann,2,SR386_40X_HE_T580_01,0,0.28020474314689636,0
ann,3,SR1482_40X_HE_T005_01,0,0.7448081970214844,1
ann,3,SR1482_40X_HE_T005_02,0,0.7113021016120911,1
ann,3,SR1482_40X_HE_T010_01,0,0.35048648715019226,0
ann,3,SR1482_40X_HE_T043_01,0,0.21918249130249023,0
ann,3,SR1482_40X_HE_T043_02,0,0.2944280505180359,0
ann,3,SR1482_40X_HE_T049_01,0,0.41571205854415894,0
ann,3,SR1482_40X_HE_T061_01,0,0.8266908526420593,1
ann,3,SR1482_40X_HE_T061_02,0,0.575921356678009,1
ann,3,SR1482_40X_HE_T070_01,1,0.17492026090621948,0
ann,3,SR1482_40X_HE_T073_01,0,0.44543206691741943,0
ann,3,SR1482_40X_HE_T082_01,0,0.15492463111877441,0
ann,3,SR1482_40X_HE_T082_02,0,0.43763667345046997,0
ann,3,SR1482_40X_HE_T089_01,0,0.16957949101924896,0
ann,3,SR1482_40X_HE_T090_01,0,0.3637335002422333,0
ann,3,SR1482_40X_HE_T094_01,1,0.3397056758403778,0
ann,3,SR1482_40X_HE_T094_02,1,0.427063912153244,0
ann,3,SR1482_40X_HE_T105_01,0,0.3595626950263977,0
ann,3,SR1482_40X_HE_T115_01,0,0.5686394572257996,1
ann,3,SR1482_40X_HE_T115_02,0,0.3848765194416046,0
ann,3,SR1482_40X_HE_T118_01,0,0.6240295767784119,1
ann,3,SR1482_40X_HE_T118_02,0,0.7972872257232666,1
ann,3,SR1482_40X_HE_T120_01,0,0.7362000346183777,1
ann,3,SR1482_40X_HE_T120_02,0,0.6807161569595337,1
ann,3,SR1482_40X_HE_T124_01,0,0.8004245162010193,1
ann,3,SR1482_40X_HE_T124_02,0,0.7036022543907166,1
ann,3,SR1482_40X_HE_T138_01,0,0.2984444797039032,0
ann,3,SR1482_40X_HE_T160_01,0,0.47840243577957153,0
ann,3,SR1482_40X_HE_T160_02,0,0.39128121733665466,0
ann,3,SR1482_40X_HE_T167_01,0,0.37300482392311096,0
ann,3,SR1482_40X_HE_T167_02,0,0.42877352237701416,0
ann,3,SR1482_40X_HE_T175_01,0,0.29338017106056213,0
ann,3,SR1482_40X_HE_T175_02,0,0.4191359579563141,0
ann,3,SR1482_40X_HE_T177_01,1,0.37141767144203186,0
ann,3,SR1482_40X_HE_T188_01,0,0.17594429850578308,0
ann,3,SR1482_40X_HE_T195_01,0,0.32456085085868835,0
ann,3,SR1482_40X_HE_T195_02,0,0.3110447824001312,0
ann,3,SR1482_40X_HE_T202_01,0,0.3082940876483917,0
ann,3,SR1482_40X_HE_T202_02,0,0.43822920322418213,0
ann,3,SR1482_40X_HE_T225_01,0,0.7550204992294312,1
ann,3,SR1482_40X_HE_T225_02,0,0.4526107609272003,0
ann,3,SR1482_40X_HE_T235_01,0,0.5803424715995789,1
ann,3,SR1482_40X_HE_T235_02,0,0.4763032793998718,0
ann,3,SR1482_40X_HE_T236_01,0,0.2196318805217743,0
ann,3,SR1482_40X_HE_T236_02,0,0.35146448016166687,0
ann,3,SR1482_40X_HE_T258_01,0,0.3289664685726166,0
ann,3,SR1482_40X_HE_T258_02,0,0.416157990694046,0
ann,3,SR1482_40X_HE_T284_01,1,0.5162855386734009,1
ann,3,SR1482_40X_HE_T284_02,1,0.8136453032493591,1
ann,3,SR1482_40X_HE_T301_01,1,0.4355308711528778,0
ann,3,SR1482_40X_HE_T301_02,1,0.6591488718986511,1
ann,3,SR1482_40X_HE_T309_01,0,0.5213609337806702,1
ann,3,SR1482_40X_HE_T313_01,0,0.6175351142883301,1
ann,3,SR1482_40X_HE_T313_02,0,0.6797851324081421,1
ann,3,SR1482_40X_HE_T338_01,0,0.7841522097587585,1
ann,3,SR1482_40X_HE_T344_01,0,0.5702842473983765,1
ann,3,SR1482_40X_HE_T344_02,0,0.5506179332733154,1
ann,3,SR1482_40X_HE_T346_01,0,0.6286655068397522,1
ann,3,SR1482_40X_HE_T346_02,0,0.5247425436973572,1
ann,3,SR1482_40X_HE_T377_01,0,0.34513482451438904,0
ann,3,SR1482_40X_HE_T377_02,0,0.3835124969482422,0
ann,3,SR1482_40X_HE_T419_01,0,0.4163355529308319,0
ann,3,SR1482_40X_HE_T427_01,0,0.4091062545776367,0
ann,3,SR1482_40X_HE_T427_02,0,0.28331395983695984,0
ann,3,SR386_40X_HE_T007_01,0,0.49518829584121704,0
ann,3,SR386_40X_HE_T015_01,0,0.47437092661857605,0
ann,3,SR386_40X_HE_T017_01,1,0.5860412120819092,1
ann,3,SR386_40X_HE_T032_01,0,0.3403218388557434,0
ann,3,SR386_40X_HE_T034_01,0,0.3062910735607147,0
ann,3,SR386_40X_HE_T035_01,0,0.40500932931900024,0
ann,3,SR386_40X_HE_T041_01,0,0.5889438986778259,1
ann,3,SR386_40X_HE_T067_01,0,0.35902953147888184,0
ann,3,SR386_40X_HE_T075_01,0,0.3294599950313568,0
ann,3,SR386_40X_HE_T081_01,0,0.3975747227668762,0
ann,3,SR386_40X_HE_T083_01,0,0.34470656514167786,0
ann,3,SR386_40X_HE_T085_01,0,0.3162822425365448,0
ann,3,SR386_40X_HE_T095_01,0,0.4328494668006897,0
ann,3,SR386_40X_HE_T104_01,0,0.32312288880348206,0
ann,3,SR386_40X_HE_T106_01,0,0.32173264026641846,0
ann,3,SR386_40X_HE_T112_01,0,0.3749070465564728,0
ann,3,SR386_40X_HE_T128_01,0,0.34702518582344055,0
ann,3,SR386_40X_HE_T132_01,0,0.31444036960601807,0
ann,3,SR386_40X_HE_T138_01,0,0.388997882604599,0
ann,3,SR386_40X_HE_T142_01,0,0.5198982357978821,1
ann,3,SR386_40X_HE_T149_01,0,0.26819029450416565,0
ann,3,SR386_40X_HE_T165_01,1,0.42319256067276,0
ann,3,SR386_40X_HE_T179_01,0,0.5492848753929138,1
ann,3,SR386_40X_HE_T180_01,0,0.31799039244651794,0
ann,3,SR386_40X_HE_T182_01,0,0.40259692072868347,0
ann,3,SR386_40X_HE_T184_01,0,0.40053531527519226,0
ann,3,SR386_40X_HE_T188_01,0,0.4187173545360565,0
ann,3,SR386_40X_HE_T191_01,0,0.26735320687294006,0
ann,3,SR386_40X_HE_T197_01,0,0.39211782813072205,0
ann,3,SR386_40X_HE_T201_01,0,0.21774740517139435,0
ann,3,SR386_40X_HE_T202_01,0,0.30014684796333313,0
ann,3,SR386_40X_HE_T208_01,0,0.2628451883792877,0
ann,3,SR386_40X_HE_T216_01,1,0.5125486254692078,1
ann,3,SR386_40X_HE_T238_01,0,0.2773107588291168,0
ann,3,SR386_40X_HE_T244_01,0,0.19070355594158173,0
ann,3,SR386_40X_HE_T248_01,0,0.34784919023513794,0
ann,3,SR386_40X_HE_T249_01,0,0.2744081914424896,0
ann,3,SR386_40X_HE_T250_01,0,0.44917625188827515,0
ann,3,SR386_40X_HE_T263_01,0,0.36279296875,0
ann,3,SR386_40X_HE_T267_01,0,0.42242544889450073,0
ann,3,SR386_40X_HE_T269_01,0,0.3421872854232788,0
ann,3,SR386_40X_HE_T277_01,0,0.39939582347869873,0
ann,3,SR386_40X_HE_T286_01,0,0.6564751863479614,1
ann,3,SR386_40X_HE_T287_01,0,0.5123022794723511,1
ann,3,SR386_40X_HE_T290_01,0,0.39393579959869385,0
ann,3,SR386_40X_HE_T293_01,0,0.40729573369026184,0
ann,3,SR386_40X_HE_T298_01,0,0.405366450548172,0
ann,3,SR386_40X_HE_T303_01,0,0.2502800524234772,0
ann,3,SR386_40X_HE_T312_01,0,0.4762134253978729,0
ann,3,SR386_40X_HE_T329_01,0,0.49830883741378784,0
ann,3,SR386_40X_HE_T336_01,0,0.29295021295547485,0
ann,3,SR386_40X_HE_T338_01,0,0.27293887734413147,0
ann,3,SR386_40X_HE_T342_01,0,0.4587191939353943,0
ann,3,SR386_40X_HE_T353_01,0,0.3768169581890106,0
ann,3,SR386_40X_HE_T357_01,0,0.31220099329948425,0
ann,3,SR386_40X_HE_T362_01,0,0.3205822706222534,0
ann,3,SR386_40X_HE_T363_01,1,0.5214983224868774,1
ann,3,SR386_40X_HE_T372_01,0,0.38223326206207275,0
ann,3,SR386_40X_HE_T378_01,0,0.34441375732421875,0
ann,3,SR386_40X_HE_T379_01,0,0.35196250677108765,0
ann,3,SR386_40X_HE_T386_01,0,0.3619690239429474,0
ann,3,SR386_40X_HE_T387_01,0,0.23131313920021057,0
ann,3,SR386_40X_HE_T393_01,0,0.3473427891731262,0
ann,3,SR386_40X_HE_T397_01,0,0.5608121752738953,1
ann,3,SR386_40X_HE_T406_01,0,0.5247431397438049,1
ann,3,SR386_40X_HE_T409_01,0,0.34143754839897156,0
ann,3,SR386_40X_HE_T422_01,0,0.31991928815841675,0
ann,3,SR386_40X_HE_T426_01,0,0.3499937057495117,0
ann,3,SR386_40X_HE_T433_01,0,0.31875309348106384,0
ann,3,SR386_40X_HE_T443_01,0,0.5507906675338745,1
ann,3,SR386_40X_HE_T448_01,0,0.4011077582836151,0
ann,3,SR386_40X_HE_T452_01,0,0.4173083007335663,0
ann,3,SR386_40X_HE_T460_01,1,0.4796288013458252,0
ann,3,SR386_40X_HE_T473_01,0,0.41745224595069885,0
ann,3,SR386_40X_HE_T475_01,0,0.19155386090278625,0
ann,3,SR386_40X_HE_T478_01,0,0.23481854796409607,0
ann,3,SR386_40X_HE_T489_01,1,0.30941101908683777,0
ann,3,SR386_40X_HE_T491_01,0,0.4921300709247589,0
ann,3,SR386_40X_HE_T492_01,0,0.2846280336380005,0
ann,3,SR386_40X_HE_T493_01,0,0.27777010202407837,0
ann,3,SR386_40X_HE_T502_01,0,0.34791669249534607,0
ann,3,SR386_40X_HE_T505_01,0,0.47451722621917725,0
ann,3,SR386_40X_HE_T506_01,0,0.3196072280406952,0
ann,3,SR386_40X_HE_T509_01,0,0.46279391646385193,0
ann,3,SR386_40X_HE_T516_01,0,0.3263648450374603,0
ann,3,SR386_40X_HE_T518_01,0,0.37994539737701416,0
ann,3,SR386_40X_HE_T519_01,0,0.44922006130218506,0
ann,3,SR386_40X_HE_T521_01,0,0.22649329900741577,0
ann,3,SR386_40X_HE_T526_01,0,0.5069321393966675,1
ann,3,SR386_40X_HE_T533_01,0,0.3461875915527344,0
ann,3,SR386_40X_HE_T543_01,0,0.41310927271842957,0
ann,3,SR386_40X_HE_T544_01,0,0.420722097158432,0
ann,3,SR386_40X_HE_T556_01,1,0.3248880207538605,0
ann,3,SR386_40X_HE_T560_01,0,0.48143792152404785,0
ann,3,SR386_40X_HE_T563_01,0,0.2973419725894928,0
ann,3,SR386_40X_HE_T568_01,0,0.2958627939224243,0
ann,3,SR386_40X_HE_T571_01,0,0.40537285804748535,0
ann,3,SR386_40X_HE_T572_01,0,0.4463385045528412,0
ann,3,SR386_40X_HE_T573_01,0,0.4078231453895569,0
ann,3,SR386_40X_HE_T583_01,0,0.3737981915473938,0
ann,4,SR1482_40X_HE_T002_01,0,0.43432217836380005,0
ann,4,SR1482_40X_HE_T003_01,0,0.4714902937412262,0
ann,4,SR1482_40X_HE_T004_01,0,0.15496401488780975,0
ann,4,SR1482_40X_HE_T004_02,0,0.2333705723285675,0
ann,4,SR1482_40X_HE_T011_01,0,0.4676808714866638,0
ann,4,SR1482_40X_HE_T025_01,0,0.6836933493614197,1
ann,4,SR1482_40X_HE_T025_02,0,0.835030198097229,1
ann,4,SR1482_40X_HE_T060_01,0,0.44118252396583557,0
ann,4,SR1482_40X_HE_T062_01,0,0.5989063382148743,1
ann,4,SR1482_40X_HE_T062_02,0,0.5380650162696838,1
ann,4,SR1482_40X_HE_T064_01,0,0.7252485752105713,1
ann,4,SR1482_40X_HE_T064_02,0,0.37969905138015747,0
ann,4,SR1482_40X_HE_T071_01,0,0.5744405388832092,1
ann,4,SR1482_40X_HE_T071_02,0,0.38498997688293457,0
ann,4,SR1482_40X_HE_T074_01,0,0.36008235812187195,0
ann,4,SR1482_40X_HE_T074_02,0,0.3333914577960968,0
ann,4,SR1482_40X_HE_T083_01,0,0.5044692754745483,1
ann,4,SR1482_40X_HE_T083_02,0,0.42704975605010986,0
ann,4,SR1482_40X_HE_T087_01,0,0.2581668794155121,0
ann,4,SR1482_40X_HE_T097_01,1,0.7034671306610107,1
ann,4,SR1482_40X_HE_T097_02,1,0.3315970003604889,0
ann,4,SR1482_40X_HE_T108_01,0,0.36086639761924744,0
ann,4,SR1482_40X_HE_T113_01,0,0.34066981077194214,0
ann,4,SR1482_40X_HE_T113_02,0,0.43362921476364136,0
ann,4,SR1482_40X_HE_T121_01,0,0.18789203464984894,0
ann,4,SR1482_40X_HE_T122_01,0,0.28665587306022644,0
ann,4,SR1482_40X_HE_T125_01,0,0.2866191267967224,0
ann,4,SR1482_40X_HE_T125_02,0,0.3733461797237396,0
ann,4,SR1482_40X_HE_T131_01,0,0.8393030166625977,1
ann,4,SR1482_40X_HE_T131_02,0,0.8452103734016418,1
ann,4,SR1482_40X_HE_T132_01,0,0.3360813558101654,0
ann,4,SR1482_40X_HE_T132_02,0,0.26554933190345764,0
ann,4,SR1482_40X_HE_T143_01,0,0.5740707516670227,1
ann,4,SR1482_40X_HE_T143_02,0,0.5749590396881104,1
ann,4,SR1482_40X_HE_T166_01,1,0.2685820460319519,0
ann,4,SR1482_40X_HE_T169_01,0,0.5111905336380005,1
ann,4,SR1482_40X_HE_T176_01,1,0.7395105957984924,1
ann,4,SR1482_40X_HE_T176_02,1,0.46125370264053345,0
ann,4,SR1482_40X_HE_T191_01,0,0.17840570211410522,0
ann,4,SR1482_40X_HE_T194_01,0,0.5409243106842041,1
ann,4,SR1482_40X_HE_T218_01,0,0.37363871932029724,0
ann,4,SR1482_40X_HE_T253_01,0,0.3826967775821686,0
ann,4,SR1482_40X_HE_T290_01,0,0.6099516749382019,1
ann,4,SR1482_40X_HE_T308_01,0,0.486188679933548,0
ann,4,SR1482_40X_HE_T314_01,0,0.7131265997886658,1
ann,4,SR1482_40X_HE_T314_02,0,0.7658915519714355,1
ann,4,SR1482_40X_HE_T372_01,1,0.7217244505882263,1
ann,4,SR1482_40X_HE_T372_02,1,0.582898736000061,1
ann,4,SR1482_40X_HE_T408_01,0,0.3960045576095581,0
ann,4,SR1482_40X_HE_T412_01,0,0.47574537992477417,0
ann,4,SR1482_40X_HE_T425_01,0,0.21491241455078125,0
ann,4,SR1482_40X_HE_T434_01,1,0.6406763792037964,1
ann,4,SR386_40X_HE_T006_01,0,0.29148373007774353,0
ann,4,SR386_40X_HE_T010_01,0,0.31731852889060974,0
ann,4,SR386_40X_HE_T014_01,0,0.28597694635391235,0
ann,4,SR386_40X_HE_T016_01,0,0.23577889800071716,0
ann,4,SR386_40X_HE_T020_01,0,0.23229381442070007,0
ann,4,SR386_40X_HE_T027_01,0,0.4032677412033081,0
ann,4,SR386_40X_HE_T028_01,0,0.4244959056377411,0
ann,4,SR386_40X_HE_T037_01,0,0.19295068085193634,0
ann,4,SR386_40X_HE_T043_01,0,0.6214649081230164,1
ann,4,SR386_40X_HE_T044_01,1,0.40329527854919434,0
ann,4,SR386_40X_HE_T046_01,0,0.10016341507434845,0
ann,4,SR386_40X_HE_T058_01,0,0.2160799503326416,0
ann,4,SR386_40X_HE_T062_01,0,0.15409524738788605,0
ann,4,SR386_40X_HE_T065_01,1,0.4638761579990387,0
ann,4,SR386_40X_HE_T080_01,0,0.198751300573349,0
ann,4,SR386_40X_HE_T091_01,0,0.32995638251304626,0
ann,4,SR386_40X_HE_T094_01,0,0.22247165441513062,0
ann,4,SR386_40X_HE_T097_01,0,0.37175264954566956,0
ann,4,SR386_40X_HE_T100_01,0,0.7682997584342957,1
ann,4,SR386_40X_HE_T107_01,0,0.26710131764411926,0
ann,4,SR386_40X_HE_T109_01,1,0.5226454734802246,1
ann,4,SR386_40X_HE_T110_01,0,0.5045695900917053,1
ann,4,SR386_40X_HE_T117_01,0,0.47976821660995483,0
ann,4,SR386_40X_HE_T127_01,0,0.2733174264431,0
ann,4,SR386_40X_HE_T129_01,0,0.21235774457454681,0
ann,4,SR386_40X_HE_T136_01,0,0.4990353584289551,0
ann,4,SR386_40X_HE_T154_01,0,0.28981393575668335,0
ann,4,SR386_40X_HE_T168_01,1,0.5610799193382263,1
ann,4,SR386_40X_HE_T175_01,0,0.24020026624202728,0
ann,4,SR386_40X_HE_T189_01,0,0.3913736939430237,0
ann,4,SR386_40X_HE_T195_01,0,0.22573897242546082,0
ann,4,SR386_40X_HE_T227_01,0,0.3020421862602234,0
ann,4,SR386_40X_HE_T233_01,0,0.7616269588470459,1
ann,4,SR386_40X_HE_T234_01,0,0.4887174367904663,0
ann,4,SR386_40X_HE_T235_01,0,0.42404505610466003,0
ann,4,SR386_40X_HE_T239_01,0,0.5355238914489746,1
ann,4,SR386_40X_HE_T245_01,0,0.19174730777740479,0
ann,4,SR386_40X_HE_T256_01,0,0.35901156067848206,0
ann,4,SR386_40X_HE_T265_01,0,0.7177441120147705,1
ann,4,SR386_40X_HE_T268_01,0,0.22804592549800873,0
ann,4,SR386_40X_HE_T270_01,0,0.4895598292350769,0
ann,4,SR386_40X_HE_T272_01,0,0.3926062285900116,0
ann,4,SR386_40X_HE_T273_01,0,0.2880184054374695,0
ann,4,SR386_40X_HE_T276_01,0,0.7708410620689392,1
ann,4,SR386_40X_HE_T278_01,1,0.5457573533058167,1
ann,4,SR386_40X_HE_T284_01,0,0.18901656568050385,0
ann,4,SR386_40X_HE_T285_01,0,0.19930259883403778,0
ann,4,SR386_40X_HE_T288_01,0,0.48919135332107544,0
ann,4,SR386_40X_HE_T291_01,0,0.41773107647895813,0
ann,4,SR386_40X_HE_T300_01,0,0.14314554631710052,0
ann,4,SR386_40X_HE_T302_01,0,0.3028371036052704,0
ann,4,SR386_40X_HE_T305_01,0,0.20220401883125305,0
ann,4,SR386_40X_HE_T308_01,0,0.2674639821052551,0
ann,4,SR386_40X_HE_T325_01,0,0.36461111903190613,0
ann,4,SR386_40X_HE_T331_01,0,0.2845550775527954,0
ann,4,SR386_40X_HE_T341_01,0,0.417704313993454,0
ann,4,SR386_40X_HE_T343_01,1,0.5425556302070618,1
ann,4,SR386_40X_HE_T346_01,0,0.5987394452095032,1
ann,4,SR386_40X_HE_T352_01,0,0.45528462529182434,0
ann,4,SR386_40X_HE_T373_01,0,0.3639366626739502,0
ann,4,SR386_40X_HE_T375_01,0,0.4423726797103882,0
ann,4,SR386_40X_HE_T381_01,0,0.3316349983215332,0
ann,4,SR386_40X_HE_T389_01,0,0.46735212206840515,0
ann,4,SR386_40X_HE_T391_01,0,0.14614200592041016,0
ann,4,SR386_40X_HE_T394_01,0,0.35522395372390747,0
ann,4,SR386_40X_HE_T399_01,0,0.3209580183029175,0
ann,4,SR386_40X_HE_T403_01,0,0.32445335388183594,0
ann,4,SR386_40X_HE_T405_01,0,0.526506245136261,1
ann,4,SR386_40X_HE_T407_01,0,0.3778623938560486,0
ann,4,SR386_40X_HE_T414_01,0,0.31983521580696106,0
ann,4,SR386_40X_HE_T424_01,0,0.47098615765571594,0
ann,4,SR386_40X_HE_T429_01,0,0.5712385773658752,1
ann,4,SR386_40X_HE_T441_01,0,0.5957896709442139,1
ann,4,SR386_40X_HE_T451_01,0,0.36983931064605713,0
ann,4,SR386_40X_HE_T453_01,0,0.17176082730293274,0
ann,4,SR386_40X_HE_T455_01,0,0.6433407664299011,1
ann,4,SR386_40X_HE_T465_01,0,0.5193231105804443,1
ann,4,SR386_40X_HE_T474_01,0,0.4704914689064026,0
ann,4,SR386_40X_HE_T476_01,0,0.21957655251026154,0
ann,4,SR386_40X_HE_T479_01,0,0.4124663472175598,0
ann,4,SR386_40X_HE_T482_01,0,0.24026308953762054,0
ann,4,SR386_40X_HE_T487_01,0,0.4204177260398865,0
ann,4,SR386_40X_HE_T490_01,0,0.34198498725891113,0
ann,4,SR386_40X_HE_T494_01,0,0.2628830671310425,0
ann,4,SR386_40X_HE_T500_01,0,0.27136465907096863,0
ann,4,SR386_40X_HE_T510_01,0,0.31711652874946594,0
ann,4,SR386_40X_HE_T524_01,0,0.4105086028575897,0
ann,4,SR386_40X_HE_T528_01,0,0.2577633261680603,0
ann,4,SR386_40X_HE_T532_01,0,0.2487553358078003,0
ann,4,SR386_40X_HE_T534_01,0,0.5772331953048706,1
ann,4,SR386_40X_HE_T536_01,0,0.2758118808269501,0
ann,4,SR386_40X_HE_T537_01,0,0.19235403835773468,0
ann,4,SR386_40X_HE_T541_01,0,0.33430084586143494,0
ann,4,SR386_40X_HE_T548_01,1,0.33473411202430725,0
ann,4,SR386_40X_HE_T550_01,0,0.9470740556716919,1
ann,4,SR386_40X_HE_T551_01,0,0.15911206603050232,0
ann,4,SR386_40X_HE_T557_01,0,0.1486862301826477,0
ann,4,SR386_40X_HE_T565_01,0,0.23586730659008026,0
ann,4,SR386_40X_HE_T567_01,0,0.5005245208740234,1
ann,4,SR386_40X_HE_T575_01,0,0.3737887740135193,0
ann,4,SR386_40X_HE_T576_01,0,0.5181064605712891,1
ann,4,SR386_40X_HE_T581_01,0,0.37363308668136597,0
knn,1,SR1482_40X_HE_T029_01,0,0.0,0
knn,1,SR1482_40X_HE_T029_02,0,0.2,0
knn,1,SR1482_40X_HE_T057_01,0,0.0,0
knn,1,SR1482_40X_HE_T063_01,1,0.0,0
knn,1,SR1482_40X_HE_T063_02,1,0.2,0
knn,1,SR1482_40X_HE_T065_01,0,0.0,0
knn,1,SR1482_40X_HE_T065_02,0,0.0,0
knn,1,SR1482_40X_HE_T066_01,0,0.2,0
knn,1,SR1482_40X_HE_T066_02,0,0.2,0
knn,1,SR1482_40X_HE_T068_01,0,0.0,0
knn,1,SR1482_40X_HE_T069_01,0,0.2,0
knn,1,SR1482_40X_HE_T069_02,0,0.0,0
knn,1,SR1482_40X_HE_T079_01,1,0.0,0
knn,1,SR1482_40X_HE_T079_02,1,0.2,0
knn,1,SR1482_40X_HE_T080_01,0,0.2,0
knn,1,SR1482_40X_HE_T080_02,0,0.4,0
knn,1,SR1482_40X_HE_T081_01,0,0.2,0
knn,1,SR1482_40X_HE_T081_02,0,0.2,0
knn,1,SR1482_40X_HE_T099_01,0,0.0,0
knn,1,SR1482_40X_HE_T116_01,0,0.0,0
knn,1,SR1482_40X_HE_T117_01,0,0.2,0
knn,1,SR1482_40X_HE_T117_02,0,0.4,0
knn,1,SR1482_40X_HE_T126_01,0,0.0,0
knn,1,SR1482_40X_HE_T129_01,0,0.2,0
knn,1,SR1482_40X_HE_T129_02,0,0.0,0
knn,1,SR1482_40X_HE_T139_01,0,0.0,0
knn,1,SR1482_40X_HE_T139_02,0,0.4,0
knn,1,SR1482_40X_HE_T147_01,0,0.2,0
knn,1,SR1482_40X_HE_T147_02,0,0.6,1
knn,1,SR1482_40X_HE_T159_01,0,0.4,0
knn,1,SR1482_40X_HE_T159_02,0,0.4,0
knn,1,SR1482_40X_HE_T192_01,0,0.0,0
knn,1,SR1482_40X_HE_T199_01,0,0.0,0
knn,1,SR1482_40X_HE_T304_01,0,0.0,0
knn,1,SR1482_40X_HE_T304_02,0,0.2,0
knn,1,SR1482_40X_HE_T310_01,1,0.2,0
knn,1,SR1482_40X_HE_T310_02,1,0.2,0
knn,1,SR1482_40X_HE_T341_01,0,0.0,0
knn,1,SR1482_40X_HE_T341_02,0,0.0,0
knn,1,SR1482_40X_HE_T353_01,0,0.0,0
knn,1,SR1482_40X_HE_T390_01,0,0.0,0
knn,1,SR1482_40X_HE_T433_01,1,0.0,0
knn,1,SR386_40X_HE_T003_01,0,0.0,0
knn,1,SR386_40X_HE_T004_01,0,0.0,0
knn,1,SR386_40X_HE_T022_01,1,0.2,0
knn,1,SR386_40X_HE_T030_01,0,0.2,0
knn,1,SR386_40X_HE_T033_01,0,0.2,0
knn,1,SR386_40X_HE_T036_01,0,0.0,0
knn,1,SR386_40X_HE_T038_01,0,0.0,0
knn,1,SR386_40X_HE_T049_01,0,0.0,0
knn,1,SR386_40X_HE_T050_01,0,0.0,0
knn,1,SR386_40X_HE_T060_01,0,0.0,0
knn,1,SR386_40X_HE_T063_01,0,0.0,0
knn,1,SR386_40X_HE_T066_01,0,0.0,0
knn,1,SR386_40X_HE_T069_01,0,0.0,0
knn,1,SR386_40X_HE_T072_01,0,0.0,0
knn,1,SR386_40X_HE_T074_01,0,0.2,0
knn,1,SR386_40X_HE_T078_01,0,0.0,0
knn,1,SR386_40X_HE_T079_01,0,0.0,0
knn,1,SR386_40X_HE_T092_01,1,0.0,0
knn,1,SR386_40X_HE_T096_01,0,0.0,0
knn,1,SR386_40X_HE_T099_01,0,0.2,0
knn,1,SR386_40X_HE_T103_01,0,0.0,0
knn,1,SR386_40X_HE_T108_01,0,0.0,0
knn,1,SR386_40X_HE_T113_01,0,0.0,0
knn,1,SR386_40X_HE_T114_01,0,0.0,0
knn,1,SR386_40X_HE_T119_01,0,0.0,0
knn,1,SR386_40X_HE_T126_01,0,0.2,0
knn,1,SR386_40X_HE_T130_01,0,0.0,0
knn,1,SR386_40X_HE_T131_01,0,0.0,0
knn,1,SR386_40X_HE_T135_01,0,0.2,0
knn,1,SR386_40X_HE_T140_01,0,0.0,0
knn,1,SR386_40X_HE_T144_01,0,0.2,0
knn,1,SR386_40X_HE_T147_01,0,0.0,0
knn,1,SR386_40X_HE_T148_01,0,0.2,0
knn,1,SR386_40X_HE_T160_01,0,0.0,0
knn,1,SR386_40X_HE_T169_01,0,0.0,0
knn,1,SR386_40X_HE_T170_01,1,0.4,0
knn,1,SR386_40X_HE_T172_01,0,0.0,0
knn,1,SR386_40X_HE_T174_01,0,0.0,0
knn,1,SR386_40X_HE_T181_01,0,0.0,0
knn,1,SR386_40X_HE_T196_01,0,0.0,0
knn,1,SR386_40X_HE_T205_01,0,0.2,0
knn,1,SR386_40X_HE_T209_01,0,0.0,0
knn,1,SR386_40X_HE_T210_01,0,0.4,0
knn,1,SR386_40X_HE_T212_01,0,0.0,0
knn,1,SR386_40X_HE_T221_01,0,0.0,0
knn,1,SR386_40X_HE_T224_01,0,0.2,0
knn,1,SR386_40X_HE_T231_01,1,0.0,0
knn,1,SR386_40X_HE_T232_01,0,0.0,0
knn,1,SR386_40X_HE_T247_01,0,0.0,0
knn,1,SR386_40X_HE_T252_01,0,0.0,0
knn,1,SR386_40X_HE_T255_01,0,0.0,0
knn,1,SR386_40X_HE_T259_01,1,0.0,0
knn,1,SR386_40X_HE_T274_01,0,0.0,0
knn,1,SR386_40X_HE_T275_01,0,0.0,0
knn,1,SR386_40X_HE_T282_01,0,0.0,0
knn,1,SR386_40X_HE_T294_01,0,0.0,0
knn,1,SR386_40X_HE_T311_01,0,0.2,0
knn,1,SR386_40X_HE_T315_01,0,0.0,0
knn,1,SR386_40X_HE_T319_01,1,0.0,0
knn,1,SR386_40X_HE_T324_01,1,0.0,0
knn,1,SR386_40X_HE_T330_01,0,0.0,0
knn,1,SR386_40X_HE_T333_01,0,0.0,0
knn,1,SR386_40X_HE_T335_01,0,0.0,0
knn,1,SR386_40X_HE_T337_01,0,0.0,0
knn,1,SR386_40X_HE_T344_01,0,0.0,0
knn,1,SR386_40X_HE_T347_01,0,0.0,0
knn,1,SR386_40X_HE_T350_01,0,0.0,0
knn,1,SR386_40X_HE_T351_01,0,0.2,0
knn,1,SR386_40X_HE_T360_01,0,0.0,0
knn,1,SR386_40X_HE_T361_01,0,0.0,0
knn,1,SR386_40X_HE_T366_01,0,0.0,0
knn,1,SR386_40X_HE_T377_01,1,0.0,0
knn,1,SR386_40X_HE_T384_01,0,0.0,0
knn,1,SR386_40X_HE_T395_01,0,0.0,0
knn,1,SR386_40X_HE_T396_01,0,0.0,0
knn,1,SR386_40X_HE_T401_01,0,0.0,0
knn,1,SR386_40X_HE_T408_01,0,0.0,0
knn,1,SR386_40X_HE_T410_01,0,0.0,0
knn,1,SR386_40X_HE_T413_01,0,0.2,0
knn,1,SR386_40X_HE_T416_01,0,0.0,0
knn,1,SR386_40X_HE_T418_01,0,0.0,0
knn,1,SR386_40X_HE_T419_01,0,0.0,0
knn,1,SR386_40X_HE_T421_01,0,0.0,0
knn,1,SR386_40X_HE_T423_01,0,0.2,0
knn,1,SR386_40X_HE_T428_01,0,0.0,0
knn,1,SR386_40X_HE_T430_01,0,0.0,0
knn,1,SR386_40X_HE_T431_01,0,0.0,0
knn,1,SR386_40X_HE_T435_01,0,0.0,0
knn,1,SR386_40X_HE_T438_01,0,0.0,0
knn,1,SR386_40X_HE_T439_01,0,0.4,0
knn,1,SR386_40X_HE_T447_01,0,0.0,0
knn,1,SR386_40X_HE_T449_01,0,0.0,0
knn,1,SR386_40X_HE_T454_01,0,0.0,0
knn,1,SR386_40X_HE_T456_01,0,0.0,0
knn,1,SR386_40X_HE_T461_01,0,0.0,0
knn,1,SR386_40X_HE_T462_01,0,0.0,0
knn,1,SR386_40X_HE_T468_01,0,0.0,0
knn,1,SR386_40X_HE_T469_01,1,0.2,0
knn,1,SR386_40X_HE_T470_01,0,0.2,0
knn,1,SR386_40X_HE_T471_01,0,0.0,0
knn,1,SR386_40X_HE_T477_01,0,0.2,0
knn,1,SR386_40X_HE_T480_01,0,0.0,0
knn,1,SR386_40X_HE_T484_01,0,0.0,0
knn,1,SR386_40X_HE_T495_01,0,0.0,0
knn,1,SR386_40X_HE_T496_01,0,0.0,0
knn,1,SR386_40X_HE_T498_01,0,0.0,0
knn,1,SR386_40X_HE_T504_01,0,0.0,0
knn,1,SR386_40X_HE_T511_01,0,0.0,0
knn,1,SR386_40X_HE_T517_01,0,0.2,0
knn,1,SR386_40X_HE_T523_01,0,0.0,0
knn,1,SR386_40X_HE_T529_01,0,0.0,0
knn,1,SR386_40X_HE_T542_01,0,0.0,0
knn,1,SR386_40X_HE_T569_01,0,0.0,0
knn,1,SR386_40X_HE_T582_01,0,0.0,0
knn,2,SR1482_40X_HE_T009_01,0,0.0,0
knn,2,SR1482_40X_HE_T009_02,0,0.0,0
knn,2,SR1482_40X_HE_T015_01,0,0.0,0
knn,2,SR1482_40X_HE_T021_01,0,0.0,0
knn,2,SR1482_40X_HE_T067_01,0,0.0,0
knn,2,SR1482_40X_HE_T075_01,0,0.0,0
knn,2,SR1482_40X_HE_T075_02,0,0.0,0
knn,2,SR1482_40X_HE_T098_01,0,0.4,0
knn,2,SR1482_40X_HE_T098_02,0,0.0,0
knn,2,SR1482_40X_HE_T102_01,0,0.2,0
knn,2,SR1482_40X_HE_T123_01,0,0.0,0
knn,2,SR1482_40X_HE_T142_01,0,0.0,0
knn,2,SR1482_40X_HE_T146_01,0,0.4,0
knn,2,SR1482_40X_HE_T148_01,0,0.2,0
knn,2,SR1482_40X_HE_T148_02,0,0.2,0
knn,2,SR1482_40X_HE_T154_01,0,0.2,0
knn,2,SR1482_40X_HE_T158_01,0,0.2,0
knn,2,SR1482_40X_HE_T161_01,0,0.2,0
knn,2,SR1482_40X_HE_T161_02,0,0.0,0
knn,2,SR1482_40X_HE_T164_01,1,0.0,0
knn,2,SR1482_40X_HE_T164_02,1,0.2,0
knn,2,SR1482_40X_HE_T168_01,0,0.0,0
knn,2,SR1482_40X_HE_T171_01,0,0.2,0
knn,2,SR1482_40X_HE_T171_02,0,0.0,0
knn,2,SR1482_40X_HE_T178_01,1,0.2,0
knn,2,SR1482_40X_HE_T186_01,0,0.2,0
knn,2,SR1482_40X_HE_T193_01,0,0.2,0
knn,2,SR1482_40X_HE_T193_02,0,0.6,1
knn,2,SR1482_40X_HE_T209_01,0,0.2,0
knn,2,SR1482_40X_HE_T209_02,0,0.2,0
knn,2,SR1482_40X_HE_T245_01,0,0.4,0
knn,2,SR1482_40X_HE_T245_02,0,0.0,0
knn,2,SR1482_40X_HE_T265_01,0,0.0,0
knn,2,SR1482_40X_HE_T302_01,0,0.0,0
knn,2,SR1482_40X_HE_T343_01,1,0.2,0
knn,2,SR1482_40X_HE_T343_02,1,0.6,1
knn,2,SR1482_40X_HE_T399_01,0,0.4,0
knn,2,SR1482_40X_HE_T399_02,0,0.0,0
knn,2,SR1482_40X_HE_T426_01,0,0.2,0
knn,2,SR1482_40X_HE_T426_02,0,0.2,0
knn,2,SR386_40X_HE_T001_01,0,0.0,0
knn,2,SR386_40X_HE_T013_01,0,0.0,0
knn,2,SR386_40X_HE_T018_01,0,0.0,0
knn,2,SR386_40X_HE_T019_01,0,0.0,0
knn,2,SR386_40X_HE_T024_01,0,0.0,0
knn,2,SR386_40X_HE_T039_01,0,0.0,0
knn,2,SR386_40X_HE_T040_01,1,0.2,0
knn,2,SR386_40X_HE_T042_01,0,0.2,0
knn,2,SR386_40X_HE_T047_01,0,0.2,0
knn,2,SR386_40X_HE_T051_01,0,0.0,0
knn,2,SR386_40X_HE_T052_01,0,0.0,0
knn,2,SR386_40X_HE_T056_01,0,0.0,0
knn,2,SR386_40X_HE_T057_01,0,0.0,0
knn,2,SR386_40X_HE_T070_01,0,0.0,0
knn,2,SR386_40X_HE_T082_01,0,0.0,0
knn,2,SR386_40X_HE_T084_01,0,0.0,0
knn,2,SR386_40X_HE_T087_01,0,0.2,0
knn,2,SR386_40X_HE_T088_01,0,0.0,0
knn,2,SR386_40X_HE_T098_01,0,0.0,0
knn,2,SR386_40X_HE_T105_01,0,0.0,0
knn,2,SR386_40X_HE_T122_01,0,0.0,0
knn,2,SR386_40X_HE_T123_01,0,0.2,0
knn,2,SR386_40X_HE_T133_01,0,0.0,0
knn,2,SR386_40X_HE_T145_01,0,0.0,0
knn,2,SR386_40X_HE_T150_01,0,0.2,0
knn,2,SR386_40X_HE_T152_01,0,0.0,0
knn,2,SR386_40X_HE_T155_01,0,0.0,0
knn,2,SR386_40X_HE_T157_01,0,0.0,0
knn,2,SR386_40X_HE_T164_01,0,0.0,0
knn,2,SR386_40X_HE_T166_01,0,0.0,0
knn,2,SR386_40X_HE_T176_01,1,0.2,0
knn,2,SR386_40X_HE_T177_01,0,0.0,0
knn,2,SR386_40X_HE_T178_01,0,0.0,0
knn,2,SR386_40X_HE_T187_01,0,0.0,0
knn,2,SR386_40X_HE_T190_01,0,0.0,0
knn,2,SR386_40X_HE_T192_01,0,0.0,0
knn,2,SR386_40X_HE_T198_01,0,0.0,0
knn,2,SR386_40X_HE_T200_01,0,0.2,0
knn,2,SR386_40X_HE_T206_01,1,0.0,0
knn,2,SR386_40X_HE_T211_01,0,0.2,0
knn,2,SR386_40X_HE_T213_01,0,0.0,0
knn,2,SR386_40X_HE_T214_01,0,0.0,0
knn,2,SR386_40X_HE_T220_01,0,0.0,0
knn,2,SR386_40X_HE_T230_01,1,0.0,0
knn,2,SR386_40X_HE_T236_01,0,0.0,0
knn,2,SR386_40X_HE_T237_01,0,0.0,0
knn,2,SR386_40X_HE_T240_01,0,0.0,0
knn,2,SR386_40X_HE_T241_01,0,0.0,0
knn,2,SR386_40X_HE_T242_01,0,0.0,0
knn,2,SR386_40X_HE_T253_01,0,0.0,0
knn,2,SR386_40X_HE_T260_01,0,0.0,0
knn,2,SR386_40X_HE_T262_01,0,0.0,0
knn,2,SR386_40X_HE_T264_01,0,0.2,0
knn,2,SR386_40X_HE_T271_01,0,0.2,0
knn,2,SR386_40X_HE_T281_01,0,0.0,0
knn,2,SR386_40X_HE_T297_01,0,0.0,0
knn,2,SR386_40X_HE_T299_01,0,0.0,0
knn,2,SR386_40X_HE_T301_01,0,0.0,0
knn,2,SR386_40X_HE_T306_01,0,0.0,0
knn,2,SR386_40X_HE_T309_01,0,0.0,0
knn,2,SR386_40X_HE_T314_01,0,0.0,0
knn,2,SR386_40X_HE_T316_01,0,0.2,0
knn,2,SR386_40X_HE_T318_01,0,0.0,0
knn,2,SR386_40X_HE_T321_01,0,0.0,0
knn,2,SR386_40X_HE_T326_01,0,0.0,0
knn,2,SR386_40X_HE_T327_01,0,0.0,0
knn,2,SR386_40X_HE_T332_01,1,0.0,0
knn,2,SR386_40X_HE_T355_01,0,0.2,0
knn,2,SR386_40X_HE_T364_01,0,0.0,0
knn,2,SR386_40X_HE_T368_01,1,0.0,0
knn,2,SR386_40X_HE_T374_01,0,0.0,0
knn,2,SR386_40X_HE_T380_01,0,0.0,0
knn,2,SR386_40X_HE_T382_01,0,0.0,0
knn,2,SR386_40X_HE_T392_01,0,0.0,0
knn,2,SR386_40X_HE_T398_01,0,0.0,0
knn,2,SR386_40X_HE_T402_01,1,0.0,0
knn,2,SR386_40X_HE_T404_01,0,0.0,0
knn,2,SR386_40X_HE_T415_01,0,0.0,0
knn,2,SR386_40X_HE_T417_01,0,0.0,0
knn,2,SR386_40X_HE_T425_01,0,0.0,0
knn,2,SR386_40X_HE_T436_01,1,0.0,0
knn,2,SR386_40X_HE_T437_01,0,0.0,0
knn,2,SR386_40X_HE_T440_01,0,0.0,0
knn,2,SR386_40X_HE_T445_01,0,0.0,0
knn,2,SR386_40X_HE_T450_01,0,0.0,0
knn,2,SR386_40X_HE_T459_01,0,0.0,0
knn,2,SR386_40X_HE_T472_01,0,0.0,0
knn,2,SR386_40X_HE_T481_01,0,0.2,0
knn,2,SR386_40X_HE_T483_01,0,0.0,0
knn,2,SR386_40X_HE_T486_01,0,0.2,0
knn,2,SR386_40X_HE_T488_01,0,0.0,0
knn,2,SR386_40X_HE_T499_01,0,0.0,0
knn,2,SR386_40X_HE_T507_01,0,0.2,0
knn,2,SR386_40X_HE_T514_01,0,0.0,0
knn,2,SR386_40X_HE_T520_01,1,0.0,0
knn,2,SR386_40X_HE_T522_01,0,0.0,0
knn,2,SR386_40X_HE_T531_01,0,0.0,0
knn,2,SR386_40X_HE_T535_01,0,0.0,0
knn,2,SR386_40X_HE_T539_01,0,0.0,0
knn,2,SR386_40X_HE_T549_01,0,0.0,0
knn,2,SR386_40X_HE_T552_01,0,0.0,0
knn,2,SR386_40X_HE_T553_01,0,0.2,0
knn,2,SR386_40X_HE_T554_01,0,0.2,0
knn,2,SR386_40X_HE_T558_01,0,0.0,0
knn,2,SR386_40X_HE_T564_01,0,0.0,0
knn,2,SR386_40X_HE_T570_01,0,0.0,0
knn,2,SR386_40X_HE_T574_01,0,0.0,0
knn,2,SR386_40X_HE_T578_01,0,0.0,0
knn,2,SR386_40X_HE_T580_01,0,0.0,0
knn,3,SR1482_40X_HE_T005_01,0,0.0,0
knn,3,SR1482_40X_HE_T005_02,0,0.5787962935528792,1
knn,3,SR1482_40X_HE_T010_01,0,0.0,0
knn,3,SR1482_40X_HE_T043_01,0,0.0,0
knn,3,SR1482_40X_HE_T043_02,0,0.0,0
knn,3,SR1482_40X_HE_T049_01,0,0.0,0
knn,3,SR1482_40X_HE_T061_01,0,1.0,1
knn,3,SR1482_40X_HE_T061_02,0,0.0,0
knn,3,SR1482_40X_HE_T070_01,1,0.0,0
knn,3,SR1482_40X_HE_T073_01,0,0.0,0
knn,3,SR1482_40X_HE_T082_01,0,0.0,0
knn,3,SR1482_40X_HE_T082_02,0,0.0,0
knn,3,SR1482_40X_HE_T089_01,0,0.0,0
knn,3,SR1482_40X_HE_T090_01,0,0.0,0
knn,3,SR1482_40X_HE_T094_01,1,0.0,0
knn,3,SR1482_40X_HE_T094_02,1,0.0,0
knn,3,SR1482_40X_HE_T105_01,0,0.0,0
knn,3,SR1482_40X_HE_T115_01,0,0.0,0
knn,3,SR1482_40X_HE_T115_02,0,0.0,0
knn,3,SR1482_40X_HE_T118_01,0,0.6725972256586961,1
knn,3,SR1482_40X_HE_T118_02,0,0.0,0
knn,3,SR1482_40X_HE_T120_01,0,0.30325801440838906,0
knn,3,SR1482_40X_HE_T120_02,0,0.0,0
knn,3,SR1482_40X_HE_T124_01,0,0.6595528481330082,1
knn,3,SR1482_40X_HE_T124_02,0,0.3400801028214332,0
knn,3,SR1482_40X_HE_T138_01,0,0.0,0
knn,3,SR1482_40X_HE_T160_01,0,0.0,0
knn,3,SR1482_40X_HE_T160_02,0,0.0,0
knn,3,SR1482_40X_HE_T167_01,0,0.0,0
knn,3,SR1482_40X_HE_T167_02,0,0.0,0
knn,3,SR1482_40X_HE_T175_01,0,0.0,0
knn,3,SR1482_40X_HE_T175_02,0,0.0,0
knn,3,SR1482_40X_HE_T177_01,1,0.0,0
knn,3,SR1482_40X_HE_T188_01,0,0.28961564142915297,0
knn,3,SR1482_40X_HE_T195_01,0,0.3241322826816435,0
knn,3,SR1482_40X_HE_T195_02,0,0.0,0
knn,3,SR1482_40X_HE_T202_01,0,0.3492067826848221,0
knn,3,SR1482_40X_HE_T202_02,0,0.6506188261342261,1
knn,3,SR1482_40X_HE_T225_01,0,0.0,0
knn,3,SR1482_40X_HE_T225_02,0,0.0,0
knn,3,SR1482_40X_HE_T235_01,0,0.6800063289781932,1
knn,3,SR1482_40X_HE_T235_02,0,0.0,0
knn,3,SR1482_40X_HE_T236_01,0,0.0,0
knn,3,SR1482_40X_HE_T236_02,0,0.0,0
knn,3,SR1482_40X_HE_T258_01,0,0.0,0
knn,3,SR1482_40X_HE_T258_02,0,0.649301623731597,1
knn,3,SR1482_40X_HE_T284_01,1,0.0,0
knn,3,SR1482_40X_HE_T284_02,1,0.0,0
knn,3,SR1482_40X_HE_T301_01,1,0.3202115032929207,0
knn,3,SR1482_40X_HE_T301_02,1,0.32697028675735396,0
knn,3,SR1482_40X_HE_T309_01,0,0.3397712893279253,0
knn,3,SR1482_40X_HE_T313_01,0,0.0,0
knn,3,SR1482_40X_HE_T313_02,0,0.352514958162057,0
knn,3,SR1482_40X_HE_T338_01,0,0.3171495106053087,0
knn,3,SR1482_40X_HE_T344_01,0,0.0,0
knn,3,SR1482_40X_HE_T344_02,0,0.31954192645613766,0
knn,3,SR1482_40X_HE_T346_01,0,0.0,0
knn,3,SR1482_40X_HE_T346_02,0,0.0,0
knn,3,SR1482_40X_HE_T377_01,0,0.0,0
knn,3,SR1482_40X_HE_T377_02,0,0.0,0
knn,3,SR1482_40X_HE_T419_01,0,0.0,0
knn,3,SR1482_40X_HE_T427_01,0,0.0,0
knn,3,SR1482_40X_HE_T427_02,0,0.0,0
knn,3,SR386_40X_HE_T007_01,0,0.0,0
knn,3,SR386_40X_HE_T015_01,0,0.0,0
knn,3,SR386_40X_HE_T017_01,1,0.3188565114857577,0
knn,3,SR386_40X_HE_T032_01,0,0.0,0
knn,3,SR386_40X_HE_T034_01,0,0.0,0
knn,3,SR386_40X_HE_T035_01,0,0.0,0
knn,3,SR386_40X_HE_T041_01,0,0.7105436806462139,1
knn,3,SR386_40X_HE_T067_01,0,0.0,0
knn,3,SR386_40X_HE_T075_01,0,0.0,0
knn,3,SR386_40X_HE_T081_01,0,0.0,0
knn,3,SR386_40X_HE_T083_01,0,0.0,0
knn,3,SR386_40X_HE_T085_01,0,0.0,0
knn,3,SR386_40X_HE_T095_01,0,0.6510327251840681,1
knn,3,SR386_40X_HE_T104_01,0,0.0,0
knn,3,SR386_40X_HE_T106_01,0,0.0,0
knn,3,SR386_40X_HE_T112_01,0,0.0,0
knn,3,SR386_40X_HE_T128_01,0,0.0,0
knn,3,SR386_40X_HE_T132_01,0,0.0,0
knn,3,SR386_40X_HE_T138_01,0,0.0,0
knn,3,SR386_40X_HE_T142_01,0,0.0,0
knn,3,SR386_40X_HE_T149_01,0,0.36931938208070314,0
knn,3,SR386_40X_HE_T165_01,1,0.0,0
knn,3,SR386_40X_HE_T179_01,0,0.0,0
knn,3,SR386_40X_HE_T180_01,0,0.0,0
knn,3,SR386_40X_HE_T182_01,0,0.0,0
knn,3,SR386_40X_HE_T184_01,0,0.33515692769131217,0
knn,3,SR386_40X_HE_T188_01,0,0.0,0
knn,3,SR386_40X_HE_T191_01,0,0.0,0
knn,3,SR386_40X_HE_T197_01,0,0.0,0
knn,3,SR386_40X_HE_T201_01,0,0.29337746030545286,0
knn,3,SR386_40X_HE_T202_01,0,0.0,0
knn,3,SR386_40X_HE_T208_01,0,0.0,0
knn,3,SR386_40X_HE_T216_01,1,0.0,0
knn,3,SR386_40X_HE_T238_01,0,0.0,0
knn,3,SR386_40X_HE_T244_01,0,0.0,0
knn,3,SR386_40X_HE_T248_01,0,0.0,0
knn,3,SR386_40X_HE_T249_01,0,0.0,0
knn,3,SR386_40X_HE_T250_01,0,0.0,0
knn,3,SR386_40X_HE_T263_01,0,0.0,0
knn,3,SR386_40X_HE_T267_01,0,0.0,0
knn,3,SR386_40X_HE_T269_01,0,0.0,0
knn,3,SR386_40X_HE_T277_01,0,0.0,0
knn,3,SR386_40X_HE_T286_01,0,0.0,0
knn,3,SR386_40X_HE_T287_01,0,0.0,0
knn,3,SR386_40X_HE_T290_01,0,0.0,0
knn,3,SR386_40X_HE_T293_01,0,0.0,0
knn,3,SR386_40X_HE_T298_01,0,0.0,0
knn,3,SR386_40X_HE_T303_01,0,0.0,0
knn,3,SR386_40X_HE_T312_01,0,0.0,0
knn,3,SR386_40X_HE_T329_01,0,0.0,0
knn,3,SR386_40X_HE_T336_01,0,0.0,0
knn,3,SR386_40X_HE_T338_01,0,0.0,0
knn,3,SR386_40X_HE_T342_01,0,0.0,0
knn,3,SR386_40X_HE_T353_01,0,0.0,0
knn,3,SR386_40X_HE_T357_01,0,0.0,0
knn,3,SR386_40X_HE_T362_01,0,0.0,0
knn,3,SR386_40X_HE_T363_01,1,0.0,0
knn,3,SR386_40X_HE_T372_01,0,0.36404828882634077,0
knn,3,SR386_40X_HE_T378_01,0,0.0,0
knn,3,SR386_40X_HE_T379_01,0,0.0,0
knn,3,SR386_40X_HE_T386_01,0,0.0,0
knn,3,SR386_40X_HE_T387_01,0,0.0,0
knn,3,SR386_40X_HE_T393_01,0,0.0,0
knn,3,SR386_40X_HE_T397_01,0,0.35407596533240854,0
knn,3,SR386_40X_HE_T406_01,0,0.0,0
knn,3,SR386_40X_HE_T409_01,0,0.32719198410299005,0
knn,3,SR386_40X_HE_T422_01,0,0.0,0
knn,3,SR386_40X_HE_T426_01,0,0.0,0
knn,3,SR386_40X_HE_T433_01,0,0.0,0
knn,3,SR386_40X_HE_T443_01,0,0.0,0
knn,3,SR386_40X_HE_T448_01,0,0.0,0
knn,3,SR386_40X_HE_T452_01,0,0.0,0
knn,3,SR386_40X_HE_T460_01,1,0.0,0
knn,3,SR386_40X_HE_T473_01,0,0.0,0
knn,3,SR386_40X_HE_T475_01,0,0.0,0
knn,3,SR386_40X_HE_T478_01,0,0.0,0
knn,3,SR386_40X_HE_T489_01,1,0.0,0
knn,3,SR386_40X_HE_T491_01,0,0.0,0
knn,3,SR386_40X_HE_T492_01,0,0.0,0
knn,3,SR386_40X_HE_T493_01,0,0.0,0
knn,3,SR386_40X_HE_T502_01,0,0.0,0
knn,3,SR386_40X_HE_T505_01,0,0.0,0
knn,3,SR386_40X_HE_T506_01,0,0.30166328055667135,0
knn,3,SR386_40X_HE_T509_01,0,0.3750851724637459,0
knn,3,SR386_40X_HE_T516_01,0,0.0,0
knn,3,SR386_40X_HE_T518_01,0,0.0,0
knn,3,SR386_40X_HE_T519_01,0,0.0,0
knn,3,SR386_40X_HE_T521_01,0,0.0,0
knn,3,SR386_40X_HE_T526_01,0,0.0,0
knn,3,SR386_40X_HE_T533_01,0,0.0,0
knn,3,SR386_40X_HE_T543_01,0,0.0,0
knn,3,SR386_40X_HE_T544_01,0,0.0,0
knn,3,SR386_40X_HE_T556_01,1,0.0,0
knn,3,SR386_40X_HE_T560_01,0,0.0,0
knn,3,SR386_40X_HE_T563_01,0,0.0,0
knn,3,SR386_40X_HE_T568_01,0,0.0,0
knn,3,SR386_40X_HE_T571_01,0,0.32730683457145104,0
knn,3,SR386_40X_HE_T572_01,0,0.0,0
knn,3,SR386_40X_HE_T573_01,0,0.0,0
knn,3,SR386_40X_HE_T583_01,0,0.0,0
knn,4,SR1482_40X_HE_T002_01,0,0.0,0
knn,4,SR1482_40X_HE_T003_01,0,0.0,0
knn,4,SR1482_40X_HE_T004_01,0,0.0,0
knn,4,SR1482_40X_HE_T004_02,0,0.0,0
knn,4,SR1482_40X_HE_T011_01,0,0.0,0
knn,4,SR1482_40X_HE_T025_01,0,0.0,0
knn,4,SR1482_40X_HE_T025_02,0,0.0,0
knn,4,SR1482_40X_HE_T060_01,0,0.3333333333333333,0
knn,4,SR1482_40X_HE_T062_01,0,0.0,0
knn,4,SR1482_40X_HE_T062_02,0,0.3333333333333333,0
knn,4,SR1482_40X_HE_T064_01,0,0.3333333333333333,0
knn,4,SR1482_40X_HE_T064_02,0,0.3333333333333333,0
knn,4,SR1482_40X_HE_T071_01,0,0.3333333333333333,0
knn,4,SR1482_40X_HE_T071_02,0,0.3333333333333333,0
knn,4,SR1482_40X_HE_T074_01,0,0.3333333333333333,0
knn,4,SR1482_40X_HE_T074_02,0,0.3333333333333333,0
knn,4,SR1482_40X_HE_T083_01,0,0.3333333333333333,0
knn,4,SR1482_40X_HE_T083_02,0,0.6666666666666666,1
knn,4,SR1482_40X_HE_T087_01,0,0.0,0
knn,4,SR1482_40X_HE_T097_01,1,0.0,0
knn,4,SR1482_40X_HE_T097_02,1,0.0,0
knn,4,SR1482_40X_HE_T108_01,0,0.0,0
knn,4,SR1482_40X_HE_T113_01,0,0.3333333333333333,0
knn,4,SR1482_40X_HE_T113_02,0,0.0,0
knn,4,SR1482_40X_HE_T121_01,0,0.0,0
knn,4,SR1482_40X_HE_T122_01,0,0.0,0
knn,4,SR1482_40X_HE_T125_01,0,0.0,0
knn,4,SR1482_40X_HE_T125_02,0,0.0,0
knn,4,SR1482_40X_HE_T131_01,0,0.3333333333333333,0
knn,4,SR1482_40X_HE_T131_02,0,0.0,0
knn,4,SR1482_40X_HE_T132_01,0,0.0,0
knn,4,SR1482_40X_HE_T132_02,0,0.0,0
knn,4,SR1482_40X_HE_T143_01,0,0.0,0
knn,4,SR1482_40X_HE_T143_02,0,0.3333333333333333,0
knn,4,SR1482_40X_HE_T166_01,1,0.0,0
knn,4,SR1482_40X_HE_T169_01,0,0.0,0
knn,4,SR1482_40X_HE_T176_01,1,0.3333333333333333,0
knn,4,SR1482_40X_HE_T176_02,1,0.3333333333333333,0
knn,4,SR1482_40X_HE_T191_01,0,0.0,0
knn,4,SR1482_40X_HE_T194_01,0,0.0,0
knn,4,SR1482_40X_HE_T218_01,0,0.0,0
knn,4,SR1482_40X_HE_T253_01,0,0.0,0
knn,4,SR1482_40X_HE_T290_01,0,0.0,0
knn,4,SR1482_40X_HE_T308_01,0,0.0,0
knn,4,SR1482_40X_HE_T314_01,0,0.6666666666666666,1
knn,4,SR1482_40X_HE_T314_02,0,0.0,0
knn,4,SR1482_40X_HE_T372_01,1,0.6666666666666666,1
knn,4,SR1482_40X_HE_T372_02,1,0.6666666666666666,1
knn,4,SR1482_40X_HE_T408_01,0,0.0,0
knn,4,SR1482_40X_HE_T412_01,0,0.0,0
knn,4,SR1482_40X_HE_T425_01,0,0.0,0
knn,4,SR1482_40X_HE_T434_01,1,0.0,0
knn,4,SR386_40X_HE_T006_01,0,0.0,0
knn,4,SR386_40X_HE_T010_01,0,0.0,0
knn,4,SR386_40X_HE_T014_01,0,0.0,0
knn,4,SR386_40X_HE_T016_01,0,0.0,0
knn,4,SR386_40X_HE_T020_01,0,0.0,0
knn,4,SR386_40X_HE_T027_01,0,0.0,0
knn,4,SR386_40X_HE_T028_01,0,0.0,0
knn,4,SR386_40X_HE_T037_01,0,0.0,0
knn,4,SR386_40X_HE_T043_01,0,0.3333333333333333,0
knn,4,SR386_40X_HE_T044_01,1,0.3333333333333333,0
knn,4,SR386_40X_HE_T046_01,0,0.0,0
knn,4,SR386_40X_HE_T058_01,0,0.0,0
knn,4,SR386_40X_HE_T062_01,0,0.0,0
knn,4,SR386_40X_HE_T065_01,1,0.0,0
knn,4,SR386_40X_HE_T080_01,0,0.0,0
knn,4,SR386_40X_HE_T091_01,0,0.0,0
knn,4,SR386_40X_HE_T094_01,0,0.0,0
knn,4,SR386_40X_HE_T097_01,0,0.0,0
knn,4,SR386_40X_HE_T100_01,0,0.0,0
knn,4,SR386_40X_HE_T107_01,0,0.3333333333333333,0
knn,4,SR386_40X_HE_T109_01,1,0.3333333333333333,0
knn,4,SR386_40X_HE_T110_01,0,0.0,0
knn,4,SR386_40X_HE_T117_01,0,0.0,0
knn,4,SR386_40X_HE_T127_01,0,0.0,0
knn,4,SR386_40X_HE_T129_01,0,0.0,0
knn,4,SR386_40X_HE_T136_01,0,0.0,0
knn,4,SR386_40X_HE_T154_01,0,0.0,0
knn,4,SR386_40X_HE_T168_01,1,0.3333333333333333,0
knn,4,SR386_40X_HE_T175_01,0,0.0,0
knn,4,SR386_40X_HE_T189_01,0,0.3333333333333333,0
knn,4,SR386_40X_HE_T195_01,0,0.0,0
knn,4,SR386_40X_HE_T227_01,0,0.0,0
knn,4,SR386_40X_HE_T233_01,0,0.0,0
knn,4,SR386_40X_HE_T234_01,0,0.3333333333333333,0
knn,4,SR386_40X_HE_T235_01,0,0.0,0
knn,4,SR386_40X_HE_T239_01,0,0.0,0
knn,4,SR386_40X_HE_T245_01,0,0.0,0
knn,4,SR386_40X_HE_T256_01,0,0.0,0
knn,4,SR386_40X_HE_T265_01,0,0.0,0
knn,4,SR386_40X_HE_T268_01,0,0.3333333333333333,0
knn,4,SR386_40X_HE_T270_01,0,0.0,0
knn,4,SR386_40X_HE_T272_01,0,0.0,0
knn,4,SR386_40X_HE_T273_01,0,0.0,0
knn,4,SR386_40X_HE_T276_01,0,0.0,0
knn,4,SR386_40X_HE_T278_01,1,0.0,0
knn,4,SR386_40X_HE_T284_01,0,0.0,0
knn,4,SR386_40X_HE_T285_01,0,0.0,0
knn,4,SR386_40X_HE_T288_01,0,0.3333333333333333,0
knn,4,SR386_40X_HE_T291_01,0,0.0,0
knn,4,SR386_40X_HE_T300_01,0,0.0,0
knn,4,SR386_40X_HE_T302_01,0,0.3333333333333333,0
knn,4,SR386_40X_HE_T305_01,0,0.0,0
knn,4,SR386_40X_HE_T308_01,0,0.0,0
knn,4,SR386_40X_HE_T325_01,0,0.0,0
knn,4,SR386_40X_HE_T331_01,0,0.0,0
knn,4,SR386_40X_HE_T341_01,0,0.0,0
knn,4,SR386_40X_HE_T343_01,1,0.0,0
knn,4,SR386_40X_HE_T346_01,0,0.3333333333333333,0
knn,4,SR386_40X_HE_T352_01,0,0.0,0
knn,4,SR386_40X_HE_T373_01,0,0.0,0
knn,4,SR386_40X_HE_T375_01,0,0.0,0
knn,4,SR386_40X_HE_T381_01,0,0.0,0
knn,4,SR386_40X_HE_T389_01,0,0.0,0
knn,4,SR386_40X_HE_T391_01,0,0.0,0
knn,4,SR386_40X_HE_T394_01,0,0.0,0
knn,4,SR386_40X_HE_T399_01,0,0.0,0
knn,4,SR386_40X_HE_T403_01,0,0.0,0
knn,4,SR386_40X_HE_T405_01,0,0.0,0
knn,4,SR386_40X_HE_T407_01,0,0.0,0
knn,4,SR386_40X_HE_T414_01,0,0.3333333333333333,0
knn,4,SR386_40X_HE_T424_01,0,0.0,0
knn,4,SR386_40X_HE_T429_01,0,0.0,0
knn,4,SR386_40X_HE_T441_01,0,0.0,0
knn,4,SR386_40X_HE_T451_01,0,0.0,0
knn,4,SR386_40X_HE_T453_01,0,0.0,0
knn,4,SR386_40X_HE_T455_01,0,0.0,0
knn,4,SR386_40X_HE_T465_01,0,0.0,0
knn,4,SR386_40X_HE_T474_01,0,0.0,0
knn,4,SR386_40X_HE_T476_01,0,0.0,0
knn,4,SR386_40X_HE_T479_01,0,0.0,0
knn,4,SR386_40X_HE_T482_01,0,0.3333333333333333,0
knn,4,SR386_40X_HE_T487_01,0,0.0,0
knn,4,SR386_40X_HE_T490_01,0,0.0,0
knn,4,SR386_40X_HE_T494_01,0,0.0,0
knn,4,SR386_40X_HE_T500_01,0,0.0,0
knn,4,SR386_40X_HE_T510_01,0,0.0,0
knn,4,SR386_40X_HE_T524_01,0,0.0,0
knn,4,SR386_40X_HE_T528_01,0,0.0,0
knn,4,SR386_40X_HE_T532_01,0,0.0,0
knn,4,SR386_40X_HE_T534_01,0,0.0,0
knn,4,SR386_40X_HE_T536_01,0,0.0,0
knn,4,SR386_40X_HE_T537_01,0,0.0,0
knn,4,SR386_40X_HE_T541_01,0,0.0,0
knn,4,SR386_40X_HE_T548_01,1,0.0,0
knn,4,SR386_40X_HE_T550_01,0,0.3333333333333333,0
knn,4,SR386_40X_HE_T551_01,0,0.0,0
knn,4,SR386_40X_HE_T557_01,0,0.0,0
knn,4,SR386_40X_HE_T565_01,0,0.0,0
knn,4,SR386_40X_HE_T567_01,0,0.0,0
knn,4,SR386_40X_HE_T575_01,0,0.0,0
knn,4,SR386_40X_HE_T576_01,0,0.0,0
knn,4,SR386_40X_HE_T581_01,0,0.0,0
proto,1,SR1482_40X_HE_T029_01,0,0.5004661679267883,1
proto,1,SR1482_40X_HE_T029_02,0,0.5023705363273621,1
proto,1,SR1482_40X_HE_T057_01,0,0.4970960021018982,0
proto,1,SR1482_40X_HE_T063_01,1,0.5136374831199646,1
proto,1,SR1482_40X_HE_T063_02,1,0.5120913982391357,1
proto,1,SR1482_40X_HE_T065_01,0,0.5064225196838379,1
proto,1,SR1482_40X_HE_T065_02,0,0.5061427354812622,1
proto,1,SR1482_40X_HE_T066_01,0,0.5057526230812073,1
proto,1,SR1482_40X_HE_T066_02,0,0.5081362724304199,1
proto,1,SR1482_40X_HE_T068_01,0,0.4996979236602783,0
proto,1,SR1482_40X_HE_T069_01,0,0.5068795680999756,1
proto,1,SR1482_40X_HE_T069_02,0,0.5040032267570496,1
proto,1,SR1482_40X_HE_T079_01,1,0.5037710070610046,1
proto,1,SR1482_40X_HE_T079_02,1,0.5114549398422241,1
proto,1,SR1482_40X_HE_T080_01,0,0.5015711784362793,1
proto,1,SR1482_40X_HE_T080_02,0,0.5090491771697998,1
proto,1,SR1482_40X_HE_T081_01,0,0.5057836771011353,1
proto,1,SR1482_40X_HE_T081_02,0,0.5038149952888489,1
proto,1,SR1482_40X_HE_T099_01,0,0.49798184633255005,0
proto,1,SR1482_40X_HE_T116_01,0,0.5066245794296265,1
proto,1,SR1482_40X_HE_T117_01,0,0.5074722766876221,1
proto,1,SR1482_40X_HE_T117_02,0,0.5044549703598022,1
proto,1,SR1482_40X_HE_T126_01,0,0.5058845281600952,1
proto,1,SR1482_40X_HE_T129_01,0,0.5050923824310303,1
proto,1,SR1482_40X_HE_T129_02,0,0.5058743357658386,1
proto,1,SR1482_40X_HE_T139_01,0,0.5086496472358704,1
proto,1,SR1482_40X_HE_T139_02,0,0.5078588128089905,1
proto,1,SR1482_40X_HE_T147_01,0,0.510180652141571,1
proto,1,SR1482_40X_HE_T147_02,0,0.5111785531044006,1
proto,1,SR1482_40X_HE_T159_01,0,0.5049017667770386,1
proto,1,SR1482_40X_HE_T159_02,0,0.5067550539970398,1
proto,1,SR1482_40X_HE_T192_01,0,0.503383457660675,1
proto,1,SR1482_40X_HE_T199_01,0,0.5015589594841003,1
proto,1,SR1482_40X_HE_T304_01,0,0.5041518807411194,1
proto,1,SR1482_40X_HE_T304_02,0,0.5095067620277405,1
proto,1,SR1482_40X_HE_T310_01,1,0.5049933195114136,1
proto,1,SR1482_40X_HE_T310_02,1,0.5043053030967712,1
proto,1,SR1482_40X_HE_T341_01,0,0.4990867078304291,0
proto,1,SR1482_40X_HE_T341_02,0,0.502191424369812,1
proto,1,SR1482_40X_HE_T353_01,0,0.4994683563709259,0
proto,1,SR1482_40X_HE_T390_01,0,0.4999101758003235,0
proto,1,SR1482_40X_HE_T433_01,1,0.5068707466125488,1
proto,1,SR386_40X_HE_T003_01,0,0.4911942481994629,0
proto,1,SR386_40X_HE_T004_01,0,0.49202725291252136,0
proto,1,SR386_40X_HE_T022_01,1,0.4947509467601776,0
proto,1,SR386_40X_HE_T030_01,0,0.4931294322013855,0
proto,1,SR386_40X_HE_T033_01,0,0.4908964931964874,0
proto,1,SR386_40X_HE_T036_01,0,0.49593082070350647,0
proto,1,SR386_40X_HE_T038_01,0,0.49068695306777954,0
proto,1,SR386_40X_HE_T049_01,0,0.48878931999206543,0
proto,1,SR386_40X_HE_T050_01,0,0.5022644996643066,1
proto,1,SR386_40X_HE_T060_01,0,0.49209707975387573,0
proto,1,SR386_40X_HE_T063_01,0,0.49238675832748413,0
proto,1,SR386_40X_HE_T066_01,0,0.49217280745506287,0
proto,1,SR386_40X_HE_T069_01,0,0.4926859438419342,0
proto,1,SR386_40X_HE_T072_01,0,0.49191543459892273,0
proto,1,SR386_40X_HE_T074_01,0,0.4904590845108032,0
proto,1,SR386_40X_HE_T078_01,0,0.49367833137512207,0
proto,1,SR386_40X_HE_T079_01,0,0.4867049753665924,0
proto,1,SR386_40X_HE_T092_01,1,0.49234431982040405,0
proto,1,SR386_40X_HE_T096_01,0,0.48864269256591797,0
proto,1,SR386_40X_HE_T099_01,0,0.5036088228225708,1
proto,1,SR386_40X_HE_T103_01,0,0.49393194913864136,0
proto,1,SR386_40X_HE_T108_01,0,0.49262741208076477,0
proto,1,SR386_40X_HE_T113_01,0,0.4945431351661682,0
proto,1,SR386_40X_HE_T114_01,0,0.49072977900505066,0
proto,1,SR386_40X_HE_T119_01,0,0.4879818260669708,0
proto,1,SR386_40X_HE_T126_01,0,0.5008242130279541,1
proto,1,SR386_40X_HE_T130_01,0,0.4877850115299225,0
proto,1,SR386_40X_HE_T131_01,0,0.4915814697742462,0
proto,1,SR386_40X_HE_T135_01,0,0.493463933467865,0
proto,1,SR386_40X_HE_T140_01,0,0.4916667342185974,0
proto,1,SR386_40X_HE_T144_01,0,0.49274057149887085,0
proto,1,SR386_40X_HE_T147_01,0,0.4933857023715973,0
proto,1,SR386_40X_HE_T148_01,0,0.5005796551704407,1
proto,1,SR386_40X_HE_T160_01,0,0.4886890947818756,0
proto,1,SR386_40X_HE_T169_01,0,0.499370813369751,0
proto,1,SR386_40X_HE_T170_01,1,0.49232739210128784,0
proto,1,SR386_40X_HE_T172_01,0,0.49242955446243286,0
proto,1,SR386_40X_HE_T174_01,0,0.49188217520713806,0
proto,1,SR386_40X_HE_T181_01,0,0.5011698603630066,1
proto,1,SR386_40X_HE_T196_01,0,0.4898557662963867,0
proto,1,SR386_40X_HE_T205_01,0,0.5027530789375305,1
proto,1,SR386_40X_HE_T209_01,0,0.4873701333999634,0
proto,1,SR386_40X_HE_T210_01,0,0.5040349960327148,1
proto,1,SR386_40X_HE_T212_01,0,0.49232447147369385,0
proto,1,SR386_40X_HE_T221_01,0,0.4870656132698059,0
proto,1,SR386_40X_HE_T224_01,0,0.5000888109207153,1
proto,1,SR386_40X_HE_T231_01,1,0.504235029220581,1
proto,1,SR386_40X_HE_T232_01,0,0.48855340480804443,0
proto,1,SR386_40X_HE_T247_01,0,0.4946678578853607,0
proto,1,SR386_40X_HE_T252_01,0,0.487702876329422,0
proto,1,SR386_40X_HE_T255_01,0,0.5020844340324402,1
proto,1,SR386_40X_HE_T259_01,1,0.49411436915397644,0
proto,1,SR386_40X_HE_T274_01,0,0.48876094818115234,0
proto,1,SR386_40X_HE_T275_01,0,0.4921588897705078,0
proto,1,SR386_40X_HE_T282_01,0,0.48823243379592896,0
proto,1,SR386_40X_HE_T294_01,0,0.49321314692497253,0
proto,1,SR386_40X_HE_T311_01,0,0.49030405282974243,0
proto,1,SR386_40X_HE_T315_01,0,0.48959600925445557,0
proto,1,SR386_40X_HE_T319_01,1,0.49094027280807495,0
proto,1,SR386_40X_HE_T324_01,1,0.4931766390800476,0
proto,1,SR386_40X_HE_T330_01,0,0.49035903811454773,0
proto,1,SR386_40X_HE_T333_01,0,0.4930576980113983,0
proto,1,SR386_40X_HE_T335_01,0,0.5016987919807434,1
proto,1,SR386_40X_HE_T337_01,0,0.49219077825546265,0
proto,1,SR386_40X_HE_T344_01,0,0.4930112063884735,0
proto,1,SR386_40X_HE_T347_01,0,0.4890422821044922,0
proto,1,SR386_40X_HE_T350_01,0,0.49058112502098083,0
proto,1,SR386_40X_HE_T351_01,0,0.5006754994392395,1
proto,1,SR386_40X_HE_T360_01,0,0.4926462769508362,0
proto,1,SR386_40X_HE_T361_01,0,0.498489648103714,0
proto,1,SR386_40X_HE_T366_01,0,0.4890686869621277,0
proto,1,SR386_40X_HE_T377_01,1,0.4968735873699188,0
proto,1,SR386_40X_HE_T384_01,0,0.48753201961517334,0
proto,1,SR386_40X_HE_T395_01,0,0.49729326367378235,0
proto,1,SR386_40X_HE_T396_01,0,0.48688194155693054,0
proto,1,SR386_40X_HE_T401_01,0,0.49211952090263367,0
proto,1,SR386_40X_HE_T408_01,0,0.48791104555130005,0
proto,1,SR386_40X_HE_T410_01,0,0.4896589517593384,0
proto,1,SR386_40X_HE_T413_01,0,0.49962568283081055,0
proto,1,SR386_40X_HE_T416_01,0,0.5000317096710205,1
proto,1,SR386_40X_HE_T418_01,0,0.49163028597831726,0
proto,1,SR386_40X_HE_T419_01,0,0.4974830448627472,0
proto,1,SR386_40X_HE_T421_01,0,0.503724992275238,1
proto,1,SR386_40X_HE_T423_01,0,0.506018877029419,1
proto,1,SR386_40X_HE_T428_01,0,0.493134081363678,0
proto,1,SR386_40X_HE_T430_01,0,0.49212586879730225,0
proto,1,SR386_40X_HE_T431_01,0,0.4888627827167511,0
proto,1,SR386_40X_HE_T435_01,0,0.4974740743637085,0
proto,1,SR386_40X_HE_T438_01,0,0.49099478125572205,0
proto,1,SR386_40X_HE_T439_01,0,0.5040850043296814,1
proto,1,SR386_40X_HE_T447_01,0,0.4896681606769562,0
proto,1,SR386_40X_HE_T449_01,0,0.4885083734989166,0
proto,1,SR386_40X_HE_T454_01,0,0.487688809633255,0
proto,1,SR386_40X_HE_T456_01,0,0.4916455149650574,0
proto,1,SR386_40X_HE_T461_01,0,0.4890364706516266,0
proto,1,SR386_40X_HE_T462_01,0,0.4895358383655548,0
proto,1,SR386_40X_HE_T468_01,0,0.4875781536102295,0
proto,1,SR386_40X_HE_T469_01,1,0.5057837963104248,1
proto,1,SR386_40X_HE_T470_01,0,0.49074944853782654,0
proto,1,SR386_40X_HE_T471_01,0,0.5013617873191833,1
proto,1,SR386_40X_HE_T477_01,0,0.4926622211933136,0
proto,1,SR386_40X_HE_T480_01,0,0.4905926585197449,0
proto,1,SR386_40X_HE_T484_01,0,0.49092742800712585,0
proto,1,SR386_40X_HE_T495_01,0,0.48607659339904785,0
proto,1,SR386_40X_HE_T496_01,0,0.488694429397583,0
proto,1,SR386_40X_HE_T498_01,0,0.4931733012199402,0
proto,1,SR386_40X_HE_T504_01,0,0.49199727177619934,0
proto,1,SR386_40X_HE_T511_01,0,0.4906975030899048,0
proto,1,SR386_40X_HE_T517_01,0,0.49815651774406433,0
proto,1,SR386_40X_HE_T523_01,0,0.4932692348957062,0
proto,1,SR386_40X_HE_T529_01,0,0.48725855350494385,0
proto,1,SR386_40X_HE_T542_01,0,0.488965779542923,0
proto,1,SR386_40X_HE_T569_01,0,0.4931325316429138,0
proto,1,SR386_40X_HE_T582_01,0,0.4903772473335266,0
proto,2,SR1482_40X_HE_T009_01,0,0.5034260749816895,1
proto,2,SR1482_40X_HE_T009_02,0,0.5020524263381958,1
proto,2,SR1482_40X_HE_T015_01,0,0.5035523176193237,1
proto,2,SR1482_40X_HE_T021_01,0,0.49916771054267883,0
proto,2,SR1482_40X_HE_T067_01,0,0.5005337595939636,1
proto,2,SR1482_40X_HE_T075_01,0,0.5066584348678589,1
proto,2,SR1482_40X_HE_T075_02,0,0.5076743960380554,1
proto,2,SR1482_40X_HE_T098_01,0,0.5074970722198486,1
proto,2,SR1482_40X_HE_T098_02,0,0.5059165954589844,1
proto,2,SR1482_40X_HE_T102_01,0,0.5017583966255188,1
proto,2,SR1482_40X_HE_T123_01,0,0.5008885860443115,1
proto,2,SR1482_40X_HE_T142_01,0,0.49785226583480835,0
proto,2,SR1482_40X_HE_T146_01,0,0.510545551776886,1
proto,2,SR1482_40X_HE_T148_01,0,0.5094252228736877,1
proto,2,SR1482_40X_HE_T148_02,0,0.5060538649559021,1
proto,2,SR1482_40X_HE_T154_01,0,0.5016598701477051,1
proto,2,SR1482_40X_HE_T158_01,0,0.5009050369262695,1
proto,2,SR1482_40X_HE_T161_01,0,0.5131471157073975,1
proto,2,SR1482_40X_HE_T161_02,0,0.5065646767616272,1
proto,2,SR1482_40X_HE_T164_01,1,0.5064980983734131,1
proto,2,SR1482_40X_HE_T164_02,1,0.505950927734375,1
proto,2,SR1482_40X_HE_T168_01,0,0.5016789436340332,1
proto,2,SR1482_40X_HE_T171_01,0,0.5075494050979614,1
proto,2,SR1482_40X_HE_T171_02,0,0.5076153874397278,1
proto,2,SR1482_40X_HE_T178_01,1,0.5086451768875122,1
proto,2,SR1482_40X_HE_T186_01,0,0.5014913082122803,1
proto,2,SR1482_40X_HE_T193_01,0,0.5067591667175293,1
proto,2,SR1482_40X_HE_T193_02,0,0.5134809017181396,1
proto,2,SR1482_40X_HE_T209_01,0,0.5058614611625671,1
proto,2,SR1482_40X_HE_T209_02,0,0.5060980916023254,1
proto,2,SR1482_40X_HE_T245_01,0,0.5059443116188049,1
proto,2,SR1482_40X_HE_T245_02,0,0.5050107836723328,1
proto,2,SR1482_40X_HE_T265_01,0,0.4978778064250946,0
proto,2,SR1482_40X_HE_T302_01,0,0.5043128728866577,1
proto,2,SR1482_40X_HE_T343_01,1,0.5097808241844177,1
proto,2,SR1482_40X_HE_T343_02,1,0.511371910572052,1
proto,2,SR1482_40X_HE_T399_01,0,0.5106814503669739,1
proto,2,SR1482_40X_HE_T399_02,0,0.5074437260627747,1
proto,2,SR1482_40X_HE_T426_01,0,0.5060862898826599,1
proto,2,SR1482_40X_HE_T426_02,0,0.5066245198249817,1
proto,2,SR386_40X_HE_T001_01,0,0.4884299337863922,0
proto,2,SR386_40X_HE_T013_01,0,0.49132123589515686,0
proto,2,SR386_40X_HE_T018_01,0,0.48913735151290894,0
proto,2,SR386_40X_HE_T019_01,0,0.4992964565753937,0
proto,2,SR386_40X_HE_T024_01,0,0.4881434440612793,0
proto,2,SR386_40X_HE_T039_01,0,0.4849666357040405,0
proto,2,SR386_40X_HE_T040_01,1,0.49271827936172485,0
proto,2,SR386_40X_HE_T042_01,0,0.49389195442199707,0
proto,2,SR386_40X_HE_T047_01,0,0.4914296269416809,0
proto,2,SR386_40X_HE_T051_01,0,0.48557204008102417,0
proto,2,SR386_40X_HE_T052_01,0,0.49302995204925537,0
proto,2,SR386_40X_HE_T056_01,0,0.48765987157821655,0
proto,2,SR386_40X_HE_T057_01,0,0.4890310764312744,0
proto,2,SR386_40X_HE_T070_01,0,0.4865363538265228,0
proto,2,SR386_40X_HE_T082_01,0,0.49635255336761475,0
proto,2,SR386_40X_HE_T084_01,0,0.505258321762085,1
proto,2,SR386_40X_HE_T087_01,0,0.4934805631637573,0
proto,2,SR386_40X_HE_T088_01,0,0.49122118949890137,0
proto,2,SR386_40X_HE_T098_01,0,0.49106481671333313,0
proto,2,SR386_40X_HE_T105_01,0,0.4899141490459442,0
proto,2,SR386_40X_HE_T122_01,0,0.4930635392665863,0
proto,2,SR386_40X_HE_T123_01,0,0.4926322102546692,0
proto,2,SR386_40X_HE_T133_01,0,0.48929139971733093,0
proto,2,SR386_40X_HE_T145_01,0,0.4931238293647766,0
proto,2,SR386_40X_HE_T150_01,0,0.49335432052612305,0
proto,2,SR386_40X_HE_T152_01,0,0.4949134290218353,0
proto,2,SR386_40X_HE_T155_01,0,0.48879170417785645,0
proto,2,SR386_40X_HE_T157_01,0,0.49500688910484314,0
proto,2,SR386_40X_HE_T164_01,0,0.4889217019081116,0
proto,2,SR386_40X_HE_T166_01,0,0.49643296003341675,0
proto,2,SR386_40X_HE_T176_01,1,0.49249690771102905,0
proto,2,SR386_40X_HE_T177_01,0,0.49123990535736084,0
proto,2,SR386_40X_HE_T178_01,0,0.48971301317214966,0
proto,2,SR386_40X_HE_T187_01,0,0.49240997433662415,0
proto,2,SR386_40X_HE_T190_01,0,0.48945432901382446,0
proto,2,SR386_40X_HE_T192_01,0,0.48905420303344727,0
proto,2,SR386_40X_HE_T198_01,0,0.4967653155326843,0
proto,2,SR386_40X_HE_T200_01,0,0.49114248156547546,0
proto,2,SR386_40X_HE_T206_01,1,0.49897080659866333,0
proto,2,SR386_40X_HE_T211_01,0,0.49308741092681885,0
proto,2,SR386_40X_HE_T213_01,0,0.5016923546791077,1
proto,2,SR386_40X_HE_T214_01,0,0.4981422424316406,0
proto,2,SR386_40X_HE_T220_01,0,0.4912968575954437,0
proto,2,SR386_40X_HE_T230_01,1,0.5012871623039246,1
proto,2,SR386_40X_HE_T236_01,0,0.492622047662735,0
proto,2,SR386_40X_HE_T237_01,0,0.49352630972862244,0
proto,2,SR386_40X_HE_T240_01,0,0.48760247230529785,0
proto,2,SR386_40X_HE_T241_01,0,0.48732027411460876,0
proto,2,SR386_40X_HE_T242_01,0,0.49110913276672363,0
proto,2,SR386_40X_HE_T253_01,0,0.4865081012248993,0
proto,2,SR386_40X_HE_T260_01,0,0.5036705136299133,1
proto,2,SR386_40X_HE_T262_01,0,0.5044904351234436,1
proto,2,SR386_40X_HE_T264_01,0,0.5041497349739075,1
proto,2,SR386_40X_HE_T271_01,0,0.4929465353488922,0
proto,2,SR386_40X_HE_T281_01,0,0.4884074628353119,0
proto,2,SR386_40X_HE_T297_01,0,0.48668625950813293,0
proto,2,SR386_40X_HE_T299_01,0,0.4885960519313812,0
proto,2,SR386_40X_HE_T301_01,0,0.4907424747943878,0
proto,2,SR386_40X_HE_T306_01,0,0.4899805784225464,0
proto,2,SR386_40X_HE_T309_01,0,0.4882675111293793,0
proto,2,SR386_40X_HE_T314_01,0,0.491075336933136,0
proto,2,SR386_40X_HE_T316_01,0,0.5018928050994873,1
proto,2,SR386_40X_HE_T318_01,0,0.5030745267868042,1
proto,2,SR386_40X_HE_T321_01,0,0.49064499139785767,0
proto,2,SR386_40X_HE_T326_01,0,0.48871058225631714,0
proto,2,SR386_40X_HE_T327_01,0,0.4863811433315277,0
proto,2,SR386_40X_HE_T332_01,1,0.4920874238014221,0
proto,2,SR386_40X_HE_T355_01,0,0.4949604272842407,0
proto,2,SR386_40X_HE_T364_01,0,0.494118869304657,0
proto,2,SR386_40X_HE_T368_01,1,0.4999413788318634,0
proto,2,SR386_40X_HE_T374_01,0,0.48676496744155884,0
proto,2,SR386_40X_HE_T380_01,0,0.4867231845855713,0
proto,2,SR386_40X_HE_T382_01,0,0.48630350828170776,0
proto,2,SR386_40X_HE_T392_01,0,0.48862671852111816,0
proto,2,SR386_40X_HE_T398_01,0,0.4937708377838135,0
proto,2,SR386_40X_HE_T402_01,1,0.5069507956504822,1
proto,2,SR386_40X_HE_T404_01,0,0.48689165711402893,0
proto,2,SR386_40X_HE_T415_01,0,0.48685771226882935,0
proto,2,SR386_40X_HE_T417_01,0,0.48973190784454346,0
proto,2,SR386_40X_HE_T425_01,0,0.4891040623188019,0
proto,2,SR386_40X_HE_T436_01,1,0.49497663974761963,0
proto,2,SR386_40X_HE_T437_01,0,0.4928278625011444,0
proto,2,SR386_40X_HE_T440_01,0,0.4925329089164734,0
proto,2,SR386_40X_HE_T445_01,0,0.4884868264198303,0
proto,2,SR386_40X_HE_T450_01,0,0.49015483260154724,0
proto,2,SR386_40X_HE_T459_01,0,0.497572124004364,0
proto,2,SR386_40X_HE_T472_01,0,0.49032390117645264,0
proto,2,SR386_40X_HE_T481_01,0,0.491026908159256,0
proto,2,SR386_40X_HE_T483_01,0,0.49917951226234436,0
proto,2,SR386_40X_HE_T486_01,0,0.49132782220840454,0
proto,2,SR386_40X_HE_T488_01,0,0.499192476272583,0
proto,2,SR386_40X_HE_T499_01,0,0.5085349678993225,1
proto,2,SR386_40X_HE_T507_01,0,0.5053965449333191,1
proto,2,SR386_40X_HE_T514_01,0,0.4937504529953003,0
proto,2,SR386_40X_HE_T520_01,1,0.48910731077194214,0
proto,2,SR386_40X_HE_T522_01,0,0.489336222410202,0
proto,2,SR386_40X_HE_T531_01,0,0.4899553060531616,0
proto,2,SR386_40X_HE_T535_01,0,0.48871320486068726,0
proto,2,SR386_40X_HE_T539_01,0,0.4929526150226593,0
proto,2,SR386_40X_HE_T549_01,0,0.5025988817214966,1
proto,2,SR386_40X_HE_T552_01,0,0.4909937083721161,0
proto,2,SR386_40X_HE_T553_01,0,0.4903779625892639,0
proto,2,SR386_40X_HE_T554_01,0,0.497567355632782,0
proto,2,SR386_40X_HE_T558_01,0,0.4923954904079437,0
proto,2,SR386_40X_HE_T564_01,0,0.4997561275959015,0
proto,2,SR386_40X_HE_T570_01,0,0.4868057668209076,0
proto,2,SR386_40X_HE_T574_01,0,0.4874933362007141,0
proto,2,SR386_40X_HE_T578_01,0,0.48843738436698914,0
proto,2,SR386_40X_HE_T580_01,0,0.48710396885871887,0
proto,3,SR1482_40X_HE_T005_01,0,0.5082773566246033,1
proto,3,SR1482_40X_HE_T005_02,0,0.5145462155342102,1
proto,3,SR1482_40X_HE_T010_01,0,0.49541404843330383,0
proto,3,SR1482_40X_HE_T043_01,0,0.5049493908882141,1
proto,3,SR1482_40X_HE_T043_02,0,0.5036850571632385,1
proto,3,SR1482_40X_HE_T049_01,0,0.49872690439224243,0
proto,3,SR1482_40X_HE_T061_01,0,0.516577959060669,1
proto,3,SR1482_40X_HE_T061_02,0,0.5080795288085938,1
proto,3,SR1482_40X_HE_T070_01,1,0.5056671500205994,1
proto,3,SR1482_40X_HE_T073_01,0,0.5008718371391296,1
proto,3,SR1482_40X_HE_T082_01,0,0.4991458058357239,0
proto,3,SR1482_40X_HE_T082_02,0,0.5084063410758972,1
proto,3,SR1482_40X_HE_T089_01,0,0.49692538380622864,0
proto,3,SR1482_40X_HE_T090_01,0,0.4977971911430359,0
proto,3,SR1482_40X_HE_T094_01,1,0.5065722465515137,1
proto,3,SR1482_40X_HE_T094_02,1,0.5074500441551208,1
proto,3,SR1482_40X_HE_T105_01,0,0.5062345266342163,1
proto,3,SR1482_40X_HE_T115_01,0,0.5040988922119141,1
proto,3,SR1482_40X_HE_T115_02,0,0.5018388032913208,1
proto,3,SR1482_40X_HE_T118_01,0,0.511313259601593,1
proto,3,SR1482_40X_HE_T118_02,0,0.5081063508987427,1
proto,3,SR1482_40X_HE_T120_01,0,0.511926531791687,1
proto,3,SR1482_40X_HE_T120_02,0,0.5097346901893616,1
proto,3,SR1482_40X_HE_T124_01,0,0.5091449022293091,1
proto,3,SR1482_40X_HE_T124_02,0,0.5069218873977661,1
proto,3,SR1482_40X_HE_T138_01,0,0.4967973530292511,0
proto,3,SR1482_40X_HE_T160_01,0,0.5056429505348206,1
proto,3,SR1482_40X_HE_T160_02,0,0.5050740242004395,1
proto,3,SR1482_40X_HE_T167_01,0,0.5067098140716553,1
proto,3,SR1482_40X_HE_T167_02,0,0.5030776858329773,1
proto,3,SR1482_40X_HE_T175_01,0,0.510195791721344,1
proto,3,SR1482_40X_HE_T175_02,0,0.5069231390953064,1
proto,3,SR1482_40X_HE_T177_01,1,0.5024746060371399,1
proto,3,SR1482_40X_HE_T188_01,0,0.4975060820579529,0
proto,3,SR1482_40X_HE_T195_01,0,0.5027941465377808,1
proto,3,SR1482_40X_HE_T195_02,0,0.5063526034355164,1
proto,3,SR1482_40X_HE_T202_01,0,0.5075420141220093,1
proto,3,SR1482_40X_HE_T202_02,0,0.5123026371002197,1
proto,3,SR1482_40X_HE_T225_01,0,0.5084116458892822,1
proto,3,SR1482_40X_HE_T225_02,0,0.5010313987731934,1
proto,3,SR1482_40X_HE_T235_01,0,0.5037943720817566,1
proto,3,SR1482_40X_HE_T235_02,0,0.5082323551177979,1
proto,3,SR1482_40X_HE_T236_01,0,0.5059078335762024,1
proto,3,SR1482_40X_HE_T236_02,0,0.5058630108833313,1
proto,3,SR1482_40X_HE_T258_01,0,0.5047091841697693,1
proto,3,SR1482_40X_HE_T258_02,0,0.5125267505645752,1
proto,3,SR1482_40X_HE_T284_01,1,0.5037700533866882,1
proto,3,SR1482_40X_HE_T284_02,1,0.5061226487159729,1
proto,3,SR1482_40X_HE_T301_01,1,0.5027019381523132,1
proto,3,SR1482_40X_HE_T301_02,1,0.5115952491760254,1
proto,3,SR1482_40X_HE_T309_01,0,0.5064714550971985,1
proto,3,SR1482_40X_HE_T313_01,0,0.5059370994567871,1
proto,3,SR1482_40X_HE_T313_02,0,0.5105403065681458,1
proto,3,SR1482_40X_HE_T338_01,0,0.5090527534484863,1
proto,3,SR1482_40X_HE_T344_01,0,0.5008842945098877,1
proto,3,SR1482_40X_HE_T344_02,0,0.5023384094238281,1
proto,3,SR1482_40X_HE_T346_01,0,0.5060785412788391,1
proto,3,SR1482_40X_HE_T346_02,0,0.5064509510993958,1
proto,3,SR1482_40X_HE_T377_01,0,0.5042641758918762,1
proto,3,SR1482_40X_HE_T377_02,0,0.5052403807640076,1
proto,3,SR1482_40X_HE_T419_01,0,0.5000128149986267,1
proto,3,SR1482_40X_HE_T427_01,0,0.5053244233131409,1
proto,3,SR1482_40X_HE_T427_02,0,0.5038347244262695,1
proto,3,SR386_40X_HE_T007_01,0,0.49403002858161926,0
proto,3,SR386_40X_HE_T015_01,0,0.48768940567970276,0
proto,3,SR386_40X_HE_T017_01,1,0.493168443441391,0
proto,3,SR386_40X_HE_T032_01,0,0.4891056418418884,0
proto,3,SR386_40X_HE_T034_01,0,0.4881022572517395,0
proto,3,SR386_40X_HE_T035_01,0,0.48985812067985535,0
proto,3,SR386_40X_HE_T041_01,0,0.4901314973831177,0
proto,3,SR386_40X_HE_T067_01,0,0.4863939881324768,0
proto,3,SR386_40X_HE_T075_01,0,0.48915621638298035,0
proto,3,SR386_40X_HE_T081_01,0,0.4902544617652893,0
proto,3,SR386_40X_HE_T083_01,0,0.48728832602500916,0
proto,3,SR386_40X_HE_T085_01,0,0.4836176633834839,0
proto,3,SR386_40X_HE_T095_01,0,0.4940642714500427,0
proto,3,SR386_40X_HE_T104_01,0,0.48882779479026794,0
proto,3,SR386_40X_HE_T106_01,0,0.48816919326782227,0
proto,3,SR386_40X_HE_T112_01,0,0.4863140285015106,0
proto,3,SR386_40X_HE_T128_01,0,0.48782429099082947,0
proto,3,SR386_40X_HE_T132_01,0,0.4883580505847931,0
proto,3,SR386_40X_HE_T138_01,0,0.4860895276069641,0
proto,3,SR386_40X_HE_T142_01,0,0.4902174472808838,0
proto,3,SR386_40X_HE_T149_01,0,0.48700031638145447,0
proto,3,SR386_40X_HE_T165_01,1,0.4886532127857208,0
proto,3,SR386_40X_HE_T179_01,0,0.5042598843574524,1
proto,3,SR386_40X_HE_T180_01,0,0.4869619607925415,0
proto,3,SR386_40X_HE_T182_01,0,0.48931971192359924,0
proto,3,SR386_40X_HE_T184_01,0,0.49162518978118896,0
proto,3,SR386_40X_HE_T188_01,0,0.500817060470581,1
proto,3,SR386_40X_HE_T191_01,0,0.4871733486652374,0
proto,3,SR386_40X_HE_T197_01,0,0.48661008477211,0
proto,3,SR386_40X_HE_T201_01,0,0.4933602511882782,0
proto,3,SR386_40X_HE_T202_01,0,0.48601412773132324,0
proto,3,SR386_40X_HE_T208_01,0,0.4854101240634918,0
proto,3,SR386_40X_HE_T216_01,1,0.49527958035469055,0
proto,3,SR386_40X_HE_T238_01,0,0.4885059893131256,0
proto,3,SR386_40X_HE_T244_01,0,0.4994783401489258,0
proto,3,SR386_40X_HE_T248_01,0,0.48647335171699524,0
proto,3,SR386_40X_HE_T249_01,0,0.485343873500824,0
proto,3,SR386_40X_HE_T250_01,0,0.4946441650390625,0
proto,3,SR386_40X_HE_T263_01,0,0.5020523071289062,1
proto,3,SR386_40X_HE_T267_01,0,0.49347442388534546,0
proto,3,SR386_40X_HE_T269_01,0,0.4837009310722351,0
proto,3,SR386_40X_HE_T277_01,0,0.4863339364528656,0
proto,3,SR386_40X_HE_T286_01,0,0.5069150328636169,1
proto,3,SR386_40X_HE_T287_01,0,0.49157392978668213,0
proto,3,SR386_40X_HE_T290_01,0,0.49582743644714355,0
proto,3,SR386_40X_HE_T293_01,0,0.4882133901119232,0
proto,3,SR386_40X_HE_T298_01,0,0.48554787039756775,0
proto,3,SR386_40X_HE_T303_01,0,0.4831080138683319,0
proto,3,SR386_40X_HE_T312_01,0,0.4906928837299347,0
proto,3,SR386_40X_HE_T329_01,0,0.49888741970062256,0
proto,3,SR386_40X_HE_T336_01,0,0.48703306913375854,0
proto,3,SR386_40X_HE_T338_01,0,0.48524945974349976,0
proto,3,SR386_40X_HE_T342_01,0,0.4934386909008026,0
proto,3,SR386_40X_HE_T353_01,0,0.5017564296722412,1
proto,3,SR386_40X_HE_T357_01,0,0.4836064577102661,0
proto,3,SR386_40X_HE_T362_01,0,0.4991151988506317,0
proto,3,SR386_40X_HE_T363_01,1,0.49303707480430603,0
proto,3,SR386_40X_HE_T372_01,0,0.4941340386867523,0
proto,3,SR386_40X_HE_T378_01,0,0.48631417751312256,0
proto,3,SR386_40X_HE_T379_01,0,0.4942707419395447,0
proto,3,SR386_40X_HE_T386_01,0,0.48404571413993835,0
proto,3,SR386_40X_HE_T387_01,0,0.5015628933906555,1
proto,3,SR386_40X_HE_T393_01,0,0.48839160799980164,0
proto,3,SR386_40X_HE_T397_01,0,0.504036545753479,1
proto,3,SR386_40X_HE_T406_01,0,0.4959297776222229,0
proto,3,SR386_40X_HE_T409_01,0,0.487897127866745,0
proto,3,SR386_40X_HE_T422_01,0,0.485941082239151,0
proto,3,SR386_40X_HE_T426_01,0,0.4870477318763733,0
proto,3,SR386_40X_HE_T433_01,0,0.4859330356121063,0
proto,3,SR386_40X_HE_T443_01,0,0.49263328313827515,0
proto,3,SR386_40X_HE_T448_01,0,0.48665162920951843,0
proto,3,SR386_40X_HE_T452_01,0,0.4936308264732361,0
proto,3,SR386_40X_HE_T460_01,1,0.49234089255332947,0
proto,3,SR386_40X_HE_T473_01,0,0.48645851016044617,0
proto,3,SR386_40X_HE_T475_01,0,0.4893515706062317,0
proto,3,SR386_40X_HE_T478_01,0,0.48688167333602905,0
proto,3,SR386_40X_HE_T489_01,1,0.4906376600265503,0
proto,3,SR386_40X_HE_T491_01,0,0.493213951587677,0
proto,3,SR386_40X_HE_T492_01,0,0.4868480861186981,0
proto,3,SR386_40X_HE_T493_01,0,0.48771971464157104,0
proto,3,SR386_40X_HE_T502_01,0,0.48521125316619873,0
proto,3,SR386_40X_HE_T505_01,0,0.49892497062683105,0
proto,3,SR386_40X_HE_T506_01,0,0.4891160726547241,0
proto,3,SR386_40X_HE_T509_01,0,0.5044952034950256,1
proto,3,SR386_40X_HE_T516_01,0,0.48830747604370117,0
proto,3,SR386_40X_HE_T518_01,0,0.4889858067035675,0
proto,3,SR386_40X_HE_T519_01,0,0.4913340210914612,0
proto,3,SR386_40X_HE_T521_01,0,0.487298846244812,0
proto,3,SR386_40X_HE_T526_01,0,0.48947674036026,0
proto,3,SR386_40X_HE_T533_01,0,0.4872184693813324,0
proto,3,SR386_40X_HE_T543_01,0,0.49299702048301697,0
proto,3,SR386_40X_HE_T544_01,0,0.49642741680145264,0
proto,3,SR386_40X_HE_T556_01,1,0.4909524619579315,0
proto,3,SR386_40X_HE_T560_01,0,0.49158281087875366,0
proto,3,SR386_40X_HE_T563_01,0,0.4882749319076538,0
proto,3,SR386_40X_HE_T568_01,0,0.4884721040725708,0
proto,3,SR386_40X_HE_T571_01,0,0.4914098381996155,0
proto,3,SR386_40X_HE_T572_01,0,0.502562940120697,1
proto,3,SR386_40X_HE_T573_01,0,0.48747241497039795,0
proto,3,SR386_40X_HE_T583_01,0,0.48553723096847534,0
proto,4,SR1482_40X_HE_T002_01,0,0.4984124004840851,0
proto,4,SR1482_40X_HE_T003_01,0,0.5047773122787476,1
proto,4,SR1482_40X_HE_T004_01,0,0.4994884431362152,0
proto,4,SR1482_40X_HE_T004_02,0,0.500863254070282,1
proto,4,SR1482_40X_HE_T011_01,0,0.49715450406074524,0
proto,4,SR1482_40X_HE_T025_01,0,0.501733124256134,1
proto,4,SR1482_40X_HE_T025_02,0,0.5010654926300049,1
proto,4,SR1482_40X_HE_T060_01,0,0.5072190165519714,1
proto,4,SR1482_40X_HE_T062_01,0,0.5034546852111816,1
proto,4,SR1482_40X_HE_T062_02,0,0.5050756335258484,1
proto,4,SR1482_40X_HE_T064_01,0,0.5065345168113708,1
proto,4,SR1482_40X_HE_T064_02,0,0.5022291541099548,1
proto,4,SR1482_40X_HE_T071_01,0,0.5048646926879883,1
proto,4,SR1482_40X_HE_T071_02,0,0.5051044225692749,1
proto,4,SR1482_40X_HE_T074_01,0,0.49907124042510986,0
proto,4,SR1482_40X_HE_T074_02,0,0.49812230467796326,0
proto,4,SR1482_40X_HE_T083_01,0,0.5066713690757751,1
proto,4,SR1482_40X_HE_T083_02,0,0.5063140988349915,1
proto,4,SR1482_40X_HE_T087_01,0,0.4971059262752533,0
proto,4,SR1482_40X_HE_T097_01,1,0.5054478645324707,1
proto,4,SR1482_40X_HE_T097_02,1,0.5058969259262085,1
proto,4,SR1482_40X_HE_T108_01,0,0.4966457486152649,0
proto,4,SR1482_40X_HE_T113_01,0,0.5055268406867981,1
proto,4,SR1482_40X_HE_T113_02,0,0.5068979859352112,1
proto,4,SR1482_40X_HE_T121_01,0,0.49299195408821106,0
proto,4,SR1482_40X_HE_T122_01,0,0.4948374032974243,0
proto,4,SR1482_40X_HE_T125_01,0,0.5044876933097839,1
proto,4,SR1482_40X_HE_T125_02,0,0.5076265335083008,1
proto,4,SR1482_40X_HE_T131_01,0,0.5048062205314636,1
proto,4,SR1482_40X_HE_T131_02,0,0.504989504814148,1
proto,4,SR1482_40X_HE_T132_01,0,0.5008962154388428,1
proto,4,SR1482_40X_HE_T132_02,0,0.5040004849433899,1
proto,4,SR1482_40X_HE_T143_01,0,0.50665283203125,1
proto,4,SR1482_40X_HE_T143_02,0,0.5060705542564392,1
proto,4,SR1482_40X_HE_T166_01,1,0.4951857030391693,0
proto,4,SR1482_40X_HE_T169_01,0,0.5037172436714172,1
proto,4,SR1482_40X_HE_T176_01,1,0.5083478689193726,1
proto,4,SR1482_40X_HE_T176_02,1,0.5103834867477417,1
proto,4,SR1482_40X_HE_T191_01,0,0.499418169260025,0
proto,4,SR1482_40X_HE_T194_01,0,0.5092799663543701,1
proto,4,SR1482_40X_HE_T218_01,0,0.4978489875793457,0
proto,4,SR1482_40X_HE_T253_01,0,0.496821790933609,0
proto,4,SR1482_40X_HE_T290_01,0,0.5028399229049683,1
proto,4,SR1482_40X_HE_T308_01,0,0.5042307376861572,1
proto,4,SR1482_40X_HE_T314_01,0,0.5127223134040833,1
proto,4,SR1482_40X_HE_T314_02,0,0.5104581117630005,1
proto,4,SR1482_40X_HE_T372_01,1,0.5121559500694275,1
proto,4,SR1482_40X_HE_T372_02,1,0.5045644044876099,1
proto,4,SR1482_40X_HE_T408_01,0,0.4960609972476959,0
proto,4,SR1482_40X_HE_T412_01,0,0.501685380935669,1
proto,4,SR1482_40X_HE_T425_01,0,0.4944215416908264,0
proto,4,SR1482_40X_HE_T434_01,1,0.5043873190879822,1
proto,4,SR386_40X_HE_T006_01,0,0.4888700544834137,0
proto,4,SR386_40X_HE_T010_01,0,0.48947644233703613,0
proto,4,SR386_40X_HE_T014_01,0,0.4902815818786621,0
proto,4,SR386_40X_HE_T016_01,0,0.4848153293132782,0
proto,4,SR386_40X_HE_T020_01,0,0.4853423833847046,0
proto,4,SR386_40X_HE_T027_01,0,0.4986606538295746,0
proto,4,SR386_40X_HE_T028_01,0,0.4928821921348572,0
proto,4,SR386_40X_HE_T037_01,0,0.4962102770805359,0
proto,4,SR386_40X_HE_T043_01,0,0.4909111559391022,0
proto,4,SR386_40X_HE_T044_01,1,0.49019843339920044,0
proto,4,SR386_40X_HE_T046_01,0,0.4911865293979645,0
proto,4,SR386_40X_HE_T058_01,0,0.48942995071411133,0
proto,4,SR386_40X_HE_T062_01,0,0.48763030767440796,0
proto,4,SR386_40X_HE_T065_01,1,0.48781630396842957,0
proto,4,SR386_40X_HE_T080_01,0,0.48764774203300476,0
proto,4,SR386_40X_HE_T091_01,0,0.4875815808773041,0
proto,4,SR386_40X_HE_T094_01,0,0.4873976707458496,0
proto,4,SR386_40X_HE_T097_01,0,0.49445974826812744,0
proto,4,SR386_40X_HE_T100_01,0,0.5020522475242615,1
proto,4,SR386_40X_HE_T107_01,0,0.49437400698661804,0
proto,4,SR386_40X_HE_T109_01,1,0.489860862493515,0
proto,4,SR386_40X_HE_T110_01,0,0.4903770387172699,0
proto,4,SR386_40X_HE_T117_01,0,0.4881141781806946,0
proto,4,SR386_40X_HE_T127_01,0,0.48849424719810486,0
proto,4,SR386_40X_HE_T129_01,0,0.49008098244667053,0
proto,4,SR386_40X_HE_T136_01,0,0.49200353026390076,0
proto,4,SR386_40X_HE_T154_01,0,0.48703843355178833,0
proto,4,SR386_40X_HE_T168_01,1,0.4905985891819,0
proto,4,SR386_40X_HE_T175_01,0,0.4911149740219116,0
proto,4,SR386_40X_HE_T189_01,0,0.4903884530067444,0
proto,4,SR386_40X_HE_T195_01,0,0.48514479398727417,0
proto,4,SR386_40X_HE_T227_01,0,0.49131688475608826,0
proto,4,SR386_40X_HE_T233_01,0,0.4980025291442871,0
proto,4,SR386_40X_HE_T234_01,0,0.4980635941028595,0
proto,4,SR386_40X_HE_T235_01,0,0.48899754881858826,0
proto,4,SR386_40X_HE_T239_01,0,0.4953121840953827,0
proto,4,SR386_40X_HE_T245_01,0,0.48983579874038696,0
proto,4,SR386_40X_HE_T256_01,0,0.4939745366573334,0
proto,4,SR386_40X_HE_T265_01,0,0.4877326488494873,0
proto,4,SR386_40X_HE_T268_01,0,0.5010027885437012,1
proto,4,SR386_40X_HE_T270_01,0,0.4900256097316742,0
proto,4,SR386_40X_HE_T272_01,0,0.5032115578651428,1
proto,4,SR386_40X_HE_T273_01,0,0.4895643889904022,0
proto,4,SR386_40X_HE_T276_01,0,0.4914708435535431,0
proto,4,SR386_40X_HE_T278_01,1,0.4892430603504181,0
proto,4,SR386_40X_HE_T284_01,0,0.48803746700286865,0
proto,4,SR386_40X_HE_T285_01,0,0.4863899052143097,0
proto,4,SR386_40X_HE_T288_01,0,0.49489474296569824,0
proto,4,SR386_40X_HE_T291_01,0,0.4880339801311493,0
proto,4,SR386_40X_HE_T300_01,0,0.48734256625175476,0
proto,4,SR386_40X_HE_T302_01,0,0.49359726905822754,0
proto,4,SR386_40X_HE_T305_01,0,0.485942542552948,0
proto,4,SR386_40X_HE_T308_01,0,0.4878461956977844,0
proto,4,SR386_40X_HE_T325_01,0,0.48972031474113464,0
proto,4,SR386_40X_HE_T331_01,0,0.4898439347743988,0
proto,4,SR386_40X_HE_T341_01,0,0.5061813592910767,1
proto,4,SR386_40X_HE_T343_01,1,0.4930209815502167,0
proto,4,SR386_40X_HE_T346_01,0,0.49648863077163696,0
proto,4,SR386_40X_HE_T352_01,0,0.49472466111183167,0
proto,4,SR386_40X_HE_T373_01,0,0.49682432413101196,0
proto,4,SR386_40X_HE_T375_01,0,0.4886244237422943,0
proto,4,SR386_40X_HE_T381_01,0,0.4881594479084015,0
proto,4,SR386_40X_HE_T389_01,0,0.5022785663604736,1
proto,4,SR386_40X_HE_T391_01,0,0.48994848132133484,0
proto,4,SR386_40X_HE_T394_01,0,0.49028846621513367,0
proto,4,SR386_40X_HE_T399_01,0,0.5031712055206299,1
proto,4,SR386_40X_HE_T403_01,0,0.4878391623497009,0
proto,4,SR386_40X_HE_T405_01,0,0.5020815134048462,1
proto,4,SR386_40X_HE_T407_01,0,0.4903484582901001,0
proto,4,SR386_40X_HE_T414_01,0,0.49821358919143677,0
proto,4,SR386_40X_HE_T424_01,0,0.4959467053413391,0
proto,4,SR386_40X_HE_T429_01,0,0.5019557476043701,1
proto,4,SR386_40X_HE_T441_01,0,0.5006209015846252,1
proto,4,SR386_40X_HE_T451_01,0,0.49302607774734497,0
proto,4,SR386_40X_HE_T453_01,0,0.48742732405662537,0
proto,4,SR386_40X_HE_T455_01,0,0.5026323795318604,1
proto,4,SR386_40X_HE_T465_01,0,0.5042669177055359,1
proto,4,SR386_40X_HE_T474_01,0,0.4944837987422943,0
proto,4,SR386_40X_HE_T476_01,0,0.4976426661014557,0
proto,4,SR386_40X_HE_T479_01,0,0.4960677921772003,0
proto,4,SR386_40X_HE_T482_01,0,0.4914928078651428,0
proto,4,SR386_40X_HE_T487_01,0,0.5000402927398682,1
proto,4,SR386_40X_HE_T490_01,0,0.4924885332584381,0
proto,4,SR386_40X_HE_T494_01,0,0.487361878156662,0
proto,4,SR386_40X_HE_T500_01,0,0.48534873127937317,0
proto,4,SR386_40X_HE_T510_01,0,0.49365857243537903,0
proto,4,SR386_40X_HE_T524_01,0,0.49188247323036194,0
proto,4,SR386_40X_HE_T528_01,0,0.5037221908569336,1
proto,4,SR386_40X_HE_T532_01,0,0.49146607518196106,0
proto,4,SR386_40X_HE_T534_01,0,0.4950416386127472,0
proto,4,SR386_40X_HE_T536_01,0,0.48652657866477966,0
proto,4,SR386_40X_HE_T537_01,0,0.4926872253417969,0
proto,4,SR386_40X_HE_T541_01,0,0.49384820461273193,0
proto,4,SR386_40X_HE_T548_01,1,0.5060977339744568,1
proto,4,SR386_40X_HE_T550_01,0,0.499788373708725,0
proto,4,SR386_40X_HE_T551_01,0,0.48939356207847595,0
proto,4,SR386_40X_HE_T557_01,0,0.49872905015945435,0
proto,4,SR386_40X_HE_T565_01,0,0.4886344075202942,0
proto,4,SR386_40X_HE_T567_01,0,0.4927160143852234,0
proto,4,SR386_40X_HE_T575_01,0,0.4897068440914154,0
proto,4,SR386_40X_HE_T576_01,0,0.491716206073761,0
proto,4,SR386_40X_HE_T581_01,0,0.5033459663391113,1
rf,1,SR1482_40X_HE_T029_01,0,0.13414090613687388,0
rf,1,SR1482_40X_HE_T029_02,0,0.17021079052790217,0
rf,1,SR1482_40X_HE_T057_01,0,0.04196078431372549,0
rf,1,SR1482_40X_HE_T063_01,1,0.36496103896103893,1
rf,1,SR1482_40X_HE_T063_02,1,0.22535081363923867,0
rf,1,SR1482_40X_HE_T065_01,0,0.19638353176515955,0
rf,1,SR1482_40X_HE_T065_02,0,0.106825678386654,0
rf,1,SR1482_40X_HE_T066_01,0,0.13957184750733137,0
rf,1,SR1482_40X_HE_T066_02,0,0.2695230670195265,0
rf,1,SR1482_40X_HE_T068_01,0,0.04133333333333333,0
rf,1,SR1482_40X_HE_T069_01,0,0.054,0
rf,1,SR1482_40X_HE_T069_02,0,0.08766666666666667,0
rf,1,SR1482_40X_HE_T079_01,1,0.15111423666813123,0
rf,1,SR1482_40X_HE_T079_02,1,0.25933026794867864,0
rf,1,SR1482_40X_HE_T080_01,0,0.06962866568914956,0
rf,1,SR1482_40X_HE_T080_02,0,0.08134082990180551,0
rf,1,SR1482_40X_HE_T081_01,0,0.11965842759391146,0
rf,1,SR1482_40X_HE_T081_02,0,0.07176074332171893,0
rf,1,SR1482_40X_HE_T099_01,0,0.02955731225296443,0
rf,1,SR1482_40X_HE_T116_01,0,0.12343660369323148,0
rf,1,SR1482_40X_HE_T117_01,0,0.10641371260582426,0
rf,1,SR1482_40X_HE_T117_02,0,0.06581818181818182,0
rf,1,SR1482_40X_HE_T126_01,0,0.24705627705627706,0
rf,1,SR1482_40X_HE_T129_01,0,0.09122985616534005,0
rf,1,SR1482_40X_HE_T129_02,0,0.13463744045809262,0
rf,1,SR1482_40X_HE_T139_01,0,0.19573764771711052,0
rf,1,SR1482_40X_HE_T139_02,0,0.19603337838631954,0
rf,1,SR1482_40X_HE_T147_01,0,0.3053728775967865,1
rf,1,SR1482_40X_HE_T147_02,0,0.3515073313782991,1
rf,1,SR1482_40X_HE_T159_01,0,0.1663233070763943,0
rf,1,SR1482_40X_HE_T159_02,0,0.15910244323003875,0
rf,1,SR1482_40X_HE_T192_01,0,0.1159645422110017,0
rf,1,SR1482_40X_HE_T199_01,0,0.07702331002331002,0
rf,1,SR1482_40X_HE_T304_01,0,0.09784503710672703,0
rf,1,SR1482_40X_HE_T304_02,0,0.06975366568914956,0
rf,1,SR1482_40X_HE_T310_01,1,0.14727134331993666,0
rf,1,SR1482_40X_HE_T310_02,1,0.12850026055769564,0
rf,1,SR1482_40X_HE_T341_01,0,0.023666666666666666,0
rf,1,SR1482_40X_HE_T341_02,0,0.029666666666666664,0
rf,1,SR1482_40X_HE_T353_01,0,0.06038261738261739,0
rf,1,SR1482_40X_HE_T390_01,0,0.029886703383162863,0
rf,1,SR1482_40X_HE_T433_01,1,0.15284469696969696,0
rf,1,SR386_40X_HE_T003_01,0,0.07901612554112553,0
rf,1,SR386_40X_HE_T004_01,0,0.18123027510124282,0
rf,1,SR386_40X_HE_T022_01,1,0.22283758314855873,0
rf,1,SR386_40X_HE_T030_01,0,0.1529166277271116,0
rf,1,SR386_40X_HE_T033_01,0,0.09701947683626641,0
rf,1,SR386_40X_HE_T036_01,0,0.09065967365967366,0
rf,1,SR386_40X_HE_T038_01,0,0.06952527762092979,0
rf,1,SR386_40X_HE_T049_01,0,0.01796078431372549,0
rf,1,SR386_40X_HE_T050_01,0,0.09037155186801135,0
rf,1,SR386_40X_HE_T060_01,0,0.13464819314626467,0
rf,1,SR386_40X_HE_T063_01,0,0.13905263157894737,0
rf,1,SR386_40X_HE_T066_01,0,0.09453413253413252,0
rf,1,SR386_40X_HE_T069_01,0,0.11993548387096774,0
rf,1,SR386_40X_HE_T072_01,0,0.07344684750733137,0
rf,1,SR386_40X_HE_T074_01,0,0.10656590909090909,0
rf,1,SR386_40X_HE_T078_01,0,0.08764389233954452,0
rf,1,SR386_40X_HE_T079_01,0,0.005875,0
rf,1,SR386_40X_HE_T092_01,1,0.04381818181818182,0
rf,1,SR386_40X_HE_T096_01,0,0.008,0
rf,1,SR386_40X_HE_T099_01,0,0.07582227632379793,0
rf,1,SR386_40X_HE_T103_01,0,0.11969514494160441,0
rf,1,SR386_40X_HE_T108_01,0,0.10260053569618786,0
rf,1,SR386_40X_HE_T113_01,0,0.07767416323513883,0
rf,1,SR386_40X_HE_T114_01,0,0.05275151515151515,0
rf,1,SR386_40X_HE_T119_01,0,0.021205128205128203,0
rf,1,SR386_40X_HE_T126_01,0,0.1013152748117343,0
rf,1,SR386_40X_HE_T130_01,0,0.012,0
rf,1,SR386_40X_HE_T131_01,0,0.086,0
rf,1,SR386_40X_HE_T135_01,0,0.1612157398468759,0
rf,1,SR386_40X_HE_T140_01,0,0.07307609594706367,0
rf,1,SR386_40X_HE_T144_01,0,0.08719119203438519,0
rf,1,SR386_40X_HE_T147_01,0,0.09529212722761109,0
rf,1,SR386_40X_HE_T148_01,0,0.07252751821349382,0
rf,1,SR386_40X_HE_T160_01,0,0.028,0
rf,1,SR386_40X_HE_T169_01,0,0.043617886178861795,0
rf,1,SR386_40X_HE_T170_01,1,0.22146795140343525,0
rf,1,SR386_40X_HE_T172_01,0,0.25317184750733135,0
rf,1,SR386_40X_HE_T174_01,0,0.06466493506493506,0
rf,1,SR386_40X_HE_T181_01,0,0.04781818181818182,0
rf,1,SR386_40X_HE_T196_01,0,0.03767461430575035,0
rf,1,SR386_40X_HE_T205_01,0,0.20165743044231496,0
rf,1,SR386_40X_HE_T209_01,0,0.035951219512195126,0
rf,1,SR386_40X_HE_T210_01,0,0.22995776538567642,0
rf,1,SR386_40X_HE_T212_01,0,0.05025424981522542,0
rf,1,SR386_40X_HE_T221_01,0,0.03176940133037694,0
rf,1,SR386_40X_HE_T224_01,0,0.06129837773032108,0
rf,1,SR386_40X_HE_T231_01,1,0.16128025597590814,0
rf,1,SR386_40X_HE_T232_01,0,0.01780952380952381,0
rf,1,SR386_40X_HE_T247_01,0,0.09174125874125874,0
rf,1,SR386_40X_HE_T252_01,0,0.031056277056277053,0
rf,1,SR386_40X_HE_T255_01,0,0.11729437229437228,0
rf,1,SR386_40X_HE_T259_01,1,0.10249279612393218,0
rf,1,SR386_40X_HE_T274_01,0,0.02947619047619048,0
rf,1,SR386_40X_HE_T275_01,0,0.09566666666666668,0
rf,1,SR386_40X_HE_T282_01,0,0.021464202464202463,0
rf,1,SR386_40X_HE_T294_01,0,0.16334832978429584,0
rf,1,SR386_40X_HE_T311_01,0,0.07286368873062422,0
rf,1,SR386_40X_HE_T315_01,0,0.06776522702104097,0
rf,1,SR386_40X_HE_T319_01,1,0.1378181818181818,0
rf,1,SR386_40X_HE_T324_01,1,0.09247660941209326,0
rf,1,SR386_40X_HE_T330_01,0,0.020666666666666667,0
rf,1,SR386_40X_HE_T333_01,0,0.07102651515151516,0
rf,1,SR386_40X_HE_T335_01,0,0.0754848484848485,0
rf,1,SR386_40X_HE_T337_01,0,0.12747715053763442,0
rf,1,SR386_40X_HE_T344_01,0,0.08061783912446689,0
rf,1,SR386_40X_HE_T347_01,0,0.04742857142857143,0
rf,1,SR386_40X_HE_T350_01,0,0.04366666666666667,0
rf,1,SR386_40X_HE_T351_01,0,0.06860609069844421,0
rf,1,SR386_40X_HE_T360_01,0,0.03862000768049155,0
rf,1,SR386_40X_HE_T361_01,0,0.085875,0
rf,1,SR386_40X_HE_T366_01,0,0.04157142857142857,0
rf,1,SR386_40X_HE_T377_01,1,0.12264643247328252,0
rf,1,SR386_40X_HE_T384_01,0,0.009951219512195122,0
rf,1,SR386_40X_HE_T395_01,0,0.06635064935064935,0
rf,1,SR386_40X_HE_T396_01,0,0.03185598141695703,0
rf,1,SR386_40X_HE_T401_01,0,0.09451889271019052,0
rf,1,SR386_40X_HE_T408_01,0,0.03528455284552845,0
rf,1,SR386_40X_HE_T410_01,0,0.07512317118365505,0
rf,1,SR386_40X_HE_T413_01,0,0.15541612554112552,0
rf,1,SR386_40X_HE_T416_01,0,0.0697405462184874,0
rf,1,SR386_40X_HE_T418_01,0,0.021870967741935483,0
rf,1,SR386_40X_HE_T419_01,0,0.12119119203438519,0
rf,1,SR386_40X_HE_T421_01,0,0.14951449808053582,0
rf,1,SR386_40X_HE_T423_01,0,0.12782227632379795,0
rf,1,SR386_40X_HE_T428_01,0,0.062411737741713824,0
rf,1,SR386_40X_HE_T430_01,0,0.03964389233954452,0
rf,1,SR386_40X_HE_T431_01,0,0.10954166666666668,0
rf,1,SR386_40X_HE_T435_01,0,0.1930736781730788,0
rf,1,SR386_40X_HE_T438_01,0,0.105875,0
rf,1,SR386_40X_HE_T439_01,0,0.17478592019934525,0
rf,1,SR386_40X_HE_T447_01,0,0.02938961038961039,0
rf,1,SR386_40X_HE_T449_01,0,0.027443223443223447,0
rf,1,SR386_40X_HE_T454_01,0,0.03182621951219512,0
rf,1,SR386_40X_HE_T456_01,0,0.028727776288751897,0
rf,1,SR386_40X_HE_T461_01,0,0.05138961038961039,0
rf,1,SR386_40X_HE_T462_01,0,0.05381818181818182,0
rf,1,SR386_40X_HE_T468_01,0,0.049389610389610386,0
rf,1,SR386_40X_HE_T469_01,1,0.13804412929058876,0
rf,1,SR386_40X_HE_T470_01,0,0.061307862868838485,0
rf,1,SR386_40X_HE_T471_01,0,0.06187921694067471,0
rf,1,SR386_40X_HE_T477_01,0,0.10946348994143111,0
rf,1,SR386_40X_HE_T480_01,0,0.07499201742396078,0
rf,1,SR386_40X_HE_T484_01,0,0.09915552058746394,0
rf,1,SR386_40X_HE_T495_01,0,0.008,0
rf,1,SR386_40X_HE_T496_01,0,0.01858008658008658,0
rf,1,SR386_40X_HE_T498_01,0,0.1686220784445123,0
rf,1,SR386_40X_HE_T504_01,0,0.041304989365473235,0
rf,1,SR386_40X_HE_T511_01,0,0.057083333333333326,0
rf,1,SR386_40X_HE_T517_01,0,0.1283141911851589,0
rf,1,SR386_40X_HE_T523_01,0,0.08366666666666665,0
rf,1,SR386_40X_HE_T529_01,0,0.018,0
rf,1,SR386_40X_HE_T542_01,0,0.03192307692307692,0
rf,1,SR386_40X_HE_T569_01,0,0.08693548387096776,0
rf,1,SR386_40X_HE_T582_01,0,0.031978354978354974,0
rf,2,SR1482_40X_HE_T009_01,0,0.049935483870967745,0
rf,2,SR1482_40X_HE_T009_02,0,0.07329212722761111,0
rf,2,SR1482_40X_HE_T015_01,0,0.11069638151703369,0
rf,2,SR1482_40X_HE_T021_01,0,0.07125802277432712,0
rf,2,SR1482_40X_HE_T067_01,0,0.09066112373840368,0
rf,2,SR1482_40X_HE_T075_01,0,0.10568452380952381,0
rf,2,SR1482_40X_HE_T075_02,0,0.1734620741577263,0
rf,2,SR1482_40X_HE_T098_01,0,0.11335664335664335,0
rf,2,SR1482_40X_HE_T098_02,0,0.09097733065595333,0
rf,2,SR1482_40X_HE_T102_01,0,0.09691856456551579,0
rf,2,SR1482_40X_HE_T123_01,0,0.10752264808362369,0
rf,2,SR1482_40X_HE_T142_01,0,0.02921413043478261,0
rf,2,SR1482_40X_HE_T146_01,0,0.4491552559759081,1
rf,2,SR1482_40X_HE_T148_01,0,0.12263661332823324,0
rf,2,SR1482_40X_HE_T148_02,0,0.1204150853889943,0
rf,2,SR1482_40X_HE_T154_01,0,0.06350270562770563,0
rf,2,SR1482_40X_HE_T158_01,0,0.07274659349305297,0
rf,2,SR1482_40X_HE_T161_01,0,0.12070882740447957,0
rf,2,SR1482_40X_HE_T161_02,0,0.15515151515151512,0
rf,2,SR1482_40X_HE_T164_01,1,0.12526807470001805,0
rf,2,SR1482_40X_HE_T164_02,1,0.14328709328306105,0
rf,2,SR1482_40X_HE_T168_01,0,0.09759511185173964,0
rf,2,SR1482_40X_HE_T171_01,0,0.24505735387800603,0
rf,2,SR1482_40X_HE_T171_02,0,0.282,0
rf,2,SR1482_40X_HE_T178_01,1,0.1934203323558162,0
rf,2,SR1482_40X_HE_T186_01,0,0.04923484848484849,0
rf,2,SR1482_40X_HE_T193_01,0,0.18127631377277326,0
rf,2,SR1482_40X_HE_T193_02,0,0.2088667609272448,0
rf,2,SR1482_40X_HE_T209_01,0,0.19507958707958703,0
rf,2,SR1482_40X_HE_T209_02,0,0.29544588744588746,0
rf,2,SR1482_40X_HE_T245_01,0,0.21098017072441624,0
rf,2,SR1482_40X_HE_T245_02,0,0.12732847434255884,0
rf,2,SR1482_40X_HE_T265_01,0,0.05354112554112554,0
rf,2,SR1482_40X_HE_T302_01,0,0.16959714795008912,0
rf,2,SR1482_40X_HE_T343_01,1,0.14116124998190216,0
rf,2,SR1482_40X_HE_T343_02,1,0.16266679416889795,0
rf,2,SR1482_40X_HE_T399_01,0,0.19390476190476189,0
rf,2,SR1482_40X_HE_T399_02,0,0.1872418360624882,0
rf,2,SR1482_40X_HE_T426_01,0,0.11953846153846154,0
rf,2,SR1482_40X_HE_T426_02,0,0.15952306701952648,0
rf,2,SR386_40X_HE_T001_01,0,0.07744684750733138,0
rf,2,SR386_40X_HE_T013_01,0,0.1577852435526708,0
rf,2,SR386_40X_HE_T018_01,0,0.07500374082439301,0
rf,2,SR386_40X_HE_T019_01,0,0.06455031924597142,0
rf,2,SR386_40X_HE_T024_01,0,0.002,0
rf,2,SR386_40X_HE_T039_01,0,0.01,0
rf,2,SR386_40X_HE_T040_01,1,0.23488668846347668,0
rf,2,SR386_40X_HE_T042_01,0,0.07741612554112555,0
rf,2,SR386_40X_HE_T047_01,0,0.076,0
rf,2,SR386_40X_HE_T051_01,0,0.01574617924666141,0
rf,2,SR386_40X_HE_T052_01,0,0.0751991341991342,0
rf,2,SR386_40X_HE_T056_01,0,0.02575,0
rf,2,SR386_40X_HE_T057_01,0,0.03522183098591549,0
rf,2,SR386_40X_HE_T070_01,0,0.04393548387096775,0
rf,2,SR386_40X_HE_T082_01,0,0.08256000235339485,0
rf,2,SR386_40X_HE_T084_01,0,0.1336742883322727,0
rf,2,SR386_40X_HE_T087_01,0,0.27584024577572963,0
rf,2,SR386_40X_HE_T088_01,0,0.0957853949329359,0
rf,2,SR386_40X_HE_T098_01,0,0.09741374474053296,0
rf,2,SR386_40X_HE_T105_01,0,0.04957892513990075,0
rf,2,SR386_40X_HE_T122_01,0,0.04781818181818182,0
rf,2,SR386_40X_HE_T123_01,0,0.11679101969164794,0
rf,2,SR386_40X_HE_T133_01,0,0.02063144645209863,0
rf,2,SR386_40X_HE_T145_01,0,0.11679708376705861,0
rf,2,SR386_40X_HE_T150_01,0,0.1508694385190833,0
rf,2,SR386_40X_HE_T152_01,0,0.12227059896625114,0
rf,2,SR386_40X_HE_T155_01,0,0.0658095238095238,0
rf,2,SR386_40X_HE_T157_01,0,0.07444919786096259,0
rf,2,SR386_40X_HE_T164_01,0,0.05361009817671809,0
rf,2,SR386_40X_HE_T166_01,0,0.07696210430935288,0
rf,2,SR386_40X_HE_T176_01,1,0.15442128698790691,0
rf,2,SR386_40X_HE_T177_01,0,0.017527131782945737,0
rf,2,SR386_40X_HE_T178_01,0,0.12906001788067004,0
rf,2,SR386_40X_HE_T187_01,0,0.07910431503979892,0
rf,2,SR386_40X_HE_T190_01,0,0.025549783549783548,0
rf,2,SR386_40X_HE_T192_01,0,0.03706152855798804,0
rf,2,SR386_40X_HE_T198_01,0,0.06757026713124274,0
rf,2,SR386_40X_HE_T200_01,0,0.16935930735930735,0
rf,2,SR386_40X_HE_T206_01,1,0.09766004691667471,0
rf,2,SR386_40X_HE_T211_01,0,0.06667532467532468,0
rf,2,SR386_40X_HE_T213_01,0,0.14353246753246754,0
rf,2,SR386_40X_HE_T214_01,0,0.1383158105079222,0
rf,2,SR386_40X_HE_T220_01,0,0.06106422469536074,0
rf,2,SR386_40X_HE_T230_01,1,0.12780024005686783,0
rf,2,SR386_40X_HE_T236_01,0,0.08736405529953918,0
rf,2,SR386_40X_HE_T237_01,0,0.03535984848484849,0
rf,2,SR386_40X_HE_T240_01,0,0.043484848484848494,0
rf,2,SR386_40X_HE_T241_01,0,0.08265119579873678,0
rf,2,SR386_40X_HE_T242_01,0,0.09287992265859969,0
rf,2,SR386_40X_HE_T253_01,0,0.015810483870967743,0
rf,2,SR386_40X_HE_T260_01,0,0.226,0
rf,2,SR386_40X_HE_T262_01,0,0.136,0
rf,2,SR386_40X_HE_T264_01,0,0.11078442660203,0
rf,2,SR386_40X_HE_T271_01,0,0.05907913105353172,0
rf,2,SR386_40X_HE_T281_01,0,0.05557184750733138,0
rf,2,SR386_40X_HE_T297_01,0,0.012,0
rf,2,SR386_40X_HE_T299_01,0,0.04481818181818181,0
rf,2,SR386_40X_HE_T301_01,0,0.0357099458512502,0
rf,2,SR386_40X_HE_T306_01,0,0.10512215320910973,0
rf,2,SR386_40X_HE_T309_01,0,0.06027907361455749,0
rf,2,SR386_40X_HE_T314_01,0,0.09381818181818181,0
rf,2,SR386_40X_HE_T316_01,0,0.1436100981767181,0
rf,2,SR386_40X_HE_T318_01,0,0.09753846153846153,0
rf,2,SR386_40X_HE_T321_01,0,0.06626120388266336,0
rf,2,SR386_40X_HE_T326_01,0,0.03153846153846154,0
rf,2,SR386_40X_HE_T327_01,0,0.008,0
rf,2,SR386_40X_HE_T332_01,1,0.11954112554112553,0
rf,2,SR386_40X_HE_T355_01,0,0.07476607263704038,0
rf,2,SR386_40X_HE_T364_01,0,0.1341334566299161,0
rf,2,SR386_40X_HE_T368_01,1,0.07681505219586614,0
rf,2,SR386_40X_HE_T374_01,0,0.04157184750733138,0
rf,2,SR386_40X_HE_T380_01,0,0.013904761904761906,0
rf,2,SR386_40X_HE_T382_01,0,0.021935483870967745,0
rf,2,SR386_40X_HE_T392_01,0,0.07,0
rf,2,SR386_40X_HE_T398_01,0,0.0882025694735372,0
rf,2,SR386_40X_HE_T402_01,1,0.1436277056277056,0
rf,2,SR386_40X_HE_T404_01,0,0.028,0
rf,2,SR386_40X_HE_T415_01,0,0.013951219512195122,0
rf,2,SR386_40X_HE_T417_01,0,0.021935483870967745,0
rf,2,SR386_40X_HE_T425_01,0,0.07538191244239631,0
rf,2,SR386_40X_HE_T436_01,1,0.06446695240243627,0
rf,2,SR386_40X_HE_T437_01,0,0.06407193075741463,0
rf,2,SR386_40X_HE_T440_01,0,0.06093169599217986,0
rf,2,SR386_40X_HE_T445_01,0,0.09920121951219513,0
rf,2,SR386_40X_HE_T450_01,0,0.06117482517482518,0
rf,2,SR386_40X_HE_T459_01,0,0.06262153694832516,0
rf,2,SR386_40X_HE_T472_01,0,0.057201219512195124,0
rf,2,SR386_40X_HE_T481_01,0,0.057128740824392996,0
rf,2,SR386_40X_HE_T483_01,0,0.14765842759391146,0
rf,2,SR386_40X_HE_T486_01,0,0.11520804189966183,0
rf,2,SR386_40X_HE_T488_01,0,0.12124459280556843,0
rf,2,SR386_40X_HE_T499_01,0,0.20149279612393217,0
rf,2,SR386_40X_HE_T507_01,0,0.15317184750733137,0
rf,2,SR386_40X_HE_T514_01,0,0.06092807192807193,0
rf,2,SR386_40X_HE_T520_01,1,0.04934491315136477,0
rf,2,SR386_40X_HE_T522_01,0,0.051722943722943726,0
rf,2,SR386_40X_HE_T531_01,0,0.08554112554112554,0
rf,2,SR386_40X_HE_T535_01,0,0.01,0
rf,2,SR386_40X_HE_T539_01,0,0.1287832666264598,0
rf,2,SR386_40X_HE_T549_01,0,0.10937870731419119,0
rf,2,SR386_40X_HE_T552_01,0,0.06781818181818182,0
rf,2,SR386_40X_HE_T553_01,0,0.08996781231102864,0
rf,2,SR386_40X_HE_T554_01,0,0.09840385421030583,0
rf,2,SR386_40X_HE_T558_01,0,0.05748885392079728,0
rf,2,SR386_40X_HE_T564_01,0,0.10059300699300698,0
rf,2,SR386_40X_HE_T570_01,0,0.022,0
rf,2,SR386_40X_HE_T574_01,0,0.02,0
rf,2,SR386_40X_HE_T578_01,0,0.03151889233954452,0
rf,2,SR386_40X_HE_T580_01,0,0.004,0
rf,3,SR1482_40X_HE_T005_01,0,0.30993548387096775,1
rf,3,SR1482_40X_HE_T005_02,0,0.2618104838709677,0
rf,3,SR1482_40X_HE_T010_01,0,0.06919984176646167,0
rf,3,SR1482_40X_HE_T043_01,0,0.08927963603190947,0
rf,3,SR1482_40X_HE_T043_02,0,0.06914617940199336,0
rf,3,SR1482_40X_HE_T049_01,0,0.06103604997153385,0
rf,3,SR1482_40X_HE_T061_01,0,0.33565636267487137,1
rf,3,SR1482_40X_HE_T061_02,0,0.24155731225296442,0
rf,3,SR1482_40X_HE_T070_01,1,0.08187096774193549,0
rf,3,SR1482_40X_HE_T073_01,0,0.09655619649168036,0
rf,3,SR1482_40X_HE_T082_01,0,0.09023749013959394,0
rf,3,SR1482_40X_HE_T082_02,0,0.12876985240098843,0
rf,3,SR1482_40X_HE_T089_01,0,0.06691453230745129,0
rf,3,SR1482_40X_HE_T090_01,0,0.061875,0
rf,3,SR1482_40X_HE_T094_01,1,0.13935930735930735,0
rf,3,SR1482_40X_HE_T094_02,1,0.15523851417399806,0
rf,3,SR1482_40X_HE_T105_01,0,0.038880061402012625,0
rf,3,SR1482_40X_HE_T115_01,0,0.08181818181818182,0
rf,3,SR1482_40X_HE_T115_02,0,0.04393548387096775,0
rf,3,SR1482_40X_HE_T118_01,0,0.2699512195121951,0
rf,3,SR1482_40X_HE_T118_02,0,0.1956891495601173,0
rf,3,SR1482_40X_HE_T120_01,0,0.14221699134199134,0
rf,3,SR1482_40X_HE_T120_02,0,0.1988516845473367,0
rf,3,SR1482_40X_HE_T124_01,0,0.15705955816807474,0
rf,3,SR1482_40X_HE_T124_02,0,0.23131097794211397,0
rf,3,SR1482_40X_HE_T138_01,0,0.027951219512195122,0
rf,3,SR1482_40X_HE_T160_01,0,0.08381818181818182,0
rf,3,SR1482_40X_HE_T160_02,0,0.064,0
rf,3,SR1482_40X_HE_T167_01,0,0.12163636363636363,0
rf,3,SR1482_40X_HE_T167_02,0,0.09346207415772634,0
rf,3,SR1482_40X_HE_T175_01,0,0.18926057813154584,0
rf,3,SR1482_40X_HE_T175_02,0,0.21349963343108505,0
rf,3,SR1482_40X_HE_T177_01,1,0.08320546932742055,0
rf,3,SR1482_40X_HE_T188_01,0,0.07898633681424792,0
rf,3,SR1482_40X_HE_T195_01,0,0.08501507095055481,0
rf,3,SR1482_40X_HE_T195_02,0,0.08784024577572964,0
rf,3,SR1482_40X_HE_T202_01,0,0.09507039884907588,0
rf,3,SR1482_40X_HE_T202_02,0,0.10381818181818181,0
rf,3,SR1482_40X_HE_T225_01,0,0.14542033235581622,0
rf,3,SR1482_40X_HE_T225_02,0,0.09866055937685722,0
rf,3,SR1482_40X_HE_T235_01,0,0.12973244013579505,0
rf,3,SR1482_40X_HE_T235_02,0,0.08771121351766513,0
rf,3,SR1482_40X_HE_T236_01,0,0.03,0
rf,3,SR1482_40X_HE_T236_02,0,0.045643892339544516,0
rf,3,SR1482_40X_HE_T258_01,0,0.12517482517482517,0
rf,3,SR1482_40X_HE_T258_02,0,0.11372294372294371,0
rf,3,SR1482_40X_HE_T284_01,1,0.1993229437229437,0
rf,3,SR1482_40X_HE_T284_02,1,0.2619024390243902,0
rf,3,SR1482_40X_HE_T301_01,1,0.10267469893132672,0
rf,3,SR1482_40X_HE_T301_02,1,0.1747515373826734,0
rf,3,SR1482_40X_HE_T309_01,0,0.125871975019516,0
rf,3,SR1482_40X_HE_T313_01,0,0.17352939533584694,0
rf,3,SR1482_40X_HE_T313_02,0,0.18916630009775173,0
rf,3,SR1482_40X_HE_T338_01,0,0.22981048387096775,0
rf,3,SR1482_40X_HE_T344_01,0,0.2457797619047619,0
rf,3,SR1482_40X_HE_T344_02,0,0.17340942928039704,0
rf,3,SR1482_40X_HE_T346_01,0,0.2016363636363636,0
rf,3,SR1482_40X_HE_T346_02,0,0.19175366568914956,0
rf,3,SR1482_40X_HE_T377_01,0,0.0955770533301406,0
rf,3,SR1482_40X_HE_T377_02,0,0.0750421607378129,0
rf,3,SR1482_40X_HE_T419_01,0,0.025904761904761906,0
rf,3,SR1482_40X_HE_T427_01,0,0.08134128097241702,0
rf,3,SR1482_40X_HE_T427_02,0,0.03535984848484849,0
rf,3,SR386_40X_HE_T007_01,0,0.07363171106365442,0
rf,3,SR386_40X_HE_T015_01,0,0.078,0
rf,3,SR386_40X_HE_T017_01,1,0.1691059152907998,0
rf,3,SR386_40X_HE_T032_01,0,0.03957184750733138,0
rf,3,SR386_40X_HE_T034_01,0,0.041810483870967745,0
rf,3,SR386_40X_HE_T035_01,0,0.11475849825495775,0
rf,3,SR386_40X_HE_T041_01,0,0.3086053502364863,1
rf,3,SR386_40X_HE_T067_01,0,0.025633879781420763,0
rf,3,SR386_40X_HE_T075_01,0,0.049840245775729645,0
rf,3,SR386_40X_HE_T081_01,0,0.0991886500596178,0
rf,3,SR386_40X_HE_T083_01,0,0.07962463343108504,0
rf,3,SR386_40X_HE_T085_01,0,0.013431893687707641,0
rf,3,SR386_40X_HE_T095_01,0,0.10487652933468512,0
rf,3,SR386_40X_HE_T104_01,0,0.058327457164462644,0
rf,3,SR386_40X_HE_T106_01,0,0.04581818181818182,0
rf,3,SR386_40X_HE_T112_01,0,0.024,0
rf,3,SR386_40X_HE_T128_01,0,0.057722943722943724,0
rf,3,SR386_40X_HE_T132_01,0,0.033095238095238094,0
rf,3,SR386_40X_HE_T138_01,0,0.08683917243047026,0
rf,3,SR386_40X_HE_T142_01,0,0.09512121212121212,0
rf,3,SR386_40X_HE_T149_01,0,0.09026166176658092,0
rf,3,SR386_40X_HE_T165_01,1,0.14062597402597402,0
rf,3,SR386_40X_HE_T179_01,0,0.10749500768049154,0
rf,3,SR386_40X_HE_T180_01,0,0.07165842759391147,0
rf,3,SR386_40X_HE_T182_01,0,0.0919607843137255,0
rf,3,SR386_40X_HE_T184_01,0,0.08251557045105432,0
rf,3,SR386_40X_HE_T188_01,0,0.05181818181818182,0
rf,3,SR386_40X_HE_T191_01,0,0.025322943722943723,0
rf,3,SR386_40X_HE_T197_01,0,0.09574500768049156,0
rf,3,SR386_40X_HE_T201_01,0,0.023674163235138847,0
rf,3,SR386_40X_HE_T202_01,0,0.024,0
rf,3,SR386_40X_HE_T208_01,0,0.008,0
rf,3,SR386_40X_HE_T216_01,1,0.11372294372294371,0
rf,3,SR386_40X_HE_T238_01,0,0.02335664335664336,0
rf,3,SR386_40X_HE_T244_01,0,0.06981818181818181,0
rf,3,SR386_40X_HE_T248_01,0,0.03326881720430108,0
rf,3,SR386_40X_HE_T249_01,0,0.002,0
rf,3,SR386_40X_HE_T250_01,0,0.09480905818987213,0
rf,3,SR386_40X_HE_T263_01,0,0.06339578454332553,0
rf,3,SR386_40X_HE_T267_01,0,0.15917937621051226,0
rf,3,SR386_40X_HE_T269_01,0,0.006,0
rf,3,SR386_40X_HE_T277_01,0,0.021636363636363634,0
rf,3,SR386_40X_HE_T286_01,0,0.20109992724038717,0
rf,3,SR386_40X_HE_T287_01,0,0.12176570154651548,0
rf,3,SR386_40X_HE_T290_01,0,0.050855981416957026,0
rf,3,SR386_40X_HE_T293_01,0,0.04595121951219512,0
rf,3,SR386_40X_HE_T298_01,0,0.035478260869565216,0
rf,3,SR386_40X_HE_T303_01,0,0.02,0
rf,3,SR386_40X_HE_T312_01,0,0.11121262477360039,0
rf,3,SR386_40X_HE_T329_01,0,0.16688513965709087,0
rf,3,SR386_40X_HE_T336_01,0,0.04144684750733138,0
rf,3,SR386_40X_HE_T338_01,0,0.018,0
rf,3,SR386_40X_HE_T342_01,0,0.08517891968044128,0
rf,3,SR386_40X_HE_T353_01,0,0.1339047619047619,0
rf,3,SR386_40X_HE_T357_01,0,0.009904761904761906,0
rf,3,SR386_40X_HE_T362_01,0,0.054660046916674705,0
rf,3,SR386_40X_HE_T363_01,1,0.14553846153846156,0
rf,3,SR386_40X_HE_T372_01,0,0.2129521505376344,0
rf,3,SR386_40X_HE_T378_01,0,0.009643892339544513,0
rf,3,SR386_40X_HE_T379_01,0,0.036,0
rf,3,SR386_40X_HE_T386_01,0,0.015818181818181818,0
rf,3,SR386_40X_HE_T387_01,0,0.0654766094120933,0
rf,3,SR386_40X_HE_T393_01,0,0.04,0
rf,3,SR386_40X_HE_T397_01,0,0.15528829366992145,0
rf,3,SR386_40X_HE_T406_01,0,0.15190892203570375,0
rf,3,SR386_40X_HE_T409_01,0,0.0755008341885915,0
rf,3,SR386_40X_HE_T422_01,0,0.02307246376811594,0
rf,3,SR386_40X_HE_T426_01,0,0.044,0
rf,3,SR386_40X_HE_T433_01,0,0.02,0
rf,3,SR386_40X_HE_T443_01,0,0.14117142857142856,0
rf,3,SR386_40X_HE_T448_01,0,0.073875,0
rf,3,SR386_40X_HE_T452_01,0,0.1725960107424702,0
rf,3,SR386_40X_HE_T460_01,1,0.2074968287526427,0
rf,3,SR386_40X_HE_T473_01,0,0.041875,0
rf,3,SR386_40X_HE_T475_01,0,0.018,0
rf,3,SR386_40X_HE_T478_01,0,0.047535483870967746,0
rf,3,SR386_40X_HE_T489_01,1,0.08366666666666667,0
rf,3,SR386_40X_HE_T491_01,0,0.12499755802869407,0
rf,3,SR386_40X_HE_T492_01,0,0.01777896613190731,0
rf,3,SR386_40X_HE_T493_01,0,0.008,0
rf,3,SR386_40X_HE_T502_01,0,0.02,0
rf,3,SR386_40X_HE_T505_01,0,0.11287676484338477,0
rf,3,SR386_40X_HE_T506_01,0,0.10057223757229704,0
rf,3,SR386_40X_HE_T509_01,0,0.15180952380952378,0
rf,3,SR386_40X_HE_T516_01,0,0.061518892339544516,0
rf,3,SR386_40X_HE_T518_01,0,0.0459672131147541,0
rf,3,SR386_40X_HE_T519_01,0,0.050799866799866804,0
rf,3,SR386_40X_HE_T521_01,0,0.025904761904761906,0
rf,3,SR386_40X_HE_T526_01,0,0.05342857142857143,0
rf,3,SR386_40X_HE_T533_01,0,0.03144322344322344,0
rf,3,SR386_40X_HE_T543_01,0,0.04784024577572965,0
rf,3,SR386_40X_HE_T544_01,0,0.08724480508799824,0
rf,3,SR386_40X_HE_T556_01,1,0.07924675324675326,0
rf,3,SR386_40X_HE_T560_01,0,0.046353325919363655,0
rf,3,SR386_40X_HE_T563_01,0,0.011484848484848485,0
rf,3,SR386_40X_HE_T568_01,0,0.039504761904761904,0
rf,3,SR386_40X_HE_T571_01,0,0.10067246376811594,0
rf,3,SR386_40X_HE_T572_01,0,0.1276178861788618,0
rf,3,SR386_40X_HE_T573_01,0,0.06755731225296442,0
rf,3,SR386_40X_HE_T583_01,0,0.035951219512195126,0
rf,4,SR1482_40X_HE_T002_01,0,0.03319955313503701,0
rf,4,SR1482_40X_HE_T003_01,0,0.06287929144026705,0
rf,4,SR1482_40X_HE_T004_01,0,0.05032028779253637,0
rf,4,SR1482_40X_HE_T004_02,0,0.07459024577572965,0
rf,4,SR1482_40X_HE_T011_01,0,0.0703189623675557,0
rf,4,SR1482_40X_HE_T025_01,0,0.13811934031145193,0
rf,4,SR1482_40X_HE_T025_02,0,0.14598653009394696,0
rf,4,SR1482_40X_HE_T060_01,0,0.13757142857142857,0
rf,4,SR1482_40X_HE_T062_01,0,0.12334491315136477,0
rf,4,SR1482_40X_HE_T062_02,0,0.11389941431117902,0
rf,4,SR1482_40X_HE_T064_01,0,0.2129960428771789,0
rf,4,SR1482_40X_HE_T064_02,0,0.13900294505153837,0
rf,4,SR1482_40X_HE_T071_01,0,0.08071891146487921,0
rf,4,SR1482_40X_HE_T071_02,0,0.1298181818181818,0
rf,4,SR1482_40X_HE_T074_01,0,0.0763625541125541,0
rf,4,SR1482_40X_HE_T074_02,0,0.0692077922077922,0
rf,4,SR1482_40X_HE_T083_01,0,0.188,0
rf,4,SR1482_40X_HE_T083_02,0,0.18154166666666666,0
rf,4,SR1482_40X_HE_T087_01,0,0.048246753246753246,0
rf,4,SR1482_40X_HE_T097_01,1,0.15022678004007925,0
rf,4,SR1482_40X_HE_T097_02,1,0.09073643429740992,0
rf,4,SR1482_40X_HE_T108_01,0,0.019484848484848483,0
rf,4,SR1482_40X_HE_T113_01,0,0.06335664335664336,0
rf,4,SR1482_40X_HE_T113_02,0,0.11278787878787878,0
rf,4,SR1482_40X_HE_T121_01,0,0.013086999022482894,0
rf,4,SR1482_40X_HE_T122_01,0,0.018,0
rf,4,SR1482_40X_HE_T125_01,0,0.07163636363636362,0
rf,4,SR1482_40X_HE_T125_02,0,0.11324517867912356,0
rf,4,SR1482_40X_HE_T131_01,0,0.19020496439044826,0
rf,4,SR1482_40X_HE_T131_02,0,0.13703392166505768,0
rf,4,SR1482_40X_HE_T132_01,0,0.08216645036823858,0
rf,4,SR1482_40X_HE_T132_02,0,0.07692357910906299,0
rf,4,SR1482_40X_HE_T143_01,0,0.1454928861788618,0
rf,4,SR1482_40X_HE_T143_02,0,0.13696969696969694,0
rf,4,SR1482_40X_HE_T166_01,1,0.03281818181818182,0
rf,4,SR1482_40X_HE_T169_01,0,0.08858333333333335,0
rf,4,SR1482_40X_HE_T176_01,1,0.19194171730079448,0
rf,4,SR1482_40X_HE_T176_02,1,0.13663188574550053,0
rf,4,SR1482_40X_HE_T191_01,0,0.06086596515439021,0
rf,4,SR1482_40X_HE_T194_01,0,0.3554848484848485,1
rf,4,SR1482_40X_HE_T218_01,0,0.03954112554112554,0
rf,4,SR1482_40X_HE_T253_01,0,0.024,0
rf,4,SR1482_40X_HE_T290_01,0,0.13463515108080323,0
rf,4,SR1482_40X_HE_T308_01,0,0.10308333333333333,0
rf,4,SR1482_40X_HE_T314_01,0,0.3934134615384616,1
rf,4,SR1482_40X_HE_T314_02,0,0.2735714285714286,0
rf,4,SR1482_40X_HE_T372_01,1,0.19658382740447952,0
rf,4,SR1482_40X_HE_T372_02,1,0.15434882321979093,0
rf,4,SR1482_40X_HE_T408_01,0,0.052,0
rf,4,SR1482_40X_HE_T412_01,0,0.06865255034820253,0
rf,4,SR1482_40X_HE_T425_01,0,0.01942033235581623,0
rf,4,SR1482_40X_HE_T434_01,1,0.08983578431372548,0
rf,4,SR386_40X_HE_T006_01,0,0.03193548387096774,0
rf,4,SR386_40X_HE_T010_01,0,0.06993548387096775,0
rf,4,SR386_40X_HE_T014_01,0,0.05231044224592612,0
rf,4,SR386_40X_HE_T016_01,0,0.030441865098492882,0
rf,4,SR386_40X_HE_T020_01,0,0.004,0
rf,4,SR386_40X_HE_T027_01,0,0.14255731225296445,0
rf,4,SR386_40X_HE_T028_01,0,0.03548484848484849,0
rf,4,SR386_40X_HE_T037_01,0,0.01753846153846154,0
rf,4,SR386_40X_HE_T043_01,0,0.06672501411631847,0
rf,4,SR386_40X_HE_T044_01,1,0.09925349893623137,0
rf,4,SR386_40X_HE_T046_01,0,0.03186858974358974,0
rf,4,SR386_40X_HE_T058_01,0,0.04756534994697773,0
rf,4,SR386_40X_HE_T062_01,0,0.041372346381915344,0
rf,4,SR386_40X_HE_T065_01,1,0.0694766094120933,0
rf,4,SR386_40X_HE_T080_01,0,0.033600000000000005,0
rf,4,SR386_40X_HE_T091_01,0,0.06777126818469324,0
rf,4,SR386_40X_HE_T094_01,0,0.0067149321266968326,0
rf,4,SR386_40X_HE_T097_01,0,0.074,0
rf,4,SR386_40X_HE_T100_01,0,0.09328025597590815,0
rf,4,SR386_40X_HE_T107_01,0,0.09087398641954457,0
rf,4,SR386_40X_HE_T109_01,1,0.09923900419128415,0
rf,4,SR386_40X_HE_T110_01,0,0.06129533235581622,0
rf,4,SR386_40X_HE_T117_01,0,0.03166666666666667,0
rf,4,SR386_40X_HE_T127_01,0,0.03981818181818182,0
rf,4,SR386_40X_HE_T129_01,0,0.036,0
rf,4,SR386_40X_HE_T136_01,0,0.07270783383283384,0
rf,4,SR386_40X_HE_T154_01,0,0.023001069518716576,0
rf,4,SR386_40X_HE_T168_01,1,0.18299176092724478,0
rf,4,SR386_40X_HE_T175_01,0,0.02353846153846154,0
rf,4,SR386_40X_HE_T189_01,0,0.056229856165340035,0
rf,4,SR386_40X_HE_T195_01,0,0.009818181818181818,0
rf,4,SR386_40X_HE_T227_01,0,0.044,0
rf,4,SR386_40X_HE_T233_01,0,0.15265738291401068,0
rf,4,SR386_40X_HE_T234_01,0,0.2214739454094293,0
rf,4,SR386_40X_HE_T235_01,0,0.07181818181818181,0
rf,4,SR386_40X_HE_T239_01,0,0.1387361948820368,0
rf,4,SR386_40X_HE_T245_01,0,0.01957937621051226,0
rf,4,SR386_40X_HE_T256_01,0,0.08566666666666665,0
rf,4,SR386_40X_HE_T265_01,0,0.07356558792790678,0
rf,4,SR386_40X_HE_T268_01,0,0.09798952699163077,0
rf,4,SR386_40X_HE_T270_01,0,0.0293030303030303,0
rf,4,SR386_40X_HE_T272_01,0,0.19653846153846155,0
rf,4,SR386_40X_HE_T273_01,0,0.09350383631713555,0
rf,4,SR386_40X_HE_T276_01,0,0.13728874474053296,0
rf,4,SR386_40X_HE_T278_01,1,0.10793627838487173,0
rf,4,SR386_40X_HE_T284_01,0,0.02153221288515406,0
rf,4,SR386_40X_HE_T285_01,0,0.009674614305750352,0
rf,4,SR386_40X_HE_T288_01,0,0.08327759197324414,0
rf,4,SR386_40X_HE_T291_01,0,0.08,0
rf,4,SR386_40X_HE_T300_01,0,0.033935483870967745,0
rf,4,SR386_40X_HE_T302_01,0,0.04585598141695703,0
rf,4,SR386_40X_HE_T305_01,0,0.02,0
rf,4,SR386_40X_HE_T308_01,0,0.05353846153846154,0
rf,4,SR386_40X_HE_T325_01,0,0.0419047619047619,0
rf,4,SR386_40X_HE_T331_01,0,0.07058203805997923,0
rf,4,SR386_40X_HE_T341_01,0,0.18787096774193549,0
rf,4,SR386_40X_HE_T343_01,1,0.09733101045296168,0
rf,4,SR386_40X_HE_T346_01,0,0.1329442586399108,0
rf,4,SR386_40X_HE_T352_01,0,0.1336845238095238,0
rf,4,SR386_40X_HE_T373_01,0,0.14280142401486934,0
rf,4,SR386_40X_HE_T375_01,0,0.11144642857142856,0
rf,4,SR386_40X_HE_T381_01,0,0.03781818181818182,0
rf,4,SR386_40X_HE_T389_01,0,0.10357142857142855,0
rf,4,SR386_40X_HE_T391_01,0,0.040972943722943723,0
rf,4,SR386_40X_HE_T394_01,0,0.028956232492997197,0
rf,4,SR386_40X_HE_T399_01,0,0.23589431127544733,0
rf,4,SR386_40X_HE_T403_01,0,0.018,0
rf,4,SR386_40X_HE_T405_01,0,0.09151136363636363,0
rf,4,SR386_40X_HE_T407_01,0,0.047268817204301074,0
rf,4,SR386_40X_HE_T414_01,0,0.03735664335664336,0
rf,4,SR386_40X_HE_T424_01,0,0.1592012195121951,0
rf,4,SR386_40X_HE_T429_01,0,0.147875,0
rf,4,SR386_40X_HE_T441_01,0,0.08605245630293845,0
rf,4,SR386_40X_HE_T451_01,0,0.02953846153846154,0
rf,4,SR386_40X_HE_T453_01,0,0.02554112554112554,0
rf,4,SR386_40X_HE_T455_01,0,0.07483490422620857,0
rf,4,SR386_40X_HE_T465_01,0,0.12304857910906299,0
rf,4,SR386_40X_HE_T474_01,0,0.11010530645824763,0
rf,4,SR386_40X_HE_T476_01,0,0.14933169934640522,0
rf,4,SR386_40X_HE_T479_01,0,0.06481491646203477,0
rf,4,SR386_40X_HE_T482_01,0,0.09190476190476189,0
rf,4,SR386_40X_HE_T487_01,0,0.07595121951219512,0
rf,4,SR386_40X_HE_T490_01,0,0.03694015683769782,0
rf,4,SR386_40X_HE_T494_01,0,0.02,0
rf,4,SR386_40X_HE_T500_01,0,0.03373913043478261,0
rf,4,SR386_40X_HE_T510_01,0,0.07562866568914955,0
rf,4,SR386_40X_HE_T524_01,0,0.027779761904761904,0
rf,4,SR386_40X_HE_T528_01,0,0.24709798176803457,0
rf,4,SR386_40X_HE_T532_01,0,0.03786046511627907,0
rf,4,SR386_40X_HE_T534_01,0,0.13266137264544986,0
rf,4,SR386_40X_HE_T536_01,0,0.024,0
rf,4,SR386_40X_HE_T537_01,0,0.043875,0
rf,4,SR386_40X_HE_T541_01,0,0.05757745917960972,0
rf,4,SR386_40X_HE_T548_01,1,0.1503202698167293,0
rf,4,SR386_40X_HE_T550_01,0,0.1451069265587148,0
rf,4,SR386_40X_HE_T551_01,0,0.025056277056277054,0
rf,4,SR386_40X_HE_T557_01,0,0.056052540106951876,0
rf,4,SR386_40X_HE_T565_01,0,0.024969696969696965,0
rf,4,SR386_40X_HE_T567_01,0,0.04808858930924148,0
rf,4,SR386_40X_HE_T575_01,0,0.10785598141695703,0
rf,4,SR386_40X_HE_T576_01,0,0.07181818181818181,0
rf,4,SR386_40X_HE_T581_01,0,0.10287505200962094,0
