classifier,fold,WSI_ID,target,prob_pos,pred_at_0.5
lin,1,SR1482_40X_HE_T029_01,0,0.002033066195328454,0
lin,1,SR1482_40X_HE_T029_02,0,0.007360722100606285,0
lin,1,SR1482_40X_HE_T057_01,0,8.173729507286957e-06,0
lin,1,SR1482_40X_HE_T063_01,1,0.12693019263764757,0
lin,1,SR1482_40X_HE_T063_02,1,0.0002035044046578005,0
lin,1,SR1482_40X_HE_T065_01,0,0.00013348889721110543,0
lin,1,SR1482_40X_HE_T065_02,0,6.288741003653365e-07,0
lin,1,SR1482_40X_HE_T066_01,0,0.9997498481733934,1
lin,1,SR1482_40X_HE_T066_02,0,0.09658003922310648,0
lin,1,SR1482_40X_HE_T068_01,0,5.28246332689218e-07,0
lin,1,SR1482_40X_HE_T069_01,0,6.335705536444434e-09,0
lin,1,SR1482_40X_HE_T069_02,0,1.3132530105772265e-06,0
lin,1,SR1482_40X_HE_T079_01,1,0.004006976652699635,0
lin,1,SR1482_40X_HE_T079_02,1,0.21769830543474344,0
lin,1,SR1482_40X_HE_T080_01,0,0.00114572826824418,0
lin,1,SR1482_40X_HE_T080_02,0,9.900207838526286e-05,0
lin,1,SR1482_40X_HE_T081_01,0,0.0022027782482270143,0
lin,1,SR1482_40X_HE_T081_02,0,0.004734193176484028,0
lin,1,SR1482_40X_HE_T099_01,0,6.213837035629761e-06,0
lin,1,SR1482_40X_HE_T116_01,0,0.0032720050985127615,0
lin,1,SR1482_40X_HE_T117_01,0,3.091804825596011e-05,0
lin,1,SR1482_40X_HE_T117_02,0,3.449951345051483e-06,0
lin,1,SR1482_40X_HE_T126_01,0,0.0028374991826884367,0
lin,1,SR1482_40X_HE_T129_01,0,0.003174053746896207,0
lin,1,SR1482_40X_HE_T129_02,0,0.0011125630295015902,0
lin,1,SR1482_40X_HE_T139_01,0,0.003939301644609767,0
lin,1,SR1482_40X_HE_T139_02,0,0.2847261098282749,0
lin,1,SR1482_40X_HE_T147_01,0,0.9965727507842902,1
lin,1,SR1482_40X_HE_T147_02,0,0.9998050199422699,1
lin,1,SR1482_40X_HE_T159_01,0,5.25851570148568e-06,0
lin,1,SR1482_40X_HE_T159_02,0,0.002055004963985258,0
lin,1,SR1482_40X_HE_T192_01,0,1.4959015344112946e-06,0
lin,1,SR1482_40X_HE_T199_01,0,6.0620989443014475e-06,0
lin,1,SR1482_40X_HE_T304_01,0,8.793063949190433e-05,0
lin,1,SR1482_40X_HE_T304_02,0,0.0001588475433360669,0
lin,1,SR1482_40X_HE_T310_01,1,0.9895422070309934,1
lin,1,SR1482_40X_HE_T310_02,1,0.47788285306966455,0
lin,1,SR1482_40X_HE_T341_01,0,1.8979334438254664e-07,0
lin,1,SR1482_40X_HE_T341_02,0,6.352184550074636e-05,0
lin,1,SR1482_40X_HE_T353_01,0,0.003198850280290365,0
lin,1,SR1482_40X_HE_T390_01,0,0.00033422671923949735,0
lin,1,SR1482_40X_HE_T433_01,1,0.0048482370093052675,0
lin,1,SR386_40X_HE_T003_01,0,0.00022801312779870692,0
lin,1,SR386_40X_HE_T004_01,0,0.0002319539921543864,0
lin,1,SR386_40X_HE_T022_01,1,0.8683910688284681,1
lin,1,SR386_40X_HE_T030_01,0,0.0009236344164842379,0
lin,1,SR386_40X_HE_T033_01,0,0.004159654519180931,0
lin,1,SR386_40X_HE_T036_01,0,7.762672886680488e-09,0
lin,1,SR386_40X_HE_T038_01,0,3.706933903581951e-07,0
lin,1,SR386_40X_HE_T049_01,0,1.0404209281329561e-08,0
lin,1,SR386_40X_HE_T050_01,0,3.0354063034173907e-05,0
lin,1,SR386_40X_HE_T060_01,0,0.00020745345400524347,0
lin,1,SR386_40X_HE_T063_01,0,0.01075962544218212,0
lin,1,SR386_40X_HE_T066_01,0,2.8404649301196683e-05,0
lin,1,SR386_40X_HE_T069_01,0,0.0006361499948125336,0
lin,1,SR386_40X_HE_T072_01,0,0.0003703756153052741,0
lin,1,SR386_40X_HE_T074_01,0,1.3383594168853594e-05,0
lin,1,SR386_40X_HE_T078_01,0,0.00011110317947180723,0
lin,1,SR386_40X_HE_T079_01,0,1.751773231263867e-08,0
lin,1,SR386_40X_HE_T092_01,1,0.6629780125579593,1
lin,1,SR386_40X_HE_T096_01,0,2.7654978199121534e-07,0
lin,1,SR386_40X_HE_T099_01,0,1.9498367708723315e-05,0
lin,1,SR386_40X_HE_T103_01,0,8.785880842484024e-08,0
lin,1,SR386_40X_HE_T108_01,0,0.00014254581060110701,0
lin,1,SR386_40X_HE_T113_01,0,0.03652977645487083,0
lin,1,SR386_40X_HE_T114_01,0,0.00010641383712170233,0
lin,1,SR386_40X_HE_T119_01,0,0.0021426147033955976,0
lin,1,SR386_40X_HE_T126_01,0,0.010213363125124164,0
lin,1,SR386_40X_HE_T130_01,0,1.3015606803334533e-07,0
lin,1,SR386_40X_HE_T131_01,0,0.009820958454802605,0
lin,1,SR386_40X_HE_T135_01,0,0.09643730701316824,0
lin,1,SR386_40X_HE_T140_01,0,0.00014049975987062184,0
lin,1,SR386_40X_HE_T144_01,0,0.05720454622690304,0
lin,1,SR386_40X_HE_T147_01,0,9.412612707868092e-06,0
lin,1,SR386_40X_HE_T148_01,0,0.0005106601481199359,0
lin,1,SR386_40X_HE_T160_01,0,2.7467613278838605e-07,0
lin,1,SR386_40X_HE_T169_01,0,4.115312967154994e-09,0
lin,1,SR386_40X_HE_T170_01,1,0.9968362818037905,1
lin,1,SR386_40X_HE_T172_01,0,0.9654512426559924,1
lin,1,SR386_40X_HE_T174_01,0,0.009372494678288091,0
lin,1,SR386_40X_HE_T181_01,0,6.692568055279688e-06,0
lin,1,SR386_40X_HE_T196_01,0,4.7954431868790555e-05,0
lin,1,SR386_40X_HE_T205_01,0,0.004221540059268772,0
lin,1,SR386_40X_HE_T209_01,0,9.790008774980266e-05,0
lin,1,SR386_40X_HE_T210_01,0,0.3487081984825958,0
lin,1,SR386_40X_HE_T212_01,0,0.0057237903472226355,0
lin,1,SR386_40X_HE_T221_01,0,2.9129125586927927e-05,0
lin,1,SR386_40X_HE_T224_01,0,0.0006946785049770352,0
lin,1,SR386_40X_HE_T231_01,1,0.9623368117878359,1
lin,1,SR386_40X_HE_T232_01,0,1.8495274938842939e-06,0
lin,1,SR386_40X_HE_T247_01,0,0.00030766722977939177,0
lin,1,SR386_40X_HE_T252_01,0,4.571516664097766e-06,0
lin,1,SR386_40X_HE_T255_01,0,0.0030156140745107828,0
lin,1,SR386_40X_HE_T259_01,1,0.9170992891037444,1
lin,1,SR386_40X_HE_T274_01,0,2.8634780990194055e-07,0
lin,1,SR386_40X_HE_T275_01,0,0.01665642853257256,0
lin,1,SR386_40X_HE_T282_01,0,2.0507265376603605e-05,0
lin,1,SR386_40X_HE_T294_01,0,0.958776835731531,1
lin,1,SR386_40X_HE_T311_01,0,0.0001340910778012528,0
lin,1,SR386_40X_HE_T315_01,0,0.00017364458603612293,0
lin,1,SR386_40X_HE_T319_01,1,0.012207104362415828,0
lin,1,SR386_40X_HE_T324_01,1,0.000701315175478954,0
lin,1,SR386_40X_HE_T330_01,0,7.431990518008247e-08,0
lin,1,SR386_40X_HE_T333_01,0,0.00245908201380462,0
lin,1,SR386_40X_HE_T335_01,0,3.6696546423308902e-06,0
lin,1,SR386_40X_HE_T337_01,0,0.005464900565953455,0
lin,1,SR386_40X_HE_T344_01,0,0.001576839903340904,0
lin,1,SR386_40X_HE_T347_01,0,5.303767250504236e-06,0
lin,1,SR386_40X_HE_T350_01,0,1.1484887101379614e-05,0
lin,1,SR386_40X_HE_T351_01,0,0.034300944101321354,0
lin,1,SR386_40X_HE_T360_01,0,3.971566129922283e-06,0
lin,1,SR386_40X_HE_T361_01,0,9.116764734904332e-05,0
lin,1,SR386_40X_HE_T366_01,0,5.414827184024732e-05,0
lin,1,SR386_40X_HE_T377_01,1,0.9189492876658076,1
lin,1,SR386_40X_HE_T384_01,0,1.2182904878645207e-05,0
lin,1,SR386_40X_HE_T395_01,0,3.660394618569125e-05,0
lin,1,SR386_40X_HE_T396_01,0,0.00038417701131404836,0
lin,1,SR386_40X_HE_T401_01,0,0.05612324864135556,0
lin,1,SR386_40X_HE_T408_01,0,2.3150333504565747e-05,0
lin,1,SR386_40X_HE_T410_01,0,0.000595433817007448,0
lin,1,SR386_40X_HE_T413_01,0,0.00011855619757692363,0
lin,1,SR386_40X_HE_T416_01,0,1.2183877630796167e-05,0
lin,1,SR386_40X_HE_T418_01,0,2.3375344004618132e-05,0
lin,1,SR386_40X_HE_T419_01,0,0.03412777862285258,0
lin,1,SR386_40X_HE_T421_01,0,2.656933132847466e-05,0
lin,1,SR386_40X_HE_T423_01,0,7.552167910514577e-07,0
lin,1,SR386_40X_HE_T428_01,0,1.5942126415599823e-06,0
lin,1,SR386_40X_HE_T430_01,0,0.0010516387112321048,0
lin,1,SR386_40X_HE_T431_01,0,0.07156353702851909,0
lin,1,SR386_40X_HE_T435_01,0,0.981092786028352,1
lin,1,SR386_40X_HE_T438_01,0,0.0001059869488577899,0
lin,1,SR386_40X_HE_T439_01,0,0.011256689331365971,0
lin,1,SR386_40X_HE_T447_01,0,4.854763457896269e-09,0
lin,1,SR386_40X_HE_T449_01,0,6.434474518572008e-07,0
lin,1,SR386_40X_HE_T454_01,0,2.7647185018663526e-06,0
lin,1,SR386_40X_HE_T456_01,0,0.0002943049626653722,0
lin,1,SR386_40X_HE_T461_01,0,0.7085766575831791,1
lin,1,SR386_40X_HE_T462_01,0,0.0005823418841285234,0
lin,1,SR386_40X_HE_T468_01,0,2.1634604123037728e-06,0
lin,1,SR386_40X_HE_T469_01,1,0.052631976456354576,0
lin,1,SR386_40X_HE_T470_01,0,0.010187138790663082,0
lin,1,SR386_40X_HE_T471_01,0,3.6176066799066957e-05,0
lin,1,SR386_40X_HE_T477_01,0,0.0006078937663439399,0
lin,1,SR386_40X_HE_T480_01,0,0.1250221697942889,0
lin,1,SR386_40X_HE_T484_01,0,0.07157605452410923,0
lin,1,SR386_40X_HE_T495_01,0,8.99160863814233e-10,0
lin,1,SR386_40X_HE_T496_01,0,1.0266631186747998e-07,0
lin,1,SR386_40X_HE_T498_01,0,0.9841659067032851,1
lin,1,SR386_40X_HE_T504_01,0,0.00016931586632449382,0
lin,1,SR386_40X_HE_T511_01,0,0.0023342923989514686,0
lin,1,SR386_40X_HE_T517_01,0,0.17712520399747497,0
lin,1,SR386_40X_HE_T523_01,0,4.609330963084903e-07,0
lin,1,SR386_40X_HE_T529_01,0,0.00037769473771563677,0
lin,1,SR386_40X_HE_T542_01,0,0.0009132660132138402,0
lin,1,SR386_40X_HE_T569_01,0,0.6842379938776313,1
lin,1,SR386_40X_HE_T582_01,0,8.159525115608613e-07,0
lin,2,SR1482_40X_HE_T009_01,0,1.376127511604621e-09,0
lin,2,SR1482_40X_HE_T009_02,0,2.54891900111997e-08,0
lin,2,SR1482_40X_HE_T015_01,0,7.97488509362437e-06,0
lin,2,SR1482_40X_HE_T021_01,0,2.2414549023464826e-05,0
lin,2,SR1482_40X_HE_T067_01,0,9.209420112768183e-08,0
lin,2,SR1482_40X_HE_T075_01,0,4.377036042902344e-06,0
lin,2,SR1482_40X_HE_T075_02,0,0.0011420802191134207,0
lin,2,SR1482_40X_HE_T098_01,0,0.0048106776146476975,0
lin,2,SR1482_40X_HE_T098_02,0,0.0024729164873164657,0
lin,2,SR1482_40X_HE_T102_01,0,0.0026785013801725152,0
lin,2,SR1482_40X_HE_T123_01,0,0.0005323085189892184,0
lin,2,SR1482_40X_HE_T142_01,0,2.398950063849429e-07,0
lin,2,SR1482_40X_HE_T146_01,0,0.020383826214934585,0
lin,2,SR1482_40X_HE_T148_01,0,0.12266114960435565,0
lin,2,SR1482_40X_HE_T148_02,0,0.14166563510495211,0
lin,2,SR1482_40X_HE_T154_01,0,0.00018141279354352835,0
lin,2,SR1482_40X_HE_T158_01,0,7.936572270692646e-06,0
lin,2,SR1482_40X_HE_T161_01,0,0.0011412614685464403,0
lin,2,SR1482_40X_HE_T161_02,0,0.000883958660647655,0
lin,2,SR1482_40X_HE_T164_01,1,7.08159214780792e-06,0
lin,2,SR1482_40X_HE_T164_02,1,0.0025853665285767227,0
lin,2,SR1482_40X_HE_T168_01,0,0.0015414336770228857,0
lin,2,SR1482_40X_HE_T171_01,0,1.2099748010870945e-05,0
lin,2,SR1482_40X_HE_T171_02,0,5.798054999468786e-06,0
lin,2,SR1482_40X_HE_T178_01,1,2.6330505324058948e-05,0
lin,2,SR1482_40X_HE_T186_01,0,0.000984655336597598,0
lin,2,SR1482_40X_HE_T193_01,0,0.0023118877701122763,0
lin,2,SR1482_40X_HE_T193_02,0,0.016025188796155474,0
lin,2,SR1482_40X_HE_T209_01,0,2.587192897011464e-06,0
lin,2,SR1482_40X_HE_T209_02,0,0.017729227033147166,0
lin,2,SR1482_40X_HE_T245_01,0,0.003519965770097997,0
lin,2,SR1482_40X_HE_T245_02,0,7.788736034364077e-07,0
lin,2,SR1482_40X_HE_T265_01,0,2.063885161129522e-05,0
lin,2,SR1482_40X_HE_T302_01,0,0.016082158175957095,0
lin,2,SR1482_40X_HE_T343_01,1,0.005195507184304302,0
lin,2,SR1482_40X_HE_T343_02,1,1.88030356277924e-05,0
lin,2,SR1482_40X_HE_T399_01,0,4.2820213512277404e-05,0
lin,2,SR1482_40X_HE_T399_02,0,0.0008750908154637122,0
lin,2,SR1482_40X_HE_T426_01,0,8.643510381517042e-08,0
lin,2,SR1482_40X_HE_T426_02,0,7.235679392584439e-07,0
lin,2,SR386_40X_HE_T001_01,0,0.05764471896667155,0
lin,2,SR386_40X_HE_T013_01,0,4.762998640579367e-05,0
lin,2,SR386_40X_HE_T018_01,0,0.0003491248665843668,0
lin,2,SR386_40X_HE_T019_01,0,0.000825573865549561,0
lin,2,SR386_40X_HE_T024_01,0,2.332599872612821e-08,0
lin,2,SR386_40X_HE_T039_01,0,2.466858018152899e-06,0
lin,2,SR386_40X_HE_T040_01,1,0.15319891957493378,0
lin,2,SR386_40X_HE_T042_01,0,0.0014476222900571812,0
lin,2,SR386_40X_HE_T047_01,0,8.873243923750176e-07,0
lin,2,SR386_40X_HE_T051_01,0,6.047748106894504e-07,0
lin,2,SR386_40X_HE_T052_01,0,1.5381534202968587e-05,0
lin,2,SR386_40X_HE_T056_01,0,8.942586439020082e-06,0
lin,2,SR386_40X_HE_T057_01,0,2.3616964035254374e-05,0
lin,2,SR386_40X_HE_T070_01,0,4.4332756567639505e-05,0
lin,2,SR386_40X_HE_T082_01,0,0.00014086257157875257,0
lin,2,SR386_40X_HE_T084_01,0,4.8011837675322347e-08,0
lin,2,SR386_40X_HE_T087_01,0,0.17358171073362835,0
lin,2,SR386_40X_HE_T088_01,0,0.0007043406253704596,0
lin,2,SR386_40X_HE_T098_01,0,0.11149862155463912,0
lin,2,SR386_40X_HE_T105_01,0,8.243948126774685e-05,0
lin,2,SR386_40X_HE_T122_01,0,2.629479435745029e-06,0
lin,2,SR386_40X_HE_T123_01,0,0.00036606505291301734,0
lin,2,SR386_40X_HE_T133_01,0,2.7644818662791257e-07,0
lin,2,SR386_40X_HE_T145_01,0,0.00010727850411642784,0
lin,2,SR386_40X_HE_T150_01,0,0.0159614367977356,0
lin,2,SR386_40X_HE_T152_01,0,0.004129683713944182,0
lin,2,SR386_40X_HE_T155_01,0,0.0007112434108533356,0
lin,2,SR386_40X_HE_T157_01,0,0.0005721563926754526,0
lin,2,SR386_40X_HE_T164_01,0,0.03744600874584988,0
lin,2,SR386_40X_HE_T166_01,0,0.008238901804718268,0
lin,2,SR386_40X_HE_T176_01,1,0.5668184721836742,1
lin,2,SR386_40X_HE_T177_01,0,1.5654134544856184e-07,0
lin,2,SR386_40X_HE_T178_01,0,0.04260956908867321,0
lin,2,SR386_40X_HE_T187_01,0,0.005068330950289702,0
lin,2,SR386_40X_HE_T190_01,0,7.221209322705234e-07,0
lin,2,SR386_40X_HE_T192_01,0,9.638195299992044e-08,0
lin,2,SR386_40X_HE_T198_01,0,0.00048638961171716715,0
lin,2,SR386_40X_HE_T200_01,0,0.041090870779946484,0
lin,2,SR386_40X_HE_T206_01,1,1.7071337086661535e-05,0
lin,2,SR386_40X_HE_T211_01,0,4.832013843881037e-06,0
lin,2,SR386_40X_HE_T213_01,0,1.4126951745535368e-06,0
lin,2,SR386_40X_HE_T214_01,0,3.0245932595547424e-05,0
lin,2,SR386_40X_HE_T220_01,0,2.6326531163479382e-05,0
lin,2,SR386_40X_HE_T230_01,1,0.8605642145879978,1
lin,2,SR386_40X_HE_T236_01,0,0.0004961138224122866,0
lin,2,SR386_40X_HE_T237_01,0,0.004010422027789882,0
lin,2,SR386_40X_HE_T240_01,0,4.0598976348540536e-05,0
lin,2,SR386_40X_HE_T241_01,0,0.0001686048478137767,0
lin,2,SR386_40X_HE_T242_01,0,6.0258428217351245e-05,0
lin,2,SR386_40X_HE_T253_01,0,3.0738350440997616e-06,0
lin,2,SR386_40X_HE_T260_01,0,6.623147787260109e-05,0
lin,2,SR386_40X_HE_T262_01,0,2.7575739964961934e-05,0
lin,2,SR386_40X_HE_T264_01,0,0.010553256837301352,0
lin,2,SR386_40X_HE_T271_01,0,1.0928425989481954e-08,0
lin,2,SR386_40X_HE_T281_01,0,1.5463902747197997e-05,0
lin,2,SR386_40X_HE_T297_01,0,1.5922871519628008e-06,0
lin,2,SR386_40X_HE_T299_01,0,3.103384899282641e-05,0
lin,2,SR386_40X_HE_T301_01,0,2.2761635718986134e-06,0
lin,2,SR386_40X_HE_T306_01,0,2.882036578990597e-06,0
lin,2,SR386_40X_HE_T309_01,0,3.977867516738549e-05,0
lin,2,SR386_40X_HE_T314_01,0,0.0006905830979234913,0
lin,2,SR386_40X_HE_T316_01,0,0.5421898918585543,1
lin,2,SR386_40X_HE_T318_01,0,0.0001426258671676523,0
lin,2,SR386_40X_HE_T321_01,0,2.5385247045958928e-05,0
lin,2,SR386_40X_HE_T326_01,0,8.720337359595315e-05,0
lin,2,SR386_40X_HE_T327_01,0,4.3595307886071145e-07,0
lin,2,SR386_40X_HE_T332_01,1,0.07466590580388982,0
lin,2,SR386_40X_HE_T355_01,0,1.1914301720602438e-05,0
lin,2,SR386_40X_HE_T364_01,0,0.011204550741188013,0
lin,2,SR386_40X_HE_T368_01,1,5.566606580992648e-06,0
lin,2,SR386_40X_HE_T374_01,0,6.838183074611207e-08,0
lin,2,SR386_40X_HE_T380_01,0,6.6835577038474355e-06,0
lin,2,SR386_40X_HE_T382_01,0,1.6204255050535264e-06,0
lin,2,SR386_40X_HE_T392_01,0,7.092759368186072e-05,0
lin,2,SR386_40X_HE_T398_01,0,0.0002521946383901931,0
lin,2,SR386_40X_HE_T402_01,1,0.05517420490568463,0
lin,2,SR386_40X_HE_T404_01,0,2.3660618908092834e-06,0
lin,2,SR386_40X_HE_T415_01,0,3.737713570512881e-09,0
lin,2,SR386_40X_HE_T417_01,0,1.7707053123264157e-08,0
lin,2,SR386_40X_HE_T425_01,0,4.587668978976488e-06,0
lin,2,SR386_40X_HE_T436_01,1,0.00234797858992431,0
lin,2,SR386_40X_HE_T437_01,0,0.0002902237893698495,0
lin,2,SR386_40X_HE_T440_01,0,0.00044319004357401277,0
lin,2,SR386_40X_HE_T445_01,0,0.00029588904901181,0
lin,2,SR386_40X_HE_T450_01,0,0.0007644049852395802,0
lin,2,SR386_40X_HE_T459_01,0,9.852185531437597e-07,0
lin,2,SR386_40X_HE_T472_01,0,0.0008344740279808493,0
lin,2,SR386_40X_HE_T481_01,0,0.033867628450918015,0
lin,2,SR386_40X_HE_T483_01,0,0.00019693457786598703,0
lin,2,SR386_40X_HE_T486_01,0,0.005441269891097722,0
lin,2,SR386_40X_HE_T488_01,0,9.053636416696579e-05,0
lin,2,SR386_40X_HE_T499_01,0,4.891940233961998e-07,0
lin,2,SR386_40X_HE_T507_01,0,3.998645002500292e-05,0
lin,2,SR386_40X_HE_T514_01,0,7.272223991904124e-05,0
lin,2,SR386_40X_HE_T520_01,1,3.768057574195439e-06,0
lin,2,SR386_40X_HE_T522_01,0,5.313684687116924e-05,0
lin,2,SR386_40X_HE_T531_01,0,1.6100653465487903e-05,0
lin,2,SR386_40X_HE_T535_01,0,1.3643493037574739e-09,0
lin,2,SR386_40X_HE_T539_01,0,0.0014223073473019565,0
lin,2,SR386_40X_HE_T549_01,0,8.62838755955283e-08,0
lin,2,SR386_40X_HE_T552_01,0,2.1428900227711934e-05,0
lin,2,SR386_40X_HE_T553_01,0,0.0059012503188968475,0
lin,2,SR386_40X_HE_T554_01,0,0.0003477745938272911,0
lin,2,SR386_40X_HE_T558_01,0,0.0001562429457996867,0
lin,2,SR386_40X_HE_T564_01,0,5.233047460360612e-06,0
lin,2,SR386_40X_HE_T570_01,0,0.0007870974200707819,0
lin,2,SR386_40X_HE_T574_01,0,9.265430697926411e-05,0
lin,2,SR386_40X_HE_T578_01,0,4.772498441586508e-07,0
lin,2,SR386_40X_HE_T580_01,0,5.474727237384519e-07,0
lin,3,SR1482_40X_HE_T005_01,0,0.012373700702223028,0
lin,3,SR1482_40X_HE_T005_02,0,0.0006600451625259235,0
lin,3,SR1482_40X_HE_T010_01,0,8.920113260235425e-07,0
lin,3,SR1482_40X_HE_T043_01,0,9.738963795377995e-06,0
lin,3,SR1482_40X_HE_T043_02,0,1.6820912100005447e-06,0
lin,3,SR1482_40X_HE_T049_01,0,2.2119044325377117e-06,0
lin,3,SR1482_40X_HE_T061_01,0,0.899547055460566,1
lin,3,SR1482_40X_HE_T061_02,0,0.9162375669266115,1
lin,3,SR1482_40X_HE_T070_01,1,8.614176388730054e-05,0
lin,3,SR1482_40X_HE_T073_01,0,0.00010989379025187566,0
lin,3,SR1482_40X_HE_T082_01,0,2.2534854833587228e-06,0
lin,3,SR1482_40X_HE_T082_02,0,0.009738465568779496,0
lin,3,SR1482_40X_HE_T089_01,0,1.6232131668187652e-06,0
lin,3,SR1482_40X_HE_T090_01,0,0.0001122635007209995,0
lin,3,SR1482_40X_HE_T094_01,1,0.525071757350239,1
lin,3,SR1482_40X_HE_T094_02,1,0.9878545037580991,1
lin,3,SR1482_40X_HE_T105_01,0,3.3855427883807645e-07,0
lin,3,SR1482_40X_HE_T115_01,0,8.348662690061464e-07,0
lin,3,SR1482_40X_HE_T115_02,0,1.6849467601353238e-06,0
lin,3,SR1482_40X_HE_T118_01,0,0.670842855514969,1
lin,3,SR1482_40X_HE_T118_02,0,0.11777591248847803,0
lin,3,SR1482_40X_HE_T120_01,0,0.005567992539662271,0
lin,3,SR1482_40X_HE_T120_02,0,0.27241390391544584,0
lin,3,SR1482_40X_HE_T124_01,0,0.9597747597159719,1
lin,3,SR1482_40X_HE_T124_02,0,0.40293967577413803,0
lin,3,SR1482_40X_HE_T138_01,0,4.98068745985302e-05,0
lin,3,SR1482_40X_HE_T160_01,0,3.789272970358574e-05,0
lin,3,SR1482_40X_HE_T160_02,0,0.00010075535754720238,0
lin,3,SR1482_40X_HE_T167_01,0,0.0010861301975398285,0
lin,3,SR1482_40X_HE_T167_02,0,0.0075872563570050745,0
lin,3,SR1482_40X_HE_T175_01,0,0.0010652803122606627,0
lin,3,SR1482_40X_HE_T175_02,0,0.0006727145435900267,0
lin,3,SR1482_40X_HE_T177_01,1,6.684532606530549e-06,0
lin,3,SR1482_40X_HE_T188_01,0,0.004652942358894769,0
lin,3,SR1482_40X_HE_T195_01,0,0.001470949703726424,0
lin,3,SR1482_40X_HE_T195_02,0,0.0005658762143617507,0
lin,3,SR1482_40X_HE_T202_01,0,1.1950351993605257e-07,0
lin,3,SR1482_40X_HE_T202_02,0,2.1060145627004785e-07,0
lin,3,SR1482_40X_HE_T225_01,0,0.0003938817348991563,0
lin,3,SR1482_40X_HE_T225_02,0,1.503768009476974e-06,0
lin,3,SR1482_40X_HE_T235_01,0,7.418631901831757e-05,0
lin,3,SR1482_40X_HE_T235_02,0,1.5167621020418714e-06,0
lin,3,SR1482_40X_HE_T236_01,0,2.9131634535700106e-07,0
lin,3,SR1482_40X_HE_T236_02,0,2.807998281811008e-07,0
lin,3,SR1482_40X_HE_T258_01,0,1.030006811118622e-05,0
lin,3,SR1482_40X_HE_T258_02,0,6.020368680649757e-07,0
lin,3,SR1482_40X_HE_T284_01,1,0.22794414004535898,0
lin,3,SR1482_40X_HE_T284_02,1,0.03093679493275859,0
lin,3,SR1482_40X_HE_T301_01,1,0.0007708615494270803,0
lin,3,SR1482_40X_HE_T301_02,1,8.215150071604627e-05,0
lin,3,SR1482_40X_HE_T309_01,0,0.0001096583769908993,0
lin,3,SR1482_40X_HE_T313_01,0,7.19225060996872e-05,0
lin,3,SR1482_40X_HE_T313_02,0,9.647478893352745e-05,0
lin,3,SR1482_40X_HE_T338_01,0,0.0006979193390476934,0
lin,3,SR1482_40X_HE_T344_01,0,0.0007741762475999063,0
lin,3,SR1482_40X_HE_T344_02,0,0.0033108527083422932,0
lin,3,SR1482_40X_HE_T346_01,0,0.006442885814138197,0
lin,3,SR1482_40X_HE_T346_02,0,0.025833554783202938,0
lin,3,SR1482_40X_HE_T377_01,0,4.11357666231555e-05,0
lin,3,SR1482_40X_HE_T377_02,0,4.680154709950187e-06,0
lin,3,SR1482_40X_HE_T419_01,0,0.0004928074670560491,0
lin,3,SR1482_40X_HE_T427_01,0,0.00019130762206257042,0
lin,3,SR1482_40X_HE_T427_02,0,2.4027009359283888e-06,0
lin,3,SR386_40X_HE_T007_01,0,0.00018247975001990272,0
lin,3,SR386_40X_HE_T015_01,0,0.0003598655740927553,0
lin,3,SR386_40X_HE_T017_01,1,0.6269920703508239,1
lin,3,SR386_40X_HE_T032_01,0,1.9695546533924366e-05,0
lin,3,SR386_40X_HE_T034_01,0,5.6738089686081266e-05,0
lin,3,SR386_40X_HE_T035_01,0,0.001694672029417973,0
lin,3,SR386_40X_HE_T041_01,0,0.8119495001508082,1
lin,3,SR386_40X_HE_T067_01,0,3.6968922506855277e-06,0
lin,3,SR386_40X_HE_T075_01,0,5.02795765690933e-05,0
lin,3,SR386_40X_HE_T081_01,0,0.0043554134141906755,0
lin,3,SR386_40X_HE_T083_01,0,0.01053903391424709,0
lin,3,SR386_40X_HE_T085_01,0,5.379936550699869e-07,0
lin,3,SR386_40X_HE_T095_01,0,0.0057861329814869345,0
lin,3,SR386_40X_HE_T104_01,0,0.10132401893742009,0
lin,3,SR386_40X_HE_T106_01,0,0.00015786420027098495,0
lin,3,SR386_40X_HE_T112_01,0,2.8624814990642395e-05,0
lin,3,SR386_40X_HE_T128_01,0,2.9136416500743577e-06,0
lin,3,SR386_40X_HE_T132_01,0,1.809091513404712e-08,0
lin,3,SR386_40X_HE_T138_01,0,7.828465163062247e-06,0
lin,3,SR386_40X_HE_T142_01,0,0.03540140315032534,0
lin,3,SR386_40X_HE_T149_01,0,0.0019503279679846644,0
lin,3,SR386_40X_HE_T165_01,1,0.09526004962849119,0
lin,3,SR386_40X_HE_T179_01,0,0.002779241054077937,0
lin,3,SR386_40X_HE_T180_01,0,5.538553977679399e-05,0
lin,3,SR386_40X_HE_T182_01,0,8.790485626525144e-05,0
lin,3,SR386_40X_HE_T184_01,0,0.0036560124122440867,0
lin,3,SR386_40X_HE_T188_01,0,1.9988068307246605e-08,0
lin,3,SR386_40X_HE_T191_01,0,0.0010621664871086802,0
lin,3,SR386_40X_HE_T197_01,0,7.37700291604582e-05,0
lin,3,SR386_40X_HE_T201_01,0,5.908082206112888e-05,0
lin,3,SR386_40X_HE_T202_01,0,9.892047990847131e-08,0
lin,3,SR386_40X_HE_T208_01,0,2.969788419626248e-06,0
lin,3,SR386_40X_HE_T216_01,1,0.784014818552645,1
lin,3,SR386_40X_HE_T238_01,0,5.026659077932444e-07,0
lin,3,SR386_40X_HE_T244_01,0,3.778965973606715e-07,0
lin,3,SR386_40X_HE_T248_01,0,4.790996796132866e-07,0
lin,3,SR386_40X_HE_T249_01,0,1.7162978151769223e-07,0
lin,3,SR386_40X_HE_T250_01,0,3.6869237372866697e-06,0
lin,3,SR386_40X_HE_T263_01,0,8.058964340566272e-05,0
lin,3,SR386_40X_HE_T267_01,0,0.0024569761652608133,0
lin,3,SR386_40X_HE_T269_01,0,5.851725698992386e-05,0
lin,3,SR386_40X_HE_T277_01,0,5.545692786978419e-06,0
lin,3,SR386_40X_HE_T286_01,0,0.0009437383395392508,0
lin,3,SR386_40X_HE_T287_01,0,0.6305462190959089,1
lin,3,SR386_40X_HE_T290_01,0,0.0005495811550145713,0
lin,3,SR386_40X_HE_T293_01,0,5.384376356540277e-07,0
lin,3,SR386_40X_HE_T298_01,0,2.2093686311637008e-05,0
lin,3,SR386_40X_HE_T303_01,0,4.295178512409392e-07,0
lin,3,SR386_40X_HE_T312_01,0,0.00024843577142791257,0
lin,3,SR386_40X_HE_T329_01,0,0.0036143721700462616,0
lin,3,SR386_40X_HE_T336_01,0,0.00021516111960283204,0
lin,3,SR386_40X_HE_T338_01,0,0.0009532014133912508,0
lin,3,SR386_40X_HE_T342_01,0,3.53483813743168e-06,0
lin,3,SR386_40X_HE_T353_01,0,5.491658175502343e-06,0
lin,3,SR386_40X_HE_T357_01,0,8.87786626591266e-09,0
lin,3,SR386_40X_HE_T362_01,0,1.9895482887867252e-07,0
lin,3,SR386_40X_HE_T363_01,1,0.16276703789976849,0
lin,3,SR386_40X_HE_T372_01,0,0.011359683739304623,0
lin,3,SR386_40X_HE_T378_01,0,4.936668346854236e-07,0
lin,3,SR386_40X_HE_T379_01,0,1.397821726052362e-05,0
lin,3,SR386_40X_HE_T386_01,0,0.0017249925615884544,0
lin,3,SR386_40X_HE_T387_01,0,3.580454204656563e-08,0
lin,3,SR386_40X_HE_T393_01,0,2.5294962670030126e-05,0
lin,3,SR386_40X_HE_T397_01,0,0.029501852699385017,0
lin,3,SR386_40X_HE_T406_01,0,0.0027977464214667485,0
lin,3,SR386_40X_HE_T409_01,0,2.638043457358321e-05,0
lin,3,SR386_40X_HE_T422_01,0,9.114277587905875e-08,0
lin,3,SR386_40X_HE_T426_01,0,1.1033050676533632e-05,0
lin,3,SR386_40X_HE_T433_01,0,0.0030937055344419095,0
lin,3,SR386_40X_HE_T443_01,0,0.024341708843207573,0
lin,3,SR386_40X_HE_T448_01,0,0.0023315130283490426,0
lin,3,SR386_40X_HE_T452_01,0,0.06314713291387605,0
lin,3,SR386_40X_HE_T460_01,1,0.7470530449132976,1
lin,3,SR386_40X_HE_T473_01,0,3.0905459357176544e-06,0
lin,3,SR386_40X_HE_T475_01,0,1.389442732880439e-07,0
lin,3,SR386_40X_HE_T478_01,0,3.06911372403384e-05,0
lin,3,SR386_40X_HE_T489_01,1,1.1070819048257025e-07,0
lin,3,SR386_40X_HE_T491_01,0,0.0005406585436955452,0
lin,3,SR386_40X_HE_T492_01,0,2.3095172408598e-07,0
lin,3,SR386_40X_HE_T493_01,0,1.4538781565493985e-07,0
lin,3,SR386_40X_HE_T502_01,0,1.0313600024289509e-05,0
lin,3,SR386_40X_HE_T505_01,0,0.006142762293650341,0
lin,3,SR386_40X_HE_T506_01,0,2.3213500069247156e-06,0
lin,3,SR386_40X_HE_T509_01,0,0.000621035847538301,0
lin,3,SR386_40X_HE_T516_01,0,0.01604797757043125,0
lin,3,SR386_40X_HE_T518_01,0,2.1046917682411497e-07,0
lin,3,SR386_40X_HE_T519_01,0,0.0017589256413369963,0
lin,3,SR386_40X_HE_T521_01,0,4.5866614316659127e-07,0
lin,3,SR386_40X_HE_T526_01,0,2.225895540412096e-05,0
lin,3,SR386_40X_HE_T533_01,0,3.913586545391769e-06,0
lin,3,SR386_40X_HE_T543_01,0,1.255718069140049e-05,0
lin,3,SR386_40X_HE_T544_01,0,5.308231973633194e-05,0
lin,3,SR386_40X_HE_T556_01,1,0.2597617306116197,0
lin,3,SR386_40X_HE_T560_01,0,6.556097474474522e-05,0
lin,3,SR386_40X_HE_T563_01,0,5.446495863219767e-06,0
lin,3,SR386_40X_HE_T568_01,0,2.6602803453628048e-05,0
lin,3,SR386_40X_HE_T571_01,0,4.4352549623088536e-05,0
lin,3,SR386_40X_HE_T572_01,0,0.00021753718556922583,0
lin,3,SR386_40X_HE_T573_01,0,0.004025102006757195,0
lin,3,SR386_40X_HE_T583_01,0,1.329100658386617e-05,0
lin,4,SR1482_40X_HE_T002_01,0,4.1468234046381016e-09,0
lin,4,SR1482_40X_HE_T003_01,0,9.801812571718983e-08,0
lin,4,SR1482_40X_HE_T004_01,0,1.2686522137060226e-08,0
lin,4,SR1482_40X_HE_T004_02,0,0.0003308352137250323,0
lin,4,SR1482_40X_HE_T011_01,0,1.1685130438888763e-11,0
lin,4,SR1482_40X_HE_T025_01,0,0.002521009516172821,0
lin,4,SR1482_40X_HE_T025_02,0,0.018493039429928047,0
lin,4,SR1482_40X_HE_T060_01,0,8.891263883486287e-07,0
lin,4,SR1482_40X_HE_T062_01,0,0.028731510799970193,0
lin,4,SR1482_40X_HE_T062_02,0,0.10324740706128964,0
lin,4,SR1482_40X_HE_T064_01,0,0.09378380339317327,0
lin,4,SR1482_40X_HE_T064_02,0,4.992985431579908e-05,0
lin,4,SR1482_40X_HE_T071_01,0,3.336293523285976e-05,0
lin,4,SR1482_40X_HE_T071_02,0,0.00047458191360139903,0
lin,4,SR1482_40X_HE_T074_01,0,3.3833570543591426e-08,0
lin,4,SR1482_40X_HE_T074_02,0,2.295388884513987e-07,0
lin,4,SR1482_40X_HE_T083_01,0,0.381637578708925,0
lin,4,SR1482_40X_HE_T083_02,0,0.006957409714929002,0
lin,4,SR1482_40X_HE_T087_01,0,5.696498873167017e-09,0
lin,4,SR1482_40X_HE_T097_01,1,0.9327865570781094,1
lin,4,SR1482_40X_HE_T097_02,1,0.016586688374096503,0
lin,4,SR1482_40X_HE_T108_01,0,2.1253128869454076e-10,0
lin,4,SR1482_40X_HE_T113_01,0,1.0654950735634346e-05,0
lin,4,SR1482_40X_HE_T113_02,0,0.0009315465685980486,0
lin,4,SR1482_40X_HE_T121_01,0,2.8723246086905217e-12,0
lin,4,SR1482_40X_HE_T122_01,0,2.0287744625092369e-13,0
lin,4,SR1482_40X_HE_T125_01,0,0.00012286656709961218,0
lin,4,SR1482_40X_HE_T125_02,0,6.9505642751700445e-06,0
lin,4,SR1482_40X_HE_T131_01,0,0.45377724998605357,0
lin,4,SR1482_40X_HE_T131_02,0,0.8869721481397679,1
lin,4,SR1482_40X_HE_T132_01,0,1.12129551832765e-05,0
lin,4,SR1482_40X_HE_T132_02,0,6.147844509558248e-06,0
lin,4,SR1482_40X_HE_T143_01,0,0.7976364880623493,1
lin,4,SR1482_40X_HE_T143_02,0,0.15109990548912494,0
lin,4,SR1482_40X_HE_T166_01,1,2.097762814299899e-09,0
lin,4,SR1482_40X_HE_T169_01,0,0.030824082517976192,0
lin,4,SR1482_40X_HE_T176_01,1,0.841224647187219,1
lin,4,SR1482_40X_HE_T176_02,1,0.7698901272778145,1
lin,4,SR1482_40X_HE_T191_01,0,5.206526317862526e-10,0
lin,4,SR1482_40X_HE_T194_01,0,0.9206888500934826,1
lin,4,SR1482_40X_HE_T218_01,0,8.678245527651583e-09,0
lin,4,SR1482_40X_HE_T253_01,0,4.775144708326487e-09,0
lin,4,SR1482_40X_HE_T290_01,0,0.00015631531252488824,0
lin,4,SR1482_40X_HE_T308_01,0,0.0003418532896051981,0
lin,4,SR1482_40X_HE_T314_01,0,0.516897576014481,1
lin,4,SR1482_40X_HE_T314_02,0,0.80816686024031,1
lin,4,SR1482_40X_HE_T372_01,1,0.3789192459639603,0
lin,4,SR1482_40X_HE_T372_02,1,0.0005425051846806766,0
lin,4,SR1482_40X_HE_T408_01,0,4.4370653530097643e-05,0
lin,4,SR1482_40X_HE_T412_01,0,0.025411969568079694,0
lin,4,SR1482_40X_HE_T425_01,0,5.993871926630621e-12,0
lin,4,SR1482_40X_HE_T434_01,1,0.06371884844942001,0
lin,4,SR386_40X_HE_T006_01,0,8.983379706325175e-07,0
lin,4,SR386_40X_HE_T010_01,0,0.0002467347602829101,0
lin,4,SR386_40X_HE_T014_01,0,0.0010858394016716743,0
lin,4,SR386_40X_HE_T016_01,0,7.009250980227849e-07,0
lin,4,SR386_40X_HE_T020_01,0,9.998716605085797e-10,0
lin,4,SR386_40X_HE_T027_01,0,3.912033338444487e-05,0
lin,4,SR386_40X_HE_T028_01,0,9.844380459600037e-06,0
lin,4,SR386_40X_HE_T037_01,0,1.5906187352735815e-07,0
lin,4,SR386_40X_HE_T043_01,0,7.639708124963361e-06,0
lin,4,SR386_40X_HE_T044_01,1,0.00997504528613031,0
lin,4,SR386_40X_HE_T046_01,0,0.0015109811257937105,0
lin,4,SR386_40X_HE_T058_01,0,3.9425268089818496e-07,0
lin,4,SR386_40X_HE_T062_01,0,2.99166906891353e-07,0
lin,4,SR386_40X_HE_T065_01,1,0.00012796934195856001,0
lin,4,SR386_40X_HE_T080_01,0,1.2234597242658337e-06,0
lin,4,SR386_40X_HE_T091_01,0,3.2594828796262916e-05,0
lin,4,SR386_40X_HE_T094_01,0,1.1031228067820217e-08,0
lin,4,SR386_40X_HE_T097_01,0,4.2415066891305896e-05,0
lin,4,SR386_40X_HE_T100_01,0,2.3347707847472962e-08,0
lin,4,SR386_40X_HE_T107_01,0,0.007695885923424213,0
lin,4,SR386_40X_HE_T109_01,1,0.01291083458784235,0
lin,4,SR386_40X_HE_T110_01,0,0.02156600580408248,0
lin,4,SR386_40X_HE_T117_01,0,0.02342793347506126,0
lin,4,SR386_40X_HE_T127_01,0,1.325564619281585e-07,0
lin,4,SR386_40X_HE_T129_01,0,1.278295727579019e-07,0
lin,4,SR386_40X_HE_T136_01,0,0.0031136301048348245,0
lin,4,SR386_40X_HE_T154_01,0,0.0007061382242021701,0
lin,4,SR386_40X_HE_T168_01,1,0.8226119929214563,1
lin,4,SR386_40X_HE_T175_01,0,4.078206551716844e-08,0
lin,4,SR386_40X_HE_T189_01,0,1.8894767755523823e-09,0
lin,4,SR386_40X_HE_T195_01,0,7.479381595311705e-09,0
lin,4,SR386_40X_HE_T227_01,0,0.0003326724997288211,0
lin,4,SR386_40X_HE_T233_01,0,0.008826477875015035,0
lin,4,SR386_40X_HE_T234_01,0,0.004509461475498626,0
lin,4,SR386_40X_HE_T235_01,0,2.017302047531563e-05,0
lin,4,SR386_40X_HE_T239_01,0,0.03362798989908646,0
lin,4,SR386_40X_HE_T245_01,0,9.318427608604218e-07,0
lin,4,SR386_40X_HE_T256_01,0,0.00019180512095510487,0
lin,4,SR386_40X_HE_T265_01,0,1.548787166259851e-05,0
lin,4,SR386_40X_HE_T268_01,0,0.0007004664569138479,0
lin,4,SR386_40X_HE_T270_01,0,0.0004984966043888905,0
lin,4,SR386_40X_HE_T272_01,0,0.0014169713081782194,0
lin,4,SR386_40X_HE_T273_01,0,0.03656373465768753,0
lin,4,SR386_40X_HE_T276_01,0,0.01585600965147226,0
lin,4,SR386_40X_HE_T278_01,1,0.9003677723421606,1
lin,4,SR386_40X_HE_T284_01,0,7.655518717734402e-05,0
lin,4,SR386_40X_HE_T285_01,0,3.118555691829989e-07,0
lin,4,SR386_40X_HE_T288_01,0,1.2817336062491078e-06,0
lin,4,SR386_40X_HE_T291_01,0,5.372955588813381e-05,0
lin,4,SR386_40X_HE_T300_01,0,1.5243164941028785e-05,0
lin,4,SR386_40X_HE_T302_01,0,7.787762612900955e-06,0
lin,4,SR386_40X_HE_T305_01,0,4.60443062922235e-05,0
lin,4,SR386_40X_HE_T308_01,0,5.289853976512727e-09,0
lin,4,SR386_40X_HE_T325_01,0,1.497159759525575e-05,0
lin,4,SR386_40X_HE_T331_01,0,2.3768319053200685e-05,0
lin,4,SR386_40X_HE_T341_01,0,0.013555489688065574,0
lin,4,SR386_40X_HE_T343_01,1,4.4781856784442103e-05,0
lin,4,SR386_40X_HE_T346_01,0,0.011359180124021583,0
lin,4,SR386_40X_HE_T352_01,0,4.841295038497534e-05,0
lin,4,SR386_40X_HE_T373_01,0,0.018046285287507124,0
lin,4,SR386_40X_HE_T375_01,0,0.0049222745214520264,0
lin,4,SR386_40X_HE_T381_01,0,8.220200229043687e-08,0
lin,4,SR386_40X_HE_T389_01,0,2.1728431269005127e-07,0
lin,4,SR386_40X_HE_T391_01,0,0.00021139497858060942,0
lin,4,SR386_40X_HE_T394_01,0,7.201395626546875e-05,0
lin,4,SR386_40X_HE_T399_01,0,0.014098409388016783,0
lin,4,SR386_40X_HE_T403_01,0,1.8883284479984013e-09,0
lin,4,SR386_40X_HE_T405_01,0,2.8180472449497548e-05,0
lin,4,SR386_40X_HE_T407_01,0,2.7436776812659563e-05,0
lin,4,SR386_40X_HE_T414_01,0,0.0008363436130188206,0
lin,4,SR386_40X_HE_T424_01,0,0.05630648058695836,0
lin,4,SR386_40X_HE_T429_01,0,0.00051977046338341,0
lin,4,SR386_40X_HE_T441_01,0,0.014742933413898063,0
lin,4,SR386_40X_HE_T451_01,0,4.38167841147654e-05,0
lin,4,SR386_40X_HE_T453_01,0,1.2007987556400265e-05,0
lin,4,SR386_40X_HE_T455_01,0,7.133046051345272e-06,0
lin,4,SR386_40X_HE_T465_01,0,0.0009720931993639685,0
lin,4,SR386_40X_HE_T474_01,0,0.00044255064481589057,0
lin,4,SR386_40X_HE_T476_01,0,0.009898845146020003,0
lin,4,SR386_40X_HE_T479_01,0,2.682961085059723e-07,0
lin,4,SR386_40X_HE_T482_01,0,0.006918187468653541,0
lin,4,SR386_40X_HE_T487_01,0,3.692270149863629e-07,0
lin,4,SR386_40X_HE_T490_01,0,2.758473847744848e-05,0
lin,4,SR386_40X_HE_T494_01,0,5.796340378607488e-06,0
lin,4,SR386_40X_HE_T500_01,0,4.268838342226044e-06,0
lin,4,SR386_40X_HE_T510_01,0,0.00011373292157136971,0
lin,4,SR386_40X_HE_T524_01,0,0.00013543504875080064,0
lin,4,SR386_40X_HE_T528_01,0,0.01337981229582512,0
lin,4,SR386_40X_HE_T532_01,0,2.3893142759753503e-06,0
lin,4,SR386_40X_HE_T534_01,0,0.043662856734115275,0
lin,4,SR386_40X_HE_T536_01,0,4.778581252049342e-09,0
lin,4,SR386_40X_HE_T537_01,0,0.009867986242808689,0
lin,4,SR386_40X_HE_T541_01,0,0.0002452348390302427,0
lin,4,SR386_40X_HE_T548_01,1,0.10338137944464515,0
lin,4,SR386_40X_HE_T550_01,0,0.000361256060289602,0
lin,4,SR386_40X_HE_T551_01,0,3.3401545726772626e-07,0
lin,4,SR386_40X_HE_T557_01,0,0.00017419886159037674,0
lin,4,SR386_40X_HE_T565_01,0,6.768610815321274e-06,0
lin,4,SR386_40X_HE_T567_01,0,5.5598601398561126e-06,0
lin,4,SR386_40X_HE_T575_01,0,0.007601661299443358,0
lin,4,SR386_40X_HE_T576_01,0,7.651466409579063e-06,0
lin,4,SR386_40X_HE_T581_01,0,0.0006840276760353201,0
ann,1,SR1482_40X_HE_T029_01,0,0.6545482873916626,1
ann,1,SR1482_40X_HE_T029_02,0,0.8977488279342651,1
ann,1,SR1482_40X_HE_T057_01,0,0.0615369938313961,0
ann,1,SR1482_40X_HE_T063_01,1,0.8859584331512451,1
ann,1,SR1482_40X_HE_T063_02,1,0.41050171852111816,0
ann,1,SR1482_40X_HE_T065_01,0,0.11883874982595444,0
ann,1,SR1482_40X_HE_T065_02,0,0.0668410137295723,0
ann,1,SR1482_40X_HE_T066_01,0,0.9973160624504089,1
ann,1,SR1482_40X_HE_T066_02,0,0.9617353677749634,1
ann,1,SR1482_40X_HE_T068_01,0,0.1979648321866989,0
ann,1,SR1482_40X_HE_T069_01,0,0.16190406680107117,0
ann,1,SR1482_40X_HE_T069_02,0,0.2783730626106262,0
ann,1,SR1482_40X_HE_T079_01,1,0.5775734186172485,1
ann,1,SR1482_40X_HE_T079_02,1,0.7736838459968567,1
ann,1,SR1482_40X_HE_T080_01,0,0.45449936389923096,0
ann,1,SR1482_40X_HE_T080_02,0,0.47420522570610046,0
ann,1,SR1482_40X_HE_T081_01,0,0.26503947377204895,0
ann,1,SR1482_40X_HE_T081_02,0,0.14068955183029175,0
ann,1,SR1482_40X_HE_T099_01,0,0.2518245279788971,0
ann,1,SR1482_40X_HE_T116_01,0,0.3428718149662018,0
ann,1,SR1482_40X_HE_T117_01,0,0.1830333173274994,0
ann,1,SR1482_40X_HE_T117_02,0,0.19804251194000244,0
ann,1,SR1482_40X_HE_T126_01,0,0.4577799439430237,0
ann,1,SR1482_40X_HE_T129_01,0,0.42446649074554443,0
ann,1,SR1482_40X_HE_T129_02,0,0.5329392552375793,1
ann,1,SR1482_40X_HE_T139_01,0,0.5437353253364563,1
ann,1,SR1482_40X_HE_T139_02,0,0.6430497169494629,1
ann,1,SR1482_40X_HE_T147_01,0,0.972139835357666,1
ann,1,SR1482_40X_HE_T147_02,0,0.9666467905044556,1
ann,1,SR1482_40X_HE_T159_01,0,0.07041510194540024,0
ann,1,SR1482_40X_HE_T159_02,0,0.18981534242630005,0
ann,1,SR1482_40X_HE_T192_01,0,0.06772581487894058,0
ann,1,SR1482_40X_HE_T199_01,0,0.4312382638454437,0
ann,1,SR1482_40X_HE_T304_01,0,0.3417801856994629,0
ann,1,SR1482_40X_HE_T304_02,0,0.2481188178062439,0
ann,1,SR1482_40X_HE_T310_01,1,0.4860830307006836,0
ann,1,SR1482_40X_HE_T310_02,1,0.2364240288734436,0
ann,1,SR1482_40X_HE_T341_01,0,0.154983252286911,0
ann,1,SR1482_40X_HE_T341_02,0,0.27825218439102173,0
ann,1,SR1482_40X_HE_T353_01,0,0.33429935574531555,0
ann,1,SR1482_40X_HE_T390_01,0,0.3195946216583252,0
ann,1,SR1482_40X_HE_T433_01,1,0.6382178068161011,1
ann,1,SR386_40X_HE_T003_01,0,0.26907792687416077,0
ann,1,SR386_40X_HE_T004_01,0,0.16639024019241333,0
ann,1,SR386_40X_HE_T022_01,1,0.8888106942176819,1
ann,1,SR386_40X_HE_T030_01,0,0.11368849873542786,0
ann,1,SR386_40X_HE_T033_01,0,0.20241762697696686,0
ann,1,SR386_40X_HE_T036_01,0,0.07928713411092758,0
ann,1,SR386_40X_HE_T038_01,0,0.18891504406929016,0
ann,1,SR386_40X_HE_T049_01,0,0.18343369662761688,0
ann,1,SR386_40X_HE_T050_01,0,0.15115636587142944,0
ann,1,SR386_40X_HE_T060_01,0,0.28716951608657837,0
ann,1,SR386_40X_HE_T063_01,0,0.26565197110176086,0
ann,1,SR386_40X_HE_T066_01,0,0.047926366329193115,0
ann,1,SR386_40X_HE_T069_01,0,0.1502154916524887,0
ann,1,SR386_40X_HE_T072_01,0,0.27680855989456177,0
ann,1,SR386_40X_HE_T074_01,0,0.24248573184013367,0
ann,1,SR386_40X_HE_T078_01,0,0.16001012921333313,0
ann,1,SR386_40X_HE_T079_01,0,0.25038889050483704,0
ann,1,SR386_40X_HE_T092_01,1,0.9313358068466187,1
ann,1,SR386_40X_HE_T096_01,0,0.19624337553977966,0
ann,1,SR386_40X_HE_T099_01,0,0.2025897204875946,0
ann,1,SR386_40X_HE_T103_01,0,0.10685732215642929,0
ann,1,SR386_40X_HE_T108_01,0,0.14242129027843475,0
ann,1,SR386_40X_HE_T113_01,0,0.40250539779663086,0
ann,1,SR386_40X_HE_T114_01,0,0.09380317479372025,0
ann,1,SR386_40X_HE_T119_01,0,0.6077245473861694,1
ann,1,SR386_40X_HE_T126_01,0,0.15028682351112366,0
ann,1,SR386_40X_HE_T130_01,0,0.1294068694114685,0
ann,1,SR386_40X_HE_T131_01,0,0.5912660360336304,1
ann,1,SR386_40X_HE_T135_01,0,0.4897673428058624,0
ann,1,SR386_40X_HE_T140_01,0,0.10269369184970856,0
ann,1,SR386_40X_HE_T144_01,0,0.7115430235862732,1
ann,1,SR386_40X_HE_T147_01,0,0.13825057446956635,0
ann,1,SR386_40X_HE_T148_01,0,0.3449116051197052,0
ann,1,SR386_40X_HE_T160_01,0,0.13957512378692627,0
ann,1,SR386_40X_HE_T169_01,0,0.08759379386901855,0
ann,1,SR386_40X_HE_T170_01,1,0.9894400238990784,1
ann,1,SR386_40X_HE_T172_01,0,0.8930389881134033,1
ann,1,SR386_40X_HE_T174_01,0,0.4559934735298157,0
ann,1,SR386_40X_HE_T181_01,0,0.22910894453525543,0
ann,1,SR386_40X_HE_T196_01,0,0.2819361984729767,0
ann,1,SR386_40X_HE_T205_01,0,0.35643187165260315,0
ann,1,SR386_40X_HE_T209_01,0,0.42576831579208374,0
ann,1,SR386_40X_HE_T210_01,0,0.11878200620412827,0
ann,1,SR386_40X_HE_T212_01,0,0.8878009915351868,1
ann,1,SR386_40X_HE_T221_01,0,0.44115471839904785,0
ann,1,SR386_40X_HE_T224_01,0,0.5156009793281555,1
ann,1,SR386_40X_HE_T231_01,1,0.9912545084953308,1
ann,1,SR386_40X_HE_T232_01,0,0.1488611251115799,0
ann,1,SR386_40X_HE_T247_01,0,0.4403296709060669,0
ann,1,SR386_40X_HE_T252_01,0,0.19057315587997437,0
ann,1,SR386_40X_HE_T255_01,0,0.2595335841178894,0
ann,1,SR386_40X_HE_T259_01,1,0.6409827470779419,1
ann,1,SR386_40X_HE_T274_01,0,0.25354287028312683,0
ann,1,SR386_40X_HE_T275_01,0,0.37240973114967346,0
ann,1,SR386_40X_HE_T282_01,0,0.31703513860702515,0
ann,1,SR386_40X_HE_T294_01,0,0.846958577632904,1
ann,1,SR386_40X_HE_T311_01,0,0.2290256917476654,0
ann,1,SR386_40X_HE_T315_01,0,0.11674591898918152,0
ann,1,SR386_40X_HE_T319_01,1,0.44193291664123535,0
ann,1,SR386_40X_HE_T324_01,1,0.3207230567932129,0
ann,1,SR386_40X_HE_T330_01,0,0.12591557204723358,0
ann,1,SR386_40X_HE_T333_01,0,0.3048577904701233,0
ann,1,SR386_40X_HE_T335_01,0,0.17078517377376556,0
ann,1,SR386_40X_HE_T337_01,0,0.5155013799667358,1
ann,1,SR386_40X_HE_T344_01,0,0.16711804270744324,0
ann,1,SR386_40X_HE_T347_01,0,0.16847631335258484,0
ann,1,SR386_40X_HE_T350_01,0,0.2150803953409195,0
ann,1,SR386_40X_HE_T351_01,0,0.3593197464942932,0
ann,1,SR386_40X_HE_T360_01,0,0.17256465554237366,0
ann,1,SR386_40X_HE_T361_01,0,0.2348473072052002,0
ann,1,SR386_40X_HE_T366_01,0,0.2468477338552475,0
ann,1,SR386_40X_HE_T377_01,1,0.5526556968688965,1
ann,1,SR386_40X_HE_T384_01,0,0.17665508389472961,0
ann,1,SR386_40X_HE_T395_01,0,0.2781498432159424,0
ann,1,SR386_40X_HE_T396_01,0,0.13948795199394226,0
ann,1,SR386_40X_HE_T401_01,0,0.3760920763015747,0
ann,1,SR386_40X_HE_T408_01,0,0.1556466817855835,0
ann,1,SR386_40X_HE_T410_01,0,0.22865042090415955,0
ann,1,SR386_40X_HE_T413_01,0,0.5788574814796448,1
ann,1,SR386_40X_HE_T416_01,0,0.1981581449508667,0
ann,1,SR386_40X_HE_T418_01,0,0.1888587921857834,0
ann,1,SR386_40X_HE_T419_01,0,0.28238561749458313,0
ann,1,SR386_40X_HE_T421_01,0,0.1101529523730278,0
ann,1,SR386_40X_HE_T423_01,0,0.15964893996715546,0
ann,1,SR386_40X_HE_T428_01,0,0.21752235293388367,0
ann,1,SR386_40X_HE_T430_01,0,0.23444245755672455,0
ann,1,SR386_40X_HE_T431_01,0,0.395173043012619,0
ann,1,SR386_40X_HE_T435_01,0,0.4060702919960022,0
ann,1,SR386_40X_HE_T438_01,0,0.2161163091659546,0
ann,1,SR386_40X_HE_T439_01,0,0.14574110507965088,0
ann,1,SR386_40X_HE_T447_01,0,0.13953913748264313,0
ann,1,SR386_40X_HE_T449_01,0,0.12865541875362396,0
ann,1,SR386_40X_HE_T454_01,0,0.09446974843740463,0
ann,1,SR386_40X_HE_T456_01,0,0.167668879032135,0
ann,1,SR386_40X_HE_T461_01,0,0.7413224577903748,1
ann,1,SR386_40X_HE_T462_01,0,0.5011228322982788,1
ann,1,SR386_40X_HE_T468_01,0,0.17315368354320526,0
ann,1,SR386_40X_HE_T469_01,1,0.33372077345848083,0
ann,1,SR386_40X_HE_T470_01,0,0.540034830570221,1
ann,1,SR386_40X_HE_T471_01,0,0.23130512237548828,0
ann,1,SR386_40X_HE_T477_01,0,0.1650046706199646,0
ann,1,SR386_40X_HE_T480_01,0,0.6495518088340759,1
ann,1,SR386_40X_HE_T484_01,0,0.7050639390945435,1
ann,1,SR386_40X_HE_T495_01,0,0.19259043037891388,0
ann,1,SR386_40X_HE_T496_01,0,0.22156265377998352,0
ann,1,SR386_40X_HE_T498_01,0,0.5879945755004883,1
ann,1,SR386_40X_HE_T504_01,0,0.06842366605997086,0
ann,1,SR386_40X_HE_T511_01,0,0.4271118640899658,0
ann,1,SR386_40X_HE_T517_01,0,0.5418671369552612,1
ann,1,SR386_40X_HE_T523_01,0,0.12856298685073853,0
ann,1,SR386_40X_HE_T529_01,0,0.3189970552921295,0
ann,1,SR386_40X_HE_T542_01,0,0.3377300500869751,0
ann,1,SR386_40X_HE_T569_01,0,0.47037312388420105,0
ann,1,SR386_40X_HE_T582_01,0,0.1989852637052536,0
ann,2,SR1482_40X_HE_T009_01,0,0.11006905138492584,0
ann,2,SR1482_40X_HE_T009_02,0,0.11323344707489014,0
ann,2,SR1482_40X_HE_T015_01,0,0.41684192419052124,0
ann,2,SR1482_40X_HE_T021_01,0,0.20100441575050354,0
ann,2,SR1482_40X_HE_T067_01,0,0.23224179446697235,0
ann,2,SR1482_40X_HE_T075_01,0,0.3990655243396759,0
ann,2,SR1482_40X_HE_T075_02,0,0.5489295125007629,1
ann,2,SR1482_40X_HE_T098_01,0,0.3560808002948761,0
ann,2,SR1482_40X_HE_T098_02,0,0.30143144726753235,0
ann,2,SR1482_40X_HE_T102_01,0,0.8132763504981995,1
ann,2,SR1482_40X_HE_T123_01,0,0.23295141756534576,0
ann,2,SR1482_40X_HE_T142_01,0,0.09644344449043274,0
ann,2,SR1482_40X_HE_T146_01,0,0.9996054768562317,1
ann,2,SR1482_40X_HE_T148_01,0,0.328025758266449,0
ann,2,SR1482_40X_HE_T148_02,0,0.6415766477584839,1
ann,2,SR1482_40X_HE_T154_01,0,0.2463109791278839,0
ann,2,SR1482_40X_HE_T158_01,0,0.23474043607711792,0
ann,2,SR1482_40X_HE_T161_01,0,0.7360468506813049,1
ann,2,SR1482_40X_HE_T161_02,0,0.17018893361091614,0
ann,2,SR1482_40X_HE_T164_01,1,0.25843605399131775,0
ann,2,SR1482_40X_HE_T164_02,1,0.8872921466827393,1
ann,2,SR1482_40X_HE_T168_01,0,0.35061541199684143,0
ann,2,SR1482_40X_HE_T171_01,0,0.1577005535364151,0
ann,2,SR1482_40X_HE_T171_02,0,0.0966278612613678,0
ann,2,SR1482_40X_HE_T178_01,1,0.19435037672519684,0
ann,2,SR1482_40X_HE_T186_01,0,0.2134525179862976,0
ann,2,SR1482_40X_HE_T193_01,0,0.44334733486175537,0
ann,2,SR1482_40X_HE_T193_02,0,0.8377203941345215,1
ann,2,SR1482_40X_HE_T209_01,0,0.179927796125412,0
ann,2,SR1482_40X_HE_T209_02,0,0.826500654220581,1
ann,2,SR1482_40X_HE_T245_01,0,0.46063968539237976,0
ann,2,SR1482_40X_HE_T245_02,0,0.13023081421852112,0
ann,2,SR1482_40X_HE_T265_01,0,0.10357663035392761,0
ann,2,SR1482_40X_HE_T302_01,0,0.4035537540912628,0
ann,2,SR1482_40X_HE_T343_01,1,0.4680531919002533,0
ann,2,SR1482_40X_HE_T343_02,1,0.5640256404876709,1
ann,2,SR1482_40X_HE_T399_01,0,0.40778642892837524,0
ann,2,SR1482_40X_HE_T399_02,0,0.4957425892353058,0
ann,2,SR1482_40X_HE_T426_01,0,0.1651691049337387,0
ann,2,SR1482_40X_HE_T426_02,0,0.22296901047229767,0
ann,2,SR386_40X_HE_T001_01,0,0.37765195965766907,0
ann,2,SR386_40X_HE_T013_01,0,0.14227861166000366,0
ann,2,SR386_40X_HE_T018_01,0,0.23835726082324982,0
ann,2,SR386_40X_HE_T019_01,0,0.6361916661262512,1
ann,2,SR386_40X_HE_T024_01,0,0.17237824201583862,0
ann,2,SR386_40X_HE_T039_01,0,0.13346782326698303,0
ann,2,SR386_40X_HE_T040_01,1,0.9475542902946472,1
ann,2,SR386_40X_HE_T042_01,0,0.19764956831932068,0
ann,2,SR386_40X_HE_T047_01,0,0.32195091247558594,0
ann,2,SR386_40X_HE_T051_01,0,0.07152513414621353,0
ann,2,SR386_40X_HE_T052_01,0,0.24430449306964874,0
ann,2,SR386_40X_HE_T056_01,0,0.11277736723423004,0
ann,2,SR386_40X_HE_T057_01,0,0.20231857895851135,0
ann,2,SR386_40X_HE_T070_01,0,0.20588688552379608,0
ann,2,SR386_40X_HE_T082_01,0,0.9141587615013123,1
ann,2,SR386_40X_HE_T084_01,0,0.18440212309360504,0
ann,2,SR386_40X_HE_T087_01,0,0.9117980599403381,1
ann,2,SR386_40X_HE_T088_01,0,0.5601871609687805,1
ann,2,SR386_40X_HE_T098_01,0,0.40539342164993286,0
ann,2,SR386_40X_HE_T105_01,0,0.22545474767684937,0
ann,2,SR386_40X_HE_T122_01,0,0.17351551353931427,0
ann,2,SR386_40X_HE_T123_01,0,0.1486760377883911,0
ann,2,SR386_40X_HE_T133_01,0,0.1318286508321762,0
ann,2,SR386_40X_HE_T145_01,0,0.19384579360485077,0
ann,2,SR386_40X_HE_T150_01,0,0.33966580033302307,0
ann,2,SR386_40X_HE_T152_01,0,0.3791883587837219,0
ann,2,SR386_40X_HE_T155_01,0,0.4428617060184479,0
ann,2,SR386_40X_HE_T157_01,0,0.5087801814079285,1
ann,2,SR386_40X_HE_T164_01,0,0.7423965334892273,1
ann,2,SR386_40X_HE_T166_01,0,0.23087017238140106,0
ann,2,SR386_40X_HE_T176_01,1,0.5895981788635254,1
ann,2,SR386_40X_HE_T177_01,0,0.11717638373374939,0
ann,2,SR386_40X_HE_T178_01,0,0.45170313119888306,0
ann,2,SR386_40X_HE_T187_01,0,0.24094122648239136,0
ann,2,SR386_40X_HE_T190_01,0,0.10000266134738922,0
ann,2,SR386_40X_HE_T192_01,0,0.16858042776584625,0
ann,2,SR386_40X_HE_T198_01,0,0.3308919668197632,0
ann,2,SR386_40X_HE_T200_01,0,0.6071364283561707,1
ann,2,SR386_40X_HE_T206_01,1,0.13198286294937134,0
ann,2,SR386_40X_HE_T211_01,0,0.3724704086780548,0
ann,2,SR386_40X_HE_T213_01,0,0.17392238974571228,0
ann,2,SR386_40X_HE_T214_01,0,0.44816309213638306,0
ann,2,SR386_40X_HE_T220_01,0,0.19874535501003265,0
ann,2,SR386_40X_HE_T230_01,1,0.7243883013725281,1
ann,2,SR386_40X_HE_T236_01,0,0.21312545239925385,0
ann,2,SR386_40X_HE_T237_01,0,0.2511432468891144,0
ann,2,SR386_40X_HE_T240_01,0,0.07224167883396149,0
ann,2,SR386_40X_HE_T241_01,0,0.19467754662036896,0
ann,2,SR386_40X_HE_T242_01,0,0.40861746668815613,0
ann,2,SR386_40X_HE_T253_01,0,0.11222399771213531,0
ann,2,SR386_40X_HE_T260_01,0,0.1365019679069519,0
ann,2,SR386_40X_HE_T262_01,0,0.27782902121543884,0
ann,2,SR386_40X_HE_T264_01,0,0.7779811024665833,1
ann,2,SR386_40X_HE_T271_01,0,0.059026576578617096,0
ann,2,SR386_40X_HE_T281_01,0,0.2307872772216797,0
ann,2,SR386_40X_HE_T297_01,0,0.12698228657245636,0
ann,2,SR386_40X_HE_T299_01,0,0.13320372998714447,0
ann,2,SR386_40X_HE_T301_01,0,0.14167430996894836,0
ann,2,SR386_40X_HE_T306_01,0,0.44951730966567993,0
ann,2,SR386_40X_HE_T309_01,0,0.09484145045280457,0
ann,2,SR386_40X_HE_T314_01,0,0.25750118494033813,0
ann,2,SR386_40X_HE_T316_01,0,0.8260526657104492,1
ann,2,SR386_40X_HE_T318_01,0,0.7234581112861633,1
ann,2,SR386_40X_HE_T321_01,0,0.21250106394290924,0
ann,2,SR386_40X_HE_T326_01,0,0.2150973528623581,0
ann,2,SR386_40X_HE_T327_01,0,0.2500078082084656,0
ann,2,SR386_40X_HE_T332_01,1,0.966037929058075,1
ann,2,SR386_40X_HE_T355_01,0,0.2984461486339569,0
ann,2,SR386_40X_HE_T364_01,0,0.6725134253501892,1
ann,2,SR386_40X_HE_T368_01,1,0.28692618012428284,0
ann,2,SR386_40X_HE_T374_01,0,0.16147097945213318,0
ann,2,SR386_40X_HE_T380_01,0,0.1404251754283905,0
ann,2,SR386_40X_HE_T382_01,0,0.20258724689483643,0
ann,2,SR386_40X_HE_T392_01,0,0.16219447553157806,0
ann,2,SR386_40X_HE_T398_01,0,0.26638978719711304,0
ann,2,SR386_40X_HE_T402_01,1,0.7177499532699585,1
ann,2,SR386_40X_HE_T404_01,0,0.11179468780755997,0
ann,2,SR386_40X_HE_T415_01,0,0.11744078248739243,0
ann,2,SR386_40X_HE_T417_01,0,0.16642345488071442,0
ann,2,SR386_40X_HE_T425_01,0,0.22034116089344025,0
ann,2,SR386_40X_HE_T436_01,1,0.10512878000736237,0
ann,2,SR386_40X_HE_T437_01,0,0.11516959220170975,0
ann,2,SR386_40X_HE_T440_01,0,0.6626108884811401,1
ann,2,SR386_40X_HE_T445_01,0,0.32355591654777527,0
ann,2,SR386_40X_HE_T450_01,0,0.2402997612953186,0
ann,2,SR386_40X_HE_T459_01,0,0.34307563304901123,0
ann,2,SR386_40X_HE_T472_01,0,0.19540847837924957,0
ann,2,SR386_40X_HE_T481_01,0,0.19072042405605316,0
ann,2,SR386_40X_HE_T483_01,0,0.6626741886138916,1
ann,2,SR386_40X_HE_T486_01,0,0.6110755205154419,1
ann,2,SR386_40X_HE_T488_01,0,0.15424825251102448,0
ann,2,SR386_40X_HE_T499_01,0,0.12095499783754349,0
ann,2,SR386_40X_HE_T507_01,0,0.197274848818779,0
ann,2,SR386_40X_HE_T514_01,0,0.12733903527259827,0
ann,2,SR386_40X_HE_T520_01,1,0.14982357621192932,0
ann,2,SR386_40X_HE_T522_01,0,0.5877877473831177,1
ann,2,SR386_40X_HE_T531_01,0,0.17471976578235626,0
ann,2,SR386_40X_HE_T535_01,0,0.18047645688056946,0
ann,2,SR386_40X_HE_T539_01,0,0.39111068844795227,0
ann,2,SR386_40X_HE_T549_01,0,0.14882469177246094,0
ann,2,SR386_40X_HE_T552_01,0,0.2150631546974182,0
ann,2,SR386_40X_HE_T553_01,0,0.38222357630729675,0
ann,2,SR386_40X_HE_T554_01,0,0.6491269469261169,1
ann,2,SR386_40X_HE_T558_01,0,0.20263449847698212,0
ann,2,SR386_40X_HE_T564_01,0,0.25996077060699463,0
ann,2,SR386_40X_HE_T570_01,0,0.4482739567756653,0
ann,2,SR386_40X_HE_T574_01,0,0.19448667764663696,0
ann,2,SR386_40X_HE_T578_01,0,0.1135086640715599,0
ann,2,SR386_40X_HE_T580_01,0,0.235868901014328,0
ann,3,SR1482_40X_HE_T005_01,0,0.7435409426689148,1
ann,3,SR1482_40X_HE_T005_02,0,0.6755918860435486,1
ann,3,SR1482_40X_HE_T010_01,0,0.238953098654747,0
ann,3,SR1482_40X_HE_T043_01,0,0.14098165929317474,0
ann,3,SR1482_40X_HE_T043_02,0,0.25356537103652954,0
ann,3,SR1482_40X_HE_T049_01,0,0.18675068020820618,0
ann,3,SR1482_40X_HE_T061_01,0,0.8900492191314697,1
ann,3,SR1482_40X_HE_T061_02,0,0.9679098129272461,1
ann,3,SR1482_40X_HE_T070_01,1,0.21762804687023163,0
ann,3,SR1482_40X_HE_T073_01,0,0.30523988604545593,0
ann,3,SR1482_40X_HE_T082_01,0,0.14569129049777985,0
ann,3,SR1482_40X_HE_T082_02,0,0.6482318639755249,1
ann,3,SR1482_40X_HE_T089_01,0,0.09689511358737946,0
ann,3,SR1482_40X_HE_T090_01,0,0.3860264718532562,0
ann,3,SR1482_40X_HE_T094_01,1,0.5347774624824524,1
ann,3,SR1482_40X_HE_T094_02,1,0.9769231081008911,1
ann,3,SR1482_40X_HE_T105_01,0,0.22033017873764038,0
ann,3,SR1482_40X_HE_T115_01,0,0.15137235820293427,0
ann,3,SR1482_40X_HE_T115_02,0,0.15050914883613586,0
ann,3,SR1482_40X_HE_T118_01,0,0.9472189545631409,1
ann,3,SR1482_40X_HE_T118_02,0,0.9424214959144592,1
ann,3,SR1482_40X_HE_T120_01,0,0.9264078140258789,1
ann,3,SR1482_40X_HE_T120_02,0,0.9826052188873291,1
ann,3,SR1482_40X_HE_T124_01,0,0.9673589468002319,1
ann,3,SR1482_40X_HE_T124_02,0,0.9237889647483826,1
ann,3,SR1482_40X_HE_T138_01,0,0.14029447734355927,0
ann,3,SR1482_40X_HE_T160_01,0,0.2392582893371582,0
ann,3,SR1482_40X_HE_T160_02,0,0.2662023901939392,0
ann,3,SR1482_40X_HE_T167_01,0,0.3071897029876709,0
ann,3,SR1482_40X_HE_T167_02,0,0.4660901427268982,0
ann,3,SR1482_40X_HE_T175_01,0,0.3487628698348999,0
ann,3,SR1482_40X_HE_T175_02,0,0.23719072341918945,0
ann,3,SR1482_40X_HE_T177_01,1,0.2727035880088806,0
ann,3,SR1482_40X_HE_T188_01,0,0.4437626600265503,0
ann,3,SR1482_40X_HE_T195_01,0,0.4417160153388977,0
ann,3,SR1482_40X_HE_T195_02,0,0.49214646220207214,0
ann,3,SR1482_40X_HE_T202_01,0,0.14918899536132812,0
ann,3,SR1482_40X_HE_T202_02,0,0.1337445080280304,0
ann,3,SR1482_40X_HE_T225_01,0,0.8129787445068359,1
ann,3,SR1482_40X_HE_T225_02,0,0.12505695223808289,0
ann,3,SR1482_40X_HE_T235_01,0,0.28767430782318115,0
ann,3,SR1482_40X_HE_T235_02,0,0.20454391837120056,0
ann,3,SR1482_40X_HE_T236_01,0,0.09443236887454987,0
ann,3,SR1482_40X_HE_T236_02,0,0.10106535255908966,0
ann,3,SR1482_40X_HE_T258_01,0,0.11488613486289978,0
ann,3,SR1482_40X_HE_T258_02,0,0.2376537322998047,0
ann,3,SR1482_40X_HE_T284_01,1,0.8102262616157532,1
ann,3,SR1482_40X_HE_T284_02,1,0.6855669617652893,1
ann,3,SR1482_40X_HE_T301_01,1,0.21667100489139557,0
ann,3,SR1482_40X_HE_T301_02,1,0.18829450011253357,0
ann,3,SR1482_40X_HE_T309_01,0,0.47527360916137695,0
ann,3,SR1482_40X_HE_T313_01,0,0.4897109568119049,0
ann,3,SR1482_40X_HE_T313_02,0,0.5673619508743286,1
ann,3,SR1482_40X_HE_T338_01,0,0.6652500629425049,1
ann,3,SR1482_40X_HE_T344_01,0,0.20666182041168213,0
ann,3,SR1482_40X_HE_T344_02,0,0.3277779817581177,0
ann,3,SR1482_40X_HE_T346_01,0,0.622198760509491,1
ann,3,SR1482_40X_HE_T346_02,0,0.5405825972557068,1
ann,3,SR1482_40X_HE_T377_01,0,0.31286731362342834,0
ann,3,SR1482_40X_HE_T377_02,0,0.1130344569683075,0
ann,3,SR1482_40X_HE_T419_01,0,0.25483858585357666,0
ann,3,SR1482_40X_HE_T427_01,0,0.18034783005714417,0
ann,3,SR1482_40X_HE_T427_02,0,0.18415220081806183,0
ann,3,SR386_40X_HE_T007_01,0,0.27403557300567627,0
ann,3,SR386_40X_HE_T015_01,0,0.18771594762802124,0
ann,3,SR386_40X_HE_T017_01,1,0.7136273980140686,1
ann,3,SR386_40X_HE_T032_01,0,0.2723272442817688,0
ann,3,SR386_40X_HE_T034_01,0,0.1506238728761673,0
ann,3,SR386_40X_HE_T035_01,0,0.30108147859573364,0
ann,3,SR386_40X_HE_T041_01,0,0.7848636507987976,1
ann,3,SR386_40X_HE_T067_01,0,0.2181072235107422,0
ann,3,SR386_40X_HE_T075_01,0,0.27373984456062317,0
ann,3,SR386_40X_HE_T081_01,0,0.3257080316543579,0
ann,3,SR386_40X_HE_T083_01,0,0.38389888405799866,0
ann,3,SR386_40X_HE_T085_01,0,0.1567998081445694,0
ann,3,SR386_40X_HE_T095_01,0,0.3066725432872772,0
ann,3,SR386_40X_HE_T104_01,0,0.281337171792984,0
ann,3,SR386_40X_HE_T106_01,0,0.2475767582654953,0
ann,3,SR386_40X_HE_T112_01,0,0.19829733669757843,0
ann,3,SR386_40X_HE_T128_01,0,0.12456907331943512,0
ann,3,SR386_40X_HE_T132_01,0,0.1842321753501892,0
ann,3,SR386_40X_HE_T138_01,0,0.2413642704486847,0
ann,3,SR386_40X_HE_T142_01,0,0.4010942280292511,0
ann,3,SR386_40X_HE_T149_01,0,0.2775280773639679,0
ann,3,SR386_40X_HE_T165_01,1,0.5853639245033264,1
ann,3,SR386_40X_HE_T179_01,0,0.631492018699646,1
ann,3,SR386_40X_HE_T180_01,0,0.3664510250091553,0
ann,3,SR386_40X_HE_T182_01,0,0.29890426993370056,0
ann,3,SR386_40X_HE_T184_01,0,0.22785498201847076,0
ann,3,SR386_40X_HE_T188_01,0,0.06779515743255615,0
ann,3,SR386_40X_HE_T191_01,0,0.19614332914352417,0
ann,3,SR386_40X_HE_T197_01,0,0.2984197735786438,0
ann,3,SR386_40X_HE_T201_01,0,0.31633803248405457,0
ann,3,SR386_40X_HE_T202_01,0,0.11904715746641159,0
ann,3,SR386_40X_HE_T208_01,0,0.17696741223335266,0
ann,3,SR386_40X_HE_T216_01,1,0.8936833739280701,1
ann,3,SR386_40X_HE_T238_01,0,0.1475634127855301,0
ann,3,SR386_40X_HE_T244_01,0,0.1650180071592331,0
ann,3,SR386_40X_HE_T248_01,0,0.22922839224338531,0
ann,3,SR386_40X_HE_T249_01,0,0.16968484222888947,0
ann,3,SR386_40X_HE_T250_01,0,0.19923970103263855,0
ann,3,SR386_40X_HE_T263_01,0,0.2461758852005005,0
ann,3,SR386_40X_HE_T267_01,0,0.3371870815753937,0
ann,3,SR386_40X_HE_T269_01,0,0.46924740076065063,0
ann,3,SR386_40X_HE_T277_01,0,0.21210280060768127,0
ann,3,SR386_40X_HE_T286_01,0,0.92213374376297,1
ann,3,SR386_40X_HE_T287_01,0,0.8063725233078003,1
ann,3,SR386_40X_HE_T290_01,0,0.20738281309604645,0
ann,3,SR386_40X_HE_T293_01,0,0.2376454621553421,0
ann,3,SR386_40X_HE_T298_01,0,0.499921053647995,0
ann,3,SR386_40X_HE_T303_01,0,0.24974916875362396,0
ann,3,SR386_40X_HE_T312_01,0,0.3175663352012634,0
ann,3,SR386_40X_HE_T329_01,0,0.6190277338027954,1
ann,3,SR386_40X_HE_T336_01,0,0.38582101464271545,0
ann,3,SR386_40X_HE_T338_01,0,0.3739916980266571,0
ann,3,SR386_40X_HE_T342_01,0,0.15090134739875793,0
ann,3,SR386_40X_HE_T353_01,0,0.16375350952148438,0
ann,3,SR386_40X_HE_T357_01,0,0.24534663558006287,0
ann,3,SR386_40X_HE_T362_01,0,0.09091085940599442,0
ann,3,SR386_40X_HE_T363_01,1,0.7463494539260864,1
ann,3,SR386_40X_HE_T372_01,0,0.7617589235305786,1
ann,3,SR386_40X_HE_T378_01,0,0.2481803148984909,0
ann,3,SR386_40X_HE_T379_01,0,0.20933830738067627,0
ann,3,SR386_40X_HE_T386_01,0,0.26971566677093506,0
ann,3,SR386_40X_HE_T387_01,0,0.13306160271167755,0
ann,3,SR386_40X_HE_T393_01,0,0.17776700854301453,0
ann,3,SR386_40X_HE_T397_01,0,0.36600810289382935,0
ann,3,SR386_40X_HE_T406_01,0,0.3125417232513428,0
ann,3,SR386_40X_HE_T409_01,0,0.1729489117860794,0
ann,3,SR386_40X_HE_T422_01,0,0.2959519326686859,0
ann,3,SR386_40X_HE_T426_01,0,0.25970259308815,0
ann,3,SR386_40X_HE_T433_01,0,0.3498588800430298,0
ann,3,SR386_40X_HE_T443_01,0,0.686490535736084,1
ann,3,SR386_40X_HE_T448_01,0,0.353232204914093,0
ann,3,SR386_40X_HE_T452_01,0,0.5296046137809753,1
ann,3,SR386_40X_HE_T460_01,1,0.8875267505645752,1
ann,3,SR386_40X_HE_T473_01,0,0.292574942111969,0
ann,3,SR386_40X_HE_T475_01,0,0.19424748420715332,0
ann,3,SR386_40X_HE_T478_01,0,0.21953511238098145,0
ann,3,SR386_40X_HE_T489_01,1,0.0768883004784584,0
ann,3,SR386_40X_HE_T491_01,0,0.11182443052530289,0
ann,3,SR386_40X_HE_T492_01,0,0.12103142589330673,0
ann,3,SR386_40X_HE_T493_01,0,0.32709595561027527,0
ann,3,SR386_40X_HE_T502_01,0,0.18942569196224213,0
ann,3,SR386_40X_HE_T505_01,0,0.42806291580200195,0
ann,3,SR386_40X_HE_T506_01,0,0.160295769572258,0
ann,3,SR386_40X_HE_T509_01,0,0.15352849662303925,0
ann,3,SR386_40X_HE_T516_01,0,0.3942752182483673,0
ann,3,SR386_40X_HE_T518_01,0,0.13768213987350464,0
ann,3,SR386_40X_HE_T519_01,0,0.4409410059452057,0
ann,3,SR386_40X_HE_T521_01,0,0.2627406120300293,0
ann,3,SR386_40X_HE_T526_01,0,0.17992697656154633,0
ann,3,SR386_40X_HE_T533_01,0,0.27997133135795593,0
ann,3,SR386_40X_HE_T543_01,0,0.16250622272491455,0
ann,3,SR386_40X_HE_T544_01,0,0.18974678218364716,0
ann,3,SR386_40X_HE_T556_01,1,0.6910921335220337,1
ann,3,SR386_40X_HE_T560_01,0,0.21165192127227783,0
ann,3,SR386_40X_HE_T563_01,0,0.15573810040950775,0
ann,3,SR386_40X_HE_T568_01,0,0.2002817541360855,0
ann,3,SR386_40X_HE_T571_01,0,0.11986242234706879,0
ann,3,SR386_40X_HE_T572_01,0,0.40058445930480957,0
ann,3,SR386_40X_HE_T573_01,0,0.6077243089675903,1
ann,3,SR386_40X_HE_T583_01,0,0.253147155046463,0
ann,4,SR1482_40X_HE_T002_01,0,0.24857619404792786,0
ann,4,SR1482_40X_HE_T003_01,0,0.15126951038837433,0
ann,4,SR1482_40X_HE_T004_01,0,0.15157097578048706,0
ann,4,SR1482_40X_HE_T004_02,0,0.5836989283561707,1
ann,4,SR1482_40X_HE_T011_01,0,0.14105910062789917,0
ann,4,SR1482_40X_HE_T025_01,0,0.549192488193512,1
ann,4,SR1482_40X_HE_T025_02,0,0.5469178557395935,1
ann,4,SR1482_40X_HE_T060_01,0,0.17383360862731934,0
ann,4,SR1482_40X_HE_T062_01,0,0.3970611095428467,0
ann,4,SR1482_40X_HE_T062_02,0,0.5268506407737732,1
ann,4,SR1482_40X_HE_T064_01,0,0.6200599670410156,1
ann,4,SR1482_40X_HE_T064_02,0,0.10439548641443253,0
ann,4,SR1482_40X_HE_T071_01,0,0.5160034894943237,1
ann,4,SR1482_40X_HE_T071_02,0,0.2016940712928772,0
ann,4,SR1482_40X_HE_T074_01,0,0.14572027325630188,0
ann,4,SR1482_40X_HE_T074_02,0,0.12895138561725616,0
ann,4,SR1482_40X_HE_T083_01,0,0.6725567579269409,1
ann,4,SR1482_40X_HE_T083_02,0,0.33498290181159973,0
ann,4,SR1482_40X_HE_T087_01,0,0.18018491566181183,0
ann,4,SR1482_40X_HE_T097_01,1,0.8601789474487305,1
ann,4,SR1482_40X_HE_T097_02,1,0.3069249391555786,0
ann,4,SR1482_40X_HE_T108_01,0,0.17983263731002808,0
ann,4,SR1482_40X_HE_T113_01,0,0.10704054683446884,0
ann,4,SR1482_40X_HE_T113_02,0,0.29093003273010254,0
ann,4,SR1482_40X_HE_T121_01,0,0.1499137580394745,0
ann,4,SR1482_40X_HE_T122_01,0,0.27752605080604553,0
ann,4,SR1482_40X_HE_T125_01,0,0.19244873523712158,0
ann,4,SR1482_40X_HE_T125_02,0,0.10418856889009476,0
ann,4,SR1482_40X_HE_T131_01,0,0.6169565916061401,1
ann,4,SR1482_40X_HE_T131_02,0,0.8904865980148315,1
ann,4,SR1482_40X_HE_T132_01,0,0.1401536613702774,0
ann,4,SR1482_40X_HE_T132_02,0,0.16609831154346466,0
ann,4,SR1482_40X_HE_T143_01,0,0.9226315021514893,1
ann,4,SR1482_40X_HE_T143_02,0,0.4986202120780945,0
ann,4,SR1482_40X_HE_T166_01,1,0.22664210200309753,0
ann,4,SR1482_40X_HE_T169_01,0,0.4580717384815216,0
ann,4,SR1482_40X_HE_T176_01,1,0.8534212708473206,1
ann,4,SR1482_40X_HE_T176_02,1,0.890424370765686,1
ann,4,SR1482_40X_HE_T191_01,0,0.21288184821605682,0
ann,4,SR1482_40X_HE_T194_01,0,0.9464441537857056,1
ann,4,SR1482_40X_HE_T218_01,0,0.24769365787506104,0
ann,4,SR1482_40X_HE_T253_01,0,0.2827441990375519,0
ann,4,SR1482_40X_HE_T290_01,0,0.256206214427948,0
ann,4,SR1482_40X_HE_T308_01,0,0.31813719868659973,0
ann,4,SR1482_40X_HE_T314_01,0,0.844528317451477,1
ann,4,SR1482_40X_HE_T314_02,0,0.7728290557861328,1
ann,4,SR1482_40X_HE_T372_01,1,0.5402705073356628,1
ann,4,SR1482_40X_HE_T372_02,1,0.4159153401851654,0
ann,4,SR1482_40X_HE_T408_01,0,0.2992088496685028,0
ann,4,SR1482_40X_HE_T412_01,0,0.4251178801059723,0
ann,4,SR1482_40X_HE_T425_01,0,0.1699703186750412,0
ann,4,SR1482_40X_HE_T434_01,1,0.7795178890228271,1
ann,4,SR386_40X_HE_T006_01,0,0.256002277135849,0
ann,4,SR386_40X_HE_T010_01,0,0.2100006639957428,0
ann,4,SR386_40X_HE_T014_01,0,0.2843484878540039,0
ann,4,SR386_40X_HE_T016_01,0,0.14149461686611176,0
ann,4,SR386_40X_HE_T020_01,0,0.23410804569721222,0
ann,4,SR386_40X_HE_T027_01,0,0.492139995098114,0
ann,4,SR386_40X_HE_T028_01,0,0.22581826150417328,0
ann,4,SR386_40X_HE_T037_01,0,0.11150602251291275,0
ann,4,SR386_40X_HE_T043_01,0,0.24976548552513123,0
ann,4,SR386_40X_HE_T044_01,1,0.6281872391700745,1
ann,4,SR386_40X_HE_T046_01,0,0.19202770292758942,0
ann,4,SR386_40X_HE_T058_01,0,0.12308549135923386,0
ann,4,SR386_40X_HE_T062_01,0,0.1600465476512909,0
ann,4,SR386_40X_HE_T065_01,1,0.23102684319019318,0
ann,4,SR386_40X_HE_T080_01,0,0.15240247547626495,0
ann,4,SR386_40X_HE_T091_01,0,0.27301323413848877,0
ann,4,SR386_40X_HE_T094_01,0,0.1632775366306305,0
ann,4,SR386_40X_HE_T097_01,0,0.3972560167312622,0
ann,4,SR386_40X_HE_T100_01,0,0.18368686735630035,0
ann,4,SR386_40X_HE_T107_01,0,0.273960679769516,0
ann,4,SR386_40X_HE_T109_01,1,0.4193810820579529,0
ann,4,SR386_40X_HE_T110_01,0,0.7391221523284912,1
ann,4,SR386_40X_HE_T117_01,0,0.4260570704936981,0
ann,4,SR386_40X_HE_T127_01,0,0.18002630770206451,0
ann,4,SR386_40X_HE_T129_01,0,0.2099958062171936,0
ann,4,SR386_40X_HE_T136_01,0,0.23711660504341125,0
ann,4,SR386_40X_HE_T154_01,0,0.2873108685016632,0
ann,4,SR386_40X_HE_T168_01,1,0.6518251299858093,1
ann,4,SR386_40X_HE_T175_01,0,0.19696365296840668,0
ann,4,SR386_40X_HE_T189_01,0,0.17303717136383057,0
ann,4,SR386_40X_HE_T195_01,0,0.10940387845039368,0
ann,4,SR386_40X_HE_T227_01,0,0.12989425659179688,0
ann,4,SR386_40X_HE_T233_01,0,0.5404039621353149,1
ann,4,SR386_40X_HE_T234_01,0,0.22569839656352997,0
ann,4,SR386_40X_HE_T235_01,0,0.2238582819700241,0
ann,4,SR386_40X_HE_T239_01,0,0.6420828700065613,1
ann,4,SR386_40X_HE_T245_01,0,0.232906311750412,0
ann,4,SR386_40X_HE_T256_01,0,0.23788581788539886,0
ann,4,SR386_40X_HE_T265_01,0,0.11679726094007492,0
ann,4,SR386_40X_HE_T268_01,0,0.4274815320968628,0
ann,4,SR386_40X_HE_T270_01,0,0.2384505569934845,0
ann,4,SR386_40X_HE_T272_01,0,0.32006320357322693,0
ann,4,SR386_40X_HE_T273_01,0,0.5803561210632324,1
ann,4,SR386_40X_HE_T276_01,0,0.9327847361564636,1
ann,4,SR386_40X_HE_T278_01,1,0.9646238088607788,1
ann,4,SR386_40X_HE_T284_01,0,0.24668683111667633,0
ann,4,SR386_40X_HE_T285_01,0,0.11342836171388626,0
ann,4,SR386_40X_HE_T288_01,0,0.18834902346134186,0
ann,4,SR386_40X_HE_T291_01,0,0.25414249300956726,0
ann,4,SR386_40X_HE_T300_01,0,0.18536260724067688,0
ann,4,SR386_40X_HE_T302_01,0,0.14631327986717224,0
ann,4,SR386_40X_HE_T305_01,0,0.16472755372524261,0
ann,4,SR386_40X_HE_T308_01,0,0.15956181287765503,0
ann,4,SR386_40X_HE_T325_01,0,0.12445717304944992,0
ann,4,SR386_40X_HE_T331_01,0,0.7125863432884216,1
ann,4,SR386_40X_HE_T341_01,0,0.5063796639442444,1
ann,4,SR386_40X_HE_T343_01,1,0.18443149328231812,0
ann,4,SR386_40X_HE_T346_01,0,0.4637090265750885,0
ann,4,SR386_40X_HE_T352_01,0,0.2399267852306366,0
ann,4,SR386_40X_HE_T373_01,0,0.6378867626190186,1
ann,4,SR386_40X_HE_T375_01,0,0.4262906014919281,0
ann,4,SR386_40X_HE_T381_01,0,0.11731712520122528,0
ann,4,SR386_40X_HE_T389_01,0,0.17815852165222168,0
ann,4,SR386_40X_HE_T391_01,0,0.16360339522361755,0
ann,4,SR386_40X_HE_T394_01,0,0.2499900907278061,0
ann,4,SR386_40X_HE_T399_01,0,0.24107874929904938,0
ann,4,SR386_40X_HE_T403_01,0,0.1763802319765091,0
ann,4,SR386_40X_HE_T405_01,0,0.5592101216316223,1
ann,4,SR386_40X_HE_T407_01,0,0.23035500943660736,0
ann,4,SR386_40X_HE_T414_01,0,0.26729336380958557,0
ann,4,SR386_40X_HE_T424_01,0,0.274061381816864,0
ann,4,SR386_40X_HE_T429_01,0,0.41675135493278503,0
ann,4,SR386_40X_HE_T441_01,0,0.8885186910629272,1
ann,4,SR386_40X_HE_T451_01,0,0.4525015652179718,0
ann,4,SR386_40X_HE_T453_01,0,0.17913666367530823,0
ann,4,SR386_40X_HE_T455_01,0,0.35210463404655457,0
ann,4,SR386_40X_HE_T465_01,0,0.2415544092655182,0
ann,4,SR386_40X_HE_T474_01,0,0.5963019728660583,1
ann,4,SR386_40X_HE_T476_01,0,0.33795854449272156,0
ann,4,SR386_40X_HE_T479_01,0,0.21036888659000397,0
ann,4,SR386_40X_HE_T482_01,0,0.3581499755382538,0
ann,4,SR386_40X_HE_T487_01,0,0.09344902634620667,0
ann,4,SR386_40X_HE_T490_01,0,0.49357181787490845,0
ann,4,SR386_40X_HE_T494_01,0,0.21738842129707336,0
ann,4,SR386_40X_HE_T500_01,0,0.22227324545383453,0
ann,4,SR386_40X_HE_T510_01,0,0.21940083801746368,0
ann,4,SR386_40X_HE_T524_01,0,0.6329987049102783,1
ann,4,SR386_40X_HE_T528_01,0,0.3721364140510559,0
ann,4,SR386_40X_HE_T532_01,0,0.15430201590061188,0
ann,4,SR386_40X_HE_T534_01,0,0.7368628978729248,1
ann,4,SR386_40X_HE_T536_01,0,0.07876401394605637,0
ann,4,SR386_40X_HE_T537_01,0,0.3679085075855255,0
ann,4,SR386_40X_HE_T541_01,0,0.31231558322906494,0
ann,4,SR386_40X_HE_T548_01,1,0.5728216171264648,1
ann,4,SR386_40X_HE_T550_01,0,0.8547540903091431,1
ann,4,SR386_40X_HE_T551_01,0,0.1702725738286972,0
ann,4,SR386_40X_HE_T557_01,0,0.07407014816999435,0
ann,4,SR386_40X_HE_T565_01,0,0.23220960795879364,0
ann,4,SR386_40X_HE_T567_01,0,0.19418203830718994,0
ann,4,SR386_40X_HE_T575_01,0,0.6488303542137146,1
ann,4,SR386_40X_HE_T576_01,0,0.2816936671733856,0
ann,4,SR386_40X_HE_T581_01,0,0.22451388835906982,0
knn,1,SR1482_40X_HE_T029_01,0,0.0,0
knn,1,SR1482_40X_HE_T029_02,0,0.3333333333333333,0
knn,1,SR1482_40X_HE_T057_01,0,0.0,0
knn,1,SR1482_40X_HE_T063_01,1,0.6666666666666666,1
knn,1,SR1482_40X_HE_T063_02,1,0.3333333333333333,0
knn,1,SR1482_40X_HE_T065_01,0,0.0,0
knn,1,SR1482_40X_HE_T065_02,0,0.0,0
knn,1,SR1482_40X_HE_T066_01,0,0.0,0
knn,1,SR1482_40X_HE_T066_02,0,0.3333333333333333,0
knn,1,SR1482_40X_HE_T068_01,0,0.0,0
knn,1,SR1482_40X_HE_T069_01,0,0.0,0
knn,1,SR1482_40X_HE_T069_02,0,0.0,0
knn,1,SR1482_40X_HE_T079_01,1,0.0,0
knn,1,SR1482_40X_HE_T079_02,1,0.0,0
knn,1,SR1482_40X_HE_T080_01,0,0.0,0
knn,1,SR1482_40X_HE_T080_02,0,0.0,0
knn,1,SR1482_40X_HE_T081_01,0,0.0,0
knn,1,SR1482_40X_HE_T081_02,0,0.0,0
knn,1,SR1482_40X_HE_T099_01,0,0.0,0
knn,1,SR1482_40X_HE_T116_01,0,0.0,0
knn,1,SR1482_40X_HE_T117_01,0,0.0,0
knn,1,SR1482_40X_HE_T117_02,0,0.3333333333333333,0
knn,1,SR1482_40X_HE_T126_01,0,0.0,0
knn,1,SR1482_40X_HE_T129_01,0,0.0,0
knn,1,SR1482_40X_HE_T129_02,0,0.0,0
knn,1,SR1482_40X_HE_T139_01,0,0.0,0
knn,1,SR1482_40X_HE_T139_02,0,0.3333333333333333,0
knn,1,SR1482_40X_HE_T147_01,0,0.6666666666666666,1
knn,1,SR1482_40X_HE_T147_02,0,0.6666666666666666,1
knn,1,SR1482_40X_HE_T159_01,0,0.3333333333333333,0
knn,1,SR1482_40X_HE_T159_02,0,0.3333333333333333,0
knn,1,SR1482_40X_HE_T192_01,0,0.0,0
knn,1,SR1482_40X_HE_T199_01,0,0.0,0
knn,1,SR1482_40X_HE_T304_01,0,0.0,0
knn,1,SR1482_40X_HE_T304_02,0,0.0,0
knn,1,SR1482_40X_HE_T310_01,1,0.3333333333333333,0
knn,1,SR1482_40X_HE_T310_02,1,0.0,0
knn,1,SR1482_40X_HE_T341_01,0,0.0,0
knn,1,SR1482_40X_HE_T341_02,0,0.0,0
knn,1,SR1482_40X_HE_T353_01,0,0.0,0
knn,1,SR1482_40X_HE_T390_01,0,0.0,0
knn,1,SR1482_40X_HE_T433_01,1,0.0,0
knn,1,SR386_40X_HE_T003_01,0,0.0,0
knn,1,SR386_40X_HE_T004_01,0,0.3333333333333333,0
knn,1,SR386_40X_HE_T022_01,1,0.3333333333333333,0
knn,1,SR386_40X_HE_T030_01,0,0.0,0
knn,1,SR386_40X_HE_T033_01,0,0.0,0
knn,1,SR386_40X_HE_T036_01,0,0.0,0
knn,1,SR386_40X_HE_T038_01,0,0.0,0
knn,1,SR386_40X_HE_T049_01,0,0.0,0
knn,1,SR386_40X_HE_T050_01,0,0.0,0
knn,1,SR386_40X_HE_T060_01,0,0.0,0
knn,1,SR386_40X_HE_T063_01,0,0.0,0
knn,1,SR386_40X_HE_T066_01,0,0.0,0
knn,1,SR386_40X_HE_T069_01,0,0.0,0
knn,1,SR386_40X_HE_T072_01,0,0.0,0
knn,1,SR386_40X_HE_T074_01,0,0.0,0
knn,1,SR386_40X_HE_T078_01,0,0.0,0
knn,1,SR386_40X_HE_T079_01,0,0.0,0
knn,1,SR386_40X_HE_T092_01,1,0.0,0
knn,1,SR386_40X_HE_T096_01,0,0.0,0
knn,1,SR386_40X_HE_T099_01,0,0.0,0
knn,1,SR386_40X_HE_T103_01,0,0.0,0
knn,1,SR386_40X_HE_T108_01,0,0.0,0
knn,1,SR386_40X_HE_T113_01,0,0.3333333333333333,0
knn,1,SR386_40X_HE_T114_01,0,0.0,0
knn,1,SR386_40X_HE_T119_01,0,0.0,0
knn,1,SR386_40X_HE_T126_01,0,0.0,0
knn,1,SR386_40X_HE_T130_01,0,0.0,0
knn,1,SR386_40X_HE_T131_01,0,0.0,0
knn,1,SR386_40X_HE_T135_01,0,0.3333333333333333,0
knn,1,SR386_40X_HE_T140_01,0,0.0,0
knn,1,SR386_40X_HE_T144_01,0,0.0,0
knn,1,SR386_40X_HE_T147_01,0,0.0,0
knn,1,SR386_40X_HE_T148_01,0,0.0,0
knn,1,SR386_40X_HE_T160_01,0,0.0,0
knn,1,SR386_40X_HE_T169_01,0,0.0,0
knn,1,SR386_40X_HE_T170_01,1,0.3333333333333333,0
knn,1,SR386_40X_HE_T172_01,0,0.0,0
knn,1,SR386_40X_HE_T174_01,0,0.0,0
knn,1,SR386_40X_HE_T181_01,0,0.0,0
knn,1,SR386_40X_HE_T196_01,0,0.0,0
knn,1,SR386_40X_HE_T205_01,0,0.0,0
knn,1,SR386_40X_HE_T209_01,0,0.0,0
knn,1,SR386_40X_HE_T210_01,0,0.0,0
knn,1,SR386_40X_HE_T212_01,0,0.3333333333333333,0
knn,1,SR386_40X_HE_T221_01,0,0.0,0
knn,1,SR386_40X_HE_T224_01,0,0.0,0
knn,1,SR386_40X_HE_T231_01,1,0.0,0
knn,1,SR386_40X_HE_T232_01,0,0.0,0
knn,1,SR386_40X_HE_T247_01,0,0.0,0
knn,1,SR386_40X_HE_T252_01,0,0.0,0
knn,1,SR386_40X_HE_T255_01,0,0.0,0
knn,1,SR386_40X_HE_T259_01,1,0.0,0
knn,1,SR386_40X_HE_T274_01,0,0.0,0
knn,1,SR386_40X_HE_T275_01,0,0.0,0
knn,1,SR386_40X_HE_T282_01,0,0.0,0
knn,1,SR386_40X_HE_T294_01,0,0.6666666666666666,1
knn,1,SR386_40X_HE_T311_01,0,0.0,0
knn,1,SR386_40X_HE_T315_01,0,0.0,0
knn,1,SR386_40X_HE_T319_01,1,0.0,0
knn,1,SR386_40X_HE_T324_01,1,0.0,0
knn,1,SR386_40X_HE_T330_01,0,0.0,0
knn,1,SR386_40X_HE_T333_01,0,0.0,0
knn,1,SR386_40X_HE_T335_01,0,0.0,0
knn,1,SR386_40X_HE_T337_01,0,0.0,0
knn,1,SR386_40X_HE_T344_01,0,0.0,0
knn,1,SR386_40X_HE_T347_01,0,0.0,0
knn,1,SR386_40X_HE_T350_01,0,0.0,0
knn,1,SR386_40X_HE_T351_01,0,0.0,0
knn,1,SR386_40X_HE_T360_01,0,0.0,0
knn,1,SR386_40X_HE_T361_01,0,0.0,0
knn,1,SR386_40X_HE_T366_01,0,0.0,0
knn,1,SR386_40X_HE_T377_01,1,0.0,0
knn,1,SR386_40X_HE_T384_01,0,0.0,0
knn,1,SR386_40X_HE_T395_01,0,0.3333333333333333,0
knn,1,SR386_40X_HE_T396_01,0,0.0,0
knn,1,SR386_40X_HE_T401_01,0,0.0,0
knn,1,SR386_40X_HE_T408_01,0,0.0,0
knn,1,SR386_40X_HE_T410_01,0,0.0,0
knn,1,SR386_40X_HE_T413_01,0,0.3333333333333333,0
knn,1,SR386_40X_HE_T416_01,0,0.0,0
knn,1,SR386_40X_HE_T418_01,0,0.0,0
knn,1,SR386_40X_HE_T419_01,0,0.0,0
knn,1,SR386_40X_HE_T421_01,0,0.0,0
knn,1,SR386_40X_HE_T423_01,0,0.0,0
knn,1,SR386_40X_HE_T428_01,0,0.0,0
knn,1,SR386_40X_HE_T430_01,0,0.3333333333333333,0
knn,1,SR386_40X_HE_T431_01,0,0.0,0
knn,1,SR386_40X_HE_T435_01,0,0.0,0
knn,1,SR386_40X_HE_T438_01,0,0.3333333333333333,0
knn,1,SR386_40X_HE_T439_01,0,0.3333333333333333,0
knn,1,SR386_40X_HE_T447_01,0,0.0,0
knn,1,SR386_40X_HE_T449_01,0,0.0,0
knn,1,SR386_40X_HE_T454_01,0,0.0,0
knn,1,SR386_40X_HE_T456_01,0,0.0,0
knn,1,SR386_40X_HE_T461_01,0,0.0,0
knn,1,SR386_40X_HE_T462_01,0,0.0,0
knn,1,SR386_40X_HE_T468_01,0,0.0,0
knn,1,SR386_40X_HE_T469_01,1,0.0,0
knn,1,SR386_40X_HE_T470_01,0,0.0,0
knn,1,SR386_40X_HE_T471_01,0,0.0,0
knn,1,SR386_40X_HE_T477_01,0,0.0,0
knn,1,SR386_40X_HE_T480_01,0,0.3333333333333333,0
knn,1,SR386_40X_HE_T484_01,0,0.0,0
knn,1,SR386_40X_HE_T495_01,0,0.0,0
knn,1,SR386_40X_HE_T496_01,0,0.0,0
knn,1,SR386_40X_HE_T498_01,0,0.6666666666666666,1
knn,1,SR386_40X_HE_T504_01,0,0.3333333333333333,0
knn,1,SR386_40X_HE_T511_01,0,0.0,0
knn,1,SR386_40X_HE_T517_01,0,0.0,0
knn,1,SR386_40X_HE_T523_01,0,0.0,0
knn,1,SR386_40X_HE_T529_01,0,0.0,0
knn,1,SR386_40X_HE_T542_01,0,0.0,0
knn,1,SR386_40X_HE_T569_01,0,0.3333333333333333,0
knn,1,SR386_40X_HE_T582_01,0,0.0,0
knn,2,SR1482_40X_HE_T009_01,0,0.3333333333333333,0
knn,2,SR1482_40X_HE_T009_02,0,0.0,0
knn,2,SR1482_40X_HE_T015_01,0,0.0,0
knn,2,SR1482_40X_HE_T021_01,0,0.0,0
knn,2,SR1482_40X_HE_T067_01,0,0.0,0
knn,2,SR1482_40X_HE_T075_01,0,0.0,0
knn,2,SR1482_40X_HE_T075_02,0,0.0,0
knn,2,SR1482_40X_HE_T098_01,0,0.3333333333333333,0
knn,2,SR1482_40X_HE_T098_02,0,0.0,0
knn,2,SR1482_40X_HE_T102_01,0,0.0,0
knn,2,SR1482_40X_HE_T123_01,0,0.0,0
knn,2,SR1482_40X_HE_T142_01,0,0.0,0
knn,2,SR1482_40X_HE_T146_01,0,0.0,0
knn,2,SR1482_40X_HE_T148_01,0,0.0,0
knn,2,SR1482_40X_HE_T148_02,0,0.0,0
knn,2,SR1482_40X_HE_T154_01,0,0.0,0
knn,2,SR1482_40X_HE_T158_01,0,0.0,0
knn,2,SR1482_40X_HE_T161_01,0,0.0,0
knn,2,SR1482_40X_HE_T161_02,0,0.0,0
knn,2,SR1482_40X_HE_T164_01,1,0.0,0
knn,2,SR1482_40X_HE_T164_02,1,0.0,0
knn,2,SR1482_40X_HE_T168_01,0,0.0,0
knn,2,SR1482_40X_HE_T171_01,0,0.0,0
knn,2,SR1482_40X_HE_T171_02,0,0.0,0
knn,2,SR1482_40X_HE_T178_01,1,0.0,0
knn,2,SR1482_40X_HE_T186_01,0,0.0,0
knn,2,SR1482_40X_HE_T193_01,0,0.3333333333333333,0
knn,2,SR1482_40X_HE_T193_02,0,0.3333333333333333,0
knn,2,SR1482_40X_HE_T209_01,0,0.0,0
knn,2,SR1482_40X_HE_T209_02,0,0.0,0
knn,2,SR1482_40X_HE_T245_01,0,0.0,0
knn,2,SR1482_40X_HE_T245_02,0,0.0,0
knn,2,SR1482_40X_HE_T265_01,0,0.0,0
knn,2,SR1482_40X_HE_T302_01,0,0.0,0
knn,2,SR1482_40X_HE_T343_01,1,0.3333333333333333,0
knn,2,SR1482_40X_HE_T343_02,1,0.0,0
knn,2,SR1482_40X_HE_T399_01,0,0.0,0
knn,2,SR1482_40X_HE_T399_02,0,0.0,0
knn,2,SR1482_40X_HE_T426_01,0,0.0,0
knn,2,SR1482_40X_HE_T426_02,0,0.3333333333333333,0
knn,2,SR386_40X_HE_T001_01,0,0.0,0
knn,2,SR386_40X_HE_T013_01,0,0.0,0
knn,2,SR386_40X_HE_T018_01,0,0.0,0
knn,2,SR386_40X_HE_T019_01,0,0.0,0
knn,2,SR386_40X_HE_T024_01,0,0.0,0
knn,2,SR386_40X_HE_T039_01,0,0.0,0
knn,2,SR386_40X_HE_T040_01,1,0.0,0
knn,2,SR386_40X_HE_T042_01,0,0.3333333333333333,0
knn,2,SR386_40X_HE_T047_01,0,0.0,0
knn,2,SR386_40X_HE_T051_01,0,0.0,0
knn,2,SR386_40X_HE_T052_01,0,0.0,0
knn,2,SR386_40X_HE_T056_01,0,0.0,0
knn,2,SR386_40X_HE_T057_01,0,0.0,0
knn,2,SR386_40X_HE_T070_01,0,0.0,0
knn,2,SR386_40X_HE_T082_01,0,0.3333333333333333,0
knn,2,SR386_40X_HE_T084_01,0,0.0,0
knn,2,SR386_40X_HE_T087_01,0,0.0,0
knn,2,SR386_40X_HE_T088_01,0,0.0,0
knn,2,SR386_40X_HE_T098_01,0,0.0,0
knn,2,SR386_40X_HE_T105_01,0,0.0,0
knn,2,SR386_40X_HE_T122_01,0,0.0,0
knn,2,SR386_40X_HE_T123_01,0,0.0,0
knn,2,SR386_40X_HE_T133_01,0,0.0,0
knn,2,SR386_40X_HE_T145_01,0,0.0,0
knn,2,SR386_40X_HE_T150_01,0,0.0,0
knn,2,SR386_40X_HE_T152_01,0,0.3333333333333333,0
knn,2,SR386_40X_HE_T155_01,0,0.0,0
knn,2,SR386_40X_HE_T157_01,0,0.0,0
knn,2,SR386_40X_HE_T164_01,0,0.0,0
knn,2,SR386_40X_HE_T166_01,0,0.0,0
knn,2,SR386_40X_HE_T176_01,1,0.6666666666666666,1
knn,2,SR386_40X_HE_T177_01,0,0.0,0
knn,2,SR386_40X_HE_T178_01,0,0.3333333333333333,0
knn,2,SR386_40X_HE_T187_01,0,0.0,0
knn,2,SR386_40X_HE_T190_01,0,0.0,0
knn,2,SR386_40X_HE_T192_01,0,0.0,0
knn,2,SR386_40X_HE_T198_01,0,0.0,0
knn,2,SR386_40X_HE_T200_01,0,0.0,0
knn,2,SR386_40X_HE_T206_01,1,0.0,0
knn,2,SR386_40X_HE_T211_01,0,0.0,0
knn,2,SR386_40X_HE_T213_01,0,0.0,0
knn,2,SR386_40X_HE_T214_01,0,0.0,0
knn,2,SR386_40X_HE_T220_01,0,0.0,0
knn,2,SR386_40X_HE_T230_01,1,0.0,0
knn,2,SR386_40X_HE_T236_01,0,0.0,0
knn,2,SR386_40X_HE_T237_01,0,0.0,0
knn,2,SR386_40X_HE_T240_01,0,0.0,0
knn,2,SR386_40X_HE_T241_01,0,0.0,0
knn,2,SR386_40X_HE_T242_01,0,0.0,0
knn,2,SR386_40X_HE_T253_01,0,0.0,0
knn,2,SR386_40X_HE_T260_01,0,0.0,0
knn,2,SR386_40X_HE_T262_01,0,0.0,0
knn,2,SR386_40X_HE_T264_01,0,0.3333333333333333,0
knn,2,SR386_40X_HE_T271_01,0,0.0,0
knn,2,SR386_40X_HE_T281_01,0,0.0,0
knn,2,SR386_40X_HE_T297_01,0,0.0,0
knn,2,SR386_40X_HE_T299_01,0,0.0,0
knn,2,SR386_40X_HE_T301_01,0,0.3333333333333333,0
knn,2,SR386_40X_HE_T306_01,0,0.0,0
knn,2,SR386_40X_HE_T309_01,0,0.0,0
knn,2,SR386_40X_HE_T314_01,0,0.0,0
knn,2,SR386_40X_HE_T316_01,0,0.0,0
knn,2,SR386_40X_HE_T318_01,0,0.0,0
knn,2,SR386_40X_HE_T321_01,0,0.0,0
knn,2,SR386_40X_HE_T326_01,0,0.0,0
knn,2,SR386_40X_HE_T327_01,0,0.0,0
knn,2,SR386_40X_HE_T332_01,1,0.3333333333333333,0
knn,2,SR386_40X_HE_T355_01,0,0.0,0
knn,2,SR386_40X_HE_T364_01,0,0.0,0
knn,2,SR386_40X_HE_T368_01,1,0.0,0
knn,2,SR386_40X_HE_T374_01,0,0.0,0
knn,2,SR386_40X_HE_T380_01,0,0.0,0
knn,2,SR386_40X_HE_T382_01,0,0.0,0
knn,2,SR386_40X_HE_T392_01,0,0.0,0
knn,2,SR386_40X_HE_T398_01,0,0.0,0
knn,2,SR386_40X_HE_T402_01,1,0.0,0
knn,2,SR386_40X_HE_T404_01,0,0.0,0
knn,2,SR386_40X_HE_T415_01,0,0.0,0
knn,2,SR386_40X_HE_T417_01,0,0.0,0
knn,2,SR386_40X_HE_T425_01,0,0.3333333333333333,0
knn,2,SR386_40X_HE_T436_01,1,0.3333333333333333,0
knn,2,SR386_40X_HE_T437_01,0,0.0,0
knn,2,SR386_40X_HE_T440_01,0,0.3333333333333333,0
knn,2,SR386_40X_HE_T445_01,0,0.0,0
knn,2,SR386_40X_HE_T450_01,0,0.0,0
knn,2,SR386_40X_HE_T459_01,0,0.0,0
knn,2,SR386_40X_HE_T472_01,0,0.0,0
knn,2,SR386_40X_HE_T481_01,0,0.0,0
knn,2,SR386_40X_HE_T483_01,0,0.0,0
knn,2,SR386_40X_HE_T486_01,0,0.3333333333333333,0
knn,2,SR386_40X_HE_T488_01,0,0.0,0
knn,2,SR386_40X_HE_T499_01,0,0.0,0
knn,2,SR386_40X_HE_T507_01,0,0.0,0
knn,2,SR386_40X_HE_T514_01,0,0.0,0
knn,2,SR386_40X_HE_T520_01,1,0.0,0
knn,2,SR386_40X_HE_T522_01,0,0.0,0
knn,2,SR386_40X_HE_T531_01,0,0.0,0
knn,2,SR386_40X_HE_T535_01,0,0.0,0
knn,2,SR386_40X_HE_T539_01,0,0.0,0
knn,2,SR386_40X_HE_T549_01,0,0.0,0
knn,2,SR386_40X_HE_T552_01,0,0.0,0
knn,2,SR386_40X_HE_T553_01,0,0.0,0
knn,2,SR386_40X_HE_T554_01,0,0.0,0
knn,2,SR386_40X_HE_T558_01,0,0.0,0
knn,2,SR386_40X_HE_T564_01,0,0.0,0
knn,2,SR386_40X_HE_T570_01,0,0.0,0
knn,2,SR386_40X_HE_T574_01,0,0.0,0
knn,2,SR386_40X_HE_T578_01,0,0.0,0
knn,2,SR386_40X_HE_T580_01,0,0.0,0
knn,3,SR1482_40X_HE_T005_01,0,0.0,0
knn,3,SR1482_40X_HE_T005_02,0,0.0,0
knn,3,SR1482_40X_HE_T010_01,0,0.0,0
knn,3,SR1482_40X_HE_T043_01,0,0.3333333333333333,0
knn,3,SR1482_40X_HE_T043_02,0,0.0,0
knn,3,SR1482_40X_HE_T049_01,0,0.0,0
knn,3,SR1482_40X_HE_T061_01,0,0.6666666666666666,1
knn,3,SR1482_40X_HE_T061_02,0,0.3333333333333333,0
knn,3,SR1482_40X_HE_T070_01,1,0.0,0
knn,3,SR1482_40X_HE_T073_01,0,0.0,0
knn,3,SR1482_40X_HE_T082_01,0,0.3333333333333333,0
knn,3,SR1482_40X_HE_T082_02,0,0.3333333333333333,0
knn,3,SR1482_40X_HE_T089_01,0,0.0,0
knn,3,SR1482_40X_HE_T090_01,0,0.0,0
knn,3,SR1482_40X_HE_T094_01,1,0.0,0
knn,3,SR1482_40X_HE_T094_02,1,0.0,0
knn,3,SR1482_40X_HE_T105_01,0,0.0,0
knn,3,SR1482_40X_HE_T115_01,0,0.0,0
knn,3,SR1482_40X_HE_T115_02,0,0.0,0
knn,3,SR1482_40X_HE_T118_01,0,0.6666666666666666,1
knn,3,SR1482_40X_HE_T118_02,0,0.0,0
knn,3,SR1482_40X_HE_T120_01,0,0.0,0
knn,3,SR1482_40X_HE_T120_02,0,0.3333333333333333,0
knn,3,SR1482_40X_HE_T124_01,0,0.3333333333333333,0
knn,3,SR1482_40X_HE_T124_02,0,1.0,1
knn,3,SR1482_40X_HE_T138_01,0,0.0,0
knn,3,SR1482_40X_HE_T160_01,0,0.3333333333333333,0
knn,3,SR1482_40X_HE_T160_02,0,0.3333333333333333,0
knn,3,SR1482_40X_HE_T167_01,0,0.3333333333333333,0
knn,3,SR1482_40X_HE_T167_02,0,0.3333333333333333,0
knn,3,SR1482_40X_HE_T175_01,0,0.3333333333333333,0
knn,3,SR1482_40X_HE_T175_02,0,0.3333333333333333,0
knn,3,SR1482_40X_HE_T177_01,1,0.0,0
knn,3,SR1482_40X_HE_T188_01,0,0.0,0
knn,3,SR1482_40X_HE_T195_01,0,0.0,0
knn,3,SR1482_40X_HE_T195_02,0,0.3333333333333333,0
knn,3,SR1482_40X_HE_T202_01,0,0.3333333333333333,0
knn,3,SR1482_40X_HE_T202_02,0,0.0,0
knn,3,SR1482_40X_HE_T225_01,0,0.0,0
knn,3,SR1482_40X_HE_T225_02,0,0.0,0
knn,3,SR1482_40X_HE_T235_01,0,0.0,0
knn,3,SR1482_40X_HE_T235_02,0,0.0,0
knn,3,SR1482_40X_HE_T236_01,0,0.0,0
knn,3,SR1482_40X_HE_T236_02,0,0.0,0
knn,3,SR1482_40X_HE_T258_01,0,0.0,0
knn,3,SR1482_40X_HE_T258_02,0,0.0,0
knn,3,SR1482_40X_HE_T284_01,1,0.3333333333333333,0
knn,3,SR1482_40X_HE_T284_02,1,0.3333333333333333,0
knn,3,SR1482_40X_HE_T301_01,1,0.0,0
knn,3,SR1482_40X_HE_T301_02,1,0.6666666666666666,1
knn,3,SR1482_40X_HE_T309_01,0,0.0,0
knn,3,SR1482_40X_HE_T313_01,0,0.0,0
knn,3,SR1482_40X_HE_T313_02,0,0.0,0
knn,3,SR1482_40X_HE_T338_01,0,0.0,0
knn,3,SR1482_40X_HE_T344_01,0,0.0,0
knn,3,SR1482_40X_HE_T344_02,0,0.3333333333333333,0
knn,3,SR1482_40X_HE_T346_01,0,0.0,0
knn,3,SR1482_40X_HE_T346_02,0,0.0,0
knn,3,SR1482_40X_HE_T377_01,0,0.0,0
knn,3,SR1482_40X_HE_T377_02,0,0.0,0
knn,3,SR1482_40X_HE_T419_01,0,0.0,0
knn,3,SR1482_40X_HE_T427_01,0,0.0,0
knn,3,SR1482_40X_HE_T427_02,0,0.0,0
knn,3,SR386_40X_HE_T007_01,0,0.0,0
knn,3,SR386_40X_HE_T015_01,0,0.0,0
knn,3,SR386_40X_HE_T017_01,1,0.6666666666666666,1
knn,3,SR386_40X_HE_T032_01,0,0.0,0
knn,3,SR386_40X_HE_T034_01,0,0.0,0
knn,3,SR386_40X_HE_T035_01,0,0.3333333333333333,0
knn,3,SR386_40X_HE_T041_01,0,0.6666666666666666,1
knn,3,SR386_40X_HE_T067_01,0,0.0,0
knn,3,SR386_40X_HE_T075_01,0,0.0,0
knn,3,SR386_40X_HE_T081_01,0,0.3333333333333333,0
knn,3,SR386_40X_HE_T083_01,0,0.0,0
knn,3,SR386_40X_HE_T085_01,0,0.0,0
knn,3,SR386_40X_HE_T095_01,0,0.0,0
knn,3,SR386_40X_HE_T104_01,0,0.3333333333333333,0
knn,3,SR386_40X_HE_T106_01,0,0.0,0
knn,3,SR386_40X_HE_T112_01,0,0.0,0
knn,3,SR386_40X_HE_T128_01,0,0.0,0
knn,3,SR386_40X_HE_T132_01,0,0.0,0
knn,3,SR386_40X_HE_T138_01,0,0.0,0
knn,3,SR386_40X_HE_T142_01,0,0.0,0
knn,3,SR386_40X_HE_T149_01,0,0.0,0
knn,3,SR386_40X_HE_T165_01,1,0.0,0
knn,3,SR386_40X_HE_T179_01,0,0.0,0
knn,3,SR386_40X_HE_T180_01,0,0.0,0
knn,3,SR386_40X_HE_T182_01,0,0.0,0
knn,3,SR386_40X_HE_T184_01,0,0.0,0
knn,3,SR386_40X_HE_T188_01,0,0.0,0
knn,3,SR386_40X_HE_T191_01,0,0.0,0
knn,3,SR386_40X_HE_T197_01,0,0.0,0
knn,3,SR386_40X_HE_T201_01,0,0.0,0
knn,3,SR386_40X_HE_T202_01,0,0.0,0
knn,3,SR386_40X_HE_T208_01,0,0.0,0
knn,3,SR386_40X_HE_T216_01,1,0.3333333333333333,0
knn,3,SR386_40X_HE_T238_01,0,0.0,0
knn,3,SR386_40X_HE_T244_01,0,0.0,0
knn,3,SR386_40X_HE_T248_01,0,0.0,0
knn,3,SR386_40X_HE_T249_01,0,0.0,0
knn,3,SR386_40X_HE_T250_01,0,0.0,0
knn,3,SR386_40X_HE_T263_01,0,0.0,0
knn,3,SR386_40X_HE_T267_01,0,0.0,0
knn,3,SR386_40X_HE_T269_01,0,0.0,0
knn,3,SR386_40X_HE_T277_01,0,0.0,0
knn,3,SR386_40X_HE_T286_01,0,0.0,0
knn,3,SR386_40X_HE_T287_01,0,0.0,0
knn,3,SR386_40X_HE_T290_01,0,0.0,0
knn,3,SR386_40X_HE_T293_01,0,0.0,0
knn,3,SR386_40X_HE_T298_01,0,0.0,0
knn,3,SR386_40X_HE_T303_01,0,0.0,0
knn,3,SR386_40X_HE_T312_01,0,0.0,0
knn,3,SR386_40X_HE_T329_01,0,0.0,0
knn,3,SR386_40X_HE_T336_01,0,0.0,0
knn,3,SR386_40X_HE_T338_01,0,0.0,0
knn,3,SR386_40X_HE_T342_01,0,0.0,0
knn,3,SR386_40X_HE_T353_01,0,0.0,0
knn,3,SR386_40X_HE_T357_01,0,0.0,0
knn,3,SR386_40X_HE_T362_01,0,0.0,0
knn,3,SR386_40X_HE_T363_01,1,0.0,0
knn,3,SR386_40X_HE_T372_01,0,0.0,0
knn,3,SR386_40X_HE_T378_01,0,0.0,0
knn,3,SR386_40X_HE_T379_01,0,0.0,0
knn,3,SR386_40X_HE_T386_01,0,0.0,0
knn,3,SR386_40X_HE_T387_01,0,0.0,0
knn,3,SR386_40X_HE_T393_01,0,0.0,0
knn,3,SR386_40X_HE_T397_01,0,0.0,0
knn,3,SR386_40X_HE_T406_01,0,0.0,0
knn,3,SR386_40X_HE_T409_01,0,0.0,0
knn,3,SR386_40X_HE_T422_01,0,0.0,0
knn,3,SR386_40X_HE_T426_01,0,0.0,0
knn,3,SR386_40X_HE_T433_01,0,0.0,0
knn,3,SR386_40X_HE_T443_01,0,0.0,0
knn,3,SR386_40X_HE_T448_01,0,0.0,0
knn,3,SR386_40X_HE_T452_01,0,0.0,0
knn,3,SR386_40X_HE_T460_01,1,0.0,0
knn,3,SR386_40X_HE_T473_01,0,0.0,0
knn,3,SR386_40X_HE_T475_01,0,0.0,0
knn,3,SR386_40X_HE_T478_01,0,0.0,0
knn,3,SR386_40X_HE_T489_01,1,0.0,0
knn,3,SR386_40X_HE_T491_01,0,0.0,0
knn,3,SR386_40X_HE_T492_01,0,0.0,0
knn,3,SR386_40X_HE_T493_01,0,0.0,0
knn,3,SR386_40X_HE_T502_01,0,0.0,0
knn,3,SR386_40X_HE_T505_01,0,0.0,0
knn,3,SR386_40X_HE_T506_01,0,0.0,0
knn,3,SR386_40X_HE_T509_01,0,0.0,0
knn,3,SR386_40X_HE_T516_01,0,0.3333333333333333,0
knn,3,SR386_40X_HE_T518_01,0,0.0,0
knn,3,SR386_40X_HE_T519_01,0,0.0,0
knn,3,SR386_40X_HE_T521_01,0,0.0,0
knn,3,SR386_40X_HE_T526_01,0,0.0,0
knn,3,SR386_40X_HE_T533_01,0,0.0,0
knn,3,SR386_40X_HE_T543_01,0,0.0,0
knn,3,SR386_40X_HE_T544_01,0,0.0,0
knn,3,SR386_40X_HE_T556_01,1,0.0,0
knn,3,SR386_40X_HE_T560_01,0,0.0,0
knn,3,SR386_40X_HE_T563_01,0,0.0,0
knn,3,SR386_40X_HE_T568_01,0,0.0,0
knn,3,SR386_40X_HE_T571_01,0,0.0,0
knn,3,SR386_40X_HE_T572_01,0,0.3333333333333333,0
knn,3,SR386_40X_HE_T573_01,0,0.0,0
knn,3,SR386_40X_HE_T583_01,0,0.0,0
knn,4,SR1482_40X_HE_T002_01,0,0.0,0
knn,4,SR1482_40X_HE_T003_01,0,0.0,0
knn,4,SR1482_40X_HE_T004_01,0,0.3333333333333333,0
knn,4,SR1482_40X_HE_T004_02,0,0.0,0
knn,4,SR1482_40X_HE_T011_01,0,0.0,0
knn,4,SR1482_40X_HE_T025_01,0,0.0,0
knn,4,SR1482_40X_HE_T025_02,0,0.0,0
knn,4,SR1482_40X_HE_T060_01,0,0.0,0
knn,4,SR1482_40X_HE_T062_01,0,0.0,0
knn,4,SR1482_40X_HE_T062_02,0,0.0,0
knn,4,SR1482_40X_HE_T064_01,0,0.6666666666666666,1
knn,4,SR1482_40X_HE_T064_02,0,0.3333333333333333,0
knn,4,SR1482_40X_HE_T071_01,0,0.3333333333333333,0
knn,4,SR1482_40X_HE_T071_02,0,0.0,0
knn,4,SR1482_40X_HE_T074_01,0,0.3333333333333333,0
knn,4,SR1482_40X_HE_T074_02,0,0.3333333333333333,0
knn,4,SR1482_40X_HE_T083_01,0,0.6666666666666666,1
knn,4,SR1482_40X_HE_T083_02,0,0.3333333333333333,0
knn,4,SR1482_40X_HE_T087_01,0,0.0,0
knn,4,SR1482_40X_HE_T097_01,1,0.0,0
knn,4,SR1482_40X_HE_T097_02,1,0.3333333333333333,0
knn,4,SR1482_40X_HE_T108_01,0,0.0,0
knn,4,SR1482_40X_HE_T113_01,0,0.0,0
knn,4,SR1482_40X_HE_T113_02,0,0.0,0
knn,4,SR1482_40X_HE_T121_01,0,0.0,0
knn,4,SR1482_40X_HE_T122_01,0,0.0,0
knn,4,SR1482_40X_HE_T125_01,0,0.0,0
knn,4,SR1482_40X_HE_T125_02,0,0.3333333333333333,0
knn,4,SR1482_40X_HE_T131_01,0,0.3333333333333333,0
knn,4,SR1482_40X_HE_T131_02,0,0.0,0
knn,4,SR1482_40X_HE_T132_01,0,0.0,0
knn,4,SR1482_40X_HE_T132_02,0,0.0,0
knn,4,SR1482_40X_HE_T143_01,0,0.0,0
knn,4,SR1482_40X_HE_T143_02,0,0.3333333333333333,0
knn,4,SR1482_40X_HE_T166_01,1,0.0,0
knn,4,SR1482_40X_HE_T169_01,0,0.0,0
knn,4,SR1482_40X_HE_T176_01,1,0.6666666666666666,1
knn,4,SR1482_40X_HE_T176_02,1,0.3333333333333333,0
knn,4,SR1482_40X_HE_T191_01,0,0.0,0
knn,4,SR1482_40X_HE_T194_01,0,0.3333333333333333,0
knn,4,SR1482_40X_HE_T218_01,0,0.0,0
knn,4,SR1482_40X_HE_T253_01,0,0.0,0
knn,4,SR1482_40X_HE_T290_01,0,0.0,0
knn,4,SR1482_40X_HE_T308_01,0,0.6666666666666666,1
knn,4,SR1482_40X_HE_T314_01,0,0.6666666666666666,1
knn,4,SR1482_40X_HE_T314_02,0,0.0,0
knn,4,SR1482_40X_HE_T372_01,1,0.6666666666666666,1
knn,4,SR1482_40X_HE_T372_02,1,0.3333333333333333,0
knn,4,SR1482_40X_HE_T408_01,0,0.0,0
knn,4,SR1482_40X_HE_T412_01,0,0.0,0
knn,4,SR1482_40X_HE_T425_01,0,0.0,0
knn,4,SR1482_40X_HE_T434_01,1,0.0,0
knn,4,SR386_40X_HE_T006_01,0,0.0,0
knn,4,SR386_40X_HE_T010_01,0,0.0,0
knn,4,SR386_40X_HE_T014_01,0,0.0,0
knn,4,SR386_40X_HE_T016_01,0,0.0,0
knn,4,SR386_40X_HE_T020_01,0,0.0,0
knn,4,SR386_40X_HE_T027_01,0,0.0,0
knn,4,SR386_40X_HE_T028_01,0,0.0,0
knn,4,SR386_40X_HE_T037_01,0,0.0,0
knn,4,SR386_40X_HE_T043_01,0,0.0,0
knn,4,SR386_40X_HE_T044_01,1,0.6666666666666666,1
knn,4,SR386_40X_HE_T046_01,0,0.0,0
knn,4,SR386_40X_HE_T058_01,0,0.0,0
knn,4,SR386_40X_HE_T062_01,0,0.0,0
knn,4,SR386_40X_HE_T065_01,1,0.0,0
knn,4,SR386_40X_HE_T080_01,0,0.0,0
knn,4,SR386_40X_HE_T091_01,0,0.0,0
knn,4,SR386_40X_HE_T094_01,0,0.0,0
knn,4,SR386_40X_HE_T097_01,0,0.0,0
knn,4,SR386_40X_HE_T100_01,0,0.0,0
knn,4,SR386_40X_HE_T107_01,0,0.0,0
knn,4,SR386_40X_HE_T109_01,1,0.0,0
knn,4,SR386_40X_HE_T110_01,0,0.0,0
knn,4,SR386_40X_HE_T117_01,0,0.0,0
knn,4,SR386_40X_HE_T127_01,0,0.0,0
knn,4,SR386_40X_HE_T129_01,0,0.0,0
knn,4,SR386_40X_HE_T136_01,0,0.0,0
knn,4,SR386_40X_HE_T154_01,0,0.0,0
knn,4,SR386_40X_HE_T168_01,1,0.0,0
knn,4,SR386_40X_HE_T175_01,0,0.0,0
knn,4,SR386_40X_HE_T189_01,0,0.0,0
knn,4,SR386_40X_HE_T195_01,0,0.0,0
knn,4,SR386_40X_HE_T227_01,0,0.0,0
knn,4,SR386_40X_HE_T233_01,0,0.0,0
knn,4,SR386_40X_HE_T234_01,0,0.0,0
knn,4,SR386_40X_HE_T235_01,0,0.0,0
knn,4,SR386_40X_HE_T239_01,0,0.0,0
knn,4,SR386_40X_HE_T245_01,0,0.0,0
knn,4,SR386_40X_HE_T256_01,0,0.3333333333333333,0
knn,4,SR386_40X_HE_T265_01,0,0.0,0
knn,4,SR386_40X_HE_T268_01,0,0.0,0
knn,4,SR386_40X_HE_T270_01,0,0.0,0
knn,4,SR386_40X_HE_T272_01,0,0.0,0
knn,4,SR386_40X_HE_T273_01,0,0.3333333333333333,0
knn,4,SR386_40X_HE_T276_01,0,0.3333333333333333,0
knn,4,SR386_40X_HE_T278_01,1,0.3333333333333333,0
knn,4,SR386_40X_HE_T284_01,0,0.0,0
knn,4,SR386_40X_HE_T285_01,0,0.0,0
knn,4,SR386_40X_HE_T288_01,0,0.0,0
knn,4,SR386_40X_HE_T291_01,0,0.0,0
knn,4,SR386_40X_HE_T300_01,0,0.0,0
knn,4,SR386_40X_HE_T302_01,0,0.0,0
knn,4,SR386_40X_HE_T305_01,0,0.0,0
knn,4,SR386_40X_HE_T308_01,0,0.0,0
knn,4,SR386_40X_HE_T325_01,0,0.0,0
knn,4,SR386_40X_HE_T331_01,0,0.3333333333333333,0
knn,4,SR386_40X_HE_T341_01,0,0.0,0
knn,4,SR386_40X_HE_T343_01,1,0.0,0
knn,4,SR386_40X_HE_T346_01,0,0.0,0
knn,4,SR386_40X_HE_T352_01,0,0.0,0
knn,4,SR386_40X_HE_T373_01,0,0.0,0
knn,4,SR386_40X_HE_T375_01,0,0.3333333333333333,0
knn,4,SR386_40X_HE_T381_01,0,0.0,0
knn,4,SR386_40X_HE_T389_01,0,0.0,0
knn,4,SR386_40X_HE_T391_01,0,0.0,0
knn,4,SR386_40X_HE_T394_01,0,0.0,0
knn,4,SR386_40X_HE_T399_01,0,0.0,0
knn,4,SR386_40X_HE_T403_01,0,0.0,0
knn,4,SR386_40X_HE_T405_01,0,0.3333333333333333,0
knn,4,SR386_40X_HE_T407_01,0,0.0,0
knn,4,SR386_40X_HE_T414_01,0,0.0,0
knn,4,SR386_40X_HE_T424_01,0,0.0,0
knn,4,SR386_40X_HE_T429_01,0,0.0,0
knn,4,SR386_40X_HE_T441_01,0,0.0,0
knn,4,SR386_40X_HE_T451_01,0,0.0,0
knn,4,SR386_40X_HE_T453_01,0,0.0,0
knn,4,SR386_40X_HE_T455_01,0,0.0,0
knn,4,SR386_40X_HE_T465_01,0,0.0,0
knn,4,SR386_40X_HE_T474_01,0,0.0,0
knn,4,SR386_40X_HE_T476_01,0,0.3333333333333333,0
knn,4,SR386_40X_HE_T479_01,0,0.0,0
knn,4,SR386_40X_HE_T482_01,0,0.3333333333333333,0
knn,4,SR386_40X_HE_T487_01,0,0.0,0
knn,4,SR386_40X_HE_T490_01,0,0.3333333333333333,0
knn,4,SR386_40X_HE_T494_01,0,0.0,0
knn,4,SR386_40X_HE_T500_01,0,0.0,0
knn,4,SR386_40X_HE_T510_01,0,0.0,0
knn,4,SR386_40X_HE_T524_01,0,0.0,0
knn,4,SR386_40X_HE_T528_01,0,0.0,0
knn,4,SR386_40X_HE_T532_01,0,0.0,0
knn,4,SR386_40X_HE_T534_01,0,0.0,0
knn,4,SR386_40X_HE_T536_01,0,0.0,0
knn,4,SR386_40X_HE_T537_01,0,0.0,0
knn,4,SR386_40X_HE_T541_01,0,0.0,0
knn,4,SR386_40X_HE_T548_01,1,0.0,0
knn,4,SR386_40X_HE_T550_01,0,0.0,0
knn,4,SR386_40X_HE_T551_01,0,0.0,0
knn,4,SR386_40X_HE_T557_01,0,0.0,0
knn,4,SR386_40X_HE_T565_01,0,0.0,0
knn,4,SR386_40X_HE_T567_01,0,0.0,0
knn,4,SR386_40X_HE_T575_01,0,0.6666666666666666,1
knn,4,SR386_40X_HE_T576_01,0,0.0,0
knn,4,SR386_40X_HE_T581_01,0,0.3333333333333333,0
proto,1,SR1482_40X_HE_T029_01,0,0.5046294331550598,1
proto,1,SR1482_40X_HE_T029_02,0,0.5054335594177246,1
proto,1,SR1482_40X_HE_T057_01,0,0.496122807264328,0
proto,1,SR1482_40X_HE_T063_01,1,0.5137307643890381,1
proto,1,SR1482_40X_HE_T063_02,1,0.5121397972106934,1
proto,1,SR1482_40X_HE_T065_01,0,0.5034881830215454,1
proto,1,SR1482_40X_HE_T065_02,0,0.5036577582359314,1
proto,1,SR1482_40X_HE_T066_01,0,0.509087860584259,1
proto,1,SR1482_40X_HE_T066_02,0,0.5147170424461365,1
proto,1,SR1482_40X_HE_T068_01,0,0.49351152777671814,0
proto,1,SR1482_40X_HE_T069_01,0,0.5029893517494202,1
proto,1,SR1482_40X_HE_T069_02,0,0.5074447393417358,1
proto,1,SR1482_40X_HE_T079_01,1,0.5130441188812256,1
proto,1,SR1482_40X_HE_T079_02,1,0.5136668682098389,1
proto,1,SR1482_40X_HE_T080_01,0,0.5044464468955994,1
proto,1,SR1482_40X_HE_T080_02,0,0.5087682008743286,1
proto,1,SR1482_40X_HE_T081_01,0,0.5068108439445496,1
proto,1,SR1482_40X_HE_T081_02,0,0.505717396736145,1
proto,1,SR1482_40X_HE_T099_01,0,0.4924985468387604,0
proto,1,SR1482_40X_HE_T116_01,0,0.509797215461731,1
proto,1,SR1482_40X_HE_T117_01,0,0.5126149654388428,1
proto,1,SR1482_40X_HE_T117_02,0,0.5086364150047302,1
proto,1,SR1482_40X_HE_T126_01,0,0.508704662322998,1
proto,1,SR1482_40X_HE_T129_01,0,0.5070266127586365,1
proto,1,SR1482_40X_HE_T129_02,0,0.5096095204353333,1
proto,1,SR1482_40X_HE_T139_01,0,0.512812614440918,1
proto,1,SR1482_40X_HE_T139_02,0,0.5134217739105225,1
proto,1,SR1482_40X_HE_T147_01,0,0.5155991911888123,1
proto,1,SR1482_40X_HE_T147_02,0,0.5151001811027527,1
proto,1,SR1482_40X_HE_T159_01,0,0.5076138973236084,1
proto,1,SR1482_40X_HE_T159_02,0,0.5087606310844421,1
proto,1,SR1482_40X_HE_T192_01,0,0.5039876699447632,1
proto,1,SR1482_40X_HE_T199_01,0,0.5046517848968506,1
proto,1,SR1482_40X_HE_T304_01,0,0.508090615272522,1
proto,1,SR1482_40X_HE_T304_02,0,0.5107172131538391,1
proto,1,SR1482_40X_HE_T310_01,1,0.5108931064605713,1
proto,1,SR1482_40X_HE_T310_02,1,0.511242687702179,1
proto,1,SR1482_40X_HE_T341_01,0,0.49870821833610535,0
proto,1,SR1482_40X_HE_T341_02,0,0.5036140084266663,1
proto,1,SR1482_40X_HE_T353_01,0,0.4956255555152893,0
proto,1,SR1482_40X_HE_T390_01,0,0.49234917759895325,0
proto,1,SR1482_40X_HE_T433_01,1,0.5123010277748108,1
proto,1,SR386_40X_HE_T003_01,0,0.48310381174087524,0
proto,1,SR386_40X_HE_T004_01,0,0.48740053176879883,0
proto,1,SR386_40X_HE_T022_01,1,0.4939062297344208,0
proto,1,SR386_40X_HE_T030_01,0,0.4928188920021057,0
proto,1,SR386_40X_HE_T033_01,0,0.48563915491104126,0
proto,1,SR386_40X_HE_T036_01,0,0.4850403368473053,0
proto,1,SR386_40X_HE_T038_01,0,0.48381873965263367,0
proto,1,SR386_40X_HE_T049_01,0,0.48214685916900635,0
proto,1,SR386_40X_HE_T050_01,0,0.5072737336158752,1
proto,1,SR386_40X_HE_T060_01,0,0.48807817697525024,0
proto,1,SR386_40X_HE_T063_01,0,0.4923880398273468,0
proto,1,SR386_40X_HE_T066_01,0,0.48960021138191223,0
proto,1,SR386_40X_HE_T069_01,0,0.4911843240261078,0
proto,1,SR386_40X_HE_T072_01,0,0.4848327040672302,0
proto,1,SR386_40X_HE_T074_01,0,0.48136627674102783,0
proto,1,SR386_40X_HE_T078_01,0,0.48470720648765564,0
proto,1,SR386_40X_HE_T079_01,0,0.47972193360328674,0
proto,1,SR386_40X_HE_T092_01,1,0.4934063255786896,0
proto,1,SR386_40X_HE_T096_01,0,0.4810279607772827,0
proto,1,SR386_40X_HE_T099_01,0,0.5045393109321594,1
proto,1,SR386_40X_HE_T103_01,0,0.48909446597099304,0
proto,1,SR386_40X_HE_T108_01,0,0.48555901646614075,0
proto,1,SR386_40X_HE_T113_01,0,0.4891165494918823,0
proto,1,SR386_40X_HE_T114_01,0,0.4832359552383423,0
proto,1,SR386_40X_HE_T119_01,0,0.4860214293003082,0
proto,1,SR386_40X_HE_T126_01,0,0.49217066168785095,0
proto,1,SR386_40X_HE_T130_01,0,0.48302778601646423,0
proto,1,SR386_40X_HE_T131_01,0,0.4880349040031433,0
proto,1,SR386_40X_HE_T135_01,0,0.493079274892807,0
proto,1,SR386_40X_HE_T140_01,0,0.48389503359794617,0
proto,1,SR386_40X_HE_T144_01,0,0.49323123693466187,0
proto,1,SR386_40X_HE_T147_01,0,0.48899367451667786,0
proto,1,SR386_40X_HE_T148_01,0,0.4924822151660919,0
proto,1,SR386_40X_HE_T160_01,0,0.48256760835647583,0
proto,1,SR386_40X_HE_T169_01,0,0.4902520179748535,0
proto,1,SR386_40X_HE_T170_01,1,0.49270543456077576,0
proto,1,SR386_40X_HE_T172_01,0,0.48989832401275635,0
proto,1,SR386_40X_HE_T174_01,0,0.48690876364707947,0
proto,1,SR386_40X_HE_T181_01,0,0.48995333909988403,0
proto,1,SR386_40X_HE_T196_01,0,0.4923093914985657,0
proto,1,SR386_40X_HE_T205_01,0,0.5009623169898987,1
proto,1,SR386_40X_HE_T209_01,0,0.48140063881874084,0
proto,1,SR386_40X_HE_T210_01,0,0.4976242780685425,0
proto,1,SR386_40X_HE_T212_01,0,0.4943646192550659,0
proto,1,SR386_40X_HE_T221_01,0,0.48303505778312683,0
proto,1,SR386_40X_HE_T224_01,0,0.4922252297401428,0
proto,1,SR386_40X_HE_T231_01,1,0.5119721293449402,1
proto,1,SR386_40X_HE_T232_01,0,0.4812277555465698,0
proto,1,SR386_40X_HE_T247_01,0,0.49085214734077454,0
proto,1,SR386_40X_HE_T252_01,0,0.48195815086364746,0
proto,1,SR386_40X_HE_T255_01,0,0.506071925163269,1
proto,1,SR386_40X_HE_T259_01,1,0.49490296840667725,0
proto,1,SR386_40X_HE_T274_01,0,0.4817168414592743,0
proto,1,SR386_40X_HE_T275_01,0,0.49470198154449463,0
proto,1,SR386_40X_HE_T282_01,0,0.4839540123939514,0
proto,1,SR386_40X_HE_T294_01,0,0.49785202741622925,0
proto,1,SR386_40X_HE_T311_01,0,0.48842746019363403,0
proto,1,SR386_40X_HE_T315_01,0,0.49033457040786743,0
proto,1,SR386_40X_HE_T319_01,1,0.4866451323032379,0
proto,1,SR386_40X_HE_T324_01,1,0.495499849319458,0
proto,1,SR386_40X_HE_T330_01,0,0.48510998487472534,0
proto,1,SR386_40X_HE_T333_01,0,0.48709380626678467,0
proto,1,SR386_40X_HE_T335_01,0,0.49794504046440125,0
proto,1,SR386_40X_HE_T337_01,0,0.49238714575767517,0
proto,1,SR386_40X_HE_T344_01,0,0.48899295926094055,0
proto,1,SR386_40X_HE_T347_01,0,0.483990877866745,0
proto,1,SR386_40X_HE_T350_01,0,0.4892193377017975,0
proto,1,SR386_40X_HE_T351_01,0,0.5047450065612793,1
proto,1,SR386_40X_HE_T360_01,0,0.4909170866012573,0
proto,1,SR386_40X_HE_T361_01,0,0.5019985437393188,1
proto,1,SR386_40X_HE_T366_01,0,0.48484310507774353,0
proto,1,SR386_40X_HE_T377_01,1,0.4896347224712372,0
proto,1,SR386_40X_HE_T384_01,0,0.48262983560562134,0
proto,1,SR386_40X_HE_T395_01,0,0.4991099536418915,0
proto,1,SR386_40X_HE_T396_01,0,0.48448246717453003,0
proto,1,SR386_40X_HE_T401_01,0,0.49755600094795227,0
proto,1,SR386_40X_HE_T408_01,0,0.4820224344730377,0
proto,1,SR386_40X_HE_T410_01,0,0.4876047670841217,0
proto,1,SR386_40X_HE_T413_01,0,0.5013939738273621,1
proto,1,SR386_40X_HE_T416_01,0,0.5031651854515076,1
proto,1,SR386_40X_HE_T418_01,0,0.4887779653072357,0
proto,1,SR386_40X_HE_T419_01,0,0.4943057596683502,0
proto,1,SR386_40X_HE_T421_01,0,0.5037850141525269,1
proto,1,SR386_40X_HE_T423_01,0,0.4999435544013977,0
proto,1,SR386_40X_HE_T428_01,0,0.4924161434173584,0
proto,1,SR386_40X_HE_T430_01,0,0.48743268847465515,0
proto,1,SR386_40X_HE_T431_01,0,0.4848381578922272,0
proto,1,SR386_40X_HE_T435_01,0,0.4942153990268707,0
proto,1,SR386_40X_HE_T438_01,0,0.48760372400283813,0
proto,1,SR386_40X_HE_T439_01,0,0.5000877380371094,1
proto,1,SR386_40X_HE_T447_01,0,0.48389068245887756,0
proto,1,SR386_40X_HE_T449_01,0,0.48583272099494934,0
proto,1,SR386_40X_HE_T454_01,0,0.48444387316703796,0
proto,1,SR386_40X_HE_T456_01,0,0.4906295835971832,0
proto,1,SR386_40X_HE_T461_01,0,0.4919948875904083,0
proto,1,SR386_40X_HE_T462_01,0,0.4882996082305908,0
proto,1,SR386_40X_HE_T468_01,0,0.4827500581741333,0
proto,1,SR386_40X_HE_T469_01,1,0.5068830251693726,1
proto,1,SR386_40X_HE_T470_01,0,0.48903369903564453,0
proto,1,SR386_40X_HE_T471_01,0,0.4873203933238983,0
proto,1,SR386_40X_HE_T477_01,0,0.4880305826663971,0
proto,1,SR386_40X_HE_T480_01,0,0.4923202097415924,0
proto,1,SR386_40X_HE_T484_01,0,0.4839671552181244,0
proto,1,SR386_40X_HE_T495_01,0,0.47818660736083984,0
proto,1,SR386_40X_HE_T496_01,0,0.4826163351535797,0
proto,1,SR386_40X_HE_T498_01,0,0.499024897813797,0
proto,1,SR386_40X_HE_T504_01,0,0.4893319308757782,0
proto,1,SR386_40X_HE_T511_01,0,0.4907614588737488,0
proto,1,SR386_40X_HE_T517_01,0,0.49677324295043945,0
proto,1,SR386_40X_HE_T523_01,0,0.48574399948120117,0
proto,1,SR386_40X_HE_T529_01,0,0.4853755235671997,0
proto,1,SR386_40X_HE_T542_01,0,0.48982346057891846,0
proto,1,SR386_40X_HE_T569_01,0,0.4905559718608856,0
proto,1,SR386_40X_HE_T582_01,0,0.48722589015960693,0
proto,2,SR1482_40X_HE_T009_01,0,0.5016622543334961,1
proto,2,SR1482_40X_HE_T009_02,0,0.5021672248840332,1
proto,2,SR1482_40X_HE_T015_01,0,0.5055720806121826,1
proto,2,SR1482_40X_HE_T021_01,0,0.5005015730857849,1
proto,2,SR1482_40X_HE_T067_01,0,0.4999368488788605,0
proto,2,SR1482_40X_HE_T075_01,0,0.5051437616348267,1
proto,2,SR1482_40X_HE_T075_02,0,0.5101589560508728,1
proto,2,SR1482_40X_HE_T098_01,0,0.5128032565116882,1
proto,2,SR1482_40X_HE_T098_02,0,0.5093369483947754,1
proto,2,SR1482_40X_HE_T102_01,0,0.5048992037773132,1
proto,2,SR1482_40X_HE_T123_01,0,0.5004963874816895,1
proto,2,SR1482_40X_HE_T142_01,0,0.4927804470062256,0
proto,2,SR1482_40X_HE_T146_01,0,0.5150653123855591,1
proto,2,SR1482_40X_HE_T148_01,0,0.5137937068939209,1
proto,2,SR1482_40X_HE_T148_02,0,0.5128390192985535,1
proto,2,SR1482_40X_HE_T154_01,0,0.4990808665752411,0
proto,2,SR1482_40X_HE_T158_01,0,0.4978962242603302,0
proto,2,SR1482_40X_HE_T161_01,0,0.5140602588653564,1
proto,2,SR1482_40X_HE_T161_02,0,0.507428765296936,1
proto,2,SR1482_40X_HE_T164_01,1,0.5128100514411926,1
proto,2,SR1482_40X_HE_T164_02,1,0.5151004791259766,1
proto,2,SR1482_40X_HE_T168_01,0,0.49814674258232117,0
proto,2,SR1482_40X_HE_T171_01,0,0.5061396956443787,1
proto,2,SR1482_40X_HE_T171_02,0,0.509465754032135,1
proto,2,SR1482_40X_HE_T178_01,1,0.5072460770606995,1
proto,2,SR1482_40X_HE_T186_01,0,0.5010851621627808,1
proto,2,SR1482_40X_HE_T193_01,0,0.5122755169868469,1
proto,2,SR1482_40X_HE_T193_02,0,0.5158452987670898,1
proto,2,SR1482_40X_HE_T209_01,0,0.5030695796012878,1
proto,2,SR1482_40X_HE_T209_02,0,0.5067422389984131,1
proto,2,SR1482_40X_HE_T245_01,0,0.5152904987335205,1
proto,2,SR1482_40X_HE_T245_02,0,0.5109155178070068,1
proto,2,SR1482_40X_HE_T265_01,0,0.4935019314289093,0
proto,2,SR1482_40X_HE_T302_01,0,0.5105817914009094,1
proto,2,SR1482_40X_HE_T343_01,1,0.5159071683883667,1
proto,2,SR1482_40X_HE_T343_02,1,0.5118056535720825,1
proto,2,SR1482_40X_HE_T399_01,0,0.5133588910102844,1
proto,2,SR1482_40X_HE_T399_02,0,0.5120092630386353,1
proto,2,SR1482_40X_HE_T426_01,0,0.5035768747329712,1
proto,2,SR1482_40X_HE_T426_02,0,0.5037716031074524,1
proto,2,SR386_40X_HE_T001_01,0,0.48464277386665344,0
proto,2,SR386_40X_HE_T013_01,0,0.4827459454536438,0
proto,2,SR386_40X_HE_T018_01,0,0.4799121022224426,0
proto,2,SR386_40X_HE_T019_01,0,0.48640933632850647,0
proto,2,SR386_40X_HE_T024_01,0,0.4841116964817047,0
proto,2,SR386_40X_HE_T039_01,0,0.47705063223838806,0
proto,2,SR386_40X_HE_T040_01,1,0.4890400171279907,0
proto,2,SR386_40X_HE_T042_01,0,0.4827740490436554,0
proto,2,SR386_40X_HE_T047_01,0,0.4917325973510742,0
proto,2,SR386_40X_HE_T051_01,0,0.48146677017211914,0
proto,2,SR386_40X_HE_T052_01,0,0.48263102769851685,0
proto,2,SR386_40X_HE_T056_01,0,0.4779353737831116,0
proto,2,SR386_40X_HE_T057_01,0,0.48420652747154236,0
proto,2,SR386_40X_HE_T070_01,0,0.47957679629325867,0
proto,2,SR386_40X_HE_T082_01,0,0.4923321306705475,0
proto,2,SR386_40X_HE_T084_01,0,0.5062207579612732,1
proto,2,SR386_40X_HE_T087_01,0,0.48947879672050476,0
proto,2,SR386_40X_HE_T088_01,0,0.4855276942253113,0
proto,2,SR386_40X_HE_T098_01,0,0.4844000041484833,0
proto,2,SR386_40X_HE_T105_01,0,0.481545090675354,0
proto,2,SR386_40X_HE_T122_01,0,0.4895968437194824,0
proto,2,SR386_40X_HE_T123_01,0,0.4884558618068695,0
proto,2,SR386_40X_HE_T133_01,0,0.48346278071403503,0
proto,2,SR386_40X_HE_T145_01,0,0.48480862379074097,0
proto,2,SR386_40X_HE_T150_01,0,0.4899403154850006,0
proto,2,SR386_40X_HE_T152_01,0,0.4902343451976776,0
proto,2,SR386_40X_HE_T155_01,0,0.48094797134399414,0
proto,2,SR386_40X_HE_T157_01,0,0.4978073537349701,0
proto,2,SR386_40X_HE_T164_01,0,0.4857775568962097,0
proto,2,SR386_40X_HE_T166_01,0,0.4881037175655365,0
proto,2,SR386_40X_HE_T176_01,1,0.4870956540107727,0
proto,2,SR386_40X_HE_T177_01,0,0.4859786927700043,0
proto,2,SR386_40X_HE_T178_01,0,0.4845879077911377,0
proto,2,SR386_40X_HE_T187_01,0,0.4893729090690613,0
proto,2,SR386_40X_HE_T190_01,0,0.47820067405700684,0
proto,2,SR386_40X_HE_T192_01,0,0.48278358578681946,0
proto,2,SR386_40X_HE_T198_01,0,0.49000483751296997,0
proto,2,SR386_40X_HE_T200_01,0,0.48508965969085693,0
proto,2,SR386_40X_HE_T206_01,1,0.49088430404663086,0
proto,2,SR386_40X_HE_T211_01,0,0.4922274351119995,0
proto,2,SR386_40X_HE_T213_01,0,0.5016697645187378,1
proto,2,SR386_40X_HE_T214_01,0,0.5025737881660461,1
proto,2,SR386_40X_HE_T220_01,0,0.49440261721611023,0
proto,2,SR386_40X_HE_T230_01,1,0.49790826439857483,0
proto,2,SR386_40X_HE_T236_01,0,0.4910823404788971,0
proto,2,SR386_40X_HE_T237_01,0,0.49101391434669495,0
proto,2,SR386_40X_HE_T240_01,0,0.4840702712535858,0
proto,2,SR386_40X_HE_T241_01,0,0.48162925243377686,0
proto,2,SR386_40X_HE_T242_01,0,0.4843159317970276,0
proto,2,SR386_40X_HE_T253_01,0,0.48179513216018677,0
proto,2,SR386_40X_HE_T260_01,0,0.5068714618682861,1
proto,2,SR386_40X_HE_T262_01,0,0.5066606998443604,1
proto,2,SR386_40X_HE_T264_01,0,0.5041944980621338,1
proto,2,SR386_40X_HE_T271_01,0,0.48534154891967773,0
proto,2,SR386_40X_HE_T281_01,0,0.4812581539154053,0
proto,2,SR386_40X_HE_T297_01,0,0.48043352365493774,0
proto,2,SR386_40X_HE_T299_01,0,0.4822976291179657,0
proto,2,SR386_40X_HE_T301_01,0,0.4816933274269104,0
proto,2,SR386_40X_HE_T306_01,0,0.48599082231521606,0
proto,2,SR386_40X_HE_T309_01,0,0.48356902599334717,0
proto,2,SR386_40X_HE_T314_01,0,0.4905741810798645,0
proto,2,SR386_40X_HE_T316_01,0,0.5017068386077881,1
proto,2,SR386_40X_HE_T318_01,0,0.5081561207771301,1
proto,2,SR386_40X_HE_T321_01,0,0.4856279492378235,0
proto,2,SR386_40X_HE_T326_01,0,0.48334503173828125,0
proto,2,SR386_40X_HE_T327_01,0,0.4755248427391052,0
proto,2,SR386_40X_HE_T332_01,1,0.4940982460975647,0
proto,2,SR386_40X_HE_T355_01,0,0.4838637709617615,0
proto,2,SR386_40X_HE_T364_01,0,0.4891946017742157,0
proto,2,SR386_40X_HE_T368_01,1,0.4937330484390259,0
proto,2,SR386_40X_HE_T374_01,0,0.4787037670612335,0
proto,2,SR386_40X_HE_T380_01,0,0.4784960150718689,0
proto,2,SR386_40X_HE_T382_01,0,0.47745952010154724,0
proto,2,SR386_40X_HE_T392_01,0,0.47984087467193604,0
proto,2,SR386_40X_HE_T398_01,0,0.4867534935474396,0
proto,2,SR386_40X_HE_T402_01,1,0.5107054710388184,1
proto,2,SR386_40X_HE_T404_01,0,0.4781329333782196,0
proto,2,SR386_40X_HE_T415_01,0,0.48022085428237915,0
proto,2,SR386_40X_HE_T417_01,0,0.4807725250720978,0
proto,2,SR386_40X_HE_T425_01,0,0.48468369245529175,0
proto,2,SR386_40X_HE_T436_01,1,0.49093252420425415,0
proto,2,SR386_40X_HE_T437_01,0,0.494545578956604,0
proto,2,SR386_40X_HE_T440_01,0,0.49049413204193115,0
proto,2,SR386_40X_HE_T445_01,0,0.4835668206214905,0
proto,2,SR386_40X_HE_T450_01,0,0.48466646671295166,0
proto,2,SR386_40X_HE_T459_01,0,0.5025759935379028,1
proto,2,SR386_40X_HE_T472_01,0,0.4860251247882843,0
proto,2,SR386_40X_HE_T481_01,0,0.4873434007167816,0
proto,2,SR386_40X_HE_T483_01,0,0.5049592852592468,1
proto,2,SR386_40X_HE_T486_01,0,0.48392781615257263,0
proto,2,SR386_40X_HE_T488_01,0,0.49473637342453003,0
proto,2,SR386_40X_HE_T499_01,0,0.5059425234794617,1
proto,2,SR386_40X_HE_T507_01,0,0.5052260160446167,1
proto,2,SR386_40X_HE_T514_01,0,0.4846248924732208,0
proto,2,SR386_40X_HE_T520_01,1,0.4856216311454773,0
proto,2,SR386_40X_HE_T522_01,0,0.4845277667045593,0
proto,2,SR386_40X_HE_T531_01,0,0.4871450960636139,0
proto,2,SR386_40X_HE_T535_01,0,0.4827534556388855,0
proto,2,SR386_40X_HE_T539_01,0,0.48911118507385254,0
proto,2,SR386_40X_HE_T549_01,0,0.4997227191925049,0
proto,2,SR386_40X_HE_T552_01,0,0.48894497752189636,0
proto,2,SR386_40X_HE_T553_01,0,0.48685136437416077,0
proto,2,SR386_40X_HE_T554_01,0,0.4928666651248932,0
proto,2,SR386_40X_HE_T558_01,0,0.47950753569602966,0
proto,2,SR386_40X_HE_T564_01,0,0.5052164793014526,1
proto,2,SR386_40X_HE_T570_01,0,0.48354583978652954,0
proto,2,SR386_40X_HE_T574_01,0,0.48202815651893616,0
proto,2,SR386_40X_HE_T578_01,0,0.47795775532722473,0
proto,2,SR386_40X_HE_T580_01,0,0.4849345088005066,0
proto,3,SR1482_40X_HE_T005_01,0,0.5137996673583984,1
proto,3,SR1482_40X_HE_T005_02,0,0.5148673057556152,1
proto,3,SR1482_40X_HE_T010_01,0,0.5002602338790894,1
proto,3,SR1482_40X_HE_T043_01,0,0.5070236921310425,1
proto,3,SR1482_40X_HE_T043_02,0,0.5075759887695312,1
proto,3,SR1482_40X_HE_T049_01,0,0.49862587451934814,0
proto,3,SR1482_40X_HE_T061_01,0,0.5199248790740967,1
proto,3,SR1482_40X_HE_T061_02,0,0.5165793299674988,1
proto,3,SR1482_40X_HE_T070_01,1,0.5130332112312317,1
proto,3,SR1482_40X_HE_T073_01,0,0.502866268157959,1
proto,3,SR1482_40X_HE_T082_01,0,0.5097551345825195,1
proto,3,SR1482_40X_HE_T082_02,0,0.5143001675605774,1
proto,3,SR1482_40X_HE_T089_01,0,0.49615737795829773,0
proto,3,SR1482_40X_HE_T090_01,0,0.49766775965690613,0
proto,3,SR1482_40X_HE_T094_01,1,0.515708863735199,1
proto,3,SR1482_40X_HE_T094_02,1,0.5172629356384277,1
proto,3,SR1482_40X_HE_T105_01,0,0.5005083084106445,1
proto,3,SR1482_40X_HE_T115_01,0,0.5034400820732117,1
proto,3,SR1482_40X_HE_T115_02,0,0.5028017163276672,1
proto,3,SR1482_40X_HE_T118_01,0,0.5124127268791199,1
proto,3,SR1482_40X_HE_T118_02,0,0.5106256008148193,1
proto,3,SR1482_40X_HE_T120_01,0,0.5125810503959656,1
proto,3,SR1482_40X_HE_T120_02,0,0.5147008895874023,1
proto,3,SR1482_40X_HE_T124_01,0,0.5139998197555542,1
proto,3,SR1482_40X_HE_T124_02,0,0.5172356367111206,1
proto,3,SR1482_40X_HE_T138_01,0,0.4973292648792267,0
proto,3,SR1482_40X_HE_T160_01,0,0.5072792768478394,1
proto,3,SR1482_40X_HE_T160_02,0,0.507287323474884,1
proto,3,SR1482_40X_HE_T167_01,0,0.5107666254043579,1
proto,3,SR1482_40X_HE_T167_02,0,0.5044467449188232,1
proto,3,SR1482_40X_HE_T175_01,0,0.5163145065307617,1
proto,3,SR1482_40X_HE_T175_02,0,0.5167142152786255,1
proto,3,SR1482_40X_HE_T177_01,1,0.5051509141921997,1
proto,3,SR1482_40X_HE_T188_01,0,0.5042616128921509,1
proto,3,SR1482_40X_HE_T195_01,0,0.5092999935150146,1
proto,3,SR1482_40X_HE_T195_02,0,0.508651077747345,1
proto,3,SR1482_40X_HE_T202_01,0,0.508733868598938,1
proto,3,SR1482_40X_HE_T202_02,0,0.5080243945121765,1
proto,3,SR1482_40X_HE_T225_01,0,0.5146471858024597,1
proto,3,SR1482_40X_HE_T225_02,0,0.5030847191810608,1
proto,3,SR1482_40X_HE_T235_01,0,0.5067870616912842,1
proto,3,SR1482_40X_HE_T235_02,0,0.5121061205863953,1
proto,3,SR1482_40X_HE_T236_01,0,0.5089583992958069,1
proto,3,SR1482_40X_HE_T236_02,0,0.5071474313735962,1
proto,3,SR1482_40X_HE_T258_01,0,0.5087311267852783,1
proto,3,SR1482_40X_HE_T258_02,0,0.506390392780304,1
proto,3,SR1482_40X_HE_T284_01,1,0.5151390433311462,1
proto,3,SR1482_40X_HE_T284_02,1,0.5137625336647034,1
proto,3,SR1482_40X_HE_T301_01,1,0.5073007345199585,1
proto,3,SR1482_40X_HE_T301_02,1,0.5134145021438599,1
proto,3,SR1482_40X_HE_T309_01,0,0.5131286978721619,1
proto,3,SR1482_40X_HE_T313_01,0,0.5048917531967163,1
proto,3,SR1482_40X_HE_T313_02,0,0.5113044381141663,1
proto,3,SR1482_40X_HE_T338_01,0,0.5114021301269531,1
proto,3,SR1482_40X_HE_T344_01,0,0.5081830024719238,1
proto,3,SR1482_40X_HE_T344_02,0,0.5123721957206726,1
proto,3,SR1482_40X_HE_T346_01,0,0.5101207494735718,1
proto,3,SR1482_40X_HE_T346_02,0,0.5114231109619141,1
proto,3,SR1482_40X_HE_T377_01,0,0.5127792954444885,1
proto,3,SR1482_40X_HE_T377_02,0,0.508094847202301,1
proto,3,SR1482_40X_HE_T419_01,0,0.49909210205078125,0
proto,3,SR1482_40X_HE_T427_01,0,0.5089251399040222,1
proto,3,SR1482_40X_HE_T427_02,0,0.5050120949745178,1
proto,3,SR386_40X_HE_T007_01,0,0.48381307721138,0
proto,3,SR386_40X_HE_T015_01,0,0.4798668324947357,0
proto,3,SR386_40X_HE_T017_01,1,0.489589661359787,0
proto,3,SR386_40X_HE_T032_01,0,0.47821924090385437,0
proto,3,SR386_40X_HE_T034_01,0,0.4789171516895294,0
proto,3,SR386_40X_HE_T035_01,0,0.4814539849758148,0
proto,3,SR386_40X_HE_T041_01,0,0.48816153407096863,0
proto,3,SR386_40X_HE_T067_01,0,0.4846506714820862,0
proto,3,SR386_40X_HE_T075_01,0,0.47992274165153503,0
proto,3,SR386_40X_HE_T081_01,0,0.49120691418647766,0
proto,3,SR386_40X_HE_T083_01,0,0.4834882616996765,0
proto,3,SR386_40X_HE_T085_01,0,0.4759562909603119,0
proto,3,SR386_40X_HE_T095_01,0,0.48708295822143555,0
proto,3,SR386_40X_HE_T104_01,0,0.4848554730415344,0
proto,3,SR386_40X_HE_T106_01,0,0.48161518573760986,0
proto,3,SR386_40X_HE_T112_01,0,0.48044052720069885,0
proto,3,SR386_40X_HE_T128_01,0,0.4788694679737091,0
proto,3,SR386_40X_HE_T132_01,0,0.4839089810848236,0
proto,3,SR386_40X_HE_T138_01,0,0.48166555166244507,0
proto,3,SR386_40X_HE_T142_01,0,0.48576658964157104,0
proto,3,SR386_40X_HE_T149_01,0,0.4828019142150879,0
proto,3,SR386_40X_HE_T165_01,1,0.4838606119155884,0
proto,3,SR386_40X_HE_T179_01,0,0.4980522096157074,0
proto,3,SR386_40X_HE_T180_01,0,0.48800766468048096,0
proto,3,SR386_40X_HE_T182_01,0,0.4813230335712433,0
proto,3,SR386_40X_HE_T184_01,0,0.48443564772605896,0
proto,3,SR386_40X_HE_T188_01,0,0.49201032519340515,0
proto,3,SR386_40X_HE_T191_01,0,0.48472195863723755,0
proto,3,SR386_40X_HE_T197_01,0,0.4790489375591278,0
proto,3,SR386_40X_HE_T201_01,0,0.4845008850097656,0
proto,3,SR386_40X_HE_T202_01,0,0.4788529574871063,0
proto,3,SR386_40X_HE_T208_01,0,0.48425137996673584,0
proto,3,SR386_40X_HE_T216_01,1,0.4961293935775757,0
proto,3,SR386_40X_HE_T238_01,0,0.4834275245666504,0
proto,3,SR386_40X_HE_T244_01,0,0.5025578141212463,1
proto,3,SR386_40X_HE_T248_01,0,0.4779931306838989,0
proto,3,SR386_40X_HE_T249_01,0,0.4802359938621521,0
proto,3,SR386_40X_HE_T250_01,0,0.49351605772972107,0
proto,3,SR386_40X_HE_T263_01,0,0.4900366961956024,0
proto,3,SR386_40X_HE_T267_01,0,0.4855203330516815,0
proto,3,SR386_40X_HE_T269_01,0,0.4794742465019226,0
proto,3,SR386_40X_HE_T277_01,0,0.4874114990234375,0
proto,3,SR386_40X_HE_T286_01,0,0.5113004446029663,1
proto,3,SR386_40X_HE_T287_01,0,0.4952322542667389,0
proto,3,SR386_40X_HE_T290_01,0,0.49141377210617065,0
proto,3,SR386_40X_HE_T293_01,0,0.48831120133399963,0
proto,3,SR386_40X_HE_T298_01,0,0.4824829399585724,0
proto,3,SR386_40X_HE_T303_01,0,0.47791704535484314,0
proto,3,SR386_40X_HE_T312_01,0,0.4895375967025757,0
proto,3,SR386_40X_HE_T329_01,0,0.4907131493091583,0
proto,3,SR386_40X_HE_T336_01,0,0.48452073335647583,0
proto,3,SR386_40X_HE_T338_01,0,0.47914934158325195,0
proto,3,SR386_40X_HE_T342_01,0,0.4871838688850403,0
proto,3,SR386_40X_HE_T353_01,0,0.49828124046325684,0
proto,3,SR386_40X_HE_T357_01,0,0.48081550002098083,0
proto,3,SR386_40X_HE_T362_01,0,0.49627840518951416,0
proto,3,SR386_40X_HE_T363_01,1,0.4949852228164673,0
proto,3,SR386_40X_HE_T372_01,0,0.4925096035003662,0
proto,3,SR386_40X_HE_T378_01,0,0.4785037934780121,0
proto,3,SR386_40X_HE_T379_01,0,0.4862056076526642,0
proto,3,SR386_40X_HE_T386_01,0,0.48379045724868774,0
proto,3,SR386_40X_HE_T387_01,0,0.5033255219459534,1
proto,3,SR386_40X_HE_T393_01,0,0.4815661311149597,0
proto,3,SR386_40X_HE_T397_01,0,0.4931339621543884,0
proto,3,SR386_40X_HE_T406_01,0,0.4986242651939392,0
proto,3,SR386_40X_HE_T409_01,0,0.48505571484565735,0
proto,3,SR386_40X_HE_T422_01,0,0.4752623736858368,0
proto,3,SR386_40X_HE_T426_01,0,0.483551949262619,0
proto,3,SR386_40X_HE_T433_01,0,0.48259052634239197,0
proto,3,SR386_40X_HE_T443_01,0,0.4864729344844818,0
proto,3,SR386_40X_HE_T448_01,0,0.4848572611808777,0
proto,3,SR386_40X_HE_T452_01,0,0.4879472255706787,0
proto,3,SR386_40X_HE_T460_01,1,0.4878664016723633,0
proto,3,SR386_40X_HE_T473_01,0,0.4831944704055786,0
proto,3,SR386_40X_HE_T475_01,0,0.4823349118232727,0
proto,3,SR386_40X_HE_T478_01,0,0.4835658371448517,0
proto,3,SR386_40X_HE_T489_01,1,0.4859764277935028,0
proto,3,SR386_40X_HE_T491_01,0,0.4888446033000946,0
proto,3,SR386_40X_HE_T492_01,0,0.4774431586265564,0
proto,3,SR386_40X_HE_T493_01,0,0.4816786050796509,0
proto,3,SR386_40X_HE_T502_01,0,0.4805663824081421,0
proto,3,SR386_40X_HE_T505_01,0,0.5005230903625488,1
proto,3,SR386_40X_HE_T506_01,0,0.48815974593162537,0
proto,3,SR386_40X_HE_T509_01,0,0.5006410479545593,1
proto,3,SR386_40X_HE_T516_01,0,0.48220768570899963,0
proto,3,SR386_40X_HE_T518_01,0,0.4901182949542999,0
proto,3,SR386_40X_HE_T519_01,0,0.48901984095573425,0
proto,3,SR386_40X_HE_T521_01,0,0.4794470965862274,0
proto,3,SR386_40X_HE_T526_01,0,0.484790176153183,0
proto,3,SR386_40X_HE_T533_01,0,0.4849509596824646,0
proto,3,SR386_40X_HE_T543_01,0,0.49417629837989807,0
proto,3,SR386_40X_HE_T544_01,0,0.4898616373538971,0
proto,3,SR386_40X_HE_T556_01,1,0.48910751938819885,0
proto,3,SR386_40X_HE_T560_01,0,0.4899098575115204,0
proto,3,SR386_40X_HE_T563_01,0,0.4846242368221283,0
proto,3,SR386_40X_HE_T568_01,0,0.4843592047691345,0
proto,3,SR386_40X_HE_T571_01,0,0.489012211561203,0
proto,3,SR386_40X_HE_T572_01,0,0.5063211917877197,1
proto,3,SR386_40X_HE_T573_01,0,0.4817754626274109,0
proto,3,SR386_40X_HE_T583_01,0,0.47912684082984924,0
proto,4,SR1482_40X_HE_T002_01,0,0.49814245104789734,0
proto,4,SR1482_40X_HE_T003_01,0,0.500800609588623,1
proto,4,SR1482_40X_HE_T004_01,0,0.504262387752533,1
proto,4,SR1482_40X_HE_T004_02,0,0.5084941983222961,1
proto,4,SR1482_40X_HE_T011_01,0,0.5001047253608704,1
proto,4,SR1482_40X_HE_T025_01,0,0.5060348510742188,1
proto,4,SR1482_40X_HE_T025_02,0,0.5062781572341919,1
proto,4,SR1482_40X_HE_T060_01,0,0.5134831070899963,1
proto,4,SR1482_40X_HE_T062_01,0,0.5112496614456177,1
proto,4,SR1482_40X_HE_T062_02,0,0.5058443546295166,1
proto,4,SR1482_40X_HE_T064_01,0,0.5163692831993103,1
proto,4,SR1482_40X_HE_T064_02,0,0.5110212564468384,1
proto,4,SR1482_40X_HE_T071_01,0,0.5131251215934753,1
proto,4,SR1482_40X_HE_T071_02,0,0.5123050212860107,1
proto,4,SR1482_40X_HE_T074_01,0,0.4983842372894287,0
proto,4,SR1482_40X_HE_T074_02,0,0.5001989006996155,1
proto,4,SR1482_40X_HE_T083_01,0,0.5132234692573547,1
proto,4,SR1482_40X_HE_T083_02,0,0.5117278695106506,1
proto,4,SR1482_40X_HE_T087_01,0,0.49796855449676514,0
proto,4,SR1482_40X_HE_T097_01,1,0.5140638947486877,1
proto,4,SR1482_40X_HE_T097_02,1,0.5149857997894287,1
proto,4,SR1482_40X_HE_T108_01,0,0.4936758875846863,0
proto,4,SR1482_40X_HE_T113_01,0,0.5137293338775635,1
proto,4,SR1482_40X_HE_T113_02,0,0.5162830948829651,1
proto,4,SR1482_40X_HE_T121_01,0,0.4894084334373474,0
proto,4,SR1482_40X_HE_T122_01,0,0.4963206648826599,0
proto,4,SR1482_40X_HE_T125_01,0,0.511461615562439,1
proto,4,SR1482_40X_HE_T125_02,0,0.5125246644020081,1
proto,4,SR1482_40X_HE_T131_01,0,0.5111767053604126,1
proto,4,SR1482_40X_HE_T131_02,0,0.5157194137573242,1
proto,4,SR1482_40X_HE_T132_01,0,0.5067580938339233,1
proto,4,SR1482_40X_HE_T132_02,0,0.5133323669433594,1
proto,4,SR1482_40X_HE_T143_01,0,0.519256055355072,1
proto,4,SR1482_40X_HE_T143_02,0,0.5128973126411438,1
proto,4,SR1482_40X_HE_T166_01,1,0.49779465794563293,0
proto,4,SR1482_40X_HE_T169_01,0,0.5096443891525269,1
proto,4,SR1482_40X_HE_T176_01,1,0.5197571516036987,1
proto,4,SR1482_40X_HE_T176_02,1,0.5189534425735474,1
proto,4,SR1482_40X_HE_T191_01,0,0.5029352903366089,1
proto,4,SR1482_40X_HE_T194_01,0,0.5202162861824036,1
proto,4,SR1482_40X_HE_T218_01,0,0.498244971036911,0
proto,4,SR1482_40X_HE_T253_01,0,0.49378520250320435,0
proto,4,SR1482_40X_HE_T290_01,0,0.5134738683700562,1
proto,4,SR1482_40X_HE_T308_01,0,0.5089633464813232,1
proto,4,SR1482_40X_HE_T314_01,0,0.5177776217460632,1
proto,4,SR1482_40X_HE_T314_02,0,0.5143791437149048,1
proto,4,SR1482_40X_HE_T372_01,1,0.5153350830078125,1
proto,4,SR1482_40X_HE_T372_02,1,0.5109679102897644,1
proto,4,SR1482_40X_HE_T408_01,0,0.5016331076622009,1
proto,4,SR1482_40X_HE_T412_01,0,0.5081568360328674,1
proto,4,SR1482_40X_HE_T425_01,0,0.4913547933101654,0
proto,4,SR1482_40X_HE_T434_01,1,0.5063299536705017,1
proto,4,SR386_40X_HE_T006_01,0,0.47735413908958435,0
proto,4,SR386_40X_HE_T010_01,0,0.4830874800682068,0
proto,4,SR386_40X_HE_T014_01,0,0.48250293731689453,0
proto,4,SR386_40X_HE_T016_01,0,0.47341954708099365,0
proto,4,SR386_40X_HE_T020_01,0,0.4774971008300781,0
proto,4,SR386_40X_HE_T027_01,0,0.5023818612098694,1
proto,4,SR386_40X_HE_T028_01,0,0.48859351873397827,0
proto,4,SR386_40X_HE_T037_01,0,0.4878270626068115,0
proto,4,SR386_40X_HE_T043_01,0,0.4802871346473694,0
proto,4,SR386_40X_HE_T044_01,1,0.48659613728523254,0
proto,4,SR386_40X_HE_T046_01,0,0.4884209930896759,0
proto,4,SR386_40X_HE_T058_01,0,0.47942811250686646,0
proto,4,SR386_40X_HE_T062_01,0,0.4771982729434967,0
proto,4,SR386_40X_HE_T065_01,1,0.48347747325897217,0
proto,4,SR386_40X_HE_T080_01,0,0.47943150997161865,0
proto,4,SR386_40X_HE_T091_01,0,0.4803079068660736,0
proto,4,SR386_40X_HE_T094_01,0,0.4768355190753937,0
proto,4,SR386_40X_HE_T097_01,0,0.48468494415283203,0
proto,4,SR386_40X_HE_T100_01,0,0.4907250702381134,0
proto,4,SR386_40X_HE_T107_01,0,0.4922752380371094,0
proto,4,SR386_40X_HE_T109_01,1,0.48516491055488586,0
proto,4,SR386_40X_HE_T110_01,0,0.4908532202243805,0
proto,4,SR386_40X_HE_T117_01,0,0.48148465156555176,0
proto,4,SR386_40X_HE_T127_01,0,0.48091450333595276,0
proto,4,SR386_40X_HE_T129_01,0,0.481414794921875,0
proto,4,SR386_40X_HE_T136_01,0,0.4807407855987549,0
proto,4,SR386_40X_HE_T154_01,0,0.48105761408805847,0
proto,4,SR386_40X_HE_T168_01,1,0.48312026262283325,0
proto,4,SR386_40X_HE_T175_01,0,0.4780665934085846,0
proto,4,SR386_40X_HE_T189_01,0,0.47773274779319763,0
proto,4,SR386_40X_HE_T195_01,0,0.47710150480270386,0
proto,4,SR386_40X_HE_T227_01,0,0.4892929196357727,0
proto,4,SR386_40X_HE_T233_01,0,0.4966316223144531,0
proto,4,SR386_40X_HE_T234_01,0,0.48466408252716064,0
proto,4,SR386_40X_HE_T235_01,0,0.48503756523132324,0
proto,4,SR386_40X_HE_T239_01,0,0.4931134283542633,0
proto,4,SR386_40X_HE_T245_01,0,0.47862473130226135,0
proto,4,SR386_40X_HE_T256_01,0,0.4841740131378174,0
proto,4,SR386_40X_HE_T265_01,0,0.479948490858078,0
proto,4,SR386_40X_HE_T268_01,0,0.506162703037262,1
proto,4,SR386_40X_HE_T270_01,0,0.48979318141937256,0
proto,4,SR386_40X_HE_T272_01,0,0.505990207195282,1
proto,4,SR386_40X_HE_T273_01,0,0.49257686734199524,0
proto,4,SR386_40X_HE_T276_01,0,0.49176692962646484,0
proto,4,SR386_40X_HE_T278_01,1,0.4890369176864624,0
proto,4,SR386_40X_HE_T284_01,0,0.4846048653125763,0
proto,4,SR386_40X_HE_T285_01,0,0.4792051315307617,0
proto,4,SR386_40X_HE_T288_01,0,0.48786425590515137,0
proto,4,SR386_40X_HE_T291_01,0,0.4855870306491852,0
proto,4,SR386_40X_HE_T300_01,0,0.48443713784217834,0
proto,4,SR386_40X_HE_T302_01,0,0.4856970012187958,0
proto,4,SR386_40X_HE_T305_01,0,0.47938472032546997,0
proto,4,SR386_40X_HE_T308_01,0,0.4809983968734741,0
proto,4,SR386_40X_HE_T325_01,0,0.4848262071609497,0
proto,4,SR386_40X_HE_T331_01,0,0.48748376965522766,0
proto,4,SR386_40X_HE_T341_01,0,0.5080817937850952,1
proto,4,SR386_40X_HE_T343_01,1,0.48623010516166687,0
proto,4,SR386_40X_HE_T346_01,0,0.4922509491443634,0
proto,4,SR386_40X_HE_T352_01,0,0.4865480959415436,0
proto,4,SR386_40X_HE_T373_01,0,0.4986434876918793,0
proto,4,SR386_40X_HE_T375_01,0,0.4877519905567169,0
proto,4,SR386_40X_HE_T381_01,0,0.48173677921295166,0
proto,4,SR386_40X_HE_T389_01,0,0.5036266446113586,1
proto,4,SR386_40X_HE_T391_01,0,0.4831470847129822,0
proto,4,SR386_40X_HE_T394_01,0,0.4852650463581085,0
proto,4,SR386_40X_HE_T399_01,0,0.5124859809875488,1
proto,4,SR386_40X_HE_T403_01,0,0.47675126791000366,0
proto,4,SR386_40X_HE_T405_01,0,0.5076376795768738,1
proto,4,SR386_40X_HE_T407_01,0,0.48480018973350525,0
proto,4,SR386_40X_HE_T414_01,0,0.4927583634853363,0
proto,4,SR386_40X_HE_T424_01,0,0.48530763387680054,0
proto,4,SR386_40X_HE_T429_01,0,0.5114774703979492,1
proto,4,SR386_40X_HE_T441_01,0,0.49573543667793274,0
proto,4,SR386_40X_HE_T451_01,0,0.4878491163253784,0
proto,4,SR386_40X_HE_T453_01,0,0.4817693829536438,0
proto,4,SR386_40X_HE_T455_01,0,0.49162039160728455,0
proto,4,SR386_40X_HE_T465_01,0,0.5113162994384766,1
proto,4,SR386_40X_HE_T474_01,0,0.486697793006897,0
proto,4,SR386_40X_HE_T476_01,0,0.4896983206272125,0
proto,4,SR386_40X_HE_T479_01,0,0.49032244086265564,0
proto,4,SR386_40X_HE_T482_01,0,0.48455122113227844,0
proto,4,SR386_40X_HE_T487_01,0,0.5005561113357544,1
proto,4,SR386_40X_HE_T490_01,0,0.4888526499271393,0
proto,4,SR386_40X_HE_T494_01,0,0.48037189245224,0
proto,4,SR386_40X_HE_T500_01,0,0.4767987132072449,0
proto,4,SR386_40X_HE_T510_01,0,0.4900267720222473,0
proto,4,SR386_40X_HE_T524_01,0,0.4874289929866791,0
proto,4,SR386_40X_HE_T528_01,0,0.5069468021392822,1
proto,4,SR386_40X_HE_T532_01,0,0.4846740961074829,0
proto,4,SR386_40X_HE_T534_01,0,0.4935850501060486,0
proto,4,SR386_40X_HE_T536_01,0,0.4773857295513153,0
proto,4,SR386_40X_HE_T537_01,0,0.49701401591300964,0
proto,4,SR386_40X_HE_T541_01,0,0.4890163242816925,0
proto,4,SR386_40X_HE_T548_01,1,0.5061641931533813,1
proto,4,SR386_40X_HE_T550_01,0,0.48925960063934326,0
proto,4,SR386_40X_HE_T551_01,0,0.4794829487800598,0
proto,4,SR386_40X_HE_T557_01,0,0.49354690313339233,0
proto,4,SR386_40X_HE_T565_01,0,0.48574644327163696,0
proto,4,SR386_40X_HE_T567_01,0,0.4869975745677948,0
proto,4,SR386_40X_HE_T575_01,0,0.48734381794929504,0
proto,4,SR386_40X_HE_T576_01,0,0.4813157916069031,0
proto,4,SR386_40X_HE_T581_01,0,0.5065134167671204,1
rf,1,SR1482_40X_HE_T029_01,0,0.14346819082726806,0
rf,1,SR1482_40X_HE_T029_02,0,0.1583464375805148,0
rf,1,SR1482_40X_HE_T057_01,0,0.050506912442396315,0
rf,1,SR1482_40X_HE_T063_01,1,0.26587096774193547,0
rf,1,SR1482_40X_HE_T063_02,1,0.1558655462184874,0
rf,1,SR1482_40X_HE_T065_01,0,0.0719047619047619,0
rf,1,SR1482_40X_HE_T065_02,0,0.08,0
rf,1,SR1482_40X_HE_T066_01,0,0.25301507095055487,0
rf,1,SR1482_40X_HE_T066_02,0,0.26679112554112555,0
rf,1,SR1482_40X_HE_T068_01,0,0.021904761904761906,0
rf,1,SR1482_40X_HE_T069_01,0,0.04157142857142857,0
rf,1,SR1482_40X_HE_T069_02,0,0.09493127705627705,0
rf,1,SR1482_40X_HE_T079_01,1,0.22793548387096774,0
rf,1,SR1482_40X_HE_T079_02,1,0.2299047619047619,0
rf,1,SR1482_40X_HE_T080_01,0,0.13697751080367446,0
rf,1,SR1482_40X_HE_T080_02,0,0.13954865424430643,0
rf,1,SR1482_40X_HE_T081_01,0,0.13173913043478264,0
rf,1,SR1482_40X_HE_T081_02,0,0.07562866568914955,0
rf,1,SR1482_40X_HE_T099_01,0,0.0137703081232493,0
rf,1,SR1482_40X_HE_T116_01,0,0.12355875054736534,0
rf,1,SR1482_40X_HE_T117_01,0,0.1297797619047619,0
rf,1,SR1482_40X_HE_T117_02,0,0.11092807192807193,0
rf,1,SR1482_40X_HE_T126_01,0,0.15395121951219512,0
rf,1,SR1482_40X_HE_T129_01,0,0.11138191244239631,0
rf,1,SR1482_40X_HE_T129_02,0,0.15505675529635357,0
rf,1,SR1482_40X_HE_T139_01,0,0.19788670338316286,0
rf,1,SR1482_40X_HE_T139_02,0,0.2353562944668605,0
rf,1,SR1482_40X_HE_T147_01,0,0.2572020996081717,0
rf,1,SR1482_40X_HE_T147_02,0,0.3414927961239322,1
rf,1,SR1482_40X_HE_T159_01,0,0.10381048387096774,0
rf,1,SR1482_40X_HE_T159_02,0,0.1419512195121951,0
rf,1,SR1482_40X_HE_T192_01,0,0.08527536595398863,0
rf,1,SR1482_40X_HE_T199_01,0,0.10456151720111548,0
rf,1,SR1482_40X_HE_T304_01,0,0.08557988520134469,0
rf,1,SR1482_40X_HE_T304_02,0,0.116,0
rf,1,SR1482_40X_HE_T310_01,1,0.15872180267677874,0
rf,1,SR1482_40X_HE_T310_02,1,0.1329627215166161,0
rf,1,SR1482_40X_HE_T341_01,0,0.038,0
rf,1,SR1482_40X_HE_T341_02,0,0.07534124883770833,0
rf,1,SR1482_40X_HE_T353_01,0,0.04945385544247025,0
rf,1,SR1482_40X_HE_T390_01,0,0.020787878787878786,0
rf,1,SR1482_40X_HE_T433_01,1,0.2017797619047619,0
rf,1,SR386_40X_HE_T003_01,0,0.03311784511784512,0
rf,1,SR386_40X_HE_T004_01,0,0.11165842759391145,0
rf,1,SR386_40X_HE_T022_01,1,0.22902126818469323,0
rf,1,SR386_40X_HE_T030_01,0,0.1026926406926407,0
rf,1,SR386_40X_HE_T033_01,0,0.0858357843137255,0
rf,1,SR386_40X_HE_T036_01,0,0.0331937984496124,0
rf,1,SR386_40X_HE_T038_01,0,0.047870967741935486,0
rf,1,SR386_40X_HE_T049_01,0,0.02181818181818182,0
rf,1,SR386_40X_HE_T050_01,0,0.11176074332171893,0
rf,1,SR386_40X_HE_T060_01,0,0.08460007550588947,0
rf,1,SR386_40X_HE_T063_01,0,0.1267786211258697,0
rf,1,SR386_40X_HE_T066_01,0,0.11719929848772352,0
rf,1,SR386_40X_HE_T069_01,0,0.1176547619047619,0
rf,1,SR386_40X_HE_T072_01,0,0.049735465116279076,0
rf,1,SR386_40X_HE_T074_01,0,0.021904761904761906,0
rf,1,SR386_40X_HE_T078_01,0,0.04555731225296443,0
rf,1,SR386_40X_HE_T079_01,0,0.01,0
rf,1,SR386_40X_HE_T092_01,1,0.11168372803666919,0
rf,1,SR386_40X_HE_T096_01,0,0.019722943722943722,0
rf,1,SR386_40X_HE_T099_01,0,0.08314327607875996,0
rf,1,SR386_40X_HE_T103_01,0,0.06362538274733397,0
rf,1,SR386_40X_HE_T108_01,0,0.06735268566979732,0
rf,1,SR386_40X_HE_T113_01,0,0.08985185185185185,0
rf,1,SR386_40X_HE_T114_01,0,0.04563724678478777,0
rf,1,SR386_40X_HE_T119_01,0,0.08153201150641216,0
rf,1,SR386_40X_HE_T126_01,0,0.08764437450826122,0
rf,1,SR386_40X_HE_T130_01,0,0.005818181818181819,0
rf,1,SR386_40X_HE_T131_01,0,0.04581818181818182,0
rf,1,SR386_40X_HE_T135_01,0,0.13712121212121212,0
rf,1,SR386_40X_HE_T140_01,0,0.06356318949867337,0
rf,1,SR386_40X_HE_T144_01,0,0.08054978354978355,0
rf,1,SR386_40X_HE_T147_01,0,0.06957892513990074,0
rf,1,SR386_40X_HE_T148_01,0,0.11675635578957998,0
rf,1,SR386_40X_HE_T160_01,0,0.008,0
rf,1,SR386_40X_HE_T169_01,0,0.061282563432377854,0
rf,1,SR386_40X_HE_T170_01,1,0.2183305175410014,0
rf,1,SR386_40X_HE_T172_01,0,0.2505428072606396,0
rf,1,SR386_40X_HE_T174_01,0,0.05963636363636364,0
rf,1,SR386_40X_HE_T181_01,0,0.02315151515151515,0
rf,1,SR386_40X_HE_T196_01,0,0.093,0
rf,1,SR386_40X_HE_T205_01,0,0.15764770466621336,0
rf,1,SR386_40X_HE_T209_01,0,0.045627450980392156,0
rf,1,SR386_40X_HE_T210_01,0,0.159038378171618,0
rf,1,SR386_40X_HE_T212_01,0,0.1190256290199364,0
rf,1,SR386_40X_HE_T221_01,0,0.027904761904761904,0
rf,1,SR386_40X_HE_T224_01,0,0.0937391304347826,0
rf,1,SR386_40X_HE_T231_01,1,0.26553342759391146,0
rf,1,SR386_40X_HE_T232_01,0,0.024,0
rf,1,SR386_40X_HE_T247_01,0,0.0818095238095238,0
rf,1,SR386_40X_HE_T252_01,0,0.023636363636363636,0
rf,1,SR386_40X_HE_T255_01,0,0.09173476155155112,0
rf,1,SR386_40X_HE_T259_01,1,0.1993480718229642,0
rf,1,SR386_40X_HE_T274_01,0,0.029420332355816224,0
rf,1,SR386_40X_HE_T275_01,0,0.12922761109857886,0
rf,1,SR386_40X_HE_T282_01,0,0.02181818181818182,0
rf,1,SR386_40X_HE_T294_01,0,0.20479724221066728,0
rf,1,SR386_40X_HE_T311_01,0,0.04790269698572184,0
rf,1,SR386_40X_HE_T315_01,0,0.06993548387096775,0
rf,1,SR386_40X_HE_T319_01,1,0.0759607843137255,0
rf,1,SR386_40X_HE_T324_01,1,0.1370909090909091,0
rf,1,SR386_40X_HE_T330_01,0,0.022,0
rf,1,SR386_40X_HE_T333_01,0,0.07976940133037694,0
rf,1,SR386_40X_HE_T335_01,0,0.04976522702104097,0
rf,1,SR386_40X_HE_T337_01,0,0.039812636165577335,0
rf,1,SR386_40X_HE_T344_01,0,0.05487642303581583,0
rf,1,SR386_40X_HE_T347_01,0,0.016,0
rf,1,SR386_40X_HE_T350_01,0,0.028,0
rf,1,SR386_40X_HE_T351_01,0,0.08959092539454806,0
rf,1,SR386_40X_HE_T360_01,0,0.041722943722943724,0
rf,1,SR386_40X_HE_T361_01,0,0.08277262138672793,0
rf,1,SR386_40X_HE_T366_01,0,0.06469019424713761,0
rf,1,SR386_40X_HE_T377_01,1,0.08441979123027511,0
rf,1,SR386_40X_HE_T384_01,0,0.026,0
rf,1,SR386_40X_HE_T395_01,0,0.09419256012804399,0
rf,1,SR386_40X_HE_T396_01,0,0.05985185185185185,0
rf,1,SR386_40X_HE_T401_01,0,0.19671759612936082,0
rf,1,SR386_40X_HE_T408_01,0,0.023295075295075296,0
rf,1,SR386_40X_HE_T410_01,0,0.06742416323513885,0
rf,1,SR386_40X_HE_T413_01,0,0.08548484848484848,0
rf,1,SR386_40X_HE_T416_01,0,0.09179146528792477,0
rf,1,SR386_40X_HE_T418_01,0,0.03781818181818182,0
rf,1,SR386_40X_HE_T419_01,0,0.1235183715715025,0
rf,1,SR386_40X_HE_T421_01,0,0.09776470588235295,0
rf,1,SR386_40X_HE_T423_01,0,0.031,0
rf,1,SR386_40X_HE_T428_01,0,0.059807200929152156,0
rf,1,SR386_40X_HE_T430_01,0,0.05313436342278847,0
rf,1,SR386_40X_HE_T431_01,0,0.055476609412093286,0
rf,1,SR386_40X_HE_T435_01,0,0.11731097794211398,0
rf,1,SR386_40X_HE_T438_01,0,0.043245337159253945,0
rf,1,SR386_40X_HE_T439_01,0,0.09920171358334137,0
rf,1,SR386_40X_HE_T447_01,0,0.02157142857142857,0
rf,1,SR386_40X_HE_T449_01,0,0.03376470588235294,0
rf,1,SR386_40X_HE_T454_01,0,0.04176940133037694,0
rf,1,SR386_40X_HE_T456_01,0,0.10377896613190729,0
rf,1,SR386_40X_HE_T461_01,0,0.08568145161290323,0
rf,1,SR386_40X_HE_T462_01,0,0.04381818181818182,0
rf,1,SR386_40X_HE_T468_01,0,0.03580645161290323,0
rf,1,SR386_40X_HE_T469_01,1,0.08981818181818181,0
rf,1,SR386_40X_HE_T470_01,0,0.09396078431372548,0
rf,1,SR386_40X_HE_T471_01,0,0.042,0
rf,1,SR386_40X_HE_T477_01,0,0.079871975019516,0
rf,1,SR386_40X_HE_T480_01,0,0.12144588744588743,0
rf,1,SR386_40X_HE_T484_01,0,0.049453580437657664,0
rf,1,SR386_40X_HE_T495_01,0,0.00996078431372549,0
rf,1,SR386_40X_HE_T496_01,0,0.015904761904761904,0
rf,1,SR386_40X_HE_T498_01,0,0.21553040261342743,0
rf,1,SR386_40X_HE_T504_01,0,0.09005489116396836,0
rf,1,SR386_40X_HE_T511_01,0,0.03381818181818181,0
rf,1,SR386_40X_HE_T517_01,0,0.1755766022595291,0
rf,1,SR386_40X_HE_T523_01,0,0.04581818181818182,0
rf,1,SR386_40X_HE_T529_01,0,0.03278787878787878,0
rf,1,SR386_40X_HE_T542_01,0,0.06912096774193549,0
rf,1,SR386_40X_HE_T569_01,0,0.12035143882633123,0
rf,1,SR386_40X_HE_T582_01,0,0.028,0
rf,2,SR1482_40X_HE_T009_01,0,0.07481156206818985,0
rf,2,SR1482_40X_HE_T009_02,0,0.07075808613236097,0
rf,2,SR1482_40X_HE_T015_01,0,0.14865463971512355,0
rf,2,SR1482_40X_HE_T021_01,0,0.07520821114369503,0
rf,2,SR1482_40X_HE_T067_01,0,0.09628821310532476,0
rf,2,SR1482_40X_HE_T075_01,0,0.047818181818181815,0
rf,2,SR1482_40X_HE_T075_02,0,0.154,0
rf,2,SR1482_40X_HE_T098_01,0,0.148,0
rf,2,SR1482_40X_HE_T098_02,0,0.11575366568914956,0
rf,2,SR1482_40X_HE_T102_01,0,0.09497294372294372,0
rf,2,SR1482_40X_HE_T123_01,0,0.07995121951219512,0
rf,2,SR1482_40X_HE_T142_01,0,0.023951219512195122,0
rf,2,SR1482_40X_HE_T146_01,0,0.25936737755867534,0
rf,2,SR1482_40X_HE_T148_01,0,0.15963636363636363,0
rf,2,SR1482_40X_HE_T148_02,0,0.1618181818181818,0
rf,2,SR1482_40X_HE_T154_01,0,0.05765610471353981,0
rf,2,SR1482_40X_HE_T158_01,0,0.06702572964669738,0
rf,2,SR1482_40X_HE_T161_01,0,0.1311178377489738,0
rf,2,SR1482_40X_HE_T161_02,0,0.07965396613190731,0
rf,2,SR1482_40X_HE_T164_01,1,0.12131742767036885,0
rf,2,SR1482_40X_HE_T164_02,1,0.20537549407114622,0
rf,2,SR1482_40X_HE_T168_01,0,0.06393548387096774,0
rf,2,SR1482_40X_HE_T171_01,0,0.06396721311475409,0
rf,2,SR1482_40X_HE_T171_02,0,0.07572294372294372,0
rf,2,SR1482_40X_HE_T178_01,1,0.04973661444513104,0
rf,2,SR1482_40X_HE_T186_01,0,0.06526861582555918,0
rf,2,SR1482_40X_HE_T193_01,0,0.11089941431117901,0
rf,2,SR1482_40X_HE_T193_02,0,0.17754112554112556,0
rf,2,SR1482_40X_HE_T209_01,0,0.05315151515151516,0
rf,2,SR1482_40X_HE_T209_02,0,0.14287445887445888,0
rf,2,SR1482_40X_HE_T245_01,0,0.17965842759391146,0
rf,2,SR1482_40X_HE_T245_02,0,0.11538137131685518,0
rf,2,SR1482_40X_HE_T265_01,0,0.05748885392079728,0
rf,2,SR1482_40X_HE_T302_01,0,0.17211039367136924,0
rf,2,SR1482_40X_HE_T343_01,1,0.16921573984687585,0
rf,2,SR1482_40X_HE_T343_02,1,0.1396277056277056,0
rf,2,SR1482_40X_HE_T399_01,0,0.1339607843137255,0
rf,2,SR1482_40X_HE_T399_02,0,0.1530637736247492,0
rf,2,SR1482_40X_HE_T426_01,0,0.05614440133037694,0
rf,2,SR1482_40X_HE_T426_02,0,0.05520121951219512,0
rf,2,SR386_40X_HE_T001_01,0,0.07374500768049154,0
rf,2,SR386_40X_HE_T013_01,0,0.10884415584415584,0
rf,2,SR386_40X_HE_T018_01,0,0.04471595071595072,0
rf,2,SR386_40X_HE_T019_01,0,0.07393548387096774,0
rf,2,SR386_40X_HE_T024_01,0,0.008,0
rf,2,SR386_40X_HE_T039_01,0,0.013818181818181818,0
rf,2,SR386_40X_HE_T040_01,1,0.1600777729241152,0
rf,2,SR386_40X_HE_T042_01,0,0.07922397891963111,0
rf,2,SR386_40X_HE_T047_01,0,0.10581818181818181,0
rf,2,SR386_40X_HE_T051_01,0,0.045268647182563966,0
rf,2,SR386_40X_HE_T052_01,0,0.03766666666666667,0
rf,2,SR386_40X_HE_T056_01,0,0.026409011719987326,0
rf,2,SR386_40X_HE_T057_01,0,0.02186046511627907,0
rf,2,SR386_40X_HE_T070_01,0,0.02155731225296443,0
rf,2,SR386_40X_HE_T082_01,0,0.1010719847480736,0
rf,2,SR386_40X_HE_T084_01,0,0.06546795140343528,0
rf,2,SR386_40X_HE_T087_01,0,0.20915634771732333,0
rf,2,SR386_40X_HE_T088_01,0,0.07664835164835164,0
rf,2,SR386_40X_HE_T098_01,0,0.10085531672628448,0
rf,2,SR386_40X_HE_T105_01,0,0.05,0
rf,2,SR386_40X_HE_T122_01,0,0.033484848484848485,0
rf,2,SR386_40X_HE_T123_01,0,0.07380645161290324,0
rf,2,SR386_40X_HE_T133_01,0,0.02996078431372549,0
rf,2,SR386_40X_HE_T145_01,0,0.07554112554112555,0
rf,2,SR386_40X_HE_T150_01,0,0.07996078431372548,0
rf,2,SR386_40X_HE_T152_01,0,0.09026935290048894,0
rf,2,SR386_40X_HE_T155_01,0,0.05981818181818182,0
rf,2,SR386_40X_HE_T157_01,0,0.14103080659178222,0
rf,2,SR386_40X_HE_T164_01,0,0.08805669599217987,0
rf,2,SR386_40X_HE_T166_01,0,0.04693048128342247,0
rf,2,SR386_40X_HE_T176_01,1,0.15660606060606058,0
rf,2,SR386_40X_HE_T177_01,0,0.02954112554112554,0
rf,2,SR386_40X_HE_T178_01,0,0.14853426141185694,0
rf,2,SR386_40X_HE_T187_01,0,0.07985598141695702,0
rf,2,SR386_40X_HE_T190_01,0,0.01375366568914956,0
rf,2,SR386_40X_HE_T192_01,0,0.01796078431372549,0
rf,2,SR386_40X_HE_T198_01,0,0.056,0
rf,2,SR386_40X_HE_T200_01,0,0.15186046511627907,0
rf,2,SR386_40X_HE_T206_01,1,0.029769401330376945,0
rf,2,SR386_40X_HE_T211_01,0,0.0757098724621459,0
rf,2,SR386_40X_HE_T213_01,0,0.09975366568914956,0
rf,2,SR386_40X_HE_T214_01,0,0.11721996036750136,0
rf,2,SR386_40X_HE_T220_01,0,0.07340579710144927,0
rf,2,SR386_40X_HE_T230_01,1,0.16359596011680205,0
rf,2,SR386_40X_HE_T236_01,0,0.1378863636363636,0
rf,2,SR386_40X_HE_T237_01,0,0.05900041893590281,0
rf,2,SR386_40X_HE_T240_01,0,0.055359307359307365,0
rf,2,SR386_40X_HE_T241_01,0,0.03960664436294047,0
rf,2,SR386_40X_HE_T242_01,0,0.09072826086956522,0
rf,2,SR386_40X_HE_T253_01,0,0.02981818181818182,0
rf,2,SR386_40X_HE_T260_01,0,0.09376940133037694,0
rf,2,SR386_40X_HE_T262_01,0,0.089310977942114,0
rf,2,SR386_40X_HE_T264_01,0,0.1298655462184874,0
rf,2,SR386_40X_HE_T271_01,0,0.06635972629521017,0
rf,2,SR386_40X_HE_T281_01,0,0.049562934851359895,0
rf,2,SR386_40X_HE_T297_01,0,0.028,0
rf,2,SR386_40X_HE_T299_01,0,0.05165842759391147,0
rf,2,SR386_40X_HE_T301_01,0,0.021398926654740608,0
rf,2,SR386_40X_HE_T306_01,0,0.08503912532755038,0
rf,2,SR386_40X_HE_T309_01,0,0.07421629046274995,0
rf,2,SR386_40X_HE_T314_01,0,0.1672380952380952,0
rf,2,SR386_40X_HE_T316_01,0,0.12292886412097577,0
rf,2,SR386_40X_HE_T318_01,0,0.1258181818181818,0
rf,2,SR386_40X_HE_T321_01,0,0.03134531360112756,0
rf,2,SR386_40X_HE_T326_01,0,0.07181818181818181,0
rf,2,SR386_40X_HE_T327_01,0,0.014,0
rf,2,SR386_40X_HE_T332_01,1,0.1890061582945833,0
rf,2,SR386_40X_HE_T355_01,0,0.05135664335664336,0
rf,2,SR386_40X_HE_T364_01,0,0.1334360679970436,0
rf,2,SR386_40X_HE_T368_01,1,0.0863039541759054,0
rf,2,SR386_40X_HE_T374_01,0,0.033704974271012,0
rf,2,SR386_40X_HE_T380_01,0,0.011489681050656661,0
rf,2,SR386_40X_HE_T382_01,0,0.04363636363636363,0
rf,2,SR386_40X_HE_T392_01,0,0.05654978354978355,0
rf,2,SR386_40X_HE_T398_01,0,0.05275190985485104,0
rf,2,SR386_40X_HE_T402_01,1,0.2234927961239322,0
rf,2,SR386_40X_HE_T404_01,0,0.025769401330376942,0
rf,2,SR386_40X_HE_T415_01,0,0.01376940133037694,0
rf,2,SR386_40X_HE_T417_01,0,0.02,0
rf,2,SR386_40X_HE_T425_01,0,0.04435664335664336,0
rf,2,SR386_40X_HE_T436_01,1,0.06781818181818182,0
rf,2,SR386_40X_HE_T437_01,0,0.06166666666666666,0
rf,2,SR386_40X_HE_T440_01,0,0.11689007095055481,0
rf,2,SR386_40X_HE_T445_01,0,0.07993548387096774,0
rf,2,SR386_40X_HE_T450_01,0,0.07918548387096774,0
rf,2,SR386_40X_HE_T459_01,0,0.0827391304347826,0
rf,2,SR386_40X_HE_T472_01,0,0.04544563279857398,0
rf,2,SR386_40X_HE_T481_01,0,0.0647343344633709,0
rf,2,SR386_40X_HE_T483_01,0,0.1516438923395445,0
rf,2,SR386_40X_HE_T486_01,0,0.09137287759678653,0
rf,2,SR386_40X_HE_T488_01,0,0.05078716841830447,0
rf,2,SR386_40X_HE_T499_01,0,0.06701706137000255,0
rf,2,SR386_40X_HE_T507_01,0,0.10716616716616716,0
rf,2,SR386_40X_HE_T514_01,0,0.023484848484848483,0
rf,2,SR386_40X_HE_T520_01,1,0.059454545454545454,0
rf,2,SR386_40X_HE_T522_01,0,0.03781818181818181,0
rf,2,SR386_40X_HE_T531_01,0,0.02632109335951841,0
rf,2,SR386_40X_HE_T535_01,0,0.03154166666666667,0
rf,2,SR386_40X_HE_T539_01,0,0.1032051282051282,0
rf,2,SR386_40X_HE_T549_01,0,0.07181818181818181,0
rf,2,SR386_40X_HE_T552_01,0,0.08460664335664335,0
rf,2,SR386_40X_HE_T553_01,0,0.05572294372294372,0
rf,2,SR386_40X_HE_T554_01,0,0.08454154447702836,0
rf,2,SR386_40X_HE_T558_01,0,0.03,0
rf,2,SR386_40X_HE_T564_01,0,0.09180952380952381,0
rf,2,SR386_40X_HE_T570_01,0,0.05788670338316287,0
rf,2,SR386_40X_HE_T574_01,0,0.048553030303030306,0
rf,2,SR386_40X_HE_T578_01,0,0.02138961038961039,0
rf,2,SR386_40X_HE_T580_01,0,0.025666666666666667,0
rf,3,SR1482_40X_HE_T005_01,0,0.20366666666666666,0
rf,3,SR1482_40X_HE_T005_02,0,0.2079047619047619,0
rf,3,SR1482_40X_HE_T010_01,0,0.048215320910973074,0
rf,3,SR1482_40X_HE_T043_01,0,0.11135789127180805,0
rf,3,SR1482_40X_HE_T043_02,0,0.12501938641069074,0
rf,3,SR1482_40X_HE_T049_01,0,0.04369318181818182,0
rf,3,SR1482_40X_HE_T061_01,0,0.30537958857676234,1
rf,3,SR1482_40X_HE_T061_02,0,0.2536277056277056,0
rf,3,SR1482_40X_HE_T070_01,1,0.13382124943000456,0
rf,3,SR1482_40X_HE_T073_01,0,0.06888017270283822,0
rf,3,SR1482_40X_HE_T082_01,0,0.14101933520421972,0
rf,3,SR1482_40X_HE_T082_02,0,0.1871393551043839,0
rf,3,SR1482_40X_HE_T089_01,0,0.07141135970418566,0
rf,3,SR1482_40X_HE_T090_01,0,0.057563189498673374,0
rf,3,SR1482_40X_HE_T094_01,1,0.2156891495601173,0
rf,3,SR1482_40X_HE_T094_02,1,0.2811125541125541,0
rf,3,SR1482_40X_HE_T105_01,0,0.08217411480525084,0
rf,3,SR1482_40X_HE_T115_01,0,0.06136486119837779,0
rf,3,SR1482_40X_HE_T115_02,0,0.078840330401306,0
rf,3,SR1482_40X_HE_T118_01,0,0.21072347941913158,0
rf,3,SR1482_40X_HE_T118_02,0,0.170517181095312,0
rf,3,SR1482_40X_HE_T120_01,0,0.17086888696376362,0
rf,3,SR1482_40X_HE_T120_02,0,0.2251805567893119,0
rf,3,SR1482_40X_HE_T124_01,0,0.25104357652151765,0
rf,3,SR1482_40X_HE_T124_02,0,0.26289652283200665,0
rf,3,SR1482_40X_HE_T138_01,0,0.04154112554112554,0
rf,3,SR1482_40X_HE_T160_01,0,0.07778539493293592,0
rf,3,SR1482_40X_HE_T160_02,0,0.07375722591885141,0
rf,3,SR1482_40X_HE_T167_01,0,0.16087445887445886,0
rf,3,SR1482_40X_HE_T167_02,0,0.10686753496464434,0
rf,3,SR1482_40X_HE_T175_01,0,0.1773164362519201,0
rf,3,SR1482_40X_HE_T175_02,0,0.2451129730484569,0
rf,3,SR1482_40X_HE_T177_01,1,0.09846192971394305,0
rf,3,SR1482_40X_HE_T188_01,0,0.09052281237221302,0
rf,3,SR1482_40X_HE_T195_01,0,0.09081818181818181,0
rf,3,SR1482_40X_HE_T195_02,0,0.1176837280366692,0
rf,3,SR1482_40X_HE_T202_01,0,0.047318223443223444,0
rf,3,SR1482_40X_HE_T202_02,0,0.06062812456360843,0
rf,3,SR1482_40X_HE_T225_01,0,0.19544588744588742,0
rf,3,SR1482_40X_HE_T225_02,0,0.09920500941039175,0
rf,3,SR1482_40X_HE_T235_01,0,0.1237229437229437,0
rf,3,SR1482_40X_HE_T235_02,0,0.07948484848484848,0
rf,3,SR1482_40X_HE_T236_01,0,0.069871975019516,0
rf,3,SR1482_40X_HE_T236_02,0,0.06362770562770563,0
rf,3,SR1482_40X_HE_T258_01,0,0.09709843779408996,0
rf,3,SR1482_40X_HE_T258_02,0,0.055875,0
rf,3,SR1482_40X_HE_T284_01,1,0.20087846431040768,0
rf,3,SR1482_40X_HE_T284_02,1,0.19352939533584695,0
rf,3,SR1482_40X_HE_T301_01,1,0.10302597402597403,0
rf,3,SR1482_40X_HE_T301_02,1,0.18047240259740258,0
rf,3,SR1482_40X_HE_T309_01,0,0.13078716841830446,0
rf,3,SR1482_40X_HE_T313_01,0,0.08954112554112555,0
rf,3,SR1482_40X_HE_T313_02,0,0.1609051808406647,0
rf,3,SR1482_40X_HE_T338_01,0,0.14304761904761903,0
rf,3,SR1482_40X_HE_T344_01,0,0.11740859822189745,0
rf,3,SR1482_40X_HE_T344_02,0,0.14554166666666668,0
rf,3,SR1482_40X_HE_T346_01,0,0.1558655462184874,0
rf,3,SR1482_40X_HE_T346_02,0,0.14270013726111283,0
rf,3,SR1482_40X_HE_T377_01,0,0.11874418882721369,0
rf,3,SR1482_40X_HE_T377_02,0,0.08884902054467271,0
rf,3,SR1482_40X_HE_T419_01,0,0.0636999147485081,0
rf,3,SR1482_40X_HE_T427_01,0,0.09566666666666666,0
rf,3,SR1482_40X_HE_T427_02,0,0.05562068729930997,0
rf,3,SR386_40X_HE_T007_01,0,0.029643892339544516,0
rf,3,SR386_40X_HE_T015_01,0,0.04,0
rf,3,SR386_40X_HE_T017_01,1,0.19653424649217074,0
rf,3,SR386_40X_HE_T032_01,0,0.025739130434782608,0
rf,3,SR386_40X_HE_T034_01,0,0.03728280892802948,0
rf,3,SR386_40X_HE_T035_01,0,0.08116770186335404,0
rf,3,SR386_40X_HE_T041_01,0,0.34101731601731605,1
rf,3,SR386_40X_HE_T067_01,0,0.03,0
rf,3,SR386_40X_HE_T075_01,0,0.029151515151515154,0
rf,3,SR386_40X_HE_T081_01,0,0.09544436365238852,0
rf,3,SR386_40X_HE_T083_01,0,0.13100374082439298,0
rf,3,SR386_40X_HE_T085_01,0,0.015818181818181818,0
rf,3,SR386_40X_HE_T095_01,0,0.07753342759391146,0
rf,3,SR386_40X_HE_T104_01,0,0.10339755802869406,0
rf,3,SR386_40X_HE_T106_01,0,0.055143276078759955,0
rf,3,SR386_40X_HE_T112_01,0,0.03795121951219512,0
rf,3,SR386_40X_HE_T128_01,0,0.025579376210512258,0
rf,3,SR386_40X_HE_T132_01,0,0.015951219512195122,0
rf,3,SR386_40X_HE_T138_01,0,0.08059495615189952,0
rf,3,SR386_40X_HE_T142_01,0,0.12525802277432713,0
rf,3,SR386_40X_HE_T149_01,0,0.06485640035285983,0
rf,3,SR386_40X_HE_T165_01,1,0.12089814215476993,0
rf,3,SR386_40X_HE_T179_01,0,0.12154774714763954,0
rf,3,SR386_40X_HE_T180_01,0,0.09081128976980636,0
rf,3,SR386_40X_HE_T182_01,0,0.054,0
rf,3,SR386_40X_HE_T184_01,0,0.08876078659552329,0
rf,3,SR386_40X_HE_T188_01,0,0.035722943722943726,0
rf,3,SR386_40X_HE_T191_01,0,0.0920203323558162,0
rf,3,SR386_40X_HE_T197_01,0,0.04863204577113028,0
rf,3,SR386_40X_HE_T201_01,0,0.03995121951219512,0
rf,3,SR386_40X_HE_T202_01,0,0.018,0
rf,3,SR386_40X_HE_T208_01,0,0.06767461430575035,0
rf,3,SR386_40X_HE_T216_01,1,0.2786109253065775,0
rf,3,SR386_40X_HE_T238_01,0,0.026,0
rf,3,SR386_40X_HE_T244_01,0,0.06363387978142077,0
rf,3,SR386_40X_HE_T248_01,0,0.03166666666666666,0
rf,3,SR386_40X_HE_T249_01,0,0.02354961430575035,0
rf,3,SR386_40X_HE_T250_01,0,0.06361842187504967,0
rf,3,SR386_40X_HE_T263_01,0,0.06693707415772633,0
rf,3,SR386_40X_HE_T267_01,0,0.08549279612393217,0
rf,3,SR386_40X_HE_T269_01,0,0.0352051282051282,0
rf,3,SR386_40X_HE_T277_01,0,0.05764389233954451,0
rf,3,SR386_40X_HE_T286_01,0,0.1432688172043011,0
rf,3,SR386_40X_HE_T287_01,0,0.13543089616546514,0
rf,3,SR386_40X_HE_T290_01,0,0.10167461430575035,0
rf,3,SR386_40X_HE_T293_01,0,0.041935483870967745,0
rf,3,SR386_40X_HE_T298_01,0,0.055935483870967743,0
rf,3,SR386_40X_HE_T303_01,0,0.021532467532467535,0
rf,3,SR386_40X_HE_T312_01,0,0.088,0
rf,3,SR386_40X_HE_T329_01,0,0.1029478952186075,0
rf,3,SR386_40X_HE_T336_01,0,0.044,0
rf,3,SR386_40X_HE_T338_01,0,0.054,0
rf,3,SR386_40X_HE_T342_01,0,0.042,0
rf,3,SR386_40X_HE_T353_01,0,0.08319606200251362,0
rf,3,SR386_40X_HE_T357_01,0,0.011935483870967743,0
rf,3,SR386_40X_HE_T362_01,0,0.06353970945362625,0
rf,3,SR386_40X_HE_T363_01,1,0.20993548387096775,0
rf,3,SR386_40X_HE_T372_01,0,0.1351103090457929,0
rf,3,SR386_40X_HE_T378_01,0,0.011904761904761906,0
rf,3,SR386_40X_HE_T379_01,0,0.048,0
rf,3,SR386_40X_HE_T386_01,0,0.07111772098868875,0
rf,3,SR386_40X_HE_T387_01,0,0.04909494666156658,0
rf,3,SR386_40X_HE_T393_01,0,0.029810483870967745,0
rf,3,SR386_40X_HE_T397_01,0,0.12305786286883848,0
rf,3,SR386_40X_HE_T406_01,0,0.13897941056906318,0
rf,3,SR386_40X_HE_T409_01,0,0.0657797619047619,0
rf,3,SR386_40X_HE_T422_01,0,0.013951219512195122,0
rf,3,SR386_40X_HE_T426_01,0,0.04941209328306103,0
rf,3,SR386_40X_HE_T433_01,0,0.057143817204301076,0
rf,3,SR386_40X_HE_T443_01,0,0.09736272715163434,0
rf,3,SR386_40X_HE_T448_01,0,0.09566666666666668,0
rf,3,SR386_40X_HE_T452_01,0,0.10335701661364441,0
rf,3,SR386_40X_HE_T460_01,1,0.20669792432906037,0
rf,3,SR386_40X_HE_T473_01,0,0.049666666666666665,0
rf,3,SR386_40X_HE_T475_01,0,0.019317427670368845,0
rf,3,SR386_40X_HE_T478_01,0,0.04781818181818182,0
rf,3,SR386_40X_HE_T489_01,1,0.025693181818181816,0
rf,3,SR386_40X_HE_T491_01,0,0.08738302277432712,0
rf,3,SR386_40X_HE_T492_01,0,0.021935483870967745,0
rf,3,SR386_40X_HE_T493_01,0,0.025935483870967745,0
rf,3,SR386_40X_HE_T502_01,0,0.019904761904761904,0
rf,3,SR386_40X_HE_T505_01,0,0.10138754547057031,0
rf,3,SR386_40X_HE_T506_01,0,0.06350270562770563,0
rf,3,SR386_40X_HE_T509_01,0,0.06778539493293592,0
rf,3,SR386_40X_HE_T516_01,0,0.09626881720430107,0
rf,3,SR386_40X_HE_T518_01,0,0.05161413043478261,0
rf,3,SR386_40X_HE_T519_01,0,0.06319688913237301,0
rf,3,SR386_40X_HE_T521_01,0,0.029604676653270004,0
rf,3,SR386_40X_HE_T526_01,0,0.049268817204301076,0
rf,3,SR386_40X_HE_T533_01,0,0.054,0
rf,3,SR386_40X_HE_T543_01,0,0.06993548387096775,0
rf,3,SR386_40X_HE_T544_01,0,0.06563636363636363,0
rf,3,SR386_40X_HE_T556_01,1,0.13593548387096774,0
rf,3,SR386_40X_HE_T560_01,0,0.0749917609272448,0
rf,3,SR386_40X_HE_T563_01,0,0.027904761904761904,0
rf,3,SR386_40X_HE_T568_01,0,0.06918235387800606,0
rf,3,SR386_40X_HE_T571_01,0,0.07384024577572965,0
rf,3,SR386_40X_HE_T572_01,0,0.13542285847145183,0
rf,3,SR386_40X_HE_T573_01,0,0.06953846153846155,0
rf,3,SR386_40X_HE_T583_01,0,0.049270784543325535,0
rf,4,SR1482_40X_HE_T002_01,0,0.03181818181818182,0
rf,4,SR1482_40X_HE_T003_01,0,0.057875,0
rf,4,SR1482_40X_HE_T004_01,0,0.061178030303030304,0
rf,4,SR1482_40X_HE_T004_02,0,0.10607243163340725,0
rf,4,SR1482_40X_HE_T011_01,0,0.06475111070257684,0
rf,4,SR1482_40X_HE_T025_01,0,0.13373801467349855,0
rf,4,SR1482_40X_HE_T025_02,0,0.15025208696182363,0
rf,4,SR1482_40X_HE_T060_01,0,0.10784024577572965,0
rf,4,SR1482_40X_HE_T062_01,0,0.15584024577572964,0
rf,4,SR1482_40X_HE_T062_02,0,0.13902597402597403,0
rf,4,SR1482_40X_HE_T064_01,0,0.212,0
rf,4,SR1482_40X_HE_T064_02,0,0.15776522702104098,0
rf,4,SR1482_40X_HE_T071_01,0,0.10705627705627706,0
rf,4,SR1482_40X_HE_T071_02,0,0.08972294372294373,0
rf,4,SR1482_40X_HE_T074_01,0,0.059507331378299125,0
rf,4,SR1482_40X_HE_T074_02,0,0.07388670338316286,0
rf,4,SR1482_40X_HE_T083_01,0,0.227389860452126,0
rf,4,SR1482_40X_HE_T083_02,0,0.16969318181818183,0
rf,4,SR1482_40X_HE_T087_01,0,0.04878018084066471,0
rf,4,SR1482_40X_HE_T097_01,1,0.16516750048461212,0
rf,4,SR1482_40X_HE_T097_02,1,0.16928709328306105,0
rf,4,SR1482_40X_HE_T108_01,0,0.017739130434782608,0
rf,4,SR1482_40X_HE_T113_01,0,0.10937549407114625,0
rf,4,SR1482_40X_HE_T113_02,0,0.1696363636363636,0
rf,4,SR1482_40X_HE_T121_01,0,0.013935483870967743,0
rf,4,SR1482_40X_HE_T122_01,0,0.03858008658008658,0
rf,4,SR1482_40X_HE_T125_01,0,0.1577229437229437,0
rf,4,SR1482_40X_HE_T125_02,0,0.11937155186801134,0
rf,4,SR1482_40X_HE_T131_01,0,0.22535664335664335,0
rf,4,SR1482_40X_HE_T131_02,0,0.20847073216638431,0
rf,4,SR1482_40X_HE_T132_01,0,0.07176940133037694,0
rf,4,SR1482_40X_HE_T132_02,0,0.13593548387096774,0
rf,4,SR1482_40X_HE_T143_01,0,0.18129644268774703,0
rf,4,SR1482_40X_HE_T143_02,0,0.1921555527221726,0
rf,4,SR1482_40X_HE_T166_01,1,0.04035706229254616,0
rf,4,SR1482_40X_HE_T169_01,0,0.15749279612393216,0
rf,4,SR1482_40X_HE_T176_01,1,0.374795375356351,1
rf,4,SR1482_40X_HE_T176_02,1,0.2738181818181818,0
rf,4,SR1482_40X_HE_T191_01,0,0.06874110875116099,0
rf,4,SR1482_40X_HE_T194_01,0,0.42734531360112754,1
rf,4,SR1482_40X_HE_T218_01,0,0.03769622719268668,0
rf,4,SR1482_40X_HE_T253_01,0,0.03980952380952381,0
rf,4,SR1482_40X_HE_T290_01,0,0.16504216073781292,0
rf,4,SR1482_40X_HE_T308_01,0,0.12318501788067003,0
rf,4,SR1482_40X_HE_T314_01,0,0.30138961038961043,1
rf,4,SR1482_40X_HE_T314_02,0,0.20787096774193548,0
rf,4,SR1482_40X_HE_T372_01,1,0.19390476190476189,0
rf,4,SR1482_40X_HE_T372_02,1,0.16538961038961036,0
rf,4,SR1482_40X_HE_T408_01,0,0.07175366568914955,0
rf,4,SR1482_40X_HE_T412_01,0,0.13941962198624192,0
rf,4,SR1482_40X_HE_T425_01,0,0.011935483870967743,0
rf,4,SR1482_40X_HE_T434_01,1,0.14298797304845692,0
rf,4,SR386_40X_HE_T006_01,0,0.03157184750733138,0
rf,4,SR386_40X_HE_T010_01,0,0.0471860679970436,0
rf,4,SR386_40X_HE_T014_01,0,0.04233428796542401,0
rf,4,SR386_40X_HE_T016_01,0,0.005666666666666667,0
rf,4,SR386_40X_HE_T020_01,0,0.01,0
rf,4,SR386_40X_HE_T027_01,0,0.12776940133037695,0
rf,4,SR386_40X_HE_T028_01,0,0.046,0
rf,4,SR386_40X_HE_T037_01,0,0.03990476190476191,0
rf,4,SR386_40X_HE_T043_01,0,0.036,0
rf,4,SR386_40X_HE_T044_01,1,0.11713677851840631,0
rf,4,SR386_40X_HE_T046_01,0,0.031602150537634405,0
rf,4,SR386_40X_HE_T058_01,0,0.015818181818181818,0
rf,4,SR386_40X_HE_T062_01,0,0.032,0
rf,4,SR386_40X_HE_T065_01,1,0.09712924981522543,0
rf,4,SR386_40X_HE_T080_01,0,0.025666666666666664,0
rf,4,SR386_40X_HE_T091_01,0,0.03771524577572965,0
rf,4,SR386_40X_HE_T094_01,0,0.02354166666666667,0
rf,4,SR386_40X_HE_T097_01,0,0.057359848484848486,0
rf,4,SR386_40X_HE_T100_01,0,0.06868338907469343,0
rf,4,SR386_40X_HE_T107_01,0,0.07723376429424818,0
rf,4,SR386_40X_HE_T109_01,1,0.08258008658008657,0
rf,4,SR386_40X_HE_T110_01,0,0.08767461430575035,0
rf,4,SR386_40X_HE_T117_01,0,0.038872044934310505,0
rf,4,SR386_40X_HE_T127_01,0,0.03153410721272988,0
rf,4,SR386_40X_HE_T129_01,0,0.027602150537634408,0
rf,4,SR386_40X_HE_T136_01,0,0.037753665689149556,0
rf,4,SR386_40X_HE_T154_01,0,0.03693127705627705,0
rf,4,SR386_40X_HE_T168_01,1,0.11735913811527417,0
rf,4,SR386_40X_HE_T175_01,0,0.009904761904761906,0
rf,4,SR386_40X_HE_T189_01,0,0.01781818181818182,0
rf,4,SR386_40X_HE_T195_01,0,0.02366666666666667,0
rf,4,SR386_40X_HE_T227_01,0,0.05966666666666667,0
rf,4,SR386_40X_HE_T233_01,0,0.153061669708788,0
rf,4,SR386_40X_HE_T234_01,0,0.09162770562770561,0
rf,4,SR386_40X_HE_T235_01,0,0.039541125541125544,0
rf,4,SR386_40X_HE_T239_01,0,0.1137391304347826,0
rf,4,SR386_40X_HE_T245_01,0,0.015904761904761904,0
rf,4,SR386_40X_HE_T256_01,0,0.062,0
rf,4,SR386_40X_HE_T265_01,0,0.04309897891963109,0
rf,4,SR386_40X_HE_T268_01,0,0.13169318181818182,0
rf,4,SR386_40X_HE_T270_01,0,0.06039097041341081,0
rf,4,SR386_40X_HE_T272_01,0,0.10173913043478261,0
rf,4,SR386_40X_HE_T273_01,0,0.1713333333333333,0
rf,4,SR386_40X_HE_T276_01,0,0.14928167175961293,0
rf,4,SR386_40X_HE_T278_01,1,0.23349279612393217,0
rf,4,SR386_40X_HE_T284_01,0,0.049775729646697395,0
rf,4,SR386_40X_HE_T285_01,0,0.029935483870967745,0
rf,4,SR386_40X_HE_T288_01,0,0.04515151515151516,0
rf,4,SR386_40X_HE_T291_01,0,0.11781818181818181,0
rf,4,SR386_40X_HE_T300_01,0,0.04780952380952381,0
rf,4,SR386_40X_HE_T302_01,0,0.03581818181818182,0
rf,4,SR386_40X_HE_T305_01,0,0.034,0
rf,4,SR386_40X_HE_T308_01,0,0.04175366568914956,0
rf,4,SR386_40X_HE_T325_01,0,0.04,0
rf,4,SR386_40X_HE_T331_01,0,0.12095699643493761,0
rf,4,SR386_40X_HE_T341_01,0,0.13385598141695704,0
rf,4,SR386_40X_HE_T343_01,1,0.041366836062488234,0
rf,4,SR386_40X_HE_T346_01,0,0.105629866446656,0
rf,4,SR386_40X_HE_T352_01,0,0.04590476190476191,0
rf,4,SR386_40X_HE_T373_01,0,0.13566666666666666,0
rf,4,SR386_40X_HE_T375_01,0,0.132,0
rf,4,SR386_40X_HE_T381_01,0,0.022643892339544516,0
rf,4,SR386_40X_HE_T389_01,0,0.06135664335664336,0
rf,4,SR386_40X_HE_T391_01,0,0.062,0
rf,4,SR386_40X_HE_T394_01,0,0.04084429296194001,0
rf,4,SR386_40X_HE_T399_01,0,0.18942857142857145,0
rf,4,SR386_40X_HE_T403_01,0,0.011246753246753248,0
rf,4,SR386_40X_HE_T405_01,0,0.1051247986212581,0
rf,4,SR386_40X_HE_T407_01,0,0.023875,0
rf,4,SR386_40X_HE_T414_01,0,0.08181818181818182,0
rf,4,SR386_40X_HE_T424_01,0,0.11561009817671809,0
rf,4,SR386_40X_HE_T429_01,0,0.17372294372294372,0
rf,4,SR386_40X_HE_T441_01,0,0.10047347978977761,0
rf,4,SR386_40X_HE_T451_01,0,0.078,0
rf,4,SR386_40X_HE_T453_01,0,0.023356643356643357,0
rf,4,SR386_40X_HE_T455_01,0,0.05340579710144927,0
rf,4,SR386_40X_HE_T465_01,0,0.12173913043478261,0
rf,4,SR386_40X_HE_T474_01,0,0.09750853176515954,0
rf,4,SR386_40X_HE_T476_01,0,0.12847039327126003,0
rf,4,SR386_40X_HE_T479_01,0,0.057453129367046156,0
rf,4,SR386_40X_HE_T482_01,0,0.08942857142857143,0
rf,4,SR386_40X_HE_T487_01,0,0.04554166666666666,0
rf,4,SR386_40X_HE_T490_01,0,0.051452493024604806,0
rf,4,SR386_40X_HE_T494_01,0,0.023541125541125543,0
rf,4,SR386_40X_HE_T500_01,0,0.025602150537634406,0
rf,4,SR386_40X_HE_T510_01,0,0.04,0
rf,4,SR386_40X_HE_T524_01,0,0.06775366568914956,0
rf,4,SR386_40X_HE_T528_01,0,0.13964976958525344,0
rf,4,SR386_40X_HE_T532_01,0,0.057484848484848486,0
rf,4,SR386_40X_HE_T534_01,0,0.1816962271926867,0
rf,4,SR386_40X_HE_T536_01,0,0.014,0
rf,4,SR386_40X_HE_T537_01,0,0.14915151515151515,0
rf,4,SR386_40X_HE_T541_01,0,0.06070896452226376,0
rf,4,SR386_40X_HE_T548_01,1,0.14234169990831982,0
rf,4,SR386_40X_HE_T550_01,0,0.09614327607875997,0
rf,4,SR386_40X_HE_T551_01,0,0.005935483870967742,0
rf,4,SR386_40X_HE_T557_01,0,0.05521532091097309,0
rf,4,SR386_40X_HE_T565_01,0,0.049666666666666665,0
rf,4,SR386_40X_HE_T567_01,0,0.058,0
rf,4,SR386_40X_HE_T575_01,0,0.1378181818181818,0
rf,4,SR386_40X_HE_T576_01,0,0.022,0
rf,4,SR386_40X_HE_T581_01,0,0.0956178861788618,0
