classifier,fold,WSI_ID,target,prob_pos,pred_at_0.5
lin,1,SR1482_40X_HE_T029_01,0,0.9592458916890562,1
lin,1,SR1482_40X_HE_T029_02,0,0.9973488569682599,1
lin,1,SR1482_40X_HE_T057_01,0,0.00033631327097035117,0
lin,1,SR1482_40X_HE_T063_01,1,0.8822826716927692,1
lin,1,SR1482_40X_HE_T063_02,1,4.601788879621546e-05,0
lin,1,SR1482_40X_HE_T065_01,0,0.5320040741573883,1
lin,1,SR1482_40X_HE_T065_02,0,0.09078825513089135,0
lin,1,SR1482_40X_HE_T066_01,0,0.09024397829953552,0
lin,1,SR1482_40X_HE_T066_02,0,0.021509029292376913,0
lin,1,SR1482_40X_HE_T068_01,0,7.812362252467761e-06,0
lin,1,SR1482_40X_HE_T069_01,0,1.364711862472845e-06,0
lin,1,SR1482_40X_HE_T069_02,0,5.11445391930415e-05,0
lin,1,SR1482_40X_HE_T079_01,1,0.0007607644633891664,0
lin,1,SR1482_40X_HE_T079_02,1,0.2679741169681381,0
lin,1,SR1482_40X_HE_T080_01,0,2.8720592658895696e-06,0
lin,1,SR1482_40X_HE_T080_02,0,9.904511681800912e-06,0
lin,1,SR1482_40X_HE_T081_01,0,0.8910785939899062,1
lin,1,SR1482_40X_HE_T081_02,0,0.0011458233075404463,0
lin,1,SR1482_40X_HE_T099_01,0,8.11861007663383e-07,0
lin,1,SR1482_40X_HE_T116_01,0,0.02850561989781488,0
lin,1,SR1482_40X_HE_T117_01,0,0.0019090155967968698,0
lin,1,SR1482_40X_HE_T117_02,0,0.00011288233335896459,0
lin,1,SR1482_40X_HE_T126_01,0,0.000479116748320793,0
lin,1,SR1482_40X_HE_T129_01,0,0.004653961018443178,0
lin,1,SR1482_40X_HE_T129_02,0,0.19254923127340065,0
lin,1,SR1482_40X_HE_T139_01,0,0.018520200246222064,0
lin,1,SR1482_40X_HE_T139_02,0,0.8511563766594565,1
lin,1,SR1482_40X_HE_T147_01,0,0.9999931317420255,1
lin,1,SR1482_40X_HE_T147_02,0,0.9997306297131778,1
lin,1,SR1482_40X_HE_T159_01,0,6.966366332226292e-05,0
lin,1,SR1482_40X_HE_T159_02,0,0.00028604164952996465,0
lin,1,SR1482_40X_HE_T192_01,0,0.00014725557881081002,0
lin,1,SR1482_40X_HE_T199_01,0,7.117782113455365e-06,0
lin,1,SR1482_40X_HE_T304_01,0,0.0003228963449441312,0
lin,1,SR1482_40X_HE_T304_02,0,5.624658880881599e-05,0
lin,1,SR1482_40X_HE_T310_01,1,0.08235434819620512,0
lin,1,SR1482_40X_HE_T310_02,1,0.0004118112496334272,0
lin,1,SR1482_40X_HE_T341_01,0,2.7485537210984e-06,0
lin,1,SR1482_40X_HE_T341_02,0,0.001362034490071306,0
lin,1,SR1482_40X_HE_T353_01,0,0.7132860934108849,1
lin,1,SR1482_40X_HE_T390_01,0,5.807605022329569e-07,0
lin,1,SR1482_40X_HE_T433_01,1,0.5273201035339903,1
lin,1,SR386_40X_HE_T003_01,0,3.6891508132017323e-06,0
lin,1,SR386_40X_HE_T004_01,0,0.5325843405217611,1
lin,1,SR386_40X_HE_T022_01,1,0.9878524595019254,1
lin,1,SR386_40X_HE_T030_01,0,0.934665702914277,1
lin,1,SR386_40X_HE_T033_01,0,3.773982141191053e-07,0
lin,1,SR386_40X_HE_T036_01,0,0.00010073961252603148,0
lin,1,SR386_40X_HE_T038_01,0,7.625852216822675e-05,0
lin,1,SR386_40X_HE_T049_01,0,6.985406640313034e-08,0
lin,1,SR386_40X_HE_T050_01,0,0.0005151664139132868,0
lin,1,SR386_40X_HE_T060_01,0,0.00047030478743767594,0
lin,1,SR386_40X_HE_T063_01,0,0.2723682713082416,0
lin,1,SR386_40X_HE_T066_01,0,9.571874059121571e-06,0
lin,1,SR386_40X_HE_T069_01,0,3.107590669729925e-06,0
lin,1,SR386_40X_HE_T072_01,0,1.5613144485060612e-05,0
lin,1,SR386_40X_HE_T074_01,0,2.0743966798977033e-07,0
lin,1,SR386_40X_HE_T078_01,0,9.189622091098115e-05,0
lin,1,SR386_40X_HE_T079_01,0,5.923066044703816e-09,0
lin,1,SR386_40X_HE_T092_01,1,0.11698745335677405,0
lin,1,SR386_40X_HE_T096_01,0,3.654461307955087e-07,0
lin,1,SR386_40X_HE_T099_01,0,0.0007314244618931272,0
lin,1,SR386_40X_HE_T103_01,0,2.7348387003774316e-14,0
lin,1,SR386_40X_HE_T108_01,0,0.0018660305666406214,0
lin,1,SR386_40X_HE_T113_01,0,0.06427332249082776,0
lin,1,SR386_40X_HE_T114_01,0,7.691049615379606e-05,0
lin,1,SR386_40X_HE_T119_01,0,0.00010568606448106753,0
lin,1,SR386_40X_HE_T126_01,0,0.00032049271155087,0
lin,1,SR386_40X_HE_T130_01,0,2.075572976940325e-08,0
lin,1,SR386_40X_HE_T131_01,0,0.014275834243882537,0
lin,1,SR386_40X_HE_T135_01,0,0.8176202894551188,1
lin,1,SR386_40X_HE_T140_01,0,0.006046156523869304,0
lin,1,SR386_40X_HE_T144_01,0,0.0320473143305046,0
lin,1,SR386_40X_HE_T147_01,0,0.018088844000640664,0
lin,1,SR386_40X_HE_T148_01,0,0.9808111150429755,1
lin,1,SR386_40X_HE_T160_01,0,3.173430337417077e-06,0
lin,1,SR386_40X_HE_T169_01,0,2.3058027619385435e-10,0
lin,1,SR386_40X_HE_T170_01,1,0.9543319641289226,1
lin,1,SR386_40X_HE_T172_01,0,0.9630247504254753,1
lin,1,SR386_40X_HE_T174_01,0,0.05835193039400712,0
lin,1,SR386_40X_HE_T181_01,0,2.8464474262730276e-08,0
lin,1,SR386_40X_HE_T196_01,0,7.466548244738201e-07,0
lin,1,SR386_40X_HE_T205_01,0,0.0014914843253993548,0
lin,1,SR386_40X_HE_T209_01,0,5.94252903060931e-07,0
lin,1,SR386_40X_HE_T210_01,0,0.8488988650322329,1
lin,1,SR386_40X_HE_T212_01,0,6.829948176012093e-07,0
lin,1,SR386_40X_HE_T221_01,0,4.484013426883619e-06,0
lin,1,SR386_40X_HE_T224_01,0,3.0521503414861414e-05,0
lin,1,SR386_40X_HE_T231_01,1,0.00030202339128424546,0
lin,1,SR386_40X_HE_T232_01,0,3.5771406594847707e-09,0
lin,1,SR386_40X_HE_T247_01,0,1.6805945149059707e-05,0
lin,1,SR386_40X_HE_T252_01,0,1.94877112882939e-06,0
lin,1,SR386_40X_HE_T255_01,0,1.965540807285459e-05,0
lin,1,SR386_40X_HE_T259_01,1,0.2468876485861013,0
lin,1,SR386_40X_HE_T274_01,0,6.15024527680263e-07,0
lin,1,SR386_40X_HE_T275_01,0,0.7878956614554462,1
lin,1,SR386_40X_HE_T282_01,0,5.652295689228327e-09,0
lin,1,SR386_40X_HE_T294_01,0,0.9988050390436565,1
lin,1,SR386_40X_HE_T311_01,0,6.378863881607886e-08,0
lin,1,SR386_40X_HE_T315_01,0,9.019552966401792e-07,0
lin,1,SR386_40X_HE_T319_01,1,0.0030788723018332384,0
lin,1,SR386_40X_HE_T324_01,1,0.0011629072904632584,0
lin,1,SR386_40X_HE_T330_01,0,3.89084064457631e-09,0
lin,1,SR386_40X_HE_T333_01,0,0.011410000720370706,0
lin,1,SR386_40X_HE_T335_01,0,1.8903151693968095e-09,0
lin,1,SR386_40X_HE_T337_01,0,0.000134051226454692,0
lin,1,SR386_40X_HE_T344_01,0,0.4249092259328066,0
lin,1,SR386_40X_HE_T347_01,0,1.0764108153901795e-06,0
lin,1,SR386_40X_HE_T350_01,0,4.422278609716116e-07,0
lin,1,SR386_40X_HE_T351_01,0,0.00012768875121478774,0
lin,1,SR386_40X_HE_T360_01,0,2.6355793316129594e-09,0
lin,1,SR386_40X_HE_T361_01,0,0.0005535380853869429,0
lin,1,SR386_40X_HE_T366_01,0,1.0489502561798773e-07,0
lin,1,SR386_40X_HE_T377_01,1,0.9968710253661608,1
lin,1,SR386_40X_HE_T384_01,0,1.7322939823268516e-05,0
lin,1,SR386_40X_HE_T395_01,0,1.1444552747183732e-05,0
lin,1,SR386_40X_HE_T396_01,0,0.00027235403182293344,0
lin,1,SR386_40X_HE_T401_01,0,0.00316211577710119,0
lin,1,SR386_40X_HE_T408_01,0,9.516976987958098e-08,0
lin,1,SR386_40X_HE_T410_01,0,0.7270710825905217,1
lin,1,SR386_40X_HE_T413_01,0,0.00019163866157200738,0
lin,1,SR386_40X_HE_T416_01,0,0.000491968917420408,0
lin,1,SR386_40X_HE_T418_01,0,4.108496383600367e-06,0
lin,1,SR386_40X_HE_T419_01,0,1.2298295457850727e-05,0
lin,1,SR386_40X_HE_T421_01,0,4.782217314915416e-09,0
lin,1,SR386_40X_HE_T423_01,0,6.04264310487131e-07,0
lin,1,SR386_40X_HE_T428_01,0,6.417056177486766e-06,0
lin,1,SR386_40X_HE_T430_01,0,0.00010219752204875149,0
lin,1,SR386_40X_HE_T431_01,0,0.001592946512776672,0
lin,1,SR386_40X_HE_T435_01,0,0.9336325171298865,1
lin,1,SR386_40X_HE_T438_01,0,8.913935430939191e-05,0
lin,1,SR386_40X_HE_T439_01,0,0.000270158063510324,0
lin,1,SR386_40X_HE_T447_01,0,3.756833195181061e-08,0
lin,1,SR386_40X_HE_T449_01,0,0.00021540747411051374,0
lin,1,SR386_40X_HE_T454_01,0,7.844533729503042e-07,0
lin,1,SR386_40X_HE_T456_01,0,1.1702105386696125e-06,0
lin,1,SR386_40X_HE_T461_01,0,0.025045515754289968,0
lin,1,SR386_40X_HE_T462_01,0,0.00019371275003123172,0
lin,1,SR386_40X_HE_T468_01,0,7.457807592223221e-06,0
lin,1,SR386_40X_HE_T469_01,1,0.003395207104996338,0
lin,1,SR386_40X_HE_T470_01,0,0.001695354361755833,0
lin,1,SR386_40X_HE_T471_01,0,1.4782013045043404e-08,0
lin,1,SR386_40X_HE_T477_01,0,0.08274354886240483,0
lin,1,SR386_40X_HE_T480_01,0,0.00021801702972564614,0
lin,1,SR386_40X_HE_T484_01,0,0.0010861185330012964,0
lin,1,SR386_40X_HE_T495_01,0,2.780254080890515e-11,0
lin,1,SR386_40X_HE_T496_01,0,1.0710637361190382e-10,0
lin,1,SR386_40X_HE_T498_01,0,0.637359108204716,1
lin,1,SR386_40X_HE_T504_01,0,1.3934833040214823e-07,0
lin,1,SR386_40X_HE_T511_01,0,0.003010087400800701,0
lin,1,SR386_40X_HE_T517_01,0,0.883843904035511,1
lin,1,SR386_40X_HE_T523_01,0,6.65529382599689e-07,0
lin,1,SR386_40X_HE_T529_01,0,9.137404735445055e-06,0
lin,1,SR386_40X_HE_T542_01,0,5.034962329515659e-07,0
lin,1,SR386_40X_HE_T569_01,0,0.013100544404672208,0
lin,1,SR386_40X_HE_T582_01,0,1.4585208796697957e-06,0
lin,2,SR1482_40X_HE_T009_01,0,1.2084230380040841e-05,0
lin,2,SR1482_40X_HE_T009_02,0,6.976903907743499e-06,0
lin,2,SR1482_40X_HE_T015_01,0,0.000586159123707523,0
lin,2,SR1482_40X_HE_T021_01,0,0.0001369469296376724,0
lin,2,SR1482_40X_HE_T067_01,0,0.00033944894814589286,0
lin,2,SR1482_40X_HE_T075_01,0,0.00038905995668111977,0
lin,2,SR1482_40X_HE_T075_02,0,2.810483759382758e-05,0
lin,2,SR1482_40X_HE_T098_01,0,0.0007412274848874107,0
lin,2,SR1482_40X_HE_T098_02,0,8.734855400350605e-05,0
lin,2,SR1482_40X_HE_T102_01,0,0.0010134458721198821,0
lin,2,SR1482_40X_HE_T123_01,0,0.0005400773819536325,0
lin,2,SR1482_40X_HE_T142_01,0,2.88978630414344e-05,0
lin,2,SR1482_40X_HE_T146_01,0,0.01150688360242212,0
lin,2,SR1482_40X_HE_T148_01,0,0.15234239745196018,0
lin,2,SR1482_40X_HE_T148_02,0,0.9947980635542729,1
lin,2,SR1482_40X_HE_T154_01,0,0.013017654333900055,0
lin,2,SR1482_40X_HE_T158_01,0,8.761844354928367e-09,0
lin,2,SR1482_40X_HE_T161_01,0,0.00020948751845473315,0
lin,2,SR1482_40X_HE_T161_02,0,0.5721964213171035,1
lin,2,SR1482_40X_HE_T164_01,1,0.0001943361276581756,0
lin,2,SR1482_40X_HE_T164_02,1,0.05526789527340179,0
lin,2,SR1482_40X_HE_T168_01,0,0.0007568310301802441,0
lin,2,SR1482_40X_HE_T171_01,0,7.2410413464477895e-06,0
lin,2,SR1482_40X_HE_T171_02,0,7.293094622876951e-10,0
lin,2,SR1482_40X_HE_T178_01,1,1.7438692891265803e-07,0
lin,2,SR1482_40X_HE_T186_01,0,3.1170676811245504e-05,0
lin,2,SR1482_40X_HE_T193_01,0,0.024100762490173056,0
lin,2,SR1482_40X_HE_T193_02,0,0.3737219847257288,0
lin,2,SR1482_40X_HE_T209_01,0,1.000542639013514e-06,0
lin,2,SR1482_40X_HE_T209_02,0,0.09107485512275025,0
lin,2,SR1482_40X_HE_T245_01,0,0.0003836013066916804,0
lin,2,SR1482_40X_HE_T245_02,0,0.00014599645362104973,0
lin,2,SR1482_40X_HE_T265_01,0,0.00035548389345895637,0
lin,2,SR1482_40X_HE_T302_01,0,0.08194234815988959,0
lin,2,SR1482_40X_HE_T343_01,1,0.9530495930474363,1
lin,2,SR1482_40X_HE_T343_02,1,0.0043607995006119645,0
lin,2,SR1482_40X_HE_T399_01,0,0.007393734554285526,0
lin,2,SR1482_40X_HE_T399_02,0,0.24299586294723263,0
lin,2,SR1482_40X_HE_T426_01,0,3.948370386438892e-05,0
lin,2,SR1482_40X_HE_T426_02,0,2.1818378988114376e-05,0
lin,2,SR386_40X_HE_T001_01,0,0.0032449078369917866,0
lin,2,SR386_40X_HE_T013_01,0,1.346095096919313e-07,0
lin,2,SR386_40X_HE_T018_01,0,0.000686247816010798,0
lin,2,SR386_40X_HE_T019_01,0,1.799177779210774e-08,0
lin,2,SR386_40X_HE_T024_01,0,1.6151446079431105e-09,0
lin,2,SR386_40X_HE_T039_01,0,2.0884009030655088e-08,0
lin,2,SR386_40X_HE_T040_01,1,0.9091308334926367,1
lin,2,SR386_40X_HE_T042_01,0,9.836424084049053e-06,0
lin,2,SR386_40X_HE_T047_01,0,2.2040403167136927e-07,0
lin,2,SR386_40X_HE_T051_01,0,1.6327811580563038e-08,0
lin,2,SR386_40X_HE_T052_01,0,0.0004317458738256568,0
lin,2,SR386_40X_HE_T056_01,0,9.713005896095692e-07,0
lin,2,SR386_40X_HE_T057_01,0,1.3433296865397179e-05,0
lin,2,SR386_40X_HE_T070_01,0,3.179339817175745e-05,0
lin,2,SR386_40X_HE_T082_01,0,0.2571388706106865,0
lin,2,SR386_40X_HE_T084_01,0,3.022861996657664e-08,0
lin,2,SR386_40X_HE_T087_01,0,0.46060422817896596,0
lin,2,SR386_40X_HE_T088_01,0,0.020942469331472025,0
lin,2,SR386_40X_HE_T098_01,0,0.24360814962343247,0
lin,2,SR386_40X_HE_T105_01,0,1.3104728740367952e-06,0
lin,2,SR386_40X_HE_T122_01,0,3.408264153043579e-06,0
lin,2,SR386_40X_HE_T123_01,0,3.573931248217725e-06,0
lin,2,SR386_40X_HE_T133_01,0,1.203059783070694e-11,0
lin,2,SR386_40X_HE_T145_01,0,0.00021900464649528013,0
lin,2,SR386_40X_HE_T150_01,0,0.00021254124135891098,0
lin,2,SR386_40X_HE_T152_01,0,0.01454366630576547,0
lin,2,SR386_40X_HE_T155_01,0,6.90273160668382e-07,0
lin,2,SR386_40X_HE_T157_01,0,0.05873245889266277,0
lin,2,SR386_40X_HE_T164_01,0,1.980736253387501e-05,0
lin,2,SR386_40X_HE_T166_01,0,1.0239395425524924e-06,0
lin,2,SR386_40X_HE_T176_01,1,0.01386343571915584,0
lin,2,SR386_40X_HE_T177_01,0,1.209550263074115e-09,0
lin,2,SR386_40X_HE_T178_01,0,0.00034174869409103704,0
lin,2,SR386_40X_HE_T187_01,0,0.00163333020219147,0
lin,2,SR386_40X_HE_T190_01,0,5.204404551505142e-07,0
lin,2,SR386_40X_HE_T192_01,0,4.3474417561378226e-08,0
lin,2,SR386_40X_HE_T198_01,0,2.7362962515232318e-06,0
lin,2,SR386_40X_HE_T200_01,0,0.29517924738952445,0
lin,2,SR386_40X_HE_T206_01,1,7.453309241726465e-06,0
lin,2,SR386_40X_HE_T211_01,0,5.8082712163540045e-09,0
lin,2,SR386_40X_HE_T213_01,0,1.7305454720357242e-05,0
lin,2,SR386_40X_HE_T214_01,0,2.542708124713813e-06,0
lin,2,SR386_40X_HE_T220_01,0,0.015211404238270386,0
lin,2,SR386_40X_HE_T230_01,1,0.5505441104360395,1
lin,2,SR386_40X_HE_T236_01,0,1.8465654048022332e-05,0
lin,2,SR386_40X_HE_T237_01,0,1.5382381109768394e-09,0
lin,2,SR386_40X_HE_T240_01,0,0.0004905476830687763,0
lin,2,SR386_40X_HE_T241_01,0,0.09925496185456513,0
lin,2,SR386_40X_HE_T242_01,0,4.758005894501519e-05,0
lin,2,SR386_40X_HE_T253_01,0,4.844834241291897e-07,0
lin,2,SR386_40X_HE_T260_01,0,7.129595629372525e-07,0
lin,2,SR386_40X_HE_T262_01,0,0.003135094423682449,0
lin,2,SR386_40X_HE_T264_01,0,0.0057845653394533085,0
lin,2,SR386_40X_HE_T271_01,0,1.0216374403484161e-10,0
lin,2,SR386_40X_HE_T281_01,0,7.747415147250706e-08,0
lin,2,SR386_40X_HE_T297_01,0,1.8496074404392835e-07,0
lin,2,SR386_40X_HE_T299_01,0,2.9858601893755767e-09,0
lin,2,SR386_40X_HE_T301_01,0,3.079330866176538e-07,0
lin,2,SR386_40X_HE_T306_01,0,2.505420840196714e-09,0
lin,2,SR386_40X_HE_T309_01,0,8.684819684004933e-07,0
lin,2,SR386_40X_HE_T314_01,0,3.2992385112214993e-06,0
lin,2,SR386_40X_HE_T316_01,0,0.9609338604803574,1
lin,2,SR386_40X_HE_T318_01,0,2.988302125294686e-08,0
lin,2,SR386_40X_HE_T321_01,0,0.03883092062832579,0
lin,2,SR386_40X_HE_T326_01,0,1.6240735681681712e-05,0
lin,2,SR386_40X_HE_T327_01,0,1.0590799581712846e-07,0
lin,2,SR386_40X_HE_T332_01,1,2.5361374495366975e-05,0
lin,2,SR386_40X_HE_T355_01,0,1.8781850259522643e-07,0
lin,2,SR386_40X_HE_T364_01,0,0.19119350188714215,0
lin,2,SR386_40X_HE_T368_01,1,3.797668159508879e-07,0
lin,2,SR386_40X_HE_T374_01,0,1.5972836306581365e-05,0
lin,2,SR386_40X_HE_T380_01,0,1.1651441275575856e-06,0
lin,2,SR386_40X_HE_T382_01,0,6.579631802032706e-07,0
lin,2,SR386_40X_HE_T392_01,0,2.66822306265225e-07,0
lin,2,SR386_40X_HE_T398_01,0,0.5985545630314335,1
lin,2,SR386_40X_HE_T402_01,1,0.001214654298970401,0
lin,2,SR386_40X_HE_T404_01,0,2.5007305653259355e-07,0
lin,2,SR386_40X_HE_T415_01,0,3.1592957061441403e-09,0
lin,2,SR386_40X_HE_T417_01,0,5.86910344014444e-07,0
lin,2,SR386_40X_HE_T425_01,0,1.5707687379408375e-05,0
lin,2,SR386_40X_HE_T436_01,1,0.9969134095167288,1
lin,2,SR386_40X_HE_T437_01,0,1.0122450472748151e-05,0
lin,2,SR386_40X_HE_T440_01,0,0.00022586667015113141,0
lin,2,SR386_40X_HE_T445_01,0,1.4934195383831638e-05,0
lin,2,SR386_40X_HE_T450_01,0,0.0003434143681058466,0
lin,2,SR386_40X_HE_T459_01,0,5.6831910028805444e-05,0
lin,2,SR386_40X_HE_T472_01,0,2.08505043392507e-09,0
lin,2,SR386_40X_HE_T481_01,0,0.04137871886374209,0
lin,2,SR386_40X_HE_T483_01,0,0.00033951502461459934,0
lin,2,SR386_40X_HE_T486_01,0,0.02151927008185899,0
lin,2,SR386_40X_HE_T488_01,0,2.0542187637143034e-09,0
lin,2,SR386_40X_HE_T499_01,0,5.872953455025374e-10,0
lin,2,SR386_40X_HE_T507_01,0,0.0006925851778849445,0
lin,2,SR386_40X_HE_T514_01,0,6.929096270085994e-09,0
lin,2,SR386_40X_HE_T520_01,1,7.331674646546309e-08,0
lin,2,SR386_40X_HE_T522_01,0,0.019156613434910624,0
lin,2,SR386_40X_HE_T531_01,0,3.578265688600804e-06,0
lin,2,SR386_40X_HE_T535_01,0,5.154092261880267e-12,0
lin,2,SR386_40X_HE_T539_01,0,0.00020115137735092427,0
lin,2,SR386_40X_HE_T549_01,0,4.027961610031608e-11,0
lin,2,SR386_40X_HE_T552_01,0,0.00044108229425414327,0
lin,2,SR386_40X_HE_T553_01,0,2.4410348483909965e-06,0
lin,2,SR386_40X_HE_T554_01,0,1.7551118979688361e-15,0
lin,2,SR386_40X_HE_T558_01,0,0.001074247215002246,0
lin,2,SR386_40X_HE_T564_01,0,1.3368601475995234e-07,0
lin,2,SR386_40X_HE_T570_01,0,1.3685649309939963e-05,0
lin,2,SR386_40X_HE_T574_01,0,9.12111780733039e-09,0
lin,2,SR386_40X_HE_T578_01,0,0.00045964710706900176,0
lin,2,SR386_40X_HE_T580_01,0,3.885279987471717e-07,0
lin,3,SR1482_40X_HE_T005_01,0,0.11839274428081896,0
lin,3,SR1482_40X_HE_T005_02,0,1.0902005529554082e-09,0
lin,3,SR1482_40X_HE_T010_01,0,4.703488617033641e-06,0
lin,3,SR1482_40X_HE_T043_01,0,9.835450826512735e-05,0
lin,3,SR1482_40X_HE_T043_02,0,0.0002913894764857171,0
lin,3,SR1482_40X_HE_T049_01,0,6.240420797538367e-05,0
lin,3,SR1482_40X_HE_T061_01,0,0.05546560367882889,0
lin,3,SR1482_40X_HE_T061_02,0,0.025136220789690338,0
lin,3,SR1482_40X_HE_T070_01,1,3.2068464253589142e-06,0
lin,3,SR1482_40X_HE_T073_01,0,4.775993991746456e-07,0
lin,3,SR1482_40X_HE_T082_01,0,1.2423376975465397e-09,0
lin,3,SR1482_40X_HE_T082_02,0,7.3498865083187464e-06,0
lin,3,SR1482_40X_HE_T089_01,0,1.549086138385825e-09,0
lin,3,SR1482_40X_HE_T090_01,0,1.933245790540157e-10,0
lin,3,SR1482_40X_HE_T094_01,1,0.03466615633277838,0
lin,3,SR1482_40X_HE_T094_02,1,0.00896159706020328,0
lin,3,SR1482_40X_HE_T105_01,0,6.15879753513389e-08,0
lin,3,SR1482_40X_HE_T115_01,0,2.4480440704908955e-06,0
lin,3,SR1482_40X_HE_T115_02,0,0.0003826096554580844,0
lin,3,SR1482_40X_HE_T118_01,0,0.007812753026914908,0
lin,3,SR1482_40X_HE_T118_02,0,9.266864782365047e-06,0
lin,3,SR1482_40X_HE_T120_01,0,0.6763006351848205,1
lin,3,SR1482_40X_HE_T120_02,0,0.2216035147785172,0
lin,3,SR1482_40X_HE_T124_01,0,0.01277341502961983,0
lin,3,SR1482_40X_HE_T124_02,0,0.1716673918278893,0
lin,3,SR1482_40X_HE_T138_01,0,1.4333802421477319e-06,0
lin,3,SR1482_40X_HE_T160_01,0,0.0007833646397379273,0
lin,3,SR1482_40X_HE_T160_02,0,2.0457496747069796e-06,0
lin,3,SR1482_40X_HE_T167_01,0,0.6956836655874917,1
lin,3,SR1482_40X_HE_T167_02,0,0.7736903118589962,1
lin,3,SR1482_40X_HE_T175_01,0,7.113064018671911e-05,0
lin,3,SR1482_40X_HE_T175_02,0,6.173039756347767e-05,0
lin,3,SR1482_40X_HE_T177_01,1,5.489756927132175e-06,0
lin,3,SR1482_40X_HE_T188_01,0,2.6395137652580317e-05,0
lin,3,SR1482_40X_HE_T195_01,0,5.445892746474646e-07,0
lin,3,SR1482_40X_HE_T195_02,0,6.369194526891923e-07,0
lin,3,SR1482_40X_HE_T202_01,0,8.96436219578048e-08,0
lin,3,SR1482_40X_HE_T202_02,0,0.0016118125217404258,0
lin,3,SR1482_40X_HE_T225_01,0,0.8088241345914847,1
lin,3,SR1482_40X_HE_T225_02,0,2.3047999104714784e-09,0
lin,3,SR1482_40X_HE_T235_01,0,0.0019216243026086543,0
lin,3,SR1482_40X_HE_T235_02,0,2.019223858792003e-06,0
lin,3,SR1482_40X_HE_T236_01,0,4.396272536416806e-08,0
lin,3,SR1482_40X_HE_T236_02,0,0.0016691374785967664,0
lin,3,SR1482_40X_HE_T258_01,0,5.313921803475446e-05,0
lin,3,SR1482_40X_HE_T258_02,0,3.25350819100994e-07,0
lin,3,SR1482_40X_HE_T284_01,1,0.04934912820918929,0
lin,3,SR1482_40X_HE_T284_02,1,2.3769551805792735e-05,0
lin,3,SR1482_40X_HE_T301_01,1,0.005643971861256061,0
lin,3,SR1482_40X_HE_T301_02,1,0.0007230290881269274,0
lin,3,SR1482_40X_HE_T309_01,0,0.0016901594953584978,0
lin,3,SR1482_40X_HE_T313_01,0,0.011020933041155527,0
lin,3,SR1482_40X_HE_T313_02,0,0.028718357071165972,0
lin,3,SR1482_40X_HE_T338_01,0,0.015349975317053647,0
lin,3,SR1482_40X_HE_T344_01,0,2.147685440233692e-05,0
lin,3,SR1482_40X_HE_T344_02,0,1.0716698868588167e-05,0
lin,3,SR1482_40X_HE_T346_01,0,0.5856892993355663,1
lin,3,SR1482_40X_HE_T346_02,0,0.778770295766281,1
lin,3,SR1482_40X_HE_T377_01,0,5.2938568046267935e-05,0
lin,3,SR1482_40X_HE_T377_02,0,0.009704736914930071,0
lin,3,SR1482_40X_HE_T419_01,0,0.00016753482578591052,0
lin,3,SR1482_40X_HE_T427_01,0,0.013523013089775292,0
lin,3,SR1482_40X_HE_T427_02,0,0.03290584207097301,0
lin,3,SR386_40X_HE_T007_01,0,0.004874612249235642,0
lin,3,SR386_40X_HE_T015_01,0,5.520106477463055e-06,0
lin,3,SR386_40X_HE_T017_01,1,0.14737260258219123,0
lin,3,SR386_40X_HE_T032_01,0,3.5740256909180654e-06,0
lin,3,SR386_40X_HE_T034_01,0,0.00010957734160281533,0
lin,3,SR386_40X_HE_T035_01,0,0.4078619624654222,0
lin,3,SR386_40X_HE_T041_01,0,0.43951929340549595,0
lin,3,SR386_40X_HE_T067_01,0,4.323772352113766e-06,0
lin,3,SR386_40X_HE_T075_01,0,0.0002982028767116246,0
lin,3,SR386_40X_HE_T081_01,0,0.007365582898400111,0
lin,3,SR386_40X_HE_T083_01,0,0.10224351329030584,0
lin,3,SR386_40X_HE_T085_01,0,1.6899606353686925e-08,0
lin,3,SR386_40X_HE_T095_01,0,0.009933105344814617,0
lin,3,SR386_40X_HE_T104_01,0,0.017125982995946955,0
lin,3,SR386_40X_HE_T106_01,0,2.7166633843113966e-09,0
lin,3,SR386_40X_HE_T112_01,0,3.2587504341589707e-06,0
lin,3,SR386_40X_HE_T128_01,0,1.1434466751849679e-05,0
lin,3,SR386_40X_HE_T132_01,0,9.535408145534559e-10,0
lin,3,SR386_40X_HE_T138_01,0,0.00017775759547990566,0
lin,3,SR386_40X_HE_T142_01,0,0.04311269032703835,0
lin,3,SR386_40X_HE_T149_01,0,0.013888761695471749,0
lin,3,SR386_40X_HE_T165_01,1,0.06105479810210782,0
lin,3,SR386_40X_HE_T179_01,0,0.004192000097678352,0
lin,3,SR386_40X_HE_T180_01,0,0.08238223416189927,0
lin,3,SR386_40X_HE_T182_01,0,9.179218014838863e-06,0
lin,3,SR386_40X_HE_T184_01,0,0.010512789478079283,0
lin,3,SR386_40X_HE_T188_01,0,2.489681304631393e-09,0
lin,3,SR386_40X_HE_T191_01,0,0.0002873629220767143,0
lin,3,SR386_40X_HE_T197_01,0,0.001020470831305104,0
lin,3,SR386_40X_HE_T201_01,0,2.153450698593056e-09,0
lin,3,SR386_40X_HE_T202_01,0,1.914269800249816e-08,0
lin,3,SR386_40X_HE_T208_01,0,1.6679633962002125e-06,0
lin,3,SR386_40X_HE_T216_01,1,0.7610220791817442,1
lin,3,SR386_40X_HE_T238_01,0,7.654847718018884e-06,0
lin,3,SR386_40X_HE_T244_01,0,1.0738517019673603e-07,0
lin,3,SR386_40X_HE_T248_01,0,1.7685444784527783e-07,0
lin,3,SR386_40X_HE_T249_01,0,1.6602861233552715e-10,0
lin,3,SR386_40X_HE_T250_01,0,2.5073378596397685e-08,0
lin,3,SR386_40X_HE_T263_01,0,1.654056699581709e-07,0
lin,3,SR386_40X_HE_T267_01,0,2.5166443767392673e-06,0
lin,3,SR386_40X_HE_T269_01,0,2.4754734000442746e-05,0
lin,3,SR386_40X_HE_T277_01,0,3.5469143394153772e-06,0
lin,3,SR386_40X_HE_T286_01,0,0.9918712900492255,1
lin,3,SR386_40X_HE_T287_01,0,0.0059836530373556076,0
lin,3,SR386_40X_HE_T290_01,0,0.01198399894959208,0
lin,3,SR386_40X_HE_T293_01,0,1.2865118469679298e-06,0
lin,3,SR386_40X_HE_T298_01,0,5.740303764621711e-06,0
lin,3,SR386_40X_HE_T303_01,0,6.536499518949591e-06,0
lin,3,SR386_40X_HE_T312_01,0,0.06287691851716438,0
lin,3,SR386_40X_HE_T329_01,0,4.604169486366308e-06,0
lin,3,SR386_40X_HE_T336_01,0,1.0934448929171363e-05,0
lin,3,SR386_40X_HE_T338_01,0,8.80954483349041e-08,0
lin,3,SR386_40X_HE_T342_01,0,3.7868209523169374e-06,0
lin,3,SR386_40X_HE_T353_01,0,2.3365267174160086e-06,0
lin,3,SR386_40X_HE_T357_01,0,5.742007163839517e-09,0
lin,3,SR386_40X_HE_T362_01,0,0.0003954349930521329,0
lin,3,SR386_40X_HE_T363_01,1,6.18868885414428e-05,0
lin,3,SR386_40X_HE_T372_01,0,0.07865625236878973,0
lin,3,SR386_40X_HE_T378_01,0,1.8671118146810601e-07,0
lin,3,SR386_40X_HE_T379_01,0,4.5510075684927566e-07,0
lin,3,SR386_40X_HE_T386_01,0,0.552610543948967,1
lin,3,SR386_40X_HE_T387_01,0,1.2713790073610376e-07,0
lin,3,SR386_40X_HE_T393_01,0,1.4886606016203717e-05,0
lin,3,SR386_40X_HE_T397_01,0,8.527179309287549e-05,0
lin,3,SR386_40X_HE_T406_01,0,1.1891450283162284e-05,0
lin,3,SR386_40X_HE_T409_01,0,1.7169926867539247e-06,0
lin,3,SR386_40X_HE_T422_01,0,2.4426811039143167e-06,0
lin,3,SR386_40X_HE_T426_01,0,2.1194956013209827e-05,0
lin,3,SR386_40X_HE_T433_01,0,4.4239674526026296e-05,0
lin,3,SR386_40X_HE_T443_01,0,0.011937390050082528,0
lin,3,SR386_40X_HE_T448_01,0,0.052589667853954664,0
lin,3,SR386_40X_HE_T452_01,0,0.00019756949286616341,0
lin,3,SR386_40X_HE_T460_01,1,0.16996344893918414,0
lin,3,SR386_40X_HE_T473_01,0,1.2577941801717496e-08,0
lin,3,SR386_40X_HE_T475_01,0,3.182204416016341e-09,0
lin,3,SR386_40X_HE_T478_01,0,2.254533225392626e-05,0
lin,3,SR386_40X_HE_T489_01,1,9.408593974194036e-08,0
lin,3,SR386_40X_HE_T491_01,0,0.0004111826372753357,0
lin,3,SR386_40X_HE_T492_01,0,2.3000334585472862e-06,0
lin,3,SR386_40X_HE_T493_01,0,1.7122016004893486e-08,0
lin,3,SR386_40X_HE_T502_01,0,7.549082076758174e-06,0
lin,3,SR386_40X_HE_T505_01,0,0.4518393009353626,0
lin,3,SR386_40X_HE_T506_01,0,1.1513321801155234e-06,0
lin,3,SR386_40X_HE_T509_01,0,0.00029949082570017064,0
lin,3,SR386_40X_HE_T516_01,0,0.00029247253285698537,0
lin,3,SR386_40X_HE_T518_01,0,1.1594784502865827e-07,0
lin,3,SR386_40X_HE_T519_01,0,1.304047954530599e-08,0
lin,3,SR386_40X_HE_T521_01,0,3.0313571572092774e-09,0
lin,3,SR386_40X_HE_T526_01,0,3.8059270599893763e-06,0
lin,3,SR386_40X_HE_T533_01,0,4.932469341016318e-07,0
lin,3,SR386_40X_HE_T543_01,0,5.943935427394739e-07,0
lin,3,SR386_40X_HE_T544_01,0,1.0199638678897824e-06,0
lin,3,SR386_40X_HE_T556_01,1,0.9092410189937542,1
lin,3,SR386_40X_HE_T560_01,0,4.283796982389926e-08,0
lin,3,SR386_40X_HE_T563_01,0,9.604693901619449e-08,0
lin,3,SR386_40X_HE_T568_01,0,9.919278064218186e-05,0
lin,3,SR386_40X_HE_T571_01,0,1.7497584852458345e-05,0
lin,3,SR386_40X_HE_T572_01,0,8.054595427358029e-05,0
lin,3,SR386_40X_HE_T573_01,0,7.659986521936218e-05,0
lin,3,SR386_40X_HE_T583_01,0,0.001254808875678137,0
lin,4,SR1482_40X_HE_T002_01,0,3.161353385852555e-07,0
lin,4,SR1482_40X_HE_T003_01,0,0.00032605755729042825,0
lin,4,SR1482_40X_HE_T004_01,0,8.499926560719367e-12,0
lin,4,SR1482_40X_HE_T004_02,0,7.018692095450891e-05,0
lin,4,SR1482_40X_HE_T011_01,0,2.655952209908194e-12,0
lin,4,SR1482_40X_HE_T025_01,0,0.9837120340233224,1
lin,4,SR1482_40X_HE_T025_02,0,0.9874413406650998,1
lin,4,SR1482_40X_HE_T060_01,0,0.0002463231840080593,0
lin,4,SR1482_40X_HE_T062_01,0,5.297354462777769e-06,0
lin,4,SR1482_40X_HE_T062_02,0,1.0089047992523861e-05,0
lin,4,SR1482_40X_HE_T064_01,0,0.8552034845411169,1
lin,4,SR1482_40X_HE_T064_02,0,1.9840930068375376e-05,0
lin,4,SR1482_40X_HE_T071_01,0,0.019155515231999584,0
lin,4,SR1482_40X_HE_T071_02,0,0.00028744348207735825,0
lin,4,SR1482_40X_HE_T074_01,0,7.224315391389399e-08,0
lin,4,SR1482_40X_HE_T074_02,0,2.1752995353234644e-06,0
lin,4,SR1482_40X_HE_T083_01,0,0.8365782991411507,1
lin,4,SR1482_40X_HE_T083_02,0,0.007785413028726175,0
lin,4,SR1482_40X_HE_T087_01,0,0.5663271679644899,1
lin,4,SR1482_40X_HE_T097_01,1,0.6925992580151165,1
lin,4,SR1482_40X_HE_T097_02,1,0.3531537721383965,0
lin,4,SR1482_40X_HE_T108_01,0,4.2323889129230086e-10,0
lin,4,SR1482_40X_HE_T113_01,0,3.1231636014759996e-05,0
lin,4,SR1482_40X_HE_T113_02,0,0.00902195098899361,0
lin,4,SR1482_40X_HE_T121_01,0,2.905710674335335e-07,0
lin,4,SR1482_40X_HE_T122_01,0,1.742724630723959e-08,0
lin,4,SR1482_40X_HE_T125_01,0,0.0005482907425595712,0
lin,4,SR1482_40X_HE_T125_02,0,0.0025319554261268966,0
lin,4,SR1482_40X_HE_T131_01,0,0.00012436714599082767,0
lin,4,SR1482_40X_HE_T131_02,0,0.5208032969825008,1
lin,4,SR1482_40X_HE_T132_01,0,0.00011045824271898553,0
lin,4,SR1482_40X_HE_T132_02,0,4.818998353650614e-06,0
lin,4,SR1482_40X_HE_T143_01,0,0.3772743678004778,0
lin,4,SR1482_40X_HE_T143_02,0,0.3434503315633145,0
lin,4,SR1482_40X_HE_T166_01,1,5.983682562276689e-05,0
lin,4,SR1482_40X_HE_T169_01,0,4.006718901842562e-05,0
lin,4,SR1482_40X_HE_T176_01,1,0.9974391082284274,1
lin,4,SR1482_40X_HE_T176_02,1,0.7818517623655423,1
lin,4,SR1482_40X_HE_T191_01,0,0.000259719592913245,0
lin,4,SR1482_40X_HE_T194_01,0,0.20644509218803123,0
lin,4,SR1482_40X_HE_T218_01,0,6.029699501627085e-05,0
lin,4,SR1482_40X_HE_T253_01,0,0.00028562190074434495,0
lin,4,SR1482_40X_HE_T290_01,0,0.0002792010173476914,0
lin,4,SR1482_40X_HE_T308_01,0,3.7082406572384336e-05,0
lin,4,SR1482_40X_HE_T314_01,0,0.0057070163056366415,0
lin,4,SR1482_40X_HE_T314_02,0,0.9961545707627095,1
lin,4,SR1482_40X_HE_T372_01,1,0.8711268028419611,1
lin,4,SR1482_40X_HE_T372_02,1,9.763291449816097e-06,0
lin,4,SR1482_40X_HE_T408_01,0,0.0006258772549732143,0
lin,4,SR1482_40X_HE_T412_01,0,2.0191452215177546e-05,0
lin,4,SR1482_40X_HE_T425_01,0,0.0016901155422949677,0
lin,4,SR1482_40X_HE_T434_01,1,0.0010483950589973495,0
lin,4,SR386_40X_HE_T006_01,0,1.6448757173320024e-05,0
lin,4,SR386_40X_HE_T010_01,0,0.0014904184674181626,0
lin,4,SR386_40X_HE_T014_01,0,4.0716694461013e-09,0
lin,4,SR386_40X_HE_T016_01,0,7.235335586189862e-07,0
lin,4,SR386_40X_HE_T020_01,0,4.5249888445904563e-10,0
lin,4,SR386_40X_HE_T027_01,0,7.688411441760888e-05,0
lin,4,SR386_40X_HE_T028_01,0,0.00036473611395000573,0
lin,4,SR386_40X_HE_T037_01,0,6.522093601057042e-08,0
lin,4,SR386_40X_HE_T043_01,0,1.5004499433209072e-07,0
lin,4,SR386_40X_HE_T044_01,1,0.04089319578308033,0
lin,4,SR386_40X_HE_T046_01,0,0.000304171441064195,0
lin,4,SR386_40X_HE_T058_01,0,5.560777933366347e-06,0
lin,4,SR386_40X_HE_T062_01,0,8.56593352337895e-12,0
lin,4,SR386_40X_HE_T065_01,1,2.8554813476435862e-05,0
lin,4,SR386_40X_HE_T080_01,0,4.906402198514324e-06,0
lin,4,SR386_40X_HE_T091_01,0,5.563761902308026e-07,0
lin,4,SR386_40X_HE_T094_01,0,6.342577448381388e-11,0
lin,4,SR386_40X_HE_T097_01,0,1.2138104711764209e-05,0
lin,4,SR386_40X_HE_T100_01,0,6.89117434399024e-08,0
lin,4,SR386_40X_HE_T107_01,0,0.000727187548660563,0
lin,4,SR386_40X_HE_T109_01,1,0.06980883555133463,0
lin,4,SR386_40X_HE_T110_01,0,0.007667992497779546,0
lin,4,SR386_40X_HE_T117_01,0,0.005368224102325207,0
lin,4,SR386_40X_HE_T127_01,0,1.0079796302794928e-05,0
lin,4,SR386_40X_HE_T129_01,0,1.10332877683777e-07,0
lin,4,SR386_40X_HE_T136_01,0,0.0001688537398711462,0
lin,4,SR386_40X_HE_T154_01,0,0.00017784382246358997,0
lin,4,SR386_40X_HE_T168_01,1,0.3780734596894975,0
lin,4,SR386_40X_HE_T175_01,0,1.0902691153100098e-07,0
lin,4,SR386_40X_HE_T189_01,0,1.2652283012008721e-09,0
lin,4,SR386_40X_HE_T195_01,0,7.036515619410141e-07,0
lin,4,SR386_40X_HE_T227_01,0,1.9725788055275538e-05,0
lin,4,SR386_40X_HE_T233_01,0,0.7636737466940664,1
lin,4,SR386_40X_HE_T234_01,0,0.0012959254266244964,0
lin,4,SR386_40X_HE_T235_01,0,0.00013878462802013262,0
lin,4,SR386_40X_HE_T239_01,0,0.020792779563105254,0
lin,4,SR386_40X_HE_T245_01,0,1.7903394790868282e-07,0
lin,4,SR386_40X_HE_T256_01,0,0.0002485224205992742,0
lin,4,SR386_40X_HE_T265_01,0,1.2053358980007455e-06,0
lin,4,SR386_40X_HE_T268_01,0,1.7867319164567737e-06,0
lin,4,SR386_40X_HE_T270_01,0,3.027006864659159e-07,0
lin,4,SR386_40X_HE_T272_01,0,0.019558139716282938,0
lin,4,SR386_40X_HE_T273_01,0,0.0052620085719260945,0
lin,4,SR386_40X_HE_T276_01,0,8.638167349980527e-05,0
lin,4,SR386_40X_HE_T278_01,1,0.9163833551737552,1
lin,4,SR386_40X_HE_T284_01,0,3.795229478368323e-08,0
lin,4,SR386_40X_HE_T285_01,0,1.0418442275274825e-07,0
lin,4,SR386_40X_HE_T288_01,0,3.87195130276385e-06,0
lin,4,SR386_40X_HE_T291_01,0,1.6081160424226344e-06,0
lin,4,SR386_40X_HE_T300_01,0,1.0353733774856706e-05,0
lin,4,SR386_40X_HE_T302_01,0,0.00010026372675722998,0
lin,4,SR386_40X_HE_T305_01,0,1.247215590952017e-06,0
lin,4,SR386_40X_HE_T308_01,0,2.336925046450392e-06,0
lin,4,SR386_40X_HE_T325_01,0,0.00010238327533426168,0
lin,4,SR386_40X_HE_T331_01,0,0.002546305107204511,0
lin,4,SR386_40X_HE_T341_01,0,0.0002460160132091024,0
lin,4,SR386_40X_HE_T343_01,1,5.302803947495715e-08,0
lin,4,SR386_40X_HE_T346_01,0,0.0024009990777267808,0
lin,4,SR386_40X_HE_T352_01,0,8.444569687505758e-06,0
lin,4,SR386_40X_HE_T373_01,0,0.704365559649051,1
lin,4,SR386_40X_HE_T375_01,0,0.04314592989777392,0
lin,4,SR386_40X_HE_T381_01,0,9.367295839301608e-09,0
lin,4,SR386_40X_HE_T389_01,0,4.0817286741917386e-05,0
lin,4,SR386_40X_HE_T391_01,0,6.055110196422737e-07,0
lin,4,SR386_40X_HE_T394_01,0,2.0000884330276398e-10,0
lin,4,SR386_40X_HE_T399_01,0,0.9581538066393787,1
lin,4,SR386_40X_HE_T403_01,0,2.150088654425792e-09,0
lin,4,SR386_40X_HE_T405_01,0,0.004964580722332728,0
lin,4,SR386_40X_HE_T407_01,0,0.00015960301853082054,0
lin,4,SR386_40X_HE_T414_01,0,0.0005730349139453491,0
lin,4,SR386_40X_HE_T424_01,0,0.018101559579224602,0
lin,4,SR386_40X_HE_T429_01,0,1.811852709634122e-05,0
lin,4,SR386_40X_HE_T441_01,0,1.5369328245367139e-06,0
lin,4,SR386_40X_HE_T451_01,0,0.0006642391769045901,0
lin,4,SR386_40X_HE_T453_01,0,1.4494655568584082e-05,0
lin,4,SR386_40X_HE_T455_01,0,6.235451711294794e-05,0
lin,4,SR386_40X_HE_T465_01,0,0.04866807253922646,0
lin,4,SR386_40X_HE_T474_01,0,3.4837538921512314e-05,0
lin,4,SR386_40X_HE_T476_01,0,0.06484448109375092,0
lin,4,SR386_40X_HE_T479_01,0,7.086180733604561e-07,0
lin,4,SR386_40X_HE_T482_01,0,7.12525537424992e-08,0
lin,4,SR386_40X_HE_T487_01,0,5.256958013054232e-07,0
lin,4,SR386_40X_HE_T490_01,0,0.00016831915747068683,0
lin,4,SR386_40X_HE_T494_01,0,8.473582709679542e-08,0
lin,4,SR386_40X_HE_T500_01,0,7.982627127425427e-07,0
lin,4,SR386_40X_HE_T510_01,0,0.08488552983142555,0
lin,4,SR386_40X_HE_T524_01,0,2.667641073942355e-07,0
lin,4,SR386_40X_HE_T528_01,0,0.5248330799307052,1
lin,4,SR386_40X_HE_T532_01,0,6.674045116194323e-07,0
lin,4,SR386_40X_HE_T534_01,0,0.012067529894075406,0
lin,4,SR386_40X_HE_T536_01,0,1.5355220948525343e-08,0
lin,4,SR386_40X_HE_T537_01,0,0.00017385956621628241,0
lin,4,SR386_40X_HE_T541_01,0,3.283419474619071e-07,0
lin,4,SR386_40X_HE_T548_01,1,0.0013337685431554416,0
lin,4,SR386_40X_HE_T550_01,0,0.048184833872496405,0
lin,4,SR386_40X_HE_T551_01,0,2.7785387905582173e-05,0
lin,4,SR386_40X_HE_T557_01,0,0.00045320352401306374,0
lin,4,SR386_40X_HE_T565_01,0,0.0003638089950177333,0
lin,4,SR386_40X_HE_T567_01,0,2.2687614781794257e-05,0
lin,4,SR386_40X_HE_T575_01,0,0.006103834752630292,0
lin,4,SR386_40X_HE_T576_01,0,0.0125829912132869,0
lin,4,SR386_40X_HE_T581_01,0,0.0006747546429426764,0
ann,1,SR1482_40X_HE_T029_01,0,0.7290892601013184,1
ann,1,SR1482_40X_HE_T029_02,0,0.8719044923782349,1
ann,1,SR1482_40X_HE_T057_01,0,0.28356343507766724,0
ann,1,SR1482_40X_HE_T063_01,1,0.8650673031806946,1
ann,1,SR1482_40X_HE_T063_02,1,0.7140922546386719,1
ann,1,SR1482_40X_HE_T065_01,0,0.5300309658050537,1
ann,1,SR1482_40X_HE_T065_02,0,0.5239725112915039,1
ann,1,SR1482_40X_HE_T066_01,0,0.5175238251686096,1
ann,1,SR1482_40X_HE_T066_02,0,0.7932056188583374,1
ann,1,SR1482_40X_HE_T068_01,0,0.43459683656692505,0
ann,1,SR1482_40X_HE_T069_01,0,0.19346562027931213,0
ann,1,SR1482_40X_HE_T069_02,0,0.5400742292404175,1
ann,1,SR1482_40X_HE_T079_01,1,0.5961151719093323,1
ann,1,SR1482_40X_HE_T079_02,1,0.4832971692085266,0
ann,1,SR1482_40X_HE_T080_01,0,0.3920808434486389,0
ann,1,SR1482_40X_HE_T080_02,0,0.5848404169082642,1
ann,1,SR1482_40X_HE_T081_01,0,0.4162559509277344,0
ann,1,SR1482_40X_HE_T081_02,0,0.21542222797870636,0
ann,1,SR1482_40X_HE_T099_01,0,0.3311769962310791,0
ann,1,SR1482_40X_HE_T116_01,0,0.5569481253623962,1
ann,1,SR1482_40X_HE_T117_01,0,0.3502162992954254,0
ann,1,SR1482_40X_HE_T117_02,0,0.22588108479976654,0
ann,1,SR1482_40X_HE_T126_01,0,0.3425765633583069,0
ann,1,SR1482_40X_HE_T129_01,0,0.48665520548820496,0
ann,1,SR1482_40X_HE_T129_02,0,0.6145298480987549,1
ann,1,SR1482_40X_HE_T139_01,0,0.5520655512809753,1
ann,1,SR1482_40X_HE_T139_02,0,0.7019243836402893,1
ann,1,SR1482_40X_HE_T147_01,0,0.9690278768539429,1
ann,1,SR1482_40X_HE_T147_02,0,0.7336112260818481,1
ann,1,SR1482_40X_HE_T159_01,0,0.2937396466732025,0
ann,1,SR1482_40X_HE_T159_02,0,0.4546312689781189,0
ann,1,SR1482_40X_HE_T192_01,0,0.1625552624464035,0
ann,1,SR1482_40X_HE_T199_01,0,0.5226467847824097,1
ann,1,SR1482_40X_HE_T304_01,0,0.2828821539878845,0
ann,1,SR1482_40X_HE_T304_02,0,0.28869321942329407,0
ann,1,SR1482_40X_HE_T310_01,1,0.2991907000541687,0
ann,1,SR1482_40X_HE_T310_02,1,0.3815760910511017,0
ann,1,SR1482_40X_HE_T341_01,0,0.3520868122577667,0
ann,1,SR1482_40X_HE_T341_02,0,0.4429829716682434,0
ann,1,SR1482_40X_HE_T353_01,0,0.48066821694374084,0
ann,1,SR1482_40X_HE_T390_01,0,0.2851117253303528,0
ann,1,SR1482_40X_HE_T433_01,1,0.46414411067962646,0
ann,1,SR386_40X_HE_T003_01,0,0.4696561098098755,0
ann,1,SR386_40X_HE_T004_01,0,0.76162189245224,1
ann,1,SR386_40X_HE_T022_01,1,0.8370510339736938,1
ann,1,SR386_40X_HE_T030_01,0,0.8097680807113647,1
ann,1,SR386_40X_HE_T033_01,0,0.3903716802597046,0
ann,1,SR386_40X_HE_T036_01,0,0.25333869457244873,0
ann,1,SR386_40X_HE_T038_01,0,0.6114023923873901,1
ann,1,SR386_40X_HE_T049_01,0,0.28164514899253845,0
ann,1,SR386_40X_HE_T050_01,0,0.3610699474811554,0
ann,1,SR386_40X_HE_T060_01,0,0.5877922177314758,1
ann,1,SR386_40X_HE_T063_01,0,0.5838623046875,1
ann,1,SR386_40X_HE_T066_01,0,0.21119508147239685,0
ann,1,SR386_40X_HE_T069_01,0,0.5570554137229919,1
ann,1,SR386_40X_HE_T072_01,0,0.3956606090068817,0
ann,1,SR386_40X_HE_T074_01,0,0.347741037607193,0
ann,1,SR386_40X_HE_T078_01,0,0.2625207006931305,0
ann,1,SR386_40X_HE_T079_01,0,0.347183495759964,0
ann,1,SR386_40X_HE_T092_01,1,0.3622194528579712,0
ann,1,SR386_40X_HE_T096_01,0,0.24554769694805145,0
ann,1,SR386_40X_HE_T099_01,0,0.41799601912498474,0
ann,1,SR386_40X_HE_T103_01,0,0.10445086658000946,0
ann,1,SR386_40X_HE_T108_01,0,0.5642188191413879,1
ann,1,SR386_40X_HE_T113_01,0,0.6497800946235657,1
ann,1,SR386_40X_HE_T114_01,0,0.5070436000823975,1
ann,1,SR386_40X_HE_T119_01,0,0.4558912515640259,0
ann,1,SR386_40X_HE_T126_01,0,0.4515569508075714,0
ann,1,SR386_40X_HE_T130_01,0,0.22845223546028137,0
ann,1,SR386_40X_HE_T131_01,0,0.5835835933685303,1
ann,1,SR386_40X_HE_T135_01,0,0.7424514293670654,1
ann,1,SR386_40X_HE_T140_01,0,0.40689876675605774,0
ann,1,SR386_40X_HE_T144_01,0,0.6930624842643738,1
ann,1,SR386_40X_HE_T147_01,0,0.644123375415802,1
ann,1,SR386_40X_HE_T148_01,0,0.5278182029724121,1
ann,1,SR386_40X_HE_T160_01,0,0.3755073547363281,0
ann,1,SR386_40X_HE_T169_01,0,0.23171047866344452,0
ann,1,SR386_40X_HE_T170_01,1,0.7549353837966919,1
ann,1,SR386_40X_HE_T172_01,0,0.7169635891914368,1
ann,1,SR386_40X_HE_T174_01,0,0.5766589641571045,1
ann,1,SR386_40X_HE_T181_01,0,0.3749195337295532,0
ann,1,SR386_40X_HE_T196_01,0,0.34013211727142334,0
ann,1,SR386_40X_HE_T205_01,0,0.5048565864562988,1
ann,1,SR386_40X_HE_T209_01,0,0.42263510823249817,0
ann,1,SR386_40X_HE_T210_01,0,0.3541605770587921,0
ann,1,SR386_40X_HE_T212_01,0,0.3958773910999298,0
ann,1,SR386_40X_HE_T221_01,0,0.2970747649669647,0
ann,1,SR386_40X_HE_T224_01,0,0.36957305669784546,0
ann,1,SR386_40X_HE_T231_01,1,0.8000329732894897,1
ann,1,SR386_40X_HE_T232_01,0,0.22175200283527374,0
ann,1,SR386_40X_HE_T247_01,0,0.37579986453056335,0
ann,1,SR386_40X_HE_T252_01,0,0.34961509704589844,0
ann,1,SR386_40X_HE_T255_01,0,0.18896722793579102,0
ann,1,SR386_40X_HE_T259_01,1,0.3755670189857483,0
ann,1,SR386_40X_HE_T274_01,0,0.311652272939682,0
ann,1,SR386_40X_HE_T275_01,0,0.638176679611206,1
ann,1,SR386_40X_HE_T282_01,0,0.2770446240901947,0
ann,1,SR386_40X_HE_T294_01,0,0.8099542856216431,1
ann,1,SR386_40X_HE_T311_01,0,0.3638409972190857,0
ann,1,SR386_40X_HE_T315_01,0,0.5610795021057129,1
ann,1,SR386_40X_HE_T319_01,1,0.43287110328674316,0
ann,1,SR386_40X_HE_T324_01,1,0.36360347270965576,0
ann,1,SR386_40X_HE_T330_01,0,0.25019654631614685,0
ann,1,SR386_40X_HE_T333_01,0,0.4516725242137909,0
ann,1,SR386_40X_HE_T335_01,0,0.24193890392780304,0
ann,1,SR386_40X_HE_T337_01,0,0.45243969559669495,0
ann,1,SR386_40X_HE_T344_01,0,0.4662781059741974,0
ann,1,SR386_40X_HE_T347_01,0,0.4378521740436554,0
ann,1,SR386_40X_HE_T350_01,0,0.3731943666934967,0
ann,1,SR386_40X_HE_T351_01,0,0.4814492166042328,0
ann,1,SR386_40X_HE_T360_01,0,0.2931455075740814,0
ann,1,SR386_40X_HE_T361_01,0,0.5135805606842041,1
ann,1,SR386_40X_HE_T366_01,0,0.2935943305492401,0
ann,1,SR386_40X_HE_T377_01,1,0.2855684459209442,0
ann,1,SR386_40X_HE_T384_01,0,0.43229225277900696,0
ann,1,SR386_40X_HE_T395_01,0,0.41581466794013977,0
ann,1,SR386_40X_HE_T396_01,0,0.46018385887145996,0
ann,1,SR386_40X_HE_T401_01,0,0.5780332684516907,1
ann,1,SR386_40X_HE_T408_01,0,0.29058459401130676,0
ann,1,SR386_40X_HE_T410_01,0,0.44776859879493713,0
ann,1,SR386_40X_HE_T413_01,0,0.743375301361084,1
ann,1,SR386_40X_HE_T416_01,0,0.2950526773929596,0
ann,1,SR386_40X_HE_T418_01,0,0.284925252199173,0
ann,1,SR386_40X_HE_T419_01,0,0.2612387537956238,0
ann,1,SR386_40X_HE_T421_01,0,0.2991367280483246,0
ann,1,SR386_40X_HE_T423_01,0,0.26052984595298767,0
ann,1,SR386_40X_HE_T428_01,0,0.43021515011787415,0
ann,1,SR386_40X_HE_T430_01,0,0.3145386576652527,0
ann,1,SR386_40X_HE_T431_01,0,0.3737848699092865,0
ann,1,SR386_40X_HE_T435_01,0,0.4659949839115143,0
ann,1,SR386_40X_HE_T438_01,0,0.3767257332801819,0
ann,1,SR386_40X_HE_T439_01,0,0.24383221566677094,0
ann,1,SR386_40X_HE_T447_01,0,0.40486088395118713,0
ann,1,SR386_40X_HE_T449_01,0,0.4510662257671356,0
ann,1,SR386_40X_HE_T454_01,0,0.2580472230911255,0
ann,1,SR386_40X_HE_T456_01,0,0.31161344051361084,0
ann,1,SR386_40X_HE_T461_01,0,0.4155341684818268,0
ann,1,SR386_40X_HE_T462_01,0,0.38866496086120605,0
ann,1,SR386_40X_HE_T468_01,0,0.3052971065044403,0
ann,1,SR386_40X_HE_T469_01,1,0.28975722193717957,0
ann,1,SR386_40X_HE_T470_01,0,0.5270616412162781,1
ann,1,SR386_40X_HE_T471_01,0,0.28635838627815247,0
ann,1,SR386_40X_HE_T477_01,0,0.4392070770263672,0
ann,1,SR386_40X_HE_T480_01,0,0.37260156869888306,0
ann,1,SR386_40X_HE_T484_01,0,0.5025319457054138,1
ann,1,SR386_40X_HE_T495_01,0,0.2434834986925125,0
ann,1,SR386_40X_HE_T496_01,0,0.29613232612609863,0
ann,1,SR386_40X_HE_T498_01,0,0.7928725481033325,1
ann,1,SR386_40X_HE_T504_01,0,0.21035131812095642,0
ann,1,SR386_40X_HE_T511_01,0,0.5226569771766663,1
ann,1,SR386_40X_HE_T517_01,0,0.515976071357727,1
ann,1,SR386_40X_HE_T523_01,0,0.269709974527359,0
ann,1,SR386_40X_HE_T529_01,0,0.3943166732788086,0
ann,1,SR386_40X_HE_T542_01,0,0.314443975687027,0
ann,1,SR386_40X_HE_T569_01,0,0.320273756980896,0
ann,1,SR386_40X_HE_T582_01,0,0.3668767809867859,0
ann,2,SR1482_40X_HE_T009_01,0,0.3764488101005554,0
ann,2,SR1482_40X_HE_T009_02,0,0.3374384343624115,0
ann,2,SR1482_40X_HE_T015_01,0,0.4756092429161072,0
ann,2,SR1482_40X_HE_T021_01,0,0.3948632776737213,0
ann,2,SR1482_40X_HE_T067_01,0,0.42850789427757263,0
ann,2,SR1482_40X_HE_T075_01,0,0.44570448994636536,0
ann,2,SR1482_40X_HE_T075_02,0,0.5732753276824951,1
ann,2,SR1482_40X_HE_T098_01,0,0.48755839467048645,0
ann,2,SR1482_40X_HE_T098_02,0,0.3071865141391754,0
ann,2,SR1482_40X_HE_T102_01,0,0.5360095500946045,1
ann,2,SR1482_40X_HE_T123_01,0,0.42180800437927246,0
ann,2,SR1482_40X_HE_T142_01,0,0.3846268951892853,0
ann,2,SR1482_40X_HE_T146_01,0,0.8952012062072754,1
ann,2,SR1482_40X_HE_T148_01,0,0.5203712582588196,1
ann,2,SR1482_40X_HE_T148_02,0,0.5374325513839722,1
ann,2,SR1482_40X_HE_T154_01,0,0.4272852838039398,0
ann,2,SR1482_40X_HE_T158_01,0,0.4238146245479584,0
ann,2,SR1482_40X_HE_T161_01,0,0.5493029952049255,1
ann,2,SR1482_40X_HE_T161_02,0,0.31047719717025757,0
ann,2,SR1482_40X_HE_T164_01,1,0.4256610870361328,0
ann,2,SR1482_40X_HE_T164_02,1,0.37225043773651123,0
ann,2,SR1482_40X_HE_T168_01,0,0.40380769968032837,0
ann,2,SR1482_40X_HE_T171_01,0,0.41805341839790344,0
ann,2,SR1482_40X_HE_T171_02,0,0.22603105008602142,0
ann,2,SR1482_40X_HE_T178_01,1,0.37775394320487976,0
ann,2,SR1482_40X_HE_T186_01,0,0.32093608379364014,0
ann,2,SR1482_40X_HE_T193_01,0,0.5985643863677979,1
ann,2,SR1482_40X_HE_T193_02,0,0.7122675180435181,1
ann,2,SR1482_40X_HE_T209_01,0,0.49114763736724854,0
ann,2,SR1482_40X_HE_T209_02,0,0.8563769459724426,1
ann,2,SR1482_40X_HE_T245_01,0,0.5870267748832703,1
ann,2,SR1482_40X_HE_T245_02,0,0.43961769342422485,0
ann,2,SR1482_40X_HE_T265_01,0,0.2970063090324402,0
ann,2,SR1482_40X_HE_T302_01,0,0.5664840340614319,1
ann,2,SR1482_40X_HE_T343_01,1,0.8033950924873352,1
ann,2,SR1482_40X_HE_T343_02,1,0.6993659734725952,1
ann,2,SR1482_40X_HE_T399_01,0,0.4393981695175171,0
ann,2,SR1482_40X_HE_T399_02,0,0.8829829096794128,1
ann,2,SR1482_40X_HE_T426_01,0,0.30975762009620667,0
ann,2,SR1482_40X_HE_T426_02,0,0.2630646824836731,0
ann,2,SR386_40X_HE_T001_01,0,0.43617546558380127,0
ann,2,SR386_40X_HE_T013_01,0,0.45980826020240784,0
ann,2,SR386_40X_HE_T018_01,0,0.4931217133998871,0
ann,2,SR386_40X_HE_T019_01,0,0.2166038602590561,0
ann,2,SR386_40X_HE_T024_01,0,0.2722739279270172,0
ann,2,SR386_40X_HE_T039_01,0,0.3524247109889984,0
ann,2,SR386_40X_HE_T040_01,1,0.8342456817626953,1
ann,2,SR386_40X_HE_T042_01,0,0.46225741505622864,0
ann,2,SR386_40X_HE_T047_01,0,0.3173765242099762,0
ann,2,SR386_40X_HE_T051_01,0,0.4250829815864563,0
ann,2,SR386_40X_HE_T052_01,0,0.4056684374809265,0
ann,2,SR386_40X_HE_T056_01,0,0.4550953507423401,0
ann,2,SR386_40X_HE_T057_01,0,0.44446301460266113,0
ann,2,SR386_40X_HE_T070_01,0,0.39351996779441833,0
ann,2,SR386_40X_HE_T082_01,0,0.757400393486023,1
ann,2,SR386_40X_HE_T084_01,0,0.5062500834465027,1
ann,2,SR386_40X_HE_T087_01,0,0.7257639169692993,1
ann,2,SR386_40X_HE_T088_01,0,0.5586759448051453,1
ann,2,SR386_40X_HE_T098_01,0,0.5402112007141113,1
ann,2,SR386_40X_HE_T105_01,0,0.3641692101955414,0
ann,2,SR386_40X_HE_T122_01,0,0.45985686779022217,0
ann,2,SR386_40X_HE_T123_01,0,0.37307295203208923,0
ann,2,SR386_40X_HE_T133_01,0,0.38334959745407104,0
ann,2,SR386_40X_HE_T145_01,0,0.48038002848625183,0
ann,2,SR386_40X_HE_T150_01,0,0.5150541067123413,1
ann,2,SR386_40X_HE_T152_01,0,0.4613751471042633,0
ann,2,SR386_40X_HE_T155_01,0,0.3648566007614136,0
ann,2,SR386_40X_HE_T157_01,0,0.5048937201499939,1
ann,2,SR386_40X_HE_T164_01,0,0.41755440831184387,0
ann,2,SR386_40X_HE_T166_01,0,0.314921498298645,0
ann,2,SR386_40X_HE_T176_01,1,0.5827691555023193,1
ann,2,SR386_40X_HE_T177_01,0,0.3256967067718506,0
ann,2,SR386_40X_HE_T178_01,0,0.5422300100326538,1
ann,2,SR386_40X_HE_T187_01,0,0.5145443081855774,1
ann,2,SR386_40X_HE_T190_01,0,0.2838030755519867,0
ann,2,SR386_40X_HE_T192_01,0,0.36645203828811646,0
ann,2,SR386_40X_HE_T198_01,0,0.4053499102592468,0
ann,2,SR386_40X_HE_T200_01,0,0.5127308368682861,1
ann,2,SR386_40X_HE_T206_01,1,0.36060234904289246,0
ann,2,SR386_40X_HE_T211_01,0,0.38140931725502014,0
ann,2,SR386_40X_HE_T213_01,0,0.4089508652687073,0
ann,2,SR386_40X_HE_T214_01,0,0.47886818647384644,0
ann,2,SR386_40X_HE_T220_01,0,0.4679372012615204,0
ann,2,SR386_40X_HE_T230_01,1,0.49628570675849915,0
ann,2,SR386_40X_HE_T236_01,0,0.39390480518341064,0
ann,2,SR386_40X_HE_T237_01,0,0.2830217182636261,0
ann,2,SR386_40X_HE_T240_01,0,0.38352298736572266,0
ann,2,SR386_40X_HE_T241_01,0,0.5340704321861267,1
ann,2,SR386_40X_HE_T242_01,0,0.5624735355377197,1
ann,2,SR386_40X_HE_T253_01,0,0.3189808130264282,0
ann,2,SR386_40X_HE_T260_01,0,0.43976640701293945,0
ann,2,SR386_40X_HE_T262_01,0,0.561693012714386,1
ann,2,SR386_40X_HE_T264_01,0,0.7086295485496521,1
ann,2,SR386_40X_HE_T271_01,0,0.28001394867897034,0
ann,2,SR386_40X_HE_T281_01,0,0.33946195244789124,0
ann,2,SR386_40X_HE_T297_01,0,0.3686225712299347,0
ann,2,SR386_40X_HE_T299_01,0,0.3641192615032196,0
ann,2,SR386_40X_HE_T301_01,0,0.4666326344013214,0
ann,2,SR386_40X_HE_T306_01,0,0.3579927086830139,0
ann,2,SR386_40X_HE_T309_01,0,0.36968132853507996,0
ann,2,SR386_40X_HE_T314_01,0,0.3858379125595093,0
ann,2,SR386_40X_HE_T316_01,0,0.8922790288925171,1
ann,2,SR386_40X_HE_T318_01,0,0.3285006582736969,0
ann,2,SR386_40X_HE_T321_01,0,0.5732675194740295,1
ann,2,SR386_40X_HE_T326_01,0,0.43378663063049316,0
ann,2,SR386_40X_HE_T327_01,0,0.39322665333747864,0
ann,2,SR386_40X_HE_T332_01,1,0.4215065538883209,0
ann,2,SR386_40X_HE_T355_01,0,0.3530516028404236,0
ann,2,SR386_40X_HE_T364_01,0,0.5742605328559875,1
ann,2,SR386_40X_HE_T368_01,1,0.39960575103759766,0
ann,2,SR386_40X_HE_T374_01,0,0.5044595003128052,1
ann,2,SR386_40X_HE_T380_01,0,0.431442528963089,0
ann,2,SR386_40X_HE_T382_01,0,0.3682681918144226,0
ann,2,SR386_40X_HE_T392_01,0,0.4431766867637634,0
ann,2,SR386_40X_HE_T398_01,0,0.5189247727394104,1
ann,2,SR386_40X_HE_T402_01,1,0.7262116074562073,1
ann,2,SR386_40X_HE_T404_01,0,0.3581955134868622,0
ann,2,SR386_40X_HE_T415_01,0,0.3360366225242615,0
ann,2,SR386_40X_HE_T417_01,0,0.3388448655605316,0
ann,2,SR386_40X_HE_T425_01,0,0.38362446427345276,0
ann,2,SR386_40X_HE_T436_01,1,0.34313732385635376,0
ann,2,SR386_40X_HE_T437_01,0,0.3944495916366577,0
ann,2,SR386_40X_HE_T440_01,0,0.43947818875312805,0
ann,2,SR386_40X_HE_T445_01,0,0.4731583297252655,0
ann,2,SR386_40X_HE_T450_01,0,0.4357062876224518,0
ann,2,SR386_40X_HE_T459_01,0,0.26094087958335876,0
ann,2,SR386_40X_HE_T472_01,0,0.3533150255680084,0
ann,2,SR386_40X_HE_T481_01,0,0.45979008078575134,0
ann,2,SR386_40X_HE_T483_01,0,0.45589759945869446,0
ann,2,SR386_40X_HE_T486_01,0,0.6504102349281311,1
ann,2,SR386_40X_HE_T488_01,0,0.3680320978164673,0
ann,2,SR386_40X_HE_T499_01,0,0.5057897567749023,1
ann,2,SR386_40X_HE_T507_01,0,0.7531938552856445,1
ann,2,SR386_40X_HE_T514_01,0,0.28410282731056213,0
ann,2,SR386_40X_HE_T520_01,1,0.3435570299625397,0
ann,2,SR386_40X_HE_T522_01,0,0.5176260471343994,1
ann,2,SR386_40X_HE_T531_01,0,0.41598114371299744,0
ann,2,SR386_40X_HE_T535_01,0,0.27765172719955444,0
ann,2,SR386_40X_HE_T539_01,0,0.4577643871307373,0
ann,2,SR386_40X_HE_T549_01,0,0.24586521089076996,0
ann,2,SR386_40X_HE_T552_01,0,0.4291864335536957,0
ann,2,SR386_40X_HE_T553_01,0,0.39031291007995605,0
ann,2,SR386_40X_HE_T554_01,0,0.2964005768299103,0
ann,2,SR386_40X_HE_T558_01,0,0.3593597412109375,0
ann,2,SR386_40X_HE_T564_01,0,0.24039606750011444,0
ann,2,SR386_40X_HE_T570_01,0,0.45785611867904663,0
ann,2,SR386_40X_HE_T574_01,0,0.344862699508667,0
ann,2,SR386_40X_HE_T578_01,0,0.3842983543872833,0
ann,2,SR386_40X_HE_T580_01,0,0.4168851375579834,0
ann,3,SR1482_40X_HE_T005_01,0,0.44717884063720703,0
ann,3,SR1482_40X_HE_T005_02,0,0.3191356062889099,0
ann,3,SR1482_40X_HE_T010_01,0,0.3730832636356354,0
ann,3,SR1482_40X_HE_T043_01,0,0.45190390944480896,0
ann,3,SR1482_40X_HE_T043_02,0,0.5986245274543762,1
ann,3,SR1482_40X_HE_T049_01,0,0.3362348675727844,0
ann,3,SR1482_40X_HE_T061_01,0,0.5685352683067322,1
ann,3,SR1482_40X_HE_T061_02,0,0.4955686926841736,0
ann,3,SR1482_40X_HE_T070_01,1,0.36792442202568054,0
ann,3,SR1482_40X_HE_T073_01,0,0.41223591566085815,0
ann,3,SR1482_40X_HE_T082_01,0,0.31081846356391907,0
ann,3,SR1482_40X_HE_T082_02,0,0.37011751532554626,0
ann,3,SR1482_40X_HE_T089_01,0,0.18807540833950043,0
ann,3,SR1482_40X_HE_T090_01,0,0.31028324365615845,0
ann,3,SR1482_40X_HE_T094_01,1,0.33660605549812317,0
ann,3,SR1482_40X_HE_T094_02,1,0.47258642315864563,0
ann,3,SR1482_40X_HE_T105_01,0,0.24502497911453247,0
ann,3,SR1482_40X_HE_T115_01,0,0.34423163533210754,0
ann,3,SR1482_40X_HE_T115_02,0,0.3897015452384949,0
ann,3,SR1482_40X_HE_T118_01,0,0.45618048310279846,0
ann,3,SR1482_40X_HE_T118_02,0,0.41111207008361816,0
ann,3,SR1482_40X_HE_T120_01,0,0.584306001663208,1
ann,3,SR1482_40X_HE_T120_02,0,0.6760666370391846,1
ann,3,SR1482_40X_HE_T124_01,0,0.4936710000038147,0
ann,3,SR1482_40X_HE_T124_02,0,0.5185557007789612,1
ann,3,SR1482_40X_HE_T138_01,0,0.2902391254901886,0
ann,3,SR1482_40X_HE_T160_01,0,0.33539170026779175,0
ann,3,SR1482_40X_HE_T160_02,0,0.2813642919063568,0
ann,3,SR1482_40X_HE_T167_01,0,0.524692714214325,1
ann,3,SR1482_40X_HE_T167_02,0,0.5371154546737671,1
ann,3,SR1482_40X_HE_T175_01,0,0.41388097405433655,0
ann,3,SR1482_40X_HE_T175_02,0,0.37640631198883057,0
ann,3,SR1482_40X_HE_T177_01,1,0.3137037754058838,0
ann,3,SR1482_40X_HE_T188_01,0,0.4794786274433136,0
ann,3,SR1482_40X_HE_T195_01,0,0.2371046543121338,0
ann,3,SR1482_40X_HE_T195_02,0,0.23970100283622742,0
ann,3,SR1482_40X_HE_T202_01,0,0.3181011974811554,0
ann,3,SR1482_40X_HE_T202_02,0,0.2679377794265747,0
ann,3,SR1482_40X_HE_T225_01,0,0.7238140106201172,1
ann,3,SR1482_40X_HE_T225_02,0,0.22939813137054443,0
ann,3,SR1482_40X_HE_T235_01,0,0.6321800947189331,1
ann,3,SR1482_40X_HE_T235_02,0,0.5081562399864197,1
ann,3,SR1482_40X_HE_T236_01,0,0.294867604970932,0
ann,3,SR1482_40X_HE_T236_02,0,0.39529064297676086,0
ann,3,SR1482_40X_HE_T258_01,0,0.36763542890548706,0
ann,3,SR1482_40X_HE_T258_02,0,0.37851929664611816,0
ann,3,SR1482_40X_HE_T284_01,1,0.48973768949508667,0
ann,3,SR1482_40X_HE_T284_02,1,0.466902494430542,0
ann,3,SR1482_40X_HE_T301_01,1,0.30465641617774963,0
ann,3,SR1482_40X_HE_T301_02,1,0.5722490549087524,1
ann,3,SR1482_40X_HE_T309_01,0,0.40245723724365234,0
ann,3,SR1482_40X_HE_T313_01,0,0.5814768075942993,1
ann,3,SR1482_40X_HE_T313_02,0,0.5756967663764954,1
ann,3,SR1482_40X_HE_T338_01,0,0.5254573225975037,1
ann,3,SR1482_40X_HE_T344_01,0,0.34857821464538574,0
ann,3,SR1482_40X_HE_T344_02,0,0.36734437942504883,0
ann,3,SR1482_40X_HE_T346_01,0,0.527845025062561,1
ann,3,SR1482_40X_HE_T346_02,0,0.517198383808136,1
ann,3,SR1482_40X_HE_T377_01,0,0.4452911913394928,0
ann,3,SR1482_40X_HE_T377_02,0,0.4850176274776459,0
ann,3,SR1482_40X_HE_T419_01,0,0.38107335567474365,0
ann,3,SR1482_40X_HE_T427_01,0,0.4283290207386017,0
ann,3,SR1482_40X_HE_T427_02,0,0.2919275760650635,0
ann,3,SR386_40X_HE_T007_01,0,0.41712573170661926,0
ann,3,SR386_40X_HE_T015_01,0,0.32267120480537415,0
ann,3,SR386_40X_HE_T017_01,1,0.46675029397010803,0
ann,3,SR386_40X_HE_T032_01,0,0.35157352685928345,0
ann,3,SR386_40X_HE_T034_01,0,0.35350143909454346,0
ann,3,SR386_40X_HE_T035_01,0,0.4725712239742279,0
ann,3,SR386_40X_HE_T041_01,0,0.5106517672538757,1
ann,3,SR386_40X_HE_T067_01,0,0.28168055415153503,0
ann,3,SR386_40X_HE_T075_01,0,0.3575531542301178,0
ann,3,SR386_40X_HE_T081_01,0,0.44991540908813477,0
ann,3,SR386_40X_HE_T083_01,0,0.3953526020050049,0
ann,3,SR386_40X_HE_T085_01,0,0.35467007756233215,0
ann,3,SR386_40X_HE_T095_01,0,0.3325687348842621,0
ann,3,SR386_40X_HE_T104_01,0,0.3680229187011719,0
ann,3,SR386_40X_HE_T106_01,0,0.29390719532966614,0
ann,3,SR386_40X_HE_T112_01,0,0.44778260588645935,0
ann,3,SR386_40X_HE_T128_01,0,0.380840539932251,0
ann,3,SR386_40X_HE_T132_01,0,0.31946060061454773,0
ann,3,SR386_40X_HE_T138_01,0,0.3442918062210083,0
ann,3,SR386_40X_HE_T142_01,0,0.4533882439136505,0
ann,3,SR386_40X_HE_T149_01,0,0.4173174500465393,0
ann,3,SR386_40X_HE_T165_01,1,0.46831732988357544,0
ann,3,SR386_40X_HE_T179_01,0,0.4480898976325989,0
ann,3,SR386_40X_HE_T180_01,0,0.44194719195365906,0
ann,3,SR386_40X_HE_T182_01,0,0.4108644127845764,0
ann,3,SR386_40X_HE_T184_01,0,0.444828063249588,0
ann,3,SR386_40X_HE_T188_01,0,0.36632952094078064,0
ann,3,SR386_40X_HE_T191_01,0,0.36635255813598633,0
ann,3,SR386_40X_HE_T197_01,0,0.40140414237976074,0
ann,3,SR386_40X_HE_T201_01,0,0.39692702889442444,0
ann,3,SR386_40X_HE_T202_01,0,0.35447561740875244,0
ann,3,SR386_40X_HE_T208_01,0,0.3881901204586029,0
ann,3,SR386_40X_HE_T216_01,1,0.5974149703979492,1
ann,3,SR386_40X_HE_T238_01,0,0.3326435983181,0
ann,3,SR386_40X_HE_T244_01,0,0.2756686508655548,0
ann,3,SR386_40X_HE_T248_01,0,0.38721513748168945,0
ann,3,SR386_40X_HE_T249_01,0,0.27929461002349854,0
ann,3,SR386_40X_HE_T250_01,0,0.4461219310760498,0
ann,3,SR386_40X_HE_T263_01,0,0.3131960332393646,0
ann,3,SR386_40X_HE_T267_01,0,0.4483864903450012,0
ann,3,SR386_40X_HE_T269_01,0,0.35783493518829346,0
ann,3,SR386_40X_HE_T277_01,0,0.3601039946079254,0
ann,3,SR386_40X_HE_T286_01,0,0.713742733001709,1
ann,3,SR386_40X_HE_T287_01,0,0.3558007776737213,0
ann,3,SR386_40X_HE_T290_01,0,0.4389106035232544,0
ann,3,SR386_40X_HE_T293_01,0,0.314133882522583,0
ann,3,SR386_40X_HE_T298_01,0,0.4649856686592102,0
ann,3,SR386_40X_HE_T303_01,0,0.25851911306381226,0
ann,3,SR386_40X_HE_T312_01,0,0.4507531523704529,0
ann,3,SR386_40X_HE_T329_01,0,0.5997359156608582,1
ann,3,SR386_40X_HE_T336_01,0,0.36837366223335266,0
ann,3,SR386_40X_HE_T338_01,0,0.3534460961818695,0
ann,3,SR386_40X_HE_T342_01,0,0.4683986008167267,0
ann,3,SR386_40X_HE_T353_01,0,0.43659913539886475,0
ann,3,SR386_40X_HE_T357_01,0,0.24275577068328857,0
ann,3,SR386_40X_HE_T362_01,0,0.3523073196411133,0
ann,3,SR386_40X_HE_T363_01,1,0.4648393392562866,0
ann,3,SR386_40X_HE_T372_01,0,0.47901615500450134,0
ann,3,SR386_40X_HE_T378_01,0,0.3326071500778198,0
ann,3,SR386_40X_HE_T379_01,0,0.3605729341506958,0
ann,3,SR386_40X_HE_T386_01,0,0.5002074837684631,1
ann,3,SR386_40X_HE_T387_01,0,0.2912372648715973,0
ann,3,SR386_40X_HE_T393_01,0,0.3368332087993622,0
ann,3,SR386_40X_HE_T397_01,0,0.6040161848068237,1
ann,3,SR386_40X_HE_T406_01,0,0.5199969410896301,1
ann,3,SR386_40X_HE_T409_01,0,0.347516804933548,0
ann,3,SR386_40X_HE_T422_01,0,0.28245118260383606,0
ann,3,SR386_40X_HE_T426_01,0,0.35682693123817444,0
ann,3,SR386_40X_HE_T433_01,0,0.3923693895339966,0
ann,3,SR386_40X_HE_T443_01,0,0.5582872629165649,1
ann,3,SR386_40X_HE_T448_01,0,0.4248371422290802,0
ann,3,SR386_40X_HE_T452_01,0,0.41669830679893494,0
ann,3,SR386_40X_HE_T460_01,1,0.42976778745651245,0
ann,3,SR386_40X_HE_T473_01,0,0.2936168909072876,0
ann,3,SR386_40X_HE_T475_01,0,0.3321334421634674,0
ann,3,SR386_40X_HE_T478_01,0,0.40729424357414246,0
ann,3,SR386_40X_HE_T489_01,1,0.2946084141731262,0
ann,3,SR386_40X_HE_T491_01,0,0.5020479559898376,1
ann,3,SR386_40X_HE_T492_01,0,0.3569371998310089,0
ann,3,SR386_40X_HE_T493_01,0,0.3280128538608551,0
ann,3,SR386_40X_HE_T502_01,0,0.35248810052871704,0
ann,3,SR386_40X_HE_T505_01,0,0.4738461673259735,0
ann,3,SR386_40X_HE_T506_01,0,0.2939842939376831,0
ann,3,SR386_40X_HE_T509_01,0,0.4609917104244232,0
ann,3,SR386_40X_HE_T516_01,0,0.3086271584033966,0
ann,3,SR386_40X_HE_T518_01,0,0.29650235176086426,0
ann,3,SR386_40X_HE_T519_01,0,0.3663782775402069,0
ann,3,SR386_40X_HE_T521_01,0,0.3671404719352722,0
ann,3,SR386_40X_HE_T526_01,0,0.3753435015678406,0
ann,3,SR386_40X_HE_T533_01,0,0.43805068731307983,0
ann,3,SR386_40X_HE_T543_01,0,0.38079023361206055,0
ann,3,SR386_40X_HE_T544_01,0,0.3839237689971924,0
ann,3,SR386_40X_HE_T556_01,1,0.41319140791893005,0
ann,3,SR386_40X_HE_T560_01,0,0.3536698520183563,0
ann,3,SR386_40X_HE_T563_01,0,0.32921794056892395,0
ann,3,SR386_40X_HE_T568_01,0,0.3581707775592804,0
ann,3,SR386_40X_HE_T571_01,0,0.28319084644317627,0
ann,3,SR386_40X_HE_T572_01,0,0.4388718605041504,0
ann,3,SR386_40X_HE_T573_01,0,0.38748419284820557,0
ann,3,SR386_40X_HE_T583_01,0,0.3979949653148651,0
ann,4,SR1482_40X_HE_T002_01,0,0.20621775090694427,0
ann,4,SR1482_40X_HE_T003_01,0,0.22704587876796722,0
ann,4,SR1482_40X_HE_T004_01,0,0.2631676495075226,0
ann,4,SR1482_40X_HE_T004_02,0,0.4512644112110138,0
ann,4,SR1482_40X_HE_T011_01,0,0.28117042779922485,0
ann,4,SR1482_40X_HE_T025_01,0,0.8240286111831665,1
ann,4,SR1482_40X_HE_T025_02,0,0.7856798768043518,1
ann,4,SR1482_40X_HE_T060_01,0,0.3441689908504486,0
ann,4,SR1482_40X_HE_T062_01,0,0.6568201184272766,1
ann,4,SR1482_40X_HE_T062_02,0,0.8867306113243103,1
ann,4,SR1482_40X_HE_T064_01,0,0.5992075204849243,1
ann,4,SR1482_40X_HE_T064_02,0,0.44028785824775696,0
ann,4,SR1482_40X_HE_T071_01,0,0.6612045168876648,1
ann,4,SR1482_40X_HE_T071_02,0,0.3808342516422272,0
ann,4,SR1482_40X_HE_T074_01,0,0.3269096910953522,0
ann,4,SR1482_40X_HE_T074_02,0,0.40764734148979187,0
ann,4,SR1482_40X_HE_T083_01,0,0.687461256980896,1
ann,4,SR1482_40X_HE_T083_02,0,0.4640146791934967,0
ann,4,SR1482_40X_HE_T087_01,0,0.5886509418487549,1
ann,4,SR1482_40X_HE_T097_01,1,0.8805336356163025,1
ann,4,SR1482_40X_HE_T097_02,1,0.5426872968673706,1
ann,4,SR1482_40X_HE_T108_01,0,0.2326676994562149,0
ann,4,SR1482_40X_HE_T113_01,0,0.2310335338115692,0
ann,4,SR1482_40X_HE_T113_02,0,0.4011666774749756,0
ann,4,SR1482_40X_HE_T121_01,0,0.2617346942424774,0
ann,4,SR1482_40X_HE_T122_01,0,0.25637567043304443,0
ann,4,SR1482_40X_HE_T125_01,0,0.27310824394226074,0
ann,4,SR1482_40X_HE_T125_02,0,0.38138705492019653,0
ann,4,SR1482_40X_HE_T131_01,0,0.30763790011405945,0
ann,4,SR1482_40X_HE_T131_02,0,0.5501473546028137,1
ann,4,SR1482_40X_HE_T132_01,0,0.3905048370361328,0
ann,4,SR1482_40X_HE_T132_02,0,0.4658863842487335,0
ann,4,SR1482_40X_HE_T143_01,0,0.717492401599884,1
ann,4,SR1482_40X_HE_T143_02,0,0.5087055563926697,1
ann,4,SR1482_40X_HE_T166_01,1,0.16628167033195496,0
ann,4,SR1482_40X_HE_T169_01,0,0.3806323707103729,0
ann,4,SR1482_40X_HE_T176_01,1,0.817531406879425,1
ann,4,SR1482_40X_HE_T176_02,1,0.763416588306427,1
ann,4,SR1482_40X_HE_T191_01,0,0.3828020691871643,0
ann,4,SR1482_40X_HE_T194_01,0,0.6651806235313416,1
ann,4,SR1482_40X_HE_T218_01,0,0.3084438741207123,0
ann,4,SR1482_40X_HE_T253_01,0,0.2834234833717346,0
ann,4,SR1482_40X_HE_T290_01,0,0.5321137309074402,1
ann,4,SR1482_40X_HE_T308_01,0,0.4726875424385071,0
ann,4,SR1482_40X_HE_T314_01,0,0.6507402658462524,1
ann,4,SR1482_40X_HE_T314_02,0,0.7336535453796387,1
ann,4,SR1482_40X_HE_T372_01,1,0.3864983916282654,0
ann,4,SR1482_40X_HE_T372_02,1,0.1638474315404892,0
ann,4,SR1482_40X_HE_T408_01,0,0.48706650733947754,0
ann,4,SR1482_40X_HE_T412_01,0,0.3921768367290497,0
ann,4,SR1482_40X_HE_T425_01,0,0.391618549823761,0
ann,4,SR1482_40X_HE_T434_01,1,0.4886886775493622,0
ann,4,SR386_40X_HE_T006_01,0,0.3308750092983246,0
ann,4,SR386_40X_HE_T010_01,0,0.3985447287559509,0
ann,4,SR386_40X_HE_T014_01,0,0.40932437777519226,0
ann,4,SR386_40X_HE_T016_01,0,0.27395930886268616,0
ann,4,SR386_40X_HE_T020_01,0,0.2863543927669525,0
ann,4,SR386_40X_HE_T027_01,0,0.4061525762081146,0
ann,4,SR386_40X_HE_T028_01,0,0.4679704010486603,0
ann,4,SR386_40X_HE_T037_01,0,0.28327253460884094,0
ann,4,SR386_40X_HE_T043_01,0,0.41625508666038513,0
ann,4,SR386_40X_HE_T044_01,1,0.6200456023216248,1
ann,4,SR386_40X_HE_T046_01,0,0.369843453168869,0
ann,4,SR386_40X_HE_T058_01,0,0.3130062222480774,0
ann,4,SR386_40X_HE_T062_01,0,0.26349833607673645,0
ann,4,SR386_40X_HE_T065_01,1,0.294760525226593,0
ann,4,SR386_40X_HE_T080_01,0,0.30813726782798767,0
ann,4,SR386_40X_HE_T091_01,0,0.30440473556518555,0
ann,4,SR386_40X_HE_T094_01,0,0.241152822971344,0
ann,4,SR386_40X_HE_T097_01,0,0.3944989740848541,0
ann,4,SR386_40X_HE_T100_01,0,0.2827017903327942,0
ann,4,SR386_40X_HE_T107_01,0,0.25279700756073,0
ann,4,SR386_40X_HE_T109_01,1,0.5355663299560547,1
ann,4,SR386_40X_HE_T110_01,0,0.2710913419723511,0
ann,4,SR386_40X_HE_T117_01,0,0.39478129148483276,0
ann,4,SR386_40X_HE_T127_01,0,0.32128602266311646,0
ann,4,SR386_40X_HE_T129_01,0,0.3246876001358032,0
ann,4,SR386_40X_HE_T136_01,0,0.3700226843357086,0
ann,4,SR386_40X_HE_T154_01,0,0.37515029311180115,0
ann,4,SR386_40X_HE_T168_01,1,0.5781365633010864,1
ann,4,SR386_40X_HE_T175_01,0,0.21040552854537964,0
ann,4,SR386_40X_HE_T189_01,0,0.2251988798379898,0
ann,4,SR386_40X_HE_T195_01,0,0.31643909215927124,0
ann,4,SR386_40X_HE_T227_01,0,0.3228592872619629,0
ann,4,SR386_40X_HE_T233_01,0,0.452718049287796,0
ann,4,SR386_40X_HE_T234_01,0,0.42751815915107727,0
ann,4,SR386_40X_HE_T235_01,0,0.31652718782424927,0
ann,4,SR386_40X_HE_T239_01,0,0.7051944136619568,1
ann,4,SR386_40X_HE_T245_01,0,0.33045539259910583,0
ann,4,SR386_40X_HE_T256_01,0,0.3632904291152954,0
ann,4,SR386_40X_HE_T265_01,0,0.45730558037757874,0
ann,4,SR386_40X_HE_T268_01,0,0.21962326765060425,0
ann,4,SR386_40X_HE_T270_01,0,0.25850343704223633,0
ann,4,SR386_40X_HE_T272_01,0,0.5560910701751709,1
ann,4,SR386_40X_HE_T273_01,0,0.36510029435157776,0
ann,4,SR386_40X_HE_T276_01,0,0.414311945438385,0
ann,4,SR386_40X_HE_T278_01,1,0.45677128434181213,0
ann,4,SR386_40X_HE_T284_01,0,0.2046155035495758,0
ann,4,SR386_40X_HE_T285_01,0,0.29723572731018066,0
ann,4,SR386_40X_HE_T288_01,0,0.3203921616077423,0
ann,4,SR386_40X_HE_T291_01,0,0.34512731432914734,0
ann,4,SR386_40X_HE_T300_01,0,0.2755299210548401,0
ann,4,SR386_40X_HE_T302_01,0,0.3091459572315216,0
ann,4,SR386_40X_HE_T305_01,0,0.24928703904151917,0
ann,4,SR386_40X_HE_T308_01,0,0.29925382137298584,0
ann,4,SR386_40X_HE_T325_01,0,0.24991324543952942,0
ann,4,SR386_40X_HE_T331_01,0,0.42511269450187683,0
ann,4,SR386_40X_HE_T341_01,0,0.4379013776779175,0
ann,4,SR386_40X_HE_T343_01,1,0.3223344683647156,0
ann,4,SR386_40X_HE_T346_01,0,0.34195592999458313,0
ann,4,SR386_40X_HE_T352_01,0,0.2899661660194397,0
ann,4,SR386_40X_HE_T373_01,0,0.784094512462616,1
ann,4,SR386_40X_HE_T375_01,0,0.4869949519634247,0
ann,4,SR386_40X_HE_T381_01,0,0.34679093956947327,0
ann,4,SR386_40X_HE_T389_01,0,0.27233508229255676,0
ann,4,SR386_40X_HE_T391_01,0,0.3084121346473694,0
ann,4,SR386_40X_HE_T394_01,0,0.44980472326278687,0
ann,4,SR386_40X_HE_T399_01,0,0.2691316306591034,0
ann,4,SR386_40X_HE_T403_01,0,0.39193108677864075,0
ann,4,SR386_40X_HE_T405_01,0,0.6218984127044678,1
ann,4,SR386_40X_HE_T407_01,0,0.5009159445762634,1
ann,4,SR386_40X_HE_T414_01,0,0.32168295979499817,0
ann,4,SR386_40X_HE_T424_01,0,0.5330939292907715,1
ann,4,SR386_40X_HE_T429_01,0,0.3232518434524536,0
ann,4,SR386_40X_HE_T441_01,0,0.3324420750141144,0
ann,4,SR386_40X_HE_T451_01,0,0.4846009910106659,0
ann,4,SR386_40X_HE_T453_01,0,0.3368190824985504,0
ann,4,SR386_40X_HE_T455_01,0,0.38586103916168213,0
ann,4,SR386_40X_HE_T465_01,0,0.38684117794036865,0
ann,4,SR386_40X_HE_T474_01,0,0.5744428038597107,1
ann,4,SR386_40X_HE_T476_01,0,0.5991076231002808,1
ann,4,SR386_40X_HE_T479_01,0,0.293853223323822,0
ann,4,SR386_40X_HE_T482_01,0,0.1521085649728775,0
ann,4,SR386_40X_HE_T487_01,0,0.23261408507823944,0
ann,4,SR386_40X_HE_T490_01,0,0.30205944180488586,0
ann,4,SR386_40X_HE_T494_01,0,0.3603494465351105,0
ann,4,SR386_40X_HE_T500_01,0,0.21197669208049774,0
ann,4,SR386_40X_HE_T510_01,0,0.41469210386276245,0
ann,4,SR386_40X_HE_T524_01,0,0.41147151589393616,0
ann,4,SR386_40X_HE_T528_01,0,0.36226317286491394,0
ann,4,SR386_40X_HE_T532_01,0,0.31202229857444763,0
ann,4,SR386_40X_HE_T534_01,0,0.41511040925979614,0
ann,4,SR386_40X_HE_T536_01,0,0.29936277866363525,0
ann,4,SR386_40X_HE_T537_01,0,0.3806520402431488,0
ann,4,SR386_40X_HE_T541_01,0,0.343429833650589,0
ann,4,SR386_40X_HE_T548_01,1,0.32211029529571533,0
ann,4,SR386_40X_HE_T550_01,0,0.5776894092559814,1
ann,4,SR386_40X_HE_T551_01,0,0.39727783203125,0
ann,4,SR386_40X_HE_T557_01,0,0.3066834509372711,0
ann,4,SR386_40X_HE_T565_01,0,0.40676018595695496,0
ann,4,SR386_40X_HE_T567_01,0,0.32390791177749634,0
ann,4,SR386_40X_HE_T575_01,0,0.4044046401977539,0
ann,4,SR386_40X_HE_T576_01,0,0.3389987349510193,0
ann,4,SR386_40X_HE_T581_01,0,0.45793989300727844,0
knn,1,SR1482_40X_HE_T029_01,0,0.6666666666666666,1
knn,1,SR1482_40X_HE_T029_02,0,0.6666666666666666,1
knn,1,SR1482_40X_HE_T057_01,0,0.0,0
knn,1,SR1482_40X_HE_T063_01,1,0.6666666666666666,1
knn,1,SR1482_40X_HE_T063_02,1,0.0,0
knn,1,SR1482_40X_HE_T065_01,0,0.0,0
knn,1,SR1482_40X_HE_T065_02,0,0.0,0
knn,1,SR1482_40X_HE_T066_01,0,0.3333333333333333,0
knn,1,SR1482_40X_HE_T066_02,0,0.0,0
knn,1,SR1482_40X_HE_T068_01,0,0.0,0
knn,1,SR1482_40X_HE_T069_01,0,0.0,0
knn,1,SR1482_40X_HE_T069_02,0,0.0,0
knn,1,SR1482_40X_HE_T079_01,1,0.0,0
knn,1,SR1482_40X_HE_T079_02,1,0.0,0
knn,1,SR1482_40X_HE_T080_01,0,0.0,0
knn,1,SR1482_40X_HE_T080_02,0,0.0,0
knn,1,SR1482_40X_HE_T081_01,0,0.0,0
knn,1,SR1482_40X_HE_T081_02,0,0.0,0
knn,1,SR1482_40X_HE_T099_01,0,0.0,0
knn,1,SR1482_40X_HE_T116_01,0,0.0,0
knn,1,SR1482_40X_HE_T117_01,0,0.0,0
knn,1,SR1482_40X_HE_T117_02,0,0.0,0
knn,1,SR1482_40X_HE_T126_01,0,0.0,0
knn,1,SR1482_40X_HE_T129_01,0,0.0,0
knn,1,SR1482_40X_HE_T129_02,0,0.0,0
knn,1,SR1482_40X_HE_T139_01,0,0.3333333333333333,0
knn,1,SR1482_40X_HE_T139_02,0,0.3333333333333333,0
knn,1,SR1482_40X_HE_T147_01,0,0.6666666666666666,1
knn,1,SR1482_40X_HE_T147_02,0,0.3333333333333333,0
knn,1,SR1482_40X_HE_T159_01,0,0.6666666666666666,1
knn,1,SR1482_40X_HE_T159_02,0,0.3333333333333333,0
knn,1,SR1482_40X_HE_T192_01,0,0.0,0
knn,1,SR1482_40X_HE_T199_01,0,0.0,0
knn,1,SR1482_40X_HE_T304_01,0,0.0,0
knn,1,SR1482_40X_HE_T304_02,0,0.3333333333333333,0
knn,1,SR1482_40X_HE_T310_01,1,0.3333333333333333,0
knn,1,SR1482_40X_HE_T310_02,1,0.3333333333333333,0
knn,1,SR1482_40X_HE_T341_01,0,0.0,0
knn,1,SR1482_40X_HE_T341_02,0,0.0,0
knn,1,SR1482_40X_HE_T353_01,0,0.0,0
knn,1,SR1482_40X_HE_T390_01,0,0.0,0
knn,1,SR1482_40X_HE_T433_01,1,0.0,0
knn,1,SR386_40X_HE_T003_01,0,0.0,0
knn,1,SR386_40X_HE_T004_01,0,0.3333333333333333,0
knn,1,SR386_40X_HE_T022_01,1,0.0,0
knn,1,SR386_40X_HE_T030_01,0,0.0,0
knn,1,SR386_40X_HE_T033_01,0,0.3333333333333333,0
knn,1,SR386_40X_HE_T036_01,0,0.3333333333333333,0
knn,1,SR386_40X_HE_T038_01,0,0.3333333333333333,0
knn,1,SR386_40X_HE_T049_01,0,0.0,0
knn,1,SR386_40X_HE_T050_01,0,0.0,0
knn,1,SR386_40X_HE_T060_01,0,0.0,0
knn,1,SR386_40X_HE_T063_01,0,0.3333333333333333,0
knn,1,SR386_40X_HE_T066_01,0,0.0,0
knn,1,SR386_40X_HE_T069_01,0,0.0,0
knn,1,SR386_40X_HE_T072_01,0,0.0,0
knn,1,SR386_40X_HE_T074_01,0,0.0,0
knn,1,SR386_40X_HE_T078_01,0,0.0,0
knn,1,SR386_40X_HE_T079_01,0,0.0,0
knn,1,SR386_40X_HE_T092_01,1,0.0,0
knn,1,SR386_40X_HE_T096_01,0,0.0,0
knn,1,SR386_40X_HE_T099_01,0,0.3333333333333333,0
knn,1,SR386_40X_HE_T103_01,0,0.0,0
knn,1,SR386_40X_HE_T108_01,0,0.0,0
knn,1,SR386_40X_HE_T113_01,0,0.0,0
knn,1,SR386_40X_HE_T114_01,0,0.0,0
knn,1,SR386_40X_HE_T119_01,0,0.0,0
knn,1,SR386_40X_HE_T126_01,0,0.3333333333333333,0
knn,1,SR386_40X_HE_T130_01,0,0.0,0
knn,1,SR386_40X_HE_T131_01,0,0.0,0
knn,1,SR386_40X_HE_T135_01,0,0.3333333333333333,0
knn,1,SR386_40X_HE_T140_01,0,0.0,0
knn,1,SR386_40X_HE_T144_01,0,0.0,0
knn,1,SR386_40X_HE_T147_01,0,0.0,0
knn,1,SR386_40X_HE_T148_01,0,0.3333333333333333,0
knn,1,SR386_40X_HE_T160_01,0,0.0,0
knn,1,SR386_40X_HE_T169_01,0,0.0,0
knn,1,SR386_40X_HE_T170_01,1,0.3333333333333333,0
knn,1,SR386_40X_HE_T172_01,0,0.3333333333333333,0
knn,1,SR386_40X_HE_T174_01,0,0.0,0
knn,1,SR386_40X_HE_T181_01,0,0.0,0
knn,1,SR386_40X_HE_T196_01,0,0.0,0
knn,1,SR386_40X_HE_T205_01,0,0.0,0
knn,1,SR386_40X_HE_T209_01,0,0.0,0
knn,1,SR386_40X_HE_T210_01,0,0.3333333333333333,0
knn,1,SR386_40X_HE_T212_01,0,0.0,0
knn,1,SR386_40X_HE_T221_01,0,0.0,0
knn,1,SR386_40X_HE_T224_01,0,0.0,0
knn,1,SR386_40X_HE_T231_01,1,0.0,0
knn,1,SR386_40X_HE_T232_01,0,0.0,0
knn,1,SR386_40X_HE_T247_01,0,0.0,0
knn,1,SR386_40X_HE_T252_01,0,0.0,0
knn,1,SR386_40X_HE_T255_01,0,0.0,0
knn,1,SR386_40X_HE_T259_01,1,0.0,0
knn,1,SR386_40X_HE_T274_01,0,0.0,0
knn,1,SR386_40X_HE_T275_01,0,0.0,0
knn,1,SR386_40X_HE_T282_01,0,0.0,0
knn,1,SR386_40X_HE_T294_01,0,0.3333333333333333,0
knn,1,SR386_40X_HE_T311_01,0,0.0,0
knn,1,SR386_40X_HE_T315_01,0,0.0,0
knn,1,SR386_40X_HE_T319_01,1,0.3333333333333333,0
knn,1,SR386_40X_HE_T324_01,1,0.3333333333333333,0
knn,1,SR386_40X_HE_T330_01,0,0.0,0
knn,1,SR386_40X_HE_T333_01,0,0.0,0
knn,1,SR386_40X_HE_T335_01,0,0.0,0
knn,1,SR386_40X_HE_T337_01,0,0.0,0
knn,1,SR386_40X_HE_T344_01,0,0.0,0
knn,1,SR386_40X_HE_T347_01,0,0.0,0
knn,1,SR386_40X_HE_T350_01,0,0.0,0
knn,1,SR386_40X_HE_T351_01,0,0.0,0
knn,1,SR386_40X_HE_T360_01,0,0.0,0
knn,1,SR386_40X_HE_T361_01,0,0.0,0
knn,1,SR386_40X_HE_T366_01,0,0.0,0
knn,1,SR386_40X_HE_T377_01,1,0.0,0
knn,1,SR386_40X_HE_T384_01,0,0.0,0
knn,1,SR386_40X_HE_T395_01,0,0.0,0
knn,1,SR386_40X_HE_T396_01,0,0.0,0
knn,1,SR386_40X_HE_T401_01,0,0.0,0
knn,1,SR386_40X_HE_T408_01,0,0.0,0
knn,1,SR386_40X_HE_T410_01,0,0.0,0
knn,1,SR386_40X_HE_T413_01,0,0.0,0
knn,1,SR386_40X_HE_T416_01,0,0.0,0
knn,1,SR386_40X_HE_T418_01,0,0.0,0
knn,1,SR386_40X_HE_T419_01,0,0.0,0
knn,1,SR386_40X_HE_T421_01,0,0.0,0
knn,1,SR386_40X_HE_T423_01,0,0.0,0
knn,1,SR386_40X_HE_T428_01,0,0.0,0
knn,1,SR386_40X_HE_T430_01,0,0.0,0
knn,1,SR386_40X_HE_T431_01,0,0.0,0
knn,1,SR386_40X_HE_T435_01,0,0.0,0
knn,1,SR386_40X_HE_T438_01,0,0.0,0
knn,1,SR386_40X_HE_T439_01,0,0.3333333333333333,0
knn,1,SR386_40X_HE_T447_01,0,0.0,0
knn,1,SR386_40X_HE_T449_01,0,0.0,0
knn,1,SR386_40X_HE_T454_01,0,0.0,0
knn,1,SR386_40X_HE_T456_01,0,0.0,0
knn,1,SR386_40X_HE_T461_01,0,0.0,0
knn,1,SR386_40X_HE_T462_01,0,0.0,0
knn,1,SR386_40X_HE_T468_01,0,0.0,0
knn,1,SR386_40X_HE_T469_01,1,0.0,0
knn,1,SR386_40X_HE_T470_01,0,0.0,0
knn,1,SR386_40X_HE_T471_01,0,0.0,0
knn,1,SR386_40X_HE_T477_01,0,0.0,0
knn,1,SR386_40X_HE_T480_01,0,0.0,0
knn,1,SR386_40X_HE_T484_01,0,0.0,0
knn,1,SR386_40X_HE_T495_01,0,0.0,0
knn,1,SR386_40X_HE_T496_01,0,0.0,0
knn,1,SR386_40X_HE_T498_01,0,0.6666666666666666,1
knn,1,SR386_40X_HE_T504_01,0,0.0,0
knn,1,SR386_40X_HE_T511_01,0,0.3333333333333333,0
knn,1,SR386_40X_HE_T517_01,0,0.0,0
knn,1,SR386_40X_HE_T523_01,0,0.0,0
knn,1,SR386_40X_HE_T529_01,0,0.0,0
knn,1,SR386_40X_HE_T542_01,0,0.0,0
knn,1,SR386_40X_HE_T569_01,0,0.0,0
knn,1,SR386_40X_HE_T582_01,0,0.0,0
knn,2,SR1482_40X_HE_T009_01,0,0.0,0
knn,2,SR1482_40X_HE_T009_02,0,0.2,0
knn,2,SR1482_40X_HE_T015_01,0,0.0,0
knn,2,SR1482_40X_HE_T021_01,0,0.0,0
knn,2,SR1482_40X_HE_T067_01,0,0.0,0
knn,2,SR1482_40X_HE_T075_01,0,0.0,0
knn,2,SR1482_40X_HE_T075_02,0,0.1,0
knn,2,SR1482_40X_HE_T098_01,0,0.1,0
knn,2,SR1482_40X_HE_T098_02,0,0.0,0
knn,2,SR1482_40X_HE_T102_01,0,0.1,0
knn,2,SR1482_40X_HE_T123_01,0,0.1,0
knn,2,SR1482_40X_HE_T142_01,0,0.0,0
knn,2,SR1482_40X_HE_T146_01,0,0.1,0
knn,2,SR1482_40X_HE_T148_01,0,0.1,0
knn,2,SR1482_40X_HE_T148_02,0,0.3,0
knn,2,SR1482_40X_HE_T154_01,0,0.0,0
knn,2,SR1482_40X_HE_T158_01,0,0.1,0
knn,2,SR1482_40X_HE_T161_01,0,0.0,0
knn,2,SR1482_40X_HE_T161_02,0,0.0,0
knn,2,SR1482_40X_HE_T164_01,1,0.1,0
knn,2,SR1482_40X_HE_T164_02,1,0.1,0
knn,2,SR1482_40X_HE_T168_01,0,0.0,0
knn,2,SR1482_40X_HE_T171_01,0,0.3,0
knn,2,SR1482_40X_HE_T171_02,0,0.0,0
knn,2,SR1482_40X_HE_T178_01,1,0.0,0
knn,2,SR1482_40X_HE_T186_01,0,0.1,0
knn,2,SR1482_40X_HE_T193_01,0,0.1,0
knn,2,SR1482_40X_HE_T193_02,0,0.0,0
knn,2,SR1482_40X_HE_T209_01,0,0.3,0
knn,2,SR1482_40X_HE_T209_02,0,0.2,0
knn,2,SR1482_40X_HE_T245_01,0,0.0,0
knn,2,SR1482_40X_HE_T245_02,0,0.1,0
knn,2,SR1482_40X_HE_T265_01,0,0.0,0
knn,2,SR1482_40X_HE_T302_01,0,0.1,0
knn,2,SR1482_40X_HE_T343_01,1,0.2,0
knn,2,SR1482_40X_HE_T343_02,1,0.2,0
knn,2,SR1482_40X_HE_T399_01,0,0.0,0
knn,2,SR1482_40X_HE_T399_02,0,0.0,0
knn,2,SR1482_40X_HE_T426_01,0,0.0,0
knn,2,SR1482_40X_HE_T426_02,0,0.1,0
knn,2,SR386_40X_HE_T001_01,0,0.0,0
knn,2,SR386_40X_HE_T013_01,0,0.0,0
knn,2,SR386_40X_HE_T018_01,0,0.2,0
knn,2,SR386_40X_HE_T019_01,0,0.0,0
knn,2,SR386_40X_HE_T024_01,0,0.0,0
knn,2,SR386_40X_HE_T039_01,0,0.0,0
knn,2,SR386_40X_HE_T040_01,1,0.4,0
knn,2,SR386_40X_HE_T042_01,0,0.2,0
knn,2,SR386_40X_HE_T047_01,0,0.0,0
knn,2,SR386_40X_HE_T051_01,0,0.0,0
knn,2,SR386_40X_HE_T052_01,0,0.2,0
knn,2,SR386_40X_HE_T056_01,0,0.1,0
knn,2,SR386_40X_HE_T057_01,0,0.0,0
knn,2,SR386_40X_HE_T070_01,0,0.0,0
knn,2,SR386_40X_HE_T082_01,0,0.0,0
knn,2,SR386_40X_HE_T084_01,0,0.1,0
knn,2,SR386_40X_HE_T087_01,0,0.2,0
knn,2,SR386_40X_HE_T088_01,0,0.2,0
knn,2,SR386_40X_HE_T098_01,0,0.2,0
knn,2,SR386_40X_HE_T105_01,0,0.1,0
knn,2,SR386_40X_HE_T122_01,0,0.0,0
knn,2,SR386_40X_HE_T123_01,0,0.1,0
knn,2,SR386_40X_HE_T133_01,0,0.0,0
knn,2,SR386_40X_HE_T145_01,0,0.0,0
knn,2,SR386_40X_HE_T150_01,0,0.1,0
knn,2,SR386_40X_HE_T152_01,0,0.3,0
knn,2,SR386_40X_HE_T155_01,0,0.1,0
knn,2,SR386_40X_HE_T157_01,0,0.0,0
knn,2,SR386_40X_HE_T164_01,0,0.1,0
knn,2,SR386_40X_HE_T166_01,0,0.0,0
knn,2,SR386_40X_HE_T176_01,1,0.2,0
knn,2,SR386_40X_HE_T177_01,0,0.0,0
knn,2,SR386_40X_HE_T178_01,0,0.2,0
knn,2,SR386_40X_HE_T187_01,0,0.0,0
knn,2,SR386_40X_HE_T190_01,0,0.0,0
knn,2,SR386_40X_HE_T192_01,0,0.0,0
knn,2,SR386_40X_HE_T198_01,0,0.0,0
knn,2,SR386_40X_HE_T200_01,0,0.0,0
knn,2,SR386_40X_HE_T206_01,1,0.1,0
knn,2,SR386_40X_HE_T211_01,0,0.0,0
knn,2,SR386_40X_HE_T213_01,0,0.0,0
knn,2,SR386_40X_HE_T214_01,0,0.0,0
knn,2,SR386_40X_HE_T220_01,0,0.0,0
knn,2,SR386_40X_HE_T230_01,1,0.2,0
knn,2,SR386_40X_HE_T236_01,0,0.2,0
knn,2,SR386_40X_HE_T237_01,0,0.0,0
knn,2,SR386_40X_HE_T240_01,0,0.1,0
knn,2,SR386_40X_HE_T241_01,0,0.2,0
knn,2,SR386_40X_HE_T242_01,0,0.1,0
knn,2,SR386_40X_HE_T253_01,0,0.0,0
knn,2,SR386_40X_HE_T260_01,0,0.0,0
knn,2,SR386_40X_HE_T262_01,0,0.0,0
knn,2,SR386_40X_HE_T264_01,0,0.1,0
knn,2,SR386_40X_HE_T271_01,0,0.0,0
knn,2,SR386_40X_HE_T281_01,0,0.0,0
knn,2,SR386_40X_HE_T297_01,0,0.0,0
knn,2,SR386_40X_HE_T299_01,0,0.0,0
knn,2,SR386_40X_HE_T301_01,0,0.0,0
knn,2,SR386_40X_HE_T306_01,0,0.0,0
knn,2,SR386_40X_HE_T309_01,0,0.0,0
knn,2,SR386_40X_HE_T314_01,0,0.0,0
knn,2,SR386_40X_HE_T316_01,0,0.2,0
knn,2,SR386_40X_HE_T318_01,0,0.1,0
knn,2,SR386_40X_HE_T321_01,0,0.2,0
knn,2,SR386_40X_HE_T326_01,0,0.0,0
knn,2,SR386_40X_HE_T327_01,0,0.0,0
knn,2,SR386_40X_HE_T332_01,1,0.1,0
knn,2,SR386_40X_HE_T355_01,0,0.0,0
knn,2,SR386_40X_HE_T364_01,0,0.0,0
knn,2,SR386_40X_HE_T368_01,1,0.0,0
knn,2,SR386_40X_HE_T374_01,0,0.0,0
knn,2,SR386_40X_HE_T380_01,0,0.0,0
knn,2,SR386_40X_HE_T382_01,0,0.0,0
knn,2,SR386_40X_HE_T392_01,0,0.0,0
knn,2,SR386_40X_HE_T398_01,0,0.1,0
knn,2,SR386_40X_HE_T402_01,1,0.0,0
knn,2,SR386_40X_HE_T404_01,0,0.0,0
knn,2,SR386_40X_HE_T415_01,0,0.0,0
knn,2,SR386_40X_HE_T417_01,0,0.1,0
knn,2,SR386_40X_HE_T425_01,0,0.0,0
knn,2,SR386_40X_HE_T436_01,1,0.0,0
knn,2,SR386_40X_HE_T437_01,0,0.0,0
knn,2,SR386_40X_HE_T440_01,0,0.0,0
knn,2,SR386_40X_HE_T445_01,0,0.1,0
knn,2,SR386_40X_HE_T450_01,0,0.0,0
knn,2,SR386_40X_HE_T459_01,0,0.0,0
knn,2,SR386_40X_HE_T472_01,0,0.0,0
knn,2,SR386_40X_HE_T481_01,0,0.1,0
knn,2,SR386_40X_HE_T483_01,0,0.1,0
knn,2,SR386_40X_HE_T486_01,0,0.1,0
knn,2,SR386_40X_HE_T488_01,0,0.2,0
knn,2,SR386_40X_HE_T499_01,0,0.1,0
knn,2,SR386_40X_HE_T507_01,0,0.2,0
knn,2,SR386_40X_HE_T514_01,0,0.0,0
knn,2,SR386_40X_HE_T520_01,1,0.0,0
knn,2,SR386_40X_HE_T522_01,0,0.0,0
knn,2,SR386_40X_HE_T531_01,0,0.0,0
knn,2,SR386_40X_HE_T535_01,0,0.0,0
knn,2,SR386_40X_HE_T539_01,0,0.0,0
knn,2,SR386_40X_HE_T549_01,0,0.0,0
knn,2,SR386_40X_HE_T552_01,0,0.0,0
knn,2,SR386_40X_HE_T553_01,0,0.0,0
knn,2,SR386_40X_HE_T554_01,0,0.1,0
knn,2,SR386_40X_HE_T558_01,0,0.0,0
knn,2,SR386_40X_HE_T564_01,0,0.0,0
knn,2,SR386_40X_HE_T570_01,0,0.1,0
knn,2,SR386_40X_HE_T574_01,0,0.0,0
knn,2,SR386_40X_HE_T578_01,0,0.0,0
knn,2,SR386_40X_HE_T580_01,0,0.0,0
knn,3,SR1482_40X_HE_T005_01,0,0.0,0
knn,3,SR1482_40X_HE_T005_02,0,0.0,0
knn,3,SR1482_40X_HE_T010_01,0,0.0,0
knn,3,SR1482_40X_HE_T043_01,0,0.0,0
knn,3,SR1482_40X_HE_T043_02,0,0.3333333333333333,0
knn,3,SR1482_40X_HE_T049_01,0,0.0,0
knn,3,SR1482_40X_HE_T061_01,0,0.0,0
knn,3,SR1482_40X_HE_T061_02,0,0.0,0
knn,3,SR1482_40X_HE_T070_01,1,0.0,0
knn,3,SR1482_40X_HE_T073_01,0,0.0,0
knn,3,SR1482_40X_HE_T082_01,0,0.0,0
knn,3,SR1482_40X_HE_T082_02,0,0.0,0
knn,3,SR1482_40X_HE_T089_01,0,0.0,0
knn,3,SR1482_40X_HE_T090_01,0,0.0,0
knn,3,SR1482_40X_HE_T094_01,1,0.3333333333333333,0
knn,3,SR1482_40X_HE_T094_02,1,0.0,0
knn,3,SR1482_40X_HE_T105_01,0,0.0,0
knn,3,SR1482_40X_HE_T115_01,0,0.0,0
knn,3,SR1482_40X_HE_T115_02,0,0.0,0
knn,3,SR1482_40X_HE_T118_01,0,0.3333333333333333,0
knn,3,SR1482_40X_HE_T118_02,0,0.3333333333333333,0
knn,3,SR1482_40X_HE_T120_01,0,0.0,0
knn,3,SR1482_40X_HE_T120_02,0,0.3333333333333333,0
knn,3,SR1482_40X_HE_T124_01,0,0.6666666666666666,1
knn,3,SR1482_40X_HE_T124_02,0,0.6666666666666666,1
knn,3,SR1482_40X_HE_T138_01,0,0.0,0
knn,3,SR1482_40X_HE_T160_01,0,0.0,0
knn,3,SR1482_40X_HE_T160_02,0,0.0,0
knn,3,SR1482_40X_HE_T167_01,0,0.3333333333333333,0
knn,3,SR1482_40X_HE_T167_02,0,0.3333333333333333,0
knn,3,SR1482_40X_HE_T175_01,0,0.3333333333333333,0
knn,3,SR1482_40X_HE_T175_02,0,0.6666666666666666,1
knn,3,SR1482_40X_HE_T177_01,1,0.3333333333333333,0
knn,3,SR1482_40X_HE_T188_01,0,0.0,0
knn,3,SR1482_40X_HE_T195_01,0,0.3333333333333333,0
knn,3,SR1482_40X_HE_T195_02,0,0.0,0
knn,3,SR1482_40X_HE_T202_01,0,0.3333333333333333,0
knn,3,SR1482_40X_HE_T202_02,0,0.0,0
knn,3,SR1482_40X_HE_T225_01,0,0.3333333333333333,0
knn,3,SR1482_40X_HE_T225_02,0,0.0,0
knn,3,SR1482_40X_HE_T235_01,0,0.6666666666666666,1
knn,3,SR1482_40X_HE_T235_02,0,0.0,0
knn,3,SR1482_40X_HE_T236_01,0,0.0,0
knn,3,SR1482_40X_HE_T236_02,0,0.3333333333333333,0
knn,3,SR1482_40X_HE_T258_01,0,0.0,0
knn,3,SR1482_40X_HE_T258_02,0,0.0,0
knn,3,SR1482_40X_HE_T284_01,1,0.0,0
knn,3,SR1482_40X_HE_T284_02,1,0.3333333333333333,0
knn,3,SR1482_40X_HE_T301_01,1,0.3333333333333333,0
knn,3,SR1482_40X_HE_T301_02,1,0.3333333333333333,0
knn,3,SR1482_40X_HE_T309_01,0,0.3333333333333333,0
knn,3,SR1482_40X_HE_T313_01,0,0.3333333333333333,0
knn,3,SR1482_40X_HE_T313_02,0,0.3333333333333333,0
knn,3,SR1482_40X_HE_T338_01,0,0.3333333333333333,0
knn,3,SR1482_40X_HE_T344_01,0,0.0,0
knn,3,SR1482_40X_HE_T344_02,0,0.0,0
knn,3,SR1482_40X_HE_T346_01,0,0.3333333333333333,0
knn,3,SR1482_40X_HE_T346_02,0,0.3333333333333333,0
knn,3,SR1482_40X_HE_T377_01,0,0.0,0
knn,3,SR1482_40X_HE_T377_02,0,0.0,0
knn,3,SR1482_40X_HE_T419_01,0,0.0,0
knn,3,SR1482_40X_HE_T427_01,0,0.0,0
knn,3,SR1482_40X_HE_T427_02,0,0.0,0
knn,3,SR386_40X_HE_T007_01,0,0.0,0
knn,3,SR386_40X_HE_T015_01,0,0.0,0
knn,3,SR386_40X_HE_T017_01,1,0.3333333333333333,0
knn,3,SR386_40X_HE_T032_01,0,0.0,0
knn,3,SR386_40X_HE_T034_01,0,0.0,0
knn,3,SR386_40X_HE_T035_01,0,0.6666666666666666,1
knn,3,SR386_40X_HE_T041_01,0,0.6666666666666666,1
knn,3,SR386_40X_HE_T067_01,0,0.0,0
knn,3,SR386_40X_HE_T075_01,0,0.0,0
knn,3,SR386_40X_HE_T081_01,0,0.0,0
knn,3,SR386_40X_HE_T083_01,0,0.0,0
knn,3,SR386_40X_HE_T085_01,0,0.0,0
knn,3,SR386_40X_HE_T095_01,0,0.0,0
knn,3,SR386_40X_HE_T104_01,0,0.0,0
knn,3,SR386_40X_HE_T106_01,0,0.0,0
knn,3,SR386_40X_HE_T112_01,0,0.0,0
knn,3,SR386_40X_HE_T128_01,0,0.0,0
knn,3,SR386_40X_HE_T132_01,0,0.0,0
knn,3,SR386_40X_HE_T138_01,0,0.0,0
knn,3,SR386_40X_HE_T142_01,0,0.3333333333333333,0
knn,3,SR386_40X_HE_T149_01,0,0.6666666666666666,1
knn,3,SR386_40X_HE_T165_01,1,0.0,0
knn,3,SR386_40X_HE_T179_01,0,0.0,0
knn,3,SR386_40X_HE_T180_01,0,0.0,0
knn,3,SR386_40X_HE_T182_01,0,0.0,0
knn,3,SR386_40X_HE_T184_01,0,0.0,0
knn,3,SR386_40X_HE_T188_01,0,0.0,0
knn,3,SR386_40X_HE_T191_01,0,0.0,0
knn,3,SR386_40X_HE_T197_01,0,0.0,0
knn,3,SR386_40X_HE_T201_01,0,0.0,0
knn,3,SR386_40X_HE_T202_01,0,0.0,0
knn,3,SR386_40X_HE_T208_01,0,0.0,0
knn,3,SR386_40X_HE_T216_01,1,0.3333333333333333,0
knn,3,SR386_40X_HE_T238_01,0,0.0,0
knn,3,SR386_40X_HE_T244_01,0,0.0,0
knn,3,SR386_40X_HE_T248_01,0,0.0,0
knn,3,SR386_40X_HE_T249_01,0,0.0,0
knn,3,SR386_40X_HE_T250_01,0,0.0,0
knn,3,SR386_40X_HE_T263_01,0,0.0,0
knn,3,SR386_40X_HE_T267_01,0,0.3333333333333333,0
knn,3,SR386_40X_HE_T269_01,0,0.0,0
knn,3,SR386_40X_HE_T277_01,0,0.0,0
knn,3,SR386_40X_HE_T286_01,0,0.0,0
knn,3,SR386_40X_HE_T287_01,0,0.0,0
knn,3,SR386_40X_HE_T290_01,0,0.0,0
knn,3,SR386_40X_HE_T293_01,0,0.0,0
knn,3,SR386_40X_HE_T298_01,0,0.0,0
knn,3,SR386_40X_HE_T303_01,0,0.0,0
knn,3,SR386_40X_HE_T312_01,0,0.0,0
knn,3,SR386_40X_HE_T329_01,0,0.3333333333333333,0
knn,3,SR386_40X_HE_T336_01,0,0.0,0
knn,3,SR386_40X_HE_T338_01,0,0.0,0
knn,3,SR386_40X_HE_T342_01,0,0.0,0
knn,3,SR386_40X_HE_T353_01,0,0.0,0
knn,3,SR386_40X_HE_T357_01,0,0.0,0
knn,3,SR386_40X_HE_T362_01,0,0.0,0
knn,3,SR386_40X_HE_T363_01,1,0.0,0
knn,3,SR386_40X_HE_T372_01,0,0.0,0
knn,3,SR386_40X_HE_T378_01,0,0.0,0
knn,3,SR386_40X_HE_T379_01,0,0.0,0
knn,3,SR386_40X_HE_T386_01,0,0.0,0
knn,3,SR386_40X_HE_T387_01,0,0.0,0
knn,3,SR386_40X_HE_T393_01,0,0.0,0
knn,3,SR386_40X_HE_T397_01,0,0.0,0
knn,3,SR386_40X_HE_T406_01,0,0.0,0
knn,3,SR386_40X_HE_T409_01,0,0.0,0
knn,3,SR386_40X_HE_T422_01,0,0.0,0
knn,3,SR386_40X_HE_T426_01,0,0.0,0
knn,3,SR386_40X_HE_T433_01,0,0.0,0
knn,3,SR386_40X_HE_T443_01,0,0.0,0
knn,3,SR386_40X_HE_T448_01,0,0.0,0
knn,3,SR386_40X_HE_T452_01,0,0.0,0
knn,3,SR386_40X_HE_T460_01,1,0.0,0
knn,3,SR386_40X_HE_T473_01,0,0.0,0
knn,3,SR386_40X_HE_T475_01,0,0.0,0
knn,3,SR386_40X_HE_T478_01,0,0.0,0
knn,3,SR386_40X_HE_T489_01,1,0.0,0
knn,3,SR386_40X_HE_T491_01,0,0.0,0
knn,3,SR386_40X_HE_T492_01,0,0.0,0
knn,3,SR386_40X_HE_T493_01,0,0.0,0
knn,3,SR386_40X_HE_T502_01,0,0.0,0
knn,3,SR386_40X_HE_T505_01,0,0.0,0
knn,3,SR386_40X_HE_T506_01,0,0.0,0
knn,3,SR386_40X_HE_T509_01,0,0.3333333333333333,0
knn,3,SR386_40X_HE_T516_01,0,0.0,0
knn,3,SR386_40X_HE_T518_01,0,0.0,0
knn,3,SR386_40X_HE_T519_01,0,0.0,0
knn,3,SR386_40X_HE_T521_01,0,0.0,0
knn,3,SR386_40X_HE_T526_01,0,0.0,0
knn,3,SR386_40X_HE_T533_01,0,0.0,0
knn,3,SR386_40X_HE_T543_01,0,0.0,0
knn,3,SR386_40X_HE_T544_01,0,0.0,0
knn,3,SR386_40X_HE_T556_01,1,0.0,0
knn,3,SR386_40X_HE_T560_01,0,0.0,0
knn,3,SR386_40X_HE_T563_01,0,0.0,0
knn,3,SR386_40X_HE_T568_01,0,0.0,0
knn,3,SR386_40X_HE_T571_01,0,0.0,0
knn,3,SR386_40X_HE_T572_01,0,0.0,0
knn,3,SR386_40X_HE_T573_01,0,0.0,0
knn,3,SR386_40X_HE_T583_01,0,0.0,0
knn,4,SR1482_40X_HE_T002_01,0,0.0,0
knn,4,SR1482_40X_HE_T003_01,0,0.0,0
knn,4,SR1482_40X_HE_T004_01,0,0.0,0
knn,4,SR1482_40X_HE_T004_02,0,0.0,0
knn,4,SR1482_40X_HE_T011_01,0,0.0,0
knn,4,SR1482_40X_HE_T025_01,0,0.42857142857142855,0
knn,4,SR1482_40X_HE_T025_02,0,0.5714285714285714,1
knn,4,SR1482_40X_HE_T060_01,0,0.0,0
knn,4,SR1482_40X_HE_T062_01,0,0.14285714285714285,0
knn,4,SR1482_40X_HE_T062_02,0,0.14285714285714285,0
knn,4,SR1482_40X_HE_T064_01,0,0.14285714285714285,0
knn,4,SR1482_40X_HE_T064_02,0,0.14285714285714285,0
knn,4,SR1482_40X_HE_T071_01,0,0.2857142857142857,0
knn,4,SR1482_40X_HE_T071_02,0,0.0,0
knn,4,SR1482_40X_HE_T074_01,0,0.0,0
knn,4,SR1482_40X_HE_T074_02,0,0.0,0
knn,4,SR1482_40X_HE_T083_01,0,0.5714285714285714,1
knn,4,SR1482_40X_HE_T083_02,0,0.14285714285714285,0
knn,4,SR1482_40X_HE_T087_01,0,0.0,0
knn,4,SR1482_40X_HE_T097_01,1,0.14285714285714285,0
knn,4,SR1482_40X_HE_T097_02,1,0.14285714285714285,0
knn,4,SR1482_40X_HE_T108_01,0,0.0,0
knn,4,SR1482_40X_HE_T113_01,0,0.14285714285714285,0
knn,4,SR1482_40X_HE_T113_02,0,0.14285714285714285,0
knn,4,SR1482_40X_HE_T121_01,0,0.0,0
knn,4,SR1482_40X_HE_T122_01,0,0.0,0
knn,4,SR1482_40X_HE_T125_01,0,0.0,0
knn,4,SR1482_40X_HE_T125_02,0,0.14285714285714285,0
knn,4,SR1482_40X_HE_T131_01,0,0.14285714285714285,0
knn,4,SR1482_40X_HE_T131_02,0,0.0,0
knn,4,SR1482_40X_HE_T132_01,0,0.0,0
knn,4,SR1482_40X_HE_T132_02,0,0.2857142857142857,0
knn,4,SR1482_40X_HE_T143_01,0,0.14285714285714285,0
knn,4,SR1482_40X_HE_T143_02,0,0.2857142857142857,0
knn,4,SR1482_40X_HE_T166_01,1,0.0,0
knn,4,SR1482_40X_HE_T169_01,0,0.0,0
knn,4,SR1482_40X_HE_T176_01,1,0.42857142857142855,0
knn,4,SR1482_40X_HE_T176_02,1,0.2857142857142857,0
knn,4,SR1482_40X_HE_T191_01,0,0.0,0
knn,4,SR1482_40X_HE_T194_01,0,0.42857142857142855,0
knn,4,SR1482_40X_HE_T218_01,0,0.0,0
knn,4,SR1482_40X_HE_T253_01,0,0.0,0
knn,4,SR1482_40X_HE_T290_01,0,0.0,0
knn,4,SR1482_40X_HE_T308_01,0,0.5714285714285714,1
knn,4,SR1482_40X_HE_T314_01,0,0.14285714285714285,0
knn,4,SR1482_40X_HE_T314_02,0,0.14285714285714285,0
knn,4,SR1482_40X_HE_T372_01,1,0.14285714285714285,0
knn,4,SR1482_40X_HE_T372_02,1,0.0,0
knn,4,SR1482_40X_HE_T408_01,0,0.0,0
knn,4,SR1482_40X_HE_T412_01,0,0.14285714285714285,0
knn,4,SR1482_40X_HE_T425_01,0,0.0,0
knn,4,SR1482_40X_HE_T434_01,1,0.14285714285714285,0
knn,4,SR386_40X_HE_T006_01,0,0.0,0
knn,4,SR386_40X_HE_T010_01,0,0.14285714285714285,0
knn,4,SR386_40X_HE_T014_01,0,0.0,0
knn,4,SR386_40X_HE_T016_01,0,0.0,0
knn,4,SR386_40X_HE_T020_01,0,0.0,0
knn,4,SR386_40X_HE_T027_01,0,0.14285714285714285,0
knn,4,SR386_40X_HE_T028_01,0,0.0,0
knn,4,SR386_40X_HE_T037_01,0,0.0,0
knn,4,SR386_40X_HE_T043_01,0,0.0,0
knn,4,SR386_40X_HE_T044_01,1,0.2857142857142857,0
knn,4,SR386_40X_HE_T046_01,0,0.0,0
knn,4,SR386_40X_HE_T058_01,0,0.14285714285714285,0
knn,4,SR386_40X_HE_T062_01,0,0.0,0
knn,4,SR386_40X_HE_T065_01,1,0.0,0
knn,4,SR386_40X_HE_T080_01,0,0.0,0
knn,4,SR386_40X_HE_T091_01,0,0.0,0
knn,4,SR386_40X_HE_T094_01,0,0.0,0
knn,4,SR386_40X_HE_T097_01,0,0.0,0
knn,4,SR386_40X_HE_T100_01,0,0.0,0
knn,4,SR386_40X_HE_T107_01,0,0.0,0
knn,4,SR386_40X_HE_T109_01,1,0.14285714285714285,0
knn,4,SR386_40X_HE_T110_01,0,0.0,0
knn,4,SR386_40X_HE_T117_01,0,0.0,0
knn,4,SR386_40X_HE_T127_01,0,0.0,0
knn,4,SR386_40X_HE_T129_01,0,0.0,0
knn,4,SR386_40X_HE_T136_01,0,0.0,0
knn,4,SR386_40X_HE_T154_01,0,0.0,0
knn,4,SR386_40X_HE_T168_01,1,0.14285714285714285,0
knn,4,SR386_40X_HE_T175_01,0,0.0,0
knn,4,SR386_40X_HE_T189_01,0,0.0,0
knn,4,SR386_40X_HE_T195_01,0,0.0,0
knn,4,SR386_40X_HE_T227_01,0,0.0,0
knn,4,SR386_40X_HE_T233_01,0,0.0,0
knn,4,SR386_40X_HE_T234_01,0,0.14285714285714285,0
knn,4,SR386_40X_HE_T235_01,0,0.0,0
knn,4,SR386_40X_HE_T239_01,0,0.0,0
knn,4,SR386_40X_HE_T245_01,0,0.0,0
knn,4,SR386_40X_HE_T256_01,0,0.14285714285714285,0
knn,4,SR386_40X_HE_T265_01,0,0.14285714285714285,0
knn,4,SR386_40X_HE_T268_01,0,0.14285714285714285,0
knn,4,SR386_40X_HE_T270_01,0,0.0,0
knn,4,SR386_40X_HE_T272_01,0,0.14285714285714285,0
knn,4,SR386_40X_HE_T273_01,0,0.0,0
knn,4,SR386_40X_HE_T276_01,0,0.2857142857142857,0
knn,4,SR386_40X_HE_T278_01,1,0.14285714285714285,0
knn,4,SR386_40X_HE_T284_01,0,0.0,0
knn,4,SR386_40X_HE_T285_01,0,0.0,0
knn,4,SR386_40X_HE_T288_01,0,0.14285714285714285,0
knn,4,SR386_40X_HE_T291_01,0,0.0,0
knn,4,SR386_40X_HE_T300_01,0,0.0,0
knn,4,SR386_40X_HE_T302_01,0,0.0,0
knn,4,SR386_40X_HE_T305_01,0,0.0,0
knn,4,SR386_40X_HE_T308_01,0,0.0,0
knn,4,SR386_40X_HE_T325_01,0,0.0,0
knn,4,SR386_40X_HE_T331_01,0,0.14285714285714285,0
knn,4,SR386_40X_HE_T341_01,0,0.0,0
knn,4,SR386_40X_HE_T343_01,1,0.0,0
knn,4,SR386_40X_HE_T346_01,0,0.14285714285714285,0
knn,4,SR386_40X_HE_T352_01,0,0.0,0
knn,4,SR386_40X_HE_T373_01,0,0.0,0
knn,4,SR386_40X_HE_T375_01,0,0.0,0
knn,4,SR386_40X_HE_T381_01,0,0.14285714285714285,0
knn,4,SR386_40X_HE_T389_01,0,0.14285714285714285,0
knn,4,SR386_40X_HE_T391_01,0,0.0,0
knn,4,SR386_40X_HE_T394_01,0,0.0,0
knn,4,SR386_40X_HE_T399_01,0,0.14285714285714285,0
knn,4,SR386_40X_HE_T403_01,0,0.0,0
knn,4,SR386_40X_HE_T405_01,0,0.14285714285714285,0
knn,4,SR386_40X_HE_T407_01,0,0.0,0
knn,4,SR386_40X_HE_T414_01,0,0.0,0
knn,4,SR386_40X_HE_T424_01,0,0.0,0
knn,4,SR386_40X_HE_T429_01,0,0.14285714285714285,0
knn,4,SR386_40X_HE_T441_01,0,0.0,0
knn,4,SR386_40X_HE_T451_01,0,0.0,0
knn,4,SR386_40X_HE_T453_01,0,0.0,0
knn,4,SR386_40X_HE_T455_01,0,0.14285714285714285,0
knn,4,SR386_40X_HE_T465_01,0,0.14285714285714285,0
knn,4,SR386_40X_HE_T474_01,0,0.0,0
knn,4,SR386_40X_HE_T476_01,0,0.2857142857142857,0
knn,4,SR386_40X_HE_T479_01,0,0.0,0
knn,4,SR386_40X_HE_T482_01,0,0.0,0
knn,4,SR386_40X_HE_T487_01,0,0.0,0
knn,4,SR386_40X_HE_T490_01,0,0.0,0
knn,4,SR386_40X_HE_T494_01,0,0.0,0
knn,4,SR386_40X_HE_T500_01,0,0.14285714285714285,0
knn,4,SR386_40X_HE_T510_01,0,0.0,0
knn,4,SR386_40X_HE_T524_01,0,0.0,0
knn,4,SR386_40X_HE_T528_01,0,0.14285714285714285,0
knn,4,SR386_40X_HE_T532_01,0,0.0,0
knn,4,SR386_40X_HE_T534_01,0,0.0,0
knn,4,SR386_40X_HE_T536_01,0,0.0,0
knn,4,SR386_40X_HE_T537_01,0,0.0,0
knn,4,SR386_40X_HE_T541_01,0,0.0,0
knn,4,SR386_40X_HE_T548_01,1,0.0,0
knn,4,SR386_40X_HE_T550_01,0,0.14285714285714285,0
knn,4,SR386_40X_HE_T551_01,0,0.0,0
knn,4,SR386_40X_HE_T557_01,0,0.0,0
knn,4,SR386_40X_HE_T565_01,0,0.0,0
knn,4,SR386_40X_HE_T567_01,0,0.0,0
knn,4,SR386_40X_HE_T575_01,0,0.14285714285714285,0
knn,4,SR386_40X_HE_T576_01,0,0.0,0
knn,4,SR386_40X_HE_T581_01,0,0.0,0
proto,1,SR1482_40X_HE_T029_01,0,0.5040014386177063,1
proto,1,SR1482_40X_HE_T029_02,0,0.5039748549461365,1
proto,1,SR1482_40X_HE_T057_01,0,0.501239001750946,1
proto,1,SR1482_40X_HE_T063_01,1,0.5077344179153442,1
proto,1,SR1482_40X_HE_T063_02,1,0.5056564211845398,1
proto,1,SR1482_40X_HE_T065_01,0,0.5022353529930115,1
proto,1,SR1482_40X_HE_T065_02,0,0.5029377937316895,1
proto,1,SR1482_40X_HE_T066_01,0,0.5053113102912903,1
proto,1,SR1482_40X_HE_T066_02,0,0.506462037563324,1
proto,1,SR1482_40X_HE_T068_01,0,0.4974728524684906,0
proto,1,SR1482_40X_HE_T069_01,0,0.5031479597091675,1
proto,1,SR1482_40X_HE_T069_02,0,0.5081072449684143,1
proto,1,SR1482_40X_HE_T079_01,1,0.5010968446731567,1
proto,1,SR1482_40X_HE_T079_02,1,0.5030089616775513,1
proto,1,SR1482_40X_HE_T080_01,0,0.49959099292755127,0
proto,1,SR1482_40X_HE_T080_02,0,0.4999506175518036,0
proto,1,SR1482_40X_HE_T081_01,0,0.5014832615852356,1
proto,1,SR1482_40X_HE_T081_02,0,0.5040774941444397,1
proto,1,SR1482_40X_HE_T099_01,0,0.4942285120487213,0
proto,1,SR1482_40X_HE_T116_01,0,0.5083715319633484,1
proto,1,SR1482_40X_HE_T117_01,0,0.5080243945121765,1
proto,1,SR1482_40X_HE_T117_02,0,0.5062743425369263,1
proto,1,SR1482_40X_HE_T126_01,0,0.5062509179115295,1
proto,1,SR1482_40X_HE_T129_01,0,0.5032323002815247,1
proto,1,SR1482_40X_HE_T129_02,0,0.5060041546821594,1
proto,1,SR1482_40X_HE_T139_01,0,0.5098240375518799,1
proto,1,SR1482_40X_HE_T139_02,0,0.5104864835739136,1
proto,1,SR1482_40X_HE_T147_01,0,0.5111270546913147,1
proto,1,SR1482_40X_HE_T147_02,0,0.5089612007141113,1
proto,1,SR1482_40X_HE_T159_01,0,0.506781816482544,1
proto,1,SR1482_40X_HE_T159_02,0,0.5063174366950989,1
proto,1,SR1482_40X_HE_T192_01,0,0.5024923086166382,1
proto,1,SR1482_40X_HE_T199_01,0,0.5034233331680298,1
proto,1,SR1482_40X_HE_T304_01,0,0.5041037797927856,1
proto,1,SR1482_40X_HE_T304_02,0,0.5036066174507141,1
proto,1,SR1482_40X_HE_T310_01,1,0.5047369003295898,1
proto,1,SR1482_40X_HE_T310_02,1,0.5051887631416321,1
proto,1,SR1482_40X_HE_T341_01,0,0.5002049207687378,1
proto,1,SR1482_40X_HE_T341_02,0,0.5028874278068542,1
proto,1,SR1482_40X_HE_T353_01,0,0.4997688829898834,0
proto,1,SR1482_40X_HE_T390_01,0,0.49597907066345215,0
proto,1,SR1482_40X_HE_T433_01,1,0.5074321627616882,1
proto,1,SR386_40X_HE_T003_01,0,0.4951252043247223,0
proto,1,SR386_40X_HE_T004_01,0,0.49682649970054626,0
proto,1,SR386_40X_HE_T022_01,1,0.49917712807655334,0
proto,1,SR386_40X_HE_T030_01,0,0.49947622418403625,0
proto,1,SR386_40X_HE_T033_01,0,0.4930148720741272,0
proto,1,SR386_40X_HE_T036_01,0,0.49647438526153564,0
proto,1,SR386_40X_HE_T038_01,0,0.4941670596599579,0
proto,1,SR386_40X_HE_T049_01,0,0.4900207817554474,0
proto,1,SR386_40X_HE_T050_01,0,0.5012969970703125,1
proto,1,SR386_40X_HE_T060_01,0,0.49643316864967346,0
proto,1,SR386_40X_HE_T063_01,0,0.4986284077167511,0
proto,1,SR386_40X_HE_T066_01,0,0.4932357668876648,0
proto,1,SR386_40X_HE_T069_01,0,0.4941631853580475,0
proto,1,SR386_40X_HE_T072_01,0,0.4930204153060913,0
proto,1,SR386_40X_HE_T074_01,0,0.4936526119709015,0
proto,1,SR386_40X_HE_T078_01,0,0.4925612807273865,0
proto,1,SR386_40X_HE_T079_01,0,0.49128258228302,0
proto,1,SR386_40X_HE_T092_01,1,0.4938352108001709,0
proto,1,SR386_40X_HE_T096_01,0,0.48848676681518555,0
proto,1,SR386_40X_HE_T099_01,0,0.5024210214614868,1
proto,1,SR386_40X_HE_T103_01,0,0.49623948335647583,0
proto,1,SR386_40X_HE_T108_01,0,0.49688857793807983,0
proto,1,SR386_40X_HE_T113_01,0,0.4978441596031189,0
proto,1,SR386_40X_HE_T114_01,0,0.4945579171180725,0
proto,1,SR386_40X_HE_T119_01,0,0.49035385251045227,0
proto,1,SR386_40X_HE_T126_01,0,0.4954468309879303,0
proto,1,SR386_40X_HE_T130_01,0,0.48898160457611084,0
proto,1,SR386_40X_HE_T131_01,0,0.4961959421634674,0
proto,1,SR386_40X_HE_T135_01,0,0.49585971236228943,0
proto,1,SR386_40X_HE_T140_01,0,0.4942191541194916,0
proto,1,SR386_40X_HE_T144_01,0,0.4984666705131531,0
proto,1,SR386_40X_HE_T147_01,0,0.49679750204086304,0
proto,1,SR386_40X_HE_T148_01,0,0.49811771512031555,0
proto,1,SR386_40X_HE_T160_01,0,0.49025192856788635,0
proto,1,SR386_40X_HE_T169_01,0,0.49202337861061096,0
proto,1,SR386_40X_HE_T170_01,1,0.4965505003929138,0
proto,1,SR386_40X_HE_T172_01,0,0.4958607852458954,0
proto,1,SR386_40X_HE_T174_01,0,0.4960230588912964,0
proto,1,SR386_40X_HE_T181_01,0,0.49334222078323364,0
proto,1,SR386_40X_HE_T196_01,0,0.4929734170436859,0
proto,1,SR386_40X_HE_T205_01,0,0.49771344661712646,0
proto,1,SR386_40X_HE_T209_01,0,0.4922899007797241,0
proto,1,SR386_40X_HE_T210_01,0,0.4998169541358948,0
proto,1,SR386_40X_HE_T212_01,0,0.4928048551082611,0
proto,1,SR386_40X_HE_T221_01,0,0.4915454387664795,0
proto,1,SR386_40X_HE_T224_01,0,0.49209097027778625,0
proto,1,SR386_40X_HE_T231_01,1,0.5050000548362732,1
proto,1,SR386_40X_HE_T232_01,0,0.4913758635520935,0
proto,1,SR386_40X_HE_T247_01,0,0.49078041315078735,0
proto,1,SR386_40X_HE_T252_01,0,0.49098101258277893,0
proto,1,SR386_40X_HE_T255_01,0,0.5027435421943665,1
proto,1,SR386_40X_HE_T259_01,1,0.49667832255363464,0
proto,1,SR386_40X_HE_T274_01,0,0.49031487107276917,0
proto,1,SR386_40X_HE_T275_01,0,0.4955327808856964,0
proto,1,SR386_40X_HE_T282_01,0,0.4922116696834564,0
proto,1,SR386_40X_HE_T294_01,0,0.4965210556983948,0
proto,1,SR386_40X_HE_T311_01,0,0.491792768239975,0
proto,1,SR386_40X_HE_T315_01,0,0.4937403202056885,0
proto,1,SR386_40X_HE_T319_01,1,0.4930618107318878,0
proto,1,SR386_40X_HE_T324_01,1,0.4939020574092865,0
proto,1,SR386_40X_HE_T330_01,0,0.49197518825531006,0
proto,1,SR386_40X_HE_T333_01,0,0.4951571524143219,0
proto,1,SR386_40X_HE_T335_01,0,0.4972478449344635,0
proto,1,SR386_40X_HE_T337_01,0,0.494671106338501,0
proto,1,SR386_40X_HE_T344_01,0,0.49616900086402893,0
proto,1,SR386_40X_HE_T347_01,0,0.49303528666496277,0
proto,1,SR386_40X_HE_T350_01,0,0.4928447902202606,0
proto,1,SR386_40X_HE_T351_01,0,0.5031294226646423,1
proto,1,SR386_40X_HE_T360_01,0,0.4941476881504059,0
proto,1,SR386_40X_HE_T361_01,0,0.5019795298576355,1
proto,1,SR386_40X_HE_T366_01,0,0.4912153482437134,0
proto,1,SR386_40X_HE_T377_01,1,0.5001643300056458,1
proto,1,SR386_40X_HE_T384_01,0,0.49024271965026855,0
proto,1,SR386_40X_HE_T395_01,0,0.49922090768814087,0
proto,1,SR386_40X_HE_T396_01,0,0.490261048078537,0
proto,1,SR386_40X_HE_T401_01,0,0.49452856183052063,0
proto,1,SR386_40X_HE_T408_01,0,0.49221882224082947,0
proto,1,SR386_40X_HE_T410_01,0,0.4939962923526764,0
proto,1,SR386_40X_HE_T413_01,0,0.5031297206878662,1
proto,1,SR386_40X_HE_T416_01,0,0.5003874897956848,1
proto,1,SR386_40X_HE_T418_01,0,0.49213314056396484,0
proto,1,SR386_40X_HE_T419_01,0,0.4962425231933594,0
proto,1,SR386_40X_HE_T421_01,0,0.5009581446647644,1
proto,1,SR386_40X_HE_T423_01,0,0.49839553236961365,0
proto,1,SR386_40X_HE_T428_01,0,0.4927446246147156,0
proto,1,SR386_40X_HE_T430_01,0,0.4924466609954834,0
proto,1,SR386_40X_HE_T431_01,0,0.49111369252204895,0
proto,1,SR386_40X_HE_T435_01,0,0.499931663274765,0
proto,1,SR386_40X_HE_T438_01,0,0.4921850562095642,0
proto,1,SR386_40X_HE_T439_01,0,0.5027039647102356,1
proto,1,SR386_40X_HE_T447_01,0,0.4948863685131073,0
proto,1,SR386_40X_HE_T449_01,0,0.4908250570297241,0
proto,1,SR386_40X_HE_T454_01,0,0.49089354276657104,0
proto,1,SR386_40X_HE_T456_01,0,0.49315425753593445,0
proto,1,SR386_40X_HE_T461_01,0,0.49355846643447876,0
proto,1,SR386_40X_HE_T462_01,0,0.49261200428009033,0
proto,1,SR386_40X_HE_T468_01,0,0.4911973178386688,0
proto,1,SR386_40X_HE_T469_01,1,0.5037307143211365,1
proto,1,SR386_40X_HE_T470_01,0,0.4938963055610657,0
proto,1,SR386_40X_HE_T471_01,0,0.4940016269683838,0
proto,1,SR386_40X_HE_T477_01,0,0.4952875077724457,0
proto,1,SR386_40X_HE_T480_01,0,0.49459001421928406,0
proto,1,SR386_40X_HE_T484_01,0,0.4926769733428955,0
proto,1,SR386_40X_HE_T495_01,0,0.4896571636199951,0
proto,1,SR386_40X_HE_T496_01,0,0.48952290415763855,0
proto,1,SR386_40X_HE_T498_01,0,0.498288094997406,0
proto,1,SR386_40X_HE_T504_01,0,0.49501484632492065,0
proto,1,SR386_40X_HE_T511_01,0,0.49481359124183655,0
proto,1,SR386_40X_HE_T517_01,0,0.4969726800918579,0
proto,1,SR386_40X_HE_T523_01,0,0.493396520614624,0
proto,1,SR386_40X_HE_T529_01,0,0.49227747321128845,0
proto,1,SR386_40X_HE_T542_01,0,0.4906918704509735,0
proto,1,SR386_40X_HE_T569_01,0,0.49611803889274597,0
proto,1,SR386_40X_HE_T582_01,0,0.4939916431903839,0
proto,2,SR1482_40X_HE_T009_01,0,0.5004395842552185,1
proto,2,SR1482_40X_HE_T009_02,0,0.5009109377861023,1
proto,2,SR1482_40X_HE_T015_01,0,0.5034407377243042,1
proto,2,SR1482_40X_HE_T021_01,0,0.5001310110092163,1
proto,2,SR1482_40X_HE_T067_01,0,0.5014758706092834,1
proto,2,SR1482_40X_HE_T075_01,0,0.502806544303894,1
proto,2,SR1482_40X_HE_T075_02,0,0.5031387805938721,1
proto,2,SR1482_40X_HE_T098_01,0,0.5060938000679016,1
proto,2,SR1482_40X_HE_T098_02,0,0.5043792724609375,1
proto,2,SR1482_40X_HE_T102_01,0,0.5042254328727722,1
proto,2,SR1482_40X_HE_T123_01,0,0.5006275177001953,1
proto,2,SR1482_40X_HE_T142_01,0,0.4975137710571289,0
proto,2,SR1482_40X_HE_T146_01,0,0.5070836544036865,1
proto,2,SR1482_40X_HE_T148_01,0,0.5082727074623108,1
proto,2,SR1482_40X_HE_T148_02,0,0.504873514175415,1
proto,2,SR1482_40X_HE_T154_01,0,0.5009360313415527,1
proto,2,SR1482_40X_HE_T158_01,0,0.49971649050712585,0
proto,2,SR1482_40X_HE_T161_01,0,0.5099830627441406,1
proto,2,SR1482_40X_HE_T161_02,0,0.5068637132644653,1
proto,2,SR1482_40X_HE_T164_01,1,0.5045386552810669,1
proto,2,SR1482_40X_HE_T164_02,1,0.5058828592300415,1
proto,2,SR1482_40X_HE_T168_01,0,0.4997617304325104,0
proto,2,SR1482_40X_HE_T171_01,0,0.5023982524871826,1
proto,2,SR1482_40X_HE_T171_02,0,0.5030377507209778,1
proto,2,SR1482_40X_HE_T178_01,1,0.5055279731750488,1
proto,2,SR1482_40X_HE_T186_01,0,0.5015060901641846,1
proto,2,SR1482_40X_HE_T193_01,0,0.5030786991119385,1
proto,2,SR1482_40X_HE_T193_02,0,0.506984531879425,1
proto,2,SR1482_40X_HE_T209_01,0,0.5017313361167908,1
proto,2,SR1482_40X_HE_T209_02,0,0.5020638704299927,1
proto,2,SR1482_40X_HE_T245_01,0,0.5060244202613831,1
proto,2,SR1482_40X_HE_T245_02,0,0.5034448504447937,1
proto,2,SR1482_40X_HE_T265_01,0,0.49762120842933655,0
proto,2,SR1482_40X_HE_T302_01,0,0.5055472254753113,1
proto,2,SR1482_40X_HE_T343_01,1,0.5103909373283386,1
proto,2,SR1482_40X_HE_T343_02,1,0.5086939930915833,1
proto,2,SR1482_40X_HE_T399_01,0,0.5076518058776855,1
proto,2,SR1482_40X_HE_T399_02,0,0.5049684047698975,1
proto,2,SR1482_40X_HE_T426_01,0,0.5042080879211426,1
proto,2,SR1482_40X_HE_T426_02,0,0.5057758688926697,1
proto,2,SR386_40X_HE_T001_01,0,0.4944702684879303,0
proto,2,SR386_40X_HE_T013_01,0,0.49539265036582947,0
proto,2,SR386_40X_HE_T018_01,0,0.49458232522010803,0
proto,2,SR386_40X_HE_T019_01,0,0.4912017285823822,0
proto,2,SR386_40X_HE_T024_01,0,0.4901432693004608,0
proto,2,SR386_40X_HE_T039_01,0,0.49105626344680786,0
proto,2,SR386_40X_HE_T040_01,1,0.4980609118938446,0
proto,2,SR386_40X_HE_T042_01,0,0.4958890974521637,0
proto,2,SR386_40X_HE_T047_01,0,0.4924852252006531,0
proto,2,SR386_40X_HE_T051_01,0,0.4907429814338684,0
proto,2,SR386_40X_HE_T052_01,0,0.49328577518463135,0
proto,2,SR386_40X_HE_T056_01,0,0.4929109513759613,0
proto,2,SR386_40X_HE_T057_01,0,0.4915049970149994,0
proto,2,SR386_40X_HE_T070_01,0,0.4899062216281891,0
proto,2,SR386_40X_HE_T082_01,0,0.4966210722923279,0
proto,2,SR386_40X_HE_T084_01,0,0.503295361995697,1
proto,2,SR386_40X_HE_T087_01,0,0.49970293045043945,0
proto,2,SR386_40X_HE_T088_01,0,0.4967601001262665,0
proto,2,SR386_40X_HE_T098_01,0,0.49662548303604126,0
proto,2,SR386_40X_HE_T105_01,0,0.4955003261566162,0
proto,2,SR386_40X_HE_T122_01,0,0.4954957365989685,0
proto,2,SR386_40X_HE_T123_01,0,0.4956841468811035,0
proto,2,SR386_40X_HE_T133_01,0,0.49165078997612,0
proto,2,SR386_40X_HE_T145_01,0,0.4960198402404785,0
proto,2,SR386_40X_HE_T150_01,0,0.4966270625591278,0
proto,2,SR386_40X_HE_T152_01,0,0.4965757727622986,0
proto,2,SR386_40X_HE_T155_01,0,0.49300071597099304,0
proto,2,SR386_40X_HE_T157_01,0,0.49735939502716064,0
proto,2,SR386_40X_HE_T164_01,0,0.49254801869392395,0
proto,2,SR386_40X_HE_T166_01,0,0.4935021698474884,0
proto,2,SR386_40X_HE_T176_01,1,0.49572962522506714,0
proto,2,SR386_40X_HE_T177_01,0,0.49310100078582764,0
proto,2,SR386_40X_HE_T178_01,0,0.4951818883419037,0
proto,2,SR386_40X_HE_T187_01,0,0.4934099018573761,0
proto,2,SR386_40X_HE_T190_01,0,0.4915536940097809,0
proto,2,SR386_40X_HE_T192_01,0,0.49396416544914246,0
proto,2,SR386_40X_HE_T198_01,0,0.4951265752315521,0
proto,2,SR386_40X_HE_T200_01,0,0.4955502450466156,0
proto,2,SR386_40X_HE_T206_01,1,0.49600785970687866,0
proto,2,SR386_40X_HE_T211_01,0,0.49648749828338623,0
proto,2,SR386_40X_HE_T213_01,0,0.5001224279403687,1
proto,2,SR386_40X_HE_T214_01,0,0.49910321831703186,0
proto,2,SR386_40X_HE_T220_01,0,0.49381911754608154,0
proto,2,SR386_40X_HE_T230_01,1,0.49875712394714355,0
proto,2,SR386_40X_HE_T236_01,0,0.4943937361240387,0
proto,2,SR386_40X_HE_T237_01,0,0.49331772327423096,0
proto,2,SR386_40X_HE_T240_01,0,0.49448370933532715,0
proto,2,SR386_40X_HE_T241_01,0,0.49415022134780884,0
proto,2,SR386_40X_HE_T242_01,0,0.4973240792751312,0
proto,2,SR386_40X_HE_T253_01,0,0.48937591910362244,0
proto,2,SR386_40X_HE_T260_01,0,0.5023630261421204,1
proto,2,SR386_40X_HE_T262_01,0,0.5039529204368591,1
proto,2,SR386_40X_HE_T264_01,0,0.5055464506149292,1
proto,2,SR386_40X_HE_T271_01,0,0.49326539039611816,0
proto,2,SR386_40X_HE_T281_01,0,0.4925552010536194,0
proto,2,SR386_40X_HE_T297_01,0,0.4907962679862976,0
proto,2,SR386_40X_HE_T299_01,0,0.4918128550052643,0
proto,2,SR386_40X_HE_T301_01,0,0.49169623851776123,0
proto,2,SR386_40X_HE_T306_01,0,0.4916065037250519,0
proto,2,SR386_40X_HE_T309_01,0,0.489895224571228,0
proto,2,SR386_40X_HE_T314_01,0,0.49462640285491943,0
proto,2,SR386_40X_HE_T316_01,0,0.5059731602668762,1
proto,2,SR386_40X_HE_T318_01,0,0.5020034313201904,1
proto,2,SR386_40X_HE_T321_01,0,0.4964306354522705,0
proto,2,SR386_40X_HE_T326_01,0,0.4908237159252167,0
proto,2,SR386_40X_HE_T327_01,0,0.4877006709575653,0
proto,2,SR386_40X_HE_T332_01,1,0.49546128511428833,0
proto,2,SR386_40X_HE_T355_01,0,0.49294808506965637,0
proto,2,SR386_40X_HE_T364_01,0,0.49649715423583984,0
proto,2,SR386_40X_HE_T368_01,1,0.4960188865661621,0
proto,2,SR386_40X_HE_T374_01,0,0.490252822637558,0
proto,2,SR386_40X_HE_T380_01,0,0.489234060049057,0
proto,2,SR386_40X_HE_T382_01,0,0.4917586147785187,0
proto,2,SR386_40X_HE_T392_01,0,0.4906599223613739,0
proto,2,SR386_40X_HE_T398_01,0,0.4969037175178528,0
proto,2,SR386_40X_HE_T402_01,1,0.5048929452896118,1
proto,2,SR386_40X_HE_T404_01,0,0.49112728238105774,0
proto,2,SR386_40X_HE_T415_01,0,0.4918833374977112,0
proto,2,SR386_40X_HE_T417_01,0,0.49193382263183594,0
proto,2,SR386_40X_HE_T425_01,0,0.4925280511379242,0
proto,2,SR386_40X_HE_T436_01,1,0.4972071051597595,0
proto,2,SR386_40X_HE_T437_01,0,0.4930535554885864,0
proto,2,SR386_40X_HE_T440_01,0,0.49515384435653687,0
proto,2,SR386_40X_HE_T445_01,0,0.4916743040084839,0
proto,2,SR386_40X_HE_T450_01,0,0.4915899336338043,0
proto,2,SR386_40X_HE_T459_01,0,0.49921831488609314,0
proto,2,SR386_40X_HE_T472_01,0,0.4902831017971039,0
proto,2,SR386_40X_HE_T481_01,0,0.4949658215045929,0
proto,2,SR386_40X_HE_T483_01,0,0.5008923411369324,1
proto,2,SR386_40X_HE_T486_01,0,0.4949595332145691,0
proto,2,SR386_40X_HE_T488_01,0,0.4999372959136963,0
proto,2,SR386_40X_HE_T499_01,0,0.5030648708343506,1
proto,2,SR386_40X_HE_T507_01,0,0.5056290626525879,1
proto,2,SR386_40X_HE_T514_01,0,0.4909113347530365,0
proto,2,SR386_40X_HE_T520_01,1,0.49128612875938416,0
proto,2,SR386_40X_HE_T522_01,0,0.49552297592163086,0
proto,2,SR386_40X_HE_T531_01,0,0.4922085404396057,0
proto,2,SR386_40X_HE_T535_01,0,0.49083244800567627,0
proto,2,SR386_40X_HE_T539_01,0,0.49414393305778503,0
proto,2,SR386_40X_HE_T549_01,0,0.49814486503601074,0
proto,2,SR386_40X_HE_T552_01,0,0.4943838119506836,0
proto,2,SR386_40X_HE_T553_01,0,0.48973265290260315,0
proto,2,SR386_40X_HE_T554_01,0,0.49698540568351746,0
proto,2,SR386_40X_HE_T558_01,0,0.49295297265052795,0
proto,2,SR386_40X_HE_T564_01,0,0.49999913573265076,0
proto,2,SR386_40X_HE_T570_01,0,0.49324920773506165,0
proto,2,SR386_40X_HE_T574_01,0,0.48915979266166687,0
proto,2,SR386_40X_HE_T578_01,0,0.49100103974342346,0
proto,2,SR386_40X_HE_T580_01,0,0.4939371943473816,0
proto,3,SR1482_40X_HE_T005_01,0,0.504626989364624,1
proto,3,SR1482_40X_HE_T005_02,0,0.5054161548614502,1
proto,3,SR1482_40X_HE_T010_01,0,0.4982408285140991,0
proto,3,SR1482_40X_HE_T043_01,0,0.501101553440094,1
proto,3,SR1482_40X_HE_T043_02,0,0.5054408311843872,1
proto,3,SR1482_40X_HE_T049_01,0,0.5017381906509399,1
proto,3,SR1482_40X_HE_T061_01,0,0.5110397338867188,1
proto,3,SR1482_40X_HE_T061_02,0,0.5101726651191711,1
proto,3,SR1482_40X_HE_T070_01,1,0.5080527663230896,1
proto,3,SR1482_40X_HE_T073_01,0,0.4983043968677521,0
proto,3,SR1482_40X_HE_T082_01,0,0.501625120639801,1
proto,3,SR1482_40X_HE_T082_02,0,0.5070862770080566,1
proto,3,SR1482_40X_HE_T089_01,0,0.49633923172950745,0
proto,3,SR1482_40X_HE_T090_01,0,0.4966026246547699,0
proto,3,SR1482_40X_HE_T094_01,1,0.5085120797157288,1
proto,3,SR1482_40X_HE_T094_02,1,0.5083737373352051,1
proto,3,SR1482_40X_HE_T105_01,0,0.49981430172920227,0
proto,3,SR1482_40X_HE_T115_01,0,0.5033003687858582,1
proto,3,SR1482_40X_HE_T115_02,0,0.5033025741577148,1
proto,3,SR1482_40X_HE_T118_01,0,0.5091193318367004,1
proto,3,SR1482_40X_HE_T118_02,0,0.5054398775100708,1
proto,3,SR1482_40X_HE_T120_01,0,0.5070192813873291,1
proto,3,SR1482_40X_HE_T120_02,0,0.5110703110694885,1
proto,3,SR1482_40X_HE_T124_01,0,0.5073751211166382,1
proto,3,SR1482_40X_HE_T124_02,0,0.5082170367240906,1
proto,3,SR1482_40X_HE_T138_01,0,0.49752530455589294,0
proto,3,SR1482_40X_HE_T160_01,0,0.5064188838005066,1
proto,3,SR1482_40X_HE_T160_02,0,0.5053423643112183,1
proto,3,SR1482_40X_HE_T167_01,0,0.5086830258369446,1
proto,3,SR1482_40X_HE_T167_02,0,0.5051438212394714,1
proto,3,SR1482_40X_HE_T175_01,0,0.5084671378135681,1
proto,3,SR1482_40X_HE_T175_02,0,0.5081498026847839,1
proto,3,SR1482_40X_HE_T177_01,1,0.5012532472610474,1
proto,3,SR1482_40X_HE_T188_01,0,0.5011487007141113,1
proto,3,SR1482_40X_HE_T195_01,0,0.50276118516922,1
proto,3,SR1482_40X_HE_T195_02,0,0.5036722421646118,1
proto,3,SR1482_40X_HE_T202_01,0,0.5068506002426147,1
proto,3,SR1482_40X_HE_T202_02,0,0.506129801273346,1
proto,3,SR1482_40X_HE_T225_01,0,0.5105292797088623,1
proto,3,SR1482_40X_HE_T225_02,0,0.5028507113456726,1
proto,3,SR1482_40X_HE_T235_01,0,0.5073911547660828,1
proto,3,SR1482_40X_HE_T235_02,0,0.5083556771278381,1
proto,3,SR1482_40X_HE_T236_01,0,0.5062159895896912,1
proto,3,SR1482_40X_HE_T236_02,0,0.5064182877540588,1
proto,3,SR1482_40X_HE_T258_01,0,0.5040131211280823,1
proto,3,SR1482_40X_HE_T258_02,0,0.503290593624115,1
proto,3,SR1482_40X_HE_T284_01,1,0.5055738091468811,1
proto,3,SR1482_40X_HE_T284_02,1,0.5034293532371521,1
proto,3,SR1482_40X_HE_T301_01,1,0.5047714710235596,1
proto,3,SR1482_40X_HE_T301_02,1,0.5063549876213074,1
proto,3,SR1482_40X_HE_T309_01,0,0.507317066192627,1
proto,3,SR1482_40X_HE_T313_01,0,0.5079795718193054,1
proto,3,SR1482_40X_HE_T313_02,0,0.5097412467002869,1
proto,3,SR1482_40X_HE_T338_01,0,0.5099688768386841,1
proto,3,SR1482_40X_HE_T344_01,0,0.5034632682800293,1
proto,3,SR1482_40X_HE_T344_02,0,0.5057167410850525,1
proto,3,SR1482_40X_HE_T346_01,0,0.5073612332344055,1
proto,3,SR1482_40X_HE_T346_02,0,0.5081360936164856,1
proto,3,SR1482_40X_HE_T377_01,0,0.5091405510902405,1
proto,3,SR1482_40X_HE_T377_02,0,0.5085704922676086,1
proto,3,SR1482_40X_HE_T419_01,0,0.5006144046783447,1
proto,3,SR1482_40X_HE_T427_01,0,0.5072002410888672,1
proto,3,SR1482_40X_HE_T427_02,0,0.5059455633163452,1
proto,3,SR386_40X_HE_T007_01,0,0.49578621983528137,0
proto,3,SR386_40X_HE_T015_01,0,0.491809606552124,0
proto,3,SR386_40X_HE_T017_01,1,0.4944745898246765,0
proto,3,SR386_40X_HE_T032_01,0,0.48958855867385864,0
proto,3,SR386_40X_HE_T034_01,0,0.49301040172576904,0
proto,3,SR386_40X_HE_T035_01,0,0.49577414989471436,0
proto,3,SR386_40X_HE_T041_01,0,0.49462205171585083,0
proto,3,SR386_40X_HE_T067_01,0,0.492504745721817,0
proto,3,SR386_40X_HE_T075_01,0,0.49508222937583923,0
proto,3,SR386_40X_HE_T081_01,0,0.49882107973098755,0
proto,3,SR386_40X_HE_T083_01,0,0.4929795563220978,0
proto,3,SR386_40X_HE_T085_01,0,0.4884321391582489,0
proto,3,SR386_40X_HE_T095_01,0,0.49000290036201477,0
proto,3,SR386_40X_HE_T104_01,0,0.4947517216205597,0
proto,3,SR386_40X_HE_T106_01,0,0.4916759133338928,0
proto,3,SR386_40X_HE_T112_01,0,0.4906723201274872,0
proto,3,SR386_40X_HE_T128_01,0,0.4885275065898895,0
proto,3,SR386_40X_HE_T132_01,0,0.4891454577445984,0
proto,3,SR386_40X_HE_T138_01,0,0.4913991689682007,0
proto,3,SR386_40X_HE_T142_01,0,0.4950833320617676,0
proto,3,SR386_40X_HE_T149_01,0,0.4918228089809418,0
proto,3,SR386_40X_HE_T165_01,1,0.4917907118797302,0
proto,3,SR386_40X_HE_T179_01,0,0.49496933817863464,0
proto,3,SR386_40X_HE_T180_01,0,0.49303773045539856,0
proto,3,SR386_40X_HE_T182_01,0,0.4894389808177948,0
proto,3,SR386_40X_HE_T184_01,0,0.4957957863807678,0
proto,3,SR386_40X_HE_T188_01,0,0.49768880009651184,0
proto,3,SR386_40X_HE_T191_01,0,0.49026182293891907,0
proto,3,SR386_40X_HE_T197_01,0,0.4885900914669037,0
proto,3,SR386_40X_HE_T201_01,0,0.4915531277656555,0
proto,3,SR386_40X_HE_T202_01,0,0.49054452776908875,0
proto,3,SR386_40X_HE_T208_01,0,0.48924270272254944,0
proto,3,SR386_40X_HE_T216_01,1,0.49534061551094055,0
proto,3,SR386_40X_HE_T238_01,0,0.4903563857078552,0
proto,3,SR386_40X_HE_T244_01,0,0.49704429507255554,0
proto,3,SR386_40X_HE_T248_01,0,0.48859065771102905,0
proto,3,SR386_40X_HE_T249_01,0,0.487941175699234,0
proto,3,SR386_40X_HE_T250_01,0,0.49743765592575073,0
proto,3,SR386_40X_HE_T263_01,0,0.49342718720436096,0
proto,3,SR386_40X_HE_T267_01,0,0.49698588252067566,0
proto,3,SR386_40X_HE_T269_01,0,0.4902064800262451,0
proto,3,SR386_40X_HE_T277_01,0,0.49225300550460815,0
proto,3,SR386_40X_HE_T286_01,0,0.5075223445892334,1
proto,3,SR386_40X_HE_T287_01,0,0.4943721890449524,0
proto,3,SR386_40X_HE_T290_01,0,0.49614864587783813,0
proto,3,SR386_40X_HE_T293_01,0,0.49358513951301575,0
proto,3,SR386_40X_HE_T298_01,0,0.49094781279563904,0
proto,3,SR386_40X_HE_T303_01,0,0.48975616693496704,0
proto,3,SR386_40X_HE_T312_01,0,0.4961598813533783,0
proto,3,SR386_40X_HE_T329_01,0,0.501110851764679,1
proto,3,SR386_40X_HE_T336_01,0,0.4897349774837494,0
proto,3,SR386_40X_HE_T338_01,0,0.4880494475364685,0
proto,3,SR386_40X_HE_T342_01,0,0.49304574728012085,0
proto,3,SR386_40X_HE_T353_01,0,0.4954186975955963,0
proto,3,SR386_40X_HE_T357_01,0,0.4914299547672272,0
proto,3,SR386_40X_HE_T362_01,0,0.4960535764694214,0
proto,3,SR386_40X_HE_T363_01,1,0.4979383647441864,0
proto,3,SR386_40X_HE_T372_01,0,0.4962410628795624,0
proto,3,SR386_40X_HE_T378_01,0,0.49124011397361755,0
proto,3,SR386_40X_HE_T379_01,0,0.4929405152797699,0
proto,3,SR386_40X_HE_T386_01,0,0.4913596212863922,0
proto,3,SR386_40X_HE_T387_01,0,0.5002589821815491,1
proto,3,SR386_40X_HE_T393_01,0,0.4871150255203247,0
proto,3,SR386_40X_HE_T397_01,0,0.498437762260437,0
proto,3,SR386_40X_HE_T406_01,0,0.49493399262428284,0
proto,3,SR386_40X_HE_T409_01,0,0.49125152826309204,0
proto,3,SR386_40X_HE_T422_01,0,0.4914098381996155,0
proto,3,SR386_40X_HE_T426_01,0,0.4880158007144928,0
proto,3,SR386_40X_HE_T433_01,0,0.4895789623260498,0
proto,3,SR386_40X_HE_T443_01,0,0.49707266688346863,0
proto,3,SR386_40X_HE_T448_01,0,0.49110838770866394,0
proto,3,SR386_40X_HE_T452_01,0,0.4949788749217987,0
proto,3,SR386_40X_HE_T460_01,1,0.49389514327049255,0
proto,3,SR386_40X_HE_T473_01,0,0.4883853793144226,0
proto,3,SR386_40X_HE_T475_01,0,0.4902295470237732,0
proto,3,SR386_40X_HE_T478_01,0,0.49073904752731323,0
proto,3,SR386_40X_HE_T489_01,1,0.4948091506958008,0
proto,3,SR386_40X_HE_T491_01,0,0.497193843126297,0
proto,3,SR386_40X_HE_T492_01,0,0.4882165491580963,0
proto,3,SR386_40X_HE_T493_01,0,0.48858678340911865,0
proto,3,SR386_40X_HE_T502_01,0,0.4875539243221283,0
proto,3,SR386_40X_HE_T505_01,0,0.5037313103675842,1
proto,3,SR386_40X_HE_T506_01,0,0.49276432394981384,0
proto,3,SR386_40X_HE_T509_01,0,0.5047838687896729,1
proto,3,SR386_40X_HE_T516_01,0,0.4905317425727844,0
proto,3,SR386_40X_HE_T518_01,0,0.49569371342658997,0
proto,3,SR386_40X_HE_T519_01,0,0.4968961477279663,0
proto,3,SR386_40X_HE_T521_01,0,0.48923206329345703,0
proto,3,SR386_40X_HE_T526_01,0,0.49278515577316284,0
proto,3,SR386_40X_HE_T533_01,0,0.49091681838035583,0
proto,3,SR386_40X_HE_T543_01,0,0.4915258586406708,0
proto,3,SR386_40X_HE_T544_01,0,0.494396448135376,0
proto,3,SR386_40X_HE_T556_01,1,0.49350348114967346,0
proto,3,SR386_40X_HE_T560_01,0,0.49745917320251465,0
proto,3,SR386_40X_HE_T563_01,0,0.489745169878006,0
proto,3,SR386_40X_HE_T568_01,0,0.4893738031387329,0
proto,3,SR386_40X_HE_T571_01,0,0.4919773042201996,0
proto,3,SR386_40X_HE_T572_01,0,0.5020712018013,1
proto,3,SR386_40X_HE_T573_01,0,0.487020879983902,0
proto,3,SR386_40X_HE_T583_01,0,0.4906816780567169,0
proto,4,SR1482_40X_HE_T002_01,0,0.4963933229446411,0
proto,4,SR1482_40X_HE_T003_01,0,0.5016065835952759,1
proto,4,SR1482_40X_HE_T004_01,0,0.49926820397377014,0
proto,4,SR1482_40X_HE_T004_02,0,0.5029749870300293,1
proto,4,SR1482_40X_HE_T011_01,0,0.4977702498435974,0
proto,4,SR1482_40X_HE_T025_01,0,0.5054616928100586,1
proto,4,SR1482_40X_HE_T025_02,0,0.5060824751853943,1
proto,4,SR1482_40X_HE_T060_01,0,0.5086390972137451,1
proto,4,SR1482_40X_HE_T062_01,0,0.5063658356666565,1
proto,4,SR1482_40X_HE_T062_02,0,0.506370484828949,1
proto,4,SR1482_40X_HE_T064_01,0,0.5060041546821594,1
proto,4,SR1482_40X_HE_T064_02,0,0.502810001373291,1
proto,4,SR1482_40X_HE_T071_01,0,0.5049652457237244,1
proto,4,SR1482_40X_HE_T071_02,0,0.5048573613166809,1
proto,4,SR1482_40X_HE_T074_01,0,0.4968051314353943,0
proto,4,SR1482_40X_HE_T074_02,0,0.49769920110702515,0
proto,4,SR1482_40X_HE_T083_01,0,0.5087841749191284,1
proto,4,SR1482_40X_HE_T083_02,0,0.507972002029419,1
proto,4,SR1482_40X_HE_T087_01,0,0.4987346827983856,0
proto,4,SR1482_40X_HE_T097_01,1,0.5071842074394226,1
proto,4,SR1482_40X_HE_T097_02,1,0.5065892934799194,1
proto,4,SR1482_40X_HE_T108_01,0,0.49543842673301697,0
proto,4,SR1482_40X_HE_T113_01,0,0.5035115480422974,1
proto,4,SR1482_40X_HE_T113_02,0,0.5075452923774719,1
proto,4,SR1482_40X_HE_T121_01,0,0.4947797358036041,0
proto,4,SR1482_40X_HE_T122_01,0,0.49524763226509094,0
proto,4,SR1482_40X_HE_T125_01,0,0.5039828419685364,1
proto,4,SR1482_40X_HE_T125_02,0,0.5055810809135437,1
proto,4,SR1482_40X_HE_T131_01,0,0.5060545802116394,1
proto,4,SR1482_40X_HE_T131_02,0,0.5065231919288635,1
proto,4,SR1482_40X_HE_T132_01,0,0.5028654336929321,1
proto,4,SR1482_40X_HE_T132_02,0,0.5053815841674805,1
proto,4,SR1482_40X_HE_T143_01,0,0.5092994570732117,1
proto,4,SR1482_40X_HE_T143_02,0,0.5082099437713623,1
proto,4,SR1482_40X_HE_T166_01,1,0.49676892161369324,0
proto,4,SR1482_40X_HE_T169_01,0,0.5022720098495483,1
proto,4,SR1482_40X_HE_T176_01,1,0.5087453722953796,1
proto,4,SR1482_40X_HE_T176_02,1,0.5077582001686096,1
proto,4,SR1482_40X_HE_T191_01,0,0.5023153424263,1
proto,4,SR1482_40X_HE_T194_01,0,0.5099393725395203,1
proto,4,SR1482_40X_HE_T218_01,0,0.49869784712791443,0
proto,4,SR1482_40X_HE_T253_01,0,0.4943828880786896,0
proto,4,SR1482_40X_HE_T290_01,0,0.5039765238761902,1
proto,4,SR1482_40X_HE_T308_01,0,0.5081603527069092,1
proto,4,SR1482_40X_HE_T314_01,0,0.511350154876709,1
proto,4,SR1482_40X_HE_T314_02,0,0.5105522274971008,1
proto,4,SR1482_40X_HE_T372_01,1,0.5048127174377441,1
proto,4,SR1482_40X_HE_T372_02,1,0.5027354955673218,1
proto,4,SR1482_40X_HE_T408_01,0,0.49788954854011536,0
proto,4,SR1482_40X_HE_T412_01,0,0.5025554299354553,1
proto,4,SR1482_40X_HE_T425_01,0,0.4978330135345459,0
proto,4,SR1482_40X_HE_T434_01,1,0.503475546836853,1
proto,4,SR386_40X_HE_T006_01,0,0.4892144203186035,0
proto,4,SR386_40X_HE_T010_01,0,0.49040985107421875,0
proto,4,SR386_40X_HE_T014_01,0,0.4963635802268982,0
proto,4,SR386_40X_HE_T016_01,0,0.48729392886161804,0
proto,4,SR386_40X_HE_T020_01,0,0.48697853088378906,0
proto,4,SR386_40X_HE_T027_01,0,0.5018168687820435,1
proto,4,SR386_40X_HE_T028_01,0,0.49257519841194153,0
proto,4,SR386_40X_HE_T037_01,0,0.4934951066970825,0
proto,4,SR386_40X_HE_T043_01,0,0.48911210894584656,0
proto,4,SR386_40X_HE_T044_01,1,0.4928910434246063,0
proto,4,SR386_40X_HE_T046_01,0,0.5011247396469116,1
proto,4,SR386_40X_HE_T058_01,0,0.4898277521133423,0
proto,4,SR386_40X_HE_T062_01,0,0.49259814620018005,0
proto,4,SR386_40X_HE_T065_01,1,0.48972153663635254,0
proto,4,SR386_40X_HE_T080_01,0,0.4892391562461853,0
proto,4,SR386_40X_HE_T091_01,0,0.48735183477401733,0
proto,4,SR386_40X_HE_T094_01,0,0.48679497838020325,0
proto,4,SR386_40X_HE_T097_01,0,0.4928744435310364,0
proto,4,SR386_40X_HE_T100_01,0,0.49565768241882324,0
proto,4,SR386_40X_HE_T107_01,0,0.4940926730632782,0
proto,4,SR386_40X_HE_T109_01,1,0.4967840313911438,0
proto,4,SR386_40X_HE_T110_01,0,0.4915739595890045,0
proto,4,SR386_40X_HE_T117_01,0,0.4917689561843872,0
proto,4,SR386_40X_HE_T127_01,0,0.49160245060920715,0
proto,4,SR386_40X_HE_T129_01,0,0.49070975184440613,0
proto,4,SR386_40X_HE_T136_01,0,0.4939679503440857,0
proto,4,SR386_40X_HE_T154_01,0,0.49020421504974365,0
proto,4,SR386_40X_HE_T168_01,1,0.4907239079475403,0
proto,4,SR386_40X_HE_T175_01,0,0.4891275465488434,0
proto,4,SR386_40X_HE_T189_01,0,0.4872727692127228,0
proto,4,SR386_40X_HE_T195_01,0,0.4889703094959259,0
proto,4,SR386_40X_HE_T227_01,0,0.49506255984306335,0
proto,4,SR386_40X_HE_T233_01,0,0.4954977035522461,0
proto,4,SR386_40X_HE_T234_01,0,0.49761539697647095,0
proto,4,SR386_40X_HE_T235_01,0,0.49073830246925354,0
proto,4,SR386_40X_HE_T239_01,0,0.5000028014183044,1
proto,4,SR386_40X_HE_T245_01,0,0.4940446615219116,0
proto,4,SR386_40X_HE_T256_01,0,0.4924190044403076,0
proto,4,SR386_40X_HE_T265_01,0,0.4899873435497284,0
proto,4,SR386_40X_HE_T268_01,0,0.5016351342201233,1
proto,4,SR386_40X_HE_T270_01,0,0.4959709942340851,0
proto,4,SR386_40X_HE_T272_01,0,0.5044327974319458,1
proto,4,SR386_40X_HE_T273_01,0,0.4924889802932739,0
proto,4,SR386_40X_HE_T276_01,0,0.49157634377479553,0
proto,4,SR386_40X_HE_T278_01,1,0.4908173382282257,0
proto,4,SR386_40X_HE_T284_01,0,0.48953351378440857,0
proto,4,SR386_40X_HE_T285_01,0,0.49116626381874084,0
proto,4,SR386_40X_HE_T288_01,0,0.49260416626930237,0
proto,4,SR386_40X_HE_T291_01,0,0.48897871375083923,0
proto,4,SR386_40X_HE_T300_01,0,0.490652859210968,0
proto,4,SR386_40X_HE_T302_01,0,0.4881201684474945,0
proto,4,SR386_40X_HE_T305_01,0,0.48829272389411926,0
proto,4,SR386_40X_HE_T308_01,0,0.49043816328048706,0
proto,4,SR386_40X_HE_T325_01,0,0.4915621876716614,0
proto,4,SR386_40X_HE_T331_01,0,0.4928632080554962,0
proto,4,SR386_40X_HE_T341_01,0,0.5044116377830505,1
proto,4,SR386_40X_HE_T343_01,1,0.49158427119255066,0
proto,4,SR386_40X_HE_T346_01,0,0.50157231092453,1
proto,4,SR386_40X_HE_T352_01,0,0.49244245886802673,0
proto,4,SR386_40X_HE_T373_01,0,0.5014065504074097,1
proto,4,SR386_40X_HE_T375_01,0,0.490227609872818,0
proto,4,SR386_40X_HE_T381_01,0,0.4893224537372589,0
proto,4,SR386_40X_HE_T389_01,0,0.5029605627059937,1
proto,4,SR386_40X_HE_T391_01,0,0.4939812123775482,0
proto,4,SR386_40X_HE_T394_01,0,0.48921194672584534,0
proto,4,SR386_40X_HE_T399_01,0,0.5064719319343567,1
proto,4,SR386_40X_HE_T403_01,0,0.48878756165504456,0
proto,4,SR386_40X_HE_T405_01,0,0.5047211050987244,1
proto,4,SR386_40X_HE_T407_01,0,0.49162647128105164,0
proto,4,SR386_40X_HE_T414_01,0,0.4902390241622925,0
proto,4,SR386_40X_HE_T424_01,0,0.49737581610679626,0
proto,4,SR386_40X_HE_T429_01,0,0.504416286945343,1
proto,4,SR386_40X_HE_T441_01,0,0.4939849078655243,0
proto,4,SR386_40X_HE_T451_01,0,0.4963456988334656,0
proto,4,SR386_40X_HE_T453_01,0,0.4899120628833771,0
proto,4,SR386_40X_HE_T455_01,0,0.49283358454704285,0
proto,4,SR386_40X_HE_T465_01,0,0.5046834945678711,1
proto,4,SR386_40X_HE_T474_01,0,0.502779483795166,1
proto,4,SR386_40X_HE_T476_01,0,0.5051506757736206,1
proto,4,SR386_40X_HE_T479_01,0,0.49633777141571045,0
proto,4,SR386_40X_HE_T482_01,0,0.4958055317401886,0
proto,4,SR386_40X_HE_T487_01,0,0.4980129897594452,0
proto,4,SR386_40X_HE_T490_01,0,0.4903614819049835,0
proto,4,SR386_40X_HE_T494_01,0,0.4877621829509735,0
proto,4,SR386_40X_HE_T500_01,0,0.4876648783683777,0
proto,4,SR386_40X_HE_T510_01,0,0.4955897927284241,0
proto,4,SR386_40X_HE_T524_01,0,0.49115490913391113,0
proto,4,SR386_40X_HE_T528_01,0,0.5057627558708191,1
proto,4,SR386_40X_HE_T532_01,0,0.4926690459251404,0
proto,4,SR386_40X_HE_T534_01,0,0.5017902255058289,1
proto,4,SR386_40X_HE_T536_01,0,0.48710161447525024,0
proto,4,SR386_40X_HE_T537_01,0,0.4953666031360626,0
proto,4,SR386_40X_HE_T541_01,0,0.4894638657569885,0
proto,4,SR386_40X_HE_T548_01,1,0.5064924359321594,1
proto,4,SR386_40X_HE_T550_01,0,0.494867205619812,0
proto,4,SR386_40X_HE_T551_01,0,0.4921572208404541,0
proto,4,SR386_40X_HE_T557_01,0,0.4948887228965759,0
proto,4,SR386_40X_HE_T565_01,0,0.4935005307197571,0
proto,4,SR386_40X_HE_T567_01,0,0.4934931695461273,0
proto,4,SR386_40X_HE_T575_01,0,0.4922773838043213,0
proto,4,SR386_40X_HE_T576_01,0,0.48927727341651917,0
proto,4,SR386_40X_HE_T581_01,0,0.5011852383613586,1
rf,1,SR1482_40X_HE_T029_01,0,0.13077358175196632,0
rf,1,SR1482_40X_HE_T029_02,0,0.15244488787516128,0
rf,1,SR1482_40X_HE_T057_01,0,0.07276190476190476,0
rf,1,SR1482_40X_HE_T063_01,1,0.30704857910906297,1
rf,1,SR1482_40X_HE_T063_02,1,0.1539810714803463,0
rf,1,SR1482_40X_HE_T065_01,0,0.12164440133037693,0
rf,1,SR1482_40X_HE_T065_02,0,0.11864440133037694,0
rf,1,SR1482_40X_HE_T066_01,0,0.16115552058746394,0
rf,1,SR1482_40X_HE_T066_02,0,0.2936096471061066,0
rf,1,SR1482_40X_HE_T068_01,0,0.021858560794044662,0
rf,1,SR1482_40X_HE_T069_01,0,0.019935483870967743,0
rf,1,SR1482_40X_HE_T069_02,0,0.12129533235581623,0
rf,1,SR1482_40X_HE_T079_01,1,0.08781818181818181,0
rf,1,SR1482_40X_HE_T079_02,1,0.16129437229437227,0
rf,1,SR1482_40X_HE_T080_01,0,0.08910754893546005,0
rf,1,SR1482_40X_HE_T080_02,0,0.07647521755716091,0
rf,1,SR1482_40X_HE_T081_01,0,0.08580020792215913,0
rf,1,SR1482_40X_HE_T081_02,0,0.0859484455625521,0
rf,1,SR1482_40X_HE_T099_01,0,0.033558024471941256,0
rf,1,SR1482_40X_HE_T116_01,0,0.21548968105065666,0
rf,1,SR1482_40X_HE_T117_01,0,0.1187048852013447,0
rf,1,SR1482_40X_HE_T117_02,0,0.10923851417399805,0
rf,1,SR1482_40X_HE_T126_01,0,0.13302259965373572,0
rf,1,SR1482_40X_HE_T129_01,0,0.1107304402914159,0
rf,1,SR1482_40X_HE_T129_02,0,0.13158856991535814,0
rf,1,SR1482_40X_HE_T139_01,0,0.23699338025000802,0
rf,1,SR1482_40X_HE_T139_02,0,0.30310647548810327,1
rf,1,SR1482_40X_HE_T147_01,0,0.4426009890974486,1
rf,1,SR1482_40X_HE_T147_02,0,0.3582323501462669,1
rf,1,SR1482_40X_HE_T159_01,0,0.14099217986314758,0
rf,1,SR1482_40X_HE_T159_02,0,0.13208907954184165,0
rf,1,SR1482_40X_HE_T192_01,0,0.08421681860812297,0
rf,1,SR1482_40X_HE_T199_01,0,0.10658066980457871,0
rf,1,SR1482_40X_HE_T304_01,0,0.0845747925588698,0
rf,1,SR1482_40X_HE_T304_02,0,0.0972440276088978,0
rf,1,SR1482_40X_HE_T310_01,1,0.1634132131053247,0
rf,1,SR1482_40X_HE_T310_02,1,0.12816722594524924,0
rf,1,SR1482_40X_HE_T341_01,0,0.06892849086397473,0
rf,1,SR1482_40X_HE_T341_02,0,0.10268131868131868,0
rf,1,SR1482_40X_HE_T353_01,0,0.05830786286883848,0
rf,1,SR1482_40X_HE_T390_01,0,0.015508531765159548,0
rf,1,SR1482_40X_HE_T433_01,1,0.14300303725966504,0
rf,1,SR386_40X_HE_T003_01,0,0.04304428904428904,0
rf,1,SR386_40X_HE_T004_01,0,0.2084095238095238,0
rf,1,SR386_40X_HE_T022_01,1,0.27580645161290324,0
rf,1,SR386_40X_HE_T030_01,0,0.24278235140783355,0
rf,1,SR386_40X_HE_T033_01,0,0.10209843779408996,0
rf,1,SR386_40X_HE_T036_01,0,0.10680727874276262,0
rf,1,SR386_40X_HE_T038_01,0,0.10782783882783882,0
rf,1,SR386_40X_HE_T049_01,0,0.016,0
rf,1,SR386_40X_HE_T050_01,0,0.10226457963885449,0
rf,1,SR386_40X_HE_T060_01,0,0.09408054714103102,0
rf,1,SR386_40X_HE_T063_01,0,0.23701258709561193,0
rf,1,SR386_40X_HE_T066_01,0,0.07837762237762237,0
rf,1,SR386_40X_HE_T069_01,0,0.11957918163661672,0
rf,1,SR386_40X_HE_T072_01,0,0.0812486733696411,0
rf,1,SR386_40X_HE_T074_01,0,0.09462149891549938,0
rf,1,SR386_40X_HE_T078_01,0,0.05645168007313956,0
rf,1,SR386_40X_HE_T079_01,0,0.014,0
rf,1,SR386_40X_HE_T092_01,1,0.0614291071247593,0
rf,1,SR386_40X_HE_T096_01,0,0.03772294372294373,0
rf,1,SR386_40X_HE_T099_01,0,0.12105083910397003,0
rf,1,SR386_40X_HE_T103_01,0,0.12044967036923143,0
rf,1,SR386_40X_HE_T108_01,0,0.1764776862338223,0
rf,1,SR386_40X_HE_T113_01,0,0.11968220092915215,0
rf,1,SR386_40X_HE_T114_01,0,0.06346153846153846,0
rf,1,SR386_40X_HE_T119_01,0,0.02120779220779221,0
rf,1,SR386_40X_HE_T126_01,0,0.09736277045596363,0
rf,1,SR386_40X_HE_T130_01,0,0.013722943722943724,0
rf,1,SR386_40X_HE_T131_01,0,0.10135581622678397,0
rf,1,SR386_40X_HE_T135_01,0,0.2042623357228196,0
rf,1,SR386_40X_HE_T140_01,0,0.08852360271571436,0
rf,1,SR386_40X_HE_T144_01,0,0.18187221380769766,0
rf,1,SR386_40X_HE_T147_01,0,0.1142702434177844,0
rf,1,SR386_40X_HE_T148_01,0,0.16935682350436448,0
rf,1,SR386_40X_HE_T160_01,0,0.06165842759391146,0
rf,1,SR386_40X_HE_T169_01,0,0.02634574028122415,0
rf,1,SR386_40X_HE_T170_01,1,0.2288311199396365,0
rf,1,SR386_40X_HE_T172_01,0,0.26072984889884937,0
rf,1,SR386_40X_HE_T174_01,0,0.07116616716616715,0
rf,1,SR386_40X_HE_T181_01,0,0.03966666666666666,0
rf,1,SR386_40X_HE_T196_01,0,0.059174825174825176,0
rf,1,SR386_40X_HE_T205_01,0,0.19443926769589545,0
rf,1,SR386_40X_HE_T209_01,0,0.0710952380952381,0
rf,1,SR386_40X_HE_T210_01,0,0.21264929212154063,0
rf,1,SR386_40X_HE_T212_01,0,0.024807200929152153,0
rf,1,SR386_40X_HE_T221_01,0,0.04,0
rf,1,SR386_40X_HE_T224_01,0,0.0630952380952381,0
rf,1,SR386_40X_HE_T231_01,1,0.13695227671514432,0
rf,1,SR386_40X_HE_T232_01,0,0.05108030835284934,0
rf,1,SR386_40X_HE_T247_01,0,0.024,0
rf,1,SR386_40X_HE_T252_01,0,0.017428571428571432,0
rf,1,SR386_40X_HE_T255_01,0,0.06536683606248823,0
rf,1,SR386_40X_HE_T259_01,1,0.08135664335664336,0
rf,1,SR386_40X_HE_T274_01,0,0.047663440307440776,0
rf,1,SR386_40X_HE_T275_01,0,0.09557184750733137,0
rf,1,SR386_40X_HE_T282_01,0,0.006,0
rf,1,SR386_40X_HE_T294_01,0,0.22256170543561435,0
rf,1,SR386_40X_HE_T311_01,0,0.04948913043478261,0
rf,1,SR386_40X_HE_T315_01,0,0.05508896636150735,0
rf,1,SR386_40X_HE_T319_01,1,0.10361413043478261,0
rf,1,SR386_40X_HE_T324_01,1,0.13087550356147915,0
rf,1,SR386_40X_HE_T330_01,0,0.021935483870967745,0
rf,1,SR386_40X_HE_T333_01,0,0.06545454545454547,0
rf,1,SR386_40X_HE_T335_01,0,0.03135682350436449,0
rf,1,SR386_40X_HE_T337_01,0,0.15218570021437722,0
rf,1,SR386_40X_HE_T344_01,0,0.04513668846347669,0
rf,1,SR386_40X_HE_T347_01,0,0.0519672131147541,0
rf,1,SR386_40X_HE_T350_01,0,0.03,0
rf,1,SR386_40X_HE_T351_01,0,0.0991780303030303,0
rf,1,SR386_40X_HE_T360_01,0,0.032,0
rf,1,SR386_40X_HE_T361_01,0,0.09156318949867336,0
rf,1,SR386_40X_HE_T366_01,0,0.05284641389954483,0
rf,1,SR386_40X_HE_T377_01,1,0.11079690324869146,0
rf,1,SR386_40X_HE_T384_01,0,0.014,0
rf,1,SR386_40X_HE_T395_01,0,0.0812298690895594,0
rf,1,SR386_40X_HE_T396_01,0,0.05736477114344817,0
rf,1,SR386_40X_HE_T401_01,0,0.10450733137829912,0
rf,1,SR386_40X_HE_T408_01,0,0.02346420246420246,0
rf,1,SR386_40X_HE_T410_01,0,0.1399047619047619,0
rf,1,SR386_40X_HE_T413_01,0,0.13737549407114621,0
rf,1,SR386_40X_HE_T416_01,0,0.05163636363636363,0
rf,1,SR386_40X_HE_T418_01,0,0.0339047619047619,0
rf,1,SR386_40X_HE_T419_01,0,0.11345081476459612,0
rf,1,SR386_40X_HE_T421_01,0,0.08969015683769781,0
rf,1,SR386_40X_HE_T423_01,0,0.05562564070866556,0
rf,1,SR386_40X_HE_T428_01,0,0.056912258473234084,0
rf,1,SR386_40X_HE_T430_01,0,0.04237306133157792,0
rf,1,SR386_40X_HE_T431_01,0,0.08296774881094197,0
rf,1,SR386_40X_HE_T435_01,0,0.168677282369394,0
rf,1,SR386_40X_HE_T438_01,0,0.06351889233954451,0
rf,1,SR386_40X_HE_T439_01,0,0.13831317542733632,0
rf,1,SR386_40X_HE_T447_01,0,0.07219474666699523,0
rf,1,SR386_40X_HE_T449_01,0,0.03375366568914956,0
rf,1,SR386_40X_HE_T454_01,0,0.02553246753246753,0
rf,1,SR386_40X_HE_T456_01,0,0.019951219512195122,0
rf,1,SR386_40X_HE_T461_01,0,0.08167461430575035,0
rf,1,SR386_40X_HE_T462_01,0,0.034,0
rf,1,SR386_40X_HE_T468_01,0,0.031714285714285716,0
rf,1,SR386_40X_HE_T469_01,1,0.11069693075741462,0
rf,1,SR386_40X_HE_T470_01,0,0.07953846153846154,0
rf,1,SR386_40X_HE_T471_01,0,0.03186046511627907,0
rf,1,SR386_40X_HE_T477_01,0,0.10589231601731601,0
rf,1,SR386_40X_HE_T480_01,0,0.106,0
rf,1,SR386_40X_HE_T484_01,0,0.0790711092186502,0
rf,1,SR386_40X_HE_T495_01,0,0.011904761904761906,0
rf,1,SR386_40X_HE_T496_01,0,0.011779761904761906,0
rf,1,SR386_40X_HE_T498_01,0,0.28970422610176705,0
rf,1,SR386_40X_HE_T504_01,0,0.0710312576623937,0
rf,1,SR386_40X_HE_T511_01,0,0.13559491874245969,0
rf,1,SR386_40X_HE_T517_01,0,0.18065842759391146,0
rf,1,SR386_40X_HE_T523_01,0,0.066,0
rf,1,SR386_40X_HE_T529_01,0,0.027904761904761904,0
rf,1,SR386_40X_HE_T542_01,0,0.019935483870967743,0
rf,1,SR386_40X_HE_T569_01,0,0.10440344355098452,0
rf,1,SR386_40X_HE_T582_01,0,0.03380103008945514,0
rf,2,SR1482_40X_HE_T009_01,0,0.0966721654529794,0
rf,2,SR1482_40X_HE_T009_02,0,0.10476349541930936,0
rf,2,SR1482_40X_HE_T015_01,0,0.10932063279857399,0
rf,2,SR1482_40X_HE_T021_01,0,0.06786700742798304,0
rf,2,SR1482_40X_HE_T067_01,0,0.10511646224146225,0
rf,2,SR1482_40X_HE_T075_01,0,0.08193548387096775,0
rf,2,SR1482_40X_HE_T075_02,0,0.15723851417399803,0
rf,2,SR1482_40X_HE_T098_01,0,0.07112774725274726,0
rf,2,SR1482_40X_HE_T098_02,0,0.04752264808362369,0
rf,2,SR1482_40X_HE_T102_01,0,0.15619214606592913,0
rf,2,SR1482_40X_HE_T123_01,0,0.10646880816446032,0
rf,2,SR1482_40X_HE_T142_01,0,0.033223978919631095,0
rf,2,SR1482_40X_HE_T146_01,0,0.16532954545454545,0
rf,2,SR1482_40X_HE_T148_01,0,0.188,0
rf,2,SR1482_40X_HE_T148_02,0,0.26291900572545734,0
rf,2,SR1482_40X_HE_T154_01,0,0.08331186109053812,0
rf,2,SR1482_40X_HE_T158_01,0,0.08708507502055887,0
rf,2,SR1482_40X_HE_T161_01,0,0.1676741632351388,0
rf,2,SR1482_40X_HE_T161_02,0,0.19980103008945513,0
rf,2,SR1482_40X_HE_T164_01,1,0.08779343262694922,0
rf,2,SR1482_40X_HE_T164_02,1,0.1796603949329359,0
rf,2,SR1482_40X_HE_T168_01,0,0.052,0
rf,2,SR1482_40X_HE_T171_01,0,0.0999672131147541,0
rf,2,SR1482_40X_HE_T171_02,0,0.07517647058823529,0
rf,2,SR1482_40X_HE_T178_01,1,0.1336901568376978,0
rf,2,SR1482_40X_HE_T186_01,0,0.08285030167095385,0
rf,2,SR1482_40X_HE_T193_01,0,0.12493155847579747,0
rf,2,SR1482_40X_HE_T193_02,0,0.17267753080253082,0
rf,2,SR1482_40X_HE_T209_01,0,0.18353846153846154,0
rf,2,SR1482_40X_HE_T209_02,0,0.23023976023976025,0
rf,2,SR1482_40X_HE_T245_01,0,0.10958340883922278,0
rf,2,SR1482_40X_HE_T245_02,0,0.08862235803412273,0
rf,2,SR1482_40X_HE_T265_01,0,0.06935039470333589,0
rf,2,SR1482_40X_HE_T302_01,0,0.15760357675111772,0
rf,2,SR1482_40X_HE_T343_01,1,0.2566853616813294,0
rf,2,SR1482_40X_HE_T343_02,1,0.12454958217104163,0
rf,2,SR1482_40X_HE_T399_01,0,0.12157142857142857,0
rf,2,SR1482_40X_HE_T399_02,0,0.15945454545454543,0
rf,2,SR1482_40X_HE_T426_01,0,0.11759794372294372,0
rf,2,SR1482_40X_HE_T426_02,0,0.11578539493293591,0
rf,2,SR386_40X_HE_T001_01,0,0.09563636363636363,0
rf,2,SR386_40X_HE_T013_01,0,0.14175366568914954,0
rf,2,SR386_40X_HE_T018_01,0,0.11946000923868627,0
rf,2,SR386_40X_HE_T019_01,0,0.013818181818181818,0
rf,2,SR386_40X_HE_T024_01,0,0.02181818181818182,0
rf,2,SR386_40X_HE_T039_01,0,0.02109490321518451,0
rf,2,SR386_40X_HE_T040_01,1,0.18287870868968428,0
rf,2,SR386_40X_HE_T042_01,0,0.1445869184578862,0
rf,2,SR386_40X_HE_T047_01,0,0.042,0
rf,2,SR386_40X_HE_T051_01,0,0.02924334673980622,0
rf,2,SR386_40X_HE_T052_01,0,0.10699781449427398,0
rf,2,SR386_40X_HE_T056_01,0,0.05982218725413061,0
rf,2,SR386_40X_HE_T057_01,0,0.018,0
rf,2,SR386_40X_HE_T070_01,0,0.015818181818181818,0
rf,2,SR386_40X_HE_T082_01,0,0.14271662865211251,0
rf,2,SR386_40X_HE_T084_01,0,0.09863874163470937,0
rf,2,SR386_40X_HE_T087_01,0,0.37148968105065666,1
rf,2,SR386_40X_HE_T088_01,0,0.1434177773692435,0
rf,2,SR386_40X_HE_T098_01,0,0.226243765675709,0
rf,2,SR386_40X_HE_T105_01,0,0.05410832261108779,0
rf,2,SR386_40X_HE_T122_01,0,0.07593548387096774,0
rf,2,SR386_40X_HE_T123_01,0,0.1245905049579322,0
rf,2,SR386_40X_HE_T133_01,0,0.02095879389427777,0
rf,2,SR386_40X_HE_T145_01,0,0.07848266297912246,0
rf,2,SR386_40X_HE_T150_01,0,0.08175366568914956,0
rf,2,SR386_40X_HE_T152_01,0,0.1339858278234155,0
rf,2,SR386_40X_HE_T155_01,0,0.035753665689149554,0
rf,2,SR386_40X_HE_T157_01,0,0.17036223944999673,0
rf,2,SR386_40X_HE_T164_01,0,0.08781048387096774,0
rf,2,SR386_40X_HE_T166_01,0,0.04232367632367633,0
rf,2,SR386_40X_HE_T176_01,1,0.1994437019401614,0
rf,2,SR386_40X_HE_T177_01,0,0.028,0
rf,2,SR386_40X_HE_T178_01,0,0.19850821806919364,0
rf,2,SR386_40X_HE_T187_01,0,0.05581818181818182,0
rf,2,SR386_40X_HE_T190_01,0,0.01508968105065666,0
rf,2,SR386_40X_HE_T192_01,0,0.04138302277432712,0
rf,2,SR386_40X_HE_T198_01,0,0.07,0
rf,2,SR386_40X_HE_T200_01,0,0.15284149184149187,0
rf,2,SR386_40X_HE_T206_01,1,0.06078028895896599,0
rf,2,SR386_40X_HE_T211_01,0,0.0657391304347826,0
rf,2,SR386_40X_HE_T213_01,0,0.11538728750923871,0
rf,2,SR386_40X_HE_T214_01,0,0.08559391146487921,0
rf,2,SR386_40X_HE_T220_01,0,0.06977896613190732,0
rf,2,SR386_40X_HE_T230_01,1,0.15315650241231635,0
rf,2,SR386_40X_HE_T236_01,0,0.14584024577572965,0
rf,2,SR386_40X_HE_T237_01,0,0.045636363636363635,0
rf,2,SR386_40X_HE_T240_01,0,0.07076083126131343,0
rf,2,SR386_40X_HE_T241_01,0,0.10333441052570835,0
rf,2,SR386_40X_HE_T242_01,0,0.1877391304347826,0
rf,2,SR386_40X_HE_T253_01,0,0.018,0
rf,2,SR386_40X_HE_T260_01,0,0.09546959108369762,0
rf,2,SR386_40X_HE_T262_01,0,0.12149682875264271,0
rf,2,SR386_40X_HE_T264_01,0,0.15861276002618507,0
rf,2,SR386_40X_HE_T271_01,0,0.05510989010989011,0
rf,2,SR386_40X_HE_T281_01,0,0.04490231993345598,0
rf,2,SR386_40X_HE_T297_01,0,0.027951219512195122,0
rf,2,SR386_40X_HE_T299_01,0,0.030323676323676323,0
rf,2,SR386_40X_HE_T301_01,0,0.029818181818181817,0
rf,2,SR386_40X_HE_T306_01,0,0.015904761904761904,0
rf,2,SR386_40X_HE_T309_01,0,0.05498434898434899,0
rf,2,SR386_40X_HE_T314_01,0,0.1158181818181818,0
rf,2,SR386_40X_HE_T316_01,0,0.1648562303311227,0
rf,2,SR386_40X_HE_T318_01,0,0.06934877754088921,0
rf,2,SR386_40X_HE_T321_01,0,0.151067779060698,0
rf,2,SR386_40X_HE_T326_01,0,0.03593548387096775,0
rf,2,SR386_40X_HE_T327_01,0,0.009538461538461539,0
rf,2,SR386_40X_HE_T332_01,1,0.0839047619047619,0
rf,2,SR386_40X_HE_T355_01,0,0.03748968105065666,0
rf,2,SR386_40X_HE_T364_01,0,0.11867515000193822,0
rf,2,SR386_40X_HE_T368_01,1,0.09162564070866555,0
rf,2,SR386_40X_HE_T374_01,0,0.02775366568914956,0
rf,2,SR386_40X_HE_T380_01,0,0.035666666666666666,0
rf,2,SR386_40X_HE_T382_01,0,0.05953846153846154,0
rf,2,SR386_40X_HE_T392_01,0,0.021095773791425965,0
rf,2,SR386_40X_HE_T398_01,0,0.09849288074950853,0
rf,2,SR386_40X_HE_T402_01,1,0.1468221872541306,0
rf,2,SR386_40X_HE_T404_01,0,0.02903125766239371,0
rf,2,SR386_40X_HE_T415_01,0,0.03553864168618266,0
rf,2,SR386_40X_HE_T417_01,0,0.037904761904761906,0
rf,2,SR386_40X_HE_T425_01,0,0.0679047619047619,0
rf,2,SR386_40X_HE_T436_01,1,0.06875753819351381,0
rf,2,SR386_40X_HE_T437_01,0,0.044,0
rf,2,SR386_40X_HE_T440_01,0,0.07345813195459144,0
rf,2,SR386_40X_HE_T445_01,0,0.08195121951219513,0
rf,2,SR386_40X_HE_T450_01,0,0.027904761904761904,0
rf,2,SR386_40X_HE_T459_01,0,0.0584894947546828,0
rf,2,SR386_40X_HE_T472_01,0,0.0216,0
rf,2,SR386_40X_HE_T481_01,0,0.13915151515151516,0
rf,2,SR386_40X_HE_T483_01,0,0.09341526137959193,0
rf,2,SR386_40X_HE_T486_01,0,0.1323823313782991,0
rf,2,SR386_40X_HE_T488_01,0,0.12251402027015629,0
rf,2,SR386_40X_HE_T499_01,0,0.11761788617886179,0
rf,2,SR386_40X_HE_T507_01,0,0.14453184178846956,0
rf,2,SR386_40X_HE_T514_01,0,0.04176470588235294,0
rf,2,SR386_40X_HE_T520_01,1,0.035329545454545454,0
rf,2,SR386_40X_HE_T522_01,0,0.06781818181818182,0
rf,2,SR386_40X_HE_T531_01,0,0.020970773791425965,0
rf,2,SR386_40X_HE_T535_01,0,0.015484848484848485,0
rf,2,SR386_40X_HE_T539_01,0,0.045166300097751716,0
rf,2,SR386_40X_HE_T549_01,0,0.07572087880390366,0
rf,2,SR386_40X_HE_T552_01,0,0.11172294372294371,0
rf,2,SR386_40X_HE_T553_01,0,0.0416,0
rf,2,SR386_40X_HE_T554_01,0,0.12806685966913964,0
rf,2,SR386_40X_HE_T558_01,0,0.05451690821256039,0
rf,2,SR386_40X_HE_T564_01,0,0.051529761904761905,0
rf,2,SR386_40X_HE_T570_01,0,0.05984024577572965,0
rf,2,SR386_40X_HE_T574_01,0,0.01761788617886179,0
rf,2,SR386_40X_HE_T578_01,0,0.03524183606248824,0
rf,2,SR386_40X_HE_T580_01,0,0.023904761904761904,0
rf,3,SR1482_40X_HE_T005_01,0,0.15893964363126356,0
rf,3,SR1482_40X_HE_T005_02,0,0.11849492753623189,0
rf,3,SR1482_40X_HE_T010_01,0,0.029935483870967745,0
rf,3,SR1482_40X_HE_T043_01,0,0.12915946279059884,0
rf,3,SR1482_40X_HE_T043_02,0,0.15562463343108504,0
rf,3,SR1482_40X_HE_T049_01,0,0.07282555482152256,0
rf,3,SR1482_40X_HE_T061_01,0,0.3068681788712661,1
rf,3,SR1482_40X_HE_T061_02,0,0.343730981416957,1
rf,3,SR1482_40X_HE_T070_01,1,0.1638181818181818,0
rf,3,SR1482_40X_HE_T073_01,0,0.07590401940047889,0
rf,3,SR1482_40X_HE_T082_01,0,0.07643231225296442,0
rf,3,SR1482_40X_HE_T082_02,0,0.10373913043478261,0
rf,3,SR1482_40X_HE_T089_01,0,0.059359138115274164,0
rf,3,SR1482_40X_HE_T090_01,0,0.03539755802869408,0
rf,3,SR1482_40X_HE_T094_01,1,0.14865575004705436,0
rf,3,SR1482_40X_HE_T094_02,1,0.1392077922077922,0
rf,3,SR1482_40X_HE_T105_01,0,0.027875,0
rf,3,SR1482_40X_HE_T115_01,0,0.0875183715715025,0
rf,3,SR1482_40X_HE_T115_02,0,0.05993548387096775,0
rf,3,SR1482_40X_HE_T118_01,0,0.16621145789694175,0
rf,3,SR1482_40X_HE_T118_02,0,0.10092724479821254,0
rf,3,SR1482_40X_HE_T120_01,0,0.14852281052281052,0
rf,3,SR1482_40X_HE_T120_02,0,0.31223110223110223,1
rf,3,SR1482_40X_HE_T124_01,0,0.13651178257226643,0
rf,3,SR1482_40X_HE_T124_02,0,0.1983603090457929,0
rf,3,SR1482_40X_HE_T138_01,0,0.045637202040556976,0
rf,3,SR1482_40X_HE_T160_01,0,0.07172294372294373,0
rf,3,SR1482_40X_HE_T160_02,0,0.06080731225296443,0
rf,3,SR1482_40X_HE_T167_01,0,0.24326461038961036,0
rf,3,SR1482_40X_HE_T167_02,0,0.12882184750733136,0
rf,3,SR1482_40X_HE_T175_01,0,0.16587013877595275,0
rf,3,SR1482_40X_HE_T175_02,0,0.24334794372294372,0
rf,3,SR1482_40X_HE_T177_01,1,0.07121752703817921,0
rf,3,SR1482_40X_HE_T188_01,0,0.06842810580891977,0
rf,3,SR1482_40X_HE_T195_01,0,0.08953424649217076,0
rf,3,SR1482_40X_HE_T195_02,0,0.0666932989491129,0
rf,3,SR1482_40X_HE_T202_01,0,0.08744367588932805,0
rf,3,SR1482_40X_HE_T202_02,0,0.07528079710144928,0
rf,3,SR1482_40X_HE_T225_01,0,0.316788218534678,1
rf,3,SR1482_40X_HE_T225_02,0,0.08435706229254616,0
rf,3,SR1482_40X_HE_T235_01,0,0.2998181818181818,0
rf,3,SR1482_40X_HE_T235_02,0,0.1279672131147541,0
rf,3,SR1482_40X_HE_T236_01,0,0.066,0
rf,3,SR1482_40X_HE_T236_02,0,0.08981818181818181,0
rf,3,SR1482_40X_HE_T258_01,0,0.11090518084066471,0
rf,3,SR1482_40X_HE_T258_02,0,0.06541612554112555,0
rf,3,SR1482_40X_HE_T284_01,1,0.17763636363636362,0
rf,3,SR1482_40X_HE_T284_02,1,0.19554112554112552,0
rf,3,SR1482_40X_HE_T301_01,1,0.1036891495601173,0
rf,3,SR1482_40X_HE_T301_02,1,0.15275408462505238,0
rf,3,SR1482_40X_HE_T309_01,0,0.094,0
rf,3,SR1482_40X_HE_T313_01,0,0.2129431818181818,0
rf,3,SR1482_40X_HE_T313_02,0,0.2587533793194291,0
rf,3,SR1482_40X_HE_T338_01,0,0.1609729437229437,0
rf,3,SR1482_40X_HE_T344_01,0,0.12833471233068008,0
rf,3,SR1482_40X_HE_T344_02,0,0.14530731225296445,0
rf,3,SR1482_40X_HE_T346_01,0,0.19271428571428575,0
rf,3,SR1482_40X_HE_T346_02,0,0.17907609594706372,0
rf,3,SR1482_40X_HE_T377_01,0,0.09,0
rf,3,SR1482_40X_HE_T377_02,0,0.12193548387096774,0
rf,3,SR1482_40X_HE_T419_01,0,0.038,0
rf,3,SR1482_40X_HE_T427_01,0,0.12957142857142856,0
rf,3,SR1482_40X_HE_T427_02,0,0.06,0
rf,3,SR386_40X_HE_T007_01,0,0.07610215389762702,0
rf,3,SR386_40X_HE_T015_01,0,0.06111784511784512,0
rf,3,SR386_40X_HE_T017_01,1,0.148,0
rf,3,SR386_40X_HE_T032_01,0,0.028,0
rf,3,SR386_40X_HE_T034_01,0,0.09325842759391145,0
rf,3,SR386_40X_HE_T035_01,0,0.19714489540152316,0
rf,3,SR386_40X_HE_T041_01,0,0.29801470170327277,0
rf,3,SR386_40X_HE_T067_01,0,0.01,0
rf,3,SR386_40X_HE_T075_01,0,0.0837125541125541,0
rf,3,SR386_40X_HE_T081_01,0,0.10272443985122154,0
rf,3,SR386_40X_HE_T083_01,0,0.15367603008945513,0
rf,3,SR386_40X_HE_T085_01,0,0.012,0
rf,3,SR386_40X_HE_T095_01,0,0.0759131284797484,0
rf,3,SR386_40X_HE_T104_01,0,0.12496356235375039,0
rf,3,SR386_40X_HE_T106_01,0,0.058359726295210176,0
rf,3,SR386_40X_HE_T112_01,0,0.03957184750733138,0
rf,3,SR386_40X_HE_T128_01,0,0.032,0
rf,3,SR386_40X_HE_T132_01,0,0.03966666666666667,0
rf,3,SR386_40X_HE_T138_01,0,0.07829362979008925,0
rf,3,SR386_40X_HE_T142_01,0,0.13935064935064934,0
rf,3,SR386_40X_HE_T149_01,0,0.16669189818835764,0
rf,3,SR386_40X_HE_T165_01,1,0.14109661709258484,0
rf,3,SR386_40X_HE_T179_01,0,0.1396539661319073,0
rf,3,SR386_40X_HE_T180_01,0,0.14914327607875996,0
rf,3,SR386_40X_HE_T182_01,0,0.05973913043478261,0
rf,3,SR386_40X_HE_T184_01,0,0.1595939114648792,0
rf,3,SR386_40X_HE_T188_01,0,0.05809993898107504,0
rf,3,SR386_40X_HE_T191_01,0,0.014,0
rf,3,SR386_40X_HE_T197_01,0,0.0859607843137255,0
rf,3,SR386_40X_HE_T201_01,0,0.029454545454545452,0
rf,3,SR386_40X_HE_T202_01,0,0.025935483870967745,0
rf,3,SR386_40X_HE_T208_01,0,0.0432051282051282,0
rf,3,SR386_40X_HE_T216_01,1,0.2427995370561648,0
rf,3,SR386_40X_HE_T238_01,0,0.028,0
rf,3,SR386_40X_HE_T244_01,0,0.03672069865618253,0
rf,3,SR386_40X_HE_T248_01,0,0.035904761904761905,0
rf,3,SR386_40X_HE_T249_01,0,0.008,0
rf,3,SR386_40X_HE_T250_01,0,0.1137063435495367,0
rf,3,SR386_40X_HE_T263_01,0,0.06381818181818182,0
rf,3,SR386_40X_HE_T267_01,0,0.1398263791491351,0
rf,3,SR386_40X_HE_T269_01,0,0.016,0
rf,3,SR386_40X_HE_T277_01,0,0.03172294372294372,0
rf,3,SR386_40X_HE_T286_01,0,0.26460576917238904,0
rf,3,SR386_40X_HE_T287_01,0,0.1055332669971058,0
rf,3,SR386_40X_HE_T290_01,0,0.12559794372294372,0
rf,3,SR386_40X_HE_T293_01,0,0.03667532467532468,0
rf,3,SR386_40X_HE_T298_01,0,0.03981818181818182,0
rf,3,SR386_40X_HE_T303_01,0,0.02757142857142857,0
rf,3,SR386_40X_HE_T312_01,0,0.07950733137829913,0
rf,3,SR386_40X_HE_T329_01,0,0.15365842759391146,0
rf,3,SR386_40X_HE_T336_01,0,0.04593548387096774,0
rf,3,SR386_40X_HE_T338_01,0,0.013666666666666667,0
rf,3,SR386_40X_HE_T342_01,0,0.05,0
rf,3,SR386_40X_HE_T353_01,0,0.05347660941209329,0
rf,3,SR386_40X_HE_T357_01,0,0.03141346153846154,0
rf,3,SR386_40X_HE_T362_01,0,0.06444364237912625,0
rf,3,SR386_40X_HE_T363_01,1,0.13776940133037693,0
rf,3,SR386_40X_HE_T372_01,0,0.16332954545454545,0
rf,3,SR386_40X_HE_T378_01,0,0.026,0
rf,3,SR386_40X_HE_T379_01,0,0.03343231225296442,0
rf,3,SR386_40X_HE_T386_01,0,0.08181818181818182,0
rf,3,SR386_40X_HE_T387_01,0,0.06299567099567101,0
rf,3,SR386_40X_HE_T393_01,0,0.025405797101449277,0
rf,3,SR386_40X_HE_T397_01,0,0.14364440133037693,0
rf,3,SR386_40X_HE_T406_01,0,0.1109962121212121,0
rf,3,SR386_40X_HE_T409_01,0,0.09833386902952118,0
rf,3,SR386_40X_HE_T422_01,0,0.019484848484848483,0
rf,3,SR386_40X_HE_T426_01,0,0.015140612076095948,0
rf,3,SR386_40X_HE_T433_01,0,0.03581818181818181,0
rf,3,SR386_40X_HE_T443_01,0,0.1511094819159335,0
rf,3,SR386_40X_HE_T448_01,0,0.09344322344322344,0
rf,3,SR386_40X_HE_T452_01,0,0.12756318949867335,0
rf,3,SR386_40X_HE_T460_01,1,0.11678555900621117,0
rf,3,SR386_40X_HE_T473_01,0,0.018,0
rf,3,SR386_40X_HE_T475_01,0,0.029666666666666668,0
rf,3,SR386_40X_HE_T478_01,0,0.04527392665474061,0
rf,3,SR386_40X_HE_T489_01,1,0.07772087880390365,0
rf,3,SR386_40X_HE_T491_01,0,0.12536779612393217,0
rf,3,SR386_40X_HE_T492_01,0,0.024,0
rf,3,SR386_40X_HE_T493_01,0,0.015418181818181819,0
rf,3,SR386_40X_HE_T502_01,0,0.007904761904761906,0
rf,3,SR386_40X_HE_T505_01,0,0.12963636363636363,0
rf,3,SR386_40X_HE_T506_01,0,0.1379365330321852,0
rf,3,SR386_40X_HE_T509_01,0,0.20730357142857145,0
rf,3,SR386_40X_HE_T516_01,0,0.03684024577572965,0
rf,3,SR386_40X_HE_T518_01,0,0.056628782449434624,0
rf,3,SR386_40X_HE_T519_01,0,0.04951889233954451,0
rf,3,SR386_40X_HE_T521_01,0,0.019489681050656665,0
rf,3,SR386_40X_HE_T526_01,0,0.035310977942113984,0
rf,3,SR386_40X_HE_T533_01,0,0.032,0
rf,3,SR386_40X_HE_T543_01,0,0.03366666666666667,0
rf,3,SR386_40X_HE_T544_01,0,0.057602150537634414,0
rf,3,SR386_40X_HE_T556_01,1,0.08932954545454547,0
rf,3,SR386_40X_HE_T560_01,0,0.07676552339665946,0
rf,3,SR386_40X_HE_T563_01,0,0.011666666666666665,0
rf,3,SR386_40X_HE_T568_01,0,0.049506912442396314,0
rf,3,SR386_40X_HE_T571_01,0,0.043753665689149554,0
rf,3,SR386_40X_HE_T572_01,0,0.07348484848484847,0
rf,3,SR386_40X_HE_T573_01,0,0.025778966131907312,0
rf,3,SR386_40X_HE_T583_01,0,0.0715546957786047,0
rf,4,SR1482_40X_HE_T002_01,0,0.016,0
rf,4,SR1482_40X_HE_T003_01,0,0.08126140526140525,0
rf,4,SR1482_40X_HE_T004_01,0,0.06216503243133678,0
rf,4,SR1482_40X_HE_T004_02,0,0.062084904226208576,0
rf,4,SR1482_40X_HE_T011_01,0,0.07029962379608329,0
rf,4,SR1482_40X_HE_T025_01,0,0.16612604468702027,0
rf,4,SR1482_40X_HE_T025_02,0,0.1831064754881033,0
rf,4,SR1482_40X_HE_T060_01,0,0.13745788770053474,0
rf,4,SR1482_40X_HE_T062_01,0,0.13541612554112556,0
rf,4,SR1482_40X_HE_T062_02,0,0.18712024710432434,0
rf,4,SR1482_40X_HE_T064_01,0,0.20712622483474138,0
rf,4,SR1482_40X_HE_T064_02,0,0.07860223516321078,0
rf,4,SR1482_40X_HE_T071_01,0,0.13241271903417853,0
rf,4,SR1482_40X_HE_T071_02,0,0.10526140526140526,0
rf,4,SR1482_40X_HE_T074_01,0,0.03878342759391147,0
rf,4,SR1482_40X_HE_T074_02,0,0.05309210847292243,0
rf,4,SR1482_40X_HE_T083_01,0,0.28745788770053476,0
rf,4,SR1482_40X_HE_T083_02,0,0.22106827731092438,0
rf,4,SR1482_40X_HE_T087_01,0,0.05262071262071261,0
rf,4,SR1482_40X_HE_T097_01,1,0.2029382646339168,0
rf,4,SR1482_40X_HE_T097_02,1,0.1949592494323677,0
rf,4,SR1482_40X_HE_T108_01,0,0.012,0
rf,4,SR1482_40X_HE_T113_01,0,0.05735664335664336,0
rf,4,SR1482_40X_HE_T113_02,0,0.11469747325844887,0
rf,4,SR1482_40X_HE_T121_01,0,0.011904761904761906,0
rf,4,SR1482_40X_HE_T122_01,0,0.04463224675984229,0
rf,4,SR1482_40X_HE_T125_01,0,0.08723164335664337,0
rf,4,SR1482_40X_HE_T125_02,0,0.09515259197324415,0
rf,4,SR1482_40X_HE_T131_01,0,0.12819132397295174,0
rf,4,SR1482_40X_HE_T131_02,0,0.12906867588932805,0
rf,4,SR1482_40X_HE_T132_01,0,0.07965842759391145,0
rf,4,SR1482_40X_HE_T132_02,0,0.1290793010752688,0
rf,4,SR1482_40X_HE_T143_01,0,0.19308279220779218,0
rf,4,SR1482_40X_HE_T143_02,0,0.15384024577572963,0
rf,4,SR1482_40X_HE_T166_01,1,0.027499873756501543,0
rf,4,SR1482_40X_HE_T169_01,0,0.09520009426057811,0
rf,4,SR1482_40X_HE_T176_01,1,0.28944642857142855,0
rf,4,SR1482_40X_HE_T176_02,1,0.24522030148979365,0
rf,4,SR1482_40X_HE_T191_01,0,0.08352215402093713,0
rf,4,SR1482_40X_HE_T194_01,0,0.3937187518363989,1
rf,4,SR1482_40X_HE_T218_01,0,0.015095238095238096,0
rf,4,SR1482_40X_HE_T253_01,0,0.05715151515151515,0
rf,4,SR1482_40X_HE_T290_01,0,0.15928455284552842,0
rf,4,SR1482_40X_HE_T308_01,0,0.17743231225296444,0
rf,4,SR1482_40X_HE_T314_01,0,0.28738961038961036,0
rf,4,SR1482_40X_HE_T314_02,0,0.26999300699300705,0
rf,4,SR1482_40X_HE_T372_01,1,0.12153548387096774,0
rf,4,SR1482_40X_HE_T372_02,1,0.07879216885265272,0
rf,4,SR1482_40X_HE_T408_01,0,0.031064935064935063,0
rf,4,SR1482_40X_HE_T412_01,0,0.05163636363636363,0
rf,4,SR1482_40X_HE_T425_01,0,0.03381818181818181,0
rf,4,SR1482_40X_HE_T434_01,1,0.09060898241543404,0
rf,4,SR386_40X_HE_T006_01,0,0.042743589743589744,0
rf,4,SR386_40X_HE_T010_01,0,0.07976074332171894,0
rf,4,SR386_40X_HE_T014_01,0,0.09313515376628982,0
rf,4,SR386_40X_HE_T016_01,0,0.036636363636363634,0
rf,4,SR386_40X_HE_T020_01,0,0.016,0
rf,4,SR386_40X_HE_T027_01,0,0.1369854600934246,0
rf,4,SR386_40X_HE_T028_01,0,0.06572294372294372,0
rf,4,SR386_40X_HE_T037_01,0,0.025904761904761906,0
rf,4,SR386_40X_HE_T043_01,0,0.014,0
rf,4,SR386_40X_HE_T044_01,1,0.13268997668997667,0
rf,4,SR386_40X_HE_T046_01,0,0.1151527978194645,0
rf,4,SR386_40X_HE_T058_01,0,0.060836839268782625,0
rf,4,SR386_40X_HE_T062_01,0,0.01981818181818182,0
rf,4,SR386_40X_HE_T065_01,1,0.04535664335664336,0
rf,4,SR386_40X_HE_T080_01,0,0.043126044687020304,0
rf,4,SR386_40X_HE_T091_01,0,0.02,0
rf,4,SR386_40X_HE_T094_01,0,0.01525,0
rf,4,SR386_40X_HE_T097_01,0,0.03763636363636364,0
rf,4,SR386_40X_HE_T100_01,0,0.05716616716616717,0
rf,4,SR386_40X_HE_T107_01,0,0.09800891038601418,0
rf,4,SR386_40X_HE_T109_01,1,0.14079756831001006,0
rf,4,SR386_40X_HE_T110_01,0,0.09501102842445347,0
rf,4,SR386_40X_HE_T117_01,0,0.026693223443223446,0
rf,4,SR386_40X_HE_T127_01,0,0.027151515151515152,0
rf,4,SR386_40X_HE_T129_01,0,0.038871794871794874,0
rf,4,SR386_40X_HE_T136_01,0,0.035182353878006056,0
rf,4,SR386_40X_HE_T154_01,0,0.09059125758819925,0
rf,4,SR386_40X_HE_T168_01,1,0.1339002785832054,0
rf,4,SR386_40X_HE_T175_01,0,0.026,0
rf,4,SR386_40X_HE_T189_01,0,0.017151515151515154,0
rf,4,SR386_40X_HE_T195_01,0,0.009722943722943723,0
rf,4,SR386_40X_HE_T227_01,0,0.0499047619047619,0
rf,4,SR386_40X_HE_T233_01,0,0.08490338057004722,0
rf,4,SR386_40X_HE_T234_01,0,0.19163636363636363,0
rf,4,SR386_40X_HE_T235_01,0,0.076,0
rf,4,SR386_40X_HE_T239_01,0,0.15468131868131865,0
rf,4,SR386_40X_HE_T245_01,0,0.02753846153846154,0
rf,4,SR386_40X_HE_T256_01,0,0.08393261529964097,0
rf,4,SR386_40X_HE_T265_01,0,0.0615232683982684,0
rf,4,SR386_40X_HE_T268_01,0,0.07892091648189209,0
rf,4,SR386_40X_HE_T270_01,0,0.08399223916732132,0
rf,4,SR386_40X_HE_T272_01,0,0.17330161421553097,0
rf,4,SR386_40X_HE_T273_01,0,0.11323851417399804,0
rf,4,SR386_40X_HE_T276_01,0,0.10633329439377825,0
rf,4,SR386_40X_HE_T278_01,1,0.19592766559063737,0
rf,4,SR386_40X_HE_T284_01,0,0.018496753246753248,0
rf,4,SR386_40X_HE_T285_01,0,0.028,0
rf,4,SR386_40X_HE_T288_01,0,0.07524675324675326,0
rf,4,SR386_40X_HE_T291_01,0,0.071125,0
rf,4,SR386_40X_HE_T300_01,0,0.04672619047619048,0
rf,4,SR386_40X_HE_T302_01,0,0.025935483870967745,0
rf,4,SR386_40X_HE_T305_01,0,0.023818181818181818,0
rf,4,SR386_40X_HE_T308_01,0,0.031764705882352945,0
rf,4,SR386_40X_HE_T325_01,0,0.0373900293255132,0
rf,4,SR386_40X_HE_T331_01,0,0.17447053448587663,0
rf,4,SR386_40X_HE_T341_01,0,0.07287445887445887,0
rf,4,SR386_40X_HE_T343_01,1,0.09857172314206683,0
rf,4,SR386_40X_HE_T346_01,0,0.14860116377929472,0
rf,4,SR386_40X_HE_T352_01,0,0.056,0
rf,4,SR386_40X_HE_T373_01,0,0.14125772550091864,0
rf,4,SR386_40X_HE_T375_01,0,0.11992815840305081,0
rf,4,SR386_40X_HE_T381_01,0,0.037287353965976634,0
rf,4,SR386_40X_HE_T389_01,0,0.09258333333333334,0
rf,4,SR386_40X_HE_T391_01,0,0.0513030303030303,0
rf,4,SR386_40X_HE_T394_01,0,0.016,0
rf,4,SR386_40X_HE_T399_01,0,0.26128455284552843,0
rf,4,SR386_40X_HE_T403_01,0,0.021666666666666667,0
rf,4,SR386_40X_HE_T405_01,0,0.0893896103896104,0
rf,4,SR386_40X_HE_T407_01,0,0.042810059505711685,0
rf,4,SR386_40X_HE_T414_01,0,0.029666666666666668,0
rf,4,SR386_40X_HE_T424_01,0,0.16388067491181094,0
rf,4,SR386_40X_HE_T429_01,0,0.12477922077922077,0
rf,4,SR386_40X_HE_T441_01,0,0.0964873527338122,0
rf,4,SR386_40X_HE_T451_01,0,0.09173913043478261,0
rf,4,SR386_40X_HE_T453_01,0,0.03377896613190731,0
rf,4,SR386_40X_HE_T455_01,0,0.1043682743934109,0
rf,4,SR386_40X_HE_T465_01,0,0.11352713178294573,0
rf,4,SR386_40X_HE_T474_01,0,0.16311389692133202,0
rf,4,SR386_40X_HE_T476_01,0,0.24996465243672997,0
rf,4,SR386_40X_HE_T479_01,0,0.06828497178143127,0
rf,4,SR386_40X_HE_T482_01,0,0.10938182686878338,0
rf,4,SR386_40X_HE_T487_01,0,0.030533427593911464,0
rf,4,SR386_40X_HE_T490_01,0,0.03795121951219512,0
rf,4,SR386_40X_HE_T494_01,0,0.029636363636363634,0
rf,4,SR386_40X_HE_T500_01,0,0.021875,0
rf,4,SR386_40X_HE_T510_01,0,0.10570488520134468,0
rf,4,SR386_40X_HE_T524_01,0,0.08395121951219513,0
rf,4,SR386_40X_HE_T528_01,0,0.1321426823741079,0
rf,4,SR386_40X_HE_T532_01,0,0.03535664335664336,0
rf,4,SR386_40X_HE_T534_01,0,0.1792779330955365,0
rf,4,SR386_40X_HE_T536_01,0,0.011538461538461539,0
rf,4,SR386_40X_HE_T537_01,0,0.09073643429740992,0
rf,4,SR386_40X_HE_T541_01,0,0.03687179487179488,0
rf,4,SR386_40X_HE_T548_01,1,0.15276460127704297,0
rf,4,SR386_40X_HE_T550_01,0,0.10220834826147919,0
rf,4,SR386_40X_HE_T551_01,0,0.028430436847103516,0
rf,4,SR386_40X_HE_T557_01,0,0.0905524099883856,0
rf,4,SR386_40X_HE_T565_01,0,0.04181818181818182,0
rf,4,SR386_40X_HE_T567_01,0,0.04721262477360039,0
rf,4,SR386_40X_HE_T575_01,0,0.09897460919851812,0
rf,4,SR386_40X_HE_T576_01,0,0.05181818181818182,0
rf,4,SR386_40X_HE_T581_01,0,0.10658178952357909,0
