classifier,fold,WSI_ID,target,prob_pos,pred_at_0.5
lin,1,SR1482_40X_HE_T029_01,0,0.0013573420551165987,0
lin,1,SR1482_40X_HE_T029_02,0,7.94096250199844e-05,0
lin,1,SR1482_40X_HE_T057_01,0,6.148384411492089e-11,0
lin,1,SR1482_40X_HE_T063_01,1,0.9999939337121377,1
lin,1,SR1482_40X_HE_T063_02,1,0.00019313093118626673,0
lin,1,SR1482_40X_HE_T065_01,0,0.4021044781660366,0
lin,1,SR1482_40X_HE_T065_02,0,0.07119314411213859,0
lin,1,SR1482_40X_HE_T066_01,0,0.8261987148958357,1
lin,1,SR1482_40X_HE_T066_02,0,0.2935556309408357,0
lin,1,SR1482_40X_HE_T068_01,0,0.00021401315080738135,0
lin,1,SR1482_40X_HE_T069_01,0,3.862966876011016e-05,0
lin,1,SR1482_40X_HE_T069_02,0,5.31285146158186e-05,0
lin,1,SR1482_40X_HE_T079_01,1,0.0013002505392587396,0
lin,1,SR1482_40X_HE_T079_02,1,0.002152180700999775,0
lin,1,SR1482_40X_HE_T080_01,0,7.84340553390578e-05,0
lin,1,SR1482_40X_HE_T080_02,0,2.626526786259592e-06,0
lin,1,SR1482_40X_HE_T081_01,0,5.938192289591033e-11,0
lin,1,SR1482_40X_HE_T081_02,0,0.0020079290240162233,0
lin,1,SR1482_40X_HE_T099_01,0,0.0006546862300280224,0
lin,1,SR1482_40X_HE_T116_01,0,0.0019027208383905986,0
lin,1,SR1482_40X_HE_T117_01,0,1.4202246326922816e-08,0
lin,1,SR1482_40X_HE_T117_02,0,7.411370170220856e-06,0
lin,1,SR1482_40X_HE_T126_01,0,0.003093665002551055,0
lin,1,SR1482_40X_HE_T129_01,0,0.0009461690475498421,0
lin,1,SR1482_40X_HE_T129_02,0,0.8351938128022675,1
lin,1,SR1482_40X_HE_T139_01,0,0.6406585350540313,1
lin,1,SR1482_40X_HE_T139_02,0,0.2377927491594926,0
lin,1,SR1482_40X_HE_T147_01,0,0.9875255429961395,1
lin,1,SR1482_40X_HE_T147_02,0,0.9999959946103509,1
lin,1,SR1482_40X_HE_T159_01,0,0.00024067619828125721,0
lin,1,SR1482_40X_HE_T159_02,0,0.0008198834925657118,0
lin,1,SR1482_40X_HE_T192_01,0,2.0787093658120474e-14,0
lin,1,SR1482_40X_HE_T199_01,0,3.0281840988758933e-06,0
lin,1,SR1482_40X_HE_T304_01,0,6.193301536843692e-06,0
lin,1,SR1482_40X_HE_T304_02,0,1.416754513191952e-08,0
lin,1,SR1482_40X_HE_T310_01,1,0.0006083970047143212,0
lin,1,SR1482_40X_HE_T310_02,1,0.06508476173815171,0
lin,1,SR1482_40X_HE_T341_01,0,1.62531247336875e-12,0
lin,1,SR1482_40X_HE_T341_02,0,1.6692744897136045e-08,0
lin,1,SR1482_40X_HE_T353_01,0,1.1415161160444828e-07,0
lin,1,SR1482_40X_HE_T390_01,0,4.476654978020562e-10,0
lin,1,SR1482_40X_HE_T433_01,1,0.5674075740765453,1
lin,1,SR386_40X_HE_T003_01,0,0.0001227636290264614,0
lin,1,SR386_40X_HE_T004_01,0,0.045688861931233,0
lin,1,SR386_40X_HE_T022_01,1,0.8354826310764203,1
lin,1,SR386_40X_HE_T030_01,0,0.48973277951289174,0
lin,1,SR386_40X_HE_T033_01,0,0.028563353006957132,0
lin,1,SR386_40X_HE_T036_01,0,0.0004593463864678046,0
lin,1,SR386_40X_HE_T038_01,0,0.0007866591596586618,0
lin,1,SR386_40X_HE_T049_01,0,1.5081220943280873e-08,0
lin,1,SR386_40X_HE_T050_01,0,1.5904265176575585e-08,0
lin,1,SR386_40X_HE_T060_01,0,0.22535504191181063,0
lin,1,SR386_40X_HE_T063_01,0,0.13538066471944749,0
lin,1,SR386_40X_HE_T066_01,0,2.110762435982062e-06,0
lin,1,SR386_40X_HE_T069_01,0,0.0001526106139919292,0
lin,1,SR386_40X_HE_T072_01,0,0.0002590833153041429,0
lin,1,SR386_40X_HE_T074_01,0,0.0036432427120797867,0
lin,1,SR386_40X_HE_T078_01,0,0.003213454326611108,0
lin,1,SR386_40X_HE_T079_01,0,7.83204762681659e-12,0
lin,1,SR386_40X_HE_T092_01,1,0.00015606691724563796,0
lin,1,SR386_40X_HE_T096_01,0,1.0538749254535727e-10,0
lin,1,SR386_40X_HE_T099_01,0,3.311089688685541e-07,0
lin,1,SR386_40X_HE_T103_01,0,9.604560868348771e-11,0
lin,1,SR386_40X_HE_T108_01,0,0.04174915360647772,0
lin,1,SR386_40X_HE_T113_01,0,1.1986448743679341e-05,0
lin,1,SR386_40X_HE_T114_01,0,0.0024858370813959367,0
lin,1,SR386_40X_HE_T119_01,0,6.798349881870795e-05,0
lin,1,SR386_40X_HE_T126_01,0,6.218852465516446e-10,0
lin,1,SR386_40X_HE_T130_01,0,7.271946682531736e-07,0
lin,1,SR386_40X_HE_T131_01,0,4.340481620061881e-05,0
lin,1,SR386_40X_HE_T135_01,0,0.9679186757088963,1
lin,1,SR386_40X_HE_T140_01,0,0.002795810331983156,0
lin,1,SR386_40X_HE_T144_01,0,0.8367148044131415,1
lin,1,SR386_40X_HE_T147_01,0,0.0003831389154875615,0
lin,1,SR386_40X_HE_T148_01,0,5.71458707867261e-07,0
lin,1,SR386_40X_HE_T160_01,0,0.00012728498019574198,0
lin,1,SR386_40X_HE_T169_01,0,7.628722609503095e-09,0
lin,1,SR386_40X_HE_T170_01,1,0.13250545762469765,0
lin,1,SR386_40X_HE_T172_01,0,0.9914804059901507,1
lin,1,SR386_40X_HE_T174_01,0,0.03151078979229248,0
lin,1,SR386_40X_HE_T181_01,0,2.2018875349316265e-06,0
lin,1,SR386_40X_HE_T196_01,0,1.8143899116999775e-06,0
lin,1,SR386_40X_HE_T205_01,0,0.9985385942646954,1
lin,1,SR386_40X_HE_T209_01,0,1.4730463384252366e-07,0
lin,1,SR386_40X_HE_T210_01,0,0.0743917010879768,0
lin,1,SR386_40X_HE_T212_01,0,0.00020861202399259592,0
lin,1,SR386_40X_HE_T221_01,0,5.667064738374671e-09,0
lin,1,SR386_40X_HE_T224_01,0,4.1399830417096917e-07,0
lin,1,SR386_40X_HE_T231_01,1,0.005616793885786606,0
lin,1,SR386_40X_HE_T232_01,0,7.935218959940446e-10,0
lin,1,SR386_40X_HE_T247_01,0,0.5356868780108143,1
lin,1,SR386_40X_HE_T252_01,0,1.471072302883443e-07,0
lin,1,SR386_40X_HE_T255_01,0,8.643665616532403e-09,0
lin,1,SR386_40X_HE_T259_01,1,9.387121722006401e-05,0
lin,1,SR386_40X_HE_T274_01,0,2.2429519051273805e-08,0
lin,1,SR386_40X_HE_T275_01,0,0.9276731005477433,1
lin,1,SR386_40X_HE_T282_01,0,3.6538828385661875e-08,0
lin,1,SR386_40X_HE_T294_01,0,0.014495125456101961,0
lin,1,SR386_40X_HE_T311_01,0,8.066454677662434e-05,0
lin,1,SR386_40X_HE_T315_01,0,0.011618859763796872,0
lin,1,SR386_40X_HE_T319_01,1,0.0017085749441406752,0
lin,1,SR386_40X_HE_T324_01,1,0.0003095078537375188,0
lin,1,SR386_40X_HE_T330_01,0,1.3884632381972667e-09,0
lin,1,SR386_40X_HE_T333_01,0,1.4449013542620454e-07,0
lin,1,SR386_40X_HE_T335_01,0,2.0255560265070257e-08,0
lin,1,SR386_40X_HE_T337_01,0,0.0014232996482923326,0
lin,1,SR386_40X_HE_T344_01,0,9.009859607237237e-06,0
lin,1,SR386_40X_HE_T347_01,0,0.00013275141607326456,0
lin,1,SR386_40X_HE_T350_01,0,2.9252207259685234e-06,0
lin,1,SR386_40X_HE_T351_01,0,1.8663556763473586e-05,0
lin,1,SR386_40X_HE_T360_01,0,1.8376995558562878e-09,0
lin,1,SR386_40X_HE_T361_01,0,1.0404947065394832e-06,0
lin,1,SR386_40X_HE_T366_01,0,6.291835202518264e-05,0
lin,1,SR386_40X_HE_T377_01,1,0.803201866056069,1
lin,1,SR386_40X_HE_T384_01,0,5.145086051170475e-06,0
lin,1,SR386_40X_HE_T395_01,0,1.1297828051560813e-09,0
lin,1,SR386_40X_HE_T396_01,0,1.2054588508500685e-06,0
lin,1,SR386_40X_HE_T401_01,0,0.01305680646263885,0
lin,1,SR386_40X_HE_T408_01,0,1.283528670152692e-05,0
lin,1,SR386_40X_HE_T410_01,0,0.12249246089699652,0
lin,1,SR386_40X_HE_T413_01,0,1.9655739815310322e-05,0
lin,1,SR386_40X_HE_T416_01,0,6.07563964751011e-08,0
lin,1,SR386_40X_HE_T418_01,0,9.754151768009282e-08,0
lin,1,SR386_40X_HE_T419_01,0,0.0001148060065031454,0
lin,1,SR386_40X_HE_T421_01,0,7.0836031732337224e-06,0
lin,1,SR386_40X_HE_T423_01,0,8.711865074920398e-05,0
lin,1,SR386_40X_HE_T428_01,0,1.3539131560162486e-06,0
lin,1,SR386_40X_HE_T430_01,0,0.0018621682677550104,0
lin,1,SR386_40X_HE_T431_01,0,0.7511481460333143,1
lin,1,SR386_40X_HE_T435_01,0,0.9807655638142646,1
lin,1,SR386_40X_HE_T438_01,0,0.03891650044474219,0
lin,1,SR386_40X_HE_T439_01,0,0.005122049773555391,0
lin,1,SR386_40X_HE_T447_01,0,2.578205323615543e-09,0
lin,1,SR386_40X_HE_T449_01,0,6.114597141663578e-08,0
lin,1,SR386_40X_HE_T454_01,0,1.9758954716502205e-05,0
lin,1,SR386_40X_HE_T456_01,0,6.4502862886708005e-09,0
lin,1,SR386_40X_HE_T461_01,0,2.2711975257016285e-05,0
lin,1,SR386_40X_HE_T462_01,0,2.0817316492419624e-05,0
lin,1,SR386_40X_HE_T468_01,0,1.695824961041717e-07,0
lin,1,SR386_40X_HE_T469_01,1,1.024077156190064e-06,0
lin,1,SR386_40X_HE_T470_01,0,8.494727791446593e-05,0
lin,1,SR386_40X_HE_T471_01,0,2.8857388574562743e-09,0
lin,1,SR386_40X_HE_T477_01,0,2.79650262148948e-07,0
lin,1,SR386_40X_HE_T480_01,0,0.00012797263396286516,0
lin,1,SR386_40X_HE_T484_01,0,0.0003594918691760619,0
lin,1,SR386_40X_HE_T495_01,0,8.133597495019046e-11,0
lin,1,SR386_40X_HE_T496_01,0,1.550853888494809e-08,0
lin,1,SR386_40X_HE_T498_01,0,0.9362061691305636,1
lin,1,SR386_40X_HE_T504_01,0,2.515484340839689e-10,0
lin,1,SR386_40X_HE_T511_01,0,0.00021158829611731247,0
lin,1,SR386_40X_HE_T517_01,0,0.8558776498994762,1
lin,1,SR386_40X_HE_T523_01,0,7.394987375280301e-05,0
lin,1,SR386_40X_HE_T529_01,0,2.4016482871709574e-06,0
lin,1,SR386_40X_HE_T542_01,0,8.978344282494794e-09,0
lin,1,SR386_40X_HE_T569_01,0,5.5023608849947284e-05,0
lin,1,SR386_40X_HE_T582_01,0,1.8203912786578077e-07,0
lin,2,SR1482_40X_HE_T009_01,0,9.697651524098867e-14,0
lin,2,SR1482_40X_HE_T009_02,0,8.893631766651215e-09,0
lin,2,SR1482_40X_HE_T015_01,0,3.7469476319273615e-06,0
lin,2,SR1482_40X_HE_T021_01,0,3.568791997592402e-08,0
lin,2,SR1482_40X_HE_T067_01,0,0.0007176954580383946,0
lin,2,SR1482_40X_HE_T075_01,0,4.999255581347563e-05,0
lin,2,SR1482_40X_HE_T075_02,0,2.7465585734662188e-05,0
lin,2,SR1482_40X_HE_T098_01,0,0.0037707121229350817,0
lin,2,SR1482_40X_HE_T098_02,0,5.868846584978503e-05,0
lin,2,SR1482_40X_HE_T102_01,0,0.05927816442542739,0
lin,2,SR1482_40X_HE_T123_01,0,4.709012453890364e-05,0
lin,2,SR1482_40X_HE_T142_01,0,4.800773445407025e-09,0
lin,2,SR1482_40X_HE_T146_01,0,0.9970000437473119,1
lin,2,SR1482_40X_HE_T148_01,0,0.0013336425304378593,0
lin,2,SR1482_40X_HE_T148_02,0,5.436667501856506e-06,0
lin,2,SR1482_40X_HE_T154_01,0,1.486362883390456e-06,0
lin,2,SR1482_40X_HE_T158_01,0,0.0004043068970829774,0
lin,2,SR1482_40X_HE_T161_01,0,7.510060849774314e-05,0
lin,2,SR1482_40X_HE_T161_02,0,5.7862316522911445e-06,0
lin,2,SR1482_40X_HE_T164_01,1,0.0007346698812100994,0
lin,2,SR1482_40X_HE_T164_02,1,0.0005069535368774932,0
lin,2,SR1482_40X_HE_T168_01,0,0.01004659770147604,0
lin,2,SR1482_40X_HE_T171_01,0,0.00018404956363060238,0
lin,2,SR1482_40X_HE_T171_02,0,9.262926736057052e-06,0
lin,2,SR1482_40X_HE_T178_01,1,0.004801789558279005,0
lin,2,SR1482_40X_HE_T186_01,0,4.5964557456754656e-05,0
lin,2,SR1482_40X_HE_T193_01,0,0.6363575055564127,1
lin,2,SR1482_40X_HE_T193_02,0,0.9117948771237705,1
lin,2,SR1482_40X_HE_T209_01,0,7.877391346529143e-06,0
lin,2,SR1482_40X_HE_T209_02,0,3.390527624685967e-05,0
lin,2,SR1482_40X_HE_T245_01,0,4.582696571753405e-05,0
lin,2,SR1482_40X_HE_T245_02,0,0.0011881604249925307,0
lin,2,SR1482_40X_HE_T265_01,0,8.801035242237413e-06,0
lin,2,SR1482_40X_HE_T302_01,0,0.9710577296805045,1
lin,2,SR1482_40X_HE_T343_01,1,0.08102020721532112,0
lin,2,SR1482_40X_HE_T343_02,1,4.9699986751081885e-05,0
lin,2,SR1482_40X_HE_T399_01,0,0.0038406806561127396,0
lin,2,SR1482_40X_HE_T399_02,0,1.8710337231615156e-05,0
lin,2,SR1482_40X_HE_T426_01,0,5.536218809359022e-07,0
lin,2,SR1482_40X_HE_T426_02,0,8.14661315697671e-08,0
lin,2,SR386_40X_HE_T001_01,0,0.018674513485985592,0
lin,2,SR386_40X_HE_T013_01,0,5.988661403863441e-06,0
lin,2,SR386_40X_HE_T018_01,0,8.064924185972022e-06,0
lin,2,SR386_40X_HE_T019_01,0,1.547797224571224e-06,0
lin,2,SR386_40X_HE_T024_01,0,6.912675266730471e-08,0
lin,2,SR386_40X_HE_T039_01,0,8.372699759988256e-10,0
lin,2,SR386_40X_HE_T040_01,1,0.9999918267892336,1
lin,2,SR386_40X_HE_T042_01,0,0.00617792135890857,0
lin,2,SR386_40X_HE_T047_01,0,1.3788811987488763e-07,0
lin,2,SR386_40X_HE_T051_01,0,2.464336487000315e-09,0
lin,2,SR386_40X_HE_T052_01,0,0.0003324925979700773,0
lin,2,SR386_40X_HE_T056_01,0,6.475646348739557e-06,0
lin,2,SR386_40X_HE_T057_01,0,9.453584802803079e-06,0
lin,2,SR386_40X_HE_T070_01,0,2.836370104334498e-07,0
lin,2,SR386_40X_HE_T082_01,0,0.001969554809889352,0
lin,2,SR386_40X_HE_T084_01,0,2.3127566660244543e-05,0
lin,2,SR386_40X_HE_T087_01,0,0.009137602474122996,0
lin,2,SR386_40X_HE_T088_01,0,0.008970995266116711,0
lin,2,SR386_40X_HE_T098_01,0,0.05304551501960578,0
lin,2,SR386_40X_HE_T105_01,0,1.1921010460976536e-07,0
lin,2,SR386_40X_HE_T122_01,0,2.356260366617099e-07,0
lin,2,SR386_40X_HE_T123_01,0,0.000941435566120344,0
lin,2,SR386_40X_HE_T133_01,0,7.913979379339168e-09,0
lin,2,SR386_40X_HE_T145_01,0,0.00932015205301857,0
lin,2,SR386_40X_HE_T150_01,0,0.0632760996899803,0
lin,2,SR386_40X_HE_T152_01,0,0.00043434642985206763,0
lin,2,SR386_40X_HE_T155_01,0,4.8180711745203915e-05,0
lin,2,SR386_40X_HE_T157_01,0,8.874344141659055e-08,0
lin,2,SR386_40X_HE_T164_01,0,3.718359229538717e-05,0
lin,2,SR386_40X_HE_T166_01,0,3.774530486382302e-05,0
lin,2,SR386_40X_HE_T176_01,1,0.07292086442431897,0
lin,2,SR386_40X_HE_T177_01,0,4.811430721846775e-08,0
lin,2,SR386_40X_HE_T178_01,0,0.14535346981087618,0
lin,2,SR386_40X_HE_T187_01,0,3.2497920906886716e-08,0
lin,2,SR386_40X_HE_T190_01,0,4.900074450160377e-11,0
lin,2,SR386_40X_HE_T192_01,0,1.2265539300034688e-08,0
lin,2,SR386_40X_HE_T198_01,0,8.492291740558242e-09,0
lin,2,SR386_40X_HE_T200_01,0,0.010084727413616247,0
lin,2,SR386_40X_HE_T206_01,1,0.0004962416758480776,0
lin,2,SR386_40X_HE_T211_01,0,1.4381544164103512e-07,0
lin,2,SR386_40X_HE_T213_01,0,8.596915651550902e-10,0
lin,2,SR386_40X_HE_T214_01,0,3.849143876079732e-06,0
lin,2,SR386_40X_HE_T220_01,0,1.2231111420325313e-06,0
lin,2,SR386_40X_HE_T230_01,1,0.9119414164860347,1
lin,2,SR386_40X_HE_T236_01,0,0.00028518272256159474,0
lin,2,SR386_40X_HE_T237_01,0,2.0022302789706792e-07,0
lin,2,SR386_40X_HE_T240_01,0,8.118658014716517e-08,0
lin,2,SR386_40X_HE_T241_01,0,5.119203543351361e-07,0
lin,2,SR386_40X_HE_T242_01,0,1.0777203410108929e-05,0
lin,2,SR386_40X_HE_T253_01,0,6.147464068773166e-07,0
lin,2,SR386_40X_HE_T260_01,0,9.8894891325602e-08,0
lin,2,SR386_40X_HE_T262_01,0,0.0005599282514770176,0
lin,2,SR386_40X_HE_T264_01,0,0.180955174721031,0
lin,2,SR386_40X_HE_T271_01,0,4.7997382002098354e-11,0
lin,2,SR386_40X_HE_T281_01,0,1.5120745393754505e-07,0
lin,2,SR386_40X_HE_T297_01,0,8.193668549722061e-10,0
lin,2,SR386_40X_HE_T299_01,0,4.10528799283386e-07,0
lin,2,SR386_40X_HE_T301_01,0,2.1115531715819743e-08,0
lin,2,SR386_40X_HE_T306_01,0,2.4093764992876094e-05,0
lin,2,SR386_40X_HE_T309_01,0,0.00046975566848217633,0
lin,2,SR386_40X_HE_T314_01,0,0.0006504089278658119,0
lin,2,SR386_40X_HE_T316_01,0,6.596999557701142e-05,0
lin,2,SR386_40X_HE_T318_01,0,5.584350132676062e-08,0
lin,2,SR386_40X_HE_T321_01,0,0.0006908573954092043,0
lin,2,SR386_40X_HE_T326_01,0,1.0497931828749708e-06,0
lin,2,SR386_40X_HE_T327_01,0,1.3261740166537916e-07,0
lin,2,SR386_40X_HE_T332_01,1,1.2876475541288966e-05,0
lin,2,SR386_40X_HE_T355_01,0,0.001348236694031457,0
lin,2,SR386_40X_HE_T364_01,0,0.014556932919180907,0
lin,2,SR386_40X_HE_T368_01,1,7.537189131739765e-07,0
lin,2,SR386_40X_HE_T374_01,0,5.2226182553011766e-06,0
lin,2,SR386_40X_HE_T380_01,0,2.294796473451403e-05,0
lin,2,SR386_40X_HE_T382_01,0,1.1941159351359186e-08,0
lin,2,SR386_40X_HE_T392_01,0,1.6373053202618981e-06,0
lin,2,SR386_40X_HE_T398_01,0,4.032036920430842e-08,0
lin,2,SR386_40X_HE_T402_01,1,0.23962800271878948,0
lin,2,SR386_40X_HE_T404_01,0,5.86365283503237e-08,0
lin,2,SR386_40X_HE_T415_01,0,8.810238360251742e-09,0
lin,2,SR386_40X_HE_T417_01,0,3.5315647105357474e-06,0
lin,2,SR386_40X_HE_T425_01,0,2.2010836204922763e-05,0
lin,2,SR386_40X_HE_T436_01,1,0.00038528046922086496,0
lin,2,SR386_40X_HE_T437_01,0,3.998923289612134e-05,0
lin,2,SR386_40X_HE_T440_01,0,0.00015765038070022694,0
lin,2,SR386_40X_HE_T445_01,0,0.001447474922861747,0
lin,2,SR386_40X_HE_T450_01,0,0.0018342295864312134,0
lin,2,SR386_40X_HE_T459_01,0,3.867168782142882e-08,0
lin,2,SR386_40X_HE_T472_01,0,1.1365586176928755e-05,0
lin,2,SR386_40X_HE_T481_01,0,0.00016874662611164083,0
lin,2,SR386_40X_HE_T483_01,0,0.00017092113807497277,0
lin,2,SR386_40X_HE_T486_01,0,0.013378282706766597,0
lin,2,SR386_40X_HE_T488_01,0,0.0012287665013688107,0
lin,2,SR386_40X_HE_T499_01,0,1.7602692756325625e-08,0
lin,2,SR386_40X_HE_T507_01,0,0.0009998913077567562,0
lin,2,SR386_40X_HE_T514_01,0,1.9042267576317432e-09,0
lin,2,SR386_40X_HE_T520_01,1,1.0720201065290708e-05,0
lin,2,SR386_40X_HE_T522_01,0,0.004041310606956912,0
lin,2,SR386_40X_HE_T531_01,0,1.4424774072913177e-05,0
lin,2,SR386_40X_HE_T535_01,0,6.700086319704942e-12,0
lin,2,SR386_40X_HE_T539_01,0,0.0031193956377159006,0
lin,2,SR386_40X_HE_T549_01,0,6.1720039365566584e-09,0
lin,2,SR386_40X_HE_T552_01,0,1.0207123885244617e-06,0
lin,2,SR386_40X_HE_T553_01,0,0.00016431744376390397,0
lin,2,SR386_40X_HE_T554_01,0,1.8181935126961006e-13,0
lin,2,SR386_40X_HE_T558_01,0,3.4057283981558665e-06,0
lin,2,SR386_40X_HE_T564_01,0,1.0216001344450475e-08,0
lin,2,SR386_40X_HE_T570_01,0,0.00015303772493698074,0
lin,2,SR386_40X_HE_T574_01,0,8.738133011843507e-07,0
lin,2,SR386_40X_HE_T578_01,0,1.5749257972506303e-09,0
lin,2,SR386_40X_HE_T580_01,0,1.6997098173083048e-08,0
lin,3,SR1482_40X_HE_T005_01,0,0.8229402977349705,1
lin,3,SR1482_40X_HE_T005_02,0,0.45703762507573836,0
lin,3,SR1482_40X_HE_T010_01,0,1.6948775392759437e-11,0
lin,3,SR1482_40X_HE_T043_01,0,0.00028336762307933436,0
lin,3,SR1482_40X_HE_T043_02,0,1.1502322336049926e-06,0
lin,3,SR1482_40X_HE_T049_01,0,3.639759236825704e-12,0
lin,3,SR1482_40X_HE_T061_01,0,0.9999967415491378,1
lin,3,SR1482_40X_HE_T061_02,0,0.15887566427037125,0
lin,3,SR1482_40X_HE_T070_01,1,2.7533323504738775e-06,0
lin,3,SR1482_40X_HE_T073_01,0,2.0160129481470685e-10,0
lin,3,SR1482_40X_HE_T082_01,0,2.0956449925781538e-08,0
lin,3,SR1482_40X_HE_T082_02,0,0.044580474632505446,0
lin,3,SR1482_40X_HE_T089_01,0,3.1937446923173977e-12,0
lin,3,SR1482_40X_HE_T090_01,0,7.265677579953885e-10,0
lin,3,SR1482_40X_HE_T094_01,1,0.004131216247300968,0
lin,3,SR1482_40X_HE_T094_02,1,0.010189613527952276,0
lin,3,SR1482_40X_HE_T105_01,0,2.811714439219131e-09,0
lin,3,SR1482_40X_HE_T115_01,0,2.5374706067286593e-08,0
lin,3,SR1482_40X_HE_T115_02,0,1.1553872794842566e-09,0
lin,3,SR1482_40X_HE_T118_01,0,0.8693271812895652,1
lin,3,SR1482_40X_HE_T118_02,0,0.0038604474596412343,0
lin,3,SR1482_40X_HE_T120_01,0,0.0036246775186316612,0
lin,3,SR1482_40X_HE_T120_02,0,0.6916839918126777,1
lin,3,SR1482_40X_HE_T124_01,0,0.015191695028070731,0
lin,3,SR1482_40X_HE_T124_02,0,0.01508114398226316,0
lin,3,SR1482_40X_HE_T138_01,0,7.368280000990615e-10,0
lin,3,SR1482_40X_HE_T160_01,0,0.00018922099640536076,0
lin,3,SR1482_40X_HE_T160_02,0,1.1494083629402436e-08,0
lin,3,SR1482_40X_HE_T167_01,0,0.0004150745703743026,0
lin,3,SR1482_40X_HE_T167_02,0,0.003817868784552911,0
lin,3,SR1482_40X_HE_T175_01,0,0.00010913375211926044,0
lin,3,SR1482_40X_HE_T175_02,0,1.1778774052633883e-08,0
lin,3,SR1482_40X_HE_T177_01,1,1.1119197723473261e-06,0
lin,3,SR1482_40X_HE_T188_01,0,8.01626449644515e-12,0
lin,3,SR1482_40X_HE_T195_01,0,0.025406850983252304,0
lin,3,SR1482_40X_HE_T195_02,0,0.05384638546088515,0
lin,3,SR1482_40X_HE_T202_01,0,2.5027384838866717e-07,0
lin,3,SR1482_40X_HE_T202_02,0,0.0001366261392916699,0
lin,3,SR1482_40X_HE_T225_01,0,6.32964174518754e-06,0
lin,3,SR1482_40X_HE_T225_02,0,1.6404232753984088e-10,0
lin,3,SR1482_40X_HE_T235_01,0,4.082581329175259e-07,0
lin,3,SR1482_40X_HE_T235_02,0,1.2866560106092532e-06,0
lin,3,SR1482_40X_HE_T236_01,0,6.052884902950487e-09,0
lin,3,SR1482_40X_HE_T236_02,0,2.14767107979786e-08,0
lin,3,SR1482_40X_HE_T258_01,0,7.612308103920379e-06,0
lin,3,SR1482_40X_HE_T258_02,0,2.372020712580505e-07,0
lin,3,SR1482_40X_HE_T284_01,1,0.40878037829814845,0
lin,3,SR1482_40X_HE_T284_02,1,0.0007822171656737621,0
lin,3,SR1482_40X_HE_T301_01,1,7.550212023163863e-07,0
lin,3,SR1482_40X_HE_T301_02,1,0.014823901706398199,0
lin,3,SR1482_40X_HE_T309_01,0,0.00014858312047735437,0
lin,3,SR1482_40X_HE_T313_01,0,0.002125231760957753,0
lin,3,SR1482_40X_HE_T313_02,0,0.0173558971331733,0
lin,3,SR1482_40X_HE_T338_01,0,0.0010212569066945394,0
lin,3,SR1482_40X_HE_T344_01,0,0.002669579574701971,0
lin,3,SR1482_40X_HE_T344_02,0,0.8931825124619447,1
lin,3,SR1482_40X_HE_T346_01,0,0.0001689221602320586,0
lin,3,SR1482_40X_HE_T346_02,0,0.0004762060565502917,0
lin,3,SR1482_40X_HE_T377_01,0,3.745435622252301e-09,0
lin,3,SR1482_40X_HE_T377_02,0,4.6545110926872414e-07,0
lin,3,SR1482_40X_HE_T419_01,0,0.005214219666679954,0
lin,3,SR1482_40X_HE_T427_01,0,3.5294434461192655e-06,0
lin,3,SR1482_40X_HE_T427_02,0,1.9790596595166984e-05,0
lin,3,SR386_40X_HE_T007_01,0,0.0013878936503433947,0
lin,3,SR386_40X_HE_T015_01,0,0.003457170153594464,0
lin,3,SR386_40X_HE_T017_01,1,0.931349247287578,1
lin,3,SR386_40X_HE_T032_01,0,2.216401449088101e-05,0
lin,3,SR386_40X_HE_T034_01,0,2.8597340516384154e-05,0
lin,3,SR386_40X_HE_T035_01,0,3.770810995453426e-05,0
lin,3,SR386_40X_HE_T041_01,0,0.6875961351224028,1
lin,3,SR386_40X_HE_T067_01,0,3.5532394159043866e-08,0
lin,3,SR386_40X_HE_T075_01,0,6.265996584979279e-08,0
lin,3,SR386_40X_HE_T081_01,0,3.229490301721948e-06,0
lin,3,SR386_40X_HE_T083_01,0,0.0006101103030390938,0
lin,3,SR386_40X_HE_T085_01,0,1.6197309623945086e-10,0
lin,3,SR386_40X_HE_T095_01,0,0.00392242773486508,0
lin,3,SR386_40X_HE_T104_01,0,2.0060502543091995e-06,0
lin,3,SR386_40X_HE_T106_01,0,2.0980652837742992e-07,0
lin,3,SR386_40X_HE_T112_01,0,1.7219956954170628e-07,0
lin,3,SR386_40X_HE_T128_01,0,7.411165482914348e-07,0
lin,3,SR386_40X_HE_T132_01,0,1.7462422506007391e-06,0
lin,3,SR386_40X_HE_T138_01,0,0.0007455539201669407,0
lin,3,SR386_40X_HE_T142_01,0,0.028860209317249613,0
lin,3,SR386_40X_HE_T149_01,0,0.0061361243505968915,0
lin,3,SR386_40X_HE_T165_01,1,0.006663810694280381,0
lin,3,SR386_40X_HE_T179_01,0,0.010441018624769519,0
lin,3,SR386_40X_HE_T180_01,0,1.481404166052747e-06,0
lin,3,SR386_40X_HE_T182_01,0,0.0006775680839249545,0
lin,3,SR386_40X_HE_T184_01,0,6.550108219201786e-05,0
lin,3,SR386_40X_HE_T188_01,0,5.367190858689853e-09,0
lin,3,SR386_40X_HE_T191_01,0,3.6204358714318633e-07,0
lin,3,SR386_40X_HE_T197_01,0,4.9765141046060026e-05,0
lin,3,SR386_40X_HE_T201_01,0,2.1504506282108963e-08,0
lin,3,SR386_40X_HE_T202_01,0,2.445310745924121e-12,0
lin,3,SR386_40X_HE_T208_01,0,4.637295096398658e-06,0
lin,3,SR386_40X_HE_T216_01,1,0.9728966741855208,1
lin,3,SR386_40X_HE_T238_01,0,2.0807562873069204e-07,0
lin,3,SR386_40X_HE_T244_01,0,1.9491131366116477e-10,0
lin,3,SR386_40X_HE_T248_01,0,7.066710419499154e-08,0
lin,3,SR386_40X_HE_T249_01,0,5.8100836694947704e-08,0
lin,3,SR386_40X_HE_T250_01,0,5.491970825354981e-05,0
lin,3,SR386_40X_HE_T263_01,0,5.349026126605984e-09,0
lin,3,SR386_40X_HE_T267_01,0,0.0012238309883905335,0
lin,3,SR386_40X_HE_T269_01,0,5.493800566324939e-07,0
lin,3,SR386_40X_HE_T277_01,0,0.00017614815209519356,0
lin,3,SR386_40X_HE_T286_01,0,0.6807578589422993,1
lin,3,SR386_40X_HE_T287_01,0,0.00021073135239199641,0
lin,3,SR386_40X_HE_T290_01,0,1.4070980972032922e-06,0
lin,3,SR386_40X_HE_T293_01,0,6.248618784591903e-05,0
lin,3,SR386_40X_HE_T298_01,0,3.053607605014226e-05,0
lin,3,SR386_40X_HE_T303_01,0,1.0460126491508013e-10,0
lin,3,SR386_40X_HE_T312_01,0,0.0005884671075276438,0
lin,3,SR386_40X_HE_T329_01,0,0.02307226966574259,0
lin,3,SR386_40X_HE_T336_01,0,2.5013054717418482e-05,0
lin,3,SR386_40X_HE_T338_01,0,0.0002760474560769028,0
lin,3,SR386_40X_HE_T342_01,0,3.425371630412367e-05,0
lin,3,SR386_40X_HE_T353_01,0,0.00010306847821017293,0
lin,3,SR386_40X_HE_T357_01,0,1.0518171521926878e-07,0
lin,3,SR386_40X_HE_T362_01,0,1.789254806576651e-05,0
lin,3,SR386_40X_HE_T363_01,1,0.8887113668246408,1
lin,3,SR386_40X_HE_T372_01,0,0.0005908509733245463,0
lin,3,SR386_40X_HE_T378_01,0,3.932521553825267e-08,0
lin,3,SR386_40X_HE_T379_01,0,1.885037719806129e-05,0
lin,3,SR386_40X_HE_T386_01,0,1.0211931036676409e-05,0
lin,3,SR386_40X_HE_T387_01,0,1.0292887939456435e-09,0
lin,3,SR386_40X_HE_T393_01,0,0.0007972333829083156,0
lin,3,SR386_40X_HE_T397_01,0,0.005908662055794352,0
lin,3,SR386_40X_HE_T406_01,0,2.143695858788356e-05,0
lin,3,SR386_40X_HE_T409_01,0,5.253673784646175e-07,0
lin,3,SR386_40X_HE_T422_01,0,6.200261335596213e-08,0
lin,3,SR386_40X_HE_T426_01,0,6.699471047344305e-06,0
lin,3,SR386_40X_HE_T433_01,0,2.2299822653721674e-06,0
lin,3,SR386_40X_HE_T443_01,0,0.003010089315064858,0
lin,3,SR386_40X_HE_T448_01,0,0.00020801586660785265,0
lin,3,SR386_40X_HE_T452_01,0,0.0014542996258478916,0
lin,3,SR386_40X_HE_T460_01,1,0.27364426034635975,0
lin,3,SR386_40X_HE_T473_01,0,1.305254548878891e-07,0
lin,3,SR386_40X_HE_T475_01,0,2.733452276679755e-09,0
lin,3,SR386_40X_HE_T478_01,0,4.937161589446861e-05,0
lin,3,SR386_40X_HE_T489_01,1,9.908608810881e-08,0
lin,3,SR386_40X_HE_T491_01,0,2.5584259938443126e-05,0
lin,3,SR386_40X_HE_T492_01,0,1.8530813773292353e-06,0
lin,3,SR386_40X_HE_T493_01,0,9.247652193688944e-09,0
lin,3,SR386_40X_HE_T502_01,0,2.2144570876345524e-07,0
lin,3,SR386_40X_HE_T505_01,0,0.0619898127542857,0
lin,3,SR386_40X_HE_T506_01,0,3.223197033360522e-08,0
lin,3,SR386_40X_HE_T509_01,0,0.00200715686424497,0
lin,3,SR386_40X_HE_T516_01,0,0.006917838758602305,0
lin,3,SR386_40X_HE_T518_01,0,8.377652329291e-08,0
lin,3,SR386_40X_HE_T519_01,0,3.864711478504599e-10,0
lin,3,SR386_40X_HE_T521_01,0,5.9262596756078355e-09,0
lin,3,SR386_40X_HE_T526_01,0,2.4175954704976873e-05,0
lin,3,SR386_40X_HE_T533_01,0,0.48108046131110144,0
lin,3,SR386_40X_HE_T543_01,0,0.040426983847031264,0
lin,3,SR386_40X_HE_T544_01,0,2.949854705792193e-07,0
lin,3,SR386_40X_HE_T556_01,1,0.0011907666624736378,0
lin,3,SR386_40X_HE_T560_01,0,0.023671143344341845,0
lin,3,SR386_40X_HE_T563_01,0,1.1360561040595795e-06,0
lin,3,SR386_40X_HE_T568_01,0,0.004258737916596907,0
lin,3,SR386_40X_HE_T571_01,0,4.307532923908356e-05,0
lin,3,SR386_40X_HE_T572_01,0,0.002316607511315322,0
lin,3,SR386_40X_HE_T573_01,0,0.02247204556354302,0
lin,3,SR386_40X_HE_T583_01,0,7.14588378697241e-05,0
lin,4,SR1482_40X_HE_T002_01,0,1.8017203932724672e-11,0
lin,4,SR1482_40X_HE_T003_01,0,0.34094688013608054,0
lin,4,SR1482_40X_HE_T004_01,0,6.277675168920089e-12,0
lin,4,SR1482_40X_HE_T004_02,0,4.482465984852366e-08,0
lin,4,SR1482_40X_HE_T011_01,0,1.5103490717615956e-15,0
lin,4,SR1482_40X_HE_T025_01,0,2.062182194277444e-12,0
lin,4,SR1482_40X_HE_T025_02,0,6.446655855387109e-08,0
lin,4,SR1482_40X_HE_T060_01,0,1.566784819161248e-07,0
lin,4,SR1482_40X_HE_T062_01,0,0.0072994578829313405,0
lin,4,SR1482_40X_HE_T062_02,0,2.375791757357351e-05,0
lin,4,SR1482_40X_HE_T064_01,0,0.04909129262858693,0
lin,4,SR1482_40X_HE_T064_02,0,7.921588956870343e-05,0
lin,4,SR1482_40X_HE_T071_01,0,0.00012354649208441037,0
lin,4,SR1482_40X_HE_T071_02,0,0.003344914383722942,0
lin,4,SR1482_40X_HE_T074_01,0,1.3613384124395888e-07,0
lin,4,SR1482_40X_HE_T074_02,0,1.815036638565152e-08,0
lin,4,SR1482_40X_HE_T083_01,0,0.0007400145992656537,0
lin,4,SR1482_40X_HE_T083_02,0,0.02768090680318709,0
lin,4,SR1482_40X_HE_T087_01,0,3.676573604565024e-09,0
lin,4,SR1482_40X_HE_T097_01,1,0.0031295685486062885,0
lin,4,SR1482_40X_HE_T097_02,1,3.3603780363779186e-11,0
lin,4,SR1482_40X_HE_T108_01,0,2.016825758819032e-08,0
lin,4,SR1482_40X_HE_T113_01,0,0.06091074830949714,0
lin,4,SR1482_40X_HE_T113_02,0,5.884350940897146e-09,0
lin,4,SR1482_40X_HE_T121_01,0,2.314787855874045e-17,0
lin,4,SR1482_40X_HE_T122_01,0,6.789353466086724e-13,0
lin,4,SR1482_40X_HE_T125_01,0,2.62320679947933e-05,0
lin,4,SR1482_40X_HE_T125_02,0,5.6688771610145166e-05,0
lin,4,SR1482_40X_HE_T131_01,0,1.0152908051750407e-05,0
lin,4,SR1482_40X_HE_T131_02,0,0.00010893233564118628,0
lin,4,SR1482_40X_HE_T132_01,0,3.9070134978889774e-10,0
lin,4,SR1482_40X_HE_T132_02,0,0.0911720586506507,0
lin,4,SR1482_40X_HE_T143_01,0,0.03589312832370021,0
lin,4,SR1482_40X_HE_T143_02,0,0.06811453087528968,0
lin,4,SR1482_40X_HE_T166_01,1,1.6149374628975304e-09,0
lin,4,SR1482_40X_HE_T169_01,0,6.933618139646453e-07,0
lin,4,SR1482_40X_HE_T176_01,1,0.998079817116258,1
lin,4,SR1482_40X_HE_T176_02,1,6.52145391478961e-07,0
lin,4,SR1482_40X_HE_T191_01,0,1.0461547285082862e-14,0
lin,4,SR1482_40X_HE_T194_01,0,0.1970444858319929,0
lin,4,SR1482_40X_HE_T218_01,0,1.0606393312541945e-15,0
lin,4,SR1482_40X_HE_T253_01,0,6.934221176556758e-10,0
lin,4,SR1482_40X_HE_T290_01,0,2.721938109566606e-05,0
lin,4,SR1482_40X_HE_T308_01,0,5.994389373631758e-05,0
lin,4,SR1482_40X_HE_T314_01,0,0.9549357553934231,1
lin,4,SR1482_40X_HE_T314_02,0,0.9876598473931604,1
lin,4,SR1482_40X_HE_T372_01,1,0.999973645538305,1
lin,4,SR1482_40X_HE_T372_02,1,4.833984409138273e-05,0
lin,4,SR1482_40X_HE_T408_01,0,5.060466624979279e-06,0
lin,4,SR1482_40X_HE_T412_01,0,0.00011584386049375426,0
lin,4,SR1482_40X_HE_T425_01,0,1.818399654593278e-05,0
lin,4,SR1482_40X_HE_T434_01,1,0.0002651156907679619,0
lin,4,SR386_40X_HE_T006_01,0,1.226975868646228e-05,0
lin,4,SR386_40X_HE_T010_01,0,0.00013389582877814974,0
lin,4,SR386_40X_HE_T014_01,0,8.322411593244475e-07,0
lin,4,SR386_40X_HE_T016_01,0,7.243333962831875e-07,0
lin,4,SR386_40X_HE_T020_01,0,1.0166218217761476e-09,0
lin,4,SR386_40X_HE_T027_01,0,3.969221719557234e-07,0
lin,4,SR386_40X_HE_T028_01,0,0.010460780354660217,0
lin,4,SR386_40X_HE_T037_01,0,1.9595777503050324e-07,0
lin,4,SR386_40X_HE_T043_01,0,0.0007598369453097389,0
lin,4,SR386_40X_HE_T044_01,1,0.0005497359151654473,0
lin,4,SR386_40X_HE_T046_01,0,5.41854403789515e-07,0
lin,4,SR386_40X_HE_T058_01,0,5.906192728657383e-06,0
lin,4,SR386_40X_HE_T062_01,0,2.643798310780706e-08,0
lin,4,SR386_40X_HE_T065_01,1,0.0008967300310950441,0
lin,4,SR386_40X_HE_T080_01,0,0.0008242661957187514,0
lin,4,SR386_40X_HE_T091_01,0,3.6192069847968746e-05,0
lin,4,SR386_40X_HE_T094_01,0,2.362834679217159e-10,0
lin,4,SR386_40X_HE_T097_01,0,9.10715784402958e-05,0
lin,4,SR386_40X_HE_T100_01,0,1.9639759238721608e-06,0
lin,4,SR386_40X_HE_T107_01,0,1.1974076146736995e-05,0
lin,4,SR386_40X_HE_T109_01,1,0.0014157717288092809,0
lin,4,SR386_40X_HE_T110_01,0,0.0007216635995323761,0
lin,4,SR386_40X_HE_T117_01,0,1.1242408189320644e-05,0
lin,4,SR386_40X_HE_T127_01,0,0.0003476841853023506,0
lin,4,SR386_40X_HE_T129_01,0,2.05541980222184e-10,0
lin,4,SR386_40X_HE_T136_01,0,0.0008355321157269811,0
lin,4,SR386_40X_HE_T154_01,0,5.680779340811112e-05,0
lin,4,SR386_40X_HE_T168_01,1,0.4772199361578547,0
lin,4,SR386_40X_HE_T175_01,0,3.7626132060851924e-08,0
lin,4,SR386_40X_HE_T189_01,0,1.1152506860480864e-07,0
lin,4,SR386_40X_HE_T195_01,0,7.463352835065039e-09,0
lin,4,SR386_40X_HE_T227_01,0,0.00014722157193707553,0
lin,4,SR386_40X_HE_T233_01,0,1.8579128054433872e-08,0
lin,4,SR386_40X_HE_T234_01,0,0.5504421212226682,1
lin,4,SR386_40X_HE_T235_01,0,0.006827007638067574,0
lin,4,SR386_40X_HE_T239_01,0,0.00020849952037422915,0
lin,4,SR386_40X_HE_T245_01,0,2.9799516131534135e-08,0
lin,4,SR386_40X_HE_T256_01,0,0.006561990419908193,0
lin,4,SR386_40X_HE_T265_01,0,2.9509900627274556e-05,0
lin,4,SR386_40X_HE_T268_01,0,2.225267722514924e-05,0
lin,4,SR386_40X_HE_T270_01,0,9.83032452893644e-07,0
lin,4,SR386_40X_HE_T272_01,0,0.004207220616503916,0
lin,4,SR386_40X_HE_T273_01,0,0.0006191023280598514,0
lin,4,SR386_40X_HE_T276_01,0,0.03886706495431685,0
lin,4,SR386_40X_HE_T278_01,1,0.9274464126871632,1
lin,4,SR386_40X_HE_T284_01,0,4.480139980898908e-06,0
lin,4,SR386_40X_HE_T285_01,0,4.001409914449813e-09,0
lin,4,SR386_40X_HE_T288_01,0,3.3591659330185125e-05,0
lin,4,SR386_40X_HE_T291_01,0,0.0037668083955872417,0
lin,4,SR386_40X_HE_T300_01,0,4.415137337976505e-05,0
lin,4,SR386_40X_HE_T302_01,0,0.00020909747389241467,0
lin,4,SR386_40X_HE_T305_01,0,7.784206171651536e-06,0
lin,4,SR386_40X_HE_T308_01,0,4.4716896522606865e-07,0
lin,4,SR386_40X_HE_T325_01,0,7.970031836589468e-05,0
lin,4,SR386_40X_HE_T331_01,0,7.164950604835228e-06,0
lin,4,SR386_40X_HE_T341_01,0,0.0005773422277993456,0
lin,4,SR386_40X_HE_T343_01,1,3.655728848866338e-12,0
lin,4,SR386_40X_HE_T346_01,0,1.0626506929877113e-05,0
lin,4,SR386_40X_HE_T352_01,0,0.0001320096752312523,0
lin,4,SR386_40X_HE_T373_01,0,5.482436303102641e-06,0
lin,4,SR386_40X_HE_T375_01,0,0.346763521169187,0
lin,4,SR386_40X_HE_T381_01,0,5.54313235421383e-07,0
lin,4,SR386_40X_HE_T389_01,0,0.001435650632226193,0
lin,4,SR386_40X_HE_T391_01,0,5.1687969515702265e-08,0
lin,4,SR386_40X_HE_T394_01,0,1.0196689380010561e-07,0
lin,4,SR386_40X_HE_T399_01,0,0.00018788940940642071,0
lin,4,SR386_40X_HE_T403_01,0,1.0859222479023352e-05,0
lin,4,SR386_40X_HE_T405_01,0,8.650780218045393e-07,0
lin,4,SR386_40X_HE_T407_01,0,1.1823003518929257e-07,0
lin,4,SR386_40X_HE_T414_01,0,6.074943886709974e-08,0
lin,4,SR386_40X_HE_T424_01,0,0.00448259175356612,0
lin,4,SR386_40X_HE_T429_01,0,0.05614313694745118,0
lin,4,SR386_40X_HE_T441_01,0,4.735874734942768e-05,0
lin,4,SR386_40X_HE_T451_01,0,0.000545263411441688,0
lin,4,SR386_40X_HE_T453_01,0,2.5855898741096565e-07,0
lin,4,SR386_40X_HE_T455_01,0,0.00016004796288283913,0
lin,4,SR386_40X_HE_T465_01,0,3.957430346221154e-06,0
lin,4,SR386_40X_HE_T474_01,0,2.6503579521232547e-06,0
lin,4,SR386_40X_HE_T476_01,0,0.013047264666227026,0
lin,4,SR386_40X_HE_T479_01,0,4.1647390117683185e-06,0
lin,4,SR386_40X_HE_T482_01,0,8.947093385918951e-06,0
lin,4,SR386_40X_HE_T487_01,0,2.9011210302447963e-12,0
lin,4,SR386_40X_HE_T490_01,0,3.772158089646221e-08,0
lin,4,SR386_40X_HE_T494_01,0,3.938744209315873e-05,0
lin,4,SR386_40X_HE_T500_01,0,1.823701443829869e-05,0
lin,4,SR386_40X_HE_T510_01,0,7.330463340084473e-06,0
lin,4,SR386_40X_HE_T524_01,0,0.0004932452450489383,0
lin,4,SR386_40X_HE_T528_01,0,0.15127480186224895,0
lin,4,SR386_40X_HE_T532_01,0,1.1942183524187396e-08,0
lin,4,SR386_40X_HE_T534_01,0,1.077888059342372e-05,0
lin,4,SR386_40X_HE_T536_01,0,7.149389080500069e-05,0
lin,4,SR386_40X_HE_T537_01,0,0.004580868819833494,0
lin,4,SR386_40X_HE_T541_01,0,2.692332210099534e-05,0
lin,4,SR386_40X_HE_T548_01,1,0.5467463670424642,1
lin,4,SR386_40X_HE_T550_01,0,0.0003421822081440891,0
lin,4,SR386_40X_HE_T551_01,0,2.714677883958502e-10,0
lin,4,SR386_40X_HE_T557_01,0,5.3549236827721815e-09,0
lin,4,SR386_40X_HE_T565_01,0,3.873692528397706e-06,0
lin,4,SR386_40X_HE_T567_01,0,3.6839523839906537e-06,0
lin,4,SR386_40X_HE_T575_01,0,0.20388114658631598,0
lin,4,SR386_40X_HE_T576_01,0,0.000268079916662103,0
lin,4,SR386_40X_HE_T581_01,0,0.00022717075460300658,0
ann,1,SR1482_40X_HE_T029_01,0,0.37529322504997253,0
ann,1,SR1482_40X_HE_T029_02,0,0.5405166745185852,1
ann,1,SR1482_40X_HE_T057_01,0,0.17375630140304565,0
ann,1,SR1482_40X_HE_T063_01,1,0.9527936577796936,1
ann,1,SR1482_40X_HE_T063_02,1,0.6829187273979187,1
ann,1,SR1482_40X_HE_T065_01,0,0.4795384407043457,0
ann,1,SR1482_40X_HE_T065_02,0,0.46011829376220703,0
ann,1,SR1482_40X_HE_T066_01,0,0.7030169367790222,1
ann,1,SR1482_40X_HE_T066_02,0,0.9165034890174866,1
ann,1,SR1482_40X_HE_T068_01,0,0.7109501957893372,1
ann,1,SR1482_40X_HE_T069_01,0,0.5580349564552307,1
ann,1,SR1482_40X_HE_T069_02,0,0.29462888836860657,0
ann,1,SR1482_40X_HE_T079_01,1,0.7926889061927795,1
ann,1,SR1482_40X_HE_T079_02,1,0.6954123377799988,1
ann,1,SR1482_40X_HE_T080_01,0,0.6326839923858643,1
ann,1,SR1482_40X_HE_T080_02,0,0.7152372598648071,1
ann,1,SR1482_40X_HE_T081_01,0,0.33120933175086975,0
ann,1,SR1482_40X_HE_T081_02,0,0.2524128556251526,0
ann,1,SR1482_40X_HE_T099_01,0,0.4219266474246979,0
ann,1,SR1482_40X_HE_T116_01,0,0.28616154193878174,0
ann,1,SR1482_40X_HE_T117_01,0,0.12113164365291595,0
ann,1,SR1482_40X_HE_T117_02,0,0.40360912680625916,0
ann,1,SR1482_40X_HE_T126_01,0,0.33141928911209106,0
ann,1,SR1482_40X_HE_T129_01,0,0.5529382228851318,1
ann,1,SR1482_40X_HE_T129_02,0,0.6501606702804565,1
ann,1,SR1482_40X_HE_T139_01,0,0.3267088234424591,0
ann,1,SR1482_40X_HE_T139_02,0,0.3590066134929657,0
ann,1,SR1482_40X_HE_T147_01,0,0.9079985618591309,1
ann,1,SR1482_40X_HE_T147_02,0,0.8940592408180237,1
ann,1,SR1482_40X_HE_T159_01,0,0.3366492688655853,0
ann,1,SR1482_40X_HE_T159_02,0,0.24718743562698364,0
ann,1,SR1482_40X_HE_T192_01,0,0.4530021846294403,0
ann,1,SR1482_40X_HE_T199_01,0,0.5447999238967896,1
ann,1,SR1482_40X_HE_T304_01,0,0.2166426032781601,0
ann,1,SR1482_40X_HE_T304_02,0,0.17346422374248505,0
ann,1,SR1482_40X_HE_T310_01,1,0.38498762249946594,0
ann,1,SR1482_40X_HE_T310_02,1,0.7163215279579163,1
ann,1,SR1482_40X_HE_T341_01,0,0.21013584733009338,0
ann,1,SR1482_40X_HE_T341_02,0,0.15379483997821808,0
ann,1,SR1482_40X_HE_T353_01,0,0.43734297156333923,0
ann,1,SR1482_40X_HE_T390_01,0,0.17691563069820404,0
ann,1,SR1482_40X_HE_T433_01,1,0.33130478858947754,0
ann,1,SR386_40X_HE_T003_01,0,0.5673937797546387,1
ann,1,SR386_40X_HE_T004_01,0,0.5140372514724731,1
ann,1,SR386_40X_HE_T022_01,1,0.718846321105957,1
ann,1,SR386_40X_HE_T030_01,0,0.7555425763130188,1
ann,1,SR386_40X_HE_T033_01,0,0.5339306592941284,1
ann,1,SR386_40X_HE_T036_01,0,0.36227911710739136,0
ann,1,SR386_40X_HE_T038_01,0,0.4106677770614624,0
ann,1,SR386_40X_HE_T049_01,0,0.3623160123825073,0
ann,1,SR386_40X_HE_T050_01,0,0.34873682260513306,0
ann,1,SR386_40X_HE_T060_01,0,0.8222126960754395,1
ann,1,SR386_40X_HE_T063_01,0,0.5435343384742737,1
ann,1,SR386_40X_HE_T066_01,0,0.32352957129478455,0
ann,1,SR386_40X_HE_T069_01,0,0.3398584723472595,0
ann,1,SR386_40X_HE_T072_01,0,0.3271266520023346,0
ann,1,SR386_40X_HE_T074_01,0,0.417486310005188,0
ann,1,SR386_40X_HE_T078_01,0,0.3208467662334442,0
ann,1,SR386_40X_HE_T079_01,0,0.25525569915771484,0
ann,1,SR386_40X_HE_T092_01,1,0.5244726538658142,1
ann,1,SR386_40X_HE_T096_01,0,0.27903181314468384,0
ann,1,SR386_40X_HE_T099_01,0,0.16521678864955902,0
ann,1,SR386_40X_HE_T103_01,0,0.39274832606315613,0
ann,1,SR386_40X_HE_T108_01,0,0.44861066341400146,0
ann,1,SR386_40X_HE_T113_01,0,0.29673802852630615,0
ann,1,SR386_40X_HE_T114_01,0,0.3714548647403717,0
ann,1,SR386_40X_HE_T119_01,0,0.4422796368598938,0
ann,1,SR386_40X_HE_T126_01,0,0.28457745909690857,0
ann,1,SR386_40X_HE_T130_01,0,0.2345408797264099,0
ann,1,SR386_40X_HE_T131_01,0,0.6256386637687683,1
ann,1,SR386_40X_HE_T135_01,0,0.6274691820144653,1
ann,1,SR386_40X_HE_T140_01,0,0.3287946581840515,0
ann,1,SR386_40X_HE_T144_01,0,0.5948235988616943,1
ann,1,SR386_40X_HE_T147_01,0,0.3524876832962036,0
ann,1,SR386_40X_HE_T148_01,0,0.3011709451675415,0
ann,1,SR386_40X_HE_T160_01,0,0.3614775836467743,0
ann,1,SR386_40X_HE_T169_01,0,0.13062508404254913,0
ann,1,SR386_40X_HE_T170_01,1,0.8265013098716736,1
ann,1,SR386_40X_HE_T172_01,0,0.8412901163101196,1
ann,1,SR386_40X_HE_T174_01,0,0.6120697259902954,1
ann,1,SR386_40X_HE_T181_01,0,0.2756902277469635,0
ann,1,SR386_40X_HE_T196_01,0,0.397696316242218,0
ann,1,SR386_40X_HE_T205_01,0,0.8333550095558167,1
ann,1,SR386_40X_HE_T209_01,0,0.29841718077659607,0
ann,1,SR386_40X_HE_T210_01,0,0.35174840688705444,0
ann,1,SR386_40X_HE_T212_01,0,0.7194995284080505,1
ann,1,SR386_40X_HE_T221_01,0,0.262813538312912,0
ann,1,SR386_40X_HE_T224_01,0,0.22175687551498413,0
ann,1,SR386_40X_HE_T231_01,1,0.7862026691436768,1
ann,1,SR386_40X_HE_T232_01,0,0.15596044063568115,0
ann,1,SR386_40X_HE_T247_01,0,0.6908999681472778,1
ann,1,SR386_40X_HE_T252_01,0,0.28353649377822876,0
ann,1,SR386_40X_HE_T255_01,0,0.13684169948101044,0
ann,1,SR386_40X_HE_T259_01,1,0.18077968060970306,0
ann,1,SR386_40X_HE_T274_01,0,0.18282833695411682,0
ann,1,SR386_40X_HE_T275_01,0,0.5530992150306702,1
ann,1,SR386_40X_HE_T282_01,0,0.26724544167518616,0
ann,1,SR386_40X_HE_T294_01,0,0.6309064626693726,1
ann,1,SR386_40X_HE_T311_01,0,0.24216672778129578,0
ann,1,SR386_40X_HE_T315_01,0,0.5783858895301819,1
ann,1,SR386_40X_HE_T319_01,1,0.3971734941005707,0
ann,1,SR386_40X_HE_T324_01,1,0.45476219058036804,0
ann,1,SR386_40X_HE_T330_01,0,0.20518624782562256,0
ann,1,SR386_40X_HE_T333_01,0,0.32305020093917847,0
ann,1,SR386_40X_HE_T335_01,0,0.22490078210830688,0
ann,1,SR386_40X_HE_T337_01,0,0.3052968680858612,0
ann,1,SR386_40X_HE_T344_01,0,0.32981979846954346,0
ann,1,SR386_40X_HE_T347_01,0,0.5226300954818726,1
ann,1,SR386_40X_HE_T350_01,0,0.32363706827163696,0
ann,1,SR386_40X_HE_T351_01,0,0.2847239673137665,0
ann,1,SR386_40X_HE_T360_01,0,0.21133986115455627,0
ann,1,SR386_40X_HE_T361_01,0,0.28623542189598083,0
ann,1,SR386_40X_HE_T366_01,0,0.31188613176345825,0
ann,1,SR386_40X_HE_T377_01,1,0.3448694348335266,0
ann,1,SR386_40X_HE_T384_01,0,0.3029208779335022,0
ann,1,SR386_40X_HE_T395_01,0,0.388134241104126,0
ann,1,SR386_40X_HE_T396_01,0,0.22218352556228638,0
ann,1,SR386_40X_HE_T401_01,0,0.24363373219966888,0
ann,1,SR386_40X_HE_T408_01,0,0.28152692317962646,0
ann,1,SR386_40X_HE_T410_01,0,0.17340323328971863,0
ann,1,SR386_40X_HE_T413_01,0,0.45969823002815247,0
ann,1,SR386_40X_HE_T416_01,0,0.18803751468658447,0
ann,1,SR386_40X_HE_T418_01,0,0.2168763130903244,0
ann,1,SR386_40X_HE_T419_01,0,0.12680232524871826,0
ann,1,SR386_40X_HE_T421_01,0,0.2468322217464447,0
ann,1,SR386_40X_HE_T423_01,0,0.36965224146842957,0
ann,1,SR386_40X_HE_T428_01,0,0.29374682903289795,0
ann,1,SR386_40X_HE_T430_01,0,0.2762189507484436,0
ann,1,SR386_40X_HE_T431_01,0,0.27666112780570984,0
ann,1,SR386_40X_HE_T435_01,0,0.49735668301582336,0
ann,1,SR386_40X_HE_T438_01,0,0.3946627676486969,0
ann,1,SR386_40X_HE_T439_01,0,0.18925121426582336,0
ann,1,SR386_40X_HE_T447_01,0,0.23541554808616638,0
ann,1,SR386_40X_HE_T449_01,0,0.1978200078010559,0
ann,1,SR386_40X_HE_T454_01,0,0.25945860147476196,0
ann,1,SR386_40X_HE_T456_01,0,0.2436862736940384,0
ann,1,SR386_40X_HE_T461_01,0,0.3189218044281006,0
ann,1,SR386_40X_HE_T462_01,0,0.3897930681705475,0
ann,1,SR386_40X_HE_T468_01,0,0.22546152770519257,0
ann,1,SR386_40X_HE_T469_01,1,0.21794353425502777,0
ann,1,SR386_40X_HE_T470_01,0,0.33350226283073425,0
ann,1,SR386_40X_HE_T471_01,0,0.21833395957946777,0
ann,1,SR386_40X_HE_T477_01,0,0.19050540030002594,0
ann,1,SR386_40X_HE_T480_01,0,0.30370819568634033,0
ann,1,SR386_40X_HE_T484_01,0,0.3654240071773529,0
ann,1,SR386_40X_HE_T495_01,0,0.2085893154144287,0
ann,1,SR386_40X_HE_T496_01,0,0.23087342083454132,0
ann,1,SR386_40X_HE_T498_01,0,0.4095696806907654,0
ann,1,SR386_40X_HE_T504_01,0,0.16353581845760345,0
ann,1,SR386_40X_HE_T511_01,0,0.29593610763549805,0
ann,1,SR386_40X_HE_T517_01,0,0.6923989653587341,1
ann,1,SR386_40X_HE_T523_01,0,0.438857764005661,0
ann,1,SR386_40X_HE_T529_01,0,0.4454685151576996,0
ann,1,SR386_40X_HE_T542_01,0,0.312450110912323,0
ann,1,SR386_40X_HE_T569_01,0,0.19489118456840515,0
ann,1,SR386_40X_HE_T582_01,0,0.24586954712867737,0
ann,2,SR1482_40X_HE_T009_01,0,0.4131953716278076,0
ann,2,SR1482_40X_HE_T009_02,0,0.5932072401046753,1
ann,2,SR1482_40X_HE_T015_01,0,0.18485842645168304,0
ann,2,SR1482_40X_HE_T021_01,0,0.3922100067138672,0
ann,2,SR1482_40X_HE_T067_01,0,0.7921327352523804,1
ann,2,SR1482_40X_HE_T075_01,0,0.4954686462879181,0
ann,2,SR1482_40X_HE_T075_02,0,0.7058843970298767,1
ann,2,SR1482_40X_HE_T098_01,0,0.42107024788856506,0
ann,2,SR1482_40X_HE_T098_02,0,0.28177157044410706,0
ann,2,SR1482_40X_HE_T102_01,0,0.6708576679229736,1
ann,2,SR1482_40X_HE_T123_01,0,0.35177403688430786,0
ann,2,SR1482_40X_HE_T142_01,0,0.3272412419319153,0
ann,2,SR1482_40X_HE_T146_01,0,0.9782927632331848,1
ann,2,SR1482_40X_HE_T148_01,0,0.38874197006225586,0
ann,2,SR1482_40X_HE_T148_02,0,0.2005997896194458,0
ann,2,SR1482_40X_HE_T154_01,0,0.28338900208473206,0
ann,2,SR1482_40X_HE_T158_01,0,0.570145845413208,1
ann,2,SR1482_40X_HE_T161_01,0,0.6962375044822693,1
ann,2,SR1482_40X_HE_T161_02,0,0.329563170671463,0
ann,2,SR1482_40X_HE_T164_01,1,0.6160488724708557,1
ann,2,SR1482_40X_HE_T164_02,1,0.589989423751831,1
ann,2,SR1482_40X_HE_T168_01,0,0.32797157764434814,0
ann,2,SR1482_40X_HE_T171_01,0,0.7350705862045288,1
ann,2,SR1482_40X_HE_T171_02,0,0.5509986877441406,1
ann,2,SR1482_40X_HE_T178_01,1,0.7067049145698547,1
ann,2,SR1482_40X_HE_T186_01,0,0.4138932228088379,0
ann,2,SR1482_40X_HE_T193_01,0,0.724674642086029,1
ann,2,SR1482_40X_HE_T193_02,0,0.8168385624885559,1
ann,2,SR1482_40X_HE_T209_01,0,0.6549791097640991,1
ann,2,SR1482_40X_HE_T209_02,0,0.7815592288970947,1
ann,2,SR1482_40X_HE_T245_01,0,0.6091622710227966,1
ann,2,SR1482_40X_HE_T245_02,0,0.5528460741043091,1
ann,2,SR1482_40X_HE_T265_01,0,0.3450396656990051,0
ann,2,SR1482_40X_HE_T302_01,0,0.57059645652771,1
ann,2,SR1482_40X_HE_T343_01,1,0.8024938106536865,1
ann,2,SR1482_40X_HE_T343_02,1,0.806581974029541,1
ann,2,SR1482_40X_HE_T399_01,0,0.452478289604187,0
ann,2,SR1482_40X_HE_T399_02,0,0.5730594992637634,1
ann,2,SR1482_40X_HE_T426_01,0,0.3882591724395752,0
ann,2,SR1482_40X_HE_T426_02,0,0.4368826448917389,0
ann,2,SR386_40X_HE_T001_01,0,0.5857657790184021,1
ann,2,SR386_40X_HE_T013_01,0,0.571182906627655,1
ann,2,SR386_40X_HE_T018_01,0,0.5041179656982422,1
ann,2,SR386_40X_HE_T019_01,0,0.23446917533874512,0
ann,2,SR386_40X_HE_T024_01,0,0.2099570333957672,0
ann,2,SR386_40X_HE_T039_01,0,0.4027332663536072,0
ann,2,SR386_40X_HE_T040_01,1,0.8631695508956909,1
ann,2,SR386_40X_HE_T042_01,0,0.4563746750354767,0
ann,2,SR386_40X_HE_T047_01,0,0.4290975034236908,0
ann,2,SR386_40X_HE_T051_01,0,0.2579304575920105,0
ann,2,SR386_40X_HE_T052_01,0,0.41128265857696533,0
ann,2,SR386_40X_HE_T056_01,0,0.3575633764266968,0
ann,2,SR386_40X_HE_T057_01,0,0.26665738224983215,0
ann,2,SR386_40X_HE_T070_01,0,0.4134584665298462,0
ann,2,SR386_40X_HE_T082_01,0,0.5853789448738098,1
ann,2,SR386_40X_HE_T084_01,0,0.6526659727096558,1
ann,2,SR386_40X_HE_T087_01,0,0.5548108220100403,1
ann,2,SR386_40X_HE_T088_01,0,0.5387181639671326,1
ann,2,SR386_40X_HE_T098_01,0,0.5290398597717285,1
ann,2,SR386_40X_HE_T105_01,0,0.3348071575164795,0
ann,2,SR386_40X_HE_T122_01,0,0.3232123553752899,0
ann,2,SR386_40X_HE_T123_01,0,0.4219452142715454,0
ann,2,SR386_40X_HE_T133_01,0,0.4274725914001465,0
ann,2,SR386_40X_HE_T145_01,0,0.51730877161026,1
ann,2,SR386_40X_HE_T150_01,0,0.6647668480873108,1
ann,2,SR386_40X_HE_T152_01,0,0.5071477890014648,1
ann,2,SR386_40X_HE_T155_01,0,0.4317286014556885,0
ann,2,SR386_40X_HE_T157_01,0,0.16122089326381683,0
ann,2,SR386_40X_HE_T164_01,0,0.27766332030296326,0
ann,2,SR386_40X_HE_T166_01,0,0.41150155663490295,0
ann,2,SR386_40X_HE_T176_01,1,0.7558180093765259,1
ann,2,SR386_40X_HE_T177_01,0,0.4656001329421997,0
ann,2,SR386_40X_HE_T178_01,0,0.6367978453636169,1
ann,2,SR386_40X_HE_T187_01,0,0.4953835606575012,0
ann,2,SR386_40X_HE_T190_01,0,0.25580084323883057,0
ann,2,SR386_40X_HE_T192_01,0,0.26198139786720276,0
ann,2,SR386_40X_HE_T198_01,0,0.3355834484100342,0
ann,2,SR386_40X_HE_T200_01,0,0.47403815388679504,0
ann,2,SR386_40X_HE_T206_01,1,0.462467223405838,0
ann,2,SR386_40X_HE_T211_01,0,0.4047587513923645,0
ann,2,SR386_40X_HE_T213_01,0,0.38906148076057434,0
ann,2,SR386_40X_HE_T214_01,0,0.5673890113830566,1
ann,2,SR386_40X_HE_T220_01,0,0.32663604617118835,0
ann,2,SR386_40X_HE_T230_01,1,0.3458675146102905,0
ann,2,SR386_40X_HE_T236_01,0,0.39560720324516296,0
ann,2,SR386_40X_HE_T237_01,0,0.3921174705028534,0
ann,2,SR386_40X_HE_T240_01,0,0.30524080991744995,0
ann,2,SR386_40X_HE_T241_01,0,0.40472766757011414,0
ann,2,SR386_40X_HE_T242_01,0,0.384922057390213,0
ann,2,SR386_40X_HE_T253_01,0,0.4362121522426605,0
ann,2,SR386_40X_HE_T260_01,0,0.5476465821266174,1
ann,2,SR386_40X_HE_T262_01,0,0.5455446243286133,1
ann,2,SR386_40X_HE_T264_01,0,0.6526061296463013,1
ann,2,SR386_40X_HE_T271_01,0,0.3605286180973053,0
ann,2,SR386_40X_HE_T281_01,0,0.4734835624694824,0
ann,2,SR386_40X_HE_T297_01,0,0.28731194138526917,0
ann,2,SR386_40X_HE_T299_01,0,0.2970898747444153,0
ann,2,SR386_40X_HE_T301_01,0,0.21444958448410034,0
ann,2,SR386_40X_HE_T306_01,0,0.4771748185157776,0
ann,2,SR386_40X_HE_T309_01,0,0.37631097435951233,0
ann,2,SR386_40X_HE_T314_01,0,0.5011522769927979,1
ann,2,SR386_40X_HE_T316_01,0,0.648252546787262,1
ann,2,SR386_40X_HE_T318_01,0,0.33022576570510864,0
ann,2,SR386_40X_HE_T321_01,0,0.41226401925086975,0
ann,2,SR386_40X_HE_T326_01,0,0.3268401026725769,0
ann,2,SR386_40X_HE_T327_01,0,0.4159671664237976,0
ann,2,SR386_40X_HE_T332_01,1,0.5473681092262268,1
ann,2,SR386_40X_HE_T355_01,0,0.39216533303260803,0
ann,2,SR386_40X_HE_T364_01,0,0.5378868579864502,1
ann,2,SR386_40X_HE_T368_01,1,0.334249883890152,0
ann,2,SR386_40X_HE_T374_01,0,0.41324254870414734,0
ann,2,SR386_40X_HE_T380_01,0,0.39476731419563293,0
ann,2,SR386_40X_HE_T382_01,0,0.30320701003074646,0
ann,2,SR386_40X_HE_T392_01,0,0.32361000776290894,0
ann,2,SR386_40X_HE_T398_01,0,0.3199385404586792,0
ann,2,SR386_40X_HE_T402_01,1,0.6734756827354431,1
ann,2,SR386_40X_HE_T404_01,0,0.3662711977958679,0
ann,2,SR386_40X_HE_T415_01,0,0.28254464268684387,0
ann,2,SR386_40X_HE_T417_01,0,0.2703395187854767,0
ann,2,SR386_40X_HE_T425_01,0,0.39518022537231445,0
ann,2,SR386_40X_HE_T436_01,1,0.24825546145439148,0
ann,2,SR386_40X_HE_T437_01,0,0.2855296730995178,0
ann,2,SR386_40X_HE_T440_01,0,0.4295736849308014,0
ann,2,SR386_40X_HE_T445_01,0,0.602759599685669,1
ann,2,SR386_40X_HE_T450_01,0,0.36402592062950134,0
ann,2,SR386_40X_HE_T459_01,0,0.29979178309440613,0
ann,2,SR386_40X_HE_T472_01,0,0.36289921402931213,0
ann,2,SR386_40X_HE_T481_01,0,0.37346580624580383,0
ann,2,SR386_40X_HE_T483_01,0,0.6091684699058533,1
ann,2,SR386_40X_HE_T486_01,0,0.6196341514587402,1
ann,2,SR386_40X_HE_T488_01,0,0.53989577293396,1
ann,2,SR386_40X_HE_T499_01,0,0.6315033435821533,1
ann,2,SR386_40X_HE_T507_01,0,0.46375423669815063,0
ann,2,SR386_40X_HE_T514_01,0,0.3864476978778839,0
ann,2,SR386_40X_HE_T520_01,1,0.46126118302345276,0
ann,2,SR386_40X_HE_T522_01,0,0.48648354411125183,0
ann,2,SR386_40X_HE_T531_01,0,0.3384157717227936,0
ann,2,SR386_40X_HE_T535_01,0,0.32931825518608093,0
ann,2,SR386_40X_HE_T539_01,0,0.6807224154472351,1
ann,2,SR386_40X_HE_T549_01,0,0.37278813123703003,0
ann,2,SR386_40X_HE_T552_01,0,0.2546812891960144,0
ann,2,SR386_40X_HE_T553_01,0,0.4565560519695282,0
ann,2,SR386_40X_HE_T554_01,0,0.7110309600830078,1
ann,2,SR386_40X_HE_T558_01,0,0.4121372401714325,0
ann,2,SR386_40X_HE_T564_01,0,0.27278241515159607,0
ann,2,SR386_40X_HE_T570_01,0,0.26963451504707336,0
ann,2,SR386_40X_HE_T574_01,0,0.2697293162345886,0
ann,2,SR386_40X_HE_T578_01,0,0.389260470867157,0
ann,2,SR386_40X_HE_T580_01,0,0.21472953259944916,0
ann,3,SR1482_40X_HE_T005_01,0,0.689052164554596,1
ann,3,SR1482_40X_HE_T005_02,0,0.6960422396659851,1
ann,3,SR1482_40X_HE_T010_01,0,0.43481025099754333,0
ann,3,SR1482_40X_HE_T043_01,0,0.4885285794734955,0
ann,3,SR1482_40X_HE_T043_02,0,0.5370479822158813,1
ann,3,SR1482_40X_HE_T049_01,0,0.438732773065567,0
ann,3,SR1482_40X_HE_T061_01,0,0.6893858909606934,1
ann,3,SR1482_40X_HE_T061_02,0,0.5313724279403687,1
ann,3,SR1482_40X_HE_T070_01,1,0.3952547013759613,0
ann,3,SR1482_40X_HE_T073_01,0,0.43093547224998474,0
ann,3,SR1482_40X_HE_T082_01,0,0.4360082149505615,0
ann,3,SR1482_40X_HE_T082_02,0,0.5600882172584534,1
ann,3,SR1482_40X_HE_T089_01,0,0.41938480734825134,0
ann,3,SR1482_40X_HE_T090_01,0,0.4614650011062622,0
ann,3,SR1482_40X_HE_T094_01,1,0.4695907235145569,0
ann,3,SR1482_40X_HE_T094_02,1,0.5529589653015137,1
ann,3,SR1482_40X_HE_T105_01,0,0.40865781903266907,0
ann,3,SR1482_40X_HE_T115_01,0,0.4761938154697418,0
ann,3,SR1482_40X_HE_T115_02,0,0.340352863073349,0
ann,3,SR1482_40X_HE_T118_01,0,0.7233736515045166,1
ann,3,SR1482_40X_HE_T118_02,0,0.6676098704338074,1
ann,3,SR1482_40X_HE_T120_01,0,0.8446421027183533,1
ann,3,SR1482_40X_HE_T120_02,0,0.6421962380409241,1
ann,3,SR1482_40X_HE_T124_01,0,0.6227078437805176,1
ann,3,SR1482_40X_HE_T124_02,0,0.5621327757835388,1
ann,3,SR1482_40X_HE_T138_01,0,0.40701955556869507,0
ann,3,SR1482_40X_HE_T160_01,0,0.506305992603302,1
ann,3,SR1482_40X_HE_T160_02,0,0.43177542090415955,0
ann,3,SR1482_40X_HE_T167_01,0,0.4373619854450226,0
ann,3,SR1482_40X_HE_T167_02,0,0.40967077016830444,0
ann,3,SR1482_40X_HE_T175_01,0,0.5744085311889648,1
ann,3,SR1482_40X_HE_T175_02,0,0.5582200884819031,1
ann,3,SR1482_40X_HE_T177_01,1,0.3360065817832947,0
ann,3,SR1482_40X_HE_T188_01,0,0.4672519862651825,0
ann,3,SR1482_40X_HE_T195_01,0,0.45035088062286377,0
ann,3,SR1482_40X_HE_T195_02,0,0.42839157581329346,0
ann,3,SR1482_40X_HE_T202_01,0,0.41258710622787476,0
ann,3,SR1482_40X_HE_T202_02,0,0.4954957962036133,0
ann,3,SR1482_40X_HE_T225_01,0,0.7565112709999084,1
ann,3,SR1482_40X_HE_T225_02,0,0.40699997544288635,0
ann,3,SR1482_40X_HE_T235_01,0,0.48923343420028687,0
ann,3,SR1482_40X_HE_T235_02,0,0.5975862741470337,1
ann,3,SR1482_40X_HE_T236_01,0,0.37659066915512085,0
ann,3,SR1482_40X_HE_T236_02,0,0.43464136123657227,0
ann,3,SR1482_40X_HE_T258_01,0,0.4717983901500702,0
ann,3,SR1482_40X_HE_T258_02,0,0.5738877654075623,1
ann,3,SR1482_40X_HE_T284_01,1,0.5872329473495483,1
ann,3,SR1482_40X_HE_T284_02,1,0.7058531045913696,1
ann,3,SR1482_40X_HE_T301_01,1,0.542778491973877,1
ann,3,SR1482_40X_HE_T301_02,1,0.8118033409118652,1
ann,3,SR1482_40X_HE_T309_01,0,0.4658364951610565,0
ann,3,SR1482_40X_HE_T313_01,0,0.6426119208335876,1
ann,3,SR1482_40X_HE_T313_02,0,0.7111741900444031,1
ann,3,SR1482_40X_HE_T338_01,0,0.6196703910827637,1
ann,3,SR1482_40X_HE_T344_01,0,0.5439547300338745,1
ann,3,SR1482_40X_HE_T344_02,0,0.5228199362754822,1
ann,3,SR1482_40X_HE_T346_01,0,0.5233190655708313,1
ann,3,SR1482_40X_HE_T346_02,0,0.519442617893219,1
ann,3,SR1482_40X_HE_T377_01,0,0.4146590828895569,0
ann,3,SR1482_40X_HE_T377_02,0,0.44978711009025574,0
ann,3,SR1482_40X_HE_T419_01,0,0.4627351462841034,0
ann,3,SR1482_40X_HE_T427_01,0,0.4788109064102173,0
ann,3,SR1482_40X_HE_T427_02,0,0.4362713098526001,0
ann,3,SR386_40X_HE_T007_01,0,0.48491430282592773,0
ann,3,SR386_40X_HE_T015_01,0,0.4539742171764374,0
ann,3,SR386_40X_HE_T017_01,1,0.5866178274154663,1
ann,3,SR386_40X_HE_T032_01,0,0.4347912669181824,0
ann,3,SR386_40X_HE_T034_01,0,0.39582499861717224,0
ann,3,SR386_40X_HE_T035_01,0,0.44503554701805115,0
ann,3,SR386_40X_HE_T041_01,0,0.5042403936386108,1
ann,3,SR386_40X_HE_T067_01,0,0.37034040689468384,0
ann,3,SR386_40X_HE_T075_01,0,0.364244669675827,0
ann,3,SR386_40X_HE_T081_01,0,0.3762072026729584,0
ann,3,SR386_40X_HE_T083_01,0,0.4238224923610687,0
ann,3,SR386_40X_HE_T085_01,0,0.37140917778015137,0
ann,3,SR386_40X_HE_T095_01,0,0.4006309509277344,0
ann,3,SR386_40X_HE_T104_01,0,0.3707456886768341,0
ann,3,SR386_40X_HE_T106_01,0,0.35878780484199524,0
ann,3,SR386_40X_HE_T112_01,0,0.5152812600135803,1
ann,3,SR386_40X_HE_T128_01,0,0.4810979664325714,0
ann,3,SR386_40X_HE_T132_01,0,0.43532970547676086,0
ann,3,SR386_40X_HE_T138_01,0,0.3783937096595764,0
ann,3,SR386_40X_HE_T142_01,0,0.4672754406929016,0
ann,3,SR386_40X_HE_T149_01,0,0.31803035736083984,0
ann,3,SR386_40X_HE_T165_01,1,0.4708975851535797,0
ann,3,SR386_40X_HE_T179_01,0,0.6318933367729187,1
ann,3,SR386_40X_HE_T180_01,0,0.35759493708610535,0
ann,3,SR386_40X_HE_T182_01,0,0.52284836769104,1
ann,3,SR386_40X_HE_T184_01,0,0.4633597433567047,0
ann,3,SR386_40X_HE_T188_01,0,0.3842046558856964,0
ann,3,SR386_40X_HE_T191_01,0,0.44024744629859924,0
ann,3,SR386_40X_HE_T197_01,0,0.48730751872062683,0
ann,3,SR386_40X_HE_T201_01,0,0.33464285731315613,0
ann,3,SR386_40X_HE_T202_01,0,0.3625149428844452,0
ann,3,SR386_40X_HE_T208_01,0,0.38139915466308594,0
ann,3,SR386_40X_HE_T216_01,1,0.5793439745903015,1
ann,3,SR386_40X_HE_T238_01,0,0.3790699541568756,0
ann,3,SR386_40X_HE_T244_01,0,0.35106050968170166,0
ann,3,SR386_40X_HE_T248_01,0,0.41227567195892334,0
ann,3,SR386_40X_HE_T249_01,0,0.35086074471473694,0
ann,3,SR386_40X_HE_T250_01,0,0.4682382345199585,0
ann,3,SR386_40X_HE_T263_01,0,0.39586102962493896,0
ann,3,SR386_40X_HE_T267_01,0,0.39057525992393494,0
ann,3,SR386_40X_HE_T269_01,0,0.4103626012802124,0
ann,3,SR386_40X_HE_T277_01,0,0.44161269068717957,0
ann,3,SR386_40X_HE_T286_01,0,0.6814959049224854,1
ann,3,SR386_40X_HE_T287_01,0,0.48571348190307617,0
ann,3,SR386_40X_HE_T290_01,0,0.4852176904678345,0
ann,3,SR386_40X_HE_T293_01,0,0.5103795528411865,1
ann,3,SR386_40X_HE_T298_01,0,0.3964022696018219,0
ann,3,SR386_40X_HE_T303_01,0,0.31208547949790955,0
ann,3,SR386_40X_HE_T312_01,0,0.4929512143135071,0
ann,3,SR386_40X_HE_T329_01,0,0.554905891418457,1
ann,3,SR386_40X_HE_T336_01,0,0.42512694001197815,0
ann,3,SR386_40X_HE_T338_01,0,0.40601471066474915,0
ann,3,SR386_40X_HE_T342_01,0,0.4821203649044037,0
ann,3,SR386_40X_HE_T353_01,0,0.5371187329292297,1
ann,3,SR386_40X_HE_T357_01,0,0.37775829434394836,0
ann,3,SR386_40X_HE_T362_01,0,0.43826329708099365,0
ann,3,SR386_40X_HE_T363_01,1,0.6267860531806946,1
ann,3,SR386_40X_HE_T372_01,0,0.5144748687744141,1
ann,3,SR386_40X_HE_T378_01,0,0.37767019867897034,0
ann,3,SR386_40X_HE_T379_01,0,0.4034043252468109,0
ann,3,SR386_40X_HE_T386_01,0,0.39816612005233765,0
ann,3,SR386_40X_HE_T387_01,0,0.2878686189651489,0
ann,3,SR386_40X_HE_T393_01,0,0.4729969799518585,0
ann,3,SR386_40X_HE_T397_01,0,0.5855673551559448,1
ann,3,SR386_40X_HE_T406_01,0,0.642427921295166,1
ann,3,SR386_40X_HE_T409_01,0,0.3868449032306671,0
ann,3,SR386_40X_HE_T422_01,0,0.38715440034866333,0
ann,3,SR386_40X_HE_T426_01,0,0.4588289260864258,0
ann,3,SR386_40X_HE_T433_01,0,0.44173118472099304,0
ann,3,SR386_40X_HE_T443_01,0,0.5052578449249268,1
ann,3,SR386_40X_HE_T448_01,0,0.5231519937515259,1
ann,3,SR386_40X_HE_T452_01,0,0.532291829586029,1
ann,3,SR386_40X_HE_T460_01,1,0.5661321878433228,1
ann,3,SR386_40X_HE_T473_01,0,0.4309009611606598,0
ann,3,SR386_40X_HE_T475_01,0,0.33454298973083496,0
ann,3,SR386_40X_HE_T478_01,0,0.42837822437286377,0
ann,3,SR386_40X_HE_T489_01,1,0.4072040021419525,0
ann,3,SR386_40X_HE_T491_01,0,0.4248388111591339,0
ann,3,SR386_40X_HE_T492_01,0,0.3990534245967865,0
ann,3,SR386_40X_HE_T493_01,0,0.4088316559791565,0
ann,3,SR386_40X_HE_T502_01,0,0.400295227766037,0
ann,3,SR386_40X_HE_T505_01,0,0.45551398396492004,0
ann,3,SR386_40X_HE_T506_01,0,0.3427029848098755,0
ann,3,SR386_40X_HE_T509_01,0,0.5163310766220093,1
ann,3,SR386_40X_HE_T516_01,0,0.45361483097076416,0
ann,3,SR386_40X_HE_T518_01,0,0.42286258935928345,0
ann,3,SR386_40X_HE_T519_01,0,0.3474980592727661,0
ann,3,SR386_40X_HE_T521_01,0,0.3987143337726593,0
ann,3,SR386_40X_HE_T526_01,0,0.4422815144062042,0
ann,3,SR386_40X_HE_T533_01,0,0.4792276620864868,0
ann,3,SR386_40X_HE_T543_01,0,0.49558988213539124,0
ann,3,SR386_40X_HE_T544_01,0,0.42230236530303955,0
ann,3,SR386_40X_HE_T556_01,1,0.41907671093940735,0
ann,3,SR386_40X_HE_T560_01,0,0.5849387049674988,1
ann,3,SR386_40X_HE_T563_01,0,0.3256874978542328,0
ann,3,SR386_40X_HE_T568_01,0,0.4155973792076111,0
ann,3,SR386_40X_HE_T571_01,0,0.4465123116970062,0
ann,3,SR386_40X_HE_T572_01,0,0.48667606711387634,0
ann,3,SR386_40X_HE_T573_01,0,0.5170619487762451,1
ann,3,SR386_40X_HE_T583_01,0,0.4561069905757904,0
ann,4,SR1482_40X_HE_T002_01,0,0.3677509129047394,0
ann,4,SR1482_40X_HE_T003_01,0,0.3843033015727997,0
ann,4,SR1482_40X_HE_T004_01,0,0.5646700263023376,1
ann,4,SR1482_40X_HE_T004_02,0,0.5840601325035095,1
ann,4,SR1482_40X_HE_T011_01,0,0.4254187345504761,0
ann,4,SR1482_40X_HE_T025_01,0,0.29212185740470886,0
ann,4,SR1482_40X_HE_T025_02,0,0.33331620693206787,0
ann,4,SR1482_40X_HE_T060_01,0,0.4593203067779541,0
ann,4,SR1482_40X_HE_T062_01,0,0.46822476387023926,0
ann,4,SR1482_40X_HE_T062_02,0,0.7075588703155518,1
ann,4,SR1482_40X_HE_T064_01,0,0.4813816249370575,0
ann,4,SR1482_40X_HE_T064_02,0,0.3985263407230377,0
ann,4,SR1482_40X_HE_T071_01,0,0.4550214409828186,0
ann,4,SR1482_40X_HE_T071_02,0,0.4048904478549957,0
ann,4,SR1482_40X_HE_T074_01,0,0.4024912714958191,0
ann,4,SR1482_40X_HE_T074_02,0,0.4360317885875702,0
ann,4,SR1482_40X_HE_T083_01,0,0.4771386682987213,0
ann,4,SR1482_40X_HE_T083_02,0,0.4936443865299225,0
ann,4,SR1482_40X_HE_T087_01,0,0.40929123759269714,0
ann,4,SR1482_40X_HE_T097_01,1,0.5103411674499512,1
ann,4,SR1482_40X_HE_T097_02,1,0.3955683708190918,0
ann,4,SR1482_40X_HE_T108_01,0,0.4261842966079712,0
ann,4,SR1482_40X_HE_T113_01,0,0.43153437972068787,0
ann,4,SR1482_40X_HE_T113_02,0,0.3868921995162964,0
ann,4,SR1482_40X_HE_T121_01,0,0.3367350697517395,0
ann,4,SR1482_40X_HE_T122_01,0,0.3422890603542328,0
ann,4,SR1482_40X_HE_T125_01,0,0.41412609815597534,0
ann,4,SR1482_40X_HE_T125_02,0,0.5738738775253296,1
ann,4,SR1482_40X_HE_T131_01,0,0.5811048150062561,1
ann,4,SR1482_40X_HE_T131_02,0,0.5093117952346802,1
ann,4,SR1482_40X_HE_T132_01,0,0.4055083692073822,0
ann,4,SR1482_40X_HE_T132_02,0,0.39931443333625793,0
ann,4,SR1482_40X_HE_T143_01,0,0.4952959418296814,0
ann,4,SR1482_40X_HE_T143_02,0,0.5634879469871521,1
ann,4,SR1482_40X_HE_T166_01,1,0.3452014923095703,0
ann,4,SR1482_40X_HE_T169_01,0,0.4055927097797394,0
ann,4,SR1482_40X_HE_T176_01,1,0.5590687394142151,1
ann,4,SR1482_40X_HE_T176_02,1,0.40753740072250366,0
ann,4,SR1482_40X_HE_T191_01,0,0.43652722239494324,0
ann,4,SR1482_40X_HE_T194_01,0,0.535765528678894,1
ann,4,SR1482_40X_HE_T218_01,0,0.40148887038230896,0
ann,4,SR1482_40X_HE_T253_01,0,0.40606263279914856,0
ann,4,SR1482_40X_HE_T290_01,0,0.500159502029419,1
ann,4,SR1482_40X_HE_T308_01,0,0.578394889831543,1
ann,4,SR1482_40X_HE_T314_01,0,0.5972265005111694,1
ann,4,SR1482_40X_HE_T314_02,0,0.6178573369979858,1
ann,4,SR1482_40X_HE_T372_01,1,0.494922399520874,0
ann,4,SR1482_40X_HE_T372_02,1,0.40381327271461487,0
ann,4,SR1482_40X_HE_T408_01,0,0.35804495215415955,0
ann,4,SR1482_40X_HE_T412_01,0,0.4394401013851166,0
ann,4,SR1482_40X_HE_T425_01,0,0.3434012532234192,0
ann,4,SR1482_40X_HE_T434_01,1,0.5139443874359131,1
ann,4,SR386_40X_HE_T006_01,0,0.3767005205154419,0
ann,4,SR386_40X_HE_T010_01,0,0.37454089522361755,0
ann,4,SR386_40X_HE_T014_01,0,0.4821103513240814,0
ann,4,SR386_40X_HE_T016_01,0,0.33457961678504944,0
ann,4,SR386_40X_HE_T020_01,0,0.34820568561553955,0
ann,4,SR386_40X_HE_T027_01,0,0.47694194316864014,0
ann,4,SR386_40X_HE_T028_01,0,0.4421614706516266,0
ann,4,SR386_40X_HE_T037_01,0,0.34046322107315063,0
ann,4,SR386_40X_HE_T043_01,0,0.4163978397846222,0
ann,4,SR386_40X_HE_T044_01,1,0.3726518750190735,0
ann,4,SR386_40X_HE_T046_01,0,0.3908558189868927,0
ann,4,SR386_40X_HE_T058_01,0,0.3889702558517456,0
ann,4,SR386_40X_HE_T062_01,0,0.36084961891174316,0
ann,4,SR386_40X_HE_T065_01,1,0.4039207696914673,0
ann,4,SR386_40X_HE_T080_01,0,0.3854500651359558,0
ann,4,SR386_40X_HE_T091_01,0,0.4121766686439514,0
ann,4,SR386_40X_HE_T094_01,0,0.26789188385009766,0
ann,4,SR386_40X_HE_T097_01,0,0.3908226490020752,0
ann,4,SR386_40X_HE_T100_01,0,0.5088685750961304,1
ann,4,SR386_40X_HE_T107_01,0,0.3510344922542572,0
ann,4,SR386_40X_HE_T109_01,1,0.47141680121421814,0
ann,4,SR386_40X_HE_T110_01,0,0.40566062927246094,0
ann,4,SR386_40X_HE_T117_01,0,0.366566926240921,0
ann,4,SR386_40X_HE_T127_01,0,0.3673543632030487,0
ann,4,SR386_40X_HE_T129_01,0,0.29596519470214844,0
ann,4,SR386_40X_HE_T136_01,0,0.4218611419200897,0
ann,4,SR386_40X_HE_T154_01,0,0.3348848521709442,0
ann,4,SR386_40X_HE_T168_01,1,0.5285640954971313,1
ann,4,SR386_40X_HE_T175_01,0,0.3630312383174896,0
ann,4,SR386_40X_HE_T189_01,0,0.3600413501262665,0
ann,4,SR386_40X_HE_T195_01,0,0.31703928112983704,0
ann,4,SR386_40X_HE_T227_01,0,0.3692600131034851,0
ann,4,SR386_40X_HE_T233_01,0,0.43649062514305115,0
ann,4,SR386_40X_HE_T234_01,0,0.5512186884880066,1
ann,4,SR386_40X_HE_T235_01,0,0.4559234380722046,0
ann,4,SR386_40X_HE_T239_01,0,0.49629345536231995,0
ann,4,SR386_40X_HE_T245_01,0,0.36874961853027344,0
ann,4,SR386_40X_HE_T256_01,0,0.426725834608078,0
ann,4,SR386_40X_HE_T265_01,0,0.4448804557323456,0
ann,4,SR386_40X_HE_T268_01,0,0.4675099551677704,0
ann,4,SR386_40X_HE_T270_01,0,0.39607271552085876,0
ann,4,SR386_40X_HE_T272_01,0,0.5214934945106506,1
ann,4,SR386_40X_HE_T273_01,0,0.3764607608318329,0
ann,4,SR386_40X_HE_T276_01,0,0.49950283765792847,0
ann,4,SR386_40X_HE_T278_01,1,0.4518604576587677,0
ann,4,SR386_40X_HE_T284_01,0,0.3385774791240692,0
ann,4,SR386_40X_HE_T285_01,0,0.31718748807907104,0
ann,4,SR386_40X_HE_T288_01,0,0.376539409160614,0
ann,4,SR386_40X_HE_T291_01,0,0.43583106994628906,0
ann,4,SR386_40X_HE_T300_01,0,0.3485572338104248,0
ann,4,SR386_40X_HE_T302_01,0,0.399424284696579,0
ann,4,SR386_40X_HE_T305_01,0,0.39264750480651855,0
ann,4,SR386_40X_HE_T308_01,0,0.38136279582977295,0
ann,4,SR386_40X_HE_T325_01,0,0.4151518940925598,0
ann,4,SR386_40X_HE_T331_01,0,0.408291757106781,0
ann,4,SR386_40X_HE_T341_01,0,0.5431104302406311,1
ann,4,SR386_40X_HE_T343_01,1,0.46694618463516235,0
ann,4,SR386_40X_HE_T346_01,0,0.34863707423210144,0
ann,4,SR386_40X_HE_T352_01,0,0.4197584092617035,0
ann,4,SR386_40X_HE_T373_01,0,0.40948230028152466,0
ann,4,SR386_40X_HE_T375_01,0,0.43120113015174866,0
ann,4,SR386_40X_HE_T381_01,0,0.3301515579223633,0
ann,4,SR386_40X_HE_T389_01,0,0.4582327902317047,0
ann,4,SR386_40X_HE_T391_01,0,0.3642914295196533,0
ann,4,SR386_40X_HE_T394_01,0,0.3016539216041565,0
ann,4,SR386_40X_HE_T399_01,0,0.4236529469490051,0
ann,4,SR386_40X_HE_T403_01,0,0.394551157951355,0
ann,4,SR386_40X_HE_T405_01,0,0.43060043454170227,0
ann,4,SR386_40X_HE_T407_01,0,0.3417838513851166,0
ann,4,SR386_40X_HE_T414_01,0,0.31378135085105896,0
ann,4,SR386_40X_HE_T424_01,0,0.5494071245193481,1
ann,4,SR386_40X_HE_T429_01,0,0.4883629381656647,0
ann,4,SR386_40X_HE_T441_01,0,0.5692676305770874,1
ann,4,SR386_40X_HE_T451_01,0,0.3273486793041229,0
ann,4,SR386_40X_HE_T453_01,0,0.3477901220321655,0
ann,4,SR386_40X_HE_T455_01,0,0.4611957371234894,0
ann,4,SR386_40X_HE_T465_01,0,0.43158406019210815,0
ann,4,SR386_40X_HE_T474_01,0,0.4855829179286957,0
ann,4,SR386_40X_HE_T476_01,0,0.5088269114494324,1
ann,4,SR386_40X_HE_T479_01,0,0.4319950342178345,0
ann,4,SR386_40X_HE_T482_01,0,0.4214272201061249,0
ann,4,SR386_40X_HE_T487_01,0,0.38681483268737793,0
ann,4,SR386_40X_HE_T490_01,0,0.3747696876525879,0
ann,4,SR386_40X_HE_T494_01,0,0.41132181882858276,0
ann,4,SR386_40X_HE_T500_01,0,0.3580581545829773,0
ann,4,SR386_40X_HE_T510_01,0,0.511302649974823,1
ann,4,SR386_40X_HE_T524_01,0,0.5481376051902771,1
ann,4,SR386_40X_HE_T528_01,0,0.46745437383651733,0
ann,4,SR386_40X_HE_T532_01,0,0.3287270963191986,0
ann,4,SR386_40X_HE_T534_01,0,0.46486926078796387,0
ann,4,SR386_40X_HE_T536_01,0,0.32501259446144104,0
ann,4,SR386_40X_HE_T537_01,0,0.4061582088470459,0
ann,4,SR386_40X_HE_T541_01,0,0.3479342460632324,0
ann,4,SR386_40X_HE_T548_01,1,0.4895186424255371,0
ann,4,SR386_40X_HE_T550_01,0,0.5255017876625061,1
ann,4,SR386_40X_HE_T551_01,0,0.2897721529006958,0
ann,4,SR386_40X_HE_T557_01,0,0.3264128863811493,0
ann,4,SR386_40X_HE_T565_01,0,0.35622459650039673,0
ann,4,SR386_40X_HE_T567_01,0,0.40763920545578003,0
ann,4,SR386_40X_HE_T575_01,0,0.46025070548057556,0
ann,4,SR386_40X_HE_T576_01,0,0.4570532739162445,0
ann,4,SR386_40X_HE_T581_01,0,0.5647561550140381,1
knn,1,SR1482_40X_HE_T029_01,0,0.4,0
knn,1,SR1482_40X_HE_T029_02,0,0.4,0
knn,1,SR1482_40X_HE_T057_01,0,0.0,0
knn,1,SR1482_40X_HE_T063_01,1,0.4,0
knn,1,SR1482_40X_HE_T063_02,1,0.2,0
knn,1,SR1482_40X_HE_T065_01,0,0.0,0
knn,1,SR1482_40X_HE_T065_02,0,0.2,0
knn,1,SR1482_40X_HE_T066_01,0,0.2,0
knn,1,SR1482_40X_HE_T066_02,0,0.2,0
knn,1,SR1482_40X_HE_T068_01,0,0.0,0
knn,1,SR1482_40X_HE_T069_01,0,0.0,0
knn,1,SR1482_40X_HE_T069_02,0,0.2,0
knn,1,SR1482_40X_HE_T079_01,1,0.2,0
knn,1,SR1482_40X_HE_T079_02,1,0.4,0
knn,1,SR1482_40X_HE_T080_01,0,0.0,0
knn,1,SR1482_40X_HE_T080_02,0,0.2,0
knn,1,SR1482_40X_HE_T081_01,0,0.2,0
knn,1,SR1482_40X_HE_T081_02,0,0.2,0
knn,1,SR1482_40X_HE_T099_01,0,0.0,0
knn,1,SR1482_40X_HE_T116_01,0,0.0,0
knn,1,SR1482_40X_HE_T117_01,0,0.0,0
knn,1,SR1482_40X_HE_T117_02,0,0.2,0
knn,1,SR1482_40X_HE_T126_01,0,0.2,0
knn,1,SR1482_40X_HE_T129_01,0,0.2,0
knn,1,SR1482_40X_HE_T129_02,0,0.0,0
knn,1,SR1482_40X_HE_T139_01,0,0.0,0
knn,1,SR1482_40X_HE_T139_02,0,0.2,0
knn,1,SR1482_40X_HE_T147_01,0,0.6,1
knn,1,SR1482_40X_HE_T147_02,0,0.4,0
knn,1,SR1482_40X_HE_T159_01,0,0.2,0
knn,1,SR1482_40X_HE_T159_02,0,0.2,0
knn,1,SR1482_40X_HE_T192_01,0,0.2,0
knn,1,SR1482_40X_HE_T199_01,0,0.0,0
knn,1,SR1482_40X_HE_T304_01,0,0.0,0
knn,1,SR1482_40X_HE_T304_02,0,0.0,0
knn,1,SR1482_40X_HE_T310_01,1,0.2,0
knn,1,SR1482_40X_HE_T310_02,1,0.4,0
knn,1,SR1482_40X_HE_T341_01,0,0.0,0
knn,1,SR1482_40X_HE_T341_02,0,0.0,0
knn,1,SR1482_40X_HE_T353_01,0,0.0,0
knn,1,SR1482_40X_HE_T390_01,0,0.0,0
knn,1,SR1482_40X_HE_T433_01,1,0.2,0
knn,1,SR386_40X_HE_T003_01,0,0.0,0
knn,1,SR386_40X_HE_T004_01,0,0.2,0
knn,1,SR386_40X_HE_T022_01,1,0.0,0
knn,1,SR386_40X_HE_T030_01,0,0.2,0
knn,1,SR386_40X_HE_T033_01,0,0.2,0
knn,1,SR386_40X_HE_T036_01,0,0.0,0
knn,1,SR386_40X_HE_T038_01,0,0.0,0
knn,1,SR386_40X_HE_T049_01,0,0.0,0
knn,1,SR386_40X_HE_T050_01,0,0.2,0
knn,1,SR386_40X_HE_T060_01,0,0.6,1
knn,1,SR386_40X_HE_T063_01,0,0.0,0
knn,1,SR386_40X_HE_T066_01,0,0.2,0
knn,1,SR386_40X_HE_T069_01,0,0.0,0
knn,1,SR386_40X_HE_T072_01,0,0.0,0
knn,1,SR386_40X_HE_T074_01,0,0.2,0
knn,1,SR386_40X_HE_T078_01,0,0.0,0
knn,1,SR386_40X_HE_T079_01,0,0.0,0
knn,1,SR386_40X_HE_T092_01,1,0.0,0
knn,1,SR386_40X_HE_T096_01,0,0.0,0
knn,1,SR386_40X_HE_T099_01,0,0.2,0
knn,1,SR386_40X_HE_T103_01,0,0.0,0
knn,1,SR386_40X_HE_T108_01,0,0.0,0
knn,1,SR386_40X_HE_T113_01,0,0.0,0
knn,1,SR386_40X_HE_T114_01,0,0.0,0
knn,1,SR386_40X_HE_T119_01,0,0.0,0
knn,1,SR386_40X_HE_T126_01,0,0.0,0
knn,1,SR386_40X_HE_T130_01,0,0.0,0
knn,1,SR386_40X_HE_T131_01,0,0.0,0
knn,1,SR386_40X_HE_T135_01,0,0.4,0
knn,1,SR386_40X_HE_T140_01,0,0.0,0
knn,1,SR386_40X_HE_T144_01,0,0.0,0
knn,1,SR386_40X_HE_T147_01,0,0.0,0
knn,1,SR386_40X_HE_T148_01,0,0.0,0
knn,1,SR386_40X_HE_T160_01,0,0.0,0
knn,1,SR386_40X_HE_T169_01,0,0.2,0
knn,1,SR386_40X_HE_T170_01,1,0.2,0
knn,1,SR386_40X_HE_T172_01,0,0.2,0
knn,1,SR386_40X_HE_T174_01,0,0.0,0
knn,1,SR386_40X_HE_T181_01,0,0.0,0
knn,1,SR386_40X_HE_T196_01,0,0.0,0
knn,1,SR386_40X_HE_T205_01,0,0.2,0
knn,1,SR386_40X_HE_T209_01,0,0.0,0
knn,1,SR386_40X_HE_T210_01,0,0.8,1
knn,1,SR386_40X_HE_T212_01,0,0.4,0
knn,1,SR386_40X_HE_T221_01,0,0.0,0
knn,1,SR386_40X_HE_T224_01,0,0.0,0
knn,1,SR386_40X_HE_T231_01,1,0.0,0
knn,1,SR386_40X_HE_T232_01,0,0.0,0
knn,1,SR386_40X_HE_T247_01,0,0.2,0
knn,1,SR386_40X_HE_T252_01,0,0.0,0
knn,1,SR386_40X_HE_T255_01,0,0.0,0
knn,1,SR386_40X_HE_T259_01,1,0.0,0
knn,1,SR386_40X_HE_T274_01,0,0.0,0
knn,1,SR386_40X_HE_T275_01,0,0.2,0
knn,1,SR386_40X_HE_T282_01,0,0.0,0
knn,1,SR386_40X_HE_T294_01,0,0.4,0
knn,1,SR386_40X_HE_T311_01,0,0.2,0
knn,1,SR386_40X_HE_T315_01,0,0.2,0
knn,1,SR386_40X_HE_T319_01,1,0.2,0
knn,1,SR386_40X_HE_T324_01,1,0.0,0
knn,1,SR386_40X_HE_T330_01,0,0.0,0
knn,1,SR386_40X_HE_T333_01,0,0.0,0
knn,1,SR386_40X_HE_T335_01,0,0.0,0
knn,1,SR386_40X_HE_T337_01,0,0.0,0
knn,1,SR386_40X_HE_T344_01,0,0.0,0
knn,1,SR386_40X_HE_T347_01,0,0.0,0
knn,1,SR386_40X_HE_T350_01,0,0.0,0
knn,1,SR386_40X_HE_T351_01,0,0.0,0
knn,1,SR386_40X_HE_T360_01,0,0.0,0
knn,1,SR386_40X_HE_T361_01,0,0.2,0
knn,1,SR386_40X_HE_T366_01,0,0.0,0
knn,1,SR386_40X_HE_T377_01,1,0.0,0
knn,1,SR386_40X_HE_T384_01,0,0.0,0
knn,1,SR386_40X_HE_T395_01,0,0.0,0
knn,1,SR386_40X_HE_T396_01,0,0.0,0
knn,1,SR386_40X_HE_T401_01,0,0.0,0
knn,1,SR386_40X_HE_T408_01,0,0.0,0
knn,1,SR386_40X_HE_T410_01,0,0.2,0
knn,1,SR386_40X_HE_T413_01,0,0.2,0
knn,1,SR386_40X_HE_T416_01,0,0.0,0
knn,1,SR386_40X_HE_T418_01,0,0.0,0
knn,1,SR386_40X_HE_T419_01,0,0.0,0
knn,1,SR386_40X_HE_T421_01,0,0.0,0
knn,1,SR386_40X_HE_T423_01,0,0.2,0
knn,1,SR386_40X_HE_T428_01,0,0.0,0
knn,1,SR386_40X_HE_T430_01,0,0.0,0
knn,1,SR386_40X_HE_T431_01,0,0.2,0
knn,1,SR386_40X_HE_T435_01,0,0.0,0
knn,1,SR386_40X_HE_T438_01,0,0.2,0
knn,1,SR386_40X_HE_T439_01,0,0.6,1
knn,1,SR386_40X_HE_T447_01,0,0.0,0
knn,1,SR386_40X_HE_T449_01,0,0.0,0
knn,1,SR386_40X_HE_T454_01,0,0.0,0
knn,1,SR386_40X_HE_T456_01,0,0.0,0
knn,1,SR386_40X_HE_T461_01,0,0.0,0
knn,1,SR386_40X_HE_T462_01,0,0.0,0
knn,1,SR386_40X_HE_T468_01,0,0.0,0
knn,1,SR386_40X_HE_T469_01,1,0.0,0
knn,1,SR386_40X_HE_T470_01,0,0.0,0
knn,1,SR386_40X_HE_T471_01,0,0.2,0
knn,1,SR386_40X_HE_T477_01,0,0.2,0
knn,1,SR386_40X_HE_T480_01,0,0.0,0
knn,1,SR386_40X_HE_T484_01,0,0.0,0
knn,1,SR386_40X_HE_T495_01,0,0.0,0
knn,1,SR386_40X_HE_T496_01,0,0.0,0
knn,1,SR386_40X_HE_T498_01,0,0.2,0
knn,1,SR386_40X_HE_T504_01,0,0.0,0
knn,1,SR386_40X_HE_T511_01,0,0.0,0
knn,1,SR386_40X_HE_T517_01,0,0.2,0
knn,1,SR386_40X_HE_T523_01,0,0.0,0
knn,1,SR386_40X_HE_T529_01,0,0.0,0
knn,1,SR386_40X_HE_T542_01,0,0.0,0
knn,1,SR386_40X_HE_T569_01,0,0.2,0
knn,1,SR386_40X_HE_T582_01,0,0.0,0
knn,2,SR1482_40X_HE_T009_01,0,0.0,0
knn,2,SR1482_40X_HE_T009_02,0,0.2,0
knn,2,SR1482_40X_HE_T015_01,0,0.0,0
knn,2,SR1482_40X_HE_T021_01,0,0.2,0
knn,2,SR1482_40X_HE_T067_01,0,0.2,0
knn,2,SR1482_40X_HE_T075_01,0,0.0,0
knn,2,SR1482_40X_HE_T075_02,0,0.0,0
knn,2,SR1482_40X_HE_T098_01,0,0.4,0
knn,2,SR1482_40X_HE_T098_02,0,0.0,0
knn,2,SR1482_40X_HE_T102_01,0,0.0,0
knn,2,SR1482_40X_HE_T123_01,0,0.0,0
knn,2,SR1482_40X_HE_T142_01,0,0.0,0
knn,2,SR1482_40X_HE_T146_01,0,0.4,0
knn,2,SR1482_40X_HE_T148_01,0,0.2,0
knn,2,SR1482_40X_HE_T148_02,0,0.2,0
knn,2,SR1482_40X_HE_T154_01,0,0.0,0
knn,2,SR1482_40X_HE_T158_01,0,0.0,0
knn,2,SR1482_40X_HE_T161_01,0,0.2,0
knn,2,SR1482_40X_HE_T161_02,0,0.0,0
knn,2,SR1482_40X_HE_T164_01,1,0.0,0
knn,2,SR1482_40X_HE_T164_02,1,0.0,0
knn,2,SR1482_40X_HE_T168_01,0,0.0,0
knn,2,SR1482_40X_HE_T171_01,0,0.0,0
knn,2,SR1482_40X_HE_T171_02,0,0.2,0
knn,2,SR1482_40X_HE_T178_01,1,0.0,0
knn,2,SR1482_40X_HE_T186_01,0,0.0,0
knn,2,SR1482_40X_HE_T193_01,0,0.6,1
knn,2,SR1482_40X_HE_T193_02,0,0.2,0
knn,2,SR1482_40X_HE_T209_01,0,0.0,0
knn,2,SR1482_40X_HE_T209_02,0,0.0,0
knn,2,SR1482_40X_HE_T245_01,0,0.0,0
knn,2,SR1482_40X_HE_T245_02,0,0.4,0
knn,2,SR1482_40X_HE_T265_01,0,0.0,0
knn,2,SR1482_40X_HE_T302_01,0,0.0,0
knn,2,SR1482_40X_HE_T343_01,1,0.2,0
knn,2,SR1482_40X_HE_T343_02,1,0.2,0
knn,2,SR1482_40X_HE_T399_01,0,0.0,0
knn,2,SR1482_40X_HE_T399_02,0,0.0,0
knn,2,SR1482_40X_HE_T426_01,0,0.0,0
knn,2,SR1482_40X_HE_T426_02,0,0.2,0
knn,2,SR386_40X_HE_T001_01,0,0.0,0
knn,2,SR386_40X_HE_T013_01,0,0.2,0
knn,2,SR386_40X_HE_T018_01,0,0.0,0
knn,2,SR386_40X_HE_T019_01,0,0.2,0
knn,2,SR386_40X_HE_T024_01,0,0.0,0
knn,2,SR386_40X_HE_T039_01,0,0.0,0
knn,2,SR386_40X_HE_T040_01,1,0.2,0
knn,2,SR386_40X_HE_T042_01,0,0.0,0
knn,2,SR386_40X_HE_T047_01,0,0.0,0
knn,2,SR386_40X_HE_T051_01,0,0.0,0
knn,2,SR386_40X_HE_T052_01,0,0.0,0
knn,2,SR386_40X_HE_T056_01,0,0.0,0
knn,2,SR386_40X_HE_T057_01,0,0.0,0
knn,2,SR386_40X_HE_T070_01,0,0.0,0
knn,2,SR386_40X_HE_T082_01,0,0.0,0
knn,2,SR386_40X_HE_T084_01,0,0.2,0
knn,2,SR386_40X_HE_T087_01,0,0.0,0
knn,2,SR386_40X_HE_T088_01,0,0.0,0
knn,2,SR386_40X_HE_T098_01,0,0.2,0
knn,2,SR386_40X_HE_T105_01,0,0.0,0
knn,2,SR386_40X_HE_T122_01,0,0.0,0
knn,2,SR386_40X_HE_T123_01,0,0.2,0
knn,2,SR386_40X_HE_T133_01,0,0.0,0
knn,2,SR386_40X_HE_T145_01,0,0.0,0
knn,2,SR386_40X_HE_T150_01,0,0.2,0
knn,2,SR386_40X_HE_T152_01,0,0.0,0
knn,2,SR386_40X_HE_T155_01,0,0.0,0
knn,2,SR386_40X_HE_T157_01,0,0.0,0
knn,2,SR386_40X_HE_T164_01,0,0.0,0
knn,2,SR386_40X_HE_T166_01,0,0.0,0
knn,2,SR386_40X_HE_T176_01,1,0.2,0
knn,2,SR386_40X_HE_T177_01,0,0.0,0
knn,2,SR386_40X_HE_T178_01,0,0.0,0
knn,2,SR386_40X_HE_T187_01,0,0.0,0
knn,2,SR386_40X_HE_T190_01,0,0.0,0
knn,2,SR386_40X_HE_T192_01,0,0.0,0
knn,2,SR386_40X_HE_T198_01,0,0.0,0
knn,2,SR386_40X_HE_T200_01,0,0.0,0
knn,2,SR386_40X_HE_T206_01,1,0.2,0
knn,2,SR386_40X_HE_T211_01,0,0.0,0
knn,2,SR386_40X_HE_T213_01,0,0.0,0
knn,2,SR386_40X_HE_T214_01,0,0.0,0
knn,2,SR386_40X_HE_T220_01,0,0.0,0
knn,2,SR386_40X_HE_T230_01,1,0.2,0
knn,2,SR386_40X_HE_T236_01,0,0.0,0
knn,2,SR386_40X_HE_T237_01,0,0.0,0
knn,2,SR386_40X_HE_T240_01,0,0.0,0
knn,2,SR386_40X_HE_T241_01,0,0.0,0
knn,2,SR386_40X_HE_T242_01,0,0.0,0
knn,2,SR386_40X_HE_T253_01,0,0.0,0
knn,2,SR386_40X_HE_T260_01,0,0.2,0
knn,2,SR386_40X_HE_T262_01,0,0.0,0
knn,2,SR386_40X_HE_T264_01,0,0.2,0
knn,2,SR386_40X_HE_T271_01,0,0.2,0
knn,2,SR386_40X_HE_T281_01,0,0.2,0
knn,2,SR386_40X_HE_T297_01,0,0.0,0
knn,2,SR386_40X_HE_T299_01,0,0.0,0
knn,2,SR386_40X_HE_T301_01,0,0.0,0
knn,2,SR386_40X_HE_T306_01,0,0.0,0
knn,2,SR386_40X_HE_T309_01,0,0.0,0
knn,2,SR386_40X_HE_T314_01,0,0.0,0
knn,2,SR386_40X_HE_T316_01,0,0.2,0
knn,2,SR386_40X_HE_T318_01,0,0.0,0
knn,2,SR386_40X_HE_T321_01,0,0.0,0
knn,2,SR386_40X_HE_T326_01,0,0.0,0
knn,2,SR386_40X_HE_T327_01,0,0.0,0
knn,2,SR386_40X_HE_T332_01,1,0.0,0
knn,2,SR386_40X_HE_T355_01,0,0.0,0
knn,2,SR386_40X_HE_T364_01,0,0.0,0
knn,2,SR386_40X_HE_T368_01,1,0.0,0
knn,2,SR386_40X_HE_T374_01,0,0.0,0
knn,2,SR386_40X_HE_T380_01,0,0.0,0
knn,2,SR386_40X_HE_T382_01,0,0.0,0
knn,2,SR386_40X_HE_T392_01,0,0.0,0
knn,2,SR386_40X_HE_T398_01,0,0.2,0
knn,2,SR386_40X_HE_T402_01,1,0.0,0
knn,2,SR386_40X_HE_T404_01,0,0.0,0
knn,2,SR386_40X_HE_T415_01,0,0.0,0
knn,2,SR386_40X_HE_T417_01,0,0.2,0
knn,2,SR386_40X_HE_T425_01,0,0.2,0
knn,2,SR386_40X_HE_T436_01,1,0.2,0
knn,2,SR386_40X_HE_T437_01,0,0.2,0
knn,2,SR386_40X_HE_T440_01,0,0.0,0
knn,2,SR386_40X_HE_T445_01,0,0.0,0
knn,2,SR386_40X_HE_T450_01,0,0.0,0
knn,2,SR386_40X_HE_T459_01,0,0.0,0
knn,2,SR386_40X_HE_T472_01,0,0.0,0
knn,2,SR386_40X_HE_T481_01,0,0.0,0
knn,2,SR386_40X_HE_T483_01,0,0.0,0
knn,2,SR386_40X_HE_T486_01,0,0.4,0
knn,2,SR386_40X_HE_T488_01,0,0.2,0
knn,2,SR386_40X_HE_T499_01,0,0.2,0
knn,2,SR386_40X_HE_T507_01,0,0.2,0
knn,2,SR386_40X_HE_T514_01,0,0.0,0
knn,2,SR386_40X_HE_T520_01,1,0.0,0
knn,2,SR386_40X_HE_T522_01,0,0.0,0
knn,2,SR386_40X_HE_T531_01,0,0.2,0
knn,2,SR386_40X_HE_T535_01,0,0.0,0
knn,2,SR386_40X_HE_T539_01,0,0.0,0
knn,2,SR386_40X_HE_T549_01,0,0.0,0
knn,2,SR386_40X_HE_T552_01,0,0.0,0
knn,2,SR386_40X_HE_T553_01,0,0.2,0
knn,2,SR386_40X_HE_T554_01,0,0.2,0
knn,2,SR386_40X_HE_T558_01,0,0.0,0
knn,2,SR386_40X_HE_T564_01,0,0.0,0
knn,2,SR386_40X_HE_T570_01,0,0.2,0
knn,2,SR386_40X_HE_T574_01,0,0.0,0
knn,2,SR386_40X_HE_T578_01,0,0.0,0
knn,2,SR386_40X_HE_T580_01,0,0.0,0
knn,3,SR1482_40X_HE_T005_01,0,0.0,0
knn,3,SR1482_40X_HE_T005_02,0,0.0,0
knn,3,SR1482_40X_HE_T010_01,0,0.0,0
knn,3,SR1482_40X_HE_T043_01,0,0.6666666666666666,1
knn,3,SR1482_40X_HE_T043_02,0,0.0,0
knn,3,SR1482_40X_HE_T049_01,0,0.0,0
knn,3,SR1482_40X_HE_T061_01,0,0.0,0
knn,3,SR1482_40X_HE_T061_02,0,0.0,0
knn,3,SR1482_40X_HE_T070_01,1,0.0,0
knn,3,SR1482_40X_HE_T073_01,0,0.0,0
knn,3,SR1482_40X_HE_T082_01,0,0.0,0
knn,3,SR1482_40X_HE_T082_02,0,0.0,0
knn,3,SR1482_40X_HE_T089_01,0,0.0,0
knn,3,SR1482_40X_HE_T090_01,0,0.0,0
knn,3,SR1482_40X_HE_T094_01,1,0.0,0
knn,3,SR1482_40X_HE_T094_02,1,0.0,0
knn,3,SR1482_40X_HE_T105_01,0,0.0,0
knn,3,SR1482_40X_HE_T115_01,0,0.0,0
knn,3,SR1482_40X_HE_T115_02,0,0.0,0
knn,3,SR1482_40X_HE_T118_01,0,0.6666666666666666,1
knn,3,SR1482_40X_HE_T118_02,0,0.3333333333333333,0
knn,3,SR1482_40X_HE_T120_01,0,0.3333333333333333,0
knn,3,SR1482_40X_HE_T120_02,0,0.0,0
knn,3,SR1482_40X_HE_T124_01,0,0.6666666666666666,1
knn,3,SR1482_40X_HE_T124_02,0,0.6666666666666666,1
knn,3,SR1482_40X_HE_T138_01,0,0.0,0
knn,3,SR1482_40X_HE_T160_01,0,0.0,0
knn,3,SR1482_40X_HE_T160_02,0,0.0,0
knn,3,SR1482_40X_HE_T167_01,0,0.3333333333333333,0
knn,3,SR1482_40X_HE_T167_02,0,0.0,0
knn,3,SR1482_40X_HE_T175_01,0,0.6666666666666666,1
knn,3,SR1482_40X_HE_T175_02,0,0.0,0
knn,3,SR1482_40X_HE_T177_01,1,0.0,0
knn,3,SR1482_40X_HE_T188_01,0,0.3333333333333333,0
knn,3,SR1482_40X_HE_T195_01,0,0.3333333333333333,0
knn,3,SR1482_40X_HE_T195_02,0,0.0,0
knn,3,SR1482_40X_HE_T202_01,0,0.3333333333333333,0
knn,3,SR1482_40X_HE_T202_02,0,0.0,0
knn,3,SR1482_40X_HE_T225_01,0,0.3333333333333333,0
knn,3,SR1482_40X_HE_T225_02,0,0.0,0
knn,3,SR1482_40X_HE_T235_01,0,0.3333333333333333,0
knn,3,SR1482_40X_HE_T235_02,0,0.0,0
knn,3,SR1482_40X_HE_T236_01,0,0.0,0
knn,3,SR1482_40X_HE_T236_02,0,0.0,0
knn,3,SR1482_40X_HE_T258_01,0,0.3333333333333333,0
knn,3,SR1482_40X_HE_T258_02,0,0.6666666666666666,1
knn,3,SR1482_40X_HE_T284_01,1,0.6666666666666666,1
knn,3,SR1482_40X_HE_T284_02,1,0.3333333333333333,0
knn,3,SR1482_40X_HE_T301_01,1,0.0,0
knn,3,SR1482_40X_HE_T301_02,1,0.3333333333333333,0
knn,3,SR1482_40X_HE_T309_01,0,0.0,0
knn,3,SR1482_40X_HE_T313_01,0,0.0,0
knn,3,SR1482_40X_HE_T313_02,0,0.3333333333333333,0
knn,3,SR1482_40X_HE_T338_01,0,0.3333333333333333,0
knn,3,SR1482_40X_HE_T344_01,0,0.0,0
knn,3,SR1482_40X_HE_T344_02,0,0.3333333333333333,0
knn,3,SR1482_40X_HE_T346_01,0,0.3333333333333333,0
knn,3,SR1482_40X_HE_T346_02,0,0.3333333333333333,0
knn,3,SR1482_40X_HE_T377_01,0,0.0,0
knn,3,SR1482_40X_HE_T377_02,0,0.0,0
knn,3,SR1482_40X_HE_T419_01,0,0.0,0
knn,3,SR1482_40X_HE_T427_01,0,0.0,0
knn,3,SR1482_40X_HE_T427_02,0,0.0,0
knn,3,SR386_40X_HE_T007_01,0,0.0,0
knn,3,SR386_40X_HE_T015_01,0,0.3333333333333333,0
knn,3,SR386_40X_HE_T017_01,1,0.0,0
knn,3,SR386_40X_HE_T032_01,0,0.0,0
knn,3,SR386_40X_HE_T034_01,0,0.0,0
knn,3,SR386_40X_HE_T035_01,0,0.0,0
knn,3,SR386_40X_HE_T041_01,0,0.3333333333333333,0
knn,3,SR386_40X_HE_T067_01,0,0.0,0
knn,3,SR386_40X_HE_T075_01,0,0.0,0
knn,3,SR386_40X_HE_T081_01,0,0.0,0
knn,3,SR386_40X_HE_T083_01,0,0.3333333333333333,0
knn,3,SR386_40X_HE_T085_01,0,0.0,0
knn,3,SR386_40X_HE_T095_01,0,0.0,0
knn,3,SR386_40X_HE_T104_01,0,0.0,0
knn,3,SR386_40X_HE_T106_01,0,0.0,0
knn,3,SR386_40X_HE_T112_01,0,0.0,0
knn,3,SR386_40X_HE_T128_01,0,0.0,0
knn,3,SR386_40X_HE_T132_01,0,0.0,0
knn,3,SR386_40X_HE_T138_01,0,0.3333333333333333,0
knn,3,SR386_40X_HE_T142_01,0,0.0,0
knn,3,SR386_40X_HE_T149_01,0,0.3333333333333333,0
knn,3,SR386_40X_HE_T165_01,1,0.0,0
knn,3,SR386_40X_HE_T179_01,0,0.0,0
knn,3,SR386_40X_HE_T180_01,0,0.0,0
knn,3,SR386_40X_HE_T182_01,0,0.0,0
knn,3,SR386_40X_HE_T184_01,0,0.0,0
knn,3,SR386_40X_HE_T188_01,0,0.0,0
knn,3,SR386_40X_HE_T191_01,0,0.0,0
knn,3,SR386_40X_HE_T197_01,0,0.0,0
knn,3,SR386_40X_HE_T201_01,0,0.0,0
knn,3,SR386_40X_HE_T202_01,0,0.0,0
knn,3,SR386_40X_HE_T208_01,0,0.0,0
knn,3,SR386_40X_HE_T216_01,1,0.0,0
knn,3,SR386_40X_HE_T238_01,0,0.0,0
knn,3,SR386_40X_HE_T244_01,0,0.0,0
knn,3,SR386_40X_HE_T248_01,0,0.0,0
knn,3,SR386_40X_HE_T249_01,0,0.0,0
knn,3,SR386_40X_HE_T250_01,0,0.0,0
knn,3,SR386_40X_HE_T263_01,0,0.0,0
knn,3,SR386_40X_HE_T267_01,0,0.6666666666666666,1
knn,3,SR386_40X_HE_T269_01,0,0.0,0
knn,3,SR386_40X_HE_T277_01,0,0.0,0
knn,3,SR386_40X_HE_T286_01,0,0.0,0
knn,3,SR386_40X_HE_T287_01,0,0.0,0
knn,3,SR386_40X_HE_T290_01,0,0.0,0
knn,3,SR386_40X_HE_T293_01,0,0.0,0
knn,3,SR386_40X_HE_T298_01,0,0.0,0
knn,3,SR386_40X_HE_T303_01,0,0.0,0
knn,3,SR386_40X_HE_T312_01,0,0.0,0
knn,3,SR386_40X_HE_T329_01,0,0.3333333333333333,0
knn,3,SR386_40X_HE_T336_01,0,0.0,0
knn,3,SR386_40X_HE_T338_01,0,0.0,0
knn,3,SR386_40X_HE_T342_01,0,0.0,0
knn,3,SR386_40X_HE_T353_01,0,0.0,0
knn,3,SR386_40X_HE_T357_01,0,0.0,0
knn,3,SR386_40X_HE_T362_01,0,0.0,0
knn,3,SR386_40X_HE_T363_01,1,0.0,0
knn,3,SR386_40X_HE_T372_01,0,0.3333333333333333,0
knn,3,SR386_40X_HE_T378_01,0,0.0,0
knn,3,SR386_40X_HE_T379_01,0,0.0,0
knn,3,SR386_40X_HE_T386_01,0,0.0,0
knn,3,SR386_40X_HE_T387_01,0,0.0,0
knn,3,SR386_40X_HE_T393_01,0,0.0,0
knn,3,SR386_40X_HE_T397_01,0,0.0,0
knn,3,SR386_40X_HE_T406_01,0,0.0,0
knn,3,SR386_40X_HE_T409_01,0,0.0,0
knn,3,SR386_40X_HE_T422_01,0,0.0,0
knn,3,SR386_40X_HE_T426_01,0,0.0,0
knn,3,SR386_40X_HE_T433_01,0,0.0,0
knn,3,SR386_40X_HE_T443_01,0,0.0,0
knn,3,SR386_40X_HE_T448_01,0,0.3333333333333333,0
knn,3,SR386_40X_HE_T452_01,0,0.0,0
knn,3,SR386_40X_HE_T460_01,1,0.3333333333333333,0
knn,3,SR386_40X_HE_T473_01,0,0.0,0
knn,3,SR386_40X_HE_T475_01,0,0.0,0
knn,3,SR386_40X_HE_T478_01,0,0.0,0
knn,3,SR386_40X_HE_T489_01,1,0.0,0
knn,3,SR386_40X_HE_T491_01,0,0.0,0
knn,3,SR386_40X_HE_T492_01,0,0.0,0
knn,3,SR386_40X_HE_T493_01,0,0.0,0
knn,3,SR386_40X_HE_T502_01,0,0.0,0
knn,3,SR386_40X_HE_T505_01,0,0.0,0
knn,3,SR386_40X_HE_T506_01,0,0.3333333333333333,0
knn,3,SR386_40X_HE_T509_01,0,0.3333333333333333,0
knn,3,SR386_40X_HE_T516_01,0,0.0,0
knn,3,SR386_40X_HE_T518_01,0,0.0,0
knn,3,SR386_40X_HE_T519_01,0,0.0,0
knn,3,SR386_40X_HE_T521_01,0,0.0,0
knn,3,SR386_40X_HE_T526_01,0,0.0,0
knn,3,SR386_40X_HE_T533_01,0,0.0,0
knn,3,SR386_40X_HE_T543_01,0,0.0,0
knn,3,SR386_40X_HE_T544_01,0,0.0,0
knn,3,SR386_40X_HE_T556_01,1,0.0,0
knn,3,SR386_40X_HE_T560_01,0,0.0,0
knn,3,SR386_40X_HE_T563_01,0,0.0,0
knn,3,SR386_40X_HE_T568_01,0,0.0,0
knn,3,SR386_40X_HE_T571_01,0,0.3333333333333333,0
knn,3,SR386_40X_HE_T572_01,0,0.0,0
knn,3,SR386_40X_HE_T573_01,0,0.0,0
knn,3,SR386_40X_HE_T583_01,0,0.0,0
knn,4,SR1482_40X_HE_T002_01,0,0.0,0
knn,4,SR1482_40X_HE_T003_01,0,0.0,0
knn,4,SR1482_40X_HE_T004_01,0,0.2938510687787261,0
knn,4,SR1482_40X_HE_T004_02,0,0.19593428999772583,0
knn,4,SR1482_40X_HE_T011_01,0,0.0,0
knn,4,SR1482_40X_HE_T025_01,0,0.0,0
knn,4,SR1482_40X_HE_T025_02,0,0.0,0
knn,4,SR1482_40X_HE_T060_01,0,0.19134995594675583,0
knn,4,SR1482_40X_HE_T062_01,0,0.0,0
knn,4,SR1482_40X_HE_T062_02,0,0.39700816999477695,0
knn,4,SR1482_40X_HE_T064_01,0,0.10363320831774309,0
knn,4,SR1482_40X_HE_T064_02,0,0.2900516641583541,0
knn,4,SR1482_40X_HE_T071_01,0,0.11472068675557505,0
knn,4,SR1482_40X_HE_T071_02,0,0.19539815003210712,0
knn,4,SR1482_40X_HE_T074_01,0,0.10584754275525969,0
knn,4,SR1482_40X_HE_T074_02,0,0.10962462442953183,0
knn,4,SR1482_40X_HE_T083_01,0,0.30479635813097217,0
knn,4,SR1482_40X_HE_T083_02,0,0.1987775480070152,0
knn,4,SR1482_40X_HE_T087_01,0,0.0,0
knn,4,SR1482_40X_HE_T097_01,1,0.29420758582291895,0
knn,4,SR1482_40X_HE_T097_02,1,0.19101892516820793,0
knn,4,SR1482_40X_HE_T108_01,0,0.0,0
knn,4,SR1482_40X_HE_T113_01,0,0.22441600323550737,0
knn,4,SR1482_40X_HE_T113_02,0,0.1086113145876546,0
knn,4,SR1482_40X_HE_T121_01,0,0.0,0
knn,4,SR1482_40X_HE_T122_01,0,0.0,0
knn,4,SR1482_40X_HE_T125_01,0,0.0,0
knn,4,SR1482_40X_HE_T125_02,0,0.20785079838835896,0
knn,4,SR1482_40X_HE_T131_01,0,0.20198170322100104,0
knn,4,SR1482_40X_HE_T131_02,0,0.09514914280164682,0
knn,4,SR1482_40X_HE_T132_01,0,0.19685302415083097,0
knn,4,SR1482_40X_HE_T132_02,0,0.10326616425990763,0
knn,4,SR1482_40X_HE_T143_01,0,0.1954732444661305,0
knn,4,SR1482_40X_HE_T143_02,0,0.10572197996408061,0
knn,4,SR1482_40X_HE_T166_01,1,0.0,0
knn,4,SR1482_40X_HE_T169_01,0,0.10605013014666194,0
knn,4,SR1482_40X_HE_T176_01,1,0.20939836087043492,0
knn,4,SR1482_40X_HE_T176_02,1,0.3001569633166614,0
knn,4,SR1482_40X_HE_T191_01,0,0.0,0
knn,4,SR1482_40X_HE_T194_01,0,0.49310100925884004,0
knn,4,SR1482_40X_HE_T218_01,0,0.0,0
knn,4,SR1482_40X_HE_T253_01,0,0.0,0
knn,4,SR1482_40X_HE_T290_01,0,0.0,0
knn,4,SR1482_40X_HE_T308_01,0,0.6134906867165519,1
knn,4,SR1482_40X_HE_T314_01,0,0.3052594831401871,0
knn,4,SR1482_40X_HE_T314_02,0,0.47899568619121136,0
knn,4,SR1482_40X_HE_T372_01,1,0.4193027150697768,0
knn,4,SR1482_40X_HE_T372_02,1,0.0,0
knn,4,SR1482_40X_HE_T408_01,0,0.10082621133352354,0
knn,4,SR1482_40X_HE_T412_01,0,0.0,0
knn,4,SR1482_40X_HE_T425_01,0,0.0,0
knn,4,SR1482_40X_HE_T434_01,1,0.09777276571445107,0
knn,4,SR386_40X_HE_T006_01,0,0.0,0
knn,4,SR386_40X_HE_T010_01,0,0.0,0
knn,4,SR386_40X_HE_T014_01,0,0.0,0
knn,4,SR386_40X_HE_T016_01,0,0.0,0
knn,4,SR386_40X_HE_T020_01,0,0.0,0
knn,4,SR386_40X_HE_T027_01,0,0.0,0
knn,4,SR386_40X_HE_T028_01,0,0.10906136756421764,0
knn,4,SR386_40X_HE_T037_01,0,0.0,0
knn,4,SR386_40X_HE_T043_01,0,0.0,0
knn,4,SR386_40X_HE_T044_01,1,0.21287018309809136,0
knn,4,SR386_40X_HE_T046_01,0,0.09684213954226094,0
knn,4,SR386_40X_HE_T058_01,0,0.0,0
knn,4,SR386_40X_HE_T062_01,0,0.0,0
knn,4,SR386_40X_HE_T065_01,1,0.0,0
knn,4,SR386_40X_HE_T080_01,0,0.0,0
knn,4,SR386_40X_HE_T091_01,0,0.0,0
knn,4,SR386_40X_HE_T094_01,0,0.0,0
knn,4,SR386_40X_HE_T097_01,0,0.0,0
knn,4,SR386_40X_HE_T100_01,0,0.09759997565271449,0
knn,4,SR386_40X_HE_T107_01,0,0.09549140108926694,0
knn,4,SR386_40X_HE_T109_01,1,0.10744076102825639,0
knn,4,SR386_40X_HE_T110_01,0,0.0,0
knn,4,SR386_40X_HE_T117_01,0,0.0,0
knn,4,SR386_40X_HE_T127_01,0,0.0,0
knn,4,SR386_40X_HE_T129_01,0,0.0,0
knn,4,SR386_40X_HE_T136_01,0,0.0,0
knn,4,SR386_40X_HE_T154_01,0,0.0,0
knn,4,SR386_40X_HE_T168_01,1,0.1947102417867549,0
knn,4,SR386_40X_HE_T175_01,0,0.09479004330125301,0
knn,4,SR386_40X_HE_T189_01,0,0.0,0
knn,4,SR386_40X_HE_T195_01,0,0.0,0
knn,4,SR386_40X_HE_T227_01,0,0.0,0
knn,4,SR386_40X_HE_T233_01,0,0.09717612610674148,0
knn,4,SR386_40X_HE_T234_01,0,0.20548965700533348,0
knn,4,SR386_40X_HE_T235_01,0,0.0,0
knn,4,SR386_40X_HE_T239_01,0,0.0983771479295749,0
knn,4,SR386_40X_HE_T245_01,0,0.0,0
knn,4,SR386_40X_HE_T256_01,0,0.09689063364378338,0
knn,4,SR386_40X_HE_T265_01,0,0.0,0
knn,4,SR386_40X_HE_T268_01,0,0.0,0
knn,4,SR386_40X_HE_T270_01,0,0.0,0
knn,4,SR386_40X_HE_T272_01,0,0.09727733150527654,0
knn,4,SR386_40X_HE_T273_01,0,0.0,0
knn,4,SR386_40X_HE_T276_01,0,0.10915432555099587,0
knn,4,SR386_40X_HE_T278_01,1,0.0,0
knn,4,SR386_40X_HE_T284_01,0,0.0,0
knn,4,SR386_40X_HE_T285_01,0,0.0,0
knn,4,SR386_40X_HE_T288_01,0,0.0,0
knn,4,SR386_40X_HE_T291_01,0,0.19241453631526836,0
knn,4,SR386_40X_HE_T300_01,0,0.0,0
knn,4,SR386_40X_HE_T302_01,0,0.0,0
knn,4,SR386_40X_HE_T305_01,0,0.0,0
knn,4,SR386_40X_HE_T308_01,0,0.09979084724912098,0
knn,4,SR386_40X_HE_T325_01,0,0.0,0
knn,4,SR386_40X_HE_T331_01,0,0.10933212393889946,0
knn,4,SR386_40X_HE_T341_01,0,0.09418887847119281,0
knn,4,SR386_40X_HE_T343_01,1,0.0,0
knn,4,SR386_40X_HE_T346_01,0,0.09778568973283122,0
knn,4,SR386_40X_HE_T352_01,0,0.0,0
knn,4,SR386_40X_HE_T373_01,0,0.0,0
knn,4,SR386_40X_HE_T375_01,0,0.10120529352328424,0
knn,4,SR386_40X_HE_T381_01,0,0.0996754581838702,0
knn,4,SR386_40X_HE_T389_01,0,0.09333993063620975,0
knn,4,SR386_40X_HE_T391_01,0,0.0,0
knn,4,SR386_40X_HE_T394_01,0,0.0,0
knn,4,SR386_40X_HE_T399_01,0,0.1039730320511899,0
knn,4,SR386_40X_HE_T403_01,0,0.0,0
knn,4,SR386_40X_HE_T405_01,0,0.09631187494446262,0
knn,4,SR386_40X_HE_T407_01,0,0.0,0
knn,4,SR386_40X_HE_T414_01,0,0.0,0
knn,4,SR386_40X_HE_T424_01,0,0.1987841519500788,0
knn,4,SR386_40X_HE_T429_01,0,0.08689858706395055,0
knn,4,SR386_40X_HE_T441_01,0,0.19794030278025507,0
knn,4,SR386_40X_HE_T451_01,0,0.0,0
knn,4,SR386_40X_HE_T453_01,0,0.0,0
knn,4,SR386_40X_HE_T455_01,0,0.10642027773942431,0
knn,4,SR386_40X_HE_T465_01,0,0.09793351357748963,0
knn,4,SR386_40X_HE_T474_01,0,0.09443287812461611,0
knn,4,SR386_40X_HE_T476_01,0,0.20063545036886085,0
knn,4,SR386_40X_HE_T479_01,0,0.0,0
knn,4,SR386_40X_HE_T482_01,0,0.2061676238281962,0
knn,4,SR386_40X_HE_T487_01,0,0.0,0
knn,4,SR386_40X_HE_T490_01,0,0.0,0
knn,4,SR386_40X_HE_T494_01,0,0.09822085652103067,0
knn,4,SR386_40X_HE_T500_01,0,0.0,0
knn,4,SR386_40X_HE_T510_01,0,0.19605262647556781,0
knn,4,SR386_40X_HE_T524_01,0,0.10779414706360525,0
knn,4,SR386_40X_HE_T528_01,0,0.1103928656465201,0
knn,4,SR386_40X_HE_T532_01,0,0.0,0
knn,4,SR386_40X_HE_T534_01,0,0.0,0
knn,4,SR386_40X_HE_T536_01,0,0.0,0
knn,4,SR386_40X_HE_T537_01,0,0.09580930087978257,0
knn,4,SR386_40X_HE_T541_01,0,0.0,0
knn,4,SR386_40X_HE_T548_01,1,0.0,0
knn,4,SR386_40X_HE_T550_01,0,0.10455953221011415,0
knn,4,SR386_40X_HE_T551_01,0,0.0,0
knn,4,SR386_40X_HE_T557_01,0,0.0,0
knn,4,SR386_40X_HE_T565_01,0,0.0,0
knn,4,SR386_40X_HE_T567_01,0,0.0,0
knn,4,SR386_40X_HE_T575_01,0,0.2143484266063167,0
knn,4,SR386_40X_HE_T576_01,0,0.0,0
knn,4,SR386_40X_HE_T581_01,0,0.3859832364257021,0
proto,1,SR1482_40X_HE_T029_01,0,0.5064771175384521,1
proto,1,SR1482_40X_HE_T029_02,0,0.5051984786987305,1
proto,1,SR1482_40X_HE_T057_01,0,0.4975239038467407,0
proto,1,SR1482_40X_HE_T063_01,1,0.517316997051239,1
proto,1,SR1482_40X_HE_T063_02,1,0.5150926113128662,1
proto,1,SR1482_40X_HE_T065_01,0,0.5033813714981079,1
proto,1,SR1482_40X_HE_T065_02,0,0.5046471357345581,1
proto,1,SR1482_40X_HE_T066_01,0,0.5018277168273926,1
proto,1,SR1482_40X_HE_T066_02,0,0.5161771774291992,1
proto,1,SR1482_40X_HE_T068_01,0,0.49865105748176575,0
proto,1,SR1482_40X_HE_T069_01,0,0.5145531892776489,1
proto,1,SR1482_40X_HE_T069_02,0,0.5038974285125732,1
proto,1,SR1482_40X_HE_T079_01,1,0.5151704549789429,1
proto,1,SR1482_40X_HE_T079_02,1,0.5156117677688599,1
proto,1,SR1482_40X_HE_T080_01,0,0.498559832572937,0
proto,1,SR1482_40X_HE_T080_02,0,0.5136224031448364,1
proto,1,SR1482_40X_HE_T081_01,0,0.5080370306968689,1
proto,1,SR1482_40X_HE_T081_02,0,0.5009198188781738,1
proto,1,SR1482_40X_HE_T099_01,0,0.498089075088501,0
proto,1,SR1482_40X_HE_T116_01,0,0.5056263208389282,1
proto,1,SR1482_40X_HE_T117_01,0,0.5054740905761719,1
proto,1,SR1482_40X_HE_T117_02,0,0.5036353468894958,1
proto,1,SR1482_40X_HE_T126_01,0,0.5048632025718689,1
proto,1,SR1482_40X_HE_T129_01,0,0.5007800459861755,1
proto,1,SR1482_40X_HE_T129_02,0,0.5140296220779419,1
proto,1,SR1482_40X_HE_T139_01,0,0.5071788430213928,1
proto,1,SR1482_40X_HE_T139_02,0,0.5069690346717834,1
proto,1,SR1482_40X_HE_T147_01,0,0.5071266293525696,1
proto,1,SR1482_40X_HE_T147_02,0,0.5169801115989685,1
proto,1,SR1482_40X_HE_T159_01,0,0.503759503364563,1
proto,1,SR1482_40X_HE_T159_02,0,0.5050100684165955,1
proto,1,SR1482_40X_HE_T192_01,0,0.5064041018486023,1
proto,1,SR1482_40X_HE_T199_01,0,0.5019772052764893,1
proto,1,SR1482_40X_HE_T304_01,0,0.5038942098617554,1
proto,1,SR1482_40X_HE_T304_02,0,0.5009264349937439,1
proto,1,SR1482_40X_HE_T310_01,1,0.5132572054862976,1
proto,1,SR1482_40X_HE_T310_02,1,0.5134533643722534,1
proto,1,SR1482_40X_HE_T341_01,0,0.49748289585113525,0
proto,1,SR1482_40X_HE_T341_02,0,0.5014819502830505,1
proto,1,SR1482_40X_HE_T353_01,0,0.49937233328819275,0
proto,1,SR1482_40X_HE_T390_01,0,0.49939119815826416,0
proto,1,SR1482_40X_HE_T433_01,1,0.5042741298675537,1
proto,1,SR386_40X_HE_T003_01,0,0.48919975757598877,0
proto,1,SR386_40X_HE_T004_01,0,0.4895993173122406,0
proto,1,SR386_40X_HE_T022_01,1,0.4908232092857361,0
proto,1,SR386_40X_HE_T030_01,0,0.49082043766975403,0
proto,1,SR386_40X_HE_T033_01,0,0.48930737376213074,0
proto,1,SR386_40X_HE_T036_01,0,0.49289003014564514,0
proto,1,SR386_40X_HE_T038_01,0,0.48872920870780945,0
proto,1,SR386_40X_HE_T049_01,0,0.4869212806224823,0
proto,1,SR386_40X_HE_T050_01,0,0.5116814374923706,1
proto,1,SR386_40X_HE_T060_01,0,0.5039066672325134,1
proto,1,SR386_40X_HE_T063_01,0,0.4893116354942322,0
proto,1,SR386_40X_HE_T066_01,0,0.48847711086273193,0
proto,1,SR386_40X_HE_T069_01,0,0.4891218841075897,0
proto,1,SR386_40X_HE_T072_01,0,0.488735556602478,0
proto,1,SR386_40X_HE_T074_01,0,0.4884500801563263,0
proto,1,SR386_40X_HE_T078_01,0,0.4910602569580078,0
proto,1,SR386_40X_HE_T079_01,0,0.4848301410675049,0
proto,1,SR386_40X_HE_T092_01,1,0.49045541882514954,0
proto,1,SR386_40X_HE_T096_01,0,0.4860837757587433,0
proto,1,SR386_40X_HE_T099_01,0,0.5009725689888,1
proto,1,SR386_40X_HE_T103_01,0,0.4919734597206116,0
proto,1,SR386_40X_HE_T108_01,0,0.490669310092926,0
proto,1,SR386_40X_HE_T113_01,0,0.49148085713386536,0
proto,1,SR386_40X_HE_T114_01,0,0.48913177847862244,0
proto,1,SR386_40X_HE_T119_01,0,0.48597341775894165,0
proto,1,SR386_40X_HE_T126_01,0,0.4899613559246063,0
proto,1,SR386_40X_HE_T130_01,0,0.4854658544063568,0
proto,1,SR386_40X_HE_T131_01,0,0.4889613687992096,0
proto,1,SR386_40X_HE_T135_01,0,0.4904046058654785,0
proto,1,SR386_40X_HE_T140_01,0,0.49045559763908386,0
proto,1,SR386_40X_HE_T144_01,0,0.4912501275539398,0
proto,1,SR386_40X_HE_T147_01,0,0.4911928176879883,0
proto,1,SR386_40X_HE_T148_01,0,0.489516943693161,0
proto,1,SR386_40X_HE_T160_01,0,0.48589447140693665,0
proto,1,SR386_40X_HE_T169_01,0,0.5028192400932312,1
proto,1,SR386_40X_HE_T170_01,1,0.4897531270980835,0
proto,1,SR386_40X_HE_T172_01,0,0.4897599220275879,0
proto,1,SR386_40X_HE_T174_01,0,0.4900416433811188,0
proto,1,SR386_40X_HE_T181_01,0,0.48862406611442566,0
proto,1,SR386_40X_HE_T196_01,0,0.48773035407066345,0
proto,1,SR386_40X_HE_T205_01,0,0.5068183541297913,1
proto,1,SR386_40X_HE_T209_01,0,0.48549410700798035,0
proto,1,SR386_40X_HE_T210_01,0,0.5048784613609314,1
proto,1,SR386_40X_HE_T212_01,0,0.5046733021736145,1
proto,1,SR386_40X_HE_T221_01,0,0.485405832529068,0
proto,1,SR386_40X_HE_T224_01,0,0.4890332818031311,0
proto,1,SR386_40X_HE_T231_01,1,0.5024366974830627,1
proto,1,SR386_40X_HE_T232_01,0,0.48680633306503296,0
proto,1,SR386_40X_HE_T247_01,0,0.5040122270584106,1
proto,1,SR386_40X_HE_T252_01,0,0.48569920659065247,0
proto,1,SR386_40X_HE_T255_01,0,0.5005685091018677,1
proto,1,SR386_40X_HE_T259_01,1,0.4919765889644623,0
proto,1,SR386_40X_HE_T274_01,0,0.4869828224182129,0
proto,1,SR386_40X_HE_T275_01,0,0.49076882004737854,0
proto,1,SR386_40X_HE_T282_01,0,0.48713788390159607,0
proto,1,SR386_40X_HE_T294_01,0,0.49088212847709656,0
proto,1,SR386_40X_HE_T311_01,0,0.48800769448280334,0
proto,1,SR386_40X_HE_T315_01,0,0.48930639028549194,0
proto,1,SR386_40X_HE_T319_01,1,0.48853886127471924,0
proto,1,SR386_40X_HE_T324_01,1,0.4914891719818115,0
proto,1,SR386_40X_HE_T330_01,0,0.48917967081069946,0
proto,1,SR386_40X_HE_T333_01,0,0.4883950352668762,0
proto,1,SR386_40X_HE_T335_01,0,0.4991477131843567,0
proto,1,SR386_40X_HE_T337_01,0,0.48955583572387695,0
proto,1,SR386_40X_HE_T344_01,0,0.49062860012054443,0
proto,1,SR386_40X_HE_T347_01,0,0.4874262511730194,0
proto,1,SR386_40X_HE_T350_01,0,0.48894158005714417,0
proto,1,SR386_40X_HE_T351_01,0,0.499519944190979,0
proto,1,SR386_40X_HE_T360_01,0,0.4890834391117096,0
proto,1,SR386_40X_HE_T361_01,0,0.4973560869693756,0
proto,1,SR386_40X_HE_T366_01,0,0.4864770770072937,0
proto,1,SR386_40X_HE_T377_01,1,0.49501681327819824,0
proto,1,SR386_40X_HE_T384_01,0,0.4850391149520874,0
proto,1,SR386_40X_HE_T395_01,0,0.4958740770816803,0
proto,1,SR386_40X_HE_T396_01,0,0.48512357473373413,0
proto,1,SR386_40X_HE_T401_01,0,0.4904167950153351,0
proto,1,SR386_40X_HE_T408_01,0,0.486664354801178,0
proto,1,SR386_40X_HE_T410_01,0,0.4882080554962158,0
proto,1,SR386_40X_HE_T413_01,0,0.4980250597000122,0
proto,1,SR386_40X_HE_T416_01,0,0.4983254373073578,0
proto,1,SR386_40X_HE_T418_01,0,0.48722612857818604,0
proto,1,SR386_40X_HE_T419_01,0,0.49490317702293396,0
proto,1,SR386_40X_HE_T421_01,0,0.5015912652015686,1
proto,1,SR386_40X_HE_T423_01,0,0.5025842189788818,1
proto,1,SR386_40X_HE_T428_01,0,0.49076804518699646,0
proto,1,SR386_40X_HE_T430_01,0,0.48862582445144653,0
proto,1,SR386_40X_HE_T431_01,0,0.4873017966747284,0
proto,1,SR386_40X_HE_T435_01,0,0.49578580260276794,0
proto,1,SR386_40X_HE_T438_01,0,0.4880583584308624,0
proto,1,SR386_40X_HE_T439_01,0,0.5075511336326599,1
proto,1,SR386_40X_HE_T447_01,0,0.48776230216026306,0
proto,1,SR386_40X_HE_T449_01,0,0.48665690422058105,0
proto,1,SR386_40X_HE_T454_01,0,0.4856483042240143,0
proto,1,SR386_40X_HE_T456_01,0,0.4881769120693207,0
proto,1,SR386_40X_HE_T461_01,0,0.4878941476345062,0
proto,1,SR386_40X_HE_T462_01,0,0.48798853158950806,0
proto,1,SR386_40X_HE_T468_01,0,0.4857259690761566,0
proto,1,SR386_40X_HE_T469_01,1,0.49746912717819214,0
proto,1,SR386_40X_HE_T470_01,0,0.4870558977127075,0
proto,1,SR386_40X_HE_T471_01,0,0.5047618746757507,1
proto,1,SR386_40X_HE_T477_01,0,0.49051183462142944,0
proto,1,SR386_40X_HE_T480_01,0,0.48847389221191406,0
proto,1,SR386_40X_HE_T484_01,0,0.48714086413383484,0
proto,1,SR386_40X_HE_T495_01,0,0.48468711972236633,0
proto,1,SR386_40X_HE_T496_01,0,0.4858000874519348,0
proto,1,SR386_40X_HE_T498_01,0,0.49070602655410767,0
proto,1,SR386_40X_HE_T504_01,0,0.48964253067970276,0
proto,1,SR386_40X_HE_T511_01,0,0.48872193694114685,0
proto,1,SR386_40X_HE_T517_01,0,0.49128851294517517,0
proto,1,SR386_40X_HE_T523_01,0,0.4900095462799072,0
proto,1,SR386_40X_HE_T529_01,0,0.4853042960166931,0
proto,1,SR386_40X_HE_T542_01,0,0.48619911074638367,0
proto,1,SR386_40X_HE_T569_01,0,0.49071550369262695,0
proto,1,SR386_40X_HE_T582_01,0,0.4881381690502167,0
proto,2,SR1482_40X_HE_T009_01,0,0.5056955218315125,1
proto,2,SR1482_40X_HE_T009_02,0,0.5083346962928772,1
proto,2,SR1482_40X_HE_T015_01,0,0.5015676021575928,1
proto,2,SR1482_40X_HE_T021_01,0,0.49982017278671265,0
proto,2,SR1482_40X_HE_T067_01,0,0.5062088370323181,1
proto,2,SR1482_40X_HE_T075_01,0,0.5054468512535095,1
proto,2,SR1482_40X_HE_T075_02,0,0.5056896209716797,1
proto,2,SR1482_40X_HE_T098_01,0,0.5071792006492615,1
proto,2,SR1482_40X_HE_T098_02,0,0.5051540732383728,1
proto,2,SR1482_40X_HE_T102_01,0,0.5030373334884644,1
proto,2,SR1482_40X_HE_T123_01,0,0.5010957717895508,1
proto,2,SR1482_40X_HE_T142_01,0,0.5003474354743958,1
proto,2,SR1482_40X_HE_T146_01,0,0.5137088298797607,1
proto,2,SR1482_40X_HE_T148_01,0,0.5080572366714478,1
proto,2,SR1482_40X_HE_T148_02,0,0.5039360523223877,1
proto,2,SR1482_40X_HE_T154_01,0,0.5030850768089294,1
proto,2,SR1482_40X_HE_T158_01,0,0.5017900466918945,1
proto,2,SR1482_40X_HE_T161_01,0,0.516251802444458,1
proto,2,SR1482_40X_HE_T161_02,0,0.5045409798622131,1
proto,2,SR1482_40X_HE_T164_01,1,0.5063022971153259,1
proto,2,SR1482_40X_HE_T164_02,1,0.5051817893981934,1
proto,2,SR1482_40X_HE_T168_01,0,0.5008608102798462,1
proto,2,SR1482_40X_HE_T171_01,0,0.5043652653694153,1
proto,2,SR1482_40X_HE_T171_02,0,0.5052570700645447,1
proto,2,SR1482_40X_HE_T178_01,1,0.5079300403594971,1
proto,2,SR1482_40X_HE_T186_01,0,0.5014856457710266,1
proto,2,SR1482_40X_HE_T193_01,0,0.514015257358551,1
proto,2,SR1482_40X_HE_T193_02,0,0.516992449760437,1
proto,2,SR1482_40X_HE_T209_01,0,0.5048133730888367,1
proto,2,SR1482_40X_HE_T209_02,0,0.5035713911056519,1
proto,2,SR1482_40X_HE_T245_01,0,0.5046693682670593,1
proto,2,SR1482_40X_HE_T245_02,0,0.5112537145614624,1
proto,2,SR1482_40X_HE_T265_01,0,0.49717065691947937,0
proto,2,SR1482_40X_HE_T302_01,0,0.5022324919700623,1
proto,2,SR1482_40X_HE_T343_01,1,0.5173524022102356,1
proto,2,SR1482_40X_HE_T343_02,1,0.5127682089805603,1
proto,2,SR1482_40X_HE_T399_01,0,0.508526086807251,1
proto,2,SR1482_40X_HE_T399_02,0,0.5057123899459839,1
proto,2,SR1482_40X_HE_T426_01,0,0.5045550465583801,1
proto,2,SR1482_40X_HE_T426_02,0,0.5051711201667786,1
proto,2,SR386_40X_HE_T001_01,0,0.4864566922187805,0
proto,2,SR386_40X_HE_T013_01,0,0.48853227496147156,0
proto,2,SR386_40X_HE_T018_01,0,0.4875204861164093,0
proto,2,SR386_40X_HE_T019_01,0,0.5030730366706848,1
proto,2,SR386_40X_HE_T024_01,0,0.4875829815864563,0
proto,2,SR386_40X_HE_T039_01,0,0.48346763849258423,0
proto,2,SR386_40X_HE_T040_01,1,0.48987066745758057,0
proto,2,SR386_40X_HE_T042_01,0,0.48982807993888855,0
proto,2,SR386_40X_HE_T047_01,0,0.4893525540828705,0
proto,2,SR386_40X_HE_T051_01,0,0.4843652844429016,0
proto,2,SR386_40X_HE_T052_01,0,0.4891984164714813,0
proto,2,SR386_40X_HE_T056_01,0,0.4855758845806122,0
proto,2,SR386_40X_HE_T057_01,0,0.487529456615448,0
proto,2,SR386_40X_HE_T070_01,0,0.4842764437198639,0
proto,2,SR386_40X_HE_T082_01,0,0.5033084750175476,1
proto,2,SR386_40X_HE_T084_01,0,0.5127795338630676,1
proto,2,SR386_40X_HE_T087_01,0,0.4906388521194458,0
proto,2,SR386_40X_HE_T088_01,0,0.4889695346355438,0
proto,2,SR386_40X_HE_T098_01,0,0.4883691668510437,0
proto,2,SR386_40X_HE_T105_01,0,0.4873041808605194,0
proto,2,SR386_40X_HE_T122_01,0,0.49025511741638184,0
proto,2,SR386_40X_HE_T123_01,0,0.4890401065349579,0
proto,2,SR386_40X_HE_T133_01,0,0.48680832982063293,0
proto,2,SR386_40X_HE_T145_01,0,0.49093863368034363,0
proto,2,SR386_40X_HE_T150_01,0,0.4901833236217499,0
proto,2,SR386_40X_HE_T152_01,0,0.4905519485473633,0
proto,2,SR386_40X_HE_T155_01,0,0.4863606095314026,0
proto,2,SR386_40X_HE_T157_01,0,0.5023959875106812,1
proto,2,SR386_40X_HE_T164_01,0,0.4857926666736603,0
proto,2,SR386_40X_HE_T166_01,0,0.4897470772266388,0
proto,2,SR386_40X_HE_T176_01,1,0.4893876016139984,0
proto,2,SR386_40X_HE_T177_01,0,0.48988306522369385,0
proto,2,SR386_40X_HE_T178_01,0,0.48722827434539795,0
proto,2,SR386_40X_HE_T187_01,0,0.48837512731552124,0
proto,2,SR386_40X_HE_T190_01,0,0.4874635636806488,0
proto,2,SR386_40X_HE_T192_01,0,0.4863172471523285,0
proto,2,SR386_40X_HE_T198_01,0,0.49134424328804016,0
proto,2,SR386_40X_HE_T200_01,0,0.4886101484298706,0
proto,2,SR386_40X_HE_T206_01,1,0.5018303394317627,1
proto,2,SR386_40X_HE_T211_01,0,0.4900631904602051,0
proto,2,SR386_40X_HE_T213_01,0,0.4983433485031128,0
proto,2,SR386_40X_HE_T214_01,0,0.49624720215797424,0
proto,2,SR386_40X_HE_T220_01,0,0.48711326718330383,0
proto,2,SR386_40X_HE_T230_01,1,0.5033063292503357,1
proto,2,SR386_40X_HE_T236_01,0,0.4880284368991852,0
proto,2,SR386_40X_HE_T237_01,0,0.4904857575893402,0
proto,2,SR386_40X_HE_T240_01,0,0.48641955852508545,0
proto,2,SR386_40X_HE_T241_01,0,0.4855937659740448,0
proto,2,SR386_40X_HE_T242_01,0,0.48841342329978943,0
proto,2,SR386_40X_HE_T253_01,0,0.4857306480407715,0
proto,2,SR386_40X_HE_T260_01,0,0.5003421306610107,1
proto,2,SR386_40X_HE_T262_01,0,0.5005375742912292,1
proto,2,SR386_40X_HE_T264_01,0,0.5018740892410278,1
proto,2,SR386_40X_HE_T271_01,0,0.4906018376350403,0
proto,2,SR386_40X_HE_T281_01,0,0.48895591497421265,0
proto,2,SR386_40X_HE_T297_01,0,0.4852656126022339,0
proto,2,SR386_40X_HE_T299_01,0,0.486454576253891,0
proto,2,SR386_40X_HE_T301_01,0,0.4875594973564148,0
proto,2,SR386_40X_HE_T306_01,0,0.4876587688922882,0
proto,2,SR386_40X_HE_T309_01,0,0.48621055483818054,0
proto,2,SR386_40X_HE_T314_01,0,0.4884158670902252,0
proto,2,SR386_40X_HE_T316_01,0,0.49938732385635376,0
proto,2,SR386_40X_HE_T318_01,0,0.5009637475013733,1
proto,2,SR386_40X_HE_T321_01,0,0.48777300119400024,0
proto,2,SR386_40X_HE_T326_01,0,0.4850730001926422,0
proto,2,SR386_40X_HE_T327_01,0,0.4847533702850342,0
proto,2,SR386_40X_HE_T332_01,1,0.4877980053424835,0
proto,2,SR386_40X_HE_T355_01,0,0.4904627203941345,0
proto,2,SR386_40X_HE_T364_01,0,0.49036338925361633,0
proto,2,SR386_40X_HE_T368_01,1,0.5029243230819702,1
proto,2,SR386_40X_HE_T374_01,0,0.48464009165763855,0
proto,2,SR386_40X_HE_T380_01,0,0.483889639377594,0
proto,2,SR386_40X_HE_T382_01,0,0.4843197464942932,0
proto,2,SR386_40X_HE_T392_01,0,0.4873588979244232,0
proto,2,SR386_40X_HE_T398_01,0,0.4920487701892853,0
proto,2,SR386_40X_HE_T402_01,1,0.5051737427711487,1
proto,2,SR386_40X_HE_T404_01,0,0.4850187599658966,0
proto,2,SR386_40X_HE_T415_01,0,0.4850623607635498,0
proto,2,SR386_40X_HE_T417_01,0,0.4866284430027008,0
proto,2,SR386_40X_HE_T425_01,0,0.4874783754348755,0
proto,2,SR386_40X_HE_T436_01,1,0.5018905401229858,1
proto,2,SR386_40X_HE_T437_01,0,0.4900413453578949,0
proto,2,SR386_40X_HE_T440_01,0,0.4905421733856201,0
proto,2,SR386_40X_HE_T445_01,0,0.48637136816978455,0
proto,2,SR386_40X_HE_T450_01,0,0.4873725473880768,0
proto,2,SR386_40X_HE_T459_01,0,0.49570232629776,0
proto,2,SR386_40X_HE_T472_01,0,0.48719918727874756,0
proto,2,SR386_40X_HE_T481_01,0,0.48788097500801086,0
proto,2,SR386_40X_HE_T483_01,0,0.4975205957889557,0
proto,2,SR386_40X_HE_T486_01,0,0.48909544944763184,0
proto,2,SR386_40X_HE_T488_01,0,0.49699661135673523,0
proto,2,SR386_40X_HE_T499_01,0,0.5055340528488159,1
proto,2,SR386_40X_HE_T507_01,0,0.5040850043296814,1
proto,2,SR386_40X_HE_T514_01,0,0.48736244440078735,0
proto,2,SR386_40X_HE_T520_01,1,0.485964298248291,0
proto,2,SR386_40X_HE_T522_01,0,0.4866034984588623,0
proto,2,SR386_40X_HE_T531_01,0,0.4884026348590851,0
proto,2,SR386_40X_HE_T535_01,0,0.48787635564804077,0
proto,2,SR386_40X_HE_T539_01,0,0.4888526499271393,0
proto,2,SR386_40X_HE_T549_01,0,0.5004684925079346,1
proto,2,SR386_40X_HE_T552_01,0,0.4880044162273407,0
proto,2,SR386_40X_HE_T553_01,0,0.48893436789512634,0
proto,2,SR386_40X_HE_T554_01,0,0.49525192379951477,0
proto,2,SR386_40X_HE_T558_01,0,0.49026235938072205,0
proto,2,SR386_40X_HE_T564_01,0,0.4982277750968933,0
proto,2,SR386_40X_HE_T570_01,0,0.48486098647117615,0
proto,2,SR386_40X_HE_T574_01,0,0.4845200181007385,0
proto,2,SR386_40X_HE_T578_01,0,0.4874311089515686,0
proto,2,SR386_40X_HE_T580_01,0,0.4858003556728363,0
proto,3,SR1482_40X_HE_T005_01,0,0.508708119392395,1
proto,3,SR1482_40X_HE_T005_02,0,0.5171869993209839,1
proto,3,SR1482_40X_HE_T010_01,0,0.4961473345756531,0
proto,3,SR1482_40X_HE_T043_01,0,0.5103106498718262,1
proto,3,SR1482_40X_HE_T043_02,0,0.5118719339370728,1
proto,3,SR1482_40X_HE_T049_01,0,0.4990426003932953,0
proto,3,SR1482_40X_HE_T061_01,0,0.508834958076477,1
proto,3,SR1482_40X_HE_T061_02,0,0.507910430431366,1
proto,3,SR1482_40X_HE_T070_01,1,0.5043697953224182,1
proto,3,SR1482_40X_HE_T073_01,0,0.5000045299530029,1
proto,3,SR1482_40X_HE_T082_01,0,0.5083047151565552,1
proto,3,SR1482_40X_HE_T082_02,0,0.5040400624275208,1
proto,3,SR1482_40X_HE_T089_01,0,0.4980590343475342,0
proto,3,SR1482_40X_HE_T090_01,0,0.4990275800228119,0
proto,3,SR1482_40X_HE_T094_01,1,0.5060124397277832,1
proto,3,SR1482_40X_HE_T094_02,1,0.5066320896148682,1
proto,3,SR1482_40X_HE_T105_01,0,0.4995063245296478,0
proto,3,SR1482_40X_HE_T115_01,0,0.5031239986419678,1
proto,3,SR1482_40X_HE_T115_02,0,0.5015929937362671,1
proto,3,SR1482_40X_HE_T118_01,0,0.5097482800483704,1
proto,3,SR1482_40X_HE_T118_02,0,0.5051388740539551,1
proto,3,SR1482_40X_HE_T120_01,0,0.5154059529304504,1
proto,3,SR1482_40X_HE_T120_02,0,0.509098470211029,1
proto,3,SR1482_40X_HE_T124_01,0,0.5145121216773987,1
proto,3,SR1482_40X_HE_T124_02,0,0.5066893100738525,1
proto,3,SR1482_40X_HE_T138_01,0,0.4984701871871948,0
proto,3,SR1482_40X_HE_T160_01,0,0.5051895380020142,1
proto,3,SR1482_40X_HE_T160_02,0,0.5033935904502869,1
proto,3,SR1482_40X_HE_T167_01,0,0.5065540075302124,1
proto,3,SR1482_40X_HE_T167_02,0,0.5021962523460388,1
proto,3,SR1482_40X_HE_T175_01,0,0.5158129334449768,1
proto,3,SR1482_40X_HE_T175_02,0,0.5065737962722778,1
proto,3,SR1482_40X_HE_T177_01,1,0.5017194151878357,1
proto,3,SR1482_40X_HE_T188_01,0,0.5044925212860107,1
proto,3,SR1482_40X_HE_T195_01,0,0.5028536319732666,1
proto,3,SR1482_40X_HE_T195_02,0,0.5048139691352844,1
proto,3,SR1482_40X_HE_T202_01,0,0.5065123438835144,1
proto,3,SR1482_40X_HE_T202_02,0,0.5166060924530029,1
proto,3,SR1482_40X_HE_T225_01,0,0.5172774791717529,1
proto,3,SR1482_40X_HE_T225_02,0,0.5064712762832642,1
proto,3,SR1482_40X_HE_T235_01,0,0.5043547749519348,1
proto,3,SR1482_40X_HE_T235_02,0,0.508315920829773,1
proto,3,SR1482_40X_HE_T236_01,0,0.5052743554115295,1
proto,3,SR1482_40X_HE_T236_02,0,0.5049742460250854,1
proto,3,SR1482_40X_HE_T258_01,0,0.5040148496627808,1
proto,3,SR1482_40X_HE_T258_02,0,0.5144252181053162,1
proto,3,SR1482_40X_HE_T284_01,1,0.5125473141670227,1
proto,3,SR1482_40X_HE_T284_02,1,0.5161718726158142,1
proto,3,SR1482_40X_HE_T301_01,1,0.5028061866760254,1
proto,3,SR1482_40X_HE_T301_02,1,0.5130420327186584,1
proto,3,SR1482_40X_HE_T309_01,0,0.504625678062439,1
proto,3,SR1482_40X_HE_T313_01,0,0.5065040588378906,1
proto,3,SR1482_40X_HE_T313_02,0,0.5175965428352356,1
proto,3,SR1482_40X_HE_T338_01,0,0.5071112513542175,1
proto,3,SR1482_40X_HE_T344_01,0,0.5001294612884521,1
proto,3,SR1482_40X_HE_T344_02,0,0.5023937821388245,1
proto,3,SR1482_40X_HE_T346_01,0,0.505927324295044,1
proto,3,SR1482_40X_HE_T346_02,0,0.5063290596008301,1
proto,3,SR1482_40X_HE_T377_01,0,0.5046486854553223,1
proto,3,SR1482_40X_HE_T377_02,0,0.5045998096466064,1
proto,3,SR1482_40X_HE_T419_01,0,0.5008867383003235,1
proto,3,SR1482_40X_HE_T427_01,0,0.5049912929534912,1
proto,3,SR1482_40X_HE_T427_02,0,0.504397451877594,1
proto,3,SR386_40X_HE_T007_01,0,0.4916180670261383,0
proto,3,SR386_40X_HE_T015_01,0,0.48570460081100464,0
proto,3,SR386_40X_HE_T017_01,1,0.5043323636054993,1
proto,3,SR386_40X_HE_T032_01,0,0.485895037651062,0
proto,3,SR386_40X_HE_T034_01,0,0.4868462085723877,0
proto,3,SR386_40X_HE_T035_01,0,0.48845380544662476,0
proto,3,SR386_40X_HE_T041_01,0,0.48858410120010376,0
proto,3,SR386_40X_HE_T067_01,0,0.4853409230709076,0
proto,3,SR386_40X_HE_T075_01,0,0.4884454607963562,0
proto,3,SR386_40X_HE_T081_01,0,0.48955056071281433,0
proto,3,SR386_40X_HE_T083_01,0,0.4849470257759094,0
proto,3,SR386_40X_HE_T085_01,0,0.48272401094436646,0
proto,3,SR386_40X_HE_T095_01,0,0.4916366934776306,0
proto,3,SR386_40X_HE_T104_01,0,0.48657479882240295,0
proto,3,SR386_40X_HE_T106_01,0,0.48796477913856506,0
proto,3,SR386_40X_HE_T112_01,0,0.48537659645080566,0
proto,3,SR386_40X_HE_T128_01,0,0.48646989464759827,0
proto,3,SR386_40X_HE_T132_01,0,0.48766764998435974,0
proto,3,SR386_40X_HE_T138_01,0,0.4843065142631531,0
proto,3,SR386_40X_HE_T142_01,0,0.48791933059692383,0
proto,3,SR386_40X_HE_T149_01,0,0.4860300123691559,0
proto,3,SR386_40X_HE_T165_01,1,0.48759838938713074,0
proto,3,SR386_40X_HE_T179_01,0,0.5052415132522583,1
proto,3,SR386_40X_HE_T180_01,0,0.4862079322338104,0
proto,3,SR386_40X_HE_T182_01,0,0.4877372980117798,0
proto,3,SR386_40X_HE_T184_01,0,0.4894270598888397,0
proto,3,SR386_40X_HE_T188_01,0,0.4894792139530182,0
proto,3,SR386_40X_HE_T191_01,0,0.48554378747940063,0
proto,3,SR386_40X_HE_T197_01,0,0.4841880202293396,0
proto,3,SR386_40X_HE_T201_01,0,0.48670342564582825,0
proto,3,SR386_40X_HE_T202_01,0,0.4842233955860138,0
proto,3,SR386_40X_HE_T208_01,0,0.4835760295391083,0
proto,3,SR386_40X_HE_T216_01,1,0.5036212801933289,1
proto,3,SR386_40X_HE_T238_01,0,0.4860968589782715,0
proto,3,SR386_40X_HE_T244_01,0,0.4977763891220093,0
proto,3,SR386_40X_HE_T248_01,0,0.4853013753890991,0
proto,3,SR386_40X_HE_T249_01,0,0.4850205183029175,0
proto,3,SR386_40X_HE_T250_01,0,0.49399101734161377,0
proto,3,SR386_40X_HE_T263_01,0,0.5031740665435791,1
proto,3,SR386_40X_HE_T267_01,0,0.49439236521720886,0
proto,3,SR386_40X_HE_T269_01,0,0.48248568177223206,0
proto,3,SR386_40X_HE_T277_01,0,0.48511576652526855,0
proto,3,SR386_40X_HE_T286_01,0,0.5058184862136841,1
proto,3,SR386_40X_HE_T287_01,0,0.4906168580055237,0
proto,3,SR386_40X_HE_T290_01,0,0.5054327845573425,1
proto,3,SR386_40X_HE_T293_01,0,0.48680323362350464,0
proto,3,SR386_40X_HE_T298_01,0,0.4845566749572754,0
proto,3,SR386_40X_HE_T303_01,0,0.4818781912326813,0
proto,3,SR386_40X_HE_T312_01,0,0.48735424876213074,0
proto,3,SR386_40X_HE_T329_01,0,0.4980008006095886,0
proto,3,SR386_40X_HE_T336_01,0,0.48537907004356384,0
proto,3,SR386_40X_HE_T338_01,0,0.48395031690597534,0
proto,3,SR386_40X_HE_T342_01,0,0.4902832508087158,0
proto,3,SR386_40X_HE_T353_01,0,0.5009346604347229,1
proto,3,SR386_40X_HE_T357_01,0,0.4831424355506897,0
proto,3,SR386_40X_HE_T362_01,0,0.49189209938049316,0
proto,3,SR386_40X_HE_T363_01,1,0.5053504109382629,1
proto,3,SR386_40X_HE_T372_01,0,0.4920492172241211,0
proto,3,SR386_40X_HE_T378_01,0,0.48545899987220764,0
proto,3,SR386_40X_HE_T379_01,0,0.4869554936885834,0
proto,3,SR386_40X_HE_T386_01,0,0.4828045964241028,0
proto,3,SR386_40X_HE_T387_01,0,0.49948573112487793,0
proto,3,SR386_40X_HE_T393_01,0,0.48853597044944763,0
proto,3,SR386_40X_HE_T397_01,0,0.5034466981887817,1
proto,3,SR386_40X_HE_T406_01,0,0.4960942268371582,0
proto,3,SR386_40X_HE_T409_01,0,0.48596441745758057,0
proto,3,SR386_40X_HE_T422_01,0,0.48436930775642395,0
proto,3,SR386_40X_HE_T426_01,0,0.4845658838748932,0
proto,3,SR386_40X_HE_T433_01,0,0.48459598422050476,0
proto,3,SR386_40X_HE_T443_01,0,0.49065735936164856,0
proto,3,SR386_40X_HE_T448_01,0,0.48491114377975464,0
proto,3,SR386_40X_HE_T452_01,0,0.49135810136795044,0
proto,3,SR386_40X_HE_T460_01,1,0.48818865418434143,0
proto,3,SR386_40X_HE_T473_01,0,0.48444682359695435,0
proto,3,SR386_40X_HE_T475_01,0,0.4878060519695282,0
proto,3,SR386_40X_HE_T478_01,0,0.486734002828598,0
proto,3,SR386_40X_HE_T489_01,1,0.4893200397491455,0
proto,3,SR386_40X_HE_T491_01,0,0.49050387740135193,0
proto,3,SR386_40X_HE_T492_01,0,0.4841853678226471,0
proto,3,SR386_40X_HE_T493_01,0,0.48618197441101074,0
proto,3,SR386_40X_HE_T502_01,0,0.4833608865737915,0
proto,3,SR386_40X_HE_T505_01,0,0.49756041169166565,0
proto,3,SR386_40X_HE_T506_01,0,0.4873538315296173,0
proto,3,SR386_40X_HE_T509_01,0,0.5036481022834778,1
proto,3,SR386_40X_HE_T516_01,0,0.48583438992500305,0
proto,3,SR386_40X_HE_T518_01,0,0.4866410493850708,0
proto,3,SR386_40X_HE_T519_01,0,0.4915226697921753,0
proto,3,SR386_40X_HE_T521_01,0,0.48479875922203064,0
proto,3,SR386_40X_HE_T526_01,0,0.48785972595214844,0
proto,3,SR386_40X_HE_T533_01,0,0.48775655031204224,0
proto,3,SR386_40X_HE_T543_01,0,0.48989829421043396,0
proto,3,SR386_40X_HE_T544_01,0,0.49256905913352966,0
proto,3,SR386_40X_HE_T556_01,1,0.4873882234096527,0
proto,3,SR386_40X_HE_T560_01,0,0.5033090114593506,1
proto,3,SR386_40X_HE_T563_01,0,0.48510169982910156,0
proto,3,SR386_40X_HE_T568_01,0,0.4853585362434387,0
proto,3,SR386_40X_HE_T571_01,0,0.48920923471450806,0
proto,3,SR386_40X_HE_T572_01,0,0.5012050867080688,1
proto,3,SR386_40X_HE_T573_01,0,0.4844682812690735,0
proto,3,SR386_40X_HE_T583_01,0,0.4849981665611267,0
proto,4,SR1482_40X_HE_T002_01,0,0.4970000982284546,0
proto,4,SR1482_40X_HE_T003_01,0,0.5034494400024414,1
proto,4,SR1482_40X_HE_T004_01,0,0.5111146569252014,1
proto,4,SR1482_40X_HE_T004_02,0,0.5002004504203796,1
proto,4,SR1482_40X_HE_T011_01,0,0.49681416153907776,0
proto,4,SR1482_40X_HE_T025_01,0,0.49874478578567505,0
proto,4,SR1482_40X_HE_T025_02,0,0.49840113520622253,0
proto,4,SR1482_40X_HE_T060_01,0,0.5041519999504089,1
proto,4,SR1482_40X_HE_T062_01,0,0.5003668069839478,1
proto,4,SR1482_40X_HE_T062_02,0,0.5105392932891846,1
proto,4,SR1482_40X_HE_T064_01,0,0.5035375952720642,1
proto,4,SR1482_40X_HE_T064_02,0,0.4993647336959839,0
proto,4,SR1482_40X_HE_T071_01,0,0.5036988258361816,1
proto,4,SR1482_40X_HE_T071_02,0,0.5040044784545898,1
proto,4,SR1482_40X_HE_T074_01,0,0.4971243441104889,0
proto,4,SR1482_40X_HE_T074_02,0,0.4963195323944092,0
proto,4,SR1482_40X_HE_T083_01,0,0.5006429553031921,1
proto,4,SR1482_40X_HE_T083_02,0,0.501909613609314,1
proto,4,SR1482_40X_HE_T087_01,0,0.49699464440345764,0
proto,4,SR1482_40X_HE_T097_01,1,0.5032234191894531,1
proto,4,SR1482_40X_HE_T097_02,1,0.5094223618507385,1
proto,4,SR1482_40X_HE_T108_01,0,0.495983362197876,0
proto,4,SR1482_40X_HE_T113_01,0,0.5159175395965576,1
proto,4,SR1482_40X_HE_T113_02,0,0.5004392862319946,1
proto,4,SR1482_40X_HE_T121_01,0,0.49459293484687805,0
proto,4,SR1482_40X_HE_T122_01,0,0.4943059980869293,0
proto,4,SR1482_40X_HE_T125_01,0,0.5026829242706299,1
proto,4,SR1482_40X_HE_T125_02,0,0.5160287022590637,1
proto,4,SR1482_40X_HE_T131_01,0,0.5027459263801575,1
proto,4,SR1482_40X_HE_T131_02,0,0.5010987520217896,1
proto,4,SR1482_40X_HE_T132_01,0,0.49884626269340515,0
proto,4,SR1482_40X_HE_T132_02,0,0.5016558766365051,1
proto,4,SR1482_40X_HE_T143_01,0,0.5043483376502991,1
proto,4,SR1482_40X_HE_T143_02,0,0.5044938325881958,1
proto,4,SR1482_40X_HE_T166_01,1,0.495210200548172,0
proto,4,SR1482_40X_HE_T169_01,0,0.4995582103729248,0
proto,4,SR1482_40X_HE_T176_01,1,0.5168394446372986,1
proto,4,SR1482_40X_HE_T176_02,1,0.512252151966095,1
proto,4,SR1482_40X_HE_T191_01,0,0.5058634281158447,1
proto,4,SR1482_40X_HE_T194_01,0,0.5205900073051453,1
proto,4,SR1482_40X_HE_T218_01,0,0.4977344572544098,0
proto,4,SR1482_40X_HE_T253_01,0,0.49513500928878784,0
proto,4,SR1482_40X_HE_T290_01,0,0.5005264282226562,1
proto,4,SR1482_40X_HE_T308_01,0,0.5145059823989868,1
proto,4,SR1482_40X_HE_T314_01,0,0.5091643929481506,1
proto,4,SR1482_40X_HE_T314_02,0,0.5183491706848145,1
proto,4,SR1482_40X_HE_T372_01,1,0.5165744423866272,1
proto,4,SR1482_40X_HE_T372_02,1,0.5013788938522339,1
proto,4,SR1482_40X_HE_T408_01,0,0.49441513419151306,0
proto,4,SR1482_40X_HE_T412_01,0,0.500097393989563,1
proto,4,SR1482_40X_HE_T425_01,0,0.49688977003097534,0
proto,4,SR1482_40X_HE_T434_01,1,0.5021048188209534,1
proto,4,SR386_40X_HE_T006_01,0,0.4849151074886322,0
proto,4,SR386_40X_HE_T010_01,0,0.48585158586502075,0
proto,4,SR386_40X_HE_T014_01,0,0.4885461926460266,0
proto,4,SR386_40X_HE_T016_01,0,0.4822461009025574,0
proto,4,SR386_40X_HE_T020_01,0,0.4832801818847656,0
proto,4,SR386_40X_HE_T027_01,0,0.4940347671508789,0
proto,4,SR386_40X_HE_T028_01,0,0.5059553384780884,1
proto,4,SR386_40X_HE_T037_01,0,0.4855930805206299,0
proto,4,SR386_40X_HE_T043_01,0,0.48792871832847595,0
proto,4,SR386_40X_HE_T044_01,1,0.48669159412384033,0
proto,4,SR386_40X_HE_T046_01,0,0.4877883493900299,0
proto,4,SR386_40X_HE_T058_01,0,0.485353022813797,0
proto,4,SR386_40X_HE_T062_01,0,0.48588401079177856,0
proto,4,SR386_40X_HE_T065_01,1,0.4845660626888275,0
proto,4,SR386_40X_HE_T080_01,0,0.4856487810611725,0
proto,4,SR386_40X_HE_T091_01,0,0.48332709074020386,0
proto,4,SR386_40X_HE_T094_01,0,0.48501068353652954,0
proto,4,SR386_40X_HE_T097_01,0,0.4891233742237091,0
proto,4,SR386_40X_HE_T100_01,0,0.5036913156509399,1
proto,4,SR386_40X_HE_T107_01,0,0.49175649881362915,0
proto,4,SR386_40X_HE_T109_01,1,0.4872061014175415,0
proto,4,SR386_40X_HE_T110_01,0,0.48784440755844116,0
proto,4,SR386_40X_HE_T117_01,0,0.48556286096572876,0
proto,4,SR386_40X_HE_T127_01,0,0.486126184463501,0
proto,4,SR386_40X_HE_T129_01,0,0.48921188712120056,0
proto,4,SR386_40X_HE_T136_01,0,0.4879634380340576,0
proto,4,SR386_40X_HE_T154_01,0,0.48466458916664124,0
proto,4,SR386_40X_HE_T168_01,1,0.48759040236473083,0
proto,4,SR386_40X_HE_T175_01,0,0.48717987537384033,0
proto,4,SR386_40X_HE_T189_01,0,0.4871172308921814,0
proto,4,SR386_40X_HE_T195_01,0,0.48342689871788025,0
proto,4,SR386_40X_HE_T227_01,0,0.4867168068885803,0
proto,4,SR386_40X_HE_T233_01,0,0.4914482533931732,0
proto,4,SR386_40X_HE_T234_01,0,0.4941817820072174,0
proto,4,SR386_40X_HE_T235_01,0,0.48603150248527527,0
proto,4,SR386_40X_HE_T239_01,0,0.4917442202568054,0
proto,4,SR386_40X_HE_T245_01,0,0.48710858821868896,0
proto,4,SR386_40X_HE_T256_01,0,0.48981860280036926,0
proto,4,SR386_40X_HE_T265_01,0,0.4847564995288849,0
proto,4,SR386_40X_HE_T268_01,0,0.49687203764915466,0
proto,4,SR386_40X_HE_T270_01,0,0.4884910583496094,0
proto,4,SR386_40X_HE_T272_01,0,0.4976462423801422,0
proto,4,SR386_40X_HE_T273_01,0,0.48529112339019775,0
proto,4,SR386_40X_HE_T276_01,0,0.4882047474384308,0
proto,4,SR386_40X_HE_T278_01,1,0.4867038130760193,0
proto,4,SR386_40X_HE_T284_01,0,0.4854126572608948,0
proto,4,SR386_40X_HE_T285_01,0,0.48346173763275146,0
proto,4,SR386_40X_HE_T288_01,0,0.48780354857444763,0
proto,4,SR386_40X_HE_T291_01,0,0.484880656003952,0
proto,4,SR386_40X_HE_T300_01,0,0.48454055190086365,0
proto,4,SR386_40X_HE_T302_01,0,0.48432838916778564,0
proto,4,SR386_40X_HE_T305_01,0,0.48322218656539917,0
proto,4,SR386_40X_HE_T308_01,0,0.48478659987449646,0
proto,4,SR386_40X_HE_T325_01,0,0.48784497380256653,0
proto,4,SR386_40X_HE_T331_01,0,0.48770442605018616,0
proto,4,SR386_40X_HE_T341_01,0,0.5023485422134399,1
proto,4,SR386_40X_HE_T343_01,1,0.48908868432044983,0
proto,4,SR386_40X_HE_T346_01,0,0.4915647506713867,0
proto,4,SR386_40X_HE_T352_01,0,0.4889482259750366,0
proto,4,SR386_40X_HE_T373_01,0,0.49402281641960144,0
proto,4,SR386_40X_HE_T375_01,0,0.4847603142261505,0
proto,4,SR386_40X_HE_T381_01,0,0.486175000667572,0
proto,4,SR386_40X_HE_T389_01,0,0.4995490610599518,0
proto,4,SR386_40X_HE_T391_01,0,0.4870758652687073,0
proto,4,SR386_40X_HE_T394_01,0,0.4856122136116028,0
proto,4,SR386_40X_HE_T399_01,0,0.49907568097114563,0
proto,4,SR386_40X_HE_T403_01,0,0.4860536754131317,0
proto,4,SR386_40X_HE_T405_01,0,0.49879223108291626,0
proto,4,SR386_40X_HE_T407_01,0,0.48667481541633606,0
proto,4,SR386_40X_HE_T414_01,0,0.4853251576423645,0
proto,4,SR386_40X_HE_T424_01,0,0.49215424060821533,0
proto,4,SR386_40X_HE_T429_01,0,0.4985365867614746,0
proto,4,SR386_40X_HE_T441_01,0,0.5056369304656982,1
proto,4,SR386_40X_HE_T451_01,0,0.48696020245552063,0
proto,4,SR386_40X_HE_T453_01,0,0.48446840047836304,0
proto,4,SR386_40X_HE_T455_01,0,0.48944124579429626,0
proto,4,SR386_40X_HE_T465_01,0,0.5013960599899292,1
proto,4,SR386_40X_HE_T474_01,0,0.4923863708972931,0
proto,4,SR386_40X_HE_T476_01,0,0.4960581362247467,0
proto,4,SR386_40X_HE_T479_01,0,0.4929158687591553,0
proto,4,SR386_40X_HE_T482_01,0,0.48758384585380554,0
proto,4,SR386_40X_HE_T487_01,0,0.49546900391578674,0
proto,4,SR386_40X_HE_T490_01,0,0.4883202314376831,0
proto,4,SR386_40X_HE_T494_01,0,0.48495855927467346,0
proto,4,SR386_40X_HE_T500_01,0,0.4835328161716461,0
proto,4,SR386_40X_HE_T510_01,0,0.5079314708709717,1
proto,4,SR386_40X_HE_T524_01,0,0.5071996450424194,1
proto,4,SR386_40X_HE_T528_01,0,0.5004994869232178,1
proto,4,SR386_40X_HE_T532_01,0,0.48741501569747925,0
proto,4,SR386_40X_HE_T534_01,0,0.4930895268917084,0
proto,4,SR386_40X_HE_T536_01,0,0.4851171374320984,0
proto,4,SR386_40X_HE_T537_01,0,0.4889722168445587,0
proto,4,SR386_40X_HE_T541_01,0,0.48750239610671997,0
proto,4,SR386_40X_HE_T548_01,1,0.502929151058197,1
proto,4,SR386_40X_HE_T550_01,0,0.4917789399623871,0
proto,4,SR386_40X_HE_T551_01,0,0.48488861322402954,0
proto,4,SR386_40X_HE_T557_01,0,0.48749369382858276,0
proto,4,SR386_40X_HE_T565_01,0,0.4853620231151581,0
proto,4,SR386_40X_HE_T567_01,0,0.4888668656349182,0
proto,4,SR386_40X_HE_T575_01,0,0.48583608865737915,0
proto,4,SR386_40X_HE_T576_01,0,0.48731452226638794,0
proto,4,SR386_40X_HE_T581_01,0,0.5123592615127563,1
rf,1,SR1482_40X_HE_T029_01,0,0.1431232750552184,0
rf,1,SR1482_40X_HE_T029_02,0,0.15933447376995763,0
rf,1,SR1482_40X_HE_T057_01,0,0.05452497134176091,0
rf,1,SR1482_40X_HE_T063_01,1,0.30366666666666664,1
rf,1,SR1482_40X_HE_T063_02,1,0.2056931818181818,0
rf,1,SR1482_40X_HE_T065_01,0,0.1109929263771497,0
rf,1,SR1482_40X_HE_T065_02,0,0.11120475895784622,0
rf,1,SR1482_40X_HE_T066_01,0,0.1262157398468759,0
rf,1,SR1482_40X_HE_T066_02,0,0.3118709677419355,1
rf,1,SR1482_40X_HE_T068_01,0,0.04565842759391147,0
rf,1,SR1482_40X_HE_T069_01,0,0.0913030303030303,0
rf,1,SR1482_40X_HE_T069_02,0,0.09880893376030363,0
rf,1,SR1482_40X_HE_T079_01,1,0.26322397891963106,0
rf,1,SR1482_40X_HE_T079_02,1,0.2786785243741765,0
rf,1,SR1482_40X_HE_T080_01,0,0.07752842715956318,0
rf,1,SR1482_40X_HE_T080_02,0,0.16728079710144927,0
rf,1,SR1482_40X_HE_T081_01,0,0.1267726010292288,0
rf,1,SR1482_40X_HE_T081_02,0,0.08912121212121213,0
rf,1,SR1482_40X_HE_T099_01,0,0.03161788617886179,0
rf,1,SR1482_40X_HE_T116_01,0,0.13417090156220593,0
rf,1,SR1482_40X_HE_T117_01,0,0.09742846829081375,0
rf,1,SR1482_40X_HE_T117_02,0,0.06344588744588744,0
rf,1,SR1482_40X_HE_T126_01,0,0.17115946279059888,0
rf,1,SR1482_40X_HE_T129_01,0,0.08466635300183688,0
rf,1,SR1482_40X_HE_T129_02,0,0.18763636363636363,0
rf,1,SR1482_40X_HE_T139_01,0,0.15357346618128767,0
rf,1,SR1482_40X_HE_T139_02,0,0.21355260261060025,0
rf,1,SR1482_40X_HE_T147_01,0,0.27532895390735673,0
rf,1,SR1482_40X_HE_T147_02,0,0.41181048387096775,1
rf,1,SR1482_40X_HE_T159_01,0,0.15917892513990073,0
rf,1,SR1482_40X_HE_T159_02,0,0.13849012222387733,0
rf,1,SR1482_40X_HE_T192_01,0,0.10883703253268469,0
rf,1,SR1482_40X_HE_T199_01,0,0.12303124208818543,0
rf,1,SR1482_40X_HE_T304_01,0,0.08968266692790952,0
rf,1,SR1482_40X_HE_T304_02,0,0.059649471877114155,0
rf,1,SR1482_40X_HE_T310_01,1,0.1765908149821193,0
rf,1,SR1482_40X_HE_T310_02,1,0.190394880481837,0
rf,1,SR1482_40X_HE_T341_01,0,0.02746207415772633,0
rf,1,SR1482_40X_HE_T341_02,0,0.05960215053763441,0
rf,1,SR1482_40X_HE_T353_01,0,0.05231392600957818,0
rf,1,SR1482_40X_HE_T390_01,0,0.048467325659437316,0
rf,1,SR1482_40X_HE_T433_01,1,0.14341048387096775,0
rf,1,SR386_40X_HE_T003_01,0,0.03706894050088386,0
rf,1,SR386_40X_HE_T004_01,0,0.1442799794619228,0
rf,1,SR386_40X_HE_T022_01,1,0.11698147548810327,0
rf,1,SR386_40X_HE_T030_01,0,0.11888311688311687,0
rf,1,SR386_40X_HE_T033_01,0,0.1277914652879248,0
rf,1,SR386_40X_HE_T036_01,0,0.1,0
rf,1,SR386_40X_HE_T038_01,0,0.049951219512195125,0
rf,1,SR386_40X_HE_T049_01,0,0.015294117647058823,0
rf,1,SR386_40X_HE_T050_01,0,0.15698913043478263,0
rf,1,SR386_40X_HE_T060_01,0,0.2006319124423963,0
rf,1,SR386_40X_HE_T063_01,0,0.10976940133037694,0
rf,1,SR386_40X_HE_T066_01,0,0.04170454545454545,0
rf,1,SR386_40X_HE_T069_01,0,0.06981818181818181,0
rf,1,SR386_40X_HE_T072_01,0,0.10942033235581622,0
rf,1,SR386_40X_HE_T074_01,0,0.09634494666156658,0
rf,1,SR386_40X_HE_T078_01,0,0.0915939114648792,0
rf,1,SR386_40X_HE_T079_01,0,0.01589626818469323,0
rf,1,SR386_40X_HE_T092_01,1,0.047420332355816226,0
rf,1,SR386_40X_HE_T096_01,0,0.013904761904761906,0
rf,1,SR386_40X_HE_T099_01,0,0.09052434521999739,0
rf,1,SR386_40X_HE_T103_01,0,0.10669126879699833,0
rf,1,SR386_40X_HE_T108_01,0,0.10549234505332067,0
rf,1,SR386_40X_HE_T113_01,0,0.05516770186335404,0
rf,1,SR386_40X_HE_T114_01,0,0.027473945409429282,0
rf,1,SR386_40X_HE_T119_01,0,0.034,0
rf,1,SR386_40X_HE_T126_01,0,0.06151136363636364,0
rf,1,SR386_40X_HE_T130_01,0,0.011818181818181818,0
rf,1,SR386_40X_HE_T131_01,0,0.0478655462184874,0
rf,1,SR386_40X_HE_T135_01,0,0.16844667748559428,0
rf,1,SR386_40X_HE_T140_01,0,0.10053328612693231,0
rf,1,SR386_40X_HE_T144_01,0,0.11488187081735468,0
rf,1,SR386_40X_HE_T147_01,0,0.06548484848484848,0
rf,1,SR386_40X_HE_T148_01,0,0.051628665689149554,0
rf,1,SR386_40X_HE_T160_01,0,0.034,0
rf,1,SR386_40X_HE_T169_01,0,0.10941612554112552,0
rf,1,SR386_40X_HE_T170_01,1,0.17440996497658492,0
rf,1,SR386_40X_HE_T172_01,0,0.2650334692189531,0
rf,1,SR386_40X_HE_T174_01,0,0.07181818181818181,0
rf,1,SR386_40X_HE_T181_01,0,0.041537207357859526,0
rf,1,SR386_40X_HE_T196_01,0,0.03522397891963109,0
rf,1,SR386_40X_HE_T205_01,0,0.35771445000287505,1
rf,1,SR386_40X_HE_T209_01,0,0.06542857142857143,0
rf,1,SR386_40X_HE_T210_01,0,0.34624470597878315,1
rf,1,SR386_40X_HE_T212_01,0,0.1111098901098901,0
rf,1,SR386_40X_HE_T221_01,0,0.032,0
rf,1,SR386_40X_HE_T224_01,0,0.04955337004982953,0
rf,1,SR386_40X_HE_T231_01,1,0.10807879656575309,0
rf,1,SR386_40X_HE_T232_01,0,0.02981818181818182,0
rf,1,SR386_40X_HE_T247_01,0,0.16955731225296444,0
rf,1,SR386_40X_HE_T252_01,0,0.02,0
rf,1,SR386_40X_HE_T255_01,0,0.05984024577572965,0
rf,1,SR386_40X_HE_T259_01,1,0.07739685231076911,0
rf,1,SR386_40X_HE_T274_01,0,0.0432638146167558,0
rf,1,SR386_40X_HE_T275_01,0,0.12527317803954424,0
rf,1,SR386_40X_HE_T282_01,0,0.035571428571428566,0
rf,1,SR386_40X_HE_T294_01,0,0.12433137612029292,0
rf,1,SR386_40X_HE_T311_01,0,0.07901706137000256,0
rf,1,SR386_40X_HE_T315_01,0,0.08830918859761364,0
rf,1,SR386_40X_HE_T319_01,1,0.11742857142857142,0
rf,1,SR386_40X_HE_T324_01,1,0.08656418091712208,0
rf,1,SR386_40X_HE_T330_01,0,0.019951219512195122,0
rf,1,SR386_40X_HE_T333_01,0,0.025745007680491552,0
rf,1,SR386_40X_HE_T335_01,0,0.07122664835164835,0
rf,1,SR386_40X_HE_T337_01,0,0.107176614215531,0
rf,1,SR386_40X_HE_T344_01,0,0.06370083724589008,0
rf,1,SR386_40X_HE_T347_01,0,0.04757142857142857,0
rf,1,SR386_40X_HE_T350_01,0,0.033617886178861786,0
rf,1,SR386_40X_HE_T351_01,0,0.08300579710144927,0
rf,1,SR386_40X_HE_T360_01,0,0.02929437229437229,0
rf,1,SR386_40X_HE_T361_01,0,0.09890303030303028,0
rf,1,SR386_40X_HE_T366_01,0,0.024,0
rf,1,SR386_40X_HE_T377_01,1,0.143309094081766,0
rf,1,SR386_40X_HE_T384_01,0,0.013356643356643357,0
rf,1,SR386_40X_HE_T395_01,0,0.0608977688977689,0
rf,1,SR386_40X_HE_T396_01,0,0.034,0
rf,1,SR386_40X_HE_T401_01,0,0.12557043141983207,0
rf,1,SR386_40X_HE_T408_01,0,0.03130786286883848,0
rf,1,SR386_40X_HE_T410_01,0,0.12522621144839816,0
rf,1,SR386_40X_HE_T413_01,0,0.14378829772378157,0
rf,1,SR386_40X_HE_T416_01,0,0.02581818181818182,0
rf,1,SR386_40X_HE_T418_01,0,0.024,0
rf,1,SR386_40X_HE_T419_01,0,0.11966836349924584,0
rf,1,SR386_40X_HE_T421_01,0,0.09526881720430108,0
rf,1,SR386_40X_HE_T423_01,0,0.09580978030623978,0
rf,1,SR386_40X_HE_T428_01,0,0.025484848484848485,0
rf,1,SR386_40X_HE_T430_01,0,0.025886703383162863,0
rf,1,SR386_40X_HE_T431_01,0,0.10974500768049156,0
rf,1,SR386_40X_HE_T435_01,0,0.1730045233927134,0
rf,1,SR386_40X_HE_T438_01,0,0.066,0
rf,1,SR386_40X_HE_T439_01,0,0.2308814586947579,0
rf,1,SR386_40X_HE_T447_01,0,0.02,0
rf,1,SR386_40X_HE_T449_01,0,0.034,0
rf,1,SR386_40X_HE_T454_01,0,0.00996078431372549,0
rf,1,SR386_40X_HE_T456_01,0,0.00973913043478261,0
rf,1,SR386_40X_HE_T461_01,0,0.07962866568914956,0
rf,1,SR386_40X_HE_T462_01,0,0.05177896613190731,0
rf,1,SR386_40X_HE_T468_01,0,0.04324675324675324,0
rf,1,SR386_40X_HE_T469_01,1,0.11915549293541207,0
rf,1,SR386_40X_HE_T470_01,0,0.037666666666666675,0
rf,1,SR386_40X_HE_T471_01,0,0.18335930735930736,0
rf,1,SR386_40X_HE_T477_01,0,0.08875429144026706,0
rf,1,SR386_40X_HE_T480_01,0,0.06950699706797267,0
rf,1,SR386_40X_HE_T484_01,0,0.07688927517770021,0
rf,1,SR386_40X_HE_T495_01,0,0.018,0
rf,1,SR386_40X_HE_T496_01,0,0.025818181818181817,0
rf,1,SR386_40X_HE_T498_01,0,0.22107459207459207,0
rf,1,SR386_40X_HE_T504_01,0,0.029109890109890114,0
rf,1,SR386_40X_HE_T511_01,0,0.05144322344322345,0
rf,1,SR386_40X_HE_T517_01,0,0.1092646103896104,0
rf,1,SR386_40X_HE_T523_01,0,0.04524907798364695,0
rf,1,SR386_40X_HE_T529_01,0,0.017333333333333336,0
rf,1,SR386_40X_HE_T542_01,0,0.015935483870967743,0
rf,1,SR386_40X_HE_T569_01,0,0.13059197611851064,0
rf,1,SR386_40X_HE_T582_01,0,0.047263814616755793,0
rf,2,SR1482_40X_HE_T009_01,0,0.048479500891265605,0
rf,2,SR1482_40X_HE_T009_02,0,0.06094692264257481,0
rf,2,SR1482_40X_HE_T015_01,0,0.08292065718292928,0
rf,2,SR1482_40X_HE_T021_01,0,0.10501461038961038,0
rf,2,SR1482_40X_HE_T067_01,0,0.07522281747944527,0
rf,2,SR1482_40X_HE_T075_01,0,0.11749279612393217,0
rf,2,SR1482_40X_HE_T075_02,0,0.1837229437229437,0
rf,2,SR1482_40X_HE_T098_01,0,0.13741612554112556,0
rf,2,SR1482_40X_HE_T098_02,0,0.06899465240641711,0
rf,2,SR1482_40X_HE_T102_01,0,0.106786913770991,0
rf,2,SR1482_40X_HE_T123_01,0,0.09922422861150071,0
rf,2,SR1482_40X_HE_T142_01,0,0.03756131768891322,0
rf,2,SR1482_40X_HE_T146_01,0,0.40515223099542413,1
rf,2,SR1482_40X_HE_T148_01,0,0.13556318949867335,0
rf,2,SR1482_40X_HE_T148_02,0,0.10348968105065666,0
rf,2,SR1482_40X_HE_T154_01,0,0.0650785585709858,0
rf,2,SR1482_40X_HE_T158_01,0,0.07728874474053296,0
rf,2,SR1482_40X_HE_T161_01,0,0.0991291597602958,0
rf,2,SR1482_40X_HE_T161_02,0,0.10773913043478262,0
rf,2,SR1482_40X_HE_T164_01,1,0.10078581386883871,0
rf,2,SR1482_40X_HE_T164_02,1,0.11762770562770562,0
rf,2,SR1482_40X_HE_T168_01,0,0.08752613426070321,0
rf,2,SR1482_40X_HE_T171_01,0,0.1757853949329359,0
rf,2,SR1482_40X_HE_T171_02,0,0.1777063435495367,0
rf,2,SR1482_40X_HE_T178_01,1,0.16363636363636364,0
rf,2,SR1482_40X_HE_T186_01,0,0.09700936342278849,0
rf,2,SR1482_40X_HE_T193_01,0,0.20944588744588744,0
rf,2,SR1482_40X_HE_T193_02,0,0.23113436342278845,0
rf,2,SR1482_40X_HE_T209_01,0,0.14875366568914958,0
rf,2,SR1482_40X_HE_T209_02,0,0.21051889271019053,0
rf,2,SR1482_40X_HE_T245_01,0,0.15546795140343528,0
rf,2,SR1482_40X_HE_T245_02,0,0.1393401195322312,0
rf,2,SR1482_40X_HE_T265_01,0,0.04932438389100381,0
rf,2,SR1482_40X_HE_T302_01,0,0.1738357843137255,0
rf,2,SR1482_40X_HE_T343_01,1,0.2157229437229437,0
rf,2,SR1482_40X_HE_T343_02,1,0.1529300255611616,0
rf,2,SR1482_40X_HE_T399_01,0,0.20337549407114625,0
rf,2,SR1482_40X_HE_T399_02,0,0.13752452536771853,0
rf,2,SR1482_40X_HE_T426_01,0,0.08167003367003366,0
rf,2,SR1482_40X_HE_T426_02,0,0.11250232879075382,0
rf,2,SR386_40X_HE_T001_01,0,0.0753489454094293,0
rf,2,SR386_40X_HE_T013_01,0,0.1653921978886574,0
rf,2,SR386_40X_HE_T018_01,0,0.07748484848484849,0
rf,2,SR386_40X_HE_T019_01,0,0.07944322344322345,0
rf,2,SR386_40X_HE_T024_01,0,0.004,0
rf,2,SR386_40X_HE_T039_01,0,0.012,0
rf,2,SR386_40X_HE_T040_01,1,0.23383425177685518,0
rf,2,SR386_40X_HE_T042_01,0,0.09901339783405,0
rf,2,SR386_40X_HE_T047_01,0,0.06381818181818182,0
rf,2,SR386_40X_HE_T051_01,0,0.021336278384871732,0
rf,2,SR386_40X_HE_T052_01,0,0.04,0
rf,2,SR386_40X_HE_T056_01,0,0.051951219512195126,0
rf,2,SR386_40X_HE_T057_01,0,0.02958288770053476,0
rf,2,SR386_40X_HE_T070_01,0,0.054580086580086576,0
rf,2,SR386_40X_HE_T082_01,0,0.10864252193094695,0
rf,2,SR386_40X_HE_T084_01,0,0.1171016510371349,0
rf,2,SR386_40X_HE_T087_01,0,0.2279047619047619,0
rf,2,SR386_40X_HE_T088_01,0,0.11037995337995336,0
rf,2,SR386_40X_HE_T098_01,0,0.13155337004982953,0
rf,2,SR386_40X_HE_T105_01,0,0.06527660521490447,0
rf,2,SR386_40X_HE_T122_01,0,0.04573913043478261,0
rf,2,SR386_40X_HE_T123_01,0,0.12286132198833533,0
rf,2,SR386_40X_HE_T133_01,0,0.040237801651226694,0
rf,2,SR386_40X_HE_T145_01,0,0.10005958747135218,0
rf,2,SR386_40X_HE_T150_01,0,0.20523247717458884,0
rf,2,SR386_40X_HE_T152_01,0,0.08148484848484848,0
rf,2,SR386_40X_HE_T155_01,0,0.07806114857009998,0
rf,2,SR386_40X_HE_T157_01,0,0.05780952380952381,0
rf,2,SR386_40X_HE_T164_01,0,0.04374054621848739,0
rf,2,SR386_40X_HE_T166_01,0,0.07617853386450948,0
rf,2,SR386_40X_HE_T176_01,1,0.14908225108225104,0
rf,2,SR386_40X_HE_T177_01,0,0.03547715053763441,0
rf,2,SR386_40X_HE_T178_01,0,0.12320733618173685,0
rf,2,SR386_40X_HE_T187_01,0,0.0676021505376344,0
rf,2,SR386_40X_HE_T190_01,0,0.031207792207792205,0
rf,2,SR386_40X_HE_T192_01,0,0.05249334673980622,0
rf,2,SR386_40X_HE_T198_01,0,0.06226945788356443,0
rf,2,SR386_40X_HE_T200_01,0,0.17116591251885369,0
rf,2,SR386_40X_HE_T206_01,1,0.08567461430575035,0
rf,2,SR386_40X_HE_T211_01,0,0.09548484848484848,0
rf,2,SR386_40X_HE_T213_01,0,0.08344115852418338,0
rf,2,SR386_40X_HE_T214_01,0,0.16677534063301028,0
rf,2,SR386_40X_HE_T220_01,0,0.05294246929541047,0
rf,2,SR386_40X_HE_T230_01,1,0.16838327168849282,0
rf,2,SR386_40X_HE_T236_01,0,0.09889395569757836,0
rf,2,SR386_40X_HE_T237_01,0,0.037636363636363634,0
rf,2,SR386_40X_HE_T240_01,0,0.055420332355816226,0
rf,2,SR386_40X_HE_T241_01,0,0.052154761904761905,0
rf,2,SR386_40X_HE_T242_01,0,0.09136468105065666,0
rf,2,SR386_40X_HE_T253_01,0,0.016913419913419915,0
rf,2,SR386_40X_HE_T260_01,0,0.17925267491347147,0
rf,2,SR386_40X_HE_T262_01,0,0.14585391649791696,0
rf,2,SR386_40X_HE_T264_01,0,0.12651926016719228,0
rf,2,SR386_40X_HE_T271_01,0,0.05356548025145587,0
rf,2,SR386_40X_HE_T281_01,0,0.04661804861804862,0
rf,2,SR386_40X_HE_T297_01,0,0.0077229437229437235,0
rf,2,SR386_40X_HE_T299_01,0,0.04265076100370218,0
rf,2,SR386_40X_HE_T301_01,0,0.02926435789549394,0
rf,2,SR386_40X_HE_T306_01,0,0.08940579710144927,0
rf,2,SR386_40X_HE_T309_01,0,0.06032546536438215,0
rf,2,SR386_40X_HE_T314_01,0,0.07492461430575036,0
rf,2,SR386_40X_HE_T316_01,0,0.13094746376811595,0
rf,2,SR386_40X_HE_T318_01,0,0.129483851333252,0
rf,2,SR386_40X_HE_T321_01,0,0.0656750700280112,0
rf,2,SR386_40X_HE_T326_01,0,0.03335664335664336,0
rf,2,SR386_40X_HE_T327_01,0,0.034,0
rf,2,SR386_40X_HE_T332_01,1,0.09555731225296442,0
rf,2,SR386_40X_HE_T355_01,0,0.0895373792873793,0
rf,2,SR386_40X_HE_T364_01,0,0.10963636363636363,0
rf,2,SR386_40X_HE_T368_01,1,0.08314855971517963,0
rf,2,SR386_40X_HE_T374_01,0,0.039303167420814474,0
rf,2,SR386_40X_HE_T380_01,0,0.015904761904761904,0
rf,2,SR386_40X_HE_T382_01,0,0.024955128205128206,0
rf,2,SR386_40X_HE_T392_01,0,0.06394272394272395,0
rf,2,SR386_40X_HE_T398_01,0,0.10680191048788609,0
rf,2,SR386_40X_HE_T402_01,1,0.1488488191659308,0
rf,2,SR386_40X_HE_T404_01,0,0.037441399161767565,0
rf,2,SR386_40X_HE_T415_01,0,0.03180086848635236,0
rf,2,SR386_40X_HE_T417_01,0,0.017739130434782608,0
rf,2,SR386_40X_HE_T425_01,0,0.05971524577572965,0
rf,2,SR386_40X_HE_T436_01,1,0.0826658005972522,0
rf,2,SR386_40X_HE_T437_01,0,0.05323865129178222,0
rf,2,SR386_40X_HE_T440_01,0,0.07753342759391146,0
rf,2,SR386_40X_HE_T445_01,0,0.09897452953550516,0
rf,2,SR386_40X_HE_T450_01,0,0.03970634354953671,0
rf,2,SR386_40X_HE_T459_01,0,0.0674766094120933,0
rf,2,SR386_40X_HE_T472_01,0,0.045582887700534765,0
rf,2,SR386_40X_HE_T481_01,0,0.03381818181818182,0
rf,2,SR386_40X_HE_T483_01,0,0.15160295643647298,0
rf,2,SR386_40X_HE_T486_01,0,0.11408670543561436,0
rf,2,SR386_40X_HE_T488_01,0,0.12100370868968428,0
rf,2,SR386_40X_HE_T499_01,0,0.16176940133037693,0
rf,2,SR386_40X_HE_T507_01,0,0.11712121212121211,0
rf,2,SR386_40X_HE_T514_01,0,0.029300164921624402,0
rf,2,SR386_40X_HE_T520_01,1,0.04486314367644291,0
rf,2,SR386_40X_HE_T522_01,0,0.04753846153846154,0
rf,2,SR386_40X_HE_T531_01,0,0.07653455284552846,0
rf,2,SR386_40X_HE_T535_01,0,0.01,0
rf,2,SR386_40X_HE_T539_01,0,0.16308128606536326,0
rf,2,SR386_40X_HE_T549_01,0,0.061488853920797275,0
rf,2,SR386_40X_HE_T552_01,0,0.04557142857142857,0
rf,2,SR386_40X_HE_T553_01,0,0.09093939393939396,0
rf,2,SR386_40X_HE_T554_01,0,0.14183784509020717,0
rf,2,SR386_40X_HE_T558_01,0,0.05530786286883849,0
rf,2,SR386_40X_HE_T564_01,0,0.10384024577572964,0
rf,2,SR386_40X_HE_T570_01,0,0.03553846153846154,0
rf,2,SR386_40X_HE_T574_01,0,0.025904761904761906,0
rf,2,SR386_40X_HE_T578_01,0,0.028967032967032968,0
rf,2,SR386_40X_HE_T580_01,0,0.015722943722943722,0
rf,3,SR1482_40X_HE_T005_01,0,0.25734798534798536,0
rf,3,SR1482_40X_HE_T005_02,0,0.2699047619047619,0
rf,3,SR1482_40X_HE_T010_01,0,0.06245722073154342,0
rf,3,SR1482_40X_HE_T043_01,0,0.11727631377277324,0
rf,3,SR1482_40X_HE_T043_02,0,0.07849991943540331,0
rf,3,SR1482_40X_HE_T049_01,0,0.054749847059605776,0
rf,3,SR1482_40X_HE_T061_01,0,0.21335664335664337,0
rf,3,SR1482_40X_HE_T061_02,0,0.24735930735930736,0
rf,3,SR1482_40X_HE_T070_01,1,0.06181818181818182,0
rf,3,SR1482_40X_HE_T073_01,0,0.05906899352547939,0
rf,3,SR1482_40X_HE_T082_01,0,0.07344588744588745,0
rf,3,SR1482_40X_HE_T082_02,0,0.11981818181818181,0
rf,3,SR1482_40X_HE_T089_01,0,0.0612807974720953,0
rf,3,SR1482_40X_HE_T090_01,0,0.049831752055660976,0
rf,3,SR1482_40X_HE_T094_01,1,0.12962564070866558,0
rf,3,SR1482_40X_HE_T094_02,1,0.10781818181818181,0
rf,3,SR1482_40X_HE_T105_01,0,0.074,0
rf,3,SR1482_40X_HE_T115_01,0,0.09181818181818181,0
rf,3,SR1482_40X_HE_T115_02,0,0.05376522702104098,0
rf,3,SR1482_40X_HE_T118_01,0,0.2760843214756258,0
rf,3,SR1482_40X_HE_T118_02,0,0.18757184750733136,0
rf,3,SR1482_40X_HE_T120_01,0,0.24135930735930733,0
rf,3,SR1482_40X_HE_T120_02,0,0.1732947912302751,0
rf,3,SR1482_40X_HE_T124_01,0,0.19344588744588742,0
rf,3,SR1482_40X_HE_T124_02,0,0.19095073496924367,0
rf,3,SR1482_40X_HE_T138_01,0,0.015904761904761904,0
rf,3,SR1482_40X_HE_T160_01,0,0.07349682875264271,0
rf,3,SR1482_40X_HE_T160_02,0,0.05949682875264271,0
rf,3,SR1482_40X_HE_T167_01,0,0.1113896103896104,0
rf,3,SR1482_40X_HE_T167_02,0,0.09645439113865811,0
rf,3,SR1482_40X_HE_T175_01,0,0.2371129730484569,0
rf,3,SR1482_40X_HE_T175_02,0,0.16119367588932804,0
rf,3,SR1482_40X_HE_T177_01,1,0.08694734157847764,0
rf,3,SR1482_40X_HE_T188_01,0,0.07119659957006058,0
rf,3,SR1482_40X_HE_T195_01,0,0.10805636715618809,0
rf,3,SR1482_40X_HE_T195_02,0,0.11387197501951599,0
rf,3,SR1482_40X_HE_T202_01,0,0.06943739372581877,0
rf,3,SR1482_40X_HE_T202_02,0,0.1519047619047619,0
rf,3,SR1482_40X_HE_T225_01,0,0.22067866149196072,0
rf,3,SR1482_40X_HE_T225_02,0,0.08779047883337958,0
rf,3,SR1482_40X_HE_T235_01,0,0.10544933497874673,0
rf,3,SR1482_40X_HE_T235_02,0,0.0732051282051282,0
rf,3,SR1482_40X_HE_T236_01,0,0.03990476190476191,0
rf,3,SR1482_40X_HE_T236_02,0,0.057280255975908155,0
rf,3,SR1482_40X_HE_T258_01,0,0.12763636363636363,0
rf,3,SR1482_40X_HE_T258_02,0,0.08967461430575036,0
rf,3,SR1482_40X_HE_T284_01,1,0.15563636363636363,0
rf,3,SR1482_40X_HE_T284_02,1,0.20553846153846156,0
rf,3,SR1482_40X_HE_T301_01,1,0.10060786457491228,0
rf,3,SR1482_40X_HE_T301_02,1,0.16901185770750984,0
rf,3,SR1482_40X_HE_T309_01,0,0.1359047619047619,0
rf,3,SR1482_40X_HE_T313_01,0,0.2015230670195265,0
rf,3,SR1482_40X_HE_T313_02,0,0.2166022727272727,0
rf,3,SR1482_40X_HE_T338_01,0,0.18866468637320297,0
rf,3,SR1482_40X_HE_T344_01,0,0.17263565326678929,0
rf,3,SR1482_40X_HE_T344_02,0,0.13670058833172435,0
rf,3,SR1482_40X_HE_T346_01,0,0.20738961038961037,0
rf,3,SR1482_40X_HE_T346_02,0,0.15567864693446087,0
rf,3,SR1482_40X_HE_T377_01,0,0.07907092907092908,0
rf,3,SR1482_40X_HE_T377_02,0,0.08339002932551319,0
rf,3,SR1482_40X_HE_T419_01,0,0.035571428571428566,0
rf,3,SR1482_40X_HE_T427_01,0,0.08781818181818181,0
rf,3,SR1482_40X_HE_T427_02,0,0.0719047619047619,0
rf,3,SR386_40X_HE_T007_01,0,0.054541125541125536,0
rf,3,SR386_40X_HE_T015_01,0,0.09020928796542402,0
rf,3,SR386_40X_HE_T017_01,1,0.17959957116054673,0
rf,3,SR386_40X_HE_T032_01,0,0.04534082990180551,0
rf,3,SR386_40X_HE_T034_01,0,0.06210202429413596,0
rf,3,SR386_40X_HE_T035_01,0,0.11465478211658178,0
rf,3,SR386_40X_HE_T041_01,0,0.2406385983183277,0
rf,3,SR386_40X_HE_T067_01,0,0.0119672131147541,0
rf,3,SR386_40X_HE_T075_01,0,0.045961574657226834,0
rf,3,SR386_40X_HE_T081_01,0,0.06857665884211879,0
rf,3,SR386_40X_HE_T083_01,0,0.09471929824561404,0
rf,3,SR386_40X_HE_T085_01,0,0.012,0
rf,3,SR386_40X_HE_T095_01,0,0.07457979514641505,0
rf,3,SR386_40X_HE_T104_01,0,0.06319688913237301,0
rf,3,SR386_40X_HE_T106_01,0,0.02915525597590815,0
rf,3,SR386_40X_HE_T112_01,0,0.023238095238095238,0
rf,3,SR386_40X_HE_T128_01,0,0.026,0
rf,3,SR386_40X_HE_T132_01,0,0.02781818181818182,0
rf,3,SR386_40X_HE_T138_01,0,0.08642028530142133,0
rf,3,SR386_40X_HE_T142_01,0,0.10705949711262804,0
rf,3,SR386_40X_HE_T149_01,0,0.12456329995608352,0
rf,3,SR386_40X_HE_T165_01,1,0.12271566471163245,0
rf,3,SR386_40X_HE_T179_01,0,0.1330738675958188,0
rf,3,SR386_40X_HE_T180_01,0,0.09033876498276545,0
rf,3,SR386_40X_HE_T182_01,0,0.06779146528792478,0
rf,3,SR386_40X_HE_T184_01,0,0.12146057765528595,0
rf,3,SR386_40X_HE_T188_01,0,0.055223266676397605,0
rf,3,SR386_40X_HE_T191_01,0,0.01981818181818182,0
rf,3,SR386_40X_HE_T197_01,0,0.04107692307692308,0
rf,3,SR386_40X_HE_T201_01,0,0.021904761904761906,0
rf,3,SR386_40X_HE_T202_01,0,0.018,0
rf,3,SR386_40X_HE_T208_01,0,0.019296442687747037,0
rf,3,SR386_40X_HE_T216_01,1,0.14325274725274725,0
rf,3,SR386_40X_HE_T238_01,0,0.02366666666666667,0
rf,3,SR386_40X_HE_T244_01,0,0.068,0
rf,3,SR386_40X_HE_T248_01,0,0.054,0
rf,3,SR386_40X_HE_T249_01,0,0.016,0
rf,3,SR386_40X_HE_T250_01,0,0.05844038970681987,0
rf,3,SR386_40X_HE_T263_01,0,0.06184024577572965,0
rf,3,SR386_40X_HE_T267_01,0,0.19098078003821514,0
rf,3,SR386_40X_HE_T269_01,0,0.02190269698572184,0
rf,3,SR386_40X_HE_T277_01,0,0.038592673675698526,0
rf,3,SR386_40X_HE_T286_01,0,0.19959714795008912,0
rf,3,SR386_40X_HE_T287_01,0,0.10388679493557802,0
rf,3,SR386_40X_HE_T290_01,0,0.076,0
rf,3,SR386_40X_HE_T293_01,0,0.076,0
rf,3,SR386_40X_HE_T298_01,0,0.029904761904761906,0
rf,3,SR386_40X_HE_T303_01,0,0.007818181818181818,0
rf,3,SR386_40X_HE_T312_01,0,0.06772294372294373,0
rf,3,SR386_40X_HE_T329_01,0,0.2119973535512481,0
rf,3,SR386_40X_HE_T336_01,0,0.033875,0
rf,3,SR386_40X_HE_T338_01,0,0.011818181818181818,0
rf,3,SR386_40X_HE_T342_01,0,0.07335664335664335,0
rf,3,SR386_40X_HE_T353_01,0,0.15704968944099376,0
rf,3,SR386_40X_HE_T357_01,0,0.008,0
rf,3,SR386_40X_HE_T362_01,0,0.06563636363636365,0
rf,3,SR386_40X_HE_T363_01,1,0.20176940133037694,0
rf,3,SR386_40X_HE_T372_01,0,0.16632136598975847,0
rf,3,SR386_40X_HE_T378_01,0,0.01933333333333333,0
rf,3,SR386_40X_HE_T379_01,0,0.022,0
rf,3,SR386_40X_HE_T386_01,0,0.03,0
rf,3,SR386_40X_HE_T387_01,0,0.07068132549462472,0
rf,3,SR386_40X_HE_T393_01,0,0.043207792207792216,0
rf,3,SR386_40X_HE_T397_01,0,0.10568313850930217,0
rf,3,SR386_40X_HE_T406_01,0,0.185019647019647,0
rf,3,SR386_40X_HE_T409_01,0,0.07141532976827093,0
rf,3,SR386_40X_HE_T422_01,0,0.02753846153846154,0
rf,3,SR386_40X_HE_T426_01,0,0.008,0
rf,3,SR386_40X_HE_T433_01,0,0.031818181818181815,0
rf,3,SR386_40X_HE_T443_01,0,0.13355731225296444,0
rf,3,SR386_40X_HE_T448_01,0,0.07378539493293591,0
rf,3,SR386_40X_HE_T452_01,0,0.1648811687243619,0
rf,3,SR386_40X_HE_T460_01,1,0.18579146528792478,0
rf,3,SR386_40X_HE_T473_01,0,0.02733333333333333,0
rf,3,SR386_40X_HE_T475_01,0,0.01390269698572184,0
rf,3,SR386_40X_HE_T478_01,0,0.049095959595959596,0
rf,3,SR386_40X_HE_T489_01,1,0.0650514705882353,0
rf,3,SR386_40X_HE_T491_01,0,0.08348484848484847,0
rf,3,SR386_40X_HE_T492_01,0,0.018,0
rf,3,SR386_40X_HE_T493_01,0,0.03,0
rf,3,SR386_40X_HE_T502_01,0,0.024,0
rf,3,SR386_40X_HE_T505_01,0,0.12211827421120991,0
rf,3,SR386_40X_HE_T506_01,0,0.09583566212408715,0
rf,3,SR386_40X_HE_T509_01,0,0.2126822787427626,0
rf,3,SR386_40X_HE_T516_01,0,0.07889510489510489,0
rf,3,SR386_40X_HE_T518_01,0,0.03553846153846154,0
rf,3,SR386_40X_HE_T519_01,0,0.04872081541646759,0
rf,3,SR386_40X_HE_T521_01,0,0.014,0
rf,3,SR386_40X_HE_T526_01,0,0.046,0
rf,3,SR386_40X_HE_T533_01,0,0.01933333333333333,0
rf,3,SR386_40X_HE_T543_01,0,0.036,0
rf,3,SR386_40X_HE_T544_01,0,0.08309577379142595,0
rf,3,SR386_40X_HE_T556_01,1,0.072,0
rf,3,SR386_40X_HE_T560_01,0,0.09748484848484847,0
rf,3,SR386_40X_HE_T563_01,0,0.004,0
rf,3,SR386_40X_HE_T568_01,0,0.046,0
rf,3,SR386_40X_HE_T571_01,0,0.07975366568914956,0
rf,3,SR386_40X_HE_T572_01,0,0.13557184750733137,0
rf,3,SR386_40X_HE_T573_01,0,0.0615226480836237,0
rf,3,SR386_40X_HE_T583_01,0,0.041935483870967745,0
rf,4,SR1482_40X_HE_T002_01,0,0.017666666666666664,0
rf,4,SR1482_40X_HE_T003_01,0,0.07096969696969697,0
rf,4,SR1482_40X_HE_T004_01,0,0.13735064935064936,0
rf,4,SR1482_40X_HE_T004_02,0,0.12278841991341992,0
rf,4,SR1482_40X_HE_T011_01,0,0.07084415584415583,0
rf,4,SR1482_40X_HE_T025_01,0,0.11071365997028776,0
rf,4,SR1482_40X_HE_T025_02,0,0.11102027677336403,0
rf,4,SR1482_40X_HE_T060_01,0,0.07138961038961039,0
rf,4,SR1482_40X_HE_T062_01,0,0.11329533235581622,0
rf,4,SR1482_40X_HE_T062_02,0,0.1429395310571781,0
rf,4,SR1482_40X_HE_T064_01,0,0.20554208560256948,0
rf,4,SR1482_40X_HE_T064_02,0,0.11515830135041298,0
rf,4,SR1482_40X_HE_T071_01,0,0.09822356615905004,0
rf,4,SR1482_40X_HE_T071_02,0,0.12076927776524551,0
rf,4,SR1482_40X_HE_T074_01,0,0.0649182524792281,0
rf,4,SR1482_40X_HE_T074_02,0,0.07515946279059883,0
rf,4,SR1482_40X_HE_T083_01,0,0.1816178861788618,0
rf,4,SR1482_40X_HE_T083_02,0,0.2018181818181818,0
rf,4,SR1482_40X_HE_T087_01,0,0.028016147772283815,0
rf,4,SR1482_40X_HE_T097_01,1,0.14287067630826397,0
rf,4,SR1482_40X_HE_T097_02,1,0.08681289081289083,0
rf,4,SR1482_40X_HE_T108_01,0,0.007505674653215637,0
rf,4,SR1482_40X_HE_T113_01,0,0.1082077922077922,0
rf,4,SR1482_40X_HE_T113_02,0,0.09679582642696247,0
rf,4,SR1482_40X_HE_T121_01,0,0.02981818181818182,0
rf,4,SR1482_40X_HE_T122_01,0,0.03300053569618787,0
rf,4,SR1482_40X_HE_T125_01,0,0.07691341991341992,0
rf,4,SR1482_40X_HE_T125_02,0,0.1598536585365854,0
rf,4,SR1482_40X_HE_T131_01,0,0.15742365461495245,0
rf,4,SR1482_40X_HE_T131_02,0,0.1296183051147646,0
rf,4,SR1482_40X_HE_T132_01,0,0.1323562351626868,0
rf,4,SR1482_40X_HE_T132_02,0,0.11876161332823325,0
rf,4,SR1482_40X_HE_T143_01,0,0.14115151515151517,0
rf,4,SR1482_40X_HE_T143_02,0,0.20324675324675326,0
rf,4,SR1482_40X_HE_T166_01,1,0.04260671886253282,0
rf,4,SR1482_40X_HE_T169_01,0,0.09747619047619047,0
rf,4,SR1482_40X_HE_T176_01,1,0.23621978021978018,0
rf,4,SR1482_40X_HE_T176_02,1,0.12079361814655931,0
rf,4,SR1482_40X_HE_T191_01,0,0.04751889271019054,0
rf,4,SR1482_40X_HE_T194_01,0,0.502,1
rf,4,SR1482_40X_HE_T218_01,0,0.027166167166167165,0
rf,4,SR1482_40X_HE_T253_01,0,0.033318223443223445,0
rf,4,SR1482_40X_HE_T290_01,0,0.16472736809479535,0
rf,4,SR1482_40X_HE_T308_01,0,0.1714231334762644,0
rf,4,SR1482_40X_HE_T314_01,0,0.2597694013303769,0
rf,4,SR1482_40X_HE_T314_02,0,0.2798181818181818,0
rf,4,SR1482_40X_HE_T372_01,1,0.2185951575306414,0
rf,4,SR1482_40X_HE_T372_02,1,0.13372785811208143,0
rf,4,SR1482_40X_HE_T408_01,0,0.05945206159960258,0
rf,4,SR1482_40X_HE_T412_01,0,0.07330357142857143,0
rf,4,SR1482_40X_HE_T425_01,0,0.027443223443223447,0
rf,4,SR1482_40X_HE_T434_01,1,0.09908276538567648,0
rf,4,SR386_40X_HE_T006_01,0,0.06190476190476191,0
rf,4,SR386_40X_HE_T010_01,0,0.057935483870967745,0
rf,4,SR386_40X_HE_T014_01,0,0.08194390577693061,0
rf,4,SR386_40X_HE_T016_01,0,0.01781818181818182,0
rf,4,SR386_40X_HE_T020_01,0,0.016,0
rf,4,SR386_40X_HE_T027_01,0,0.13540576496674056,0
rf,4,SR386_40X_HE_T028_01,0,0.0970827922077922,0
rf,4,SR386_40X_HE_T037_01,0,0.022,0
rf,4,SR386_40X_HE_T043_01,0,0.06938137131685518,0
rf,4,SR386_40X_HE_T044_01,1,0.12306377362474923,0
rf,4,SR386_40X_HE_T046_01,0,0.027818181818181822,0
rf,4,SR386_40X_HE_T058_01,0,0.05551809656668991,0
rf,4,SR386_40X_HE_T062_01,0,0.04133333333333333,0
rf,4,SR386_40X_HE_T065_01,1,0.04381818181818182,0
rf,4,SR386_40X_HE_T080_01,0,0.033675070028011206,0
rf,4,SR386_40X_HE_T091_01,0,0.047753665689149564,0
rf,4,SR386_40X_HE_T094_01,0,0.007935483870967742,0
rf,4,SR386_40X_HE_T097_01,0,0.064,0
rf,4,SR386_40X_HE_T100_01,0,0.10433599733599733,0
rf,4,SR386_40X_HE_T107_01,0,0.07952581427227376,0
rf,4,SR386_40X_HE_T109_01,1,0.1332742673992674,0
rf,4,SR386_40X_HE_T110_01,0,0.06942740998838559,0
rf,4,SR386_40X_HE_T117_01,0,0.02981818181818182,0
rf,4,SR386_40X_HE_T127_01,0,0.03297935397935398,0
rf,4,SR386_40X_HE_T129_01,0,0.04490251683800071,0
rf,4,SR386_40X_HE_T136_01,0,0.053492345053320664,0
rf,4,SR386_40X_HE_T154_01,0,0.04386554621848739,0
rf,4,SR386_40X_HE_T168_01,1,0.17730231993345597,0
rf,4,SR386_40X_HE_T175_01,0,0.043875,0
rf,4,SR386_40X_HE_T189_01,0,0.04913961038961039,0
rf,4,SR386_40X_HE_T195_01,0,0.017261405261405263,0
rf,4,SR386_40X_HE_T227_01,0,0.03566666666666667,0
rf,4,SR386_40X_HE_T233_01,0,0.10923851417399805,0
rf,4,SR386_40X_HE_T234_01,0,0.18539444295541854,0
rf,4,SR386_40X_HE_T235_01,0,0.06,0
rf,4,SR386_40X_HE_T239_01,0,0.09297773466371026,0
rf,4,SR386_40X_HE_T245_01,0,0.025627705627705628,0
rf,4,SR386_40X_HE_T256_01,0,0.05953846153846154,0
rf,4,SR386_40X_HE_T265_01,0,0.049128740824392995,0
rf,4,SR386_40X_HE_T268_01,0,0.11154112554112552,0
rf,4,SR386_40X_HE_T270_01,0,0.05006547076112294,0
rf,4,SR386_40X_HE_T272_01,0,0.14891975835572438,0
rf,4,SR386_40X_HE_T273_01,0,0.07193548387096774,0
rf,4,SR386_40X_HE_T276_01,0,0.1249360195671556,0
rf,4,SR386_40X_HE_T278_01,1,0.11966646528792478,0
rf,4,SR386_40X_HE_T284_01,0,0.022,0
rf,4,SR386_40X_HE_T285_01,0,0.007818181818181818,0
rf,4,SR386_40X_HE_T288_01,0,0.06738961038961039,0
rf,4,SR386_40X_HE_T291_01,0,0.0939047619047619,0
rf,4,SR386_40X_HE_T300_01,0,0.03347394540942928,0
rf,4,SR386_40X_HE_T302_01,0,0.0792051282051282,0
rf,4,SR386_40X_HE_T305_01,0,0.033364055299539175,0
rf,4,SR386_40X_HE_T308_01,0,0.061056833109964036,0
rf,4,SR386_40X_HE_T325_01,0,0.047246753246753245,0
rf,4,SR386_40X_HE_T331_01,0,0.07279903967000742,0
rf,4,SR386_40X_HE_T341_01,0,0.1799047619047619,0
rf,4,SR386_40X_HE_T343_01,1,0.06735981773409258,0
rf,4,SR386_40X_HE_T346_01,0,0.08909032091097308,0
rf,4,SR386_40X_HE_T352_01,0,0.08581048387096775,0
rf,4,SR386_40X_HE_T373_01,0,0.1374235524121672,0
rf,4,SR386_40X_HE_T375_01,0,0.12642175841467737,0
rf,4,SR386_40X_HE_T381_01,0,0.03826240694789083,0
rf,4,SR386_40X_HE_T389_01,0,0.09267033235581623,0
rf,4,SR386_40X_HE_T391_01,0,0.04820833333333334,0
rf,4,SR386_40X_HE_T394_01,0,0.02175366568914956,0
rf,4,SR386_40X_HE_T399_01,0,0.20338961038961037,0
rf,4,SR386_40X_HE_T403_01,0,0.028636363636363637,0
rf,4,SR386_40X_HE_T405_01,0,0.09648858930924148,0
rf,4,SR386_40X_HE_T407_01,0,0.03716983016983017,0
rf,4,SR386_40X_HE_T414_01,0,0.04887179487179487,0
rf,4,SR386_40X_HE_T424_01,0,0.13913849057446617,0
rf,4,SR386_40X_HE_T429_01,0,0.1359047619047619,0
rf,4,SR386_40X_HE_T441_01,0,0.12590243902439024,0
rf,4,SR386_40X_HE_T451_01,0,0.03781818181818182,0
rf,4,SR386_40X_HE_T453_01,0,0.029986109353536575,0
rf,4,SR386_40X_HE_T455_01,0,0.09462546056094442,0
rf,4,SR386_40X_HE_T465_01,0,0.13772062084257206,0
rf,4,SR386_40X_HE_T474_01,0,0.09734993898107501,0
rf,4,SR386_40X_HE_T476_01,0,0.1446374083233839,0
rf,4,SR386_40X_HE_T479_01,0,0.0646849816849817,0
rf,4,SR386_40X_HE_T482_01,0,0.0789047619047619,0
rf,4,SR386_40X_HE_T487_01,0,0.052,0
rf,4,SR386_40X_HE_T490_01,0,0.034958793894277765,0
rf,4,SR386_40X_HE_T494_01,0,0.029904761904761906,0
rf,4,SR386_40X_HE_T500_01,0,0.02348968105065666,0
rf,4,SR386_40X_HE_T510_01,0,0.10715151515151515,0
rf,4,SR386_40X_HE_T524_01,0,0.156,0
rf,4,SR386_40X_HE_T528_01,0,0.18763636363636363,0
rf,4,SR386_40X_HE_T532_01,0,0.03165842759391147,0
rf,4,SR386_40X_HE_T534_01,0,0.11544588744588744,0
rf,4,SR386_40X_HE_T536_01,0,0.02141346153846154,0
rf,4,SR386_40X_HE_T537_01,0,0.049454376210512255,0
rf,4,SR386_40X_HE_T541_01,0,0.052,0
rf,4,SR386_40X_HE_T548_01,1,0.12065460684057286,0
rf,4,SR386_40X_HE_T550_01,0,0.12990018852115628,0
rf,4,SR386_40X_HE_T551_01,0,0.009818181818181818,0
rf,4,SR386_40X_HE_T557_01,0,0.037261405261405256,0
rf,4,SR386_40X_HE_T565_01,0,0.016,0
rf,4,SR386_40X_HE_T567_01,0,0.04315634771732333,0
rf,4,SR386_40X_HE_T575_01,0,0.096,0
rf,4,SR386_40X_HE_T576_01,0,0.10981818181818181,0
rf,4,SR386_40X_HE_T581_01,0,0.15294621227300048,0
