classifier,fold,WSI_ID,target,prob_pos,pred_at_0.5
lin,1,SR1482_40X_HE_T029_01,0,0.013732900873041201,0
lin,1,SR1482_40X_HE_T029_02,0,0.3979337141223734,0
lin,1,SR1482_40X_HE_T057_01,0,2.323160184903962e-06,0
lin,1,SR1482_40X_HE_T063_01,1,0.8826775892212717,1
lin,1,SR1482_40X_HE_T063_02,1,0.019240341291493795,0
lin,1,SR1482_40X_HE_T065_01,0,0.014705974143926444,0
lin,1,SR1482_40X_HE_T065_02,0,6.971053176001692e-06,0
lin,1,SR1482_40X_HE_T066_01,0,0.8412994926519056,1
lin,1,SR1482_40X_HE_T066_02,0,0.38964815039207396,0
lin,1,SR1482_40X_HE_T068_01,0,4.342682095636274e-07,0
lin,1,SR1482_40X_HE_T069_01,0,1.806762076336865e-09,0
lin,1,SR1482_40X_HE_T069_02,0,2.0395930155712437e-07,0
lin,1,SR1482_40X_HE_T079_01,1,0.005432589153880415,0
lin,1,SR1482_40X_HE_T079_02,1,0.9054064732865056,1
lin,1,SR1482_40X_HE_T080_01,0,8.468133941670957e-06,0
lin,1,SR1482_40X_HE_T080_02,0,1.2620221294183363e-05,0
lin,1,SR1482_40X_HE_T081_01,0,4.2773066061941235e-05,0
lin,1,SR1482_40X_HE_T081_02,0,2.711392754441877e-05,0
lin,1,SR1482_40X_HE_T099_01,0,2.999805752586993e-08,0
lin,1,SR1482_40X_HE_T116_01,0,0.022699001403907782,0
lin,1,SR1482_40X_HE_T117_01,0,2.1630253805721212e-07,0
lin,1,SR1482_40X_HE_T117_02,0,9.672709335361788e-07,0
lin,1,SR1482_40X_HE_T126_01,0,0.019554539382458505,0
lin,1,SR1482_40X_HE_T129_01,0,0.00018575980531987109,0
lin,1,SR1482_40X_HE_T129_02,0,0.07887577070648918,0
lin,1,SR1482_40X_HE_T139_01,0,0.012236006184075415,0
lin,1,SR1482_40X_HE_T139_02,0,0.8001526193177518,1
lin,1,SR1482_40X_HE_T147_01,0,0.2395322960926261,0
lin,1,SR1482_40X_HE_T147_02,0,0.9999984235661612,1
lin,1,SR1482_40X_HE_T159_01,0,0.0001317978234734912,0
lin,1,SR1482_40X_HE_T159_02,0,0.030931218025591026,0
lin,1,SR1482_40X_HE_T192_01,0,0.014446641668759683,0
lin,1,SR1482_40X_HE_T199_01,0,0.0005585686258128193,0
lin,1,SR1482_40X_HE_T304_01,0,5.070835521091569e-05,0
lin,1,SR1482_40X_HE_T304_02,0,0.00039011398756600893,0
lin,1,SR1482_40X_HE_T310_01,1,0.965382004428605,1
lin,1,SR1482_40X_HE_T310_02,1,0.9433265329833452,1
lin,1,SR1482_40X_HE_T341_01,0,1.224287341723984e-07,0
lin,1,SR1482_40X_HE_T341_02,0,1.8252093466867452e-06,0
lin,1,SR1482_40X_HE_T353_01,0,0.0007486434127124036,0
lin,1,SR1482_40X_HE_T390_01,0,1.6892345562915688e-08,0
lin,1,SR1482_40X_HE_T433_01,1,0.04156279433714597,0
lin,1,SR386_40X_HE_T003_01,0,0.0002454927937824871,0
lin,1,SR386_40X_HE_T004_01,0,0.0015471025794397315,0
lin,1,SR386_40X_HE_T022_01,1,0.9918073569601064,1
lin,1,SR386_40X_HE_T030_01,0,0.0022120020793291837,0
lin,1,SR386_40X_HE_T033_01,0,0.003321168317930726,0
lin,1,SR386_40X_HE_T036_01,0,1.0929160767580512e-07,0
lin,1,SR386_40X_HE_T038_01,0,7.465809069654265e-06,0
lin,1,SR386_40X_HE_T049_01,0,4.798380984399417e-09,0
lin,1,SR386_40X_HE_T050_01,0,0.00016813220184860685,0
lin,1,SR386_40X_HE_T060_01,0,2.0175370606878244e-05,0
lin,1,SR386_40X_HE_T063_01,0,0.003926057285386442,0
lin,1,SR386_40X_HE_T066_01,0,0.046907048016867216,0
lin,1,SR386_40X_HE_T069_01,0,0.002322536938379094,0
lin,1,SR386_40X_HE_T072_01,0,0.00034222781942442796,0
lin,1,SR386_40X_HE_T074_01,0,2.2033481059618105e-05,0
lin,1,SR386_40X_HE_T078_01,0,0.0028241704424235513,0
lin,1,SR386_40X_HE_T079_01,0,6.688854100204291e-11,0
lin,1,SR386_40X_HE_T092_01,1,0.3965692851500112,0
lin,1,SR386_40X_HE_T096_01,0,4.3106354873913924e-08,0
lin,1,SR386_40X_HE_T099_01,0,3.562788750976863e-06,0
lin,1,SR386_40X_HE_T103_01,0,9.356536833766428e-09,0
lin,1,SR386_40X_HE_T108_01,0,0.002099240601127545,0
lin,1,SR386_40X_HE_T113_01,0,0.001139867289044438,0
lin,1,SR386_40X_HE_T114_01,0,0.0001463162353650727,0
lin,1,SR386_40X_HE_T119_01,0,0.0023337446148758902,0
lin,1,SR386_40X_HE_T126_01,0,0.00030755217543527996,0
lin,1,SR386_40X_HE_T130_01,0,1.4308161138273634e-08,0
lin,1,SR386_40X_HE_T131_01,0,0.00018025774050944905,0
lin,1,SR386_40X_HE_T135_01,0,0.7223088871245782,1
lin,1,SR386_40X_HE_T140_01,0,4.7590933814380256e-05,0
lin,1,SR386_40X_HE_T144_01,0,0.2311792360770661,0
lin,1,SR386_40X_HE_T147_01,0,7.771145865436806e-07,0
lin,1,SR386_40X_HE_T148_01,0,0.00026839889829861614,0
lin,1,SR386_40X_HE_T160_01,0,0.0001133811142136122,0
lin,1,SR386_40X_HE_T169_01,0,2.0331276144316313e-10,0
lin,1,SR386_40X_HE_T170_01,1,0.955240811588132,1
lin,1,SR386_40X_HE_T172_01,0,0.9949110738069292,1
lin,1,SR386_40X_HE_T174_01,0,0.012044240574209972,0
lin,1,SR386_40X_HE_T181_01,0,1.645783397453176e-06,0
lin,1,SR386_40X_HE_T196_01,0,1.1056288226783619e-07,0
lin,1,SR386_40X_HE_T205_01,0,0.02808383724142602,0
lin,1,SR386_40X_HE_T209_01,0,2.594509552268115e-05,0
lin,1,SR386_40X_HE_T210_01,0,0.8283317197279872,1
lin,1,SR386_40X_HE_T212_01,0,2.6213147916223534e-07,0
lin,1,SR386_40X_HE_T221_01,0,8.602367760264541e-06,0
lin,1,SR386_40X_HE_T224_01,0,7.025146529862501e-06,0
lin,1,SR386_40X_HE_T231_01,1,0.5029236644705677,1
lin,1,SR386_40X_HE_T232_01,0,8.27236439125824e-07,0
lin,1,SR386_40X_HE_T247_01,0,3.2936303310731407e-07,0
lin,1,SR386_40X_HE_T252_01,0,3.8732064872493847e-07,0
lin,1,SR386_40X_HE_T255_01,0,0.0002353674883477271,0
lin,1,SR386_40X_HE_T259_01,1,0.9810699037084674,1
lin,1,SR386_40X_HE_T274_01,0,1.7717022426404687e-06,0
lin,1,SR386_40X_HE_T275_01,0,0.02111563634998907,0
lin,1,SR386_40X_HE_T282_01,0,2.79839394907563e-07,0
lin,1,SR386_40X_HE_T294_01,0,0.6928311997823491,1
lin,1,SR386_40X_HE_T311_01,0,7.872609488029209e-05,0
lin,1,SR386_40X_HE_T315_01,0,0.0005136550605971775,0
lin,1,SR386_40X_HE_T319_01,1,0.0017531565288646399,0
lin,1,SR386_40X_HE_T324_01,1,0.00730235354892466,0
lin,1,SR386_40X_HE_T330_01,0,6.973376174499816e-09,0
lin,1,SR386_40X_HE_T333_01,0,0.003955380657374969,0
lin,1,SR386_40X_HE_T335_01,0,6.058205249980935e-07,0
lin,1,SR386_40X_HE_T337_01,0,0.0002023056354704095,0
lin,1,SR386_40X_HE_T344_01,0,0.00017240258740406633,0
lin,1,SR386_40X_HE_T347_01,0,1.4587109512753157e-05,0
lin,1,SR386_40X_HE_T350_01,0,2.137239351029132e-07,0
lin,1,SR386_40X_HE_T351_01,0,0.003541232133800536,0
lin,1,SR386_40X_HE_T360_01,0,2.6216092625777265e-08,0
lin,1,SR386_40X_HE_T361_01,0,1.4659623702033458e-06,0
lin,1,SR386_40X_HE_T366_01,0,2.475902746886696e-05,0
lin,1,SR386_40X_HE_T377_01,1,0.9989859435774068,1
lin,1,SR386_40X_HE_T384_01,0,1.570799799123913e-06,0
lin,1,SR386_40X_HE_T395_01,0,5.991390976629346e-07,0
lin,1,SR386_40X_HE_T396_01,0,0.00047392445734762085,0
lin,1,SR386_40X_HE_T401_01,0,0.019529629914652347,0
lin,1,SR386_40X_HE_T408_01,0,1.3979716002897567e-06,0
lin,1,SR386_40X_HE_T410_01,0,0.0020885162750477588,0
lin,1,SR386_40X_HE_T413_01,0,1.9796058327765684e-05,0
lin,1,SR386_40X_HE_T416_01,0,2.699580907104854e-06,0
lin,1,SR386_40X_HE_T418_01,0,1.2065173057627466e-08,0
lin,1,SR386_40X_HE_T419_01,0,0.007117248023361828,0
lin,1,SR386_40X_HE_T421_01,0,3.1778930126312395e-07,0
lin,1,SR386_40X_HE_T423_01,0,8.673379733158324e-08,0
lin,1,SR386_40X_HE_T428_01,0,7.25105304809054e-06,0
lin,1,SR386_40X_HE_T430_01,0,0.0003200058695722127,0
lin,1,SR386_40X_HE_T431_01,0,0.003728789615418878,0
lin,1,SR386_40X_HE_T435_01,0,0.8459738680437957,1
lin,1,SR386_40X_HE_T438_01,0,0.00016101951614183068,0
lin,1,SR386_40X_HE_T439_01,0,0.09562031706948124,0
lin,1,SR386_40X_HE_T447_01,0,1.1608643452616143e-10,0
lin,1,SR386_40X_HE_T449_01,0,1.2781069737228716e-05,0
lin,1,SR386_40X_HE_T454_01,0,1.5676855283877283e-06,0
lin,1,SR386_40X_HE_T456_01,0,6.172107188346829e-06,0
lin,1,SR386_40X_HE_T461_01,0,6.321762015952396e-05,0
lin,1,SR386_40X_HE_T462_01,0,0.00016588496252442877,0
lin,1,SR386_40X_HE_T468_01,0,1.1071603997663679e-06,0
lin,1,SR386_40X_HE_T469_01,1,0.5041358784059089,1
lin,1,SR386_40X_HE_T470_01,0,6.139195881213613e-05,0
lin,1,SR386_40X_HE_T471_01,0,3.6565861536684527e-07,0
lin,1,SR386_40X_HE_T477_01,0,3.3465794913416936e-05,0
lin,1,SR386_40X_HE_T480_01,0,0.009014147079803582,0
lin,1,SR386_40X_HE_T484_01,0,0.036074311197770104,0
lin,1,SR386_40X_HE_T495_01,0,1.3291034157178908e-10,0
lin,1,SR386_40X_HE_T496_01,0,3.741896030442365e-08,0
lin,1,SR386_40X_HE_T498_01,0,0.9653546374964714,1
lin,1,SR386_40X_HE_T504_01,0,2.32889383681732e-06,0
lin,1,SR386_40X_HE_T511_01,0,1.3791933965799914e-05,0
lin,1,SR386_40X_HE_T517_01,0,0.7408717680774015,1
lin,1,SR386_40X_HE_T523_01,0,2.1787514260304676e-05,0
lin,1,SR386_40X_HE_T529_01,0,7.151753440421345e-06,0
lin,1,SR386_40X_HE_T542_01,0,1.808489047697626e-06,0
lin,1,SR386_40X_HE_T569_01,0,0.03999908412860839,0
lin,1,SR386_40X_HE_T582_01,0,8.030688642508994e-07,0
lin,2,SR1482_40X_HE_T009_01,0,5.100241379524137e-16,0
lin,2,SR1482_40X_HE_T009_02,0,4.207088317481522e-12,0
lin,2,SR1482_40X_HE_T015_01,0,0.00018043214283029285,0
lin,2,SR1482_40X_HE_T021_01,0,1.4316442425679004e-05,0
lin,2,SR1482_40X_HE_T067_01,0,2.384708681691422e-06,0
lin,2,SR1482_40X_HE_T075_01,0,3.569408772045959e-05,0
lin,2,SR1482_40X_HE_T075_02,0,0.0007456143162314774,0
lin,2,SR1482_40X_HE_T098_01,0,0.0007231898691769675,0
lin,2,SR1482_40X_HE_T098_02,0,2.5647992470124645e-05,0
lin,2,SR1482_40X_HE_T102_01,0,0.0006133475326371091,0
lin,2,SR1482_40X_HE_T123_01,0,0.0009283581881352072,0
lin,2,SR1482_40X_HE_T142_01,0,4.779828051889395e-08,0
lin,2,SR1482_40X_HE_T146_01,0,0.43214221987555795,0
lin,2,SR1482_40X_HE_T148_01,0,0.005465743150603903,0
lin,2,SR1482_40X_HE_T148_02,0,0.0016563743377736783,0
lin,2,SR1482_40X_HE_T154_01,0,5.267355001606407e-05,0
lin,2,SR1482_40X_HE_T158_01,0,1.6013928649488746e-05,0
lin,2,SR1482_40X_HE_T161_01,0,0.0016790524630297635,0
lin,2,SR1482_40X_HE_T161_02,0,0.00018539581605065848,0
lin,2,SR1482_40X_HE_T164_01,1,5.017239694522124e-07,0
lin,2,SR1482_40X_HE_T164_02,1,0.0004324880792343946,0
lin,2,SR1482_40X_HE_T168_01,0,0.0068868672936148985,0
lin,2,SR1482_40X_HE_T171_01,0,0.000775145487512441,0
lin,2,SR1482_40X_HE_T171_02,0,0.012995755429156425,0
lin,2,SR1482_40X_HE_T178_01,1,3.5990830291653525e-05,0
lin,2,SR1482_40X_HE_T186_01,0,3.5062668473999265e-06,0
lin,2,SR1482_40X_HE_T193_01,0,0.005872405527358108,0
lin,2,SR1482_40X_HE_T193_02,0,0.04583900329436935,0
lin,2,SR1482_40X_HE_T209_01,0,0.0010344573176022617,0
lin,2,SR1482_40X_HE_T209_02,0,0.46147510887822113,0
lin,2,SR1482_40X_HE_T245_01,0,0.01645942679300422,0
lin,2,SR1482_40X_HE_T245_02,0,4.1463777221680907e-07,0
lin,2,SR1482_40X_HE_T265_01,0,4.508268096631772e-05,0
lin,2,SR1482_40X_HE_T302_01,0,0.6593249993589642,1
lin,2,SR1482_40X_HE_T343_01,1,0.00011767692382147688,0
lin,2,SR1482_40X_HE_T343_02,1,0.0007880187942121441,0
lin,2,SR1482_40X_HE_T399_01,0,1.686621102709589e-06,0
lin,2,SR1482_40X_HE_T399_02,0,0.00026820106881461246,0
lin,2,SR1482_40X_HE_T426_01,0,6.839537385300779e-08,0
lin,2,SR1482_40X_HE_T426_02,0,6.160365422951484e-07,0
lin,2,SR386_40X_HE_T001_01,0,0.038537228224350704,0
lin,2,SR386_40X_HE_T013_01,0,4.825625135207699e-06,0
lin,2,SR386_40X_HE_T018_01,0,3.4428634613992564e-05,0
lin,2,SR386_40X_HE_T019_01,0,3.7019903216093706e-07,0
lin,2,SR386_40X_HE_T024_01,0,1.4070500293266257e-12,0
lin,2,SR386_40X_HE_T039_01,0,4.9671551929235035e-08,0
lin,2,SR386_40X_HE_T040_01,1,0.8560661134868484,1
lin,2,SR386_40X_HE_T042_01,0,0.00013592149843933113,0
lin,2,SR386_40X_HE_T047_01,0,5.708334177369282e-09,0
lin,2,SR386_40X_HE_T051_01,0,1.5560666002724715e-08,0
lin,2,SR386_40X_HE_T052_01,0,1.3607608258785096e-06,0
lin,2,SR386_40X_HE_T056_01,0,1.5768767889393307e-06,0
lin,2,SR386_40X_HE_T057_01,0,1.4504473486133277e-07,0
lin,2,SR386_40X_HE_T070_01,0,6.483092956988571e-07,0
lin,2,SR386_40X_HE_T082_01,0,0.002463298385041704,0
lin,2,SR386_40X_HE_T084_01,0,2.310190867323987e-12,0
lin,2,SR386_40X_HE_T087_01,0,0.0028988407752237014,0
lin,2,SR386_40X_HE_T088_01,0,0.0026390827171924288,0
lin,2,SR386_40X_HE_T098_01,0,0.01525200229021297,0
lin,2,SR386_40X_HE_T105_01,0,0.00011514610407923399,0
lin,2,SR386_40X_HE_T122_01,0,2.663303002565062e-08,0
lin,2,SR386_40X_HE_T123_01,0,5.3591272959002165e-05,0
lin,2,SR386_40X_HE_T133_01,0,2.031227971585752e-09,0
lin,2,SR386_40X_HE_T145_01,0,0.00016974396455184655,0
lin,2,SR386_40X_HE_T150_01,0,0.001382866239486465,0
lin,2,SR386_40X_HE_T152_01,0,1.4631804131939261e-05,0
lin,2,SR386_40X_HE_T155_01,0,0.0014064768740681512,0
lin,2,SR386_40X_HE_T157_01,0,5.472531268087677e-06,0
lin,2,SR386_40X_HE_T164_01,0,0.0005595276038357667,0
lin,2,SR386_40X_HE_T166_01,0,0.022585356678845033,0
lin,2,SR386_40X_HE_T176_01,1,0.162300210841473,0
lin,2,SR386_40X_HE_T177_01,0,2.7700863021984376e-11,0
lin,2,SR386_40X_HE_T178_01,0,0.008941609234106225,0
lin,2,SR386_40X_HE_T187_01,0,8.943881418282898e-06,0
lin,2,SR386_40X_HE_T190_01,0,6.4132140262885466e-06,0
lin,2,SR386_40X_HE_T192_01,0,9.679363414169571e-09,0
lin,2,SR386_40X_HE_T198_01,0,1.6189051292815444e-06,0
lin,2,SR386_40X_HE_T200_01,0,0.0035273060631347193,0
lin,2,SR386_40X_HE_T206_01,1,9.984326905822613e-07,0
lin,2,SR386_40X_HE_T211_01,0,3.822080172476061e-05,0
lin,2,SR386_40X_HE_T213_01,0,3.234365196348028e-06,0
lin,2,SR386_40X_HE_T214_01,0,6.330253363462455e-05,0
lin,2,SR386_40X_HE_T220_01,0,9.807100078335963e-08,0
lin,2,SR386_40X_HE_T230_01,1,0.6356000229527752,1
lin,2,SR386_40X_HE_T236_01,0,1.1764297990308923e-05,0
lin,2,SR386_40X_HE_T237_01,0,1.10915382748075e-05,0
lin,2,SR386_40X_HE_T240_01,0,6.832974519386544e-05,0
lin,2,SR386_40X_HE_T241_01,0,2.0431646829723977e-05,0
lin,2,SR386_40X_HE_T242_01,0,1.8453939152848044e-05,0
lin,2,SR386_40X_HE_T253_01,0,6.683193130764774e-08,0
lin,2,SR386_40X_HE_T260_01,0,2.4533632668245557e-07,0
lin,2,SR386_40X_HE_T262_01,0,2.381760714655195e-05,0
lin,2,SR386_40X_HE_T264_01,0,0.0012715521981104011,0
lin,2,SR386_40X_HE_T271_01,0,2.4922074780636834e-07,0
lin,2,SR386_40X_HE_T281_01,0,1.5376354219686526e-07,0
lin,2,SR386_40X_HE_T297_01,0,8.497567363220007e-10,0
lin,2,SR386_40X_HE_T299_01,0,1.2225710139998747e-06,0
lin,2,SR386_40X_HE_T301_01,0,1.013537185553925e-08,0
lin,2,SR386_40X_HE_T306_01,0,1.0713433371746153e-07,0
lin,2,SR386_40X_HE_T309_01,0,1.6905899777149152e-06,0
lin,2,SR386_40X_HE_T314_01,0,4.582856236700005e-05,0
lin,2,SR386_40X_HE_T316_01,0,0.983141659816387,1
lin,2,SR386_40X_HE_T318_01,0,1.848162665893278e-05,0
lin,2,SR386_40X_HE_T321_01,0,0.00026532403903651165,0
lin,2,SR386_40X_HE_T326_01,0,0.00012567344835742112,0
lin,2,SR386_40X_HE_T327_01,0,1.639190830392451e-09,0
lin,2,SR386_40X_HE_T332_01,1,0.0002030990585040404,0
lin,2,SR386_40X_HE_T355_01,0,1.1541821529731779e-05,0
lin,2,SR386_40X_HE_T364_01,0,0.015457808104280647,0
lin,2,SR386_40X_HE_T368_01,1,8.849932191128001e-06,0
lin,2,SR386_40X_HE_T374_01,0,1.2786007307237559e-07,0
lin,2,SR386_40X_HE_T380_01,0,1.382494678986825e-08,0
lin,2,SR386_40X_HE_T382_01,0,8.261677470780763e-07,0
lin,2,SR386_40X_HE_T392_01,0,1.8590676946635546e-06,0
lin,2,SR386_40X_HE_T398_01,0,3.0699026986304033e-06,0
lin,2,SR386_40X_HE_T402_01,1,0.26170204536230796,0
lin,2,SR386_40X_HE_T404_01,0,4.277102522586677e-06,0
lin,2,SR386_40X_HE_T415_01,0,6.381090724576305e-11,0
lin,2,SR386_40X_HE_T417_01,0,2.591729896418725e-10,0
lin,2,SR386_40X_HE_T425_01,0,5.129922137004744e-07,0
lin,2,SR386_40X_HE_T436_01,1,0.00017877003039246564,0
lin,2,SR386_40X_HE_T437_01,0,2.756328517314118e-07,0
lin,2,SR386_40X_HE_T440_01,0,0.0005070267875808619,0
lin,2,SR386_40X_HE_T445_01,0,3.700588197508266e-05,0
lin,2,SR386_40X_HE_T450_01,0,5.258076838016996e-05,0
lin,2,SR386_40X_HE_T459_01,0,4.2499036576937e-06,0
lin,2,SR386_40X_HE_T472_01,0,1.8806624756786737e-06,0
lin,2,SR386_40X_HE_T481_01,0,0.011793803985251478,0
lin,2,SR386_40X_HE_T483_01,0,3.5459471631444437e-05,0
lin,2,SR386_40X_HE_T486_01,0,0.06341753724325146,0
lin,2,SR386_40X_HE_T488_01,0,3.3963392307557237e-09,0
lin,2,SR386_40X_HE_T499_01,0,9.92089986790209e-08,0
lin,2,SR386_40X_HE_T507_01,0,2.8077058712222545e-05,0
lin,2,SR386_40X_HE_T514_01,0,2.7459162564282746e-06,0
lin,2,SR386_40X_HE_T520_01,1,6.951344104855545e-07,0
lin,2,SR386_40X_HE_T522_01,0,9.016756560399304e-05,0
lin,2,SR386_40X_HE_T531_01,0,4.0500160415606674e-06,0
lin,2,SR386_40X_HE_T535_01,0,2.8123944554872953e-12,0
lin,2,SR386_40X_HE_T539_01,0,7.126834983912178e-07,0
lin,2,SR386_40X_HE_T549_01,0,6.305739284693203e-08,0
lin,2,SR386_40X_HE_T552_01,0,1.2942256290213816e-06,0
lin,2,SR386_40X_HE_T553_01,0,0.001704723478037918,0
lin,2,SR386_40X_HE_T554_01,0,1.14553760496555e-09,0
lin,2,SR386_40X_HE_T558_01,0,3.379382546187984e-06,0
lin,2,SR386_40X_HE_T564_01,0,2.505118870480008e-06,0
lin,2,SR386_40X_HE_T570_01,0,1.9582954144118474e-06,0
lin,2,SR386_40X_HE_T574_01,0,5.261321537292462e-06,0
lin,2,SR386_40X_HE_T578_01,0,1.628754061222691e-11,0
lin,2,SR386_40X_HE_T580_01,0,2.6540673198375898e-08,0
lin,3,SR1482_40X_HE_T005_01,0,0.000133864291172431,0
lin,3,SR1482_40X_HE_T005_02,0,1.2220270210216981e-05,0
lin,3,SR1482_40X_HE_T010_01,0,1.5753502811474216e-06,0
lin,3,SR1482_40X_HE_T043_01,0,5.7558929021606865e-06,0
lin,3,SR1482_40X_HE_T043_02,0,2.062186642939049e-06,0
lin,3,SR1482_40X_HE_T049_01,0,1.9247446790355237e-06,0
lin,3,SR1482_40X_HE_T061_01,0,0.8873686102467957,1
lin,3,SR1482_40X_HE_T061_02,0,0.6033741292807303,1
lin,3,SR1482_40X_HE_T070_01,1,1.9138482174672177e-05,0
lin,3,SR1482_40X_HE_T073_01,0,0.0002742965918090154,0
lin,3,SR1482_40X_HE_T082_01,0,3.968451800111619e-08,0
lin,3,SR1482_40X_HE_T082_02,0,8.939690953144938e-05,0
lin,3,SR1482_40X_HE_T089_01,0,1.1663735070952613e-05,0
lin,3,SR1482_40X_HE_T090_01,0,5.63723764605878e-05,0
lin,3,SR1482_40X_HE_T094_01,1,0.7043730471786389,1
lin,3,SR1482_40X_HE_T094_02,1,0.08325710779580432,0
lin,3,SR1482_40X_HE_T105_01,0,9.101598986095407e-07,0
lin,3,SR1482_40X_HE_T115_01,0,9.868737443474475e-05,0
lin,3,SR1482_40X_HE_T115_02,0,2.4547916992574805e-06,0
lin,3,SR1482_40X_HE_T118_01,0,0.7531176400617979,1
lin,3,SR1482_40X_HE_T118_02,0,0.006484877027459017,0
lin,3,SR1482_40X_HE_T120_01,0,0.008886220391752079,0
lin,3,SR1482_40X_HE_T120_02,0,0.8962589697987574,1
lin,3,SR1482_40X_HE_T124_01,0,0.9072901841903759,1
lin,3,SR1482_40X_HE_T124_02,0,0.6759614670601775,1
lin,3,SR1482_40X_HE_T138_01,0,2.9143528191948114e-05,0
lin,3,SR1482_40X_HE_T160_01,0,2.85069832653238e-07,0
lin,3,SR1482_40X_HE_T160_02,0,2.437801437037001e-07,0
lin,3,SR1482_40X_HE_T167_01,0,2.5977296238067746e-05,0
lin,3,SR1482_40X_HE_T167_02,0,0.00040511254560630754,0
lin,3,SR1482_40X_HE_T175_01,0,2.238704365695743e-05,0
lin,3,SR1482_40X_HE_T175_02,0,0.009999771869514666,0
lin,3,SR1482_40X_HE_T177_01,1,0.0015144425586395252,0
lin,3,SR1482_40X_HE_T188_01,0,0.0005525718069336968,0
lin,3,SR1482_40X_HE_T195_01,0,0.000411567040623885,0
lin,3,SR1482_40X_HE_T195_02,0,0.006019995653968495,0
lin,3,SR1482_40X_HE_T202_01,0,1.6424903317398994e-08,0
lin,3,SR1482_40X_HE_T202_02,0,6.942113657267196e-07,0
lin,3,SR1482_40X_HE_T225_01,0,0.0015141569211570372,0
lin,3,SR1482_40X_HE_T225_02,0,3.0782447691892354e-07,0
lin,3,SR1482_40X_HE_T235_01,0,1.490326897223891e-06,0
lin,3,SR1482_40X_HE_T235_02,0,1.3043040197400988e-08,0
lin,3,SR1482_40X_HE_T236_01,0,1.4949632311073723e-08,0
lin,3,SR1482_40X_HE_T236_02,0,2.3050257484657154e-06,0
lin,3,SR1482_40X_HE_T258_01,0,2.9003912278270504e-07,0
lin,3,SR1482_40X_HE_T258_02,0,2.0744852600588312e-07,0
lin,3,SR1482_40X_HE_T284_01,1,0.3738486372557434,0
lin,3,SR1482_40X_HE_T284_02,1,0.11573268728525515,0
lin,3,SR1482_40X_HE_T301_01,1,0.001891819738168749,0
lin,3,SR1482_40X_HE_T301_02,1,0.0007903148527319626,0
lin,3,SR1482_40X_HE_T309_01,0,0.0002513254969111931,0
lin,3,SR1482_40X_HE_T313_01,0,8.509106023698118e-05,0
lin,3,SR1482_40X_HE_T313_02,0,9.473462017728985e-06,0
lin,3,SR1482_40X_HE_T338_01,0,0.004860048895205242,0
lin,3,SR1482_40X_HE_T344_01,0,0.0002608702300619918,0
lin,3,SR1482_40X_HE_T344_02,0,0.0041750301117368825,0
lin,3,SR1482_40X_HE_T346_01,0,0.018354386690357747,0
lin,3,SR1482_40X_HE_T346_02,0,0.014096751560115202,0
lin,3,SR1482_40X_HE_T377_01,0,5.537762914532942e-08,0
lin,3,SR1482_40X_HE_T377_02,0,2.0207573793495013e-06,0
lin,3,SR1482_40X_HE_T419_01,0,1.0655579347219841e-05,0
lin,3,SR1482_40X_HE_T427_01,0,0.0003720120931717021,0
lin,3,SR1482_40X_HE_T427_02,0,0.00020877692750274137,0
lin,3,SR386_40X_HE_T007_01,0,1.2525178320317494e-05,0
lin,3,SR386_40X_HE_T015_01,0,1.2377521491385006e-05,0
lin,3,SR386_40X_HE_T017_01,1,0.8203356214977723,1
lin,3,SR386_40X_HE_T032_01,0,6.278257007610479e-06,0
lin,3,SR386_40X_HE_T034_01,0,5.658166910273804e-05,0
lin,3,SR386_40X_HE_T035_01,0,0.000732813322912584,0
lin,3,SR386_40X_HE_T041_01,0,0.9297943964520536,1
lin,3,SR386_40X_HE_T067_01,0,2.143961791949032e-08,0
lin,3,SR386_40X_HE_T075_01,0,1.0835695671139726e-06,0
lin,3,SR386_40X_HE_T081_01,0,2.035876308203339e-07,0
lin,3,SR386_40X_HE_T083_01,0,0.002829138017625054,0
lin,3,SR386_40X_HE_T085_01,0,3.431093658459445e-08,0
lin,3,SR386_40X_HE_T095_01,0,0.0020998523338064752,0
lin,3,SR386_40X_HE_T104_01,0,0.020427393101256616,0
lin,3,SR386_40X_HE_T106_01,0,1.8811073589048445e-06,0
lin,3,SR386_40X_HE_T112_01,0,1.0583726719394823e-06,0
lin,3,SR386_40X_HE_T128_01,0,5.733717215415858e-10,0
lin,3,SR386_40X_HE_T132_01,0,2.5713007050677693e-10,0
lin,3,SR386_40X_HE_T138_01,0,1.611933955429634e-06,0
lin,3,SR386_40X_HE_T142_01,0,0.015094268260290963,0
lin,3,SR386_40X_HE_T149_01,0,0.002003100548421168,0
lin,3,SR386_40X_HE_T165_01,1,0.23398155049888333,0
lin,3,SR386_40X_HE_T179_01,0,0.02105988259932289,0
lin,3,SR386_40X_HE_T180_01,0,0.0012791674865919869,0
lin,3,SR386_40X_HE_T182_01,0,2.9061003006956878e-05,0
lin,3,SR386_40X_HE_T184_01,0,0.021466939064057215,0
lin,3,SR386_40X_HE_T188_01,0,1.1772449451277212e-12,0
lin,3,SR386_40X_HE_T191_01,0,0.00022022145508216953,0
lin,3,SR386_40X_HE_T197_01,0,5.724356956813004e-05,0
lin,3,SR386_40X_HE_T201_01,0,5.896473547838027e-06,0
lin,3,SR386_40X_HE_T202_01,0,3.9591087324838e-08,0
lin,3,SR386_40X_HE_T208_01,0,1.7777341953939326e-06,0
lin,3,SR386_40X_HE_T216_01,1,0.9929886842020822,1
lin,3,SR386_40X_HE_T238_01,0,2.9494789914658847e-09,0
lin,3,SR386_40X_HE_T244_01,0,1.084409126132831e-08,0
lin,3,SR386_40X_HE_T248_01,0,5.271357125784483e-08,0
lin,3,SR386_40X_HE_T249_01,0,5.921879637926356e-10,0
lin,3,SR386_40X_HE_T250_01,0,3.422522788520588e-08,0
lin,3,SR386_40X_HE_T263_01,0,2.0743681007363002e-06,0
lin,3,SR386_40X_HE_T267_01,0,5.879079427750298e-05,0
lin,3,SR386_40X_HE_T269_01,0,2.863328905002543e-05,0
lin,3,SR386_40X_HE_T277_01,0,9.534652695065683e-07,0
lin,3,SR386_40X_HE_T286_01,0,8.53109786809346e-06,0
lin,3,SR386_40X_HE_T287_01,0,0.0037374872176719415,0
lin,3,SR386_40X_HE_T290_01,0,0.0021906545094002934,0
lin,3,SR386_40X_HE_T293_01,0,7.669607285074225e-08,0
lin,3,SR386_40X_HE_T298_01,0,5.211925980145173e-07,0
lin,3,SR386_40X_HE_T303_01,0,2.9692356668825285e-08,0
lin,3,SR386_40X_HE_T312_01,0,0.0001923787334621494,0
lin,3,SR386_40X_HE_T329_01,0,0.0021726382455140108,0
lin,3,SR386_40X_HE_T336_01,0,0.0010720927607307475,0
lin,3,SR386_40X_HE_T338_01,0,5.254483747024247e-06,0
lin,3,SR386_40X_HE_T342_01,0,1.3058348588034293e-06,0
lin,3,SR386_40X_HE_T353_01,0,2.3129672740100414e-06,0
lin,3,SR386_40X_HE_T357_01,0,1.8637342884937163e-10,0
lin,3,SR386_40X_HE_T362_01,0,3.929366626590729e-09,0
lin,3,SR386_40X_HE_T363_01,1,0.36851720975530655,0
lin,3,SR386_40X_HE_T372_01,0,0.05397242592290698,0
lin,3,SR386_40X_HE_T378_01,0,3.728874889228458e-08,0
lin,3,SR386_40X_HE_T379_01,0,3.498412841427935e-07,0
lin,3,SR386_40X_HE_T386_01,0,1.807095980862594e-05,0
lin,3,SR386_40X_HE_T387_01,0,4.709795316431783e-10,0
lin,3,SR386_40X_HE_T393_01,0,7.000317453895208e-07,0
lin,3,SR386_40X_HE_T397_01,0,0.8018385556801081,1
lin,3,SR386_40X_HE_T406_01,0,6.153211499899722e-05,0
lin,3,SR386_40X_HE_T409_01,0,3.1375476721591136e-06,0
lin,3,SR386_40X_HE_T422_01,0,2.1300284698816535e-07,0
lin,3,SR386_40X_HE_T426_01,0,2.0514151853383902e-07,0
lin,3,SR386_40X_HE_T433_01,0,0.00014009828571586857,0
lin,3,SR386_40X_HE_T443_01,0,0.0004889523436906555,0
lin,3,SR386_40X_HE_T448_01,0,0.0033806079959237565,0
lin,3,SR386_40X_HE_T452_01,0,0.003939939718861502,0
lin,3,SR386_40X_HE_T460_01,1,0.9292230875945692,1
lin,3,SR386_40X_HE_T473_01,0,3.275193325897752e-08,0
lin,3,SR386_40X_HE_T475_01,0,6.755678707125007e-10,0
lin,3,SR386_40X_HE_T478_01,0,2.236446269934731e-06,0
lin,3,SR386_40X_HE_T489_01,1,2.834640710447576e-07,0
lin,3,SR386_40X_HE_T491_01,0,0.00010414493410802925,0
lin,3,SR386_40X_HE_T492_01,0,5.928309745088241e-09,0
lin,3,SR386_40X_HE_T493_01,0,1.0044749181958801e-09,0
lin,3,SR386_40X_HE_T502_01,0,1.6581045231311515e-06,0
lin,3,SR386_40X_HE_T505_01,0,7.230679270157547e-06,0
lin,3,SR386_40X_HE_T506_01,0,6.542220699503691e-06,0
lin,3,SR386_40X_HE_T509_01,0,9.208251613054143e-05,0
lin,3,SR386_40X_HE_T516_01,0,0.01618742530119443,0
lin,3,SR386_40X_HE_T518_01,0,1.0473448968787875e-08,0
lin,3,SR386_40X_HE_T519_01,0,2.4509021659244684e-07,0
lin,3,SR386_40X_HE_T521_01,0,1.7373556038576086e-07,0
lin,3,SR386_40X_HE_T526_01,0,2.881214297014713e-06,0
lin,3,SR386_40X_HE_T533_01,0,1.168096524991694e-06,0
lin,3,SR386_40X_HE_T543_01,0,3.1881862879570483e-06,0
lin,3,SR386_40X_HE_T544_01,0,1.0469107635042839e-06,0
lin,3,SR386_40X_HE_T556_01,1,0.29776291319308495,0
lin,3,SR386_40X_HE_T560_01,0,6.689993698839302e-06,0
lin,3,SR386_40X_HE_T563_01,0,2.3153892796532878e-06,0
lin,3,SR386_40X_HE_T568_01,0,3.2043640604114735e-05,0
lin,3,SR386_40X_HE_T571_01,0,2.5055391292854096e-05,0
lin,3,SR386_40X_HE_T572_01,0,0.0008114848879626024,0
lin,3,SR386_40X_HE_T573_01,0,0.04193792937007524,0
lin,3,SR386_40X_HE_T583_01,0,3.5162516492817413e-06,0
lin,4,SR1482_40X_HE_T002_01,0,3.8429774149748213e-08,0
lin,4,SR1482_40X_HE_T003_01,0,2.1756224737629544e-05,0
lin,4,SR1482_40X_HE_T004_01,0,2.0133507649970787e-08,0
lin,4,SR1482_40X_HE_T004_02,0,0.0002597972358546313,0
lin,4,SR1482_40X_HE_T011_01,0,2.738605409475231e-09,0
lin,4,SR1482_40X_HE_T025_01,0,0.00099027568721883,0
lin,4,SR1482_40X_HE_T025_02,0,0.02719807956325983,0
lin,4,SR1482_40X_HE_T060_01,0,1.6968982458649486e-06,0
lin,4,SR1482_40X_HE_T062_01,0,0.002263812588547588,0
lin,4,SR1482_40X_HE_T062_02,0,0.0005945335141574737,0
lin,4,SR1482_40X_HE_T064_01,0,0.48077632805501075,0
lin,4,SR1482_40X_HE_T064_02,0,0.0004994911130110433,0
lin,4,SR1482_40X_HE_T071_01,0,2.653640318885168e-05,0
lin,4,SR1482_40X_HE_T071_02,0,0.00024914160487963773,0
lin,4,SR1482_40X_HE_T074_01,0,4.373177158229948e-07,0
lin,4,SR1482_40X_HE_T074_02,0,2.4304069344609304e-07,0
lin,4,SR1482_40X_HE_T083_01,0,0.04400774413855103,0
lin,4,SR1482_40X_HE_T083_02,0,0.011746879039629902,0
lin,4,SR1482_40X_HE_T087_01,0,4.5035967977145536e-09,0
lin,4,SR1482_40X_HE_T097_01,1,0.9951196499831856,1
lin,4,SR1482_40X_HE_T097_02,1,0.0017770812678518742,0
lin,4,SR1482_40X_HE_T108_01,0,2.5443603927321677e-10,0
lin,4,SR1482_40X_HE_T113_01,0,2.979199337884819e-05,0
lin,4,SR1482_40X_HE_T113_02,0,5.720502997218862e-05,0
lin,4,SR1482_40X_HE_T121_01,0,1.7793786252741757e-13,0
lin,4,SR1482_40X_HE_T122_01,0,1.2122393417115114e-11,0
lin,4,SR1482_40X_HE_T125_01,0,2.5142780212682934e-05,0
lin,4,SR1482_40X_HE_T125_02,0,2.761310612554196e-06,0
lin,4,SR1482_40X_HE_T131_01,0,0.32278967800410446,0
lin,4,SR1482_40X_HE_T131_02,0,0.7387447395817817,1
lin,4,SR1482_40X_HE_T132_01,0,3.064512605579666e-05,0
lin,4,SR1482_40X_HE_T132_02,0,7.52221267997774e-07,0
lin,4,SR1482_40X_HE_T143_01,0,0.7607397836964361,1
lin,4,SR1482_40X_HE_T143_02,0,0.046545894558997936,0
lin,4,SR1482_40X_HE_T166_01,1,5.933684939755191e-10,0
lin,4,SR1482_40X_HE_T169_01,0,0.0017358685116012375,0
lin,4,SR1482_40X_HE_T176_01,1,0.981655007494079,1
lin,4,SR1482_40X_HE_T176_02,1,0.6734233645896631,1
lin,4,SR1482_40X_HE_T191_01,0,3.2161512360621517e-09,0
lin,4,SR1482_40X_HE_T194_01,0,0.4525356650876161,0
lin,4,SR1482_40X_HE_T218_01,0,1.9859639662598354e-10,0
lin,4,SR1482_40X_HE_T253_01,0,5.880816174669937e-10,0
lin,4,SR1482_40X_HE_T290_01,0,0.0005553068968196761,0
lin,4,SR1482_40X_HE_T308_01,0,0.00017145659137669098,0
lin,4,SR1482_40X_HE_T314_01,0,0.8708075163110564,1
lin,4,SR1482_40X_HE_T314_02,0,0.9642668043448961,1
lin,4,SR1482_40X_HE_T372_01,1,0.6892488669716687,1
lin,4,SR1482_40X_HE_T372_02,1,0.004103693338661095,0
lin,4,SR1482_40X_HE_T408_01,0,6.895929602756727e-05,0
lin,4,SR1482_40X_HE_T412_01,0,0.00013878644081640655,0
lin,4,SR1482_40X_HE_T425_01,0,1.3269534047636254e-11,0
lin,4,SR1482_40X_HE_T434_01,1,0.011237682184262774,0
lin,4,SR386_40X_HE_T006_01,0,6.086098026689622e-06,0
lin,4,SR386_40X_HE_T010_01,0,2.4828808788513603e-05,0
lin,4,SR386_40X_HE_T014_01,0,0.0003637175798463066,0
lin,4,SR386_40X_HE_T016_01,0,2.948629852525857e-07,0
lin,4,SR386_40X_HE_T020_01,0,2.8159418900263612e-11,0
lin,4,SR386_40X_HE_T027_01,0,0.00016215371037126862,0
lin,4,SR386_40X_HE_T028_01,0,5.272591603223076e-05,0
lin,4,SR386_40X_HE_T037_01,0,1.1620438985118551e-08,0
lin,4,SR386_40X_HE_T043_01,0,1.481402662787484e-06,0
lin,4,SR386_40X_HE_T044_01,1,0.26694071655305246,0
lin,4,SR386_40X_HE_T046_01,0,4.511957257429297e-06,0
lin,4,SR386_40X_HE_T058_01,0,1.364607712394429e-07,0
lin,4,SR386_40X_HE_T062_01,0,1.206439278111272e-08,0
lin,4,SR386_40X_HE_T065_01,1,0.001199360080964379,0
lin,4,SR386_40X_HE_T080_01,0,2.0720802675630062e-05,0
lin,4,SR386_40X_HE_T091_01,0,3.036467799255692e-05,0
lin,4,SR386_40X_HE_T094_01,0,9.323453545894648e-09,0
lin,4,SR386_40X_HE_T097_01,0,0.0003821171211790392,0
lin,4,SR386_40X_HE_T100_01,0,8.143225392957508e-08,0
lin,4,SR386_40X_HE_T107_01,0,0.0001027084229387952,0
lin,4,SR386_40X_HE_T109_01,1,0.002407523318221538,0
lin,4,SR386_40X_HE_T110_01,0,0.0002714999754623721,0
lin,4,SR386_40X_HE_T117_01,0,0.00037645815559733746,0
lin,4,SR386_40X_HE_T127_01,0,3.1805843879628413e-06,0
lin,4,SR386_40X_HE_T129_01,0,2.396806253807448e-08,0
lin,4,SR386_40X_HE_T136_01,0,0.005044292167613866,0
lin,4,SR386_40X_HE_T154_01,0,9.681295820086144e-05,0
lin,4,SR386_40X_HE_T168_01,1,0.6321615592851909,1
lin,4,SR386_40X_HE_T175_01,0,5.490278803251194e-08,0
lin,4,SR386_40X_HE_T189_01,0,4.93644614930213e-10,0
lin,4,SR386_40X_HE_T195_01,0,3.6962848973791865e-09,0
lin,4,SR386_40X_HE_T227_01,0,4.4711295274218724e-05,0
lin,4,SR386_40X_HE_T233_01,0,0.3124880305089024,0
lin,4,SR386_40X_HE_T234_01,0,0.0029542386356111883,0
lin,4,SR386_40X_HE_T235_01,0,6.47164005051137e-05,0
lin,4,SR386_40X_HE_T239_01,0,0.8991034056445497,1
lin,4,SR386_40X_HE_T245_01,0,1.9086837369075012e-07,0
lin,4,SR386_40X_HE_T256_01,0,5.418481953508665e-05,0
lin,4,SR386_40X_HE_T265_01,0,2.6248175147479782e-05,0
lin,4,SR386_40X_HE_T268_01,0,0.00016757123379136635,0
lin,4,SR386_40X_HE_T270_01,0,6.113094417594304e-06,0
lin,4,SR386_40X_HE_T272_01,0,0.024178496529770745,0
lin,4,SR386_40X_HE_T273_01,0,0.05027899127994679,0
lin,4,SR386_40X_HE_T276_01,0,0.046111505590614096,0
lin,4,SR386_40X_HE_T278_01,1,0.7992653148314997,1
lin,4,SR386_40X_HE_T284_01,0,1.3718964910668271e-05,0
lin,4,SR386_40X_HE_T285_01,0,3.966368397077989e-07,0
lin,4,SR386_40X_HE_T288_01,0,1.987042143897711e-06,0
lin,4,SR386_40X_HE_T291_01,0,2.3891544998324358e-06,0
lin,4,SR386_40X_HE_T300_01,0,2.396842343327821e-06,0
lin,4,SR386_40X_HE_T302_01,0,3.756694650440564e-06,0
lin,4,SR386_40X_HE_T305_01,0,5.410241169346286e-06,0
lin,4,SR386_40X_HE_T308_01,0,1.878856837911395e-08,0
lin,4,SR386_40X_HE_T325_01,0,5.6747467507243324e-05,0
lin,4,SR386_40X_HE_T331_01,0,1.980309699568258e-05,0
lin,4,SR386_40X_HE_T341_01,0,0.00382646461557081,0
lin,4,SR386_40X_HE_T343_01,1,5.338332164626009e-05,0
lin,4,SR386_40X_HE_T346_01,0,0.0015167433605516036,0
lin,4,SR386_40X_HE_T352_01,0,7.512256189774738e-05,0
lin,4,SR386_40X_HE_T373_01,0,0.003002928310224011,0
lin,4,SR386_40X_HE_T375_01,0,0.012328827245276636,0
lin,4,SR386_40X_HE_T381_01,0,3.961605770185109e-06,0
lin,4,SR386_40X_HE_T389_01,0,6.593990846160284e-08,0
lin,4,SR386_40X_HE_T391_01,0,1.0513638864802156e-05,0
lin,4,SR386_40X_HE_T394_01,0,5.0625005046434625e-06,0
lin,4,SR386_40X_HE_T399_01,0,0.10245751647504237,0
lin,4,SR386_40X_HE_T403_01,0,1.2035025288787289e-08,0
lin,4,SR386_40X_HE_T405_01,0,1.4283940353607963e-05,0
lin,4,SR386_40X_HE_T407_01,0,2.2978516517829274e-07,0
lin,4,SR386_40X_HE_T414_01,0,5.10340251412307e-07,0
lin,4,SR386_40X_HE_T424_01,0,9.98214387308164e-05,0
lin,4,SR386_40X_HE_T429_01,0,1.1253484750569833e-05,0
lin,4,SR386_40X_HE_T441_01,0,0.0009052280064414734,0
lin,4,SR386_40X_HE_T451_01,0,1.4164768841559383e-05,0
lin,4,SR386_40X_HE_T453_01,0,1.4915098225584652e-06,0
lin,4,SR386_40X_HE_T455_01,0,2.0079633575272354e-05,0
lin,4,SR386_40X_HE_T465_01,0,0.0001568403250316202,0
lin,4,SR386_40X_HE_T474_01,0,0.00109831366648842,0
lin,4,SR386_40X_HE_T476_01,0,0.002014516792222843,0
lin,4,SR386_40X_HE_T479_01,0,6.7018560597010825e-06,0
lin,4,SR386_40X_HE_T482_01,0,0.00015346996610048267,0
lin,4,SR386_40X_HE_T487_01,0,1.489920627494041e-07,0
lin,4,SR386_40X_HE_T490_01,0,4.201894578432872e-05,0
lin,4,SR386_40X_HE_T494_01,0,3.2248368990881153e-06,0
lin,4,SR386_40X_HE_T500_01,0,1.605502484989522e-05,0
lin,4,SR386_40X_HE_T510_01,0,8.391406501649091e-05,0
lin,4,SR386_40X_HE_T524_01,0,0.0003020787362420977,0
lin,4,SR386_40X_HE_T528_01,0,0.041980953351996184,0
lin,4,SR386_40X_HE_T532_01,0,4.018395329712906e-06,0
lin,4,SR386_40X_HE_T534_01,0,0.07529737295221063,0
lin,4,SR386_40X_HE_T536_01,0,5.055785498312983e-08,0
lin,4,SR386_40X_HE_T537_01,0,0.02076553926344811,0
lin,4,SR386_40X_HE_T541_01,0,0.002183761383362716,0
lin,4,SR386_40X_HE_T548_01,1,0.12585719858701008,0
lin,4,SR386_40X_HE_T550_01,0,0.00040562728150974773,0
lin,4,SR386_40X_HE_T551_01,0,6.534737052123992e-07,0
lin,4,SR386_40X_HE_T557_01,0,4.0521394773181385e-06,0
lin,4,SR386_40X_HE_T565_01,0,6.030816106800645e-06,0
lin,4,SR386_40X_HE_T567_01,0,6.451220258632407e-07,0
lin,4,SR386_40X_HE_T575_01,0,0.0012447367416423161,0
lin,4,SR386_40X_HE_T576_01,0,3.612343042561923e-06,0
lin,4,SR386_40X_HE_T581_01,0,1.3729621072769509e-05,0
ann,1,SR1482_40X_HE_T029_01,0,0.6223756670951843,1
ann,1,SR1482_40X_HE_T029_02,0,0.7790576815605164,1
ann,1,SR1482_40X_HE_T057_01,0,0.26277005672454834,0
ann,1,SR1482_40X_HE_T063_01,1,0.9640169143676758,1
ann,1,SR1482_40X_HE_T063_02,1,0.6055318117141724,1
ann,1,SR1482_40X_HE_T065_01,0,0.25683268904685974,0
ann,1,SR1482_40X_HE_T065_02,0,0.21246322989463806,0
ann,1,SR1482_40X_HE_T066_01,0,0.7978611588478088,1
ann,1,SR1482_40X_HE_T066_02,0,0.8798409700393677,1
ann,1,SR1482_40X_HE_T068_01,0,0.29368671774864197,0
ann,1,SR1482_40X_HE_T069_01,0,0.20289777219295502,0
ann,1,SR1482_40X_HE_T069_02,0,0.27233225107192993,0
ann,1,SR1482_40X_HE_T079_01,1,0.5635148286819458,1
ann,1,SR1482_40X_HE_T079_02,1,0.7895264625549316,1
ann,1,SR1482_40X_HE_T080_01,0,0.6002197861671448,1
ann,1,SR1482_40X_HE_T080_02,0,0.48848679661750793,0
ann,1,SR1482_40X_HE_T081_01,0,0.2851004898548126,0
ann,1,SR1482_40X_HE_T081_02,0,0.1405888795852661,0
ann,1,SR1482_40X_HE_T099_01,0,0.24572281539440155,0
ann,1,SR1482_40X_HE_T116_01,0,0.4235001504421234,0
ann,1,SR1482_40X_HE_T117_01,0,0.24937386810779572,0
ann,1,SR1482_40X_HE_T117_02,0,0.31862691044807434,0
ann,1,SR1482_40X_HE_T126_01,0,0.6030375361442566,1
ann,1,SR1482_40X_HE_T129_01,0,0.3485756814479828,0
ann,1,SR1482_40X_HE_T129_02,0,0.639329195022583,1
ann,1,SR1482_40X_HE_T139_01,0,0.5557333827018738,1
ann,1,SR1482_40X_HE_T139_02,0,0.35242632031440735,0
ann,1,SR1482_40X_HE_T147_01,0,0.6152660846710205,1
ann,1,SR1482_40X_HE_T147_02,0,0.9002870917320251,1
ann,1,SR1482_40X_HE_T159_01,0,0.27597561478614807,0
ann,1,SR1482_40X_HE_T159_02,0,0.33104151487350464,0
ann,1,SR1482_40X_HE_T192_01,0,0.337136834859848,0
ann,1,SR1482_40X_HE_T199_01,0,0.4391977787017822,0
ann,1,SR1482_40X_HE_T304_01,0,0.22274132072925568,0
ann,1,SR1482_40X_HE_T304_02,0,0.35394662618637085,0
ann,1,SR1482_40X_HE_T310_01,1,0.36122310161590576,0
ann,1,SR1482_40X_HE_T310_02,1,0.4495016932487488,0
ann,1,SR1482_40X_HE_T341_01,0,0.28141146898269653,0
ann,1,SR1482_40X_HE_T341_02,0,0.25397637486457825,0
ann,1,SR1482_40X_HE_T353_01,0,0.38427793979644775,0
ann,1,SR1482_40X_HE_T390_01,0,0.2715572416782379,0
ann,1,SR1482_40X_HE_T433_01,1,0.5298144221305847,1
ann,1,SR386_40X_HE_T003_01,0,0.40341445803642273,0
ann,1,SR386_40X_HE_T004_01,0,0.39175283908843994,0
ann,1,SR386_40X_HE_T022_01,1,0.8431395888328552,1
ann,1,SR386_40X_HE_T030_01,0,0.2878996729850769,0
ann,1,SR386_40X_HE_T033_01,0,0.32402941584587097,0
ann,1,SR386_40X_HE_T036_01,0,0.18060146272182465,0
ann,1,SR386_40X_HE_T038_01,0,0.33105963468551636,0
ann,1,SR386_40X_HE_T049_01,0,0.253182590007782,0
ann,1,SR386_40X_HE_T050_01,0,0.45790180563926697,0
ann,1,SR386_40X_HE_T060_01,0,0.3194050192832947,0
ann,1,SR386_40X_HE_T063_01,0,0.4104510247707367,0
ann,1,SR386_40X_HE_T066_01,0,0.23482970893383026,0
ann,1,SR386_40X_HE_T069_01,0,0.4459301829338074,0
ann,1,SR386_40X_HE_T072_01,0,0.309381902217865,0
ann,1,SR386_40X_HE_T074_01,0,0.3744906783103943,0
ann,1,SR386_40X_HE_T078_01,0,0.28421658277511597,0
ann,1,SR386_40X_HE_T079_01,0,0.2616727352142334,0
ann,1,SR386_40X_HE_T092_01,1,0.874078631401062,1
ann,1,SR386_40X_HE_T096_01,0,0.2404254674911499,0
ann,1,SR386_40X_HE_T099_01,0,0.3231063485145569,0
ann,1,SR386_40X_HE_T103_01,0,0.21188129484653473,0
ann,1,SR386_40X_HE_T108_01,0,0.3854033648967743,0
ann,1,SR386_40X_HE_T113_01,0,0.41938498616218567,0
ann,1,SR386_40X_HE_T114_01,0,0.268643319606781,0
ann,1,SR386_40X_HE_T119_01,0,0.47464174032211304,0
ann,1,SR386_40X_HE_T126_01,0,0.43074560165405273,0
ann,1,SR386_40X_HE_T130_01,0,0.23518222570419312,0
ann,1,SR386_40X_HE_T131_01,0,0.47095152735710144,0
ann,1,SR386_40X_HE_T135_01,0,0.49059221148490906,0
ann,1,SR386_40X_HE_T140_01,0,0.29780635237693787,0
ann,1,SR386_40X_HE_T144_01,0,0.5542216897010803,1
ann,1,SR386_40X_HE_T147_01,0,0.30681702494621277,0
ann,1,SR386_40X_HE_T148_01,0,0.5090668797492981,1
ann,1,SR386_40X_HE_T160_01,0,0.29306092858314514,0
ann,1,SR386_40X_HE_T169_01,0,0.2396494448184967,0
ann,1,SR386_40X_HE_T170_01,1,0.8811851739883423,1
ann,1,SR386_40X_HE_T172_01,0,0.8041601777076721,1
ann,1,SR386_40X_HE_T174_01,0,0.5246747136116028,1
ann,1,SR386_40X_HE_T181_01,0,0.38305526971817017,0
ann,1,SR386_40X_HE_T196_01,0,0.33041325211524963,0
ann,1,SR386_40X_HE_T205_01,0,0.5031774640083313,1
ann,1,SR386_40X_HE_T209_01,0,0.39649176597595215,0
ann,1,SR386_40X_HE_T210_01,0,0.42742812633514404,0
ann,1,SR386_40X_HE_T212_01,0,0.5183243751525879,1
ann,1,SR386_40X_HE_T221_01,0,0.30309078097343445,0
ann,1,SR386_40X_HE_T224_01,0,0.4755593538284302,0
ann,1,SR386_40X_HE_T231_01,1,0.8607439398765564,1
ann,1,SR386_40X_HE_T232_01,0,0.3198283910751343,0
ann,1,SR386_40X_HE_T247_01,0,0.43009862303733826,0
ann,1,SR386_40X_HE_T252_01,0,0.2669910788536072,0
ann,1,SR386_40X_HE_T255_01,0,0.40494176745414734,0
ann,1,SR386_40X_HE_T259_01,1,0.7403876781463623,1
ann,1,SR386_40X_HE_T274_01,0,0.2867014706134796,0
ann,1,SR386_40X_HE_T275_01,0,0.3174685537815094,0
ann,1,SR386_40X_HE_T282_01,0,0.287959486246109,0
ann,1,SR386_40X_HE_T294_01,0,0.6294489502906799,1
ann,1,SR386_40X_HE_T311_01,0,0.3852759003639221,0
ann,1,SR386_40X_HE_T315_01,0,0.29944556951522827,0
ann,1,SR386_40X_HE_T319_01,1,0.4514504373073578,0
ann,1,SR386_40X_HE_T324_01,1,0.417609840631485,0
ann,1,SR386_40X_HE_T330_01,0,0.24799738824367523,0
ann,1,SR386_40X_HE_T333_01,0,0.30910396575927734,0
ann,1,SR386_40X_HE_T335_01,0,0.2893974184989929,0
ann,1,SR386_40X_HE_T337_01,0,0.4526197612285614,0
ann,1,SR386_40X_HE_T344_01,0,0.4654046893119812,0
ann,1,SR386_40X_HE_T347_01,0,0.3538617789745331,0
ann,1,SR386_40X_HE_T350_01,0,0.29665014147758484,0
ann,1,SR386_40X_HE_T351_01,0,0.3622851073741913,0
ann,1,SR386_40X_HE_T360_01,0,0.29688289761543274,0
ann,1,SR386_40X_HE_T361_01,0,0.36583080887794495,0
ann,1,SR386_40X_HE_T366_01,0,0.2967940866947174,0
ann,1,SR386_40X_HE_T377_01,1,0.6583173871040344,1
ann,1,SR386_40X_HE_T384_01,0,0.2774107754230499,0
ann,1,SR386_40X_HE_T395_01,0,0.3437493145465851,0
ann,1,SR386_40X_HE_T396_01,0,0.2941589057445526,0
ann,1,SR386_40X_HE_T401_01,0,0.3499965965747833,0
ann,1,SR386_40X_HE_T408_01,0,0.30486661195755005,0
ann,1,SR386_40X_HE_T410_01,0,0.24695074558258057,0
ann,1,SR386_40X_HE_T413_01,0,0.5149106383323669,1
ann,1,SR386_40X_HE_T416_01,0,0.2583562135696411,0
ann,1,SR386_40X_HE_T418_01,0,0.22769080102443695,0
ann,1,SR386_40X_HE_T419_01,0,0.34757059812545776,0
ann,1,SR386_40X_HE_T421_01,0,0.2881298065185547,0
ann,1,SR386_40X_HE_T423_01,0,0.32109880447387695,0
ann,1,SR386_40X_HE_T428_01,0,0.31119731068611145,0
ann,1,SR386_40X_HE_T430_01,0,0.3270394504070282,0
ann,1,SR386_40X_HE_T431_01,0,0.38885027170181274,0
ann,1,SR386_40X_HE_T435_01,0,0.4020668864250183,0
ann,1,SR386_40X_HE_T438_01,0,0.343607097864151,0
ann,1,SR386_40X_HE_T439_01,0,0.48328495025634766,0
ann,1,SR386_40X_HE_T447_01,0,0.22546641528606415,0
ann,1,SR386_40X_HE_T449_01,0,0.26656225323677063,0
ann,1,SR386_40X_HE_T454_01,0,0.21293534338474274,0
ann,1,SR386_40X_HE_T456_01,0,0.27909862995147705,0
ann,1,SR386_40X_HE_T461_01,0,0.4070380628108978,0
ann,1,SR386_40X_HE_T462_01,0,0.30178120732307434,0
ann,1,SR386_40X_HE_T468_01,0,0.33475181460380554,0
ann,1,SR386_40X_HE_T469_01,1,0.44314056634902954,0
ann,1,SR386_40X_HE_T470_01,0,0.3848702609539032,0
ann,1,SR386_40X_HE_T471_01,0,0.2945721745491028,0
ann,1,SR386_40X_HE_T477_01,0,0.3849065601825714,0
ann,1,SR386_40X_HE_T480_01,0,0.4782256782054901,0
ann,1,SR386_40X_HE_T484_01,0,0.5652673244476318,1
ann,1,SR386_40X_HE_T495_01,0,0.3084752857685089,0
ann,1,SR386_40X_HE_T496_01,0,0.3039899468421936,0
ann,1,SR386_40X_HE_T498_01,0,0.5722692012786865,1
ann,1,SR386_40X_HE_T504_01,0,0.2242363542318344,0
ann,1,SR386_40X_HE_T511_01,0,0.41907456517219543,0
ann,1,SR386_40X_HE_T517_01,0,0.6836557388305664,1
ann,1,SR386_40X_HE_T523_01,0,0.23943258821964264,0
ann,1,SR386_40X_HE_T529_01,0,0.3740927577018738,0
ann,1,SR386_40X_HE_T542_01,0,0.3422259986400604,0
ann,1,SR386_40X_HE_T569_01,0,0.3633955717086792,0
ann,1,SR386_40X_HE_T582_01,0,0.2191195785999298,0
ann,2,SR1482_40X_HE_T009_01,0,0.06860046833753586,0
ann,2,SR1482_40X_HE_T009_02,0,0.06580669432878494,0
ann,2,SR1482_40X_HE_T015_01,0,0.9213768243789673,1
ann,2,SR1482_40X_HE_T021_01,0,0.22509382665157318,0
ann,2,SR1482_40X_HE_T067_01,0,0.4235963523387909,0
ann,2,SR1482_40X_HE_T075_01,0,0.5198957324028015,1
ann,2,SR1482_40X_HE_T075_02,0,0.7697646021842957,1
ann,2,SR1482_40X_HE_T098_01,0,0.41361692547798157,0
ann,2,SR1482_40X_HE_T098_02,0,0.12254896759986877,0
ann,2,SR1482_40X_HE_T102_01,0,0.5572038292884827,1
ann,2,SR1482_40X_HE_T123_01,0,0.31899532675743103,0
ann,2,SR1482_40X_HE_T142_01,0,0.19501745700836182,0
ann,2,SR1482_40X_HE_T146_01,0,0.9994352459907532,1
ann,2,SR1482_40X_HE_T148_01,0,0.21683953702449799,0
ann,2,SR1482_40X_HE_T148_02,0,0.2462412714958191,0
ann,2,SR1482_40X_HE_T154_01,0,0.3563590347766876,0
ann,2,SR1482_40X_HE_T158_01,0,0.350240558385849,0
ann,2,SR1482_40X_HE_T161_01,0,0.8464632034301758,1
ann,2,SR1482_40X_HE_T161_02,0,0.17417733371257782,0
ann,2,SR1482_40X_HE_T164_01,1,0.31337612867355347,0
ann,2,SR1482_40X_HE_T164_02,1,0.7834109663963318,1
ann,2,SR1482_40X_HE_T168_01,0,0.26611050963401794,0
ann,2,SR1482_40X_HE_T171_01,0,0.38227322697639465,0
ann,2,SR1482_40X_HE_T171_02,0,0.1849483698606491,0
ann,2,SR1482_40X_HE_T178_01,1,0.24761304259300232,0
ann,2,SR1482_40X_HE_T186_01,0,0.26985111832618713,0
ann,2,SR1482_40X_HE_T193_01,0,0.693035900592804,1
ann,2,SR1482_40X_HE_T193_02,0,0.983878493309021,1
ann,2,SR1482_40X_HE_T209_01,0,0.607413113117218,1
ann,2,SR1482_40X_HE_T209_02,0,0.9352620244026184,1
ann,2,SR1482_40X_HE_T245_01,0,0.8447633981704712,1
ann,2,SR1482_40X_HE_T245_02,0,0.3095322847366333,0
ann,2,SR1482_40X_HE_T265_01,0,0.18927976489067078,0
ann,2,SR1482_40X_HE_T302_01,0,0.7444881200790405,1
ann,2,SR1482_40X_HE_T343_01,1,0.2630413770675659,0
ann,2,SR1482_40X_HE_T343_02,1,0.40214288234710693,0
ann,2,SR1482_40X_HE_T399_01,0,0.29747989773750305,0
ann,2,SR1482_40X_HE_T399_02,0,0.7896050810813904,1
ann,2,SR1482_40X_HE_T426_01,0,0.17844592034816742,0
ann,2,SR1482_40X_HE_T426_02,0,0.23773665726184845,0
ann,2,SR386_40X_HE_T001_01,0,0.5964947938919067,1
ann,2,SR386_40X_HE_T013_01,0,0.28707772493362427,0
ann,2,SR386_40X_HE_T018_01,0,0.35580769181251526,0
ann,2,SR386_40X_HE_T019_01,0,0.2830153703689575,0
ann,2,SR386_40X_HE_T024_01,0,0.13491791486740112,0
ann,2,SR386_40X_HE_T039_01,0,0.13005442917346954,0
ann,2,SR386_40X_HE_T040_01,1,0.9787050485610962,1
ann,2,SR386_40X_HE_T042_01,0,0.2746886610984802,0
ann,2,SR386_40X_HE_T047_01,0,0.27710556983947754,0
ann,2,SR386_40X_HE_T051_01,0,0.17661255598068237,0
ann,2,SR386_40X_HE_T052_01,0,0.14528703689575195,0
ann,2,SR386_40X_HE_T056_01,0,0.17828486859798431,0
ann,2,SR386_40X_HE_T057_01,0,0.19224493205547333,0
ann,2,SR386_40X_HE_T070_01,0,0.23501305282115936,0
ann,2,SR386_40X_HE_T082_01,0,0.8197392225265503,1
ann,2,SR386_40X_HE_T084_01,0,0.1031787320971489,0
ann,2,SR386_40X_HE_T087_01,0,0.7084760069847107,1
ann,2,SR386_40X_HE_T088_01,0,0.5870135426521301,1
ann,2,SR386_40X_HE_T098_01,0,0.2809392809867859,0
ann,2,SR386_40X_HE_T105_01,0,0.3366113007068634,0
ann,2,SR386_40X_HE_T122_01,0,0.1970127820968628,0
ann,2,SR386_40X_HE_T123_01,0,0.22795121371746063,0
ann,2,SR386_40X_HE_T133_01,0,0.22578439116477966,0
ann,2,SR386_40X_HE_T145_01,0,0.09776055812835693,0
ann,2,SR386_40X_HE_T150_01,0,0.27991119027137756,0
ann,2,SR386_40X_HE_T152_01,0,0.2933513820171356,0
ann,2,SR386_40X_HE_T155_01,0,0.45325595140457153,0
ann,2,SR386_40X_HE_T157_01,0,0.25211313366889954,0
ann,2,SR386_40X_HE_T164_01,0,0.7232493162155151,1
ann,2,SR386_40X_HE_T166_01,0,0.23559950292110443,0
ann,2,SR386_40X_HE_T176_01,1,0.7149205207824707,1
ann,2,SR386_40X_HE_T177_01,0,0.19876912236213684,0
ann,2,SR386_40X_HE_T178_01,0,0.5271458029747009,1
ann,2,SR386_40X_HE_T187_01,0,0.290188729763031,0
ann,2,SR386_40X_HE_T190_01,0,0.14457949995994568,0
ann,2,SR386_40X_HE_T192_01,0,0.18462234735488892,0
ann,2,SR386_40X_HE_T198_01,0,0.24252712726593018,0
ann,2,SR386_40X_HE_T200_01,0,0.43724527955055237,0
ann,2,SR386_40X_HE_T206_01,1,0.20251627266407013,0
ann,2,SR386_40X_HE_T211_01,0,0.24958479404449463,0
ann,2,SR386_40X_HE_T213_01,0,0.2754659056663513,0
ann,2,SR386_40X_HE_T214_01,0,0.3530592918395996,0
ann,2,SR386_40X_HE_T220_01,0,0.13604260981082916,0
ann,2,SR386_40X_HE_T230_01,1,0.6732451915740967,1
ann,2,SR386_40X_HE_T236_01,0,0.18962639570236206,0
ann,2,SR386_40X_HE_T237_01,0,0.32032227516174316,0
ann,2,SR386_40X_HE_T240_01,0,0.14012588560581207,0
ann,2,SR386_40X_HE_T241_01,0,0.21853117644786835,0
ann,2,SR386_40X_HE_T242_01,0,0.22111645340919495,0
ann,2,SR386_40X_HE_T253_01,0,0.18301396071910858,0
ann,2,SR386_40X_HE_T260_01,0,0.13911893963813782,0
ann,2,SR386_40X_HE_T262_01,0,0.3384978175163269,0
ann,2,SR386_40X_HE_T264_01,0,0.4454028904438019,0
ann,2,SR386_40X_HE_T271_01,0,0.31906449794769287,0
ann,2,SR386_40X_HE_T281_01,0,0.1900416910648346,0
ann,2,SR386_40X_HE_T297_01,0,0.15744605660438538,0
ann,2,SR386_40X_HE_T299_01,0,0.1828082948923111,0
ann,2,SR386_40X_HE_T301_01,0,0.1506914496421814,0
ann,2,SR386_40X_HE_T306_01,0,0.303009957075119,0
ann,2,SR386_40X_HE_T309_01,0,0.0529349222779274,0
ann,2,SR386_40X_HE_T314_01,0,0.3428252041339874,0
ann,2,SR386_40X_HE_T316_01,0,0.9461013078689575,1
ann,2,SR386_40X_HE_T318_01,0,0.39103424549102783,0
ann,2,SR386_40X_HE_T321_01,0,0.34818774461746216,0
ann,2,SR386_40X_HE_T326_01,0,0.3451927602291107,0
ann,2,SR386_40X_HE_T327_01,0,0.25607311725616455,0
ann,2,SR386_40X_HE_T332_01,1,0.7010199427604675,1
ann,2,SR386_40X_HE_T355_01,0,0.3355652689933777,0
ann,2,SR386_40X_HE_T364_01,0,0.5657452344894409,1
ann,2,SR386_40X_HE_T368_01,1,0.5089576840400696,1
ann,2,SR386_40X_HE_T374_01,0,0.1919306218624115,0
ann,2,SR386_40X_HE_T380_01,0,0.18539854884147644,0
ann,2,SR386_40X_HE_T382_01,0,0.24315394461154938,0
ann,2,SR386_40X_HE_T392_01,0,0.20681007206439972,0
ann,2,SR386_40X_HE_T398_01,0,0.1538189798593521,0
ann,2,SR386_40X_HE_T402_01,1,0.6516529321670532,1
ann,2,SR386_40X_HE_T404_01,0,0.20404517650604248,0
ann,2,SR386_40X_HE_T415_01,0,0.2277892827987671,0
ann,2,SR386_40X_HE_T417_01,0,0.13106870651245117,0
ann,2,SR386_40X_HE_T425_01,0,0.270261287689209,0
ann,2,SR386_40X_HE_T436_01,1,0.1520977020263672,0
ann,2,SR386_40X_HE_T437_01,0,0.12198111414909363,0
ann,2,SR386_40X_HE_T440_01,0,0.6076808571815491,1
ann,2,SR386_40X_HE_T445_01,0,0.22718699276447296,0
ann,2,SR386_40X_HE_T450_01,0,0.13858135044574738,0
ann,2,SR386_40X_HE_T459_01,0,0.27138155698776245,0
ann,2,SR386_40X_HE_T472_01,0,0.24384728074073792,0
ann,2,SR386_40X_HE_T481_01,0,0.27027174830436707,0
ann,2,SR386_40X_HE_T483_01,0,0.38511359691619873,0
ann,2,SR386_40X_HE_T486_01,0,0.8917390704154968,1
ann,2,SR386_40X_HE_T488_01,0,0.15166205167770386,0
ann,2,SR386_40X_HE_T499_01,0,0.39932048320770264,0
ann,2,SR386_40X_HE_T507_01,0,0.26777705550193787,0
ann,2,SR386_40X_HE_T514_01,0,0.21438676118850708,0
ann,2,SR386_40X_HE_T520_01,1,0.21432186663150787,0
ann,2,SR386_40X_HE_T522_01,0,0.499198853969574,0
ann,2,SR386_40X_HE_T531_01,0,0.21788464486598969,0
ann,2,SR386_40X_HE_T535_01,0,0.2312120646238327,0
ann,2,SR386_40X_HE_T539_01,0,0.2253527045249939,0
ann,2,SR386_40X_HE_T549_01,0,0.30373817682266235,0
ann,2,SR386_40X_HE_T552_01,0,0.19204264879226685,0
ann,2,SR386_40X_HE_T553_01,0,0.38455548882484436,0
ann,2,SR386_40X_HE_T554_01,0,0.34271347522735596,0
ann,2,SR386_40X_HE_T558_01,0,0.24768200516700745,0
ann,2,SR386_40X_HE_T564_01,0,0.2556042969226837,0
ann,2,SR386_40X_HE_T570_01,0,0.18788807094097137,0
ann,2,SR386_40X_HE_T574_01,0,0.11916536837816238,0
ann,2,SR386_40X_HE_T578_01,0,0.143123596906662,0
ann,2,SR386_40X_HE_T580_01,0,0.18553338944911957,0
ann,3,SR1482_40X_HE_T005_01,0,0.607011616230011,1
ann,3,SR1482_40X_HE_T005_02,0,0.2387537807226181,0
ann,3,SR1482_40X_HE_T010_01,0,0.22072869539260864,0
ann,3,SR1482_40X_HE_T043_01,0,0.26517346501350403,0
ann,3,SR1482_40X_HE_T043_02,0,0.2840258777141571,0
ann,3,SR1482_40X_HE_T049_01,0,0.13286510109901428,0
ann,3,SR1482_40X_HE_T061_01,0,0.8831114172935486,1
ann,3,SR1482_40X_HE_T061_02,0,0.8828864693641663,1
ann,3,SR1482_40X_HE_T070_01,1,0.10646157711744308,0
ann,3,SR1482_40X_HE_T073_01,0,0.2652197480201721,0
ann,3,SR1482_40X_HE_T082_01,0,0.22131749987602234,0
ann,3,SR1482_40X_HE_T082_02,0,0.3153369426727295,0
ann,3,SR1482_40X_HE_T089_01,0,0.13444393873214722,0
ann,3,SR1482_40X_HE_T090_01,0,0.309320867061615,0
ann,3,SR1482_40X_HE_T094_01,1,0.5875985622406006,1
ann,3,SR1482_40X_HE_T094_02,1,0.9641491770744324,1
ann,3,SR1482_40X_HE_T105_01,0,0.12742450833320618,0
ann,3,SR1482_40X_HE_T115_01,0,0.2928488254547119,0
ann,3,SR1482_40X_HE_T115_02,0,0.1418563574552536,0
ann,3,SR1482_40X_HE_T118_01,0,0.7988640069961548,1
ann,3,SR1482_40X_HE_T118_02,0,0.824851930141449,1
ann,3,SR1482_40X_HE_T120_01,0,0.3350403308868408,0
ann,3,SR1482_40X_HE_T120_02,0,0.8020317554473877,1
ann,3,SR1482_40X_HE_T124_01,0,0.7484201788902283,1
ann,3,SR1482_40X_HE_T124_02,0,0.8869633674621582,1
ann,3,SR1482_40X_HE_T138_01,0,0.17290599644184113,0
ann,3,SR1482_40X_HE_T160_01,0,0.15037934482097626,0
ann,3,SR1482_40X_HE_T160_02,0,0.1786566525697708,0
ann,3,SR1482_40X_HE_T167_01,0,0.20992937684059143,0
ann,3,SR1482_40X_HE_T167_02,0,0.2765502333641052,0
ann,3,SR1482_40X_HE_T175_01,0,0.19146829843521118,0
ann,3,SR1482_40X_HE_T175_02,0,0.37247490882873535,0
ann,3,SR1482_40X_HE_T177_01,1,0.36957743763923645,0
ann,3,SR1482_40X_HE_T188_01,0,0.19439025223255157,0
ann,3,SR1482_40X_HE_T195_01,0,0.26698192954063416,0
ann,3,SR1482_40X_HE_T195_02,0,0.44138774275779724,0
ann,3,SR1482_40X_HE_T202_01,0,0.24253034591674805,0
ann,3,SR1482_40X_HE_T202_02,0,0.12804347276687622,0
ann,3,SR1482_40X_HE_T225_01,0,0.9623271822929382,1
ann,3,SR1482_40X_HE_T225_02,0,0.26225215196609497,0
ann,3,SR1482_40X_HE_T235_01,0,0.19755184650421143,0
ann,3,SR1482_40X_HE_T235_02,0,0.24369430541992188,0
ann,3,SR1482_40X_HE_T236_01,0,0.07614263147115707,0
ann,3,SR1482_40X_HE_T236_02,0,0.11774568259716034,0
ann,3,SR1482_40X_HE_T258_01,0,0.0951857641339302,0
ann,3,SR1482_40X_HE_T258_02,0,0.18359331786632538,0
ann,3,SR1482_40X_HE_T284_01,1,0.8617463707923889,1
ann,3,SR1482_40X_HE_T284_02,1,0.8735527396202087,1
ann,3,SR1482_40X_HE_T301_01,1,0.37727272510528564,0
ann,3,SR1482_40X_HE_T301_02,1,0.2104543000459671,0
ann,3,SR1482_40X_HE_T309_01,0,0.3477482199668884,0
ann,3,SR1482_40X_HE_T313_01,0,0.36659643054008484,0
ann,3,SR1482_40X_HE_T313_02,0,0.48055920004844666,0
ann,3,SR1482_40X_HE_T338_01,0,0.8976998925209045,1
ann,3,SR1482_40X_HE_T344_01,0,0.19899429380893707,0
ann,3,SR1482_40X_HE_T344_02,0,0.24749627709388733,0
ann,3,SR1482_40X_HE_T346_01,0,0.8804413080215454,1
ann,3,SR1482_40X_HE_T346_02,0,0.593142569065094,1
ann,3,SR1482_40X_HE_T377_01,0,0.1922033578157425,0
ann,3,SR1482_40X_HE_T377_02,0,0.20239941775798798,0
ann,3,SR1482_40X_HE_T419_01,0,0.22485457360744476,0
ann,3,SR1482_40X_HE_T427_01,0,0.3657910227775574,0
ann,3,SR1482_40X_HE_T427_02,0,0.3307856321334839,0
ann,3,SR386_40X_HE_T007_01,0,0.2576688826084137,0
ann,3,SR386_40X_HE_T015_01,0,0.22582879662513733,0
ann,3,SR386_40X_HE_T017_01,1,0.7077510952949524,1
ann,3,SR386_40X_HE_T032_01,0,0.22296905517578125,0
ann,3,SR386_40X_HE_T034_01,0,0.19791144132614136,0
ann,3,SR386_40X_HE_T035_01,0,0.32294961810112,0
ann,3,SR386_40X_HE_T041_01,0,0.834357500076294,1
ann,3,SR386_40X_HE_T067_01,0,0.21518757939338684,0
ann,3,SR386_40X_HE_T075_01,0,0.20820815861225128,0
ann,3,SR386_40X_HE_T081_01,0,0.1774233728647232,0
ann,3,SR386_40X_HE_T083_01,0,0.2067514955997467,0
ann,3,SR386_40X_HE_T085_01,0,0.17661428451538086,0
ann,3,SR386_40X_HE_T095_01,0,0.28163185715675354,0
ann,3,SR386_40X_HE_T104_01,0,0.22178387641906738,0
ann,3,SR386_40X_HE_T106_01,0,0.20380395650863647,0
ann,3,SR386_40X_HE_T112_01,0,0.2600732743740082,0
ann,3,SR386_40X_HE_T128_01,0,0.11514054983854294,0
ann,3,SR386_40X_HE_T132_01,0,0.17192772030830383,0
ann,3,SR386_40X_HE_T138_01,0,0.20306923985481262,0
ann,3,SR386_40X_HE_T142_01,0,0.538129985332489,1
ann,3,SR386_40X_HE_T149_01,0,0.2920735776424408,0
ann,3,SR386_40X_HE_T165_01,1,0.46531808376312256,0
ann,3,SR386_40X_HE_T179_01,0,0.6931865215301514,1
ann,3,SR386_40X_HE_T180_01,0,0.22163808345794678,0
ann,3,SR386_40X_HE_T182_01,0,0.32086730003356934,0
ann,3,SR386_40X_HE_T184_01,0,0.49798017740249634,0
ann,3,SR386_40X_HE_T188_01,0,0.12451883405447006,0
ann,3,SR386_40X_HE_T191_01,0,0.2408682107925415,0
ann,3,SR386_40X_HE_T197_01,0,0.2710811197757721,0
ann,3,SR386_40X_HE_T201_01,0,0.20901986956596375,0
ann,3,SR386_40X_HE_T202_01,0,0.1958809792995453,0
ann,3,SR386_40X_HE_T208_01,0,0.17514479160308838,0
ann,3,SR386_40X_HE_T216_01,1,0.8248440027236938,1
ann,3,SR386_40X_HE_T238_01,0,0.14772255718708038,0
ann,3,SR386_40X_HE_T244_01,0,0.12094156444072723,0
ann,3,SR386_40X_HE_T248_01,0,0.29099544882774353,0
ann,3,SR386_40X_HE_T249_01,0,0.17485186457633972,0
ann,3,SR386_40X_HE_T250_01,0,0.14363130927085876,0
ann,3,SR386_40X_HE_T263_01,0,0.2260247766971588,0
ann,3,SR386_40X_HE_T267_01,0,0.2905994951725006,0
ann,3,SR386_40X_HE_T269_01,0,0.2915748357772827,0
ann,3,SR386_40X_HE_T277_01,0,0.25353899598121643,0
ann,3,SR386_40X_HE_T286_01,0,0.8270366787910461,1
ann,3,SR386_40X_HE_T287_01,0,0.35273706912994385,0
ann,3,SR386_40X_HE_T290_01,0,0.5019741058349609,1
ann,3,SR386_40X_HE_T293_01,0,0.2595459520816803,0
ann,3,SR386_40X_HE_T298_01,0,0.2987106144428253,0
ann,3,SR386_40X_HE_T303_01,0,0.261636883020401,0
ann,3,SR386_40X_HE_T312_01,0,0.36141839623451233,0
ann,3,SR386_40X_HE_T329_01,0,0.5633668899536133,1
ann,3,SR386_40X_HE_T336_01,0,0.4197237193584442,0
ann,3,SR386_40X_HE_T338_01,0,0.19866584241390228,0
ann,3,SR386_40X_HE_T342_01,0,0.23823145031929016,0
ann,3,SR386_40X_HE_T353_01,0,0.14342737197875977,0
ann,3,SR386_40X_HE_T357_01,0,0.19988732039928436,0
ann,3,SR386_40X_HE_T362_01,0,0.12051719427108765,0
ann,3,SR386_40X_HE_T363_01,1,0.8313037753105164,1
ann,3,SR386_40X_HE_T372_01,0,0.6347498893737793,1
ann,3,SR386_40X_HE_T378_01,0,0.28937873244285583,0
ann,3,SR386_40X_HE_T379_01,0,0.21137139201164246,0
ann,3,SR386_40X_HE_T386_01,0,0.2855139672756195,0
ann,3,SR386_40X_HE_T387_01,0,0.1357051432132721,0
ann,3,SR386_40X_HE_T393_01,0,0.2608094811439514,0
ann,3,SR386_40X_HE_T397_01,0,0.7468176484107971,1
ann,3,SR386_40X_HE_T406_01,0,0.45093873143196106,0
ann,3,SR386_40X_HE_T409_01,0,0.1404767632484436,0
ann,3,SR386_40X_HE_T422_01,0,0.24504032731056213,0
ann,3,SR386_40X_HE_T426_01,0,0.22416140139102936,0
ann,3,SR386_40X_HE_T433_01,0,0.2818043828010559,0
ann,3,SR386_40X_HE_T443_01,0,0.4142110049724579,0
ann,3,SR386_40X_HE_T448_01,0,0.47668421268463135,0
ann,3,SR386_40X_HE_T452_01,0,0.23272259533405304,0
ann,3,SR386_40X_HE_T460_01,1,0.7778106927871704,1
ann,3,SR386_40X_HE_T473_01,0,0.36505934596061707,0
ann,3,SR386_40X_HE_T475_01,0,0.16910552978515625,0
ann,3,SR386_40X_HE_T478_01,0,0.16795647144317627,0
ann,3,SR386_40X_HE_T489_01,1,0.1517912745475769,0
ann,3,SR386_40X_HE_T491_01,0,0.2600228786468506,0
ann,3,SR386_40X_HE_T492_01,0,0.22785969078540802,0
ann,3,SR386_40X_HE_T493_01,0,0.2342214584350586,0
ann,3,SR386_40X_HE_T502_01,0,0.21883893013000488,0
ann,3,SR386_40X_HE_T505_01,0,0.18499000370502472,0
ann,3,SR386_40X_HE_T506_01,0,0.17686337232589722,0
ann,3,SR386_40X_HE_T509_01,0,0.19967560470104218,0
ann,3,SR386_40X_HE_T516_01,0,0.33159998059272766,0
ann,3,SR386_40X_HE_T518_01,0,0.11098871380090714,0
ann,3,SR386_40X_HE_T519_01,0,0.23883172869682312,0
ann,3,SR386_40X_HE_T521_01,0,0.21091029047966003,0
ann,3,SR386_40X_HE_T526_01,0,0.267135351896286,0
ann,3,SR386_40X_HE_T533_01,0,0.2691558301448822,0
ann,3,SR386_40X_HE_T543_01,0,0.23306719958782196,0
ann,3,SR386_40X_HE_T544_01,0,0.28114330768585205,0
ann,3,SR386_40X_HE_T556_01,1,0.7847412824630737,1
ann,3,SR386_40X_HE_T560_01,0,0.24271449446678162,0
ann,3,SR386_40X_HE_T563_01,0,0.18123149871826172,0
ann,3,SR386_40X_HE_T568_01,0,0.21655257046222687,0
ann,3,SR386_40X_HE_T571_01,0,0.14622417092323303,0
ann,3,SR386_40X_HE_T572_01,0,0.31343433260917664,0
ann,3,SR386_40X_HE_T573_01,0,0.5395016670227051,1
ann,3,SR386_40X_HE_T583_01,0,0.28907403349876404,0
ann,4,SR1482_40X_HE_T002_01,0,0.3581920266151428,0
ann,4,SR1482_40X_HE_T003_01,0,0.40226590633392334,0
ann,4,SR1482_40X_HE_T004_01,0,0.32180067896842957,0
ann,4,SR1482_40X_HE_T004_02,0,0.8754168748855591,1
ann,4,SR1482_40X_HE_T011_01,0,0.3465268313884735,0
ann,4,SR1482_40X_HE_T025_01,0,0.6453427672386169,1
ann,4,SR1482_40X_HE_T025_02,0,0.45610010623931885,0
ann,4,SR1482_40X_HE_T060_01,0,0.17017337679862976,0
ann,4,SR1482_40X_HE_T062_01,0,0.4685184359550476,0
ann,4,SR1482_40X_HE_T062_02,0,0.8137734532356262,1
ann,4,SR1482_40X_HE_T064_01,0,0.8962290287017822,1
ann,4,SR1482_40X_HE_T064_02,0,0.2704029083251953,0
ann,4,SR1482_40X_HE_T071_01,0,0.47729769349098206,0
ann,4,SR1482_40X_HE_T071_02,0,0.23984870314598083,0
ann,4,SR1482_40X_HE_T074_01,0,0.24088819324970245,0
ann,4,SR1482_40X_HE_T074_02,0,0.23051023483276367,0
ann,4,SR1482_40X_HE_T083_01,0,0.7195900678634644,1
ann,4,SR1482_40X_HE_T083_02,0,0.4722006022930145,0
ann,4,SR1482_40X_HE_T087_01,0,0.3935956358909607,0
ann,4,SR1482_40X_HE_T097_01,1,0.949414074420929,1
ann,4,SR1482_40X_HE_T097_02,1,0.3587628901004791,0
ann,4,SR1482_40X_HE_T108_01,0,0.1896238774061203,0
ann,4,SR1482_40X_HE_T113_01,0,0.10634153336286545,0
ann,4,SR1482_40X_HE_T113_02,0,0.2289397120475769,0
ann,4,SR1482_40X_HE_T121_01,0,0.1651003509759903,0
ann,4,SR1482_40X_HE_T122_01,0,0.2050749957561493,0
ann,4,SR1482_40X_HE_T125_01,0,0.1699417382478714,0
ann,4,SR1482_40X_HE_T125_02,0,0.15283001959323883,0
ann,4,SR1482_40X_HE_T131_01,0,0.8491858243942261,1
ann,4,SR1482_40X_HE_T131_02,0,0.831081211566925,1
ann,4,SR1482_40X_HE_T132_01,0,0.24380065500736237,0
ann,4,SR1482_40X_HE_T132_02,0,0.13516782224178314,0
ann,4,SR1482_40X_HE_T143_01,0,0.9058348536491394,1
ann,4,SR1482_40X_HE_T143_02,0,0.5740727782249451,1
ann,4,SR1482_40X_HE_T166_01,1,0.1885146051645279,0
ann,4,SR1482_40X_HE_T169_01,0,0.6136196255683899,1
ann,4,SR1482_40X_HE_T176_01,1,0.9868984222412109,1
ann,4,SR1482_40X_HE_T176_02,1,0.9381353259086609,1
ann,4,SR1482_40X_HE_T191_01,0,0.22675040364265442,0
ann,4,SR1482_40X_HE_T194_01,0,0.8998976945877075,1
ann,4,SR1482_40X_HE_T218_01,0,0.1574745774269104,0
ann,4,SR1482_40X_HE_T253_01,0,0.2097010463476181,0
ann,4,SR1482_40X_HE_T290_01,0,0.3055208921432495,0
ann,4,SR1482_40X_HE_T308_01,0,0.3790539503097534,0
ann,4,SR1482_40X_HE_T314_01,0,0.9780035018920898,1
ann,4,SR1482_40X_HE_T314_02,0,0.8710143566131592,1
ann,4,SR1482_40X_HE_T372_01,1,0.7151455283164978,1
ann,4,SR1482_40X_HE_T372_02,1,0.3717028796672821,0
ann,4,SR1482_40X_HE_T408_01,0,0.5522414445877075,1
ann,4,SR1482_40X_HE_T412_01,0,0.30998268723487854,0
ann,4,SR1482_40X_HE_T425_01,0,0.2229420393705368,0
ann,4,SR1482_40X_HE_T434_01,1,0.520828902721405,1
ann,4,SR386_40X_HE_T006_01,0,0.2375781387090683,0
ann,4,SR386_40X_HE_T010_01,0,0.1619894951581955,0
ann,4,SR386_40X_HE_T014_01,0,0.4284469485282898,0
ann,4,SR386_40X_HE_T016_01,0,0.15414634346961975,0
ann,4,SR386_40X_HE_T020_01,0,0.15129081904888153,0
ann,4,SR386_40X_HE_T027_01,0,0.4811619818210602,0
ann,4,SR386_40X_HE_T028_01,0,0.2806952893733978,0
ann,4,SR386_40X_HE_T037_01,0,0.18504171073436737,0
ann,4,SR386_40X_HE_T043_01,0,0.18280963599681854,0
ann,4,SR386_40X_HE_T044_01,1,0.5569833517074585,1
ann,4,SR386_40X_HE_T046_01,0,0.1265673190355301,0
ann,4,SR386_40X_HE_T058_01,0,0.11961956322193146,0
ann,4,SR386_40X_HE_T062_01,0,0.18718163669109344,0
ann,4,SR386_40X_HE_T065_01,1,0.2806163430213928,0
ann,4,SR386_40X_HE_T080_01,0,0.23575745522975922,0
ann,4,SR386_40X_HE_T091_01,0,0.2567562162876129,0
ann,4,SR386_40X_HE_T094_01,0,0.1563739776611328,0
ann,4,SR386_40X_HE_T097_01,0,0.3424891531467438,0
ann,4,SR386_40X_HE_T100_01,0,0.5084943175315857,1
ann,4,SR386_40X_HE_T107_01,0,0.17881709337234497,0
ann,4,SR386_40X_HE_T109_01,1,0.4877629280090332,0
ann,4,SR386_40X_HE_T110_01,0,0.546271026134491,1
ann,4,SR386_40X_HE_T117_01,0,0.22052843868732452,0
ann,4,SR386_40X_HE_T127_01,0,0.19629350304603577,0
ann,4,SR386_40X_HE_T129_01,0,0.25390493869781494,0
ann,4,SR386_40X_HE_T136_01,0,0.21620376408100128,0
ann,4,SR386_40X_HE_T154_01,0,0.20649269223213196,0
ann,4,SR386_40X_HE_T168_01,1,0.6106659173965454,1
ann,4,SR386_40X_HE_T175_01,0,0.18805742263793945,0
ann,4,SR386_40X_HE_T189_01,0,0.08362819254398346,0
ann,4,SR386_40X_HE_T195_01,0,0.1628638207912445,0
ann,4,SR386_40X_HE_T227_01,0,0.11831004917621613,0
ann,4,SR386_40X_HE_T233_01,0,0.9052151441574097,1
ann,4,SR386_40X_HE_T234_01,0,0.3132689595222473,0
ann,4,SR386_40X_HE_T235_01,0,0.2672252357006073,0
ann,4,SR386_40X_HE_T239_01,0,0.9681649208068848,1
ann,4,SR386_40X_HE_T245_01,0,0.19501109421253204,0
ann,4,SR386_40X_HE_T256_01,0,0.19954828917980194,0
ann,4,SR386_40X_HE_T265_01,0,0.29829204082489014,0
ann,4,SR386_40X_HE_T268_01,0,0.1995226889848709,0
ann,4,SR386_40X_HE_T270_01,0,0.20890961587429047,0
ann,4,SR386_40X_HE_T272_01,0,0.4343760311603546,0
ann,4,SR386_40X_HE_T273_01,0,0.2654300034046173,0
ann,4,SR386_40X_HE_T276_01,0,0.9155704975128174,1
ann,4,SR386_40X_HE_T278_01,1,0.8008973598480225,1
ann,4,SR386_40X_HE_T284_01,0,0.1907435953617096,0
ann,4,SR386_40X_HE_T285_01,0,0.13322289288043976,0
ann,4,SR386_40X_HE_T288_01,0,0.30026671290397644,0
ann,4,SR386_40X_HE_T291_01,0,0.19505053758621216,0
ann,4,SR386_40X_HE_T300_01,0,0.12863555550575256,0
ann,4,SR386_40X_HE_T302_01,0,0.26927441358566284,0
ann,4,SR386_40X_HE_T305_01,0,0.15831735730171204,0
ann,4,SR386_40X_HE_T308_01,0,0.15749086439609528,0
ann,4,SR386_40X_HE_T325_01,0,0.1261841505765915,0
ann,4,SR386_40X_HE_T331_01,0,0.3711182177066803,0
ann,4,SR386_40X_HE_T341_01,0,0.61237633228302,1
ann,4,SR386_40X_HE_T343_01,1,0.2157130241394043,0
ann,4,SR386_40X_HE_T346_01,0,0.695502758026123,1
ann,4,SR386_40X_HE_T352_01,0,0.2619287669658661,0
ann,4,SR386_40X_HE_T373_01,0,0.43904566764831543,0
ann,4,SR386_40X_HE_T375_01,0,0.31132903695106506,0
ann,4,SR386_40X_HE_T381_01,0,0.11164722591638565,0
ann,4,SR386_40X_HE_T389_01,0,0.11170322448015213,0
ann,4,SR386_40X_HE_T391_01,0,0.13371936976909637,0
ann,4,SR386_40X_HE_T394_01,0,0.35279926657676697,0
ann,4,SR386_40X_HE_T399_01,0,0.4056567847728729,0
ann,4,SR386_40X_HE_T403_01,0,0.2649127244949341,0
ann,4,SR386_40X_HE_T405_01,0,0.3864544928073883,0
ann,4,SR386_40X_HE_T407_01,0,0.1845887452363968,0
ann,4,SR386_40X_HE_T414_01,0,0.27689459919929504,0
ann,4,SR386_40X_HE_T424_01,0,0.16854609549045563,0
ann,4,SR386_40X_HE_T429_01,0,0.19994331896305084,0
ann,4,SR386_40X_HE_T441_01,0,0.2943214178085327,0
ann,4,SR386_40X_HE_T451_01,0,0.27024930715560913,0
ann,4,SR386_40X_HE_T453_01,0,0.18573205173015594,0
ann,4,SR386_40X_HE_T455_01,0,0.36014610528945923,0
ann,4,SR386_40X_HE_T465_01,0,0.24446985125541687,0
ann,4,SR386_40X_HE_T474_01,0,0.7075501084327698,1
ann,4,SR386_40X_HE_T476_01,0,0.3794108033180237,0
ann,4,SR386_40X_HE_T479_01,0,0.3273163139820099,0
ann,4,SR386_40X_HE_T482_01,0,0.27263322472572327,0
ann,4,SR386_40X_HE_T487_01,0,0.18089130520820618,0
ann,4,SR386_40X_HE_T490_01,0,0.3243776559829712,0
ann,4,SR386_40X_HE_T494_01,0,0.2512752413749695,0
ann,4,SR386_40X_HE_T500_01,0,0.23254823684692383,0
ann,4,SR386_40X_HE_T510_01,0,0.2560226619243622,0
ann,4,SR386_40X_HE_T524_01,0,0.5195696353912354,1
ann,4,SR386_40X_HE_T528_01,0,0.38958224654197693,0
ann,4,SR386_40X_HE_T532_01,0,0.15521685779094696,0
ann,4,SR386_40X_HE_T534_01,0,0.5922494530677795,1
ann,4,SR386_40X_HE_T536_01,0,0.15360060334205627,0
ann,4,SR386_40X_HE_T537_01,0,0.42429035902023315,0
ann,4,SR386_40X_HE_T541_01,0,0.4660049378871918,0
ann,4,SR386_40X_HE_T548_01,1,0.5428420305252075,1
ann,4,SR386_40X_HE_T550_01,0,0.8681012988090515,1
ann,4,SR386_40X_HE_T551_01,0,0.20477427542209625,0
ann,4,SR386_40X_HE_T557_01,0,0.16309599578380585,0
ann,4,SR386_40X_HE_T565_01,0,0.3008864223957062,0
ann,4,SR386_40X_HE_T567_01,0,0.16135011613368988,0
ann,4,SR386_40X_HE_T575_01,0,0.2973083257675171,0
ann,4,SR386_40X_HE_T576_01,0,0.21752694249153137,0
ann,4,SR386_40X_HE_T581_01,0,0.1884251981973648,0
knn,1,SR1482_40X_HE_T029_01,0,0.0,0
knn,1,SR1482_40X_HE_T029_02,0,0.3333333333333333,0
knn,1,SR1482_40X_HE_T057_01,0,0.0,0
knn,1,SR1482_40X_HE_T063_01,1,0.6666666666666666,1
knn,1,SR1482_40X_HE_T063_02,1,0.0,0
knn,1,SR1482_40X_HE_T065_01,0,0.0,0
knn,1,SR1482_40X_HE_T065_02,0,0.0,0
knn,1,SR1482_40X_HE_T066_01,0,0.3333333333333333,0
knn,1,SR1482_40X_HE_T066_02,0,0.0,0
knn,1,SR1482_40X_HE_T068_01,0,0.0,0
knn,1,SR1482_40X_HE_T069_01,0,0.0,0
knn,1,SR1482_40X_HE_T069_02,0,0.0,0
knn,1,SR1482_40X_HE_T079_01,1,0.0,0
knn,1,SR1482_40X_HE_T079_02,1,0.3333333333333333,0
knn,1,SR1482_40X_HE_T080_01,0,0.0,0
knn,1,SR1482_40X_HE_T080_02,0,0.0,0
knn,1,SR1482_40X_HE_T081_01,0,0.3333333333333333,0
knn,1,SR1482_40X_HE_T081_02,0,0.3333333333333333,0
knn,1,SR1482_40X_HE_T099_01,0,0.0,0
knn,1,SR1482_40X_HE_T116_01,0,0.0,0
knn,1,SR1482_40X_HE_T117_01,0,0.0,0
knn,1,SR1482_40X_HE_T117_02,0,0.3333333333333333,0
knn,1,SR1482_40X_HE_T126_01,0,0.0,0
knn,1,SR1482_40X_HE_T129_01,0,0.3333333333333333,0
knn,1,SR1482_40X_HE_T129_02,0,0.3333333333333333,0
knn,1,SR1482_40X_HE_T139_01,0,0.0,0
knn,1,SR1482_40X_HE_T139_02,0,0.6666666666666666,1
knn,1,SR1482_40X_HE_T147_01,0,0.6666666666666666,1
knn,1,SR1482_40X_HE_T147_02,0,1.0,1
knn,1,SR1482_40X_HE_T159_01,0,0.3333333333333333,0
knn,1,SR1482_40X_HE_T159_02,0,0.0,0
knn,1,SR1482_40X_HE_T192_01,0,0.0,0
knn,1,SR1482_40X_HE_T199_01,0,0.0,0
knn,1,SR1482_40X_HE_T304_01,0,0.3333333333333333,0
knn,1,SR1482_40X_HE_T304_02,0,0.0,0
knn,1,SR1482_40X_HE_T310_01,1,0.3333333333333333,0
knn,1,SR1482_40X_HE_T310_02,1,0.3333333333333333,0
knn,1,SR1482_40X_HE_T341_01,0,0.0,0
knn,1,SR1482_40X_HE_T341_02,0,0.0,0
knn,1,SR1482_40X_HE_T353_01,0,0.0,0
knn,1,SR1482_40X_HE_T390_01,0,0.0,0
knn,1,SR1482_40X_HE_T433_01,1,0.6666666666666666,1
knn,1,SR386_40X_HE_T003_01,0,0.0,0
knn,1,SR386_40X_HE_T004_01,0,0.0,0
knn,1,SR386_40X_HE_T022_01,1,0.0,0
knn,1,SR386_40X_HE_T030_01,0,0.0,0
knn,1,SR386_40X_HE_T033_01,0,0.3333333333333333,0
knn,1,SR386_40X_HE_T036_01,0,0.0,0
knn,1,SR386_40X_HE_T038_01,0,0.0,0
knn,1,SR386_40X_HE_T049_01,0,0.0,0
knn,1,SR386_40X_HE_T050_01,0,0.0,0
knn,1,SR386_40X_HE_T060_01,0,0.0,0
knn,1,SR386_40X_HE_T063_01,0,0.0,0
knn,1,SR386_40X_HE_T066_01,0,0.3333333333333333,0
knn,1,SR386_40X_HE_T069_01,0,0.0,0
knn,1,SR386_40X_HE_T072_01,0,0.0,0
knn,1,SR386_40X_HE_T074_01,0,0.0,0
knn,1,SR386_40X_HE_T078_01,0,0.0,0
knn,1,SR386_40X_HE_T079_01,0,0.0,0
knn,1,SR386_40X_HE_T092_01,1,0.0,0
knn,1,SR386_40X_HE_T096_01,0,0.0,0
knn,1,SR386_40X_HE_T099_01,0,0.0,0
knn,1,SR386_40X_HE_T103_01,0,0.0,0
knn,1,SR386_40X_HE_T108_01,0,0.0,0
knn,1,SR386_40X_HE_T113_01,0,0.0,0
knn,1,SR386_40X_HE_T114_01,0,0.0,0
knn,1,SR386_40X_HE_T119_01,0,0.0,0
knn,1,SR386_40X_HE_T126_01,0,0.3333333333333333,0
knn,1,SR386_40X_HE_T130_01,0,0.0,0
knn,1,SR386_40X_HE_T131_01,0,0.0,0
knn,1,SR386_40X_HE_T135_01,0,0.6666666666666666,1
knn,1,SR386_40X_HE_T140_01,0,0.0,0
knn,1,SR386_40X_HE_T144_01,0,0.0,0
knn,1,SR386_40X_HE_T147_01,0,0.0,0
knn,1,SR386_40X_HE_T148_01,0,0.3333333333333333,0
knn,1,SR386_40X_HE_T160_01,0,0.0,0
knn,1,SR386_40X_HE_T169_01,0,0.0,0
knn,1,SR386_40X_HE_T170_01,1,0.3333333333333333,0
knn,1,SR386_40X_HE_T172_01,0,0.3333333333333333,0
knn,1,SR386_40X_HE_T174_01,0,0.0,0
knn,1,SR386_40X_HE_T181_01,0,0.0,0
knn,1,SR386_40X_HE_T196_01,0,0.0,0
knn,1,SR386_40X_HE_T205_01,0,0.3333333333333333,0
knn,1,SR386_40X_HE_T209_01,0,0.0,0
knn,1,SR386_40X_HE_T210_01,0,0.3333333333333333,0
knn,1,SR386_40X_HE_T212_01,0,0.0,0
knn,1,SR386_40X_HE_T221_01,0,0.0,0
knn,1,SR386_40X_HE_T224_01,0,0.0,0
knn,1,SR386_40X_HE_T231_01,1,0.0,0
knn,1,SR386_40X_HE_T232_01,0,0.0,0
knn,1,SR386_40X_HE_T247_01,0,0.0,0
knn,1,SR386_40X_HE_T252_01,0,0.0,0
knn,1,SR386_40X_HE_T255_01,0,0.0,0
knn,1,SR386_40X_HE_T259_01,1,0.0,0
knn,1,SR386_40X_HE_T274_01,0,0.0,0
knn,1,SR386_40X_HE_T275_01,0,0.0,0
knn,1,SR386_40X_HE_T282_01,0,0.0,0
knn,1,SR386_40X_HE_T294_01,0,0.6666666666666666,1
knn,1,SR386_40X_HE_T311_01,0,0.0,0
knn,1,SR386_40X_HE_T315_01,0,0.3333333333333333,0
knn,1,SR386_40X_HE_T319_01,1,0.0,0
knn,1,SR386_40X_HE_T324_01,1,0.0,0
knn,1,SR386_40X_HE_T330_01,0,0.0,0
knn,1,SR386_40X_HE_T333_01,0,0.0,0
knn,1,SR386_40X_HE_T335_01,0,0.0,0
knn,1,SR386_40X_HE_T337_01,0,0.0,0
knn,1,SR386_40X_HE_T344_01,0,0.0,0
knn,1,SR386_40X_HE_T347_01,0,0.0,0
knn,1,SR386_40X_HE_T350_01,0,0.0,0
knn,1,SR386_40X_HE_T351_01,0,0.0,0
knn,1,SR386_40X_HE_T360_01,0,0.0,0
knn,1,SR386_40X_HE_T361_01,0,0.0,0
knn,1,SR386_40X_HE_T366_01,0,0.0,0
knn,1,SR386_40X_HE_T377_01,1,0.3333333333333333,0
knn,1,SR386_40X_HE_T384_01,0,0.0,0
knn,1,SR386_40X_HE_T395_01,0,0.0,0
knn,1,SR386_40X_HE_T396_01,0,0.0,0
knn,1,SR386_40X_HE_T401_01,0,0.0,0
knn,1,SR386_40X_HE_T408_01,0,0.0,0
knn,1,SR386_40X_HE_T410_01,0,0.0,0
knn,1,SR386_40X_HE_T413_01,0,0.0,0
knn,1,SR386_40X_HE_T416_01,0,0.0,0
knn,1,SR386_40X_HE_T418_01,0,0.0,0
knn,1,SR386_40X_HE_T419_01,0,0.0,0
knn,1,SR386_40X_HE_T421_01,0,0.0,0
knn,1,SR386_40X_HE_T423_01,0,0.0,0
knn,1,SR386_40X_HE_T428_01,0,0.0,0
knn,1,SR386_40X_HE_T430_01,0,0.0,0
knn,1,SR386_40X_HE_T431_01,0,0.0,0
knn,1,SR386_40X_HE_T435_01,0,0.0,0
knn,1,SR386_40X_HE_T438_01,0,0.0,0
knn,1,SR386_40X_HE_T439_01,0,0.3333333333333333,0
knn,1,SR386_40X_HE_T447_01,0,0.0,0
knn,1,SR386_40X_HE_T449_01,0,0.0,0
knn,1,SR386_40X_HE_T454_01,0,0.0,0
knn,1,SR386_40X_HE_T456_01,0,0.0,0
knn,1,SR386_40X_HE_T461_01,0,0.0,0
knn,1,SR386_40X_HE_T462_01,0,0.0,0
knn,1,SR386_40X_HE_T468_01,0,0.0,0
knn,1,SR386_40X_HE_T469_01,1,0.0,0
knn,1,SR386_40X_HE_T470_01,0,0.0,0
knn,1,SR386_40X_HE_T471_01,0,0.0,0
knn,1,SR386_40X_HE_T477_01,0,0.0,0
knn,1,SR386_40X_HE_T480_01,0,0.3333333333333333,0
knn,1,SR386_40X_HE_T484_01,0,0.0,0
knn,1,SR386_40X_HE_T495_01,0,0.0,0
knn,1,SR386_40X_HE_T496_01,0,0.0,0
knn,1,SR386_40X_HE_T498_01,0,0.0,0
knn,1,SR386_40X_HE_T504_01,0,0.0,0
knn,1,SR386_40X_HE_T511_01,0,0.0,0
knn,1,SR386_40X_HE_T517_01,0,0.0,0
knn,1,SR386_40X_HE_T523_01,0,0.0,0
knn,1,SR386_40X_HE_T529_01,0,0.0,0
knn,1,SR386_40X_HE_T542_01,0,0.0,0
knn,1,SR386_40X_HE_T569_01,0,0.0,0
knn,1,SR386_40X_HE_T582_01,0,0.0,0
knn,2,SR1482_40X_HE_T009_01,0,0.0,0
knn,2,SR1482_40X_HE_T009_02,0,0.0,0
knn,2,SR1482_40X_HE_T015_01,0,0.0,0
knn,2,SR1482_40X_HE_T021_01,0,0.2,0
knn,2,SR1482_40X_HE_T067_01,0,0.2,0
knn,2,SR1482_40X_HE_T075_01,0,0.0,0
knn,2,SR1482_40X_HE_T075_02,0,0.0,0
knn,2,SR1482_40X_HE_T098_01,0,0.2,0
knn,2,SR1482_40X_HE_T098_02,0,0.0,0
knn,2,SR1482_40X_HE_T102_01,0,0.2,0
knn,2,SR1482_40X_HE_T123_01,0,0.0,0
knn,2,SR1482_40X_HE_T142_01,0,0.0,0
knn,2,SR1482_40X_HE_T146_01,0,0.2,0
knn,2,SR1482_40X_HE_T148_01,0,0.0,0
knn,2,SR1482_40X_HE_T148_02,0,0.0,0
knn,2,SR1482_40X_HE_T154_01,0,0.2,0
knn,2,SR1482_40X_HE_T158_01,0,0.0,0
knn,2,SR1482_40X_HE_T161_01,0,0.2,0
knn,2,SR1482_40X_HE_T161_02,0,0.0,0
knn,2,SR1482_40X_HE_T164_01,1,0.2,0
knn,2,SR1482_40X_HE_T164_02,1,0.2,0
knn,2,SR1482_40X_HE_T168_01,0,0.0,0
knn,2,SR1482_40X_HE_T171_01,0,0.0,0
knn,2,SR1482_40X_HE_T171_02,0,0.0,0
knn,2,SR1482_40X_HE_T178_01,1,0.0,0
knn,2,SR1482_40X_HE_T186_01,0,0.2,0
knn,2,SR1482_40X_HE_T193_01,0,0.2,0
knn,2,SR1482_40X_HE_T193_02,0,0.6,1
knn,2,SR1482_40X_HE_T209_01,0,0.0,0
knn,2,SR1482_40X_HE_T209_02,0,0.0,0
knn,2,SR1482_40X_HE_T245_01,0,0.2,0
knn,2,SR1482_40X_HE_T245_02,0,0.0,0
knn,2,SR1482_40X_HE_T265_01,0,0.0,0
knn,2,SR1482_40X_HE_T302_01,0,0.0,0
knn,2,SR1482_40X_HE_T343_01,1,0.2,0
knn,2,SR1482_40X_HE_T343_02,1,0.0,0
knn,2,SR1482_40X_HE_T399_01,0,0.2,0
knn,2,SR1482_40X_HE_T399_02,0,0.2,0
knn,2,SR1482_40X_HE_T426_01,0,0.0,0
knn,2,SR1482_40X_HE_T426_02,0,0.0,0
knn,2,SR386_40X_HE_T001_01,0,0.0,0
knn,2,SR386_40X_HE_T013_01,0,0.0,0
knn,2,SR386_40X_HE_T018_01,0,0.0,0
knn,2,SR386_40X_HE_T019_01,0,0.0,0
knn,2,SR386_40X_HE_T024_01,0,0.0,0
knn,2,SR386_40X_HE_T039_01,0,0.0,0
knn,2,SR386_40X_HE_T040_01,1,0.2,0
knn,2,SR386_40X_HE_T042_01,0,0.2,0
knn,2,SR386_40X_HE_T047_01,0,0.0,0
knn,2,SR386_40X_HE_T051_01,0,0.0,0
knn,2,SR386_40X_HE_T052_01,0,0.0,0
knn,2,SR386_40X_HE_T056_01,0,0.0,0
knn,2,SR386_40X_HE_T057_01,0,0.0,0
knn,2,SR386_40X_HE_T070_01,0,0.0,0
knn,2,SR386_40X_HE_T082_01,0,0.0,0
knn,2,SR386_40X_HE_T084_01,0,0.0,0
knn,2,SR386_40X_HE_T087_01,0,0.0,0
knn,2,SR386_40X_HE_T088_01,0,0.0,0
knn,2,SR386_40X_HE_T098_01,0,0.0,0
knn,2,SR386_40X_HE_T105_01,0,0.0,0
knn,2,SR386_40X_HE_T122_01,0,0.0,0
knn,2,SR386_40X_HE_T123_01,0,0.0,0
knn,2,SR386_40X_HE_T133_01,0,0.0,0
knn,2,SR386_40X_HE_T145_01,0,0.0,0
knn,2,SR386_40X_HE_T150_01,0,0.2,0
knn,2,SR386_40X_HE_T152_01,0,0.0,0
knn,2,SR386_40X_HE_T155_01,0,0.2,0
knn,2,SR386_40X_HE_T157_01,0,0.0,0
knn,2,SR386_40X_HE_T164_01,0,0.0,0
knn,2,SR386_40X_HE_T166_01,0,0.0,0
knn,2,SR386_40X_HE_T176_01,1,0.4,0
knn,2,SR386_40X_HE_T177_01,0,0.0,0
knn,2,SR386_40X_HE_T178_01,0,0.0,0
knn,2,SR386_40X_HE_T187_01,0,0.0,0
knn,2,SR386_40X_HE_T190_01,0,0.0,0
knn,2,SR386_40X_HE_T192_01,0,0.0,0
knn,2,SR386_40X_HE_T198_01,0,0.0,0
knn,2,SR386_40X_HE_T200_01,0,0.2,0
knn,2,SR386_40X_HE_T206_01,1,0.0,0
knn,2,SR386_40X_HE_T211_01,0,0.0,0
knn,2,SR386_40X_HE_T213_01,0,0.2,0
knn,2,SR386_40X_HE_T214_01,0,0.0,0
knn,2,SR386_40X_HE_T220_01,0,0.0,0
knn,2,SR386_40X_HE_T230_01,1,0.2,0
knn,2,SR386_40X_HE_T236_01,0,0.0,0
knn,2,SR386_40X_HE_T237_01,0,0.0,0
knn,2,SR386_40X_HE_T240_01,0,0.0,0
knn,2,SR386_40X_HE_T241_01,0,0.0,0
knn,2,SR386_40X_HE_T242_01,0,0.0,0
knn,2,SR386_40X_HE_T253_01,0,0.0,0
knn,2,SR386_40X_HE_T260_01,0,0.0,0
knn,2,SR386_40X_HE_T262_01,0,0.2,0
knn,2,SR386_40X_HE_T264_01,0,0.2,0
knn,2,SR386_40X_HE_T271_01,0,0.0,0
knn,2,SR386_40X_HE_T281_01,0,0.0,0
knn,2,SR386_40X_HE_T297_01,0,0.0,0
knn,2,SR386_40X_HE_T299_01,0,0.0,0
knn,2,SR386_40X_HE_T301_01,0,0.0,0
knn,2,SR386_40X_HE_T306_01,0,0.0,0
knn,2,SR386_40X_HE_T309_01,0,0.0,0
knn,2,SR386_40X_HE_T314_01,0,0.0,0
knn,2,SR386_40X_HE_T316_01,0,0.0,0
knn,2,SR386_40X_HE_T318_01,0,0.0,0
knn,2,SR386_40X_HE_T321_01,0,0.0,0
knn,2,SR386_40X_HE_T326_01,0,0.0,0
knn,2,SR386_40X_HE_T327_01,0,0.0,0
knn,2,SR386_40X_HE_T332_01,1,0.2,0
knn,2,SR386_40X_HE_T355_01,0,0.0,0
knn,2,SR386_40X_HE_T364_01,0,0.0,0
knn,2,SR386_40X_HE_T368_01,1,0.0,0
knn,2,SR386_40X_HE_T374_01,0,0.0,0
knn,2,SR386_40X_HE_T380_01,0,0.0,0
knn,2,SR386_40X_HE_T382_01,0,0.0,0
knn,2,SR386_40X_HE_T392_01,0,0.0,0
knn,2,SR386_40X_HE_T398_01,0,0.0,0
knn,2,SR386_40X_HE_T402_01,1,0.0,0
knn,2,SR386_40X_HE_T404_01,0,0.0,0
knn,2,SR386_40X_HE_T415_01,0,0.0,0
knn,2,SR386_40X_HE_T417_01,0,0.0,0
knn,2,SR386_40X_HE_T425_01,0,0.2,0
knn,2,SR386_40X_HE_T436_01,1,0.2,0
knn,2,SR386_40X_HE_T437_01,0,0.0,0
knn,2,SR386_40X_HE_T440_01,0,0.2,0
knn,2,SR386_40X_HE_T445_01,0,0.0,0
knn,2,SR386_40X_HE_T450_01,0,0.0,0
knn,2,SR386_40X_HE_T459_01,0,0.0,0
knn,2,SR386_40X_HE_T472_01,0,0.0,0
knn,2,SR386_40X_HE_T481_01,0,0.0,0
knn,2,SR386_40X_HE_T483_01,0,0.2,0
knn,2,SR386_40X_HE_T486_01,0,0.2,0
knn,2,SR386_40X_HE_T488_01,0,0.0,0
knn,2,SR386_40X_HE_T499_01,0,0.0,0
knn,2,SR386_40X_HE_T507_01,0,0.0,0
knn,2,SR386_40X_HE_T514_01,0,0.0,0
knn,2,SR386_40X_HE_T520_01,1,0.2,0
knn,2,SR386_40X_HE_T522_01,0,0.0,0
knn,2,SR386_40X_HE_T531_01,0,0.0,0
knn,2,SR386_40X_HE_T535_01,0,0.0,0
knn,2,SR386_40X_HE_T539_01,0,0.0,0
knn,2,SR386_40X_HE_T549_01,0,0.0,0
knn,2,SR386_40X_HE_T552_01,0,0.0,0
knn,2,SR386_40X_HE_T553_01,0,0.0,0
knn,2,SR386_40X_HE_T554_01,0,0.0,0
knn,2,SR386_40X_HE_T558_01,0,0.0,0
knn,2,SR386_40X_HE_T564_01,0,0.0,0
knn,2,SR386_40X_HE_T570_01,0,0.0,0
knn,2,SR386_40X_HE_T574_01,0,0.0,0
knn,2,SR386_40X_HE_T578_01,0,0.0,0
knn,2,SR386_40X_HE_T580_01,0,0.0,0
knn,3,SR1482_40X_HE_T005_01,0,0.0,0
knn,3,SR1482_40X_HE_T005_02,0,0.2,0
knn,3,SR1482_40X_HE_T010_01,0,0.0,0
knn,3,SR1482_40X_HE_T043_01,0,0.0,0
knn,3,SR1482_40X_HE_T043_02,0,0.0,0
knn,3,SR1482_40X_HE_T049_01,0,0.0,0
knn,3,SR1482_40X_HE_T061_01,0,0.4,0
knn,3,SR1482_40X_HE_T061_02,0,0.2,0
knn,3,SR1482_40X_HE_T070_01,1,0.0,0
knn,3,SR1482_40X_HE_T073_01,0,0.0,0
knn,3,SR1482_40X_HE_T082_01,0,0.0,0
knn,3,SR1482_40X_HE_T082_02,0,0.2,0
knn,3,SR1482_40X_HE_T089_01,0,0.0,0
knn,3,SR1482_40X_HE_T090_01,0,0.0,0
knn,3,SR1482_40X_HE_T094_01,1,0.0,0
knn,3,SR1482_40X_HE_T094_02,1,0.0,0
knn,3,SR1482_40X_HE_T105_01,0,0.0,0
knn,3,SR1482_40X_HE_T115_01,0,0.0,0
knn,3,SR1482_40X_HE_T115_02,0,0.0,0
knn,3,SR1482_40X_HE_T118_01,0,0.6,1
knn,3,SR1482_40X_HE_T118_02,0,0.0,0
knn,3,SR1482_40X_HE_T120_01,0,0.2,0
knn,3,SR1482_40X_HE_T120_02,0,0.4,0
knn,3,SR1482_40X_HE_T124_01,0,0.4,0
knn,3,SR1482_40X_HE_T124_02,0,0.2,0
knn,3,SR1482_40X_HE_T138_01,0,0.2,0
knn,3,SR1482_40X_HE_T160_01,0,0.2,0
knn,3,SR1482_40X_HE_T160_02,0,0.2,0
knn,3,SR1482_40X_HE_T167_01,0,0.0,0
knn,3,SR1482_40X_HE_T167_02,0,0.0,0
knn,3,SR1482_40X_HE_T175_01,0,0.4,0
knn,3,SR1482_40X_HE_T175_02,0,0.0,0
knn,3,SR1482_40X_HE_T177_01,1,0.2,0
knn,3,SR1482_40X_HE_T188_01,0,0.0,0
knn,3,SR1482_40X_HE_T195_01,0,0.2,0
knn,3,SR1482_40X_HE_T195_02,0,0.0,0
knn,3,SR1482_40X_HE_T202_01,0,0.2,0
knn,3,SR1482_40X_HE_T202_02,0,0.0,0
knn,3,SR1482_40X_HE_T225_01,0,0.2,0
knn,3,SR1482_40X_HE_T225_02,0,0.2,0
knn,3,SR1482_40X_HE_T235_01,0,0.0,0
knn,3,SR1482_40X_HE_T235_02,0,0.0,0
knn,3,SR1482_40X_HE_T236_01,0,0.0,0
knn,3,SR1482_40X_HE_T236_02,0,0.0,0
knn,3,SR1482_40X_HE_T258_01,0,0.0,0
knn,3,SR1482_40X_HE_T258_02,0,0.2,0
knn,3,SR1482_40X_HE_T284_01,1,0.2,0
knn,3,SR1482_40X_HE_T284_02,1,0.0,0
knn,3,SR1482_40X_HE_T301_01,1,0.0,0
knn,3,SR1482_40X_HE_T301_02,1,0.2,0
knn,3,SR1482_40X_HE_T309_01,0,0.2,0
knn,3,SR1482_40X_HE_T313_01,0,0.0,0
knn,3,SR1482_40X_HE_T313_02,0,0.2,0
knn,3,SR1482_40X_HE_T338_01,0,0.2,0
knn,3,SR1482_40X_HE_T344_01,0,0.0,0
knn,3,SR1482_40X_HE_T344_02,0,0.0,0
knn,3,SR1482_40X_HE_T346_01,0,0.2,0
knn,3,SR1482_40X_HE_T346_02,0,0.0,0
knn,3,SR1482_40X_HE_T377_01,0,0.0,0
knn,3,SR1482_40X_HE_T377_02,0,0.0,0
knn,3,SR1482_40X_HE_T419_01,0,0.0,0
knn,3,SR1482_40X_HE_T427_01,0,0.0,0
knn,3,SR1482_40X_HE_T427_02,0,0.0,0
knn,3,SR386_40X_HE_T007_01,0,0.0,0
knn,3,SR386_40X_HE_T015_01,0,0.0,0
knn,3,SR386_40X_HE_T017_01,1,0.2,0
knn,3,SR386_40X_HE_T032_01,0,0.0,0
knn,3,SR386_40X_HE_T034_01,0,0.0,0
knn,3,SR386_40X_HE_T035_01,0,0.2,0
knn,3,SR386_40X_HE_T041_01,0,0.6,1
knn,3,SR386_40X_HE_T067_01,0,0.0,0
knn,3,SR386_40X_HE_T075_01,0,0.0,0
knn,3,SR386_40X_HE_T081_01,0,0.0,0
knn,3,SR386_40X_HE_T083_01,0,0.2,0
knn,3,SR386_40X_HE_T085_01,0,0.0,0
knn,3,SR386_40X_HE_T095_01,0,0.0,0
knn,3,SR386_40X_HE_T104_01,0,0.0,0
knn,3,SR386_40X_HE_T106_01,0,0.0,0
knn,3,SR386_40X_HE_T112_01,0,0.0,0
knn,3,SR386_40X_HE_T128_01,0,0.0,0
knn,3,SR386_40X_HE_T132_01,0,0.0,0
knn,3,SR386_40X_HE_T138_01,0,0.0,0
knn,3,SR386_40X_HE_T142_01,0,0.4,0
knn,3,SR386_40X_HE_T149_01,0,0.0,0
knn,3,SR386_40X_HE_T165_01,1,0.0,0
knn,3,SR386_40X_HE_T179_01,0,0.0,0
knn,3,SR386_40X_HE_T180_01,0,0.0,0
knn,3,SR386_40X_HE_T182_01,0,0.0,0
knn,3,SR386_40X_HE_T184_01,0,0.2,0
knn,3,SR386_40X_HE_T188_01,0,0.0,0
knn,3,SR386_40X_HE_T191_01,0,0.2,0
knn,3,SR386_40X_HE_T197_01,0,0.2,0
knn,3,SR386_40X_HE_T201_01,0,0.0,0
knn,3,SR386_40X_HE_T202_01,0,0.0,0
knn,3,SR386_40X_HE_T208_01,0,0.0,0
knn,3,SR386_40X_HE_T216_01,1,0.2,0
knn,3,SR386_40X_HE_T238_01,0,0.0,0
knn,3,SR386_40X_HE_T244_01,0,0.0,0
knn,3,SR386_40X_HE_T248_01,0,0.0,0
knn,3,SR386_40X_HE_T249_01,0,0.0,0
knn,3,SR386_40X_HE_T250_01,0,0.0,0
knn,3,SR386_40X_HE_T263_01,0,0.0,0
knn,3,SR386_40X_HE_T267_01,0,0.0,0
knn,3,SR386_40X_HE_T269_01,0,0.0,0
knn,3,SR386_40X_HE_T277_01,0,0.0,0
knn,3,SR386_40X_HE_T286_01,0,0.0,0
knn,3,SR386_40X_HE_T287_01,0,0.0,0
knn,3,SR386_40X_HE_T290_01,0,0.0,0
knn,3,SR386_40X_HE_T293_01,0,0.2,0
knn,3,SR386_40X_HE_T298_01,0,0.0,0
knn,3,SR386_40X_HE_T303_01,0,0.0,0
knn,3,SR386_40X_HE_T312_01,0,0.0,0
knn,3,SR386_40X_HE_T329_01,0,0.0,0
knn,3,SR386_40X_HE_T336_01,0,0.0,0
knn,3,SR386_40X_HE_T338_01,0,0.0,0
knn,3,SR386_40X_HE_T342_01,0,0.0,0
knn,3,SR386_40X_HE_T353_01,0,0.0,0
knn,3,SR386_40X_HE_T357_01,0,0.0,0
knn,3,SR386_40X_HE_T362_01,0,0.0,0
knn,3,SR386_40X_HE_T363_01,1,0.2,0
knn,3,SR386_40X_HE_T372_01,0,0.4,0
knn,3,SR386_40X_HE_T378_01,0,0.0,0
knn,3,SR386_40X_HE_T379_01,0,0.0,0
knn,3,SR386_40X_HE_T386_01,0,0.0,0
knn,3,SR386_40X_HE_T387_01,0,0.0,0
knn,3,SR386_40X_HE_T393_01,0,0.0,0
knn,3,SR386_40X_HE_T397_01,0,0.0,0
knn,3,SR386_40X_HE_T406_01,0,0.0,0
knn,3,SR386_40X_HE_T409_01,0,0.0,0
knn,3,SR386_40X_HE_T422_01,0,0.0,0
knn,3,SR386_40X_HE_T426_01,0,0.0,0
knn,3,SR386_40X_HE_T433_01,0,0.0,0
knn,3,SR386_40X_HE_T443_01,0,0.2,0
knn,3,SR386_40X_HE_T448_01,0,0.0,0
knn,3,SR386_40X_HE_T452_01,0,0.0,0
knn,3,SR386_40X_HE_T460_01,1,0.2,0
knn,3,SR386_40X_HE_T473_01,0,0.0,0
knn,3,SR386_40X_HE_T475_01,0,0.0,0
knn,3,SR386_40X_HE_T478_01,0,0.0,0
knn,3,SR386_40X_HE_T489_01,1,0.0,0
knn,3,SR386_40X_HE_T491_01,0,0.0,0
knn,3,SR386_40X_HE_T492_01,0,0.0,0
knn,3,SR386_40X_HE_T493_01,0,0.0,0
knn,3,SR386_40X_HE_T502_01,0,0.2,0
knn,3,SR386_40X_HE_T505_01,0,0.0,0
knn,3,SR386_40X_HE_T506_01,0,0.0,0
knn,3,SR386_40X_HE_T509_01,0,0.0,0
knn,3,SR386_40X_HE_T516_01,0,0.2,0
knn,3,SR386_40X_HE_T518_01,0,0.0,0
knn,3,SR386_40X_HE_T519_01,0,0.0,0
knn,3,SR386_40X_HE_T521_01,0,0.0,0
knn,3,SR386_40X_HE_T526_01,0,0.0,0
knn,3,SR386_40X_HE_T533_01,0,0.0,0
knn,3,SR386_40X_HE_T543_01,0,0.0,0
knn,3,SR386_40X_HE_T544_01,0,0.0,0
knn,3,SR386_40X_HE_T556_01,1,0.0,0
knn,3,SR386_40X_HE_T560_01,0,0.0,0
knn,3,SR386_40X_HE_T563_01,0,0.0,0
knn,3,SR386_40X_HE_T568_01,0,0.0,0
knn,3,SR386_40X_HE_T571_01,0,0.2,0
knn,3,SR386_40X_HE_T572_01,0,0.0,0
knn,3,SR386_40X_HE_T573_01,0,0.2,0
knn,3,SR386_40X_HE_T583_01,0,0.2,0
knn,4,SR1482_40X_HE_T002_01,0,0.0,0
knn,4,SR1482_40X_HE_T003_01,0,0.0,0
knn,4,SR1482_40X_HE_T004_01,0,0.0,0
knn,4,SR1482_40X_HE_T004_02,0,0.3333333333333333,0
knn,4,SR1482_40X_HE_T011_01,0,0.0,0
knn,4,SR1482_40X_HE_T025_01,0,0.0,0
knn,4,SR1482_40X_HE_T025_02,0,0.0,0
knn,4,SR1482_40X_HE_T060_01,0,0.0,0
knn,4,SR1482_40X_HE_T062_01,0,0.0,0
knn,4,SR1482_40X_HE_T062_02,0,0.3333333333333333,0
knn,4,SR1482_40X_HE_T064_01,0,0.3333333333333333,0
knn,4,SR1482_40X_HE_T064_02,0,0.3333333333333333,0
knn,4,SR1482_40X_HE_T071_01,0,0.3333333333333333,0
knn,4,SR1482_40X_HE_T071_02,0,0.0,0
knn,4,SR1482_40X_HE_T074_01,0,0.3333333333333333,0
knn,4,SR1482_40X_HE_T074_02,0,0.3333333333333333,0
knn,4,SR1482_40X_HE_T083_01,0,0.3333333333333333,0
knn,4,SR1482_40X_HE_T083_02,0,0.6666666666666666,1
knn,4,SR1482_40X_HE_T087_01,0,0.0,0
knn,4,SR1482_40X_HE_T097_01,1,0.0,0
knn,4,SR1482_40X_HE_T097_02,1,0.0,0
knn,4,SR1482_40X_HE_T108_01,0,0.0,0
knn,4,SR1482_40X_HE_T113_01,0,0.3333333333333333,0
knn,4,SR1482_40X_HE_T113_02,0,0.0,0
knn,4,SR1482_40X_HE_T121_01,0,0.0,0
knn,4,SR1482_40X_HE_T122_01,0,0.0,0
knn,4,SR1482_40X_HE_T125_01,0,0.0,0
knn,4,SR1482_40X_HE_T125_02,0,0.3333333333333333,0
knn,4,SR1482_40X_HE_T131_01,0,0.0,0
knn,4,SR1482_40X_HE_T131_02,0,0.0,0
knn,4,SR1482_40X_HE_T132_01,0,0.0,0
knn,4,SR1482_40X_HE_T132_02,0,0.0,0
knn,4,SR1482_40X_HE_T143_01,0,0.0,0
knn,4,SR1482_40X_HE_T143_02,0,0.0,0
knn,4,SR1482_40X_HE_T166_01,1,0.0,0
knn,4,SR1482_40X_HE_T169_01,0,0.0,0
knn,4,SR1482_40X_HE_T176_01,1,0.6666666666666666,1
knn,4,SR1482_40X_HE_T176_02,1,0.6666666666666666,1
knn,4,SR1482_40X_HE_T191_01,0,0.0,0
knn,4,SR1482_40X_HE_T194_01,0,0.6666666666666666,1
knn,4,SR1482_40X_HE_T218_01,0,0.0,0
knn,4,SR1482_40X_HE_T253_01,0,0.0,0
knn,4,SR1482_40X_HE_T290_01,0,0.0,0
knn,4,SR1482_40X_HE_T308_01,0,0.3333333333333333,0
knn,4,SR1482_40X_HE_T314_01,0,0.6666666666666666,1
knn,4,SR1482_40X_HE_T314_02,0,0.0,0
knn,4,SR1482_40X_HE_T372_01,1,0.3333333333333333,0
knn,4,SR1482_40X_HE_T372_02,1,0.0,0
knn,4,SR1482_40X_HE_T408_01,0,0.0,0
knn,4,SR1482_40X_HE_T412_01,0,0.0,0
knn,4,SR1482_40X_HE_T425_01,0,0.0,0
knn,4,SR1482_40X_HE_T434_01,1,0.0,0
knn,4,SR386_40X_HE_T006_01,0,0.0,0
knn,4,SR386_40X_HE_T010_01,0,0.0,0
knn,4,SR386_40X_HE_T014_01,0,0.0,0
knn,4,SR386_40X_HE_T016_01,0,0.0,0
knn,4,SR386_40X_HE_T020_01,0,0.0,0
knn,4,SR386_40X_HE_T027_01,0,0.0,0
knn,4,SR386_40X_HE_T028_01,0,0.0,0
knn,4,SR386_40X_HE_T037_01,0,0.0,0
knn,4,SR386_40X_HE_T043_01,0,0.0,0
knn,4,SR386_40X_HE_T044_01,1,0.6666666666666666,1
knn,4,SR386_40X_HE_T046_01,0,0.0,0
knn,4,SR386_40X_HE_T058_01,0,0.0,0
knn,4,SR386_40X_HE_T062_01,0,0.0,0
knn,4,SR386_40X_HE_T065_01,1,0.0,0
knn,4,SR386_40X_HE_T080_01,0,0.0,0
knn,4,SR386_40X_HE_T091_01,0,0.0,0
knn,4,SR386_40X_HE_T094_01,0,0.0,0
knn,4,SR386_40X_HE_T097_01,0,0.0,0
knn,4,SR386_40X_HE_T100_01,0,0.0,0
knn,4,SR386_40X_HE_T107_01,0,0.0,0
knn,4,SR386_40X_HE_T109_01,1,0.0,0
knn,4,SR386_40X_HE_T110_01,0,0.0,0
knn,4,SR386_40X_HE_T117_01,0,0.0,0
knn,4,SR386_40X_HE_T127_01,0,0.0,0
knn,4,SR386_40X_HE_T129_01,0,0.0,0
knn,4,SR386_40X_HE_T136_01,0,0.0,0
knn,4,SR386_40X_HE_T154_01,0,0.0,0
knn,4,SR386_40X_HE_T168_01,1,0.3333333333333333,0
knn,4,SR386_40X_HE_T175_01,0,0.0,0
knn,4,SR386_40X_HE_T189_01,0,0.0,0
knn,4,SR386_40X_HE_T195_01,0,0.0,0
knn,4,SR386_40X_HE_T227_01,0,0.0,0
knn,4,SR386_40X_HE_T233_01,0,0.0,0
knn,4,SR386_40X_HE_T234_01,0,0.0,0
knn,4,SR386_40X_HE_T235_01,0,0.0,0
knn,4,SR386_40X_HE_T239_01,0,0.0,0
knn,4,SR386_40X_HE_T245_01,0,0.0,0
knn,4,SR386_40X_HE_T256_01,0,0.3333333333333333,0
knn,4,SR386_40X_HE_T265_01,0,0.0,0
knn,4,SR386_40X_HE_T268_01,0,0.0,0
knn,4,SR386_40X_HE_T270_01,0,0.0,0
knn,4,SR386_40X_HE_T272_01,0,0.0,0
knn,4,SR386_40X_HE_T273_01,0,0.3333333333333333,0
knn,4,SR386_40X_HE_T276_01,0,0.3333333333333333,0
knn,4,SR386_40X_HE_T278_01,1,0.0,0
knn,4,SR386_40X_HE_T284_01,0,0.0,0
knn,4,SR386_40X_HE_T285_01,0,0.0,0
knn,4,SR386_40X_HE_T288_01,0,0.3333333333333333,0
knn,4,SR386_40X_HE_T291_01,0,0.0,0
knn,4,SR386_40X_HE_T300_01,0,0.0,0
knn,4,SR386_40X_HE_T302_01,0,0.0,0
knn,4,SR386_40X_HE_T305_01,0,0.0,0
knn,4,SR386_40X_HE_T308_01,0,0.0,0
knn,4,SR386_40X_HE_T325_01,0,0.0,0
knn,4,SR386_40X_HE_T331_01,0,0.3333333333333333,0
knn,4,SR386_40X_HE_T341_01,0,0.0,0
knn,4,SR386_40X_HE_T343_01,1,0.0,0
knn,4,SR386_40X_HE_T346_01,0,0.0,0
knn,4,SR386_40X_HE_T352_01,0,0.0,0
knn,4,SR386_40X_HE_T373_01,0,0.0,0
knn,4,SR386_40X_HE_T375_01,0,0.3333333333333333,0
knn,4,SR386_40X_HE_T381_01,0,0.0,0
knn,4,SR386_40X_HE_T389_01,0,0.0,0
knn,4,SR386_40X_HE_T391_01,0,0.0,0
knn,4,SR386_40X_HE_T394_01,0,0.0,0
knn,4,SR386_40X_HE_T399_01,0,0.0,0
knn,4,SR386_40X_HE_T403_01,0,0.0,0
knn,4,SR386_40X_HE_T405_01,0,0.0,0
knn,4,SR386_40X_HE_T407_01,0,0.0,0
knn,4,SR386_40X_HE_T414_01,0,0.0,0
knn,4,SR386_40X_HE_T424_01,0,0.0,0
knn,4,SR386_40X_HE_T429_01,0,0.0,0
knn,4,SR386_40X_HE_T441_01,0,0.0,0
knn,4,SR386_40X_HE_T451_01,0,0.0,0
knn,4,SR386_40X_HE_T453_01,0,0.0,0
knn,4,SR386_40X_HE_T455_01,0,0.0,0
knn,4,SR386_40X_HE_T465_01,0,0.0,0
knn,4,SR386_40X_HE_T474_01,0,0.0,0
knn,4,SR386_40X_HE_T476_01,0,0.3333333333333333,0
knn,4,SR386_40X_HE_T479_01,0,0.0,0
knn,4,SR386_40X_HE_T482_01,0,0.0,0
knn,4,SR386_40X_HE_T487_01,0,0.0,0
knn,4,SR386_40X_HE_T490_01,0,0.0,0
knn,4,SR386_40X_HE_T494_01,0,0.0,0
knn,4,SR386_40X_HE_T500_01,0,0.0,0
knn,4,SR386_40X_HE_T510_01,0,0.0,0
knn,4,SR386_40X_HE_T524_01,0,0.0,0
knn,4,SR386_40X_HE_T528_01,0,0.0,0
knn,4,SR386_40X_HE_T532_01,0,0.0,0
knn,4,SR386_40X_HE_T534_01,0,0.0,0
knn,4,SR386_40X_HE_T536_01,0,0.0,0
knn,4,SR386_40X_HE_T537_01,0,0.0,0
knn,4,SR386_40X_HE_T541_01,0,0.0,0
knn,4,SR386_40X_HE_T548_01,1,0.0,0
knn,4,SR386_40X_HE_T550_01,0,0.0,0
knn,4,SR386_40X_HE_T551_01,0,0.0,0
knn,4,SR386_40X_HE_T557_01,0,0.0,0
knn,4,SR386_40X_HE_T565_01,0,0.0,0
knn,4,SR386_40X_HE_T567_01,0,0.0,0
knn,4,SR386_40X_HE_T575_01,0,0.0,0
knn,4,SR386_40X_HE_T576_01,0,0.0,0
knn,4,SR386_40X_HE_T581_01,0,0.0,0
proto,1,SR1482_40X_HE_T029_01,0,0.5044305920600891,1
proto,1,SR1482_40X_HE_T029_02,0,0.5062207579612732,1
proto,1,SR1482_40X_HE_T057_01,0,0.49515172839164734,0
proto,1,SR1482_40X_HE_T063_01,1,0.5166197419166565,1
proto,1,SR1482_40X_HE_T063_02,1,0.5155047178268433,1
proto,1,SR1482_40X_HE_T065_01,0,0.5066618323326111,1
proto,1,SR1482_40X_HE_T065_02,0,0.5023856163024902,1
proto,1,SR1482_40X_HE_T066_01,0,0.5094196796417236,1
proto,1,SR1482_40X_HE_T066_02,0,0.5165713429450989,1
proto,1,SR1482_40X_HE_T068_01,0,0.49132806062698364,0
proto,1,SR1482_40X_HE_T069_01,0,0.5037964582443237,1
proto,1,SR1482_40X_HE_T069_02,0,0.5062928795814514,1
proto,1,SR1482_40X_HE_T079_01,1,0.5103199481964111,1
proto,1,SR1482_40X_HE_T079_02,1,0.5165402293205261,1
proto,1,SR1482_40X_HE_T080_01,0,0.5034685134887695,1
proto,1,SR1482_40X_HE_T080_02,0,0.5084071755409241,1
proto,1,SR1482_40X_HE_T081_01,0,0.51039719581604,1
proto,1,SR1482_40X_HE_T081_02,0,0.5056665539741516,1
proto,1,SR1482_40X_HE_T099_01,0,0.4917498528957367,0
proto,1,SR1482_40X_HE_T116_01,0,0.5046417713165283,1
proto,1,SR1482_40X_HE_T117_01,0,0.5063316226005554,1
proto,1,SR1482_40X_HE_T117_02,0,0.5054691433906555,1
proto,1,SR1482_40X_HE_T126_01,0,0.504982054233551,1
proto,1,SR1482_40X_HE_T129_01,0,0.5100554823875427,1
proto,1,SR1482_40X_HE_T129_02,0,0.5146019458770752,1
proto,1,SR1482_40X_HE_T139_01,0,0.506807267665863,1
proto,1,SR1482_40X_HE_T139_02,0,0.5091049075126648,1
proto,1,SR1482_40X_HE_T147_01,0,0.5118963122367859,1
proto,1,SR1482_40X_HE_T147_02,0,0.5164281129837036,1
proto,1,SR1482_40X_HE_T159_01,0,0.5072313547134399,1
proto,1,SR1482_40X_HE_T159_02,0,0.5092602968215942,1
proto,1,SR1482_40X_HE_T192_01,0,0.5073318481445312,1
proto,1,SR1482_40X_HE_T199_01,0,0.5050094127655029,1
proto,1,SR1482_40X_HE_T304_01,0,0.5012461543083191,1
proto,1,SR1482_40X_HE_T304_02,0,0.5083059072494507,1
proto,1,SR1482_40X_HE_T310_01,1,0.5098037123680115,1
proto,1,SR1482_40X_HE_T310_02,1,0.5116309523582458,1
proto,1,SR1482_40X_HE_T341_01,0,0.49530068039894104,0
proto,1,SR1482_40X_HE_T341_02,0,0.49783068895339966,0
proto,1,SR1482_40X_HE_T353_01,0,0.49439144134521484,0
proto,1,SR1482_40X_HE_T390_01,0,0.49276259541511536,0
proto,1,SR1482_40X_HE_T433_01,1,0.5128933191299438,1
proto,1,SR386_40X_HE_T003_01,0,0.4846017062664032,0
proto,1,SR386_40X_HE_T004_01,0,0.49110448360443115,0
proto,1,SR386_40X_HE_T022_01,1,0.499725878238678,0
proto,1,SR386_40X_HE_T030_01,0,0.49603602290153503,0
proto,1,SR386_40X_HE_T033_01,0,0.4875723123550415,0
proto,1,SR386_40X_HE_T036_01,0,0.48544496297836304,0
proto,1,SR386_40X_HE_T038_01,0,0.48326024413108826,0
proto,1,SR386_40X_HE_T049_01,0,0.48037973046302795,0
proto,1,SR386_40X_HE_T050_01,0,0.5057274699211121,1
proto,1,SR386_40X_HE_T060_01,0,0.4902644455432892,0
proto,1,SR386_40X_HE_T063_01,0,0.4951092302799225,0
proto,1,SR386_40X_HE_T066_01,0,0.4927634000778198,0
proto,1,SR386_40X_HE_T069_01,0,0.49148067831993103,0
proto,1,SR386_40X_HE_T072_01,0,0.4861285090446472,0
proto,1,SR386_40X_HE_T074_01,0,0.4831007421016693,0
proto,1,SR386_40X_HE_T078_01,0,0.4839729964733124,0
proto,1,SR386_40X_HE_T079_01,0,0.4782145619392395,0
proto,1,SR386_40X_HE_T092_01,1,0.49028876423835754,0
proto,1,SR386_40X_HE_T096_01,0,0.4813171625137329,0
proto,1,SR386_40X_HE_T099_01,0,0.49708980321884155,0
proto,1,SR386_40X_HE_T103_01,0,0.48998451232910156,0
proto,1,SR386_40X_HE_T108_01,0,0.4845855236053467,0
proto,1,SR386_40X_HE_T113_01,0,0.4861079752445221,0
proto,1,SR386_40X_HE_T114_01,0,0.4838423430919647,0
proto,1,SR386_40X_HE_T119_01,0,0.48436564207077026,0
proto,1,SR386_40X_HE_T126_01,0,0.4964534044265747,0
proto,1,SR386_40X_HE_T130_01,0,0.4800732731819153,0
proto,1,SR386_40X_HE_T131_01,0,0.4897018074989319,0
proto,1,SR386_40X_HE_T135_01,0,0.49572959542274475,0
proto,1,SR386_40X_HE_T140_01,0,0.4836041331291199,0
proto,1,SR386_40X_HE_T144_01,0,0.49391528964042664,0
proto,1,SR386_40X_HE_T147_01,0,0.4894934296607971,0
proto,1,SR386_40X_HE_T148_01,0,0.49623093008995056,0
proto,1,SR386_40X_HE_T160_01,0,0.4808993637561798,0
proto,1,SR386_40X_HE_T169_01,0,0.4937681257724762,0
proto,1,SR386_40X_HE_T170_01,1,0.49493637681007385,0
proto,1,SR386_40X_HE_T172_01,0,0.4932345449924469,0
proto,1,SR386_40X_HE_T174_01,0,0.4873697757720947,0
proto,1,SR386_40X_HE_T181_01,0,0.4932759404182434,0
proto,1,SR386_40X_HE_T196_01,0,0.49027153849601746,0
proto,1,SR386_40X_HE_T205_01,0,0.5059300065040588,1
proto,1,SR386_40X_HE_T209_01,0,0.48128634691238403,0
proto,1,SR386_40X_HE_T210_01,0,0.5035586953163147,1
proto,1,SR386_40X_HE_T212_01,0,0.49183547496795654,0
proto,1,SR386_40X_HE_T221_01,0,0.48298028111457825,0
proto,1,SR386_40X_HE_T224_01,0,0.4964723289012909,0
proto,1,SR386_40X_HE_T231_01,1,0.5095952749252319,1
proto,1,SR386_40X_HE_T232_01,0,0.4841478765010834,0
proto,1,SR386_40X_HE_T247_01,0,0.4924602806568146,0
proto,1,SR386_40X_HE_T252_01,0,0.48214417695999146,0
proto,1,SR386_40X_HE_T255_01,0,0.49934229254722595,0
proto,1,SR386_40X_HE_T259_01,1,0.49293971061706543,0
proto,1,SR386_40X_HE_T274_01,0,0.4862266182899475,0
proto,1,SR386_40X_HE_T275_01,0,0.4934893846511841,0
proto,1,SR386_40X_HE_T282_01,0,0.4850791096687317,0
proto,1,SR386_40X_HE_T294_01,0,0.500114917755127,1
proto,1,SR386_40X_HE_T311_01,0,0.48743730783462524,0
proto,1,SR386_40X_HE_T315_01,0,0.4921664893627167,0
proto,1,SR386_40X_HE_T319_01,1,0.4871237874031067,0
proto,1,SR386_40X_HE_T324_01,1,0.4944285750389099,0
proto,1,SR386_40X_HE_T330_01,0,0.4837169349193573,0
proto,1,SR386_40X_HE_T333_01,0,0.4891107380390167,0
proto,1,SR386_40X_HE_T335_01,0,0.4926207661628723,0
proto,1,SR386_40X_HE_T337_01,0,0.4943549335002899,0
proto,1,SR386_40X_HE_T344_01,0,0.4882075786590576,0
proto,1,SR386_40X_HE_T347_01,0,0.48793694376945496,0
proto,1,SR386_40X_HE_T350_01,0,0.4906197190284729,0
proto,1,SR386_40X_HE_T351_01,0,0.4994928240776062,0
proto,1,SR386_40X_HE_T360_01,0,0.49221348762512207,0
proto,1,SR386_40X_HE_T361_01,0,0.49736496806144714,0
proto,1,SR386_40X_HE_T366_01,0,0.48500797152519226,0
proto,1,SR386_40X_HE_T377_01,1,0.49419304728507996,0
proto,1,SR386_40X_HE_T384_01,0,0.4809191823005676,0
proto,1,SR386_40X_HE_T395_01,0,0.49865013360977173,0
proto,1,SR386_40X_HE_T396_01,0,0.4841670095920563,0
proto,1,SR386_40X_HE_T401_01,0,0.4963550865650177,0
proto,1,SR386_40X_HE_T408_01,0,0.48382624983787537,0
proto,1,SR386_40X_HE_T410_01,0,0.4934346675872803,0
proto,1,SR386_40X_HE_T413_01,0,0.4979170560836792,0
proto,1,SR386_40X_HE_T416_01,0,0.4972412884235382,0
proto,1,SR386_40X_HE_T418_01,0,0.4863825738430023,0
proto,1,SR386_40X_HE_T419_01,0,0.491298645734787,0
proto,1,SR386_40X_HE_T421_01,0,0.4983469247817993,0
proto,1,SR386_40X_HE_T423_01,0,0.4983069896697998,0
proto,1,SR386_40X_HE_T428_01,0,0.49375012516975403,0
proto,1,SR386_40X_HE_T430_01,0,0.48558369278907776,0
proto,1,SR386_40X_HE_T431_01,0,0.4843476414680481,0
proto,1,SR386_40X_HE_T435_01,0,0.4968855679035187,0
proto,1,SR386_40X_HE_T438_01,0,0.48535335063934326,0
proto,1,SR386_40X_HE_T439_01,0,0.5035638213157654,1
proto,1,SR386_40X_HE_T447_01,0,0.48152652382850647,0
proto,1,SR386_40X_HE_T449_01,0,0.48827049136161804,0
proto,1,SR386_40X_HE_T454_01,0,0.48389050364494324,0
proto,1,SR386_40X_HE_T456_01,0,0.4894278943538666,0
proto,1,SR386_40X_HE_T461_01,0,0.4911172389984131,0
proto,1,SR386_40X_HE_T462_01,0,0.48844632506370544,0
proto,1,SR386_40X_HE_T468_01,0,0.4848145842552185,0
proto,1,SR386_40X_HE_T469_01,1,0.5102853775024414,1
proto,1,SR386_40X_HE_T470_01,0,0.4903286099433899,0
proto,1,SR386_40X_HE_T471_01,0,0.49293017387390137,0
proto,1,SR386_40X_HE_T477_01,0,0.49193647503852844,0
proto,1,SR386_40X_HE_T480_01,0,0.4914284646511078,0
proto,1,SR386_40X_HE_T484_01,0,0.4860365092754364,0
proto,1,SR386_40X_HE_T495_01,0,0.4771046042442322,0
proto,1,SR386_40X_HE_T496_01,0,0.483751505613327,0
proto,1,SR386_40X_HE_T498_01,0,0.4966926574707031,0
proto,1,SR386_40X_HE_T504_01,0,0.4895598888397217,0
proto,1,SR386_40X_HE_T511_01,0,0.4909293055534363,0
proto,1,SR386_40X_HE_T517_01,0,0.5030364990234375,1
proto,1,SR386_40X_HE_T523_01,0,0.4885074496269226,0
proto,1,SR386_40X_HE_T529_01,0,0.48314550518989563,0
proto,1,SR386_40X_HE_T542_01,0,0.4916345775127411,0
proto,1,SR386_40X_HE_T569_01,0,0.4888169467449188,0
proto,1,SR386_40X_HE_T582_01,0,0.4854816198348999,0
proto,2,SR1482_40X_HE_T009_01,0,0.4983502924442291,0
proto,2,SR1482_40X_HE_T009_02,0,0.49907946586608887,0
proto,2,SR1482_40X_HE_T015_01,0,0.5053478479385376,1
proto,2,SR1482_40X_HE_T021_01,0,0.49659425020217896,0
proto,2,SR1482_40X_HE_T067_01,0,0.4995214343070984,0
proto,2,SR1482_40X_HE_T075_01,0,0.5015544295310974,1
proto,2,SR1482_40X_HE_T075_02,0,0.5045746564865112,1
proto,2,SR1482_40X_HE_T098_01,0,0.5070974230766296,1
proto,2,SR1482_40X_HE_T098_02,0,0.5007726550102234,1
proto,2,SR1482_40X_HE_T102_01,0,0.5033484101295471,1
proto,2,SR1482_40X_HE_T123_01,0,0.4985390603542328,0
proto,2,SR1482_40X_HE_T142_01,0,0.49280011653900146,0
proto,2,SR1482_40X_HE_T146_01,0,0.5177891254425049,1
proto,2,SR1482_40X_HE_T148_01,0,0.5060856342315674,1
proto,2,SR1482_40X_HE_T148_02,0,0.5060263276100159,1
proto,2,SR1482_40X_HE_T154_01,0,0.49598944187164307,0
proto,2,SR1482_40X_HE_T158_01,0,0.4965140223503113,0
proto,2,SR1482_40X_HE_T161_01,0,0.514653742313385,1
proto,2,SR1482_40X_HE_T161_02,0,0.5050579309463501,1
proto,2,SR1482_40X_HE_T164_01,1,0.5079457759857178,1
proto,2,SR1482_40X_HE_T164_02,1,0.5119206309318542,1
proto,2,SR1482_40X_HE_T168_01,0,0.49806761741638184,0
proto,2,SR1482_40X_HE_T171_01,0,0.5072150826454163,1
proto,2,SR1482_40X_HE_T171_02,0,0.5104393362998962,1
proto,2,SR1482_40X_HE_T178_01,1,0.5074747204780579,1
proto,2,SR1482_40X_HE_T186_01,0,0.49946725368499756,0
proto,2,SR1482_40X_HE_T193_01,0,0.5120895504951477,1
proto,2,SR1482_40X_HE_T193_02,0,0.5149810314178467,1
proto,2,SR1482_40X_HE_T209_01,0,0.5027509927749634,1
proto,2,SR1482_40X_HE_T209_02,0,0.5061054825782776,1
proto,2,SR1482_40X_HE_T245_01,0,0.5131360292434692,1
proto,2,SR1482_40X_HE_T245_02,0,0.508180558681488,1
proto,2,SR1482_40X_HE_T265_01,0,0.493245005607605,0
proto,2,SR1482_40X_HE_T302_01,0,0.5086778998374939,1
proto,2,SR1482_40X_HE_T343_01,1,0.5104406476020813,1
proto,2,SR1482_40X_HE_T343_02,1,0.5119052529335022,1
proto,2,SR1482_40X_HE_T399_01,0,0.5085544586181641,1
proto,2,SR1482_40X_HE_T399_02,0,0.509833574295044,1
proto,2,SR1482_40X_HE_T426_01,0,0.5031571984291077,1
proto,2,SR1482_40X_HE_T426_02,0,0.5043808221817017,1
proto,2,SR386_40X_HE_T001_01,0,0.4840368330478668,0
proto,2,SR386_40X_HE_T013_01,0,0.48828160762786865,0
proto,2,SR386_40X_HE_T018_01,0,0.48177942633628845,0
proto,2,SR386_40X_HE_T019_01,0,0.49196723103523254,0
proto,2,SR386_40X_HE_T024_01,0,0.480212539434433,0
proto,2,SR386_40X_HE_T039_01,0,0.47889062762260437,0
proto,2,SR386_40X_HE_T040_01,1,0.49448275566101074,0
proto,2,SR386_40X_HE_T042_01,0,0.4849822223186493,0
proto,2,SR386_40X_HE_T047_01,0,0.4898243844509125,0
proto,2,SR386_40X_HE_T051_01,0,0.47920072078704834,0
proto,2,SR386_40X_HE_T052_01,0,0.47920677065849304,0
proto,2,SR386_40X_HE_T056_01,0,0.4780398905277252,0
proto,2,SR386_40X_HE_T057_01,0,0.48544055223464966,0
proto,2,SR386_40X_HE_T070_01,0,0.481476366519928,0
proto,2,SR386_40X_HE_T082_01,0,0.4966948330402374,0
proto,2,SR386_40X_HE_T084_01,0,0.5035938620567322,1
proto,2,SR386_40X_HE_T087_01,0,0.48874348402023315,0
proto,2,SR386_40X_HE_T088_01,0,0.48393672704696655,0
proto,2,SR386_40X_HE_T098_01,0,0.4863146245479584,0
proto,2,SR386_40X_HE_T105_01,0,0.48314839601516724,0
proto,2,SR386_40X_HE_T122_01,0,0.4874308705329895,0
proto,2,SR386_40X_HE_T123_01,0,0.4913444221019745,0
proto,2,SR386_40X_HE_T133_01,0,0.4850902259349823,0
proto,2,SR386_40X_HE_T145_01,0,0.48722949624061584,0
proto,2,SR386_40X_HE_T150_01,0,0.48965752124786377,0
proto,2,SR386_40X_HE_T152_01,0,0.4864165484905243,0
proto,2,SR386_40X_HE_T155_01,0,0.4846644699573517,0
proto,2,SR386_40X_HE_T157_01,0,0.4963630735874176,0
proto,2,SR386_40X_HE_T164_01,0,0.48389899730682373,0
proto,2,SR386_40X_HE_T166_01,0,0.4942502975463867,0
proto,2,SR386_40X_HE_T176_01,1,0.4892590045928955,0
proto,2,SR386_40X_HE_T177_01,0,0.4865853786468506,0
proto,2,SR386_40X_HE_T178_01,0,0.4850514233112335,0
proto,2,SR386_40X_HE_T187_01,0,0.49113163352012634,0
proto,2,SR386_40X_HE_T190_01,0,0.4856908619403839,0
proto,2,SR386_40X_HE_T192_01,0,0.48384684324264526,0
proto,2,SR386_40X_HE_T198_01,0,0.49441710114479065,0
proto,2,SR386_40X_HE_T200_01,0,0.4873642027378082,0
proto,2,SR386_40X_HE_T206_01,1,0.4952464997768402,0
proto,2,SR386_40X_HE_T211_01,0,0.49513301253318787,0
proto,2,SR386_40X_HE_T213_01,0,0.4965551793575287,0
proto,2,SR386_40X_HE_T214_01,0,0.5015996694564819,1
proto,2,SR386_40X_HE_T220_01,0,0.49163559079170227,0
proto,2,SR386_40X_HE_T230_01,1,0.49966880679130554,0
proto,2,SR386_40X_HE_T236_01,0,0.48600175976753235,0
proto,2,SR386_40X_HE_T237_01,0,0.48925453424453735,0
proto,2,SR386_40X_HE_T240_01,0,0.48342472314834595,0
proto,2,SR386_40X_HE_T241_01,0,0.4853687584400177,0
proto,2,SR386_40X_HE_T242_01,0,0.4823988080024719,0
proto,2,SR386_40X_HE_T253_01,0,0.48018723726272583,0
proto,2,SR386_40X_HE_T260_01,0,0.5035547614097595,1
proto,2,SR386_40X_HE_T262_01,0,0.5037316083908081,1
proto,2,SR386_40X_HE_T264_01,0,0.4982866942882538,0
proto,2,SR386_40X_HE_T271_01,0,0.4910748600959778,0
proto,2,SR386_40X_HE_T281_01,0,0.4864847958087921,0
proto,2,SR386_40X_HE_T297_01,0,0.47895798087120056,0
proto,2,SR386_40X_HE_T299_01,0,0.48322993516921997,0
proto,2,SR386_40X_HE_T301_01,0,0.48199546337127686,0
proto,2,SR386_40X_HE_T306_01,0,0.4843411147594452,0
proto,2,SR386_40X_HE_T309_01,0,0.48410147428512573,0
proto,2,SR386_40X_HE_T314_01,0,0.49101293087005615,0
proto,2,SR386_40X_HE_T316_01,0,0.5006622672080994,1
proto,2,SR386_40X_HE_T318_01,0,0.5041032433509827,1
proto,2,SR386_40X_HE_T321_01,0,0.4880087375640869,0
proto,2,SR386_40X_HE_T326_01,0,0.4882783889770508,0
proto,2,SR386_40X_HE_T327_01,0,0.4763198792934418,0
proto,2,SR386_40X_HE_T332_01,1,0.4951404929161072,0
proto,2,SR386_40X_HE_T355_01,0,0.48441874980926514,0
proto,2,SR386_40X_HE_T364_01,0,0.4898342192173004,0
proto,2,SR386_40X_HE_T368_01,1,0.4992886781692505,0
proto,2,SR386_40X_HE_T374_01,0,0.4806225001811981,0
proto,2,SR386_40X_HE_T380_01,0,0.47558948397636414,0
proto,2,SR386_40X_HE_T382_01,0,0.4824279248714447,0
proto,2,SR386_40X_HE_T392_01,0,0.4787696599960327,0
proto,2,SR386_40X_HE_T398_01,0,0.4917529225349426,0
proto,2,SR386_40X_HE_T402_01,1,0.508723795413971,1
proto,2,SR386_40X_HE_T404_01,0,0.47804951667785645,0
proto,2,SR386_40X_HE_T415_01,0,0.4792950749397278,0
proto,2,SR386_40X_HE_T417_01,0,0.47814539074897766,0
proto,2,SR386_40X_HE_T425_01,0,0.4855045676231384,0
proto,2,SR386_40X_HE_T436_01,1,0.4945017099380493,0
proto,2,SR386_40X_HE_T437_01,0,0.4892391264438629,0
proto,2,SR386_40X_HE_T440_01,0,0.4955706298351288,0
proto,2,SR386_40X_HE_T445_01,0,0.4854963719844818,0
proto,2,SR386_40X_HE_T450_01,0,0.484353631734848,0
proto,2,SR386_40X_HE_T459_01,0,0.5002390742301941,1
proto,2,SR386_40X_HE_T472_01,0,0.48489072918891907,0
proto,2,SR386_40X_HE_T481_01,0,0.49063825607299805,0
proto,2,SR386_40X_HE_T483_01,0,0.5008012056350708,1
proto,2,SR386_40X_HE_T486_01,0,0.4879293441772461,0
proto,2,SR386_40X_HE_T488_01,0,0.4953806698322296,0
proto,2,SR386_40X_HE_T499_01,0,0.5027968883514404,1
proto,2,SR386_40X_HE_T507_01,0,0.5045332908630371,1
proto,2,SR386_40X_HE_T514_01,0,0.4879318177700043,0
proto,2,SR386_40X_HE_T520_01,1,0.4857040345668793,0
proto,2,SR386_40X_HE_T522_01,0,0.4865506589412689,0
proto,2,SR386_40X_HE_T531_01,0,0.4858297109603882,0
proto,2,SR386_40X_HE_T535_01,0,0.47817763686180115,0
proto,2,SR386_40X_HE_T539_01,0,0.48737040162086487,0
proto,2,SR386_40X_HE_T549_01,0,0.49613481760025024,0
proto,2,SR386_40X_HE_T552_01,0,0.490535706281662,0
proto,2,SR386_40X_HE_T553_01,0,0.48816344141960144,0
proto,2,SR386_40X_HE_T554_01,0,0.4958797097206116,0
proto,2,SR386_40X_HE_T558_01,0,0.4789258539676666,0
proto,2,SR386_40X_HE_T564_01,0,0.5023254752159119,1
proto,2,SR386_40X_HE_T570_01,0,0.48159900307655334,0
proto,2,SR386_40X_HE_T574_01,0,0.47979384660720825,0
proto,2,SR386_40X_HE_T578_01,0,0.47828152775764465,0
proto,2,SR386_40X_HE_T580_01,0,0.48376473784446716,0
proto,3,SR1482_40X_HE_T005_01,0,0.5095667243003845,1
proto,3,SR1482_40X_HE_T005_02,0,0.5146106481552124,1
proto,3,SR1482_40X_HE_T010_01,0,0.49772658944129944,0
proto,3,SR1482_40X_HE_T043_01,0,0.5064795017242432,1
proto,3,SR1482_40X_HE_T043_02,0,0.5048332214355469,1
proto,3,SR1482_40X_HE_T049_01,0,0.49597758054733276,0
proto,3,SR1482_40X_HE_T061_01,0,0.5217570066452026,1
proto,3,SR1482_40X_HE_T061_02,0,0.5137770175933838,1
proto,3,SR1482_40X_HE_T070_01,1,0.507803201675415,1
proto,3,SR1482_40X_HE_T073_01,0,0.5011887550354004,1
proto,3,SR1482_40X_HE_T082_01,0,0.5040338039398193,1
proto,3,SR1482_40X_HE_T082_02,0,0.5098613500595093,1
proto,3,SR1482_40X_HE_T089_01,0,0.4929223656654358,0
proto,3,SR1482_40X_HE_T090_01,0,0.49934470653533936,0
proto,3,SR1482_40X_HE_T094_01,1,0.51116544008255,1
proto,3,SR1482_40X_HE_T094_02,1,0.5141283273696899,1
proto,3,SR1482_40X_HE_T105_01,0,0.5052889585494995,1
proto,3,SR1482_40X_HE_T115_01,0,0.5020886063575745,1
proto,3,SR1482_40X_HE_T115_02,0,0.49940672516822815,0
proto,3,SR1482_40X_HE_T118_01,0,0.5109701156616211,1
proto,3,SR1482_40X_HE_T118_02,0,0.5104069113731384,1
proto,3,SR1482_40X_HE_T120_01,0,0.5120162963867188,1
proto,3,SR1482_40X_HE_T120_02,0,0.5110728144645691,1
proto,3,SR1482_40X_HE_T124_01,0,0.5175254344940186,1
proto,3,SR1482_40X_HE_T124_02,0,0.5119591951370239,1
proto,3,SR1482_40X_HE_T138_01,0,0.49280494451522827,0
proto,3,SR1482_40X_HE_T160_01,0,0.5027564167976379,1
proto,3,SR1482_40X_HE_T160_02,0,0.5034593343734741,1
proto,3,SR1482_40X_HE_T167_01,0,0.5025120377540588,1
proto,3,SR1482_40X_HE_T167_02,0,0.5015209913253784,1
proto,3,SR1482_40X_HE_T175_01,0,0.514787495136261,1
proto,3,SR1482_40X_HE_T175_02,0,0.5127266645431519,1
proto,3,SR1482_40X_HE_T177_01,1,0.5025696158409119,1
proto,3,SR1482_40X_HE_T188_01,0,0.50351482629776,1
proto,3,SR1482_40X_HE_T195_01,0,0.5046154856681824,1
proto,3,SR1482_40X_HE_T195_02,0,0.5079473257064819,1
proto,3,SR1482_40X_HE_T202_01,0,0.5082445740699768,1
proto,3,SR1482_40X_HE_T202_02,0,0.5106141567230225,1
proto,3,SR1482_40X_HE_T225_01,0,0.5101886987686157,1
proto,3,SR1482_40X_HE_T225_02,0,0.5048098564147949,1
proto,3,SR1482_40X_HE_T235_01,0,0.4995681047439575,0
proto,3,SR1482_40X_HE_T235_02,0,0.5035523176193237,1
proto,3,SR1482_40X_HE_T236_01,0,0.5002521276473999,1
proto,3,SR1482_40X_HE_T236_02,0,0.5018319487571716,1
proto,3,SR1482_40X_HE_T258_01,0,0.5026357769966125,1
proto,3,SR1482_40X_HE_T258_02,0,0.5087925791740417,1
proto,3,SR1482_40X_HE_T284_01,1,0.5126301050186157,1
proto,3,SR1482_40X_HE_T284_02,1,0.5114083290100098,1
proto,3,SR1482_40X_HE_T301_01,1,0.5051875114440918,1
proto,3,SR1482_40X_HE_T301_02,1,0.5138056874275208,1
proto,3,SR1482_40X_HE_T309_01,0,0.5121935606002808,1
proto,3,SR1482_40X_HE_T313_01,0,0.5036069750785828,1
proto,3,SR1482_40X_HE_T313_02,0,0.5076736807823181,1
proto,3,SR1482_40X_HE_T338_01,0,0.512580931186676,1
proto,3,SR1482_40X_HE_T344_01,0,0.504814088344574,1
proto,3,SR1482_40X_HE_T344_02,0,0.5099207758903503,1
proto,3,SR1482_40X_HE_T346_01,0,0.508026659488678,1
proto,3,SR1482_40X_HE_T346_02,0,0.5073217749595642,1
proto,3,SR1482_40X_HE_T377_01,0,0.5072381496429443,1
proto,3,SR1482_40X_HE_T377_02,0,0.5037202835083008,1
proto,3,SR1482_40X_HE_T419_01,0,0.4943244457244873,0
proto,3,SR1482_40X_HE_T427_01,0,0.5026394724845886,1
proto,3,SR1482_40X_HE_T427_02,0,0.5019322633743286,1
proto,3,SR386_40X_HE_T007_01,0,0.4838316738605499,0
proto,3,SR386_40X_HE_T015_01,0,0.4820912778377533,0
proto,3,SR386_40X_HE_T017_01,1,0.49172860383987427,0
proto,3,SR386_40X_HE_T032_01,0,0.47743546962738037,0
proto,3,SR386_40X_HE_T034_01,0,0.47857967019081116,0
proto,3,SR386_40X_HE_T035_01,0,0.48224055767059326,0
proto,3,SR386_40X_HE_T041_01,0,0.49244406819343567,0
proto,3,SR386_40X_HE_T067_01,0,0.4814333915710449,0
proto,3,SR386_40X_HE_T075_01,0,0.47857385873794556,0
proto,3,SR386_40X_HE_T081_01,0,0.4882051348686218,0
proto,3,SR386_40X_HE_T083_01,0,0.48211249709129333,0
proto,3,SR386_40X_HE_T085_01,0,0.4749806523323059,0
proto,3,SR386_40X_HE_T095_01,0,0.4853513538837433,0
proto,3,SR386_40X_HE_T104_01,0,0.4846164584159851,0
proto,3,SR386_40X_HE_T106_01,0,0.47756966948509216,0
proto,3,SR386_40X_HE_T112_01,0,0.48009365797042847,0
proto,3,SR386_40X_HE_T128_01,0,0.4790066182613373,0
proto,3,SR386_40X_HE_T132_01,0,0.48098859190940857,0
proto,3,SR386_40X_HE_T138_01,0,0.4788099527359009,0
proto,3,SR386_40X_HE_T142_01,0,0.49038276076316833,0
proto,3,SR386_40X_HE_T149_01,0,0.48330262303352356,0
proto,3,SR386_40X_HE_T165_01,1,0.4832252562046051,0
proto,3,SR386_40X_HE_T179_01,0,0.5008974075317383,1
proto,3,SR386_40X_HE_T180_01,0,0.4868758022785187,0
proto,3,SR386_40X_HE_T182_01,0,0.4796068072319031,0
proto,3,SR386_40X_HE_T184_01,0,0.48376399278640747,0
proto,3,SR386_40X_HE_T188_01,0,0.4962790310382843,0
proto,3,SR386_40X_HE_T191_01,0,0.4848797917366028,0
proto,3,SR386_40X_HE_T197_01,0,0.48105373978614807,0
proto,3,SR386_40X_HE_T201_01,0,0.4832302927970886,0
proto,3,SR386_40X_HE_T202_01,0,0.48107320070266724,0
proto,3,SR386_40X_HE_T208_01,0,0.48202279210090637,0
proto,3,SR386_40X_HE_T216_01,1,0.5023513436317444,1
proto,3,SR386_40X_HE_T238_01,0,0.47937217354774475,0
proto,3,SR386_40X_HE_T244_01,0,0.4968605637550354,0
proto,3,SR386_40X_HE_T248_01,0,0.4751172363758087,0
proto,3,SR386_40X_HE_T249_01,0,0.478208988904953,0
proto,3,SR386_40X_HE_T250_01,0,0.49468114972114563,0
proto,3,SR386_40X_HE_T263_01,0,0.4960677921772003,0
proto,3,SR386_40X_HE_T267_01,0,0.48662975430488586,0
proto,3,SR386_40X_HE_T269_01,0,0.4793129563331604,0
proto,3,SR386_40X_HE_T277_01,0,0.48543494939804077,0
proto,3,SR386_40X_HE_T286_01,0,0.5063989162445068,1
proto,3,SR386_40X_HE_T287_01,0,0.4923795759677887,0
proto,3,SR386_40X_HE_T290_01,0,0.49186959862709045,0
proto,3,SR386_40X_HE_T293_01,0,0.48897847533226013,0
proto,3,SR386_40X_HE_T298_01,0,0.4807411730289459,0
proto,3,SR386_40X_HE_T303_01,0,0.47604846954345703,0
proto,3,SR386_40X_HE_T312_01,0,0.48971232771873474,0
proto,3,SR386_40X_HE_T329_01,0,0.4906300902366638,0
proto,3,SR386_40X_HE_T336_01,0,0.48450425267219543,0
proto,3,SR386_40X_HE_T338_01,0,0.4782378375530243,0
proto,3,SR386_40X_HE_T342_01,0,0.48428016901016235,0
proto,3,SR386_40X_HE_T353_01,0,0.4919709265232086,0
proto,3,SR386_40X_HE_T357_01,0,0.47811219096183777,0
proto,3,SR386_40X_HE_T362_01,0,0.49902647733688354,0
proto,3,SR386_40X_HE_T363_01,1,0.49887385964393616,0
proto,3,SR386_40X_HE_T372_01,0,0.49247580766677856,0
proto,3,SR386_40X_HE_T378_01,0,0.4789883494377136,0
proto,3,SR386_40X_HE_T379_01,0,0.49134528636932373,0
proto,3,SR386_40X_HE_T386_01,0,0.4788631498813629,0
proto,3,SR386_40X_HE_T387_01,0,0.49875718355178833,0
proto,3,SR386_40X_HE_T393_01,0,0.4794413447380066,0
proto,3,SR386_40X_HE_T397_01,0,0.4969486594200134,0
proto,3,SR386_40X_HE_T406_01,0,0.4979194402694702,0
proto,3,SR386_40X_HE_T409_01,0,0.4853593409061432,0
proto,3,SR386_40X_HE_T422_01,0,0.478150874376297,0
proto,3,SR386_40X_HE_T426_01,0,0.481795996427536,0
proto,3,SR386_40X_HE_T433_01,0,0.4791586995124817,0
proto,3,SR386_40X_HE_T443_01,0,0.4860899746417999,0
proto,3,SR386_40X_HE_T448_01,0,0.48565351963043213,0
proto,3,SR386_40X_HE_T452_01,0,0.48738032579421997,0
proto,3,SR386_40X_HE_T460_01,1,0.4908536672592163,0
proto,3,SR386_40X_HE_T473_01,0,0.485944926738739,0
proto,3,SR386_40X_HE_T475_01,0,0.4816192388534546,0
proto,3,SR386_40X_HE_T478_01,0,0.4854128062725067,0
proto,3,SR386_40X_HE_T489_01,1,0.4857490658760071,0
proto,3,SR386_40X_HE_T491_01,0,0.49038878083229065,0
proto,3,SR386_40X_HE_T492_01,0,0.47709572315216064,0
proto,3,SR386_40X_HE_T493_01,0,0.47882509231567383,0
proto,3,SR386_40X_HE_T502_01,0,0.47760722041130066,0
proto,3,SR386_40X_HE_T505_01,0,0.49415597319602966,0
proto,3,SR386_40X_HE_T506_01,0,0.48898208141326904,0
proto,3,SR386_40X_HE_T509_01,0,0.49553748965263367,0
proto,3,SR386_40X_HE_T516_01,0,0.48652222752571106,0
proto,3,SR386_40X_HE_T518_01,0,0.48935508728027344,0
proto,3,SR386_40X_HE_T519_01,0,0.48917874693870544,0
proto,3,SR386_40X_HE_T521_01,0,0.47653189301490784,0
proto,3,SR386_40X_HE_T526_01,0,0.485345721244812,0
proto,3,SR386_40X_HE_T533_01,0,0.48470306396484375,0
proto,3,SR386_40X_HE_T543_01,0,0.4908069968223572,0
proto,3,SR386_40X_HE_T544_01,0,0.4891420304775238,0
proto,3,SR386_40X_HE_T556_01,1,0.4894307851791382,0
proto,3,SR386_40X_HE_T560_01,0,0.49207746982574463,0
proto,3,SR386_40X_HE_T563_01,0,0.4855804443359375,0
proto,3,SR386_40X_HE_T568_01,0,0.4826297163963318,0
proto,3,SR386_40X_HE_T571_01,0,0.48904234170913696,0
proto,3,SR386_40X_HE_T572_01,0,0.5010222792625427,1
proto,3,SR386_40X_HE_T573_01,0,0.4845784306526184,0
proto,3,SR386_40X_HE_T583_01,0,0.4781002402305603,0
proto,4,SR1482_40X_HE_T002_01,0,0.49425309896469116,0
proto,4,SR1482_40X_HE_T003_01,0,0.4983008801937103,0
proto,4,SR1482_40X_HE_T004_01,0,0.5056100487709045,1
proto,4,SR1482_40X_HE_T004_02,0,0.5090011954307556,1
proto,4,SR1482_40X_HE_T011_01,0,0.5011917948722839,1
proto,4,SR1482_40X_HE_T025_01,0,0.5073823928833008,1
proto,4,SR1482_40X_HE_T025_02,0,0.5073421001434326,1
proto,4,SR1482_40X_HE_T060_01,0,0.5108020901679993,1
proto,4,SR1482_40X_HE_T062_01,0,0.511903703212738,1
proto,4,SR1482_40X_HE_T062_02,0,0.5117602348327637,1
proto,4,SR1482_40X_HE_T064_01,0,0.5152140259742737,1
proto,4,SR1482_40X_HE_T064_02,0,0.5091397166252136,1
proto,4,SR1482_40X_HE_T071_01,0,0.5093947052955627,1
proto,4,SR1482_40X_HE_T071_02,0,0.5093529224395752,1
proto,4,SR1482_40X_HE_T074_01,0,0.496115118265152,0
proto,4,SR1482_40X_HE_T074_02,0,0.49738189578056335,0
proto,4,SR1482_40X_HE_T083_01,0,0.5116775035858154,1
proto,4,SR1482_40X_HE_T083_02,0,0.515532374382019,1
proto,4,SR1482_40X_HE_T087_01,0,0.4971361458301544,0
proto,4,SR1482_40X_HE_T097_01,1,0.5108538269996643,1
proto,4,SR1482_40X_HE_T097_02,1,0.5128698945045471,1
proto,4,SR1482_40X_HE_T108_01,0,0.4917646646499634,0
proto,4,SR1482_40X_HE_T113_01,0,0.5085339546203613,1
proto,4,SR1482_40X_HE_T113_02,0,0.5108484029769897,1
proto,4,SR1482_40X_HE_T121_01,0,0.4872598946094513,0
proto,4,SR1482_40X_HE_T122_01,0,0.4962013065814972,0
proto,4,SR1482_40X_HE_T125_01,0,0.5060648322105408,1
proto,4,SR1482_40X_HE_T125_02,0,0.509807288646698,1
proto,4,SR1482_40X_HE_T131_01,0,0.5050551295280457,1
proto,4,SR1482_40X_HE_T131_02,0,0.5108394622802734,1
proto,4,SR1482_40X_HE_T132_01,0,0.5000019073486328,1
proto,4,SR1482_40X_HE_T132_02,0,0.5079370141029358,1
proto,4,SR1482_40X_HE_T143_01,0,0.5149505138397217,1
proto,4,SR1482_40X_HE_T143_02,0,0.5097575187683105,1
proto,4,SR1482_40X_HE_T166_01,1,0.4940769076347351,0
proto,4,SR1482_40X_HE_T169_01,0,0.508025050163269,1
proto,4,SR1482_40X_HE_T176_01,1,0.5182269215583801,1
proto,4,SR1482_40X_HE_T176_02,1,0.5169894099235535,1
proto,4,SR1482_40X_HE_T191_01,0,0.5029589533805847,1
proto,4,SR1482_40X_HE_T194_01,0,0.518562912940979,1
proto,4,SR1482_40X_HE_T218_01,0,0.4926186203956604,0
proto,4,SR1482_40X_HE_T253_01,0,0.4917387068271637,0
proto,4,SR1482_40X_HE_T290_01,0,0.5076410174369812,1
proto,4,SR1482_40X_HE_T308_01,0,0.5117781162261963,1
proto,4,SR1482_40X_HE_T314_01,0,0.5168809294700623,1
proto,4,SR1482_40X_HE_T314_02,0,0.5150619745254517,1
proto,4,SR1482_40X_HE_T372_01,1,0.5163465142250061,1
proto,4,SR1482_40X_HE_T372_02,1,0.5118955373764038,1
proto,4,SR1482_40X_HE_T408_01,0,0.5010325312614441,1
proto,4,SR1482_40X_HE_T412_01,0,0.5035248398780823,1
proto,4,SR1482_40X_HE_T425_01,0,0.48903888463974,0
proto,4,SR1482_40X_HE_T434_01,1,0.5029385685920715,1
proto,4,SR386_40X_HE_T006_01,0,0.4756007194519043,0
proto,4,SR386_40X_HE_T010_01,0,0.4824838638305664,0
proto,4,SR386_40X_HE_T014_01,0,0.48750871419906616,0
proto,4,SR386_40X_HE_T016_01,0,0.4729035794734955,0
proto,4,SR386_40X_HE_T020_01,0,0.4740954637527466,0
proto,4,SR386_40X_HE_T027_01,0,0.5001571178436279,1
proto,4,SR386_40X_HE_T028_01,0,0.49089300632476807,0
proto,4,SR386_40X_HE_T037_01,0,0.4936051070690155,0
proto,4,SR386_40X_HE_T043_01,0,0.4820258319377899,0
proto,4,SR386_40X_HE_T044_01,1,0.4907626211643219,0
proto,4,SR386_40X_HE_T046_01,0,0.48643070459365845,0
proto,4,SR386_40X_HE_T058_01,0,0.480392187833786,0
proto,4,SR386_40X_HE_T062_01,0,0.4788283407688141,0
proto,4,SR386_40X_HE_T065_01,1,0.48518824577331543,0
proto,4,SR386_40X_HE_T080_01,0,0.48114684224128723,0
proto,4,SR386_40X_HE_T091_01,0,0.4786684215068817,0
proto,4,SR386_40X_HE_T094_01,0,0.476412296295166,0
proto,4,SR386_40X_HE_T097_01,0,0.48339954018592834,0
proto,4,SR386_40X_HE_T100_01,0,0.49573978781700134,0
proto,4,SR386_40X_HE_T107_01,0,0.4912421703338623,0
proto,4,SR386_40X_HE_T109_01,1,0.4887620210647583,0
proto,4,SR386_40X_HE_T110_01,0,0.4896702766418457,0
proto,4,SR386_40X_HE_T117_01,0,0.4788818061351776,0
proto,4,SR386_40X_HE_T127_01,0,0.48310011625289917,0
proto,4,SR386_40X_HE_T129_01,0,0.4773363769054413,0
proto,4,SR386_40X_HE_T136_01,0,0.48337531089782715,0
proto,4,SR386_40X_HE_T154_01,0,0.479993999004364,0
proto,4,SR386_40X_HE_T168_01,1,0.48838385939598083,0
proto,4,SR386_40X_HE_T175_01,0,0.47525718808174133,0
proto,4,SR386_40X_HE_T189_01,0,0.48106256127357483,0
proto,4,SR386_40X_HE_T195_01,0,0.47658342123031616,0
proto,4,SR386_40X_HE_T227_01,0,0.49072039127349854,0
proto,4,SR386_40X_HE_T233_01,0,0.5009344220161438,1
proto,4,SR386_40X_HE_T234_01,0,0.4845059812068939,0
proto,4,SR386_40X_HE_T235_01,0,0.48130273818969727,0
proto,4,SR386_40X_HE_T239_01,0,0.49990198016166687,0
proto,4,SR386_40X_HE_T245_01,0,0.4776906371116638,0
proto,4,SR386_40X_HE_T256_01,0,0.48821261525154114,0
proto,4,SR386_40X_HE_T265_01,0,0.48382696509361267,0
proto,4,SR386_40X_HE_T268_01,0,0.5059334635734558,1
proto,4,SR386_40X_HE_T270_01,0,0.49221929907798767,0
proto,4,SR386_40X_HE_T272_01,0,0.5096850395202637,1
proto,4,SR386_40X_HE_T273_01,0,0.48963943123817444,0
proto,4,SR386_40X_HE_T276_01,0,0.4961368143558502,0
proto,4,SR386_40X_HE_T278_01,1,0.4896745979785919,0
proto,4,SR386_40X_HE_T284_01,0,0.4836633801460266,0
proto,4,SR386_40X_HE_T285_01,0,0.48136189579963684,0
proto,4,SR386_40X_HE_T288_01,0,0.49444082379341125,0
proto,4,SR386_40X_HE_T291_01,0,0.48204654455184937,0
proto,4,SR386_40X_HE_T300_01,0,0.48480162024497986,0
proto,4,SR386_40X_HE_T302_01,0,0.490619957447052,0
proto,4,SR386_40X_HE_T305_01,0,0.4789780080318451,0
proto,4,SR386_40X_HE_T308_01,0,0.4806564450263977,0
proto,4,SR386_40X_HE_T325_01,0,0.4848281443119049,0
proto,4,SR386_40X_HE_T331_01,0,0.48884162306785583,0
proto,4,SR386_40X_HE_T341_01,0,0.5037533640861511,1
proto,4,SR386_40X_HE_T343_01,1,0.4874926507472992,0
proto,4,SR386_40X_HE_T346_01,0,0.4973700940608978,0
proto,4,SR386_40X_HE_T352_01,0,0.48765742778778076,0
proto,4,SR386_40X_HE_T373_01,0,0.49718841910362244,0
proto,4,SR386_40X_HE_T375_01,0,0.4850388467311859,0
proto,4,SR386_40X_HE_T381_01,0,0.4862259328365326,0
proto,4,SR386_40X_HE_T389_01,0,0.49589282274246216,0
proto,4,SR386_40X_HE_T391_01,0,0.48446789383888245,0
proto,4,SR386_40X_HE_T394_01,0,0.4857732355594635,0
proto,4,SR386_40X_HE_T399_01,0,0.5109051465988159,1
proto,4,SR386_40X_HE_T403_01,0,0.4794089198112488,0
proto,4,SR386_40X_HE_T405_01,0,0.5049152374267578,1
proto,4,SR386_40X_HE_T407_01,0,0.48382359743118286,0
proto,4,SR386_40X_HE_T414_01,0,0.4951658248901367,0
proto,4,SR386_40X_HE_T424_01,0,0.4829997420310974,0
proto,4,SR386_40X_HE_T429_01,0,0.5053818821907043,1
proto,4,SR386_40X_HE_T441_01,0,0.4981694519519806,0
proto,4,SR386_40X_HE_T451_01,0,0.48899179697036743,0
proto,4,SR386_40X_HE_T453_01,0,0.48218926787376404,0
proto,4,SR386_40X_HE_T455_01,0,0.4974290132522583,0
proto,4,SR386_40X_HE_T465_01,0,0.5039434432983398,1
proto,4,SR386_40X_HE_T474_01,0,0.49012327194213867,0
proto,4,SR386_40X_HE_T476_01,0,0.48908379673957825,0
proto,4,SR386_40X_HE_T479_01,0,0.48768776655197144,0
proto,4,SR386_40X_HE_T482_01,0,0.48085883259773254,0
proto,4,SR386_40X_HE_T487_01,0,0.49512481689453125,0
proto,4,SR386_40X_HE_T490_01,0,0.4908323884010315,0
proto,4,SR386_40X_HE_T494_01,0,0.479669988155365,0
proto,4,SR386_40X_HE_T500_01,0,0.474714994430542,0
proto,4,SR386_40X_HE_T510_01,0,0.49050650000572205,0
proto,4,SR386_40X_HE_T524_01,0,0.4895801842212677,0
proto,4,SR386_40X_HE_T528_01,0,0.5045110583305359,1
proto,4,SR386_40X_HE_T532_01,0,0.48245006799697876,0
proto,4,SR386_40X_HE_T534_01,0,0.4945015013217926,0
proto,4,SR386_40X_HE_T536_01,0,0.4767758846282959,0
proto,4,SR386_40X_HE_T537_01,0,0.49868613481521606,0
proto,4,SR386_40X_HE_T541_01,0,0.4938267469406128,0
proto,4,SR386_40X_HE_T548_01,1,0.5030034780502319,1
proto,4,SR386_40X_HE_T550_01,0,0.49795904755592346,0
proto,4,SR386_40X_HE_T551_01,0,0.47873592376708984,0
proto,4,SR386_40X_HE_T557_01,0,0.4975893795490265,0
proto,4,SR386_40X_HE_T565_01,0,0.48309606313705444,0
proto,4,SR386_40X_HE_T567_01,0,0.49046438932418823,0
proto,4,SR386_40X_HE_T575_01,0,0.48631158471107483,0
proto,4,SR386_40X_HE_T576_01,0,0.4790082573890686,0
proto,4,SR386_40X_HE_T581_01,0,0.5003581643104553,1
rf,1,SR1482_40X_HE_T029_01,0,0.1344936543532369,0
rf,1,SR1482_40X_HE_T029_02,0,0.14891547852958506,0
rf,1,SR1482_40X_HE_T057_01,0,0.0673516094120933,0
rf,1,SR1482_40X_HE_T063_01,1,0.3211875831485587,1
rf,1,SR1482_40X_HE_T063_02,1,0.234,0
rf,1,SR1482_40X_HE_T065_01,0,0.16184024577572964,0
rf,1,SR1482_40X_HE_T065_02,0,0.07590476190476189,0
rf,1,SR1482_40X_HE_T066_01,0,0.18290567085795081,0
rf,1,SR1482_40X_HE_T066_02,0,0.31381818181818183,1
rf,1,SR1482_40X_HE_T068_01,0,0.027722943722943726,0
rf,1,SR1482_40X_HE_T069_01,0,0.035896268184693235,0
rf,1,SR1482_40X_HE_T069_02,0,0.05292482517482517,0
rf,1,SR1482_40X_HE_T079_01,1,0.19955731225296441,0
rf,1,SR1482_40X_HE_T079_02,1,0.346,1
rf,1,SR1482_40X_HE_T080_01,0,0.10263913944386883,0
rf,1,SR1482_40X_HE_T080_02,0,0.1278181818181818,0
rf,1,SR1482_40X_HE_T081_01,0,0.16575366568914957,0
rf,1,SR1482_40X_HE_T081_02,0,0.11974268480011989,0
rf,1,SR1482_40X_HE_T099_01,0,0.036759846891578456,0
rf,1,SR1482_40X_HE_T116_01,0,0.14731055900621118,0
rf,1,SR1482_40X_HE_T117_01,0,0.09781818181818182,0
rf,1,SR1482_40X_HE_T117_02,0,0.07,0
rf,1,SR1482_40X_HE_T126_01,0,0.22720215053763443,0
rf,1,SR1482_40X_HE_T129_01,0,0.15393548387096775,0
rf,1,SR1482_40X_HE_T129_02,0,0.20912050175163777,0
rf,1,SR1482_40X_HE_T139_01,0,0.134,0
rf,1,SR1482_40X_HE_T139_02,0,0.19466915599594417,0
rf,1,SR1482_40X_HE_T147_01,0,0.19251835121400332,0
rf,1,SR1482_40X_HE_T147_02,0,0.28889244955514937,0
rf,1,SR1482_40X_HE_T159_01,0,0.14523809523809525,0
rf,1,SR1482_40X_HE_T159_02,0,0.11772294372294372,0
rf,1,SR1482_40X_HE_T192_01,0,0.11977572964669739,0
rf,1,SR1482_40X_HE_T199_01,0,0.10929479123027508,0
rf,1,SR1482_40X_HE_T304_01,0,0.06593548387096775,0
rf,1,SR1482_40X_HE_T304_02,0,0.11153548387096773,0
rf,1,SR1482_40X_HE_T310_01,1,0.21584024577572963,0
rf,1,SR1482_40X_HE_T310_02,1,0.19342033235581624,0
rf,1,SR1482_40X_HE_T341_01,0,0.05757988520134469,0
rf,1,SR1482_40X_HE_T341_02,0,0.06,0
rf,1,SR1482_40X_HE_T353_01,0,0.0685319443593281,0
rf,1,SR1482_40X_HE_T390_01,0,0.05745341614906833,0
rf,1,SR1482_40X_HE_T433_01,1,0.20184024577572965,0
rf,1,SR386_40X_HE_T003_01,0,0.05126881720430108,0
rf,1,SR386_40X_HE_T004_01,0,0.13153763440860217,0
rf,1,SR386_40X_HE_T022_01,1,0.2878402457757297,0
rf,1,SR386_40X_HE_T030_01,0,0.13466666666666668,0
rf,1,SR386_40X_HE_T033_01,0,0.08861383937175711,0
rf,1,SR386_40X_HE_T036_01,0,0.02,0
rf,1,SR386_40X_HE_T038_01,0,0.06298588368153586,0
rf,1,SR386_40X_HE_T049_01,0,0.023951219512195122,0
rf,1,SR386_40X_HE_T050_01,0,0.11,0
rf,1,SR386_40X_HE_T060_01,0,0.06965842759391146,0
rf,1,SR386_40X_HE_T063_01,0,0.1639047619047619,0
rf,1,SR386_40X_HE_T066_01,0,0.0950539541759054,0
rf,1,SR386_40X_HE_T069_01,0,0.08376170338316287,0
rf,1,SR386_40X_HE_T072_01,0,0.05197183098591549,0
rf,1,SR386_40X_HE_T074_01,0,0.047182237117720995,0
rf,1,SR386_40X_HE_T078_01,0,0.04584024577572965,0
rf,1,SR386_40X_HE_T079_01,0,0.005818181818181819,0
rf,1,SR386_40X_HE_T092_01,1,0.09899953438034832,0
rf,1,SR386_40X_HE_T096_01,0,0.023428571428571427,0
rf,1,SR386_40X_HE_T099_01,0,0.086,0
rf,1,SR386_40X_HE_T103_01,0,0.06873482859717407,0
rf,1,SR386_40X_HE_T108_01,0,0.059904761904761905,0
rf,1,SR386_40X_HE_T113_01,0,0.058,0
rf,1,SR386_40X_HE_T114_01,0,0.03766666666666667,0
rf,1,SR386_40X_HE_T119_01,0,0.05329644268774704,0
rf,1,SR386_40X_HE_T126_01,0,0.11743739372581877,0
rf,1,SR386_40X_HE_T130_01,0,0.006,0
rf,1,SR386_40X_HE_T131_01,0,0.061818181818181814,0
rf,1,SR386_40X_HE_T135_01,0,0.19172294372294374,0
rf,1,SR386_40X_HE_T140_01,0,0.03286580086580086,0
rf,1,SR386_40X_HE_T144_01,0,0.10775366568914956,0
rf,1,SR386_40X_HE_T147_01,0,0.04,0
rf,1,SR386_40X_HE_T148_01,0,0.104,0
rf,1,SR386_40X_HE_T160_01,0,0.018,0
rf,1,SR386_40X_HE_T169_01,0,0.044,0
rf,1,SR386_40X_HE_T170_01,1,0.23381818181818181,0
rf,1,SR386_40X_HE_T172_01,0,0.2976100981767181,0
rf,1,SR386_40X_HE_T174_01,0,0.062,0
rf,1,SR386_40X_HE_T181_01,0,0.03581818181818182,0
rf,1,SR386_40X_HE_T196_01,0,0.07494422650520212,0
rf,1,SR386_40X_HE_T205_01,0,0.2699047619047619,0
rf,1,SR386_40X_HE_T209_01,0,0.031710961420698104,0
rf,1,SR386_40X_HE_T210_01,0,0.19144588744588742,0
rf,1,SR386_40X_HE_T212_01,0,0.055223946784922394,0
rf,1,SR386_40X_HE_T221_01,0,0.029971830985915493,0
rf,1,SR386_40X_HE_T224_01,0,0.092,0
rf,1,SR386_40X_HE_T231_01,1,0.2878181818181818,0
rf,1,SR386_40X_HE_T232_01,0,0.036,0
rf,1,SR386_40X_HE_T247_01,0,0.0794928861788618,0
rf,1,SR386_40X_HE_T252_01,0,0.02,0
rf,1,SR386_40X_HE_T255_01,0,0.06153846153846154,0
rf,1,SR386_40X_HE_T259_01,1,0.15326140526140525,0
rf,1,SR386_40X_HE_T274_01,0,0.04983229610219456,0
rf,1,SR386_40X_HE_T275_01,0,0.1354520533301406,0
rf,1,SR386_40X_HE_T282_01,0,0.02333333333333333,0
rf,1,SR386_40X_HE_T294_01,0,0.25721179764374097,0
rf,1,SR386_40X_HE_T311_01,0,0.0433030303030303,0
rf,1,SR386_40X_HE_T315_01,0,0.09913058340694,0
rf,1,SR386_40X_HE_T319_01,1,0.1,0
rf,1,SR386_40X_HE_T324_01,1,0.1676725418779242,0
rf,1,SR386_40X_HE_T330_01,0,0.017764705882352943,0
rf,1,SR386_40X_HE_T333_01,0,0.096,0
rf,1,SR386_40X_HE_T335_01,0,0.038,0
rf,1,SR386_40X_HE_T337_01,0,0.059736513960422885,0
rf,1,SR386_40X_HE_T344_01,0,0.05706493506493507,0
rf,1,SR386_40X_HE_T347_01,0,0.042,0
rf,1,SR386_40X_HE_T350_01,0,0.032,0
rf,1,SR386_40X_HE_T351_01,0,0.06748968105065666,0
rf,1,SR386_40X_HE_T360_01,0,0.051128740824393,0
rf,1,SR386_40X_HE_T361_01,0,0.05535930735930736,0
rf,1,SR386_40X_HE_T366_01,0,0.03564156945917285,0
rf,1,SR386_40X_HE_T377_01,1,0.13344588744588742,0
rf,1,SR386_40X_HE_T384_01,0,0.012,0
rf,1,SR386_40X_HE_T395_01,0,0.09262770562770563,0
rf,1,SR386_40X_HE_T396_01,0,0.0551549770568254,0
rf,1,SR386_40X_HE_T401_01,0,0.15545034395244772,0
rf,1,SR386_40X_HE_T408_01,0,0.03695930735930736,0
rf,1,SR386_40X_HE_T410_01,0,0.13187659289067738,0
rf,1,SR386_40X_HE_T413_01,0,0.11948484848484849,0
rf,1,SR386_40X_HE_T416_01,0,0.05501465201465201,0
rf,1,SR386_40X_HE_T418_01,0,0.011538461538461539,0
rf,1,SR386_40X_HE_T419_01,0,0.06580720092915214,0
rf,1,SR386_40X_HE_T421_01,0,0.0499047619047619,0
rf,1,SR386_40X_HE_T423_01,0,0.043571847507331375,0
rf,1,SR386_40X_HE_T428_01,0,0.056961457896941764,0
rf,1,SR386_40X_HE_T430_01,0,0.043405764966740576,0
rf,1,SR386_40X_HE_T431_01,0,0.09354112554112554,0
rf,1,SR386_40X_HE_T435_01,0,0.17092509426057814,0
rf,1,SR386_40X_HE_T438_01,0,0.033932615299640985,0
rf,1,SR386_40X_HE_T439_01,0,0.18703818949867335,0
rf,1,SR386_40X_HE_T447_01,0,0.0195183715715025,0
rf,1,SR386_40X_HE_T449_01,0,0.051722943722943726,0
rf,1,SR386_40X_HE_T454_01,0,0.01596078431372549,0
rf,1,SR386_40X_HE_T456_01,0,0.047541125541125544,0
rf,1,SR386_40X_HE_T461_01,0,0.08593548387096775,0
rf,1,SR386_40X_HE_T462_01,0,0.03996078431372549,0
rf,1,SR386_40X_HE_T468_01,0,0.027753665689149564,0
rf,1,SR386_40X_HE_T469_01,1,0.16375366568914956,0
rf,1,SR386_40X_HE_T470_01,0,0.05765842759391147,0
rf,1,SR386_40X_HE_T471_01,0,0.058,0
rf,1,SR386_40X_HE_T477_01,0,0.09764389233954451,0
rf,1,SR386_40X_HE_T480_01,0,0.10446797617171573,0
rf,1,SR386_40X_HE_T484_01,0,0.07557184750733137,0
rf,1,SR386_40X_HE_T495_01,0,0.005818181818181819,0
rf,1,SR386_40X_HE_T496_01,0,0.028,0
rf,1,SR386_40X_HE_T498_01,0,0.23127489565082254,0
rf,1,SR386_40X_HE_T504_01,0,0.05131336012665936,0
rf,1,SR386_40X_HE_T511_01,0,0.049110309045792916,0
rf,1,SR386_40X_HE_T517_01,0,0.19830823612583953,0
rf,1,SR386_40X_HE_T523_01,0,0.06938728750923873,0
rf,1,SR386_40X_HE_T529_01,0,0.028,0
rf,1,SR386_40X_HE_T542_01,0,0.06575366568914956,0
rf,1,SR386_40X_HE_T569_01,0,0.11592398409371485,0
rf,1,SR386_40X_HE_T582_01,0,0.027440245775729646,0
rf,2,SR1482_40X_HE_T009_01,0,0.0337109614206981,0
rf,2,SR1482_40X_HE_T009_02,0,0.05467312968721419,0
rf,2,SR1482_40X_HE_T015_01,0,0.12097719353816914,0
rf,2,SR1482_40X_HE_T021_01,0,0.08826923614020389,0
rf,2,SR1482_40X_HE_T067_01,0,0.09000762407070345,0
rf,2,SR1482_40X_HE_T075_01,0,0.10932671358334137,0
rf,2,SR1482_40X_HE_T075_02,0,0.118,0
rf,2,SR1482_40X_HE_T098_01,0,0.10187429643527204,0
rf,2,SR1482_40X_HE_T098_02,0,0.06355731225296443,0
rf,2,SR1482_40X_HE_T102_01,0,0.1109469226425748,0
rf,2,SR1482_40X_HE_T123_01,0,0.06562866568914956,0
rf,2,SR1482_40X_HE_T142_01,0,0.04542033235581624,0
rf,2,SR1482_40X_HE_T146_01,0,0.33381048387096773,1
rf,2,SR1482_40X_HE_T148_01,0,0.0699607843137255,0
rf,2,SR1482_40X_HE_T148_02,0,0.11773913043478261,0
rf,2,SR1482_40X_HE_T154_01,0,0.06702580478194083,0
rf,2,SR1482_40X_HE_T158_01,0,0.07328025597590815,0
rf,2,SR1482_40X_HE_T161_01,0,0.1481551808406647,0
rf,2,SR1482_40X_HE_T161_02,0,0.08905843787522744,0
rf,2,SR1482_40X_HE_T164_01,1,0.09781818181818182,0
rf,2,SR1482_40X_HE_T164_02,1,0.19793548387096774,0
rf,2,SR1482_40X_HE_T168_01,0,0.05708699902248289,0
rf,2,SR1482_40X_HE_T171_01,0,0.1757694013303769,0
rf,2,SR1482_40X_HE_T171_02,0,0.22152306701952648,0
rf,2,SR1482_40X_HE_T178_01,1,0.1376122264831942,0
rf,2,SR1482_40X_HE_T186_01,0,0.07664431127544731,0
rf,2,SR1482_40X_HE_T193_01,0,0.20981818181818182,0
rf,2,SR1482_40X_HE_T193_02,0,0.19540579710144929,0
rf,2,SR1482_40X_HE_T209_01,0,0.16558758314855873,0
rf,2,SR1482_40X_HE_T209_02,0,0.21223189442400606,0
rf,2,SR1482_40X_HE_T245_01,0,0.1889896248765749,0
rf,2,SR1482_40X_HE_T245_02,0,0.1134731182795699,0
rf,2,SR1482_40X_HE_T265_01,0,0.07074338025000805,0
rf,2,SR1482_40X_HE_T302_01,0,0.16488170079561756,0
rf,2,SR1482_40X_HE_T343_01,1,0.13110647548810325,0
rf,2,SR1482_40X_HE_T343_02,1,0.131041959359071,0
rf,2,SR1482_40X_HE_T399_01,0,0.164,0
rf,2,SR1482_40X_HE_T399_02,0,0.17151136363636363,0
rf,2,SR1482_40X_HE_T426_01,0,0.08562770562770562,0
rf,2,SR1482_40X_HE_T426_02,0,0.09895279988828375,0
rf,2,SR386_40X_HE_T001_01,0,0.079875,0
rf,2,SR386_40X_HE_T013_01,0,0.12181048387096774,0
rf,2,SR386_40X_HE_T018_01,0,0.043722943722943726,0
rf,2,SR386_40X_HE_T019_01,0,0.07575366568914955,0
rf,2,SR386_40X_HE_T024_01,0,0.0,0
rf,2,SR386_40X_HE_T039_01,0,0.023818181818181818,0
rf,2,SR386_40X_HE_T040_01,1,0.24493984685940792,0
rf,2,SR386_40X_HE_T042_01,0,0.09495944403591018,0
rf,2,SR386_40X_HE_T047_01,0,0.04181818181818181,0
rf,2,SR386_40X_HE_T051_01,0,0.04386554621848739,0
rf,2,SR386_40X_HE_T052_01,0,0.027303688559502513,0
rf,2,SR386_40X_HE_T056_01,0,0.02,0
rf,2,SR386_40X_HE_T057_01,0,0.02,0
rf,2,SR386_40X_HE_T070_01,0,0.04737549407114625,0
rf,2,SR386_40X_HE_T082_01,0,0.11686359202953098,0
rf,2,SR386_40X_HE_T084_01,0,0.08557184750733138,0
rf,2,SR386_40X_HE_T087_01,0,0.1914203323558162,0
rf,2,SR386_40X_HE_T088_01,0,0.054,0
rf,2,SR386_40X_HE_T098_01,0,0.13746607959367513,0
rf,2,SR386_40X_HE_T105_01,0,0.04501827607875995,0
rf,2,SR386_40X_HE_T122_01,0,0.02581818181818182,0
rf,2,SR386_40X_HE_T123_01,0,0.088,0
rf,2,SR386_40X_HE_T133_01,0,0.0579047619047619,0
rf,2,SR386_40X_HE_T145_01,0,0.07532551319648094,0
rf,2,SR386_40X_HE_T150_01,0,0.09130357142857143,0
rf,2,SR386_40X_HE_T152_01,0,0.057722943722943724,0
rf,2,SR386_40X_HE_T155_01,0,0.1398221872541306,0
rf,2,SR386_40X_HE_T157_01,0,0.11130303030303029,0
rf,2,SR386_40X_HE_T164_01,0,0.04780952380952381,0
rf,2,SR386_40X_HE_T166_01,0,0.08128879990976765,0
rf,2,SR386_40X_HE_T176_01,1,0.16285955940082042,0
rf,2,SR386_40X_HE_T177_01,0,0.017636363636363638,0
rf,2,SR386_40X_HE_T178_01,0,0.10793548387096774,0
rf,2,SR386_40X_HE_T187_01,0,0.054,0
rf,2,SR386_40X_HE_T190_01,0,0.03320779220779221,0
rf,2,SR386_40X_HE_T192_01,0,0.01975366568914956,0
rf,2,SR386_40X_HE_T198_01,0,0.06469264069264069,0
rf,2,SR386_40X_HE_T200_01,0,0.1278181818181818,0
rf,2,SR386_40X_HE_T206_01,1,0.06,0
rf,2,SR386_40X_HE_T211_01,0,0.03981818181818182,0
rf,2,SR386_40X_HE_T213_01,0,0.06337549407114625,0
rf,2,SR386_40X_HE_T214_01,0,0.12699338025000803,0
rf,2,SR386_40X_HE_T220_01,0,0.03,0
rf,2,SR386_40X_HE_T230_01,1,0.17454879666622386,0
rf,2,SR386_40X_HE_T236_01,0,0.04181818181818182,0
rf,2,SR386_40X_HE_T237_01,0,0.046,0
rf,2,SR386_40X_HE_T240_01,0,0.05776940133037694,0
rf,2,SR386_40X_HE_T241_01,0,0.07962866568914956,0
rf,2,SR386_40X_HE_T242_01,0,0.03566666666666667,0
rf,2,SR386_40X_HE_T253_01,0,0.025904761904761906,0
rf,2,SR386_40X_HE_T260_01,0,0.086,0
rf,2,SR386_40X_HE_T262_01,0,0.10381818181818181,0
rf,2,SR386_40X_HE_T264_01,0,0.09011365948904106,0
rf,2,SR386_40X_HE_T271_01,0,0.06315579710144928,0
rf,2,SR386_40X_HE_T281_01,0,0.09993548387096775,0
rf,2,SR386_40X_HE_T297_01,0,0.009151515151515152,0
rf,2,SR386_40X_HE_T299_01,0,0.03753342759391147,0
rf,2,SR386_40X_HE_T301_01,0,0.015704885201344682,0
rf,2,SR386_40X_HE_T306_01,0,0.035855981416957027,0
rf,2,SR386_40X_HE_T309_01,0,0.03181818181818182,0
rf,2,SR386_40X_HE_T314_01,0,0.084,0
rf,2,SR386_40X_HE_T316_01,0,0.1272943722943723,0
rf,2,SR386_40X_HE_T318_01,0,0.08370488520134468,0
rf,2,SR386_40X_HE_T321_01,0,0.06287179487179488,0
rf,2,SR386_40X_HE_T326_01,0,0.076,0
rf,2,SR386_40X_HE_T327_01,0,0.01775366568914956,0
rf,2,SR386_40X_HE_T332_01,1,0.17171902591032373,0
rf,2,SR386_40X_HE_T355_01,0,0.035904761904761905,0
rf,2,SR386_40X_HE_T364_01,0,0.11544563279857396,0
rf,2,SR386_40X_HE_T368_01,1,0.1057507971178228,0
rf,2,SR386_40X_HE_T374_01,0,0.03193548387096774,0
rf,2,SR386_40X_HE_T380_01,0,0.005818181818181819,0
rf,2,SR386_40X_HE_T382_01,0,0.06984024577572964,0
rf,2,SR386_40X_HE_T392_01,0,0.019484848484848483,0
rf,2,SR386_40X_HE_T398_01,0,0.06238747433894047,0
rf,2,SR386_40X_HE_T402_01,1,0.17541209328306104,0
rf,2,SR386_40X_HE_T404_01,0,0.026,0
rf,2,SR386_40X_HE_T415_01,0,0.019875,0
rf,2,SR386_40X_HE_T417_01,0,0.006,0
rf,2,SR386_40X_HE_T425_01,0,0.031602150537634405,0
rf,2,SR386_40X_HE_T436_01,1,0.06881101956715562,0
rf,2,SR386_40X_HE_T437_01,0,0.029818181818181817,0
rf,2,SR386_40X_HE_T440_01,0,0.1327195372159967,0
rf,2,SR386_40X_HE_T445_01,0,0.084,0
rf,2,SR386_40X_HE_T450_01,0,0.07,0
rf,2,SR386_40X_HE_T459_01,0,0.0515144090108685,0
rf,2,SR386_40X_HE_T472_01,0,0.02981818181818182,0
rf,2,SR386_40X_HE_T481_01,0,0.06341612554112555,0
rf,2,SR386_40X_HE_T483_01,0,0.07590476190476189,0
rf,2,SR386_40X_HE_T486_01,0,0.12690892203570375,0
rf,2,SR386_40X_HE_T488_01,0,0.05528025597590815,0
rf,2,SR386_40X_HE_T499_01,0,0.07793548387096774,0
rf,2,SR386_40X_HE_T507_01,0,0.17315151515151514,0
rf,2,SR386_40X_HE_T514_01,0,0.02306818181818182,0
rf,2,SR386_40X_HE_T520_01,1,0.026,0
rf,2,SR386_40X_HE_T522_01,0,0.046,0
rf,2,SR386_40X_HE_T531_01,0,0.029870967741935484,0
rf,2,SR386_40X_HE_T535_01,0,0.004,0
rf,2,SR386_40X_HE_T539_01,0,0.09318555937685719,0
rf,2,SR386_40X_HE_T549_01,0,0.04086463942561504,0
rf,2,SR386_40X_HE_T552_01,0,0.06993548387096775,0
rf,2,SR386_40X_HE_T553_01,0,0.07083524318818436,0
rf,2,SR386_40X_HE_T554_01,0,0.11947053115828846,0
rf,2,SR386_40X_HE_T558_01,0,0.02574500768049155,0
rf,2,SR386_40X_HE_T564_01,0,0.07891341991341992,0
rf,2,SR386_40X_HE_T570_01,0,0.014,0
rf,2,SR386_40X_HE_T574_01,0,0.032,0
rf,2,SR386_40X_HE_T578_01,0,0.02,0
rf,2,SR386_40X_HE_T580_01,0,0.01,0
rf,3,SR1482_40X_HE_T005_01,0,0.19277411033105368,0
rf,3,SR1482_40X_HE_T005_02,0,0.19327759197324415,0
rf,3,SR1482_40X_HE_T010_01,0,0.0653288418898175,0
rf,3,SR1482_40X_HE_T043_01,0,0.08535581622678397,0
rf,3,SR1482_40X_HE_T043_02,0,0.08951136363636364,0
rf,3,SR1482_40X_HE_T049_01,0,0.047224228611500704,0
rf,3,SR1482_40X_HE_T061_01,0,0.3329442586399108,1
rf,3,SR1482_40X_HE_T061_02,0,0.3175376344086021,1
rf,3,SR1482_40X_HE_T070_01,1,0.09164389233954452,0
rf,3,SR1482_40X_HE_T073_01,0,0.07427363622591619,0
rf,3,SR1482_40X_HE_T082_01,0,0.07909565703114092,0
rf,3,SR1482_40X_HE_T082_02,0,0.10593548387096774,0
rf,3,SR1482_40X_HE_T089_01,0,0.04723840186492347,0
rf,3,SR1482_40X_HE_T090_01,0,0.065320634951771,0
rf,3,SR1482_40X_HE_T094_01,1,0.1692239789196311,0
rf,3,SR1482_40X_HE_T094_02,1,0.22349421190763696,0
rf,3,SR1482_40X_HE_T105_01,0,0.0715230670195265,0
rf,3,SR1482_40X_HE_T115_01,0,0.12180103008945513,0
rf,3,SR1482_40X_HE_T115_02,0,0.05165842759391147,0
rf,3,SR1482_40X_HE_T118_01,0,0.2491512237178436,0
rf,3,SR1482_40X_HE_T118_02,0,0.18366666666666664,0
rf,3,SR1482_40X_HE_T120_01,0,0.1531512237178436,0
rf,3,SR1482_40X_HE_T120_02,0,0.2152319265587148,0
rf,3,SR1482_40X_HE_T124_01,0,0.21163636363636362,0
rf,3,SR1482_40X_HE_T124_02,0,0.1918181818181818,0
rf,3,SR1482_40X_HE_T138_01,0,0.04739389233954452,0
rf,3,SR1482_40X_HE_T160_01,0,0.09387096774193548,0
rf,3,SR1482_40X_HE_T160_02,0,0.051674614305750356,0
rf,3,SR1482_40X_HE_T167_01,0,0.09336658141517476,0
rf,3,SR1482_40X_HE_T167_02,0,0.07964389233954453,0
rf,3,SR1482_40X_HE_T175_01,0,0.17918319717916492,0
rf,3,SR1482_40X_HE_T175_02,0,0.198,0
rf,3,SR1482_40X_HE_T177_01,1,0.12097111490659876,0
rf,3,SR1482_40X_HE_T188_01,0,0.08305922210781545,0
rf,3,SR1482_40X_HE_T195_01,0,0.08697326855005677,0
rf,3,SR1482_40X_HE_T195_02,0,0.11115080478194084,0
rf,3,SR1482_40X_HE_T202_01,0,0.06977896613190732,0
rf,3,SR1482_40X_HE_T202_02,0,0.07307246376811594,0
rf,3,SR1482_40X_HE_T225_01,0,0.1274072150383511,0
rf,3,SR1482_40X_HE_T225_02,0,0.09106867588932806,0
rf,3,SR1482_40X_HE_T235_01,0,0.06957184750733136,0
rf,3,SR1482_40X_HE_T235_02,0,0.034,0
rf,3,SR1482_40X_HE_T236_01,0,0.039753665689149564,0
rf,3,SR1482_40X_HE_T236_02,0,0.05346207415772634,0
rf,3,SR1482_40X_HE_T258_01,0,0.053462583148558764,0
rf,3,SR1482_40X_HE_T258_02,0,0.045532467532467535,0
rf,3,SR1482_40X_HE_T284_01,1,0.19179146528792476,0
rf,3,SR1482_40X_HE_T284_02,1,0.22871187821679734,0
rf,3,SR1482_40X_HE_T301_01,1,0.13922397891963112,0
rf,3,SR1482_40X_HE_T301_02,1,0.21356318949867334,0
rf,3,SR1482_40X_HE_T309_01,0,0.09114492753623189,0
rf,3,SR1482_40X_HE_T313_01,0,0.1037789661319073,0
rf,3,SR1482_40X_HE_T313_02,0,0.1136539661319073,0
rf,3,SR1482_40X_HE_T338_01,0,0.23923855643469077,0
rf,3,SR1482_40X_HE_T344_01,0,0.17121307584421191,0
rf,3,SR1482_40X_HE_T344_02,0,0.1974440156361273,0
rf,3,SR1482_40X_HE_T346_01,0,0.20773913043478262,0
rf,3,SR1482_40X_HE_T346_02,0,0.194,0
rf,3,SR1482_40X_HE_T377_01,0,0.0814756443952055,0
rf,3,SR1482_40X_HE_T377_02,0,0.06793548387096775,0
rf,3,SR1482_40X_HE_T419_01,0,0.036,0
rf,3,SR1482_40X_HE_T427_01,0,0.09167461430575036,0
rf,3,SR1482_40X_HE_T427_02,0,0.0713030303030303,0
rf,3,SR386_40X_HE_T007_01,0,0.04053396958256293,0
rf,3,SR386_40X_HE_T015_01,0,0.07153763440860215,0
rf,3,SR386_40X_HE_T017_01,1,0.22093127705627702,0
rf,3,SR386_40X_HE_T032_01,0,0.02742033235581623,0
rf,3,SR386_40X_HE_T034_01,0,0.048804292929292926,0
rf,3,SR386_40X_HE_T035_01,0,0.06566666666666666,0
rf,3,SR386_40X_HE_T041_01,0,0.37669264069264063,1
rf,3,SR386_40X_HE_T067_01,0,0.006,0
rf,3,SR386_40X_HE_T075_01,0,0.02387096774193549,0
rf,3,SR386_40X_HE_T081_01,0,0.09132509426057812,0
rf,3,SR386_40X_HE_T083_01,0,0.09306351897743577,0
rf,3,SR386_40X_HE_T085_01,0,0.002,0
rf,3,SR386_40X_HE_T095_01,0,0.05589626818469323,0
rf,3,SR386_40X_HE_T104_01,0,0.12178539493293591,0
rf,3,SR386_40X_HE_T106_01,0,0.03565842759391147,0
rf,3,SR386_40X_HE_T112_01,0,0.03,0
rf,3,SR386_40X_HE_T128_01,0,0.017904761904761906,0
rf,3,SR386_40X_HE_T132_01,0,0.013669467787114847,0
rf,3,SR386_40X_HE_T138_01,0,0.06548484848484848,0
rf,3,SR386_40X_HE_T142_01,0,0.1154848484848485,0
rf,3,SR386_40X_HE_T149_01,0,0.0874360679970436,0
rf,3,SR386_40X_HE_T165_01,1,0.14317033235581625,0
rf,3,SR386_40X_HE_T179_01,0,0.12365842759391145,0
rf,3,SR386_40X_HE_T180_01,0,0.07735930735930736,0
rf,3,SR386_40X_HE_T182_01,0,0.035875,0
rf,3,SR386_40X_HE_T184_01,0,0.059720878803903664,0
rf,3,SR386_40X_HE_T188_01,0,0.055190895126378994,0
rf,3,SR386_40X_HE_T191_01,0,0.07171445000287506,0
rf,3,SR386_40X_HE_T197_01,0,0.05877655677655678,0
rf,3,SR386_40X_HE_T201_01,0,0.023636363636363636,0
rf,3,SR386_40X_HE_T202_01,0,0.01973913043478261,0
rf,3,SR386_40X_HE_T208_01,0,0.029818181818181817,0
rf,3,SR386_40X_HE_T216_01,1,0.2656132337607747,0
rf,3,SR386_40X_HE_T238_01,0,0.008,0
rf,3,SR386_40X_HE_T244_01,0,0.043666666666666666,0
rf,3,SR386_40X_HE_T248_01,0,0.021739130434782608,0
rf,3,SR386_40X_HE_T249_01,0,0.006,0
rf,3,SR386_40X_HE_T250_01,0,0.06689064558629775,0
rf,3,SR386_40X_HE_T263_01,0,0.08909577379142597,0
rf,3,SR386_40X_HE_T267_01,0,0.09340579710144928,0
rf,3,SR386_40X_HE_T269_01,0,0.02,0
rf,3,SR386_40X_HE_T277_01,0,0.04754112554112554,0
rf,3,SR386_40X_HE_T286_01,0,0.07357142857142857,0
rf,3,SR386_40X_HE_T287_01,0,0.126242254998391,0
rf,3,SR386_40X_HE_T290_01,0,0.04477777777777778,0
rf,3,SR386_40X_HE_T293_01,0,0.07585856079404467,0
rf,3,SR386_40X_HE_T298_01,0,0.03935664335664336,0
rf,3,SR386_40X_HE_T303_01,0,0.009818181818181818,0
rf,3,SR386_40X_HE_T312_01,0,0.06940579710144928,0
rf,3,SR386_40X_HE_T329_01,0,0.10217786192210745,0
rf,3,SR386_40X_HE_T336_01,0,0.06775366568914956,0
rf,3,SR386_40X_HE_T338_01,0,0.023886703383162868,0
rf,3,SR386_40X_HE_T342_01,0,0.03781818181818182,0
rf,3,SR386_40X_HE_T353_01,0,0.04573913043478261,0
rf,3,SR386_40X_HE_T357_01,0,0.01175366568914956,0
rf,3,SR386_40X_HE_T362_01,0,0.04867000348330272,0
rf,3,SR386_40X_HE_T363_01,1,0.266,0
rf,3,SR386_40X_HE_T372_01,0,0.12537367336964111,0
rf,3,SR386_40X_HE_T378_01,0,0.017818181818181816,0
rf,3,SR386_40X_HE_T379_01,0,0.02,0
rf,3,SR386_40X_HE_T386_01,0,0.04708952513811849,0
rf,3,SR386_40X_HE_T387_01,0,0.027582887700534763,0
rf,3,SR386_40X_HE_T393_01,0,0.03995121951219512,0
rf,3,SR386_40X_HE_T397_01,0,0.11556818181818182,0
rf,3,SR386_40X_HE_T406_01,0,0.12128076496674058,0
rf,3,SR386_40X_HE_T409_01,0,0.078,0
rf,3,SR386_40X_HE_T422_01,0,0.017571847507331376,0
rf,3,SR386_40X_HE_T426_01,0,0.03169318181818182,0
rf,3,SR386_40X_HE_T433_01,0,0.037753665689149556,0
rf,3,SR386_40X_HE_T443_01,0,0.09766666666666667,0
rf,3,SR386_40X_HE_T448_01,0,0.10752264808362369,0
rf,3,SR386_40X_HE_T452_01,0,0.097875,0
rf,3,SR386_40X_HE_T460_01,1,0.21136940133037693,0
rf,3,SR386_40X_HE_T473_01,0,0.04793548387096774,0
rf,3,SR386_40X_HE_T475_01,0,0.014,0
rf,3,SR386_40X_HE_T478_01,0,0.05372983937738036,0
rf,3,SR386_40X_HE_T489_01,1,0.03366666666666667,0
rf,3,SR386_40X_HE_T491_01,0,0.06540579710144928,0
rf,3,SR386_40X_HE_T492_01,0,0.023098039215686275,0
rf,3,SR386_40X_HE_T493_01,0,0.014,0
rf,3,SR386_40X_HE_T502_01,0,0.013818181818181818,0
rf,3,SR386_40X_HE_T505_01,0,0.051310559006211176,0
rf,3,SR386_40X_HE_T506_01,0,0.08322678004007927,0
rf,3,SR386_40X_HE_T509_01,0,0.04935581622678397,0
rf,3,SR386_40X_HE_T516_01,0,0.08624031249644853,0
rf,3,SR386_40X_HE_T518_01,0,0.021,0
rf,3,SR386_40X_HE_T519_01,0,0.046,0
rf,3,SR386_40X_HE_T521_01,0,0.011151515151515152,0
rf,3,SR386_40X_HE_T526_01,0,0.0447680630564881,0
rf,3,SR386_40X_HE_T533_01,0,0.032,0
rf,3,SR386_40X_HE_T543_01,0,0.03195121951219512,0
rf,3,SR386_40X_HE_T544_01,0,0.04187096774193549,0
rf,3,SR386_40X_HE_T556_01,1,0.13190476190476189,0
rf,3,SR386_40X_HE_T560_01,0,0.046,0
rf,3,SR386_40X_HE_T563_01,0,0.008,0
rf,3,SR386_40X_HE_T568_01,0,0.03366666666666667,0
rf,3,SR386_40X_HE_T571_01,0,0.10046894282188398,0
rf,3,SR386_40X_HE_T572_01,0,0.09158758314855876,0
rf,3,SR386_40X_HE_T573_01,0,0.1299512195121951,0
rf,3,SR386_40X_HE_T583_01,0,0.03353846153846154,0
rf,4,SR1482_40X_HE_T002_01,0,0.047127743672796506,0
rf,4,SR1482_40X_HE_T003_01,0,0.07308199643493761,0
rf,4,SR1482_40X_HE_T004_01,0,0.06762770562770563,0
rf,4,SR1482_40X_HE_T004_02,0,0.10516065486959976,0
rf,4,SR1482_40X_HE_T011_01,0,0.06521925133689839,0
rf,4,SR1482_40X_HE_T025_01,0,0.17122770562770565,0
rf,4,SR1482_40X_HE_T025_02,0,0.16153246753246753,0
rf,4,SR1482_40X_HE_T060_01,0,0.0634859900373599,0
rf,4,SR1482_40X_HE_T062_01,0,0.2638585607940447,0
rf,4,SR1482_40X_HE_T062_02,0,0.18362269342052276,0
rf,4,SR1482_40X_HE_T064_01,0,0.22954112554112552,0
rf,4,SR1482_40X_HE_T064_02,0,0.12775366568914956,0
rf,4,SR1482_40X_HE_T071_01,0,0.052760645151949497,0
rf,4,SR1482_40X_HE_T071_02,0,0.11309577379142595,0
rf,4,SR1482_40X_HE_T074_01,0,0.07323851417399804,0
rf,4,SR1482_40X_HE_T074_02,0,0.07543606799704361,0
rf,4,SR1482_40X_HE_T083_01,0,0.25681818181818183,0
rf,4,SR1482_40X_HE_T083_02,0,0.20794444444444446,0
rf,4,SR1482_40X_HE_T087_01,0,0.05343231225296443,0
rf,4,SR1482_40X_HE_T097_01,1,0.1779680898967125,0
rf,4,SR1482_40X_HE_T097_02,1,0.18898650980329934,0
rf,4,SR1482_40X_HE_T108_01,0,0.03913827349121467,0
rf,4,SR1482_40X_HE_T113_01,0,0.06138728750923874,0
rf,4,SR1482_40X_HE_T113_02,0,0.12925049407114625,0
rf,4,SR1482_40X_HE_T121_01,0,0.013359848484848485,0
rf,4,SR1482_40X_HE_T122_01,0,0.03775366568914956,0
rf,4,SR1482_40X_HE_T125_01,0,0.10193548387096775,0
rf,4,SR1482_40X_HE_T125_02,0,0.08130637254901961,0
rf,4,SR1482_40X_HE_T131_01,0,0.16557088249044358,0
rf,4,SR1482_40X_HE_T131_02,0,0.251875,0
rf,4,SR1482_40X_HE_T132_01,0,0.05796078431372549,0
rf,4,SR1482_40X_HE_T132_02,0,0.09115151515151514,0
rf,4,SR1482_40X_HE_T143_01,0,0.17430731225296445,0
rf,4,SR1482_40X_HE_T143_02,0,0.1515607843137255,0
rf,4,SR1482_40X_HE_T166_01,1,0.031554695778604695,0
rf,4,SR1482_40X_HE_T169_01,0,0.144,0
rf,4,SR1482_40X_HE_T176_01,1,0.3119512195121951,1
rf,4,SR1482_40X_HE_T176_02,1,0.2613216099400206,0
rf,4,SR1482_40X_HE_T191_01,0,0.05714133357681745,0
rf,4,SR1482_40X_HE_T194_01,0,0.3999354838709677,1
rf,4,SR1482_40X_HE_T218_01,0,0.027778966131907307,0
rf,4,SR1482_40X_HE_T253_01,0,0.02962866568914956,0
rf,4,SR1482_40X_HE_T290_01,0,0.14506493506493506,0
rf,4,SR1482_40X_HE_T308_01,0,0.13277144305839306,0
rf,4,SR1482_40X_HE_T314_01,0,0.2971525919732442,0
rf,4,SR1482_40X_HE_T314_02,0,0.3439372656329178,1
rf,4,SR1482_40X_HE_T372_01,1,0.20381818181818182,0
rf,4,SR1482_40X_HE_T372_02,1,0.18314957264957266,0
rf,4,SR1482_40X_HE_T408_01,0,0.10793548387096774,0
rf,4,SR1482_40X_HE_T412_01,0,0.108,0
rf,4,SR1482_40X_HE_T425_01,0,0.04241371260582426,0
rf,4,SR1482_40X_HE_T434_01,1,0.12372294372294372,0
rf,4,SR386_40X_HE_T006_01,0,0.036,0
rf,4,SR386_40X_HE_T010_01,0,0.039484848484848484,0
rf,4,SR386_40X_HE_T014_01,0,0.09145392513990075,0
rf,4,SR386_40X_HE_T016_01,0,0.005904761904761905,0
rf,4,SR386_40X_HE_T020_01,0,0.007356643356643357,0
rf,4,SR386_40X_HE_T027_01,0,0.15119580419580417,0
rf,4,SR386_40X_HE_T028_01,0,0.04333333333333333,0
rf,4,SR386_40X_HE_T037_01,0,0.022,0
rf,4,SR386_40X_HE_T043_01,0,0.04793548387096774,0
rf,4,SR386_40X_HE_T044_01,1,0.13337549407114624,0
rf,4,SR386_40X_HE_T046_01,0,0.04742857142857143,0
rf,4,SR386_40X_HE_T058_01,0,0.017636363636363638,0
rf,4,SR386_40X_HE_T062_01,0,0.02575366568914956,0
rf,4,SR386_40X_HE_T065_01,1,0.13506867588932805,0
rf,4,SR386_40X_HE_T080_01,0,0.037405797101449284,0
rf,4,SR386_40X_HE_T091_01,0,0.056,0
rf,4,SR386_40X_HE_T094_01,0,0.014955128205128206,0
rf,4,SR386_40X_HE_T097_01,0,0.024,0
rf,4,SR386_40X_HE_T100_01,0,0.061207929325576386,0
rf,4,SR386_40X_HE_T107_01,0,0.04868779118425067,0
rf,4,SR386_40X_HE_T109_01,1,0.1557142857142857,0
rf,4,SR386_40X_HE_T110_01,0,0.10691270954384557,0
rf,4,SR386_40X_HE_T117_01,0,0.05185329209014583,0
rf,4,SR386_40X_HE_T127_01,0,0.03388670338316287,0
rf,4,SR386_40X_HE_T129_01,0,0.013238095238095238,0
rf,4,SR386_40X_HE_T136_01,0,0.045753665689149556,0
rf,4,SR386_40X_HE_T154_01,0,0.047325094260578134,0
rf,4,SR386_40X_HE_T168_01,1,0.20135930735930735,0
rf,4,SR386_40X_HE_T175_01,0,0.006,0
rf,4,SR386_40X_HE_T189_01,0,0.02136477680026067,0
rf,4,SR386_40X_HE_T195_01,0,0.02282315175863563,0
rf,4,SR386_40X_HE_T227_01,0,0.024,0
rf,4,SR386_40X_HE_T233_01,0,0.22932733359419158,0
rf,4,SR386_40X_HE_T234_01,0,0.0656891495601173,0
rf,4,SR386_40X_HE_T235_01,0,0.048,0
rf,4,SR386_40X_HE_T239_01,0,0.21423807423453373,0
rf,4,SR386_40X_HE_T245_01,0,0.01396078431372549,0
rf,4,SR386_40X_HE_T256_01,0,0.04975366568914956,0
rf,4,SR386_40X_HE_T265_01,0,0.054875,0
rf,4,SR386_40X_HE_T268_01,0,0.136,0
rf,4,SR386_40X_HE_T270_01,0,0.05942033235581623,0
rf,4,SR386_40X_HE_T272_01,0,0.23774125874125876,0
rf,4,SR386_40X_HE_T273_01,0,0.136,0
rf,4,SR386_40X_HE_T276_01,0,0.21355731225296443,0
rf,4,SR386_40X_HE_T278_01,1,0.25278787878787873,0
rf,4,SR386_40X_HE_T284_01,0,0.06380720092915215,0
rf,4,SR386_40X_HE_T285_01,0,0.0256,0
rf,4,SR386_40X_HE_T288_01,0,0.049875,0
rf,4,SR386_40X_HE_T291_01,0,0.07935664335664336,0
rf,4,SR386_40X_HE_T300_01,0,0.03720833333333333,0
rf,4,SR386_40X_HE_T302_01,0,0.044,0
rf,4,SR386_40X_HE_T305_01,0,0.017935483870967744,0
rf,4,SR386_40X_HE_T308_01,0,0.0339047619047619,0
rf,4,SR386_40X_HE_T325_01,0,0.03781818181818181,0
rf,4,SR386_40X_HE_T331_01,0,0.1149896103896104,0
rf,4,SR386_40X_HE_T341_01,0,0.108,0
rf,4,SR386_40X_HE_T343_01,1,0.05890518084066471,0
rf,4,SR386_40X_HE_T346_01,0,0.122,0
rf,4,SR386_40X_HE_T352_01,0,0.037875,0
rf,4,SR386_40X_HE_T373_01,0,0.12576940133037692,0
rf,4,SR386_40X_HE_T375_01,0,0.164,0
rf,4,SR386_40X_HE_T381_01,0,0.04720779220779221,0
rf,4,SR386_40X_HE_T389_01,0,0.033685483870967745,0
rf,4,SR386_40X_HE_T391_01,0,0.014,0
rf,4,SR386_40X_HE_T394_01,0,0.036,0
rf,4,SR386_40X_HE_T399_01,0,0.17937549407114625,0
rf,4,SR386_40X_HE_T403_01,0,0.02304216073781291,0
rf,4,SR386_40X_HE_T405_01,0,0.06724955436720143,0
rf,4,SR386_40X_HE_T407_01,0,0.028,0
rf,4,SR386_40X_HE_T414_01,0,0.0553900293255132,0
rf,4,SR386_40X_HE_T424_01,0,0.07981818181818182,0
rf,4,SR386_40X_HE_T429_01,0,0.092,0
rf,4,SR386_40X_HE_T441_01,0,0.0642921272276111,0
rf,4,SR386_40X_HE_T451_01,0,0.04581818181818181,0
rf,4,SR386_40X_HE_T453_01,0,0.0560291071247593,0
rf,4,SR386_40X_HE_T455_01,0,0.05196078431372549,0
rf,4,SR386_40X_HE_T465_01,0,0.06581818181818182,0
rf,4,SR386_40X_HE_T474_01,0,0.11536405529953918,0
rf,4,SR386_40X_HE_T476_01,0,0.08554978354978354,0
rf,4,SR386_40X_HE_T479_01,0,0.04766666666666667,0
rf,4,SR386_40X_HE_T482_01,0,0.0316891495601173,0
rf,4,SR386_40X_HE_T487_01,0,0.04728025597590815,0
rf,4,SR386_40X_HE_T490_01,0,0.02954112554112554,0
rf,4,SR386_40X_HE_T494_01,0,0.032,0
rf,4,SR386_40X_HE_T500_01,0,0.012,0
rf,4,SR386_40X_HE_T510_01,0,0.035462074157726335,0
rf,4,SR386_40X_HE_T524_01,0,0.05,0
rf,4,SR386_40X_HE_T528_01,0,0.14076564558629773,0
rf,4,SR386_40X_HE_T532_01,0,0.030742762613730355,0
rf,4,SR386_40X_HE_T534_01,0,0.13566666666666669,0
rf,4,SR386_40X_HE_T536_01,0,0.015840245775729647,0
rf,4,SR386_40X_HE_T537_01,0,0.11965113426070322,0
rf,4,SR386_40X_HE_T541_01,0,0.04504645760743322,0
rf,4,SR386_40X_HE_T548_01,1,0.15716741042968252,0
rf,4,SR386_40X_HE_T550_01,0,0.15723164335664336,0
rf,4,SR386_40X_HE_T551_01,0,0.023935483870967743,0
rf,4,SR386_40X_HE_T557_01,0,0.054,0
rf,4,SR386_40X_HE_T565_01,0,0.02,0
rf,4,SR386_40X_HE_T567_01,0,0.04166946778711485,0
rf,4,SR386_40X_HE_T575_01,0,0.12780952380952382,0
rf,4,SR386_40X_HE_T576_01,0,0.02379594898724681,0
rf,4,SR386_40X_HE_T581_01,0,0.05085419338254832,0
