DIAGNOSTIC,cohort,method,model,clf,k,metric,weights,n_distinct_scores,n_target,bacc_oracle,scheme,tau,quantile_r,quantile_degenerate,auroc,bacc,n_pos_pred,status
not-a-reportable-config,surgen,Averaging,Conch1_5,knn,15,cosine,uniform,8,622,0.6269,a_frozen,0.326978,,False,0.6656,0.537,31,ok
not-a-reportable-config,surgen,Averaging,Conch1_5,knn,15,cosine,uniform,8,622,0.6269,b_refit_k,0.133333,,False,0.6656,0.513,597,ok
not-a-reportable-config,surgen,Averaging,Conch1_5,knn,15,cosine,uniform,8,622,0.6269,c_quantile,0.266667,0.063,False,0.6656,0.6105,135,ok
not-a-reportable-config,surgen,Averaging,Conch1_5,knn,20,cosine,uniform,9,622,0.6429,a_frozen,0.326978,,False,0.6582,0.5289,9,ok
not-a-reportable-config,surgen,Averaging,Conch1_5,knn,20,cosine,uniform,9,622,0.6429,b_refit_k,0.15,,False,0.6582,0.5532,500,ok
not-a-reportable-config,surgen,Averaging,Conch1_5,knn,20,cosine,uniform,9,622,0.6429,c_quantile,0.3,0.0315,False,0.6582,0.5397,28,ok
not-a-reportable-config,surgen,Averaging,Conch1_5,knn,25,cosine,uniform,8,622,0.6174,a_frozen,0.326978,,False,0.6354,0.5,0,dead
not-a-reportable-config,surgen,Averaging,Conch1_5,knn,25,cosine,uniform,8,622,0.6174,b_refit_k,0.2,,False,0.6354,0.6174,179,ok
not-a-reportable-config,surgen,Averaging,Conch1_5,knn,25,cosine,uniform,8,622,0.6174,c_quantile,0.28,0.0169,False,0.6354,0.5313,27,ok
not-a-reportable-config,surgen,Averaging,Conch1_5,knn,35,cosine,uniform,10,622,0.6128,a_frozen,0.326978,,False,0.6372,0.5,0,dead
not-a-reportable-config,surgen,Averaging,Conch1_5,knn,35,cosine,uniform,10,622,0.6128,b_refit_k,0.171429,,False,0.6372,0.6128,205,ok
not-a-reportable-config,surgen,Averaging,Conch1_5,knn,35,cosine,uniform,10,622,0.6128,c_quantile,0.257143,0.0097,False,0.6372,0.5125,17,ok
not-a-reportable-config,surgen,Averaging,Conch1_5,knn,50,cosine,uniform,10,622,0.5989,a_frozen,0.326978,,False,0.6461,0.5,0,dead
not-a-reportable-config,surgen,Averaging,Conch1_5,knn,50,cosine,uniform,10,622,0.5989,b_refit_k,0.18,,False,0.6461,0.5971,150,ok
not-a-reportable-config,surgen,Averaging,Conch1_5,knn,50,cosine,uniform,10,622,0.5989,c_quantile,0.249927,0.0024,False,0.6461,0.5167,2,near_dead
not-a-reportable-config,surgen,Averaging,Conch1_5,knn,75,cosine,uniform,11,622,0.6079,a_frozen,0.326978,,False,0.6429,0.5,0,dead
not-a-reportable-config,surgen,Averaging,Conch1_5,knn,75,cosine,uniform,11,622,0.6079,b_refit_k,0.173333,,False,0.6429,0.5689,47,ok
not-a-reportable-config,surgen,Averaging,Conch1_5,knn,75,cosine,uniform,11,622,0.6079,c_quantile,0.326978,0.0,True,0.6429,0.5,0,dead
not-a-reportable-config,surgen,Averaging,Conch1_5,knn,100,cosine,uniform,8,622,0.541,a_frozen,0.326978,,False,0.5604,0.5,0,dead
not-a-reportable-config,surgen,Averaging,Conch1_5,knn,100,cosine,uniform,8,622,0.541,b_refit_k,0.17,,False,0.5604,0.5021,8,ok
not-a-reportable-config,surgen,Averaging,Conch1_5,knn,100,cosine,uniform,8,622,0.541,c_quantile,0.326978,0.0,True,0.5604,0.5,0,dead
not-a-reportable-config,surgen,Averaging,ConchV1,knn,15,cosine,uniform,7,622,0.6102,a_frozen,0.289018,,False,0.6115,0.5233,36,ok
not-a-reportable-config,surgen,Averaging,ConchV1,knn,15,cosine,uniform,7,622,0.6102,b_refit_k,0.2,,False,0.6115,0.5341,480,ok
not-a-reportable-config,surgen,Averaging,ConchV1,knn,15,cosine,uniform,7,622,0.6102,c_quantile,0.266667,0.0581,False,0.6115,0.6102,156,ok
not-a-reportable-config,surgen,Averaging,ConchV1,knn,20,cosine,uniform,8,622,0.5996,a_frozen,0.289018,,False,0.6197,0.5634,22,ok
not-a-reportable-config,surgen,Averaging,ConchV1,knn,20,cosine,uniform,8,622,0.5996,b_refit_k,0.2,,False,0.6197,0.5996,282,ok
not-a-reportable-config,surgen,Averaging,ConchV1,knn,20,cosine,uniform,8,622,0.5996,c_quantile,0.25,0.046,False,0.6197,0.5845,102,ok
not-a-reportable-config,surgen,Averaging,ConchV1,knn,25,cosine,uniform,10,622,0.589,a_frozen,0.289018,,False,0.6172,0.5289,9,ok
not-a-reportable-config,surgen,Averaging,ConchV1,knn,25,cosine,uniform,10,622,0.589,b_refit_k,0.16,,False,0.6172,0.5565,403,ok
not-a-reportable-config,surgen,Averaging,ConchV1,knn,25,cosine,uniform,10,622,0.589,c_quantile,0.28,0.0218,False,0.6172,0.5459,21,ok
not-a-reportable-config,surgen,Averaging,ConchV1,knn,35,cosine,uniform,10,622,0.5845,a_frozen,0.289018,,False,0.6075,0.5,0,dead
not-a-reportable-config,surgen,Averaging,ConchV1,knn,35,cosine,uniform,10,622,0.5845,b_refit_k,0.142857,,False,0.6075,0.5574,402,ok
not-a-reportable-config,surgen,Averaging,ConchV1,knn,35,cosine,uniform,10,622,0.5845,c_quantile,0.257143,0.0145,False,0.6075,0.5087,11,ok
not-a-reportable-config,surgen,Averaging,ConchV1,knn,50,cosine,uniform,9,622,0.5811,a_frozen,0.289018,,False,0.6115,0.5,0,dead
not-a-reportable-config,surgen,Averaging,ConchV1,knn,50,cosine,uniform,9,622,0.5811,b_refit_k,0.16,,False,0.6115,0.5702,201,ok
not-a-reportable-config,surgen,Averaging,ConchV1,knn,50,cosine,uniform,9,622,0.5811,c_quantile,0.289018,0.0,True,0.6115,0.5,0,dead
not-a-reportable-config,surgen,Averaging,ConchV1,knn,75,cosine,uniform,11,622,0.5705,a_frozen,0.289018,,False,0.5506,0.5,0,dead
not-a-reportable-config,surgen,Averaging,ConchV1,knn,75,cosine,uniform,11,622,0.5705,b_refit_k,0.16,,False,0.5506,0.5281,238,ok
not-a-reportable-config,surgen,Averaging,ConchV1,knn,75,cosine,uniform,11,622,0.5705,c_quantile,0.289018,0.0,True,0.5506,0.5,0,dead
not-a-reportable-config,surgen,Averaging,ConchV1,knn,100,cosine,uniform,9,622,0.5199,a_frozen,0.289018,,False,0.5169,0.5,0,dead
not-a-reportable-config,surgen,Averaging,ConchV1,knn,100,cosine,uniform,9,622,0.5199,b_refit_k,0.13,,False,0.5169,0.4862,565,ok
not-a-reportable-config,surgen,Averaging,ConchV1,knn,100,cosine,uniform,9,622,0.5199,c_quantile,0.289018,0.0,True,0.5169,0.5,0,dead
not-a-reportable-config,surgen,Averaging,H-Optimus-1,knn,15,cosine,uniform,9,622,0.6243,a_frozen,0.333333,,False,0.6705,0.5841,61,ok
not-a-reportable-config,surgen,Averaging,H-Optimus-1,knn,15,cosine,uniform,9,622,0.6243,b_refit_k,0.2,,False,0.6705,0.6243,389,ok
not-a-reportable-config,surgen,Averaging,H-Optimus-1,knn,15,cosine,uniform,9,622,0.6243,c_quantile,0.333333,0.063,False,0.6705,0.5841,61,ok
not-a-reportable-config,surgen,Averaging,H-Optimus-1,knn,20,cosine,uniform,11,622,0.6206,a_frozen,0.333333,,False,0.6648,0.557,50,ok
not-a-reportable-config,surgen,Averaging,H-Optimus-1,knn,20,cosine,uniform,11,622,0.6206,b_refit_k,0.2,,False,0.6648,0.6198,394,ok
not-a-reportable-config,surgen,Averaging,H-Optimus-1,knn,20,cosine,uniform,11,622,0.6206,c_quantile,0.35,0.0387,False,0.6648,0.557,50,ok
not-a-reportable-config,surgen,Averaging,H-Optimus-1,knn,25,cosine,uniform,12,622,0.6379,a_frozen,0.333333,,False,0.6533,0.5227,47,ok
not-a-reportable-config,surgen,Averaging,H-Optimus-1,knn,25,cosine,uniform,12,622,0.6379,b_refit_k,0.16,,False,0.6533,0.5974,471,ok
not-a-reportable-config,surgen,Averaging,H-Optimus-1,knn,25,cosine,uniform,12,622,0.6379,c_quantile,0.4,0.0218,False,0.6533,0.5227,16,ok
not-a-reportable-config,surgen,Averaging,H-Optimus-1,knn,35,cosine,uniform,15,622,0.5876,a_frozen,0.333333,,False,0.5953,0.5343,34,ok
not-a-reportable-config,surgen,Averaging,H-Optimus-1,knn,35,cosine,uniform,15,622,0.5876,b_refit_k,0.142857,,False,0.5953,0.5619,511,ok
not-a-reportable-config,surgen,Averaging,H-Optimus-1,knn,35,cosine,uniform,15,622,0.5876,c_quantile,0.371429,0.0121,False,0.5953,0.5197,9,ok
not-a-reportable-config,surgen,Averaging,H-Optimus-1,knn,50,cosine,uniform,17,622,0.5418,a_frozen,0.333333,,False,0.5449,0.5,0,dead
not-a-reportable-config,surgen,Averaging,H-Optimus-1,knn,50,cosine,uniform,17,622,0.5418,b_refit_k,0.14,,False,0.5449,0.5351,510,ok
not-a-reportable-config,surgen,Averaging,H-Optimus-1,knn,50,cosine,uniform,17,622,0.5418,c_quantile,0.309927,0.0024,False,0.5449,0.5074,2,near_dead
not-a-reportable-config,surgen,Averaging,H-Optimus-1,knn,75,cosine,uniform,15,622,0.5592,a_frozen,0.333333,,False,0.5275,0.5,0,dead
not-a-reportable-config,surgen,Averaging,H-Optimus-1,knn,75,cosine,uniform,15,622,0.5592,b_refit_k,0.146667,,False,0.5275,0.5224,431,ok
not-a-reportable-config,surgen,Averaging,H-Optimus-1,knn,75,cosine,uniform,15,622,0.5592,c_quantile,0.333333,0.0,True,0.5275,0.5,0,dead
not-a-reportable-config,surgen,Averaging,H-Optimus-1,knn,100,cosine,uniform,13,622,0.5338,a_frozen,0.333333,,False,0.5278,0.5,0,dead
not-a-reportable-config,surgen,Averaging,H-Optimus-1,knn,100,cosine,uniform,13,622,0.5338,b_refit_k,0.13,,False,0.5278,0.5292,444,ok
not-a-reportable-config,surgen,Averaging,H-Optimus-1,knn,100,cosine,uniform,13,622,0.5338,c_quantile,0.333333,0.0,True,0.5278,0.5,0,dead
not-a-reportable-config,surgen,Averaging,UNI2,knn,15,cosine,uniform,11,622,0.647,a_frozen,0.333333,,False,0.7125,0.6425,213,ok
not-a-reportable-config,surgen,Averaging,UNI2,knn,15,cosine,uniform,11,622,0.647,b_refit_k,0.133333,,False,0.7125,0.5643,529,ok
not-a-reportable-config,surgen,Averaging,UNI2,knn,15,cosine,uniform,11,622,0.647,c_quantile,0.533333,0.046,False,0.7125,0.5655,30,ok
not-a-reportable-config,surgen,Averaging,UNI2,knn,20,cosine,uniform,13,622,0.6636,a_frozen,0.333333,,False,0.721,0.6343,129,ok
not-a-reportable-config,surgen,Averaging,UNI2,knn,20,cosine,uniform,13,622,0.6636,b_refit_k,0.2,,False,0.721,0.6609,379,ok
not-a-reportable-config,surgen,Averaging,UNI2,knn,20,cosine,uniform,13,622,0.6636,c_quantile,0.49891,0.0145,False,0.721,0.5464,10,ok
not-a-reportable-config,surgen,Averaging,UNI2,knn,25,cosine,uniform,13,622,0.6659,a_frozen,0.333333,,False,0.7197,0.6278,74,ok
not-a-reportable-config,surgen,Averaging,UNI2,knn,25,cosine,uniform,13,622,0.6659,b_refit_k,0.2,,False,0.7197,0.6501,360,ok
not-a-reportable-config,surgen,Averaging,UNI2,knn,25,cosine,uniform,13,622,0.6659,c_quantile,0.44,0.0048,False,0.7197,0.5214,7,ok
not-a-reportable-config,surgen,Averaging,UNI2,knn,35,cosine,uniform,14,622,0.6796,a_frozen,0.333333,,False,0.7294,0.5524,24,ok
not-a-reportable-config,surgen,Averaging,UNI2,knn,35,cosine,uniform,14,622,0.6796,b_refit_k,0.171429,,False,0.7294,0.6326,390,ok
not-a-reportable-config,surgen,Averaging,UNI2,knn,35,cosine,uniform,14,622,0.6796,c_quantile,0.333333,0.0,True,0.7294,0.5524,24,ok
not-a-reportable-config,surgen,Averaging,UNI2,knn,50,cosine,uniform,13,622,0.6862,a_frozen,0.333333,,False,0.7396,0.5,0,dead
not-a-reportable-config,surgen,Averaging,UNI2,knn,50,cosine,uniform,13,622,0.6862,b_refit_k,0.16,,False,0.7396,0.6442,377,ok
not-a-reportable-config,surgen,Averaging,UNI2,knn,50,cosine,uniform,13,622,0.6862,c_quantile,0.333333,0.0,True,0.7396,0.5,0,dead
not-a-reportable-config,surgen,Averaging,UNI2,knn,75,cosine,uniform,11,622,0.6552,a_frozen,0.333333,,False,0.6969,0.5,0,dead
not-a-reportable-config,surgen,Averaging,UNI2,knn,75,cosine,uniform,11,622,0.6552,b_refit_k,0.186667,,False,0.6969,0.549,59,ok
not-a-reportable-config,surgen,Averaging,UNI2,knn,75,cosine,uniform,11,622,0.6552,c_quantile,0.333333,0.0,True,0.6969,0.5,0,dead
not-a-reportable-config,surgen,Averaging,UNI2,knn,100,cosine,uniform,5,622,0.6088,a_frozen,0.333333,,False,0.6109,0.5,0,dead
not-a-reportable-config,surgen,Averaging,UNI2,knn,100,cosine,uniform,5,622,0.6088,b_refit_k,0.15,,False,0.6109,0.5,0,dead
not-a-reportable-config,surgen,Averaging,UNI2,knn,100,cosine,uniform,5,622,0.6088,c_quantile,0.333333,0.0,True,0.6109,0.5,0,dead
not-a-reportable-config,surgen,Averaging,Virchow2,knn,15,cosine,uniform,9,622,0.5958,a_frozen,0.142857,,False,0.6157,0.5307,546,ok
not-a-reportable-config,surgen,Averaging,Virchow2,knn,15,cosine,uniform,9,622,0.5958,b_refit_k,0.2,,False,0.6157,0.5307,546,ok
not-a-reportable-config,surgen,Averaging,Virchow2,knn,15,cosine,uniform,9,622,0.5958,c_quantile,0.266667,0.2542,False,0.6157,0.5958,193,ok
not-a-reportable-config,surgen,Averaging,Virchow2,knn,20,cosine,uniform,9,622,0.5832,a_frozen,0.142857,,False,0.6175,0.5139,596,ok
not-a-reportable-config,surgen,Averaging,Virchow2,knn,20,cosine,uniform,9,622,0.5832,b_refit_k,0.2,,False,0.6175,0.5504,472,ok
not-a-reportable-config,surgen,Averaging,Virchow2,knn,20,cosine,uniform,9,622,0.5832,c_quantile,0.2,0.4213,False,0.6175,0.5504,472,ok
not-a-reportable-config,surgen,Averaging,Virchow2,knn,25,cosine,uniform,9,622,0.6031,a_frozen,0.142857,,False,0.6449,0.5379,569,ok
not-a-reportable-config,surgen,Averaging,Virchow2,knn,25,cosine,uniform,9,622,0.6031,b_refit_k,0.2,,False,0.6449,0.5967,306,ok
not-a-reportable-config,surgen,Averaging,Virchow2,knn,25,cosine,uniform,9,622,0.6031,c_quantile,0.2,0.3729,False,0.6449,0.5967,306,ok
not-a-reportable-config,surgen,Averaging,Virchow2,knn,35,cosine,uniform,11,622,0.6366,a_frozen,0.142857,,False,0.6792,0.5399,546,ok
not-a-reportable-config,surgen,Averaging,Virchow2,knn,35,cosine,uniform,11,622,0.6366,b_refit_k,0.171429,,False,0.6792,0.608,428,ok
not-a-reportable-config,surgen,Averaging,Virchow2,knn,35,cosine,uniform,11,622,0.6366,c_quantile,0.2,0.477,False,0.6792,0.6366,313,ok
not-a-reportable-config,surgen,Averaging,Virchow2,knn,50,cosine,uniform,9,622,0.6229,a_frozen,0.142857,,False,0.6673,0.5953,432,ok
not-a-reportable-config,surgen,Averaging,Virchow2,knn,50,cosine,uniform,9,622,0.6229,b_refit_k,0.14,,False,0.6673,0.5275,560,ok
not-a-reportable-config,surgen,Averaging,Virchow2,knn,50,cosine,uniform,9,622,0.6229,c_quantile,0.16,0.339,False,0.6673,0.5953,432,ok
not-a-reportable-config,surgen,Averaging,Virchow2,knn,75,cosine,uniform,9,622,0.6182,a_frozen,0.142857,,False,0.6246,0.53,495,ok
not-a-reportable-config,surgen,Averaging,Virchow2,knn,75,cosine,uniform,9,622,0.6182,b_refit_k,0.16,,False,0.6246,0.6182,230,ok
not-a-reportable-config,surgen,Averaging,Virchow2,knn,75,cosine,uniform,9,622,0.6182,c_quantile,0.146667,0.5109,False,0.6246,0.53,495,ok
not-a-reportable-config,surgen,Averaging,Virchow2,knn,100,cosine,uniform,9,622,0.5572,a_frozen,0.142857,,False,0.558,0.5572,29,ok
not-a-reportable-config,surgen,Averaging,Virchow2,knn,100,cosine,uniform,9,622,0.5572,b_refit_k,0.15,,False,0.558,0.5572,29,ok
not-a-reportable-config,surgen,Averaging,Virchow2,knn,100,cosine,uniform,9,622,0.5572,c_quantile,0.13,0.3487,False,0.558,0.5116,609,ok
not-a-reportable-config,surgen,Caption_based_aggregation,Conch1_5,knn,15,manhattan,uniform,8,622,0.6181,a_frozen,0.666667,,False,0.6488,0.5,0,dead
not-a-reportable-config,surgen,Caption_based_aggregation,Conch1_5,knn,15,manhattan,uniform,8,622,0.6181,b_refit_k,0.2,,False,0.6488,0.583,311,ok
not-a-reportable-config,surgen,Caption_based_aggregation,Conch1_5,knn,15,manhattan,uniform,8,622,0.6181,c_quantile,0.666667,0.0,True,0.6488,0.5,0,dead
not-a-reportable-config,surgen,Caption_based_aggregation,Conch1_5,knn,20,manhattan,uniform,10,622,0.6241,a_frozen,0.666667,,False,0.6442,0.5,0,dead
not-a-reportable-config,surgen,Caption_based_aggregation,Conch1_5,knn,20,manhattan,uniform,10,622,0.6241,b_refit_k,0.25,,False,0.6442,0.6241,213,ok
not-a-reportable-config,surgen,Caption_based_aggregation,Conch1_5,knn,20,manhattan,uniform,10,622,0.6241,c_quantile,0.666667,0.0,True,0.6442,0.5,0,dead
not-a-reportable-config,surgen,Caption_based_aggregation,Conch1_5,knn,25,manhattan,uniform,10,622,0.6412,a_frozen,0.666667,,False,0.661,0.5,0,dead
not-a-reportable-config,surgen,Caption_based_aggregation,Conch1_5,knn,25,manhattan,uniform,10,622,0.6412,b_refit_k,0.2,,False,0.661,0.5715,355,ok
not-a-reportable-config,surgen,Caption_based_aggregation,Conch1_5,knn,25,manhattan,uniform,10,622,0.6412,c_quantile,0.666667,0.0,True,0.661,0.5,0,dead
not-a-reportable-config,surgen,Caption_based_aggregation,Conch1_5,knn,35,manhattan,uniform,11,622,0.6472,a_frozen,0.666667,,False,0.7005,0.5,0,dead
not-a-reportable-config,surgen,Caption_based_aggregation,Conch1_5,knn,35,manhattan,uniform,11,622,0.6472,b_refit_k,0.2,,False,0.7005,0.6472,301,ok
not-a-reportable-config,surgen,Caption_based_aggregation,Conch1_5,knn,35,manhattan,uniform,11,622,0.6472,c_quantile,0.666667,0.0,True,0.7005,0.5,0,dead
not-a-reportable-config,surgen,Caption_based_aggregation,Conch1_5,knn,50,manhattan,uniform,12,622,0.6176,a_frozen,0.666667,,False,0.6625,0.5,0,dead
not-a-reportable-config,surgen,Caption_based_aggregation,Conch1_5,knn,50,manhattan,uniform,12,622,0.6176,b_refit_k,0.18,,False,0.6625,0.6176,355,ok
not-a-reportable-config,surgen,Caption_based_aggregation,Conch1_5,knn,50,manhattan,uniform,12,622,0.6176,c_quantile,0.666667,0.0,True,0.6625,0.5,0,dead
not-a-reportable-config,surgen,Caption_based_aggregation,Conch1_5,knn,75,manhattan,uniform,9,622,0.5885,a_frozen,0.666667,,False,0.6141,0.5,0,dead
not-a-reportable-config,surgen,Caption_based_aggregation,Conch1_5,knn,75,manhattan,uniform,9,622,0.5885,b_refit_k,0.146667,,False,0.6141,0.5065,594,ok
not-a-reportable-config,surgen,Caption_based_aggregation,Conch1_5,knn,75,manhattan,uniform,9,622,0.5885,c_quantile,0.666667,0.0,True,0.6141,0.5,0,dead
not-a-reportable-config,surgen,Caption_based_aggregation,Conch1_5,knn,100,manhattan,uniform,10,622,0.5679,a_frozen,0.666667,,False,0.5741,0.5,0,dead
not-a-reportable-config,surgen,Caption_based_aggregation,Conch1_5,knn,100,manhattan,uniform,10,622,0.5679,b_refit_k,0.16,,False,0.5741,0.5465,41,ok
not-a-reportable-config,surgen,Caption_based_aggregation,Conch1_5,knn,100,manhattan,uniform,10,622,0.5679,c_quantile,0.666667,0.0,True,0.5741,0.5,0,dead
not-a-reportable-config,surgen,Caption_based_aggregation,ConchV1,knn,15,manhattan,uniform,8,622,0.602,a_frozen,0.095259,,False,0.6328,0.5047,596,ok
not-a-reportable-config,surgen,Caption_based_aggregation,ConchV1,knn,15,manhattan,uniform,8,622,0.602,b_refit_k,0.2,,False,0.6328,0.574,487,ok
not-a-reportable-config,surgen,Caption_based_aggregation,ConchV1,knn,15,manhattan,uniform,8,622,0.602,c_quantile,0.2,0.5157,False,0.6328,0.574,487,ok
not-a-reportable-config,surgen,Caption_based_aggregation,ConchV1,knn,20,manhattan,uniform,9,622,0.5928,a_frozen,0.095259,,False,0.6263,0.5027,619,near_saturated
not-a-reportable-config,surgen,Caption_based_aggregation,ConchV1,knn,20,manhattan,uniform,9,622,0.5928,b_refit_k,0.15,,False,0.6263,0.5159,573,ok
not-a-reportable-config,surgen,Caption_based_aggregation,ConchV1,knn,20,manhattan,uniform,9,622,0.5928,c_quantile,0.2,0.6755,False,0.6263,0.5632,468,ok
not-a-reportable-config,surgen,Caption_based_aggregation,ConchV1,knn,25,manhattan,uniform,9,622,0.5786,a_frozen,0.095259,,False,0.6114,0.5059,605,ok
not-a-reportable-config,surgen,Caption_based_aggregation,ConchV1,knn,25,manhattan,uniform,9,622,0.5786,b_refit_k,0.12,,False,0.6114,0.5059,605,ok
not-a-reportable-config,surgen,Caption_based_aggregation,ConchV1,knn,25,manhattan,uniform,9,622,0.5786,c_quantile,0.2,0.632,False,0.6114,0.5593,462,ok
not-a-reportable-config,surgen,Caption_based_aggregation,ConchV1,knn,35,manhattan,uniform,10,622,0.5797,a_frozen,0.095259,,False,0.6193,0.5053,616,near_saturated
not-a-reportable-config,surgen,Caption_based_aggregation,ConchV1,knn,35,manhattan,uniform,10,622,0.5797,b_refit_k,0.171429,,False,0.6193,0.5332,564,ok
not-a-reportable-config,surgen,Caption_based_aggregation,ConchV1,knn,35,manhattan,uniform,10,622,0.5797,c_quantile,0.2,0.6828,False,0.6193,0.57,450,ok
not-a-reportable-config,surgen,Caption_based_aggregation,ConchV1,knn,50,manhattan,uniform,10,622,0.5662,a_frozen,0.095259,,False,0.5902,0.5,622,saturated
not-a-reportable-config,surgen,Caption_based_aggregation,ConchV1,knn,50,manhattan,uniform,10,622,0.5662,b_refit_k,0.16,,False,0.5902,0.5184,591,ok
not-a-reportable-config,surgen,Caption_based_aggregation,ConchV1,knn,50,manhattan,uniform,10,622,0.5662,c_quantile,0.18,0.7893,False,0.5902,0.5274,529,ok
not-a-reportable-config,surgen,Caption_based_aggregation,ConchV1,knn,75,manhattan,uniform,7,622,0.5231,a_frozen,0.095259,,False,0.526,0.5,622,saturated
not-a-reportable-config,surgen,Caption_based_aggregation,ConchV1,knn,75,manhattan,uniform,7,622,0.5231,b_refit_k,0.186667,,False,0.526,0.501,30,ok
not-a-reportable-config,surgen,Caption_based_aggregation,ConchV1,knn,75,manhattan,uniform,7,622,0.5231,c_quantile,0.16,0.8281,False,0.526,0.5231,596,ok
not-a-reportable-config,surgen,Caption_based_aggregation,ConchV1,knn,100,manhattan,uniform,5,622,0.5022,a_frozen,0.095259,,False,0.4872,0.5,622,saturated
not-a-reportable-config,surgen,Caption_based_aggregation,ConchV1,knn,100,manhattan,uniform,5,622,0.5022,b_refit_k,0.15,,False,0.4872,0.5022,39,ok
not-a-reportable-config,surgen,Caption_based_aggregation,ConchV1,knn,100,manhattan,uniform,5,622,0.5022,c_quantile,0.14,0.9153,False,0.4872,0.4842,619,near_saturated
not-a-reportable-config,surgen,Caption_based_aggregation,H-Optimus-1,knn,15,cosine,uniform,9,622,0.6797,a_frozen,0.2,,False,0.7268,0.6797,306,ok
not-a-reportable-config,surgen,Caption_based_aggregation,H-Optimus-1,knn,15,cosine,uniform,9,622,0.6797,b_refit_k,0.2,,False,0.7268,0.6797,306,ok
not-a-reportable-config,surgen,Caption_based_aggregation,H-Optimus-1,knn,15,cosine,uniform,9,622,0.6797,c_quantile,0.2,0.2639,False,0.7268,0.6797,306,ok
not-a-reportable-config,surgen,Caption_based_aggregation,H-Optimus-1,knn,20,cosine,uniform,10,622,0.6856,a_frozen,0.2,,False,0.7163,0.649,299,ok
not-a-reportable-config,surgen,Caption_based_aggregation,H-Optimus-1,knn,20,cosine,uniform,10,622,0.6856,b_refit_k,0.2,,False,0.7163,0.649,299,ok
not-a-reportable-config,surgen,Caption_based_aggregation,H-Optimus-1,knn,20,cosine,uniform,10,622,0.6856,c_quantile,0.25,0.2276,False,0.7163,0.6856,175,ok
not-a-reportable-config,surgen,Caption_based_aggregation,H-Optimus-1,knn,25,cosine,uniform,10,622,0.6648,a_frozen,0.2,,False,0.7009,0.6648,302,ok
not-a-reportable-config,surgen,Caption_based_aggregation,H-Optimus-1,knn,25,cosine,uniform,10,622,0.6648,b_refit_k,0.16,,False,0.7009,0.5995,448,ok
not-a-reportable-config,surgen,Caption_based_aggregation,H-Optimus-1,knn,25,cosine,uniform,10,622,0.6648,c_quantile,0.2,0.2082,False,0.7009,0.6648,302,ok
not-a-reportable-config,surgen,Caption_based_aggregation,H-Optimus-1,knn,35,cosine,uniform,13,622,0.6414,a_frozen,0.2,,False,0.684,0.6414,235,ok
not-a-reportable-config,surgen,Caption_based_aggregation,H-Optimus-1,knn,35,cosine,uniform,13,622,0.6414,b_refit_k,0.171429,,False,0.684,0.6204,383,ok
not-a-reportable-config,surgen,Caption_based_aggregation,H-Optimus-1,knn,35,cosine,uniform,13,622,0.6414,c_quantile,0.228571,0.1525,False,0.684,0.5976,108,ok
not-a-reportable-config,surgen,Caption_based_aggregation,H-Optimus-1,knn,50,cosine,uniform,13,622,0.6342,a_frozen,0.2,,False,0.6871,0.6036,122,ok
not-a-reportable-config,surgen,Caption_based_aggregation,H-Optimus-1,knn,50,cosine,uniform,13,622,0.6342,b_refit_k,0.16,,False,0.6871,0.6342,409,ok
not-a-reportable-config,surgen,Caption_based_aggregation,H-Optimus-1,knn,50,cosine,uniform,13,622,0.6342,c_quantile,0.2,0.1138,False,0.6871,0.6036,122,ok
not-a-reportable-config,surgen,Caption_based_aggregation,H-Optimus-1,knn,75,cosine,uniform,13,622,0.5958,a_frozen,0.2,,False,0.6262,0.5694,36,ok
not-a-reportable-config,surgen,Caption_based_aggregation,H-Optimus-1,knn,75,cosine,uniform,13,622,0.5958,b_refit_k,0.16,,False,0.6262,0.5958,224,ok
not-a-reportable-config,surgen,Caption_based_aggregation,H-Optimus-1,knn,75,cosine,uniform,13,622,0.5958,c_quantile,0.186667,0.0751,False,0.6262,0.5743,72,ok
not-a-reportable-config,surgen,Caption_based_aggregation,H-Optimus-1,knn,100,cosine,uniform,9,622,0.5471,a_frozen,0.2,,False,0.5217,0.5,0,dead
not-a-reportable-config,surgen,Caption_based_aggregation,H-Optimus-1,knn,100,cosine,uniform,9,622,0.5471,b_refit_k,0.16,,False,0.5217,0.4597,263,ok
not-a-reportable-config,surgen,Caption_based_aggregation,H-Optimus-1,knn,100,cosine,uniform,9,622,0.5471,c_quantile,0.17,0.0363,False,0.5217,0.5021,205,ok
not-a-reportable-config,surgen,Caption_based_aggregation,UNI2,knn,15,manhattan,uniform,10,622,0.7345,a_frozen,0.285714,,False,0.786,0.7345,234,ok
not-a-reportable-config,surgen,Caption_based_aggregation,UNI2,knn,15,manhattan,uniform,10,622,0.7345,b_refit_k,0.2,,False,0.786,0.6001,468,ok
not-a-reportable-config,surgen,Caption_based_aggregation,UNI2,knn,15,manhattan,uniform,10,622,0.7345,c_quantile,0.466667,0.0387,False,0.786,0.6132,49,ok
not-a-reportable-config,surgen,Caption_based_aggregation,UNI2,knn,20,manhattan,uniform,12,622,0.7063,a_frozen,0.285714,,False,0.762,0.7063,245,ok
not-a-reportable-config,surgen,Caption_based_aggregation,UNI2,knn,20,manhattan,uniform,12,622,0.7063,b_refit_k,0.15,,False,0.762,0.534,563,ok
not-a-reportable-config,surgen,Caption_based_aggregation,UNI2,knn,20,manhattan,uniform,12,622,0.7063,c_quantile,0.4,0.0605,False,0.762,0.6126,60,ok
not-a-reportable-config,surgen,Caption_based_aggregation,UNI2,knn,25,manhattan,uniform,12,622,0.7119,a_frozen,0.285714,,False,0.7624,0.6657,104,ok
not-a-reportable-config,surgen,Caption_based_aggregation,UNI2,knn,25,manhattan,uniform,12,622,0.7119,b_refit_k,0.16,,False,0.7624,0.5563,538,ok
not-a-reportable-config,surgen,Caption_based_aggregation,UNI2,knn,25,manhattan,uniform,12,622,0.7119,c_quantile,0.4,0.0169,False,0.7624,0.5661,19,ok
not-a-reportable-config,surgen,Caption_based_aggregation,UNI2,knn,35,manhattan,uniform,11,622,0.6741,a_frozen,0.285714,,False,0.7331,0.6311,60,ok
not-a-reportable-config,surgen,Caption_based_aggregation,UNI2,knn,35,manhattan,uniform,11,622,0.6741,b_refit_k,0.171429,,False,0.7331,0.5741,518,ok
not-a-reportable-config,surgen,Caption_based_aggregation,UNI2,knn,35,manhattan,uniform,11,622,0.6741,c_quantile,0.314286,0.0218,False,0.7331,0.545,22,ok
not-a-reportable-config,surgen,Caption_based_aggregation,UNI2,knn,50,manhattan,uniform,11,622,0.6957,a_frozen,0.285714,,False,0.7386,0.5,0,dead
not-a-reportable-config,surgen,Caption_based_aggregation,UNI2,knn,50,manhattan,uniform,11,622,0.6957,b_refit_k,0.16,,False,0.7386,0.5569,527,ok
not-a-reportable-config,surgen,Caption_based_aggregation,UNI2,knn,50,manhattan,uniform,11,622,0.6957,c_quantile,0.24,0.0048,False,0.7386,0.5712,34,ok
not-a-reportable-config,surgen,Caption_based_aggregation,UNI2,knn,75,manhattan,uniform,9,622,0.6507,a_frozen,0.285714,,False,0.693,0.5,0,dead
not-a-reportable-config,surgen,Caption_based_aggregation,UNI2,knn,75,manhattan,uniform,9,622,0.6507,b_refit_k,0.16,,False,0.693,0.6335,192,ok
not-a-reportable-config,surgen,Caption_based_aggregation,UNI2,knn,75,manhattan,uniform,9,622,0.6507,c_quantile,0.285714,0.0,True,0.693,0.5,0,dead
not-a-reportable-config,surgen,Caption_based_aggregation,UNI2,knn,100,manhattan,uniform,4,622,0.5935,a_frozen,0.285714,,False,0.5946,0.5,0,dead
not-a-reportable-config,surgen,Caption_based_aggregation,UNI2,knn,100,manhattan,uniform,4,622,0.5935,b_refit_k,0.15,,False,0.5946,0.4991,1,near_dead
not-a-reportable-config,surgen,Caption_based_aggregation,UNI2,knn,100,manhattan,uniform,4,622,0.5935,c_quantile,0.285714,0.0,True,0.5946,0.5,0,dead
not-a-reportable-config,surgen,Caption_based_aggregation,Virchow2,knn,15,cosine,uniform,9,622,0.5738,a_frozen,0.2,,False,0.6194,0.5643,529,ok
not-a-reportable-config,surgen,Caption_based_aggregation,Virchow2,knn,15,cosine,uniform,9,622,0.5738,b_refit_k,0.2,,False,0.6194,0.5643,529,ok
not-a-reportable-config,surgen,Caption_based_aggregation,Virchow2,knn,15,cosine,uniform,9,622,0.5738,c_quantile,0.266667,0.339,False,0.6194,0.5738,425,ok
not-a-reportable-config,surgen,Caption_based_aggregation,Virchow2,knn,20,cosine,uniform,9,622,0.5963,a_frozen,0.2,,False,0.6509,0.5459,560,ok
not-a-reportable-config,surgen,Caption_based_aggregation,Virchow2,knn,20,cosine,uniform,9,622,0.5963,b_refit_k,0.2,,False,0.6509,0.5459,560,ok
not-a-reportable-config,surgen,Caption_based_aggregation,Virchow2,knn,20,cosine,uniform,9,622,0.5963,c_quantile,0.25,0.3148,False,0.6509,0.588,409,ok
not-a-reportable-config,surgen,Caption_based_aggregation,Virchow2,knn,25,cosine,uniform,9,622,0.5647,a_frozen,0.2,,False,0.5912,0.5266,561,ok
not-a-reportable-config,surgen,Caption_based_aggregation,Virchow2,knn,25,cosine,uniform,9,622,0.5647,b_refit_k,0.2,,False,0.5912,0.5266,561,ok
not-a-reportable-config,surgen,Caption_based_aggregation,Virchow2,knn,25,cosine,uniform,9,622,0.5647,c_quantile,0.24,0.293,False,0.5912,0.5601,430,ok
not-a-reportable-config,surgen,Caption_based_aggregation,Virchow2,knn,35,cosine,uniform,9,622,0.5778,a_frozen,0.2,,False,0.6183,0.562,459,ok
not-a-reportable-config,surgen,Caption_based_aggregation,Virchow2,knn,35,cosine,uniform,9,622,0.5778,b_refit_k,0.171429,,False,0.6183,0.5148,595,ok
not-a-reportable-config,surgen,Caption_based_aggregation,Virchow2,knn,35,cosine,uniform,9,622,0.5778,c_quantile,0.228571,0.2421,False,0.6183,0.5729,198,ok
not-a-reportable-config,surgen,Caption_based_aggregation,Virchow2,knn,50,cosine,uniform,10,622,0.6077,a_frozen,0.2,,False,0.6653,0.6058,161,ok
not-a-reportable-config,surgen,Caption_based_aggregation,Virchow2,knn,50,cosine,uniform,10,622,0.6077,b_refit_k,0.18,,False,0.6653,0.6077,418,ok
not-a-reportable-config,surgen,Caption_based_aggregation,Virchow2,knn,50,cosine,uniform,10,622,0.6077,c_quantile,0.2,0.1259,False,0.6653,0.6058,161,ok
not-a-reportable-config,surgen,Caption_based_aggregation,Virchow2,knn,75,cosine,uniform,6,622,0.5803,a_frozen,0.2,,False,0.6077,0.5,0,dead
not-a-reportable-config,surgen,Caption_based_aggregation,Virchow2,knn,75,cosine,uniform,6,622,0.5803,b_refit_k,0.16,,False,0.6077,0.5803,200,ok
not-a-reportable-config,surgen,Caption_based_aggregation,Virchow2,knn,75,cosine,uniform,6,622,0.5803,c_quantile,0.16,0.0678,False,0.6077,0.5803,200,ok
not-a-reportable-config,surgen,Caption_based_aggregation,Virchow2,knn,100,cosine,uniform,6,622,0.5438,a_frozen,0.2,,False,0.5163,0.5,0,dead
not-a-reportable-config,surgen,Caption_based_aggregation,Virchow2,knn,100,cosine,uniform,6,622,0.5438,b_refit_k,0.15,,False,0.5163,0.5438,13,ok
not-a-reportable-config,surgen,Caption_based_aggregation,Virchow2,knn,100,cosine,uniform,6,622,0.5438,c_quantile,0.14,0.0315,False,0.5163,0.5294,81,ok
not-a-reportable-config,surgen,Caption_based_aggregation_15_classes,Conch1_5,knn,15,manhattan,uniform,7,622,0.6584,a_frozen,0.285714,,False,0.6972,0.565,41,ok
not-a-reportable-config,surgen,Caption_based_aggregation_15_classes,Conch1_5,knn,15,manhattan,uniform,7,622,0.6584,b_refit_k,0.2,,False,0.6972,0.6239,348,ok
not-a-reportable-config,surgen,Caption_based_aggregation_15_classes,Conch1_5,knn,15,manhattan,uniform,7,622,0.6584,c_quantile,0.333333,0.0557,False,0.6972,0.565,41,ok
not-a-reportable-config,surgen,Caption_based_aggregation_15_classes,Conch1_5,knn,20,manhattan,uniform,8,622,0.6834,a_frozen,0.285714,,False,0.7466,0.5909,43,ok
not-a-reportable-config,surgen,Caption_based_aggregation_15_classes,Conch1_5,knn,20,manhattan,uniform,8,622,0.6834,b_refit_k,0.2,,False,0.7466,0.6735,344,ok
not-a-reportable-config,surgen,Caption_based_aggregation_15_classes,Conch1_5,knn,20,manhattan,uniform,8,622,0.6834,c_quantile,0.25,0.0702,False,0.7466,0.6834,136,ok
not-a-reportable-config,surgen,Caption_based_aggregation_15_classes,Conch1_5,knn,25,manhattan,uniform,7,622,0.6671,a_frozen,0.285714,,False,0.7093,0.5473,9,ok
not-a-reportable-config,surgen,Caption_based_aggregation_15_classes,Conch1_5,knn,25,manhattan,uniform,7,622,0.6671,b_refit_k,0.16,,False,0.7093,0.5367,560,ok
not-a-reportable-config,surgen,Caption_based_aggregation_15_classes,Conch1_5,knn,25,manhattan,uniform,7,622,0.6671,c_quantile,0.28,0.0218,False,0.7093,0.5986,55,ok
not-a-reportable-config,surgen,Caption_based_aggregation_15_classes,Conch1_5,knn,35,manhattan,uniform,11,622,0.5776,a_frozen,0.285714,,False,0.5972,0.5634,22,ok
not-a-reportable-config,surgen,Caption_based_aggregation_15_classes,Conch1_5,knn,35,manhattan,uniform,11,622,0.5776,b_refit_k,0.142857,,False,0.5972,0.513,597,ok
not-a-reportable-config,surgen,Caption_based_aggregation_15_classes,Conch1_5,knn,35,manhattan,uniform,11,622,0.5776,c_quantile,0.285714,0.0169,False,0.5972,0.5634,22,ok
not-a-reportable-config,surgen,Caption_based_aggregation_15_classes,Conch1_5,knn,50,manhattan,uniform,13,622,0.5886,a_frozen,0.285714,,False,0.6077,0.4991,1,near_dead
not-a-reportable-config,surgen,Caption_based_aggregation_15_classes,Conch1_5,knn,50,manhattan,uniform,13,622,0.5886,b_refit_k,0.14,,False,0.6077,0.5032,608,ok
not-a-reportable-config,surgen,Caption_based_aggregation_15_classes,Conch1_5,knn,50,manhattan,uniform,13,622,0.5886,c_quantile,0.28,0.0048,False,0.6077,0.5328,15,ok
not-a-reportable-config,surgen,Caption_based_aggregation_15_classes,Conch1_5,knn,75,manhattan,uniform,13,622,0.5462,a_frozen,0.285714,,False,0.5766,0.5,0,dead
not-a-reportable-config,surgen,Caption_based_aggregation_15_classes,Conch1_5,knn,75,manhattan,uniform,13,622,0.5462,b_refit_k,0.173333,,False,0.5766,0.5095,601,ok
not-a-reportable-config,surgen,Caption_based_aggregation_15_classes,Conch1_5,knn,75,manhattan,uniform,13,622,0.5462,c_quantile,0.213333,0.0024,False,0.5766,0.5039,6,near_dead
not-a-reportable-config,surgen,Caption_based_aggregation_15_classes,Conch1_5,knn,100,manhattan,uniform,14,622,0.5548,a_frozen,0.285714,,False,0.5624,0.5,0,dead
not-a-reportable-config,surgen,Caption_based_aggregation_15_classes,Conch1_5,knn,100,manhattan,uniform,14,622,0.5548,b_refit_k,0.14,,False,0.5624,0.5006,611,ok
not-a-reportable-config,surgen,Caption_based_aggregation_15_classes,Conch1_5,knn,100,manhattan,uniform,14,622,0.5548,c_quantile,0.285714,0.0,True,0.5624,0.5,0,dead
not-a-reportable-config,surgen,Caption_based_aggregation_15_classes,ConchV1,knn,15,manhattan,uniform,7,622,0.588,a_frozen,0.102444,,False,0.6361,0.5041,607,ok
not-a-reportable-config,surgen,Caption_based_aggregation_15_classes,ConchV1,knn,15,manhattan,uniform,7,622,0.588,b_refit_k,0.2,,False,0.6361,0.5281,580,ok
not-a-reportable-config,surgen,Caption_based_aggregation_15_classes,ConchV1,knn,15,manhattan,uniform,7,622,0.588,c_quantile,0.266667,0.5617,False,0.6361,0.588,492,ok
not-a-reportable-config,surgen,Caption_based_aggregation_15_classes,ConchV1,knn,20,manhattan,uniform,9,622,0.6002,a_frozen,0.102444,,False,0.6588,0.5068,604,ok
not-a-reportable-config,surgen,Caption_based_aggregation_15_classes,ConchV1,knn,20,manhattan,uniform,9,622,0.6002,b_refit_k,0.15,,False,0.6588,0.5068,604,ok
not-a-reportable-config,surgen,Caption_based_aggregation_15_classes,ConchV1,knn,20,manhattan,uniform,9,622,0.6002,c_quantile,0.25,0.4867,False,0.6588,0.5927,466,ok
not-a-reportable-config,surgen,Caption_based_aggregation_15_classes,ConchV1,knn,25,manhattan,uniform,9,622,0.631,a_frozen,0.102444,,False,0.6789,0.497,615,ok
not-a-reportable-config,surgen,Caption_based_aggregation_15_classes,ConchV1,knn,25,manhattan,uniform,9,622,0.631,b_refit_k,0.16,,False,0.6789,0.5095,601,ok
not-a-reportable-config,surgen,Caption_based_aggregation_15_classes,ConchV1,knn,25,manhattan,uniform,9,622,0.631,c_quantile,0.24,0.6441,False,0.6789,0.6063,430,ok
not-a-reportable-config,surgen,Caption_based_aggregation_15_classes,ConchV1,knn,35,manhattan,uniform,9,622,0.5926,a_frozen,0.102444,,False,0.6228,0.5032,608,ok
not-a-reportable-config,surgen,Caption_based_aggregation_15_classes,ConchV1,knn,35,manhattan,uniform,9,622,0.5926,b_refit_k,0.171429,,False,0.6228,0.5056,595,ok
not-a-reportable-config,surgen,Caption_based_aggregation_15_classes,ConchV1,knn,35,manhattan,uniform,9,622,0.5926,c_quantile,0.2,0.6731,False,0.6228,0.5361,540,ok
not-a-reportable-config,surgen,Caption_based_aggregation_15_classes,ConchV1,knn,50,manhattan,uniform,11,622,0.5558,a_frozen,0.102444,,False,0.5792,0.5006,611,ok
not-a-reportable-config,surgen,Caption_based_aggregation_15_classes,ConchV1,knn,50,manhattan,uniform,11,622,0.5558,b_refit_k,0.18,,False,0.5792,0.5204,568,ok
not-a-reportable-config,surgen,Caption_based_aggregation_15_classes,ConchV1,knn,50,manhattan,uniform,11,622,0.5558,c_quantile,0.18,0.6634,False,0.5792,0.5204,568,ok
not-a-reportable-config,surgen,Caption_based_aggregation_15_classes,ConchV1,knn,75,manhattan,uniform,11,622,0.5547,a_frozen,0.102444,,False,0.5691,0.5018,620,near_saturated
not-a-reportable-config,surgen,Caption_based_aggregation_15_classes,ConchV1,knn,75,manhattan,uniform,11,622,0.5547,b_refit_k,0.146667,,False,0.5691,0.5041,607,ok
not-a-reportable-config,surgen,Caption_based_aggregation_15_classes,ConchV1,knn,75,manhattan,uniform,11,622,0.5547,c_quantile,0.173333,0.8136,False,0.5691,0.531,556,ok
not-a-reportable-config,surgen,Caption_based_aggregation_15_classes,ConchV1,knn,100,manhattan,uniform,5,622,0.5435,a_frozen,0.102444,,False,0.5437,0.5,622,saturated
not-a-reportable-config,surgen,Caption_based_aggregation_15_classes,ConchV1,knn,100,manhattan,uniform,5,622,0.5435,b_refit_k,0.13,,False,0.5437,0.5,622,saturated
not-a-reportable-config,surgen,Caption_based_aggregation_15_classes,ConchV1,knn,100,manhattan,uniform,5,622,0.5435,c_quantile,0.14,0.8329,False,0.5437,0.5009,621,near_saturated
not-a-reportable-config,surgen,Caption_based_aggregation_15_classes,H-Optimus-1,knn,15,manhattan,uniform,9,622,0.7036,a_frozen,0.333333,,False,0.7541,0.591,74,ok
not-a-reportable-config,surgen,Caption_based_aggregation_15_classes,H-Optimus-1,knn,15,manhattan,uniform,9,622,0.7036,b_refit_k,0.133333,,False,0.7541,0.5972,492,ok
not-a-reportable-config,surgen,Caption_based_aggregation_15_classes,H-Optimus-1,knn,15,manhattan,uniform,9,622,0.7036,c_quantile,0.333333,0.0484,False,0.7541,0.591,74,ok
not-a-reportable-config,surgen,Caption_based_aggregation_15_classes,H-Optimus-1,knn,20,manhattan,uniform,11,622,0.6973,a_frozen,0.333333,,False,0.7562,0.5664,29,ok
not-a-reportable-config,surgen,Caption_based_aggregation_15_classes,H-Optimus-1,knn,20,manhattan,uniform,11,622,0.6973,b_refit_k,0.15,,False,0.7562,0.6022,476,ok
not-a-reportable-config,surgen,Caption_based_aggregation_15_classes,H-Optimus-1,knn,20,manhattan,uniform,11,622,0.6973,c_quantile,0.35,0.0194,False,0.7562,0.5664,29,ok
not-a-reportable-config,surgen,Caption_based_aggregation_15_classes,H-Optimus-1,knn,25,manhattan,uniform,11,622,0.723,a_frozen,0.333333,,False,0.7615,0.5372,10,ok
not-a-reportable-config,surgen,Caption_based_aggregation_15_classes,H-Optimus-1,knn,25,manhattan,uniform,11,622,0.723,b_refit_k,0.16,,False,0.7615,0.5983,470,ok
not-a-reportable-config,surgen,Caption_based_aggregation_15_classes,H-Optimus-1,knn,25,manhattan,uniform,11,622,0.723,c_quantile,0.36,0.0121,False,0.7615,0.5372,10,ok
not-a-reportable-config,surgen,Caption_based_aggregation_15_classes,H-Optimus-1,knn,35,manhattan,uniform,12,622,0.6971,a_frozen,0.333333,,False,0.7458,0.5074,2,near_dead
not-a-reportable-config,surgen,Caption_based_aggregation_15_classes,H-Optimus-1,knn,35,manhattan,uniform,12,622,0.6971,b_refit_k,0.171429,,False,0.7458,0.6395,403,ok
not-a-reportable-config,surgen,Caption_based_aggregation_15_classes,H-Optimus-1,knn,35,manhattan,uniform,12,622,0.6971,c_quantile,0.314286,0.0048,False,0.7458,0.5438,13,ok
not-a-reportable-config,surgen,Caption_based_aggregation_15_classes,H-Optimus-1,knn,50,manhattan,uniform,14,622,0.6252,a_frozen,0.333333,,False,0.6806,0.5,0,dead
not-a-reportable-config,surgen,Caption_based_aggregation_15_classes,H-Optimus-1,knn,50,manhattan,uniform,14,622,0.6252,b_refit_k,0.16,,False,0.6806,0.6054,431,ok
not-a-reportable-config,surgen,Caption_based_aggregation_15_classes,H-Optimus-1,knn,50,manhattan,uniform,14,622,0.6252,c_quantile,0.289927,0.0024,False,0.6806,0.5074,2,near_dead
not-a-reportable-config,surgen,Caption_based_aggregation_15_classes,H-Optimus-1,knn,75,manhattan,uniform,14,622,0.5691,a_frozen,0.333333,,False,0.6007,0.5,0,dead
not-a-reportable-config,surgen,Caption_based_aggregation_15_classes,H-Optimus-1,knn,75,manhattan,uniform,14,622,0.5691,b_refit_k,0.173333,,False,0.6007,0.5501,265,ok
not-a-reportable-config,surgen,Caption_based_aggregation_15_classes,H-Optimus-1,knn,75,manhattan,uniform,14,622,0.5691,c_quantile,0.333333,0.0,True,0.6007,0.5,0,dead
not-a-reportable-config,surgen,Caption_based_aggregation_15_classes,H-Optimus-1,knn,100,manhattan,uniform,14,622,0.5703,a_frozen,0.333333,,False,0.5509,0.5,0,dead
not-a-reportable-config,surgen,Caption_based_aggregation_15_classes,H-Optimus-1,knn,100,manhattan,uniform,14,622,0.5703,b_refit_k,0.16,,False,0.5509,0.4812,301,ok
not-a-reportable-config,surgen,Caption_based_aggregation_15_classes,H-Optimus-1,knn,100,manhattan,uniform,14,622,0.5703,c_quantile,0.333333,0.0,True,0.5509,0.5,0,dead
not-a-reportable-config,surgen,Caption_based_aggregation_15_classes,UNI2,knn,15,cosine,uniform,10,622,0.687,a_frozen,0.142857,,False,0.7495,0.6443,408,ok
not-a-reportable-config,surgen,Caption_based_aggregation_15_classes,UNI2,knn,15,cosine,uniform,10,622,0.687,b_refit_k,0.133333,,False,0.7495,0.5637,540,ok
not-a-reportable-config,surgen,Caption_based_aggregation_15_classes,UNI2,knn,15,cosine,uniform,10,622,0.687,c_quantile,0.333333,0.2203,False,0.7495,0.6656,156,ok
not-a-reportable-config,surgen,Caption_based_aggregation_15_classes,UNI2,knn,20,cosine,uniform,11,622,0.74,a_frozen,0.142857,,False,0.785,0.5631,520,ok
not-a-reportable-config,surgen,Caption_based_aggregation_15_classes,UNI2,knn,20,cosine,uniform,11,622,0.74,b_refit_k,0.15,,False,0.785,0.5631,520,ok
not-a-reportable-config,surgen,Caption_based_aggregation_15_classes,UNI2,knn,20,cosine,uniform,11,622,0.74,c_quantile,0.25,0.3923,False,0.785,0.7219,300,ok
not-a-reportable-config,surgen,Caption_based_aggregation_15_classes,UNI2,knn,25,cosine,uniform,12,622,0.726,a_frozen,0.142857,,False,0.7575,0.5663,506,ok
not-a-reportable-config,surgen,Caption_based_aggregation_15_classes,UNI2,knn,25,cosine,uniform,12,622,0.726,b_refit_k,0.16,,False,0.7575,0.5663,506,ok
not-a-reportable-config,surgen,Caption_based_aggregation_15_classes,UNI2,knn,25,cosine,uniform,12,622,0.726,c_quantile,0.24,0.3269,False,0.7575,0.726,285,ok
not-a-reportable-config,surgen,Caption_based_aggregation_15_classes,UNI2,knn,35,cosine,uniform,12,622,0.6895,a_frozen,0.142857,,False,0.7402,0.5563,538,ok
not-a-reportable-config,surgen,Caption_based_aggregation_15_classes,UNI2,knn,35,cosine,uniform,12,622,0.6895,b_refit_k,0.171429,,False,0.7402,0.5906,458,ok
not-a-reportable-config,surgen,Caption_based_aggregation_15_classes,UNI2,knn,35,cosine,uniform,12,622,0.6895,c_quantile,0.2,0.4286,False,0.7402,0.6515,348,ok
not-a-reportable-config,surgen,Caption_based_aggregation_15_classes,UNI2,knn,50,cosine,uniform,12,622,0.6932,a_frozen,0.142857,,False,0.7353,0.5953,432,ok
not-a-reportable-config,surgen,Caption_based_aggregation_15_classes,UNI2,knn,50,cosine,uniform,12,622,0.6932,b_refit_k,0.18,,False,0.7353,0.6932,239,ok
not-a-reportable-config,surgen,Caption_based_aggregation_15_classes,UNI2,knn,50,cosine,uniform,12,622,0.6932,c_quantile,0.18,0.3366,False,0.7353,0.6932,239,ok
not-a-reportable-config,surgen,Caption_based_aggregation_15_classes,UNI2,knn,75,cosine,uniform,8,622,0.7038,a_frozen,0.142857,,False,0.7343,0.6322,349,ok
not-a-reportable-config,surgen,Caption_based_aggregation_15_classes,UNI2,knn,75,cosine,uniform,8,622,0.7038,b_refit_k,0.16,,False,0.7343,0.7038,196,ok
not-a-reportable-config,surgen,Caption_based_aggregation_15_classes,UNI2,knn,75,cosine,uniform,8,622,0.7038,c_quantile,0.146667,0.5254,False,0.7343,0.6322,349,ok
not-a-reportable-config,surgen,Caption_based_aggregation_15_classes,UNI2,knn,100,cosine,uniform,3,622,0.5281,a_frozen,0.142857,,False,0.5282,0.5,0,dead
not-a-reportable-config,surgen,Caption_based_aggregation_15_classes,UNI2,knn,100,cosine,uniform,3,622,0.5281,b_refit_k,0.15,,False,0.5282,0.5,0,dead
not-a-reportable-config,surgen,Caption_based_aggregation_15_classes,UNI2,knn,100,cosine,uniform,3,622,0.5281,c_quantile,0.14,0.4528,False,0.5282,0.5281,580,ok
not-a-reportable-config,surgen,Caption_based_aggregation_15_classes,Virchow2,knn,15,cosine,uniform,7,622,0.5776,a_frozen,0.142857,,False,0.5829,0.5776,483,ok
not-a-reportable-config,surgen,Caption_based_aggregation_15_classes,Virchow2,knn,15,cosine,uniform,7,622,0.5776,b_refit_k,0.2,,False,0.5829,0.5776,483,ok
not-a-reportable-config,surgen,Caption_based_aggregation_15_classes,Virchow2,knn,15,cosine,uniform,7,622,0.5776,c_quantile,0.266667,0.3148,False,0.5829,0.548,257,ok
not-a-reportable-config,surgen,Caption_based_aggregation_15_classes,Virchow2,knn,20,cosine,uniform,8,622,0.623,a_frozen,0.142857,,False,0.6457,0.5225,576,ok
not-a-reportable-config,surgen,Caption_based_aggregation_15_classes,Virchow2,knn,20,cosine,uniform,8,622,0.623,b_refit_k,0.2,,False,0.6457,0.5576,464,ok
not-a-reportable-config,surgen,Caption_based_aggregation_15_classes,Virchow2,knn,20,cosine,uniform,8,622,0.623,c_quantile,0.2,0.4576,False,0.6457,0.5576,464,ok
not-a-reportable-config,surgen,Caption_based_aggregation_15_classes,Virchow2,knn,25,cosine,uniform,9,622,0.5957,a_frozen,0.142857,,False,0.6247,0.521,588,ok
not-a-reportable-config,surgen,Caption_based_aggregation_15_classes,Virchow2,knn,25,cosine,uniform,9,622,0.5957,b_refit_k,0.16,,False,0.6247,0.521,588,ok
not-a-reportable-config,surgen,Caption_based_aggregation_15_classes,Virchow2,knn,25,cosine,uniform,9,622,0.5957,c_quantile,0.2,0.4286,False,0.6247,0.5812,313,ok
not-a-reportable-config,surgen,Caption_based_aggregation_15_classes,Virchow2,knn,35,cosine,uniform,9,622,0.5889,a_frozen,0.142857,,False,0.6295,0.5184,591,ok
not-a-reportable-config,surgen,Caption_based_aggregation_15_classes,Virchow2,knn,35,cosine,uniform,9,622,0.5889,b_refit_k,0.171429,,False,0.6295,0.5788,492,ok
not-a-reportable-config,surgen,Caption_based_aggregation_15_classes,Virchow2,knn,35,cosine,uniform,9,622,0.5889,c_quantile,0.171429,0.4939,False,0.6295,0.5788,492,ok
not-a-reportable-config,surgen,Caption_based_aggregation_15_classes,Virchow2,knn,50,cosine,uniform,10,622,0.6367,a_frozen,0.142857,,False,0.6902,0.5186,570,ok
not-a-reportable-config,surgen,Caption_based_aggregation_15_classes,Virchow2,knn,50,cosine,uniform,10,622,0.6367,b_refit_k,0.18,,False,0.6902,0.6281,364,ok
not-a-reportable-config,surgen,Caption_based_aggregation_15_classes,Virchow2,knn,50,cosine,uniform,10,622,0.6367,c_quantile,0.18,0.3777,False,0.6902,0.6281,364,ok
not-a-reportable-config,surgen,Caption_based_aggregation_15_classes,Virchow2,knn,75,cosine,uniform,9,622,0.6469,a_frozen,0.142857,,False,0.6667,0.5281,580,ok
not-a-reportable-config,surgen,Caption_based_aggregation_15_classes,Virchow2,knn,75,cosine,uniform,9,622,0.6469,b_refit_k,0.16,,False,0.6667,0.6469,177,ok
not-a-reportable-config,surgen,Caption_based_aggregation_15_classes,Virchow2,knn,75,cosine,uniform,9,622,0.6469,c_quantile,0.146667,0.3971,False,0.6667,0.5281,580,ok
not-a-reportable-config,surgen,Caption_based_aggregation_15_classes,Virchow2,knn,100,cosine,uniform,6,622,0.5578,a_frozen,0.142857,,False,0.5595,0.5578,18,ok
not-a-reportable-config,surgen,Caption_based_aggregation_15_classes,Virchow2,knn,100,cosine,uniform,6,622,0.5578,b_refit_k,0.15,,False,0.5595,0.5578,18,ok
not-a-reportable-config,surgen,Caption_based_aggregation_15_classes,Virchow2,knn,100,cosine,uniform,6,622,0.5578,c_quantile,0.13,0.2712,False,0.5595,0.5023,609,ok
not-a-reportable-config,surgen,Tissue_Type_Clustering,Conch1_5,knn,15,cosine,uniform,6,622,0.5957,a_frozen,0.093499,,False,0.6102,0.4891,572,ok
not-a-reportable-config,surgen,Tissue_Type_Clustering,Conch1_5,knn,15,cosine,uniform,6,622,0.5957,b_refit_k,0.2,,False,0.6102,0.5859,287,ok
not-a-reportable-config,surgen,Tissue_Type_Clustering,Conch1_5,knn,15,cosine,uniform,6,622,0.5957,c_quantile,0.133333,0.5375,False,0.6102,0.4891,572,ok
not-a-reportable-config,surgen,Tissue_Type_Clustering,Conch1_5,knn,20,cosine,uniform,7,622,0.5746,a_frozen,0.093499,,False,0.6168,0.5053,616,near_saturated
not-a-reportable-config,surgen,Tissue_Type_Clustering,Conch1_5,knn,20,cosine,uniform,7,622,0.5746,b_refit_k,0.15,,False,0.6168,0.5733,467,ok
not-a-reportable-config,surgen,Tissue_Type_Clustering,Conch1_5,knn,20,cosine,uniform,7,622,0.5746,c_quantile,0.15,0.707,False,0.6168,0.5733,467,ok
not-a-reportable-config,surgen,Tissue_Type_Clustering,Conch1_5,knn,25,cosine,uniform,9,622,0.5771,a_frozen,0.093499,,False,0.6039,0.5365,581,ok
not-a-reportable-config,surgen,Tissue_Type_Clustering,Conch1_5,knn,25,cosine,uniform,9,622,0.5771,b_refit_k,0.16,,False,0.6039,0.5604,409,ok
not-a-reportable-config,surgen,Tissue_Type_Clustering,Conch1_5,knn,25,cosine,uniform,9,622,0.5771,c_quantile,0.16,0.6489,False,0.6039,0.5604,409,ok
not-a-reportable-config,surgen,Tissue_Type_Clustering,Conch1_5,knn,35,cosine,uniform,10,622,0.5738,a_frozen,0.093499,,False,0.5973,0.5267,592,ok
not-a-reportable-config,surgen,Tissue_Type_Clustering,Conch1_5,knn,35,cosine,uniform,10,622,0.5738,b_refit_k,0.2,,False,0.5973,0.5593,151,ok
not-a-reportable-config,surgen,Tissue_Type_Clustering,Conch1_5,knn,35,cosine,uniform,10,622,0.5738,c_quantile,0.142857,0.7094,False,0.5973,0.5738,508,ok
not-a-reportable-config,surgen,Tissue_Type_Clustering,Conch1_5,knn,50,cosine,uniform,10,622,0.6133,a_frozen,0.093499,,False,0.6421,0.5027,619,near_saturated
not-a-reportable-config,surgen,Tissue_Type_Clustering,Conch1_5,knn,50,cosine,uniform,10,622,0.6133,b_refit_k,0.2,,False,0.6421,0.5397,59,ok
not-a-reportable-config,surgen,Tissue_Type_Clustering,Conch1_5,knn,50,cosine,uniform,10,622,0.6133,c_quantile,0.12,0.8402,False,0.6421,0.5148,595,ok
not-a-reportable-config,surgen,Tissue_Type_Clustering,Conch1_5,knn,75,cosine,uniform,9,622,0.5798,a_frozen,0.093499,,False,0.6205,0.5009,621,near_saturated
not-a-reportable-config,surgen,Tissue_Type_Clustering,Conch1_5,knn,75,cosine,uniform,9,622,0.5798,b_refit_k,0.173333,,False,0.6205,0.5798,128,ok
not-a-reportable-config,surgen,Tissue_Type_Clustering,Conch1_5,knn,75,cosine,uniform,9,622,0.5798,c_quantile,0.133333,0.9298,False,0.6205,0.5086,602,ok
not-a-reportable-config,surgen,Tissue_Type_Clustering,Conch1_5,knn,100,cosine,uniform,8,622,0.531,a_frozen,0.093499,,False,0.5343,0.5,622,saturated
not-a-reportable-config,surgen,Tissue_Type_Clustering,Conch1_5,knn,100,cosine,uniform,8,622,0.531,b_refit_k,0.17,,False,0.5343,0.5158,3,near_dead
not-a-reportable-config,surgen,Tissue_Type_Clustering,Conch1_5,knn,100,cosine,uniform,8,622,0.531,c_quantile,0.14,0.937,False,0.5343,0.5041,607,ok
not-a-reportable-config,surgen,Tissue_Type_Clustering,ConchV1,knn,15,cosine,uniform,8,622,0.6138,a_frozen,0.285714,,False,0.6289,0.6138,152,ok
not-a-reportable-config,surgen,Tissue_Type_Clustering,ConchV1,knn,15,cosine,uniform,8,622,0.6138,b_refit_k,0.2,,False,0.6289,0.5188,549,ok
not-a-reportable-config,surgen,Tissue_Type_Clustering,ConchV1,knn,15,cosine,uniform,8,622,0.6138,c_quantile,0.333333,0.0678,False,0.6289,0.6138,152,ok
not-a-reportable-config,surgen,Tissue_Type_Clustering,ConchV1,knn,20,cosine,uniform,8,622,0.5936,a_frozen,0.285714,,False,0.6192,0.5936,154,ok
not-a-reportable-config,surgen,Tissue_Type_Clustering,ConchV1,knn,20,cosine,uniform,8,622,0.5936,b_refit_k,0.15,,False,0.6192,0.5095,601,ok
not-a-reportable-config,surgen,Tissue_Type_Clustering,ConchV1,knn,20,cosine,uniform,8,622,0.5936,c_quantile,0.3,0.0726,False,0.6192,0.5936,154,ok
not-a-reportable-config,surgen,Tissue_Type_Clustering,ConchV1,knn,25,cosine,uniform,8,622,0.5977,a_frozen,0.285714,,False,0.6424,0.5039,6,near_dead
not-a-reportable-config,surgen,Tissue_Type_Clustering,ConchV1,knn,25,cosine,uniform,8,622,0.5977,b_refit_k,0.16,,False,0.6424,0.5353,572,ok
not-a-reportable-config,surgen,Tissue_Type_Clustering,ConchV1,knn,25,cosine,uniform,8,622,0.5977,c_quantile,0.28,0.0387,False,0.6424,0.5829,83,ok
not-a-reportable-config,surgen,Tissue_Type_Clustering,ConchV1,knn,35,cosine,uniform,8,622,0.5918,a_frozen,0.285714,,False,0.6065,0.4982,2,near_dead
not-a-reportable-config,surgen,Tissue_Type_Clustering,ConchV1,knn,35,cosine,uniform,8,622,0.5918,b_refit_k,0.171429,,False,0.6065,0.5384,527,ok
not-a-reportable-config,surgen,Tissue_Type_Clustering,ConchV1,knn,35,cosine,uniform,8,622,0.5918,c_quantile,0.228571,0.0242,False,0.6065,0.5455,94,ok
not-a-reportable-config,surgen,Tissue_Type_Clustering,ConchV1,knn,50,cosine,uniform,9,622,0.5332,a_frozen,0.285714,,False,0.544,0.5,0,dead
not-a-reportable-config,surgen,Tissue_Type_Clustering,ConchV1,knn,50,cosine,uniform,9,622,0.5332,b_refit_k,0.16,,False,0.544,0.5332,367,ok
not-a-reportable-config,surgen,Tissue_Type_Clustering,ConchV1,knn,50,cosine,uniform,9,622,0.5332,c_quantile,0.2,0.0073,False,0.544,0.5182,21,ok
not-a-reportable-config,surgen,Tissue_Type_Clustering,ConchV1,knn,75,cosine,uniform,6,622,0.573,a_frozen,0.285714,,False,0.5624,0.5,0,dead
not-a-reportable-config,surgen,Tissue_Type_Clustering,ConchV1,knn,75,cosine,uniform,6,622,0.573,b_refit_k,0.146667,,False,0.5624,0.573,229,ok
not-a-reportable-config,surgen,Tissue_Type_Clustering,ConchV1,knn,75,cosine,uniform,6,622,0.573,c_quantile,0.285714,0.0,True,0.5624,0.5,0,dead
not-a-reportable-config,surgen,Tissue_Type_Clustering,ConchV1,knn,100,cosine,uniform,6,622,0.5009,a_frozen,0.285714,,False,0.4836,0.5,0,dead
not-a-reportable-config,surgen,Tissue_Type_Clustering,ConchV1,knn,100,cosine,uniform,6,622,0.5009,b_refit_k,0.13,,False,0.4836,0.4862,565,ok
not-a-reportable-config,surgen,Tissue_Type_Clustering,ConchV1,knn,100,cosine,uniform,6,622,0.5009,c_quantile,0.285714,0.0,True,0.4836,0.5,0,dead
not-a-reportable-config,surgen,Tissue_Type_Clustering,H-Optimus-1,knn,15,cosine,uniform,6,622,0.6384,a_frozen,0.333333,,False,0.6711,0.5122,7,ok
not-a-reportable-config,surgen,Tissue_Type_Clustering,H-Optimus-1,knn,15,cosine,uniform,6,622,0.6384,b_refit_k,0.2,,False,0.6711,0.5941,143,ok
not-a-reportable-config,surgen,Tissue_Type_Clustering,H-Optimus-1,knn,15,cosine,uniform,6,622,0.6384,c_quantile,0.22728,0.0605,False,0.6711,0.5492,38,ok
not-a-reportable-config,surgen,Tissue_Type_Clustering,H-Optimus-1,knn,20,cosine,uniform,7,622,0.6492,a_frozen,0.333333,,False,0.7012,0.5,0,dead
not-a-reportable-config,surgen,Tissue_Type_Clustering,H-Optimus-1,knn,20,cosine,uniform,7,622,0.6492,b_refit_k,0.2,,False,0.7012,0.6018,124,ok
not-a-reportable-config,surgen,Tissue_Type_Clustering,H-Optimus-1,knn,20,cosine,uniform,7,622,0.6492,c_quantile,0.25,0.0315,False,0.7012,0.5852,39,ok
not-a-reportable-config,surgen,Tissue_Type_Clustering,H-Optimus-1,knn,25,cosine,uniform,8,622,0.6487,a_frozen,0.333333,,False,0.6968,0.5,0,dead
not-a-reportable-config,surgen,Tissue_Type_Clustering,H-Optimus-1,knn,25,cosine,uniform,8,622,0.6487,b_refit_k,0.16,,False,0.6968,0.6208,227,ok
not-a-reportable-config,surgen,Tissue_Type_Clustering,H-Optimus-1,knn,25,cosine,uniform,8,622,0.6487,c_quantile,0.24,0.0097,False,0.6968,0.5769,38,ok
not-a-reportable-config,surgen,Tissue_Type_Clustering,H-Optimus-1,knn,35,cosine,uniform,10,622,0.6162,a_frozen,0.333333,,False,0.6568,0.5,0,dead
not-a-reportable-config,surgen,Tissue_Type_Clustering,H-Optimus-1,knn,35,cosine,uniform,10,622,0.6162,b_refit_k,0.171429,,False,0.6568,0.6026,206,ok
not-a-reportable-config,surgen,Tissue_Type_Clustering,H-Optimus-1,knn,35,cosine,uniform,10,622,0.6162,c_quantile,0.228571,0.0097,False,0.6568,0.5003,10,ok
not-a-reportable-config,surgen,Tissue_Type_Clustering,H-Optimus-1,knn,50,cosine,uniform,10,622,0.6069,a_frozen,0.333333,,False,0.6139,0.5,0,dead
not-a-reportable-config,surgen,Tissue_Type_Clustering,H-Optimus-1,knn,50,cosine,uniform,10,622,0.6069,b_refit_k,0.16,,False,0.6139,0.6069,253,ok
not-a-reportable-config,surgen,Tissue_Type_Clustering,H-Optimus-1,knn,50,cosine,uniform,10,622,0.6069,c_quantile,0.22,0.0048,False,0.6139,0.514,5,near_dead
not-a-reportable-config,surgen,Tissue_Type_Clustering,H-Optimus-1,knn,75,cosine,uniform,10,622,0.5269,a_frozen,0.333333,,False,0.5362,0.5,0,dead
not-a-reportable-config,surgen,Tissue_Type_Clustering,H-Optimus-1,knn,75,cosine,uniform,10,622,0.5269,b_refit_k,0.173333,,False,0.5362,0.5095,10,ok
not-a-reportable-config,surgen,Tissue_Type_Clustering,H-Optimus-1,knn,75,cosine,uniform,10,622,0.5269,c_quantile,0.333333,0.0,True,0.5362,0.5,0,dead
not-a-reportable-config,surgen,Tissue_Type_Clustering,H-Optimus-1,knn,100,cosine,uniform,9,622,0.5912,a_frozen,0.333333,,False,0.6137,0.5,0,dead
not-a-reportable-config,surgen,Tissue_Type_Clustering,H-Optimus-1,knn,100,cosine,uniform,9,622,0.5912,b_refit_k,0.15,,False,0.6137,0.5563,30,ok
not-a-reportable-config,surgen,Tissue_Type_Clustering,H-Optimus-1,knn,100,cosine,uniform,9,622,0.5912,c_quantile,0.333333,0.0,True,0.6137,0.5,0,dead
not-a-reportable-config,surgen,Tissue_Type_Clustering,UNI2,knn,15,cosine,uniform,9,622,0.6559,a_frozen,0.2,,False,0.712,0.5151,605,ok
not-a-reportable-config,surgen,Tissue_Type_Clustering,UNI2,knn,15,cosine,uniform,9,622,0.6559,b_refit_k,0.133333,,False,0.712,0.5009,621,near_saturated
not-a-reportable-config,surgen,Tissue_Type_Clustering,UNI2,knn,15,cosine,uniform,9,622,0.6559,c_quantile,0.333333,0.2712,False,0.712,0.6559,312,ok
not-a-reportable-config,surgen,Tissue_Type_Clustering,UNI2,knn,20,cosine,uniform,9,622,0.6744,a_frozen,0.2,,False,0.717,0.5489,567,ok
not-a-reportable-config,surgen,Tissue_Type_Clustering,UNI2,knn,20,cosine,uniform,9,622,0.6744,b_refit_k,0.2,,False,0.717,0.5489,567,ok
not-a-reportable-config,surgen,Tissue_Type_Clustering,UNI2,knn,20,cosine,uniform,9,622,0.6744,c_quantile,0.35,0.2349,False,0.717,0.6296,155,ok
not-a-reportable-config,surgen,Tissue_Type_Clustering,UNI2,knn,25,cosine,uniform,10,622,0.6493,a_frozen,0.2,,False,0.7078,0.5489,567,ok
not-a-reportable-config,surgen,Tissue_Type_Clustering,UNI2,knn,25,cosine,uniform,10,622,0.6493,b_refit_k,0.16,,False,0.7078,0.5116,609,ok
not-a-reportable-config,surgen,Tissue_Type_Clustering,UNI2,knn,25,cosine,uniform,10,622,0.6493,c_quantile,0.28,0.1913,False,0.7078,0.6493,309,ok
not-a-reportable-config,surgen,Tissue_Type_Clustering,UNI2,knn,35,cosine,uniform,9,622,0.6581,a_frozen,0.2,,False,0.6489,0.5334,543,ok
not-a-reportable-config,surgen,Tissue_Type_Clustering,UNI2,knn,35,cosine,uniform,9,622,0.6581,b_refit_k,0.171429,,False,0.6489,0.5125,608,ok
not-a-reportable-config,surgen,Tissue_Type_Clustering,UNI2,knn,35,cosine,uniform,9,622,0.6581,c_quantile,0.257143,0.1913,False,0.6489,0.6581,154,ok
not-a-reportable-config,surgen,Tissue_Type_Clustering,UNI2,knn,50,cosine,uniform,8,622,0.6036,a_frozen,0.2,,False,0.632,0.6036,236,ok
not-a-reportable-config,surgen,Tissue_Type_Clustering,UNI2,knn,50,cosine,uniform,8,622,0.6036,b_refit_k,0.14,,False,0.632,0.5009,621,near_saturated
not-a-reportable-config,surgen,Tissue_Type_Clustering,UNI2,knn,50,cosine,uniform,8,622,0.6036,c_quantile,0.2,0.1429,False,0.632,0.6036,236,ok
not-a-reportable-config,surgen,Tissue_Type_Clustering,UNI2,knn,75,cosine,uniform,6,622,0.6517,a_frozen,0.2,,False,0.7016,0.5,0,dead
not-a-reportable-config,surgen,Tissue_Type_Clustering,UNI2,knn,75,cosine,uniform,6,622,0.6517,b_refit_k,0.16,,False,0.7016,0.6517,213,ok
not-a-reportable-config,surgen,Tissue_Type_Clustering,UNI2,knn,75,cosine,uniform,6,622,0.6517,c_quantile,0.173333,0.0581,False,0.7016,0.6163,87,ok
not-a-reportable-config,surgen,Tissue_Type_Clustering,UNI2,knn,100,cosine,uniform,3,622,0.5209,a_frozen,0.2,,False,0.5212,0.5,0,dead
not-a-reportable-config,surgen,Tissue_Type_Clustering,UNI2,knn,100,cosine,uniform,3,622,0.5209,b_refit_k,0.14,,False,0.5212,0.5209,557,ok
not-a-reportable-config,surgen,Tissue_Type_Clustering,UNI2,knn,100,cosine,uniform,3,622,0.5209,c_quantile,0.14,0.0363,False,0.5212,0.5209,557,ok
not-a-reportable-config,surgen,Tissue_Type_Clustering,Virchow2,knn,15,manhattan,uniform,8,622,0.5634,a_frozen,0.333333,,False,0.5654,0.5634,416,ok
not-a-reportable-config,surgen,Tissue_Type_Clustering,Virchow2,knn,15,manhattan,uniform,8,622,0.5634,b_refit_k,0.2,,False,0.5654,0.518,581,ok
not-a-reportable-config,surgen,Tissue_Type_Clustering,Virchow2,knn,15,manhattan,uniform,8,622,0.5634,c_quantile,0.4,0.109,False,0.5654,0.5132,151,ok
not-a-reportable-config,surgen,Tissue_Type_Clustering,Virchow2,knn,20,manhattan,uniform,10,622,0.5851,a_frozen,0.333333,,False,0.612,0.5851,122,ok
not-a-reportable-config,surgen,Tissue_Type_Clustering,Virchow2,knn,20,manhattan,uniform,10,622,0.5851,b_refit_k,0.15,,False,0.612,0.5103,600,ok
not-a-reportable-config,surgen,Tissue_Type_Clustering,Virchow2,knn,20,manhattan,uniform,10,622,0.5851,c_quantile,0.35,0.046,False,0.612,0.5851,122,ok
not-a-reportable-config,surgen,Tissue_Type_Clustering,Virchow2,knn,25,manhattan,uniform,12,622,0.5507,a_frozen,0.333333,,False,0.5745,0.5057,4,near_dead
not-a-reportable-config,surgen,Tissue_Type_Clustering,Virchow2,knn,25,manhattan,uniform,12,622,0.5507,b_refit_k,0.2,,False,0.5745,0.5175,592,ok
not-a-reportable-config,surgen,Tissue_Type_Clustering,Virchow2,knn,25,manhattan,uniform,12,622,0.5507,c_quantile,0.32,0.0266,False,0.5745,0.5283,20,ok
not-a-reportable-config,surgen,Tissue_Type_Clustering,Virchow2,knn,35,manhattan,uniform,11,622,0.6169,a_frozen,0.333333,,False,0.6185,0.5,0,dead
not-a-reportable-config,surgen,Tissue_Type_Clustering,Virchow2,knn,35,manhattan,uniform,11,622,0.6169,b_refit_k,0.171429,,False,0.6185,0.5148,595,ok
not-a-reportable-config,surgen,Tissue_Type_Clustering,Virchow2,knn,35,manhattan,uniform,11,622,0.6169,c_quantile,0.257143,0.0121,False,0.6185,0.5498,27,ok
not-a-reportable-config,surgen,Tissue_Type_Clustering,Virchow2,knn,50,manhattan,uniform,9,622,0.5943,a_frozen,0.333333,,False,0.628,0.5,0,dead
not-a-reportable-config,surgen,Tissue_Type_Clustering,Virchow2,knn,50,manhattan,uniform,9,622,0.5943,b_refit_k,0.18,,False,0.628,0.5808,355,ok
not-a-reportable-config,surgen,Tissue_Type_Clustering,Virchow2,knn,50,manhattan,uniform,9,622,0.5943,c_quantile,0.333333,0.0,True,0.628,0.5,0,dead
not-a-reportable-config,surgen,Tissue_Type_Clustering,Virchow2,knn,75,manhattan,uniform,10,622,0.5706,a_frozen,0.333333,,False,0.5962,0.5,0,dead
not-a-reportable-config,surgen,Tissue_Type_Clustering,Virchow2,knn,75,manhattan,uniform,10,622,0.5706,b_refit_k,0.16,,False,0.5962,0.5706,128,ok
not-a-reportable-config,surgen,Tissue_Type_Clustering,Virchow2,knn,75,manhattan,uniform,10,622,0.5706,c_quantile,0.333333,0.0,True,0.5962,0.5,0,dead
not-a-reportable-config,surgen,Tissue_Type_Clustering,Virchow2,knn,100,manhattan,uniform,11,622,0.5961,a_frozen,0.333333,,False,0.6247,0.5,0,dead
not-a-reportable-config,surgen,Tissue_Type_Clustering,Virchow2,knn,100,manhattan,uniform,11,622,0.5961,b_refit_k,0.15,,False,0.6247,0.5961,89,ok
not-a-reportable-config,surgen,Tissue_Type_Clustering,Virchow2,knn,100,manhattan,uniform,11,622,0.5961,c_quantile,0.333333,0.0,True,0.6247,0.5,0,dead
not-a-reportable-config,surgen,TITAN,Conch1_5,knn,15,cosine,uniform,11,622,0.6503,a_frozen,0.2,,False,0.6966,0.6356,169,ok
not-a-reportable-config,surgen,TITAN,Conch1_5,knn,15,cosine,uniform,11,622,0.6503,b_refit_k,0.2,,False,0.6966,0.6356,169,ok
not-a-reportable-config,surgen,TITAN,Conch1_5,knn,15,cosine,uniform,11,622,0.6503,c_quantile,0.2,0.2252,False,0.6966,0.6356,169,ok
not-a-reportable-config,surgen,TITAN,Conch1_5,knn,20,cosine,uniform,14,622,0.684,a_frozen,0.2,,False,0.6981,0.621,175,ok
not-a-reportable-config,surgen,TITAN,Conch1_5,knn,20,cosine,uniform,14,622,0.684,b_refit_k,0.15,,False,0.6981,0.684,239,ok
not-a-reportable-config,surgen,TITAN,Conch1_5,knn,20,cosine,uniform,14,622,0.684,c_quantile,0.25,0.1864,False,0.6981,0.5694,119,ok
not-a-reportable-config,surgen,TITAN,Conch1_5,knn,25,cosine,uniform,17,622,0.6735,a_frozen,0.2,,False,0.7018,0.6127,174,ok
not-a-reportable-config,surgen,TITAN,Conch1_5,knn,25,cosine,uniform,17,622,0.6735,b_refit_k,0.16,,False,0.7018,0.6735,230,ok
not-a-reportable-config,surgen,TITAN,Conch1_5,knn,25,cosine,uniform,17,622,0.6735,c_quantile,0.2,0.1743,False,0.7018,0.6127,174,ok
not-a-reportable-config,surgen,TITAN,Conch1_5,knn,35,cosine,uniform,20,622,0.6751,a_frozen,0.2,,False,0.7068,0.5991,127,ok
not-a-reportable-config,surgen,TITAN,Conch1_5,knn,35,cosine,uniform,20,622,0.6751,b_refit_k,0.142857,,False,0.7068,0.6751,280,ok
not-a-reportable-config,surgen,TITAN,Conch1_5,knn,35,cosine,uniform,20,622,0.6751,c_quantile,0.2,0.1404,False,0.7068,0.5991,127,ok
not-a-reportable-config,surgen,TITAN,Conch1_5,knn,50,cosine,uniform,26,622,0.6482,a_frozen,0.2,,False,0.7132,0.6457,85,ok
not-a-reportable-config,surgen,TITAN,Conch1_5,knn,50,cosine,uniform,26,622,0.6482,b_refit_k,0.12,,False,0.7132,0.6482,331,ok
not-a-reportable-config,surgen,TITAN,Conch1_5,knn,50,cosine,uniform,26,622,0.6482,c_quantile,0.2,0.109,False,0.7132,0.6457,85,ok
not-a-reportable-config,surgen,TITAN,Conch1_5,knn,75,cosine,uniform,31,622,0.6956,a_frozen,0.2,,False,0.737,0.5811,54,ok
not-a-reportable-config,surgen,TITAN,Conch1_5,knn,75,cosine,uniform,31,622,0.6956,b_refit_k,0.133333,,False,0.737,0.6839,208,ok
not-a-reportable-config,surgen,TITAN,Conch1_5,knn,75,cosine,uniform,31,622,0.6956,c_quantile,0.24,0.0508,False,0.737,0.5492,38,ok
not-a-reportable-config,surgen,TITAN,Conch1_5,knn,100,cosine,uniform,31,622,0.7172,a_frozen,0.2,,False,0.754,0.5781,47,ok
not-a-reportable-config,surgen,TITAN,Conch1_5,knn,100,cosine,uniform,31,622,0.7172,b_refit_k,0.12,,False,0.754,0.6673,351,ok
not-a-reportable-config,surgen,TITAN,Conch1_5,knn,100,cosine,uniform,31,622,0.7172,c_quantile,0.24,0.0412,False,0.754,0.5489,28,ok
not-a-reportable-config,paip,Averaging,Conch1_5,knn,15,cosine,uniform,6,78,0.7038,a_frozen,0.326978,,False,0.6383,0.5263,1,near_dead
not-a-reportable-config,paip,Averaging,Conch1_5,knn,15,cosine,uniform,6,78,0.7038,b_refit_k,0.133333,,False,0.6383,0.5192,47,ok
not-a-reportable-config,paip,Averaging,Conch1_5,knn,15,cosine,uniform,6,78,0.7038,c_quantile,0.266667,0.063,False,0.6383,0.5535,6,ok
not-a-reportable-config,paip,Averaging,Conch1_5,knn,20,cosine,uniform,7,78,0.7114,a_frozen,0.326978,,False,0.6806,0.4915,1,near_dead
not-a-reportable-config,paip,Averaging,Conch1_5,knn,20,cosine,uniform,7,78,0.7114,b_refit_k,0.15,,False,0.6806,0.6717,29,ok
not-a-reportable-config,paip,Averaging,Conch1_5,knn,20,cosine,uniform,7,78,0.7114,c_quantile,0.278814,0.0315,False,0.6806,0.5442,3,ok
not-a-reportable-config,paip,Averaging,Conch1_5,knn,25,cosine,uniform,8,78,0.7217,a_frozen,0.326978,,False,0.7136,0.5,0,dead
not-a-reportable-config,paip,Averaging,Conch1_5,knn,25,cosine,uniform,8,78,0.7217,b_refit_k,0.2,,False,0.7136,0.6588,10,ok
not-a-reportable-config,paip,Averaging,Conch1_5,knn,25,cosine,uniform,8,78,0.7217,c_quantile,0.28,0.0169,False,0.7136,0.5705,4,ok
not-a-reportable-config,paip,Averaging,Conch1_5,knn,35,cosine,uniform,8,78,0.7047,a_frozen,0.326978,,False,0.7128,0.5,0,dead
not-a-reportable-config,paip,Averaging,Conch1_5,knn,35,cosine,uniform,8,78,0.7047,b_refit_k,0.171429,,False,0.7128,0.6062,8,ok
not-a-reportable-config,paip,Averaging,Conch1_5,knn,35,cosine,uniform,8,78,0.7047,c_quantile,0.292978,0.0097,False,0.7128,0.4915,1,near_dead
not-a-reportable-config,paip,Averaging,Conch1_5,knn,50,cosine,uniform,11,78,0.7921,a_frozen,0.326978,,False,0.8095,0.5,0,dead
not-a-reportable-config,paip,Averaging,Conch1_5,knn,50,cosine,uniform,11,78,0.7921,b_refit_k,0.18,,False,0.8095,0.6936,10,ok
not-a-reportable-config,paip,Averaging,Conch1_5,knn,50,cosine,uniform,11,78,0.7921,c_quantile,0.272542,0.0024,False,0.8095,0.5263,1,near_dead
not-a-reportable-config,paip,Averaging,Conch1_5,knn,75,cosine,uniform,13,78,0.7743,a_frozen,0.326978,,False,0.7917,0.5,0,dead
not-a-reportable-config,paip,Averaging,Conch1_5,knn,75,cosine,uniform,13,78,0.7743,b_refit_k,0.173333,,False,0.7917,0.6503,11,ok
not-a-reportable-config,paip,Averaging,Conch1_5,knn,75,cosine,uniform,13,78,0.7743,c_quantile,0.326978,0.0,True,0.7917,0.5,0,dead
not-a-reportable-config,paip,Averaging,Conch1_5,knn,100,cosine,uniform,13,78,0.7574,a_frozen,0.326978,,False,0.8461,0.5,0,dead
not-a-reportable-config,paip,Averaging,Conch1_5,knn,100,cosine,uniform,13,78,0.7574,b_refit_k,0.17,,False,0.8461,0.7114,12,ok
not-a-reportable-config,paip,Averaging,Conch1_5,knn,100,cosine,uniform,13,78,0.7574,c_quantile,0.326978,0.0,True,0.8461,0.5,0,dead
not-a-reportable-config,paip,Averaging,ConchV1,knn,15,cosine,uniform,7,78,0.5919,a_frozen,0.289018,,False,0.5995,0.5705,4,ok
not-a-reportable-config,paip,Averaging,ConchV1,knn,15,cosine,uniform,7,78,0.5919,b_refit_k,0.2,,False,0.5995,0.5919,22,ok
not-a-reportable-config,paip,Averaging,ConchV1,knn,15,cosine,uniform,7,78,0.5919,c_quantile,0.266667,0.0581,False,0.5995,0.5714,8,ok
not-a-reportable-config,paip,Averaging,ConchV1,knn,20,cosine,uniform,8,78,0.682,a_frozen,0.289018,,False,0.7391,0.5883,6,ok
not-a-reportable-config,paip,Averaging,ConchV1,knn,20,cosine,uniform,8,78,0.682,b_refit_k,0.2,,False,0.7391,0.669,17,ok
not-a-reportable-config,paip,Averaging,ConchV1,knn,20,cosine,uniform,8,78,0.682,c_quantile,0.3,0.046,False,0.7391,0.5883,6,ok
not-a-reportable-config,paip,Averaging,ConchV1,knn,25,cosine,uniform,9,78,0.6717,a_frozen,0.289018,,False,0.7007,0.5263,1,near_dead
not-a-reportable-config,paip,Averaging,ConchV1,knn,25,cosine,uniform,9,78,0.6717,b_refit_k,0.16,,False,0.7007,0.6717,29,ok
not-a-reportable-config,paip,Averaging,ConchV1,knn,25,cosine,uniform,9,78,0.6717,c_quantile,0.28,0.0218,False,0.7007,0.562,5,ok
not-a-reportable-config,paip,Averaging,ConchV1,knn,35,cosine,uniform,10,78,0.7516,a_frozen,0.289018,,False,0.7774,0.5178,2,ok
not-a-reportable-config,paip,Averaging,ConchV1,knn,35,cosine,uniform,10,78,0.7516,b_refit_k,0.142857,,False,0.7774,0.7516,36,ok
not-a-reportable-config,paip,Averaging,ConchV1,knn,35,cosine,uniform,10,78,0.7516,c_quantile,0.307506,0.0145,False,0.7774,0.5178,2,ok
not-a-reportable-config,paip,Averaging,ConchV1,knn,50,cosine,uniform,12,78,0.715,a_frozen,0.289018,,False,0.76,0.5263,1,near_dead
not-a-reportable-config,paip,Averaging,ConchV1,knn,50,cosine,uniform,12,78,0.715,b_refit_k,0.16,,False,0.76,0.715,28,ok
not-a-reportable-config,paip,Averaging,ConchV1,knn,50,cosine,uniform,12,78,0.715,c_quantile,0.289018,0.0,True,0.76,0.5263,1,near_dead
not-a-reportable-config,paip,Averaging,ConchV1,knn,75,cosine,uniform,12,78,0.7413,a_frozen,0.289018,,False,0.8091,0.5,0,dead
not-a-reportable-config,paip,Averaging,ConchV1,knn,75,cosine,uniform,12,78,0.7413,b_refit_k,0.16,,False,0.8091,0.731,22,ok
not-a-reportable-config,paip,Averaging,ConchV1,knn,75,cosine,uniform,12,78,0.7413,c_quantile,0.289018,0.0,True,0.8091,0.5,0,dead
not-a-reportable-config,paip,Averaging,ConchV1,knn,100,cosine,uniform,12,78,0.7864,a_frozen,0.289018,,False,0.8006,0.5,0,dead
not-a-reportable-config,paip,Averaging,ConchV1,knn,100,cosine,uniform,12,78,0.7864,b_refit_k,0.13,,False,0.8006,0.7864,36,ok
not-a-reportable-config,paip,Averaging,ConchV1,knn,100,cosine,uniform,12,78,0.7864,c_quantile,0.289018,0.0,True,0.8006,0.5,0,dead
not-a-reportable-config,paip,Averaging,H-Optimus-1,knn,15,cosine,uniform,5,78,0.7556,a_frozen,0.333333,,False,0.752,0.5178,2,ok
not-a-reportable-config,paip,Averaging,H-Optimus-1,knn,15,cosine,uniform,5,78,0.7556,b_refit_k,0.2,,False,0.752,0.5705,4,ok
not-a-reportable-config,paip,Averaging,H-Optimus-1,knn,15,cosine,uniform,5,78,0.7556,c_quantile,0.133333,0.063,False,0.752,0.6325,9,ok
not-a-reportable-config,paip,Averaging,H-Optimus-1,knn,20,cosine,uniform,7,78,0.7556,a_frozen,0.333333,,False,0.7774,0.4915,1,near_dead
not-a-reportable-config,paip,Averaging,H-Optimus-1,knn,20,cosine,uniform,7,78,0.7556,b_refit_k,0.2,,False,0.7774,0.5442,3,ok
not-a-reportable-config,paip,Averaging,H-Optimus-1,knn,20,cosine,uniform,7,78,0.7556,c_quantile,0.150847,0.0387,False,0.7774,0.5442,3,ok
not-a-reportable-config,paip,Averaging,H-Optimus-1,knn,25,cosine,uniform,8,78,0.7939,a_frozen,0.333333,,False,0.8265,0.5,0,dead
not-a-reportable-config,paip,Averaging,H-Optimus-1,knn,25,cosine,uniform,8,78,0.7939,b_refit_k,0.16,,False,0.8265,0.6673,9,ok
not-a-reportable-config,paip,Averaging,H-Optimus-1,knn,25,cosine,uniform,8,78,0.7939,c_quantile,0.225763,0.0218,False,0.8265,0.5178,2,ok
not-a-reportable-config,paip,Averaging,H-Optimus-1,knn,35,cosine,uniform,9,78,0.7761,a_frozen,0.333333,,False,0.7966,0.5,0,dead
not-a-reportable-config,paip,Averaging,H-Optimus-1,knn,35,cosine,uniform,9,78,0.7761,b_refit_k,0.142857,,False,0.7966,0.6766,12,ok
not-a-reportable-config,paip,Averaging,H-Optimus-1,knn,35,cosine,uniform,9,78,0.7761,c_quantile,0.257143,0.0121,False,0.7966,0.5178,2,ok
not-a-reportable-config,paip,Averaging,H-Optimus-1,knn,50,cosine,uniform,13,78,0.7761,a_frozen,0.333333,,False,0.8394,0.5,0,dead
not-a-reportable-config,paip,Averaging,H-Optimus-1,knn,50,cosine,uniform,13,78,0.7761,b_refit_k,0.14,,False,0.8394,0.6766,12,ok
not-a-reportable-config,paip,Averaging,H-Optimus-1,knn,50,cosine,uniform,13,78,0.7761,c_quantile,0.24,0.0024,False,0.8394,0.5526,2,ok
not-a-reportable-config,paip,Averaging,H-Optimus-1,knn,75,cosine,uniform,16,78,0.7921,a_frozen,0.333333,,False,0.8359,0.5,0,dead
not-a-reportable-config,paip,Averaging,H-Optimus-1,knn,75,cosine,uniform,16,78,0.7921,b_refit_k,0.146667,,False,0.8359,0.6936,10,ok
not-a-reportable-config,paip,Averaging,H-Optimus-1,knn,75,cosine,uniform,16,78,0.7921,c_quantile,0.333333,0.0,True,0.8359,0.5,0,dead
not-a-reportable-config,paip,Averaging,H-Optimus-1,knn,100,cosine,uniform,19,78,0.8109,a_frozen,0.333333,,False,0.8689,0.5,0,dead
not-a-reportable-config,paip,Averaging,H-Optimus-1,knn,100,cosine,uniform,19,78,0.8109,b_refit_k,0.13,,False,0.8689,0.7293,14,ok
not-a-reportable-config,paip,Averaging,H-Optimus-1,knn,100,cosine,uniform,19,78,0.8109,c_quantile,0.333333,0.0,True,0.8689,0.5,0,dead
not-a-reportable-config,paip,Averaging,UNI2,knn,15,cosine,uniform,4,78,0.7029,a_frozen,0.333333,,False,0.7043,0.5,0,dead
not-a-reportable-config,paip,Averaging,UNI2,knn,15,cosine,uniform,4,78,0.7029,b_refit_k,0.133333,,False,0.7043,0.5968,5,ok
not-a-reportable-config,paip,Averaging,UNI2,knn,15,cosine,uniform,4,78,0.7029,c_quantile,0.133333,0.046,False,0.7043,0.5968,5,ok
not-a-reportable-config,paip,Averaging,UNI2,knn,20,cosine,uniform,5,78,0.6954,a_frozen,0.333333,,False,0.76,0.5,0,dead
not-a-reportable-config,paip,Averaging,UNI2,knn,20,cosine,uniform,5,78,0.6954,b_refit_k,0.2,,False,0.76,0.5442,3,ok
not-a-reportable-config,paip,Averaging,UNI2,knn,20,cosine,uniform,5,78,0.6954,c_quantile,0.2,0.0145,False,0.76,0.5442,3,ok
not-a-reportable-config,paip,Averaging,UNI2,knn,25,cosine,uniform,7,78,0.7217,a_frozen,0.333333,,False,0.7716,0.5,0,dead
not-a-reportable-config,paip,Averaging,UNI2,knn,25,cosine,uniform,7,78,0.7217,b_refit_k,0.2,,False,0.7716,0.5705,4,ok
not-a-reportable-config,paip,Averaging,UNI2,knn,25,cosine,uniform,7,78,0.7217,c_quantile,0.225085,0.0048,False,0.7716,0.5263,1,near_dead
not-a-reportable-config,paip,Averaging,UNI2,knn,35,cosine,uniform,9,78,0.7676,a_frozen,0.333333,,False,0.8127,0.5,0,dead
not-a-reportable-config,paip,Averaging,UNI2,knn,35,cosine,uniform,9,78,0.7676,b_refit_k,0.171429,,False,0.8127,0.6146,7,ok
not-a-reportable-config,paip,Averaging,UNI2,knn,35,cosine,uniform,9,78,0.7676,c_quantile,0.333333,0.0,True,0.8127,0.5,0,dead
not-a-reportable-config,paip,Averaging,UNI2,knn,50,cosine,uniform,9,78,0.7904,a_frozen,0.333333,,False,0.8292,0.5,0,dead
not-a-reportable-config,paip,Averaging,UNI2,knn,50,cosine,uniform,9,78,0.7904,b_refit_k,0.16,,False,0.8292,0.6409,8,ok
not-a-reportable-config,paip,Averaging,UNI2,knn,50,cosine,uniform,9,78,0.7904,c_quantile,0.333333,0.0,True,0.8292,0.5,0,dead
not-a-reportable-config,paip,Averaging,UNI2,knn,75,cosine,uniform,11,78,0.8617,a_frozen,0.333333,,False,0.876,0.5,0,dead
not-a-reportable-config,paip,Averaging,UNI2,knn,75,cosine,uniform,11,78,0.8617,b_refit_k,0.186667,,False,0.876,0.5263,1,near_dead
not-a-reportable-config,paip,Averaging,UNI2,knn,75,cosine,uniform,11,78,0.8617,c_quantile,0.333333,0.0,True,0.876,0.5,0,dead
not-a-reportable-config,paip,Averaging,UNI2,knn,100,cosine,uniform,12,78,0.8448,a_frozen,0.333333,,False,0.9063,0.5,0,dead
not-a-reportable-config,paip,Averaging,UNI2,knn,100,cosine,uniform,12,78,0.8448,b_refit_k,0.15,,False,0.9063,0.6579,6,ok
not-a-reportable-config,paip,Averaging,UNI2,knn,100,cosine,uniform,12,78,0.8448,c_quantile,0.333333,0.0,True,0.9063,0.5,0,dead
not-a-reportable-config,paip,Averaging,Virchow2,knn,15,cosine,uniform,7,78,0.7038,a_frozen,0.142857,,False,0.7217,0.6387,37,ok
not-a-reportable-config,paip,Averaging,Virchow2,knn,15,cosine,uniform,7,78,0.7038,b_refit_k,0.2,,False,0.7217,0.6387,37,ok
not-a-reportable-config,paip,Averaging,Virchow2,knn,15,cosine,uniform,7,78,0.7038,c_quantile,0.2,0.2542,False,0.7217,0.6387,37,ok
not-a-reportable-config,paip,Averaging,Virchow2,knn,20,cosine,uniform,8,78,0.6896,a_frozen,0.142857,,False,0.7101,0.616,52,ok
not-a-reportable-config,paip,Averaging,Virchow2,knn,20,cosine,uniform,8,78,0.6896,b_refit_k,0.2,,False,0.7101,0.6896,31,ok
not-a-reportable-config,paip,Averaging,Virchow2,knn,20,cosine,uniform,8,78,0.6896,c_quantile,0.15,0.4213,False,0.7101,0.616,52,ok
not-a-reportable-config,paip,Averaging,Virchow2,knn,25,cosine,uniform,9,78,0.6847,a_frozen,0.142857,,False,0.7373,0.6847,48,ok
not-a-reportable-config,paip,Averaging,Virchow2,knn,25,cosine,uniform,9,78,0.6847,b_refit_k,0.2,,False,0.7373,0.6276,26,ok
not-a-reportable-config,paip,Averaging,Virchow2,knn,25,cosine,uniform,9,78,0.6847,c_quantile,0.16,0.3729,False,0.7373,0.6847,48,ok
not-a-reportable-config,paip,Averaging,Virchow2,knn,35,cosine,uniform,10,78,0.6954,a_frozen,0.142857,,False,0.7248,0.6329,50,ok
not-a-reportable-config,paip,Averaging,Virchow2,knn,35,cosine,uniform,10,78,0.6954,b_refit_k,0.171429,,False,0.7248,0.6717,29,ok
not-a-reportable-config,paip,Averaging,Virchow2,knn,35,cosine,uniform,10,78,0.6954,c_quantile,0.142857,0.477,False,0.7248,0.6329,50,ok
not-a-reportable-config,paip,Averaging,Virchow2,knn,50,cosine,uniform,13,78,0.7083,a_frozen,0.142857,,False,0.7426,0.7083,37,ok
not-a-reportable-config,paip,Averaging,Virchow2,knn,50,cosine,uniform,13,78,0.7083,b_refit_k,0.14,,False,0.7426,0.5981,50,ok
not-a-reportable-config,paip,Averaging,Virchow2,knn,50,cosine,uniform,13,78,0.7083,c_quantile,0.16,0.339,False,0.7426,0.7083,37,ok
not-a-reportable-config,paip,Averaging,Virchow2,knn,75,cosine,uniform,13,78,0.7489,a_frozen,0.142857,,False,0.8033,0.6913,39,ok
not-a-reportable-config,paip,Averaging,Virchow2,knn,75,cosine,uniform,13,78,0.7489,b_refit_k,0.16,,False,0.8033,0.7489,24,ok
not-a-reportable-config,paip,Averaging,Virchow2,knn,75,cosine,uniform,13,78,0.7489,c_quantile,0.133333,0.5109,False,0.8033,0.6686,54,ok
not-a-reportable-config,paip,Averaging,Virchow2,knn,100,cosine,uniform,11,78,0.7676,a_frozen,0.142857,,False,0.8082,0.7676,30,ok
not-a-reportable-config,paip,Averaging,Virchow2,knn,100,cosine,uniform,11,78,0.7676,b_refit_k,0.15,,False,0.8082,0.7676,30,ok
not-a-reportable-config,paip,Averaging,Virchow2,knn,100,cosine,uniform,11,78,0.7676,c_quantile,0.15,0.3487,False,0.8082,0.7676,30,ok
not-a-reportable-config,paip,Caption_based_aggregation,Conch1_5,knn,15,manhattan,uniform,9,78,0.6887,a_frozen,0.666667,,False,0.7507,0.5,0,dead
not-a-reportable-config,paip,Caption_based_aggregation,Conch1_5,knn,15,manhattan,uniform,9,78,0.6887,b_refit_k,0.2,,False,0.7507,0.6887,27,ok
not-a-reportable-config,paip,Caption_based_aggregation,Conch1_5,knn,15,manhattan,uniform,9,78,0.6887,c_quantile,0.666667,0.0,True,0.7507,0.5,0,dead
not-a-reportable-config,paip,Caption_based_aggregation,Conch1_5,knn,20,manhattan,uniform,9,78,0.7525,a_frozen,0.666667,,False,0.8225,0.5,0,dead
not-a-reportable-config,paip,Caption_based_aggregation,Conch1_5,knn,20,manhattan,uniform,9,78,0.7525,b_refit_k,0.25,,False,0.8225,0.669,17,ok
not-a-reportable-config,paip,Caption_based_aggregation,Conch1_5,knn,20,manhattan,uniform,9,78,0.7525,c_quantile,0.666667,0.0,True,0.8225,0.5,0,dead
not-a-reportable-config,paip,Caption_based_aggregation,Conch1_5,knn,25,manhattan,uniform,11,78,0.7244,a_frozen,0.666667,,False,0.7957,0.5,0,dead
not-a-reportable-config,paip,Caption_based_aggregation,Conch1_5,knn,25,manhattan,uniform,11,78,0.7244,b_refit_k,0.2,,False,0.7957,0.6699,21,ok
not-a-reportable-config,paip,Caption_based_aggregation,Conch1_5,knn,25,manhattan,uniform,11,78,0.7244,c_quantile,0.666667,0.0,True,0.7957,0.5,0,dead
not-a-reportable-config,paip,Caption_based_aggregation,Conch1_5,knn,35,manhattan,uniform,12,78,0.76,a_frozen,0.666667,,False,0.7939,0.5,0,dead
not-a-reportable-config,paip,Caption_based_aggregation,Conch1_5,knn,35,manhattan,uniform,12,78,0.76,b_refit_k,0.2,,False,0.7939,0.6869,19,ok
not-a-reportable-config,paip,Caption_based_aggregation,Conch1_5,knn,35,manhattan,uniform,12,78,0.76,c_quantile,0.666667,0.0,True,0.7939,0.5,0,dead
not-a-reportable-config,paip,Caption_based_aggregation,Conch1_5,knn,50,manhattan,uniform,12,78,0.7921,a_frozen,0.666667,,False,0.8153,0.5,0,dead
not-a-reportable-config,paip,Caption_based_aggregation,Conch1_5,knn,50,manhattan,uniform,12,78,0.7921,b_refit_k,0.18,,False,0.8153,0.7921,23,ok
not-a-reportable-config,paip,Caption_based_aggregation,Conch1_5,knn,50,manhattan,uniform,12,78,0.7921,c_quantile,0.666667,0.0,True,0.8153,0.5,0,dead
not-a-reportable-config,paip,Caption_based_aggregation,Conch1_5,knn,75,manhattan,uniform,13,78,0.7516,a_frozen,0.666667,,False,0.8033,0.5,0,dead
not-a-reportable-config,paip,Caption_based_aggregation,Conch1_5,knn,75,manhattan,uniform,13,78,0.7516,b_refit_k,0.146667,,False,0.8033,0.6677,50,ok
not-a-reportable-config,paip,Caption_based_aggregation,Conch1_5,knn,75,manhattan,uniform,13,78,0.7516,c_quantile,0.666667,0.0,True,0.8033,0.5,0,dead
not-a-reportable-config,paip,Caption_based_aggregation,Conch1_5,knn,100,manhattan,uniform,13,78,0.7921,a_frozen,0.666667,,False,0.773,0.5,0,dead
not-a-reportable-config,paip,Caption_based_aggregation,Conch1_5,knn,100,manhattan,uniform,13,78,0.7921,b_refit_k,0.16,,False,0.773,0.682,36,ok
not-a-reportable-config,paip,Caption_based_aggregation,Conch1_5,knn,100,manhattan,uniform,13,78,0.7921,c_quantile,0.666667,0.0,True,0.773,0.5,0,dead
not-a-reportable-config,paip,Caption_based_aggregation,ConchV1,knn,15,manhattan,uniform,10,78,0.6971,a_frozen,0.095259,,False,0.7377,0.6855,52,ok
not-a-reportable-config,paip,Caption_based_aggregation,ConchV1,knn,15,manhattan,uniform,10,78,0.6971,b_refit_k,0.2,,False,0.7377,0.6744,41,ok
not-a-reportable-config,paip,Caption_based_aggregation,ConchV1,knn,15,manhattan,uniform,10,78,0.6971,c_quantile,0.2,0.5157,False,0.7377,0.6744,41,ok
not-a-reportable-config,paip,Caption_based_aggregation,ConchV1,knn,20,manhattan,uniform,10,78,0.7203,a_frozen,0.095259,,False,0.7475,0.6271,63,ok
not-a-reportable-config,paip,Caption_based_aggregation,ConchV1,knn,20,manhattan,uniform,10,78,0.7203,b_refit_k,0.15,,False,0.7475,0.7203,52,ok
not-a-reportable-config,paip,Caption_based_aggregation,ConchV1,knn,20,manhattan,uniform,10,78,0.7203,c_quantile,0.1,0.6755,False,0.7475,0.6271,63,ok
not-a-reportable-config,paip,Caption_based_aggregation,ConchV1,knn,25,manhattan,uniform,11,78,0.7346,a_frozen,0.095259,,False,0.7458,0.661,59,ok
not-a-reportable-config,paip,Caption_based_aggregation,ConchV1,knn,25,manhattan,uniform,11,78,0.7346,b_refit_k,0.12,,False,0.7458,0.661,59,ok
not-a-reportable-config,paip,Caption_based_aggregation,ConchV1,knn,25,manhattan,uniform,11,78,0.7346,c_quantile,0.12,0.632,False,0.7458,0.661,59,ok
not-a-reportable-config,paip,Caption_based_aggregation,ConchV1,knn,35,manhattan,uniform,13,78,0.7252,a_frozen,0.095259,,False,0.7525,0.6186,64,ok
not-a-reportable-config,paip,Caption_based_aggregation,ConchV1,knn,35,manhattan,uniform,13,78,0.7252,b_refit_k,0.171429,,False,0.7525,0.6753,45,ok
not-a-reportable-config,paip,Caption_based_aggregation,ConchV1,knn,35,manhattan,uniform,13,78,0.7252,c_quantile,0.142857,0.6828,False,0.7525,0.6432,57,ok
not-a-reportable-config,paip,Caption_based_aggregation,ConchV1,knn,50,manhattan,uniform,14,78,0.7921,a_frozen,0.095259,,False,0.8452,0.5593,71,ok
not-a-reportable-config,paip,Caption_based_aggregation,ConchV1,knn,50,manhattan,uniform,14,78,0.7921,b_refit_k,0.16,,False,0.8452,0.6423,53,ok
not-a-reportable-config,paip,Caption_based_aggregation,ConchV1,knn,50,manhattan,uniform,14,78,0.7921,c_quantile,0.12,0.7893,False,0.8452,0.6017,66,ok
not-a-reportable-config,paip,Caption_based_aggregation,ConchV1,knn,75,manhattan,uniform,11,78,0.7244,a_frozen,0.095259,,False,0.8189,0.5,78,saturated
not-a-reportable-config,paip,Caption_based_aggregation,ConchV1,knn,75,manhattan,uniform,11,78,0.7244,b_refit_k,0.186667,,False,0.8189,0.7132,20,ok
not-a-reportable-config,paip,Caption_based_aggregation,ConchV1,knn,75,manhattan,uniform,11,78,0.7244,c_quantile,0.12,0.8281,False,0.8189,0.5339,74,ok
not-a-reportable-config,paip,Caption_based_aggregation,ConchV1,knn,100,manhattan,uniform,11,78,0.7194,a_frozen,0.095259,,False,0.7966,0.5,78,saturated
not-a-reportable-config,paip,Caption_based_aggregation,ConchV1,knn,100,manhattan,uniform,11,78,0.7194,b_refit_k,0.15,,False,0.7966,0.6726,33,ok
not-a-reportable-config,paip,Caption_based_aggregation,ConchV1,knn,100,manhattan,uniform,11,78,0.7194,c_quantile,0.12,0.9153,False,0.7966,0.5339,74,ok
not-a-reportable-config,paip,Caption_based_aggregation,H-Optimus-1,knn,15,cosine,uniform,7,78,0.8287,a_frozen,0.2,,False,0.8644,0.7293,14,ok
not-a-reportable-config,paip,Caption_based_aggregation,H-Optimus-1,knn,15,cosine,uniform,7,78,0.8287,b_refit_k,0.2,,False,0.8644,0.7293,14,ok
not-a-reportable-config,paip,Caption_based_aggregation,H-Optimus-1,knn,15,cosine,uniform,7,78,0.8287,c_quantile,0.066667,0.2639,False,0.8644,0.8287,31,ok
not-a-reportable-config,paip,Caption_based_aggregation,H-Optimus-1,knn,20,cosine,uniform,8,78,0.81,a_frozen,0.2,,False,0.8537,0.7293,14,ok
not-a-reportable-config,paip,Caption_based_aggregation,H-Optimus-1,knn,20,cosine,uniform,8,78,0.81,b_refit_k,0.2,,False,0.8537,0.7293,14,ok
not-a-reportable-config,paip,Caption_based_aggregation,H-Optimus-1,knn,20,cosine,uniform,8,78,0.81,c_quantile,0.15,0.2276,False,0.8537,0.7217,19,ok
not-a-reportable-config,paip,Caption_based_aggregation,H-Optimus-1,knn,25,cosine,uniform,9,78,0.8109,a_frozen,0.2,,False,0.8506,0.7377,13,ok
not-a-reportable-config,paip,Caption_based_aggregation,H-Optimus-1,knn,25,cosine,uniform,9,78,0.8109,b_refit_k,0.16,,False,0.8506,0.7565,19,ok
not-a-reportable-config,paip,Caption_based_aggregation,H-Optimus-1,knn,25,cosine,uniform,9,78,0.8109,c_quantile,0.16,0.2082,False,0.8506,0.7565,19,ok
not-a-reportable-config,paip,Caption_based_aggregation,H-Optimus-1,knn,35,cosine,uniform,11,78,0.793,a_frozen,0.2,,False,0.8617,0.7462,12,ok
not-a-reportable-config,paip,Caption_based_aggregation,H-Optimus-1,knn,35,cosine,uniform,11,78,0.793,b_refit_k,0.171429,,False,0.8617,0.7556,15,ok
not-a-reportable-config,paip,Caption_based_aggregation,H-Optimus-1,knn,35,cosine,uniform,11,78,0.793,c_quantile,0.178692,0.1525,False,0.8617,0.7462,12,ok
not-a-reportable-config,paip,Caption_based_aggregation,H-Optimus-1,knn,50,cosine,uniform,15,78,0.8024,a_frozen,0.2,,False,0.8773,0.781,12,ok
not-a-reportable-config,paip,Caption_based_aggregation,H-Optimus-1,knn,50,cosine,uniform,15,78,0.8024,b_refit_k,0.16,,False,0.8773,0.7565,19,ok
not-a-reportable-config,paip,Caption_based_aggregation,H-Optimus-1,knn,50,cosine,uniform,15,78,0.8024,c_quantile,0.2,0.1138,False,0.8773,0.781,12,ok
not-a-reportable-config,paip,Caption_based_aggregation,H-Optimus-1,knn,75,cosine,uniform,18,78,0.793,a_frozen,0.2,,False,0.8363,0.6673,9,ok
not-a-reportable-config,paip,Caption_based_aggregation,H-Optimus-1,knn,75,cosine,uniform,18,78,0.793,b_refit_k,0.16,,False,0.8363,0.7649,18,ok
not-a-reportable-config,paip,Caption_based_aggregation,H-Optimus-1,knn,75,cosine,uniform,18,78,0.793,c_quantile,0.213333,0.0751,False,0.8363,0.6757,8,ok
not-a-reportable-config,paip,Caption_based_aggregation,H-Optimus-1,knn,100,cosine,uniform,21,78,0.8448,a_frozen,0.2,,False,0.8689,0.6409,8,ok
not-a-reportable-config,paip,Caption_based_aggregation,H-Optimus-1,knn,100,cosine,uniform,21,78,0.8448,b_refit_k,0.16,,False,0.8689,0.826,19,ok
not-a-reportable-config,paip,Caption_based_aggregation,H-Optimus-1,knn,100,cosine,uniform,21,78,0.8448,c_quantile,0.22,0.0363,False,0.8689,0.6053,4,ok
not-a-reportable-config,paip,Caption_based_aggregation,UNI2,knn,15,manhattan,uniform,5,78,0.7734,a_frozen,0.285714,,False,0.8252,0.5,0,dead
not-a-reportable-config,paip,Caption_based_aggregation,UNI2,knn,15,manhattan,uniform,5,78,0.7734,b_refit_k,0.2,,False,0.8252,0.6325,9,ok
not-a-reportable-config,paip,Caption_based_aggregation,UNI2,knn,15,manhattan,uniform,5,78,0.7734,c_quantile,0.2,0.0387,False,0.8252,0.6325,9,ok
not-a-reportable-config,paip,Caption_based_aggregation,UNI2,knn,20,manhattan,uniform,7,78,0.8457,a_frozen,0.285714,,False,0.8675,0.5263,1,near_dead
not-a-reportable-config,paip,Caption_based_aggregation,UNI2,knn,20,manhattan,uniform,7,78,0.8457,b_refit_k,0.15,,False,0.8675,0.7386,17,ok
not-a-reportable-config,paip,Caption_based_aggregation,UNI2,knn,20,manhattan,uniform,7,78,0.8457,c_quantile,0.2,0.0605,False,0.8675,0.6146,7,ok
not-a-reportable-config,paip,Caption_based_aggregation,UNI2,knn,25,manhattan,uniform,7,78,0.8457,a_frozen,0.285714,,False,0.8894,0.5,0,dead
not-a-reportable-config,paip,Caption_based_aggregation,UNI2,knn,25,manhattan,uniform,7,78,0.8457,b_refit_k,0.16,,False,0.8894,0.6936,10,ok
not-a-reportable-config,paip,Caption_based_aggregation,UNI2,knn,25,manhattan,uniform,7,78,0.8457,c_quantile,0.227797,0.0169,False,0.8894,0.5178,2,ok
not-a-reportable-config,paip,Caption_based_aggregation,UNI2,knn,35,manhattan,uniform,9,78,0.8372,a_frozen,0.285714,,False,0.9037,0.5,0,dead
not-a-reportable-config,paip,Caption_based_aggregation,UNI2,knn,35,manhattan,uniform,9,78,0.8372,b_refit_k,0.171429,,False,0.9037,0.6936,10,ok
not-a-reportable-config,paip,Caption_based_aggregation,UNI2,knn,35,manhattan,uniform,9,78,0.8372,c_quantile,0.209201,0.0218,False,0.9037,0.5178,2,ok
not-a-reportable-config,paip,Caption_based_aggregation,UNI2,knn,50,manhattan,uniform,12,78,0.8185,a_frozen,0.285714,,False,0.8363,0.5,0,dead
not-a-reportable-config,paip,Caption_based_aggregation,UNI2,knn,50,manhattan,uniform,12,78,0.8185,b_refit_k,0.16,,False,0.8363,0.764,14,ok
not-a-reportable-config,paip,Caption_based_aggregation,UNI2,knn,50,manhattan,uniform,12,78,0.8185,c_quantile,0.252542,0.0048,False,0.8363,0.5263,1,near_dead
not-a-reportable-config,paip,Caption_based_aggregation,UNI2,knn,75,manhattan,uniform,14,78,0.8439,a_frozen,0.285714,,False,0.8608,0.5,0,dead
not-a-reportable-config,paip,Caption_based_aggregation,UNI2,knn,75,manhattan,uniform,14,78,0.8439,b_refit_k,0.16,,False,0.8608,0.6936,10,ok
not-a-reportable-config,paip,Caption_based_aggregation,UNI2,knn,75,manhattan,uniform,14,78,0.8439,c_quantile,0.285714,0.0,True,0.8608,0.5,0,dead
not-a-reportable-config,paip,Caption_based_aggregation,UNI2,knn,100,manhattan,uniform,14,78,0.8457,a_frozen,0.285714,,False,0.8671,0.5,0,dead
not-a-reportable-config,paip,Caption_based_aggregation,UNI2,knn,100,manhattan,uniform,14,78,0.8457,b_refit_k,0.15,,False,0.8671,0.7114,12,ok
not-a-reportable-config,paip,Caption_based_aggregation,UNI2,knn,100,manhattan,uniform,14,78,0.8457,c_quantile,0.285714,0.0,True,0.8671,0.5,0,dead
not-a-reportable-config,paip,Caption_based_aggregation,Virchow2,knn,15,cosine,uniform,8,78,0.7939,a_frozen,0.2,,False,0.8421,0.7355,42,ok
not-a-reportable-config,paip,Caption_based_aggregation,Virchow2,knn,15,cosine,uniform,8,78,0.7939,b_refit_k,0.2,,False,0.8421,0.7355,42,ok
not-a-reportable-config,paip,Caption_based_aggregation,Virchow2,knn,15,cosine,uniform,8,78,0.7939,c_quantile,0.266667,0.339,False,0.8421,0.7939,31,ok
not-a-reportable-config,paip,Caption_based_aggregation,Virchow2,knn,20,cosine,uniform,9,78,0.7864,a_frozen,0.2,,False,0.8515,0.7864,36,ok
not-a-reportable-config,paip,Caption_based_aggregation,Virchow2,knn,20,cosine,uniform,9,78,0.7864,b_refit_k,0.2,,False,0.8515,0.7864,36,ok
not-a-reportable-config,paip,Caption_based_aggregation,Virchow2,knn,20,cosine,uniform,9,78,0.7864,c_quantile,0.238136,0.3148,False,0.8515,0.7752,25,ok
not-a-reportable-config,paip,Caption_based_aggregation,Virchow2,knn,25,cosine,uniform,10,78,0.7498,a_frozen,0.2,,False,0.8202,0.7252,35,ok
not-a-reportable-config,paip,Caption_based_aggregation,Virchow2,knn,25,cosine,uniform,10,78,0.7498,b_refit_k,0.2,,False,0.8202,0.7252,35,ok
not-a-reportable-config,paip,Caption_based_aggregation,Virchow2,knn,25,cosine,uniform,10,78,0.7498,c_quantile,0.24,0.293,False,0.8202,0.7498,28,ok
not-a-reportable-config,paip,Caption_based_aggregation,Virchow2,knn,35,cosine,uniform,13,78,0.7658,a_frozen,0.2,,False,0.8252,0.7498,28,ok
not-a-reportable-config,paip,Caption_based_aggregation,Virchow2,knn,35,cosine,uniform,13,78,0.7658,b_refit_k,0.171429,,False,0.8252,0.7083,37,ok
not-a-reportable-config,paip,Caption_based_aggregation,Virchow2,knn,35,cosine,uniform,13,78,0.7658,c_quantile,0.228571,0.2421,False,0.8252,0.7658,22,ok
not-a-reportable-config,paip,Caption_based_aggregation,Virchow2,knn,50,cosine,uniform,15,78,0.7667,a_frozen,0.2,,False,0.8336,0.6963,22,ok
not-a-reportable-config,paip,Caption_based_aggregation,Virchow2,knn,50,cosine,uniform,15,78,0.7667,b_refit_k,0.18,,False,0.8336,0.7667,26,ok
not-a-reportable-config,paip,Caption_based_aggregation,Virchow2,knn,50,cosine,uniform,15,78,0.7667,c_quantile,0.24,0.1259,False,0.8336,0.6851,11,ok
not-a-reportable-config,paip,Caption_based_aggregation,Virchow2,knn,75,cosine,uniform,14,78,0.7855,a_frozen,0.2,,False,0.8635,0.7377,13,ok
not-a-reportable-config,paip,Caption_based_aggregation,Virchow2,knn,75,cosine,uniform,14,78,0.7855,b_refit_k,0.16,,False,0.8635,0.7855,32,ok
not-a-reportable-config,paip,Caption_based_aggregation,Virchow2,knn,75,cosine,uniform,14,78,0.7855,c_quantile,0.226667,0.0678,False,0.8635,0.6936,10,ok
not-a-reportable-config,paip,Caption_based_aggregation,Virchow2,knn,100,cosine,uniform,17,78,0.8091,a_frozen,0.2,,False,0.8626,0.6673,9,ok
not-a-reportable-config,paip,Caption_based_aggregation,Virchow2,knn,100,cosine,uniform,17,78,0.8091,b_refit_k,0.15,,False,0.8626,0.777,33,ok
not-a-reportable-config,paip,Caption_based_aggregation,Virchow2,knn,100,cosine,uniform,17,78,0.8091,c_quantile,0.215763,0.0315,False,0.8626,0.5442,3,ok
not-a-reportable-config,paip,Caption_based_aggregation_15_classes,Conch1_5,knn,15,manhattan,uniform,8,78,0.6963,a_frozen,0.285714,,False,0.7453,0.5357,4,ok
not-a-reportable-config,paip,Caption_based_aggregation_15_classes,Conch1_5,knn,15,manhattan,uniform,8,78,0.6963,b_refit_k,0.2,,False,0.7453,0.6963,22,ok
not-a-reportable-config,paip,Caption_based_aggregation_15_classes,Conch1_5,knn,15,manhattan,uniform,8,78,0.6963,c_quantile,0.266667,0.0557,False,0.7453,0.6418,12,ok
not-a-reportable-config,paip,Caption_based_aggregation_15_classes,Conch1_5,knn,20,manhattan,uniform,9,78,0.7302,a_frozen,0.285714,,False,0.7881,0.5798,7,ok
not-a-reportable-config,paip,Caption_based_aggregation_15_classes,Conch1_5,knn,20,manhattan,uniform,9,78,0.7302,b_refit_k,0.2,,False,0.7881,0.7302,18,ok
not-a-reportable-config,paip,Caption_based_aggregation_15_classes,Conch1_5,knn,20,manhattan,uniform,9,78,0.7302,c_quantile,0.3,0.0702,False,0.7881,0.5798,7,ok
not-a-reportable-config,paip,Caption_based_aggregation_15_classes,Conch1_5,knn,25,manhattan,uniform,11,78,0.7667,a_frozen,0.285714,,False,0.8207,0.5094,3,ok
not-a-reportable-config,paip,Caption_based_aggregation_15_classes,Conch1_5,knn,25,manhattan,uniform,11,78,0.7667,b_refit_k,0.16,,False,0.8207,0.7667,26,ok
not-a-reportable-config,paip,Caption_based_aggregation_15_classes,Conch1_5,knn,25,manhattan,uniform,11,78,0.7667,c_quantile,0.332881,0.0218,False,0.8207,0.5178,2,ok
not-a-reportable-config,paip,Caption_based_aggregation_15_classes,Conch1_5,knn,35,manhattan,uniform,12,78,0.8024,a_frozen,0.285714,,False,0.8354,0.5968,5,ok
not-a-reportable-config,paip,Caption_based_aggregation_15_classes,Conch1_5,knn,35,manhattan,uniform,12,78,0.8024,b_refit_k,0.142857,,False,0.8354,0.8024,30,ok
not-a-reportable-config,paip,Caption_based_aggregation_15_classes,Conch1_5,knn,35,manhattan,uniform,12,78,0.8024,c_quantile,0.305569,0.0169,False,0.8354,0.5178,2,ok
not-a-reportable-config,paip,Caption_based_aggregation_15_classes,Conch1_5,knn,50,manhattan,uniform,14,78,0.7591,a_frozen,0.285714,,False,0.8078,0.5263,1,near_dead
not-a-reportable-config,paip,Caption_based_aggregation_15_classes,Conch1_5,knn,50,manhattan,uniform,14,78,0.7591,b_refit_k,0.14,,False,0.8078,0.7591,31,ok
not-a-reportable-config,paip,Caption_based_aggregation_15_classes,Conch1_5,knn,50,manhattan,uniform,14,78,0.7591,c_quantile,0.292542,0.0048,False,0.8078,0.5263,1,near_dead
not-a-reportable-config,paip,Caption_based_aggregation_15_classes,Conch1_5,knn,75,manhattan,uniform,15,78,0.7846,a_frozen,0.285714,,False,0.7823,0.5,0,dead
not-a-reportable-config,paip,Caption_based_aggregation_15_classes,Conch1_5,knn,75,manhattan,uniform,15,78,0.7846,b_refit_k,0.173333,,False,0.7823,0.7386,17,ok
not-a-reportable-config,paip,Caption_based_aggregation_15_classes,Conch1_5,knn,75,manhattan,uniform,15,78,0.7846,c_quantile,0.226667,0.0024,False,0.7823,0.5178,2,ok
not-a-reportable-config,paip,Caption_based_aggregation_15_classes,Conch1_5,knn,100,manhattan,uniform,10,78,0.6945,a_frozen,0.285714,,False,0.7435,0.5,0,dead
not-a-reportable-config,paip,Caption_based_aggregation_15_classes,Conch1_5,knn,100,manhattan,uniform,10,78,0.6945,b_refit_k,0.14,,False,0.7435,0.6414,49,ok
not-a-reportable-config,paip,Caption_based_aggregation_15_classes,Conch1_5,knn,100,manhattan,uniform,10,78,0.6945,c_quantile,0.285714,0.0,True,0.7435,0.5,0,dead
not-a-reportable-config,paip,Caption_based_aggregation_15_classes,ConchV1,knn,15,manhattan,uniform,7,78,0.7038,a_frozen,0.102444,,False,0.7672,0.6847,48,ok
not-a-reportable-config,paip,Caption_based_aggregation_15_classes,ConchV1,knn,15,manhattan,uniform,7,78,0.7038,b_refit_k,0.2,,False,0.7672,0.6989,34,ok
not-a-reportable-config,paip,Caption_based_aggregation_15_classes,ConchV1,knn,15,manhattan,uniform,7,78,0.7038,c_quantile,0.133333,0.5617,False,0.7672,0.6847,48,ok
not-a-reportable-config,paip,Caption_based_aggregation_15_classes,ConchV1,knn,20,manhattan,uniform,8,78,0.7065,a_frozen,0.102444,,False,0.7547,0.7007,42,ok
not-a-reportable-config,paip,Caption_based_aggregation_15_classes,ConchV1,knn,20,manhattan,uniform,8,78,0.7065,b_refit_k,0.15,,False,0.7547,0.7007,42,ok
not-a-reportable-config,paip,Caption_based_aggregation_15_classes,ConchV1,knn,20,manhattan,uniform,8,78,0.7065,c_quantile,0.15,0.4867,False,0.7547,0.7007,42,ok
not-a-reportable-config,paip,Caption_based_aggregation_15_classes,ConchV1,knn,25,manhattan,uniform,10,78,0.7855,a_frozen,0.102444,,False,0.7498,0.6583,47,ok
not-a-reportable-config,paip,Caption_based_aggregation_15_classes,ConchV1,knn,25,manhattan,uniform,10,78,0.7855,b_refit_k,0.16,,False,0.7498,0.7516,36,ok
not-a-reportable-config,paip,Caption_based_aggregation_15_classes,ConchV1,knn,25,manhattan,uniform,10,78,0.7855,c_quantile,0.08,0.6441,False,0.7498,0.5923,63,ok
not-a-reportable-config,paip,Caption_based_aggregation_15_classes,ConchV1,knn,35,manhattan,uniform,11,78,0.7083,a_frozen,0.102444,,False,0.793,0.6949,55,ok
not-a-reportable-config,paip,Caption_based_aggregation_15_classes,ConchV1,knn,35,manhattan,uniform,11,78,0.7083,b_refit_k,0.171429,,False,0.793,0.7083,37,ok
not-a-reportable-config,paip,Caption_based_aggregation_15_classes,ConchV1,knn,35,manhattan,uniform,11,78,0.7083,c_quantile,0.114286,0.6731,False,0.793,0.6949,55,ok
not-a-reportable-config,paip,Caption_based_aggregation_15_classes,ConchV1,knn,50,manhattan,uniform,14,78,0.7038,a_frozen,0.102444,,False,0.7458,0.5914,59,ok
not-a-reportable-config,paip,Caption_based_aggregation_15_classes,ConchV1,knn,50,manhattan,uniform,14,78,0.7038,b_refit_k,0.18,,False,0.7458,0.6802,28,ok
not-a-reportable-config,paip,Caption_based_aggregation_15_classes,ConchV1,knn,50,manhattan,uniform,14,78,0.7038,c_quantile,0.12,0.6634,False,0.7458,0.5914,59,ok
not-a-reportable-config,paip,Caption_based_aggregation_15_classes,ConchV1,knn,75,manhattan,uniform,12,78,0.7132,a_frozen,0.102444,,False,0.7886,0.5339,74,ok
not-a-reportable-config,paip,Caption_based_aggregation_15_classes,ConchV1,knn,75,manhattan,uniform,12,78,0.7132,b_refit_k,0.146667,,False,0.7886,0.6659,42,ok
not-a-reportable-config,paip,Caption_based_aggregation_15_classes,ConchV1,knn,75,manhattan,uniform,12,78,0.7132,c_quantile,0.12,0.8136,False,0.7886,0.6102,65,ok
not-a-reportable-config,paip,Caption_based_aggregation_15_classes,ConchV1,knn,100,manhattan,uniform,12,78,0.6811,a_frozen,0.102444,,False,0.7547,0.5254,75,ok
not-a-reportable-config,paip,Caption_based_aggregation_15_classes,ConchV1,knn,100,manhattan,uniform,12,78,0.6811,b_refit_k,0.13,,False,0.7547,0.6762,49,ok
not-a-reportable-config,paip,Caption_based_aggregation_15_classes,ConchV1,knn,100,manhattan,uniform,12,78,0.6811,c_quantile,0.118644,0.8329,False,0.7547,0.6102,65,ok
not-a-reportable-config,paip,Caption_based_aggregation_15_classes,H-Optimus-1,knn,15,manhattan,uniform,7,78,0.8448,a_frozen,0.333333,,False,0.8461,0.5442,3,ok
not-a-reportable-config,paip,Caption_based_aggregation_15_classes,H-Optimus-1,knn,15,manhattan,uniform,7,78,0.8448,b_refit_k,0.133333,,False,0.8461,0.7471,16,ok
not-a-reportable-config,paip,Caption_based_aggregation_15_classes,H-Optimus-1,knn,15,manhattan,uniform,7,78,0.8448,c_quantile,0.218079,0.0484,False,0.8461,0.5705,4,ok
not-a-reportable-config,paip,Caption_based_aggregation_15_classes,H-Optimus-1,knn,20,manhattan,uniform,8,78,0.8269,a_frozen,0.333333,,False,0.8635,0.5263,1,near_dead
not-a-reportable-config,paip,Caption_based_aggregation_15_classes,H-Optimus-1,knn,20,manhattan,uniform,8,78,0.8269,b_refit_k,0.15,,False,0.8635,0.7386,17,ok
not-a-reportable-config,paip,Caption_based_aggregation_15_classes,H-Optimus-1,knn,20,manhattan,uniform,8,78,0.8269,c_quantile,0.3,0.0194,False,0.8635,0.5705,4,ok
not-a-reportable-config,paip,Caption_based_aggregation_15_classes,H-Optimus-1,knn,25,manhattan,uniform,10,78,0.8109,a_frozen,0.333333,,False,0.8591,0.5263,1,near_dead
not-a-reportable-config,paip,Caption_based_aggregation_15_classes,H-Optimus-1,knn,25,manhattan,uniform,10,78,0.8109,b_refit_k,0.16,,False,0.8591,0.7293,14,ok
not-a-reportable-config,paip,Caption_based_aggregation_15_classes,H-Optimus-1,knn,25,manhattan,uniform,10,78,0.8109,c_quantile,0.322712,0.0121,False,0.8591,0.5263,1,near_dead
not-a-reportable-config,paip,Caption_based_aggregation_15_classes,H-Optimus-1,knn,35,manhattan,uniform,12,78,0.8109,a_frozen,0.333333,,False,0.8591,0.5,0,dead
not-a-reportable-config,paip,Caption_based_aggregation_15_classes,H-Optimus-1,knn,35,manhattan,uniform,12,78,0.8109,b_refit_k,0.171429,,False,0.8591,0.7293,14,ok
not-a-reportable-config,paip,Caption_based_aggregation_15_classes,H-Optimus-1,knn,35,manhattan,uniform,12,78,0.8109,c_quantile,0.303632,0.0048,False,0.8591,0.5263,1,near_dead
not-a-reportable-config,paip,Caption_based_aggregation_15_classes,H-Optimus-1,knn,50,manhattan,uniform,16,78,0.8457,a_frozen,0.333333,,False,0.8787,0.5,0,dead
not-a-reportable-config,paip,Caption_based_aggregation_15_classes,H-Optimus-1,knn,50,manhattan,uniform,16,78,0.8457,b_refit_k,0.16,,False,0.8787,0.7386,17,ok
not-a-reportable-config,paip,Caption_based_aggregation_15_classes,H-Optimus-1,knn,50,manhattan,uniform,16,78,0.8457,c_quantile,0.296271,0.0024,False,0.8787,0.5263,1,near_dead
not-a-reportable-config,paip,Caption_based_aggregation_15_classes,H-Optimus-1,knn,75,manhattan,uniform,17,78,0.8354,a_frozen,0.333333,,False,0.8827,0.5,0,dead
not-a-reportable-config,paip,Caption_based_aggregation_15_classes,H-Optimus-1,knn,75,manhattan,uniform,17,78,0.8354,b_refit_k,0.173333,,False,0.8827,0.8082,17,ok
not-a-reportable-config,paip,Caption_based_aggregation_15_classes,H-Optimus-1,knn,75,manhattan,uniform,17,78,0.8354,c_quantile,0.333333,0.0,True,0.8827,0.5,0,dead
not-a-reportable-config,paip,Caption_based_aggregation_15_classes,H-Optimus-1,knn,100,manhattan,uniform,20,78,0.8439,a_frozen,0.333333,,False,0.8524,0.5,0,dead
not-a-reportable-config,paip,Caption_based_aggregation_15_classes,H-Optimus-1,knn,100,manhattan,uniform,20,78,0.8439,b_refit_k,0.16,,False,0.8524,0.8082,17,ok
not-a-reportable-config,paip,Caption_based_aggregation_15_classes,H-Optimus-1,knn,100,manhattan,uniform,20,78,0.8439,c_quantile,0.333333,0.0,True,0.8524,0.5,0,dead
not-a-reportable-config,paip,Caption_based_aggregation_15_classes,UNI2,knn,15,cosine,uniform,4,78,0.7997,a_frozen,0.142857,,False,0.8122,0.5263,1,near_dead
not-a-reportable-config,paip,Caption_based_aggregation_15_classes,UNI2,knn,15,cosine,uniform,4,78,0.7997,b_refit_k,0.133333,,False,0.8122,0.7021,9,ok
not-a-reportable-config,paip,Caption_based_aggregation_15_classes,UNI2,knn,15,cosine,uniform,4,78,0.7997,c_quantile,0.066667,0.2203,False,0.8122,0.7997,18,ok
not-a-reportable-config,paip,Caption_based_aggregation_15_classes,UNI2,knn,20,cosine,uniform,6,78,0.8269,a_frozen,0.142857,,False,0.8867,0.7114,12,ok
not-a-reportable-config,paip,Caption_based_aggregation_15_classes,UNI2,knn,20,cosine,uniform,6,78,0.8269,b_refit_k,0.15,,False,0.8867,0.7114,12,ok
not-a-reportable-config,paip,Caption_based_aggregation_15_classes,UNI2,knn,20,cosine,uniform,6,78,0.8269,c_quantile,0.05,0.3923,False,0.8867,0.7957,39,ok
not-a-reportable-config,paip,Caption_based_aggregation_15_classes,UNI2,knn,25,cosine,uniform,7,78,0.8211,a_frozen,0.142857,,False,0.893,0.6409,8,ok
not-a-reportable-config,paip,Caption_based_aggregation_15_classes,UNI2,knn,25,cosine,uniform,7,78,0.8211,b_refit_k,0.16,,False,0.893,0.6409,8,ok
not-a-reportable-config,paip,Caption_based_aggregation_15_classes,UNI2,knn,25,cosine,uniform,7,78,0.8211,c_quantile,0.08,0.3269,False,0.893,0.8211,36,ok
not-a-reportable-config,paip,Caption_based_aggregation_15_classes,UNI2,knn,35,cosine,uniform,8,78,0.8363,a_frozen,0.142857,,False,0.8872,0.764,14,ok
not-a-reportable-config,paip,Caption_based_aggregation_15_classes,UNI2,knn,35,cosine,uniform,8,78,0.8363,b_refit_k,0.171429,,False,0.8872,0.6146,7,ok
not-a-reportable-config,paip,Caption_based_aggregation_15_classes,UNI2,knn,35,cosine,uniform,8,78,0.8363,c_quantile,0.085714,0.4286,False,0.8872,0.7449,45,ok
not-a-reportable-config,paip,Caption_based_aggregation_15_classes,UNI2,knn,50,cosine,uniform,11,78,0.8439,a_frozen,0.142857,,False,0.8934,0.7725,13,ok
not-a-reportable-config,paip,Caption_based_aggregation_15_classes,UNI2,knn,50,cosine,uniform,11,78,0.8439,b_refit_k,0.18,,False,0.8934,0.7105,8,ok
not-a-reportable-config,paip,Caption_based_aggregation_15_classes,UNI2,knn,50,cosine,uniform,11,78,0.8439,c_quantile,0.12,0.3366,False,0.8934,0.7939,31,ok
not-a-reportable-config,paip,Caption_based_aggregation_15_classes,UNI2,knn,75,cosine,uniform,13,78,0.8439,a_frozen,0.142857,,False,0.8497,0.7988,14,ok
not-a-reportable-config,paip,Caption_based_aggregation_15_classes,UNI2,knn,75,cosine,uniform,13,78,0.8439,b_refit_k,0.16,,False,0.8497,0.6494,7,ok
not-a-reportable-config,paip,Caption_based_aggregation_15_classes,UNI2,knn,75,cosine,uniform,13,78,0.8439,c_quantile,0.106667,0.5254,False,0.8497,0.6922,43,ok
not-a-reportable-config,paip,Caption_based_aggregation_15_classes,UNI2,knn,100,cosine,uniform,13,78,0.8185,a_frozen,0.142857,,False,0.8564,0.6851,11,ok
not-a-reportable-config,paip,Caption_based_aggregation_15_classes,UNI2,knn,100,cosine,uniform,13,78,0.8185,b_refit_k,0.15,,False,0.8564,0.6851,11,ok
not-a-reportable-config,paip,Caption_based_aggregation_15_classes,UNI2,knn,100,cosine,uniform,13,78,0.8185,c_quantile,0.11,0.4528,False,0.8564,0.7779,37,ok
not-a-reportable-config,paip,Caption_based_aggregation_15_classes,Virchow2,knn,15,cosine,uniform,7,78,0.8015,a_frozen,0.142857,,False,0.8417,0.7685,34,ok
not-a-reportable-config,paip,Caption_based_aggregation_15_classes,Virchow2,knn,15,cosine,uniform,7,78,0.8015,b_refit_k,0.2,,False,0.8417,0.7685,34,ok
not-a-reportable-config,paip,Caption_based_aggregation_15_classes,Virchow2,knn,15,cosine,uniform,7,78,0.8015,c_quantile,0.266667,0.3148,False,0.8417,0.8015,26,ok
not-a-reportable-config,paip,Caption_based_aggregation_15_classes,Virchow2,knn,20,cosine,uniform,8,78,0.8118,a_frozen,0.142857,,False,0.8586,0.744,41,ok
not-a-reportable-config,paip,Caption_based_aggregation_15_classes,Virchow2,knn,20,cosine,uniform,8,78,0.8118,b_refit_k,0.2,,False,0.8586,0.8118,33,ok
not-a-reportable-config,paip,Caption_based_aggregation_15_classes,Virchow2,knn,20,cosine,uniform,8,78,0.8118,c_quantile,0.15,0.4576,False,0.8586,0.744,41,ok
not-a-reportable-config,paip,Caption_based_aggregation_15_classes,Virchow2,knn,25,cosine,uniform,9,78,0.8015,a_frozen,0.142857,,False,0.8684,0.7864,36,ok
not-a-reportable-config,paip,Caption_based_aggregation_15_classes,Virchow2,knn,25,cosine,uniform,9,78,0.8015,b_refit_k,0.16,,False,0.8684,0.7864,36,ok
not-a-reportable-config,paip,Caption_based_aggregation_15_classes,Virchow2,knn,25,cosine,uniform,9,78,0.8015,c_quantile,0.16,0.4286,False,0.8684,0.7864,36,ok
not-a-reportable-config,paip,Caption_based_aggregation_15_classes,Virchow2,knn,35,cosine,uniform,11,78,0.8006,a_frozen,0.142857,,False,0.8657,0.7261,39,ok
not-a-reportable-config,paip,Caption_based_aggregation_15_classes,Virchow2,knn,35,cosine,uniform,11,78,0.8006,b_refit_k,0.171429,,False,0.8657,0.7846,28,ok
not-a-reportable-config,paip,Caption_based_aggregation_15_classes,Virchow2,knn,35,cosine,uniform,11,78,0.8006,c_quantile,0.141889,0.4939,False,0.8657,0.7261,39,ok
not-a-reportable-config,paip,Caption_based_aggregation_15_classes,Virchow2,knn,50,cosine,uniform,13,78,0.81,a_frozen,0.142857,,False,0.8524,0.81,25,ok
not-a-reportable-config,paip,Caption_based_aggregation_15_classes,Virchow2,knn,50,cosine,uniform,13,78,0.81,b_refit_k,0.18,,False,0.8524,0.7217,19,ok
not-a-reportable-config,paip,Caption_based_aggregation_15_classes,Virchow2,knn,50,cosine,uniform,13,78,0.81,c_quantile,0.14,0.3777,False,0.8524,0.7779,37,ok
not-a-reportable-config,paip,Caption_based_aggregation_15_classes,Virchow2,knn,75,cosine,uniform,15,78,0.8082,a_frozen,0.142857,,False,0.8591,0.7761,29,ok
not-a-reportable-config,paip,Caption_based_aggregation_15_classes,Virchow2,knn,75,cosine,uniform,15,78,0.8082,b_refit_k,0.16,,False,0.8591,0.7921,23,ok
not-a-reportable-config,paip,Caption_based_aggregation_15_classes,Virchow2,knn,75,cosine,uniform,15,78,0.8082,c_quantile,0.133333,0.3971,False,0.8591,0.76,35,ok
not-a-reportable-config,paip,Caption_based_aggregation_15_classes,Virchow2,knn,100,cosine,uniform,16,78,0.8439,a_frozen,0.142857,,False,0.8555,0.8363,26,ok
not-a-reportable-config,paip,Caption_based_aggregation_15_classes,Virchow2,knn,100,cosine,uniform,16,78,0.8439,b_refit_k,0.15,,False,0.8555,0.8363,26,ok
not-a-reportable-config,paip,Caption_based_aggregation_15_classes,Virchow2,knn,100,cosine,uniform,16,78,0.8439,c_quantile,0.151186,0.2712,False,0.8555,0.8439,21,ok
not-a-reportable-config,paip,PRISM,PRISM,knn,15,cosine,uniform,8,78,0.7498,a_frozen,0.2,,False,0.7632,0.6945,14,ok
not-a-reportable-config,paip,PRISM,PRISM,knn,15,cosine,uniform,8,78,0.7498,b_refit_k,0.133333,,False,0.7632,0.7498,28,ok
not-a-reportable-config,paip,PRISM,PRISM,knn,15,cosine,uniform,8,78,0.7498,c_quantile,0.258757,0.1574,False,0.7632,0.7029,13,ok
not-a-reportable-config,paip,PRISM,PRISM,knn,20,cosine,uniform,10,78,0.748,a_frozen,0.2,,False,0.7984,0.686,15,ok
not-a-reportable-config,paip,PRISM,PRISM,knn,20,cosine,uniform,10,78,0.748,b_refit_k,0.15,,False,0.7984,0.748,20,ok
not-a-reportable-config,paip,PRISM,PRISM,knn,20,cosine,uniform,10,78,0.748,c_quantile,0.29322,0.1186,False,0.7984,0.6588,10,ok
not-a-reportable-config,paip,PRISM,PRISM,knn,25,cosine,uniform,11,78,0.7752,a_frozen,0.2,,False,0.7962,0.7029,13,ok
not-a-reportable-config,paip,PRISM,PRISM,knn,25,cosine,uniform,11,78,0.7752,b_refit_k,0.12,,False,0.7962,0.7752,25,ok
not-a-reportable-config,paip,PRISM,PRISM,knn,25,cosine,uniform,11,78,0.7752,c_quantile,0.252203,0.1259,False,0.7962,0.624,10,ok
not-a-reportable-config,paip,PRISM,PRISM,knn,35,cosine,uniform,12,78,0.7743,a_frozen,0.2,,False,0.8002,0.7029,13,ok
not-a-reportable-config,paip,PRISM,PRISM,knn,35,cosine,uniform,12,78,0.7743,b_refit_k,0.114286,,False,0.8002,0.7489,24,ok
not-a-reportable-config,paip,PRISM,PRISM,knn,35,cosine,uniform,12,78,0.7743,c_quantile,0.253269,0.1186,False,0.8002,0.624,10,ok
not-a-reportable-config,paip,PRISM,PRISM,knn,50,cosine,uniform,15,78,0.777,a_frozen,0.2,,False,0.8243,0.6682,13,ok
not-a-reportable-config,paip,PRISM,PRISM,knn,50,cosine,uniform,15,78,0.777,b_refit_k,0.08,,False,0.8243,0.777,33,ok
not-a-reportable-config,paip,PRISM,PRISM,knn,50,cosine,uniform,15,78,0.777,c_quantile,0.22,0.0896,False,0.8243,0.6766,12,ok
not-a-reportable-config,paip,PRISM,PRISM,knn,75,cosine,uniform,17,78,0.7939,a_frozen,0.2,,False,0.8176,0.6325,9,ok
not-a-reportable-config,paip,PRISM,PRISM,knn,75,cosine,uniform,17,78,0.7939,b_refit_k,0.12,,False,0.8176,0.7837,24,ok
not-a-reportable-config,paip,PRISM,PRISM,knn,75,cosine,uniform,17,78,0.7939,c_quantile,0.226667,0.063,False,0.8176,0.6231,6,ok
not-a-reportable-config,paip,PRISM,PRISM,knn,100,cosine,uniform,22,78,0.7846,a_frozen,0.2,,False,0.8091,0.6842,7,ok
not-a-reportable-config,paip,PRISM,PRISM,knn,100,cosine,uniform,22,78,0.7846,b_refit_k,0.13,,False,0.8091,0.731,22,ok
not-a-reportable-config,paip,PRISM,PRISM,knn,100,cosine,uniform,22,78,0.7846,c_quantile,0.218136,0.0484,False,0.8091,0.6053,4,ok
not-a-reportable-config,paip,Tissue_Type_Clustering,Conch1_5,knn,15,cosine,uniform,8,78,0.731,a_frozen,0.093499,,False,0.7565,0.6998,38,ok
not-a-reportable-config,paip,Tissue_Type_Clustering,Conch1_5,knn,15,cosine,uniform,8,78,0.731,b_refit_k,0.2,,False,0.7565,0.731,22,ok
not-a-reportable-config,paip,Tissue_Type_Clustering,Conch1_5,knn,15,cosine,uniform,8,78,0.731,c_quantile,0.066667,0.5375,False,0.7565,0.5914,59,ok
not-a-reportable-config,paip,Tissue_Type_Clustering,Conch1_5,knn,20,cosine,uniform,9,78,0.7676,a_frozen,0.093499,,False,0.7569,0.649,44,ok
not-a-reportable-config,paip,Tissue_Type_Clustering,Conch1_5,knn,20,cosine,uniform,9,78,0.7676,b_refit_k,0.15,,False,0.7569,0.7676,30,ok
not-a-reportable-config,paip,Tissue_Type_Clustering,Conch1_5,knn,20,cosine,uniform,9,78,0.7676,c_quantile,0.05,0.707,False,0.7569,0.4897,71,ok
not-a-reportable-config,paip,Tissue_Type_Clustering,Conch1_5,knn,25,cosine,uniform,11,78,0.7649,a_frozen,0.093499,,False,0.8033,0.7168,36,ok
not-a-reportable-config,paip,Tissue_Type_Clustering,Conch1_5,knn,25,cosine,uniform,11,78,0.7649,b_refit_k,0.16,,False,0.8033,0.7583,27,ok
not-a-reportable-config,paip,Tissue_Type_Clustering,Conch1_5,knn,25,cosine,uniform,11,78,0.7649,c_quantile,0.08,0.6489,False,0.8033,0.6253,55,ok
not-a-reportable-config,paip,Tissue_Type_Clustering,Conch1_5,knn,35,cosine,uniform,12,78,0.7667,a_frozen,0.093499,,False,0.7797,0.649,44,ok
not-a-reportable-config,paip,Tissue_Type_Clustering,Conch1_5,knn,35,cosine,uniform,12,78,0.7667,b_refit_k,0.2,,False,0.7797,0.7217,19,ok
not-a-reportable-config,paip,Tissue_Type_Clustering,Conch1_5,knn,35,cosine,uniform,12,78,0.7667,c_quantile,0.085714,0.7094,False,0.7797,0.5736,57,ok
not-a-reportable-config,paip,Tissue_Type_Clustering,Conch1_5,knn,50,cosine,uniform,14,78,0.7199,a_frozen,0.093499,,False,0.7676,0.616,52,ok
not-a-reportable-config,paip,Tissue_Type_Clustering,Conch1_5,knn,50,cosine,uniform,14,78,0.7199,b_refit_k,0.2,,False,0.7676,0.6954,18,ok
not-a-reportable-config,paip,Tissue_Type_Clustering,Conch1_5,knn,50,cosine,uniform,14,78,0.7199,c_quantile,0.08,0.8402,False,0.7676,0.5669,66,ok
not-a-reportable-config,paip,Tissue_Type_Clustering,Conch1_5,knn,75,cosine,uniform,14,78,0.7752,a_frozen,0.093499,,False,0.8314,0.6771,53,ok
not-a-reportable-config,paip,Tissue_Type_Clustering,Conch1_5,knn,75,cosine,uniform,14,78,0.7752,b_refit_k,0.173333,,False,0.8314,0.7658,22,ok
not-a-reportable-config,paip,Tissue_Type_Clustering,Conch1_5,knn,75,cosine,uniform,14,78,0.7752,c_quantile,0.07209,0.9298,False,0.8314,0.5508,72,ok
not-a-reportable-config,paip,Tissue_Type_Clustering,Conch1_5,knn,100,cosine,uniform,15,78,0.7752,a_frozen,0.093499,,False,0.8167,0.5508,72,ok
not-a-reportable-config,paip,Tissue_Type_Clustering,Conch1_5,knn,100,cosine,uniform,15,78,0.7752,b_refit_k,0.17,,False,0.8167,0.748,20,ok
not-a-reportable-config,paip,Tissue_Type_Clustering,Conch1_5,knn,100,cosine,uniform,15,78,0.7752,c_quantile,0.09,0.937,False,0.8167,0.5169,76,ok
not-a-reportable-config,paip,Tissue_Type_Clustering,ConchV1,knn,15,cosine,uniform,10,78,0.7261,a_frozen,0.285714,,False,0.7422,0.6258,18,ok
not-a-reportable-config,paip,Tissue_Type_Clustering,ConchV1,knn,15,cosine,uniform,10,78,0.7261,b_refit_k,0.2,,False,0.7422,0.7261,39,ok
not-a-reportable-config,paip,Tissue_Type_Clustering,ConchV1,knn,15,cosine,uniform,10,78,0.7261,c_quantile,0.4,0.0678,False,0.7422,0.5977,9,ok
not-a-reportable-config,paip,Tissue_Type_Clustering,ConchV1,knn,20,cosine,uniform,10,78,0.7507,a_frozen,0.285714,,False,0.7676,0.6079,16,ok
not-a-reportable-config,paip,Tissue_Type_Clustering,ConchV1,knn,20,cosine,uniform,10,78,0.7507,b_refit_k,0.15,,False,0.7676,0.7101,45,ok
not-a-reportable-config,paip,Tissue_Type_Clustering,ConchV1,knn,20,cosine,uniform,10,78,0.7507,c_quantile,0.35,0.0726,False,0.7676,0.5892,10,ok
not-a-reportable-config,paip,Tissue_Type_Clustering,ConchV1,knn,25,cosine,uniform,11,78,0.7244,a_frozen,0.285714,,False,0.7538,0.5892,10,ok
not-a-reportable-config,paip,Tissue_Type_Clustering,ConchV1,knn,25,cosine,uniform,11,78,0.7244,b_refit_k,0.16,,False,0.7538,0.7083,37,ok
not-a-reportable-config,paip,Tissue_Type_Clustering,ConchV1,knn,25,cosine,uniform,11,78,0.7244,c_quantile,0.360678,0.0387,False,0.7538,0.5442,3,ok
not-a-reportable-config,paip,Tissue_Type_Clustering,ConchV1,knn,35,cosine,uniform,13,78,0.7516,a_frozen,0.285714,,False,0.7823,0.5977,9,ok
not-a-reportable-config,paip,Tissue_Type_Clustering,ConchV1,knn,35,cosine,uniform,13,78,0.7516,b_refit_k,0.171429,,False,0.7823,0.7516,36,ok
not-a-reportable-config,paip,Tissue_Type_Clustering,ConchV1,knn,35,cosine,uniform,13,78,0.7516,c_quantile,0.342857,0.0242,False,0.7823,0.5442,3,ok
not-a-reportable-config,paip,Tissue_Type_Clustering,ConchV1,knn,50,cosine,uniform,14,78,0.7694,a_frozen,0.285714,,False,0.785,0.4915,1,near_dead
not-a-reportable-config,paip,Tissue_Type_Clustering,ConchV1,knn,50,cosine,uniform,14,78,0.7694,b_refit_k,0.16,,False,0.785,0.7694,38,ok
not-a-reportable-config,paip,Tissue_Type_Clustering,ConchV1,knn,50,cosine,uniform,14,78,0.7694,c_quantile,0.297627,0.0073,False,0.785,0.4915,1,near_dead
not-a-reportable-config,paip,Tissue_Type_Clustering,ConchV1,knn,75,cosine,uniform,15,78,0.7346,a_frozen,0.285714,,False,0.8024,0.5,0,dead
not-a-reportable-config,paip,Tissue_Type_Clustering,ConchV1,knn,75,cosine,uniform,15,78,0.7346,b_refit_k,0.146667,,False,0.8024,0.7346,38,ok
not-a-reportable-config,paip,Tissue_Type_Clustering,ConchV1,knn,75,cosine,uniform,15,78,0.7346,c_quantile,0.285714,0.0,True,0.8024,0.5,0,dead
not-a-reportable-config,paip,Tissue_Type_Clustering,ConchV1,knn,100,cosine,uniform,17,78,0.7658,a_frozen,0.285714,,False,0.8176,0.5,0,dead
not-a-reportable-config,paip,Tissue_Type_Clustering,ConchV1,knn,100,cosine,uniform,17,78,0.7658,b_refit_k,0.13,,False,0.8176,0.7186,44,ok
not-a-reportable-config,paip,Tissue_Type_Clustering,ConchV1,knn,100,cosine,uniform,17,78,0.7658,c_quantile,0.285714,0.0,True,0.8176,0.5,0,dead
not-a-reportable-config,paip,Tissue_Type_Clustering,H-Optimus-1,knn,15,cosine,uniform,7,78,0.7413,a_frozen,0.333333,,False,0.7516,0.5789,3,ok
not-a-reportable-config,paip,Tissue_Type_Clustering,H-Optimus-1,knn,15,cosine,uniform,7,78,0.7413,b_refit_k,0.2,,False,0.7516,0.545,7,ok
not-a-reportable-config,paip,Tissue_Type_Clustering,H-Optimus-1,knn,15,cosine,uniform,7,78,0.7413,c_quantile,0.2,0.0605,False,0.7516,0.545,7,ok
not-a-reportable-config,paip,Tissue_Type_Clustering,H-Optimus-1,knn,20,cosine,uniform,7,78,0.7404,a_frozen,0.333333,,False,0.7868,0.5263,1,near_dead
not-a-reportable-config,paip,Tissue_Type_Clustering,H-Optimus-1,knn,20,cosine,uniform,7,78,0.7404,b_refit_k,0.2,,False,0.7868,0.6673,9,ok
not-a-reportable-config,paip,Tissue_Type_Clustering,H-Optimus-1,knn,20,cosine,uniform,7,78,0.7404,c_quantile,0.3,0.0315,False,0.7868,0.5705,4,ok
not-a-reportable-config,paip,Tissue_Type_Clustering,H-Optimus-1,knn,25,cosine,uniform,8,78,0.7565,a_frozen,0.333333,,False,0.8439,0.5,0,dead
not-a-reportable-config,paip,Tissue_Type_Clustering,H-Optimus-1,knn,25,cosine,uniform,8,78,0.7565,b_refit_k,0.16,,False,0.8439,0.7114,12,ok
not-a-reportable-config,paip,Tissue_Type_Clustering,H-Optimus-1,knn,25,cosine,uniform,8,78,0.7565,c_quantile,0.28,0.0097,False,0.8439,0.5705,4,ok
not-a-reportable-config,paip,Tissue_Type_Clustering,H-Optimus-1,knn,35,cosine,uniform,10,78,0.7855,a_frozen,0.333333,,False,0.8524,0.5,0,dead
not-a-reportable-config,paip,Tissue_Type_Clustering,H-Optimus-1,knn,35,cosine,uniform,10,78,0.7855,b_refit_k,0.171429,,False,0.8524,0.7114,12,ok
not-a-reportable-config,paip,Tissue_Type_Clustering,H-Optimus-1,knn,35,cosine,uniform,10,78,0.7855,c_quantile,0.271671,0.0097,False,0.8524,0.5263,1,near_dead
not-a-reportable-config,paip,Tissue_Type_Clustering,H-Optimus-1,knn,50,cosine,uniform,13,78,0.826,a_frozen,0.333333,,False,0.8564,0.5,0,dead
not-a-reportable-config,paip,Tissue_Type_Clustering,H-Optimus-1,knn,50,cosine,uniform,13,78,0.826,b_refit_k,0.16,,False,0.8564,0.8167,16,ok
not-a-reportable-config,paip,Tissue_Type_Clustering,H-Optimus-1,knn,50,cosine,uniform,13,78,0.826,c_quantile,0.252542,0.0048,False,0.8564,0.5263,1,near_dead
not-a-reportable-config,paip,Tissue_Type_Clustering,H-Optimus-1,knn,75,cosine,uniform,19,78,0.826,a_frozen,0.333333,,False,0.868,0.5,0,dead
not-a-reportable-config,paip,Tissue_Type_Clustering,H-Optimus-1,knn,75,cosine,uniform,19,78,0.826,b_refit_k,0.173333,,False,0.868,0.7547,11,ok
not-a-reportable-config,paip,Tissue_Type_Clustering,H-Optimus-1,knn,75,cosine,uniform,19,78,0.826,c_quantile,0.333333,0.0,True,0.868,0.5,0,dead
not-a-reportable-config,paip,Tissue_Type_Clustering,H-Optimus-1,knn,100,cosine,uniform,19,78,0.81,a_frozen,0.333333,,False,0.8684,0.5,0,dead
not-a-reportable-config,paip,Tissue_Type_Clustering,H-Optimus-1,knn,100,cosine,uniform,19,78,0.81,b_refit_k,0.15,,False,0.8684,0.7913,19,ok
not-a-reportable-config,paip,Tissue_Type_Clustering,H-Optimus-1,knn,100,cosine,uniform,19,78,0.81,c_quantile,0.333333,0.0,True,0.8684,0.5,0,dead
not-a-reportable-config,paip,Tissue_Type_Clustering,UNI2,knn,15,cosine,uniform,3,78,0.6588,a_frozen,0.2,,False,0.6731,0.5,0,dead
not-a-reportable-config,paip,Tissue_Type_Clustering,UNI2,knn,15,cosine,uniform,3,78,0.6588,b_refit_k,0.133333,,False,0.6731,0.6588,10,ok
not-a-reportable-config,paip,Tissue_Type_Clustering,UNI2,knn,15,cosine,uniform,3,78,0.6588,c_quantile,0.066667,0.2712,False,0.6731,0.6285,30,ok
not-a-reportable-config,paip,Tissue_Type_Clustering,UNI2,knn,20,cosine,uniform,5,78,0.7574,a_frozen,0.2,,False,0.7979,0.5442,3,ok
not-a-reportable-config,paip,Tissue_Type_Clustering,UNI2,knn,20,cosine,uniform,5,78,0.7574,b_refit_k,0.2,,False,0.7979,0.5442,3,ok
not-a-reportable-config,paip,Tissue_Type_Clustering,UNI2,knn,20,cosine,uniform,5,78,0.7574,c_quantile,0.1,0.2349,False,0.7979,0.7574,23,ok
not-a-reportable-config,paip,Tissue_Type_Clustering,UNI2,knn,25,cosine,uniform,6,78,0.7694,a_frozen,0.2,,False,0.8301,0.5442,3,ok
not-a-reportable-config,paip,Tissue_Type_Clustering,UNI2,knn,25,cosine,uniform,6,78,0.7694,b_refit_k,0.16,,False,0.8301,0.6494,7,ok
not-a-reportable-config,paip,Tissue_Type_Clustering,UNI2,knn,25,cosine,uniform,6,78,0.7694,c_quantile,0.12,0.1913,False,0.8301,0.748,20,ok
not-a-reportable-config,paip,Tissue_Type_Clustering,UNI2,knn,35,cosine,uniform,8,78,0.7609,a_frozen,0.2,,False,0.8265,0.5178,2,ok
not-a-reportable-config,paip,Tissue_Type_Clustering,UNI2,knn,35,cosine,uniform,8,78,0.7609,b_refit_k,0.171429,,False,0.8265,0.6673,9,ok
not-a-reportable-config,paip,Tissue_Type_Clustering,UNI2,knn,35,cosine,uniform,8,78,0.7609,c_quantile,0.142857,0.1913,False,0.8265,0.6954,18,ok
not-a-reportable-config,paip,Tissue_Type_Clustering,UNI2,knn,50,cosine,uniform,10,78,0.6945,a_frozen,0.2,,False,0.7493,0.5789,3,ok
not-a-reportable-config,paip,Tissue_Type_Clustering,UNI2,knn,50,cosine,uniform,10,78,0.6945,b_refit_k,0.14,,False,0.7493,0.6793,24,ok
not-a-reportable-config,paip,Tissue_Type_Clustering,UNI2,knn,50,cosine,uniform,10,78,0.6945,c_quantile,0.16,0.1429,False,0.7493,0.6945,14,ok
not-a-reportable-config,paip,Tissue_Type_Clustering,UNI2,knn,75,cosine,uniform,11,78,0.8091,a_frozen,0.2,,False,0.8613,0.5,0,dead
not-a-reportable-config,paip,Tissue_Type_Clustering,UNI2,knn,75,cosine,uniform,11,78,0.8091,b_refit_k,0.16,,False,0.8613,0.7547,11,ok
not-a-reportable-config,paip,Tissue_Type_Clustering,UNI2,knn,75,cosine,uniform,11,78,0.8091,c_quantile,0.167006,0.0581,False,0.8613,0.6316,5,ok
not-a-reportable-config,paip,Tissue_Type_Clustering,UNI2,knn,100,cosine,uniform,11,78,0.8194,a_frozen,0.2,,False,0.8256,0.5,0,dead
not-a-reportable-config,paip,Tissue_Type_Clustering,UNI2,knn,100,cosine,uniform,11,78,0.8194,b_refit_k,0.14,,False,0.8256,0.7302,18,ok
not-a-reportable-config,paip,Tissue_Type_Clustering,UNI2,knn,100,cosine,uniform,11,78,0.8194,c_quantile,0.16,0.0363,False,0.8256,0.6053,4,ok
not-a-reportable-config,paip,Tissue_Type_Clustering,Virchow2,knn,15,manhattan,uniform,7,78,0.7328,a_frozen,0.333333,,False,0.76,0.6954,18,ok
not-a-reportable-config,paip,Tissue_Type_Clustering,Virchow2,knn,15,manhattan,uniform,7,78,0.7328,b_refit_k,0.2,,False,0.76,0.6329,50,ok
not-a-reportable-config,paip,Tissue_Type_Clustering,Virchow2,knn,15,manhattan,uniform,7,78,0.7328,c_quantile,0.4,0.109,False,0.76,0.624,10,ok
not-a-reportable-config,paip,Tissue_Type_Clustering,Virchow2,knn,20,manhattan,uniform,10,78,0.7235,a_frozen,0.333333,,False,0.7801,0.6766,12,ok
not-a-reportable-config,paip,Tissue_Type_Clustering,Virchow2,knn,20,manhattan,uniform,10,78,0.7235,b_refit_k,0.15,,False,0.7801,0.6008,62,ok
not-a-reportable-config,paip,Tissue_Type_Clustering,Virchow2,knn,20,manhattan,uniform,10,78,0.7235,c_quantile,0.372881,0.046,False,0.7801,0.5705,4,ok
not-a-reportable-config,paip,Tissue_Type_Clustering,Virchow2,knn,25,manhattan,uniform,10,78,0.7761,a_frozen,0.333333,,False,0.7868,0.5883,6,ok
not-a-reportable-config,paip,Tissue_Type_Clustering,Virchow2,knn,25,manhattan,uniform,10,78,0.7761,b_refit_k,0.2,,False,0.7868,0.7516,36,ok
not-a-reportable-config,paip,Tissue_Type_Clustering,Virchow2,knn,25,manhattan,uniform,10,78,0.7761,c_quantile,0.36,0.0266,False,0.7868,0.5883,6,ok
not-a-reportable-config,paip,Tissue_Type_Clustering,Virchow2,knn,35,manhattan,uniform,12,78,0.7939,a_frozen,0.333333,,False,0.7864,0.6053,4,ok
not-a-reportable-config,paip,Tissue_Type_Clustering,Virchow2,knn,35,manhattan,uniform,12,78,0.7939,b_refit_k,0.171429,,False,0.7864,0.7261,39,ok
not-a-reportable-config,paip,Tissue_Type_Clustering,Virchow2,knn,35,manhattan,uniform,12,78,0.7939,c_quantile,0.342857,0.0121,False,0.7864,0.6053,4,ok
not-a-reportable-config,paip,Tissue_Type_Clustering,Virchow2,knn,50,manhattan,uniform,14,78,0.76,a_frozen,0.333333,,False,0.7904,0.5526,2,ok
not-a-reportable-config,paip,Tissue_Type_Clustering,Virchow2,knn,50,manhattan,uniform,14,78,0.76,b_refit_k,0.18,,False,0.7904,0.76,35,ok
not-a-reportable-config,paip,Tissue_Type_Clustering,Virchow2,knn,50,manhattan,uniform,14,78,0.76,c_quantile,0.333333,0.0,True,0.7904,0.5526,2,ok
not-a-reportable-config,paip,Tissue_Type_Clustering,Virchow2,knn,75,manhattan,uniform,16,78,0.777,a_frozen,0.333333,,False,0.8354,0.5,0,dead
not-a-reportable-config,paip,Tissue_Type_Clustering,Virchow2,knn,75,manhattan,uniform,16,78,0.777,b_refit_k,0.16,,False,0.8354,0.744,41,ok
not-a-reportable-config,paip,Tissue_Type_Clustering,Virchow2,knn,75,manhattan,uniform,16,78,0.777,c_quantile,0.333333,0.0,True,0.8354,0.5,0,dead
not-a-reportable-config,paip,Tissue_Type_Clustering,Virchow2,knn,100,manhattan,uniform,15,78,0.8278,a_frozen,0.333333,,False,0.8488,0.5,0,dead
not-a-reportable-config,paip,Tissue_Type_Clustering,Virchow2,knn,100,manhattan,uniform,15,78,0.8278,b_refit_k,0.15,,False,0.8488,0.7609,39,ok
not-a-reportable-config,paip,Tissue_Type_Clustering,Virchow2,knn,100,manhattan,uniform,15,78,0.8278,c_quantile,0.333333,0.0,True,0.8488,0.5,0,dead
not-a-reportable-config,paip,TITAN,Conch1_5,knn,15,cosine,uniform,10,78,0.7734,a_frozen,0.2,,False,0.818,0.7658,22,ok
not-a-reportable-config,paip,TITAN,Conch1_5,knn,15,cosine,uniform,10,78,0.7734,b_refit_k,0.2,,False,0.818,0.7658,22,ok
not-a-reportable-config,paip,TITAN,Conch1_5,knn,15,cosine,uniform,10,78,0.7734,c_quantile,0.2,0.2252,False,0.818,0.7658,22,ok
not-a-reportable-config,paip,TITAN,Conch1_5,knn,20,cosine,uniform,11,78,0.7743,a_frozen,0.2,,False,0.7913,0.7743,21,ok
not-a-reportable-config,paip,TITAN,Conch1_5,knn,20,cosine,uniform,11,78,0.7743,b_refit_k,0.15,,False,0.7913,0.7319,26,ok
not-a-reportable-config,paip,TITAN,Conch1_5,knn,20,cosine,uniform,11,78,0.7743,c_quantile,0.25,0.1864,False,0.7913,0.7734,17,ok
not-a-reportable-config,paip,TITAN,Conch1_5,knn,25,cosine,uniform,12,78,0.7649,a_frozen,0.2,,False,0.7814,0.7649,18,ok
not-a-reportable-config,paip,TITAN,Conch1_5,knn,25,cosine,uniform,12,78,0.7649,b_refit_k,0.16,,False,0.7814,0.7404,25,ok
not-a-reportable-config,paip,TITAN,Conch1_5,knn,25,cosine,uniform,12,78,0.7649,c_quantile,0.263051,0.1743,False,0.7814,0.7293,14,ok
not-a-reportable-config,paip,TITAN,Conch1_5,knn,35,cosine,uniform,13,78,0.7658,a_frozen,0.2,,False,0.7788,0.7649,18,ok
not-a-reportable-config,paip,TITAN,Conch1_5,knn,35,cosine,uniform,13,78,0.7658,b_refit_k,0.142857,,False,0.7788,0.7404,25,ok
not-a-reportable-config,paip,TITAN,Conch1_5,knn,35,cosine,uniform,13,78,0.7658,c_quantile,0.285714,0.1404,False,0.7788,0.6334,13,ok
not-a-reportable-config,paip,TITAN,Conch1_5,knn,50,cosine,uniform,17,78,0.7556,a_frozen,0.2,,False,0.7935,0.7302,18,ok
not-a-reportable-config,paip,TITAN,Conch1_5,knn,50,cosine,uniform,17,78,0.7556,b_refit_k,0.12,,False,0.7935,0.698,30,ok
not-a-reportable-config,paip,TITAN,Conch1_5,knn,50,cosine,uniform,17,78,0.7556,c_quantile,0.28,0.109,False,0.7935,0.6851,11,ok
not-a-reportable-config,paip,TITAN,Conch1_5,knn,75,cosine,uniform,20,78,0.7649,a_frozen,0.2,,False,0.7988,0.7471,16,ok
not-a-reportable-config,paip,TITAN,Conch1_5,knn,75,cosine,uniform,20,78,0.7649,b_refit_k,0.133333,,False,0.7988,0.7141,24,ok
not-a-reportable-config,paip,TITAN,Conch1_5,knn,75,cosine,uniform,20,78,0.7649,c_quantile,0.267797,0.0508,False,0.7988,0.6053,4,ok
not-a-reportable-config,paip,TITAN,Conch1_5,knn,100,cosine,uniform,21,78,0.7904,a_frozen,0.2,,False,0.8185,0.7904,15,ok
not-a-reportable-config,paip,TITAN,Conch1_5,knn,100,cosine,uniform,21,78,0.7904,b_refit_k,0.12,,False,0.8185,0.7235,27,ok
not-a-reportable-config,paip,TITAN,Conch1_5,knn,100,cosine,uniform,21,78,0.7904,c_quantile,0.24661,0.0412,False,0.8185,0.6053,4,ok
