classifier,fold,WSI_ID,target,prob_pos,pred_at_0.5
lin,1,SR1482_40X_HE_T029_01,0,0.05101338965599973,0
lin,1,SR1482_40X_HE_T029_02,0,0.005858796016335362,0
lin,1,SR1482_40X_HE_T057_01,0,2.0485512584930886e-05,0
lin,1,SR1482_40X_HE_T063_01,1,0.8352730966561951,1
lin,1,SR1482_40X_HE_T063_02,1,0.002384319734576878,0
lin,1,SR1482_40X_HE_T065_01,0,0.7323028579156033,1
lin,1,SR1482_40X_HE_T065_02,0,0.00928591465904465,0
lin,1,SR1482_40X_HE_T066_01,0,0.9930691815154669,1
lin,1,SR1482_40X_HE_T066_02,0,0.004177766018477307,0
lin,1,SR1482_40X_HE_T068_01,0,0.0005744939638553839,0
lin,1,SR1482_40X_HE_T069_01,0,2.3705330411788614e-07,0
lin,1,SR1482_40X_HE_T069_02,0,6.525685190446013e-05,0
lin,1,SR1482_40X_HE_T079_01,1,8.271632887893972e-07,0
lin,1,SR1482_40X_HE_T079_02,1,0.0020878794928558962,0
lin,1,SR1482_40X_HE_T080_01,0,0.9989021059194738,1
lin,1,SR1482_40X_HE_T080_02,0,3.0038131679707504e-08,0
lin,1,SR1482_40X_HE_T081_01,0,1.2341894291886797e-09,0
lin,1,SR1482_40X_HE_T081_02,0,2.3243257559332404e-06,0
lin,1,SR1482_40X_HE_T099_01,0,2.8478610054973427e-05,0
lin,1,SR1482_40X_HE_T116_01,0,0.0003350513036637327,0
lin,1,SR1482_40X_HE_T117_01,0,0.000703550894803871,0
lin,1,SR1482_40X_HE_T117_02,0,0.0005178674813243107,0
lin,1,SR1482_40X_HE_T126_01,0,0.0003585883933125589,0
lin,1,SR1482_40X_HE_T129_01,0,0.006349463152421806,0
lin,1,SR1482_40X_HE_T129_02,0,0.19868292305738433,0
lin,1,SR1482_40X_HE_T139_01,0,0.8491663952113093,1
lin,1,SR1482_40X_HE_T139_02,0,0.48491568667935636,0
lin,1,SR1482_40X_HE_T147_01,0,0.9999871853817793,1
lin,1,SR1482_40X_HE_T147_02,0,0.999671589695813,1
lin,1,SR1482_40X_HE_T159_01,0,4.9188953863677966e-06,0
lin,1,SR1482_40X_HE_T159_02,0,0.5783665625406949,1
lin,1,SR1482_40X_HE_T192_01,0,4.3383838260202985e-06,0
lin,1,SR1482_40X_HE_T199_01,0,0.0297458829254858,0
lin,1,SR1482_40X_HE_T304_01,0,0.0003618842187250606,0
lin,1,SR1482_40X_HE_T304_02,0,0.015319203294716175,0
lin,1,SR1482_40X_HE_T310_01,1,0.023296271130820848,0
lin,1,SR1482_40X_HE_T310_02,1,0.023861045600371462,0
lin,1,SR1482_40X_HE_T341_01,0,3.8916491028894635e-09,0
lin,1,SR1482_40X_HE_T341_02,0,2.1459354370903652e-07,0
lin,1,SR1482_40X_HE_T353_01,0,1.7689944956861813e-05,0
lin,1,SR1482_40X_HE_T390_01,0,0.000647393946944658,0
lin,1,SR1482_40X_HE_T433_01,1,1.775473284289028e-06,0
lin,1,SR386_40X_HE_T003_01,0,0.0009744892890770157,0
lin,1,SR386_40X_HE_T004_01,0,0.003419183186634914,0
lin,1,SR386_40X_HE_T022_01,1,0.9998434436610275,1
lin,1,SR386_40X_HE_T030_01,0,0.9807245495580068,1
lin,1,SR386_40X_HE_T033_01,0,0.008284022365327338,0
lin,1,SR386_40X_HE_T036_01,0,1.5168908098723802e-06,0
lin,1,SR386_40X_HE_T038_01,0,7.3798935831341975e-06,0
lin,1,SR386_40X_HE_T049_01,0,6.645226426535714e-08,0
lin,1,SR386_40X_HE_T050_01,0,8.908249043824737e-07,0
lin,1,SR386_40X_HE_T060_01,0,9.054111418174872e-05,0
lin,1,SR386_40X_HE_T063_01,0,0.0002622956820381559,0
lin,1,SR386_40X_HE_T066_01,0,4.2736458661836225e-06,0
lin,1,SR386_40X_HE_T069_01,0,3.1945353934516427e-05,0
lin,1,SR386_40X_HE_T072_01,0,0.03588207840896238,0
lin,1,SR386_40X_HE_T074_01,0,2.5566636475295417e-05,0
lin,1,SR386_40X_HE_T078_01,0,9.966464192162299e-06,0
lin,1,SR386_40X_HE_T079_01,0,1.3815987189200817e-08,0
lin,1,SR386_40X_HE_T092_01,1,0.00020128582395208158,0
lin,1,SR386_40X_HE_T096_01,0,1.6622855603776595e-08,0
lin,1,SR386_40X_HE_T099_01,0,0.0007881213640139887,0
lin,1,SR386_40X_HE_T103_01,0,0.0009347145554478998,0
lin,1,SR386_40X_HE_T108_01,0,0.0002706809629538894,0
lin,1,SR386_40X_HE_T113_01,0,0.0002816023907882744,0
lin,1,SR386_40X_HE_T114_01,0,0.0007780852615777781,0
lin,1,SR386_40X_HE_T119_01,0,0.0028134162893465636,0
lin,1,SR386_40X_HE_T126_01,0,1.4954833760891078e-06,0
lin,1,SR386_40X_HE_T130_01,0,8.077997053084872e-07,0
lin,1,SR386_40X_HE_T131_01,0,0.0024348239330544783,0
lin,1,SR386_40X_HE_T135_01,0,0.018869219576887444,0
lin,1,SR386_40X_HE_T140_01,0,0.0036611040291576256,0
lin,1,SR386_40X_HE_T144_01,0,0.9260849237930562,1
lin,1,SR386_40X_HE_T147_01,0,0.0013268166248907578,0
lin,1,SR386_40X_HE_T148_01,0,0.0007154921241396652,0
lin,1,SR386_40X_HE_T160_01,0,1.5021604156218415e-06,0
lin,1,SR386_40X_HE_T169_01,0,3.4772760821105705e-11,0
lin,1,SR386_40X_HE_T170_01,1,0.721037354958043,1
lin,1,SR386_40X_HE_T172_01,0,0.9976246135862649,1
lin,1,SR386_40X_HE_T174_01,0,0.0002821036134566476,0
lin,1,SR386_40X_HE_T181_01,0,1.4061628273798107e-07,0
lin,1,SR386_40X_HE_T196_01,0,3.203455709972718e-08,0
lin,1,SR386_40X_HE_T205_01,0,0.49082454039932966,0
lin,1,SR386_40X_HE_T209_01,0,7.283093982706642e-05,0
lin,1,SR386_40X_HE_T210_01,0,0.3010494061601261,0
lin,1,SR386_40X_HE_T212_01,0,7.021437297355591e-07,0
lin,1,SR386_40X_HE_T221_01,0,1.1045398859748355e-06,0
lin,1,SR386_40X_HE_T224_01,0,0.0034778919346866895,0
lin,1,SR386_40X_HE_T231_01,1,0.23081063830385976,0
lin,1,SR386_40X_HE_T232_01,0,0.002539493289852254,0
lin,1,SR386_40X_HE_T247_01,0,5.5362085706179316e-08,0
lin,1,SR386_40X_HE_T252_01,0,4.40382763819634e-06,0
lin,1,SR386_40X_HE_T255_01,0,1.0243177346632566e-07,0
lin,1,SR386_40X_HE_T259_01,1,0.0003466166546946259,0
lin,1,SR386_40X_HE_T274_01,0,3.809304538759434e-06,0
lin,1,SR386_40X_HE_T275_01,0,0.10532895010674466,0
lin,1,SR386_40X_HE_T282_01,0,0.00013094648306319708,0
lin,1,SR386_40X_HE_T294_01,0,0.8766527150970244,1
lin,1,SR386_40X_HE_T311_01,0,1.9565128782104274e-05,0
lin,1,SR386_40X_HE_T315_01,0,0.00029354308229250013,0
lin,1,SR386_40X_HE_T319_01,1,0.00015076436989535502,0
lin,1,SR386_40X_HE_T324_01,1,0.015551035227945317,0
lin,1,SR386_40X_HE_T330_01,0,8.767209160666574e-10,0
lin,1,SR386_40X_HE_T333_01,0,0.049605820762048974,0
lin,1,SR386_40X_HE_T335_01,0,1.3561750939778264e-09,0
lin,1,SR386_40X_HE_T337_01,0,0.9054983478123295,1
lin,1,SR386_40X_HE_T344_01,0,0.000646681389918553,0
lin,1,SR386_40X_HE_T347_01,0,1.57681788961971e-06,0
lin,1,SR386_40X_HE_T350_01,0,1.8619205361137525e-05,0
lin,1,SR386_40X_HE_T351_01,0,0.0007277275995855385,0
lin,1,SR386_40X_HE_T360_01,0,2.1070872908274476e-10,0
lin,1,SR386_40X_HE_T361_01,0,1.2798972337884621e-05,0
lin,1,SR386_40X_HE_T366_01,0,0.0016807409776926885,0
lin,1,SR386_40X_HE_T377_01,1,0.5433454307646406,1
lin,1,SR386_40X_HE_T384_01,0,1.1025503951173932e-05,0
lin,1,SR386_40X_HE_T395_01,0,0.00018533971033097977,0
lin,1,SR386_40X_HE_T396_01,0,0.0011474457338391812,0
lin,1,SR386_40X_HE_T401_01,0,0.4925091260605174,0
lin,1,SR386_40X_HE_T408_01,0,3.4960542191615956e-05,0
lin,1,SR386_40X_HE_T410_01,0,6.95893561705412e-05,0
lin,1,SR386_40X_HE_T413_01,0,3.3922223038377375e-08,0
lin,1,SR386_40X_HE_T416_01,0,1.301493482439296e-07,0
lin,1,SR386_40X_HE_T418_01,0,0.0003633513243708143,0
lin,1,SR386_40X_HE_T419_01,0,0.0013352166227910884,0
lin,1,SR386_40X_HE_T421_01,0,0.00012890546683330336,0
lin,1,SR386_40X_HE_T423_01,0,1.8974919536351592e-08,0
lin,1,SR386_40X_HE_T428_01,0,3.19074455281651e-05,0
lin,1,SR386_40X_HE_T430_01,0,0.0004618227082360736,0
lin,1,SR386_40X_HE_T431_01,0,0.010432456543534707,0
lin,1,SR386_40X_HE_T435_01,0,0.12240755196350979,0
lin,1,SR386_40X_HE_T438_01,0,0.5699485097424151,1
lin,1,SR386_40X_HE_T439_01,0,0.03642580623745311,0
lin,1,SR386_40X_HE_T447_01,0,1.201800524493433e-10,0
lin,1,SR386_40X_HE_T449_01,0,0.0005021700273560272,0
lin,1,SR386_40X_HE_T454_01,0,7.317454810456784e-05,0
lin,1,SR386_40X_HE_T456_01,0,2.2014002905553215e-05,0
lin,1,SR386_40X_HE_T461_01,0,0.407361817938851,0
lin,1,SR386_40X_HE_T462_01,0,0.00018754112363572994,0
lin,1,SR386_40X_HE_T468_01,0,8.111014365007562e-06,0
lin,1,SR386_40X_HE_T469_01,1,0.5249419029950356,1
lin,1,SR386_40X_HE_T470_01,0,0.026770357406629083,0
lin,1,SR386_40X_HE_T471_01,0,1.255967228977519e-08,0
lin,1,SR386_40X_HE_T477_01,0,0.0005902644708616602,0
lin,1,SR386_40X_HE_T480_01,0,0.20668005845912207,0
lin,1,SR386_40X_HE_T484_01,0,0.06630394802615464,0
lin,1,SR386_40X_HE_T495_01,0,9.717086604853095e-10,0
lin,1,SR386_40X_HE_T496_01,0,2.351950768846e-11,0
lin,1,SR386_40X_HE_T498_01,0,0.9814828110505696,1
lin,1,SR386_40X_HE_T504_01,0,1.0778839363647259e-08,0
lin,1,SR386_40X_HE_T511_01,0,0.00022964476201096847,0
lin,1,SR386_40X_HE_T517_01,0,0.8302811743068277,1
lin,1,SR386_40X_HE_T523_01,0,6.172320843363082e-07,0
lin,1,SR386_40X_HE_T529_01,0,2.5442619138057353e-07,0
lin,1,SR386_40X_HE_T542_01,0,6.378982560482757e-10,0
lin,1,SR386_40X_HE_T569_01,0,0.51826292476186,1
lin,1,SR386_40X_HE_T582_01,0,6.753493191266452e-08,0
lin,2,SR1482_40X_HE_T009_01,0,1.0871743003081333e-10,0
lin,2,SR1482_40X_HE_T009_02,0,4.990510791458561e-09,0
lin,2,SR1482_40X_HE_T015_01,0,1.0064162418448944e-07,0
lin,2,SR1482_40X_HE_T021_01,0,4.3358678201745456e-06,0
lin,2,SR1482_40X_HE_T067_01,0,3.793306587120486e-07,0
lin,2,SR1482_40X_HE_T075_01,0,2.138619822783411e-06,0
lin,2,SR1482_40X_HE_T075_02,0,0.12774998157304307,0
lin,2,SR1482_40X_HE_T098_01,0,1.4387076519013385e-09,0
lin,2,SR1482_40X_HE_T098_02,0,7.944043668843217e-06,0
lin,2,SR1482_40X_HE_T102_01,0,0.0021951464853620516,0
lin,2,SR1482_40X_HE_T123_01,0,0.0020138890414526495,0
lin,2,SR1482_40X_HE_T142_01,0,0.0002709043804142453,0
lin,2,SR1482_40X_HE_T146_01,0,0.9949170008903296,1
lin,2,SR1482_40X_HE_T148_01,0,0.03502220050642462,0
lin,2,SR1482_40X_HE_T148_02,0,0.0107595883530247,0
lin,2,SR1482_40X_HE_T154_01,0,9.781197888987799e-05,0
lin,2,SR1482_40X_HE_T158_01,0,8.905169983701203e-05,0
lin,2,SR1482_40X_HE_T161_01,0,4.081881472901743e-05,0
lin,2,SR1482_40X_HE_T161_02,0,0.004155782889145167,0
lin,2,SR1482_40X_HE_T164_01,1,1.3005794928571671e-05,0
lin,2,SR1482_40X_HE_T164_02,1,0.5371001505505446,1
lin,2,SR1482_40X_HE_T168_01,0,0.2343339851538404,0
lin,2,SR1482_40X_HE_T171_01,0,9.162115358767668e-08,0
lin,2,SR1482_40X_HE_T171_02,0,7.214975229473357e-06,0
lin,2,SR1482_40X_HE_T178_01,1,7.843056218885975e-10,0
lin,2,SR1482_40X_HE_T186_01,0,0.0028693367460559008,0
lin,2,SR1482_40X_HE_T193_01,0,0.07472305939338976,0
lin,2,SR1482_40X_HE_T193_02,0,0.999491928698253,1
lin,2,SR1482_40X_HE_T209_01,0,1.8414569236502318e-06,0
lin,2,SR1482_40X_HE_T209_02,0,0.020829567984231606,0
lin,2,SR1482_40X_HE_T245_01,0,1.9368826623327243e-06,0
lin,2,SR1482_40X_HE_T245_02,0,4.6540438413415216e-05,0
lin,2,SR1482_40X_HE_T265_01,0,0.0005772781915294845,0
lin,2,SR1482_40X_HE_T302_01,0,0.0018914636562177404,0
lin,2,SR1482_40X_HE_T343_01,1,0.0020686643850092784,0
lin,2,SR1482_40X_HE_T343_02,1,0.966439010058633,1
lin,2,SR1482_40X_HE_T399_01,0,0.02042015341651071,0
lin,2,SR1482_40X_HE_T399_02,0,0.0013341909414296108,0
lin,2,SR1482_40X_HE_T426_01,0,8.09863733401534e-05,0
lin,2,SR1482_40X_HE_T426_02,0,0.00018368644602620546,0
lin,2,SR386_40X_HE_T001_01,0,0.00043502685103551537,0
lin,2,SR386_40X_HE_T013_01,0,0.00010501515355191634,0
lin,2,SR386_40X_HE_T018_01,0,0.00027480715595653714,0
lin,2,SR386_40X_HE_T019_01,0,0.00010158388171965206,0
lin,2,SR386_40X_HE_T024_01,0,3.3822205813800235e-10,0
lin,2,SR386_40X_HE_T039_01,0,3.998791930340345e-09,0
lin,2,SR386_40X_HE_T040_01,1,0.9982410264794347,1
lin,2,SR386_40X_HE_T042_01,0,0.006102950065559481,0
lin,2,SR386_40X_HE_T047_01,0,2.6799090443355666e-09,0
lin,2,SR386_40X_HE_T051_01,0,3.762142210301955e-09,0
lin,2,SR386_40X_HE_T052_01,0,0.00287675819005912,0
lin,2,SR386_40X_HE_T056_01,0,1.9055511005082917e-08,0
lin,2,SR386_40X_HE_T057_01,0,2.078420014189785e-07,0
lin,2,SR386_40X_HE_T070_01,0,7.688032143801196e-06,0
lin,2,SR386_40X_HE_T082_01,0,5.38454518435361e-05,0
lin,2,SR386_40X_HE_T084_01,0,4.585991939735031e-07,0
lin,2,SR386_40X_HE_T087_01,0,0.9445769807211436,1
lin,2,SR386_40X_HE_T088_01,0,0.7551633396854593,1
lin,2,SR386_40X_HE_T098_01,0,0.9899622410994853,1
lin,2,SR386_40X_HE_T105_01,0,3.6504579019106586e-09,0
lin,2,SR386_40X_HE_T122_01,0,6.883101828974971e-07,0
lin,2,SR386_40X_HE_T123_01,0,1.0429125751549691e-06,0
lin,2,SR386_40X_HE_T133_01,0,1.7487898858058078e-07,0
lin,2,SR386_40X_HE_T145_01,0,0.009343864261972758,0
lin,2,SR386_40X_HE_T150_01,0,0.32953077801319924,0
lin,2,SR386_40X_HE_T152_01,0,0.001033246102563716,0
lin,2,SR386_40X_HE_T155_01,0,1.0623626931838365e-06,0
lin,2,SR386_40X_HE_T157_01,0,1.5238215547291052e-06,0
lin,2,SR386_40X_HE_T164_01,0,9.51480834682744e-07,0
lin,2,SR386_40X_HE_T166_01,0,0.0035093661301619635,0
lin,2,SR386_40X_HE_T176_01,1,0.0010043994650612766,0
lin,2,SR386_40X_HE_T177_01,0,2.129163290795501e-08,0
lin,2,SR386_40X_HE_T178_01,0,0.002106976473365056,0
lin,2,SR386_40X_HE_T187_01,0,0.001011952294776372,0
lin,2,SR386_40X_HE_T190_01,0,1.1229917167105867e-10,0
lin,2,SR386_40X_HE_T192_01,0,4.379300872862232e-06,0
lin,2,SR386_40X_HE_T198_01,0,5.144463921012419e-07,0
lin,2,SR386_40X_HE_T200_01,0,0.015080402326918978,0
lin,2,SR386_40X_HE_T206_01,1,0.5435606367973538,1
lin,2,SR386_40X_HE_T211_01,0,5.523459495835399e-12,0
lin,2,SR386_40X_HE_T213_01,0,1.0328120924341844e-05,0
lin,2,SR386_40X_HE_T214_01,0,0.0006689701995227541,0
lin,2,SR386_40X_HE_T220_01,0,2.1124700890978516e-07,0
lin,2,SR386_40X_HE_T230_01,1,0.9999548925796461,1
lin,2,SR386_40X_HE_T236_01,0,2.0022918456339133e-05,0
lin,2,SR386_40X_HE_T237_01,0,9.904949841424442e-06,0
lin,2,SR386_40X_HE_T240_01,0,1.5476779760762708e-07,0
lin,2,SR386_40X_HE_T241_01,0,1.6301862438288874e-05,0
lin,2,SR386_40X_HE_T242_01,0,7.045851174571959e-06,0
lin,2,SR386_40X_HE_T253_01,0,2.8677246460742703e-08,0
lin,2,SR386_40X_HE_T260_01,0,7.575897955830091e-08,0
lin,2,SR386_40X_HE_T262_01,0,0.00019175539941910253,0
lin,2,SR386_40X_HE_T264_01,0,0.019519522474351104,0
lin,2,SR386_40X_HE_T271_01,0,2.981959683986841e-11,0
lin,2,SR386_40X_HE_T281_01,0,2.0262940196960743e-06,0
lin,2,SR386_40X_HE_T297_01,0,2.696295313607398e-10,0
lin,2,SR386_40X_HE_T299_01,0,1.0385777983234194e-07,0
lin,2,SR386_40X_HE_T301_01,0,9.205909056584892e-09,0
lin,2,SR386_40X_HE_T306_01,0,1.3655426245019286e-06,0
lin,2,SR386_40X_HE_T309_01,0,0.000541012227948496,0
lin,2,SR386_40X_HE_T314_01,0,0.0007309532022382948,0
lin,2,SR386_40X_HE_T316_01,0,0.06410317492440544,0
lin,2,SR386_40X_HE_T318_01,0,1.9506188092104122e-06,0
lin,2,SR386_40X_HE_T321_01,0,0.9589025525175351,1
lin,2,SR386_40X_HE_T326_01,0,6.829279152362265e-07,0
lin,2,SR386_40X_HE_T327_01,0,5.25357300481778e-06,0
lin,2,SR386_40X_HE_T332_01,1,2.5611104524698737e-05,0
lin,2,SR386_40X_HE_T355_01,0,0.0001036763103379046,0
lin,2,SR386_40X_HE_T364_01,0,0.00010768309089100801,0
lin,2,SR386_40X_HE_T368_01,1,2.3565257006210183e-05,0
lin,2,SR386_40X_HE_T374_01,0,1.1493890327190411e-07,0
lin,2,SR386_40X_HE_T380_01,0,0.008413235670916773,0
lin,2,SR386_40X_HE_T382_01,0,1.952029905563542e-08,0
lin,2,SR386_40X_HE_T392_01,0,7.231934804005859e-10,0
lin,2,SR386_40X_HE_T398_01,0,0.00015338352291433989,0
lin,2,SR386_40X_HE_T402_01,1,0.0003673367622755765,0
lin,2,SR386_40X_HE_T404_01,0,1.3406582882464984e-08,0
lin,2,SR386_40X_HE_T415_01,0,1.6658718316170373e-08,0
lin,2,SR386_40X_HE_T417_01,0,2.1621361985864188e-07,0
lin,2,SR386_40X_HE_T425_01,0,2.8987390477126746e-06,0
lin,2,SR386_40X_HE_T436_01,1,0.5649567165716598,1
lin,2,SR386_40X_HE_T437_01,0,0.011838532665932516,0
lin,2,SR386_40X_HE_T440_01,0,1.7933773843366574e-07,0
lin,2,SR386_40X_HE_T445_01,0,4.342223238097911e-05,0
lin,2,SR386_40X_HE_T450_01,0,0.012124639623475016,0
lin,2,SR386_40X_HE_T459_01,0,1.0533576566910823e-08,0
lin,2,SR386_40X_HE_T472_01,0,4.335323417782978e-06,0
lin,2,SR386_40X_HE_T481_01,0,0.009661639959624836,0
lin,2,SR386_40X_HE_T483_01,0,6.075941428844399e-06,0
lin,2,SR386_40X_HE_T486_01,0,1.969960414866418e-06,0
lin,2,SR386_40X_HE_T488_01,0,1.1969626129248128e-09,0
lin,2,SR386_40X_HE_T499_01,0,1.3653360091460474e-07,0
lin,2,SR386_40X_HE_T507_01,0,0.0009067919336184452,0
lin,2,SR386_40X_HE_T514_01,0,7.350284181009353e-08,0
lin,2,SR386_40X_HE_T520_01,1,0.0004134444053347731,0
lin,2,SR386_40X_HE_T522_01,0,3.033457532840684e-06,0
lin,2,SR386_40X_HE_T531_01,0,8.786911373386645e-06,0
lin,2,SR386_40X_HE_T535_01,0,7.657972599281216e-10,0
lin,2,SR386_40X_HE_T539_01,0,0.0038242413425768956,0
lin,2,SR386_40X_HE_T549_01,0,1.5200147789122877e-11,0
lin,2,SR386_40X_HE_T552_01,0,8.775214497617647e-09,0
lin,2,SR386_40X_HE_T553_01,0,3.133471241548843e-05,0
lin,2,SR386_40X_HE_T554_01,0,0.00010266223395167486,0
lin,2,SR386_40X_HE_T558_01,0,0.00013236806875643005,0
lin,2,SR386_40X_HE_T564_01,0,1.1452706710903618e-07,0
lin,2,SR386_40X_HE_T570_01,0,0.06566169861180843,0
lin,2,SR386_40X_HE_T574_01,0,1.4952670998969933e-07,0
lin,2,SR386_40X_HE_T578_01,0,7.457992115935933e-09,0
lin,2,SR386_40X_HE_T580_01,0,1.5203381792283372e-09,0
lin,3,SR1482_40X_HE_T005_01,0,0.9775976594351485,1
lin,3,SR1482_40X_HE_T005_02,0,0.0004372924853298817,0
lin,3,SR1482_40X_HE_T010_01,0,3.582187818845951e-07,0
lin,3,SR1482_40X_HE_T043_01,0,0.0474620723654967,0
lin,3,SR1482_40X_HE_T043_02,0,0.9108532407611654,1
lin,3,SR1482_40X_HE_T049_01,0,9.026571108602487e-07,0
lin,3,SR1482_40X_HE_T061_01,0,0.2596583455468273,0
lin,3,SR1482_40X_HE_T061_02,0,0.40657695673743416,0
lin,3,SR1482_40X_HE_T070_01,1,5.077411578521538e-06,0
lin,3,SR1482_40X_HE_T073_01,0,4.1135590516776104e-07,0
lin,3,SR1482_40X_HE_T082_01,0,1.860416574980941e-05,0
lin,3,SR1482_40X_HE_T082_02,0,0.01043212686613676,0
lin,3,SR1482_40X_HE_T089_01,0,8.58731952126525e-09,0
lin,3,SR1482_40X_HE_T090_01,0,7.96140016801035e-07,0
lin,3,SR1482_40X_HE_T094_01,1,0.029611794344235522,0
lin,3,SR1482_40X_HE_T094_02,1,0.00709325365203296,0
lin,3,SR1482_40X_HE_T105_01,0,1.4081605595949e-05,0
lin,3,SR1482_40X_HE_T115_01,0,9.907484787245755e-08,0
lin,3,SR1482_40X_HE_T115_02,0,9.10533476916472e-06,0
lin,3,SR1482_40X_HE_T118_01,0,0.5420253807624721,1
lin,3,SR1482_40X_HE_T118_02,0,0.0017717217082233335,0
lin,3,SR1482_40X_HE_T120_01,0,0.326196455517014,0
lin,3,SR1482_40X_HE_T120_02,0,0.03491492661279281,0
lin,3,SR1482_40X_HE_T124_01,0,0.9921166315913341,1
lin,3,SR1482_40X_HE_T124_02,0,0.5697611621386541,1
lin,3,SR1482_40X_HE_T138_01,0,2.637487035769803e-05,0
lin,3,SR1482_40X_HE_T160_01,0,9.214330790177356e-08,0
lin,3,SR1482_40X_HE_T160_02,0,1.1411967754895834e-08,0
lin,3,SR1482_40X_HE_T167_01,0,0.000609777311853657,0
lin,3,SR1482_40X_HE_T167_02,0,0.8281899638725603,1
lin,3,SR1482_40X_HE_T175_01,0,1.6717401800049463e-06,0
lin,3,SR1482_40X_HE_T175_02,0,0.00019434456662045313,0
lin,3,SR1482_40X_HE_T177_01,1,0.0002667597518514465,0
lin,3,SR1482_40X_HE_T188_01,0,9.879434709468939e-06,0
lin,3,SR1482_40X_HE_T195_01,0,0.0024669026577702133,0
lin,3,SR1482_40X_HE_T195_02,0,8.516233609205823e-08,0
lin,3,SR1482_40X_HE_T202_01,0,4.307760043298423e-05,0
lin,3,SR1482_40X_HE_T202_02,0,8.766945540427835e-05,0
lin,3,SR1482_40X_HE_T225_01,0,4.005053306738657e-07,0
lin,3,SR1482_40X_HE_T225_02,0,1.1546735833607375e-10,0
lin,3,SR1482_40X_HE_T235_01,0,2.646793677130891e-07,0
lin,3,SR1482_40X_HE_T235_02,0,3.631752301459916e-07,0
lin,3,SR1482_40X_HE_T236_01,0,3.0070043269459836e-08,0
lin,3,SR1482_40X_HE_T236_02,0,8.639038855516647e-06,0
lin,3,SR1482_40X_HE_T258_01,0,0.001238138032538697,0
lin,3,SR1482_40X_HE_T258_02,0,1.813387107668604e-07,0
lin,3,SR1482_40X_HE_T284_01,1,0.009589882043122538,0
lin,3,SR1482_40X_HE_T284_02,1,0.00014027375679738418,0
lin,3,SR1482_40X_HE_T301_01,1,1.387390266808649e-08,0
lin,3,SR1482_40X_HE_T301_02,1,1.4439612129508706e-05,0
lin,3,SR1482_40X_HE_T309_01,0,3.056588715165919e-05,0
lin,3,SR1482_40X_HE_T313_01,0,0.006410254387329752,0
lin,3,SR1482_40X_HE_T313_02,0,0.001279298037871609,0
lin,3,SR1482_40X_HE_T338_01,0,0.0009111564981091445,0
lin,3,SR1482_40X_HE_T344_01,0,0.010141617702896852,0
lin,3,SR1482_40X_HE_T344_02,0,0.12394638510593434,0
lin,3,SR1482_40X_HE_T346_01,0,0.0003099070181016397,0
lin,3,SR1482_40X_HE_T346_02,0,0.9625175379516173,1
lin,3,SR1482_40X_HE_T377_01,0,0.00048375906988054856,0
lin,3,SR1482_40X_HE_T377_02,0,4.762246073365972e-09,0
lin,3,SR1482_40X_HE_T419_01,0,0.013264541028474977,0
lin,3,SR1482_40X_HE_T427_01,0,4.730157441783056e-08,0
lin,3,SR1482_40X_HE_T427_02,0,3.1914759451967473e-07,0
lin,3,SR386_40X_HE_T007_01,0,0.34596421436400404,0
lin,3,SR386_40X_HE_T015_01,0,0.8249257561117838,1
lin,3,SR386_40X_HE_T017_01,1,0.7703015828164304,1
lin,3,SR386_40X_HE_T032_01,0,0.0008548134491646675,0
lin,3,SR386_40X_HE_T034_01,0,1.5731556395294284e-05,0
lin,3,SR386_40X_HE_T035_01,0,0.06914037169773402,0
lin,3,SR386_40X_HE_T041_01,0,0.9930247190956801,1
lin,3,SR386_40X_HE_T067_01,0,1.5939029798560674e-07,0
lin,3,SR386_40X_HE_T075_01,0,6.932686103030684e-06,0
lin,3,SR386_40X_HE_T081_01,0,3.840237089811657e-05,0
lin,3,SR386_40X_HE_T083_01,0,0.0012073256040354419,0
lin,3,SR386_40X_HE_T085_01,0,8.84005492543216e-09,0
lin,3,SR386_40X_HE_T095_01,0,0.08512411773783082,0
lin,3,SR386_40X_HE_T104_01,0,7.343721464412473e-07,0
lin,3,SR386_40X_HE_T106_01,0,0.00014321883549513035,0
lin,3,SR386_40X_HE_T112_01,0,3.7412421787175547e-07,0
lin,3,SR386_40X_HE_T128_01,0,0.004863541178156799,0
lin,3,SR386_40X_HE_T132_01,0,1.7829466875417258e-07,0
lin,3,SR386_40X_HE_T138_01,0,0.0029191246693542894,0
lin,3,SR386_40X_HE_T142_01,0,0.00020617397772241213,0
lin,3,SR386_40X_HE_T149_01,0,0.00020824034323472094,0
lin,3,SR386_40X_HE_T165_01,1,0.0700359534008909,0
lin,3,SR386_40X_HE_T179_01,0,0.004034817267765992,0
lin,3,SR386_40X_HE_T180_01,0,0.00011879435848418247,0
lin,3,SR386_40X_HE_T182_01,0,0.012872831370648045,0
lin,3,SR386_40X_HE_T184_01,0,0.0003918002282913138,0
lin,3,SR386_40X_HE_T188_01,0,5.258087160981071e-08,0
lin,3,SR386_40X_HE_T191_01,0,0.003186435222820609,0
lin,3,SR386_40X_HE_T197_01,0,0.0012088183970780236,0
lin,3,SR386_40X_HE_T201_01,0,1.99917813667673e-08,0
lin,3,SR386_40X_HE_T202_01,0,6.851257166990456e-10,0
lin,3,SR386_40X_HE_T208_01,0,2.2316204313189899e-07,0
lin,3,SR386_40X_HE_T216_01,1,0.5121035054901373,1
lin,3,SR386_40X_HE_T238_01,0,4.2327247824375834e-07,0
lin,3,SR386_40X_HE_T244_01,0,7.512994616928582e-07,0
lin,3,SR386_40X_HE_T248_01,0,2.227879076730083e-09,0
lin,3,SR386_40X_HE_T249_01,0,3.2184530014811287e-10,0
lin,3,SR386_40X_HE_T250_01,0,2.3296493744307126e-05,0
lin,3,SR386_40X_HE_T263_01,0,8.995446085155588e-07,0
lin,3,SR386_40X_HE_T267_01,0,0.00044882311033238325,0
lin,3,SR386_40X_HE_T269_01,0,3.2843410941879687e-06,0
lin,3,SR386_40X_HE_T277_01,0,8.18925023534724e-05,0
lin,3,SR386_40X_HE_T286_01,0,0.014402809540338778,0
lin,3,SR386_40X_HE_T287_01,0,0.008916675702608656,0
lin,3,SR386_40X_HE_T290_01,0,0.020759343879880477,0
lin,3,SR386_40X_HE_T293_01,0,1.0427018088646878e-06,0
lin,3,SR386_40X_HE_T298_01,0,0.00036808477319905195,0
lin,3,SR386_40X_HE_T303_01,0,3.0883458096260497e-08,0
lin,3,SR386_40X_HE_T312_01,0,1.2679214741233032e-05,0
lin,3,SR386_40X_HE_T329_01,0,0.08287885231128504,0
lin,3,SR386_40X_HE_T336_01,0,0.00021235405641481978,0
lin,3,SR386_40X_HE_T338_01,0,0.0003944351046238845,0
lin,3,SR386_40X_HE_T342_01,0,1.640068026638288e-05,0
lin,3,SR386_40X_HE_T353_01,0,1.6292768184447892e-05,0
lin,3,SR386_40X_HE_T357_01,0,5.226182403424391e-09,0
lin,3,SR386_40X_HE_T362_01,0,3.921586859526492e-08,0
lin,3,SR386_40X_HE_T363_01,1,0.37818198466127023,0
lin,3,SR386_40X_HE_T372_01,0,0.46536841363979137,0
lin,3,SR386_40X_HE_T378_01,0,3.015161709621214e-08,0
lin,3,SR386_40X_HE_T379_01,0,2.4488213879222243e-07,0
lin,3,SR386_40X_HE_T386_01,0,0.02078750989787507,0
lin,3,SR386_40X_HE_T387_01,0,8.044005515123021e-09,0
lin,3,SR386_40X_HE_T393_01,0,4.009608247210557e-05,0
lin,3,SR386_40X_HE_T397_01,0,0.2687691407265726,0
lin,3,SR386_40X_HE_T406_01,0,6.230258130972682e-07,0
lin,3,SR386_40X_HE_T409_01,0,1.430202862198615e-06,0
lin,3,SR386_40X_HE_T422_01,0,1.8297187344160474e-06,0
lin,3,SR386_40X_HE_T426_01,0,5.170349589219124e-05,0
lin,3,SR386_40X_HE_T433_01,0,0.0001712516052635263,0
lin,3,SR386_40X_HE_T443_01,0,0.9087046100643842,1
lin,3,SR386_40X_HE_T448_01,0,0.008472237943946876,0
lin,3,SR386_40X_HE_T452_01,0,0.003192232595285199,0
lin,3,SR386_40X_HE_T460_01,1,0.29525176877928966,0
lin,3,SR386_40X_HE_T473_01,0,6.820404716542937e-07,0
lin,3,SR386_40X_HE_T475_01,0,1.3217157017595846e-08,0
lin,3,SR386_40X_HE_T478_01,0,2.7543829763262355e-06,0
lin,3,SR386_40X_HE_T489_01,1,7.669359321123725e-07,0
lin,3,SR386_40X_HE_T491_01,0,0.04713552981203028,0
lin,3,SR386_40X_HE_T492_01,0,3.242435566200139e-08,0
lin,3,SR386_40X_HE_T493_01,0,1.062070942450612e-07,0
lin,3,SR386_40X_HE_T502_01,0,1.077024937894054e-08,0
lin,3,SR386_40X_HE_T505_01,0,0.004103346946918194,0
lin,3,SR386_40X_HE_T506_01,0,0.0003741915409537409,0
lin,3,SR386_40X_HE_T509_01,0,0.004796953374824501,0
lin,3,SR386_40X_HE_T516_01,0,0.0009382260984389304,0
lin,3,SR386_40X_HE_T518_01,0,6.368838689803109e-11,0
lin,3,SR386_40X_HE_T519_01,0,3.356835993477272e-07,0
lin,3,SR386_40X_HE_T521_01,0,5.451108205069208e-10,0
lin,3,SR386_40X_HE_T526_01,0,0.0016692342909994443,0
lin,3,SR386_40X_HE_T533_01,0,1.2714080653921317e-05,0
lin,3,SR386_40X_HE_T543_01,0,1.1557336190368454e-06,0
lin,3,SR386_40X_HE_T544_01,0,0.0018607379554522819,0
lin,3,SR386_40X_HE_T556_01,1,0.0001059968127120559,0
lin,3,SR386_40X_HE_T560_01,0,0.07049154590895206,0
lin,3,SR386_40X_HE_T563_01,0,1.6821967080383115e-08,0
lin,3,SR386_40X_HE_T568_01,0,0.01491179704267057,0
lin,3,SR386_40X_HE_T571_01,0,0.0002926938375707337,0
lin,3,SR386_40X_HE_T572_01,0,0.00037821863039583687,0
lin,3,SR386_40X_HE_T573_01,0,0.016703798721222008,0
lin,3,SR386_40X_HE_T583_01,0,0.028421949091940336,0
lin,4,SR1482_40X_HE_T002_01,0,0.030184459268074573,0
lin,4,SR1482_40X_HE_T003_01,0,0.00956848673266249,0
lin,4,SR1482_40X_HE_T004_01,0,1.13316789080461e-09,0
lin,4,SR1482_40X_HE_T004_02,0,2.4224847702020786e-09,0
lin,4,SR1482_40X_HE_T011_01,0,8.497730761115265e-09,0
lin,4,SR1482_40X_HE_T025_01,0,0.06843320458508077,0
lin,4,SR1482_40X_HE_T025_02,0,0.794395940064013,1
lin,4,SR1482_40X_HE_T060_01,0,1.1955632802825806e-06,0
lin,4,SR1482_40X_HE_T062_01,0,0.08902839257979298,0
lin,4,SR1482_40X_HE_T062_02,0,6.47829137674988e-07,0
lin,4,SR1482_40X_HE_T064_01,0,1.9329170921032892e-05,0
lin,4,SR1482_40X_HE_T064_02,0,6.151668121188115e-07,0
lin,4,SR1482_40X_HE_T071_01,0,1.396618498811419e-05,0
lin,4,SR1482_40X_HE_T071_02,0,1.4794973565471536e-05,0
lin,4,SR1482_40X_HE_T074_01,0,6.218646076269872e-09,0
lin,4,SR1482_40X_HE_T074_02,0,3.6954661614772366e-06,0
lin,4,SR1482_40X_HE_T083_01,0,0.0009966306185186162,0
lin,4,SR1482_40X_HE_T083_02,0,0.0008067264795234471,0
lin,4,SR1482_40X_HE_T087_01,0,5.704499046385753e-07,0
lin,4,SR1482_40X_HE_T097_01,1,0.4338465892760738,0
lin,4,SR1482_40X_HE_T097_02,1,1.2687951926628978e-05,0
lin,4,SR1482_40X_HE_T108_01,0,7.805035327292736e-06,0
lin,4,SR1482_40X_HE_T113_01,0,0.0015679450873473555,0
lin,4,SR1482_40X_HE_T113_02,0,0.0022617334358349473,0
lin,4,SR1482_40X_HE_T121_01,0,1.6480013989248823e-12,0
lin,4,SR1482_40X_HE_T122_01,0,2.446143927141793e-09,0
lin,4,SR1482_40X_HE_T125_01,0,0.018243936751375138,0
lin,4,SR1482_40X_HE_T125_02,0,0.050159218198978624,0
lin,4,SR1482_40X_HE_T131_01,0,0.008875253147018083,0
lin,4,SR1482_40X_HE_T131_02,0,0.3679051114388034,0
lin,4,SR1482_40X_HE_T132_01,0,1.4388893728928187e-05,0
lin,4,SR1482_40X_HE_T132_02,0,3.50744622030958e-05,0
lin,4,SR1482_40X_HE_T143_01,0,0.0007443986371236993,0
lin,4,SR1482_40X_HE_T143_02,0,0.3350515023751237,0
lin,4,SR1482_40X_HE_T166_01,1,2.3089795432594875e-05,0
lin,4,SR1482_40X_HE_T169_01,0,0.0001596958246752477,0
lin,4,SR1482_40X_HE_T176_01,1,0.0003763211168417646,0
lin,4,SR1482_40X_HE_T176_02,1,0.039842558503421444,0
lin,4,SR1482_40X_HE_T191_01,0,4.0604565663889564e-14,0
lin,4,SR1482_40X_HE_T194_01,0,0.0058379958281874296,0
lin,4,SR1482_40X_HE_T218_01,0,2.3808540241084747e-05,0
lin,4,SR1482_40X_HE_T253_01,0,0.001667189626102444,0
lin,4,SR1482_40X_HE_T290_01,0,0.0004261413449832665,0
lin,4,SR1482_40X_HE_T308_01,0,0.021339522973628577,0
lin,4,SR1482_40X_HE_T314_01,0,0.29172798667840205,0
lin,4,SR1482_40X_HE_T314_02,0,0.9992674052354965,1
lin,4,SR1482_40X_HE_T372_01,1,0.7905783996753296,1
lin,4,SR1482_40X_HE_T372_02,1,0.01147926988430604,0
lin,4,SR1482_40X_HE_T408_01,0,1.2430741960683003e-05,0
lin,4,SR1482_40X_HE_T412_01,0,5.85145093463848e-05,0
lin,4,SR1482_40X_HE_T425_01,0,2.033254473387716e-05,0
lin,4,SR1482_40X_HE_T434_01,1,0.0012539495748314499,0
lin,4,SR386_40X_HE_T006_01,0,6.036009973661467e-06,0
lin,4,SR386_40X_HE_T010_01,0,0.00025223679016444297,0
lin,4,SR386_40X_HE_T014_01,0,4.0002409639891257e-05,0
lin,4,SR386_40X_HE_T016_01,0,0.00020482067780296792,0
lin,4,SR386_40X_HE_T020_01,0,2.1634171293222737e-06,0
lin,4,SR386_40X_HE_T027_01,0,0.010429841966195117,0
lin,4,SR386_40X_HE_T028_01,0,1.929997160775843e-06,0
lin,4,SR386_40X_HE_T037_01,0,1.1783489526124464e-08,0
lin,4,SR386_40X_HE_T043_01,0,2.907075854297268e-05,0
lin,4,SR386_40X_HE_T044_01,1,0.008173000670923775,0
lin,4,SR386_40X_HE_T046_01,0,0.02153048409203433,0
lin,4,SR386_40X_HE_T058_01,0,1.297828502694736e-09,0
lin,4,SR386_40X_HE_T062_01,0,3.162314329501408e-09,0
lin,4,SR386_40X_HE_T065_01,1,0.005710104984617622,0
lin,4,SR386_40X_HE_T080_01,0,1.5696023552254365e-06,0
lin,4,SR386_40X_HE_T091_01,0,0.0002515899941629811,0
lin,4,SR386_40X_HE_T094_01,0,9.330218895449254e-10,0
lin,4,SR386_40X_HE_T097_01,0,0.00010745154116769105,0
lin,4,SR386_40X_HE_T100_01,0,8.11610431644645e-07,0
lin,4,SR386_40X_HE_T107_01,0,0.000717117289176956,0
lin,4,SR386_40X_HE_T109_01,1,0.12792525660895945,0
lin,4,SR386_40X_HE_T110_01,0,0.0002968915912352373,0
lin,4,SR386_40X_HE_T117_01,0,0.016452374104519385,0
lin,4,SR386_40X_HE_T127_01,0,1.928220579686118e-05,0
lin,4,SR386_40X_HE_T129_01,0,1.1582093889599606e-08,0
lin,4,SR386_40X_HE_T136_01,0,1.0857481638592696e-06,0
lin,4,SR386_40X_HE_T154_01,0,0.0034216594274518288,0
lin,4,SR386_40X_HE_T168_01,1,0.5508688184002911,1
lin,4,SR386_40X_HE_T175_01,0,2.22278297605982e-07,0
lin,4,SR386_40X_HE_T189_01,0,3.378322622070553e-07,0
lin,4,SR386_40X_HE_T195_01,0,3.2239716147083915e-07,0
lin,4,SR386_40X_HE_T227_01,0,4.789634489646622e-07,0
lin,4,SR386_40X_HE_T233_01,0,0.0002418746398435394,0
lin,4,SR386_40X_HE_T234_01,0,0.0435563681919295,0
lin,4,SR386_40X_HE_T235_01,0,2.5775327920164518e-06,0
lin,4,SR386_40X_HE_T239_01,0,2.2350658522235698e-05,0
lin,4,SR386_40X_HE_T245_01,0,1.9493719086948727e-09,0
lin,4,SR386_40X_HE_T256_01,0,6.706936233842788e-05,0
lin,4,SR386_40X_HE_T265_01,0,3.8494903612458e-05,0
lin,4,SR386_40X_HE_T268_01,0,1.3432196123228251e-05,0
lin,4,SR386_40X_HE_T270_01,0,2.036058580834496e-06,0
lin,4,SR386_40X_HE_T272_01,0,0.006589317986212999,0
lin,4,SR386_40X_HE_T273_01,0,6.687043145549823e-05,0
lin,4,SR386_40X_HE_T276_01,0,0.005091627224335846,0
lin,4,SR386_40X_HE_T278_01,1,0.057027495048124474,0
lin,4,SR386_40X_HE_T284_01,0,3.7167836067202742e-06,0
lin,4,SR386_40X_HE_T285_01,0,8.426918884332329e-10,0
lin,4,SR386_40X_HE_T288_01,0,2.9926367697031805e-07,0
lin,4,SR386_40X_HE_T291_01,0,0.006684733278864692,0
lin,4,SR386_40X_HE_T300_01,0,1.6996695787211275e-05,0
lin,4,SR386_40X_HE_T302_01,0,0.0038386001932506145,0
lin,4,SR386_40X_HE_T305_01,0,1.1892398094148945e-05,0
lin,4,SR386_40X_HE_T308_01,0,6.630288237289646e-08,0
lin,4,SR386_40X_HE_T325_01,0,0.00011852243076883876,0
lin,4,SR386_40X_HE_T331_01,0,5.160570149961194e-06,0
lin,4,SR386_40X_HE_T341_01,0,7.896832882392093e-07,0
lin,4,SR386_40X_HE_T343_01,1,8.764838331197165e-06,0
lin,4,SR386_40X_HE_T346_01,0,0.0005115025878776866,0
lin,4,SR386_40X_HE_T352_01,0,2.7427314750314445e-05,0
lin,4,SR386_40X_HE_T373_01,0,1.2585548539348389e-08,0
lin,4,SR386_40X_HE_T375_01,0,0.077712074099276,0
lin,4,SR386_40X_HE_T381_01,0,4.041511209907171e-07,0
lin,4,SR386_40X_HE_T389_01,0,0.002717712296482092,0
lin,4,SR386_40X_HE_T391_01,0,0.0008882243822485485,0
lin,4,SR386_40X_HE_T394_01,0,1.3573965077703125e-11,0
lin,4,SR386_40X_HE_T399_01,0,0.6145977639722018,1
lin,4,SR386_40X_HE_T403_01,0,2.5498623944468617e-08,0
lin,4,SR386_40X_HE_T405_01,0,5.399678234525213e-07,0
lin,4,SR386_40X_HE_T407_01,0,7.108421622713394e-06,0
lin,4,SR386_40X_HE_T414_01,0,6.357466860570014e-08,0
lin,4,SR386_40X_HE_T424_01,0,0.011366695013490321,0
lin,4,SR386_40X_HE_T429_01,0,0.0011975850667686131,0
lin,4,SR386_40X_HE_T441_01,0,0.00022900356708599486,0
lin,4,SR386_40X_HE_T451_01,0,1.8563041479410283e-07,0
lin,4,SR386_40X_HE_T453_01,0,1.2365545644175612e-10,0
lin,4,SR386_40X_HE_T455_01,0,1.4609991480364236e-08,0
lin,4,SR386_40X_HE_T465_01,0,0.009287697550198594,0
lin,4,SR386_40X_HE_T474_01,0,2.3733267068638208e-07,0
lin,4,SR386_40X_HE_T476_01,0,0.0010742648169992147,0
lin,4,SR386_40X_HE_T479_01,0,1.4710628497903669e-06,0
lin,4,SR386_40X_HE_T482_01,0,8.664300849104686e-06,0
lin,4,SR386_40X_HE_T487_01,0,1.6673211415526409e-09,0
lin,4,SR386_40X_HE_T490_01,0,2.0783408534717654e-07,0
lin,4,SR386_40X_HE_T494_01,0,0.0003009334362423146,0
lin,4,SR386_40X_HE_T500_01,0,3.2104004050160664e-06,0
lin,4,SR386_40X_HE_T510_01,0,2.6520712199737076e-09,0
lin,4,SR386_40X_HE_T524_01,0,4.791806090143378e-05,0
lin,4,SR386_40X_HE_T528_01,0,0.2830929519785032,0
lin,4,SR386_40X_HE_T532_01,0,3.878412779928161e-06,0
lin,4,SR386_40X_HE_T534_01,0,9.434078278533467e-06,0
lin,4,SR386_40X_HE_T536_01,0,1.5968158028948999e-06,0
lin,4,SR386_40X_HE_T537_01,0,0.0005420524066187386,0
lin,4,SR386_40X_HE_T541_01,0,3.9634329458027707e-05,0
lin,4,SR386_40X_HE_T548_01,1,0.3423971151007333,0
lin,4,SR386_40X_HE_T550_01,0,0.00020846538474769225,0
lin,4,SR386_40X_HE_T551_01,0,2.2252098409425063e-08,0
lin,4,SR386_40X_HE_T557_01,0,4.409994011054549e-07,0
lin,4,SR386_40X_HE_T565_01,0,7.3415990575216524e-06,0
lin,4,SR386_40X_HE_T567_01,0,0.0008360840339095853,0
lin,4,SR386_40X_HE_T575_01,0,0.00034379054012012247,0
lin,4,SR386_40X_HE_T576_01,0,0.001102804299025815,0
lin,4,SR386_40X_HE_T581_01,0,1.4314490938161633e-06,0
ann,1,SR1482_40X_HE_T029_01,0,0.49632951617240906,0
ann,1,SR1482_40X_HE_T029_02,0,0.5483455061912537,1
ann,1,SR1482_40X_HE_T057_01,0,0.2864002585411072,0
ann,1,SR1482_40X_HE_T063_01,1,0.5738362669944763,1
ann,1,SR1482_40X_HE_T063_02,1,0.6221489310264587,1
ann,1,SR1482_40X_HE_T065_01,0,0.4716353118419647,0
ann,1,SR1482_40X_HE_T065_02,0,0.503284752368927,1
ann,1,SR1482_40X_HE_T066_01,0,0.6315439939498901,1
ann,1,SR1482_40X_HE_T066_02,0,0.7580220103263855,1
ann,1,SR1482_40X_HE_T068_01,0,0.4598677158355713,0
ann,1,SR1482_40X_HE_T069_01,0,0.31446507573127747,0
ann,1,SR1482_40X_HE_T069_02,0,0.4061761498451233,0
ann,1,SR1482_40X_HE_T079_01,1,0.5252122282981873,1
ann,1,SR1482_40X_HE_T079_02,1,0.616279125213623,1
ann,1,SR1482_40X_HE_T080_01,0,0.6580923199653625,1
ann,1,SR1482_40X_HE_T080_02,0,0.4804416298866272,0
ann,1,SR1482_40X_HE_T081_01,0,0.4341151714324951,0
ann,1,SR1482_40X_HE_T081_02,0,0.2572211027145386,0
ann,1,SR1482_40X_HE_T099_01,0,0.49485981464385986,0
ann,1,SR1482_40X_HE_T116_01,0,0.42833244800567627,0
ann,1,SR1482_40X_HE_T117_01,0,0.36450111865997314,0
ann,1,SR1482_40X_HE_T117_02,0,0.39842844009399414,0
ann,1,SR1482_40X_HE_T126_01,0,0.5225523114204407,1
ann,1,SR1482_40X_HE_T129_01,0,0.4263245463371277,0
ann,1,SR1482_40X_HE_T129_02,0,0.5377137064933777,1
ann,1,SR1482_40X_HE_T139_01,0,0.5007311701774597,1
ann,1,SR1482_40X_HE_T139_02,0,0.42975661158561707,0
ann,1,SR1482_40X_HE_T147_01,0,0.8325275778770447,1
ann,1,SR1482_40X_HE_T147_02,0,0.676923930644989,1
ann,1,SR1482_40X_HE_T159_01,0,0.4286648631095886,0
ann,1,SR1482_40X_HE_T159_02,0,0.4561816453933716,0
ann,1,SR1482_40X_HE_T192_01,0,0.35336020588874817,0
ann,1,SR1482_40X_HE_T199_01,0,0.4844818413257599,0
ann,1,SR1482_40X_HE_T304_01,0,0.3461852967739105,0
ann,1,SR1482_40X_HE_T304_02,0,0.30267736315727234,0
ann,1,SR1482_40X_HE_T310_01,1,0.36279356479644775,0
ann,1,SR1482_40X_HE_T310_02,1,0.3542402684688568,0
ann,1,SR1482_40X_HE_T341_01,0,0.3294330835342407,0
ann,1,SR1482_40X_HE_T341_02,0,0.34700918197631836,0
ann,1,SR1482_40X_HE_T353_01,0,0.33531588315963745,0
ann,1,SR1482_40X_HE_T390_01,0,0.48114174604415894,0
ann,1,SR1482_40X_HE_T433_01,1,0.39503297209739685,0
ann,1,SR386_40X_HE_T003_01,0,0.48854824900627136,0
ann,1,SR386_40X_HE_T004_01,0,0.5820446014404297,1
ann,1,SR386_40X_HE_T022_01,1,0.7120935916900635,1
ann,1,SR386_40X_HE_T030_01,0,0.649166464805603,1
ann,1,SR386_40X_HE_T033_01,0,0.5214052200317383,1
ann,1,SR386_40X_HE_T036_01,0,0.5402282476425171,1
ann,1,SR386_40X_HE_T038_01,0,0.5772483944892883,1
ann,1,SR386_40X_HE_T049_01,0,0.3210738003253937,0
ann,1,SR386_40X_HE_T050_01,0,0.543337345123291,1
ann,1,SR386_40X_HE_T060_01,0,0.5325921177864075,1
ann,1,SR386_40X_HE_T063_01,0,0.5686269998550415,1
ann,1,SR386_40X_HE_T066_01,0,0.42857685685157776,0
ann,1,SR386_40X_HE_T069_01,0,0.48626092076301575,0
ann,1,SR386_40X_HE_T072_01,0,0.43454256653785706,0
ann,1,SR386_40X_HE_T074_01,0,0.4294610023498535,0
ann,1,SR386_40X_HE_T078_01,0,0.45514214038848877,0
ann,1,SR386_40X_HE_T079_01,0,0.35620585083961487,0
ann,1,SR386_40X_HE_T092_01,1,0.5021742582321167,1
ann,1,SR386_40X_HE_T096_01,0,0.40699055790901184,0
ann,1,SR386_40X_HE_T099_01,0,0.35154008865356445,0
ann,1,SR386_40X_HE_T103_01,0,0.632920503616333,1
ann,1,SR386_40X_HE_T108_01,0,0.48658493161201477,0
ann,1,SR386_40X_HE_T113_01,0,0.44339802861213684,0
ann,1,SR386_40X_HE_T114_01,0,0.4996405839920044,0
ann,1,SR386_40X_HE_T119_01,0,0.4301982820034027,0
ann,1,SR386_40X_HE_T126_01,0,0.4386310577392578,0
ann,1,SR386_40X_HE_T130_01,0,0.2993195950984955,0
ann,1,SR386_40X_HE_T131_01,0,0.48939794301986694,0
ann,1,SR386_40X_HE_T135_01,0,0.6341992616653442,1
ann,1,SR386_40X_HE_T140_01,0,0.4435068666934967,0
ann,1,SR386_40X_HE_T144_01,0,0.5513026118278503,1
ann,1,SR386_40X_HE_T147_01,0,0.5608762502670288,1
ann,1,SR386_40X_HE_T148_01,0,0.49454790353775024,0
ann,1,SR386_40X_HE_T160_01,0,0.3993397355079651,0
ann,1,SR386_40X_HE_T169_01,0,0.3866207003593445,0
ann,1,SR386_40X_HE_T170_01,1,0.6586226224899292,1
ann,1,SR386_40X_HE_T172_01,0,0.6333580613136292,1
ann,1,SR386_40X_HE_T174_01,0,0.501558780670166,1
ann,1,SR386_40X_HE_T181_01,0,0.35759687423706055,0
ann,1,SR386_40X_HE_T196_01,0,0.5251141786575317,1
ann,1,SR386_40X_HE_T205_01,0,0.5777698159217834,1
ann,1,SR386_40X_HE_T209_01,0,0.41102737188339233,0
ann,1,SR386_40X_HE_T210_01,0,0.5374507308006287,1
ann,1,SR386_40X_HE_T212_01,0,0.5170547962188721,1
ann,1,SR386_40X_HE_T221_01,0,0.457899272441864,0
ann,1,SR386_40X_HE_T224_01,0,0.42163658142089844,0
ann,1,SR386_40X_HE_T231_01,1,0.7400294542312622,1
ann,1,SR386_40X_HE_T232_01,0,0.30921822786331177,0
ann,1,SR386_40X_HE_T247_01,0,0.4512375295162201,0
ann,1,SR386_40X_HE_T252_01,0,0.3690715730190277,0
ann,1,SR386_40X_HE_T255_01,0,0.42704275250434875,0
ann,1,SR386_40X_HE_T259_01,1,0.40971866250038147,0
ann,1,SR386_40X_HE_T274_01,0,0.4111928343772888,0
ann,1,SR386_40X_HE_T275_01,0,0.4556272029876709,0
ann,1,SR386_40X_HE_T282_01,0,0.41527777910232544,0
ann,1,SR386_40X_HE_T294_01,0,0.7333461046218872,1
ann,1,SR386_40X_HE_T311_01,0,0.3477226495742798,0
ann,1,SR386_40X_HE_T315_01,0,0.4542262554168701,0
ann,1,SR386_40X_HE_T319_01,1,0.4352560341358185,0
ann,1,SR386_40X_HE_T324_01,1,0.5041821599006653,1
ann,1,SR386_40X_HE_T330_01,0,0.3598039150238037,0
ann,1,SR386_40X_HE_T333_01,0,0.5109872817993164,1
ann,1,SR386_40X_HE_T335_01,0,0.34315168857574463,0
ann,1,SR386_40X_HE_T337_01,0,0.548780620098114,1
ann,1,SR386_40X_HE_T344_01,0,0.32175412774086,0
ann,1,SR386_40X_HE_T347_01,0,0.45823925733566284,0
ann,1,SR386_40X_HE_T350_01,0,0.43649056553840637,0
ann,1,SR386_40X_HE_T351_01,0,0.4033411741256714,0
ann,1,SR386_40X_HE_T360_01,0,0.3559081256389618,0
ann,1,SR386_40X_HE_T361_01,0,0.37889838218688965,0
ann,1,SR386_40X_HE_T366_01,0,0.42944854497909546,0
ann,1,SR386_40X_HE_T377_01,1,0.45412108302116394,0
ann,1,SR386_40X_HE_T384_01,0,0.3714972138404846,0
ann,1,SR386_40X_HE_T395_01,0,0.5789313316345215,1
ann,1,SR386_40X_HE_T396_01,0,0.4465401768684387,0
ann,1,SR386_40X_HE_T401_01,0,0.4672281742095947,0
ann,1,SR386_40X_HE_T408_01,0,0.370951771736145,0
ann,1,SR386_40X_HE_T410_01,0,0.48416322469711304,0
ann,1,SR386_40X_HE_T413_01,0,0.46123597025871277,0
ann,1,SR386_40X_HE_T416_01,0,0.43920114636421204,0
ann,1,SR386_40X_HE_T418_01,0,0.42410042881965637,0
ann,1,SR386_40X_HE_T419_01,0,0.5069454908370972,1
ann,1,SR386_40X_HE_T421_01,0,0.4146300256252289,0
ann,1,SR386_40X_HE_T423_01,0,0.19708670675754547,0
ann,1,SR386_40X_HE_T428_01,0,0.40072759985923767,0
ann,1,SR386_40X_HE_T430_01,0,0.4898811876773834,0
ann,1,SR386_40X_HE_T431_01,0,0.45185285806655884,0
ann,1,SR386_40X_HE_T435_01,0,0.43664711713790894,0
ann,1,SR386_40X_HE_T438_01,0,0.4526474177837372,0
ann,1,SR386_40X_HE_T439_01,0,0.4280102252960205,0
ann,1,SR386_40X_HE_T447_01,0,0.3436325788497925,0
ann,1,SR386_40X_HE_T449_01,0,0.3970385789871216,0
ann,1,SR386_40X_HE_T454_01,0,0.450644314289093,0
ann,1,SR386_40X_HE_T456_01,0,0.4042899012565613,0
ann,1,SR386_40X_HE_T461_01,0,0.44439494609832764,0
ann,1,SR386_40X_HE_T462_01,0,0.4357689917087555,0
ann,1,SR386_40X_HE_T468_01,0,0.38171613216400146,0
ann,1,SR386_40X_HE_T469_01,1,0.3418143689632416,0
ann,1,SR386_40X_HE_T470_01,0,0.5114999413490295,1
ann,1,SR386_40X_HE_T471_01,0,0.45085540413856506,0
ann,1,SR386_40X_HE_T477_01,0,0.36108511686325073,0
ann,1,SR386_40X_HE_T480_01,0,0.4008934199810028,0
ann,1,SR386_40X_HE_T484_01,0,0.46569105982780457,0
ann,1,SR386_40X_HE_T495_01,0,0.29098111391067505,0
ann,1,SR386_40X_HE_T496_01,0,0.3228051960468292,0
ann,1,SR386_40X_HE_T498_01,0,0.576511561870575,1
ann,1,SR386_40X_HE_T504_01,0,0.2861187160015106,0
ann,1,SR386_40X_HE_T511_01,0,0.4572947919368744,0
ann,1,SR386_40X_HE_T517_01,0,0.5167376399040222,1
ann,1,SR386_40X_HE_T523_01,0,0.48524484038352966,0
ann,1,SR386_40X_HE_T529_01,0,0.4182337522506714,0
ann,1,SR386_40X_HE_T542_01,0,0.3519867956638336,0
ann,1,SR386_40X_HE_T569_01,0,0.45948392152786255,0
ann,1,SR386_40X_HE_T582_01,0,0.3536076545715332,0
ann,2,SR1482_40X_HE_T009_01,0,0.1613989919424057,0
ann,2,SR1482_40X_HE_T009_02,0,0.22007745504379272,0
ann,2,SR1482_40X_HE_T015_01,0,0.41853368282318115,0
ann,2,SR1482_40X_HE_T021_01,0,0.3552253246307373,0
ann,2,SR1482_40X_HE_T067_01,0,0.22455137968063354,0
ann,2,SR1482_40X_HE_T075_01,0,0.4401021897792816,0
ann,2,SR1482_40X_HE_T075_02,0,0.6871005296707153,1
ann,2,SR1482_40X_HE_T098_01,0,0.31524398922920227,0
ann,2,SR1482_40X_HE_T098_02,0,0.3761255741119385,0
ann,2,SR1482_40X_HE_T102_01,0,0.4813903272151947,0
ann,2,SR1482_40X_HE_T123_01,0,0.4569622278213501,0
ann,2,SR1482_40X_HE_T142_01,0,0.10444694757461548,0
ann,2,SR1482_40X_HE_T146_01,0,0.9096518158912659,1
ann,2,SR1482_40X_HE_T148_01,0,0.5130051374435425,1
ann,2,SR1482_40X_HE_T148_02,0,0.5831453204154968,1
ann,2,SR1482_40X_HE_T154_01,0,0.31965047121047974,0
ann,2,SR1482_40X_HE_T158_01,0,0.5187437534332275,1
ann,2,SR1482_40X_HE_T161_01,0,0.47725915908813477,0
ann,2,SR1482_40X_HE_T161_02,0,0.5274442434310913,1
ann,2,SR1482_40X_HE_T164_01,1,0.2592700123786926,0
ann,2,SR1482_40X_HE_T164_02,1,0.6323333978652954,1
ann,2,SR1482_40X_HE_T168_01,0,0.5195078253746033,1
ann,2,SR1482_40X_HE_T171_01,0,0.4829704761505127,0
ann,2,SR1482_40X_HE_T171_02,0,0.39325931668281555,0
ann,2,SR1482_40X_HE_T178_01,1,0.33924975991249084,0
ann,2,SR1482_40X_HE_T186_01,0,0.25390979647636414,0
ann,2,SR1482_40X_HE_T193_01,0,0.6386743187904358,1
ann,2,SR1482_40X_HE_T193_02,0,0.6750840544700623,1
ann,2,SR1482_40X_HE_T209_01,0,0.3930279612541199,0
ann,2,SR1482_40X_HE_T209_02,0,0.5821942090988159,1
ann,2,SR1482_40X_HE_T245_01,0,0.4053342044353485,0
ann,2,SR1482_40X_HE_T245_02,0,0.43419304490089417,0
ann,2,SR1482_40X_HE_T265_01,0,0.21439217031002045,0
ann,2,SR1482_40X_HE_T302_01,0,0.7292172908782959,1
ann,2,SR1482_40X_HE_T343_01,1,0.8084477186203003,1
ann,2,SR1482_40X_HE_T343_02,1,0.9050138592720032,1
ann,2,SR1482_40X_HE_T399_01,0,0.5265936851501465,1
ann,2,SR1482_40X_HE_T399_02,0,0.7605712413787842,1
ann,2,SR1482_40X_HE_T426_01,0,0.4969073235988617,0
ann,2,SR1482_40X_HE_T426_02,0,0.5352250337600708,1
ann,2,SR386_40X_HE_T001_01,0,0.4151417016983032,0
ann,2,SR386_40X_HE_T013_01,0,0.3529011905193329,0
ann,2,SR386_40X_HE_T018_01,0,0.4500952661037445,0
ann,2,SR386_40X_HE_T019_01,0,0.42721351981163025,0
ann,2,SR386_40X_HE_T024_01,0,0.23066763579845428,0
ann,2,SR386_40X_HE_T039_01,0,0.27822619676589966,0
ann,2,SR386_40X_HE_T040_01,1,0.7970383763313293,1
ann,2,SR386_40X_HE_T042_01,0,0.29595157504081726,0
ann,2,SR386_40X_HE_T047_01,0,0.27397024631500244,0
ann,2,SR386_40X_HE_T051_01,0,0.19680911302566528,0
ann,2,SR386_40X_HE_T052_01,0,0.4215433597564697,0
ann,2,SR386_40X_HE_T056_01,0,0.24504244327545166,0
ann,2,SR386_40X_HE_T057_01,0,0.2482486218214035,0
ann,2,SR386_40X_HE_T070_01,0,0.2965255081653595,0
ann,2,SR386_40X_HE_T082_01,0,0.5642679333686829,1
ann,2,SR386_40X_HE_T084_01,0,0.677718997001648,1
ann,2,SR386_40X_HE_T087_01,0,0.6100798845291138,1
ann,2,SR386_40X_HE_T088_01,0,0.5299845337867737,1
ann,2,SR386_40X_HE_T098_01,0,0.5894556641578674,1
ann,2,SR386_40X_HE_T105_01,0,0.31467312574386597,0
ann,2,SR386_40X_HE_T122_01,0,0.36865508556365967,0
ann,2,SR386_40X_HE_T123_01,0,0.37647727131843567,0
ann,2,SR386_40X_HE_T133_01,0,0.28271812200546265,0
ann,2,SR386_40X_HE_T145_01,0,0.5494314432144165,1
ann,2,SR386_40X_HE_T150_01,0,0.6297879815101624,1
ann,2,SR386_40X_HE_T152_01,0,0.613639235496521,1
ann,2,SR386_40X_HE_T155_01,0,0.37398913502693176,0
ann,2,SR386_40X_HE_T157_01,0,0.3539609909057617,0
ann,2,SR386_40X_HE_T164_01,0,0.3258127272129059,0
ann,2,SR386_40X_HE_T166_01,0,0.30812451243400574,0
ann,2,SR386_40X_HE_T176_01,1,0.5050742030143738,1
ann,2,SR386_40X_HE_T177_01,0,0.2338850498199463,0
ann,2,SR386_40X_HE_T178_01,0,0.5123498439788818,1
ann,2,SR386_40X_HE_T187_01,0,0.5230287909507751,1
ann,2,SR386_40X_HE_T190_01,0,0.17368686199188232,0
ann,2,SR386_40X_HE_T192_01,0,0.2623431980609894,0
ann,2,SR386_40X_HE_T198_01,0,0.3998338580131531,0
ann,2,SR386_40X_HE_T200_01,0,0.49696484208106995,0
ann,2,SR386_40X_HE_T206_01,1,0.5891504287719727,1
ann,2,SR386_40X_HE_T211_01,0,0.23641330003738403,0
ann,2,SR386_40X_HE_T213_01,0,0.46133244037628174,0
ann,2,SR386_40X_HE_T214_01,0,0.6536361575126648,1
ann,2,SR386_40X_HE_T220_01,0,0.2947377860546112,0
ann,2,SR386_40X_HE_T230_01,1,0.6662222146987915,1
ann,2,SR386_40X_HE_T236_01,0,0.30760324001312256,0
ann,2,SR386_40X_HE_T237_01,0,0.31582769751548767,0
ann,2,SR386_40X_HE_T240_01,0,0.2843850255012512,0
ann,2,SR386_40X_HE_T241_01,0,0.37139806151390076,0
ann,2,SR386_40X_HE_T242_01,0,0.378985732793808,0
ann,2,SR386_40X_HE_T253_01,0,0.2856742739677429,0
ann,2,SR386_40X_HE_T260_01,0,0.6306775808334351,1
ann,2,SR386_40X_HE_T262_01,0,0.5354787707328796,1
ann,2,SR386_40X_HE_T264_01,0,0.6596444845199585,1
ann,2,SR386_40X_HE_T271_01,0,0.19764454662799835,0
ann,2,SR386_40X_HE_T281_01,0,0.29261213541030884,0
ann,2,SR386_40X_HE_T297_01,0,0.24313713610172272,0
ann,2,SR386_40X_HE_T299_01,0,0.27267444133758545,0
ann,2,SR386_40X_HE_T301_01,0,0.24645645916461945,0
ann,2,SR386_40X_HE_T306_01,0,0.3675216734409332,0
ann,2,SR386_40X_HE_T309_01,0,0.26625189185142517,0
ann,2,SR386_40X_HE_T314_01,0,0.40562447905540466,0
ann,2,SR386_40X_HE_T316_01,0,0.725509524345398,1
ann,2,SR386_40X_HE_T318_01,0,0.44995060563087463,0
ann,2,SR386_40X_HE_T321_01,0,0.525468647480011,1
ann,2,SR386_40X_HE_T326_01,0,0.2848040759563446,0
ann,2,SR386_40X_HE_T327_01,0,0.31002846360206604,0
ann,2,SR386_40X_HE_T332_01,1,0.34128421545028687,0
ann,2,SR386_40X_HE_T355_01,0,0.3115924894809723,0
ann,2,SR386_40X_HE_T364_01,0,0.44911685585975647,0
ann,2,SR386_40X_HE_T368_01,1,0.3133446276187897,0
ann,2,SR386_40X_HE_T374_01,0,0.3053535521030426,0
ann,2,SR386_40X_HE_T380_01,0,0.3629133999347687,0
ann,2,SR386_40X_HE_T382_01,0,0.25316321849823,0
ann,2,SR386_40X_HE_T392_01,0,0.2278827577829361,0
ann,2,SR386_40X_HE_T398_01,0,0.4004600942134857,0
ann,2,SR386_40X_HE_T402_01,1,0.6258454322814941,1
ann,2,SR386_40X_HE_T404_01,0,0.20999760925769806,0
ann,2,SR386_40X_HE_T415_01,0,0.27150845527648926,0
ann,2,SR386_40X_HE_T417_01,0,0.2717630863189697,0
ann,2,SR386_40X_HE_T425_01,0,0.3731725513935089,0
ann,2,SR386_40X_HE_T436_01,1,0.3244229555130005,0
ann,2,SR386_40X_HE_T437_01,0,0.3529323637485504,0
ann,2,SR386_40X_HE_T440_01,0,0.34417563676834106,0
ann,2,SR386_40X_HE_T445_01,0,0.3966180086135864,0
ann,2,SR386_40X_HE_T450_01,0,0.4327026307582855,0
ann,2,SR386_40X_HE_T459_01,0,0.49350056052207947,0
ann,2,SR386_40X_HE_T472_01,0,0.32027918100357056,0
ann,2,SR386_40X_HE_T481_01,0,0.3437064588069916,0
ann,2,SR386_40X_HE_T483_01,0,0.5376651883125305,1
ann,2,SR386_40X_HE_T486_01,0,0.33501574397087097,0
ann,2,SR386_40X_HE_T488_01,0,0.2039700150489807,0
ann,2,SR386_40X_HE_T499_01,0,0.6059554815292358,1
ann,2,SR386_40X_HE_T507_01,0,0.24881301820278168,0
ann,2,SR386_40X_HE_T514_01,0,0.2455321103334427,0
ann,2,SR386_40X_HE_T520_01,1,0.4148668050765991,0
ann,2,SR386_40X_HE_T522_01,0,0.3947257697582245,0
ann,2,SR386_40X_HE_T531_01,0,0.3540859520435333,0
ann,2,SR386_40X_HE_T535_01,0,0.3183649182319641,0
ann,2,SR386_40X_HE_T539_01,0,0.656284511089325,1
ann,2,SR386_40X_HE_T549_01,0,0.24306654930114746,0
ann,2,SR386_40X_HE_T552_01,0,0.29647359251976013,0
ann,2,SR386_40X_HE_T553_01,0,0.29090508818626404,0
ann,2,SR386_40X_HE_T554_01,0,0.5270060896873474,1
ann,2,SR386_40X_HE_T558_01,0,0.3335800766944885,0
ann,2,SR386_40X_HE_T564_01,0,0.39724448323249817,0
ann,2,SR386_40X_HE_T570_01,0,0.43733927607536316,0
ann,2,SR386_40X_HE_T574_01,0,0.28557121753692627,0
ann,2,SR386_40X_HE_T578_01,0,0.25262877345085144,0
ann,2,SR386_40X_HE_T580_01,0,0.3972395956516266,0
ann,3,SR1482_40X_HE_T005_01,0,0.6638532876968384,1
ann,3,SR1482_40X_HE_T005_02,0,0.5598418116569519,1
ann,3,SR1482_40X_HE_T010_01,0,0.40984007716178894,0
ann,3,SR1482_40X_HE_T043_01,0,0.6457719206809998,1
ann,3,SR1482_40X_HE_T043_02,0,0.549135684967041,1
ann,3,SR1482_40X_HE_T049_01,0,0.3220219612121582,0
ann,3,SR1482_40X_HE_T061_01,0,0.4782744348049164,0
ann,3,SR1482_40X_HE_T061_02,0,0.6773595809936523,1
ann,3,SR1482_40X_HE_T070_01,1,0.21477241814136505,0
ann,3,SR1482_40X_HE_T073_01,0,0.3375270664691925,0
ann,3,SR1482_40X_HE_T082_01,0,0.4621219336986542,0
ann,3,SR1482_40X_HE_T082_02,0,0.7038924098014832,1
ann,3,SR1482_40X_HE_T089_01,0,0.0859280452132225,0
ann,3,SR1482_40X_HE_T090_01,0,0.5404646992683411,1
ann,3,SR1482_40X_HE_T094_01,1,0.4171612858772278,0
ann,3,SR1482_40X_HE_T094_02,1,0.5578423738479614,1
ann,3,SR1482_40X_HE_T105_01,0,0.35576170682907104,0
ann,3,SR1482_40X_HE_T115_01,0,0.3527766764163971,0
ann,3,SR1482_40X_HE_T115_02,0,0.3885921537876129,0
ann,3,SR1482_40X_HE_T118_01,0,0.6422078013420105,1
ann,3,SR1482_40X_HE_T118_02,0,0.5720219612121582,1
ann,3,SR1482_40X_HE_T120_01,0,0.7420662045478821,1
ann,3,SR1482_40X_HE_T120_02,0,0.5769925117492676,1
ann,3,SR1482_40X_HE_T124_01,0,0.7870930433273315,1
ann,3,SR1482_40X_HE_T124_02,0,0.7198707461357117,1
ann,3,SR1482_40X_HE_T138_01,0,0.25984251499176025,0
ann,3,SR1482_40X_HE_T160_01,0,0.34194809198379517,0
ann,3,SR1482_40X_HE_T160_02,0,0.3986426889896393,0
ann,3,SR1482_40X_HE_T167_01,0,0.5448032021522522,1
ann,3,SR1482_40X_HE_T167_02,0,0.5497874617576599,1
ann,3,SR1482_40X_HE_T175_01,0,0.31355851888656616,0
ann,3,SR1482_40X_HE_T175_02,0,0.4503287076950073,0
ann,3,SR1482_40X_HE_T177_01,1,0.4198029041290283,0
ann,3,SR1482_40X_HE_T188_01,0,0.14639952778816223,0
ann,3,SR1482_40X_HE_T195_01,0,0.3008238971233368,0
ann,3,SR1482_40X_HE_T195_02,0,0.16089491546154022,0
ann,3,SR1482_40X_HE_T202_01,0,0.3255620300769806,0
ann,3,SR1482_40X_HE_T202_02,0,0.29422733187675476,0
ann,3,SR1482_40X_HE_T225_01,0,0.6516473293304443,1
ann,3,SR1482_40X_HE_T225_02,0,0.6298650503158569,1
ann,3,SR1482_40X_HE_T235_01,0,0.5852668881416321,1
ann,3,SR1482_40X_HE_T235_02,0,0.4281817078590393,0
ann,3,SR1482_40X_HE_T236_01,0,0.19328126311302185,0
ann,3,SR1482_40X_HE_T236_02,0,0.3291033208370209,0
ann,3,SR1482_40X_HE_T258_01,0,0.5967583060264587,1
ann,3,SR1482_40X_HE_T258_02,0,0.3174947202205658,0
ann,3,SR1482_40X_HE_T284_01,1,0.610970139503479,1
ann,3,SR1482_40X_HE_T284_02,1,0.6218963861465454,1
ann,3,SR1482_40X_HE_T301_01,1,0.1396692842245102,0
ann,3,SR1482_40X_HE_T301_02,1,0.6751038432121277,1
ann,3,SR1482_40X_HE_T309_01,0,0.39222538471221924,0
ann,3,SR1482_40X_HE_T313_01,0,0.7047331929206848,1
ann,3,SR1482_40X_HE_T313_02,0,0.7307224869728088,1
ann,3,SR1482_40X_HE_T338_01,0,0.5669720768928528,1
ann,3,SR1482_40X_HE_T344_01,0,0.464489221572876,0
ann,3,SR1482_40X_HE_T344_02,0,0.4548855125904083,0
ann,3,SR1482_40X_HE_T346_01,0,0.5753470063209534,1
ann,3,SR1482_40X_HE_T346_02,0,0.6840348839759827,1
ann,3,SR1482_40X_HE_T377_01,0,0.34940123558044434,0
ann,3,SR1482_40X_HE_T377_02,0,0.266538143157959,0
ann,3,SR1482_40X_HE_T419_01,0,0.38798800110816956,0
ann,3,SR1482_40X_HE_T427_01,0,0.3462061882019043,0
ann,3,SR1482_40X_HE_T427_02,0,0.26609158515930176,0
ann,3,SR386_40X_HE_T007_01,0,0.4034993052482605,0
ann,3,SR386_40X_HE_T015_01,0,0.4502107501029968,0
ann,3,SR386_40X_HE_T017_01,1,0.4468313753604889,0
ann,3,SR386_40X_HE_T032_01,0,0.34161698818206787,0
ann,3,SR386_40X_HE_T034_01,0,0.21989141404628754,0
ann,3,SR386_40X_HE_T035_01,0,0.49220582842826843,0
ann,3,SR386_40X_HE_T041_01,0,0.62006676197052,1
ann,3,SR386_40X_HE_T067_01,0,0.30022215843200684,0
ann,3,SR386_40X_HE_T075_01,0,0.30709317326545715,0
ann,3,SR386_40X_HE_T081_01,0,0.3369885981082916,0
ann,3,SR386_40X_HE_T083_01,0,0.3225083351135254,0
ann,3,SR386_40X_HE_T085_01,0,0.2899382412433624,0
ann,3,SR386_40X_HE_T095_01,0,0.5775410532951355,1
ann,3,SR386_40X_HE_T104_01,0,0.29981860518455505,0
ann,3,SR386_40X_HE_T106_01,0,0.2402467429637909,0
ann,3,SR386_40X_HE_T112_01,0,0.4318307638168335,0
ann,3,SR386_40X_HE_T128_01,0,0.3953285217285156,0
ann,3,SR386_40X_HE_T132_01,0,0.2748751640319824,0
ann,3,SR386_40X_HE_T138_01,0,0.25077611207962036,0
ann,3,SR386_40X_HE_T142_01,0,0.36943158507347107,0
ann,3,SR386_40X_HE_T149_01,0,0.25025075674057007,0
ann,3,SR386_40X_HE_T165_01,1,0.5353006720542908,1
ann,3,SR386_40X_HE_T179_01,0,0.6384760737419128,1
ann,3,SR386_40X_HE_T180_01,0,0.28519579768180847,0
ann,3,SR386_40X_HE_T182_01,0,0.5276479125022888,1
ann,3,SR386_40X_HE_T184_01,0,0.3831445574760437,0
ann,3,SR386_40X_HE_T188_01,0,0.2420041263103485,0
ann,3,SR386_40X_HE_T191_01,0,0.314637154340744,0
ann,3,SR386_40X_HE_T197_01,0,0.39288806915283203,0
ann,3,SR386_40X_HE_T201_01,0,0.23895275592803955,0
ann,3,SR386_40X_HE_T202_01,0,0.22676719725131989,0
ann,3,SR386_40X_HE_T208_01,0,0.24595797061920166,0
ann,3,SR386_40X_HE_T216_01,1,0.48660391569137573,0
ann,3,SR386_40X_HE_T238_01,0,0.26578959822654724,0
ann,3,SR386_40X_HE_T244_01,0,0.2729470729827881,0
ann,3,SR386_40X_HE_T248_01,0,0.4226062595844269,0
ann,3,SR386_40X_HE_T249_01,0,0.2109949290752411,0
ann,3,SR386_40X_HE_T250_01,0,0.5175111293792725,1
ann,3,SR386_40X_HE_T263_01,0,0.21937954425811768,0
ann,3,SR386_40X_HE_T267_01,0,0.594864010810852,1
ann,3,SR386_40X_HE_T269_01,0,0.3979184627532959,0
ann,3,SR386_40X_HE_T277_01,0,0.3158777058124542,0
ann,3,SR386_40X_HE_T286_01,0,0.7559820413589478,1
ann,3,SR386_40X_HE_T287_01,0,0.5527351498603821,1
ann,3,SR386_40X_HE_T290_01,0,0.49891453981399536,0
ann,3,SR386_40X_HE_T293_01,0,0.3220694065093994,0
ann,3,SR386_40X_HE_T298_01,0,0.3749181926250458,0
ann,3,SR386_40X_HE_T303_01,0,0.28802764415740967,0
ann,3,SR386_40X_HE_T312_01,0,0.3665783107280731,0
ann,3,SR386_40X_HE_T329_01,0,0.6714308261871338,1
ann,3,SR386_40X_HE_T336_01,0,0.2965025007724762,0
ann,3,SR386_40X_HE_T338_01,0,0.32995468378067017,0
ann,3,SR386_40X_HE_T342_01,0,0.4440159797668457,0
ann,3,SR386_40X_HE_T353_01,0,0.47550708055496216,0
ann,3,SR386_40X_HE_T357_01,0,0.1871192455291748,0
ann,3,SR386_40X_HE_T362_01,0,0.4016508460044861,0
ann,3,SR386_40X_HE_T363_01,1,0.5754792094230652,1
ann,3,SR386_40X_HE_T372_01,0,0.4850349724292755,0
ann,3,SR386_40X_HE_T378_01,0,0.3205900490283966,0
ann,3,SR386_40X_HE_T379_01,0,0.2373136430978775,0
ann,3,SR386_40X_HE_T386_01,0,0.4392724633216858,0
ann,3,SR386_40X_HE_T387_01,0,0.4032486081123352,0
ann,3,SR386_40X_HE_T393_01,0,0.23782140016555786,0
ann,3,SR386_40X_HE_T397_01,0,0.5916678309440613,1
ann,3,SR386_40X_HE_T406_01,0,0.38950100541114807,0
ann,3,SR386_40X_HE_T409_01,0,0.31183570623397827,0
ann,3,SR386_40X_HE_T422_01,0,0.20377807319164276,0
ann,3,SR386_40X_HE_T426_01,0,0.3213002383708954,0
ann,3,SR386_40X_HE_T433_01,0,0.3060598075389862,0
ann,3,SR386_40X_HE_T443_01,0,0.7683755159378052,1
ann,3,SR386_40X_HE_T448_01,0,0.49368128180503845,0
ann,3,SR386_40X_HE_T452_01,0,0.5420607924461365,1
ann,3,SR386_40X_HE_T460_01,1,0.5563185214996338,1
ann,3,SR386_40X_HE_T473_01,0,0.3064914345741272,0
ann,3,SR386_40X_HE_T475_01,0,0.25153011083602905,0
ann,3,SR386_40X_HE_T478_01,0,0.3758321702480316,0
ann,3,SR386_40X_HE_T489_01,1,0.2994515895843506,0
ann,3,SR386_40X_HE_T491_01,0,0.6223052144050598,1
ann,3,SR386_40X_HE_T492_01,0,0.23561643064022064,0
ann,3,SR386_40X_HE_T493_01,0,0.2944997251033783,0
ann,3,SR386_40X_HE_T502_01,0,0.2159193903207779,0
ann,3,SR386_40X_HE_T505_01,0,0.7191155552864075,1
ann,3,SR386_40X_HE_T506_01,0,0.34937426447868347,0
ann,3,SR386_40X_HE_T509_01,0,0.4506591260433197,0
ann,3,SR386_40X_HE_T516_01,0,0.39832523465156555,0
ann,3,SR386_40X_HE_T518_01,0,0.21025530993938446,0
ann,3,SR386_40X_HE_T519_01,0,0.3516160547733307,0
ann,3,SR386_40X_HE_T521_01,0,0.24674300849437714,0
ann,3,SR386_40X_HE_T526_01,0,0.4246024191379547,0
ann,3,SR386_40X_HE_T533_01,0,0.40085485577583313,0
ann,3,SR386_40X_HE_T543_01,0,0.24264177680015564,0
ann,3,SR386_40X_HE_T544_01,0,0.40743446350097656,0
ann,3,SR386_40X_HE_T556_01,1,0.38314953446388245,0
ann,3,SR386_40X_HE_T560_01,0,0.5391757488250732,1
ann,3,SR386_40X_HE_T563_01,0,0.22903423011302948,0
ann,3,SR386_40X_HE_T568_01,0,0.35238713026046753,0
ann,3,SR386_40X_HE_T571_01,0,0.3895126283168793,0
ann,3,SR386_40X_HE_T572_01,0,0.40279272198677063,0
ann,3,SR386_40X_HE_T573_01,0,0.40177151560783386,0
ann,3,SR386_40X_HE_T583_01,0,0.41752660274505615,0
ann,4,SR1482_40X_HE_T002_01,0,0.2555447518825531,0
ann,4,SR1482_40X_HE_T003_01,0,0.24681736528873444,0
ann,4,SR1482_40X_HE_T004_01,0,0.40411946177482605,0
ann,4,SR1482_40X_HE_T004_02,0,0.5068886876106262,1
ann,4,SR1482_40X_HE_T011_01,0,0.37382256984710693,0
ann,4,SR1482_40X_HE_T025_01,0,0.570888340473175,1
ann,4,SR1482_40X_HE_T025_02,0,0.6964316368103027,1
ann,4,SR1482_40X_HE_T060_01,0,0.3588680624961853,0
ann,4,SR1482_40X_HE_T062_01,0,0.3111916184425354,0
ann,4,SR1482_40X_HE_T062_02,0,0.46035540103912354,0
ann,4,SR1482_40X_HE_T064_01,0,0.5869240164756775,1
ann,4,SR1482_40X_HE_T064_02,0,0.5176669955253601,1
ann,4,SR1482_40X_HE_T071_01,0,0.9184861779212952,1
ann,4,SR1482_40X_HE_T071_02,0,0.4900893270969391,0
ann,4,SR1482_40X_HE_T074_01,0,0.23524779081344604,0
ann,4,SR1482_40X_HE_T074_02,0,0.28336888551712036,0
ann,4,SR1482_40X_HE_T083_01,0,0.8575094938278198,1
ann,4,SR1482_40X_HE_T083_02,0,0.4622727632522583,0
ann,4,SR1482_40X_HE_T087_01,0,0.23156048357486725,0
ann,4,SR1482_40X_HE_T097_01,1,0.8461155891418457,1
ann,4,SR1482_40X_HE_T097_02,1,0.3638787567615509,0
ann,4,SR1482_40X_HE_T108_01,0,0.28963401913642883,0
ann,4,SR1482_40X_HE_T113_01,0,0.279161274433136,0
ann,4,SR1482_40X_HE_T113_02,0,0.4897923469543457,0
ann,4,SR1482_40X_HE_T121_01,0,0.10216189920902252,0
ann,4,SR1482_40X_HE_T122_01,0,0.26693928241729736,0
ann,4,SR1482_40X_HE_T125_01,0,0.2884092926979065,0
ann,4,SR1482_40X_HE_T125_02,0,0.3722255527973175,0
ann,4,SR1482_40X_HE_T131_01,0,0.6846016645431519,1
ann,4,SR1482_40X_HE_T131_02,0,0.7826862931251526,1
ann,4,SR1482_40X_HE_T132_01,0,0.6377961039543152,1
ann,4,SR1482_40X_HE_T132_02,0,0.49792250990867615,0
ann,4,SR1482_40X_HE_T143_01,0,0.5351179242134094,1
ann,4,SR1482_40X_HE_T143_02,0,0.7193538546562195,1
ann,4,SR1482_40X_HE_T166_01,1,0.3173927962779999,0
ann,4,SR1482_40X_HE_T169_01,0,0.39569905400276184,0
ann,4,SR1482_40X_HE_T176_01,1,0.718355655670166,1
ann,4,SR1482_40X_HE_T176_02,1,0.6465098857879639,1
ann,4,SR1482_40X_HE_T191_01,0,0.26728129386901855,0
ann,4,SR1482_40X_HE_T194_01,0,0.6296148300170898,1
ann,4,SR1482_40X_HE_T218_01,0,0.2347964495420456,0
ann,4,SR1482_40X_HE_T253_01,0,0.33958739042282104,0
ann,4,SR1482_40X_HE_T290_01,0,0.6379882097244263,1
ann,4,SR1482_40X_HE_T308_01,0,0.45930352807044983,0
ann,4,SR1482_40X_HE_T314_01,0,0.5754506587982178,1
ann,4,SR1482_40X_HE_T314_02,0,0.8396473526954651,1
ann,4,SR1482_40X_HE_T372_01,1,0.3824579417705536,0
ann,4,SR1482_40X_HE_T372_02,1,0.4585770070552826,0
ann,4,SR1482_40X_HE_T408_01,0,0.2692854404449463,0
ann,4,SR1482_40X_HE_T412_01,0,0.26509249210357666,0
ann,4,SR1482_40X_HE_T425_01,0,0.14157742261886597,0
ann,4,SR1482_40X_HE_T434_01,1,0.8533729314804077,1
ann,4,SR386_40X_HE_T006_01,0,0.3821578323841095,0
ann,4,SR386_40X_HE_T010_01,0,0.4322175681591034,0
ann,4,SR386_40X_HE_T014_01,0,0.38084676861763,0
ann,4,SR386_40X_HE_T016_01,0,0.4556064009666443,0
ann,4,SR386_40X_HE_T020_01,0,0.35614997148513794,0
ann,4,SR386_40X_HE_T027_01,0,0.554550290107727,1
ann,4,SR386_40X_HE_T028_01,0,0.38842785358428955,0
ann,4,SR386_40X_HE_T037_01,0,0.2429303377866745,0
ann,4,SR386_40X_HE_T043_01,0,0.4239816963672638,0
ann,4,SR386_40X_HE_T044_01,1,0.3931553363800049,0
ann,4,SR386_40X_HE_T046_01,0,0.45017996430397034,0
ann,4,SR386_40X_HE_T058_01,0,0.3743192255496979,0
ann,4,SR386_40X_HE_T062_01,0,0.16520743072032928,0
ann,4,SR386_40X_HE_T065_01,1,0.3476651906967163,0
ann,4,SR386_40X_HE_T080_01,0,0.2463330626487732,0
ann,4,SR386_40X_HE_T091_01,0,0.3819981515407562,0
ann,4,SR386_40X_HE_T094_01,0,0.23572437465190887,0
ann,4,SR386_40X_HE_T097_01,0,0.3967140018939972,0
ann,4,SR386_40X_HE_T100_01,0,0.42952314019203186,0
ann,4,SR386_40X_HE_T107_01,0,0.42796412110328674,0
ann,4,SR386_40X_HE_T109_01,1,0.47529101371765137,0
ann,4,SR386_40X_HE_T110_01,0,0.47213834524154663,0
ann,4,SR386_40X_HE_T117_01,0,0.41865748167037964,0
ann,4,SR386_40X_HE_T127_01,0,0.24691297113895416,0
ann,4,SR386_40X_HE_T129_01,0,0.26684892177581787,0
ann,4,SR386_40X_HE_T136_01,0,0.3608318567276001,0
ann,4,SR386_40X_HE_T154_01,0,0.36414438486099243,0
ann,4,SR386_40X_HE_T168_01,1,0.7265092134475708,1
ann,4,SR386_40X_HE_T175_01,0,0.33164462447166443,0
ann,4,SR386_40X_HE_T189_01,0,0.3699517548084259,0
ann,4,SR386_40X_HE_T195_01,0,0.3402934670448303,0
ann,4,SR386_40X_HE_T227_01,0,0.29775720834732056,0
ann,4,SR386_40X_HE_T233_01,0,0.7005866765975952,1
ann,4,SR386_40X_HE_T234_01,0,0.5512784719467163,1
ann,4,SR386_40X_HE_T235_01,0,0.2734335660934448,0
ann,4,SR386_40X_HE_T239_01,0,0.8292555212974548,1
ann,4,SR386_40X_HE_T245_01,0,0.191446915268898,0
ann,4,SR386_40X_HE_T256_01,0,0.4103691279888153,0
ann,4,SR386_40X_HE_T265_01,0,0.5417422652244568,1
ann,4,SR386_40X_HE_T268_01,0,0.2809024453163147,0
ann,4,SR386_40X_HE_T270_01,0,0.5637469291687012,1
ann,4,SR386_40X_HE_T272_01,0,0.5973484516143799,1
ann,4,SR386_40X_HE_T273_01,0,0.33210888504981995,0
ann,4,SR386_40X_HE_T276_01,0,0.6512271761894226,1
ann,4,SR386_40X_HE_T278_01,1,0.5404321551322937,1
ann,4,SR386_40X_HE_T284_01,0,0.17604266107082367,0
ann,4,SR386_40X_HE_T285_01,0,0.1642233282327652,0
ann,4,SR386_40X_HE_T288_01,0,0.3990969955921173,0
ann,4,SR386_40X_HE_T291_01,0,0.44069990515708923,0
ann,4,SR386_40X_HE_T300_01,0,0.25098124146461487,0
ann,4,SR386_40X_HE_T302_01,0,0.3911045789718628,0
ann,4,SR386_40X_HE_T305_01,0,0.346472829580307,0
ann,4,SR386_40X_HE_T308_01,0,0.3299599289894104,0
ann,4,SR386_40X_HE_T325_01,0,0.3405779004096985,0
ann,4,SR386_40X_HE_T331_01,0,0.2526194155216217,0
ann,4,SR386_40X_HE_T341_01,0,0.42698055505752563,0
ann,4,SR386_40X_HE_T343_01,1,0.3571568727493286,0
ann,4,SR386_40X_HE_T346_01,0,0.5016071200370789,1
ann,4,SR386_40X_HE_T352_01,0,0.4613645374774933,0
ann,4,SR386_40X_HE_T373_01,0,0.36878350377082825,0
ann,4,SR386_40X_HE_T375_01,0,0.5082342624664307,1
ann,4,SR386_40X_HE_T381_01,0,0.4524344801902771,0
ann,4,SR386_40X_HE_T389_01,0,0.3961958587169647,0
ann,4,SR386_40X_HE_T391_01,0,0.26360225677490234,0
ann,4,SR386_40X_HE_T394_01,0,0.21005776524543762,0
ann,4,SR386_40X_HE_T399_01,0,0.3045308291912079,0
ann,4,SR386_40X_HE_T403_01,0,0.315740704536438,0
ann,4,SR386_40X_HE_T405_01,0,0.4409896731376648,0
ann,4,SR386_40X_HE_T407_01,0,0.40476518869400024,0
ann,4,SR386_40X_HE_T414_01,0,0.3617728650569916,0
ann,4,SR386_40X_HE_T424_01,0,0.5115665197372437,1
ann,4,SR386_40X_HE_T429_01,0,0.36675745248794556,0
ann,4,SR386_40X_HE_T441_01,0,0.651263952255249,1
ann,4,SR386_40X_HE_T451_01,0,0.4299723505973816,0
ann,4,SR386_40X_HE_T453_01,0,0.24317702651023865,0
ann,4,SR386_40X_HE_T455_01,0,0.24015593528747559,0
ann,4,SR386_40X_HE_T465_01,0,0.5810903906822205,1
ann,4,SR386_40X_HE_T474_01,0,0.48001179099082947,0
ann,4,SR386_40X_HE_T476_01,0,0.3764268755912781,0
ann,4,SR386_40X_HE_T479_01,0,0.3191596269607544,0
ann,4,SR386_40X_HE_T482_01,0,0.27599528431892395,0
ann,4,SR386_40X_HE_T487_01,0,0.25650718808174133,0
ann,4,SR386_40X_HE_T490_01,0,0.504416286945343,1
ann,4,SR386_40X_HE_T494_01,0,0.48714226484298706,0
ann,4,SR386_40X_HE_T500_01,0,0.455997109413147,0
ann,4,SR386_40X_HE_T510_01,0,0.3610217571258545,0
ann,4,SR386_40X_HE_T524_01,0,0.7480308413505554,1
ann,4,SR386_40X_HE_T528_01,0,0.3052081763744354,0
ann,4,SR386_40X_HE_T532_01,0,0.3288221061229706,0
ann,4,SR386_40X_HE_T534_01,0,0.46644991636276245,0
ann,4,SR386_40X_HE_T536_01,0,0.23616886138916016,0
ann,4,SR386_40X_HE_T537_01,0,0.33161821961402893,0
ann,4,SR386_40X_HE_T541_01,0,0.32588833570480347,0
ann,4,SR386_40X_HE_T548_01,1,0.2893834412097931,0
ann,4,SR386_40X_HE_T550_01,0,0.6581348776817322,1
ann,4,SR386_40X_HE_T551_01,0,0.2529006004333496,0
ann,4,SR386_40X_HE_T557_01,0,0.32204702496528625,0
ann,4,SR386_40X_HE_T565_01,0,0.31298983097076416,0
ann,4,SR386_40X_HE_T567_01,0,0.46447598934173584,0
ann,4,SR386_40X_HE_T575_01,0,0.5474726557731628,1
ann,4,SR386_40X_HE_T576_01,0,0.4532778859138489,0
ann,4,SR386_40X_HE_T581_01,0,0.25731590390205383,0
knn,1,SR1482_40X_HE_T029_01,0,0.3333333333333333,0
knn,1,SR1482_40X_HE_T029_02,0,0.3333333333333333,0
knn,1,SR1482_40X_HE_T057_01,0,0.3333333333333333,0
knn,1,SR1482_40X_HE_T063_01,1,0.3333333333333333,0
knn,1,SR1482_40X_HE_T063_02,1,0.0,0
knn,1,SR1482_40X_HE_T065_01,0,0.0,0
knn,1,SR1482_40X_HE_T065_02,0,0.0,0
knn,1,SR1482_40X_HE_T066_01,0,0.0,0
knn,1,SR1482_40X_HE_T066_02,0,0.0,0
knn,1,SR1482_40X_HE_T068_01,0,0.0,0
knn,1,SR1482_40X_HE_T069_01,0,0.0,0
knn,1,SR1482_40X_HE_T069_02,0,0.0,0
knn,1,SR1482_40X_HE_T079_01,1,0.0,0
knn,1,SR1482_40X_HE_T079_02,1,0.3333333333333333,0
knn,1,SR1482_40X_HE_T080_01,0,0.0,0
knn,1,SR1482_40X_HE_T080_02,0,0.0,0
knn,1,SR1482_40X_HE_T081_01,0,0.0,0
knn,1,SR1482_40X_HE_T081_02,0,0.0,0
knn,1,SR1482_40X_HE_T099_01,0,0.0,0
knn,1,SR1482_40X_HE_T116_01,0,0.0,0
knn,1,SR1482_40X_HE_T117_01,0,0.0,0
knn,1,SR1482_40X_HE_T117_02,0,0.3333333333333333,0
knn,1,SR1482_40X_HE_T126_01,0,0.0,0
knn,1,SR1482_40X_HE_T129_01,0,0.0,0
knn,1,SR1482_40X_HE_T129_02,0,0.0,0
knn,1,SR1482_40X_HE_T139_01,0,0.0,0
knn,1,SR1482_40X_HE_T139_02,0,0.0,0
knn,1,SR1482_40X_HE_T147_01,0,0.6666666666666666,1
knn,1,SR1482_40X_HE_T147_02,0,0.6666666666666666,1
knn,1,SR1482_40X_HE_T159_01,0,0.3333333333333333,0
knn,1,SR1482_40X_HE_T159_02,0,0.3333333333333333,0
knn,1,SR1482_40X_HE_T192_01,0,0.0,0
knn,1,SR1482_40X_HE_T199_01,0,0.0,0
knn,1,SR1482_40X_HE_T304_01,0,0.0,0
knn,1,SR1482_40X_HE_T304_02,0,0.0,0
knn,1,SR1482_40X_HE_T310_01,1,0.3333333333333333,0
knn,1,SR1482_40X_HE_T310_02,1,0.3333333333333333,0
knn,1,SR1482_40X_HE_T341_01,0,0.0,0
knn,1,SR1482_40X_HE_T341_02,0,0.0,0
knn,1,SR1482_40X_HE_T353_01,0,0.0,0
knn,1,SR1482_40X_HE_T390_01,0,0.0,0
knn,1,SR1482_40X_HE_T433_01,1,0.0,0
knn,1,SR386_40X_HE_T003_01,0,0.0,0
knn,1,SR386_40X_HE_T004_01,0,0.0,0
knn,1,SR386_40X_HE_T022_01,1,0.0,0
knn,1,SR386_40X_HE_T030_01,0,0.0,0
knn,1,SR386_40X_HE_T033_01,0,0.6666666666666666,1
knn,1,SR386_40X_HE_T036_01,0,0.0,0
knn,1,SR386_40X_HE_T038_01,0,0.0,0
knn,1,SR386_40X_HE_T049_01,0,0.0,0
knn,1,SR386_40X_HE_T050_01,0,0.0,0
knn,1,SR386_40X_HE_T060_01,0,0.0,0
knn,1,SR386_40X_HE_T063_01,0,0.0,0
knn,1,SR386_40X_HE_T066_01,0,0.3333333333333333,0
knn,1,SR386_40X_HE_T069_01,0,0.0,0
knn,1,SR386_40X_HE_T072_01,0,0.0,0
knn,1,SR386_40X_HE_T074_01,0,0.0,0
knn,1,SR386_40X_HE_T078_01,0,0.0,0
knn,1,SR386_40X_HE_T079_01,0,0.0,0
knn,1,SR386_40X_HE_T092_01,1,0.0,0
knn,1,SR386_40X_HE_T096_01,0,0.0,0
knn,1,SR386_40X_HE_T099_01,0,0.0,0
knn,1,SR386_40X_HE_T103_01,0,0.3333333333333333,0
knn,1,SR386_40X_HE_T108_01,0,0.0,0
knn,1,SR386_40X_HE_T113_01,0,0.0,0
knn,1,SR386_40X_HE_T114_01,0,0.0,0
knn,1,SR386_40X_HE_T119_01,0,0.0,0
knn,1,SR386_40X_HE_T126_01,0,0.0,0
knn,1,SR386_40X_HE_T130_01,0,0.0,0
knn,1,SR386_40X_HE_T131_01,0,0.0,0
knn,1,SR386_40X_HE_T135_01,0,0.3333333333333333,0
knn,1,SR386_40X_HE_T140_01,0,0.0,0
knn,1,SR386_40X_HE_T144_01,0,0.0,0
knn,1,SR386_40X_HE_T147_01,0,0.0,0
knn,1,SR386_40X_HE_T148_01,0,0.0,0
knn,1,SR386_40X_HE_T160_01,0,0.0,0
knn,1,SR386_40X_HE_T169_01,0,0.0,0
knn,1,SR386_40X_HE_T170_01,1,0.0,0
knn,1,SR386_40X_HE_T172_01,0,0.3333333333333333,0
knn,1,SR386_40X_HE_T174_01,0,0.0,0
knn,1,SR386_40X_HE_T181_01,0,0.0,0
knn,1,SR386_40X_HE_T196_01,0,0.0,0
knn,1,SR386_40X_HE_T205_01,0,0.0,0
knn,1,SR386_40X_HE_T209_01,0,0.0,0
knn,1,SR386_40X_HE_T210_01,0,0.0,0
knn,1,SR386_40X_HE_T212_01,0,0.0,0
knn,1,SR386_40X_HE_T221_01,0,0.0,0
knn,1,SR386_40X_HE_T224_01,0,0.0,0
knn,1,SR386_40X_HE_T231_01,1,0.3333333333333333,0
knn,1,SR386_40X_HE_T232_01,0,0.0,0
knn,1,SR386_40X_HE_T247_01,0,0.0,0
knn,1,SR386_40X_HE_T252_01,0,0.0,0
knn,1,SR386_40X_HE_T255_01,0,0.0,0
knn,1,SR386_40X_HE_T259_01,1,0.0,0
knn,1,SR386_40X_HE_T274_01,0,0.0,0
knn,1,SR386_40X_HE_T275_01,0,0.0,0
knn,1,SR386_40X_HE_T282_01,0,0.0,0
knn,1,SR386_40X_HE_T294_01,0,0.3333333333333333,0
knn,1,SR386_40X_HE_T311_01,0,0.3333333333333333,0
knn,1,SR386_40X_HE_T315_01,0,0.0,0
knn,1,SR386_40X_HE_T319_01,1,0.3333333333333333,0
knn,1,SR386_40X_HE_T324_01,1,0.0,0
knn,1,SR386_40X_HE_T330_01,0,0.0,0
knn,1,SR386_40X_HE_T333_01,0,0.0,0
knn,1,SR386_40X_HE_T335_01,0,0.0,0
knn,1,SR386_40X_HE_T337_01,0,0.0,0
knn,1,SR386_40X_HE_T344_01,0,0.0,0
knn,1,SR386_40X_HE_T347_01,0,0.0,0
knn,1,SR386_40X_HE_T350_01,0,0.0,0
knn,1,SR386_40X_HE_T351_01,0,0.0,0
knn,1,SR386_40X_HE_T360_01,0,0.0,0
knn,1,SR386_40X_HE_T361_01,0,0.0,0
knn,1,SR386_40X_HE_T366_01,0,0.0,0
knn,1,SR386_40X_HE_T377_01,1,0.0,0
knn,1,SR386_40X_HE_T384_01,0,0.0,0
knn,1,SR386_40X_HE_T395_01,0,0.0,0
knn,1,SR386_40X_HE_T396_01,0,0.0,0
knn,1,SR386_40X_HE_T401_01,0,0.0,0
knn,1,SR386_40X_HE_T408_01,0,0.0,0
knn,1,SR386_40X_HE_T410_01,0,0.0,0
knn,1,SR386_40X_HE_T413_01,0,0.0,0
knn,1,SR386_40X_HE_T416_01,0,0.0,0
knn,1,SR386_40X_HE_T418_01,0,0.3333333333333333,0
knn,1,SR386_40X_HE_T419_01,0,0.0,0
knn,1,SR386_40X_HE_T421_01,0,0.0,0
knn,1,SR386_40X_HE_T423_01,0,0.0,0
knn,1,SR386_40X_HE_T428_01,0,0.0,0
knn,1,SR386_40X_HE_T430_01,0,0.3333333333333333,0
knn,1,SR386_40X_HE_T431_01,0,0.0,0
knn,1,SR386_40X_HE_T435_01,0,0.3333333333333333,0
knn,1,SR386_40X_HE_T438_01,0,0.3333333333333333,0
knn,1,SR386_40X_HE_T439_01,0,0.3333333333333333,0
knn,1,SR386_40X_HE_T447_01,0,0.0,0
knn,1,SR386_40X_HE_T449_01,0,0.0,0
knn,1,SR386_40X_HE_T454_01,0,0.0,0
knn,1,SR386_40X_HE_T456_01,0,0.0,0
knn,1,SR386_40X_HE_T461_01,0,0.0,0
knn,1,SR386_40X_HE_T462_01,0,0.0,0
knn,1,SR386_40X_HE_T468_01,0,0.0,0
knn,1,SR386_40X_HE_T469_01,1,0.0,0
knn,1,SR386_40X_HE_T470_01,0,0.0,0
knn,1,SR386_40X_HE_T471_01,0,0.0,0
knn,1,SR386_40X_HE_T477_01,0,0.3333333333333333,0
knn,1,SR386_40X_HE_T480_01,0,0.0,0
knn,1,SR386_40X_HE_T484_01,0,0.0,0
knn,1,SR386_40X_HE_T495_01,0,0.0,0
knn,1,SR386_40X_HE_T496_01,0,0.0,0
knn,1,SR386_40X_HE_T498_01,0,0.3333333333333333,0
knn,1,SR386_40X_HE_T504_01,0,0.0,0
knn,1,SR386_40X_HE_T511_01,0,0.0,0
knn,1,SR386_40X_HE_T517_01,0,0.3333333333333333,0
knn,1,SR386_40X_HE_T523_01,0,0.0,0
knn,1,SR386_40X_HE_T529_01,0,0.0,0
knn,1,SR386_40X_HE_T542_01,0,0.0,0
knn,1,SR386_40X_HE_T569_01,0,0.0,0
knn,1,SR386_40X_HE_T582_01,0,0.0,0
knn,2,SR1482_40X_HE_T009_01,0,0.0,0
knn,2,SR1482_40X_HE_T009_02,0,0.0,0
knn,2,SR1482_40X_HE_T015_01,0,0.0,0
knn,2,SR1482_40X_HE_T021_01,0,0.0,0
knn,2,SR1482_40X_HE_T067_01,0,0.0,0
knn,2,SR1482_40X_HE_T075_01,0,0.0,0
knn,2,SR1482_40X_HE_T075_02,0,0.0,0
knn,2,SR1482_40X_HE_T098_01,0,0.0,0
knn,2,SR1482_40X_HE_T098_02,0,0.0,0
knn,2,SR1482_40X_HE_T102_01,0,0.0,0
knn,2,SR1482_40X_HE_T123_01,0,0.0,0
knn,2,SR1482_40X_HE_T142_01,0,0.0,0
knn,2,SR1482_40X_HE_T146_01,0,0.3333333333333333,0
knn,2,SR1482_40X_HE_T148_01,0,0.0,0
knn,2,SR1482_40X_HE_T148_02,0,0.3333333333333333,0
knn,2,SR1482_40X_HE_T154_01,0,0.0,0
knn,2,SR1482_40X_HE_T158_01,0,0.0,0
knn,2,SR1482_40X_HE_T161_01,0,0.0,0
knn,2,SR1482_40X_HE_T161_02,0,0.0,0
knn,2,SR1482_40X_HE_T164_01,1,0.0,0
knn,2,SR1482_40X_HE_T164_02,1,0.3333333333333333,0
knn,2,SR1482_40X_HE_T168_01,0,0.0,0
knn,2,SR1482_40X_HE_T171_01,0,0.0,0
knn,2,SR1482_40X_HE_T171_02,0,0.0,0
knn,2,SR1482_40X_HE_T178_01,1,0.0,0
knn,2,SR1482_40X_HE_T186_01,0,0.0,0
knn,2,SR1482_40X_HE_T193_01,0,0.3333333333333333,0
knn,2,SR1482_40X_HE_T193_02,0,0.3333333333333333,0
knn,2,SR1482_40X_HE_T209_01,0,0.0,0
knn,2,SR1482_40X_HE_T209_02,0,0.0,0
knn,2,SR1482_40X_HE_T245_01,0,0.0,0
knn,2,SR1482_40X_HE_T245_02,0,0.0,0
knn,2,SR1482_40X_HE_T265_01,0,0.0,0
knn,2,SR1482_40X_HE_T302_01,0,0.0,0
knn,2,SR1482_40X_HE_T343_01,1,0.0,0
knn,2,SR1482_40X_HE_T343_02,1,0.0,0
knn,2,SR1482_40X_HE_T399_01,0,0.0,0
knn,2,SR1482_40X_HE_T399_02,0,0.0,0
knn,2,SR1482_40X_HE_T426_01,0,0.0,0
knn,2,SR1482_40X_HE_T426_02,0,0.0,0
knn,2,SR386_40X_HE_T001_01,0,0.3333333333333333,0
knn,2,SR386_40X_HE_T013_01,0,0.0,0
knn,2,SR386_40X_HE_T018_01,0,0.0,0
knn,2,SR386_40X_HE_T019_01,0,0.0,0
knn,2,SR386_40X_HE_T024_01,0,0.0,0
knn,2,SR386_40X_HE_T039_01,0,0.0,0
knn,2,SR386_40X_HE_T040_01,1,0.3333333333333333,0
knn,2,SR386_40X_HE_T042_01,0,0.0,0
knn,2,SR386_40X_HE_T047_01,0,0.0,0
knn,2,SR386_40X_HE_T051_01,0,0.0,0
knn,2,SR386_40X_HE_T052_01,0,0.0,0
knn,2,SR386_40X_HE_T056_01,0,0.0,0
knn,2,SR386_40X_HE_T057_01,0,0.0,0
knn,2,SR386_40X_HE_T070_01,0,0.0,0
knn,2,SR386_40X_HE_T082_01,0,0.0,0
knn,2,SR386_40X_HE_T084_01,0,0.0,0
knn,2,SR386_40X_HE_T087_01,0,0.0,0
knn,2,SR386_40X_HE_T088_01,0,0.3333333333333333,0
knn,2,SR386_40X_HE_T098_01,0,0.3333333333333333,0
knn,2,SR386_40X_HE_T105_01,0,0.0,0
knn,2,SR386_40X_HE_T122_01,0,0.3333333333333333,0
knn,2,SR386_40X_HE_T123_01,0,0.0,0
knn,2,SR386_40X_HE_T133_01,0,0.0,0
knn,2,SR386_40X_HE_T145_01,0,0.0,0
knn,2,SR386_40X_HE_T150_01,0,0.0,0
knn,2,SR386_40X_HE_T152_01,0,0.0,0
knn,2,SR386_40X_HE_T155_01,0,0.0,0
knn,2,SR386_40X_HE_T157_01,0,0.0,0
knn,2,SR386_40X_HE_T164_01,0,0.0,0
knn,2,SR386_40X_HE_T166_01,0,0.0,0
knn,2,SR386_40X_HE_T176_01,1,0.6666666666666666,1
knn,2,SR386_40X_HE_T177_01,0,0.0,0
knn,2,SR386_40X_HE_T178_01,0,0.0,0
knn,2,SR386_40X_HE_T187_01,0,0.0,0
knn,2,SR386_40X_HE_T190_01,0,0.0,0
knn,2,SR386_40X_HE_T192_01,0,0.0,0
knn,2,SR386_40X_HE_T198_01,0,0.0,0
knn,2,SR386_40X_HE_T200_01,0,0.0,0
knn,2,SR386_40X_HE_T206_01,1,0.0,0
knn,2,SR386_40X_HE_T211_01,0,0.0,0
knn,2,SR386_40X_HE_T213_01,0,0.0,0
knn,2,SR386_40X_HE_T214_01,0,0.0,0
knn,2,SR386_40X_HE_T220_01,0,0.0,0
knn,2,SR386_40X_HE_T230_01,1,0.0,0
knn,2,SR386_40X_HE_T236_01,0,0.0,0
knn,2,SR386_40X_HE_T237_01,0,0.0,0
knn,2,SR386_40X_HE_T240_01,0,0.0,0
knn,2,SR386_40X_HE_T241_01,0,0.0,0
knn,2,SR386_40X_HE_T242_01,0,0.0,0
knn,2,SR386_40X_HE_T253_01,0,0.0,0
knn,2,SR386_40X_HE_T260_01,0,0.0,0
knn,2,SR386_40X_HE_T262_01,0,0.0,0
knn,2,SR386_40X_HE_T264_01,0,0.3333333333333333,0
knn,2,SR386_40X_HE_T271_01,0,0.0,0
knn,2,SR386_40X_HE_T281_01,0,0.0,0
knn,2,SR386_40X_HE_T297_01,0,0.0,0
knn,2,SR386_40X_HE_T299_01,0,0.0,0
knn,2,SR386_40X_HE_T301_01,0,0.3333333333333333,0
knn,2,SR386_40X_HE_T306_01,0,0.0,0
knn,2,SR386_40X_HE_T309_01,0,0.0,0
knn,2,SR386_40X_HE_T314_01,0,0.0,0
knn,2,SR386_40X_HE_T316_01,0,0.3333333333333333,0
knn,2,SR386_40X_HE_T318_01,0,0.0,0
knn,2,SR386_40X_HE_T321_01,0,0.0,0
knn,2,SR386_40X_HE_T326_01,0,0.0,0
knn,2,SR386_40X_HE_T327_01,0,0.0,0
knn,2,SR386_40X_HE_T332_01,1,0.0,0
knn,2,SR386_40X_HE_T355_01,0,0.0,0
knn,2,SR386_40X_HE_T364_01,0,0.0,0
knn,2,SR386_40X_HE_T368_01,1,0.0,0
knn,2,SR386_40X_HE_T374_01,0,0.0,0
knn,2,SR386_40X_HE_T380_01,0,0.0,0
knn,2,SR386_40X_HE_T382_01,0,0.0,0
knn,2,SR386_40X_HE_T392_01,0,0.0,0
knn,2,SR386_40X_HE_T398_01,0,0.0,0
knn,2,SR386_40X_HE_T402_01,1,0.0,0
knn,2,SR386_40X_HE_T404_01,0,0.0,0
knn,2,SR386_40X_HE_T415_01,0,0.0,0
knn,2,SR386_40X_HE_T417_01,0,0.0,0
knn,2,SR386_40X_HE_T425_01,0,0.0,0
knn,2,SR386_40X_HE_T436_01,1,0.0,0
knn,2,SR386_40X_HE_T437_01,0,0.0,0
knn,2,SR386_40X_HE_T440_01,0,0.0,0
knn,2,SR386_40X_HE_T445_01,0,0.0,0
knn,2,SR386_40X_HE_T450_01,0,0.0,0
knn,2,SR386_40X_HE_T459_01,0,0.0,0
knn,2,SR386_40X_HE_T472_01,0,0.0,0
knn,2,SR386_40X_HE_T481_01,0,0.3333333333333333,0
knn,2,SR386_40X_HE_T483_01,0,0.0,0
knn,2,SR386_40X_HE_T486_01,0,0.0,0
knn,2,SR386_40X_HE_T488_01,0,0.0,0
knn,2,SR386_40X_HE_T499_01,0,0.0,0
knn,2,SR386_40X_HE_T507_01,0,0.3333333333333333,0
knn,2,SR386_40X_HE_T514_01,0,0.0,0
knn,2,SR386_40X_HE_T520_01,1,0.0,0
knn,2,SR386_40X_HE_T522_01,0,0.0,0
knn,2,SR386_40X_HE_T531_01,0,0.0,0
knn,2,SR386_40X_HE_T535_01,0,0.0,0
knn,2,SR386_40X_HE_T539_01,0,0.0,0
knn,2,SR386_40X_HE_T549_01,0,0.0,0
knn,2,SR386_40X_HE_T552_01,0,0.0,0
knn,2,SR386_40X_HE_T553_01,0,0.0,0
knn,2,SR386_40X_HE_T554_01,0,0.0,0
knn,2,SR386_40X_HE_T558_01,0,0.0,0
knn,2,SR386_40X_HE_T564_01,0,0.0,0
knn,2,SR386_40X_HE_T570_01,0,0.0,0
knn,2,SR386_40X_HE_T574_01,0,0.0,0
knn,2,SR386_40X_HE_T578_01,0,0.0,0
knn,2,SR386_40X_HE_T580_01,0,0.0,0
knn,3,SR1482_40X_HE_T005_01,0,0.0,0
knn,3,SR1482_40X_HE_T005_02,0,0.0,0
knn,3,SR1482_40X_HE_T010_01,0,0.0,0
knn,3,SR1482_40X_HE_T043_01,0,0.3333333333333333,0
knn,3,SR1482_40X_HE_T043_02,0,0.0,0
knn,3,SR1482_40X_HE_T049_01,0,0.0,0
knn,3,SR1482_40X_HE_T061_01,0,0.3333333333333333,0
knn,3,SR1482_40X_HE_T061_02,0,0.0,0
knn,3,SR1482_40X_HE_T070_01,1,0.0,0
knn,3,SR1482_40X_HE_T073_01,0,0.0,0
knn,3,SR1482_40X_HE_T082_01,0,0.0,0
knn,3,SR1482_40X_HE_T082_02,0,0.0,0
knn,3,SR1482_40X_HE_T089_01,0,0.0,0
knn,3,SR1482_40X_HE_T090_01,0,0.0,0
knn,3,SR1482_40X_HE_T094_01,1,0.0,0
knn,3,SR1482_40X_HE_T094_02,1,0.0,0
knn,3,SR1482_40X_HE_T105_01,0,0.0,0
knn,3,SR1482_40X_HE_T115_01,0,0.0,0
knn,3,SR1482_40X_HE_T115_02,0,0.0,0
knn,3,SR1482_40X_HE_T118_01,0,1.0,1
knn,3,SR1482_40X_HE_T118_02,0,0.0,0
knn,3,SR1482_40X_HE_T120_01,0,0.0,0
knn,3,SR1482_40X_HE_T120_02,0,0.0,0
knn,3,SR1482_40X_HE_T124_01,0,0.6666666666666666,1
knn,3,SR1482_40X_HE_T124_02,0,0.3333333333333333,0
knn,3,SR1482_40X_HE_T138_01,0,0.0,0
knn,3,SR1482_40X_HE_T160_01,0,0.0,0
knn,3,SR1482_40X_HE_T160_02,0,0.3333333333333333,0
knn,3,SR1482_40X_HE_T167_01,0,0.0,0
knn,3,SR1482_40X_HE_T167_02,0,0.0,0
knn,3,SR1482_40X_HE_T175_01,0,0.0,0
knn,3,SR1482_40X_HE_T175_02,0,0.3333333333333333,0
knn,3,SR1482_40X_HE_T177_01,1,0.3333333333333333,0
knn,3,SR1482_40X_HE_T188_01,0,0.3333333333333333,0
knn,3,SR1482_40X_HE_T195_01,0,0.0,0
knn,3,SR1482_40X_HE_T195_02,0,0.0,0
knn,3,SR1482_40X_HE_T202_01,0,0.3333333333333333,0
knn,3,SR1482_40X_HE_T202_02,0,0.0,0
knn,3,SR1482_40X_HE_T225_01,0,0.3333333333333333,0
knn,3,SR1482_40X_HE_T225_02,0,0.0,0
knn,3,SR1482_40X_HE_T235_01,0,0.3333333333333333,0
knn,3,SR1482_40X_HE_T235_02,0,0.0,0
knn,3,SR1482_40X_HE_T236_01,0,0.0,0
knn,3,SR1482_40X_HE_T236_02,0,0.0,0
knn,3,SR1482_40X_HE_T258_01,0,0.0,0
knn,3,SR1482_40X_HE_T258_02,0,0.0,0
knn,3,SR1482_40X_HE_T284_01,1,0.0,0
knn,3,SR1482_40X_HE_T284_02,1,0.0,0
knn,3,SR1482_40X_HE_T301_01,1,0.0,0
knn,3,SR1482_40X_HE_T301_02,1,0.3333333333333333,0
knn,3,SR1482_40X_HE_T309_01,0,0.0,0
knn,3,SR1482_40X_HE_T313_01,0,0.3333333333333333,0
knn,3,SR1482_40X_HE_T313_02,0,0.0,0
knn,3,SR1482_40X_HE_T338_01,0,0.3333333333333333,0
knn,3,SR1482_40X_HE_T344_01,0,0.0,0
knn,3,SR1482_40X_HE_T344_02,0,0.0,0
knn,3,SR1482_40X_HE_T346_01,0,0.0,0
knn,3,SR1482_40X_HE_T346_02,0,0.3333333333333333,0
knn,3,SR1482_40X_HE_T377_01,0,0.0,0
knn,3,SR1482_40X_HE_T377_02,0,0.0,0
knn,3,SR1482_40X_HE_T419_01,0,0.0,0
knn,3,SR1482_40X_HE_T427_01,0,0.0,0
knn,3,SR1482_40X_HE_T427_02,0,0.0,0
knn,3,SR386_40X_HE_T007_01,0,0.0,0
knn,3,SR386_40X_HE_T015_01,0,0.0,0
knn,3,SR386_40X_HE_T017_01,1,0.3333333333333333,0
knn,3,SR386_40X_HE_T032_01,0,0.0,0
knn,3,SR386_40X_HE_T034_01,0,0.0,0
knn,3,SR386_40X_HE_T035_01,0,0.0,0
knn,3,SR386_40X_HE_T041_01,0,0.6666666666666666,1
knn,3,SR386_40X_HE_T067_01,0,0.0,0
knn,3,SR386_40X_HE_T075_01,0,0.0,0
knn,3,SR386_40X_HE_T081_01,0,0.3333333333333333,0
knn,3,SR386_40X_HE_T083_01,0,0.3333333333333333,0
knn,3,SR386_40X_HE_T085_01,0,0.0,0
knn,3,SR386_40X_HE_T095_01,0,0.3333333333333333,0
knn,3,SR386_40X_HE_T104_01,0,0.3333333333333333,0
knn,3,SR386_40X_HE_T106_01,0,0.0,0
knn,3,SR386_40X_HE_T112_01,0,0.0,0
knn,3,SR386_40X_HE_T128_01,0,0.0,0
knn,3,SR386_40X_HE_T132_01,0,0.0,0
knn,3,SR386_40X_HE_T138_01,0,0.0,0
knn,3,SR386_40X_HE_T142_01,0,0.0,0
knn,3,SR386_40X_HE_T149_01,0,0.3333333333333333,0
knn,3,SR386_40X_HE_T165_01,1,0.3333333333333333,0
knn,3,SR386_40X_HE_T179_01,0,0.0,0
knn,3,SR386_40X_HE_T180_01,0,0.0,0
knn,3,SR386_40X_HE_T182_01,0,0.0,0
knn,3,SR386_40X_HE_T184_01,0,0.0,0
knn,3,SR386_40X_HE_T188_01,0,0.0,0
knn,3,SR386_40X_HE_T191_01,0,0.0,0
knn,3,SR386_40X_HE_T197_01,0,0.0,0
knn,3,SR386_40X_HE_T201_01,0,0.0,0
knn,3,SR386_40X_HE_T202_01,0,0.0,0
knn,3,SR386_40X_HE_T208_01,0,0.0,0
knn,3,SR386_40X_HE_T216_01,1,0.0,0
knn,3,SR386_40X_HE_T238_01,0,0.0,0
knn,3,SR386_40X_HE_T244_01,0,0.0,0
knn,3,SR386_40X_HE_T248_01,0,0.0,0
knn,3,SR386_40X_HE_T249_01,0,0.0,0
knn,3,SR386_40X_HE_T250_01,0,0.0,0
knn,3,SR386_40X_HE_T263_01,0,0.0,0
knn,3,SR386_40X_HE_T267_01,0,0.3333333333333333,0
knn,3,SR386_40X_HE_T269_01,0,0.0,0
knn,3,SR386_40X_HE_T277_01,0,0.0,0
knn,3,SR386_40X_HE_T286_01,0,0.0,0
knn,3,SR386_40X_HE_T287_01,0,0.0,0
knn,3,SR386_40X_HE_T290_01,0,0.0,0
knn,3,SR386_40X_HE_T293_01,0,0.0,0
knn,3,SR386_40X_HE_T298_01,0,0.0,0
knn,3,SR386_40X_HE_T303_01,0,0.0,0
knn,3,SR386_40X_HE_T312_01,0,0.0,0
knn,3,SR386_40X_HE_T329_01,0,0.0,0
knn,3,SR386_40X_HE_T336_01,0,0.0,0
knn,3,SR386_40X_HE_T338_01,0,0.0,0
knn,3,SR386_40X_HE_T342_01,0,0.0,0
knn,3,SR386_40X_HE_T353_01,0,0.0,0
knn,3,SR386_40X_HE_T357_01,0,0.0,0
knn,3,SR386_40X_HE_T362_01,0,0.0,0
knn,3,SR386_40X_HE_T363_01,1,0.0,0
knn,3,SR386_40X_HE_T372_01,0,0.0,0
knn,3,SR386_40X_HE_T378_01,0,0.0,0
knn,3,SR386_40X_HE_T379_01,0,0.0,0
knn,3,SR386_40X_HE_T386_01,0,0.0,0
knn,3,SR386_40X_HE_T387_01,0,0.0,0
knn,3,SR386_40X_HE_T393_01,0,0.0,0
knn,3,SR386_40X_HE_T397_01,0,0.0,0
knn,3,SR386_40X_HE_T406_01,0,0.0,0
knn,3,SR386_40X_HE_T409_01,0,0.0,0
knn,3,SR386_40X_HE_T422_01,0,0.0,0
knn,3,SR386_40X_HE_T426_01,0,0.0,0
knn,3,SR386_40X_HE_T433_01,0,0.0,0
knn,3,SR386_40X_HE_T443_01,0,0.0,0
knn,3,SR386_40X_HE_T448_01,0,0.0,0
knn,3,SR386_40X_HE_T452_01,0,0.0,0
knn,3,SR386_40X_HE_T460_01,1,0.3333333333333333,0
knn,3,SR386_40X_HE_T473_01,0,0.0,0
knn,3,SR386_40X_HE_T475_01,0,0.0,0
knn,3,SR386_40X_HE_T478_01,0,0.0,0
knn,3,SR386_40X_HE_T489_01,1,0.3333333333333333,0
knn,3,SR386_40X_HE_T491_01,0,0.0,0
knn,3,SR386_40X_HE_T492_01,0,0.0,0
knn,3,SR386_40X_HE_T493_01,0,0.0,0
knn,3,SR386_40X_HE_T502_01,0,0.0,0
knn,3,SR386_40X_HE_T505_01,0,0.0,0
knn,3,SR386_40X_HE_T506_01,0,0.0,0
knn,3,SR386_40X_HE_T509_01,0,0.3333333333333333,0
knn,3,SR386_40X_HE_T516_01,0,0.0,0
knn,3,SR386_40X_HE_T518_01,0,0.0,0
knn,3,SR386_40X_HE_T519_01,0,0.0,0
knn,3,SR386_40X_HE_T521_01,0,0.0,0
knn,3,SR386_40X_HE_T526_01,0,0.0,0
knn,3,SR386_40X_HE_T533_01,0,0.0,0
knn,3,SR386_40X_HE_T543_01,0,0.0,0
knn,3,SR386_40X_HE_T544_01,0,0.0,0
knn,3,SR386_40X_HE_T556_01,1,0.0,0
knn,3,SR386_40X_HE_T560_01,0,0.0,0
knn,3,SR386_40X_HE_T563_01,0,0.0,0
knn,3,SR386_40X_HE_T568_01,0,0.0,0
knn,3,SR386_40X_HE_T571_01,0,0.0,0
knn,3,SR386_40X_HE_T572_01,0,0.0,0
knn,3,SR386_40X_HE_T573_01,0,0.0,0
knn,3,SR386_40X_HE_T583_01,0,0.0,0
knn,4,SR1482_40X_HE_T002_01,0,0.0,0
knn,4,SR1482_40X_HE_T003_01,0,0.0,0
knn,4,SR1482_40X_HE_T004_01,0,0.0,0
knn,4,SR1482_40X_HE_T004_02,0,0.0,0
knn,4,SR1482_40X_HE_T011_01,0,0.0,0
knn,4,SR1482_40X_HE_T025_01,0,0.3333333333333333,0
knn,4,SR1482_40X_HE_T025_02,0,0.3333333333333333,0
knn,4,SR1482_40X_HE_T060_01,0,0.0,0
knn,4,SR1482_40X_HE_T062_01,0,0.0,0
knn,4,SR1482_40X_HE_T062_02,0,0.0,0
knn,4,SR1482_40X_HE_T064_01,0,0.0,0
knn,4,SR1482_40X_HE_T064_02,0,0.3333333333333333,0
knn,4,SR1482_40X_HE_T071_01,0,0.3333333333333333,0
knn,4,SR1482_40X_HE_T071_02,0,0.0,0
knn,4,SR1482_40X_HE_T074_01,0,0.3333333333333333,0
knn,4,SR1482_40X_HE_T074_02,0,0.3333333333333333,0
knn,4,SR1482_40X_HE_T083_01,0,0.6666666666666666,1
knn,4,SR1482_40X_HE_T083_02,0,0.0,0
knn,4,SR1482_40X_HE_T087_01,0,0.0,0
knn,4,SR1482_40X_HE_T097_01,1,0.0,0
knn,4,SR1482_40X_HE_T097_02,1,0.0,0
knn,4,SR1482_40X_HE_T108_01,0,0.0,0
knn,4,SR1482_40X_HE_T113_01,0,0.3333333333333333,0
knn,4,SR1482_40X_HE_T113_02,0,0.0,0
knn,4,SR1482_40X_HE_T121_01,0,0.0,0
knn,4,SR1482_40X_HE_T122_01,0,0.0,0
knn,4,SR1482_40X_HE_T125_01,0,0.0,0
knn,4,SR1482_40X_HE_T125_02,0,0.0,0
knn,4,SR1482_40X_HE_T131_01,0,0.3333333333333333,0
knn,4,SR1482_40X_HE_T131_02,0,0.0,0
knn,4,SR1482_40X_HE_T132_01,0,0.0,0
knn,4,SR1482_40X_HE_T132_02,0,0.3333333333333333,0
knn,4,SR1482_40X_HE_T143_01,0,0.0,0
knn,4,SR1482_40X_HE_T143_02,0,0.3333333333333333,0
knn,4,SR1482_40X_HE_T166_01,1,0.0,0
knn,4,SR1482_40X_HE_T169_01,0,0.0,0
knn,4,SR1482_40X_HE_T176_01,1,0.6666666666666666,1
knn,4,SR1482_40X_HE_T176_02,1,0.0,0
knn,4,SR1482_40X_HE_T191_01,0,0.0,0
knn,4,SR1482_40X_HE_T194_01,0,0.0,0
knn,4,SR1482_40X_HE_T218_01,0,0.0,0
knn,4,SR1482_40X_HE_T253_01,0,0.0,0
knn,4,SR1482_40X_HE_T290_01,0,0.0,0
knn,4,SR1482_40X_HE_T308_01,0,0.3333333333333333,0
knn,4,SR1482_40X_HE_T314_01,0,0.3333333333333333,0
knn,4,SR1482_40X_HE_T314_02,0,0.0,0
knn,4,SR1482_40X_HE_T372_01,1,0.0,0
knn,4,SR1482_40X_HE_T372_02,1,0.0,0
knn,4,SR1482_40X_HE_T408_01,0,0.3333333333333333,0
knn,4,SR1482_40X_HE_T412_01,0,0.0,0
knn,4,SR1482_40X_HE_T425_01,0,0.0,0
knn,4,SR1482_40X_HE_T434_01,1,0.0,0
knn,4,SR386_40X_HE_T006_01,0,0.0,0
knn,4,SR386_40X_HE_T010_01,0,0.0,0
knn,4,SR386_40X_HE_T014_01,0,0.0,0
knn,4,SR386_40X_HE_T016_01,0,0.0,0
knn,4,SR386_40X_HE_T020_01,0,0.0,0
knn,4,SR386_40X_HE_T027_01,0,0.0,0
knn,4,SR386_40X_HE_T028_01,0,0.0,0
knn,4,SR386_40X_HE_T037_01,0,0.0,0
knn,4,SR386_40X_HE_T043_01,0,0.0,0
knn,4,SR386_40X_HE_T044_01,1,0.6666666666666666,1
knn,4,SR386_40X_HE_T046_01,0,0.0,0
knn,4,SR386_40X_HE_T058_01,0,0.0,0
knn,4,SR386_40X_HE_T062_01,0,0.0,0
knn,4,SR386_40X_HE_T065_01,1,0.0,0
knn,4,SR386_40X_HE_T080_01,0,0.0,0
knn,4,SR386_40X_HE_T091_01,0,0.0,0
knn,4,SR386_40X_HE_T094_01,0,0.0,0
knn,4,SR386_40X_HE_T097_01,0,0.0,0
knn,4,SR386_40X_HE_T100_01,0,0.0,0
knn,4,SR386_40X_HE_T107_01,0,0.0,0
knn,4,SR386_40X_HE_T109_01,1,0.3333333333333333,0
knn,4,SR386_40X_HE_T110_01,0,0.0,0
knn,4,SR386_40X_HE_T117_01,0,0.0,0
knn,4,SR386_40X_HE_T127_01,0,0.0,0
knn,4,SR386_40X_HE_T129_01,0,0.0,0
knn,4,SR386_40X_HE_T136_01,0,0.0,0
knn,4,SR386_40X_HE_T154_01,0,0.0,0
knn,4,SR386_40X_HE_T168_01,1,0.0,0
knn,4,SR386_40X_HE_T175_01,0,0.0,0
knn,4,SR386_40X_HE_T189_01,0,0.0,0
knn,4,SR386_40X_HE_T195_01,0,0.0,0
knn,4,SR386_40X_HE_T227_01,0,0.0,0
knn,4,SR386_40X_HE_T233_01,0,0.3333333333333333,0
knn,4,SR386_40X_HE_T234_01,0,0.0,0
knn,4,SR386_40X_HE_T235_01,0,0.0,0
knn,4,SR386_40X_HE_T239_01,0,0.3333333333333333,0
knn,4,SR386_40X_HE_T245_01,0,0.0,0
knn,4,SR386_40X_HE_T256_01,0,0.3333333333333333,0
knn,4,SR386_40X_HE_T265_01,0,0.0,0
knn,4,SR386_40X_HE_T268_01,0,0.0,0
knn,4,SR386_40X_HE_T270_01,0,0.0,0
knn,4,SR386_40X_HE_T272_01,0,0.0,0
knn,4,SR386_40X_HE_T273_01,0,0.0,0
knn,4,SR386_40X_HE_T276_01,0,0.3333333333333333,0
knn,4,SR386_40X_HE_T278_01,1,0.0,0
knn,4,SR386_40X_HE_T284_01,0,0.0,0
knn,4,SR386_40X_HE_T285_01,0,0.0,0
knn,4,SR386_40X_HE_T288_01,0,0.0,0
knn,4,SR386_40X_HE_T291_01,0,0.0,0
knn,4,SR386_40X_HE_T300_01,0,0.0,0
knn,4,SR386_40X_HE_T302_01,0,0.0,0
knn,4,SR386_40X_HE_T305_01,0,0.0,0
knn,4,SR386_40X_HE_T308_01,0,0.0,0
knn,4,SR386_40X_HE_T325_01,0,0.0,0
knn,4,SR386_40X_HE_T331_01,0,0.3333333333333333,0
knn,4,SR386_40X_HE_T341_01,0,0.0,0
knn,4,SR386_40X_HE_T343_01,1,0.0,0
knn,4,SR386_40X_HE_T346_01,0,0.3333333333333333,0
knn,4,SR386_40X_HE_T352_01,0,0.0,0
knn,4,SR386_40X_HE_T373_01,0,0.0,0
knn,4,SR386_40X_HE_T375_01,0,0.3333333333333333,0
knn,4,SR386_40X_HE_T381_01,0,0.3333333333333333,0
knn,4,SR386_40X_HE_T389_01,0,0.0,0
knn,4,SR386_40X_HE_T391_01,0,0.0,0
knn,4,SR386_40X_HE_T394_01,0,0.0,0
knn,4,SR386_40X_HE_T399_01,0,0.0,0
knn,4,SR386_40X_HE_T403_01,0,0.0,0
knn,4,SR386_40X_HE_T405_01,0,0.0,0
knn,4,SR386_40X_HE_T407_01,0,0.0,0
knn,4,SR386_40X_HE_T414_01,0,0.0,0
knn,4,SR386_40X_HE_T424_01,0,0.0,0
knn,4,SR386_40X_HE_T429_01,0,0.0,0
knn,4,SR386_40X_HE_T441_01,0,0.0,0
knn,4,SR386_40X_HE_T451_01,0,0.0,0
knn,4,SR386_40X_HE_T453_01,0,0.0,0
knn,4,SR386_40X_HE_T455_01,0,0.0,0
knn,4,SR386_40X_HE_T465_01,0,0.0,0
knn,4,SR386_40X_HE_T474_01,0,0.0,0
knn,4,SR386_40X_HE_T476_01,0,0.3333333333333333,0
knn,4,SR386_40X_HE_T479_01,0,0.0,0
knn,4,SR386_40X_HE_T482_01,0,0.0,0
knn,4,SR386_40X_HE_T487_01,0,0.0,0
knn,4,SR386_40X_HE_T490_01,0,0.0,0
knn,4,SR386_40X_HE_T494_01,0,0.0,0
knn,4,SR386_40X_HE_T500_01,0,0.0,0
knn,4,SR386_40X_HE_T510_01,0,0.0,0
knn,4,SR386_40X_HE_T524_01,0,0.0,0
knn,4,SR386_40X_HE_T528_01,0,0.3333333333333333,0
knn,4,SR386_40X_HE_T532_01,0,0.0,0
knn,4,SR386_40X_HE_T534_01,0,0.0,0
knn,4,SR386_40X_HE_T536_01,0,0.0,0
knn,4,SR386_40X_HE_T537_01,0,0.0,0
knn,4,SR386_40X_HE_T541_01,0,0.0,0
knn,4,SR386_40X_HE_T548_01,1,0.0,0
knn,4,SR386_40X_HE_T550_01,0,0.3333333333333333,0
knn,4,SR386_40X_HE_T551_01,0,0.0,0
knn,4,SR386_40X_HE_T557_01,0,0.0,0
knn,4,SR386_40X_HE_T565_01,0,0.0,0
knn,4,SR386_40X_HE_T567_01,0,0.0,0
knn,4,SR386_40X_HE_T575_01,0,0.6666666666666666,1
knn,4,SR386_40X_HE_T576_01,0,0.0,0
knn,4,SR386_40X_HE_T581_01,0,0.0,0
proto,1,SR1482_40X_HE_T029_01,0,0.4997778832912445,0
proto,1,SR1482_40X_HE_T029_02,0,0.4992966055870056,0
proto,1,SR1482_40X_HE_T057_01,0,0.4999278783798218,0
proto,1,SR1482_40X_HE_T063_01,1,0.5115448236465454,1
proto,1,SR1482_40X_HE_T063_02,1,0.5082035064697266,1
proto,1,SR1482_40X_HE_T065_01,0,0.5035324692726135,1
proto,1,SR1482_40X_HE_T065_02,0,0.5062668323516846,1
proto,1,SR1482_40X_HE_T066_01,0,0.5055583119392395,1
proto,1,SR1482_40X_HE_T066_02,0,0.5102728605270386,1
proto,1,SR1482_40X_HE_T068_01,0,0.5041393041610718,1
proto,1,SR1482_40X_HE_T069_01,0,0.5059227347373962,1
proto,1,SR1482_40X_HE_T069_02,0,0.5089231133460999,1
proto,1,SR1482_40X_HE_T079_01,1,0.506133496761322,1
proto,1,SR1482_40X_HE_T079_02,1,0.5058751702308655,1
proto,1,SR1482_40X_HE_T080_01,0,0.5052694082260132,1
proto,1,SR1482_40X_HE_T080_02,0,0.5051336884498596,1
proto,1,SR1482_40X_HE_T081_01,0,0.4980427920818329,0
proto,1,SR1482_40X_HE_T081_02,0,0.5017232894897461,1
proto,1,SR1482_40X_HE_T099_01,0,0.5022961497306824,1
proto,1,SR1482_40X_HE_T116_01,0,0.5087396502494812,1
proto,1,SR1482_40X_HE_T117_01,0,0.5109156370162964,1
proto,1,SR1482_40X_HE_T117_02,0,0.5071427226066589,1
proto,1,SR1482_40X_HE_T126_01,0,0.5077308416366577,1
proto,1,SR1482_40X_HE_T129_01,0,0.5017664432525635,1
proto,1,SR1482_40X_HE_T129_02,0,0.5070571303367615,1
proto,1,SR1482_40X_HE_T139_01,0,0.5120701193809509,1
proto,1,SR1482_40X_HE_T139_02,0,0.5110205411911011,1
proto,1,SR1482_40X_HE_T147_01,0,0.5126808881759644,1
proto,1,SR1482_40X_HE_T147_02,0,0.5120880007743835,1
proto,1,SR1482_40X_HE_T159_01,0,0.5060579180717468,1
proto,1,SR1482_40X_HE_T159_02,0,0.5076200366020203,1
proto,1,SR1482_40X_HE_T192_01,0,0.5017578601837158,1
proto,1,SR1482_40X_HE_T199_01,0,0.5044898390769958,1
proto,1,SR1482_40X_HE_T304_01,0,0.5069480538368225,1
proto,1,SR1482_40X_HE_T304_02,0,0.5060724020004272,1
proto,1,SR1482_40X_HE_T310_01,1,0.5034196376800537,1
proto,1,SR1482_40X_HE_T310_02,1,0.503689169883728,1
proto,1,SR1482_40X_HE_T341_01,0,0.5020397305488586,1
proto,1,SR1482_40X_HE_T341_02,0,0.5053452849388123,1
proto,1,SR1482_40X_HE_T353_01,0,0.5025877952575684,1
proto,1,SR1482_40X_HE_T390_01,0,0.5021703243255615,1
proto,1,SR1482_40X_HE_T433_01,1,0.5068756937980652,1
proto,1,SR386_40X_HE_T003_01,0,0.4920406639575958,0
proto,1,SR386_40X_HE_T004_01,0,0.4926103949546814,0
proto,1,SR386_40X_HE_T022_01,1,0.4964033365249634,0
proto,1,SR386_40X_HE_T030_01,0,0.4954550564289093,0
proto,1,SR386_40X_HE_T033_01,0,0.49201786518096924,0
proto,1,SR386_40X_HE_T036_01,0,0.49661242961883545,0
proto,1,SR386_40X_HE_T038_01,0,0.4928828179836273,0
proto,1,SR386_40X_HE_T049_01,0,0.4896089434623718,0
proto,1,SR386_40X_HE_T050_01,0,0.4995635449886322,0
proto,1,SR386_40X_HE_T060_01,0,0.4922480583190918,0
proto,1,SR386_40X_HE_T063_01,0,0.49349719285964966,0
proto,1,SR386_40X_HE_T066_01,0,0.49163582921028137,0
proto,1,SR386_40X_HE_T069_01,0,0.49311181902885437,0
proto,1,SR386_40X_HE_T072_01,0,0.49257567524909973,0
proto,1,SR386_40X_HE_T074_01,0,0.4917233884334564,0
proto,1,SR386_40X_HE_T078_01,0,0.4939003586769104,0
proto,1,SR386_40X_HE_T079_01,0,0.4884147346019745,0
proto,1,SR386_40X_HE_T092_01,1,0.49424558877944946,0
proto,1,SR386_40X_HE_T096_01,0,0.48872557282447815,0
proto,1,SR386_40X_HE_T099_01,0,0.5043140053749084,1
proto,1,SR386_40X_HE_T103_01,0,0.49493399262428284,0
proto,1,SR386_40X_HE_T108_01,0,0.4934508502483368,0
proto,1,SR386_40X_HE_T113_01,0,0.4950551986694336,0
proto,1,SR386_40X_HE_T114_01,0,0.4930611550807953,0
proto,1,SR386_40X_HE_T119_01,0,0.48992857336997986,0
proto,1,SR386_40X_HE_T126_01,0,0.4951511323451996,0
proto,1,SR386_40X_HE_T130_01,0,0.48815417289733887,0
proto,1,SR386_40X_HE_T131_01,0,0.4925276041030884,0
proto,1,SR386_40X_HE_T135_01,0,0.49496832489967346,0
proto,1,SR386_40X_HE_T140_01,0,0.4923052191734314,0
proto,1,SR386_40X_HE_T144_01,0,0.4940674602985382,0
proto,1,SR386_40X_HE_T147_01,0,0.4959571659564972,0
proto,1,SR386_40X_HE_T148_01,0,0.49490201473236084,0
proto,1,SR386_40X_HE_T160_01,0,0.4891023337841034,0
proto,1,SR386_40X_HE_T169_01,0,0.4911974370479584,0
proto,1,SR386_40X_HE_T170_01,1,0.49365830421447754,0
proto,1,SR386_40X_HE_T172_01,0,0.4931745231151581,0
proto,1,SR386_40X_HE_T174_01,0,0.49412626028060913,0
proto,1,SR386_40X_HE_T181_01,0,0.49031180143356323,0
proto,1,SR386_40X_HE_T196_01,0,0.4929805099964142,0
proto,1,SR386_40X_HE_T205_01,0,0.4964319169521332,0
proto,1,SR386_40X_HE_T209_01,0,0.48951590061187744,0
proto,1,SR386_40X_HE_T210_01,0,0.4982706904411316,0
proto,1,SR386_40X_HE_T212_01,0,0.49203625321388245,0
proto,1,SR386_40X_HE_T221_01,0,0.48893624544143677,0
proto,1,SR386_40X_HE_T224_01,0,0.4940333962440491,0
proto,1,SR386_40X_HE_T231_01,1,0.5065069198608398,1
proto,1,SR386_40X_HE_T232_01,0,0.4899941682815552,0
proto,1,SR386_40X_HE_T247_01,0,0.49007925391197205,0
proto,1,SR386_40X_HE_T252_01,0,0.49029427766799927,0
proto,1,SR386_40X_HE_T255_01,0,0.5037732720375061,1
proto,1,SR386_40X_HE_T259_01,1,0.49543964862823486,0
proto,1,SR386_40X_HE_T274_01,0,0.488486111164093,0
proto,1,SR386_40X_HE_T275_01,0,0.4926958680152893,0
proto,1,SR386_40X_HE_T282_01,0,0.4901213049888611,0
proto,1,SR386_40X_HE_T294_01,0,0.49464812874794006,0
proto,1,SR386_40X_HE_T311_01,0,0.49127042293548584,0
proto,1,SR386_40X_HE_T315_01,0,0.49089768528938293,0
proto,1,SR386_40X_HE_T319_01,1,0.49106377363204956,0
proto,1,SR386_40X_HE_T324_01,1,0.49408337473869324,0
proto,1,SR386_40X_HE_T330_01,0,0.4901546239852905,0
proto,1,SR386_40X_HE_T333_01,0,0.49336618185043335,0
proto,1,SR386_40X_HE_T335_01,0,0.5022726655006409,1
proto,1,SR386_40X_HE_T337_01,0,0.4940703213214874,0
proto,1,SR386_40X_HE_T344_01,0,0.4944644868373871,0
proto,1,SR386_40X_HE_T347_01,0,0.48982247710227966,0
proto,1,SR386_40X_HE_T350_01,0,0.4918588697910309,0
proto,1,SR386_40X_HE_T351_01,0,0.5017175078392029,1
proto,1,SR386_40X_HE_T360_01,0,0.49010634422302246,0
proto,1,SR386_40X_HE_T361_01,0,0.5001097917556763,1
proto,1,SR386_40X_HE_T366_01,0,0.4903639256954193,0
proto,1,SR386_40X_HE_T377_01,1,0.4957093596458435,0
proto,1,SR386_40X_HE_T384_01,0,0.48858582973480225,0
proto,1,SR386_40X_HE_T395_01,0,0.49940624833106995,0
proto,1,SR386_40X_HE_T396_01,0,0.4887368381023407,0
proto,1,SR386_40X_HE_T401_01,0,0.49486714601516724,0
proto,1,SR386_40X_HE_T408_01,0,0.48835793137550354,0
proto,1,SR386_40X_HE_T410_01,0,0.4895972013473511,0
proto,1,SR386_40X_HE_T413_01,0,0.4998871386051178,0
proto,1,SR386_40X_HE_T416_01,0,0.5010560750961304,1
proto,1,SR386_40X_HE_T418_01,0,0.49287378787994385,0
proto,1,SR386_40X_HE_T419_01,0,0.4976500868797302,0
proto,1,SR386_40X_HE_T421_01,0,0.5072223544120789,1
proto,1,SR386_40X_HE_T423_01,0,0.5011186599731445,1
proto,1,SR386_40X_HE_T428_01,0,0.4935116469860077,0
proto,1,SR386_40X_HE_T430_01,0,0.49233150482177734,0
proto,1,SR386_40X_HE_T431_01,0,0.4900435507297516,0
proto,1,SR386_40X_HE_T435_01,0,0.4958359897136688,0
proto,1,SR386_40X_HE_T438_01,0,0.49353092908859253,0
proto,1,SR386_40X_HE_T439_01,0,0.4995616376399994,0
proto,1,SR386_40X_HE_T447_01,0,0.4904399812221527,0
proto,1,SR386_40X_HE_T449_01,0,0.48920291662216187,0
proto,1,SR386_40X_HE_T454_01,0,0.48979997634887695,0
proto,1,SR386_40X_HE_T456_01,0,0.49233824014663696,0
proto,1,SR386_40X_HE_T461_01,0,0.49314653873443604,0
proto,1,SR386_40X_HE_T462_01,0,0.4920913279056549,0
proto,1,SR386_40X_HE_T468_01,0,0.48848429322242737,0
proto,1,SR386_40X_HE_T469_01,1,0.49921342730522156,0
proto,1,SR386_40X_HE_T470_01,0,0.49224328994750977,0
proto,1,SR386_40X_HE_T471_01,0,0.4920773208141327,0
proto,1,SR386_40X_HE_T477_01,0,0.4911665916442871,0
proto,1,SR386_40X_HE_T480_01,0,0.4915180206298828,0
proto,1,SR386_40X_HE_T484_01,0,0.48991721868515015,0
proto,1,SR386_40X_HE_T495_01,0,0.48778125643730164,0
proto,1,SR386_40X_HE_T496_01,0,0.48901447653770447,0
proto,1,SR386_40X_HE_T498_01,0,0.4961152672767639,0
proto,1,SR386_40X_HE_T504_01,0,0.49124372005462646,0
proto,1,SR386_40X_HE_T511_01,0,0.49342209100723267,0
proto,1,SR386_40X_HE_T517_01,0,0.4915600121021271,0
proto,1,SR386_40X_HE_T523_01,0,0.4922945499420166,0
proto,1,SR386_40X_HE_T529_01,0,0.4874814748764038,0
proto,1,SR386_40X_HE_T542_01,0,0.4895876348018646,0
proto,1,SR386_40X_HE_T569_01,0,0.49489444494247437,0
proto,1,SR386_40X_HE_T582_01,0,0.49190041422843933,0
proto,2,SR1482_40X_HE_T009_01,0,0.5032643675804138,1
proto,2,SR1482_40X_HE_T009_02,0,0.5029019117355347,1
proto,2,SR1482_40X_HE_T015_01,0,0.5039001107215881,1
proto,2,SR1482_40X_HE_T021_01,0,0.5030103325843811,1
proto,2,SR1482_40X_HE_T067_01,0,0.5037481188774109,1
proto,2,SR1482_40X_HE_T075_01,0,0.508274257183075,1
proto,2,SR1482_40X_HE_T075_02,0,0.5111481547355652,1
proto,2,SR1482_40X_HE_T098_01,0,0.5083703398704529,1
proto,2,SR1482_40X_HE_T098_02,0,0.5070723295211792,1
proto,2,SR1482_40X_HE_T102_01,0,0.5076165795326233,1
proto,2,SR1482_40X_HE_T123_01,0,0.5046504735946655,1
proto,2,SR1482_40X_HE_T142_01,0,0.5035523176193237,1
proto,2,SR1482_40X_HE_T146_01,0,0.5089985728263855,1
proto,2,SR1482_40X_HE_T148_01,0,0.5126403570175171,1
proto,2,SR1482_40X_HE_T148_02,0,0.507928192615509,1
proto,2,SR1482_40X_HE_T154_01,0,0.5069205164909363,1
proto,2,SR1482_40X_HE_T158_01,0,0.5061273574829102,1
proto,2,SR1482_40X_HE_T161_01,0,0.5117326378822327,1
proto,2,SR1482_40X_HE_T161_02,0,0.5083156228065491,1
proto,2,SR1482_40X_HE_T164_01,1,0.5075715184211731,1
proto,2,SR1482_40X_HE_T164_02,1,0.5084591507911682,1
proto,2,SR1482_40X_HE_T168_01,0,0.5055956840515137,1
proto,2,SR1482_40X_HE_T171_01,0,0.5066769123077393,1
proto,2,SR1482_40X_HE_T171_02,0,0.5090093016624451,1
proto,2,SR1482_40X_HE_T178_01,1,0.5087918639183044,1
proto,2,SR1482_40X_HE_T186_01,0,0.5066287517547607,1
proto,2,SR1482_40X_HE_T193_01,0,0.5051593780517578,1
proto,2,SR1482_40X_HE_T193_02,0,0.5121104121208191,1
proto,2,SR1482_40X_HE_T209_01,0,0.5059359073638916,1
proto,2,SR1482_40X_HE_T209_02,0,0.5054638385772705,1
proto,2,SR1482_40X_HE_T245_01,0,0.5060428977012634,1
proto,2,SR1482_40X_HE_T245_02,0,0.5052042603492737,1
proto,2,SR1482_40X_HE_T265_01,0,0.5003184676170349,1
proto,2,SR1482_40X_HE_T302_01,0,0.5062007308006287,1
proto,2,SR1482_40X_HE_T343_01,1,0.5127057433128357,1
proto,2,SR1482_40X_HE_T343_02,1,0.5105561017990112,1
proto,2,SR1482_40X_HE_T399_01,0,0.5118619799613953,1
proto,2,SR1482_40X_HE_T399_02,0,0.5092464089393616,1
proto,2,SR1482_40X_HE_T426_01,0,0.5053974986076355,1
proto,2,SR1482_40X_HE_T426_02,0,0.507197916507721,1
proto,2,SR386_40X_HE_T001_01,0,0.48991185426712036,0
proto,2,SR386_40X_HE_T013_01,0,0.49139150977134705,0
proto,2,SR386_40X_HE_T018_01,0,0.4912995994091034,0
proto,2,SR386_40X_HE_T019_01,0,0.49305206537246704,0
proto,2,SR386_40X_HE_T024_01,0,0.4885849952697754,0
proto,2,SR386_40X_HE_T039_01,0,0.48663607239723206,0
proto,2,SR386_40X_HE_T040_01,1,0.4925175607204437,0
proto,2,SR386_40X_HE_T042_01,0,0.49216002225875854,0
proto,2,SR386_40X_HE_T047_01,0,0.4911867678165436,0
proto,2,SR386_40X_HE_T051_01,0,0.4869575500488281,0
proto,2,SR386_40X_HE_T052_01,0,0.4925457537174225,0
proto,2,SR386_40X_HE_T056_01,0,0.48859378695487976,0
proto,2,SR386_40X_HE_T057_01,0,0.4893563985824585,0
proto,2,SR386_40X_HE_T070_01,0,0.48620280623435974,0
proto,2,SR386_40X_HE_T082_01,0,0.4933231770992279,0
proto,2,SR386_40X_HE_T084_01,0,0.5053068995475769,1
proto,2,SR386_40X_HE_T087_01,0,0.4964318573474884,0
proto,2,SR386_40X_HE_T088_01,0,0.4940917491912842,0
proto,2,SR386_40X_HE_T098_01,0,0.49182116985321045,0
proto,2,SR386_40X_HE_T105_01,0,0.49015337228775024,0
proto,2,SR386_40X_HE_T122_01,0,0.494458943605423,0
proto,2,SR386_40X_HE_T123_01,0,0.49304625391960144,0
proto,2,SR386_40X_HE_T133_01,0,0.4883892834186554,0
proto,2,SR386_40X_HE_T145_01,0,0.4928937256336212,0
proto,2,SR386_40X_HE_T150_01,0,0.49503061175346375,0
proto,2,SR386_40X_HE_T152_01,0,0.4969535171985626,0
proto,2,SR386_40X_HE_T155_01,0,0.48938432335853577,0
proto,2,SR386_40X_HE_T157_01,0,0.493328720331192,0
proto,2,SR386_40X_HE_T164_01,0,0.49089857935905457,0
proto,2,SR386_40X_HE_T166_01,0,0.4948262572288513,0
proto,2,SR386_40X_HE_T176_01,1,0.49231210350990295,0
proto,2,SR386_40X_HE_T177_01,0,0.49184149503707886,0
proto,2,SR386_40X_HE_T178_01,0,0.4909764230251312,0
proto,2,SR386_40X_HE_T187_01,0,0.49211713671684265,0
proto,2,SR386_40X_HE_T190_01,0,0.48927047848701477,0
proto,2,SR386_40X_HE_T192_01,0,0.48950332403182983,0
proto,2,SR386_40X_HE_T198_01,0,0.4909919202327728,0
proto,2,SR386_40X_HE_T200_01,0,0.49167853593826294,0
proto,2,SR386_40X_HE_T206_01,1,0.4952051043510437,0
proto,2,SR386_40X_HE_T211_01,0,0.49418219923973083,0
proto,2,SR386_40X_HE_T213_01,0,0.4997265338897705,0
proto,2,SR386_40X_HE_T214_01,0,0.4983058273792267,0
proto,2,SR386_40X_HE_T220_01,0,0.4899734854698181,0
proto,2,SR386_40X_HE_T230_01,1,0.4960099458694458,0
proto,2,SR386_40X_HE_T236_01,0,0.49171632528305054,0
proto,2,SR386_40X_HE_T237_01,0,0.4927472472190857,0
proto,2,SR386_40X_HE_T240_01,0,0.4895728528499603,0
proto,2,SR386_40X_HE_T241_01,0,0.4876957833766937,0
proto,2,SR386_40X_HE_T242_01,0,0.4903419315814972,0
proto,2,SR386_40X_HE_T253_01,0,0.48778778314590454,0
proto,2,SR386_40X_HE_T260_01,0,0.5059266686439514,1
proto,2,SR386_40X_HE_T262_01,0,0.5047644972801208,1
proto,2,SR386_40X_HE_T264_01,0,0.5032007694244385,1
proto,2,SR386_40X_HE_T271_01,0,0.4902556240558624,0
proto,2,SR386_40X_HE_T281_01,0,0.4889739155769348,0
proto,2,SR386_40X_HE_T297_01,0,0.48764243721961975,0
proto,2,SR386_40X_HE_T299_01,0,0.4897875189781189,0
proto,2,SR386_40X_HE_T301_01,0,0.49071934819221497,0
proto,2,SR386_40X_HE_T306_01,0,0.48919805884361267,0
proto,2,SR386_40X_HE_T309_01,0,0.48932239413261414,0
proto,2,SR386_40X_HE_T314_01,0,0.4912673830986023,0
proto,2,SR386_40X_HE_T316_01,0,0.500124454498291,1
proto,2,SR386_40X_HE_T318_01,0,0.5030766129493713,1
proto,2,SR386_40X_HE_T321_01,0,0.49142107367515564,0
proto,2,SR386_40X_HE_T326_01,0,0.48896950483322144,0
proto,2,SR386_40X_HE_T327_01,0,0.48681241273880005,0
proto,2,SR386_40X_HE_T332_01,1,0.48996418714523315,0
proto,2,SR386_40X_HE_T355_01,0,0.49083104729652405,0
proto,2,SR386_40X_HE_T364_01,0,0.49083277583122253,0
proto,2,SR386_40X_HE_T368_01,1,0.49614500999450684,0
proto,2,SR386_40X_HE_T374_01,0,0.4868593215942383,0
proto,2,SR386_40X_HE_T380_01,0,0.4914918541908264,0
proto,2,SR386_40X_HE_T382_01,0,0.4872362017631531,0
proto,2,SR386_40X_HE_T392_01,0,0.4886661767959595,0
proto,2,SR386_40X_HE_T398_01,0,0.4935161769390106,0
proto,2,SR386_40X_HE_T402_01,1,0.5060520768165588,1
proto,2,SR386_40X_HE_T404_01,0,0.4876846373081207,0
proto,2,SR386_40X_HE_T415_01,0,0.4886220097541809,0
proto,2,SR386_40X_HE_T417_01,0,0.489435076713562,0
proto,2,SR386_40X_HE_T425_01,0,0.489449679851532,0
proto,2,SR386_40X_HE_T436_01,1,0.4939325749874115,0
proto,2,SR386_40X_HE_T437_01,0,0.4935310184955597,0
proto,2,SR386_40X_HE_T440_01,0,0.4917603135108948,0
proto,2,SR386_40X_HE_T445_01,0,0.4896850287914276,0
proto,2,SR386_40X_HE_T450_01,0,0.4906516969203949,0
proto,2,SR386_40X_HE_T459_01,0,0.4959476888179779,0
proto,2,SR386_40X_HE_T472_01,0,0.4902474880218506,0
proto,2,SR386_40X_HE_T481_01,0,0.4918772876262665,0
proto,2,SR386_40X_HE_T483_01,0,0.4991392195224762,0
proto,2,SR386_40X_HE_T486_01,0,0.491078644990921,0
proto,2,SR386_40X_HE_T488_01,0,0.4987982511520386,0
proto,2,SR386_40X_HE_T499_01,0,0.5095409750938416,1
proto,2,SR386_40X_HE_T507_01,0,0.5026583671569824,1
proto,2,SR386_40X_HE_T514_01,0,0.4902469515800476,0
proto,2,SR386_40X_HE_T520_01,1,0.4895130395889282,0
proto,2,SR386_40X_HE_T522_01,0,0.48941436409950256,0
proto,2,SR386_40X_HE_T531_01,0,0.49129632115364075,0
proto,2,SR386_40X_HE_T535_01,0,0.4914732277393341,0
proto,2,SR386_40X_HE_T539_01,0,0.49327942728996277,0
proto,2,SR386_40X_HE_T549_01,0,0.5007839202880859,1
proto,2,SR386_40X_HE_T552_01,0,0.49019303917884827,0
proto,2,SR386_40X_HE_T553_01,0,0.4888637065887451,0
proto,2,SR386_40X_HE_T554_01,0,0.49669793248176575,0
proto,2,SR386_40X_HE_T558_01,0,0.4914320111274719,0
proto,2,SR386_40X_HE_T564_01,0,0.49939045310020447,0
proto,2,SR386_40X_HE_T570_01,0,0.48970842361450195,0
proto,2,SR386_40X_HE_T574_01,0,0.48788776993751526,0
proto,2,SR386_40X_HE_T578_01,0,0.4899941682815552,0
proto,2,SR386_40X_HE_T580_01,0,0.49020254611968994,0
proto,3,SR1482_40X_HE_T005_01,0,0.5114632844924927,1
proto,3,SR1482_40X_HE_T005_02,0,0.511023759841919,1
proto,3,SR1482_40X_HE_T010_01,0,0.5010539293289185,1
proto,3,SR1482_40X_HE_T043_01,0,0.5064821243286133,1
proto,3,SR1482_40X_HE_T043_02,0,0.508520781993866,1
proto,3,SR1482_40X_HE_T049_01,0,0.5040821433067322,1
proto,3,SR1482_40X_HE_T061_01,0,0.5119233727455139,1
proto,3,SR1482_40X_HE_T061_02,0,0.5142152905464172,1
proto,3,SR1482_40X_HE_T070_01,1,0.5097147226333618,1
proto,3,SR1482_40X_HE_T073_01,0,0.5065672993659973,1
proto,3,SR1482_40X_HE_T082_01,0,0.5030457973480225,1
proto,3,SR1482_40X_HE_T082_02,0,0.51113361120224,1
proto,3,SR1482_40X_HE_T089_01,0,0.5036725401878357,1
proto,3,SR1482_40X_HE_T090_01,0,0.5051001310348511,1
proto,3,SR1482_40X_HE_T094_01,1,0.5109584331512451,1
proto,3,SR1482_40X_HE_T094_02,1,0.5103927254676819,1
proto,3,SR1482_40X_HE_T105_01,0,0.5027729868888855,1
proto,3,SR1482_40X_HE_T115_01,0,0.5061976909637451,1
proto,3,SR1482_40X_HE_T115_02,0,0.5013988614082336,1
proto,3,SR1482_40X_HE_T118_01,0,0.5109251737594604,1
proto,3,SR1482_40X_HE_T118_02,0,0.5059574246406555,1
proto,3,SR1482_40X_HE_T120_01,0,0.5121299028396606,1
proto,3,SR1482_40X_HE_T120_02,0,0.5109447836875916,1
proto,3,SR1482_40X_HE_T124_01,0,0.5088292360305786,1
proto,3,SR1482_40X_HE_T124_02,0,0.5104011297225952,1
proto,3,SR1482_40X_HE_T138_01,0,0.5037370920181274,1
proto,3,SR1482_40X_HE_T160_01,0,0.5089721083641052,1
proto,3,SR1482_40X_HE_T160_02,0,0.5086970329284668,1
proto,3,SR1482_40X_HE_T167_01,0,0.5103581547737122,1
proto,3,SR1482_40X_HE_T167_02,0,0.5028761625289917,1
proto,3,SR1482_40X_HE_T175_01,0,0.5122991800308228,1
proto,3,SR1482_40X_HE_T175_02,0,0.5125311613082886,1
proto,3,SR1482_40X_HE_T177_01,1,0.5071136951446533,1
proto,3,SR1482_40X_HE_T188_01,0,0.5020747780799866,1
proto,3,SR1482_40X_HE_T195_01,0,0.5076165199279785,1
proto,3,SR1482_40X_HE_T195_02,0,0.5067470073699951,1
proto,3,SR1482_40X_HE_T202_01,0,0.5104904770851135,1
proto,3,SR1482_40X_HE_T202_02,0,0.5087952613830566,1
proto,3,SR1482_40X_HE_T225_01,0,0.5103325247764587,1
proto,3,SR1482_40X_HE_T225_02,0,0.5021699070930481,1
proto,3,SR1482_40X_HE_T235_01,0,0.5062158703804016,1
proto,3,SR1482_40X_HE_T235_02,0,0.5116752982139587,1
proto,3,SR1482_40X_HE_T236_01,0,0.5092726349830627,1
proto,3,SR1482_40X_HE_T236_02,0,0.5075071454048157,1
proto,3,SR1482_40X_HE_T258_01,0,0.50620037317276,1
proto,3,SR1482_40X_HE_T258_02,0,0.5060804486274719,1
proto,3,SR1482_40X_HE_T284_01,1,0.5047719478607178,1
proto,3,SR1482_40X_HE_T284_02,1,0.5088736414909363,1
proto,3,SR1482_40X_HE_T301_01,1,0.5037170052528381,1
proto,3,SR1482_40X_HE_T301_02,1,0.50786954164505,1
proto,3,SR1482_40X_HE_T309_01,0,0.5079081058502197,1
proto,3,SR1482_40X_HE_T313_01,0,0.512363076210022,1
proto,3,SR1482_40X_HE_T313_02,0,0.5131367444992065,1
proto,3,SR1482_40X_HE_T338_01,0,0.5114761590957642,1
proto,3,SR1482_40X_HE_T344_01,0,0.5042720437049866,1
proto,3,SR1482_40X_HE_T344_02,0,0.5033347010612488,1
proto,3,SR1482_40X_HE_T346_01,0,0.5102644562721252,1
proto,3,SR1482_40X_HE_T346_02,0,0.5118638873100281,1
proto,3,SR1482_40X_HE_T377_01,0,0.5102483630180359,1
proto,3,SR1482_40X_HE_T377_02,0,0.508159339427948,1
proto,3,SR1482_40X_HE_T419_01,0,0.5068376660346985,1
proto,3,SR1482_40X_HE_T427_01,0,0.5096139907836914,1
proto,3,SR1482_40X_HE_T427_02,0,0.5076141953468323,1
proto,3,SR386_40X_HE_T007_01,0,0.4944518208503723,0
proto,3,SR386_40X_HE_T015_01,0,0.48902904987335205,0
proto,3,SR386_40X_HE_T017_01,1,0.49261072278022766,0
proto,3,SR386_40X_HE_T032_01,0,0.4900231659412384,0
proto,3,SR386_40X_HE_T034_01,0,0.49010562896728516,0
proto,3,SR386_40X_HE_T035_01,0,0.49083349108695984,0
proto,3,SR386_40X_HE_T041_01,0,0.49163514375686646,0
proto,3,SR386_40X_HE_T067_01,0,0.4879017472267151,0
proto,3,SR386_40X_HE_T075_01,0,0.4901103973388672,0
proto,3,SR386_40X_HE_T081_01,0,0.49573415517807007,0
proto,3,SR386_40X_HE_T083_01,0,0.48956337571144104,0
proto,3,SR386_40X_HE_T085_01,0,0.48505455255508423,0
proto,3,SR386_40X_HE_T095_01,0,0.49186235666275024,0
proto,3,SR386_40X_HE_T104_01,0,0.4898037910461426,0
proto,3,SR386_40X_HE_T106_01,0,0.49050644040107727,0
proto,3,SR386_40X_HE_T112_01,0,0.48735010623931885,0
proto,3,SR386_40X_HE_T128_01,0,0.4877067506313324,0
proto,3,SR386_40X_HE_T132_01,0,0.48873358964920044,0
proto,3,SR386_40X_HE_T138_01,0,0.4875984787940979,0
proto,3,SR386_40X_HE_T142_01,0,0.4912295341491699,0
proto,3,SR386_40X_HE_T149_01,0,0.4881158769130707,0
proto,3,SR386_40X_HE_T165_01,1,0.4911673963069916,0
proto,3,SR386_40X_HE_T179_01,0,0.49659210443496704,0
proto,3,SR386_40X_HE_T180_01,0,0.4895733892917633,0
proto,3,SR386_40X_HE_T182_01,0,0.48956024646759033,0
proto,3,SR386_40X_HE_T184_01,0,0.4919297397136688,0
proto,3,SR386_40X_HE_T188_01,0,0.49264225363731384,0
proto,3,SR386_40X_HE_T191_01,0,0.48844316601753235,0
proto,3,SR386_40X_HE_T197_01,0,0.487152636051178,0
proto,3,SR386_40X_HE_T201_01,0,0.49006691575050354,0
proto,3,SR386_40X_HE_T202_01,0,0.485566645860672,0
proto,3,SR386_40X_HE_T208_01,0,0.4880821108818054,0
proto,3,SR386_40X_HE_T216_01,1,0.4932619035243988,0
proto,3,SR386_40X_HE_T238_01,0,0.48872125148773193,0
proto,3,SR386_40X_HE_T244_01,0,0.500648021697998,1
proto,3,SR386_40X_HE_T248_01,0,0.48760804533958435,0
proto,3,SR386_40X_HE_T249_01,0,0.4871481955051422,0
proto,3,SR386_40X_HE_T250_01,0,0.49524667859077454,0
proto,3,SR386_40X_HE_T263_01,0,0.4942987859249115,0
proto,3,SR386_40X_HE_T267_01,0,0.49522778391838074,0
proto,3,SR386_40X_HE_T269_01,0,0.4869178235530853,0
proto,3,SR386_40X_HE_T277_01,0,0.4887959063053131,0
proto,3,SR386_40X_HE_T286_01,0,0.5083240270614624,1
proto,3,SR386_40X_HE_T287_01,0,0.49376022815704346,0
proto,3,SR386_40X_HE_T290_01,0,0.49489831924438477,0
proto,3,SR386_40X_HE_T293_01,0,0.48810532689094543,0
proto,3,SR386_40X_HE_T298_01,0,0.487485408782959,0
proto,3,SR386_40X_HE_T303_01,0,0.48597607016563416,0
proto,3,SR386_40X_HE_T312_01,0,0.492041677236557,0
proto,3,SR386_40X_HE_T329_01,0,0.500547468662262,1
proto,3,SR386_40X_HE_T336_01,0,0.48768988251686096,0
proto,3,SR386_40X_HE_T338_01,0,0.48645782470703125,0
proto,3,SR386_40X_HE_T342_01,0,0.49233508110046387,0
proto,3,SR386_40X_HE_T353_01,0,0.5009791254997253,1
proto,3,SR386_40X_HE_T357_01,0,0.48787590861320496,0
proto,3,SR386_40X_HE_T362_01,0,0.494265079498291,0
proto,3,SR386_40X_HE_T363_01,1,0.49125203490257263,0
proto,3,SR386_40X_HE_T372_01,0,0.4937441647052765,0
proto,3,SR386_40X_HE_T378_01,0,0.48596036434173584,0
proto,3,SR386_40X_HE_T379_01,0,0.49049362540245056,0
proto,3,SR386_40X_HE_T386_01,0,0.4872906804084778,0
proto,3,SR386_40X_HE_T387_01,0,0.5024490356445312,1
proto,3,SR386_40X_HE_T393_01,0,0.4902467429637909,0
proto,3,SR386_40X_HE_T397_01,0,0.4947971701622009,0
proto,3,SR386_40X_HE_T406_01,0,0.49680978059768677,0
proto,3,SR386_40X_HE_T409_01,0,0.4882969260215759,0
proto,3,SR386_40X_HE_T422_01,0,0.48658737540245056,0
proto,3,SR386_40X_HE_T426_01,0,0.4877677857875824,0
proto,3,SR386_40X_HE_T433_01,0,0.48678311705589294,0
proto,3,SR386_40X_HE_T443_01,0,0.4929657280445099,0
proto,3,SR386_40X_HE_T448_01,0,0.48872894048690796,0
proto,3,SR386_40X_HE_T452_01,0,0.4951173961162567,0
proto,3,SR386_40X_HE_T460_01,1,0.4912426769733429,0
proto,3,SR386_40X_HE_T473_01,0,0.4872496724128723,0
proto,3,SR386_40X_HE_T475_01,0,0.4906875491142273,0
proto,3,SR386_40X_HE_T478_01,0,0.489177405834198,0
proto,3,SR386_40X_HE_T489_01,1,0.49167150259017944,0
proto,3,SR386_40X_HE_T491_01,0,0.4929819107055664,0
proto,3,SR386_40X_HE_T492_01,0,0.48603740334510803,0
proto,3,SR386_40X_HE_T493_01,0,0.4885261058807373,0
proto,3,SR386_40X_HE_T502_01,0,0.48812592029571533,0
proto,3,SR386_40X_HE_T505_01,0,0.5008204579353333,1
proto,3,SR386_40X_HE_T506_01,0,0.49092498421669006,0
proto,3,SR386_40X_HE_T509_01,0,0.5053108930587769,1
proto,3,SR386_40X_HE_T516_01,0,0.4881083369255066,0
proto,3,SR386_40X_HE_T518_01,0,0.48982858657836914,0
proto,3,SR386_40X_HE_T519_01,0,0.4928394556045532,0
proto,3,SR386_40X_HE_T521_01,0,0.49019327759742737,0
proto,3,SR386_40X_HE_T526_01,0,0.4890911281108856,0
proto,3,SR386_40X_HE_T533_01,0,0.48813396692276,0
proto,3,SR386_40X_HE_T543_01,0,0.49442315101623535,0
proto,3,SR386_40X_HE_T544_01,0,0.4980400502681732,0
proto,3,SR386_40X_HE_T556_01,1,0.4916618764400482,0
proto,3,SR386_40X_HE_T560_01,0,0.49331697821617126,0
proto,3,SR386_40X_HE_T563_01,0,0.4894467890262604,0
proto,3,SR386_40X_HE_T568_01,0,0.49082285165786743,0
proto,3,SR386_40X_HE_T571_01,0,0.4913686513900757,0
proto,3,SR386_40X_HE_T572_01,0,0.5036458969116211,1
proto,3,SR386_40X_HE_T573_01,0,0.48726987838745117,0
proto,3,SR386_40X_HE_T583_01,0,0.48680320382118225,0
proto,4,SR1482_40X_HE_T002_01,0,0.5043777227401733,1
proto,4,SR1482_40X_HE_T003_01,0,0.5055055618286133,1
proto,4,SR1482_40X_HE_T004_01,0,0.5023699402809143,1
proto,4,SR1482_40X_HE_T004_02,0,0.5034191608428955,1
proto,4,SR1482_40X_HE_T011_01,0,0.5040099620819092,1
proto,4,SR1482_40X_HE_T025_01,0,0.5005369782447815,1
proto,4,SR1482_40X_HE_T025_02,0,0.49952197074890137,0
proto,4,SR1482_40X_HE_T060_01,0,0.5093692541122437,1
proto,4,SR1482_40X_HE_T062_01,0,0.5047813057899475,1
proto,4,SR1482_40X_HE_T062_02,0,0.5021427273750305,1
proto,4,SR1482_40X_HE_T064_01,0,0.5091787576675415,1
proto,4,SR1482_40X_HE_T064_02,0,0.5047132968902588,1
proto,4,SR1482_40X_HE_T071_01,0,0.5074775815010071,1
proto,4,SR1482_40X_HE_T071_02,0,0.5085928440093994,1
proto,4,SR1482_40X_HE_T074_01,0,0.5001216530799866,1
proto,4,SR1482_40X_HE_T074_02,0,0.49975401163101196,0
proto,4,SR1482_40X_HE_T083_01,0,0.5056244730949402,1
proto,4,SR1482_40X_HE_T083_02,0,0.5064117312431335,1
proto,4,SR1482_40X_HE_T087_01,0,0.5031192302703857,1
proto,4,SR1482_40X_HE_T097_01,1,0.5084383487701416,1
proto,4,SR1482_40X_HE_T097_02,1,0.5061067342758179,1
proto,4,SR1482_40X_HE_T108_01,0,0.5011569857597351,1
proto,4,SR1482_40X_HE_T113_01,0,0.507398784160614,1
proto,4,SR1482_40X_HE_T113_02,0,0.5100058317184448,1
proto,4,SR1482_40X_HE_T121_01,0,0.5007700324058533,1
proto,4,SR1482_40X_HE_T122_01,0,0.4993763267993927,0
proto,4,SR1482_40X_HE_T125_01,0,0.5068171620368958,1
proto,4,SR1482_40X_HE_T125_02,0,0.5081692337989807,1
proto,4,SR1482_40X_HE_T131_01,0,0.5062913298606873,1
proto,4,SR1482_40X_HE_T131_02,0,0.5090180039405823,1
proto,4,SR1482_40X_HE_T132_01,0,0.5046662092208862,1
proto,4,SR1482_40X_HE_T132_02,0,0.5070773959159851,1
proto,4,SR1482_40X_HE_T143_01,0,0.510914146900177,1
proto,4,SR1482_40X_HE_T143_02,0,0.5086405277252197,1
proto,4,SR1482_40X_HE_T166_01,1,0.500431478023529,1
proto,4,SR1482_40X_HE_T169_01,0,0.5029334425926208,1
proto,4,SR1482_40X_HE_T176_01,1,0.5100749135017395,1
proto,4,SR1482_40X_HE_T176_02,1,0.5100348591804504,1
proto,4,SR1482_40X_HE_T191_01,0,0.5035048127174377,1
proto,4,SR1482_40X_HE_T194_01,0,0.5111150145530701,1
proto,4,SR1482_40X_HE_T218_01,0,0.5054721832275391,1
proto,4,SR1482_40X_HE_T253_01,0,0.5022673010826111,1
proto,4,SR1482_40X_HE_T290_01,0,0.5060913562774658,1
proto,4,SR1482_40X_HE_T308_01,0,0.5037964582443237,1
proto,4,SR1482_40X_HE_T314_01,0,0.5119760036468506,1
proto,4,SR1482_40X_HE_T314_02,0,0.512191653251648,1
proto,4,SR1482_40X_HE_T372_01,1,0.5081137418746948,1
proto,4,SR1482_40X_HE_T372_02,1,0.5065195560455322,1
proto,4,SR1482_40X_HE_T408_01,0,0.49833595752716064,0
proto,4,SR1482_40X_HE_T412_01,0,0.5044506192207336,1
proto,4,SR1482_40X_HE_T425_01,0,0.5019867420196533,1
proto,4,SR1482_40X_HE_T434_01,1,0.5057166218757629,1
proto,4,SR386_40X_HE_T006_01,0,0.4877271056175232,0
proto,4,SR386_40X_HE_T010_01,0,0.49034833908081055,0
proto,4,SR386_40X_HE_T014_01,0,0.4903172552585602,0
proto,4,SR386_40X_HE_T016_01,0,0.48670580983161926,0
proto,4,SR386_40X_HE_T020_01,0,0.48791733384132385,0
proto,4,SR386_40X_HE_T027_01,0,0.4993194341659546,0
proto,4,SR386_40X_HE_T028_01,0,0.4937599301338196,0
proto,4,SR386_40X_HE_T037_01,0,0.49141553044319153,0
proto,4,SR386_40X_HE_T043_01,0,0.488893985748291,0
proto,4,SR386_40X_HE_T044_01,1,0.4902290403842926,0
proto,4,SR386_40X_HE_T046_01,0,0.4949043095111847,0
proto,4,SR386_40X_HE_T058_01,0,0.4884665310382843,0
proto,4,SR386_40X_HE_T062_01,0,0.4895535707473755,0
proto,4,SR386_40X_HE_T065_01,1,0.4877645969390869,0
proto,4,SR386_40X_HE_T080_01,0,0.4886074960231781,0
proto,4,SR386_40X_HE_T091_01,0,0.4869758188724518,0
proto,4,SR386_40X_HE_T094_01,0,0.48839741945266724,0
proto,4,SR386_40X_HE_T097_01,0,0.49213841557502747,0
proto,4,SR386_40X_HE_T100_01,0,0.4929330050945282,0
proto,4,SR386_40X_HE_T107_01,0,0.4948301911354065,0
proto,4,SR386_40X_HE_T109_01,1,0.4892326891422272,0
proto,4,SR386_40X_HE_T110_01,0,0.491178959608078,0
proto,4,SR386_40X_HE_T117_01,0,0.48940783739089966,0
proto,4,SR386_40X_HE_T127_01,0,0.4888691008090973,0
proto,4,SR386_40X_HE_T129_01,0,0.4917569160461426,0
proto,4,SR386_40X_HE_T136_01,0,0.4902558922767639,0
proto,4,SR386_40X_HE_T154_01,0,0.48878711462020874,0
proto,4,SR386_40X_HE_T168_01,1,0.48987337946891785,0
proto,4,SR386_40X_HE_T175_01,0,0.4913853406906128,0
proto,4,SR386_40X_HE_T189_01,0,0.4879111349582672,0
proto,4,SR386_40X_HE_T195_01,0,0.4868392050266266,0
proto,4,SR386_40X_HE_T227_01,0,0.49317917227745056,0
proto,4,SR386_40X_HE_T233_01,0,0.49582231044769287,0
proto,4,SR386_40X_HE_T234_01,0,0.49765416979789734,0
proto,4,SR386_40X_HE_T235_01,0,0.48952654004096985,0
proto,4,SR386_40X_HE_T239_01,0,0.49465394020080566,0
proto,4,SR386_40X_HE_T245_01,0,0.4896284341812134,0
proto,4,SR386_40X_HE_T256_01,0,0.493312269449234,0
proto,4,SR386_40X_HE_T265_01,0,0.48694682121276855,0
proto,4,SR386_40X_HE_T268_01,0,0.49989786744117737,0
proto,4,SR386_40X_HE_T270_01,0,0.4925442337989807,0
proto,4,SR386_40X_HE_T272_01,0,0.5024803876876831,1
proto,4,SR386_40X_HE_T273_01,0,0.49035489559173584,0
proto,4,SR386_40X_HE_T276_01,0,0.4904216527938843,0
proto,4,SR386_40X_HE_T278_01,1,0.4900166690349579,0
proto,4,SR386_40X_HE_T284_01,0,0.4890092611312866,0
proto,4,SR386_40X_HE_T285_01,0,0.48805519938468933,0
proto,4,SR386_40X_HE_T288_01,0,0.4925566017627716,0
proto,4,SR386_40X_HE_T291_01,0,0.49000999331474304,0
proto,4,SR386_40X_HE_T300_01,0,0.48942989110946655,0
proto,4,SR386_40X_HE_T302_01,0,0.4915373921394348,0
proto,4,SR386_40X_HE_T305_01,0,0.4876919388771057,0
proto,4,SR386_40X_HE_T308_01,0,0.4864543676376343,0
proto,4,SR386_40X_HE_T325_01,0,0.490466833114624,0
proto,4,SR386_40X_HE_T331_01,0,0.49106648564338684,0
proto,4,SR386_40X_HE_T341_01,0,0.5043171048164368,1
proto,4,SR386_40X_HE_T343_01,1,0.49170389771461487,0
proto,4,SR386_40X_HE_T346_01,0,0.4961484372615814,0
proto,4,SR386_40X_HE_T352_01,0,0.49638161063194275,0
proto,4,SR386_40X_HE_T373_01,0,0.49709245562553406,0
proto,4,SR386_40X_HE_T375_01,0,0.48910242319107056,0
proto,4,SR386_40X_HE_T381_01,0,0.4870782792568207,0
proto,4,SR386_40X_HE_T389_01,0,0.5044877529144287,1
proto,4,SR386_40X_HE_T391_01,0,0.4911388158798218,0
proto,4,SR386_40X_HE_T394_01,0,0.4888397455215454,0
proto,4,SR386_40X_HE_T399_01,0,0.5049421191215515,1
proto,4,SR386_40X_HE_T403_01,0,0.48823675513267517,0
proto,4,SR386_40X_HE_T405_01,0,0.5020997524261475,1
proto,4,SR386_40X_HE_T407_01,0,0.49077650904655457,0
proto,4,SR386_40X_HE_T414_01,0,0.49170055985450745,0
proto,4,SR386_40X_HE_T424_01,0,0.49538829922676086,0
proto,4,SR386_40X_HE_T429_01,0,0.5016851425170898,1
proto,4,SR386_40X_HE_T441_01,0,0.494983047246933,0
proto,4,SR386_40X_HE_T451_01,0,0.49198082089424133,0
proto,4,SR386_40X_HE_T453_01,0,0.48840567469596863,0
proto,4,SR386_40X_HE_T455_01,0,0.49354416131973267,0
proto,4,SR386_40X_HE_T465_01,0,0.5086381435394287,1
proto,4,SR386_40X_HE_T474_01,0,0.49499836564064026,0
proto,4,SR386_40X_HE_T476_01,0,0.4991592466831207,0
proto,4,SR386_40X_HE_T479_01,0,0.4965463876724243,0
proto,4,SR386_40X_HE_T482_01,0,0.493134468793869,0
proto,4,SR386_40X_HE_T487_01,0,0.49971792101860046,0
proto,4,SR386_40X_HE_T490_01,0,0.4910597503185272,0
proto,4,SR386_40X_HE_T494_01,0,0.4907481372356415,0
proto,4,SR386_40X_HE_T500_01,0,0.48626792430877686,0
proto,4,SR386_40X_HE_T510_01,0,0.4941512644290924,0
proto,4,SR386_40X_HE_T524_01,0,0.49330344796180725,0
proto,4,SR386_40X_HE_T528_01,0,0.5033535957336426,1
proto,4,SR386_40X_HE_T532_01,0,0.49211835861206055,0
proto,4,SR386_40X_HE_T534_01,0,0.4954187870025635,0
proto,4,SR386_40X_HE_T536_01,0,0.48835110664367676,0
proto,4,SR386_40X_HE_T537_01,0,0.4945436120033264,0
proto,4,SR386_40X_HE_T541_01,0,0.4906414747238159,0
proto,4,SR386_40X_HE_T548_01,1,0.505234956741333,1
proto,4,SR386_40X_HE_T550_01,0,0.49080729484558105,0
proto,4,SR386_40X_HE_T551_01,0,0.48879164457321167,0
proto,4,SR386_40X_HE_T557_01,0,0.49397239089012146,0
proto,4,SR386_40X_HE_T565_01,0,0.4895395040512085,0
proto,4,SR386_40X_HE_T567_01,0,0.490877240896225,0
proto,4,SR386_40X_HE_T575_01,0,0.48897334933280945,0
proto,4,SR386_40X_HE_T576_01,0,0.4904833137989044,0
proto,4,SR386_40X_HE_T581_01,0,0.5051141381263733,1
rf,1,SR1482_40X_HE_T029_01,0,0.1477522025472553,0
rf,1,SR1482_40X_HE_T029_02,0,0.1220483723009678,0
rf,1,SR1482_40X_HE_T057_01,0,0.062203568481655744,0
rf,1,SR1482_40X_HE_T063_01,1,0.2809393939393939,0
rf,1,SR1482_40X_HE_T063_02,1,0.14297764460878065,0
rf,1,SR1482_40X_HE_T065_01,0,0.1016021505376344,0
rf,1,SR1482_40X_HE_T065_02,0,0.09554513097707433,0
rf,1,SR1482_40X_HE_T066_01,0,0.14081971920085526,0
rf,1,SR1482_40X_HE_T066_02,0,0.21088195544293104,0
rf,1,SR1482_40X_HE_T068_01,0,0.047541125541125544,0
rf,1,SR1482_40X_HE_T069_01,0,0.049176614215531,0
rf,1,SR1482_40X_HE_T069_02,0,0.15911337628696964,0
rf,1,SR1482_40X_HE_T079_01,1,0.1399047619047619,0
rf,1,SR1482_40X_HE_T079_02,1,0.1874848484848485,0
rf,1,SR1482_40X_HE_T080_01,0,0.1533338690295212,0
rf,1,SR1482_40X_HE_T080_02,0,0.09725049407114625,0
rf,1,SR1482_40X_HE_T081_01,0,0.04195121951219512,0
rf,1,SR1482_40X_HE_T081_02,0,0.05322553830010668,0
rf,1,SR1482_40X_HE_T099_01,0,0.02954112554112554,0
rf,1,SR1482_40X_HE_T116_01,0,0.08344281524926687,0
rf,1,SR1482_40X_HE_T117_01,0,0.13156318949867335,0
rf,1,SR1482_40X_HE_T117_02,0,0.08737549407114625,0
rf,1,SR1482_40X_HE_T126_01,0,0.1499047619047619,0
rf,1,SR1482_40X_HE_T129_01,0,0.06593548387096775,0
rf,1,SR1482_40X_HE_T129_02,0,0.1595884899414311,0
rf,1,SR1482_40X_HE_T139_01,0,0.24432247994653494,0
rf,1,SR1482_40X_HE_T139_02,0,0.19437253863481072,0
rf,1,SR1482_40X_HE_T147_01,0,0.3887388068664024,1
rf,1,SR1482_40X_HE_T147_02,0,0.4514555000866361,1
rf,1,SR1482_40X_HE_T159_01,0,0.14244019562263072,0
rf,1,SR1482_40X_HE_T159_02,0,0.16908321114369498,0
rf,1,SR1482_40X_HE_T192_01,0,0.07645119553018812,0
rf,1,SR1482_40X_HE_T199_01,0,0.11997437830986216,0
rf,1,SR1482_40X_HE_T304_01,0,0.06886392905604072,0
rf,1,SR1482_40X_HE_T304_02,0,0.06559391146487921,0
rf,1,SR1482_40X_HE_T310_01,1,0.09652380379066175,0
rf,1,SR1482_40X_HE_T310_02,1,0.09592130638179026,0
rf,1,SR1482_40X_HE_T341_01,0,0.0676499338738428,0
rf,1,SR1482_40X_HE_T341_02,0,0.06788670338316287,0
rf,1,SR1482_40X_HE_T353_01,0,0.07598542580607796,0
rf,1,SR1482_40X_HE_T390_01,0,0.03303446279059884,0
rf,1,SR1482_40X_HE_T433_01,1,0.11336683606248822,0
rf,1,SR386_40X_HE_T003_01,0,0.06735327035989815,0
rf,1,SR386_40X_HE_T004_01,0,0.16984782696977818,0
rf,1,SR386_40X_HE_T022_01,1,0.20177044058092444,0
rf,1,SR386_40X_HE_T030_01,0,0.1454140731366742,0
rf,1,SR386_40X_HE_T033_01,0,0.10572115653875992,0
rf,1,SR386_40X_HE_T036_01,0,0.0823797619047619,0
rf,1,SR386_40X_HE_T038_01,0,0.1365447912302751,0
rf,1,SR386_40X_HE_T049_01,0,0.006,0
rf,1,SR386_40X_HE_T050_01,0,0.10327606951871657,0
rf,1,SR386_40X_HE_T060_01,0,0.11276074332171893,0
rf,1,SR386_40X_HE_T063_01,0,0.13706351897743574,0
rf,1,SR386_40X_HE_T066_01,0,0.09836459099572704,0
rf,1,SR386_40X_HE_T069_01,0,0.1026096471061066,0
rf,1,SR386_40X_HE_T072_01,0,0.16482184750733136,0
rf,1,SR386_40X_HE_T074_01,0,0.07696969696969698,0
rf,1,SR386_40X_HE_T078_01,0,0.06357142857142857,0
rf,1,SR386_40X_HE_T079_01,0,0.006,0
rf,1,SR386_40X_HE_T092_01,1,0.05490518084066471,0
rf,1,SR386_40X_HE_T096_01,0,0.016741447010939214,0
rf,1,SR386_40X_HE_T099_01,0,0.08525424981522542,0
rf,1,SR386_40X_HE_T103_01,0,0.11888472308969915,0
rf,1,SR386_40X_HE_T108_01,0,0.11543467713614325,0
rf,1,SR386_40X_HE_T113_01,0,0.08674891774891774,0
rf,1,SR386_40X_HE_T114_01,0,0.0470869990224829,0
rf,1,SR386_40X_HE_T119_01,0,0.03966666666666667,0
rf,1,SR386_40X_HE_T126_01,0,0.06308980014293107,0
rf,1,SR386_40X_HE_T130_01,0,0.013904761904761906,0
rf,1,SR386_40X_HE_T131_01,0,0.07693308464160123,0
rf,1,SR386_40X_HE_T135_01,0,0.15372294372294373,0
rf,1,SR386_40X_HE_T140_01,0,0.06321207452837235,0
rf,1,SR386_40X_HE_T144_01,0,0.1087348014304536,0
rf,1,SR386_40X_HE_T147_01,0,0.09813586413586413,0
rf,1,SR386_40X_HE_T148_01,0,0.0870919859126381,0
rf,1,SR386_40X_HE_T160_01,0,0.035151515151515156,0
rf,1,SR386_40X_HE_T169_01,0,0.025023310023310024,0
rf,1,SR386_40X_HE_T170_01,1,0.15303527953566112,0
rf,1,SR386_40X_HE_T172_01,0,0.24610037043156655,0
rf,1,SR386_40X_HE_T174_01,0,0.08768282124379687,0
rf,1,SR386_40X_HE_T181_01,0,0.03702331002331002,0
rf,1,SR386_40X_HE_T196_01,0,0.09048592567722351,0
rf,1,SR386_40X_HE_T205_01,0,0.20017849086397474,0
rf,1,SR386_40X_HE_T209_01,0,0.04733333333333334,0
rf,1,SR386_40X_HE_T210_01,0,0.15558362602573766,0
rf,1,SR386_40X_HE_T212_01,0,0.07917340908732588,0
rf,1,SR386_40X_HE_T221_01,0,0.024902516838000707,0
rf,1,SR386_40X_HE_T224_01,0,0.10563636363636363,0
rf,1,SR386_40X_HE_T231_01,1,0.24077276889776889,0
rf,1,SR386_40X_HE_T232_01,0,0.030884363422788472,0
rf,1,SR386_40X_HE_T247_01,0,0.04185598141695703,0
rf,1,SR386_40X_HE_T252_01,0,0.03514492753623189,0
rf,1,SR386_40X_HE_T255_01,0,0.09781818181818182,0
rf,1,SR386_40X_HE_T259_01,1,0.12475292318486654,0
rf,1,SR386_40X_HE_T274_01,0,0.02761788617886179,0
rf,1,SR386_40X_HE_T275_01,0,0.0813894090108685,0
rf,1,SR386_40X_HE_T282_01,0,0.04073484848484848,0
rf,1,SR386_40X_HE_T294_01,0,0.17169093132206734,0
rf,1,SR386_40X_HE_T311_01,0,0.06320779220779221,0
rf,1,SR386_40X_HE_T315_01,0,0.06381818181818182,0
rf,1,SR386_40X_HE_T319_01,1,0.111875,0
rf,1,SR386_40X_HE_T324_01,1,0.08870273466371027,0
rf,1,SR386_40X_HE_T330_01,0,0.01940952380952381,0
rf,1,SR386_40X_HE_T333_01,0,0.07775366568914956,0
rf,1,SR386_40X_HE_T335_01,0,0.07975366568914956,0
rf,1,SR386_40X_HE_T337_01,0,0.17740576496674054,0
rf,1,SR386_40X_HE_T344_01,0,0.07405183700140539,0
rf,1,SR386_40X_HE_T347_01,0,0.030901930404203838,0
rf,1,SR386_40X_HE_T350_01,0,0.08550853176515955,0
rf,1,SR386_40X_HE_T351_01,0,0.10090909090909088,0
rf,1,SR386_40X_HE_T360_01,0,0.030758498254957738,0
rf,1,SR386_40X_HE_T361_01,0,0.08455031924597142,0
rf,1,SR386_40X_HE_T366_01,0,0.06189776889776891,0
rf,1,SR386_40X_HE_T377_01,1,0.1320801846330957,0
rf,1,SR386_40X_HE_T384_01,0,0.02148484848484849,0
rf,1,SR386_40X_HE_T395_01,0,0.08056971920085525,0
rf,1,SR386_40X_HE_T396_01,0,0.03454640917754523,0
rf,1,SR386_40X_HE_T401_01,0,0.1270576953709444,0
rf,1,SR386_40X_HE_T408_01,0,0.03176940133037694,0
rf,1,SR386_40X_HE_T410_01,0,0.07551698839507566,0
rf,1,SR386_40X_HE_T413_01,0,0.09148484848484847,0
rf,1,SR386_40X_HE_T416_01,0,0.05973913043478261,0
rf,1,SR386_40X_HE_T418_01,0,0.059431372549019604,0
rf,1,SR386_40X_HE_T419_01,0,0.1295404997971276,0
rf,1,SR386_40X_HE_T421_01,0,0.15154112554112553,0
rf,1,SR386_40X_HE_T423_01,0,0.061142857142857145,0
rf,1,SR386_40X_HE_T428_01,0,0.06328411936058549,0
rf,1,SR386_40X_HE_T430_01,0,0.06153342759391147,0
rf,1,SR386_40X_HE_T431_01,0,0.09800141794402134,0
rf,1,SR386_40X_HE_T435_01,0,0.11375954052976109,0
rf,1,SR386_40X_HE_T438_01,0,0.0798802931267526,0
rf,1,SR386_40X_HE_T439_01,0,0.14437777457026188,0
rf,1,SR386_40X_HE_T447_01,0,0.04385441225441225,0
rf,1,SR386_40X_HE_T449_01,0,0.038492345053320665,0
rf,1,SR386_40X_HE_T454_01,0,0.047151515151515146,0
rf,1,SR386_40X_HE_T456_01,0,0.046,0
rf,1,SR386_40X_HE_T461_01,0,0.1521400709505548,0
rf,1,SR386_40X_HE_T462_01,0,0.06952058316458362,0
rf,1,SR386_40X_HE_T468_01,0,0.059666666666666666,0
rf,1,SR386_40X_HE_T469_01,1,0.11168878858941682,0
rf,1,SR386_40X_HE_T470_01,0,0.05153846153846154,0
rf,1,SR386_40X_HE_T471_01,0,0.0432921272276111,0
rf,1,SR386_40X_HE_T477_01,0,0.07019268231768232,0
rf,1,SR386_40X_HE_T480_01,0,0.06045747754523486,0
rf,1,SR386_40X_HE_T484_01,0,0.08544642857142858,0
rf,1,SR386_40X_HE_T495_01,0,0.011398926654740607,0
rf,1,SR386_40X_HE_T496_01,0,0.027229601518026565,0
rf,1,SR386_40X_HE_T498_01,0,0.23957962870462873,0
rf,1,SR386_40X_HE_T504_01,0,0.029602150537634406,0
rf,1,SR386_40X_HE_T511_01,0,0.08576956376956378,0
rf,1,SR386_40X_HE_T517_01,0,0.08881818181818181,0
rf,1,SR386_40X_HE_T523_01,0,0.03990476190476191,0
rf,1,SR386_40X_HE_T529_01,0,0.004,0
rf,1,SR386_40X_HE_T542_01,0,0.018,0
rf,1,SR386_40X_HE_T569_01,0,0.10734798534798533,0
rf,1,SR386_40X_HE_T582_01,0,0.027166167166167172,0
rf,2,SR1482_40X_HE_T009_01,0,0.04349279612393217,0
rf,2,SR1482_40X_HE_T009_02,0,0.043722943722943726,0
rf,2,SR1482_40X_HE_T015_01,0,0.06903043053253433,0
rf,2,SR1482_40X_HE_T021_01,0,0.07489831002331002,0
rf,2,SR1482_40X_HE_T067_01,0,0.09720151219747994,0
rf,2,SR1482_40X_HE_T075_01,0,0.09137862950058072,0
rf,2,SR1482_40X_HE_T075_02,0,0.1975486542443064,0
rf,2,SR1482_40X_HE_T098_01,0,0.08547660941209329,0
rf,2,SR1482_40X_HE_T098_02,0,0.05916616716616717,0
rf,2,SR1482_40X_HE_T102_01,0,0.11776940133037693,0
rf,2,SR1482_40X_HE_T123_01,0,0.10919401563612731,0
rf,2,SR1482_40X_HE_T142_01,0,0.04913357339020118,0
rf,2,SR1482_40X_HE_T146_01,0,0.16518501788067005,0
rf,2,SR1482_40X_HE_T148_01,0,0.24526140526140525,0
rf,2,SR1482_40X_HE_T148_02,0,0.11517962319370768,0
rf,2,SR1482_40X_HE_T154_01,0,0.09154916323513883,0
rf,2,SR1482_40X_HE_T158_01,0,0.06716329366992146,0
rf,2,SR1482_40X_HE_T161_01,0,0.05737407798364695,0
rf,2,SR1482_40X_HE_T161_02,0,0.13172294372294371,0
rf,2,SR1482_40X_HE_T164_01,1,0.059507331378299125,0
rf,2,SR1482_40X_HE_T164_02,1,0.1375069124423963,0
rf,2,SR1482_40X_HE_T168_01,0,0.10091712860310421,0
rf,2,SR1482_40X_HE_T171_01,0,0.05780952380952381,0
rf,2,SR1482_40X_HE_T171_02,0,0.0839047619047619,0
rf,2,SR1482_40X_HE_T178_01,1,0.053489681050656664,0
rf,2,SR1482_40X_HE_T186_01,0,0.08318501788067005,0
rf,2,SR1482_40X_HE_T193_01,0,0.13670741131698025,0
rf,2,SR1482_40X_HE_T193_02,0,0.175,0
rf,2,SR1482_40X_HE_T209_01,0,0.054951755208382996,0
rf,2,SR1482_40X_HE_T209_02,0,0.18965842759391147,0
rf,2,SR1482_40X_HE_T245_01,0,0.12390476190476189,0
rf,2,SR1482_40X_HE_T245_02,0,0.0953419009832672,0
rf,2,SR1482_40X_HE_T265_01,0,0.0717009657009657,0
rf,2,SR1482_40X_HE_T302_01,0,0.16311140380351546,0
rf,2,SR1482_40X_HE_T343_01,1,0.1716931818181818,0
rf,2,SR1482_40X_HE_T343_02,1,0.14726310424718145,0
rf,2,SR1482_40X_HE_T399_01,0,0.1039047619047619,0
rf,2,SR1482_40X_HE_T399_02,0,0.18035323684969634,0
rf,2,SR1482_40X_HE_T426_01,0,0.07365842759391147,0
rf,2,SR1482_40X_HE_T426_02,0,0.1257229437229437,0
rf,2,SR386_40X_HE_T001_01,0,0.08933233618173683,0
rf,2,SR386_40X_HE_T013_01,0,0.10988561164174768,0
rf,2,SR386_40X_HE_T018_01,0,0.10309340927889314,0
rf,2,SR386_40X_HE_T019_01,0,0.06389106452220057,0
rf,2,SR386_40X_HE_T024_01,0,0.011356643356643357,0
rf,2,SR386_40X_HE_T039_01,0,0.025303571428571432,0
rf,2,SR386_40X_HE_T040_01,1,0.21777122126059967,0
rf,2,SR386_40X_HE_T042_01,0,0.07949924585218703,0
rf,2,SR386_40X_HE_T047_01,0,0.06,0
rf,2,SR386_40X_HE_T051_01,0,0.008,0
rf,2,SR386_40X_HE_T052_01,0,0.082349196476792,0
rf,2,SR386_40X_HE_T056_01,0,0.024,0
rf,2,SR386_40X_HE_T057_01,0,0.031378707314191186,0
rf,2,SR386_40X_HE_T070_01,0,0.02181818181818182,0
rf,2,SR386_40X_HE_T082_01,0,0.08947180898811334,0
rf,2,SR386_40X_HE_T084_01,0,0.10936779612393216,0
rf,2,SR386_40X_HE_T087_01,0,0.3517757296466974,1
rf,2,SR386_40X_HE_T088_01,0,0.16635004422101196,0
rf,2,SR386_40X_HE_T098_01,0,0.17211947768609762,0
rf,2,SR386_40X_HE_T105_01,0,0.05920546120546121,0
rf,2,SR386_40X_HE_T122_01,0,0.09306565656565657,0
rf,2,SR386_40X_HE_T123_01,0,0.11416451291356791,0
rf,2,SR386_40X_HE_T133_01,0,0.011484848484848485,0
rf,2,SR386_40X_HE_T145_01,0,0.09775366568914956,0
rf,2,SR386_40X_HE_T150_01,0,0.2022601798171232,0
rf,2,SR386_40X_HE_T152_01,0,0.15516841408233087,0
rf,2,SR386_40X_HE_T155_01,0,0.05400865800865801,0
rf,2,SR386_40X_HE_T157_01,0,0.05706827731092437,0
rf,2,SR386_40X_HE_T164_01,0,0.05947394540942928,0
rf,2,SR386_40X_HE_T166_01,0,0.10330598347652804,0
rf,2,SR386_40X_HE_T176_01,1,0.1216974664536025,0
rf,2,SR386_40X_HE_T177_01,0,0.03392307692307692,0
rf,2,SR386_40X_HE_T178_01,0,0.17910593979191541,0
rf,2,SR386_40X_HE_T187_01,0,0.08696362646008593,0
rf,2,SR386_40X_HE_T190_01,0,0.031000000000000003,0
rf,2,SR386_40X_HE_T192_01,0,0.03337155186801134,0
rf,2,SR386_40X_HE_T198_01,0,0.07471204064752453,0
rf,2,SR386_40X_HE_T200_01,0,0.1854742865317216,0
rf,2,SR386_40X_HE_T206_01,1,0.12474967643161977,0
rf,2,SR386_40X_HE_T211_01,0,0.04181541218637993,0
rf,2,SR386_40X_HE_T213_01,0,0.08,0
rf,2,SR386_40X_HE_T214_01,0,0.12770488520134468,0
rf,2,SR386_40X_HE_T220_01,0,0.053310977942113986,0
rf,2,SR386_40X_HE_T230_01,1,0.15163073645317032,0
rf,2,SR386_40X_HE_T236_01,0,0.10130108780108779,0
rf,2,SR386_40X_HE_T237_01,0,0.05915634771732333,0
rf,2,SR386_40X_HE_T240_01,0,0.06253880266075389,0
rf,2,SR386_40X_HE_T241_01,0,0.05307859751054086,0
rf,2,SR386_40X_HE_T242_01,0,0.10560215053763441,0
rf,2,SR386_40X_HE_T253_01,0,0.011121753246753248,0
rf,2,SR386_40X_HE_T260_01,0,0.1988661022721744,0
rf,2,SR386_40X_HE_T262_01,0,0.18703571882060335,0
rf,2,SR386_40X_HE_T264_01,0,0.16313623739286515,0
rf,2,SR386_40X_HE_T271_01,0,0.07646855680551333,0
rf,2,SR386_40X_HE_T281_01,0,0.044,0
rf,2,SR386_40X_HE_T297_01,0,0.01573913043478261,0
rf,2,SR386_40X_HE_T299_01,0,0.041254790940766554,0
rf,2,SR386_40X_HE_T301_01,0,0.039602150537634405,0
rf,2,SR386_40X_HE_T306_01,0,0.05175366568914956,0
rf,2,SR386_40X_HE_T309_01,0,0.06982916456373353,0
rf,2,SR386_40X_HE_T314_01,0,0.1156438923395445,0
rf,2,SR386_40X_HE_T316_01,0,0.18022439785553387,0
rf,2,SR386_40X_HE_T318_01,0,0.13751698838795615,0
rf,2,SR386_40X_HE_T321_01,0,0.10161788617886179,0
rf,2,SR386_40X_HE_T326_01,0,0.045473945409429284,0
rf,2,SR386_40X_HE_T327_01,0,0.016,0
rf,2,SR386_40X_HE_T332_01,1,0.06193548387096774,0
rf,2,SR386_40X_HE_T355_01,0,0.05327272727272727,0
rf,2,SR386_40X_HE_T364_01,0,0.06467458217104166,0
rf,2,SR386_40X_HE_T368_01,1,0.10294674162133202,0
rf,2,SR386_40X_HE_T374_01,0,0.033769401330376946,0
rf,2,SR386_40X_HE_T380_01,0,0.05868494274542662,0
rf,2,SR386_40X_HE_T382_01,0,0.036,0
rf,2,SR386_40X_HE_T392_01,0,0.04322664835164835,0
rf,2,SR386_40X_HE_T398_01,0,0.08684605156414413,0
rf,2,SR386_40X_HE_T402_01,1,0.1251292498152254,0
rf,2,SR386_40X_HE_T404_01,0,0.015636363636363636,0
rf,2,SR386_40X_HE_T415_01,0,0.03133333333333333,0
rf,2,SR386_40X_HE_T417_01,0,0.031128740824393,0
rf,2,SR386_40X_HE_T425_01,0,0.06445310245310246,0
rf,2,SR386_40X_HE_T436_01,1,0.08084006298750339,0
rf,2,SR386_40X_HE_T437_01,0,0.08554446778711484,0
rf,2,SR386_40X_HE_T440_01,0,0.09194521327200152,0
rf,2,SR386_40X_HE_T445_01,0,0.05942637644046095,0
rf,2,SR386_40X_HE_T450_01,0,0.07969318181818182,0
rf,2,SR386_40X_HE_T459_01,0,0.08080290405953185,0
rf,2,SR386_40X_HE_T472_01,0,0.06144322344322344,0
rf,2,SR386_40X_HE_T481_01,0,0.12861572573767693,0
rf,2,SR386_40X_HE_T483_01,0,0.1456277056277056,0
rf,2,SR386_40X_HE_T486_01,0,0.08491716073781291,0
rf,2,SR386_40X_HE_T488_01,0,0.10694815313412871,0
rf,2,SR386_40X_HE_T499_01,0,0.19101047375471927,0
rf,2,SR386_40X_HE_T507_01,0,0.12691668284508567,0
rf,2,SR386_40X_HE_T514_01,0,0.03789626818469324,0
rf,2,SR386_40X_HE_T520_01,1,0.07741532976827095,0
rf,2,SR386_40X_HE_T522_01,0,0.03388670338316287,0
rf,2,SR386_40X_HE_T531_01,0,0.08499272098868874,0
rf,2,SR386_40X_HE_T535_01,0,0.016,0
rf,2,SR386_40X_HE_T539_01,0,0.17402693408741793,0
rf,2,SR386_40X_HE_T549_01,0,0.08118839541230433,0
rf,2,SR386_40X_HE_T552_01,0,0.03547394540942928,0
rf,2,SR386_40X_HE_T553_01,0,0.06537549407114625,0
rf,2,SR386_40X_HE_T554_01,0,0.09999308881633652,0
rf,2,SR386_40X_HE_T558_01,0,0.08166666666666667,0
rf,2,SR386_40X_HE_T564_01,0,0.07662546056094444,0
rf,2,SR386_40X_HE_T570_01,0,0.05533333333333333,0
rf,2,SR386_40X_HE_T574_01,0,0.027379928315412187,0
rf,2,SR386_40X_HE_T578_01,0,0.030722943722943725,0
rf,2,SR386_40X_HE_T580_01,0,0.019870967741935485,0
rf,3,SR1482_40X_HE_T005_01,0,0.3072802559759082,1
rf,3,SR1482_40X_HE_T005_02,0,0.14577905834003393,0
rf,3,SR1482_40X_HE_T010_01,0,0.0989344821844822,0
rf,3,SR1482_40X_HE_T043_01,0,0.13915151515151514,0
rf,3,SR1482_40X_HE_T043_02,0,0.11894743163340724,0
rf,3,SR1482_40X_HE_T049_01,0,0.06318928571428571,0
rf,3,SR1482_40X_HE_T061_01,0,0.2615979437229437,0
rf,3,SR1482_40X_HE_T061_02,0,0.388,1
rf,3,SR1482_40X_HE_T070_01,1,0.14173260073260072,0
rf,3,SR1482_40X_HE_T073_01,0,0.07498588368153586,0
rf,3,SR1482_40X_HE_T082_01,0,0.12185598141695703,0
rf,3,SR1482_40X_HE_T082_02,0,0.25772294372294374,0
rf,3,SR1482_40X_HE_T089_01,0,0.06250145413259017,0
rf,3,SR1482_40X_HE_T090_01,0,0.05370497427101201,0
rf,3,SR1482_40X_HE_T094_01,1,0.16704145036823856,0
rf,3,SR1482_40X_HE_T094_02,1,0.16376522702104096,0
rf,3,SR1482_40X_HE_T105_01,0,0.08249684873949581,0
rf,3,SR1482_40X_HE_T115_01,0,0.08495379888928277,0
rf,3,SR1482_40X_HE_T115_02,0,0.029356643356643355,0
rf,3,SR1482_40X_HE_T118_01,0,0.1972157398468759,0
rf,3,SR1482_40X_HE_T118_02,0,0.13958758314855874,0
rf,3,SR1482_40X_HE_T120_01,0,0.15319794372294374,0
rf,3,SR1482_40X_HE_T120_02,0,0.15222955446363168,0
rf,3,SR1482_40X_HE_T124_01,0,0.18369622719268666,0
rf,3,SR1482_40X_HE_T124_02,0,0.19549867336964113,0
rf,3,SR1482_40X_HE_T138_01,0,0.04149837566150181,0
rf,3,SR1482_40X_HE_T160_01,0,0.061476190476190476,0
rf,3,SR1482_40X_HE_T160_02,0,0.06747619047619048,0
rf,3,SR1482_40X_HE_T167_01,0,0.1779512195121951,0
rf,3,SR1482_40X_HE_T167_02,0,0.10722735414354437,0
rf,3,SR1482_40X_HE_T175_01,0,0.24173356079404465,0
rf,3,SR1482_40X_HE_T175_02,0,0.31168668462847415,1
rf,3,SR1482_40X_HE_T177_01,1,0.11990213304167857,0
rf,3,SR1482_40X_HE_T188_01,0,0.08068960744269471,0
rf,3,SR1482_40X_HE_T195_01,0,0.11232247325844887,0
rf,3,SR1482_40X_HE_T195_02,0,0.05902759234389016,0
rf,3,SR1482_40X_HE_T202_01,0,0.15731655747968362,0
rf,3,SR1482_40X_HE_T202_02,0,0.09764022702104097,0
rf,3,SR1482_40X_HE_T225_01,0,0.15703025634655415,0
rf,3,SR1482_40X_HE_T225_02,0,0.0825896103896104,0
rf,3,SR1482_40X_HE_T235_01,0,0.12402991096987052,0
rf,3,SR1482_40X_HE_T235_02,0,0.13546207415772635,0
rf,3,SR1482_40X_HE_T236_01,0,0.05390243902439025,0
rf,3,SR1482_40X_HE_T236_02,0,0.06369034994697774,0
rf,3,SR1482_40X_HE_T258_01,0,0.10475161969340925,0
rf,3,SR1482_40X_HE_T258_02,0,0.08854676020338799,0
rf,3,SR1482_40X_HE_T284_01,1,0.16349234505332064,0
rf,3,SR1482_40X_HE_T284_02,1,0.2117789661319073,0
rf,3,SR1482_40X_HE_T301_01,1,0.0857552850119128,0
rf,3,SR1482_40X_HE_T301_02,1,0.13989626818469325,0
rf,3,SR1482_40X_HE_T309_01,0,0.0974360679970436,0
rf,3,SR1482_40X_HE_T313_01,0,0.242931277056277,0
rf,3,SR1482_40X_HE_T313_02,0,0.17296960661097283,0
rf,3,SR1482_40X_HE_T338_01,0,0.25793548387096776,0
rf,3,SR1482_40X_HE_T344_01,0,0.09780645161290323,0
rf,3,SR1482_40X_HE_T344_02,0,0.08593548387096775,0
rf,3,SR1482_40X_HE_T346_01,0,0.19726626221772836,0
rf,3,SR1482_40X_HE_T346_02,0,0.255162785049735,0
rf,3,SR1482_40X_HE_T377_01,0,0.15348413811527417,0
rf,3,SR1482_40X_HE_T377_02,0,0.111875,0
rf,3,SR1482_40X_HE_T419_01,0,0.07455032467532467,0
rf,3,SR1482_40X_HE_T427_01,0,0.09593548387096774,0
rf,3,SR1482_40X_HE_T427_02,0,0.094871831473982,0
rf,3,SR386_40X_HE_T007_01,0,0.10045875770570893,0
rf,3,SR386_40X_HE_T015_01,0,0.05836705497877449,0
rf,3,SR386_40X_HE_T017_01,1,0.16929999705308432,0
rf,3,SR386_40X_HE_T032_01,0,0.06973913043478261,0
rf,3,SR386_40X_HE_T034_01,0,0.10123110223110222,0
rf,3,SR386_40X_HE_T035_01,0,0.1454848484848485,0
rf,3,SR386_40X_HE_T041_01,0,0.3042890618429564,1
rf,3,SR386_40X_HE_T067_01,0,0.023,0
rf,3,SR386_40X_HE_T075_01,0,0.04958758314855876,0
rf,3,SR386_40X_HE_T081_01,0,0.14486810917383564,0
rf,3,SR386_40X_HE_T083_01,0,0.1436073242257349,0
rf,3,SR386_40X_HE_T085_01,0,0.021095238095238094,0
rf,3,SR386_40X_HE_T095_01,0,0.0897789661319073,0
rf,3,SR386_40X_HE_T104_01,0,0.06911139267236828,0
rf,3,SR386_40X_HE_T106_01,0,0.08932909969652693,0
rf,3,SR386_40X_HE_T112_01,0,0.01973913043478261,0
rf,3,SR386_40X_HE_T128_01,0,0.03910273466371028,0
rf,3,SR386_40X_HE_T132_01,0,0.015818181818181818,0
rf,3,SR386_40X_HE_T138_01,0,0.08348525619083963,0
rf,3,SR386_40X_HE_T142_01,0,0.09312121212121212,0
rf,3,SR386_40X_HE_T149_01,0,0.0919790173316596,0
rf,3,SR386_40X_HE_T165_01,1,0.18717783345917743,0
rf,3,SR386_40X_HE_T179_01,0,0.1489760320979833,0
rf,3,SR386_40X_HE_T180_01,0,0.09444469696969698,0
rf,3,SR386_40X_HE_T182_01,0,0.07195121951219513,0
rf,3,SR386_40X_HE_T184_01,0,0.11197452953550514,0
rf,3,SR386_40X_HE_T188_01,0,0.03515750915750916,0
rf,3,SR386_40X_HE_T191_01,0,0.027862012025138178,0
rf,3,SR386_40X_HE_T197_01,0,0.086,0
rf,3,SR386_40X_HE_T201_01,0,0.023587583148558758,0
rf,3,SR386_40X_HE_T202_01,0,0.011951219512195122,0
rf,3,SR386_40X_HE_T208_01,0,0.01,0
rf,3,SR386_40X_HE_T216_01,1,0.15821548519956244,0
rf,3,SR386_40X_HE_T238_01,0,0.029904761904761906,0
rf,3,SR386_40X_HE_T244_01,0,0.07,0
rf,3,SR386_40X_HE_T248_01,0,0.0376178861788618,0
rf,3,SR386_40X_HE_T249_01,0,0.011951219512195122,0
rf,3,SR386_40X_HE_T250_01,0,0.09335064935064932,0
rf,3,SR386_40X_HE_T263_01,0,0.07946207415772634,0
rf,3,SR386_40X_HE_T267_01,0,0.1803191002617036,0
rf,3,SR386_40X_HE_T269_01,0,0.02596078431372549,0
rf,3,SR386_40X_HE_T277_01,0,0.039571847507331386,0
rf,3,SR386_40X_HE_T286_01,0,0.21730161421553099,0
rf,3,SR386_40X_HE_T287_01,0,0.08900415976029581,0
rf,3,SR386_40X_HE_T290_01,0,0.13070882740447956,0
rf,3,SR386_40X_HE_T293_01,0,0.03566666666666667,0
rf,3,SR386_40X_HE_T298_01,0,0.036,0
rf,3,SR386_40X_HE_T303_01,0,0.025333333333333336,0
rf,3,SR386_40X_HE_T312_01,0,0.08515151515151516,0
rf,3,SR386_40X_HE_T329_01,0,0.1955037503147259,0
rf,3,SR386_40X_HE_T336_01,0,0.04553846153846154,0
rf,3,SR386_40X_HE_T338_01,0,0.019951219512195122,0
rf,3,SR386_40X_HE_T342_01,0,0.034,0
rf,3,SR386_40X_HE_T353_01,0,0.096,0
rf,3,SR386_40X_HE_T357_01,0,0.021205128205128203,0
rf,3,SR386_40X_HE_T362_01,0,0.06390476190476191,0
rf,3,SR386_40X_HE_T363_01,1,0.07795121951219512,0
rf,3,SR386_40X_HE_T372_01,0,0.1422784742210776,0
rf,3,SR386_40X_HE_T378_01,0,0.014,0
rf,3,SR386_40X_HE_T379_01,0,0.017333333333333336,0
rf,3,SR386_40X_HE_T386_01,0,0.03769318181818182,0
rf,3,SR386_40X_HE_T387_01,0,0.08691270954384558,0
rf,3,SR386_40X_HE_T393_01,0,0.041326713583341376,0
rf,3,SR386_40X_HE_T397_01,0,0.13277492971671928,0
rf,3,SR386_40X_HE_T406_01,0,0.12070596202307368,0
rf,3,SR386_40X_HE_T409_01,0,0.05369034994697773,0
rf,3,SR386_40X_HE_T422_01,0,0.028951219512195123,0
rf,3,SR386_40X_HE_T426_01,0,0.03492844518507297,0
rf,3,SR386_40X_HE_T433_01,0,0.035951219512195126,0
rf,3,SR386_40X_HE_T443_01,0,0.1712067950561957,0
rf,3,SR386_40X_HE_T448_01,0,0.05981818181818182,0
rf,3,SR386_40X_HE_T452_01,0,0.18863690476190476,0
rf,3,SR386_40X_HE_T460_01,1,0.14436780292877854,0
rf,3,SR386_40X_HE_T473_01,0,0.025,0
rf,3,SR386_40X_HE_T475_01,0,0.013246753246753246,0
rf,3,SR386_40X_HE_T478_01,0,0.054600896889321945,0
rf,3,SR386_40X_HE_T489_01,1,0.05942857142857143,0
rf,3,SR386_40X_HE_T491_01,0,0.10325424981522544,0
rf,3,SR386_40X_HE_T492_01,0,0.018834368530020705,0
rf,3,SR386_40X_HE_T493_01,0,0.022,0
rf,3,SR386_40X_HE_T502_01,0,0.016,0
rf,3,SR386_40X_HE_T505_01,0,0.1522043010752688,0
rf,3,SR386_40X_HE_T506_01,0,0.1058111888111888,0
rf,3,SR386_40X_HE_T509_01,0,0.1166752123662501,0
rf,3,SR386_40X_HE_T516_01,0,0.05713345662991612,0
rf,3,SR386_40X_HE_T518_01,0,0.024722943722943723,0
rf,3,SR386_40X_HE_T519_01,0,0.06452751821349383,0
rf,3,SR386_40X_HE_T521_01,0,0.023912003825920614,0
rf,3,SR386_40X_HE_T526_01,0,0.039336553389684316,0
rf,3,SR386_40X_HE_T533_01,0,0.022,0
rf,3,SR386_40X_HE_T543_01,0,0.044,0
rf,3,SR386_40X_HE_T544_01,0,0.13398801198801197,0
rf,3,SR386_40X_HE_T556_01,1,0.072,0
rf,3,SR386_40X_HE_T560_01,0,0.08142313347626441,0
rf,3,SR386_40X_HE_T563_01,0,0.01942857142857143,0
rf,3,SR386_40X_HE_T568_01,0,0.14169034994697774,0
rf,3,SR386_40X_HE_T571_01,0,0.05353846153846154,0
rf,3,SR386_40X_HE_T572_01,0,0.07639860814506763,0
rf,3,SR386_40X_HE_T573_01,0,0.037904761904761906,0
rf,3,SR386_40X_HE_T583_01,0,0.04471312427409988,0
rf,4,SR1482_40X_HE_T002_01,0,0.023935483870967743,0
rf,4,SR1482_40X_HE_T003_01,0,0.06523809523809523,0
rf,4,SR1482_40X_HE_T004_01,0,0.03944563279857397,0
rf,4,SR1482_40X_HE_T004_02,0,0.061034462790598834,0
rf,4,SR1482_40X_HE_T011_01,0,0.08505511561609123,0
rf,4,SR1482_40X_HE_T025_01,0,0.11952318377981155,0
rf,4,SR1482_40X_HE_T025_02,0,0.14294230142687037,0
rf,4,SR1482_40X_HE_T060_01,0,0.1499047619047619,0
rf,4,SR1482_40X_HE_T062_01,0,0.07539926739926739,0
rf,4,SR1482_40X_HE_T062_02,0,0.12140680965376086,0
rf,4,SR1482_40X_HE_T064_01,0,0.2178181818181818,0
rf,4,SR1482_40X_HE_T064_02,0,0.16440646853146854,0
rf,4,SR1482_40X_HE_T071_01,0,0.14498167723749117,0
rf,4,SR1482_40X_HE_T071_02,0,0.1298181818181818,0
rf,4,SR1482_40X_HE_T074_01,0,0.0396891495601173,0
rf,4,SR1482_40X_HE_T074_02,0,0.04381818181818182,0
rf,4,SR1482_40X_HE_T083_01,0,0.1294848484848485,0
rf,4,SR1482_40X_HE_T083_02,0,0.11381818181818182,0
rf,4,SR1482_40X_HE_T087_01,0,0.06704912161009721,0
rf,4,SR1482_40X_HE_T097_01,1,0.1573030303030303,0
rf,4,SR1482_40X_HE_T097_02,1,0.10426177851840629,0
rf,4,SR1482_40X_HE_T108_01,0,0.03342033235581623,0
rf,4,SR1482_40X_HE_T113_01,0,0.14773913043478262,0
rf,4,SR1482_40X_HE_T113_02,0,0.20944322344322344,0
rf,4,SR1482_40X_HE_T121_01,0,0.00961413043478261,0
rf,4,SR1482_40X_HE_T122_01,0,0.025875,0
rf,4,SR1482_40X_HE_T125_01,0,0.04489064558629776,0
rf,4,SR1482_40X_HE_T125_02,0,0.10851877014990619,0
rf,4,SR1482_40X_HE_T131_01,0,0.19314265576411527,0
rf,4,SR1482_40X_HE_T131_02,0,0.14358928571428572,0
rf,4,SR1482_40X_HE_T132_01,0,0.0632861332216171,0
rf,4,SR1482_40X_HE_T132_02,0,0.16348484848484848,0
rf,4,SR1482_40X_HE_T143_01,0,0.1969194139194139,0
rf,4,SR1482_40X_HE_T143_02,0,0.15388670338316285,0
rf,4,SR1482_40X_HE_T166_01,1,0.03955944055944056,0
rf,4,SR1482_40X_HE_T169_01,0,0.08194414187962575,0
rf,4,SR1482_40X_HE_T176_01,1,0.23827489583587144,0
rf,4,SR1482_40X_HE_T176_02,1,0.20712604468702028,0
rf,4,SR1482_40X_HE_T191_01,0,0.07222843822843822,0
rf,4,SR1482_40X_HE_T194_01,0,0.3372688172043011,1
rf,4,SR1482_40X_HE_T218_01,0,0.05504699330362109,0
rf,4,SR1482_40X_HE_T253_01,0,0.03,0
rf,4,SR1482_40X_HE_T290_01,0,0.1633449131513648,0
rf,4,SR1482_40X_HE_T308_01,0,0.1461252175571609,0
rf,4,SR1482_40X_HE_T314_01,0,0.2359047619047619,0
rf,4,SR1482_40X_HE_T314_02,0,0.24106070142812863,0
rf,4,SR1482_40X_HE_T372_01,1,0.2170224828934506,0
rf,4,SR1482_40X_HE_T372_02,1,0.17344642857142856,0
rf,4,SR1482_40X_HE_T408_01,0,0.045753665689149556,0
rf,4,SR1482_40X_HE_T412_01,0,0.07333333333333335,0
rf,4,SR1482_40X_HE_T425_01,0,0.029445887445887445,0
rf,4,SR1482_40X_HE_T434_01,1,0.11046732565943732,0
rf,4,SR386_40X_HE_T006_01,0,0.024,0
rf,4,SR386_40X_HE_T010_01,0,0.0649891304347826,0
rf,4,SR386_40X_HE_T014_01,0,0.0423970223325062,0
rf,4,SR386_40X_HE_T016_01,0,0.018785214785214784,0
rf,4,SR386_40X_HE_T020_01,0,0.027960039960039956,0
rf,4,SR386_40X_HE_T027_01,0,0.1256891495601173,0
rf,4,SR386_40X_HE_T028_01,0,0.0734079254079254,0
rf,4,SR386_40X_HE_T037_01,0,0.03781818181818182,0
rf,4,SR386_40X_HE_T043_01,0,0.033138814616755795,0
rf,4,SR386_40X_HE_T044_01,1,0.11862155186801135,0
rf,4,SR386_40X_HE_T046_01,0,0.0822072771800175,0
rf,4,SR386_40X_HE_T058_01,0,0.037904761904761906,0
rf,4,SR386_40X_HE_T062_01,0,0.04506818181818182,0
rf,4,SR386_40X_HE_T065_01,1,0.03496078431372549,0
rf,4,SR386_40X_HE_T080_01,0,0.03830251527525559,0
rf,4,SR386_40X_HE_T091_01,0,0.03661468105065666,0
rf,4,SR386_40X_HE_T094_01,0,0.01396078431372549,0
rf,4,SR386_40X_HE_T097_01,0,0.06792307692307692,0
rf,4,SR386_40X_HE_T100_01,0,0.056871794871794876,0
rf,4,SR386_40X_HE_T107_01,0,0.07293939393939394,0
rf,4,SR386_40X_HE_T109_01,1,0.10350959711347348,0
rf,4,SR386_40X_HE_T110_01,0,0.045704885201344685,0
rf,4,SR386_40X_HE_T117_01,0,0.027496828752642706,0
rf,4,SR386_40X_HE_T127_01,0,0.019935483870967743,0
rf,4,SR386_40X_HE_T129_01,0,0.04953846153846154,0
rf,4,SR386_40X_HE_T136_01,0,0.031154761904761904,0
rf,4,SR386_40X_HE_T154_01,0,0.049674614305750354,0
rf,4,SR386_40X_HE_T168_01,1,0.11147294372294371,0
rf,4,SR386_40X_HE_T175_01,0,0.05142857142857143,0
rf,4,SR386_40X_HE_T189_01,0,0.03333333333333333,0
rf,4,SR386_40X_HE_T195_01,0,0.009538461538461539,0
rf,4,SR386_40X_HE_T227_01,0,0.0719047619047619,0
rf,4,SR386_40X_HE_T233_01,0,0.0916720623948027,0
rf,4,SR386_40X_HE_T234_01,0,0.19877487487212345,0
rf,4,SR386_40X_HE_T235_01,0,0.051904761904761905,0
rf,4,SR386_40X_HE_T239_01,0,0.12279540749105966,0
rf,4,SR386_40X_HE_T245_01,0,0.02869318181818182,0
rf,4,SR386_40X_HE_T256_01,0,0.12963736532284917,0
rf,4,SR386_40X_HE_T265_01,0,0.021722943722943724,0
rf,4,SR386_40X_HE_T268_01,0,0.07877600720185643,0
rf,4,SR386_40X_HE_T270_01,0,0.04325424981522543,0
rf,4,SR386_40X_HE_T272_01,0,0.14668440161988547,0
rf,4,SR386_40X_HE_T273_01,0,0.07136683606248823,0
rf,4,SR386_40X_HE_T276_01,0,0.10208123249299719,0
rf,4,SR386_40X_HE_T278_01,1,0.10801757251403195,0
rf,4,SR386_40X_HE_T284_01,0,0.02175366568914956,0
rf,4,SR386_40X_HE_T285_01,0,0.021666666666666664,0
rf,4,SR386_40X_HE_T288_01,0,0.08725274725274725,0
rf,4,SR386_40X_HE_T291_01,0,0.104,0
rf,4,SR386_40X_HE_T300_01,0,0.03738961038961039,0
rf,4,SR386_40X_HE_T302_01,0,0.074,0
rf,4,SR386_40X_HE_T305_01,0,0.017904761904761906,0
rf,4,SR386_40X_HE_T308_01,0,0.03946207415772633,0
rf,4,SR386_40X_HE_T325_01,0,0.03966666666666666,0
rf,4,SR386_40X_HE_T331_01,0,0.08365492076399797,0
rf,4,SR386_40X_HE_T341_01,0,0.08925,0
rf,4,SR386_40X_HE_T343_01,1,0.0599156010230179,0
rf,4,SR386_40X_HE_T346_01,0,0.15949608587771366,0
rf,4,SR386_40X_HE_T352_01,0,0.19726140526140526,0
rf,4,SR386_40X_HE_T373_01,0,0.07648198757763976,0
rf,4,SR386_40X_HE_T375_01,0,0.08369622719268668,0
rf,4,SR386_40X_HE_T381_01,0,0.022,0
rf,4,SR386_40X_HE_T389_01,0,0.10379146528792477,0
rf,4,SR386_40X_HE_T391_01,0,0.07326140526140526,0
rf,4,SR386_40X_HE_T394_01,0,0.031875,0
rf,4,SR386_40X_HE_T399_01,0,0.21468997668997666,0
rf,4,SR386_40X_HE_T403_01,0,0.012,0
rf,4,SR386_40X_HE_T405_01,0,0.12350733137829911,0
rf,4,SR386_40X_HE_T407_01,0,0.05241333934882323,0
rf,4,SR386_40X_HE_T414_01,0,0.04751136363636364,0
rf,4,SR386_40X_HE_T424_01,0,0.16136630036630037,0
rf,4,SR386_40X_HE_T429_01,0,0.15334715821812595,0
rf,4,SR386_40X_HE_T441_01,0,0.0725447912302751,0
rf,4,SR386_40X_HE_T451_01,0,0.07563636363636363,0
rf,4,SR386_40X_HE_T453_01,0,0.011935483870967743,0
rf,4,SR386_40X_HE_T455_01,0,0.05633412552623718,0
rf,4,SR386_40X_HE_T465_01,0,0.19593548387096774,0
rf,4,SR386_40X_HE_T474_01,0,0.09648885624179743,0
rf,4,SR386_40X_HE_T476_01,0,0.1279989127934739,0
rf,4,SR386_40X_HE_T479_01,0,0.0844995004995005,0
rf,4,SR386_40X_HE_T482_01,0,0.08357713114375107,0
rf,4,SR386_40X_HE_T487_01,0,0.06351136363636364,0
rf,4,SR386_40X_HE_T490_01,0,0.040871794871794875,0
rf,4,SR386_40X_HE_T494_01,0,0.02702651515151515,0
rf,4,SR386_40X_HE_T500_01,0,0.023666666666666666,0
rf,4,SR386_40X_HE_T510_01,0,0.06175366568914956,0
rf,4,SR386_40X_HE_T524_01,0,0.06390476190476191,0
rf,4,SR386_40X_HE_T528_01,0,0.20808225108225104,0
rf,4,SR386_40X_HE_T532_01,0,0.03141346153846154,0
rf,4,SR386_40X_HE_T534_01,0,0.127985425806078,0
rf,4,SR386_40X_HE_T536_01,0,0.013627450980392156,0
rf,4,SR386_40X_HE_T537_01,0,0.06554112554112555,0
rf,4,SR386_40X_HE_T541_01,0,0.05167416323513885,0
rf,4,SR386_40X_HE_T548_01,1,0.11562463343108505,0
rf,4,SR386_40X_HE_T550_01,0,0.08682865557290108,0
rf,4,SR386_40X_HE_T551_01,0,0.006,0
rf,4,SR386_40X_HE_T557_01,0,0.06290476190476191,0
rf,4,SR386_40X_HE_T565_01,0,0.015818181818181818,0
rf,4,SR386_40X_HE_T567_01,0,0.050306779242263115,0
rf,4,SR386_40X_HE_T575_01,0,0.09863101604278074,0
rf,4,SR386_40X_HE_T576_01,0,0.06871743369017401,0
rf,4,SR386_40X_HE_T581_01,0,0.13369264069264067,0
