classifier,fold,WSI_ID,target,prob_pos,pred_at_0.5
lin,1,SR1482_40X_HE_T029_01,0,0.013690035509988652,0
lin,1,SR1482_40X_HE_T029_02,0,1.9882585516301232e-05,0
lin,1,SR1482_40X_HE_T057_01,0,5.765791678647412e-12,0
lin,1,SR1482_40X_HE_T063_01,1,0.9954972117558353,1
lin,1,SR1482_40X_HE_T063_02,1,0.0015773043744755691,0
lin,1,SR1482_40X_HE_T065_01,0,1.8494812419686978e-07,0
lin,1,SR1482_40X_HE_T065_02,0,3.0319367557482795e-09,0
lin,1,SR1482_40X_HE_T066_01,0,0.9999999507481487,1
lin,1,SR1482_40X_HE_T066_02,0,0.9964919395663643,1
lin,1,SR1482_40X_HE_T068_01,0,8.314749612720835e-11,0
lin,1,SR1482_40X_HE_T069_01,0,8.070368586034988e-09,0
lin,1,SR1482_40X_HE_T069_02,0,1.565631120914781e-05,0
lin,1,SR1482_40X_HE_T079_01,1,1.463381202716038e-07,0
lin,1,SR1482_40X_HE_T079_02,1,0.9902306699943928,1
lin,1,SR1482_40X_HE_T080_01,0,0.2548578599763426,0
lin,1,SR1482_40X_HE_T080_02,0,2.5589806712918744e-05,0
lin,1,SR1482_40X_HE_T081_01,0,2.579394918030669e-09,0
lin,1,SR1482_40X_HE_T081_02,0,5.30438053321528e-06,0
lin,1,SR1482_40X_HE_T099_01,0,8.65158461030066e-06,0
lin,1,SR1482_40X_HE_T116_01,0,0.10165201497040653,0
lin,1,SR1482_40X_HE_T117_01,0,0.0001195576259702211,0
lin,1,SR1482_40X_HE_T117_02,0,4.1908707959813595e-08,0
lin,1,SR1482_40X_HE_T126_01,0,1.8623121162426857e-07,0
lin,1,SR1482_40X_HE_T129_01,0,5.936598774534964e-05,0
lin,1,SR1482_40X_HE_T129_02,0,0.009861985818533111,0
lin,1,SR1482_40X_HE_T139_01,0,0.06769114402982006,0
lin,1,SR1482_40X_HE_T139_02,0,0.700931923136449,1
lin,1,SR1482_40X_HE_T147_01,0,0.9999986567861635,1
lin,1,SR1482_40X_HE_T147_02,0,0.999998080075402,1
lin,1,SR1482_40X_HE_T159_01,0,1.3811794498490681e-05,0
lin,1,SR1482_40X_HE_T159_02,0,0.04541122326962198,0
lin,1,SR1482_40X_HE_T192_01,0,5.552482884603221e-12,0
lin,1,SR1482_40X_HE_T199_01,0,6.063262531774474e-08,0
lin,1,SR1482_40X_HE_T304_01,0,1.7999328821363965e-05,0
lin,1,SR1482_40X_HE_T304_02,0,5.7126511126805e-07,0
lin,1,SR1482_40X_HE_T310_01,1,0.9832520684264038,1
lin,1,SR1482_40X_HE_T310_02,1,0.18397762872195939,0
lin,1,SR1482_40X_HE_T341_01,0,1.0918865060135698e-15,0
lin,1,SR1482_40X_HE_T341_02,0,2.4389217650865953e-06,0
lin,1,SR1482_40X_HE_T353_01,0,0.0004462267168201426,0
lin,1,SR1482_40X_HE_T390_01,0,1.7453218401876998e-07,0
lin,1,SR1482_40X_HE_T433_01,1,0.006673986526014428,0
lin,1,SR386_40X_HE_T003_01,0,1.0238617010478427e-06,0
lin,1,SR386_40X_HE_T004_01,0,0.005841871454183511,0
lin,1,SR386_40X_HE_T022_01,1,0.9998850268708801,1
lin,1,SR386_40X_HE_T030_01,0,0.0015684695961133903,0
lin,1,SR386_40X_HE_T033_01,0,2.118207952577323e-05,0
lin,1,SR386_40X_HE_T036_01,0,3.571123196480796e-09,0
lin,1,SR386_40X_HE_T038_01,0,3.889975825887321e-06,0
lin,1,SR386_40X_HE_T049_01,0,2.5319840205148506e-11,0
lin,1,SR386_40X_HE_T050_01,0,5.1691135447999195e-06,0
lin,1,SR386_40X_HE_T060_01,0,1.1848063161810135e-07,0
lin,1,SR386_40X_HE_T063_01,0,0.00010905028075374592,0
lin,1,SR386_40X_HE_T066_01,0,5.043730678334593e-07,0
lin,1,SR386_40X_HE_T069_01,0,0.004650152437722564,0
lin,1,SR386_40X_HE_T072_01,0,0.00025822161766244543,0
lin,1,SR386_40X_HE_T074_01,0,5.745174016015506e-06,0
lin,1,SR386_40X_HE_T078_01,0,6.314792897698708e-07,0
lin,1,SR386_40X_HE_T079_01,0,5.898248630602993e-10,0
lin,1,SR386_40X_HE_T092_01,1,0.6949389590277786,1
lin,1,SR386_40X_HE_T096_01,0,4.4714858754663005e-09,0
lin,1,SR386_40X_HE_T099_01,0,0.00015278166393804734,0
lin,1,SR386_40X_HE_T103_01,0,5.2011171113898535e-08,0
lin,1,SR386_40X_HE_T108_01,0,7.77761371182356e-06,0
lin,1,SR386_40X_HE_T113_01,0,0.0024626669589993696,0
lin,1,SR386_40X_HE_T114_01,0,3.372522620135029e-06,0
lin,1,SR386_40X_HE_T119_01,0,0.00033076197978295605,0
lin,1,SR386_40X_HE_T126_01,0,1.9505097111006066e-05,0
lin,1,SR386_40X_HE_T130_01,0,1.880043467353837e-11,0
lin,1,SR386_40X_HE_T131_01,0,0.003596385222718729,0
lin,1,SR386_40X_HE_T135_01,0,0.06581506754318303,0
lin,1,SR386_40X_HE_T140_01,0,5.737371992268978e-05,0
lin,1,SR386_40X_HE_T144_01,0,0.01699196455405147,0
lin,1,SR386_40X_HE_T147_01,0,0.00014238856230882864,0
lin,1,SR386_40X_HE_T148_01,0,0.0032232558628677386,0
lin,1,SR386_40X_HE_T160_01,0,4.7232992520242376e-05,0
lin,1,SR386_40X_HE_T169_01,0,3.2198164440059966e-11,0
lin,1,SR386_40X_HE_T170_01,1,0.8777788517449492,1
lin,1,SR386_40X_HE_T172_01,0,0.015966034160418877,0
lin,1,SR386_40X_HE_T174_01,0,0.01796397236928488,0
lin,1,SR386_40X_HE_T181_01,0,4.871386957600532e-07,0
lin,1,SR386_40X_HE_T196_01,0,1.666955726815537e-08,0
lin,1,SR386_40X_HE_T205_01,0,0.012585870411633938,0
lin,1,SR386_40X_HE_T209_01,0,0.005523175023650622,0
lin,1,SR386_40X_HE_T210_01,0,0.0002110634694671807,0
lin,1,SR386_40X_HE_T212_01,0,8.496772724677645e-06,0
lin,1,SR386_40X_HE_T221_01,0,0.0001716529123475904,0
lin,1,SR386_40X_HE_T224_01,0,0.00012341665908693352,0
lin,1,SR386_40X_HE_T231_01,1,0.999904953701054,1
lin,1,SR386_40X_HE_T232_01,0,1.921947873564757e-07,0
lin,1,SR386_40X_HE_T247_01,0,2.5806225686361506e-06,0
lin,1,SR386_40X_HE_T252_01,0,2.3221953818586197e-05,0
lin,1,SR386_40X_HE_T255_01,0,1.358500060318982e-06,0
lin,1,SR386_40X_HE_T259_01,1,0.010425412400708345,0
lin,1,SR386_40X_HE_T274_01,0,1.2085916248216915e-06,0
lin,1,SR386_40X_HE_T275_01,0,0.001764391274673488,0
lin,1,SR386_40X_HE_T282_01,0,9.864111518800978e-07,0
lin,1,SR386_40X_HE_T294_01,0,0.020580765606850956,0
lin,1,SR386_40X_HE_T311_01,0,7.073650575194106e-07,0
lin,1,SR386_40X_HE_T315_01,0,4.0435305300402314e-06,0
lin,1,SR386_40X_HE_T319_01,1,2.4268815297143557e-05,0
lin,1,SR386_40X_HE_T324_01,1,1.06456351336466e-06,0
lin,1,SR386_40X_HE_T330_01,0,2.577173139119428e-10,0
lin,1,SR386_40X_HE_T333_01,0,0.0035069470791896547,0
lin,1,SR386_40X_HE_T335_01,0,1.816818920974381e-08,0
lin,1,SR386_40X_HE_T337_01,0,0.005637598627098632,0
lin,1,SR386_40X_HE_T344_01,0,1.9475437853750167e-05,0
lin,1,SR386_40X_HE_T347_01,0,3.717074451225557e-09,0
lin,1,SR386_40X_HE_T350_01,0,4.206296634017975e-07,0
lin,1,SR386_40X_HE_T351_01,0,0.01614703934341963,0
lin,1,SR386_40X_HE_T360_01,0,8.025262496784783e-11,0
lin,1,SR386_40X_HE_T361_01,0,9.910424820824543e-05,0
lin,1,SR386_40X_HE_T366_01,0,1.7812344303132696e-06,0
lin,1,SR386_40X_HE_T377_01,1,0.8499310385292629,1
lin,1,SR386_40X_HE_T384_01,0,3.7013921330894945e-07,0
lin,1,SR386_40X_HE_T395_01,0,2.0548583041059555e-08,0
lin,1,SR386_40X_HE_T396_01,0,0.017099752140811032,0
lin,1,SR386_40X_HE_T401_01,0,0.00026096277792813223,0
lin,1,SR386_40X_HE_T408_01,0,1.9422982775969664e-06,0
lin,1,SR386_40X_HE_T410_01,0,4.97434067838285e-05,0
lin,1,SR386_40X_HE_T413_01,0,4.797507918011946e-09,0
lin,1,SR386_40X_HE_T416_01,0,6.4899555045690045e-09,0
lin,1,SR386_40X_HE_T418_01,0,6.00741515923347e-05,0
lin,1,SR386_40X_HE_T419_01,0,0.0002731644321792962,0
lin,1,SR386_40X_HE_T421_01,0,1.3863667173598632e-05,0
lin,1,SR386_40X_HE_T423_01,0,1.5440136173597528e-08,0
lin,1,SR386_40X_HE_T428_01,0,8.212935938667524e-06,0
lin,1,SR386_40X_HE_T430_01,0,1.4339541227729244e-05,0
lin,1,SR386_40X_HE_T431_01,0,0.012172002870506134,0
lin,1,SR386_40X_HE_T435_01,0,0.9870651891544177,1
lin,1,SR386_40X_HE_T438_01,0,0.004464116939975395,0
lin,1,SR386_40X_HE_T439_01,0,0.001024883294378884,0
lin,1,SR386_40X_HE_T447_01,0,1.10270663538237e-12,0
lin,1,SR386_40X_HE_T449_01,0,2.587115625574647e-07,0
lin,1,SR386_40X_HE_T454_01,0,2.326675342160535e-09,0
lin,1,SR386_40X_HE_T456_01,0,6.999069669327772e-08,0
lin,1,SR386_40X_HE_T461_01,0,0.21478832635633516,0
lin,1,SR386_40X_HE_T462_01,0,0.006589542956180472,0
lin,1,SR386_40X_HE_T468_01,0,2.1420507350992324e-09,0
lin,1,SR386_40X_HE_T469_01,1,0.9999364011302941,1
lin,1,SR386_40X_HE_T470_01,0,0.030811032540101986,0
lin,1,SR386_40X_HE_T471_01,0,1.545143419785948e-08,0
lin,1,SR386_40X_HE_T477_01,0,1.6607942843570713e-05,0
lin,1,SR386_40X_HE_T480_01,0,0.002735232928560627,0
lin,1,SR386_40X_HE_T484_01,0,0.0005118728247230263,0
lin,1,SR386_40X_HE_T495_01,0,7.257252341608462e-12,0
lin,1,SR386_40X_HE_T496_01,0,2.527154082376396e-10,0
lin,1,SR386_40X_HE_T498_01,0,0.9917741566458226,1
lin,1,SR386_40X_HE_T504_01,0,1.3697211183545434e-11,0
lin,1,SR386_40X_HE_T511_01,0,1.601404222117252e-05,0
lin,1,SR386_40X_HE_T517_01,0,0.00013094562753008498,0
lin,1,SR386_40X_HE_T523_01,0,9.38668925506394e-09,0
lin,1,SR386_40X_HE_T529_01,0,8.299917385569302e-09,0
lin,1,SR386_40X_HE_T542_01,0,7.150841106903778e-08,0
lin,1,SR386_40X_HE_T569_01,0,0.9833340781883647,1
lin,1,SR386_40X_HE_T582_01,0,3.1605292513242362e-12,0
lin,2,SR1482_40X_HE_T009_01,0,7.294005082642982e-13,0
lin,2,SR1482_40X_HE_T009_02,0,7.938118233541397e-13,0
lin,2,SR1482_40X_HE_T015_01,0,5.337168448938992e-08,0
lin,2,SR1482_40X_HE_T021_01,0,0.0007558429619722861,0
lin,2,SR1482_40X_HE_T067_01,0,1.2393024454466289e-14,0
lin,2,SR1482_40X_HE_T075_01,0,1.181957359366051e-05,0
lin,2,SR1482_40X_HE_T075_02,0,2.240552078904545e-06,0
lin,2,SR1482_40X_HE_T098_01,0,1.1820882858864102e-05,0
lin,2,SR1482_40X_HE_T098_02,0,0.00036183566200207265,0
lin,2,SR1482_40X_HE_T102_01,0,0.19275099017298503,0
lin,2,SR1482_40X_HE_T123_01,0,6.278687001021375e-06,0
lin,2,SR1482_40X_HE_T142_01,0,6.56525913167682e-12,0
lin,2,SR1482_40X_HE_T146_01,0,0.0024204113129222757,0
lin,2,SR1482_40X_HE_T148_01,0,0.9920611536919113,1
lin,2,SR1482_40X_HE_T148_02,0,0.5812966931646585,1
lin,2,SR1482_40X_HE_T154_01,0,9.288948347138728e-08,0
lin,2,SR1482_40X_HE_T158_01,0,8.25958454744962e-09,0
lin,2,SR1482_40X_HE_T161_01,0,0.0003915184855222505,0
lin,2,SR1482_40X_HE_T161_02,0,6.406068454994503e-05,0
lin,2,SR1482_40X_HE_T164_01,1,1.0512748674636675e-07,0
lin,2,SR1482_40X_HE_T164_02,1,0.18244029752916527,0
lin,2,SR1482_40X_HE_T168_01,0,0.0003126389682251083,0
lin,2,SR1482_40X_HE_T171_01,0,4.2704089563228384e-10,0
lin,2,SR1482_40X_HE_T171_02,0,1.898295801813533e-09,0
lin,2,SR1482_40X_HE_T178_01,1,1.5357165227441218e-06,0
lin,2,SR1482_40X_HE_T186_01,0,4.28562438515252e-07,0
lin,2,SR1482_40X_HE_T193_01,0,1.0488294900677513e-06,0
lin,2,SR1482_40X_HE_T193_02,0,0.7104028937620717,1
lin,2,SR1482_40X_HE_T209_01,0,4.790582789882798e-09,0
lin,2,SR1482_40X_HE_T209_02,0,0.0004920617735940554,0
lin,2,SR1482_40X_HE_T245_01,0,7.338564013827308e-06,0
lin,2,SR1482_40X_HE_T245_02,0,3.810398555573695e-06,0
lin,2,SR1482_40X_HE_T265_01,0,2.7954429589552823e-08,0
lin,2,SR1482_40X_HE_T302_01,0,1.7541323054269322e-09,0
lin,2,SR1482_40X_HE_T343_01,1,0.00047171757166283526,0
lin,2,SR1482_40X_HE_T343_02,1,2.419782461251466e-10,0
lin,2,SR1482_40X_HE_T399_01,0,0.0175374207699718,0
lin,2,SR1482_40X_HE_T399_02,0,1.4838897422092062e-07,0
lin,2,SR1482_40X_HE_T426_01,0,3.1196832063655464e-10,0
lin,2,SR1482_40X_HE_T426_02,0,5.619043702921825e-10,0
lin,2,SR386_40X_HE_T001_01,0,3.895822106556928e-06,0
lin,2,SR386_40X_HE_T013_01,0,1.3531524477784053e-05,0
lin,2,SR386_40X_HE_T018_01,0,0.00012083153887867182,0
lin,2,SR386_40X_HE_T019_01,0,8.227491075498839e-07,0
lin,2,SR386_40X_HE_T024_01,0,1.2482446298017718e-13,0
lin,2,SR386_40X_HE_T039_01,0,3.3769224551159916e-09,0
lin,2,SR386_40X_HE_T040_01,1,0.949750893271423,1
lin,2,SR386_40X_HE_T042_01,0,0.00047554195868431103,0
lin,2,SR386_40X_HE_T047_01,0,2.299359612195194e-10,0
lin,2,SR386_40X_HE_T051_01,0,3.5156645394919916e-13,0
lin,2,SR386_40X_HE_T052_01,0,5.131662544782661e-08,0
lin,2,SR386_40X_HE_T056_01,0,7.247457845511321e-07,0
lin,2,SR386_40X_HE_T057_01,0,7.582333659459488e-05,0
lin,2,SR386_40X_HE_T070_01,0,3.596713973665856e-10,0
lin,2,SR386_40X_HE_T082_01,0,1.4091263878327363e-08,0
lin,2,SR386_40X_HE_T084_01,0,1.1070930393190506e-06,0
lin,2,SR386_40X_HE_T087_01,0,0.21977660322772352,0
lin,2,SR386_40X_HE_T088_01,0,0.013994190885961667,0
lin,2,SR386_40X_HE_T098_01,0,0.7298659515156735,1
lin,2,SR386_40X_HE_T105_01,0,1.8355135193670582e-05,0
lin,2,SR386_40X_HE_T122_01,0,4.074752791921283e-09,0
lin,2,SR386_40X_HE_T123_01,0,1.1521743501383843e-06,0
lin,2,SR386_40X_HE_T133_01,0,2.618957280830478e-12,0
lin,2,SR386_40X_HE_T145_01,0,0.0018291733602032948,0
lin,2,SR386_40X_HE_T150_01,0,0.02624953962217707,0
lin,2,SR386_40X_HE_T152_01,0,2.0726343143578437e-05,0
lin,2,SR386_40X_HE_T155_01,0,0.002832172564633783,0
lin,2,SR386_40X_HE_T157_01,0,1.077363918093889e-06,0
lin,2,SR386_40X_HE_T164_01,0,1.827547550453438e-05,0
lin,2,SR386_40X_HE_T166_01,0,4.661245793795143e-05,0
lin,2,SR386_40X_HE_T176_01,1,0.058635325262449856,0
lin,2,SR386_40X_HE_T177_01,0,1.217833470909047e-11,0
lin,2,SR386_40X_HE_T178_01,0,0.901254452780789,1
lin,2,SR386_40X_HE_T187_01,0,0.15308942080994162,0
lin,2,SR386_40X_HE_T190_01,0,2.807092976251132e-06,0
lin,2,SR386_40X_HE_T192_01,0,6.140633446848745e-10,0
lin,2,SR386_40X_HE_T198_01,0,0.005218151204240771,0
lin,2,SR386_40X_HE_T200_01,0,0.0011712135564356189,0
lin,2,SR386_40X_HE_T206_01,1,6.5354802971857835e-06,0
lin,2,SR386_40X_HE_T211_01,0,2.7149742029229377e-12,0
lin,2,SR386_40X_HE_T213_01,0,4.0430098716675507e-08,0
lin,2,SR386_40X_HE_T214_01,0,3.6656967092515507e-06,0
lin,2,SR386_40X_HE_T220_01,0,0.003719404632092071,0
lin,2,SR386_40X_HE_T230_01,1,0.0054888949132437595,0
lin,2,SR386_40X_HE_T236_01,0,0.00038879781462360753,0
lin,2,SR386_40X_HE_T237_01,0,8.095196876985768e-06,0
lin,2,SR386_40X_HE_T240_01,0,4.2129540125801136e-07,0
lin,2,SR386_40X_HE_T241_01,0,0.00020176122462489617,0
lin,2,SR386_40X_HE_T242_01,0,2.342837916665686e-05,0
lin,2,SR386_40X_HE_T253_01,0,1.942788294625851e-08,0
lin,2,SR386_40X_HE_T260_01,0,3.75663460724077e-08,0
lin,2,SR386_40X_HE_T262_01,0,1.5412700333452103e-05,0
lin,2,SR386_40X_HE_T264_01,0,9.0889868139037e-08,0
lin,2,SR386_40X_HE_T271_01,0,1.1315303480659577e-13,0
lin,2,SR386_40X_HE_T281_01,0,0.05258315453041577,0
lin,2,SR386_40X_HE_T297_01,0,9.959608131373762e-07,0
lin,2,SR386_40X_HE_T299_01,0,2.702471473113515e-06,0
lin,2,SR386_40X_HE_T301_01,0,2.2051809169393923e-10,0
lin,2,SR386_40X_HE_T306_01,0,7.222847992970164e-11,0
lin,2,SR386_40X_HE_T309_01,0,1.1283260005593614e-05,0
lin,2,SR386_40X_HE_T314_01,0,0.0002089096579997562,0
lin,2,SR386_40X_HE_T316_01,0,0.02248010073055044,0
lin,2,SR386_40X_HE_T318_01,0,1.5806518755540432e-06,0
lin,2,SR386_40X_HE_T321_01,0,7.983027323953977e-06,0
lin,2,SR386_40X_HE_T326_01,0,4.2999852286481146e-06,0
lin,2,SR386_40X_HE_T327_01,0,1.2069968753363e-09,0
lin,2,SR386_40X_HE_T332_01,1,4.620745395939431e-06,0
lin,2,SR386_40X_HE_T355_01,0,2.9970668464992788e-06,0
lin,2,SR386_40X_HE_T364_01,0,0.00021879291312958197,0
lin,2,SR386_40X_HE_T368_01,1,1.3972819261244774e-10,0
lin,2,SR386_40X_HE_T374_01,0,2.806842127933869e-10,0
lin,2,SR386_40X_HE_T380_01,0,7.269044666302805e-07,0
lin,2,SR386_40X_HE_T382_01,0,1.264919438611549e-08,0
lin,2,SR386_40X_HE_T392_01,0,2.1813532103291357e-07,0
lin,2,SR386_40X_HE_T398_01,0,1.566935631875172e-05,0
lin,2,SR386_40X_HE_T402_01,1,5.365252379974024e-07,0
lin,2,SR386_40X_HE_T404_01,0,5.69030573369952e-09,0
lin,2,SR386_40X_HE_T415_01,0,5.071906917841193e-12,0
lin,2,SR386_40X_HE_T417_01,0,1.5237651911663152e-10,0
lin,2,SR386_40X_HE_T425_01,0,3.078372076396927e-08,0
lin,2,SR386_40X_HE_T436_01,1,0.00010160655211096319,0
lin,2,SR386_40X_HE_T437_01,0,2.0093396680618148e-05,0
lin,2,SR386_40X_HE_T440_01,0,0.00025411544297513966,0
lin,2,SR386_40X_HE_T445_01,0,0.0021429959760747718,0
lin,2,SR386_40X_HE_T450_01,0,0.9187052627363231,1
lin,2,SR386_40X_HE_T459_01,0,8.240654721544296e-12,0
lin,2,SR386_40X_HE_T472_01,0,4.79763469556644e-06,0
lin,2,SR386_40X_HE_T481_01,0,0.003393277319191141,0
lin,2,SR386_40X_HE_T483_01,0,3.409966307407731e-10,0
lin,2,SR386_40X_HE_T486_01,0,1.0262250829274267e-07,0
lin,2,SR386_40X_HE_T488_01,0,1.1326751492273246e-07,0
lin,2,SR386_40X_HE_T499_01,0,2.162962812383373e-06,0
lin,2,SR386_40X_HE_T507_01,0,0.00015260429005968347,0
lin,2,SR386_40X_HE_T514_01,0,2.3025333758352776e-08,0
lin,2,SR386_40X_HE_T520_01,1,3.57214479309699e-05,0
lin,2,SR386_40X_HE_T522_01,0,2.1960592260400205e-11,0
lin,2,SR386_40X_HE_T531_01,0,2.3556032359222056e-07,0
lin,2,SR386_40X_HE_T535_01,0,8.819431432012264e-14,0
lin,2,SR386_40X_HE_T539_01,0,8.171401612366926e-05,0
lin,2,SR386_40X_HE_T549_01,0,6.298247419158459e-11,0
lin,2,SR386_40X_HE_T552_01,0,1.2658161629728297e-07,0
lin,2,SR386_40X_HE_T553_01,0,3.6243723376444985e-05,0
lin,2,SR386_40X_HE_T554_01,0,6.336452883467246e-05,0
lin,2,SR386_40X_HE_T558_01,0,1.0912925470723055e-05,0
lin,2,SR386_40X_HE_T564_01,0,7.802908921257754e-11,0
lin,2,SR386_40X_HE_T570_01,0,4.1180402718689046e-05,0
lin,2,SR386_40X_HE_T574_01,0,8.203234314075383e-07,0
lin,2,SR386_40X_HE_T578_01,0,8.482549474711473e-11,0
lin,2,SR386_40X_HE_T580_01,0,1.3937175960341605e-10,0
lin,3,SR1482_40X_HE_T005_01,0,0.164633034116308,0
lin,3,SR1482_40X_HE_T005_02,0,8.287379411188626e-08,0
lin,3,SR1482_40X_HE_T010_01,0,4.650764123759329e-09,0
lin,3,SR1482_40X_HE_T043_01,0,2.2953340882063613e-05,0
lin,3,SR1482_40X_HE_T043_02,0,0.07631943576092876,0
lin,3,SR1482_40X_HE_T049_01,0,4.711588945694052e-10,0
lin,3,SR1482_40X_HE_T061_01,0,0.9683370729250801,1
lin,3,SR1482_40X_HE_T061_02,0,0.43786741637426996,0
lin,3,SR1482_40X_HE_T070_01,1,6.4561821858236466e-06,0
lin,3,SR1482_40X_HE_T073_01,0,5.759153514060937e-07,0
lin,3,SR1482_40X_HE_T082_01,0,3.5254655648742733e-09,0
lin,3,SR1482_40X_HE_T082_02,0,0.023205550476522854,0
lin,3,SR1482_40X_HE_T089_01,0,8.257772931283519e-06,0
lin,3,SR1482_40X_HE_T090_01,0,0.007273912578514129,0
lin,3,SR1482_40X_HE_T094_01,1,0.9870882839661171,1
lin,3,SR1482_40X_HE_T094_02,1,0.004880946362809311,0
lin,3,SR1482_40X_HE_T105_01,0,1.1865425629174637e-09,0
lin,3,SR1482_40X_HE_T115_01,0,2.196836780402234e-11,0
lin,3,SR1482_40X_HE_T115_02,0,1.5138976831325035e-09,0
lin,3,SR1482_40X_HE_T118_01,0,0.018743898278186552,0
lin,3,SR1482_40X_HE_T118_02,0,0.0035164420649647856,0
lin,3,SR1482_40X_HE_T120_01,0,2.29073837620804e-06,0
lin,3,SR1482_40X_HE_T120_02,0,0.8769025194374267,1
lin,3,SR1482_40X_HE_T124_01,0,0.48543952491733827,0
lin,3,SR1482_40X_HE_T124_02,0,0.032844452048841594,0
lin,3,SR1482_40X_HE_T138_01,0,1.1686745987617449e-07,0
lin,3,SR1482_40X_HE_T160_01,0,4.899146236537291e-09,0
lin,3,SR1482_40X_HE_T160_02,0,2.209458569323346e-11,0
lin,3,SR1482_40X_HE_T167_01,0,0.0013089233137540696,0
lin,3,SR1482_40X_HE_T167_02,0,5.1924269050735493e-05,0
lin,3,SR1482_40X_HE_T175_01,0,0.024552153157545387,0
lin,3,SR1482_40X_HE_T175_02,0,0.001410759225528079,0
lin,3,SR1482_40X_HE_T177_01,1,0.00029894544702586826,0
lin,3,SR1482_40X_HE_T188_01,0,0.027053822174116803,0
lin,3,SR1482_40X_HE_T195_01,0,1.4628940557793016e-06,0
lin,3,SR1482_40X_HE_T195_02,0,3.7842979533779873e-07,0
lin,3,SR1482_40X_HE_T202_01,0,2.0928476572076202e-05,0
lin,3,SR1482_40X_HE_T202_02,0,3.1263332139483975e-05,0
lin,3,SR1482_40X_HE_T225_01,0,0.0003775306405178791,0
lin,3,SR1482_40X_HE_T225_02,0,3.808290449701229e-13,0
lin,3,SR1482_40X_HE_T235_01,0,2.2628614938067067e-07,0
lin,3,SR1482_40X_HE_T235_02,0,1.1571745752598234e-10,0
lin,3,SR1482_40X_HE_T236_01,0,4.090378301186998e-09,0
lin,3,SR1482_40X_HE_T236_02,0,1.3159868838315482e-07,0
lin,3,SR1482_40X_HE_T258_01,0,1.6576872610682048e-08,0
lin,3,SR1482_40X_HE_T258_02,0,1.935084390649856e-08,0
lin,3,SR1482_40X_HE_T284_01,1,0.0007027181840684719,0
lin,3,SR1482_40X_HE_T284_02,1,0.0020684721070717447,0
lin,3,SR1482_40X_HE_T301_01,1,4.533349390937186e-07,0
lin,3,SR1482_40X_HE_T301_02,1,3.91310454454261e-05,0
lin,3,SR1482_40X_HE_T309_01,0,0.012041852847377608,0
lin,3,SR1482_40X_HE_T313_01,0,1.2927653548422934e-06,0
lin,3,SR1482_40X_HE_T313_02,0,6.234725885371671e-06,0
lin,3,SR1482_40X_HE_T338_01,0,0.0007692065445766662,0
lin,3,SR1482_40X_HE_T344_01,0,0.002726838517861716,0
lin,3,SR1482_40X_HE_T344_02,0,0.009271913557366809,0
lin,3,SR1482_40X_HE_T346_01,0,8.336793441027458e-05,0
lin,3,SR1482_40X_HE_T346_02,0,0.000905355121569933,0
lin,3,SR1482_40X_HE_T377_01,0,8.379337675384579e-05,0
lin,3,SR1482_40X_HE_T377_02,0,2.3597815822730456e-07,0
lin,3,SR1482_40X_HE_T419_01,0,8.075051614459294e-07,0
lin,3,SR1482_40X_HE_T427_01,0,2.740734598625037e-06,0
lin,3,SR1482_40X_HE_T427_02,0,6.264467233965188e-10,0
lin,3,SR386_40X_HE_T007_01,0,7.274565349743024e-06,0
lin,3,SR386_40X_HE_T015_01,0,1.1417790990425927e-06,0
lin,3,SR386_40X_HE_T017_01,1,0.30972882996940687,0
lin,3,SR386_40X_HE_T032_01,0,1.2788214296490009e-08,0
lin,3,SR386_40X_HE_T034_01,0,9.949299896137944e-05,0
lin,3,SR386_40X_HE_T035_01,0,7.803533419515464e-05,0
lin,3,SR386_40X_HE_T041_01,0,0.9936107872558726,1
lin,3,SR386_40X_HE_T067_01,0,2.3361667070488144e-08,0
lin,3,SR386_40X_HE_T075_01,0,7.976496218669123e-08,0
lin,3,SR386_40X_HE_T081_01,0,3.5639029870976375e-05,0
lin,3,SR386_40X_HE_T083_01,0,2.949619690288266e-05,0
lin,3,SR386_40X_HE_T085_01,0,1.2157889125470584e-09,0
lin,3,SR386_40X_HE_T095_01,0,0.2581397433864452,0
lin,3,SR386_40X_HE_T104_01,0,0.022022628698064727,0
lin,3,SR386_40X_HE_T106_01,0,1.0568295217270507e-05,0
lin,3,SR386_40X_HE_T112_01,0,7.471750973488873e-05,0
lin,3,SR386_40X_HE_T128_01,0,5.054684724304412e-07,0
lin,3,SR386_40X_HE_T132_01,0,3.7669274301586735e-08,0
lin,3,SR386_40X_HE_T138_01,0,6.560204462807533e-07,0
lin,3,SR386_40X_HE_T142_01,0,0.030649543942528223,0
lin,3,SR386_40X_HE_T149_01,0,1.5385652775128008e-05,0
lin,3,SR386_40X_HE_T165_01,1,0.37975907693698935,0
lin,3,SR386_40X_HE_T179_01,0,0.030480744750108736,0
lin,3,SR386_40X_HE_T180_01,0,2.033308168657372e-07,0
lin,3,SR386_40X_HE_T182_01,0,9.763647097485194e-08,0
lin,3,SR386_40X_HE_T184_01,0,0.08338171913290664,0
lin,3,SR386_40X_HE_T188_01,0,6.867208982892009e-10,0
lin,3,SR386_40X_HE_T191_01,0,6.0095463657632675e-06,0
lin,3,SR386_40X_HE_T197_01,0,0.00017333590478846035,0
lin,3,SR386_40X_HE_T201_01,0,2.9107341141049766e-08,0
lin,3,SR386_40X_HE_T202_01,0,1.6758722551855657e-12,0
lin,3,SR386_40X_HE_T208_01,0,3.5907073805969103e-09,0
lin,3,SR386_40X_HE_T216_01,1,0.999128898356701,1
lin,3,SR386_40X_HE_T238_01,0,2.1235774168179234e-10,0
lin,3,SR386_40X_HE_T244_01,0,7.043519567072683e-10,0
lin,3,SR386_40X_HE_T248_01,0,2.6355363787030807e-08,0
lin,3,SR386_40X_HE_T249_01,0,5.1642590989200485e-09,0
lin,3,SR386_40X_HE_T250_01,0,5.235627040416786e-05,0
lin,3,SR386_40X_HE_T263_01,0,1.7116012039256394e-12,0
lin,3,SR386_40X_HE_T267_01,0,3.9153074982635584e-07,0
lin,3,SR386_40X_HE_T269_01,0,1.1454687194382754e-07,0
lin,3,SR386_40X_HE_T277_01,0,1.3495348154040832e-07,0
lin,3,SR386_40X_HE_T286_01,0,0.0032759153907375854,0
lin,3,SR386_40X_HE_T287_01,0,0.0003137854781585978,0
lin,3,SR386_40X_HE_T290_01,0,0.00018043106888432128,0
lin,3,SR386_40X_HE_T293_01,0,1.4140091417546317e-09,0
lin,3,SR386_40X_HE_T298_01,0,2.2515944273703158e-07,0
lin,3,SR386_40X_HE_T303_01,0,9.726836132149494e-07,0
lin,3,SR386_40X_HE_T312_01,0,1.8632069710472142e-06,0
lin,3,SR386_40X_HE_T329_01,0,0.0037622461599955614,0
lin,3,SR386_40X_HE_T336_01,0,1.1882960182339031e-05,0
lin,3,SR386_40X_HE_T338_01,0,0.0006285301388111329,0
lin,3,SR386_40X_HE_T342_01,0,1.805391589151944e-08,0
lin,3,SR386_40X_HE_T353_01,0,2.972987314675515e-05,0
lin,3,SR386_40X_HE_T357_01,0,6.753190566017622e-12,0
lin,3,SR386_40X_HE_T362_01,0,3.0197532915759725e-08,0
lin,3,SR386_40X_HE_T363_01,1,0.0015934201837908904,0
lin,3,SR386_40X_HE_T372_01,0,0.03611722482208274,0
lin,3,SR386_40X_HE_T378_01,0,1.5571364275039357e-06,0
lin,3,SR386_40X_HE_T379_01,0,1.0872975467609511e-05,0
lin,3,SR386_40X_HE_T386_01,0,0.0008915958842435298,0
lin,3,SR386_40X_HE_T387_01,0,3.383254613272756e-08,0
lin,3,SR386_40X_HE_T393_01,0,1.130326098307256e-07,0
lin,3,SR386_40X_HE_T397_01,0,8.398698836220546e-06,0
lin,3,SR386_40X_HE_T406_01,0,2.6899032074094315e-07,0
lin,3,SR386_40X_HE_T409_01,0,3.349001711571902e-08,0
lin,3,SR386_40X_HE_T422_01,0,2.341029150884535e-09,0
lin,3,SR386_40X_HE_T426_01,0,2.9368152261128294e-08,0
lin,3,SR386_40X_HE_T433_01,0,5.3274882956902185e-05,0
lin,3,SR386_40X_HE_T443_01,0,0.005117409074116839,0
lin,3,SR386_40X_HE_T448_01,0,0.03454109568177681,0
lin,3,SR386_40X_HE_T452_01,0,0.0035689245477260167,0
lin,3,SR386_40X_HE_T460_01,1,0.594603148637393,1
lin,3,SR386_40X_HE_T473_01,0,3.563672768842349e-06,0
lin,3,SR386_40X_HE_T475_01,0,1.6189816315241884e-10,0
lin,3,SR386_40X_HE_T478_01,0,2.945698255328613e-08,0
lin,3,SR386_40X_HE_T489_01,1,5.052952133281482e-09,0
lin,3,SR386_40X_HE_T491_01,0,0.5518639804459915,1
lin,3,SR386_40X_HE_T492_01,0,1.7188517328044135e-11,0
lin,3,SR386_40X_HE_T493_01,0,2.6512434214504955e-08,0
lin,3,SR386_40X_HE_T502_01,0,3.361076833392806e-05,0
lin,3,SR386_40X_HE_T505_01,0,0.0021232719352816407,0
lin,3,SR386_40X_HE_T506_01,0,6.265157534513987e-08,0
lin,3,SR386_40X_HE_T509_01,0,9.07391539304725e-06,0
lin,3,SR386_40X_HE_T516_01,0,0.05006855666364557,0
lin,3,SR386_40X_HE_T518_01,0,1.3510192603251847e-11,0
lin,3,SR386_40X_HE_T519_01,0,1.649344106250158e-05,0
lin,3,SR386_40X_HE_T521_01,0,5.0381172447921607e-11,0
lin,3,SR386_40X_HE_T526_01,0,4.5398436404240913e-07,0
lin,3,SR386_40X_HE_T533_01,0,3.849036660546191e-10,0
lin,3,SR386_40X_HE_T543_01,0,3.4588427086723035e-09,0
lin,3,SR386_40X_HE_T544_01,0,1.4217205838435011e-05,0
lin,3,SR386_40X_HE_T556_01,1,0.01580133492236077,0
lin,3,SR386_40X_HE_T560_01,0,0.01131116249666948,0
lin,3,SR386_40X_HE_T563_01,0,1.054064305761626e-07,0
lin,3,SR386_40X_HE_T568_01,0,3.764808125091029e-05,0
lin,3,SR386_40X_HE_T571_01,0,0.0002813743401741483,0
lin,3,SR386_40X_HE_T572_01,0,0.12912709364022473,0
lin,3,SR386_40X_HE_T573_01,0,0.0006374755178833774,0
lin,3,SR386_40X_HE_T583_01,0,2.5527020319230756e-05,0
lin,4,SR1482_40X_HE_T002_01,0,9.145202224021018e-16,0
lin,4,SR1482_40X_HE_T003_01,0,1.6910146866488487e-08,0
lin,4,SR1482_40X_HE_T004_01,0,8.150955131880304e-27,0
lin,4,SR1482_40X_HE_T004_02,0,4.3241521114469105e-21,0
lin,4,SR1482_40X_HE_T011_01,0,2.347783177124965e-15,0
lin,4,SR1482_40X_HE_T025_01,0,3.555219803841366e-05,0
lin,4,SR1482_40X_HE_T025_02,0,1.8304930252632676e-05,0
lin,4,SR1482_40X_HE_T060_01,0,8.514865797671224e-06,0
lin,4,SR1482_40X_HE_T062_01,0,1.9146609893966636e-08,0
lin,4,SR1482_40X_HE_T062_02,0,3.197671992370666e-11,0
lin,4,SR1482_40X_HE_T064_01,0,6.741198798932935e-05,0
lin,4,SR1482_40X_HE_T064_02,0,8.21667062932674e-16,0
lin,4,SR1482_40X_HE_T071_01,0,6.504221856259275e-09,0
lin,4,SR1482_40X_HE_T071_02,0,3.96460463645623e-07,0
lin,4,SR1482_40X_HE_T074_01,0,1.6209734954321987e-13,0
lin,4,SR1482_40X_HE_T074_02,0,4.4147310685306034e-14,0
lin,4,SR1482_40X_HE_T083_01,0,2.580170257008745e-09,0
lin,4,SR1482_40X_HE_T083_02,0,7.3323821787206826e-06,0
lin,4,SR1482_40X_HE_T087_01,0,3.4258414801238588e-18,0
lin,4,SR1482_40X_HE_T097_01,1,3.105145488455874e-07,0
lin,4,SR1482_40X_HE_T097_02,1,0.9655462684248836,1
lin,4,SR1482_40X_HE_T108_01,0,3.2365660613214853e-26,0
lin,4,SR1482_40X_HE_T113_01,0,0.1002379026581565,0
lin,4,SR1482_40X_HE_T113_02,0,0.1898247278969458,0
lin,4,SR1482_40X_HE_T121_01,0,1.4108373678377503e-17,0
lin,4,SR1482_40X_HE_T122_01,0,4.3196964896444596e-20,0
lin,4,SR1482_40X_HE_T125_01,0,1.6443662466692848e-07,0
lin,4,SR1482_40X_HE_T125_02,0,1.1174007791844476e-06,0
lin,4,SR1482_40X_HE_T131_01,0,2.6016498856914857e-08,0
lin,4,SR1482_40X_HE_T131_02,0,0.07064217690387514,0
lin,4,SR1482_40X_HE_T132_01,0,7.807414849729406e-07,0
lin,4,SR1482_40X_HE_T132_02,0,1.4421053688296785e-07,0
lin,4,SR1482_40X_HE_T143_01,0,0.9127670143987267,1
lin,4,SR1482_40X_HE_T143_02,0,0.9968682349125557,1
lin,4,SR1482_40X_HE_T166_01,1,1.9388757405336995e-21,0
lin,4,SR1482_40X_HE_T169_01,0,2.5399480800886634e-08,0
lin,4,SR1482_40X_HE_T176_01,1,0.9568824292929541,1
lin,4,SR1482_40X_HE_T176_02,1,0.9984604292623043,1
lin,4,SR1482_40X_HE_T191_01,0,2.0145305909795343e-21,0
lin,4,SR1482_40X_HE_T194_01,0,0.9830295594421466,1
lin,4,SR1482_40X_HE_T218_01,0,4.490147794865721e-24,0
lin,4,SR1482_40X_HE_T253_01,0,8.983836586365866e-17,0
lin,4,SR1482_40X_HE_T290_01,0,3.6363640664154666e-05,0
lin,4,SR1482_40X_HE_T308_01,0,4.0216675945225045e-12,0
lin,4,SR1482_40X_HE_T314_01,0,0.06336956360008546,0
lin,4,SR1482_40X_HE_T314_02,0,0.9999463217585466,1
lin,4,SR1482_40X_HE_T372_01,1,0.9980604637060541,1
lin,4,SR1482_40X_HE_T372_02,1,0.004994399556613676,0
lin,4,SR1482_40X_HE_T408_01,0,8.394439746598366e-07,0
lin,4,SR1482_40X_HE_T412_01,0,1.135099482703385e-08,0
lin,4,SR1482_40X_HE_T425_01,0,7.947197287147456e-18,0
lin,4,SR1482_40X_HE_T434_01,1,0.0002377948480717505,0
lin,4,SR386_40X_HE_T006_01,0,2.034866115494668e-08,0
lin,4,SR386_40X_HE_T010_01,0,8.678820040027245e-07,0
lin,4,SR386_40X_HE_T014_01,0,1.8674479440673834e-08,0
lin,4,SR386_40X_HE_T016_01,0,6.826061517814323e-07,0
lin,4,SR386_40X_HE_T020_01,0,2.0206747606759833e-15,0
lin,4,SR386_40X_HE_T027_01,0,5.730546758434435e-08,0
lin,4,SR386_40X_HE_T028_01,0,5.225898600681687e-08,0
lin,4,SR386_40X_HE_T037_01,0,6.111824188658425e-09,0
lin,4,SR386_40X_HE_T043_01,0,2.907260459006058e-09,0
lin,4,SR386_40X_HE_T044_01,1,0.013759432437668364,0
lin,4,SR386_40X_HE_T046_01,0,9.605604143442868e-10,0
lin,4,SR386_40X_HE_T058_01,0,4.397449895436241e-11,0
lin,4,SR386_40X_HE_T062_01,0,4.402979936573454e-12,0
lin,4,SR386_40X_HE_T065_01,1,1.1499000657078514e-06,0
lin,4,SR386_40X_HE_T080_01,0,1.6731892890503899e-10,0
lin,4,SR386_40X_HE_T091_01,0,8.410536281594926e-07,0
lin,4,SR386_40X_HE_T094_01,0,1.507944613235645e-14,0
lin,4,SR386_40X_HE_T097_01,0,1.156694374505272e-07,0
lin,4,SR386_40X_HE_T100_01,0,1.8688906072290866e-09,0
lin,4,SR386_40X_HE_T107_01,0,0.0007281107439574057,0
lin,4,SR386_40X_HE_T109_01,1,0.0002747014354263439,0
lin,4,SR386_40X_HE_T110_01,0,2.9442217221800538e-05,0
lin,4,SR386_40X_HE_T117_01,0,5.391766247349893e-05,0
lin,4,SR386_40X_HE_T127_01,0,6.10741305357091e-11,0
lin,4,SR386_40X_HE_T129_01,0,2.559531415298772e-10,0
lin,4,SR386_40X_HE_T136_01,0,1.596413775383828e-05,0
lin,4,SR386_40X_HE_T154_01,0,9.299790253199792e-07,0
lin,4,SR386_40X_HE_T168_01,1,0.025966579058576,0
lin,4,SR386_40X_HE_T175_01,0,3.29188339175069e-08,0
lin,4,SR386_40X_HE_T189_01,0,9.785262365208509e-15,0
lin,4,SR386_40X_HE_T195_01,0,5.987895041573685e-11,0
lin,4,SR386_40X_HE_T227_01,0,4.807236763796236e-09,0
lin,4,SR386_40X_HE_T233_01,0,0.09357310672767616,0
lin,4,SR386_40X_HE_T234_01,0,0.011704723942466279,0
lin,4,SR386_40X_HE_T235_01,0,1.7489529253213327e-06,0
lin,4,SR386_40X_HE_T239_01,0,1.3096801498767923e-07,0
lin,4,SR386_40X_HE_T245_01,0,3.1870085088847024e-08,0
lin,4,SR386_40X_HE_T256_01,0,9.69679464746195e-08,0
lin,4,SR386_40X_HE_T265_01,0,2.8051361072441973e-09,0
lin,4,SR386_40X_HE_T268_01,0,0.002050673214481162,0
lin,4,SR386_40X_HE_T270_01,0,7.682964289216935e-12,0
lin,4,SR386_40X_HE_T272_01,0,2.729108044688076e-06,0
lin,4,SR386_40X_HE_T273_01,0,0.019164791563266333,0
lin,4,SR386_40X_HE_T276_01,0,0.00036434939300661735,0
lin,4,SR386_40X_HE_T278_01,1,0.9878945706382248,1
lin,4,SR386_40X_HE_T284_01,0,1.0483363667495507e-06,0
lin,4,SR386_40X_HE_T285_01,0,3.855207409335947e-09,0
lin,4,SR386_40X_HE_T288_01,0,3.808920839588512e-08,0
lin,4,SR386_40X_HE_T291_01,0,7.600833882936248e-09,0
lin,4,SR386_40X_HE_T300_01,0,1.3947030100156966e-08,0
lin,4,SR386_40X_HE_T302_01,0,1.553445808002885e-07,0
lin,4,SR386_40X_HE_T305_01,0,1.910840385004673e-08,0
lin,4,SR386_40X_HE_T308_01,0,6.59178411191638e-12,0
lin,4,SR386_40X_HE_T325_01,0,5.058316812063384e-07,0
lin,4,SR386_40X_HE_T331_01,0,2.5842866847514654e-10,0
lin,4,SR386_40X_HE_T341_01,0,0.08195308943070881,0
lin,4,SR386_40X_HE_T343_01,1,4.253688734761089e-05,0
lin,4,SR386_40X_HE_T346_01,0,6.888856073097836e-07,0
lin,4,SR386_40X_HE_T352_01,0,5.585517340535634e-07,0
lin,4,SR386_40X_HE_T373_01,0,0.0004622139009119627,0
lin,4,SR386_40X_HE_T375_01,0,0.001900716537856377,0
lin,4,SR386_40X_HE_T381_01,0,1.2606526545059684e-13,0
lin,4,SR386_40X_HE_T389_01,0,3.350111603227171e-08,0
lin,4,SR386_40X_HE_T391_01,0,1.1769115326897267e-09,0
lin,4,SR386_40X_HE_T394_01,0,0.0012066863190404102,0
lin,4,SR386_40X_HE_T399_01,0,6.927433693035509e-05,0
lin,4,SR386_40X_HE_T403_01,0,9.203650800790477e-13,0
lin,4,SR386_40X_HE_T405_01,0,1.8419278164084277e-13,0
lin,4,SR386_40X_HE_T407_01,0,3.4193706214575085e-11,0
lin,4,SR386_40X_HE_T414_01,0,0.00011185538072876972,0
lin,4,SR386_40X_HE_T424_01,0,0.0035504741811548737,0
lin,4,SR386_40X_HE_T429_01,0,1.2078966739477787e-05,0
lin,4,SR386_40X_HE_T441_01,0,0.4275898040289305,0
lin,4,SR386_40X_HE_T451_01,0,0.0006523876075059972,0
lin,4,SR386_40X_HE_T453_01,0,6.738367642758612e-09,0
lin,4,SR386_40X_HE_T455_01,0,8.659543215106434e-11,0
lin,4,SR386_40X_HE_T465_01,0,3.977252149264104e-07,0
lin,4,SR386_40X_HE_T474_01,0,6.421335515191706e-10,0
lin,4,SR386_40X_HE_T476_01,0,0.20456366879740703,0
lin,4,SR386_40X_HE_T479_01,0,3.5511326298740964e-07,0
lin,4,SR386_40X_HE_T482_01,0,4.3700882389115837e-07,0
lin,4,SR386_40X_HE_T487_01,0,6.26993469579151e-14,0
lin,4,SR386_40X_HE_T490_01,0,1.3097504358555365e-09,0
lin,4,SR386_40X_HE_T494_01,0,1.9261012287820896e-08,0
lin,4,SR386_40X_HE_T500_01,0,1.5746721724075505e-06,0
lin,4,SR386_40X_HE_T510_01,0,1.2664296306431205e-06,0
lin,4,SR386_40X_HE_T524_01,0,0.005710815240708754,0
lin,4,SR386_40X_HE_T528_01,0,0.12588628079790773,0
lin,4,SR386_40X_HE_T532_01,0,3.1232702332377505e-09,0
lin,4,SR386_40X_HE_T534_01,0,2.082288317717977e-06,0
lin,4,SR386_40X_HE_T536_01,0,3.1466633649852745e-10,0
lin,4,SR386_40X_HE_T537_01,0,1.0479825046820498e-05,0
lin,4,SR386_40X_HE_T541_01,0,4.6880344180350536e-06,0
lin,4,SR386_40X_HE_T548_01,1,0.03783340628876325,0
lin,4,SR386_40X_HE_T550_01,0,1.357216768757391e-05,0
lin,4,SR386_40X_HE_T551_01,0,5.626744038527065e-11,0
lin,4,SR386_40X_HE_T557_01,0,1.4240741752395819e-06,0
lin,4,SR386_40X_HE_T565_01,0,5.221312422637644e-10,0
lin,4,SR386_40X_HE_T567_01,0,8.438170613409469e-11,0
lin,4,SR386_40X_HE_T575_01,0,0.007689246615757055,0
lin,4,SR386_40X_HE_T576_01,0,3.819827765742061e-06,0
lin,4,SR386_40X_HE_T581_01,0,0.011219915525233312,0
ann,1,SR1482_40X_HE_T029_01,0,0.7500269412994385,1
ann,1,SR1482_40X_HE_T029_02,0,0.5208888649940491,1
ann,1,SR1482_40X_HE_T057_01,0,0.09831857681274414,0
ann,1,SR1482_40X_HE_T063_01,1,0.9822852611541748,1
ann,1,SR1482_40X_HE_T063_02,1,0.5498468279838562,1
ann,1,SR1482_40X_HE_T065_01,0,0.3073457181453705,0
ann,1,SR1482_40X_HE_T065_02,0,0.1979040801525116,0
ann,1,SR1482_40X_HE_T066_01,0,0.9991716146469116,1
ann,1,SR1482_40X_HE_T066_02,0,0.9903928637504578,1
ann,1,SR1482_40X_HE_T068_01,0,0.21216626465320587,0
ann,1,SR1482_40X_HE_T069_01,0,0.2623726427555084,0
ann,1,SR1482_40X_HE_T069_02,0,0.33780527114868164,0
ann,1,SR1482_40X_HE_T079_01,1,0.3310042917728424,0
ann,1,SR1482_40X_HE_T079_02,1,0.7665181159973145,1
ann,1,SR1482_40X_HE_T080_01,0,0.8704424500465393,1
ann,1,SR1482_40X_HE_T080_02,0,0.5482946038246155,1
ann,1,SR1482_40X_HE_T081_01,0,0.2813769280910492,0
ann,1,SR1482_40X_HE_T081_02,0,0.12208854407072067,0
ann,1,SR1482_40X_HE_T099_01,0,0.398651123046875,0
ann,1,SR1482_40X_HE_T116_01,0,0.5954565405845642,1
ann,1,SR1482_40X_HE_T117_01,0,0.38070443272590637,0
ann,1,SR1482_40X_HE_T117_02,0,0.7127377390861511,1
ann,1,SR1482_40X_HE_T126_01,0,0.42959222197532654,0
ann,1,SR1482_40X_HE_T129_01,0,0.17257122695446014,0
ann,1,SR1482_40X_HE_T129_02,0,0.6735748052597046,1
ann,1,SR1482_40X_HE_T139_01,0,0.9092902541160583,1
ann,1,SR1482_40X_HE_T139_02,0,0.4711529314517975,0
ann,1,SR1482_40X_HE_T147_01,0,0.9967213273048401,1
ann,1,SR1482_40X_HE_T147_02,0,0.9836152195930481,1
ann,1,SR1482_40X_HE_T159_01,0,0.2305716872215271,0
ann,1,SR1482_40X_HE_T159_02,0,0.31351572275161743,0
ann,1,SR1482_40X_HE_T192_01,0,0.21707215905189514,0
ann,1,SR1482_40X_HE_T199_01,0,0.30457040667533875,0
ann,1,SR1482_40X_HE_T304_01,0,0.42935630679130554,0
ann,1,SR1482_40X_HE_T304_02,0,0.2578054964542389,0
ann,1,SR1482_40X_HE_T310_01,1,0.5543290376663208,1
ann,1,SR1482_40X_HE_T310_02,1,0.4300946295261383,0
ann,1,SR1482_40X_HE_T341_01,0,0.22637607157230377,0
ann,1,SR1482_40X_HE_T341_02,0,0.4376334249973297,0
ann,1,SR1482_40X_HE_T353_01,0,0.5390065312385559,1
ann,1,SR1482_40X_HE_T390_01,0,0.452693909406662,0
ann,1,SR1482_40X_HE_T433_01,1,0.6458148956298828,1
ann,1,SR386_40X_HE_T003_01,0,0.3356177508831024,0
ann,1,SR386_40X_HE_T004_01,0,0.8713142275810242,1
ann,1,SR386_40X_HE_T022_01,1,0.9153031706809998,1
ann,1,SR386_40X_HE_T030_01,0,0.6007484793663025,1
ann,1,SR386_40X_HE_T033_01,0,0.24349118769168854,0
ann,1,SR386_40X_HE_T036_01,0,0.10481510311365128,0
ann,1,SR386_40X_HE_T038_01,0,0.7051986455917358,1
ann,1,SR386_40X_HE_T049_01,0,0.22576631605625153,0
ann,1,SR386_40X_HE_T050_01,0,0.43542495369911194,0
ann,1,SR386_40X_HE_T060_01,0,0.20594780147075653,0
ann,1,SR386_40X_HE_T063_01,0,0.2978935241699219,0
ann,1,SR386_40X_HE_T066_01,0,0.09599409997463226,0
ann,1,SR386_40X_HE_T069_01,0,0.32037684321403503,0
ann,1,SR386_40X_HE_T072_01,0,0.2122787982225418,0
ann,1,SR386_40X_HE_T074_01,0,0.3731731176376343,0
ann,1,SR386_40X_HE_T078_01,0,0.15438440442085266,0
ann,1,SR386_40X_HE_T079_01,0,0.1559988558292389,0
ann,1,SR386_40X_HE_T092_01,1,0.7023923993110657,1
ann,1,SR386_40X_HE_T096_01,0,0.17727656662464142,0
ann,1,SR386_40X_HE_T099_01,0,0.3328498601913452,0
ann,1,SR386_40X_HE_T103_01,0,0.11386334151029587,0
ann,1,SR386_40X_HE_T108_01,0,0.2585449516773224,0
ann,1,SR386_40X_HE_T113_01,0,0.2698128819465637,0
ann,1,SR386_40X_HE_T114_01,0,0.19780948758125305,0
ann,1,SR386_40X_HE_T119_01,0,0.4052026867866516,0
ann,1,SR386_40X_HE_T126_01,0,0.11336975544691086,0
ann,1,SR386_40X_HE_T130_01,0,0.17563749849796295,0
ann,1,SR386_40X_HE_T131_01,0,0.5715077519416809,1
ann,1,SR386_40X_HE_T135_01,0,0.708284854888916,1
ann,1,SR386_40X_HE_T140_01,0,0.16408981382846832,0
ann,1,SR386_40X_HE_T144_01,0,0.8122431635856628,1
ann,1,SR386_40X_HE_T147_01,0,0.5725300312042236,1
ann,1,SR386_40X_HE_T148_01,0,0.4297682046890259,0
ann,1,SR386_40X_HE_T160_01,0,0.383401095867157,0
ann,1,SR386_40X_HE_T169_01,0,0.15661434829235077,0
ann,1,SR386_40X_HE_T170_01,1,0.9324637651443481,1
ann,1,SR386_40X_HE_T172_01,0,0.4556405544281006,0
ann,1,SR386_40X_HE_T174_01,0,0.7273984551429749,1
ann,1,SR386_40X_HE_T181_01,0,0.17990441620349884,0
ann,1,SR386_40X_HE_T196_01,0,0.26718980073928833,0
ann,1,SR386_40X_HE_T205_01,0,0.36931678652763367,0
ann,1,SR386_40X_HE_T209_01,0,0.6919230818748474,1
ann,1,SR386_40X_HE_T210_01,0,0.19473375380039215,0
ann,1,SR386_40X_HE_T212_01,0,0.34524351358413696,0
ann,1,SR386_40X_HE_T221_01,0,0.4822627007961273,0
ann,1,SR386_40X_HE_T224_01,0,0.32322126626968384,0
ann,1,SR386_40X_HE_T231_01,1,0.9640617370605469,1
ann,1,SR386_40X_HE_T232_01,0,0.20508310198783875,0
ann,1,SR386_40X_HE_T247_01,0,0.5986891984939575,1
ann,1,SR386_40X_HE_T252_01,0,0.49478042125701904,0
ann,1,SR386_40X_HE_T255_01,0,0.23501485586166382,0
ann,1,SR386_40X_HE_T259_01,1,0.2909667491912842,0
ann,1,SR386_40X_HE_T274_01,0,0.3333129286766052,0
ann,1,SR386_40X_HE_T275_01,0,0.3632325232028961,0
ann,1,SR386_40X_HE_T282_01,0,0.2528655230998993,0
ann,1,SR386_40X_HE_T294_01,0,0.8060202598571777,1
ann,1,SR386_40X_HE_T311_01,0,0.2585023045539856,0
ann,1,SR386_40X_HE_T315_01,0,0.14252670109272003,0
ann,1,SR386_40X_HE_T319_01,1,0.27738356590270996,0
ann,1,SR386_40X_HE_T324_01,1,0.14237014949321747,0
ann,1,SR386_40X_HE_T330_01,0,0.13159573078155518,0
ann,1,SR386_40X_HE_T333_01,0,0.47960638999938965,0
ann,1,SR386_40X_HE_T335_01,0,0.24368071556091309,0
ann,1,SR386_40X_HE_T337_01,0,0.6218975186347961,1
ann,1,SR386_40X_HE_T344_01,0,0.15575505793094635,0
ann,1,SR386_40X_HE_T347_01,0,0.1983044147491455,0
ann,1,SR386_40X_HE_T350_01,0,0.19867996871471405,0
ann,1,SR386_40X_HE_T351_01,0,0.26943647861480713,0
ann,1,SR386_40X_HE_T360_01,0,0.17565016448497772,0
ann,1,SR386_40X_HE_T361_01,0,0.43395695090293884,0
ann,1,SR386_40X_HE_T366_01,0,0.5342540144920349,1
ann,1,SR386_40X_HE_T377_01,1,0.6441932916641235,1
ann,1,SR386_40X_HE_T384_01,0,0.221525639295578,0
ann,1,SR386_40X_HE_T395_01,0,0.4242091178894043,0
ann,1,SR386_40X_HE_T396_01,0,0.5839545726776123,1
ann,1,SR386_40X_HE_T401_01,0,0.3029773533344269,0
ann,1,SR386_40X_HE_T408_01,0,0.17317523062229156,0
ann,1,SR386_40X_HE_T410_01,0,0.4207497239112854,0
ann,1,SR386_40X_HE_T413_01,0,0.4200088381767273,0
ann,1,SR386_40X_HE_T416_01,0,0.18407034873962402,0
ann,1,SR386_40X_HE_T418_01,0,0.4876636564731598,0
ann,1,SR386_40X_HE_T419_01,0,0.4222685396671295,0
ann,1,SR386_40X_HE_T421_01,0,0.26353776454925537,0
ann,1,SR386_40X_HE_T423_01,0,0.25208383798599243,0
ann,1,SR386_40X_HE_T428_01,0,0.25817570090293884,0
ann,1,SR386_40X_HE_T430_01,0,0.28266194462776184,0
ann,1,SR386_40X_HE_T431_01,0,0.46986010670661926,0
ann,1,SR386_40X_HE_T435_01,0,0.5135228633880615,1
ann,1,SR386_40X_HE_T438_01,0,0.34957191348075867,0
ann,1,SR386_40X_HE_T439_01,0,0.24126937985420227,0
ann,1,SR386_40X_HE_T447_01,0,0.1470925658941269,0
ann,1,SR386_40X_HE_T449_01,0,0.22827193140983582,0
ann,1,SR386_40X_HE_T454_01,0,0.10472062230110168,0
ann,1,SR386_40X_HE_T456_01,0,0.17366085946559906,0
ann,1,SR386_40X_HE_T461_01,0,0.45352616906166077,0
ann,1,SR386_40X_HE_T462_01,0,0.2601113021373749,0
ann,1,SR386_40X_HE_T468_01,0,0.1359030306339264,0
ann,1,SR386_40X_HE_T469_01,1,0.3401756286621094,0
ann,1,SR386_40X_HE_T470_01,0,0.4987809658050537,0
ann,1,SR386_40X_HE_T471_01,0,0.17617587745189667,0
ann,1,SR386_40X_HE_T477_01,0,0.2188052237033844,0
ann,1,SR386_40X_HE_T480_01,0,0.3538917899131775,0
ann,1,SR386_40X_HE_T484_01,0,0.4705924093723297,0
ann,1,SR386_40X_HE_T495_01,0,0.21162836253643036,0
ann,1,SR386_40X_HE_T496_01,0,0.18091148138046265,0
ann,1,SR386_40X_HE_T498_01,0,0.8230767250061035,1
ann,1,SR386_40X_HE_T504_01,0,0.1533968150615692,0
ann,1,SR386_40X_HE_T511_01,0,0.5588436126708984,1
ann,1,SR386_40X_HE_T517_01,0,0.4693091809749603,0
ann,1,SR386_40X_HE_T523_01,0,0.14962729811668396,0
ann,1,SR386_40X_HE_T529_01,0,0.17627303302288055,0
ann,1,SR386_40X_HE_T542_01,0,0.2232513576745987,0
ann,1,SR386_40X_HE_T569_01,0,0.785021960735321,1
ann,1,SR386_40X_HE_T582_01,0,0.17798762023448944,0
ann,2,SR1482_40X_HE_T009_01,0,0.2480684369802475,0
ann,2,SR1482_40X_HE_T009_02,0,0.3344164192676544,0
ann,2,SR1482_40X_HE_T015_01,0,0.34224000573158264,0
ann,2,SR1482_40X_HE_T021_01,0,0.7228949069976807,1
ann,2,SR1482_40X_HE_T067_01,0,0.3197592794895172,0
ann,2,SR1482_40X_HE_T075_01,0,0.5074033737182617,1
ann,2,SR1482_40X_HE_T075_02,0,0.4856660068035126,0
ann,2,SR1482_40X_HE_T098_01,0,0.32876473665237427,0
ann,2,SR1482_40X_HE_T098_02,0,0.24295048415660858,0
ann,2,SR1482_40X_HE_T102_01,0,0.824946939945221,1
ann,2,SR1482_40X_HE_T123_01,0,0.2463253140449524,0
ann,2,SR1482_40X_HE_T142_01,0,0.15719348192214966,0
ann,2,SR1482_40X_HE_T146_01,0,0.8847489953041077,1
ann,2,SR1482_40X_HE_T148_01,0,0.5202116370201111,1
ann,2,SR1482_40X_HE_T148_02,0,0.4254539906978607,0
ann,2,SR1482_40X_HE_T154_01,0,0.26851174235343933,0
ann,2,SR1482_40X_HE_T158_01,0,0.29791203141212463,0
ann,2,SR1482_40X_HE_T161_01,0,0.43082404136657715,0
ann,2,SR1482_40X_HE_T161_02,0,0.2531996965408325,0
ann,2,SR1482_40X_HE_T164_01,1,0.2735811471939087,0
ann,2,SR1482_40X_HE_T164_02,1,0.8692575097084045,1
ann,2,SR1482_40X_HE_T168_01,0,0.4384772479534149,0
ann,2,SR1482_40X_HE_T171_01,0,0.28329235315322876,0
ann,2,SR1482_40X_HE_T171_02,0,0.20573493838310242,0
ann,2,SR1482_40X_HE_T178_01,1,0.20523183047771454,0
ann,2,SR1482_40X_HE_T186_01,0,0.18791832029819489,0
ann,2,SR1482_40X_HE_T193_01,0,0.44316181540489197,0
ann,2,SR1482_40X_HE_T193_02,0,0.811572253704071,1
ann,2,SR1482_40X_HE_T209_01,0,0.21386736631393433,0
ann,2,SR1482_40X_HE_T209_02,0,0.7007197141647339,1
ann,2,SR1482_40X_HE_T245_01,0,0.5106260776519775,1
ann,2,SR1482_40X_HE_T245_02,0,0.4018251895904541,0
ann,2,SR1482_40X_HE_T265_01,0,0.1606570929288864,0
ann,2,SR1482_40X_HE_T302_01,0,0.367511123418808,0
ann,2,SR1482_40X_HE_T343_01,1,0.6071556210517883,1
ann,2,SR1482_40X_HE_T343_02,1,0.9293144345283508,1
ann,2,SR1482_40X_HE_T399_01,0,0.5276190042495728,1
ann,2,SR1482_40X_HE_T399_02,0,0.539351224899292,1
ann,2,SR1482_40X_HE_T426_01,0,0.19955216348171234,0
ann,2,SR1482_40X_HE_T426_02,0,0.25888630747795105,0
ann,2,SR386_40X_HE_T001_01,0,0.3878883421421051,0
ann,2,SR386_40X_HE_T013_01,0,0.32942622900009155,0
ann,2,SR386_40X_HE_T018_01,0,0.35101640224456787,0
ann,2,SR386_40X_HE_T019_01,0,0.3654617369174957,0
ann,2,SR386_40X_HE_T024_01,0,0.1865033209323883,0
ann,2,SR386_40X_HE_T039_01,0,0.17518000304698944,0
ann,2,SR386_40X_HE_T040_01,1,0.8228224515914917,1
ann,2,SR386_40X_HE_T042_01,0,0.2075529247522354,0
ann,2,SR386_40X_HE_T047_01,0,0.24802957475185394,0
ann,2,SR386_40X_HE_T051_01,0,0.19274239242076874,0
ann,2,SR386_40X_HE_T052_01,0,0.2685176432132721,0
ann,2,SR386_40X_HE_T056_01,0,0.21571603417396545,0
ann,2,SR386_40X_HE_T057_01,0,0.23813901841640472,0
ann,2,SR386_40X_HE_T070_01,0,0.2414006143808365,0
ann,2,SR386_40X_HE_T082_01,0,0.3841736912727356,0
ann,2,SR386_40X_HE_T084_01,0,0.7765922546386719,1
ann,2,SR386_40X_HE_T087_01,0,0.6978814601898193,1
ann,2,SR386_40X_HE_T088_01,0,0.5631102323532104,1
ann,2,SR386_40X_HE_T098_01,0,0.461050420999527,0
ann,2,SR386_40X_HE_T105_01,0,0.4697323143482208,0
ann,2,SR386_40X_HE_T122_01,0,0.26297861337661743,0
ann,2,SR386_40X_HE_T123_01,0,0.2351524531841278,0
ann,2,SR386_40X_HE_T133_01,0,0.19327393174171448,0
ann,2,SR386_40X_HE_T145_01,0,0.3661554157733917,0
ann,2,SR386_40X_HE_T150_01,0,0.584640622138977,1
ann,2,SR386_40X_HE_T152_01,0,0.4060647487640381,0
ann,2,SR386_40X_HE_T155_01,0,0.4979060888290405,0
ann,2,SR386_40X_HE_T157_01,0,0.4543950855731964,0
ann,2,SR386_40X_HE_T164_01,0,0.32469168305397034,0
ann,2,SR386_40X_HE_T166_01,0,0.2537299394607544,0
ann,2,SR386_40X_HE_T176_01,1,0.592745840549469,1
ann,2,SR386_40X_HE_T177_01,0,0.3356104791164398,0
ann,2,SR386_40X_HE_T178_01,0,0.6723751425743103,1
ann,2,SR386_40X_HE_T187_01,0,0.7796563506126404,1
ann,2,SR386_40X_HE_T190_01,0,0.26307761669158936,0
ann,2,SR386_40X_HE_T192_01,0,0.17192688584327698,0
ann,2,SR386_40X_HE_T198_01,0,0.37574607133865356,0
ann,2,SR386_40X_HE_T200_01,0,0.5205895304679871,1
ann,2,SR386_40X_HE_T206_01,1,0.39991360902786255,0
ann,2,SR386_40X_HE_T211_01,0,0.24335448443889618,0
ann,2,SR386_40X_HE_T213_01,0,0.22690576314926147,0
ann,2,SR386_40X_HE_T214_01,0,0.43625378608703613,0
ann,2,SR386_40X_HE_T220_01,0,0.35214439034461975,0
ann,2,SR386_40X_HE_T230_01,1,0.4197343587875366,0
ann,2,SR386_40X_HE_T236_01,0,0.2775375247001648,0
ann,2,SR386_40X_HE_T237_01,0,0.40224766731262207,0
ann,2,SR386_40X_HE_T240_01,0,0.19025495648384094,0
ann,2,SR386_40X_HE_T241_01,0,0.3803602457046509,0
ann,2,SR386_40X_HE_T242_01,0,0.29287147521972656,0
ann,2,SR386_40X_HE_T253_01,0,0.1837828904390335,0
ann,2,SR386_40X_HE_T260_01,0,0.4302130341529846,0
ann,2,SR386_40X_HE_T262_01,0,0.5072762966156006,1
ann,2,SR386_40X_HE_T264_01,0,0.5004324316978455,1
ann,2,SR386_40X_HE_T271_01,0,0.1467353105545044,0
ann,2,SR386_40X_HE_T281_01,0,0.4143822193145752,0
ann,2,SR386_40X_HE_T297_01,0,0.31999820470809937,0
ann,2,SR386_40X_HE_T299_01,0,0.23162782192230225,0
ann,2,SR386_40X_HE_T301_01,0,0.10991604626178741,0
ann,2,SR386_40X_HE_T306_01,0,0.2700064480304718,0
ann,2,SR386_40X_HE_T309_01,0,0.2762802243232727,0
ann,2,SR386_40X_HE_T314_01,0,0.42420509457588196,0
ann,2,SR386_40X_HE_T316_01,0,0.8488286733627319,1
ann,2,SR386_40X_HE_T318_01,0,0.39603564143180847,0
ann,2,SR386_40X_HE_T321_01,0,0.345236212015152,0
ann,2,SR386_40X_HE_T326_01,0,0.5242702960968018,1
ann,2,SR386_40X_HE_T327_01,0,0.26978540420532227,0
ann,2,SR386_40X_HE_T332_01,1,0.2818843722343445,0
ann,2,SR386_40X_HE_T355_01,0,0.304023802280426,0
ann,2,SR386_40X_HE_T364_01,0,0.5464644432067871,1
ann,2,SR386_40X_HE_T368_01,1,0.3702109754085541,0
ann,2,SR386_40X_HE_T374_01,0,0.15118011832237244,0
ann,2,SR386_40X_HE_T380_01,0,0.20080237090587616,0
ann,2,SR386_40X_HE_T382_01,0,0.19967199862003326,0
ann,2,SR386_40X_HE_T392_01,0,0.307735800743103,0
ann,2,SR386_40X_HE_T398_01,0,0.4551980197429657,0
ann,2,SR386_40X_HE_T402_01,1,0.4985388219356537,0
ann,2,SR386_40X_HE_T404_01,0,0.2646716237068176,0
ann,2,SR386_40X_HE_T415_01,0,0.20017215609550476,0
ann,2,SR386_40X_HE_T417_01,0,0.23030850291252136,0
ann,2,SR386_40X_HE_T425_01,0,0.19332627952098846,0
ann,2,SR386_40X_HE_T436_01,1,0.16780772805213928,0
ann,2,SR386_40X_HE_T437_01,0,0.26173222064971924,0
ann,2,SR386_40X_HE_T440_01,0,0.5862544178962708,1
ann,2,SR386_40X_HE_T445_01,0,0.6692473888397217,1
ann,2,SR386_40X_HE_T450_01,0,0.7177368998527527,1
ann,2,SR386_40X_HE_T459_01,0,0.32753729820251465,0
ann,2,SR386_40X_HE_T472_01,0,0.19551080465316772,0
ann,2,SR386_40X_HE_T481_01,0,0.26453134417533875,0
ann,2,SR386_40X_HE_T483_01,0,0.2523276209831238,0
ann,2,SR386_40X_HE_T486_01,0,0.32680806517601013,0
ann,2,SR386_40X_HE_T488_01,0,0.2648554742336273,0
ann,2,SR386_40X_HE_T499_01,0,0.3299889862537384,0
ann,2,SR386_40X_HE_T507_01,0,0.39240777492523193,0
ann,2,SR386_40X_HE_T514_01,0,0.13804589211940765,0
ann,2,SR386_40X_HE_T520_01,1,0.4474935829639435,0
ann,2,SR386_40X_HE_T522_01,0,0.411748468875885,0
ann,2,SR386_40X_HE_T531_01,0,0.2250661700963974,0
ann,2,SR386_40X_HE_T535_01,0,0.2560409605503082,0
ann,2,SR386_40X_HE_T539_01,0,0.5695548057556152,1
ann,2,SR386_40X_HE_T549_01,0,0.2353706806898117,0
ann,2,SR386_40X_HE_T552_01,0,0.6100285649299622,1
ann,2,SR386_40X_HE_T553_01,0,0.3364427387714386,0
ann,2,SR386_40X_HE_T554_01,0,0.285218745470047,0
ann,2,SR386_40X_HE_T558_01,0,0.24532872438430786,0
ann,2,SR386_40X_HE_T564_01,0,0.2906702756881714,0
ann,2,SR386_40X_HE_T570_01,0,0.5157486200332642,1
ann,2,SR386_40X_HE_T574_01,0,0.24169522523880005,0
ann,2,SR386_40X_HE_T578_01,0,0.2543882727622986,0
ann,2,SR386_40X_HE_T580_01,0,0.2897922396659851,0
ann,3,SR1482_40X_HE_T005_01,0,0.6584720015525818,1
ann,3,SR1482_40X_HE_T005_02,0,0.5416847467422485,1
ann,3,SR1482_40X_HE_T010_01,0,0.24487020075321198,0
ann,3,SR1482_40X_HE_T043_01,0,0.4917334318161011,0
ann,3,SR1482_40X_HE_T043_02,0,0.5572123527526855,1
ann,3,SR1482_40X_HE_T049_01,0,0.16816845536231995,0
ann,3,SR1482_40X_HE_T061_01,0,0.8607954978942871,1
ann,3,SR1482_40X_HE_T061_02,0,0.6760761141777039,1
ann,3,SR1482_40X_HE_T070_01,1,0.27796125411987305,0
ann,3,SR1482_40X_HE_T073_01,0,0.2877972722053528,0
ann,3,SR1482_40X_HE_T082_01,0,0.3058018088340759,0
ann,3,SR1482_40X_HE_T082_02,0,0.5965083241462708,1
ann,3,SR1482_40X_HE_T089_01,0,0.21889185905456543,0
ann,3,SR1482_40X_HE_T090_01,0,0.7081162929534912,1
ann,3,SR1482_40X_HE_T094_01,1,0.4694086015224457,0
ann,3,SR1482_40X_HE_T094_02,1,0.43386757373809814,0
ann,3,SR1482_40X_HE_T105_01,0,0.27203065156936646,0
ann,3,SR1482_40X_HE_T115_01,0,0.16151435673236847,0
ann,3,SR1482_40X_HE_T115_02,0,0.2521094083786011,0
ann,3,SR1482_40X_HE_T118_01,0,0.45683974027633667,0
ann,3,SR1482_40X_HE_T118_02,0,0.7678772807121277,1
ann,3,SR1482_40X_HE_T120_01,0,0.5252008438110352,1
ann,3,SR1482_40X_HE_T120_02,0,0.7233801484107971,1
ann,3,SR1482_40X_HE_T124_01,0,0.7970779538154602,1
ann,3,SR1482_40X_HE_T124_02,0,0.7852082848548889,1
ann,3,SR1482_40X_HE_T138_01,0,0.15647251904010773,0
ann,3,SR1482_40X_HE_T160_01,0,0.22165493667125702,0
ann,3,SR1482_40X_HE_T160_02,0,0.1781667023897171,0
ann,3,SR1482_40X_HE_T167_01,0,0.5993770360946655,1
ann,3,SR1482_40X_HE_T167_02,0,0.7782319188117981,1
ann,3,SR1482_40X_HE_T175_01,0,0.49973323941230774,0
ann,3,SR1482_40X_HE_T175_02,0,0.3058156371116638,0
ann,3,SR1482_40X_HE_T177_01,1,0.3454134464263916,0
ann,3,SR1482_40X_HE_T188_01,0,0.6269406080245972,1
ann,3,SR1482_40X_HE_T195_01,0,0.26698076725006104,0
ann,3,SR1482_40X_HE_T195_02,0,0.22293837368488312,0
ann,3,SR1482_40X_HE_T202_01,0,0.2326849102973938,0
ann,3,SR1482_40X_HE_T202_02,0,0.5613167881965637,1
ann,3,SR1482_40X_HE_T225_01,0,0.8895372748374939,1
ann,3,SR1482_40X_HE_T225_02,0,0.15301468968391418,0
ann,3,SR1482_40X_HE_T235_01,0,0.6153619289398193,1
ann,3,SR1482_40X_HE_T235_02,0,0.1922912448644638,0
ann,3,SR1482_40X_HE_T236_01,0,0.24708540737628937,0
ann,3,SR1482_40X_HE_T236_02,0,0.27514907717704773,0
ann,3,SR1482_40X_HE_T258_01,0,0.1482251137495041,0
ann,3,SR1482_40X_HE_T258_02,0,0.3023684024810791,0
ann,3,SR1482_40X_HE_T284_01,1,0.42362478375434875,0
ann,3,SR1482_40X_HE_T284_02,1,0.9469706416130066,1
ann,3,SR1482_40X_HE_T301_01,1,0.136209636926651,0
ann,3,SR1482_40X_HE_T301_02,1,0.6638326644897461,1
ann,3,SR1482_40X_HE_T309_01,0,0.5600923299789429,1
ann,3,SR1482_40X_HE_T313_01,0,0.5323156118392944,1
ann,3,SR1482_40X_HE_T313_02,0,0.5300413966178894,1
ann,3,SR1482_40X_HE_T338_01,0,0.9082184433937073,1
ann,3,SR1482_40X_HE_T344_01,0,0.5694966912269592,1
ann,3,SR1482_40X_HE_T344_02,0,0.49924322962760925,0
ann,3,SR1482_40X_HE_T346_01,0,0.3434891700744629,0
ann,3,SR1482_40X_HE_T346_02,0,0.36121371388435364,0
ann,3,SR1482_40X_HE_T377_01,0,0.45805054903030396,0
ann,3,SR1482_40X_HE_T377_02,0,0.26479366421699524,0
ann,3,SR1482_40X_HE_T419_01,0,0.39621472358703613,0
ann,3,SR1482_40X_HE_T427_01,0,0.26989951729774475,0
ann,3,SR1482_40X_HE_T427_02,0,0.1637018918991089,0
ann,3,SR386_40X_HE_T007_01,0,0.16159896552562714,0
ann,3,SR386_40X_HE_T015_01,0,0.2872071862220764,0
ann,3,SR386_40X_HE_T017_01,1,0.7112860083580017,1
ann,3,SR386_40X_HE_T032_01,0,0.24114136397838593,0
ann,3,SR386_40X_HE_T034_01,0,0.2574012875556946,0
ann,3,SR386_40X_HE_T035_01,0,0.3007139265537262,0
ann,3,SR386_40X_HE_T041_01,0,0.6930603981018066,1
ann,3,SR386_40X_HE_T067_01,0,0.29807308316230774,0
ann,3,SR386_40X_HE_T075_01,0,0.191931813955307,0
ann,3,SR386_40X_HE_T081_01,0,0.33258774876594543,0
ann,3,SR386_40X_HE_T083_01,0,0.28843954205513,0
ann,3,SR386_40X_HE_T085_01,0,0.25539153814315796,0
ann,3,SR386_40X_HE_T095_01,0,0.5900967121124268,1
ann,3,SR386_40X_HE_T104_01,0,0.3184787631034851,0
ann,3,SR386_40X_HE_T106_01,0,0.25391826033592224,0
ann,3,SR386_40X_HE_T112_01,0,0.4119592010974884,0
ann,3,SR386_40X_HE_T128_01,0,0.3099723160266876,0
ann,3,SR386_40X_HE_T132_01,0,0.515001654624939,1
ann,3,SR386_40X_HE_T138_01,0,0.2707923948764801,0
ann,3,SR386_40X_HE_T142_01,0,0.49956029653549194,0
ann,3,SR386_40X_HE_T149_01,0,0.35169312357902527,0
ann,3,SR386_40X_HE_T165_01,1,0.5560320615768433,1
ann,3,SR386_40X_HE_T179_01,0,0.8796109557151794,1
ann,3,SR386_40X_HE_T180_01,0,0.33391883969306946,0
ann,3,SR386_40X_HE_T182_01,0,0.2648041248321533,0
ann,3,SR386_40X_HE_T184_01,0,0.49220770597457886,0
ann,3,SR386_40X_HE_T188_01,0,0.16928993165493011,0
ann,3,SR386_40X_HE_T191_01,0,0.28171008825302124,0
ann,3,SR386_40X_HE_T197_01,0,0.38632097840309143,0
ann,3,SR386_40X_HE_T201_01,0,0.27803856134414673,0
ann,3,SR386_40X_HE_T202_01,0,0.19329766929149628,0
ann,3,SR386_40X_HE_T208_01,0,0.2152104675769806,0
ann,3,SR386_40X_HE_T216_01,1,0.8197300434112549,1
ann,3,SR386_40X_HE_T238_01,0,0.18647128343582153,0
ann,3,SR386_40X_HE_T244_01,0,0.19822847843170166,0
ann,3,SR386_40X_HE_T248_01,0,0.3024192750453949,0
ann,3,SR386_40X_HE_T249_01,0,0.17620471119880676,0
ann,3,SR386_40X_HE_T250_01,0,0.9294141530990601,1
ann,3,SR386_40X_HE_T263_01,0,0.12945479154586792,0
ann,3,SR386_40X_HE_T267_01,0,0.2774319648742676,0
ann,3,SR386_40X_HE_T269_01,0,0.2586725056171417,0
ann,3,SR386_40X_HE_T277_01,0,0.23085936903953552,0
ann,3,SR386_40X_HE_T286_01,0,0.9422481060028076,1
ann,3,SR386_40X_HE_T287_01,0,0.5440186858177185,1
ann,3,SR386_40X_HE_T290_01,0,0.32523173093795776,0
ann,3,SR386_40X_HE_T293_01,0,0.1811211109161377,0
ann,3,SR386_40X_HE_T298_01,0,0.23962046205997467,0
ann,3,SR386_40X_HE_T303_01,0,0.26575204730033875,0
ann,3,SR386_40X_HE_T312_01,0,0.24682065844535828,0
ann,3,SR386_40X_HE_T329_01,0,0.6829583644866943,1
ann,3,SR386_40X_HE_T336_01,0,0.33663830161094666,0
ann,3,SR386_40X_HE_T338_01,0,0.3665427267551422,0
ann,3,SR386_40X_HE_T342_01,0,0.21780668199062347,0
ann,3,SR386_40X_HE_T353_01,0,0.513154149055481,1
ann,3,SR386_40X_HE_T357_01,0,0.18283569812774658,0
ann,3,SR386_40X_HE_T362_01,0,0.31437012553215027,0
ann,3,SR386_40X_HE_T363_01,1,0.6744389533996582,1
ann,3,SR386_40X_HE_T372_01,0,0.5918126106262207,1
ann,3,SR386_40X_HE_T378_01,0,0.2708025276660919,0
ann,3,SR386_40X_HE_T379_01,0,0.324191153049469,0
ann,3,SR386_40X_HE_T386_01,0,0.5196070671081543,1
ann,3,SR386_40X_HE_T387_01,0,0.5265920162200928,1
ann,3,SR386_40X_HE_T393_01,0,0.1954779177904129,0
ann,3,SR386_40X_HE_T397_01,0,0.4198206663131714,0
ann,3,SR386_40X_HE_T406_01,0,0.6161648035049438,1
ann,3,SR386_40X_HE_T409_01,0,0.2921335995197296,0
ann,3,SR386_40X_HE_T422_01,0,0.17025326192378998,0
ann,3,SR386_40X_HE_T426_01,0,0.22754061222076416,0
ann,3,SR386_40X_HE_T433_01,0,0.3539912700653076,0
ann,3,SR386_40X_HE_T443_01,0,0.4200957417488098,0
ann,3,SR386_40X_HE_T448_01,0,0.45040059089660645,0
ann,3,SR386_40X_HE_T452_01,0,0.42599526047706604,0
ann,3,SR386_40X_HE_T460_01,1,0.38202980160713196,0
ann,3,SR386_40X_HE_T473_01,0,0.31747958064079285,0
ann,3,SR386_40X_HE_T475_01,0,0.3475537598133087,0
ann,3,SR386_40X_HE_T478_01,0,0.19650349020957947,0
ann,3,SR386_40X_HE_T489_01,1,0.18103115260601044,0
ann,3,SR386_40X_HE_T491_01,0,0.6096514463424683,1
ann,3,SR386_40X_HE_T492_01,0,0.1532270908355713,0
ann,3,SR386_40X_HE_T493_01,0,0.42708122730255127,0
ann,3,SR386_40X_HE_T502_01,0,0.3504340648651123,0
ann,3,SR386_40X_HE_T505_01,0,0.3657800257205963,0
ann,3,SR386_40X_HE_T506_01,0,0.28225821256637573,0
ann,3,SR386_40X_HE_T509_01,0,0.2727067470550537,0
ann,3,SR386_40X_HE_T516_01,0,0.4731484055519104,0
ann,3,SR386_40X_HE_T518_01,0,0.14799752831459045,0
ann,3,SR386_40X_HE_T519_01,0,0.4753081500530243,0
ann,3,SR386_40X_HE_T521_01,0,0.21130767464637756,0
ann,3,SR386_40X_HE_T526_01,0,0.22964341938495636,0
ann,3,SR386_40X_HE_T533_01,0,0.26476433873176575,0
ann,3,SR386_40X_HE_T543_01,0,0.232538640499115,0
ann,3,SR386_40X_HE_T544_01,0,0.24024875462055206,0
ann,3,SR386_40X_HE_T556_01,1,0.503023087978363,1
ann,3,SR386_40X_HE_T560_01,0,0.49211058020591736,0
ann,3,SR386_40X_HE_T563_01,0,0.20484620332717896,0
ann,3,SR386_40X_HE_T568_01,0,0.3541194498538971,0
ann,3,SR386_40X_HE_T571_01,0,0.32094213366508484,0
ann,3,SR386_40X_HE_T572_01,0,0.5633994936943054,1
ann,3,SR386_40X_HE_T573_01,0,0.5018349289894104,1
ann,3,SR386_40X_HE_T583_01,0,0.37857362627983093,0
ann,4,SR1482_40X_HE_T002_01,0,0.36086729168891907,0
ann,4,SR1482_40X_HE_T003_01,0,0.34547069668769836,0
ann,4,SR1482_40X_HE_T004_01,0,0.3982240557670593,0
ann,4,SR1482_40X_HE_T004_02,0,0.7153653502464294,1
ann,4,SR1482_40X_HE_T011_01,0,0.300700306892395,0
ann,4,SR1482_40X_HE_T025_01,0,0.5611594915390015,1
ann,4,SR1482_40X_HE_T025_02,0,0.5755358934402466,1
ann,4,SR1482_40X_HE_T060_01,0,0.29468032717704773,0
ann,4,SR1482_40X_HE_T062_01,0,0.28739622235298157,0
ann,4,SR1482_40X_HE_T062_02,0,0.647034764289856,1
ann,4,SR1482_40X_HE_T064_01,0,0.2712588906288147,0
ann,4,SR1482_40X_HE_T064_02,0,0.5175653696060181,1
ann,4,SR1482_40X_HE_T071_01,0,0.7441650629043579,1
ann,4,SR1482_40X_HE_T071_02,0,0.2542833685874939,0
ann,4,SR1482_40X_HE_T074_01,0,0.23270387947559357,0
ann,4,SR1482_40X_HE_T074_02,0,0.19070780277252197,0
ann,4,SR1482_40X_HE_T083_01,0,0.5053635239601135,1
ann,4,SR1482_40X_HE_T083_02,0,0.2809601426124573,0
ann,4,SR1482_40X_HE_T087_01,0,0.47047221660614014,0
ann,4,SR1482_40X_HE_T097_01,1,0.8172313570976257,1
ann,4,SR1482_40X_HE_T097_02,1,0.9643567800521851,1
ann,4,SR1482_40X_HE_T108_01,0,0.2830692529678345,0
ann,4,SR1482_40X_HE_T113_01,0,0.33923399448394775,0
ann,4,SR1482_40X_HE_T113_02,0,0.6041844487190247,1
ann,4,SR1482_40X_HE_T121_01,0,0.23275423049926758,0
ann,4,SR1482_40X_HE_T122_01,0,0.24013470113277435,0
ann,4,SR1482_40X_HE_T125_01,0,0.23164668679237366,0
ann,4,SR1482_40X_HE_T125_02,0,0.1995202898979187,0
ann,4,SR1482_40X_HE_T131_01,0,0.7720134854316711,1
ann,4,SR1482_40X_HE_T131_02,0,0.8159728646278381,1
ann,4,SR1482_40X_HE_T132_01,0,0.5674113035202026,1
ann,4,SR1482_40X_HE_T132_02,0,0.6146538853645325,1
ann,4,SR1482_40X_HE_T143_01,0,0.9245167970657349,1
ann,4,SR1482_40X_HE_T143_02,0,0.700056791305542,1
ann,4,SR1482_40X_HE_T166_01,1,0.2615891098976135,0
ann,4,SR1482_40X_HE_T169_01,0,0.4106939435005188,0
ann,4,SR1482_40X_HE_T176_01,1,0.8792274594306946,1
ann,4,SR1482_40X_HE_T176_02,1,0.8174557089805603,1
ann,4,SR1482_40X_HE_T191_01,0,0.3240108788013458,0
ann,4,SR1482_40X_HE_T194_01,0,0.5691338181495667,1
ann,4,SR1482_40X_HE_T218_01,0,0.29670047760009766,0
ann,4,SR1482_40X_HE_T253_01,0,0.2389877289533615,0
ann,4,SR1482_40X_HE_T290_01,0,0.3008214831352234,0
ann,4,SR1482_40X_HE_T308_01,0,0.15346230566501617,0
ann,4,SR1482_40X_HE_T314_01,0,0.8274257779121399,1
ann,4,SR1482_40X_HE_T314_02,0,0.8973783254623413,1
ann,4,SR1482_40X_HE_T372_01,1,0.3609321117401123,0
ann,4,SR1482_40X_HE_T372_02,1,0.24235431849956512,0
ann,4,SR1482_40X_HE_T408_01,0,0.4697268307209015,0
ann,4,SR1482_40X_HE_T412_01,0,0.3621395528316498,0
ann,4,SR1482_40X_HE_T425_01,0,0.20766745507717133,0
ann,4,SR1482_40X_HE_T434_01,1,0.7314849495887756,1
ann,4,SR386_40X_HE_T006_01,0,0.21536503732204437,0
ann,4,SR386_40X_HE_T010_01,0,0.34726181626319885,0
ann,4,SR386_40X_HE_T014_01,0,0.24562954902648926,0
ann,4,SR386_40X_HE_T016_01,0,0.25285741686820984,0
ann,4,SR386_40X_HE_T020_01,0,0.15576855838298798,0
ann,4,SR386_40X_HE_T027_01,0,0.488827109336853,0
ann,4,SR386_40X_HE_T028_01,0,0.3912663459777832,0
ann,4,SR386_40X_HE_T037_01,0,0.16860827803611755,0
ann,4,SR386_40X_HE_T043_01,0,0.2020331472158432,0
ann,4,SR386_40X_HE_T044_01,1,0.5604258179664612,1
ann,4,SR386_40X_HE_T046_01,0,0.1275993138551712,0
ann,4,SR386_40X_HE_T058_01,0,0.1920526623725891,0
ann,4,SR386_40X_HE_T062_01,0,0.2112046182155609,0
ann,4,SR386_40X_HE_T065_01,1,0.2353520542383194,0
ann,4,SR386_40X_HE_T080_01,0,0.1733877807855606,0
ann,4,SR386_40X_HE_T091_01,0,0.24636630713939667,0
ann,4,SR386_40X_HE_T094_01,0,0.15731938183307648,0
ann,4,SR386_40X_HE_T097_01,0,0.32384130358695984,0
ann,4,SR386_40X_HE_T100_01,0,0.5111339688301086,1
ann,4,SR386_40X_HE_T107_01,0,0.3199819326400757,0
ann,4,SR386_40X_HE_T109_01,1,0.3841553330421448,0
ann,4,SR386_40X_HE_T110_01,0,0.40736499428749084,0
ann,4,SR386_40X_HE_T117_01,0,0.30700773000717163,0
ann,4,SR386_40X_HE_T127_01,0,0.20453223586082458,0
ann,4,SR386_40X_HE_T129_01,0,0.15095777809619904,0
ann,4,SR386_40X_HE_T136_01,0,0.20689617097377777,0
ann,4,SR386_40X_HE_T154_01,0,0.22418072819709778,0
ann,4,SR386_40X_HE_T168_01,1,0.4095844626426697,0
ann,4,SR386_40X_HE_T175_01,0,0.22873525321483612,0
ann,4,SR386_40X_HE_T189_01,0,0.14915485680103302,0
ann,4,SR386_40X_HE_T195_01,0,0.26959919929504395,0
ann,4,SR386_40X_HE_T227_01,0,0.10177314281463623,0
ann,4,SR386_40X_HE_T233_01,0,0.33577650785446167,0
ann,4,SR386_40X_HE_T234_01,0,0.3777696490287781,0
ann,4,SR386_40X_HE_T235_01,0,0.20278020203113556,0
ann,4,SR386_40X_HE_T239_01,0,0.4177492558956146,0
ann,4,SR386_40X_HE_T245_01,0,0.3031603693962097,0
ann,4,SR386_40X_HE_T256_01,0,0.2320311963558197,0
ann,4,SR386_40X_HE_T265_01,0,0.22957190871238708,0
ann,4,SR386_40X_HE_T268_01,0,0.3814135491847992,0
ann,4,SR386_40X_HE_T270_01,0,0.2398035228252411,0
ann,4,SR386_40X_HE_T272_01,0,0.2987283766269684,0
ann,4,SR386_40X_HE_T273_01,0,0.3269925117492676,0
ann,4,SR386_40X_HE_T276_01,0,0.7066391706466675,1
ann,4,SR386_40X_HE_T278_01,1,0.8558712601661682,1
ann,4,SR386_40X_HE_T284_01,0,0.2819049656391144,0
ann,4,SR386_40X_HE_T285_01,0,0.14692869782447815,0
ann,4,SR386_40X_HE_T288_01,0,0.28441092371940613,0
ann,4,SR386_40X_HE_T291_01,0,0.24781034886837006,0
ann,4,SR386_40X_HE_T300_01,0,0.15293794870376587,0
ann,4,SR386_40X_HE_T302_01,0,0.27511122822761536,0
ann,4,SR386_40X_HE_T305_01,0,0.1819523274898529,0
ann,4,SR386_40X_HE_T308_01,0,0.2137317955493927,0
ann,4,SR386_40X_HE_T325_01,0,0.18203029036521912,0
ann,4,SR386_40X_HE_T331_01,0,0.3914388418197632,0
ann,4,SR386_40X_HE_T341_01,0,0.4801001250743866,0
ann,4,SR386_40X_HE_T343_01,1,0.32852044701576233,0
ann,4,SR386_40X_HE_T346_01,0,0.23662561178207397,0
ann,4,SR386_40X_HE_T352_01,0,0.2750816345214844,0
ann,4,SR386_40X_HE_T373_01,0,0.2978605031967163,0
ann,4,SR386_40X_HE_T375_01,0,0.3746623992919922,0
ann,4,SR386_40X_HE_T381_01,0,0.16988340020179749,0
ann,4,SR386_40X_HE_T389_01,0,0.19061988592147827,0
ann,4,SR386_40X_HE_T391_01,0,0.262727290391922,0
ann,4,SR386_40X_HE_T394_01,0,0.5476076602935791,1
ann,4,SR386_40X_HE_T399_01,0,0.29466694593429565,0
ann,4,SR386_40X_HE_T403_01,0,0.18396946787834167,0
ann,4,SR386_40X_HE_T405_01,0,0.3045297861099243,0
ann,4,SR386_40X_HE_T407_01,0,0.19592255353927612,0
ann,4,SR386_40X_HE_T414_01,0,0.44937214255332947,0
ann,4,SR386_40X_HE_T424_01,0,0.5255962014198303,1
ann,4,SR386_40X_HE_T429_01,0,0.5632224678993225,1
ann,4,SR386_40X_HE_T441_01,0,0.8263254165649414,1
ann,4,SR386_40X_HE_T451_01,0,0.6563704013824463,1
ann,4,SR386_40X_HE_T453_01,0,0.19982017576694489,0
ann,4,SR386_40X_HE_T455_01,0,0.3012007176876068,0
ann,4,SR386_40X_HE_T465_01,0,0.1778622567653656,0
ann,4,SR386_40X_HE_T474_01,0,0.3722061812877655,0
ann,4,SR386_40X_HE_T476_01,0,0.36421647667884827,0
ann,4,SR386_40X_HE_T479_01,0,0.17480753362178802,0
ann,4,SR386_40X_HE_T482_01,0,0.2034914195537567,0
ann,4,SR386_40X_HE_T487_01,0,0.12138406187295914,0
ann,4,SR386_40X_HE_T490_01,0,0.35032251477241516,0
ann,4,SR386_40X_HE_T494_01,0,0.24659746885299683,0
ann,4,SR386_40X_HE_T500_01,0,0.26689767837524414,0
ann,4,SR386_40X_HE_T510_01,0,0.29102933406829834,0
ann,4,SR386_40X_HE_T524_01,0,0.63271564245224,1
ann,4,SR386_40X_HE_T528_01,0,0.4720970094203949,0
ann,4,SR386_40X_HE_T532_01,0,0.3477155864238739,0
ann,4,SR386_40X_HE_T534_01,0,0.5313612818717957,1
ann,4,SR386_40X_HE_T536_01,0,0.19230149686336517,0
ann,4,SR386_40X_HE_T537_01,0,0.4586924612522125,0
ann,4,SR386_40X_HE_T541_01,0,0.2523519992828369,0
ann,4,SR386_40X_HE_T548_01,1,0.2476515918970108,0
ann,4,SR386_40X_HE_T550_01,0,0.6384210586547852,1
ann,4,SR386_40X_HE_T551_01,0,0.1366809755563736,0
ann,4,SR386_40X_HE_T557_01,0,0.1956518143415451,0
ann,4,SR386_40X_HE_T565_01,0,0.24587199091911316,0
ann,4,SR386_40X_HE_T567_01,0,0.3197742998600006,0
ann,4,SR386_40X_HE_T575_01,0,0.5841168165206909,1
ann,4,SR386_40X_HE_T576_01,0,0.3095691204071045,0
ann,4,SR386_40X_HE_T581_01,0,0.31812649965286255,0
knn,1,SR1482_40X_HE_T029_01,0,0.3333333333333333,0
knn,1,SR1482_40X_HE_T029_02,0,0.3333333333333333,0
knn,1,SR1482_40X_HE_T057_01,0,0.0,0
knn,1,SR1482_40X_HE_T063_01,1,0.3333333333333333,0
knn,1,SR1482_40X_HE_T063_02,1,0.0,0
knn,1,SR1482_40X_HE_T065_01,0,0.0,0
knn,1,SR1482_40X_HE_T065_02,0,0.0,0
knn,1,SR1482_40X_HE_T066_01,0,0.6666666666666666,1
knn,1,SR1482_40X_HE_T066_02,0,0.0,0
knn,1,SR1482_40X_HE_T068_01,0,0.0,0
knn,1,SR1482_40X_HE_T069_01,0,0.0,0
knn,1,SR1482_40X_HE_T069_02,0,0.0,0
knn,1,SR1482_40X_HE_T079_01,1,0.3333333333333333,0
knn,1,SR1482_40X_HE_T079_02,1,0.3333333333333333,0
knn,1,SR1482_40X_HE_T080_01,0,0.0,0
knn,1,SR1482_40X_HE_T080_02,0,0.3333333333333333,0
knn,1,SR1482_40X_HE_T081_01,0,0.3333333333333333,0
knn,1,SR1482_40X_HE_T081_02,0,0.0,0
knn,1,SR1482_40X_HE_T099_01,0,0.0,0
knn,1,SR1482_40X_HE_T116_01,0,0.3333333333333333,0
knn,1,SR1482_40X_HE_T117_01,0,0.0,0
knn,1,SR1482_40X_HE_T117_02,0,0.3333333333333333,0
knn,1,SR1482_40X_HE_T126_01,0,0.0,0
knn,1,SR1482_40X_HE_T129_01,0,0.3333333333333333,0
knn,1,SR1482_40X_HE_T129_02,0,0.0,0
knn,1,SR1482_40X_HE_T139_01,0,0.0,0
knn,1,SR1482_40X_HE_T139_02,0,0.3333333333333333,0
knn,1,SR1482_40X_HE_T147_01,0,0.6666666666666666,1
knn,1,SR1482_40X_HE_T147_02,0,0.0,0
knn,1,SR1482_40X_HE_T159_01,0,0.0,0
knn,1,SR1482_40X_HE_T159_02,0,0.0,0
knn,1,SR1482_40X_HE_T192_01,0,0.0,0
knn,1,SR1482_40X_HE_T199_01,0,0.0,0
knn,1,SR1482_40X_HE_T304_01,0,0.0,0
knn,1,SR1482_40X_HE_T304_02,0,0.0,0
knn,1,SR1482_40X_HE_T310_01,1,0.3333333333333333,0
knn,1,SR1482_40X_HE_T310_02,1,0.6666666666666666,1
knn,1,SR1482_40X_HE_T341_01,0,0.0,0
knn,1,SR1482_40X_HE_T341_02,0,0.0,0
knn,1,SR1482_40X_HE_T353_01,0,0.0,0
knn,1,SR1482_40X_HE_T390_01,0,0.0,0
knn,1,SR1482_40X_HE_T433_01,1,0.3333333333333333,0
knn,1,SR386_40X_HE_T003_01,0,0.0,0
knn,1,SR386_40X_HE_T004_01,0,0.3333333333333333,0
knn,1,SR386_40X_HE_T022_01,1,0.3333333333333333,0
knn,1,SR386_40X_HE_T030_01,0,0.3333333333333333,0
knn,1,SR386_40X_HE_T033_01,0,0.3333333333333333,0
knn,1,SR386_40X_HE_T036_01,0,0.0,0
knn,1,SR386_40X_HE_T038_01,0,0.0,0
knn,1,SR386_40X_HE_T049_01,0,0.0,0
knn,1,SR386_40X_HE_T050_01,0,0.3333333333333333,0
knn,1,SR386_40X_HE_T060_01,0,0.0,0
knn,1,SR386_40X_HE_T063_01,0,0.3333333333333333,0
knn,1,SR386_40X_HE_T066_01,0,0.0,0
knn,1,SR386_40X_HE_T069_01,0,0.0,0
knn,1,SR386_40X_HE_T072_01,0,0.0,0
knn,1,SR386_40X_HE_T074_01,0,0.0,0
knn,1,SR386_40X_HE_T078_01,0,0.0,0
knn,1,SR386_40X_HE_T079_01,0,0.0,0
knn,1,SR386_40X_HE_T092_01,1,0.0,0
knn,1,SR386_40X_HE_T096_01,0,0.0,0
knn,1,SR386_40X_HE_T099_01,0,0.0,0
knn,1,SR386_40X_HE_T103_01,0,0.0,0
knn,1,SR386_40X_HE_T108_01,0,0.3333333333333333,0
knn,1,SR386_40X_HE_T113_01,0,0.0,0
knn,1,SR386_40X_HE_T114_01,0,0.0,0
knn,1,SR386_40X_HE_T119_01,0,0.0,0
knn,1,SR386_40X_HE_T126_01,0,0.0,0
knn,1,SR386_40X_HE_T130_01,0,0.0,0
knn,1,SR386_40X_HE_T131_01,0,0.0,0
knn,1,SR386_40X_HE_T135_01,0,0.3333333333333333,0
knn,1,SR386_40X_HE_T140_01,0,0.0,0
knn,1,SR386_40X_HE_T144_01,0,0.0,0
knn,1,SR386_40X_HE_T147_01,0,0.0,0
knn,1,SR386_40X_HE_T148_01,0,0.3333333333333333,0
knn,1,SR386_40X_HE_T160_01,0,0.3333333333333333,0
knn,1,SR386_40X_HE_T169_01,0,0.0,0
knn,1,SR386_40X_HE_T170_01,1,0.3333333333333333,0
knn,1,SR386_40X_HE_T172_01,0,0.0,0
knn,1,SR386_40X_HE_T174_01,0,0.0,0
knn,1,SR386_40X_HE_T181_01,0,0.0,0
knn,1,SR386_40X_HE_T196_01,0,0.0,0
knn,1,SR386_40X_HE_T205_01,0,0.0,0
knn,1,SR386_40X_HE_T209_01,0,0.0,0
knn,1,SR386_40X_HE_T210_01,0,0.0,0
knn,1,SR386_40X_HE_T212_01,0,0.0,0
knn,1,SR386_40X_HE_T221_01,0,0.0,0
knn,1,SR386_40X_HE_T224_01,0,0.0,0
knn,1,SR386_40X_HE_T231_01,1,0.0,0
knn,1,SR386_40X_HE_T232_01,0,0.0,0
knn,1,SR386_40X_HE_T247_01,0,0.0,0
knn,1,SR386_40X_HE_T252_01,0,0.0,0
knn,1,SR386_40X_HE_T255_01,0,0.0,0
knn,1,SR386_40X_HE_T259_01,1,0.0,0
knn,1,SR386_40X_HE_T274_01,0,0.0,0
knn,1,SR386_40X_HE_T275_01,0,0.0,0
knn,1,SR386_40X_HE_T282_01,0,0.0,0
knn,1,SR386_40X_HE_T294_01,0,0.6666666666666666,1
knn,1,SR386_40X_HE_T311_01,0,0.0,0
knn,1,SR386_40X_HE_T315_01,0,0.0,0
knn,1,SR386_40X_HE_T319_01,1,0.0,0
knn,1,SR386_40X_HE_T324_01,1,0.0,0
knn,1,SR386_40X_HE_T330_01,0,0.0,0
knn,1,SR386_40X_HE_T333_01,0,0.0,0
knn,1,SR386_40X_HE_T335_01,0,0.0,0
knn,1,SR386_40X_HE_T337_01,0,0.0,0
knn,1,SR386_40X_HE_T344_01,0,0.0,0
knn,1,SR386_40X_HE_T347_01,0,0.0,0
knn,1,SR386_40X_HE_T350_01,0,0.0,0
knn,1,SR386_40X_HE_T351_01,0,0.0,0
knn,1,SR386_40X_HE_T360_01,0,0.0,0
knn,1,SR386_40X_HE_T361_01,0,0.0,0
knn,1,SR386_40X_HE_T366_01,0,0.0,0
knn,1,SR386_40X_HE_T377_01,1,0.0,0
knn,1,SR386_40X_HE_T384_01,0,0.0,0
knn,1,SR386_40X_HE_T395_01,0,0.0,0
knn,1,SR386_40X_HE_T396_01,0,0.0,0
knn,1,SR386_40X_HE_T401_01,0,0.0,0
knn,1,SR386_40X_HE_T408_01,0,0.0,0
knn,1,SR386_40X_HE_T410_01,0,0.0,0
knn,1,SR386_40X_HE_T413_01,0,0.0,0
knn,1,SR386_40X_HE_T416_01,0,0.0,0
knn,1,SR386_40X_HE_T418_01,0,0.0,0
knn,1,SR386_40X_HE_T419_01,0,0.0,0
knn,1,SR386_40X_HE_T421_01,0,0.3333333333333333,0
knn,1,SR386_40X_HE_T423_01,0,0.0,0
knn,1,SR386_40X_HE_T428_01,0,0.0,0
knn,1,SR386_40X_HE_T430_01,0,0.3333333333333333,0
knn,1,SR386_40X_HE_T431_01,0,0.0,0
knn,1,SR386_40X_HE_T435_01,0,0.0,0
knn,1,SR386_40X_HE_T438_01,0,0.3333333333333333,0
knn,1,SR386_40X_HE_T439_01,0,0.0,0
knn,1,SR386_40X_HE_T447_01,0,0.0,0
knn,1,SR386_40X_HE_T449_01,0,0.0,0
knn,1,SR386_40X_HE_T454_01,0,0.0,0
knn,1,SR386_40X_HE_T456_01,0,0.0,0
knn,1,SR386_40X_HE_T461_01,0,0.0,0
knn,1,SR386_40X_HE_T462_01,0,0.0,0
knn,1,SR386_40X_HE_T468_01,0,0.0,0
knn,1,SR386_40X_HE_T469_01,1,0.0,0
knn,1,SR386_40X_HE_T470_01,0,0.0,0
knn,1,SR386_40X_HE_T471_01,0,0.0,0
knn,1,SR386_40X_HE_T477_01,0,0.0,0
knn,1,SR386_40X_HE_T480_01,0,0.3333333333333333,0
knn,1,SR386_40X_HE_T484_01,0,0.0,0
knn,1,SR386_40X_HE_T495_01,0,0.0,0
knn,1,SR386_40X_HE_T496_01,0,0.0,0
knn,1,SR386_40X_HE_T498_01,0,0.3333333333333333,0
knn,1,SR386_40X_HE_T504_01,0,0.0,0
knn,1,SR386_40X_HE_T511_01,0,0.0,0
knn,1,SR386_40X_HE_T517_01,0,0.3333333333333333,0
knn,1,SR386_40X_HE_T523_01,0,0.0,0
knn,1,SR386_40X_HE_T529_01,0,0.0,0
knn,1,SR386_40X_HE_T542_01,0,0.0,0
knn,1,SR386_40X_HE_T569_01,0,0.0,0
knn,1,SR386_40X_HE_T582_01,0,0.0,0
knn,2,SR1482_40X_HE_T009_01,0,0.0,0
knn,2,SR1482_40X_HE_T009_02,0,0.0,0
knn,2,SR1482_40X_HE_T015_01,0,0.0,0
knn,2,SR1482_40X_HE_T021_01,0,0.0,0
knn,2,SR1482_40X_HE_T067_01,0,0.0,0
knn,2,SR1482_40X_HE_T075_01,0,0.0,0
knn,2,SR1482_40X_HE_T075_02,0,0.0,0
knn,2,SR1482_40X_HE_T098_01,0,0.0,0
knn,2,SR1482_40X_HE_T098_02,0,0.0,0
knn,2,SR1482_40X_HE_T102_01,0,0.3333333333333333,0
knn,2,SR1482_40X_HE_T123_01,0,0.0,0
knn,2,SR1482_40X_HE_T142_01,0,0.0,0
knn,2,SR1482_40X_HE_T146_01,0,0.0,0
knn,2,SR1482_40X_HE_T148_01,0,0.3333333333333333,0
knn,2,SR1482_40X_HE_T148_02,0,0.0,0
knn,2,SR1482_40X_HE_T154_01,0,0.0,0
knn,2,SR1482_40X_HE_T158_01,0,0.0,0
knn,2,SR1482_40X_HE_T161_01,0,0.0,0
knn,2,SR1482_40X_HE_T161_02,0,0.0,0
knn,2,SR1482_40X_HE_T164_01,1,0.0,0
knn,2,SR1482_40X_HE_T164_02,1,0.3333333333333333,0
knn,2,SR1482_40X_HE_T168_01,0,0.0,0
knn,2,SR1482_40X_HE_T171_01,0,0.0,0
knn,2,SR1482_40X_HE_T171_02,0,0.0,0
knn,2,SR1482_40X_HE_T178_01,1,0.0,0
knn,2,SR1482_40X_HE_T186_01,0,0.0,0
knn,2,SR1482_40X_HE_T193_01,0,0.3333333333333333,0
knn,2,SR1482_40X_HE_T193_02,0,0.3333333333333333,0
knn,2,SR1482_40X_HE_T209_01,0,0.0,0
knn,2,SR1482_40X_HE_T209_02,0,0.0,0
knn,2,SR1482_40X_HE_T245_01,0,0.0,0
knn,2,SR1482_40X_HE_T245_02,0,0.0,0
knn,2,SR1482_40X_HE_T265_01,0,0.0,0
knn,2,SR1482_40X_HE_T302_01,0,0.0,0
knn,2,SR1482_40X_HE_T343_01,1,0.0,0
knn,2,SR1482_40X_HE_T343_02,1,0.0,0
knn,2,SR1482_40X_HE_T399_01,0,0.0,0
knn,2,SR1482_40X_HE_T399_02,0,0.3333333333333333,0
knn,2,SR1482_40X_HE_T426_01,0,0.3333333333333333,0
knn,2,SR1482_40X_HE_T426_02,0,0.3333333333333333,0
knn,2,SR386_40X_HE_T001_01,0,0.0,0
knn,2,SR386_40X_HE_T013_01,0,0.0,0
knn,2,SR386_40X_HE_T018_01,0,0.0,0
knn,2,SR386_40X_HE_T019_01,0,0.0,0
knn,2,SR386_40X_HE_T024_01,0,0.0,0
knn,2,SR386_40X_HE_T039_01,0,0.0,0
knn,2,SR386_40X_HE_T040_01,1,0.3333333333333333,0
knn,2,SR386_40X_HE_T042_01,0,0.3333333333333333,0
knn,2,SR386_40X_HE_T047_01,0,0.0,0
knn,2,SR386_40X_HE_T051_01,0,0.0,0
knn,2,SR386_40X_HE_T052_01,0,0.0,0
knn,2,SR386_40X_HE_T056_01,0,0.0,0
knn,2,SR386_40X_HE_T057_01,0,0.0,0
knn,2,SR386_40X_HE_T070_01,0,0.0,0
knn,2,SR386_40X_HE_T082_01,0,0.0,0
knn,2,SR386_40X_HE_T084_01,0,0.0,0
knn,2,SR386_40X_HE_T087_01,0,0.0,0
knn,2,SR386_40X_HE_T088_01,0,0.0,0
knn,2,SR386_40X_HE_T098_01,0,0.0,0
knn,2,SR386_40X_HE_T105_01,0,0.3333333333333333,0
knn,2,SR386_40X_HE_T122_01,0,0.0,0
knn,2,SR386_40X_HE_T123_01,0,0.0,0
knn,2,SR386_40X_HE_T133_01,0,0.0,0
knn,2,SR386_40X_HE_T145_01,0,0.0,0
knn,2,SR386_40X_HE_T150_01,0,0.3333333333333333,0
knn,2,SR386_40X_HE_T152_01,0,0.3333333333333333,0
knn,2,SR386_40X_HE_T155_01,0,0.0,0
knn,2,SR386_40X_HE_T157_01,0,0.0,0
knn,2,SR386_40X_HE_T164_01,0,0.3333333333333333,0
knn,2,SR386_40X_HE_T166_01,0,0.3333333333333333,0
knn,2,SR386_40X_HE_T176_01,1,0.6666666666666666,1
knn,2,SR386_40X_HE_T177_01,0,0.0,0
knn,2,SR386_40X_HE_T178_01,0,0.0,0
knn,2,SR386_40X_HE_T187_01,0,0.0,0
knn,2,SR386_40X_HE_T190_01,0,0.0,0
knn,2,SR386_40X_HE_T192_01,0,0.0,0
knn,2,SR386_40X_HE_T198_01,0,0.0,0
knn,2,SR386_40X_HE_T200_01,0,0.0,0
knn,2,SR386_40X_HE_T206_01,1,0.0,0
knn,2,SR386_40X_HE_T211_01,0,0.0,0
knn,2,SR386_40X_HE_T213_01,0,0.0,0
knn,2,SR386_40X_HE_T214_01,0,0.0,0
knn,2,SR386_40X_HE_T220_01,0,0.0,0
knn,2,SR386_40X_HE_T230_01,1,0.0,0
knn,2,SR386_40X_HE_T236_01,0,0.3333333333333333,0
knn,2,SR386_40X_HE_T237_01,0,0.0,0
knn,2,SR386_40X_HE_T240_01,0,0.0,0
knn,2,SR386_40X_HE_T241_01,0,0.3333333333333333,0
knn,2,SR386_40X_HE_T242_01,0,0.0,0
knn,2,SR386_40X_HE_T253_01,0,0.0,0
knn,2,SR386_40X_HE_T260_01,0,0.0,0
knn,2,SR386_40X_HE_T262_01,0,0.0,0
knn,2,SR386_40X_HE_T264_01,0,0.3333333333333333,0
knn,2,SR386_40X_HE_T271_01,0,0.0,0
knn,2,SR386_40X_HE_T281_01,0,0.0,0
knn,2,SR386_40X_HE_T297_01,0,0.0,0
knn,2,SR386_40X_HE_T299_01,0,0.0,0
knn,2,SR386_40X_HE_T301_01,0,0.3333333333333333,0
knn,2,SR386_40X_HE_T306_01,0,0.0,0
knn,2,SR386_40X_HE_T309_01,0,0.0,0
knn,2,SR386_40X_HE_T314_01,0,0.0,0
knn,2,SR386_40X_HE_T316_01,0,0.3333333333333333,0
knn,2,SR386_40X_HE_T318_01,0,0.0,0
knn,2,SR386_40X_HE_T321_01,0,0.0,0
knn,2,SR386_40X_HE_T326_01,0,0.0,0
knn,2,SR386_40X_HE_T327_01,0,0.0,0
knn,2,SR386_40X_HE_T332_01,1,0.0,0
knn,2,SR386_40X_HE_T355_01,0,0.0,0
knn,2,SR386_40X_HE_T364_01,0,0.0,0
knn,2,SR386_40X_HE_T368_01,1,0.0,0
knn,2,SR386_40X_HE_T374_01,0,0.0,0
knn,2,SR386_40X_HE_T380_01,0,0.0,0
knn,2,SR386_40X_HE_T382_01,0,0.0,0
knn,2,SR386_40X_HE_T392_01,0,0.0,0
knn,2,SR386_40X_HE_T398_01,0,0.3333333333333333,0
knn,2,SR386_40X_HE_T402_01,1,0.0,0
knn,2,SR386_40X_HE_T404_01,0,0.0,0
knn,2,SR386_40X_HE_T415_01,0,0.0,0
knn,2,SR386_40X_HE_T417_01,0,0.0,0
knn,2,SR386_40X_HE_T425_01,0,0.3333333333333333,0
knn,2,SR386_40X_HE_T436_01,1,0.3333333333333333,0
knn,2,SR386_40X_HE_T437_01,0,0.0,0
knn,2,SR386_40X_HE_T440_01,0,0.3333333333333333,0
knn,2,SR386_40X_HE_T445_01,0,0.0,0
knn,2,SR386_40X_HE_T450_01,0,0.0,0
knn,2,SR386_40X_HE_T459_01,0,0.0,0
knn,2,SR386_40X_HE_T472_01,0,0.0,0
knn,2,SR386_40X_HE_T481_01,0,0.3333333333333333,0
knn,2,SR386_40X_HE_T483_01,0,0.0,0
knn,2,SR386_40X_HE_T486_01,0,0.0,0
knn,2,SR386_40X_HE_T488_01,0,0.0,0
knn,2,SR386_40X_HE_T499_01,0,0.0,0
knn,2,SR386_40X_HE_T507_01,0,0.3333333333333333,0
knn,2,SR386_40X_HE_T514_01,0,0.0,0
knn,2,SR386_40X_HE_T520_01,1,0.3333333333333333,0
knn,2,SR386_40X_HE_T522_01,0,0.0,0
knn,2,SR386_40X_HE_T531_01,0,0.0,0
knn,2,SR386_40X_HE_T535_01,0,0.0,0
knn,2,SR386_40X_HE_T539_01,0,0.0,0
knn,2,SR386_40X_HE_T549_01,0,0.0,0
knn,2,SR386_40X_HE_T552_01,0,0.0,0
knn,2,SR386_40X_HE_T553_01,0,0.0,0
knn,2,SR386_40X_HE_T554_01,0,0.6666666666666666,1
knn,2,SR386_40X_HE_T558_01,0,0.0,0
knn,2,SR386_40X_HE_T564_01,0,0.0,0
knn,2,SR386_40X_HE_T570_01,0,0.0,0
knn,2,SR386_40X_HE_T574_01,0,0.3333333333333333,0
knn,2,SR386_40X_HE_T578_01,0,0.0,0
knn,2,SR386_40X_HE_T580_01,0,0.0,0
knn,3,SR1482_40X_HE_T005_01,0,0.0,0
knn,3,SR1482_40X_HE_T005_02,0,0.0,0
knn,3,SR1482_40X_HE_T010_01,0,0.0,0
knn,3,SR1482_40X_HE_T043_01,0,0.3333333333333333,0
knn,3,SR1482_40X_HE_T043_02,0,0.0,0
knn,3,SR1482_40X_HE_T049_01,0,0.0,0
knn,3,SR1482_40X_HE_T061_01,0,0.3333333333333333,0
knn,3,SR1482_40X_HE_T061_02,0,0.0,0
knn,3,SR1482_40X_HE_T070_01,1,0.0,0
knn,3,SR1482_40X_HE_T073_01,0,0.0,0
knn,3,SR1482_40X_HE_T082_01,0,0.0,0
knn,3,SR1482_40X_HE_T082_02,0,0.0,0
knn,3,SR1482_40X_HE_T089_01,0,0.3333333333333333,0
knn,3,SR1482_40X_HE_T090_01,0,0.0,0
knn,3,SR1482_40X_HE_T094_01,1,0.0,0
knn,3,SR1482_40X_HE_T094_02,1,0.0,0
knn,3,SR1482_40X_HE_T105_01,0,0.0,0
knn,3,SR1482_40X_HE_T115_01,0,0.0,0
knn,3,SR1482_40X_HE_T115_02,0,0.0,0
knn,3,SR1482_40X_HE_T118_01,0,0.6666666666666666,1
knn,3,SR1482_40X_HE_T118_02,0,0.0,0
knn,3,SR1482_40X_HE_T120_01,0,0.0,0
knn,3,SR1482_40X_HE_T120_02,0,0.6666666666666666,1
knn,3,SR1482_40X_HE_T124_01,0,0.3333333333333333,0
knn,3,SR1482_40X_HE_T124_02,0,0.3333333333333333,0
knn,3,SR1482_40X_HE_T138_01,0,0.0,0
knn,3,SR1482_40X_HE_T160_01,0,0.0,0
knn,3,SR1482_40X_HE_T160_02,0,0.0,0
knn,3,SR1482_40X_HE_T167_01,0,0.0,0
knn,3,SR1482_40X_HE_T167_02,0,0.0,0
knn,3,SR1482_40X_HE_T175_01,0,0.0,0
knn,3,SR1482_40X_HE_T175_02,0,0.0,0
knn,3,SR1482_40X_HE_T177_01,1,0.0,0
knn,3,SR1482_40X_HE_T188_01,0,0.3333333333333333,0
knn,3,SR1482_40X_HE_T195_01,0,0.3333333333333333,0
knn,3,SR1482_40X_HE_T195_02,0,0.0,0
knn,3,SR1482_40X_HE_T202_01,0,0.0,0
knn,3,SR1482_40X_HE_T202_02,0,0.0,0
knn,3,SR1482_40X_HE_T225_01,0,0.3333333333333333,0
knn,3,SR1482_40X_HE_T225_02,0,0.0,0
knn,3,SR1482_40X_HE_T235_01,0,0.0,0
knn,3,SR1482_40X_HE_T235_02,0,0.0,0
knn,3,SR1482_40X_HE_T236_01,0,0.0,0
knn,3,SR1482_40X_HE_T236_02,0,0.0,0
knn,3,SR1482_40X_HE_T258_01,0,0.0,0
knn,3,SR1482_40X_HE_T258_02,0,0.0,0
knn,3,SR1482_40X_HE_T284_01,1,0.0,0
knn,3,SR1482_40X_HE_T284_02,1,0.6666666666666666,1
knn,3,SR1482_40X_HE_T301_01,1,0.0,0
knn,3,SR1482_40X_HE_T301_02,1,0.3333333333333333,0
knn,3,SR1482_40X_HE_T309_01,0,0.0,0
knn,3,SR1482_40X_HE_T313_01,0,0.0,0
knn,3,SR1482_40X_HE_T313_02,0,0.0,0
knn,3,SR1482_40X_HE_T338_01,0,0.3333333333333333,0
knn,3,SR1482_40X_HE_T344_01,0,0.0,0
knn,3,SR1482_40X_HE_T344_02,0,0.3333333333333333,0
knn,3,SR1482_40X_HE_T346_01,0,0.0,0
knn,3,SR1482_40X_HE_T346_02,0,0.0,0
knn,3,SR1482_40X_HE_T377_01,0,0.0,0
knn,3,SR1482_40X_HE_T377_02,0,0.0,0
knn,3,SR1482_40X_HE_T419_01,0,0.0,0
knn,3,SR1482_40X_HE_T427_01,0,0.0,0
knn,3,SR1482_40X_HE_T427_02,0,0.0,0
knn,3,SR386_40X_HE_T007_01,0,0.0,0
knn,3,SR386_40X_HE_T015_01,0,0.0,0
knn,3,SR386_40X_HE_T017_01,1,0.3333333333333333,0
knn,3,SR386_40X_HE_T032_01,0,0.0,0
knn,3,SR386_40X_HE_T034_01,0,0.0,0
knn,3,SR386_40X_HE_T035_01,0,0.0,0
knn,3,SR386_40X_HE_T041_01,0,0.6666666666666666,1
knn,3,SR386_40X_HE_T067_01,0,0.0,0
knn,3,SR386_40X_HE_T075_01,0,0.0,0
knn,3,SR386_40X_HE_T081_01,0,0.3333333333333333,0
knn,3,SR386_40X_HE_T083_01,0,0.0,0
knn,3,SR386_40X_HE_T085_01,0,0.0,0
knn,3,SR386_40X_HE_T095_01,0,0.0,0
knn,3,SR386_40X_HE_T104_01,0,0.3333333333333333,0
knn,3,SR386_40X_HE_T106_01,0,0.0,0
knn,3,SR386_40X_HE_T112_01,0,0.0,0
knn,3,SR386_40X_HE_T128_01,0,0.0,0
knn,3,SR386_40X_HE_T132_01,0,0.0,0
knn,3,SR386_40X_HE_T138_01,0,0.3333333333333333,0
knn,3,SR386_40X_HE_T142_01,0,0.0,0
knn,3,SR386_40X_HE_T149_01,0,0.0,0
knn,3,SR386_40X_HE_T165_01,1,0.0,0
knn,3,SR386_40X_HE_T179_01,0,0.0,0
knn,3,SR386_40X_HE_T180_01,0,0.0,0
knn,3,SR386_40X_HE_T182_01,0,0.0,0
knn,3,SR386_40X_HE_T184_01,0,0.0,0
knn,3,SR386_40X_HE_T188_01,0,0.0,0
knn,3,SR386_40X_HE_T191_01,0,0.3333333333333333,0
knn,3,SR386_40X_HE_T197_01,0,0.3333333333333333,0
knn,3,SR386_40X_HE_T201_01,0,0.0,0
knn,3,SR386_40X_HE_T202_01,0,0.0,0
knn,3,SR386_40X_HE_T208_01,0,0.0,0
knn,3,SR386_40X_HE_T216_01,1,0.0,0
knn,3,SR386_40X_HE_T238_01,0,0.0,0
knn,3,SR386_40X_HE_T244_01,0,0.0,0
knn,3,SR386_40X_HE_T248_01,0,0.0,0
knn,3,SR386_40X_HE_T249_01,0,0.0,0
knn,3,SR386_40X_HE_T250_01,0,0.0,0
knn,3,SR386_40X_HE_T263_01,0,0.0,0
knn,3,SR386_40X_HE_T267_01,0,0.0,0
knn,3,SR386_40X_HE_T269_01,0,0.0,0
knn,3,SR386_40X_HE_T277_01,0,0.0,0
knn,3,SR386_40X_HE_T286_01,0,0.0,0
knn,3,SR386_40X_HE_T287_01,0,0.0,0
knn,3,SR386_40X_HE_T290_01,0,0.0,0
knn,3,SR386_40X_HE_T293_01,0,0.3333333333333333,0
knn,3,SR386_40X_HE_T298_01,0,0.0,0
knn,3,SR386_40X_HE_T303_01,0,0.0,0
knn,3,SR386_40X_HE_T312_01,0,0.0,0
knn,3,SR386_40X_HE_T329_01,0,0.0,0
knn,3,SR386_40X_HE_T336_01,0,0.0,0
knn,3,SR386_40X_HE_T338_01,0,0.0,0
knn,3,SR386_40X_HE_T342_01,0,0.0,0
knn,3,SR386_40X_HE_T353_01,0,0.0,0
knn,3,SR386_40X_HE_T357_01,0,0.0,0
knn,3,SR386_40X_HE_T362_01,0,0.0,0
knn,3,SR386_40X_HE_T363_01,1,0.0,0
knn,3,SR386_40X_HE_T372_01,0,0.0,0
knn,3,SR386_40X_HE_T378_01,0,0.0,0
knn,3,SR386_40X_HE_T379_01,0,0.0,0
knn,3,SR386_40X_HE_T386_01,0,0.0,0
knn,3,SR386_40X_HE_T387_01,0,0.0,0
knn,3,SR386_40X_HE_T393_01,0,0.0,0
knn,3,SR386_40X_HE_T397_01,0,0.0,0
knn,3,SR386_40X_HE_T406_01,0,0.0,0
knn,3,SR386_40X_HE_T409_01,0,0.0,0
knn,3,SR386_40X_HE_T422_01,0,0.0,0
knn,3,SR386_40X_HE_T426_01,0,0.0,0
knn,3,SR386_40X_HE_T433_01,0,0.0,0
knn,3,SR386_40X_HE_T443_01,0,0.0,0
knn,3,SR386_40X_HE_T448_01,0,0.0,0
knn,3,SR386_40X_HE_T452_01,0,0.0,0
knn,3,SR386_40X_HE_T460_01,1,0.3333333333333333,0
knn,3,SR386_40X_HE_T473_01,0,0.0,0
knn,3,SR386_40X_HE_T475_01,0,0.0,0
knn,3,SR386_40X_HE_T478_01,0,0.0,0
knn,3,SR386_40X_HE_T489_01,1,0.0,0
knn,3,SR386_40X_HE_T491_01,0,0.0,0
knn,3,SR386_40X_HE_T492_01,0,0.0,0
knn,3,SR386_40X_HE_T493_01,0,0.0,0
knn,3,SR386_40X_HE_T502_01,0,0.3333333333333333,0
knn,3,SR386_40X_HE_T505_01,0,0.0,0
knn,3,SR386_40X_HE_T506_01,0,0.0,0
knn,3,SR386_40X_HE_T509_01,0,0.3333333333333333,0
knn,3,SR386_40X_HE_T516_01,0,0.0,0
knn,3,SR386_40X_HE_T518_01,0,0.0,0
knn,3,SR386_40X_HE_T519_01,0,0.0,0
knn,3,SR386_40X_HE_T521_01,0,0.0,0
knn,3,SR386_40X_HE_T526_01,0,0.0,0
knn,3,SR386_40X_HE_T533_01,0,0.0,0
knn,3,SR386_40X_HE_T543_01,0,0.0,0
knn,3,SR386_40X_HE_T544_01,0,0.0,0
knn,3,SR386_40X_HE_T556_01,1,0.0,0
knn,3,SR386_40X_HE_T560_01,0,0.0,0
knn,3,SR386_40X_HE_T563_01,0,0.0,0
knn,3,SR386_40X_HE_T568_01,0,0.0,0
knn,3,SR386_40X_HE_T571_01,0,0.3333333333333333,0
knn,3,SR386_40X_HE_T572_01,0,0.0,0
knn,3,SR386_40X_HE_T573_01,0,0.3333333333333333,0
knn,3,SR386_40X_HE_T583_01,0,0.3333333333333333,0
knn,4,SR1482_40X_HE_T002_01,0,0.0,0
knn,4,SR1482_40X_HE_T003_01,0,0.0,0
knn,4,SR1482_40X_HE_T004_01,0,0.0,0
knn,4,SR1482_40X_HE_T004_02,0,0.0,0
knn,4,SR1482_40X_HE_T011_01,0,0.2,0
knn,4,SR1482_40X_HE_T025_01,0,0.4,0
knn,4,SR1482_40X_HE_T025_02,0,0.6,1
knn,4,SR1482_40X_HE_T060_01,0,0.0,0
knn,4,SR1482_40X_HE_T062_01,0,0.2,0
knn,4,SR1482_40X_HE_T062_02,0,0.2,0
knn,4,SR1482_40X_HE_T064_01,0,0.2,0
knn,4,SR1482_40X_HE_T064_02,0,0.0,0
knn,4,SR1482_40X_HE_T071_01,0,0.2,0
knn,4,SR1482_40X_HE_T071_02,0,0.0,0
knn,4,SR1482_40X_HE_T074_01,0,0.4,0
knn,4,SR1482_40X_HE_T074_02,0,0.0,0
knn,4,SR1482_40X_HE_T083_01,0,0.4,0
knn,4,SR1482_40X_HE_T083_02,0,0.2,0
knn,4,SR1482_40X_HE_T087_01,0,0.0,0
knn,4,SR1482_40X_HE_T097_01,1,0.4,0
knn,4,SR1482_40X_HE_T097_02,1,0.2,0
knn,4,SR1482_40X_HE_T108_01,0,0.0,0
knn,4,SR1482_40X_HE_T113_01,0,0.2,0
knn,4,SR1482_40X_HE_T113_02,0,0.0,0
knn,4,SR1482_40X_HE_T121_01,0,0.0,0
knn,4,SR1482_40X_HE_T122_01,0,0.0,0
knn,4,SR1482_40X_HE_T125_01,0,0.0,0
knn,4,SR1482_40X_HE_T125_02,0,0.2,0
knn,4,SR1482_40X_HE_T131_01,0,0.4,0
knn,4,SR1482_40X_HE_T131_02,0,0.0,0
knn,4,SR1482_40X_HE_T132_01,0,0.2,0
knn,4,SR1482_40X_HE_T132_02,0,0.2,0
knn,4,SR1482_40X_HE_T143_01,0,0.0,0
knn,4,SR1482_40X_HE_T143_02,0,0.4,0
knn,4,SR1482_40X_HE_T166_01,1,0.0,0
knn,4,SR1482_40X_HE_T169_01,0,0.0,0
knn,4,SR1482_40X_HE_T176_01,1,0.6,1
knn,4,SR1482_40X_HE_T176_02,1,0.2,0
knn,4,SR1482_40X_HE_T191_01,0,0.0,0
knn,4,SR1482_40X_HE_T194_01,0,0.4,0
knn,4,SR1482_40X_HE_T218_01,0,0.0,0
knn,4,SR1482_40X_HE_T253_01,0,0.0,0
knn,4,SR1482_40X_HE_T290_01,0,0.0,0
knn,4,SR1482_40X_HE_T308_01,0,0.2,0
knn,4,SR1482_40X_HE_T314_01,0,0.4,0
knn,4,SR1482_40X_HE_T314_02,0,0.4,0
knn,4,SR1482_40X_HE_T372_01,1,0.4,0
knn,4,SR1482_40X_HE_T372_02,1,0.0,0
knn,4,SR1482_40X_HE_T408_01,0,0.0,0
knn,4,SR1482_40X_HE_T412_01,0,0.0,0
knn,4,SR1482_40X_HE_T425_01,0,0.0,0
knn,4,SR1482_40X_HE_T434_01,1,0.2,0
knn,4,SR386_40X_HE_T006_01,0,0.0,0
knn,4,SR386_40X_HE_T010_01,0,0.0,0
knn,4,SR386_40X_HE_T014_01,0,0.0,0
knn,4,SR386_40X_HE_T016_01,0,0.0,0
knn,4,SR386_40X_HE_T020_01,0,0.0,0
knn,4,SR386_40X_HE_T027_01,0,0.0,0
knn,4,SR386_40X_HE_T028_01,0,0.0,0
knn,4,SR386_40X_HE_T037_01,0,0.0,0
knn,4,SR386_40X_HE_T043_01,0,0.0,0
knn,4,SR386_40X_HE_T044_01,1,0.2,0
knn,4,SR386_40X_HE_T046_01,0,0.0,0
knn,4,SR386_40X_HE_T058_01,0,0.0,0
knn,4,SR386_40X_HE_T062_01,0,0.0,0
knn,4,SR386_40X_HE_T065_01,1,0.0,0
knn,4,SR386_40X_HE_T080_01,0,0.0,0
knn,4,SR386_40X_HE_T091_01,0,0.0,0
knn,4,SR386_40X_HE_T094_01,0,0.0,0
knn,4,SR386_40X_HE_T097_01,0,0.0,0
knn,4,SR386_40X_HE_T100_01,0,0.0,0
knn,4,SR386_40X_HE_T107_01,0,0.0,0
knn,4,SR386_40X_HE_T109_01,1,0.2,0
knn,4,SR386_40X_HE_T110_01,0,0.0,0
knn,4,SR386_40X_HE_T117_01,0,0.0,0
knn,4,SR386_40X_HE_T127_01,0,0.0,0
knn,4,SR386_40X_HE_T129_01,0,0.0,0
knn,4,SR386_40X_HE_T136_01,0,0.0,0
knn,4,SR386_40X_HE_T154_01,0,0.0,0
knn,4,SR386_40X_HE_T168_01,1,0.0,0
knn,4,SR386_40X_HE_T175_01,0,0.0,0
knn,4,SR386_40X_HE_T189_01,0,0.0,0
knn,4,SR386_40X_HE_T195_01,0,0.0,0
knn,4,SR386_40X_HE_T227_01,0,0.0,0
knn,4,SR386_40X_HE_T233_01,0,0.0,0
knn,4,SR386_40X_HE_T234_01,0,0.2,0
knn,4,SR386_40X_HE_T235_01,0,0.0,0
knn,4,SR386_40X_HE_T239_01,0,0.2,0
knn,4,SR386_40X_HE_T245_01,0,0.0,0
knn,4,SR386_40X_HE_T256_01,0,0.2,0
knn,4,SR386_40X_HE_T265_01,0,0.0,0
knn,4,SR386_40X_HE_T268_01,0,0.0,0
knn,4,SR386_40X_HE_T270_01,0,0.0,0
knn,4,SR386_40X_HE_T272_01,0,0.0,0
knn,4,SR386_40X_HE_T273_01,0,0.2,0
knn,4,SR386_40X_HE_T276_01,0,0.4,0
knn,4,SR386_40X_HE_T278_01,1,0.0,0
knn,4,SR386_40X_HE_T284_01,0,0.0,0
knn,4,SR386_40X_HE_T285_01,0,0.2,0
knn,4,SR386_40X_HE_T288_01,0,0.0,0
knn,4,SR386_40X_HE_T291_01,0,0.0,0
knn,4,SR386_40X_HE_T300_01,0,0.0,0
knn,4,SR386_40X_HE_T302_01,0,0.0,0
knn,4,SR386_40X_HE_T305_01,0,0.0,0
knn,4,SR386_40X_HE_T308_01,0,0.2,0
knn,4,SR386_40X_HE_T325_01,0,0.0,0
knn,4,SR386_40X_HE_T331_01,0,0.2,0
knn,4,SR386_40X_HE_T341_01,0,0.0,0
knn,4,SR386_40X_HE_T343_01,1,0.0,0
knn,4,SR386_40X_HE_T346_01,0,0.0,0
knn,4,SR386_40X_HE_T352_01,0,0.0,0
knn,4,SR386_40X_HE_T373_01,0,0.0,0
knn,4,SR386_40X_HE_T375_01,0,0.2,0
knn,4,SR386_40X_HE_T381_01,0,0.0,0
knn,4,SR386_40X_HE_T389_01,0,0.0,0
knn,4,SR386_40X_HE_T391_01,0,0.0,0
knn,4,SR386_40X_HE_T394_01,0,0.2,0
knn,4,SR386_40X_HE_T399_01,0,0.2,0
knn,4,SR386_40X_HE_T403_01,0,0.0,0
knn,4,SR386_40X_HE_T405_01,0,0.2,0
knn,4,SR386_40X_HE_T407_01,0,0.0,0
knn,4,SR386_40X_HE_T414_01,0,0.0,0
knn,4,SR386_40X_HE_T424_01,0,0.2,0
knn,4,SR386_40X_HE_T429_01,0,0.2,0
knn,4,SR386_40X_HE_T441_01,0,0.0,0
knn,4,SR386_40X_HE_T451_01,0,0.0,0
knn,4,SR386_40X_HE_T453_01,0,0.4,0
knn,4,SR386_40X_HE_T455_01,0,0.0,0
knn,4,SR386_40X_HE_T465_01,0,0.0,0
knn,4,SR386_40X_HE_T474_01,0,0.2,0
knn,4,SR386_40X_HE_T476_01,0,0.2,0
knn,4,SR386_40X_HE_T479_01,0,0.0,0
knn,4,SR386_40X_HE_T482_01,0,0.2,0
knn,4,SR386_40X_HE_T487_01,0,0.0,0
knn,4,SR386_40X_HE_T490_01,0,0.0,0
knn,4,SR386_40X_HE_T494_01,0,0.0,0
knn,4,SR386_40X_HE_T500_01,0,0.2,0
knn,4,SR386_40X_HE_T510_01,0,0.0,0
knn,4,SR386_40X_HE_T524_01,0,0.2,0
knn,4,SR386_40X_HE_T528_01,0,0.0,0
knn,4,SR386_40X_HE_T532_01,0,0.0,0
knn,4,SR386_40X_HE_T534_01,0,0.0,0
knn,4,SR386_40X_HE_T536_01,0,0.0,0
knn,4,SR386_40X_HE_T537_01,0,0.0,0
knn,4,SR386_40X_HE_T541_01,0,0.0,0
knn,4,SR386_40X_HE_T548_01,1,0.0,0
knn,4,SR386_40X_HE_T550_01,0,0.0,0
knn,4,SR386_40X_HE_T551_01,0,0.0,0
knn,4,SR386_40X_HE_T557_01,0,0.0,0
knn,4,SR386_40X_HE_T565_01,0,0.0,0
knn,4,SR386_40X_HE_T567_01,0,0.0,0
knn,4,SR386_40X_HE_T575_01,0,0.4,0
knn,4,SR386_40X_HE_T576_01,0,0.0,0
knn,4,SR386_40X_HE_T581_01,0,0.0,0
proto,1,SR1482_40X_HE_T029_01,0,0.5094825029373169,1
proto,1,SR1482_40X_HE_T029_02,0,0.5073328018188477,1
proto,1,SR1482_40X_HE_T057_01,0,0.4999799430370331,0
proto,1,SR1482_40X_HE_T063_01,1,0.5127772688865662,1
proto,1,SR1482_40X_HE_T063_02,1,0.5083919763565063,1
proto,1,SR1482_40X_HE_T065_01,0,0.5033290386199951,1
proto,1,SR1482_40X_HE_T065_02,0,0.5035955309867859,1
proto,1,SR1482_40X_HE_T066_01,0,0.5117053389549255,1
proto,1,SR1482_40X_HE_T066_02,0,0.5125056505203247,1
proto,1,SR1482_40X_HE_T068_01,0,0.49292194843292236,0
proto,1,SR1482_40X_HE_T069_01,0,0.5081942677497864,1
proto,1,SR1482_40X_HE_T069_02,0,0.5138254165649414,1
proto,1,SR1482_40X_HE_T079_01,1,0.5077936053276062,1
proto,1,SR1482_40X_HE_T079_02,1,0.5089527368545532,1
proto,1,SR1482_40X_HE_T080_01,0,0.5035452246665955,1
proto,1,SR1482_40X_HE_T080_02,0,0.5077639222145081,1
proto,1,SR1482_40X_HE_T081_01,0,0.49902939796447754,0
proto,1,SR1482_40X_HE_T081_02,0,0.5022198557853699,1
proto,1,SR1482_40X_HE_T099_01,0,0.4928240180015564,0
proto,1,SR1482_40X_HE_T116_01,0,0.5135842561721802,1
proto,1,SR1482_40X_HE_T117_01,0,0.5164768695831299,1
proto,1,SR1482_40X_HE_T117_02,0,0.5125184655189514,1
proto,1,SR1482_40X_HE_T126_01,0,0.5107982158660889,1
proto,1,SR1482_40X_HE_T129_01,0,0.5022053718566895,1
proto,1,SR1482_40X_HE_T129_02,0,0.5116752982139587,1
proto,1,SR1482_40X_HE_T139_01,0,0.5154674053192139,1
proto,1,SR1482_40X_HE_T139_02,0,0.5144715905189514,1
proto,1,SR1482_40X_HE_T147_01,0,0.518380880355835,1
proto,1,SR1482_40X_HE_T147_02,0,0.5161623358726501,1
proto,1,SR1482_40X_HE_T159_01,0,0.5116839408874512,1
proto,1,SR1482_40X_HE_T159_02,0,0.5093005299568176,1
proto,1,SR1482_40X_HE_T192_01,0,0.5002330541610718,1
proto,1,SR1482_40X_HE_T199_01,0,0.5073320269584656,1
proto,1,SR1482_40X_HE_T304_01,0,0.5092568397521973,1
proto,1,SR1482_40X_HE_T304_02,0,0.5094677209854126,1
proto,1,SR1482_40X_HE_T310_01,1,0.5090797543525696,1
proto,1,SR1482_40X_HE_T310_02,1,0.5074443817138672,1
proto,1,SR1482_40X_HE_T341_01,0,0.4939030408859253,0
proto,1,SR1482_40X_HE_T341_02,0,0.5055123567581177,1
proto,1,SR1482_40X_HE_T353_01,0,0.4980747103691101,0
proto,1,SR1482_40X_HE_T390_01,0,0.4939890205860138,0
proto,1,SR1482_40X_HE_T433_01,1,0.5153639316558838,1
proto,1,SR386_40X_HE_T003_01,0,0.48428043723106384,0
proto,1,SR386_40X_HE_T004_01,0,0.48752903938293457,0
proto,1,SR386_40X_HE_T022_01,1,0.4941737651824951,0
proto,1,SR386_40X_HE_T030_01,0,0.48954227566719055,0
proto,1,SR386_40X_HE_T033_01,0,0.4879971146583557,0
proto,1,SR386_40X_HE_T036_01,0,0.4918889105319977,0
proto,1,SR386_40X_HE_T038_01,0,0.488334059715271,0
proto,1,SR386_40X_HE_T049_01,0,0.4833645224571228,0
proto,1,SR386_40X_HE_T050_01,0,0.49862560629844666,0
proto,1,SR386_40X_HE_T060_01,0,0.4904234707355499,0
proto,1,SR386_40X_HE_T063_01,0,0.49075740575790405,0
proto,1,SR386_40X_HE_T066_01,0,0.4864482283592224,0
proto,1,SR386_40X_HE_T069_01,0,0.49268051981925964,0
proto,1,SR386_40X_HE_T072_01,0,0.4874766767024994,0
proto,1,SR386_40X_HE_T074_01,0,0.4855142831802368,0
proto,1,SR386_40X_HE_T078_01,0,0.486502468585968,0
proto,1,SR386_40X_HE_T079_01,0,0.4823954403400421,0
proto,1,SR386_40X_HE_T092_01,1,0.491565465927124,0
proto,1,SR386_40X_HE_T096_01,0,0.48141130805015564,0
proto,1,SR386_40X_HE_T099_01,0,0.5057896375656128,1
proto,1,SR386_40X_HE_T103_01,0,0.49112457036972046,0
proto,1,SR386_40X_HE_T108_01,0,0.4876209795475006,0
proto,1,SR386_40X_HE_T113_01,0,0.48930230736732483,0
proto,1,SR386_40X_HE_T114_01,0,0.48459696769714355,0
proto,1,SR386_40X_HE_T119_01,0,0.4863099753856659,0
proto,1,SR386_40X_HE_T126_01,0,0.4894355535507202,0
proto,1,SR386_40X_HE_T130_01,0,0.4858177900314331,0
proto,1,SR386_40X_HE_T131_01,0,0.4875986576080322,0
proto,1,SR386_40X_HE_T135_01,0,0.492794394493103,0
proto,1,SR386_40X_HE_T140_01,0,0.48663780093193054,0
proto,1,SR386_40X_HE_T144_01,0,0.49557584524154663,0
proto,1,SR386_40X_HE_T147_01,0,0.4944842457771301,0
proto,1,SR386_40X_HE_T148_01,0,0.4922323524951935,0
proto,1,SR386_40X_HE_T160_01,0,0.4831952154636383,0
proto,1,SR386_40X_HE_T169_01,0,0.4889500141143799,0
proto,1,SR386_40X_HE_T170_01,1,0.48730605840682983,0
proto,1,SR386_40X_HE_T172_01,0,0.4863887429237366,0
proto,1,SR386_40X_HE_T174_01,0,0.4865063428878784,0
proto,1,SR386_40X_HE_T181_01,0,0.4901677072048187,0
proto,1,SR386_40X_HE_T196_01,0,0.49381116032600403,0
proto,1,SR386_40X_HE_T205_01,0,0.496345192193985,0
proto,1,SR386_40X_HE_T209_01,0,0.4848184287548065,0
proto,1,SR386_40X_HE_T210_01,0,0.49647027254104614,0
proto,1,SR386_40X_HE_T212_01,0,0.49108028411865234,0
proto,1,SR386_40X_HE_T221_01,0,0.48692867159843445,0
proto,1,SR386_40X_HE_T224_01,0,0.49404001235961914,0
proto,1,SR386_40X_HE_T231_01,1,0.5055266618728638,1
proto,1,SR386_40X_HE_T232_01,0,0.48295557498931885,0
proto,1,SR386_40X_HE_T247_01,0,0.49281802773475647,0
proto,1,SR386_40X_HE_T252_01,0,0.48462003469467163,0
proto,1,SR386_40X_HE_T255_01,0,0.5052422285079956,1
proto,1,SR386_40X_HE_T259_01,1,0.4906420409679413,0
proto,1,SR386_40X_HE_T274_01,0,0.48484084010124207,0
proto,1,SR386_40X_HE_T275_01,0,0.4911102056503296,0
proto,1,SR386_40X_HE_T282_01,0,0.4847812056541443,0
proto,1,SR386_40X_HE_T294_01,0,0.49315598607063293,0
proto,1,SR386_40X_HE_T311_01,0,0.48819229006767273,0
proto,1,SR386_40X_HE_T315_01,0,0.49369049072265625,0
proto,1,SR386_40X_HE_T319_01,1,0.48383381962776184,0
proto,1,SR386_40X_HE_T324_01,1,0.492497980594635,0
proto,1,SR386_40X_HE_T330_01,0,0.49269989132881165,0
proto,1,SR386_40X_HE_T333_01,0,0.48655855655670166,0
proto,1,SR386_40X_HE_T335_01,0,0.4962104260921478,0
proto,1,SR386_40X_HE_T337_01,0,0.49170026183128357,0
proto,1,SR386_40X_HE_T344_01,0,0.48650288581848145,0
proto,1,SR386_40X_HE_T347_01,0,0.48330923914909363,0
proto,1,SR386_40X_HE_T350_01,0,0.48820239305496216,0
proto,1,SR386_40X_HE_T351_01,0,0.504372775554657,1
proto,1,SR386_40X_HE_T360_01,0,0.4907136559486389,0
proto,1,SR386_40X_HE_T361_01,0,0.5046766400337219,1
proto,1,SR386_40X_HE_T366_01,0,0.4901977777481079,0
proto,1,SR386_40X_HE_T377_01,1,0.48837628960609436,0
proto,1,SR386_40X_HE_T384_01,0,0.48285120725631714,0
proto,1,SR386_40X_HE_T395_01,0,0.4997015595436096,0
proto,1,SR386_40X_HE_T396_01,0,0.48565733432769775,0
proto,1,SR386_40X_HE_T401_01,0,0.49518442153930664,0
proto,1,SR386_40X_HE_T408_01,0,0.4853154122829437,0
proto,1,SR386_40X_HE_T410_01,0,0.487137109041214,0
proto,1,SR386_40X_HE_T413_01,0,0.49441036581993103,0
proto,1,SR386_40X_HE_T416_01,0,0.5013025999069214,1
proto,1,SR386_40X_HE_T418_01,0,0.49405762553215027,0
proto,1,SR386_40X_HE_T419_01,0,0.4900473654270172,0
proto,1,SR386_40X_HE_T421_01,0,0.495691180229187,0
proto,1,SR386_40X_HE_T423_01,0,0.49156835675239563,0
proto,1,SR386_40X_HE_T428_01,0,0.49495288729667664,0
proto,1,SR386_40X_HE_T430_01,0,0.48728397488594055,0
proto,1,SR386_40X_HE_T431_01,0,0.4848397672176361,0
proto,1,SR386_40X_HE_T435_01,0,0.49005624651908875,0
proto,1,SR386_40X_HE_T438_01,0,0.48977580666542053,0
proto,1,SR386_40X_HE_T439_01,0,0.4999132752418518,0
proto,1,SR386_40X_HE_T447_01,0,0.4897080659866333,0
proto,1,SR386_40X_HE_T449_01,0,0.48792847990989685,0
proto,1,SR386_40X_HE_T454_01,0,0.48324739933013916,0
proto,1,SR386_40X_HE_T456_01,0,0.4864036738872528,0
proto,1,SR386_40X_HE_T461_01,0,0.49403318762779236,0
proto,1,SR386_40X_HE_T462_01,0,0.4885445535182953,0
proto,1,SR386_40X_HE_T468_01,0,0.48427531123161316,0
proto,1,SR386_40X_HE_T469_01,1,0.5025346875190735,1
proto,1,SR386_40X_HE_T470_01,0,0.48967236280441284,0
proto,1,SR386_40X_HE_T471_01,0,0.4894239008426666,0
proto,1,SR386_40X_HE_T477_01,0,0.4913617670536041,0
proto,1,SR386_40X_HE_T480_01,0,0.49328455328941345,0
proto,1,SR386_40X_HE_T484_01,0,0.48670634627342224,0
proto,1,SR386_40X_HE_T495_01,0,0.48231709003448486,0
proto,1,SR386_40X_HE_T496_01,0,0.4852653443813324,0
proto,1,SR386_40X_HE_T498_01,0,0.4945579767227173,0
proto,1,SR386_40X_HE_T504_01,0,0.4879104197025299,0
proto,1,SR386_40X_HE_T511_01,0,0.49104222655296326,0
proto,1,SR386_40X_HE_T517_01,0,0.4920250475406647,0
proto,1,SR386_40X_HE_T523_01,0,0.4869280755519867,0
proto,1,SR386_40X_HE_T529_01,0,0.4822228252887726,0
proto,1,SR386_40X_HE_T542_01,0,0.49407491087913513,0
proto,1,SR386_40X_HE_T569_01,0,0.4909924864768982,0
proto,1,SR386_40X_HE_T582_01,0,0.49019932746887207,0
proto,2,SR1482_40X_HE_T009_01,0,0.5037977695465088,1
proto,2,SR1482_40X_HE_T009_02,0,0.5014396905899048,1
proto,2,SR1482_40X_HE_T015_01,0,0.5029206275939941,1
proto,2,SR1482_40X_HE_T021_01,0,0.5053492784500122,1
proto,2,SR1482_40X_HE_T067_01,0,0.4983554184436798,0
proto,2,SR1482_40X_HE_T075_01,0,0.5052328109741211,1
proto,2,SR1482_40X_HE_T075_02,0,0.5044806599617004,1
proto,2,SR1482_40X_HE_T098_01,0,0.5114427208900452,1
proto,2,SR1482_40X_HE_T098_02,0,0.5104954838752747,1
proto,2,SR1482_40X_HE_T102_01,0,0.5032171607017517,1
proto,2,SR1482_40X_HE_T123_01,0,0.5014424920082092,1
proto,2,SR1482_40X_HE_T142_01,0,0.49207940697669983,0
proto,2,SR1482_40X_HE_T146_01,0,0.5092954039573669,1
proto,2,SR1482_40X_HE_T148_01,0,0.5174029469490051,1
proto,2,SR1482_40X_HE_T148_02,0,0.5110012888908386,1
proto,2,SR1482_40X_HE_T154_01,0,0.4994298219680786,0
proto,2,SR1482_40X_HE_T158_01,0,0.500809907913208,1
proto,2,SR1482_40X_HE_T161_01,0,0.5118290781974792,1
proto,2,SR1482_40X_HE_T161_02,0,0.5100623369216919,1
proto,2,SR1482_40X_HE_T164_01,1,0.5112559795379639,1
proto,2,SR1482_40X_HE_T164_02,1,0.5125712156295776,1
proto,2,SR1482_40X_HE_T168_01,0,0.500365674495697,1
proto,2,SR1482_40X_HE_T171_01,0,0.5041142702102661,1
proto,2,SR1482_40X_HE_T171_02,0,0.5114642977714539,1
proto,2,SR1482_40X_HE_T178_01,1,0.5082299709320068,1
proto,2,SR1482_40X_HE_T186_01,0,0.5022559762001038,1
proto,2,SR1482_40X_HE_T193_01,0,0.5078304409980774,1
proto,2,SR1482_40X_HE_T193_02,0,0.5171167850494385,1
proto,2,SR1482_40X_HE_T209_01,0,0.5038084983825684,1
proto,2,SR1482_40X_HE_T209_02,0,0.5036312341690063,1
proto,2,SR1482_40X_HE_T245_01,0,0.5120314359664917,1
proto,2,SR1482_40X_HE_T245_02,0,0.5092235207557678,1
proto,2,SR1482_40X_HE_T265_01,0,0.4960077404975891,0
proto,2,SR1482_40X_HE_T302_01,0,0.5102027058601379,1
proto,2,SR1482_40X_HE_T343_01,1,0.5145363211631775,1
proto,2,SR1482_40X_HE_T343_02,1,0.5090169906616211,1
proto,2,SR1482_40X_HE_T399_01,0,0.5152105689048767,1
proto,2,SR1482_40X_HE_T399_02,0,0.5066909790039062,1
proto,2,SR1482_40X_HE_T426_01,0,0.5037117004394531,1
proto,2,SR1482_40X_HE_T426_02,0,0.5053487420082092,1
proto,2,SR386_40X_HE_T001_01,0,0.4840150773525238,0
proto,2,SR386_40X_HE_T013_01,0,0.48798757791519165,0
proto,2,SR386_40X_HE_T018_01,0,0.48887965083122253,0
proto,2,SR386_40X_HE_T019_01,0,0.48713552951812744,0
proto,2,SR386_40X_HE_T024_01,0,0.4876982569694519,0
proto,2,SR386_40X_HE_T039_01,0,0.480076402425766,0
proto,2,SR386_40X_HE_T040_01,1,0.48737645149230957,0
proto,2,SR386_40X_HE_T042_01,0,0.4871154725551605,0
proto,2,SR386_40X_HE_T047_01,0,0.4905606508255005,0
proto,2,SR386_40X_HE_T051_01,0,0.4824869632720947,0
proto,2,SR386_40X_HE_T052_01,0,0.4882957339286804,0
proto,2,SR386_40X_HE_T056_01,0,0.48316478729248047,0
proto,2,SR386_40X_HE_T057_01,0,0.487465500831604,0
proto,2,SR386_40X_HE_T070_01,0,0.48151490092277527,0
proto,2,SR386_40X_HE_T082_01,0,0.49327683448791504,0
proto,2,SR386_40X_HE_T084_01,0,0.5072353482246399,1
proto,2,SR386_40X_HE_T087_01,0,0.4942367374897003,0
proto,2,SR386_40X_HE_T088_01,0,0.49112749099731445,0
proto,2,SR386_40X_HE_T098_01,0,0.4903410077095032,0
proto,2,SR386_40X_HE_T105_01,0,0.48467326164245605,0
proto,2,SR386_40X_HE_T122_01,0,0.49131375551223755,0
proto,2,SR386_40X_HE_T123_01,0,0.4932578206062317,0
proto,2,SR386_40X_HE_T133_01,0,0.4868263900279999,0
proto,2,SR386_40X_HE_T145_01,0,0.4861936867237091,0
proto,2,SR386_40X_HE_T150_01,0,0.49103137850761414,0
proto,2,SR386_40X_HE_T152_01,0,0.4883289039134979,0
proto,2,SR386_40X_HE_T155_01,0,0.48454946279525757,0
proto,2,SR386_40X_HE_T157_01,0,0.49369746446609497,0
proto,2,SR386_40X_HE_T164_01,0,0.4870835542678833,0
proto,2,SR386_40X_HE_T166_01,0,0.48892301321029663,0
proto,2,SR386_40X_HE_T176_01,1,0.48843300342559814,0
proto,2,SR386_40X_HE_T177_01,0,0.4946964979171753,0
proto,2,SR386_40X_HE_T178_01,0,0.4872751832008362,0
proto,2,SR386_40X_HE_T187_01,0,0.49190419912338257,0
proto,2,SR386_40X_HE_T190_01,0,0.4817647337913513,0
proto,2,SR386_40X_HE_T192_01,0,0.49046558141708374,0
proto,2,SR386_40X_HE_T198_01,0,0.4958254098892212,0
proto,2,SR386_40X_HE_T200_01,0,0.49044883251190186,0
proto,2,SR386_40X_HE_T206_01,1,0.4890112578868866,0
proto,2,SR386_40X_HE_T211_01,0,0.49367621541023254,0
proto,2,SR386_40X_HE_T213_01,0,0.49799907207489014,0
proto,2,SR386_40X_HE_T214_01,0,0.4998410642147064,0
proto,2,SR386_40X_HE_T220_01,0,0.49601250886917114,0
proto,2,SR386_40X_HE_T230_01,1,0.4925712049007416,0
proto,2,SR386_40X_HE_T236_01,0,0.48709025979042053,0
proto,2,SR386_40X_HE_T237_01,0,0.4913192391395569,0
proto,2,SR386_40X_HE_T240_01,0,0.4906947910785675,0
proto,2,SR386_40X_HE_T241_01,0,0.4868609309196472,0
proto,2,SR386_40X_HE_T242_01,0,0.4865109920501709,0
proto,2,SR386_40X_HE_T253_01,0,0.48609206080436707,0
proto,2,SR386_40X_HE_T260_01,0,0.5027896761894226,1
proto,2,SR386_40X_HE_T262_01,0,0.5049670934677124,1
proto,2,SR386_40X_HE_T264_01,0,0.4977276027202606,0
proto,2,SR386_40X_HE_T271_01,0,0.4932648539543152,0
proto,2,SR386_40X_HE_T281_01,0,0.4872191846370697,0
proto,2,SR386_40X_HE_T297_01,0,0.4853212237358093,0
proto,2,SR386_40X_HE_T299_01,0,0.48167237639427185,0
proto,2,SR386_40X_HE_T301_01,0,0.48384055495262146,0
proto,2,SR386_40X_HE_T306_01,0,0.48926854133605957,0
proto,2,SR386_40X_HE_T309_01,0,0.48336857557296753,0
proto,2,SR386_40X_HE_T314_01,0,0.4930454194545746,0
proto,2,SR386_40X_HE_T316_01,0,0.4989146888256073,0
proto,2,SR386_40X_HE_T318_01,0,0.5080252289772034,1
proto,2,SR386_40X_HE_T321_01,0,0.49043941497802734,0
proto,2,SR386_40X_HE_T326_01,0,0.4858737289905548,0
proto,2,SR386_40X_HE_T327_01,0,0.4800599217414856,0
proto,2,SR386_40X_HE_T332_01,1,0.49338895082473755,0
proto,2,SR386_40X_HE_T355_01,0,0.4956163465976715,0
proto,2,SR386_40X_HE_T364_01,0,0.490744024515152,0
proto,2,SR386_40X_HE_T368_01,1,0.49885672330856323,0
proto,2,SR386_40X_HE_T374_01,0,0.48099401593208313,0
proto,2,SR386_40X_HE_T380_01,0,0.48440122604370117,0
proto,2,SR386_40X_HE_T382_01,0,0.4819256067276001,0
proto,2,SR386_40X_HE_T392_01,0,0.48312076926231384,0
proto,2,SR386_40X_HE_T398_01,0,0.4864688217639923,0
proto,2,SR386_40X_HE_T402_01,1,0.5061953067779541,1
proto,2,SR386_40X_HE_T404_01,0,0.48266708850860596,0
proto,2,SR386_40X_HE_T415_01,0,0.48580706119537354,0
proto,2,SR386_40X_HE_T417_01,0,0.48457270860671997,0
proto,2,SR386_40X_HE_T425_01,0,0.4841978847980499,0
proto,2,SR386_40X_HE_T436_01,1,0.4904012978076935,0
proto,2,SR386_40X_HE_T437_01,0,0.4944862127304077,0
proto,2,SR386_40X_HE_T440_01,0,0.49751701951026917,0
proto,2,SR386_40X_HE_T445_01,0,0.48396795988082886,0
proto,2,SR386_40X_HE_T450_01,0,0.4903065264225006,0
proto,2,SR386_40X_HE_T459_01,0,0.49745339155197144,0
proto,2,SR386_40X_HE_T472_01,0,0.4878712296485901,0
proto,2,SR386_40X_HE_T481_01,0,0.4914109408855438,0
proto,2,SR386_40X_HE_T483_01,0,0.5000265836715698,1
proto,2,SR386_40X_HE_T486_01,0,0.4829983413219452,0
proto,2,SR386_40X_HE_T488_01,0,0.4937492311000824,0
proto,2,SR386_40X_HE_T499_01,0,0.5047498941421509,1
proto,2,SR386_40X_HE_T507_01,0,0.49997735023498535,0
proto,2,SR386_40X_HE_T514_01,0,0.48511654138565063,0
proto,2,SR386_40X_HE_T520_01,1,0.4849136173725128,0
proto,2,SR386_40X_HE_T522_01,0,0.4863162934780121,0
proto,2,SR386_40X_HE_T531_01,0,0.4858294427394867,0
proto,2,SR386_40X_HE_T535_01,0,0.4931660294532776,0
proto,2,SR386_40X_HE_T539_01,0,0.48572564125061035,0
proto,2,SR386_40X_HE_T549_01,0,0.4969201683998108,0
proto,2,SR386_40X_HE_T552_01,0,0.4942595064640045,0
proto,2,SR386_40X_HE_T553_01,0,0.4867139756679535,0
proto,2,SR386_40X_HE_T554_01,0,0.49117711186408997,0
proto,2,SR386_40X_HE_T558_01,0,0.4818978011608124,0
proto,2,SR386_40X_HE_T564_01,0,0.4982821047306061,0
proto,2,SR386_40X_HE_T570_01,0,0.4888993501663208,0
proto,2,SR386_40X_HE_T574_01,0,0.48183321952819824,0
proto,2,SR386_40X_HE_T578_01,0,0.48704269528388977,0
proto,2,SR386_40X_HE_T580_01,0,0.49022769927978516,0
proto,3,SR1482_40X_HE_T005_01,0,0.504958987236023,1
proto,3,SR1482_40X_HE_T005_02,0,0.5107616186141968,1
proto,3,SR1482_40X_HE_T010_01,0,0.49808597564697266,0
proto,3,SR1482_40X_HE_T043_01,0,0.5062787532806396,1
proto,3,SR1482_40X_HE_T043_02,0,0.5083504319190979,1
proto,3,SR1482_40X_HE_T049_01,0,0.5037878155708313,1
proto,3,SR1482_40X_HE_T061_01,0,0.5143742561340332,1
proto,3,SR1482_40X_HE_T061_02,0,0.5132209062576294,1
proto,3,SR1482_40X_HE_T070_01,1,0.5126333236694336,1
proto,3,SR1482_40X_HE_T073_01,0,0.5049496293067932,1
proto,3,SR1482_40X_HE_T082_01,0,0.5091840624809265,1
proto,3,SR1482_40X_HE_T082_02,0,0.5126638412475586,1
proto,3,SR1482_40X_HE_T089_01,0,0.4972612261772156,0
proto,3,SR1482_40X_HE_T090_01,0,0.496561735868454,0
proto,3,SR1482_40X_HE_T094_01,1,0.5152485370635986,1
proto,3,SR1482_40X_HE_T094_02,1,0.5138070583343506,1
proto,3,SR1482_40X_HE_T105_01,0,0.5005362629890442,1
proto,3,SR1482_40X_HE_T115_01,0,0.5018796324729919,1
proto,3,SR1482_40X_HE_T115_02,0,0.5013328194618225,1
proto,3,SR1482_40X_HE_T118_01,0,0.5110746622085571,1
proto,3,SR1482_40X_HE_T118_02,0,0.5120927095413208,1
proto,3,SR1482_40X_HE_T120_01,0,0.5111183524131775,1
proto,3,SR1482_40X_HE_T120_02,0,0.5111192464828491,1
proto,3,SR1482_40X_HE_T124_01,0,0.5104080438613892,1
proto,3,SR1482_40X_HE_T124_02,0,0.5108180046081543,1
proto,3,SR1482_40X_HE_T138_01,0,0.4998704493045807,0
proto,3,SR1482_40X_HE_T160_01,0,0.509295642375946,1
proto,3,SR1482_40X_HE_T160_02,0,0.508673369884491,1
proto,3,SR1482_40X_HE_T167_01,0,0.5102939605712891,1
proto,3,SR1482_40X_HE_T167_02,0,0.5002115964889526,1
proto,3,SR1482_40X_HE_T175_01,0,0.5160946249961853,1
proto,3,SR1482_40X_HE_T175_02,0,0.5118288993835449,1
proto,3,SR1482_40X_HE_T177_01,1,0.5065615773200989,1
proto,3,SR1482_40X_HE_T188_01,0,0.5041916966438293,1
proto,3,SR1482_40X_HE_T195_01,0,0.5087479948997498,1
proto,3,SR1482_40X_HE_T195_02,0,0.5102907419204712,1
proto,3,SR1482_40X_HE_T202_01,0,0.512511670589447,1
proto,3,SR1482_40X_HE_T202_02,0,0.5105840563774109,1
proto,3,SR1482_40X_HE_T225_01,0,0.5149373412132263,1
proto,3,SR1482_40X_HE_T225_02,0,0.49975189566612244,0
proto,3,SR1482_40X_HE_T235_01,0,0.5061185359954834,1
proto,3,SR1482_40X_HE_T235_02,0,0.5105155110359192,1
proto,3,SR1482_40X_HE_T236_01,0,0.5108826160430908,1
proto,3,SR1482_40X_HE_T236_02,0,0.508441150188446,1
proto,3,SR1482_40X_HE_T258_01,0,0.5093094706535339,1
proto,3,SR1482_40X_HE_T258_02,0,0.5092610716819763,1
proto,3,SR1482_40X_HE_T284_01,1,0.5115047693252563,1
proto,3,SR1482_40X_HE_T284_02,1,0.5081062912940979,1
proto,3,SR1482_40X_HE_T301_01,1,0.5083197355270386,1
proto,3,SR1482_40X_HE_T301_02,1,0.5103548765182495,1
proto,3,SR1482_40X_HE_T309_01,0,0.5134326815605164,1
proto,3,SR1482_40X_HE_T313_01,0,0.5102510452270508,1
proto,3,SR1482_40X_HE_T313_02,0,0.5137381553649902,1
proto,3,SR1482_40X_HE_T338_01,0,0.5112313628196716,1
proto,3,SR1482_40X_HE_T344_01,0,0.5026682615280151,1
proto,3,SR1482_40X_HE_T344_02,0,0.5092135667800903,1
proto,3,SR1482_40X_HE_T346_01,0,0.50862717628479,1
proto,3,SR1482_40X_HE_T346_02,0,0.5099971890449524,1
proto,3,SR1482_40X_HE_T377_01,0,0.5118775367736816,1
proto,3,SR1482_40X_HE_T377_02,0,0.5067603588104248,1
proto,3,SR1482_40X_HE_T419_01,0,0.5024722814559937,1
proto,3,SR1482_40X_HE_T427_01,0,0.5083485245704651,1
proto,3,SR1482_40X_HE_T427_02,0,0.508342981338501,1
proto,3,SR386_40X_HE_T007_01,0,0.48690491914749146,0
proto,3,SR386_40X_HE_T015_01,0,0.48574164509773254,0
proto,3,SR386_40X_HE_T017_01,1,0.4927394986152649,0
proto,3,SR386_40X_HE_T032_01,0,0.48510032892227173,0
proto,3,SR386_40X_HE_T034_01,0,0.48584631085395813,0
proto,3,SR386_40X_HE_T035_01,0,0.485539048910141,0
proto,3,SR386_40X_HE_T041_01,0,0.48811596632003784,0
proto,3,SR386_40X_HE_T067_01,0,0.48361673951148987,0
proto,3,SR386_40X_HE_T075_01,0,0.4844312369823456,0
proto,3,SR386_40X_HE_T081_01,0,0.49197617173194885,0
proto,3,SR386_40X_HE_T083_01,0,0.48789915442466736,0
proto,3,SR386_40X_HE_T085_01,0,0.48194703459739685,0
proto,3,SR386_40X_HE_T095_01,0,0.4952520430088043,0
proto,3,SR386_40X_HE_T104_01,0,0.48760342597961426,0
proto,3,SR386_40X_HE_T106_01,0,0.48652714490890503,0
proto,3,SR386_40X_HE_T112_01,0,0.4852624535560608,0
proto,3,SR386_40X_HE_T128_01,0,0.4827307462692261,0
proto,3,SR386_40X_HE_T132_01,0,0.49153926968574524,0
proto,3,SR386_40X_HE_T138_01,0,0.486908495426178,0
proto,3,SR386_40X_HE_T142_01,0,0.4922875463962555,0
proto,3,SR386_40X_HE_T149_01,0,0.48942816257476807,0
proto,3,SR386_40X_HE_T165_01,1,0.48614171147346497,0
proto,3,SR386_40X_HE_T179_01,0,0.4955163300037384,0
proto,3,SR386_40X_HE_T180_01,0,0.4954906404018402,0
proto,3,SR386_40X_HE_T182_01,0,0.4874502122402191,0
proto,3,SR386_40X_HE_T184_01,0,0.4900997579097748,0
proto,3,SR386_40X_HE_T188_01,0,0.4973832368850708,0
proto,3,SR386_40X_HE_T191_01,0,0.48880326747894287,0
proto,3,SR386_40X_HE_T197_01,0,0.483002245426178,0
proto,3,SR386_40X_HE_T201_01,0,0.4891432225704193,0
proto,3,SR386_40X_HE_T202_01,0,0.4858185350894928,0
proto,3,SR386_40X_HE_T208_01,0,0.4928966462612152,0
proto,3,SR386_40X_HE_T216_01,1,0.49667319655418396,0
proto,3,SR386_40X_HE_T238_01,0,0.4857640564441681,0
proto,3,SR386_40X_HE_T244_01,0,0.4988766312599182,0
proto,3,SR386_40X_HE_T248_01,0,0.4836323857307434,0
proto,3,SR386_40X_HE_T249_01,0,0.4889802634716034,0
proto,3,SR386_40X_HE_T250_01,0,0.4989764988422394,0
proto,3,SR386_40X_HE_T263_01,0,0.49239760637283325,0
proto,3,SR386_40X_HE_T267_01,0,0.48948487639427185,0
proto,3,SR386_40X_HE_T269_01,0,0.481594055891037,0
proto,3,SR386_40X_HE_T277_01,0,0.48409032821655273,0
proto,3,SR386_40X_HE_T286_01,0,0.5077189207077026,1
proto,3,SR386_40X_HE_T287_01,0,0.49631181359291077,0
proto,3,SR386_40X_HE_T290_01,0,0.490753173828125,0
proto,3,SR386_40X_HE_T293_01,0,0.48600947856903076,0
proto,3,SR386_40X_HE_T298_01,0,0.4846370816230774,0
proto,3,SR386_40X_HE_T303_01,0,0.48266929388046265,0
proto,3,SR386_40X_HE_T312_01,0,0.4874062240123749,0
proto,3,SR386_40X_HE_T329_01,0,0.49281394481658936,0
proto,3,SR386_40X_HE_T336_01,0,0.4912877678871155,0
proto,3,SR386_40X_HE_T338_01,0,0.48678985238075256,0
proto,3,SR386_40X_HE_T342_01,0,0.48908621072769165,0
proto,3,SR386_40X_HE_T353_01,0,0.49798622727394104,0
proto,3,SR386_40X_HE_T357_01,0,0.4825294017791748,0
proto,3,SR386_40X_HE_T362_01,0,0.5020870566368103,1
proto,3,SR386_40X_HE_T363_01,1,0.4938832223415375,0
proto,3,SR386_40X_HE_T372_01,0,0.493360698223114,0
proto,3,SR386_40X_HE_T378_01,0,0.4822457730770111,0
proto,3,SR386_40X_HE_T379_01,0,0.489292711019516,0
proto,3,SR386_40X_HE_T386_01,0,0.4870828092098236,0
proto,3,SR386_40X_HE_T387_01,0,0.5061436891555786,1
proto,3,SR386_40X_HE_T393_01,0,0.4856322109699249,0
proto,3,SR386_40X_HE_T397_01,0,0.4907852113246918,0
proto,3,SR386_40X_HE_T406_01,0,0.4955369830131531,0
proto,3,SR386_40X_HE_T409_01,0,0.491444855928421,0
proto,3,SR386_40X_HE_T422_01,0,0.48034030199050903,0
proto,3,SR386_40X_HE_T426_01,0,0.48681992292404175,0
proto,3,SR386_40X_HE_T433_01,0,0.48643210530281067,0
proto,3,SR386_40X_HE_T443_01,0,0.48424625396728516,0
proto,3,SR386_40X_HE_T448_01,0,0.4866103529930115,0
proto,3,SR386_40X_HE_T452_01,0,0.4890080988407135,0
proto,3,SR386_40X_HE_T460_01,1,0.48609641194343567,0
proto,3,SR386_40X_HE_T473_01,0,0.48345911502838135,0
proto,3,SR386_40X_HE_T475_01,0,0.4965176582336426,0
proto,3,SR386_40X_HE_T478_01,0,0.4918251931667328,0
proto,3,SR386_40X_HE_T489_01,1,0.49103519320487976,0
proto,3,SR386_40X_HE_T491_01,0,0.48993924260139465,0
proto,3,SR386_40X_HE_T492_01,0,0.48422035574913025,0
proto,3,SR386_40X_HE_T493_01,0,0.48946866393089294,0
proto,3,SR386_40X_HE_T502_01,0,0.48355087637901306,0
proto,3,SR386_40X_HE_T505_01,0,0.49993783235549927,0
proto,3,SR386_40X_HE_T506_01,0,0.49511128664016724,0
proto,3,SR386_40X_HE_T509_01,0,0.4957825243473053,0
proto,3,SR386_40X_HE_T516_01,0,0.4851815402507782,0
proto,3,SR386_40X_HE_T518_01,0,0.49091681838035583,0
proto,3,SR386_40X_HE_T519_01,0,0.4892922043800354,0
proto,3,SR386_40X_HE_T521_01,0,0.4868493676185608,0
proto,3,SR386_40X_HE_T526_01,0,0.4854370355606079,0
proto,3,SR386_40X_HE_T533_01,0,0.4895115792751312,0
proto,3,SR386_40X_HE_T543_01,0,0.4924359917640686,0
proto,3,SR386_40X_HE_T544_01,0,0.48996493220329285,0
proto,3,SR386_40X_HE_T556_01,1,0.48880159854888916,0
proto,3,SR386_40X_HE_T560_01,0,0.49010932445526123,0
proto,3,SR386_40X_HE_T563_01,0,0.48917531967163086,0
proto,3,SR386_40X_HE_T568_01,0,0.4890199601650238,0
proto,3,SR386_40X_HE_T571_01,0,0.48965486884117126,0
proto,3,SR386_40X_HE_T572_01,0,0.5055140256881714,1
proto,3,SR386_40X_HE_T573_01,0,0.4833364188671112,0
proto,3,SR386_40X_HE_T583_01,0,0.4816257953643799,0
proto,4,SR1482_40X_HE_T002_01,0,0.4961511194705963,0
proto,4,SR1482_40X_HE_T003_01,0,0.49937447905540466,0
proto,4,SR1482_40X_HE_T004_01,0,0.49971482157707214,0
proto,4,SR1482_40X_HE_T004_02,0,0.5046833753585815,1
proto,4,SR1482_40X_HE_T011_01,0,0.5019156336784363,1
proto,4,SR1482_40X_HE_T025_01,0,0.502558171749115,1
proto,4,SR1482_40X_HE_T025_02,0,0.5028174519538879,1
proto,4,SR1482_40X_HE_T060_01,0,0.5136941075325012,1
proto,4,SR1482_40X_HE_T062_01,0,0.5062234401702881,1
proto,4,SR1482_40X_HE_T062_02,0,0.4993918836116791,0
proto,4,SR1482_40X_HE_T064_01,0,0.5123220086097717,1
proto,4,SR1482_40X_HE_T064_02,0,0.5030421614646912,1
proto,4,SR1482_40X_HE_T071_01,0,0.5130969882011414,1
proto,4,SR1482_40X_HE_T071_02,0,0.5124171376228333,1
proto,4,SR1482_40X_HE_T074_01,0,0.49900758266448975,0
proto,4,SR1482_40X_HE_T074_02,0,0.4984879493713379,0
proto,4,SR1482_40X_HE_T083_01,0,0.5099231600761414,1
proto,4,SR1482_40X_HE_T083_02,0,0.5114054083824158,1
proto,4,SR1482_40X_HE_T087_01,0,0.49687647819519043,0
proto,4,SR1482_40X_HE_T097_01,1,0.5141996741294861,1
proto,4,SR1482_40X_HE_T097_02,1,0.5108450055122375,1
proto,4,SR1482_40X_HE_T108_01,0,0.49194785952568054,0
proto,4,SR1482_40X_HE_T113_01,0,0.5119326114654541,1
proto,4,SR1482_40X_HE_T113_02,0,0.5158565640449524,1
proto,4,SR1482_40X_HE_T121_01,0,0.49058863520622253,0
proto,4,SR1482_40X_HE_T122_01,0,0.4968321919441223,0
proto,4,SR1482_40X_HE_T125_01,0,0.5055177211761475,1
proto,4,SR1482_40X_HE_T125_02,0,0.5109813213348389,1
proto,4,SR1482_40X_HE_T131_01,0,0.5069281458854675,1
proto,4,SR1482_40X_HE_T131_02,0,0.5128230452537537,1
proto,4,SR1482_40X_HE_T132_01,0,0.5091882944107056,1
proto,4,SR1482_40X_HE_T132_02,0,0.5129870772361755,1
proto,4,SR1482_40X_HE_T143_01,0,0.516313374042511,1
proto,4,SR1482_40X_HE_T143_02,0,0.5135943293571472,1
proto,4,SR1482_40X_HE_T166_01,1,0.49752745032310486,0
proto,4,SR1482_40X_HE_T169_01,0,0.508005678653717,1
proto,4,SR1482_40X_HE_T176_01,1,0.5149535536766052,1
proto,4,SR1482_40X_HE_T176_02,1,0.5145887136459351,1
proto,4,SR1482_40X_HE_T191_01,0,0.5014448761940002,1
proto,4,SR1482_40X_HE_T194_01,0,0.5151262283325195,1
proto,4,SR1482_40X_HE_T218_01,0,0.49761688709259033,0
proto,4,SR1482_40X_HE_T253_01,0,0.4938006103038788,0
proto,4,SR1482_40X_HE_T290_01,0,0.5116145014762878,1
proto,4,SR1482_40X_HE_T308_01,0,0.5031899809837341,1
proto,4,SR1482_40X_HE_T314_01,0,0.5166293978691101,1
proto,4,SR1482_40X_HE_T314_02,0,0.5171509385108948,1
proto,4,SR1482_40X_HE_T372_01,1,0.5114211440086365,1
proto,4,SR1482_40X_HE_T372_02,1,0.508811891078949,1
proto,4,SR1482_40X_HE_T408_01,0,0.5000797510147095,1
proto,4,SR1482_40X_HE_T412_01,0,0.5041776895523071,1
proto,4,SR1482_40X_HE_T425_01,0,0.4894144535064697,0
proto,4,SR1482_40X_HE_T434_01,1,0.507236659526825,1
proto,4,SR386_40X_HE_T006_01,0,0.4804726243019104,0
proto,4,SR386_40X_HE_T010_01,0,0.4866058826446533,0
proto,4,SR386_40X_HE_T014_01,0,0.4848276674747467,0
proto,4,SR386_40X_HE_T016_01,0,0.4810524880886078,0
proto,4,SR386_40X_HE_T020_01,0,0.4821007549762726,0
proto,4,SR386_40X_HE_T027_01,0,0.49829015135765076,0
proto,4,SR386_40X_HE_T028_01,0,0.49300169944763184,0
proto,4,SR386_40X_HE_T037_01,0,0.48986610770225525,0
proto,4,SR386_40X_HE_T043_01,0,0.4816128611564636,0
proto,4,SR386_40X_HE_T044_01,1,0.48913028836250305,0
proto,4,SR386_40X_HE_T046_01,0,0.4921852946281433,0
proto,4,SR386_40X_HE_T058_01,0,0.48531633615493774,0
proto,4,SR386_40X_HE_T062_01,0,0.48143112659454346,0
proto,4,SR386_40X_HE_T065_01,1,0.48498809337615967,0
proto,4,SR386_40X_HE_T080_01,0,0.48708003759384155,0
proto,4,SR386_40X_HE_T091_01,0,0.482763409614563,0
proto,4,SR386_40X_HE_T094_01,0,0.4840347468852997,0
proto,4,SR386_40X_HE_T097_01,0,0.4903537929058075,0
proto,4,SR386_40X_HE_T100_01,0,0.4955061972141266,0
proto,4,SR386_40X_HE_T107_01,0,0.4908945858478546,0
proto,4,SR386_40X_HE_T109_01,1,0.48782026767730713,0
proto,4,SR386_40X_HE_T110_01,0,0.49464279413223267,0
proto,4,SR386_40X_HE_T117_01,0,0.4819636940956116,0
proto,4,SR386_40X_HE_T127_01,0,0.48904943466186523,0
proto,4,SR386_40X_HE_T129_01,0,0.48392289876937866,0
proto,4,SR386_40X_HE_T136_01,0,0.48385924100875854,0
proto,4,SR386_40X_HE_T154_01,0,0.4897807538509369,0
proto,4,SR386_40X_HE_T168_01,1,0.4859159290790558,0
proto,4,SR386_40X_HE_T175_01,0,0.4833698570728302,0
proto,4,SR386_40X_HE_T189_01,0,0.4831589460372925,0
proto,4,SR386_40X_HE_T195_01,0,0.48476725816726685,0
proto,4,SR386_40X_HE_T227_01,0,0.4959540367126465,0
proto,4,SR386_40X_HE_T233_01,0,0.4948182702064514,0
proto,4,SR386_40X_HE_T234_01,0,0.49035030603408813,0
proto,4,SR386_40X_HE_T235_01,0,0.48253390192985535,0
proto,4,SR386_40X_HE_T239_01,0,0.49734368920326233,0
proto,4,SR386_40X_HE_T245_01,0,0.4824146032333374,0
proto,4,SR386_40X_HE_T256_01,0,0.4894140064716339,0
proto,4,SR386_40X_HE_T265_01,0,0.48185354471206665,0
proto,4,SR386_40X_HE_T268_01,0,0.5020203590393066,1
proto,4,SR386_40X_HE_T270_01,0,0.4943913221359253,0
proto,4,SR386_40X_HE_T272_01,0,0.5000107288360596,1
proto,4,SR386_40X_HE_T273_01,0,0.49042096734046936,0
proto,4,SR386_40X_HE_T276_01,0,0.4961366653442383,0
proto,4,SR386_40X_HE_T278_01,1,0.48935213685035706,0
proto,4,SR386_40X_HE_T284_01,0,0.4915802478790283,0
proto,4,SR386_40X_HE_T285_01,0,0.4856242835521698,0
proto,4,SR386_40X_HE_T288_01,0,0.49086448550224304,0
proto,4,SR386_40X_HE_T291_01,0,0.4838721752166748,0
proto,4,SR386_40X_HE_T300_01,0,0.4888277053833008,0
proto,4,SR386_40X_HE_T302_01,0,0.4877471625804901,0
proto,4,SR386_40X_HE_T305_01,0,0.4850764870643616,0
proto,4,SR386_40X_HE_T308_01,0,0.48507171869277954,0
proto,4,SR386_40X_HE_T325_01,0,0.49282726645469666,0
proto,4,SR386_40X_HE_T331_01,0,0.4904184937477112,0
proto,4,SR386_40X_HE_T341_01,0,0.5023136734962463,1
proto,4,SR386_40X_HE_T343_01,1,0.48936569690704346,0
proto,4,SR386_40X_HE_T346_01,0,0.49324485659599304,0
proto,4,SR386_40X_HE_T352_01,0,0.49049994349479675,0
proto,4,SR386_40X_HE_T373_01,0,0.49976712465286255,0
proto,4,SR386_40X_HE_T375_01,0,0.4879325032234192,0
proto,4,SR386_40X_HE_T381_01,0,0.49061140418052673,0
proto,4,SR386_40X_HE_T389_01,0,0.5048348307609558,1
proto,4,SR386_40X_HE_T391_01,0,0.48762381076812744,0
proto,4,SR386_40X_HE_T394_01,0,0.4918464422225952,0
proto,4,SR386_40X_HE_T399_01,0,0.5042910575866699,1
proto,4,SR386_40X_HE_T403_01,0,0.4861687123775482,0
proto,4,SR386_40X_HE_T405_01,0,0.5039474964141846,1
proto,4,SR386_40X_HE_T407_01,0,0.49209290742874146,0
proto,4,SR386_40X_HE_T414_01,0,0.49146568775177,0
proto,4,SR386_40X_HE_T424_01,0,0.48656272888183594,0
proto,4,SR386_40X_HE_T429_01,0,0.5055267810821533,1
proto,4,SR386_40X_HE_T441_01,0,0.49734464287757874,0
proto,4,SR386_40X_HE_T451_01,0,0.49039819836616516,0
proto,4,SR386_40X_HE_T453_01,0,0.48808351159095764,0
proto,4,SR386_40X_HE_T455_01,0,0.4968646168708801,0
proto,4,SR386_40X_HE_T465_01,0,0.5066071152687073,1
proto,4,SR386_40X_HE_T474_01,0,0.4907490313053131,0
proto,4,SR386_40X_HE_T476_01,0,0.48905494809150696,0
proto,4,SR386_40X_HE_T479_01,0,0.49922969937324524,0
proto,4,SR386_40X_HE_T482_01,0,0.4849952757358551,0
proto,4,SR386_40X_HE_T487_01,0,0.49826580286026,0
proto,4,SR386_40X_HE_T490_01,0,0.496496319770813,0
proto,4,SR386_40X_HE_T494_01,0,0.48321494460105896,0
proto,4,SR386_40X_HE_T500_01,0,0.4826725125312805,0
proto,4,SR386_40X_HE_T510_01,0,0.4929982125759125,0
proto,4,SR386_40X_HE_T524_01,0,0.4942740797996521,0
proto,4,SR386_40X_HE_T528_01,0,0.4999610483646393,0
proto,4,SR386_40X_HE_T532_01,0,0.49463951587677,0
proto,4,SR386_40X_HE_T534_01,0,0.49189868569374084,0
proto,4,SR386_40X_HE_T536_01,0,0.48575830459594727,0
proto,4,SR386_40X_HE_T537_01,0,0.4979165494441986,0
proto,4,SR386_40X_HE_T541_01,0,0.4942477345466614,0
proto,4,SR386_40X_HE_T548_01,1,0.49711430072784424,0
proto,4,SR386_40X_HE_T550_01,0,0.4899318516254425,0
proto,4,SR386_40X_HE_T551_01,0,0.48440268635749817,0
proto,4,SR386_40X_HE_T557_01,0,0.4991791844367981,0
proto,4,SR386_40X_HE_T565_01,0,0.49216440320014954,0
proto,4,SR386_40X_HE_T567_01,0,0.49416136741638184,0
proto,4,SR386_40X_HE_T575_01,0,0.4879586696624756,0
proto,4,SR386_40X_HE_T576_01,0,0.48577138781547546,0
proto,4,SR386_40X_HE_T581_01,0,0.5032669305801392,1
rf,1,SR1482_40X_HE_T029_01,0,0.154133069828722,0
rf,1,SR1482_40X_HE_T029_02,0,0.13901185770750987,0
rf,1,SR1482_40X_HE_T057_01,0,0.04296683606248824,0
rf,1,SR1482_40X_HE_T063_01,1,0.25716883116883116,0
rf,1,SR1482_40X_HE_T063_02,1,0.13939444295541856,0
rf,1,SR1482_40X_HE_T065_01,0,0.104,0
rf,1,SR1482_40X_HE_T065_02,0,0.08,0
rf,1,SR1482_40X_HE_T066_01,0,0.23729644268774702,0
rf,1,SR1482_40X_HE_T066_02,0,0.3036460206460206,1
rf,1,SR1482_40X_HE_T068_01,0,0.03929437229437229,0
rf,1,SR1482_40X_HE_T069_01,0,0.05448106060606061,0
rf,1,SR1482_40X_HE_T069_02,0,0.09323027510124282,0
rf,1,SR1482_40X_HE_T079_01,1,0.094,0
rf,1,SR1482_40X_HE_T079_02,1,0.22957937621051228,0
rf,1,SR1482_40X_HE_T080_01,0,0.12326406926406924,0
rf,1,SR1482_40X_HE_T080_02,0,0.08547454449305324,0
rf,1,SR1482_40X_HE_T081_01,0,0.07550853176515955,0
rf,1,SR1482_40X_HE_T081_02,0,0.083875,0
rf,1,SR1482_40X_HE_T099_01,0,0.033722943722943724,0
rf,1,SR1482_40X_HE_T116_01,0,0.1792504940711462,0
rf,1,SR1482_40X_HE_T117_01,0,0.20312915976029577,0
rf,1,SR1482_40X_HE_T117_02,0,0.18154916323513884,0
rf,1,SR1482_40X_HE_T126_01,0,0.18515035371132932,0
rf,1,SR1482_40X_HE_T129_01,0,0.12652255587549704,0
rf,1,SR1482_40X_HE_T129_02,0,0.1708604796737789,0
rf,1,SR1482_40X_HE_T139_01,0,0.23967416323513882,0
rf,1,SR1482_40X_HE_T139_02,0,0.2775718475073314,0
rf,1,SR1482_40X_HE_T147_01,0,0.3453863636363636,1
rf,1,SR1482_40X_HE_T147_02,0,0.34,1
rf,1,SR1482_40X_HE_T159_01,0,0.11748484848484847,0
rf,1,SR1482_40X_HE_T159_02,0,0.16544642857142855,0
rf,1,SR1482_40X_HE_T192_01,0,0.07640130565793345,0
rf,1,SR1482_40X_HE_T199_01,0,0.09955944055944055,0
rf,1,SR1482_40X_HE_T304_01,0,0.10497764460878066,0
rf,1,SR1482_40X_HE_T304_02,0,0.09355453149001536,0
rf,1,SR1482_40X_HE_T310_01,1,0.16296969696969693,0
rf,1,SR1482_40X_HE_T310_02,1,0.13162603285931943,0
rf,1,SR1482_40X_HE_T341_01,0,0.03097764460878065,0
rf,1,SR1482_40X_HE_T341_02,0,0.114,0
rf,1,SR1482_40X_HE_T353_01,0,0.05544281524926687,0
rf,1,SR1482_40X_HE_T390_01,0,0.021666666666666664,0
rf,1,SR1482_40X_HE_T433_01,1,0.19972294372294372,0
rf,1,SR386_40X_HE_T003_01,0,0.03781818181818182,0
rf,1,SR386_40X_HE_T004_01,0,0.12485168454733671,0
rf,1,SR386_40X_HE_T022_01,1,0.3109325908290503,1
rf,1,SR386_40X_HE_T030_01,0,0.123199553135037,0
rf,1,SR386_40X_HE_T033_01,0,0.09506473368619317,0
rf,1,SR386_40X_HE_T036_01,0,0.041268817204301075,0
rf,1,SR386_40X_HE_T038_01,0,0.10717748917748918,0
rf,1,SR386_40X_HE_T049_01,0,0.007666666666666667,0
rf,1,SR386_40X_HE_T050_01,0,0.12199002446828533,0
rf,1,SR386_40X_HE_T060_01,0,0.09307976722730821,0
rf,1,SR386_40X_HE_T063_01,0,0.13172294372294371,0
rf,1,SR386_40X_HE_T066_01,0,0.08754112554112556,0
rf,1,SR386_40X_HE_T069_01,0,0.16078018084066467,0
rf,1,SR386_40X_HE_T072_01,0,0.07892091648189208,0
rf,1,SR386_40X_HE_T074_01,0,0.06115151515151516,0
rf,1,SR386_40X_HE_T078_01,0,0.07102368328031106,0
rf,1,SR386_40X_HE_T079_01,0,0.007818181818181818,0
rf,1,SR386_40X_HE_T092_01,1,0.07775366568914956,0
rf,1,SR386_40X_HE_T096_01,0,0.011666666666666667,0
rf,1,SR386_40X_HE_T099_01,0,0.1194739454094293,0
rf,1,SR386_40X_HE_T103_01,0,0.09448526246530745,0
rf,1,SR386_40X_HE_T108_01,0,0.08036734505332066,0
rf,1,SR386_40X_HE_T113_01,0,0.11972294372294373,0
rf,1,SR386_40X_HE_T114_01,0,0.04502651515151516,0
rf,1,SR386_40X_HE_T119_01,0,0.057469316078885044,0
rf,1,SR386_40X_HE_T126_01,0,0.0817048852013447,0
rf,1,SR386_40X_HE_T130_01,0,0.024,0
rf,1,SR386_40X_HE_T131_01,0,0.053238095238095244,0
rf,1,SR386_40X_HE_T135_01,0,0.16,0
rf,1,SR386_40X_HE_T140_01,0,0.09262770562770563,0
rf,1,SR386_40X_HE_T144_01,0,0.12673759573759572,0
rf,1,SR386_40X_HE_T147_01,0,0.1353426967561218,0
rf,1,SR386_40X_HE_T148_01,0,0.12209619272732877,0
rf,1,SR386_40X_HE_T160_01,0,0.029818181818181817,0
rf,1,SR386_40X_HE_T169_01,0,0.05,0
rf,1,SR386_40X_HE_T170_01,1,0.15379594898724683,0
rf,1,SR386_40X_HE_T172_01,0,0.1510384954193094,0
rf,1,SR386_40X_HE_T174_01,0,0.04652700922266139,0
rf,1,SR386_40X_HE_T181_01,0,0.031484848484848484,0
rf,1,SR386_40X_HE_T196_01,0,0.1034739454094293,0
rf,1,SR386_40X_HE_T205_01,0,0.15954715614930667,0
rf,1,SR386_40X_HE_T209_01,0,0.06393548387096774,0
rf,1,SR386_40X_HE_T210_01,0,0.13720358043765765,0
rf,1,SR386_40X_HE_T212_01,0,0.0612242286115007,0
rf,1,SR386_40X_HE_T221_01,0,0.059,0
rf,1,SR386_40X_HE_T224_01,0,0.07144322344322344,0
rf,1,SR386_40X_HE_T231_01,1,0.2078095238095238,0
rf,1,SR386_40X_HE_T232_01,0,0.026,0
rf,1,SR386_40X_HE_T247_01,0,0.06984024577572964,0
rf,1,SR386_40X_HE_T252_01,0,0.043904761904761905,0
rf,1,SR386_40X_HE_T255_01,0,0.07162866568914955,0
rf,1,SR386_40X_HE_T259_01,1,0.09372294372294371,0
rf,1,SR386_40X_HE_T274_01,0,0.031636363636363636,0
rf,1,SR386_40X_HE_T275_01,0,0.08361167227833895,0
rf,1,SR386_40X_HE_T282_01,0,0.02770488520134468,0
rf,1,SR386_40X_HE_T294_01,0,0.22347619047619044,0
rf,1,SR386_40X_HE_T311_01,0,0.058,0
rf,1,SR386_40X_HE_T315_01,0,0.05981818181818182,0
rf,1,SR386_40X_HE_T319_01,1,0.038,0
rf,1,SR386_40X_HE_T324_01,1,0.0999047619047619,0
rf,1,SR386_40X_HE_T330_01,0,0.028,0
rf,1,SR386_40X_HE_T333_01,0,0.08485963218642041,0
rf,1,SR386_40X_HE_T335_01,0,0.048,0
rf,1,SR386_40X_HE_T337_01,0,0.11367461430575035,0
rf,1,SR386_40X_HE_T344_01,0,0.035666666666666666,0
rf,1,SR386_40X_HE_T347_01,0,0.03181818181818182,0
rf,1,SR386_40X_HE_T350_01,0,0.054,0
rf,1,SR386_40X_HE_T351_01,0,0.05781818181818182,0
rf,1,SR386_40X_HE_T360_01,0,0.03966666666666667,0
rf,1,SR386_40X_HE_T361_01,0,0.08993548387096774,0
rf,1,SR386_40X_HE_T366_01,0,0.06880994274542661,0
rf,1,SR386_40X_HE_T377_01,1,0.11575366568914956,0
rf,1,SR386_40X_HE_T384_01,0,0.03376940133037694,0
rf,1,SR386_40X_HE_T395_01,0,0.06872268907563026,0
rf,1,SR386_40X_HE_T396_01,0,0.07540579710144928,0
rf,1,SR386_40X_HE_T401_01,0,0.11775366568914955,0
rf,1,SR386_40X_HE_T408_01,0,0.03966666666666666,0
rf,1,SR386_40X_HE_T410_01,0,0.07537549407114624,0
rf,1,SR386_40X_HE_T413_01,0,0.07773913043478262,0
rf,1,SR386_40X_HE_T416_01,0,0.044,0
rf,1,SR386_40X_HE_T418_01,0,0.06976940133037696,0
rf,1,SR386_40X_HE_T419_01,0,0.08336181440318063,0
rf,1,SR386_40X_HE_T421_01,0,0.04381818181818182,0
rf,1,SR386_40X_HE_T423_01,0,0.024,0
rf,1,SR386_40X_HE_T428_01,0,0.08349279612393216,0
rf,1,SR386_40X_HE_T430_01,0,0.04581860075408462,0
rf,1,SR386_40X_HE_T431_01,0,0.066,0
rf,1,SR386_40X_HE_T435_01,0,0.1528700998722504,0
rf,1,SR386_40X_HE_T438_01,0,0.07372294372294372,0
rf,1,SR386_40X_HE_T439_01,0,0.1308219226425748,0
rf,1,SR386_40X_HE_T447_01,0,0.05704651419002292,0
rf,1,SR386_40X_HE_T449_01,0,0.05390476190476191,0
rf,1,SR386_40X_HE_T454_01,0,0.031484848484848484,0
rf,1,SR386_40X_HE_T456_01,0,0.045643892339544516,0
rf,1,SR386_40X_HE_T461_01,0,0.1296547619047619,0
rf,1,SR386_40X_HE_T462_01,0,0.049752249601650256,0
rf,1,SR386_40X_HE_T468_01,0,0.05155731225296443,0
rf,1,SR386_40X_HE_T469_01,1,0.09320430107526882,0
rf,1,SR386_40X_HE_T470_01,0,0.11329644268774704,0
rf,1,SR386_40X_HE_T471_01,0,0.056602431586508815,0
rf,1,SR386_40X_HE_T477_01,0,0.08372294372294371,0
rf,1,SR386_40X_HE_T480_01,0,0.07563636363636363,0
rf,1,SR386_40X_HE_T484_01,0,0.07748484848484849,0
rf,1,SR386_40X_HE_T495_01,0,0.01,0
rf,1,SR386_40X_HE_T496_01,0,0.029935483870967745,0
rf,1,SR386_40X_HE_T498_01,0,0.22763636363636364,0
rf,1,SR386_40X_HE_T504_01,0,0.0510989789196311,0
rf,1,SR386_40X_HE_T511_01,0,0.05357937621051226,0
rf,1,SR386_40X_HE_T517_01,0,0.13955337004982954,0
rf,1,SR386_40X_HE_T523_01,0,0.06581048387096775,0
rf,1,SR386_40X_HE_T529_01,0,0.025151515151515157,0
rf,1,SR386_40X_HE_T542_01,0,0.06773913043478261,0
rf,1,SR386_40X_HE_T569_01,0,0.1714676967561218,0
rf,1,SR386_40X_HE_T582_01,0,0.03551136363636363,0
rf,2,SR1482_40X_HE_T009_01,0,0.029818181818181817,0
rf,2,SR1482_40X_HE_T009_02,0,0.03563636363636363,0
rf,2,SR1482_40X_HE_T015_01,0,0.10813237300334075,0
rf,2,SR1482_40X_HE_T021_01,0,0.09509944011622663,0
rf,2,SR1482_40X_HE_T067_01,0,0.08011825668487661,0
rf,2,SR1482_40X_HE_T075_01,0,0.08365842759391147,0
rf,2,SR1482_40X_HE_T075_02,0,0.1378181818181818,0
rf,2,SR1482_40X_HE_T098_01,0,0.133875,0
rf,2,SR1482_40X_HE_T098_02,0,0.08757184750733137,0
rf,2,SR1482_40X_HE_T102_01,0,0.12946348994143114,0
rf,2,SR1482_40X_HE_T123_01,0,0.06381818181818182,0
rf,2,SR1482_40X_HE_T142_01,0,0.034,0
rf,2,SR1482_40X_HE_T146_01,0,0.175875,0
rf,2,SR1482_40X_HE_T148_01,0,0.316,1
rf,2,SR1482_40X_HE_T148_02,0,0.215875,0
rf,2,SR1482_40X_HE_T154_01,0,0.061523973812398866,0
rf,2,SR1482_40X_HE_T158_01,0,0.0930907398468759,0
rf,2,SR1482_40X_HE_T161_01,0,0.11972294372294372,0
rf,2,SR1482_40X_HE_T161_02,0,0.1,0
rf,2,SR1482_40X_HE_T164_01,1,0.07891716073781291,0
rf,2,SR1482_40X_HE_T164_02,1,0.195409429280397,0
rf,2,SR1482_40X_HE_T168_01,0,0.08083200670297444,0
rf,2,SR1482_40X_HE_T171_01,0,0.1308228908188586,0
rf,2,SR1482_40X_HE_T171_02,0,0.13381048387096775,0
rf,2,SR1482_40X_HE_T178_01,1,0.14953846153846154,0
rf,2,SR1482_40X_HE_T186_01,0,0.10575366568914955,0
rf,2,SR1482_40X_HE_T193_01,0,0.13948894299046458,0
rf,2,SR1482_40X_HE_T193_02,0,0.2778709677419355,0
rf,2,SR1482_40X_HE_T209_01,0,0.11767416323513885,0
rf,2,SR1482_40X_HE_T209_02,0,0.16344588744588745,0
rf,2,SR1482_40X_HE_T245_01,0,0.19966666666666666,0
rf,2,SR1482_40X_HE_T245_02,0,0.12117652416060137,0
rf,2,SR1482_40X_HE_T265_01,0,0.05786480186480187,0
rf,2,SR1482_40X_HE_T302_01,0,0.12172087880390366,0
rf,2,SR1482_40X_HE_T343_01,1,0.17554916323513886,0
rf,2,SR1482_40X_HE_T343_02,1,0.14629878639818705,0
rf,2,SR1482_40X_HE_T399_01,0,0.2575455820476858,0
rf,2,SR1482_40X_HE_T399_02,0,0.1338181818181818,0
rf,2,SR1482_40X_HE_T426_01,0,0.07340942928039704,0
rf,2,SR1482_40X_HE_T426_02,0,0.08977572964669739,0
rf,2,SR386_40X_HE_T001_01,0,0.06978539493293592,0
rf,2,SR386_40X_HE_T013_01,0,0.11746207415772632,0
rf,2,SR386_40X_HE_T018_01,0,0.12463984981344314,0
rf,2,SR386_40X_HE_T019_01,0,0.0630952380952381,0
rf,2,SR386_40X_HE_T024_01,0,0.021935483870967745,0
rf,2,SR386_40X_HE_T039_01,0,0.011205128205128204,0
rf,2,SR386_40X_HE_T040_01,1,0.16300374082439298,0
rf,2,SR386_40X_HE_T042_01,0,0.05705627705627706,0
rf,2,SR386_40X_HE_T047_01,0,0.0499047619047619,0
rf,2,SR386_40X_HE_T051_01,0,0.021196889132373,0
rf,2,SR386_40X_HE_T052_01,0,0.05944588744588745,0
rf,2,SR386_40X_HE_T056_01,0,0.04393548387096775,0
rf,2,SR386_40X_HE_T057_01,0,0.06137979094076655,0
rf,2,SR386_40X_HE_T070_01,0,0.022,0
rf,2,SR386_40X_HE_T082_01,0,0.09509073984687588,0
rf,2,SR386_40X_HE_T084_01,0,0.10310082390727553,0
rf,2,SR386_40X_HE_T087_01,0,0.27790476190476193,0
rf,2,SR386_40X_HE_T088_01,0,0.14304803798352186,0
rf,2,SR386_40X_HE_T098_01,0,0.1979512195121951,0
rf,2,SR386_40X_HE_T105_01,0,0.030882915504374987,0
rf,2,SR386_40X_HE_T122_01,0,0.04973913043478261,0
rf,2,SR386_40X_HE_T123_01,0,0.10539806701952649,0
rf,2,SR386_40X_HE_T133_01,0,0.02340579710144928,0
rf,2,SR386_40X_HE_T145_01,0,0.10596078431372548,0
rf,2,SR386_40X_HE_T150_01,0,0.16746121351766513,0
rf,2,SR386_40X_HE_T152_01,0,0.08971445000287503,0
rf,2,SR386_40X_HE_T155_01,0,0.096,0
rf,2,SR386_40X_HE_T157_01,0,0.08144588744588745,0
rf,2,SR386_40X_HE_T164_01,0,0.056851934239206335,0
rf,2,SR386_40X_HE_T166_01,0,0.06391750997494507,0
rf,2,SR386_40X_HE_T176_01,1,0.11399275234569352,0
rf,2,SR386_40X_HE_T177_01,0,0.037484138115274165,0
rf,2,SR386_40X_HE_T178_01,0,0.16993548387096774,0
rf,2,SR386_40X_HE_T187_01,0,0.12492781728075845,0
rf,2,SR386_40X_HE_T190_01,0,0.011557312252964427,0
rf,2,SR386_40X_HE_T192_01,0,0.042,0
rf,2,SR386_40X_HE_T198_01,0,0.11148484848484848,0
rf,2,SR386_40X_HE_T200_01,0,0.13557142857142856,0
rf,2,SR386_40X_HE_T206_01,1,0.06562745098039216,0
rf,2,SR386_40X_HE_T211_01,0,0.05753763440860215,0
rf,2,SR386_40X_HE_T213_01,0,0.0859047619047619,0
rf,2,SR386_40X_HE_T214_01,0,0.11461842187504964,0
rf,2,SR386_40X_HE_T220_01,0,0.16575366568914957,0
rf,2,SR386_40X_HE_T230_01,1,0.0867852147852148,0
rf,2,SR386_40X_HE_T236_01,0,0.1279047619047619,0
rf,2,SR386_40X_HE_T237_01,0,0.04563636363636364,0
rf,2,SR386_40X_HE_T240_01,0,0.07520833333333334,0
rf,2,SR386_40X_HE_T241_01,0,0.07312121212121213,0
rf,2,SR386_40X_HE_T242_01,0,0.11387096774193549,0
rf,2,SR386_40X_HE_T253_01,0,0.04928025597590815,0
rf,2,SR386_40X_HE_T260_01,0,0.0937391304347826,0
rf,2,SR386_40X_HE_T262_01,0,0.104,0
rf,2,SR386_40X_HE_T264_01,0,0.10593548387096774,0
rf,2,SR386_40X_HE_T271_01,0,0.04309523809523809,0
rf,2,SR386_40X_HE_T281_01,0,0.08549279612393217,0
rf,2,SR386_40X_HE_T297_01,0,0.050901515151515156,0
rf,2,SR386_40X_HE_T299_01,0,0.04393548387096775,0
rf,2,SR386_40X_HE_T301_01,0,0.023303030303030305,0
rf,2,SR386_40X_HE_T306_01,0,0.036,0
rf,2,SR386_40X_HE_T309_01,0,0.05259627329192547,0
rf,2,SR386_40X_HE_T314_01,0,0.11124675324675325,0
rf,2,SR386_40X_HE_T316_01,0,0.131875,0
rf,2,SR386_40X_HE_T318_01,0,0.11781818181818181,0
rf,2,SR386_40X_HE_T321_01,0,0.092,0
rf,2,SR386_40X_HE_T326_01,0,0.07362745098039215,0
rf,2,SR386_40X_HE_T327_01,0,0.006,0
rf,2,SR386_40X_HE_T332_01,1,0.14569622719268668,0
rf,2,SR386_40X_HE_T355_01,0,0.061875,0
rf,2,SR386_40X_HE_T364_01,0,0.09369318181818181,0
rf,2,SR386_40X_HE_T368_01,1,0.07865197571245959,0
rf,2,SR386_40X_HE_T374_01,0,0.01566666666666667,0
rf,2,SR386_40X_HE_T380_01,0,0.019935483870967743,0
rf,2,SR386_40X_HE_T382_01,0,0.07,0
rf,2,SR386_40X_HE_T392_01,0,0.03883379389427777,0
rf,2,SR386_40X_HE_T398_01,0,0.07779416608540649,0
rf,2,SR386_40X_HE_T402_01,1,0.06981818181818181,0
rf,2,SR386_40X_HE_T404_01,0,0.02169318181818182,0
rf,2,SR386_40X_HE_T415_01,0,0.01753846153846154,0
rf,2,SR386_40X_HE_T417_01,0,0.02581818181818182,0
rf,2,SR386_40X_HE_T425_01,0,0.04720512820512821,0
rf,2,SR386_40X_HE_T436_01,1,0.06182683982683983,0
rf,2,SR386_40X_HE_T437_01,0,0.055619047619047624,0
rf,2,SR386_40X_HE_T440_01,0,0.1531428571428571,0
rf,2,SR386_40X_HE_T445_01,0,0.09134128097241702,0
rf,2,SR386_40X_HE_T450_01,0,0.10163636363636362,0
rf,2,SR386_40X_HE_T459_01,0,0.048232179052831226,0
rf,2,SR386_40X_HE_T472_01,0,0.04038736532284919,0
rf,2,SR386_40X_HE_T481_01,0,0.07098588368153586,0
rf,2,SR386_40X_HE_T483_01,0,0.0613030303030303,0
rf,2,SR386_40X_HE_T486_01,0,0.08667335254259806,0
rf,2,SR386_40X_HE_T488_01,0,0.06523905529953918,0
rf,2,SR386_40X_HE_T499_01,0,0.08595121951219513,0
rf,2,SR386_40X_HE_T507_01,0,0.11127972027972027,0
rf,2,SR386_40X_HE_T514_01,0,0.029064935064935064,0
rf,2,SR386_40X_HE_T520_01,1,0.08126881720430108,0
rf,2,SR386_40X_HE_T522_01,0,0.043904761904761905,0
rf,2,SR386_40X_HE_T531_01,0,0.037023310023310024,0
rf,2,SR386_40X_HE_T535_01,0,0.02923905529953917,0
rf,2,SR386_40X_HE_T539_01,0,0.05935664335664336,0
rf,2,SR386_40X_HE_T549_01,0,0.059405797101449276,0
rf,2,SR386_40X_HE_T552_01,0,0.06957142857142859,0
rf,2,SR386_40X_HE_T553_01,0,0.07478801590566297,0
rf,2,SR386_40X_HE_T554_01,0,0.077983802903364,0
rf,2,SR386_40X_HE_T558_01,0,0.033333550890494244,0
rf,2,SR386_40X_HE_T564_01,0,0.054708827404479576,0
rf,2,SR386_40X_HE_T570_01,0,0.06754558204768583,0
rf,2,SR386_40X_HE_T574_01,0,0.033506912442396314,0
rf,2,SR386_40X_HE_T578_01,0,0.05051557045105433,0
rf,2,SR386_40X_HE_T580_01,0,0.04142857142857143,0
rf,3,SR1482_40X_HE_T005_01,0,0.16993548387096774,0
rf,3,SR1482_40X_HE_T005_02,0,0.20687096774193547,0
rf,3,SR1482_40X_HE_T010_01,0,0.043597943722943726,0
rf,3,SR1482_40X_HE_T043_01,0,0.102,0
rf,3,SR1482_40X_HE_T043_02,0,0.08945454545454545,0
rf,3,SR1482_40X_HE_T049_01,0,0.06067372975019588,0
rf,3,SR1482_40X_HE_T061_01,0,0.32375366568914954,1
rf,3,SR1482_40X_HE_T061_02,0,0.2936891495601173,0
rf,3,SR1482_40X_HE_T070_01,1,0.10793548387096774,0
rf,3,SR1482_40X_HE_T073_01,0,0.07652363485042306,0
rf,3,SR1482_40X_HE_T082_01,0,0.15523164335664336,0
rf,3,SR1482_40X_HE_T082_02,0,0.21137549407114622,0
rf,3,SR1482_40X_HE_T089_01,0,0.055818181818181815,0
rf,3,SR1482_40X_HE_T090_01,0,0.07453175716289322,0
rf,3,SR1482_40X_HE_T094_01,1,0.18195121951219512,0
rf,3,SR1482_40X_HE_T094_02,1,0.122,0
rf,3,SR1482_40X_HE_T105_01,0,0.06254137523299515,0
rf,3,SR1482_40X_HE_T115_01,0,0.06193548387096774,0
rf,3,SR1482_40X_HE_T115_02,0,0.06276607263704038,0
rf,3,SR1482_40X_HE_T118_01,0,0.18187096774193548,0
rf,3,SR1482_40X_HE_T118_02,0,0.1497229437229437,0
rf,3,SR1482_40X_HE_T120_01,0,0.14477442072588684,0
rf,3,SR1482_40X_HE_T120_02,0,0.23593548387096774,0
rf,3,SR1482_40X_HE_T124_01,0,0.2099047619047619,0
rf,3,SR1482_40X_HE_T124_02,0,0.25351486008148,0
rf,3,SR1482_40X_HE_T138_01,0,0.046902516838000716,0
rf,3,SR1482_40X_HE_T160_01,0,0.05371524577572965,0
rf,3,SR1482_40X_HE_T160_02,0,0.037875,0
rf,3,SR1482_40X_HE_T167_01,0,0.14764440133037693,0
rf,3,SR1482_40X_HE_T167_02,0,0.10795121951219512,0
rf,3,SR1482_40X_HE_T175_01,0,0.2237229437229437,0
rf,3,SR1482_40X_HE_T175_02,0,0.21541209328306102,0
rf,3,SR1482_40X_HE_T177_01,1,0.087196889132373,0
rf,3,SR1482_40X_HE_T188_01,0,0.10854486636551855,0
rf,3,SR1482_40X_HE_T195_01,0,0.1296357433217189,0
rf,3,SR1482_40X_HE_T195_02,0,0.098,0
rf,3,SR1482_40X_HE_T202_01,0,0.0859047619047619,0
rf,3,SR1482_40X_HE_T202_02,0,0.09105248917748918,0
rf,3,SR1482_40X_HE_T225_01,0,0.18723147548810323,0
rf,3,SR1482_40X_HE_T225_02,0,0.039458408839222796,0
rf,3,SR1482_40X_HE_T235_01,0,0.10250815850815852,0
rf,3,SR1482_40X_HE_T235_02,0,0.06953846153846155,0
rf,3,SR1482_40X_HE_T236_01,0,0.12984024577572964,0
rf,3,SR1482_40X_HE_T236_02,0,0.08136405529953918,0
rf,3,SR1482_40X_HE_T258_01,0,0.09762583381794547,0
rf,3,SR1482_40X_HE_T258_02,0,0.11384024577572964,0
rf,3,SR1482_40X_HE_T284_01,1,0.12567461430575036,0
rf,3,SR1482_40X_HE_T284_02,1,0.2018181818181818,0
rf,3,SR1482_40X_HE_T301_01,1,0.08478833529496307,0
rf,3,SR1482_40X_HE_T301_02,1,0.1878181818181818,0
rf,3,SR1482_40X_HE_T309_01,0,0.10776522702104097,0
rf,3,SR1482_40X_HE_T313_01,0,0.13593548387096774,0
rf,3,SR1482_40X_HE_T313_02,0,0.20962564070866554,0
rf,3,SR1482_40X_HE_T338_01,0,0.14952939533584694,0
rf,3,SR1482_40X_HE_T344_01,0,0.1578095238095238,0
rf,3,SR1482_40X_HE_T344_02,0,0.17171121351766513,0
rf,3,SR1482_40X_HE_T346_01,0,0.08581818181818181,0
rf,3,SR1482_40X_HE_T346_02,0,0.091875,0
rf,3,SR1482_40X_HE_T377_01,0,0.07781818181818181,0
rf,3,SR1482_40X_HE_T377_02,0,0.06193548387096774,0
rf,3,SR1482_40X_HE_T419_01,0,0.041364055299539175,0
rf,3,SR1482_40X_HE_T427_01,0,0.05387096774193549,0
rf,3,SR1482_40X_HE_T427_02,0,0.05567416323513885,0
rf,3,SR386_40X_HE_T007_01,0,0.056365481513022495,0
rf,3,SR386_40X_HE_T015_01,0,0.095,0
rf,3,SR386_40X_HE_T017_01,1,0.22227255802869406,0
rf,3,SR386_40X_HE_T032_01,0,0.05385598141695703,0
rf,3,SR386_40X_HE_T034_01,0,0.10913668846347668,0
rf,3,SR386_40X_HE_T035_01,0,0.07373913043478261,0
rf,3,SR386_40X_HE_T041_01,0,0.2689220779220779,0
rf,3,SR386_40X_HE_T067_01,0,0.02924766219994216,0
rf,3,SR386_40X_HE_T075_01,0,0.04084675324675324,0
rf,3,SR386_40X_HE_T081_01,0,0.10557142857142857,0
rf,3,SR386_40X_HE_T083_01,0,0.1396,0
rf,3,SR386_40X_HE_T085_01,0,0.027666666666666666,0
rf,3,SR386_40X_HE_T095_01,0,0.08149987375650153,0
rf,3,SR386_40X_HE_T104_01,0,0.17981818181818182,0
rf,3,SR386_40X_HE_T106_01,0,0.09772294372294373,0
rf,3,SR386_40X_HE_T112_01,0,0.04593548387096774,0
rf,3,SR386_40X_HE_T128_01,0,0.045510660071635685,0
rf,3,SR386_40X_HE_T132_01,0,0.05981818181818182,0
rf,3,SR386_40X_HE_T138_01,0,0.09652807192807193,0
rf,3,SR386_40X_HE_T142_01,0,0.13965842759391145,0
rf,3,SR386_40X_HE_T149_01,0,0.0833321718931475,0
rf,3,SR386_40X_HE_T165_01,1,0.12647847842672613,0
rf,3,SR386_40X_HE_T179_01,0,0.10354043552905033,0
rf,3,SR386_40X_HE_T180_01,0,0.08284328088219767,0
rf,3,SR386_40X_HE_T182_01,0,0.03573913043478261,0
rf,3,SR386_40X_HE_T184_01,0,0.108,0
rf,3,SR386_40X_HE_T188_01,0,0.08182621951219513,0
rf,3,SR386_40X_HE_T191_01,0,0.08653175716289321,0
rf,3,SR386_40X_HE_T197_01,0,0.06906493506493507,0
rf,3,SR386_40X_HE_T201_01,0,0.036,0
rf,3,SR386_40X_HE_T202_01,0,0.058723945409429275,0
rf,3,SR386_40X_HE_T208_01,0,0.05,0
rf,3,SR386_40X_HE_T216_01,1,0.2316891495601173,0
rf,3,SR386_40X_HE_T238_01,0,0.04381048387096775,0
rf,3,SR386_40X_HE_T244_01,0,0.06369318181818182,0
rf,3,SR386_40X_HE_T248_01,0,0.035810483870967746,0
rf,3,SR386_40X_HE_T249_01,0,0.035478260869565216,0
rf,3,SR386_40X_HE_T250_01,0,0.1326928903845103,0
rf,3,SR386_40X_HE_T263_01,0,0.03856822344322344,0
rf,3,SR386_40X_HE_T267_01,0,0.08216616716616716,0
rf,3,SR386_40X_HE_T269_01,0,0.018,0
rf,3,SR386_40X_HE_T277_01,0,0.022,0
rf,3,SR386_40X_HE_T286_01,0,0.16382319453171112,0
rf,3,SR386_40X_HE_T287_01,0,0.1330297619047619,0
rf,3,SR386_40X_HE_T290_01,0,0.04533333333333334,0
rf,3,SR386_40X_HE_T293_01,0,0.06964440133037694,0
rf,3,SR386_40X_HE_T298_01,0,0.021333333333333333,0
rf,3,SR386_40X_HE_T303_01,0,0.014,0
rf,3,SR386_40X_HE_T312_01,0,0.072,0
rf,3,SR386_40X_HE_T329_01,0,0.13107092907092907,0
rf,3,SR386_40X_HE_T336_01,0,0.043624633431085046,0
rf,3,SR386_40X_HE_T338_01,0,0.038,0
rf,3,SR386_40X_HE_T342_01,0,0.049951219512195125,0
rf,3,SR386_40X_HE_T353_01,0,0.07181818181818181,0
rf,3,SR386_40X_HE_T357_01,0,0.01,0
rf,3,SR386_40X_HE_T362_01,0,0.0957391304347826,0
rf,3,SR386_40X_HE_T363_01,1,0.18781048387096774,0
rf,3,SR386_40X_HE_T372_01,0,0.15545488520134468,0
rf,3,SR386_40X_HE_T378_01,0,0.019102734663710274,0
rf,3,SR386_40X_HE_T379_01,0,0.0499047619047619,0
rf,3,SR386_40X_HE_T386_01,0,0.09484819341481332,0
rf,3,SR386_40X_HE_T387_01,0,0.08304216073781291,0
rf,3,SR386_40X_HE_T393_01,0,0.0624291071247593,0
rf,3,SR386_40X_HE_T397_01,0,0.07372294372294373,0
rf,3,SR386_40X_HE_T406_01,0,0.14320833333333333,0
rf,3,SR386_40X_HE_T409_01,0,0.06195121951219512,0
rf,3,SR386_40X_HE_T422_01,0,0.009722943722943723,0
rf,3,SR386_40X_HE_T426_01,0,0.0339047619047619,0
rf,3,SR386_40X_HE_T433_01,0,0.044,0
rf,3,SR386_40X_HE_T443_01,0,0.094,0
rf,3,SR386_40X_HE_T448_01,0,0.11250083381794548,0
rf,3,SR386_40X_HE_T452_01,0,0.11716750048461215,0
rf,3,SR386_40X_HE_T460_01,1,0.09093548387096774,0
rf,3,SR386_40X_HE_T473_01,0,0.05327759197324415,0
rf,3,SR386_40X_HE_T475_01,0,0.04944463564697748,0
rf,3,SR386_40X_HE_T478_01,0,0.05981818181818182,0
rf,3,SR386_40X_HE_T489_01,1,0.074,0
rf,3,SR386_40X_HE_T491_01,0,0.1231780303030303,0
rf,3,SR386_40X_HE_T492_01,0,0.008,0
rf,3,SR386_40X_HE_T493_01,0,0.05581818181818182,0
rf,3,SR386_40X_HE_T502_01,0,0.049333333333333326,0
rf,3,SR386_40X_HE_T505_01,0,0.14554112554112555,0
rf,3,SR386_40X_HE_T506_01,0,0.0787391304347826,0
rf,3,SR386_40X_HE_T509_01,0,0.10995121951219512,0
rf,3,SR386_40X_HE_T516_01,0,0.07781818181818181,0
rf,3,SR386_40X_HE_T518_01,0,0.035904761904761905,0
rf,3,SR386_40X_HE_T519_01,0,0.07663565326678932,0
rf,3,SR386_40X_HE_T521_01,0,0.0317613012464271,0
rf,3,SR386_40X_HE_T526_01,0,0.03769318181818181,0
rf,3,SR386_40X_HE_T533_01,0,0.0499047619047619,0
rf,3,SR386_40X_HE_T543_01,0,0.06910273466371027,0
rf,3,SR386_40X_HE_T544_01,0,0.06528025597590814,0
rf,3,SR386_40X_HE_T556_01,1,0.084,0
rf,3,SR386_40X_HE_T560_01,0,0.0873105268715025,0
rf,3,SR386_40X_HE_T563_01,0,0.02,0
rf,3,SR386_40X_HE_T568_01,0,0.072,0
rf,3,SR386_40X_HE_T571_01,0,0.11700751879699249,0
rf,3,SR386_40X_HE_T572_01,0,0.14581818181818182,0
rf,3,SR386_40X_HE_T573_01,0,0.094,0
rf,3,SR386_40X_HE_T583_01,0,0.013818181818181818,0
rf,4,SR1482_40X_HE_T002_01,0,0.03793548387096774,0
rf,4,SR1482_40X_HE_T003_01,0,0.053476190476190476,0
rf,4,SR1482_40X_HE_T004_01,0,0.027405764966740576,0
rf,4,SR1482_40X_HE_T004_02,0,0.08689061345158908,0
rf,4,SR1482_40X_HE_T011_01,0,0.08902611114375822,0
rf,4,SR1482_40X_HE_T025_01,0,0.09747995165808258,0
rf,4,SR1482_40X_HE_T025_02,0,0.11674235049113359,0
rf,4,SR1482_40X_HE_T060_01,0,0.09136405529953917,0
rf,4,SR1482_40X_HE_T062_01,0,0.18775366568914956,0
rf,4,SR1482_40X_HE_T062_02,0,0.105185977942114,0
rf,4,SR1482_40X_HE_T064_01,0,0.16035644197790144,0
rf,4,SR1482_40X_HE_T064_02,0,0.09041860075408463,0
rf,4,SR1482_40X_HE_T071_01,0,0.09413450579113358,0
rf,4,SR1482_40X_HE_T071_02,0,0.09296703296703296,0
rf,4,SR1482_40X_HE_T074_01,0,0.07124646181308174,0
rf,4,SR1482_40X_HE_T074_02,0,0.05726140526140526,0
rf,4,SR1482_40X_HE_T083_01,0,0.19972294372294372,0
rf,4,SR1482_40X_HE_T083_02,0,0.1478262195121951,0
rf,4,SR1482_40X_HE_T087_01,0,0.04756670939865275,0
rf,4,SR1482_40X_HE_T097_01,1,0.15322397891963108,0
rf,4,SR1482_40X_HE_T097_02,1,0.18732294372294372,0
rf,4,SR1482_40X_HE_T108_01,0,0.022273310023310025,0
rf,4,SR1482_40X_HE_T113_01,0,0.14,0
rf,4,SR1482_40X_HE_T113_02,0,0.2254282799948999,0
rf,4,SR1482_40X_HE_T121_01,0,0.011249554367201426,0
rf,4,SR1482_40X_HE_T122_01,0,0.05131052687150248,0
rf,4,SR1482_40X_HE_T125_01,0,0.082,0
rf,4,SR1482_40X_HE_T125_02,0,0.09352264808362369,0
rf,4,SR1482_40X_HE_T131_01,0,0.12942782892428842,0
rf,4,SR1482_40X_HE_T131_02,0,0.14397011590559974,0
rf,4,SR1482_40X_HE_T132_01,0,0.08904899804496579,0
rf,4,SR1482_40X_HE_T132_02,0,0.16323081622678398,0
rf,4,SR1482_40X_HE_T143_01,0,0.1859047619047619,0
rf,4,SR1482_40X_HE_T143_02,0,0.22757142857142856,0
rf,4,SR1482_40X_HE_T166_01,1,0.029602150537634406,0
rf,4,SR1482_40X_HE_T169_01,0,0.10658330663643757,0
rf,4,SR1482_40X_HE_T176_01,1,0.22563636363636363,0
rf,4,SR1482_40X_HE_T176_02,1,0.18845454545454543,0
rf,4,SR1482_40X_HE_T191_01,0,0.06914369501466275,0
rf,4,SR1482_40X_HE_T194_01,0,0.35172062084257205,1
rf,4,SR1482_40X_HE_T218_01,0,0.03687463343108505,0
rf,4,SR1482_40X_HE_T253_01,0,0.01741346153846154,0
rf,4,SR1482_40X_HE_T290_01,0,0.15263970588235293,0
rf,4,SR1482_40X_HE_T308_01,0,0.11727631377277327,0
rf,4,SR1482_40X_HE_T314_01,0,0.37580827201061384,1
rf,4,SR1482_40X_HE_T314_02,0,0.2859120038259206,0
rf,4,SR1482_40X_HE_T372_01,1,0.1998181818181818,0
rf,4,SR1482_40X_HE_T372_02,1,0.1434848484848485,0
rf,4,SR1482_40X_HE_T408_01,0,0.07134491315136476,0
rf,4,SR1482_40X_HE_T412_01,0,0.09581818181818182,0
rf,4,SR1482_40X_HE_T425_01,0,0.015904761904761904,0
rf,4,SR1482_40X_HE_T434_01,1,0.1389025168380007,0
rf,4,SR386_40X_HE_T006_01,0,0.029875,0
rf,4,SR386_40X_HE_T010_01,0,0.06970579199421703,0
rf,4,SR386_40X_HE_T014_01,0,0.05350733137829912,0
rf,4,SR386_40X_HE_T016_01,0,0.025904761904761906,0
rf,4,SR386_40X_HE_T020_01,0,0.02326140526140526,0
rf,4,SR386_40X_HE_T027_01,0,0.13170488520134466,0
rf,4,SR386_40X_HE_T028_01,0,0.061923456919424656,0
rf,4,SR386_40X_HE_T037_01,0,0.04981818181818181,0
rf,4,SR386_40X_HE_T043_01,0,0.028,0
rf,4,SR386_40X_HE_T044_01,1,0.10941612554112552,0
rf,4,SR386_40X_HE_T046_01,0,0.04323809523809524,0
rf,4,SR386_40X_HE_T058_01,0,0.045769401330376935,0
rf,4,SR386_40X_HE_T062_01,0,0.023904761904761904,0
rf,4,SR386_40X_HE_T065_01,1,0.04272175324675325,0
rf,4,SR386_40X_HE_T080_01,0,0.04933333333333333,0
rf,4,SR386_40X_HE_T091_01,0,0.027951219512195122,0
rf,4,SR386_40X_HE_T094_01,0,0.025201713583341365,0
rf,4,SR386_40X_HE_T097_01,0,0.04461092530657749,0
rf,4,SR386_40X_HE_T100_01,0,0.11593861296946524,0
rf,4,SR386_40X_HE_T107_01,0,0.0664290749900506,0
rf,4,SR386_40X_HE_T109_01,1,0.08714327607875996,0
rf,4,SR386_40X_HE_T110_01,0,0.10421355579903967,0
rf,4,SR386_40X_HE_T117_01,0,0.03374500768049155,0
rf,4,SR386_40X_HE_T127_01,0,0.022,0
rf,4,SR386_40X_HE_T129_01,0,0.025420332355816228,0
rf,4,SR386_40X_HE_T136_01,0,0.03340942928039702,0
rf,4,SR386_40X_HE_T154_01,0,0.05953846153846154,0
rf,4,SR386_40X_HE_T168_01,1,0.10146207415772633,0
rf,4,SR386_40X_HE_T175_01,0,0.013484848484848485,0
rf,4,SR386_40X_HE_T189_01,0,0.02569318181818182,0
rf,4,SR386_40X_HE_T195_01,0,0.039359848484848484,0
rf,4,SR386_40X_HE_T227_01,0,0.116,0
rf,4,SR386_40X_HE_T233_01,0,0.2232380952380952,0
rf,4,SR386_40X_HE_T234_01,0,0.10193548387096775,0
rf,4,SR386_40X_HE_T235_01,0,0.06181818181818182,0
rf,4,SR386_40X_HE_T239_01,0,0.1378709677419355,0
rf,4,SR386_40X_HE_T245_01,0,0.0196891495601173,0
rf,4,SR386_40X_HE_T256_01,0,0.1099047619047619,0
rf,4,SR386_40X_HE_T265_01,0,0.030273310023310025,0
rf,4,SR386_40X_HE_T268_01,0,0.14336496425272807,0
rf,4,SR386_40X_HE_T270_01,0,0.06581818181818182,0
rf,4,SR386_40X_HE_T272_01,0,0.12335664335664334,0
rf,4,SR386_40X_HE_T273_01,0,0.1489166666666667,0
rf,4,SR386_40X_HE_T276_01,0,0.1814391495601173,0
rf,4,SR386_40X_HE_T278_01,1,0.18065327999489988,0
rf,4,SR386_40X_HE_T284_01,0,0.06303446279059884,0
rf,4,SR386_40X_HE_T285_01,0,0.04533333333333334,0
rf,4,SR386_40X_HE_T288_01,0,0.092,0
rf,4,SR386_40X_HE_T291_01,0,0.06,0
rf,4,SR386_40X_HE_T300_01,0,0.08774125874125875,0
rf,4,SR386_40X_HE_T302_01,0,0.04,0
rf,4,SR386_40X_HE_T305_01,0,0.096,0
rf,4,SR386_40X_HE_T308_01,0,0.055492796123932174,0
rf,4,SR386_40X_HE_T325_01,0,0.08300845662991611,0
rf,4,SR386_40X_HE_T331_01,0,0.06658382740447957,0
rf,4,SR386_40X_HE_T341_01,0,0.12175366568914955,0
rf,4,SR386_40X_HE_T343_01,1,0.06993548387096775,0
rf,4,SR386_40X_HE_T346_01,0,0.1266926406926407,0
rf,4,SR386_40X_HE_T352_01,0,0.07902368328031108,0
rf,4,SR386_40X_HE_T373_01,0,0.14697531360644964,0
rf,4,SR386_40X_HE_T375_01,0,0.15102331002331001,0
rf,4,SR386_40X_HE_T381_01,0,0.042,0
rf,4,SR386_40X_HE_T389_01,0,0.07263636363636362,0
rf,4,SR386_40X_HE_T391_01,0,0.07415830135041301,0
rf,4,SR386_40X_HE_T394_01,0,0.08665478503016659,0
rf,4,SR386_40X_HE_T399_01,0,0.1228682901950784,0
rf,4,SR386_40X_HE_T403_01,0,0.029951219512195124,0
rf,4,SR386_40X_HE_T405_01,0,0.11134124883770832,0
rf,4,SR386_40X_HE_T407_01,0,0.04772294372294372,0
rf,4,SR386_40X_HE_T414_01,0,0.09785856079404466,0
rf,4,SR386_40X_HE_T424_01,0,0.11654865424430641,0
rf,4,SR386_40X_HE_T429_01,0,0.11537870731419118,0
rf,4,SR386_40X_HE_T441_01,0,0.13141612554112553,0
rf,4,SR386_40X_HE_T451_01,0,0.06716117216117215,0
rf,4,SR386_40X_HE_T453_01,0,0.057967213114754106,0
rf,4,SR386_40X_HE_T455_01,0,0.10355731225296443,0
rf,4,SR386_40X_HE_T465_01,0,0.089875,0
rf,4,SR386_40X_HE_T474_01,0,0.13305135987201205,0
rf,4,SR386_40X_HE_T476_01,0,0.14596024038593752,0
rf,4,SR386_40X_HE_T479_01,0,0.07818277281390885,0
rf,4,SR386_40X_HE_T482_01,0,0.0688174714486075,0
rf,4,SR386_40X_HE_T487_01,0,0.03916770186335404,0
rf,4,SR386_40X_HE_T490_01,0,0.10440953792584227,0
rf,4,SR386_40X_HE_T494_01,0,0.025095238095238098,0
rf,4,SR386_40X_HE_T500_01,0,0.022,0
rf,4,SR386_40X_HE_T510_01,0,0.054,0
rf,4,SR386_40X_HE_T524_01,0,0.11745454545454545,0
rf,4,SR386_40X_HE_T528_01,0,0.11895163844809792,0
rf,4,SR386_40X_HE_T532_01,0,0.07272146181308173,0
rf,4,SR386_40X_HE_T534_01,0,0.12165842759391148,0
rf,4,SR386_40X_HE_T536_01,0,0.01596078431372549,0
rf,4,SR386_40X_HE_T537_01,0,0.1254729437229437,0
rf,4,SR386_40X_HE_T541_01,0,0.11684902054467271,0
rf,4,SR386_40X_HE_T548_01,1,0.10542033235581623,0
rf,4,SR386_40X_HE_T550_01,0,0.08913250200628513,0
rf,4,SR386_40X_HE_T551_01,0,0.022,0
rf,4,SR386_40X_HE_T557_01,0,0.11688507594555982,0
rf,4,SR386_40X_HE_T565_01,0,0.049753665689149566,0
rf,4,SR386_40X_HE_T567_01,0,0.09577572964669738,0
rf,4,SR386_40X_HE_T575_01,0,0.14781818181818182,0
rf,4,SR386_40X_HE_T576_01,0,0.04355731225296442,0
rf,4,SR386_40X_HE_T581_01,0,0.12940400775694894,0
