classifier,fold,WSI_ID,target,prob_pos,pred_at_0.5
lin,1,SR1482_40X_HE_T029_01,0,0.9787178096753173,1
lin,1,SR1482_40X_HE_T029_02,0,0.9949791422261989,1
lin,1,SR1482_40X_HE_T057_01,0,0.001061614357921317,0
lin,1,SR1482_40X_HE_T063_01,1,0.9846434809269271,1
lin,1,SR1482_40X_HE_T063_02,1,0.006165580633285657,0
lin,1,SR1482_40X_HE_T065_01,0,0.5789905641838339,1
lin,1,SR1482_40X_HE_T065_02,0,0.6029147665639378,1
lin,1,SR1482_40X_HE_T066_01,0,0.007842931512900875,0
lin,1,SR1482_40X_HE_T066_02,0,0.00975687546182263,0
lin,1,SR1482_40X_HE_T068_01,0,5.078329628271848e-06,0
lin,1,SR1482_40X_HE_T069_01,0,2.889872474162672e-05,0
lin,1,SR1482_40X_HE_T069_02,0,0.0023985180662966558,0
lin,1,SR1482_40X_HE_T079_01,1,0.03859982004490575,0
lin,1,SR1482_40X_HE_T079_02,1,0.392508884477834,0
lin,1,SR1482_40X_HE_T080_01,0,0.0003310170533170123,0
lin,1,SR1482_40X_HE_T080_02,0,8.268277672409903e-05,0
lin,1,SR1482_40X_HE_T081_01,0,0.08561705047591363,0
lin,1,SR1482_40X_HE_T081_02,0,0.0010787569407346574,0
lin,1,SR1482_40X_HE_T099_01,0,3.346800670296292e-06,0
lin,1,SR1482_40X_HE_T116_01,0,0.7934411272938895,1
lin,1,SR1482_40X_HE_T117_01,0,0.024808078709734525,0
lin,1,SR1482_40X_HE_T117_02,0,0.0002015079760321609,0
lin,1,SR1482_40X_HE_T126_01,0,0.00037731420670342175,0
lin,1,SR1482_40X_HE_T129_01,0,0.08707652710249864,0
lin,1,SR1482_40X_HE_T129_02,0,0.059843255192494005,0
lin,1,SR1482_40X_HE_T139_01,0,0.9814068872361966,1
lin,1,SR1482_40X_HE_T139_02,0,0.9609882234967472,1
lin,1,SR1482_40X_HE_T147_01,0,0.997420838129623,1
lin,1,SR1482_40X_HE_T147_02,0,0.8666476459920468,1
lin,1,SR1482_40X_HE_T159_01,0,0.0028464861279966763,0
lin,1,SR1482_40X_HE_T159_02,0,0.0014245637089645425,0
lin,1,SR1482_40X_HE_T192_01,0,0.20803939608227817,0
lin,1,SR1482_40X_HE_T199_01,0,1.3480990753461363e-09,0
lin,1,SR1482_40X_HE_T304_01,0,0.173972710033755,0
lin,1,SR1482_40X_HE_T304_02,0,0.02208240165753923,0
lin,1,SR1482_40X_HE_T310_01,1,0.1449119294747203,0
lin,1,SR1482_40X_HE_T310_02,1,0.1807976095447142,0
lin,1,SR1482_40X_HE_T341_01,0,0.00017166462221521254,0
lin,1,SR1482_40X_HE_T341_02,0,2.5263440912181943e-05,0
lin,1,SR1482_40X_HE_T353_01,0,0.00017732406525328108,0
lin,1,SR1482_40X_HE_T390_01,0,3.5605844201436594e-06,0
lin,1,SR1482_40X_HE_T433_01,1,0.01832739388781098,0
lin,1,SR386_40X_HE_T003_01,0,0.0011429653210191292,0
lin,1,SR386_40X_HE_T004_01,0,0.003974481550247671,0
lin,1,SR386_40X_HE_T022_01,1,0.7399441888490915,1
lin,1,SR386_40X_HE_T030_01,0,0.8699867703458116,1
lin,1,SR386_40X_HE_T033_01,0,0.031359140228356744,0
lin,1,SR386_40X_HE_T036_01,0,0.001583409877405672,0
lin,1,SR386_40X_HE_T038_01,0,0.0011807197329814353,0
lin,1,SR386_40X_HE_T049_01,0,6.127285973794602e-05,0
lin,1,SR386_40X_HE_T050_01,0,0.0007928153225096926,0
lin,1,SR386_40X_HE_T060_01,0,0.19308165207748113,0
lin,1,SR386_40X_HE_T063_01,0,0.24240596777072987,0
lin,1,SR386_40X_HE_T066_01,0,0.0024542788261567436,0
lin,1,SR386_40X_HE_T069_01,0,0.16836289173468824,0
lin,1,SR386_40X_HE_T072_01,0,0.0007468004105735843,0
lin,1,SR386_40X_HE_T074_01,0,0.0005214978528197046,0
lin,1,SR386_40X_HE_T078_01,0,0.0007299504622789203,0
lin,1,SR386_40X_HE_T079_01,0,0.0003029337228708135,0
lin,1,SR386_40X_HE_T092_01,1,0.01605441060512295,0
lin,1,SR386_40X_HE_T096_01,0,0.0005132775405664505,0
lin,1,SR386_40X_HE_T099_01,0,0.00180374920846295,0
lin,1,SR386_40X_HE_T103_01,0,0.0015095446772145518,0
lin,1,SR386_40X_HE_T108_01,0,0.0007015340595389146,0
lin,1,SR386_40X_HE_T113_01,0,0.07989816861910953,0
lin,1,SR386_40X_HE_T114_01,0,2.8962091520355603e-05,0
lin,1,SR386_40X_HE_T119_01,0,0.015175893845567561,0
lin,1,SR386_40X_HE_T126_01,0,0.0017985042659321182,0
lin,1,SR386_40X_HE_T130_01,0,0.0005394423720093345,0
lin,1,SR386_40X_HE_T131_01,0,0.015954510937320154,0
lin,1,SR386_40X_HE_T135_01,0,0.04531076216735257,0
lin,1,SR386_40X_HE_T140_01,0,0.0013397916627768502,0
lin,1,SR386_40X_HE_T144_01,0,0.14115899669974014,0
lin,1,SR386_40X_HE_T147_01,0,0.006814851049014298,0
lin,1,SR386_40X_HE_T148_01,0,0.00397583430255436,0
lin,1,SR386_40X_HE_T160_01,0,0.00016432499208041435,0
lin,1,SR386_40X_HE_T169_01,0,1.1128468622344385e-06,0
lin,1,SR386_40X_HE_T170_01,1,0.8796704965851959,1
lin,1,SR386_40X_HE_T172_01,0,0.9112795041122348,1
lin,1,SR386_40X_HE_T174_01,0,0.0013608241303751174,0
lin,1,SR386_40X_HE_T181_01,0,0.005046043375195841,0
lin,1,SR386_40X_HE_T196_01,0,0.003302698651937026,0
lin,1,SR386_40X_HE_T205_01,0,0.8608653944681373,1
lin,1,SR386_40X_HE_T209_01,0,0.0003444679830359345,0
lin,1,SR386_40X_HE_T210_01,0,0.04764953878420809,0
lin,1,SR386_40X_HE_T212_01,0,0.002307757253020565,0
lin,1,SR386_40X_HE_T221_01,0,0.7046552617193004,1
lin,1,SR386_40X_HE_T224_01,0,0.012539401459559504,0
lin,1,SR386_40X_HE_T231_01,1,0.6280981281663316,1
lin,1,SR386_40X_HE_T232_01,0,0.0006881399309425717,0
lin,1,SR386_40X_HE_T247_01,0,0.019079749259976755,0
lin,1,SR386_40X_HE_T252_01,0,0.002235292338725635,0
lin,1,SR386_40X_HE_T255_01,0,0.0008446706741481089,0
lin,1,SR386_40X_HE_T259_01,1,0.9413482382341312,1
lin,1,SR386_40X_HE_T274_01,0,2.2808760575343692e-05,0
lin,1,SR386_40X_HE_T275_01,0,0.044033021905712476,0
lin,1,SR386_40X_HE_T282_01,0,0.0017026541400728442,0
lin,1,SR386_40X_HE_T294_01,0,0.04586788200769272,0
lin,1,SR386_40X_HE_T311_01,0,0.03551075021832858,0
lin,1,SR386_40X_HE_T315_01,0,0.08674047600689812,0
lin,1,SR386_40X_HE_T319_01,1,0.2755320717237666,0
lin,1,SR386_40X_HE_T324_01,1,0.00416500352719523,0
lin,1,SR386_40X_HE_T330_01,0,9.338053417174106e-05,0
lin,1,SR386_40X_HE_T333_01,0,0.04560299826614521,0
lin,1,SR386_40X_HE_T335_01,0,0.008327873818711355,0
lin,1,SR386_40X_HE_T337_01,0,0.27901068715453603,0
lin,1,SR386_40X_HE_T344_01,0,0.0015758391446415553,0
lin,1,SR386_40X_HE_T347_01,0,0.004463378655395486,0
lin,1,SR386_40X_HE_T350_01,0,0.002192498998077899,0
lin,1,SR386_40X_HE_T351_01,0,0.012694718789762943,0
lin,1,SR386_40X_HE_T360_01,0,0.00048266230481259684,0
lin,1,SR386_40X_HE_T361_01,0,0.0003834912039079616,0
lin,1,SR386_40X_HE_T366_01,0,0.00016010826679794176,0
lin,1,SR386_40X_HE_T377_01,1,0.9430630585709714,1
lin,1,SR386_40X_HE_T384_01,0,3.4827697153847594e-05,0
lin,1,SR386_40X_HE_T395_01,0,9.254485053334626e-07,0
lin,1,SR386_40X_HE_T396_01,0,0.00041193023321432976,0
lin,1,SR386_40X_HE_T401_01,0,0.005123150455791552,0
lin,1,SR386_40X_HE_T408_01,0,0.00569827374342324,0
lin,1,SR386_40X_HE_T410_01,0,0.014207975334617689,0
lin,1,SR386_40X_HE_T413_01,0,0.0064929160772596506,0
lin,1,SR386_40X_HE_T416_01,0,0.022392292183977175,0
lin,1,SR386_40X_HE_T418_01,0,0.00659432369046297,0
lin,1,SR386_40X_HE_T419_01,0,0.7760283829150905,1
lin,1,SR386_40X_HE_T421_01,0,0.003196331590305197,0
lin,1,SR386_40X_HE_T423_01,0,0.010027576002759527,0
lin,1,SR386_40X_HE_T428_01,0,0.0038330843096277714,0
lin,1,SR386_40X_HE_T430_01,0,0.00040963795081869593,0
lin,1,SR386_40X_HE_T431_01,0,0.013013522641733085,0
lin,1,SR386_40X_HE_T435_01,0,0.6982742065171865,1
lin,1,SR386_40X_HE_T438_01,0,0.023429892087806874,0
lin,1,SR386_40X_HE_T439_01,0,0.2607746989435713,0
lin,1,SR386_40X_HE_T447_01,0,0.00021551583440069315,0
lin,1,SR386_40X_HE_T449_01,0,0.00037411498665411013,0
lin,1,SR386_40X_HE_T454_01,0,0.01440515874606476,0
lin,1,SR386_40X_HE_T456_01,0,0.012038066556718609,0
lin,1,SR386_40X_HE_T461_01,0,0.006001789552634591,0
lin,1,SR386_40X_HE_T462_01,0,0.03460600687722975,0
lin,1,SR386_40X_HE_T468_01,0,0.00021538106196231365,0
lin,1,SR386_40X_HE_T469_01,1,0.9959454117267038,1
lin,1,SR386_40X_HE_T470_01,0,0.009532972675046932,0
lin,1,SR386_40X_HE_T471_01,0,0.0003553618458078543,0
lin,1,SR386_40X_HE_T477_01,0,0.03261407147159842,0
lin,1,SR386_40X_HE_T480_01,0,0.11667370478885947,0
lin,1,SR386_40X_HE_T484_01,0,0.08250581944121557,0
lin,1,SR386_40X_HE_T495_01,0,2.790795798877137e-05,0
lin,1,SR386_40X_HE_T496_01,0,3.8070293271895924e-05,0
lin,1,SR386_40X_HE_T498_01,0,0.028030292766375198,0
lin,1,SR386_40X_HE_T504_01,0,0.046573933051040566,0
lin,1,SR386_40X_HE_T511_01,0,0.014804802754565851,0
lin,1,SR386_40X_HE_T517_01,0,0.1346104419176257,0
lin,1,SR386_40X_HE_T523_01,0,0.003229853629756093,0
lin,1,SR386_40X_HE_T529_01,0,0.005910995775037223,0
lin,1,SR386_40X_HE_T542_01,0,0.0003149075819551485,0
lin,1,SR386_40X_HE_T569_01,0,0.4590796721514299,0
lin,1,SR386_40X_HE_T582_01,0,0.0005394819385981161,0
lin,2,SR1482_40X_HE_T009_01,0,2.92759983503179e-14,0
lin,2,SR1482_40X_HE_T009_02,0,3.896697579945013e-14,0
lin,2,SR1482_40X_HE_T015_01,0,0.5123002057036447,1
lin,2,SR1482_40X_HE_T021_01,0,0.0066160397604948405,0
lin,2,SR1482_40X_HE_T067_01,0,8.781705178113445e-11,0
lin,2,SR1482_40X_HE_T075_01,0,0.0003331866391468946,0
lin,2,SR1482_40X_HE_T075_02,0,0.0020312950899946613,0
lin,2,SR1482_40X_HE_T098_01,0,0.01981316171683736,0
lin,2,SR1482_40X_HE_T098_02,0,0.015224268561644345,0
lin,2,SR1482_40X_HE_T102_01,0,0.9665540793200301,1
lin,2,SR1482_40X_HE_T123_01,0,0.0008057537477507354,0
lin,2,SR1482_40X_HE_T142_01,0,7.630453014439302e-05,0
lin,2,SR1482_40X_HE_T146_01,0,0.8844352159049494,1
lin,2,SR1482_40X_HE_T148_01,0,0.04134040626786846,0
lin,2,SR1482_40X_HE_T148_02,0,0.0036037867682173572,0
lin,2,SR1482_40X_HE_T154_01,0,0.04361881804519459,0
lin,2,SR1482_40X_HE_T158_01,0,0.06719509676656653,0
lin,2,SR1482_40X_HE_T161_01,0,0.001115144457171566,0
lin,2,SR1482_40X_HE_T161_02,0,0.0028965316228212854,0
lin,2,SR1482_40X_HE_T164_01,1,0.0046402703802220216,0
lin,2,SR1482_40X_HE_T164_02,1,0.04905256348156168,0
lin,2,SR1482_40X_HE_T168_01,0,0.854975373766491,1
lin,2,SR1482_40X_HE_T171_01,0,0.0003870816286538317,0
lin,2,SR1482_40X_HE_T171_02,0,0.018719693737847667,0
lin,2,SR1482_40X_HE_T178_01,1,0.0378933812101141,0
lin,2,SR1482_40X_HE_T186_01,0,0.007693902993440159,0
lin,2,SR1482_40X_HE_T193_01,0,0.0021420987604807975,0
lin,2,SR1482_40X_HE_T193_02,0,0.030768833158756267,0
lin,2,SR1482_40X_HE_T209_01,0,0.010573498332989581,0
lin,2,SR1482_40X_HE_T209_02,0,0.00921217778431078,0
lin,2,SR1482_40X_HE_T245_01,0,0.007930964729166283,0
lin,2,SR1482_40X_HE_T245_02,0,0.00021416712422120743,0
lin,2,SR1482_40X_HE_T265_01,0,0.01669511841202051,0
lin,2,SR1482_40X_HE_T302_01,0,0.04793255277112101,0
lin,2,SR1482_40X_HE_T343_01,1,0.03560793450919583,0
lin,2,SR1482_40X_HE_T343_02,1,0.003466043066997098,0
lin,2,SR1482_40X_HE_T399_01,0,0.4264794941459451,0
lin,2,SR1482_40X_HE_T399_02,0,0.013950187349361676,0
lin,2,SR1482_40X_HE_T426_01,0,2.1317141443915096e-05,0
lin,2,SR1482_40X_HE_T426_02,0,0.00010793962353500607,0
lin,2,SR386_40X_HE_T001_01,0,0.0013740935760267524,0
lin,2,SR386_40X_HE_T013_01,0,0.0006400869204900869,0
lin,2,SR386_40X_HE_T018_01,0,0.0008650823956427558,0
lin,2,SR386_40X_HE_T019_01,0,0.0024115617215404645,0
lin,2,SR386_40X_HE_T024_01,0,9.69362866039842e-05,0
lin,2,SR386_40X_HE_T039_01,0,0.00426730326540077,0
lin,2,SR386_40X_HE_T040_01,1,0.888156187945748,1
lin,2,SR386_40X_HE_T042_01,0,0.0028395347751768605,0
lin,2,SR386_40X_HE_T047_01,0,0.0001080914722967223,0
lin,2,SR386_40X_HE_T051_01,0,3.2998635062402897e-07,0
lin,2,SR386_40X_HE_T052_01,0,0.0009318945256688494,0
lin,2,SR386_40X_HE_T056_01,0,0.005112139483898122,0
lin,2,SR386_40X_HE_T057_01,0,4.0451865973794906e-05,0
lin,2,SR386_40X_HE_T070_01,0,0.00308422445728979,0
lin,2,SR386_40X_HE_T082_01,0,0.0001418856917584107,0
lin,2,SR386_40X_HE_T084_01,0,0.0040766751213596915,0
lin,2,SR386_40X_HE_T087_01,0,0.008895663995567626,0
lin,2,SR386_40X_HE_T088_01,0,0.0011020862199126885,0
lin,2,SR386_40X_HE_T098_01,0,0.03265938948614147,0
lin,2,SR386_40X_HE_T105_01,0,0.0022564729583495775,0
lin,2,SR386_40X_HE_T122_01,0,0.001017905487260563,0
lin,2,SR386_40X_HE_T123_01,0,0.18481771690655982,0
lin,2,SR386_40X_HE_T133_01,0,5.161539995852994e-05,0
lin,2,SR386_40X_HE_T145_01,0,0.037152179011029025,0
lin,2,SR386_40X_HE_T150_01,0,0.5467675830114297,1
lin,2,SR386_40X_HE_T152_01,0,0.37284841890484727,0
lin,2,SR386_40X_HE_T155_01,0,0.03408988427969686,0
lin,2,SR386_40X_HE_T157_01,0,0.00014877693195587541,0
lin,2,SR386_40X_HE_T164_01,0,0.0003048739980990539,0
lin,2,SR386_40X_HE_T166_01,0,0.8196663696147886,1
lin,2,SR386_40X_HE_T176_01,1,0.4698424059110477,0
lin,2,SR386_40X_HE_T177_01,0,0.000785083417018567,0
lin,2,SR386_40X_HE_T178_01,0,0.29227606633247116,0
lin,2,SR386_40X_HE_T187_01,0,0.006324580318140624,0
lin,2,SR386_40X_HE_T190_01,0,0.00020711442562742344,0
lin,2,SR386_40X_HE_T192_01,0,0.00011079989188785939,0
lin,2,SR386_40X_HE_T198_01,0,0.006010444395809675,0
lin,2,SR386_40X_HE_T200_01,0,0.24984410880102337,0
lin,2,SR386_40X_HE_T206_01,1,0.0015327804264800822,0
lin,2,SR386_40X_HE_T211_01,0,0.009287209454539988,0
lin,2,SR386_40X_HE_T213_01,0,0.029701239552146676,0
lin,2,SR386_40X_HE_T214_01,0,0.000812980880953549,0
lin,2,SR386_40X_HE_T220_01,0,0.0004986092644376317,0
lin,2,SR386_40X_HE_T230_01,1,1.0149044656788372e-09,0
lin,2,SR386_40X_HE_T236_01,0,0.008364499715794558,0
lin,2,SR386_40X_HE_T237_01,0,6.349314037005406e-05,0
lin,2,SR386_40X_HE_T240_01,0,0.008846855262069601,0
lin,2,SR386_40X_HE_T241_01,0,0.0011809846830237321,0
lin,2,SR386_40X_HE_T242_01,0,0.004172233570257354,0
lin,2,SR386_40X_HE_T253_01,0,9.168662825080643e-05,0
lin,2,SR386_40X_HE_T260_01,0,0.006181755132945834,0
lin,2,SR386_40X_HE_T262_01,0,0.00408587914908991,0
lin,2,SR386_40X_HE_T264_01,0,0.07054334976610692,0
lin,2,SR386_40X_HE_T271_01,0,1.9097557466871906e-05,0
lin,2,SR386_40X_HE_T281_01,0,0.0048342600698580655,0
lin,2,SR386_40X_HE_T297_01,0,1.149774677584754e-06,0
lin,2,SR386_40X_HE_T299_01,0,0.00015068950676374047,0
lin,2,SR386_40X_HE_T301_01,0,8.22717196443286e-05,0
lin,2,SR386_40X_HE_T306_01,0,0.00027757672370077934,0
lin,2,SR386_40X_HE_T309_01,0,0.008258793411959023,0
lin,2,SR386_40X_HE_T314_01,0,0.03621702144753805,0
lin,2,SR386_40X_HE_T316_01,0,0.49396622139682195,0
lin,2,SR386_40X_HE_T318_01,0,0.0027776752379214953,0
lin,2,SR386_40X_HE_T321_01,0,0.01427975850648364,0
lin,2,SR386_40X_HE_T326_01,0,0.002580337901738,0
lin,2,SR386_40X_HE_T327_01,0,3.2214362396035645e-05,0
lin,2,SR386_40X_HE_T332_01,1,0.10752491308150768,0
lin,2,SR386_40X_HE_T355_01,0,0.026779992035273578,0
lin,2,SR386_40X_HE_T364_01,0,0.7609088348870683,1
lin,2,SR386_40X_HE_T368_01,1,1.5763679793183648e-06,0
lin,2,SR386_40X_HE_T374_01,0,3.289697018651028e-06,0
lin,2,SR386_40X_HE_T380_01,0,0.001197383502032306,0
lin,2,SR386_40X_HE_T382_01,0,0.0003870611473723974,0
lin,2,SR386_40X_HE_T392_01,0,0.0017638514189223834,0
lin,2,SR386_40X_HE_T398_01,0,0.0003859361220330328,0
lin,2,SR386_40X_HE_T402_01,1,0.8565473237798696,1
lin,2,SR386_40X_HE_T404_01,0,0.0003896472386867986,0
lin,2,SR386_40X_HE_T415_01,0,1.4107609531530337e-05,0
lin,2,SR386_40X_HE_T417_01,0,1.5608465635961975e-05,0
lin,2,SR386_40X_HE_T425_01,0,0.001161767910279222,0
lin,2,SR386_40X_HE_T436_01,1,0.0002925100178945953,0
lin,2,SR386_40X_HE_T437_01,0,0.0036156330370267363,0
lin,2,SR386_40X_HE_T440_01,0,0.017431149028861767,0
lin,2,SR386_40X_HE_T445_01,0,0.005968793094396998,0
lin,2,SR386_40X_HE_T450_01,0,0.0161320744892975,0
lin,2,SR386_40X_HE_T459_01,0,0.0005800683849551333,0
lin,2,SR386_40X_HE_T472_01,0,9.15553374625678e-05,0
lin,2,SR386_40X_HE_T481_01,0,0.0015978873823593992,0
lin,2,SR386_40X_HE_T483_01,0,0.017770382178799046,0
lin,2,SR386_40X_HE_T486_01,0,0.1677213919559821,0
lin,2,SR386_40X_HE_T488_01,0,4.227666741116855e-05,0
lin,2,SR386_40X_HE_T499_01,0,0.0013937053912479464,0
lin,2,SR386_40X_HE_T507_01,0,0.11460810669220357,0
lin,2,SR386_40X_HE_T514_01,0,0.0001801584693859845,0
lin,2,SR386_40X_HE_T520_01,1,2.5858707650891097e-05,0
lin,2,SR386_40X_HE_T522_01,0,0.03136046212272631,0
lin,2,SR386_40X_HE_T531_01,0,0.0040646477282531976,0
lin,2,SR386_40X_HE_T535_01,0,1.5587736030213694e-05,0
lin,2,SR386_40X_HE_T539_01,0,0.0019536050635948505,0
lin,2,SR386_40X_HE_T549_01,0,0.010980873256656299,0
lin,2,SR386_40X_HE_T552_01,0,0.004760814283473541,0
lin,2,SR386_40X_HE_T553_01,0,0.610643051837871,1
lin,2,SR386_40X_HE_T554_01,0,1.0225682198422535e-06,0
lin,2,SR386_40X_HE_T558_01,0,3.2120951751834486e-05,0
lin,2,SR386_40X_HE_T564_01,0,0.041409504963402316,0
lin,2,SR386_40X_HE_T570_01,0,0.0029927544527313514,0
lin,2,SR386_40X_HE_T574_01,0,1.0697539541381986e-05,0
lin,2,SR386_40X_HE_T578_01,0,5.495598782953244e-06,0
lin,2,SR386_40X_HE_T580_01,0,0.0016849428238673585,0
lin,3,SR1482_40X_HE_T005_01,0,0.2495956939021703,0
lin,3,SR1482_40X_HE_T005_02,0,0.7611029655952863,1
lin,3,SR1482_40X_HE_T010_01,0,1.6446200939887132e-07,0
lin,3,SR1482_40X_HE_T043_01,0,1.6229735825956796e-06,0
lin,3,SR1482_40X_HE_T043_02,0,2.3583238852144553e-06,0
lin,3,SR1482_40X_HE_T049_01,0,2.6332723740989358e-05,0
lin,3,SR1482_40X_HE_T061_01,0,0.9506478674854436,1
lin,3,SR1482_40X_HE_T061_02,0,0.4360647877730285,0
lin,3,SR1482_40X_HE_T070_01,1,0.00013427154978376982,0
lin,3,SR1482_40X_HE_T073_01,0,1.0859636935226919e-07,0
lin,3,SR1482_40X_HE_T082_01,0,0.0007981875014254734,0
lin,3,SR1482_40X_HE_T082_02,0,0.00602159629031433,0
lin,3,SR1482_40X_HE_T089_01,0,9.05532949663222e-07,0
lin,3,SR1482_40X_HE_T090_01,0,1.030727010954093e-05,0
lin,3,SR1482_40X_HE_T094_01,1,0.1614714893660269,0
lin,3,SR1482_40X_HE_T094_02,1,0.03399796523749089,0
lin,3,SR1482_40X_HE_T105_01,0,0.017480233594095007,0
lin,3,SR1482_40X_HE_T115_01,0,0.09120400155029779,0
lin,3,SR1482_40X_HE_T115_02,0,0.0008322624210139069,0
lin,3,SR1482_40X_HE_T118_01,0,0.2789249054022327,0
lin,3,SR1482_40X_HE_T118_02,0,0.028672865504060886,0
lin,3,SR1482_40X_HE_T120_01,0,0.7706577043376464,1
lin,3,SR1482_40X_HE_T120_02,0,0.32315233269367166,0
lin,3,SR1482_40X_HE_T124_01,0,0.8729038833462874,1
lin,3,SR1482_40X_HE_T124_02,0,0.8965758994717515,1
lin,3,SR1482_40X_HE_T138_01,0,2.897357252567452e-06,0
lin,3,SR1482_40X_HE_T160_01,0,0.00025405639646627095,0
lin,3,SR1482_40X_HE_T160_02,0,0.0022096611352076375,0
lin,3,SR1482_40X_HE_T167_01,0,0.002280676497690612,0
lin,3,SR1482_40X_HE_T167_02,0,0.01801241844170193,0
lin,3,SR1482_40X_HE_T175_01,0,0.05075838485349797,0
lin,3,SR1482_40X_HE_T175_02,0,0.18373168753722433,0
lin,3,SR1482_40X_HE_T177_01,1,0.0007494849505778114,0
lin,3,SR1482_40X_HE_T188_01,0,7.503725710148316e-07,0
lin,3,SR1482_40X_HE_T195_01,0,0.018529271083128452,0
lin,3,SR1482_40X_HE_T195_02,0,0.006463451787554497,0
lin,3,SR1482_40X_HE_T202_01,0,1.0131452084559931e-05,0
lin,3,SR1482_40X_HE_T202_02,0,9.485456243831772e-05,0
lin,3,SR1482_40X_HE_T225_01,0,0.04113192020969667,0
lin,3,SR1482_40X_HE_T225_02,0,0.0035833954070510067,0
lin,3,SR1482_40X_HE_T235_01,0,0.020385267327910753,0
lin,3,SR1482_40X_HE_T235_02,0,0.0013382948146466356,0
lin,3,SR1482_40X_HE_T236_01,0,5.211611721460467e-05,0
lin,3,SR1482_40X_HE_T236_02,0,0.006306143517853195,0
lin,3,SR1482_40X_HE_T258_01,0,6.591340254848322e-06,0
lin,3,SR1482_40X_HE_T258_02,0,0.00021124180407967324,0
lin,3,SR1482_40X_HE_T284_01,1,0.02064824545738595,0
lin,3,SR1482_40X_HE_T284_02,1,0.3472780930111259,0
lin,3,SR1482_40X_HE_T301_01,1,0.8569458445787145,1
lin,3,SR1482_40X_HE_T301_02,1,0.15970212842314013,0
lin,3,SR1482_40X_HE_T309_01,0,0.9086279002031852,1
lin,3,SR1482_40X_HE_T313_01,0,0.00436768052813539,0
lin,3,SR1482_40X_HE_T313_02,0,0.01382768505722105,0
lin,3,SR1482_40X_HE_T338_01,0,0.005681585673340268,0
lin,3,SR1482_40X_HE_T344_01,0,0.0010363966823015,0
lin,3,SR1482_40X_HE_T344_02,0,0.017824484025347524,0
lin,3,SR1482_40X_HE_T346_01,0,0.3719926932034169,0
lin,3,SR1482_40X_HE_T346_02,0,0.01860419536669884,0
lin,3,SR1482_40X_HE_T377_01,0,0.0009763442359312619,0
lin,3,SR1482_40X_HE_T377_02,0,0.0015717773714381692,0
lin,3,SR1482_40X_HE_T419_01,0,4.308116763302117e-05,0
lin,3,SR1482_40X_HE_T427_01,0,0.010936099929754778,0
lin,3,SR1482_40X_HE_T427_02,0,0.00024392135977154315,0
lin,3,SR386_40X_HE_T007_01,0,0.02223013630468586,0
lin,3,SR386_40X_HE_T015_01,0,0.011047544431185972,0
lin,3,SR386_40X_HE_T017_01,1,0.30508313690351313,0
lin,3,SR386_40X_HE_T032_01,0,0.004197201067079691,0
lin,3,SR386_40X_HE_T034_01,0,0.0010040223971637047,0
lin,3,SR386_40X_HE_T035_01,0,0.06685069981344874,0
lin,3,SR386_40X_HE_T041_01,0,0.9972306393870704,1
lin,3,SR386_40X_HE_T067_01,0,9.416870482082892e-05,0
lin,3,SR386_40X_HE_T075_01,0,0.0007811627173670195,0
lin,3,SR386_40X_HE_T081_01,0,0.9911092314346525,1
lin,3,SR386_40X_HE_T083_01,0,0.01687173644200691,0
lin,3,SR386_40X_HE_T085_01,0,0.0002396418885902924,0
lin,3,SR386_40X_HE_T095_01,0,0.012788585849423552,0
lin,3,SR386_40X_HE_T104_01,0,0.003361990573200505,0
lin,3,SR386_40X_HE_T106_01,0,0.0034509976896761984,0
lin,3,SR386_40X_HE_T112_01,0,0.007539131645084099,0
lin,3,SR386_40X_HE_T128_01,0,0.00012879278201257836,0
lin,3,SR386_40X_HE_T132_01,0,5.183819094755467e-06,0
lin,3,SR386_40X_HE_T138_01,0,0.0010042403541718086,0
lin,3,SR386_40X_HE_T142_01,0,0.05882413358767246,0
lin,3,SR386_40X_HE_T149_01,0,0.028320661456449688,0
lin,3,SR386_40X_HE_T165_01,1,0.21360544051706304,0
lin,3,SR386_40X_HE_T179_01,0,0.03838815880018314,0
lin,3,SR386_40X_HE_T180_01,0,0.004403280879643625,0
lin,3,SR386_40X_HE_T182_01,0,0.011013735890200719,0
lin,3,SR386_40X_HE_T184_01,0,0.08906632314062721,0
lin,3,SR386_40X_HE_T188_01,0,0.00010201156740915846,0
lin,3,SR386_40X_HE_T191_01,0,0.0009216443460281937,0
lin,3,SR386_40X_HE_T197_01,0,0.0009462790419488327,0
lin,3,SR386_40X_HE_T201_01,0,0.0005871799246756319,0
lin,3,SR386_40X_HE_T202_01,0,0.00012848853336236234,0
lin,3,SR386_40X_HE_T208_01,0,7.523530784378236e-05,0
lin,3,SR386_40X_HE_T216_01,1,0.8586844316954511,1
lin,3,SR386_40X_HE_T238_01,0,0.0005994653787744265,0
lin,3,SR386_40X_HE_T244_01,0,0.0022473286164374205,0
lin,3,SR386_40X_HE_T248_01,0,0.0018258068988159903,0
lin,3,SR386_40X_HE_T249_01,0,0.00024149870203454477,0
lin,3,SR386_40X_HE_T250_01,0,0.005364480039965316,0
lin,3,SR386_40X_HE_T263_01,0,0.00022429759207198707,0
lin,3,SR386_40X_HE_T267_01,0,0.0036453813188700238,0
lin,3,SR386_40X_HE_T269_01,0,0.004692544312916669,0
lin,3,SR386_40X_HE_T277_01,0,0.0002477223395128114,0
lin,3,SR386_40X_HE_T286_01,0,0.2653206869684587,0
lin,3,SR386_40X_HE_T287_01,0,0.010414025751777715,0
lin,3,SR386_40X_HE_T290_01,0,0.003409845672144563,0
lin,3,SR386_40X_HE_T293_01,0,0.001800047296787925,0
lin,3,SR386_40X_HE_T298_01,0,0.0003645236429053524,0
lin,3,SR386_40X_HE_T303_01,0,0.0002664822038825315,0
lin,3,SR386_40X_HE_T312_01,0,0.12064571225451462,0
lin,3,SR386_40X_HE_T329_01,0,0.0005305860053639246,0
lin,3,SR386_40X_HE_T336_01,0,0.006752781705235899,0
lin,3,SR386_40X_HE_T338_01,0,0.00019567336083581446,0
lin,3,SR386_40X_HE_T342_01,0,0.012698723273283755,0
lin,3,SR386_40X_HE_T353_01,0,0.002135943757774864,0
lin,3,SR386_40X_HE_T357_01,0,4.42649621196523e-06,0
lin,3,SR386_40X_HE_T362_01,0,0.001119011686608768,0
lin,3,SR386_40X_HE_T363_01,1,0.14082643584771198,0
lin,3,SR386_40X_HE_T372_01,0,0.5288477780723551,1
lin,3,SR386_40X_HE_T378_01,0,0.0001532609645702786,0
lin,3,SR386_40X_HE_T379_01,0,0.0010593279735693095,0
lin,3,SR386_40X_HE_T386_01,0,0.0030635959393369586,0
lin,3,SR386_40X_HE_T387_01,0,1.7381534418706054e-05,0
lin,3,SR386_40X_HE_T393_01,0,0.003238473917122422,0
lin,3,SR386_40X_HE_T397_01,0,0.48985993920651616,0
lin,3,SR386_40X_HE_T406_01,0,0.19153521669600218,0
lin,3,SR386_40X_HE_T409_01,0,0.0009313863562941943,0
lin,3,SR386_40X_HE_T422_01,0,0.00024420067347290236,0
lin,3,SR386_40X_HE_T426_01,0,0.0003835526550559185,0
lin,3,SR386_40X_HE_T433_01,0,0.01859415211034909,0
lin,3,SR386_40X_HE_T443_01,0,0.0015039320169356898,0
lin,3,SR386_40X_HE_T448_01,0,0.028561784905271826,0
lin,3,SR386_40X_HE_T452_01,0,0.018551440768398614,0
lin,3,SR386_40X_HE_T460_01,1,0.7296568511850265,1
lin,3,SR386_40X_HE_T473_01,0,0.0019615300135332647,0
lin,3,SR386_40X_HE_T475_01,0,0.00011182817714020717,0
lin,3,SR386_40X_HE_T478_01,0,0.0004878269616321173,0
lin,3,SR386_40X_HE_T489_01,1,0.0002912682756030864,0
lin,3,SR386_40X_HE_T491_01,0,0.04007058113159487,0
lin,3,SR386_40X_HE_T492_01,0,0.0003911780833083123,0
lin,3,SR386_40X_HE_T493_01,0,1.2770979717367893e-05,0
lin,3,SR386_40X_HE_T502_01,0,0.0003600980051448696,0
lin,3,SR386_40X_HE_T505_01,0,0.0003971215898288106,0
lin,3,SR386_40X_HE_T506_01,0,0.0002211926992716492,0
lin,3,SR386_40X_HE_T509_01,0,0.007869878594436563,0
lin,3,SR386_40X_HE_T516_01,0,0.01542170586395691,0
lin,3,SR386_40X_HE_T518_01,0,0.0008738387824788481,0
lin,3,SR386_40X_HE_T519_01,0,0.008573790454393779,0
lin,3,SR386_40X_HE_T521_01,0,4.841601162158379e-05,0
lin,3,SR386_40X_HE_T526_01,0,0.0012840247465755157,0
lin,3,SR386_40X_HE_T533_01,0,0.002957467370375149,0
lin,3,SR386_40X_HE_T543_01,0,0.002151636236038833,0
lin,3,SR386_40X_HE_T544_01,0,0.0010899061997315406,0
lin,3,SR386_40X_HE_T556_01,1,0.6194956721232294,1
lin,3,SR386_40X_HE_T560_01,0,0.018147039832320248,0
lin,3,SR386_40X_HE_T563_01,0,0.0002580558892601546,0
lin,3,SR386_40X_HE_T568_01,0,0.00032053657210589647,0
lin,3,SR386_40X_HE_T571_01,0,0.14179099200484965,0
lin,3,SR386_40X_HE_T572_01,0,0.01384852487818394,0
lin,3,SR386_40X_HE_T573_01,0,0.17460447849836228,0
lin,3,SR386_40X_HE_T583_01,0,0.005912697573309839,0
lin,4,SR1482_40X_HE_T002_01,0,4.7815515785339985e-09,0
lin,4,SR1482_40X_HE_T003_01,0,0.0070817025440759445,0
lin,4,SR1482_40X_HE_T004_01,0,0.0003761154407972654,0
lin,4,SR1482_40X_HE_T004_02,0,0.006685422247800192,0
lin,4,SR1482_40X_HE_T011_01,0,4.980340044175938e-08,0
lin,4,SR1482_40X_HE_T025_01,0,3.877299363223645e-07,0
lin,4,SR1482_40X_HE_T025_02,0,1.0371630717707208e-05,0
lin,4,SR1482_40X_HE_T060_01,0,0.0018506451236981352,0
lin,4,SR1482_40X_HE_T062_01,0,0.06793085716564326,0
lin,4,SR1482_40X_HE_T062_02,0,0.0022432864490133774,0
lin,4,SR1482_40X_HE_T064_01,0,0.5037106585536651,1
lin,4,SR1482_40X_HE_T064_02,0,0.04845082261300801,0
lin,4,SR1482_40X_HE_T071_01,0,0.0006835375566972598,0
lin,4,SR1482_40X_HE_T071_02,0,0.042493506795697994,0
lin,4,SR1482_40X_HE_T074_01,0,0.009564818130345272,0
lin,4,SR1482_40X_HE_T074_02,0,0.000914626514098608,0
lin,4,SR1482_40X_HE_T083_01,0,0.37605716065730294,0
lin,4,SR1482_40X_HE_T083_02,0,0.04192492045000028,0
lin,4,SR1482_40X_HE_T087_01,0,5.204725700379794e-07,0
lin,4,SR1482_40X_HE_T097_01,1,0.9980907093225341,1
lin,4,SR1482_40X_HE_T097_02,1,0.014226087237820732,0
lin,4,SR1482_40X_HE_T108_01,0,6.273898773426772e-07,0
lin,4,SR1482_40X_HE_T113_01,0,0.03040379744670178,0
lin,4,SR1482_40X_HE_T113_02,0,0.0209507863237041,0
lin,4,SR1482_40X_HE_T121_01,0,5.49736010291005e-10,0
lin,4,SR1482_40X_HE_T122_01,0,2.4299366763371986e-12,0
lin,4,SR1482_40X_HE_T125_01,0,0.0007793765656519522,0
lin,4,SR1482_40X_HE_T125_02,0,1.3701171790805698e-05,0
lin,4,SR1482_40X_HE_T131_01,0,0.02871603339465892,0
lin,4,SR1482_40X_HE_T131_02,0,0.9731074577408084,1
lin,4,SR1482_40X_HE_T132_01,0,0.019567723042420163,0
lin,4,SR1482_40X_HE_T132_02,0,0.006801695864697084,0
lin,4,SR1482_40X_HE_T143_01,0,0.020568820775070013,0
lin,4,SR1482_40X_HE_T143_02,0,0.2837087310534774,0
lin,4,SR1482_40X_HE_T166_01,1,2.6593832584358414e-08,0
lin,4,SR1482_40X_HE_T169_01,0,0.02270612525944199,0
lin,4,SR1482_40X_HE_T176_01,1,0.9780014671665094,1
lin,4,SR1482_40X_HE_T176_02,1,0.8853886078464851,1
lin,4,SR1482_40X_HE_T191_01,0,2.343521150468339e-09,0
lin,4,SR1482_40X_HE_T194_01,0,0.6465974788198972,1
lin,4,SR1482_40X_HE_T218_01,0,4.5650026970235024e-08,0
lin,4,SR1482_40X_HE_T253_01,0,3.644015196365411e-08,0
lin,4,SR1482_40X_HE_T290_01,0,0.0009657826769036332,0
lin,4,SR1482_40X_HE_T308_01,0,0.001088971055740474,0
lin,4,SR1482_40X_HE_T314_01,0,0.987563461365709,1
lin,4,SR1482_40X_HE_T314_02,0,0.9985984068890292,1
lin,4,SR1482_40X_HE_T372_01,1,0.6674390248850736,1
lin,4,SR1482_40X_HE_T372_02,1,0.36858925013180793,0
lin,4,SR1482_40X_HE_T408_01,0,0.0021620181873845284,0
lin,4,SR1482_40X_HE_T412_01,0,0.007963712591270723,0
lin,4,SR1482_40X_HE_T425_01,0,1.1212734008316348e-06,0
lin,4,SR1482_40X_HE_T434_01,1,0.42717747885617513,0
lin,4,SR386_40X_HE_T006_01,0,0.00016650552145826793,0
lin,4,SR386_40X_HE_T010_01,0,0.0011867178998653538,0
lin,4,SR386_40X_HE_T014_01,0,0.0007572714243496702,0
lin,4,SR386_40X_HE_T016_01,0,1.8948590175466913e-05,0
lin,4,SR386_40X_HE_T020_01,0,8.79767201934708e-06,0
lin,4,SR386_40X_HE_T027_01,0,0.5978140027219595,1
lin,4,SR386_40X_HE_T028_01,0,0.5136021212367783,1
lin,4,SR386_40X_HE_T037_01,0,0.0004146927797679081,0
lin,4,SR386_40X_HE_T043_01,0,0.008782584525283374,0
lin,4,SR386_40X_HE_T044_01,1,0.49649655289079364,0
lin,4,SR386_40X_HE_T046_01,0,0.0006222891561423352,0
lin,4,SR386_40X_HE_T058_01,0,0.000381885083639102,0
lin,4,SR386_40X_HE_T062_01,0,6.342711610289013e-06,0
lin,4,SR386_40X_HE_T065_01,1,0.011083353572962187,0
lin,4,SR386_40X_HE_T080_01,0,5.5767993255075454e-05,0
lin,4,SR386_40X_HE_T091_01,0,0.0008548423170361675,0
lin,4,SR386_40X_HE_T094_01,0,1.4993134076935537e-05,0
lin,4,SR386_40X_HE_T097_01,0,0.0004214973574671764,0
lin,4,SR386_40X_HE_T100_01,0,0.0014940686793936395,0
lin,4,SR386_40X_HE_T107_01,0,0.006089741700999614,0
lin,4,SR386_40X_HE_T109_01,1,0.004607585249046977,0
lin,4,SR386_40X_HE_T110_01,0,0.14516245955161516,0
lin,4,SR386_40X_HE_T117_01,0,0.001260512906814052,0
lin,4,SR386_40X_HE_T127_01,0,0.001566723934283381,0
lin,4,SR386_40X_HE_T129_01,0,0.0003913105880969187,0
lin,4,SR386_40X_HE_T136_01,0,0.0035992918574989504,0
lin,4,SR386_40X_HE_T154_01,0,0.004045399019529407,0
lin,4,SR386_40X_HE_T168_01,1,0.09936757927190801,0
lin,4,SR386_40X_HE_T175_01,0,0.0001938131053839632,0
lin,4,SR386_40X_HE_T189_01,0,7.37107757478417e-07,0
lin,4,SR386_40X_HE_T195_01,0,0.0014904326318632161,0
lin,4,SR386_40X_HE_T227_01,0,0.0017118704666857067,0
lin,4,SR386_40X_HE_T233_01,0,0.04534163504445303,0
lin,4,SR386_40X_HE_T234_01,0,0.012675801725890435,0
lin,4,SR386_40X_HE_T235_01,0,0.06468615177089508,0
lin,4,SR386_40X_HE_T239_01,0,0.012804820208080924,0
lin,4,SR386_40X_HE_T245_01,0,0.002241276241737896,0
lin,4,SR386_40X_HE_T256_01,0,0.004181502722028828,0
lin,4,SR386_40X_HE_T265_01,0,8.532026020463776e-05,0
lin,4,SR386_40X_HE_T268_01,0,0.0005610134281117533,0
lin,4,SR386_40X_HE_T270_01,0,0.00046185632937080447,0
lin,4,SR386_40X_HE_T272_01,0,0.10243049615656098,0
lin,4,SR386_40X_HE_T273_01,0,0.03997690582914873,0
lin,4,SR386_40X_HE_T276_01,0,0.05836226917756371,0
lin,4,SR386_40X_HE_T278_01,1,0.927633441427425,1
lin,4,SR386_40X_HE_T284_01,0,0.0032879975703977585,0
lin,4,SR386_40X_HE_T285_01,0,0.00028839575467844034,0
lin,4,SR386_40X_HE_T288_01,0,0.0016638767083975718,0
lin,4,SR386_40X_HE_T291_01,0,0.0007111461696918325,0
lin,4,SR386_40X_HE_T300_01,0,0.006107866926034175,0
lin,4,SR386_40X_HE_T302_01,0,0.002103785935060984,0
lin,4,SR386_40X_HE_T305_01,0,0.0004948066181668826,0
lin,4,SR386_40X_HE_T308_01,0,9.765010331672406e-06,0
lin,4,SR386_40X_HE_T325_01,0,0.0022648532571542587,0
lin,4,SR386_40X_HE_T331_01,0,0.002675950758633853,0
lin,4,SR386_40X_HE_T341_01,0,0.39677214929560045,0
lin,4,SR386_40X_HE_T343_01,1,0.2923733425753602,0
lin,4,SR386_40X_HE_T346_01,0,0.003715007658062822,0
lin,4,SR386_40X_HE_T352_01,0,0.007098515640420488,0
lin,4,SR386_40X_HE_T373_01,0,0.0036415582714970918,0
lin,4,SR386_40X_HE_T375_01,0,0.2244042992260622,0
lin,4,SR386_40X_HE_T381_01,0,0.0013501657344939225,0
lin,4,SR386_40X_HE_T389_01,0,0.0018171475811078915,0
lin,4,SR386_40X_HE_T391_01,0,0.0007189684332477756,0
lin,4,SR386_40X_HE_T394_01,0,9.666536139504813e-05,0
lin,4,SR386_40X_HE_T399_01,0,0.04517637465990141,0
lin,4,SR386_40X_HE_T403_01,0,7.754320566759572e-06,0
lin,4,SR386_40X_HE_T405_01,0,0.0013411637991593748,0
lin,4,SR386_40X_HE_T407_01,0,0.0004458651436844753,0
lin,4,SR386_40X_HE_T414_01,0,0.029913229714905527,0
lin,4,SR386_40X_HE_T424_01,0,0.07252675732482734,0
lin,4,SR386_40X_HE_T429_01,0,0.007053004833204877,0
lin,4,SR386_40X_HE_T441_01,0,0.005819457334853374,0
lin,4,SR386_40X_HE_T451_01,0,0.005712466763516612,0
lin,4,SR386_40X_HE_T453_01,0,0.0003949794519252792,0
lin,4,SR386_40X_HE_T455_01,0,0.001126223397797688,0
lin,4,SR386_40X_HE_T465_01,0,0.10097633383368075,0
lin,4,SR386_40X_HE_T474_01,0,0.03157061083461035,0
lin,4,SR386_40X_HE_T476_01,0,8.541505452106906e-05,0
lin,4,SR386_40X_HE_T479_01,0,5.543554449237434e-05,0
lin,4,SR386_40X_HE_T482_01,0,0.002256394948731885,0
lin,4,SR386_40X_HE_T487_01,0,0.002053085123576856,0
lin,4,SR386_40X_HE_T490_01,0,0.0013956284231203646,0
lin,4,SR386_40X_HE_T494_01,0,0.0007761829727222756,0
lin,4,SR386_40X_HE_T500_01,0,0.0006703018832386444,0
lin,4,SR386_40X_HE_T510_01,0,0.0018156896361591075,0
lin,4,SR386_40X_HE_T524_01,0,0.00400558108902289,0
lin,4,SR386_40X_HE_T528_01,0,0.09932981637499302,0
lin,4,SR386_40X_HE_T532_01,0,0.00070383324206506,0
lin,4,SR386_40X_HE_T534_01,0,0.3293250464028876,0
lin,4,SR386_40X_HE_T536_01,0,7.87546772511256e-05,0
lin,4,SR386_40X_HE_T537_01,0,0.36659570497668414,0
lin,4,SR386_40X_HE_T541_01,0,0.009356847753251093,0
lin,4,SR386_40X_HE_T548_01,1,0.4380590922108705,0
lin,4,SR386_40X_HE_T550_01,0,0.00600573417087957,0
lin,4,SR386_40X_HE_T551_01,0,0.002610754447706015,0
lin,4,SR386_40X_HE_T557_01,0,0.0027874489023347105,0
lin,4,SR386_40X_HE_T565_01,0,0.012630612862926757,0
lin,4,SR386_40X_HE_T567_01,0,0.005058195663191069,0
lin,4,SR386_40X_HE_T575_01,0,0.03264143173996162,0
lin,4,SR386_40X_HE_T576_01,0,0.001385502987026712,0
lin,4,SR386_40X_HE_T581_01,0,0.00021138907022858047,0
ann,1,SR1482_40X_HE_T029_01,0,0.46252909302711487,0
ann,1,SR1482_40X_HE_T029_02,0,0.4701900780200958,0
ann,1,SR1482_40X_HE_T057_01,0,0.4561980366706848,0
ann,1,SR1482_40X_HE_T063_01,1,0.5838714838027954,1
ann,1,SR1482_40X_HE_T063_02,1,0.472423255443573,0
ann,1,SR1482_40X_HE_T065_01,0,0.5101978778839111,1
ann,1,SR1482_40X_HE_T065_02,0,0.5232630968093872,1
ann,1,SR1482_40X_HE_T066_01,0,0.5603093504905701,1
ann,1,SR1482_40X_HE_T066_02,0,0.5785142183303833,1
ann,1,SR1482_40X_HE_T068_01,0,0.4529116451740265,0
ann,1,SR1482_40X_HE_T069_01,0,0.4177015721797943,0
ann,1,SR1482_40X_HE_T069_02,0,0.42218801379203796,0
ann,1,SR1482_40X_HE_T079_01,1,0.48224303126335144,0
ann,1,SR1482_40X_HE_T079_02,1,0.48570021986961365,0
ann,1,SR1482_40X_HE_T080_01,0,0.46223166584968567,0
ann,1,SR1482_40X_HE_T080_02,0,0.4727138578891754,0
ann,1,SR1482_40X_HE_T081_01,0,0.4672153890132904,0
ann,1,SR1482_40X_HE_T081_02,0,0.5019421577453613,1
ann,1,SR1482_40X_HE_T099_01,0,0.4565945267677307,0
ann,1,SR1482_40X_HE_T116_01,0,0.5465946197509766,1
ann,1,SR1482_40X_HE_T117_01,0,0.49601227045059204,0
ann,1,SR1482_40X_HE_T117_02,0,0.46878883242607117,0
ann,1,SR1482_40X_HE_T126_01,0,0.5357345938682556,1
ann,1,SR1482_40X_HE_T129_01,0,0.5026161074638367,1
ann,1,SR1482_40X_HE_T129_02,0,0.4922672212123871,0
ann,1,SR1482_40X_HE_T139_01,0,0.5498855710029602,1
ann,1,SR1482_40X_HE_T139_02,0,0.5294875502586365,1
ann,1,SR1482_40X_HE_T147_01,0,0.5431999564170837,1
ann,1,SR1482_40X_HE_T147_02,0,0.5211459994316101,1
ann,1,SR1482_40X_HE_T159_01,0,0.546582043170929,1
ann,1,SR1482_40X_HE_T159_02,0,0.4907778203487396,0
ann,1,SR1482_40X_HE_T192_01,0,0.6009488105773926,1
ann,1,SR1482_40X_HE_T199_01,0,0.4032402038574219,0
ann,1,SR1482_40X_HE_T304_01,0,0.4815831780433655,0
ann,1,SR1482_40X_HE_T304_02,0,0.46501195430755615,0
ann,1,SR1482_40X_HE_T310_01,1,0.4681737720966339,0
ann,1,SR1482_40X_HE_T310_02,1,0.42705294489860535,0
ann,1,SR1482_40X_HE_T341_01,0,0.48523014783859253,0
ann,1,SR1482_40X_HE_T341_02,0,0.4808909296989441,0
ann,1,SR1482_40X_HE_T353_01,0,0.4665715992450714,0
ann,1,SR1482_40X_HE_T390_01,0,0.488168865442276,0
ann,1,SR1482_40X_HE_T433_01,1,0.5172892212867737,1
ann,1,SR386_40X_HE_T003_01,0,0.4813457131385803,0
ann,1,SR386_40X_HE_T004_01,0,0.4611758291721344,0
ann,1,SR386_40X_HE_T022_01,1,0.5245967507362366,1
ann,1,SR386_40X_HE_T030_01,0,0.5079492926597595,1
ann,1,SR386_40X_HE_T033_01,0,0.48293381929397583,0
ann,1,SR386_40X_HE_T036_01,0,0.49772655963897705,0
ann,1,SR386_40X_HE_T038_01,0,0.4916781485080719,0
ann,1,SR386_40X_HE_T049_01,0,0.44057130813598633,0
ann,1,SR386_40X_HE_T050_01,0,0.453082799911499,0
ann,1,SR386_40X_HE_T060_01,0,0.4842780530452728,0
ann,1,SR386_40X_HE_T063_01,0,0.5174574851989746,1
ann,1,SR386_40X_HE_T066_01,0,0.4314778745174408,0
ann,1,SR386_40X_HE_T069_01,0,0.4688250720500946,0
ann,1,SR386_40X_HE_T072_01,0,0.43903878331184387,0
ann,1,SR386_40X_HE_T074_01,0,0.5014442801475525,1
ann,1,SR386_40X_HE_T078_01,0,0.46738946437835693,0
ann,1,SR386_40X_HE_T079_01,0,0.4731019139289856,0
ann,1,SR386_40X_HE_T092_01,1,0.4556647539138794,0
ann,1,SR386_40X_HE_T096_01,0,0.4553510546684265,0
ann,1,SR386_40X_HE_T099_01,0,0.4666467607021332,0
ann,1,SR386_40X_HE_T103_01,0,0.4216175079345703,0
ann,1,SR386_40X_HE_T108_01,0,0.47708356380462646,0
ann,1,SR386_40X_HE_T113_01,0,0.48417362570762634,0
ann,1,SR386_40X_HE_T114_01,0,0.4788769483566284,0
ann,1,SR386_40X_HE_T119_01,0,0.4708760380744934,0
ann,1,SR386_40X_HE_T126_01,0,0.4741823673248291,0
ann,1,SR386_40X_HE_T130_01,0,0.417066365480423,0
ann,1,SR386_40X_HE_T131_01,0,0.4823715090751648,0
ann,1,SR386_40X_HE_T135_01,0,0.535521924495697,1
ann,1,SR386_40X_HE_T140_01,0,0.47055697441101074,0
ann,1,SR386_40X_HE_T144_01,0,0.4836593568325043,0
ann,1,SR386_40X_HE_T147_01,0,0.48909419775009155,0
ann,1,SR386_40X_HE_T148_01,0,0.48080503940582275,0
ann,1,SR386_40X_HE_T160_01,0,0.4402324855327606,0
ann,1,SR386_40X_HE_T169_01,0,0.4524123966693878,0
ann,1,SR386_40X_HE_T170_01,1,0.5484530329704285,1
ann,1,SR386_40X_HE_T172_01,0,0.5098423957824707,1
ann,1,SR386_40X_HE_T174_01,0,0.5014887452125549,1
ann,1,SR386_40X_HE_T181_01,0,0.45713695883750916,0
ann,1,SR386_40X_HE_T196_01,0,0.4773007333278656,0
ann,1,SR386_40X_HE_T205_01,0,0.4515620172023773,0
ann,1,SR386_40X_HE_T209_01,0,0.4779316782951355,0
ann,1,SR386_40X_HE_T210_01,0,0.47955042123794556,0
ann,1,SR386_40X_HE_T212_01,0,0.45489534735679626,0
ann,1,SR386_40X_HE_T221_01,0,0.46221476793289185,0
ann,1,SR386_40X_HE_T224_01,0,0.47288134694099426,0
ann,1,SR386_40X_HE_T231_01,1,0.5618592500686646,1
ann,1,SR386_40X_HE_T232_01,0,0.43708956241607666,0
ann,1,SR386_40X_HE_T247_01,0,0.4578849971294403,0
ann,1,SR386_40X_HE_T252_01,0,0.4458801746368408,0
ann,1,SR386_40X_HE_T255_01,0,0.47410356998443604,0
ann,1,SR386_40X_HE_T259_01,1,0.4704957604408264,0
ann,1,SR386_40X_HE_T274_01,0,0.49682632088661194,0
ann,1,SR386_40X_HE_T275_01,0,0.44093528389930725,0
ann,1,SR386_40X_HE_T282_01,0,0.45126834511756897,0
ann,1,SR386_40X_HE_T294_01,0,0.57160884141922,1
ann,1,SR386_40X_HE_T311_01,0,0.47464054822921753,0
ann,1,SR386_40X_HE_T315_01,0,0.47927790880203247,0
ann,1,SR386_40X_HE_T319_01,1,0.5033491849899292,1
ann,1,SR386_40X_HE_T324_01,1,0.5045864582061768,1
ann,1,SR386_40X_HE_T330_01,0,0.42667558789253235,0
ann,1,SR386_40X_HE_T333_01,0,0.45845872163772583,0
ann,1,SR386_40X_HE_T335_01,0,0.4673454165458679,0
ann,1,SR386_40X_HE_T337_01,0,0.48291903734207153,0
ann,1,SR386_40X_HE_T344_01,0,0.4553724527359009,0
ann,1,SR386_40X_HE_T347_01,0,0.46263518929481506,0
ann,1,SR386_40X_HE_T350_01,0,0.4723764657974243,0
ann,1,SR386_40X_HE_T351_01,0,0.4663632810115814,0
ann,1,SR386_40X_HE_T360_01,0,0.44299066066741943,0
ann,1,SR386_40X_HE_T361_01,0,0.447203665971756,0
ann,1,SR386_40X_HE_T366_01,0,0.44915062189102173,0
ann,1,SR386_40X_HE_T377_01,1,0.45009174942970276,0
ann,1,SR386_40X_HE_T384_01,0,0.435302197933197,0
ann,1,SR386_40X_HE_T395_01,0,0.44681504368782043,0
ann,1,SR386_40X_HE_T396_01,0,0.47793999314308167,0
ann,1,SR386_40X_HE_T401_01,0,0.41900521516799927,0
ann,1,SR386_40X_HE_T408_01,0,0.4778588116168976,0
ann,1,SR386_40X_HE_T410_01,0,0.4520491063594818,0
ann,1,SR386_40X_HE_T413_01,0,0.47454097867012024,0
ann,1,SR386_40X_HE_T416_01,0,0.45354366302490234,0
ann,1,SR386_40X_HE_T418_01,0,0.46205294132232666,0
ann,1,SR386_40X_HE_T419_01,0,0.44913437962532043,0
ann,1,SR386_40X_HE_T421_01,0,0.49083754420280457,0
ann,1,SR386_40X_HE_T423_01,0,0.48878923058509827,0
ann,1,SR386_40X_HE_T428_01,0,0.4354398548603058,0
ann,1,SR386_40X_HE_T430_01,0,0.47781234979629517,0
ann,1,SR386_40X_HE_T431_01,0,0.47977110743522644,0
ann,1,SR386_40X_HE_T435_01,0,0.48727893829345703,0
ann,1,SR386_40X_HE_T438_01,0,0.4666803181171417,0
ann,1,SR386_40X_HE_T439_01,0,0.49278274178504944,0
ann,1,SR386_40X_HE_T447_01,0,0.45147204399108887,0
ann,1,SR386_40X_HE_T449_01,0,0.4486411511898041,0
ann,1,SR386_40X_HE_T454_01,0,0.46983522176742554,0
ann,1,SR386_40X_HE_T456_01,0,0.472594678401947,0
ann,1,SR386_40X_HE_T461_01,0,0.44083353877067566,0
ann,1,SR386_40X_HE_T462_01,0,0.46141764521598816,0
ann,1,SR386_40X_HE_T468_01,0,0.4542889893054962,0
ann,1,SR386_40X_HE_T469_01,1,0.4732587933540344,0
ann,1,SR386_40X_HE_T470_01,0,0.4684528410434723,0
ann,1,SR386_40X_HE_T471_01,0,0.4326149523258209,0
ann,1,SR386_40X_HE_T477_01,0,0.40544939041137695,0
ann,1,SR386_40X_HE_T480_01,0,0.4786685109138489,0
ann,1,SR386_40X_HE_T484_01,0,0.4849299192428589,0
ann,1,SR386_40X_HE_T495_01,0,0.4426833689212799,0
ann,1,SR386_40X_HE_T496_01,0,0.43183621764183044,0
ann,1,SR386_40X_HE_T498_01,0,0.49052876234054565,0
ann,1,SR386_40X_HE_T504_01,0,0.4355918765068054,0
ann,1,SR386_40X_HE_T511_01,0,0.45902350544929504,0
ann,1,SR386_40X_HE_T517_01,0,0.5213230848312378,1
ann,1,SR386_40X_HE_T523_01,0,0.47938406467437744,0
ann,1,SR386_40X_HE_T529_01,0,0.47166019678115845,0
ann,1,SR386_40X_HE_T542_01,0,0.4750927686691284,0
ann,1,SR386_40X_HE_T569_01,0,0.4513835310935974,0
ann,1,SR386_40X_HE_T582_01,0,0.4390811622142792,0
ann,2,SR1482_40X_HE_T009_01,0,0.13387306034564972,0
ann,2,SR1482_40X_HE_T009_02,0,0.20379744470119476,0
ann,2,SR1482_40X_HE_T015_01,0,0.834662139415741,1
ann,2,SR1482_40X_HE_T021_01,0,0.5442535281181335,1
ann,2,SR1482_40X_HE_T067_01,0,0.1256008744239807,0
ann,2,SR1482_40X_HE_T075_01,0,0.35201117396354675,0
ann,2,SR1482_40X_HE_T075_02,0,0.3589697778224945,0
ann,2,SR1482_40X_HE_T098_01,0,0.35067853331565857,0
ann,2,SR1482_40X_HE_T098_02,0,0.27521154284477234,0
ann,2,SR1482_40X_HE_T102_01,0,0.8771481513977051,1
ann,2,SR1482_40X_HE_T123_01,0,0.4516526162624359,0
ann,2,SR1482_40X_HE_T142_01,0,0.33763352036476135,0
ann,2,SR1482_40X_HE_T146_01,0,0.8847009539604187,1
ann,2,SR1482_40X_HE_T148_01,0,0.28777948021888733,0
ann,2,SR1482_40X_HE_T148_02,0,0.35840752720832825,0
ann,2,SR1482_40X_HE_T154_01,0,0.42780986428260803,0
ann,2,SR1482_40X_HE_T158_01,0,0.3631787896156311,0
ann,2,SR1482_40X_HE_T161_01,0,0.43898874521255493,0
ann,2,SR1482_40X_HE_T161_02,0,0.44709694385528564,0
ann,2,SR1482_40X_HE_T164_01,1,0.36758819222450256,0
ann,2,SR1482_40X_HE_T164_02,1,0.3929656744003296,0
ann,2,SR1482_40X_HE_T168_01,0,0.379271000623703,0
ann,2,SR1482_40X_HE_T171_01,0,0.33311429619789124,0
ann,2,SR1482_40X_HE_T171_02,0,0.4294375777244568,0
ann,2,SR1482_40X_HE_T178_01,1,0.45612847805023193,0
ann,2,SR1482_40X_HE_T186_01,0,0.42117738723754883,0
ann,2,SR1482_40X_HE_T193_01,0,0.4969063699245453,0
ann,2,SR1482_40X_HE_T193_02,0,0.3164888620376587,0
ann,2,SR1482_40X_HE_T209_01,0,0.4864187240600586,0
ann,2,SR1482_40X_HE_T209_02,0,0.6946811079978943,1
ann,2,SR1482_40X_HE_T245_01,0,0.5521125793457031,1
ann,2,SR1482_40X_HE_T245_02,0,0.6652593612670898,1
ann,2,SR1482_40X_HE_T265_01,0,0.2689703702926636,0
ann,2,SR1482_40X_HE_T302_01,0,0.39965251088142395,0
ann,2,SR1482_40X_HE_T343_01,1,0.5850270986557007,1
ann,2,SR1482_40X_HE_T343_02,1,0.9337641000747681,1
ann,2,SR1482_40X_HE_T399_01,0,0.3891177177429199,0
ann,2,SR1482_40X_HE_T399_02,0,0.5613178014755249,1
ann,2,SR1482_40X_HE_T426_01,0,0.5068066716194153,1
ann,2,SR1482_40X_HE_T426_02,0,0.48426318168640137,0
ann,2,SR386_40X_HE_T001_01,0,0.3369332551956177,0
ann,2,SR386_40X_HE_T013_01,0,0.39908143877983093,0
ann,2,SR386_40X_HE_T018_01,0,0.2856188416481018,0
ann,2,SR386_40X_HE_T019_01,0,0.2942708730697632,0
ann,2,SR386_40X_HE_T024_01,0,0.2519981861114502,0
ann,2,SR386_40X_HE_T039_01,0,0.3908652067184448,0
ann,2,SR386_40X_HE_T040_01,1,0.7117070555686951,1
ann,2,SR386_40X_HE_T042_01,0,0.4440198540687561,0
ann,2,SR386_40X_HE_T047_01,0,0.3604741096496582,0
ann,2,SR386_40X_HE_T051_01,0,0.29672032594680786,0
ann,2,SR386_40X_HE_T052_01,0,0.3278851807117462,0
ann,2,SR386_40X_HE_T056_01,0,0.4578007459640503,0
ann,2,SR386_40X_HE_T057_01,0,0.2878338694572449,0
ann,2,SR386_40X_HE_T070_01,0,0.35757753252983093,0
ann,2,SR386_40X_HE_T082_01,0,0.8688621520996094,1
ann,2,SR386_40X_HE_T084_01,0,0.7732487916946411,1
ann,2,SR386_40X_HE_T087_01,0,0.478573739528656,0
ann,2,SR386_40X_HE_T088_01,0,0.32904016971588135,0
ann,2,SR386_40X_HE_T098_01,0,0.4776521623134613,0
ann,2,SR386_40X_HE_T105_01,0,0.29537433385849,0
ann,2,SR386_40X_HE_T122_01,0,0.3613869547843933,0
ann,2,SR386_40X_HE_T123_01,0,0.5468983054161072,1
ann,2,SR386_40X_HE_T133_01,0,0.24930214881896973,0
ann,2,SR386_40X_HE_T145_01,0,0.480865478515625,0
ann,2,SR386_40X_HE_T150_01,0,0.4907037317752838,0
ann,2,SR386_40X_HE_T152_01,0,0.5283601880073547,1
ann,2,SR386_40X_HE_T155_01,0,0.3588782548904419,0
ann,2,SR386_40X_HE_T157_01,0,0.2633272409439087,0
ann,2,SR386_40X_HE_T164_01,0,0.31322699785232544,0
ann,2,SR386_40X_HE_T166_01,0,0.9123262166976929,1
ann,2,SR386_40X_HE_T176_01,1,0.6615818738937378,1
ann,2,SR386_40X_HE_T177_01,0,0.2955600917339325,0
ann,2,SR386_40X_HE_T178_01,0,0.6688481569290161,1
ann,2,SR386_40X_HE_T187_01,0,0.4637394845485687,0
ann,2,SR386_40X_HE_T190_01,0,0.34128764271736145,0
ann,2,SR386_40X_HE_T192_01,0,0.4012205898761749,0
ann,2,SR386_40X_HE_T198_01,0,0.39958488941192627,0
ann,2,SR386_40X_HE_T200_01,0,0.39356598258018494,0
ann,2,SR386_40X_HE_T206_01,1,0.6612403988838196,1
ann,2,SR386_40X_HE_T211_01,0,0.4945487976074219,0
ann,2,SR386_40X_HE_T213_01,0,0.41539156436920166,0
ann,2,SR386_40X_HE_T214_01,0,0.40842175483703613,0
ann,2,SR386_40X_HE_T220_01,0,0.2941412627696991,0
ann,2,SR386_40X_HE_T230_01,1,0.5268312096595764,1
ann,2,SR386_40X_HE_T236_01,0,0.4811391532421112,0
ann,2,SR386_40X_HE_T237_01,0,0.3268497586250305,0
ann,2,SR386_40X_HE_T240_01,0,0.27157947421073914,0
ann,2,SR386_40X_HE_T241_01,0,0.26256605982780457,0
ann,2,SR386_40X_HE_T242_01,0,0.4389004707336426,0
ann,2,SR386_40X_HE_T253_01,0,0.37146028876304626,0
ann,2,SR386_40X_HE_T260_01,0,0.3545452952384949,0
ann,2,SR386_40X_HE_T262_01,0,0.32928282022476196,0
ann,2,SR386_40X_HE_T264_01,0,0.4163787066936493,0
ann,2,SR386_40X_HE_T271_01,0,0.26512467861175537,0
ann,2,SR386_40X_HE_T281_01,0,0.3539004325866699,0
ann,2,SR386_40X_HE_T297_01,0,0.22487644851207733,0
ann,2,SR386_40X_HE_T299_01,0,0.2533074617385864,0
ann,2,SR386_40X_HE_T301_01,0,0.35807666182518005,0
ann,2,SR386_40X_HE_T306_01,0,0.34670305252075195,0
ann,2,SR386_40X_HE_T309_01,0,0.578375518321991,1
ann,2,SR386_40X_HE_T314_01,0,0.5070704221725464,1
ann,2,SR386_40X_HE_T316_01,0,0.5568822622299194,1
ann,2,SR386_40X_HE_T318_01,0,0.35822978615760803,0
ann,2,SR386_40X_HE_T321_01,0,0.37217360734939575,0
ann,2,SR386_40X_HE_T326_01,0,0.40393781661987305,0
ann,2,SR386_40X_HE_T327_01,0,0.3039102852344513,0
ann,2,SR386_40X_HE_T332_01,1,0.42359498143196106,0
ann,2,SR386_40X_HE_T355_01,0,0.409618616104126,0
ann,2,SR386_40X_HE_T364_01,0,0.6680333018302917,1
ann,2,SR386_40X_HE_T368_01,1,0.4851685166358948,0
ann,2,SR386_40X_HE_T374_01,0,0.27237188816070557,0
ann,2,SR386_40X_HE_T380_01,0,0.32378214597702026,0
ann,2,SR386_40X_HE_T382_01,0,0.3450961112976074,0
ann,2,SR386_40X_HE_T392_01,0,0.32077276706695557,0
ann,2,SR386_40X_HE_T398_01,0,0.331222802400589,0
ann,2,SR386_40X_HE_T402_01,1,0.6063773036003113,1
ann,2,SR386_40X_HE_T404_01,0,0.45357441902160645,0
ann,2,SR386_40X_HE_T415_01,0,0.24597202241420746,0
ann,2,SR386_40X_HE_T417_01,0,0.27919963002204895,0
ann,2,SR386_40X_HE_T425_01,0,0.37109288573265076,0
ann,2,SR386_40X_HE_T436_01,1,0.3496532142162323,0
ann,2,SR386_40X_HE_T437_01,0,0.39511850476264954,0
ann,2,SR386_40X_HE_T440_01,0,0.40734532475471497,0
ann,2,SR386_40X_HE_T445_01,0,0.5530229210853577,1
ann,2,SR386_40X_HE_T450_01,0,0.3623172640800476,0
ann,2,SR386_40X_HE_T459_01,0,0.3330373167991638,0
ann,2,SR386_40X_HE_T472_01,0,0.27413496375083923,0
ann,2,SR386_40X_HE_T481_01,0,0.2506164312362671,0
ann,2,SR386_40X_HE_T483_01,0,0.4472752511501312,0
ann,2,SR386_40X_HE_T486_01,0,0.5198452472686768,1
ann,2,SR386_40X_HE_T488_01,0,0.40475741028785706,0
ann,2,SR386_40X_HE_T499_01,0,0.37066709995269775,0
ann,2,SR386_40X_HE_T507_01,0,0.6643967032432556,1
ann,2,SR386_40X_HE_T514_01,0,0.25564804673194885,0
ann,2,SR386_40X_HE_T520_01,1,0.32102304697036743,0
ann,2,SR386_40X_HE_T522_01,0,0.3953516185283661,0
ann,2,SR386_40X_HE_T531_01,0,0.27997905015945435,0
ann,2,SR386_40X_HE_T535_01,0,0.2248542159795761,0
ann,2,SR386_40X_HE_T539_01,0,0.47740525007247925,0
ann,2,SR386_40X_HE_T549_01,0,0.4441387951374054,0
ann,2,SR386_40X_HE_T552_01,0,0.3039817214012146,0
ann,2,SR386_40X_HE_T553_01,0,0.4822279214859009,0
ann,2,SR386_40X_HE_T554_01,0,0.4034176766872406,0
ann,2,SR386_40X_HE_T558_01,0,0.2960037887096405,0
ann,2,SR386_40X_HE_T564_01,0,0.4163675606250763,0
ann,2,SR386_40X_HE_T570_01,0,0.35676315426826477,0
ann,2,SR386_40X_HE_T574_01,0,0.30291512608528137,0
ann,2,SR386_40X_HE_T578_01,0,0.29068252444267273,0
ann,2,SR386_40X_HE_T580_01,0,0.3333006203174591,0
ann,3,SR1482_40X_HE_T005_01,0,0.6918318271636963,1
ann,3,SR1482_40X_HE_T005_02,0,0.44605207443237305,0
ann,3,SR1482_40X_HE_T010_01,0,0.3835858404636383,0
ann,3,SR1482_40X_HE_T043_01,0,0.35210832953453064,0
ann,3,SR1482_40X_HE_T043_02,0,0.3937811553478241,0
ann,3,SR1482_40X_HE_T049_01,0,0.46049219369888306,0
ann,3,SR1482_40X_HE_T061_01,0,0.7014524936676025,1
ann,3,SR1482_40X_HE_T061_02,0,0.4824686646461487,0
ann,3,SR1482_40X_HE_T070_01,1,0.34535086154937744,0
ann,3,SR1482_40X_HE_T073_01,0,0.4190070927143097,0
ann,3,SR1482_40X_HE_T082_01,0,0.4396975338459015,0
ann,3,SR1482_40X_HE_T082_02,0,0.512327253818512,1
ann,3,SR1482_40X_HE_T089_01,0,0.15204185247421265,0
ann,3,SR1482_40X_HE_T090_01,0,0.42991629242897034,0
ann,3,SR1482_40X_HE_T094_01,1,0.37181556224823,0
ann,3,SR1482_40X_HE_T094_02,1,0.5968981981277466,1
ann,3,SR1482_40X_HE_T105_01,0,0.6444317698478699,1
ann,3,SR1482_40X_HE_T115_01,0,0.36185938119888306,0
ann,3,SR1482_40X_HE_T115_02,0,0.3277890980243683,0
ann,3,SR1482_40X_HE_T118_01,0,0.5983107089996338,1
ann,3,SR1482_40X_HE_T118_02,0,0.5404543876647949,1
ann,3,SR1482_40X_HE_T120_01,0,0.550900936126709,1
ann,3,SR1482_40X_HE_T120_02,0,0.5751029253005981,1
ann,3,SR1482_40X_HE_T124_01,0,0.6053889393806458,1
ann,3,SR1482_40X_HE_T124_02,0,0.5530760288238525,1
ann,3,SR1482_40X_HE_T138_01,0,0.20355914533138275,0
ann,3,SR1482_40X_HE_T160_01,0,0.36849546432495117,0
ann,3,SR1482_40X_HE_T160_02,0,0.40909674763679504,0
ann,3,SR1482_40X_HE_T167_01,0,0.3385319709777832,0
ann,3,SR1482_40X_HE_T167_02,0,0.4403127133846283,0
ann,3,SR1482_40X_HE_T175_01,0,0.6916950941085815,1
ann,3,SR1482_40X_HE_T175_02,0,0.7514881491661072,1
ann,3,SR1482_40X_HE_T177_01,1,0.2795647084712982,0
ann,3,SR1482_40X_HE_T188_01,0,0.427823543548584,0
ann,3,SR1482_40X_HE_T195_01,0,0.2908453047275543,0
ann,3,SR1482_40X_HE_T195_02,0,0.3278563618659973,0
ann,3,SR1482_40X_HE_T202_01,0,0.27718669176101685,0
ann,3,SR1482_40X_HE_T202_02,0,0.3120335638523102,0
ann,3,SR1482_40X_HE_T225_01,0,0.42808666825294495,0
ann,3,SR1482_40X_HE_T225_02,0,0.49258142709732056,0
ann,3,SR1482_40X_HE_T235_01,0,0.43912020325660706,0
ann,3,SR1482_40X_HE_T235_02,0,0.28974080085754395,0
ann,3,SR1482_40X_HE_T236_01,0,0.25019559264183044,0
ann,3,SR1482_40X_HE_T236_02,0,0.26901039481163025,0
ann,3,SR1482_40X_HE_T258_01,0,0.3914797008037567,0
ann,3,SR1482_40X_HE_T258_02,0,0.6134352684020996,1
ann,3,SR1482_40X_HE_T284_01,1,0.507975161075592,1
ann,3,SR1482_40X_HE_T284_02,1,0.5724000334739685,1
ann,3,SR1482_40X_HE_T301_01,1,0.610680341720581,1
ann,3,SR1482_40X_HE_T301_02,1,0.5908679366111755,1
ann,3,SR1482_40X_HE_T309_01,0,0.479043573141098,0
ann,3,SR1482_40X_HE_T313_01,0,0.4763103127479553,0
ann,3,SR1482_40X_HE_T313_02,0,0.40565747022628784,0
ann,3,SR1482_40X_HE_T338_01,0,0.597384512424469,1
ann,3,SR1482_40X_HE_T344_01,0,0.3031720221042633,0
ann,3,SR1482_40X_HE_T344_02,0,0.4566209614276886,0
ann,3,SR1482_40X_HE_T346_01,0,0.5609607100486755,1
ann,3,SR1482_40X_HE_T346_02,0,0.48610031604766846,0
ann,3,SR1482_40X_HE_T377_01,0,0.334000825881958,0
ann,3,SR1482_40X_HE_T377_02,0,0.3994390666484833,0
ann,3,SR1482_40X_HE_T419_01,0,0.33475005626678467,0
ann,3,SR1482_40X_HE_T427_01,0,0.4072158932685852,0
ann,3,SR1482_40X_HE_T427_02,0,0.4779442250728607,0
ann,3,SR386_40X_HE_T007_01,0,0.4536451995372772,0
ann,3,SR386_40X_HE_T015_01,0,0.3823908269405365,0
ann,3,SR386_40X_HE_T017_01,1,0.4340328276157379,0
ann,3,SR386_40X_HE_T032_01,0,0.29317229986190796,0
ann,3,SR386_40X_HE_T034_01,0,0.34420809149742126,0
ann,3,SR386_40X_HE_T035_01,0,0.4668359160423279,0
ann,3,SR386_40X_HE_T041_01,0,0.4975314438343048,0
ann,3,SR386_40X_HE_T067_01,0,0.26323387026786804,0
ann,3,SR386_40X_HE_T075_01,0,0.40783071517944336,0
ann,3,SR386_40X_HE_T081_01,0,0.8713582158088684,1
ann,3,SR386_40X_HE_T083_01,0,0.26264825463294983,0
ann,3,SR386_40X_HE_T085_01,0,0.2514432668685913,0
ann,3,SR386_40X_HE_T095_01,0,0.3998951315879822,0
ann,3,SR386_40X_HE_T104_01,0,0.29080429673194885,0
ann,3,SR386_40X_HE_T106_01,0,0.2752190828323364,0
ann,3,SR386_40X_HE_T112_01,0,0.32859504222869873,0
ann,3,SR386_40X_HE_T128_01,0,0.26329338550567627,0
ann,3,SR386_40X_HE_T132_01,0,0.25044873356819153,0
ann,3,SR386_40X_HE_T138_01,0,0.2998885214328766,0
ann,3,SR386_40X_HE_T142_01,0,0.4607331454753876,0
ann,3,SR386_40X_HE_T149_01,0,0.2636151909828186,0
ann,3,SR386_40X_HE_T165_01,1,0.4795001149177551,0
ann,3,SR386_40X_HE_T179_01,0,0.43806853890419006,0
ann,3,SR386_40X_HE_T180_01,0,0.2741623818874359,0
ann,3,SR386_40X_HE_T182_01,0,0.28795066475868225,0
ann,3,SR386_40X_HE_T184_01,0,0.2717456817626953,0
ann,3,SR386_40X_HE_T188_01,0,0.30615556240081787,0
ann,3,SR386_40X_HE_T191_01,0,0.3176186680793762,0
ann,3,SR386_40X_HE_T197_01,0,0.3060342073440552,0
ann,3,SR386_40X_HE_T201_01,0,0.2897198498249054,0
ann,3,SR386_40X_HE_T202_01,0,0.2754132151603699,0
ann,3,SR386_40X_HE_T208_01,0,0.2860262095928192,0
ann,3,SR386_40X_HE_T216_01,1,0.4327631890773773,0
ann,3,SR386_40X_HE_T238_01,0,0.2956375479698181,0
ann,3,SR386_40X_HE_T244_01,0,0.350152850151062,0
ann,3,SR386_40X_HE_T248_01,0,0.3287643790245056,0
ann,3,SR386_40X_HE_T249_01,0,0.24508829414844513,0
ann,3,SR386_40X_HE_T250_01,0,0.3571901023387909,0
ann,3,SR386_40X_HE_T263_01,0,0.4523552656173706,0
ann,3,SR386_40X_HE_T267_01,0,0.39635714888572693,0
ann,3,SR386_40X_HE_T269_01,0,0.3782275319099426,0
ann,3,SR386_40X_HE_T277_01,0,0.4296605587005615,0
ann,3,SR386_40X_HE_T286_01,0,0.6625996232032776,1
ann,3,SR386_40X_HE_T287_01,0,0.442534476518631,0
ann,3,SR386_40X_HE_T290_01,0,0.4964291751384735,0
ann,3,SR386_40X_HE_T293_01,0,0.3349050283432007,0
ann,3,SR386_40X_HE_T298_01,0,0.3580171465873718,0
ann,3,SR386_40X_HE_T303_01,0,0.2519432604312897,0
ann,3,SR386_40X_HE_T312_01,0,0.48659342527389526,0
ann,3,SR386_40X_HE_T329_01,0,0.5901712775230408,1
ann,3,SR386_40X_HE_T336_01,0,0.38029998540878296,0
ann,3,SR386_40X_HE_T338_01,0,0.2830759584903717,0
ann,3,SR386_40X_HE_T342_01,0,0.33470436930656433,0
ann,3,SR386_40X_HE_T353_01,0,0.3578583598136902,0
ann,3,SR386_40X_HE_T357_01,0,0.2782221734523773,0
ann,3,SR386_40X_HE_T362_01,0,0.4104829430580139,0
ann,3,SR386_40X_HE_T363_01,1,0.5399687886238098,1
ann,3,SR386_40X_HE_T372_01,0,0.4469885528087616,0
ann,3,SR386_40X_HE_T378_01,0,0.29914915561676025,0
ann,3,SR386_40X_HE_T379_01,0,0.3632999360561371,0
ann,3,SR386_40X_HE_T386_01,0,0.3166484832763672,0
ann,3,SR386_40X_HE_T387_01,0,0.30874794721603394,0
ann,3,SR386_40X_HE_T393_01,0,0.23674169182777405,0
ann,3,SR386_40X_HE_T397_01,0,0.6884878277778625,1
ann,3,SR386_40X_HE_T406_01,0,0.7889456152915955,1
ann,3,SR386_40X_HE_T409_01,0,0.2567726969718933,0
ann,3,SR386_40X_HE_T422_01,0,0.33091726899147034,0
ann,3,SR386_40X_HE_T426_01,0,0.29612427949905396,0
ann,3,SR386_40X_HE_T433_01,0,0.29155635833740234,0
ann,3,SR386_40X_HE_T443_01,0,0.4844125211238861,0
ann,3,SR386_40X_HE_T448_01,0,0.40941378474235535,0
ann,3,SR386_40X_HE_T452_01,0,0.5550298094749451,1
ann,3,SR386_40X_HE_T460_01,1,0.6197835803031921,1
ann,3,SR386_40X_HE_T473_01,0,0.3510146141052246,0
ann,3,SR386_40X_HE_T475_01,0,0.28435981273651123,0
ann,3,SR386_40X_HE_T478_01,0,0.2609477937221527,0
ann,3,SR386_40X_HE_T489_01,1,0.30904021859169006,0
ann,3,SR386_40X_HE_T491_01,0,0.5579330325126648,1
ann,3,SR386_40X_HE_T492_01,0,0.288712739944458,0
ann,3,SR386_40X_HE_T493_01,0,0.22727932035923004,0
ann,3,SR386_40X_HE_T502_01,0,0.23848913609981537,0
ann,3,SR386_40X_HE_T505_01,0,0.3096903860569,0
ann,3,SR386_40X_HE_T506_01,0,0.38540002703666687,0
ann,3,SR386_40X_HE_T509_01,0,0.3381257653236389,0
ann,3,SR386_40X_HE_T516_01,0,0.44592350721359253,0
ann,3,SR386_40X_HE_T518_01,0,0.3030702769756317,0
ann,3,SR386_40X_HE_T519_01,0,0.2700733542442322,0
ann,3,SR386_40X_HE_T521_01,0,0.22634781897068024,0
ann,3,SR386_40X_HE_T526_01,0,0.3505878448486328,0
ann,3,SR386_40X_HE_T533_01,0,0.35038670897483826,0
ann,3,SR386_40X_HE_T543_01,0,0.43987855315208435,0
ann,3,SR386_40X_HE_T544_01,0,0.3360569179058075,0
ann,3,SR386_40X_HE_T556_01,1,0.5462630391120911,1
ann,3,SR386_40X_HE_T560_01,0,0.44438618421554565,0
ann,3,SR386_40X_HE_T563_01,0,0.3001113831996918,0
ann,3,SR386_40X_HE_T568_01,0,0.27181383967399597,0
ann,3,SR386_40X_HE_T571_01,0,0.3685747981071472,0
ann,3,SR386_40X_HE_T572_01,0,0.38921886682510376,0
ann,3,SR386_40X_HE_T573_01,0,0.44020092487335205,0
ann,3,SR386_40X_HE_T583_01,0,0.3799404203891754,0
ann,4,SR1482_40X_HE_T002_01,0,0.17751966416835785,0
ann,4,SR1482_40X_HE_T003_01,0,0.3826373517513275,0
ann,4,SR1482_40X_HE_T004_01,0,0.5066156983375549,1
ann,4,SR1482_40X_HE_T004_02,0,0.6391000747680664,1
ann,4,SR1482_40X_HE_T011_01,0,0.20131215453147888,0
ann,4,SR1482_40X_HE_T025_01,0,0.197113499045372,0
ann,4,SR1482_40X_HE_T025_02,0,0.17822033166885376,0
ann,4,SR1482_40X_HE_T060_01,0,0.379241406917572,0
ann,4,SR1482_40X_HE_T062_01,0,0.3777947425842285,0
ann,4,SR1482_40X_HE_T062_02,0,0.38909053802490234,0
ann,4,SR1482_40X_HE_T064_01,0,0.6134170293807983,1
ann,4,SR1482_40X_HE_T064_02,0,0.47377172112464905,0
ann,4,SR1482_40X_HE_T071_01,0,0.5223352313041687,1
ann,4,SR1482_40X_HE_T071_02,0,0.5760405659675598,1
ann,4,SR1482_40X_HE_T074_01,0,0.48442673683166504,0
ann,4,SR1482_40X_HE_T074_02,0,0.3084048330783844,0
ann,4,SR1482_40X_HE_T083_01,0,0.42038166522979736,0
ann,4,SR1482_40X_HE_T083_02,0,0.31199532747268677,0
ann,4,SR1482_40X_HE_T087_01,0,0.3039928078651428,0
ann,4,SR1482_40X_HE_T097_01,1,0.714698851108551,1
ann,4,SR1482_40X_HE_T097_02,1,0.49013805389404297,0
ann,4,SR1482_40X_HE_T108_01,0,0.286421000957489,0
ann,4,SR1482_40X_HE_T113_01,0,0.31923773884773254,0
ann,4,SR1482_40X_HE_T113_02,0,0.45696020126342773,0
ann,4,SR1482_40X_HE_T121_01,0,0.3137185275554657,0
ann,4,SR1482_40X_HE_T122_01,0,0.4984931945800781,0
ann,4,SR1482_40X_HE_T125_01,0,0.3823257088661194,0
ann,4,SR1482_40X_HE_T125_02,0,0.42726877331733704,0
ann,4,SR1482_40X_HE_T131_01,0,0.557217001914978,1
ann,4,SR1482_40X_HE_T131_02,0,0.8686617016792297,1
ann,4,SR1482_40X_HE_T132_01,0,0.5209935903549194,1
ann,4,SR1482_40X_HE_T132_02,0,0.5143585801124573,1
ann,4,SR1482_40X_HE_T143_01,0,0.29491519927978516,0
ann,4,SR1482_40X_HE_T143_02,0,0.46911677718162537,0
ann,4,SR1482_40X_HE_T166_01,1,0.3783074915409088,0
ann,4,SR1482_40X_HE_T169_01,0,0.7104682326316833,1
ann,4,SR1482_40X_HE_T176_01,1,0.8244280219078064,1
ann,4,SR1482_40X_HE_T176_02,1,0.7853559851646423,1
ann,4,SR1482_40X_HE_T191_01,0,0.3091021180152893,0
ann,4,SR1482_40X_HE_T194_01,0,0.4929620921611786,0
ann,4,SR1482_40X_HE_T218_01,0,0.282303124666214,0
ann,4,SR1482_40X_HE_T253_01,0,0.27821987867355347,0
ann,4,SR1482_40X_HE_T290_01,0,0.5392446517944336,1
ann,4,SR1482_40X_HE_T308_01,0,0.3679261803627014,0
ann,4,SR1482_40X_HE_T314_01,0,0.7096593976020813,1
ann,4,SR1482_40X_HE_T314_02,0,0.7464805245399475,1
ann,4,SR1482_40X_HE_T372_01,1,0.6151456236839294,1
ann,4,SR1482_40X_HE_T372_02,1,0.4287721812725067,0
ann,4,SR1482_40X_HE_T408_01,0,0.3808494210243225,0
ann,4,SR1482_40X_HE_T412_01,0,0.4514181613922119,0
ann,4,SR1482_40X_HE_T425_01,0,0.22699613869190216,0
ann,4,SR1482_40X_HE_T434_01,1,0.46692875027656555,0
ann,4,SR386_40X_HE_T006_01,0,0.34979555010795593,0
ann,4,SR386_40X_HE_T010_01,0,0.3227514922618866,0
ann,4,SR386_40X_HE_T014_01,0,0.41580185294151306,0
ann,4,SR386_40X_HE_T016_01,0,0.3072092831134796,0
ann,4,SR386_40X_HE_T020_01,0,0.3464343547821045,0
ann,4,SR386_40X_HE_T027_01,0,0.6427558660507202,1
ann,4,SR386_40X_HE_T028_01,0,0.49505430459976196,0
ann,4,SR386_40X_HE_T037_01,0,0.30717960000038147,0
ann,4,SR386_40X_HE_T043_01,0,0.48637402057647705,0
ann,4,SR386_40X_HE_T044_01,1,0.6581252813339233,1
ann,4,SR386_40X_HE_T046_01,0,0.2275979071855545,0
ann,4,SR386_40X_HE_T058_01,0,0.34806129336357117,0
ann,4,SR386_40X_HE_T062_01,0,0.3323507308959961,0
ann,4,SR386_40X_HE_T065_01,1,0.3725004196166992,0
ann,4,SR386_40X_HE_T080_01,0,0.2480689436197281,0
ann,4,SR386_40X_HE_T091_01,0,0.3519270122051239,0
ann,4,SR386_40X_HE_T094_01,0,0.2875978648662567,0
ann,4,SR386_40X_HE_T097_01,0,0.2663274109363556,0
ann,4,SR386_40X_HE_T100_01,0,0.28771743178367615,0
ann,4,SR386_40X_HE_T107_01,0,0.4778505861759186,0
ann,4,SR386_40X_HE_T109_01,1,0.329041451215744,0
ann,4,SR386_40X_HE_T110_01,0,0.5581870675086975,1
ann,4,SR386_40X_HE_T117_01,0,0.30562958121299744,0
ann,4,SR386_40X_HE_T127_01,0,0.23525841534137726,0
ann,4,SR386_40X_HE_T129_01,0,0.34319859743118286,0
ann,4,SR386_40X_HE_T136_01,0,0.326203852891922,0
ann,4,SR386_40X_HE_T154_01,0,0.33789679408073425,0
ann,4,SR386_40X_HE_T168_01,1,0.6200941801071167,1
ann,4,SR386_40X_HE_T175_01,0,0.3084650933742523,0
ann,4,SR386_40X_HE_T189_01,0,0.26054754853248596,0
ann,4,SR386_40X_HE_T195_01,0,0.28261852264404297,0
ann,4,SR386_40X_HE_T227_01,0,0.8880584239959717,1
ann,4,SR386_40X_HE_T233_01,0,0.5257910490036011,1
ann,4,SR386_40X_HE_T234_01,0,0.32927319407463074,0
ann,4,SR386_40X_HE_T235_01,0,0.4852934181690216,0
ann,4,SR386_40X_HE_T239_01,0,0.4141579270362854,0
ann,4,SR386_40X_HE_T245_01,0,0.3044823408126831,0
ann,4,SR386_40X_HE_T256_01,0,0.3678296208381653,0
ann,4,SR386_40X_HE_T265_01,0,0.40876010060310364,0
ann,4,SR386_40X_HE_T268_01,0,0.2906438410282135,0
ann,4,SR386_40X_HE_T270_01,0,0.25556936860084534,0
ann,4,SR386_40X_HE_T272_01,0,0.6803892850875854,1
ann,4,SR386_40X_HE_T273_01,0,0.4509381651878357,0
ann,4,SR386_40X_HE_T276_01,0,0.5341419577598572,1
ann,4,SR386_40X_HE_T278_01,1,0.5887097120285034,1
ann,4,SR386_40X_HE_T284_01,0,0.30278727412223816,0
ann,4,SR386_40X_HE_T285_01,0,0.3652973771095276,0
ann,4,SR386_40X_HE_T288_01,0,0.40843427181243896,0
ann,4,SR386_40X_HE_T291_01,0,0.4120674133300781,0
ann,4,SR386_40X_HE_T300_01,0,0.3585573434829712,0
ann,4,SR386_40X_HE_T302_01,0,0.332658588886261,0
ann,4,SR386_40X_HE_T305_01,0,0.3695369362831116,0
ann,4,SR386_40X_HE_T308_01,0,0.38625749945640564,0
ann,4,SR386_40X_HE_T325_01,0,0.3427715599536896,0
ann,4,SR386_40X_HE_T331_01,0,0.3875366449356079,0
ann,4,SR386_40X_HE_T341_01,0,0.5928164124488831,1
ann,4,SR386_40X_HE_T343_01,1,0.3674236834049225,0
ann,4,SR386_40X_HE_T346_01,0,0.3681260049343109,0
ann,4,SR386_40X_HE_T352_01,0,0.3766123950481415,0
ann,4,SR386_40X_HE_T373_01,0,0.47036269307136536,0
ann,4,SR386_40X_HE_T375_01,0,0.5024264454841614,1
ann,4,SR386_40X_HE_T381_01,0,0.34088554978370667,0
ann,4,SR386_40X_HE_T389_01,0,0.4289183020591736,0
ann,4,SR386_40X_HE_T391_01,0,0.31877386569976807,0
ann,4,SR386_40X_HE_T394_01,0,0.40626928210258484,0
ann,4,SR386_40X_HE_T399_01,0,0.7211070656776428,1
ann,4,SR386_40X_HE_T403_01,0,0.31548553705215454,0
ann,4,SR386_40X_HE_T405_01,0,0.42995336651802063,0
ann,4,SR386_40X_HE_T407_01,0,0.38424140214920044,0
ann,4,SR386_40X_HE_T414_01,0,0.3702695369720459,0
ann,4,SR386_40X_HE_T424_01,0,0.36131855845451355,0
ann,4,SR386_40X_HE_T429_01,0,0.2787618339061737,0
ann,4,SR386_40X_HE_T441_01,0,0.3433206379413605,0
ann,4,SR386_40X_HE_T451_01,0,0.4092911183834076,0
ann,4,SR386_40X_HE_T453_01,0,0.35573095083236694,0
ann,4,SR386_40X_HE_T455_01,0,0.45192864537239075,0
ann,4,SR386_40X_HE_T465_01,0,0.3410707116127014,0
ann,4,SR386_40X_HE_T474_01,0,0.5557075142860413,1
ann,4,SR386_40X_HE_T476_01,0,0.3768882751464844,0
ann,4,SR386_40X_HE_T479_01,0,0.24163243174552917,0
ann,4,SR386_40X_HE_T482_01,0,0.38678404688835144,0
ann,4,SR386_40X_HE_T487_01,0,0.2796706557273865,0
ann,4,SR386_40X_HE_T490_01,0,0.34195759892463684,0
ann,4,SR386_40X_HE_T494_01,0,0.3252028524875641,0
ann,4,SR386_40X_HE_T500_01,0,0.278805136680603,0
ann,4,SR386_40X_HE_T510_01,0,0.26899176836013794,0
ann,4,SR386_40X_HE_T524_01,0,0.37163737416267395,0
ann,4,SR386_40X_HE_T528_01,0,0.42279955744743347,0
ann,4,SR386_40X_HE_T532_01,0,0.29439404606819153,0
ann,4,SR386_40X_HE_T534_01,0,0.6407362818717957,1
ann,4,SR386_40X_HE_T536_01,0,0.21584714949131012,0
ann,4,SR386_40X_HE_T537_01,0,0.43418794870376587,0
ann,4,SR386_40X_HE_T541_01,0,0.32395264506340027,0
ann,4,SR386_40X_HE_T548_01,1,0.5214846134185791,1
ann,4,SR386_40X_HE_T550_01,0,0.6357247233390808,1
ann,4,SR386_40X_HE_T551_01,0,0.29178446531295776,0
ann,4,SR386_40X_HE_T557_01,0,0.20054952800273895,0
ann,4,SR386_40X_HE_T565_01,0,0.4397253394126892,0
ann,4,SR386_40X_HE_T567_01,0,0.35890069603919983,0
ann,4,SR386_40X_HE_T575_01,0,0.49486082792282104,0
ann,4,SR386_40X_HE_T576_01,0,0.3149418234825134,0
ann,4,SR386_40X_HE_T581_01,0,0.3037959635257721,0
knn,1,SR1482_40X_HE_T029_01,0,0.0,0
knn,1,SR1482_40X_HE_T029_02,0,0.0,0
knn,1,SR1482_40X_HE_T057_01,0,0.0,0
knn,1,SR1482_40X_HE_T063_01,1,1.0,1
knn,1,SR1482_40X_HE_T063_02,1,0.0,0
knn,1,SR1482_40X_HE_T065_01,0,0.0,0
knn,1,SR1482_40X_HE_T065_02,0,0.0,0
knn,1,SR1482_40X_HE_T066_01,0,0.0,0
knn,1,SR1482_40X_HE_T066_02,0,0.3333333333333333,0
knn,1,SR1482_40X_HE_T068_01,0,0.0,0
knn,1,SR1482_40X_HE_T069_01,0,0.0,0
knn,1,SR1482_40X_HE_T069_02,0,0.0,0
knn,1,SR1482_40X_HE_T079_01,1,0.0,0
knn,1,SR1482_40X_HE_T079_02,1,0.3333333333333333,0
knn,1,SR1482_40X_HE_T080_01,0,0.0,0
knn,1,SR1482_40X_HE_T080_02,0,0.0,0
knn,1,SR1482_40X_HE_T081_01,0,0.3333333333333333,0
knn,1,SR1482_40X_HE_T081_02,0,0.0,0
knn,1,SR1482_40X_HE_T099_01,0,0.0,0
knn,1,SR1482_40X_HE_T116_01,0,0.0,0
knn,1,SR1482_40X_HE_T117_01,0,0.0,0
knn,1,SR1482_40X_HE_T117_02,0,0.0,0
knn,1,SR1482_40X_HE_T126_01,0,0.0,0
knn,1,SR1482_40X_HE_T129_01,0,0.0,0
knn,1,SR1482_40X_HE_T129_02,0,0.3333333333333333,0
knn,1,SR1482_40X_HE_T139_01,0,0.0,0
knn,1,SR1482_40X_HE_T139_02,0,0.3333333333333333,0
knn,1,SR1482_40X_HE_T147_01,0,0.0,0
knn,1,SR1482_40X_HE_T147_02,0,0.3333333333333333,0
knn,1,SR1482_40X_HE_T159_01,0,0.6666666666666666,1
knn,1,SR1482_40X_HE_T159_02,0,0.3333333333333333,0
knn,1,SR1482_40X_HE_T192_01,0,0.3333333333333333,0
knn,1,SR1482_40X_HE_T199_01,0,0.0,0
knn,1,SR1482_40X_HE_T304_01,0,0.3333333333333333,0
knn,1,SR1482_40X_HE_T304_02,0,0.3333333333333333,0
knn,1,SR1482_40X_HE_T310_01,1,0.3333333333333333,0
knn,1,SR1482_40X_HE_T310_02,1,0.0,0
knn,1,SR1482_40X_HE_T341_01,0,0.0,0
knn,1,SR1482_40X_HE_T341_02,0,0.0,0
knn,1,SR1482_40X_HE_T353_01,0,0.0,0
knn,1,SR1482_40X_HE_T390_01,0,0.0,0
knn,1,SR1482_40X_HE_T433_01,1,0.6666666666666666,1
knn,1,SR386_40X_HE_T003_01,0,0.0,0
knn,1,SR386_40X_HE_T004_01,0,0.0,0
knn,1,SR386_40X_HE_T022_01,1,0.0,0
knn,1,SR386_40X_HE_T030_01,0,0.3333333333333333,0
knn,1,SR386_40X_HE_T033_01,0,0.0,0
knn,1,SR386_40X_HE_T036_01,0,0.0,0
knn,1,SR386_40X_HE_T038_01,0,0.3333333333333333,0
knn,1,SR386_40X_HE_T049_01,0,0.0,0
knn,1,SR386_40X_HE_T050_01,0,0.0,0
knn,1,SR386_40X_HE_T060_01,0,0.0,0
knn,1,SR386_40X_HE_T063_01,0,0.0,0
knn,1,SR386_40X_HE_T066_01,0,0.0,0
knn,1,SR386_40X_HE_T069_01,0,0.0,0
knn,1,SR386_40X_HE_T072_01,0,0.0,0
knn,1,SR386_40X_HE_T074_01,0,0.0,0
knn,1,SR386_40X_HE_T078_01,0,0.0,0
knn,1,SR386_40X_HE_T079_01,0,0.0,0
knn,1,SR386_40X_HE_T092_01,1,0.0,0
knn,1,SR386_40X_HE_T096_01,0,0.0,0
knn,1,SR386_40X_HE_T099_01,0,0.0,0
knn,1,SR386_40X_HE_T103_01,0,0.0,0
knn,1,SR386_40X_HE_T108_01,0,0.0,0
knn,1,SR386_40X_HE_T113_01,0,0.0,0
knn,1,SR386_40X_HE_T114_01,0,0.0,0
knn,1,SR386_40X_HE_T119_01,0,0.0,0
knn,1,SR386_40X_HE_T126_01,0,0.0,0
knn,1,SR386_40X_HE_T130_01,0,0.0,0
knn,1,SR386_40X_HE_T131_01,0,0.0,0
knn,1,SR386_40X_HE_T135_01,0,0.3333333333333333,0
knn,1,SR386_40X_HE_T140_01,0,0.0,0
knn,1,SR386_40X_HE_T144_01,0,0.0,0
knn,1,SR386_40X_HE_T147_01,0,0.0,0
knn,1,SR386_40X_HE_T148_01,0,0.0,0
knn,1,SR386_40X_HE_T160_01,0,0.0,0
knn,1,SR386_40X_HE_T169_01,0,0.0,0
knn,1,SR386_40X_HE_T170_01,1,0.3333333333333333,0
knn,1,SR386_40X_HE_T172_01,0,0.0,0
knn,1,SR386_40X_HE_T174_01,0,0.0,0
knn,1,SR386_40X_HE_T181_01,0,0.0,0
knn,1,SR386_40X_HE_T196_01,0,0.0,0
knn,1,SR386_40X_HE_T205_01,0,0.3333333333333333,0
knn,1,SR386_40X_HE_T209_01,0,0.0,0
knn,1,SR386_40X_HE_T210_01,0,0.3333333333333333,0
knn,1,SR386_40X_HE_T212_01,0,0.0,0
knn,1,SR386_40X_HE_T221_01,0,0.3333333333333333,0
knn,1,SR386_40X_HE_T224_01,0,0.0,0
knn,1,SR386_40X_HE_T231_01,1,0.3333333333333333,0
knn,1,SR386_40X_HE_T232_01,0,0.0,0
knn,1,SR386_40X_HE_T247_01,0,0.0,0
knn,1,SR386_40X_HE_T252_01,0,0.0,0
knn,1,SR386_40X_HE_T255_01,0,0.0,0
knn,1,SR386_40X_HE_T259_01,1,0.0,0
knn,1,SR386_40X_HE_T274_01,0,0.0,0
knn,1,SR386_40X_HE_T275_01,0,0.0,0
knn,1,SR386_40X_HE_T282_01,0,0.0,0
knn,1,SR386_40X_HE_T294_01,0,0.6666666666666666,1
knn,1,SR386_40X_HE_T311_01,0,0.0,0
knn,1,SR386_40X_HE_T315_01,0,0.0,0
knn,1,SR386_40X_HE_T319_01,1,0.0,0
knn,1,SR386_40X_HE_T324_01,1,0.0,0
knn,1,SR386_40X_HE_T330_01,0,0.0,0
knn,1,SR386_40X_HE_T333_01,0,0.0,0
knn,1,SR386_40X_HE_T335_01,0,0.0,0
knn,1,SR386_40X_HE_T337_01,0,0.0,0
knn,1,SR386_40X_HE_T344_01,0,0.0,0
knn,1,SR386_40X_HE_T347_01,0,0.0,0
knn,1,SR386_40X_HE_T350_01,0,0.0,0
knn,1,SR386_40X_HE_T351_01,0,0.0,0
knn,1,SR386_40X_HE_T360_01,0,0.0,0
knn,1,SR386_40X_HE_T361_01,0,0.0,0
knn,1,SR386_40X_HE_T366_01,0,0.0,0
knn,1,SR386_40X_HE_T377_01,1,0.0,0
knn,1,SR386_40X_HE_T384_01,0,0.0,0
knn,1,SR386_40X_HE_T395_01,0,0.0,0
knn,1,SR386_40X_HE_T396_01,0,0.0,0
knn,1,SR386_40X_HE_T401_01,0,0.0,0
knn,1,SR386_40X_HE_T408_01,0,0.0,0
knn,1,SR386_40X_HE_T410_01,0,0.0,0
knn,1,SR386_40X_HE_T413_01,0,0.0,0
knn,1,SR386_40X_HE_T416_01,0,0.0,0
knn,1,SR386_40X_HE_T418_01,0,0.0,0
knn,1,SR386_40X_HE_T419_01,0,0.0,0
knn,1,SR386_40X_HE_T421_01,0,0.3333333333333333,0
knn,1,SR386_40X_HE_T423_01,0,0.0,0
knn,1,SR386_40X_HE_T428_01,0,0.0,0
knn,1,SR386_40X_HE_T430_01,0,0.0,0
knn,1,SR386_40X_HE_T431_01,0,0.0,0
knn,1,SR386_40X_HE_T435_01,0,0.3333333333333333,0
knn,1,SR386_40X_HE_T438_01,0,0.3333333333333333,0
knn,1,SR386_40X_HE_T439_01,0,0.3333333333333333,0
knn,1,SR386_40X_HE_T447_01,0,0.0,0
knn,1,SR386_40X_HE_T449_01,0,0.0,0
knn,1,SR386_40X_HE_T454_01,0,0.0,0
knn,1,SR386_40X_HE_T456_01,0,0.0,0
knn,1,SR386_40X_HE_T461_01,0,0.0,0
knn,1,SR386_40X_HE_T462_01,0,0.0,0
knn,1,SR386_40X_HE_T468_01,0,0.0,0
knn,1,SR386_40X_HE_T469_01,1,0.0,0
knn,1,SR386_40X_HE_T470_01,0,0.3333333333333333,0
knn,1,SR386_40X_HE_T471_01,0,0.0,0
knn,1,SR386_40X_HE_T477_01,0,0.0,0
knn,1,SR386_40X_HE_T480_01,0,0.0,0
knn,1,SR386_40X_HE_T484_01,0,0.0,0
knn,1,SR386_40X_HE_T495_01,0,0.0,0
knn,1,SR386_40X_HE_T496_01,0,0.0,0
knn,1,SR386_40X_HE_T498_01,0,0.0,0
knn,1,SR386_40X_HE_T504_01,0,0.0,0
knn,1,SR386_40X_HE_T511_01,0,0.0,0
knn,1,SR386_40X_HE_T517_01,0,0.6666666666666666,1
knn,1,SR386_40X_HE_T523_01,0,0.0,0
knn,1,SR386_40X_HE_T529_01,0,0.0,0
knn,1,SR386_40X_HE_T542_01,0,0.0,0
knn,1,SR386_40X_HE_T569_01,0,0.0,0
knn,1,SR386_40X_HE_T582_01,0,0.0,0
knn,2,SR1482_40X_HE_T009_01,0,0.0,0
knn,2,SR1482_40X_HE_T009_02,0,0.0,0
knn,2,SR1482_40X_HE_T015_01,0,0.0,0
knn,2,SR1482_40X_HE_T021_01,0,0.0,0
knn,2,SR1482_40X_HE_T067_01,0,0.0,0
knn,2,SR1482_40X_HE_T075_01,0,0.0,0
knn,2,SR1482_40X_HE_T075_02,0,0.0,0
knn,2,SR1482_40X_HE_T098_01,0,0.0,0
knn,2,SR1482_40X_HE_T098_02,0,0.0,0
knn,2,SR1482_40X_HE_T102_01,0,0.6666666666666666,1
knn,2,SR1482_40X_HE_T123_01,0,0.0,0
knn,2,SR1482_40X_HE_T142_01,0,0.0,0
knn,2,SR1482_40X_HE_T146_01,0,0.3333333333333333,0
knn,2,SR1482_40X_HE_T148_01,0,0.0,0
knn,2,SR1482_40X_HE_T148_02,0,0.3333333333333333,0
knn,2,SR1482_40X_HE_T154_01,0,0.0,0
knn,2,SR1482_40X_HE_T158_01,0,0.0,0
knn,2,SR1482_40X_HE_T161_01,0,0.0,0
knn,2,SR1482_40X_HE_T161_02,0,0.0,0
knn,2,SR1482_40X_HE_T164_01,1,0.3333333333333333,0
knn,2,SR1482_40X_HE_T164_02,1,0.3333333333333333,0
knn,2,SR1482_40X_HE_T168_01,0,0.0,0
knn,2,SR1482_40X_HE_T171_01,0,0.0,0
knn,2,SR1482_40X_HE_T171_02,0,0.0,0
knn,2,SR1482_40X_HE_T178_01,1,0.0,0
knn,2,SR1482_40X_HE_T186_01,0,0.0,0
knn,2,SR1482_40X_HE_T193_01,0,0.0,0
knn,2,SR1482_40X_HE_T193_02,0,0.0,0
knn,2,SR1482_40X_HE_T209_01,0,0.0,0
knn,2,SR1482_40X_HE_T209_02,0,0.0,0
knn,2,SR1482_40X_HE_T245_01,0,0.6666666666666666,1
knn,2,SR1482_40X_HE_T245_02,0,0.6666666666666666,1
knn,2,SR1482_40X_HE_T265_01,0,0.0,0
knn,2,SR1482_40X_HE_T302_01,0,0.0,0
knn,2,SR1482_40X_HE_T343_01,1,0.0,0
knn,2,SR1482_40X_HE_T343_02,1,0.3333333333333333,0
knn,2,SR1482_40X_HE_T399_01,0,0.3333333333333333,0
knn,2,SR1482_40X_HE_T399_02,0,0.3333333333333333,0
knn,2,SR1482_40X_HE_T426_01,0,0.0,0
knn,2,SR1482_40X_HE_T426_02,0,0.0,0
knn,2,SR386_40X_HE_T001_01,0,0.0,0
knn,2,SR386_40X_HE_T013_01,0,0.3333333333333333,0
knn,2,SR386_40X_HE_T018_01,0,0.0,0
knn,2,SR386_40X_HE_T019_01,0,0.0,0
knn,2,SR386_40X_HE_T024_01,0,0.0,0
knn,2,SR386_40X_HE_T039_01,0,0.0,0
knn,2,SR386_40X_HE_T040_01,1,0.6666666666666666,1
knn,2,SR386_40X_HE_T042_01,0,0.0,0
knn,2,SR386_40X_HE_T047_01,0,0.0,0
knn,2,SR386_40X_HE_T051_01,0,0.0,0
knn,2,SR386_40X_HE_T052_01,0,0.0,0
knn,2,SR386_40X_HE_T056_01,0,0.0,0
knn,2,SR386_40X_HE_T057_01,0,0.0,0
knn,2,SR386_40X_HE_T070_01,0,0.0,0
knn,2,SR386_40X_HE_T082_01,0,0.0,0
knn,2,SR386_40X_HE_T084_01,0,0.3333333333333333,0
knn,2,SR386_40X_HE_T087_01,0,0.3333333333333333,0
knn,2,SR386_40X_HE_T088_01,0,0.0,0
knn,2,SR386_40X_HE_T098_01,0,0.0,0
knn,2,SR386_40X_HE_T105_01,0,0.0,0
knn,2,SR386_40X_HE_T122_01,0,0.0,0
knn,2,SR386_40X_HE_T123_01,0,0.0,0
knn,2,SR386_40X_HE_T133_01,0,0.0,0
knn,2,SR386_40X_HE_T145_01,0,0.0,0
knn,2,SR386_40X_HE_T150_01,0,0.0,0
knn,2,SR386_40X_HE_T152_01,0,0.3333333333333333,0
knn,2,SR386_40X_HE_T155_01,0,0.0,0
knn,2,SR386_40X_HE_T157_01,0,0.0,0
knn,2,SR386_40X_HE_T164_01,0,0.0,0
knn,2,SR386_40X_HE_T166_01,0,0.3333333333333333,0
knn,2,SR386_40X_HE_T176_01,1,0.6666666666666666,1
knn,2,SR386_40X_HE_T177_01,0,0.0,0
knn,2,SR386_40X_HE_T178_01,0,0.3333333333333333,0
knn,2,SR386_40X_HE_T187_01,0,0.0,0
knn,2,SR386_40X_HE_T190_01,0,0.0,0
knn,2,SR386_40X_HE_T192_01,0,0.0,0
knn,2,SR386_40X_HE_T198_01,0,0.0,0
knn,2,SR386_40X_HE_T200_01,0,0.0,0
knn,2,SR386_40X_HE_T206_01,1,0.0,0
knn,2,SR386_40X_HE_T211_01,0,0.0,0
knn,2,SR386_40X_HE_T213_01,0,0.0,0
knn,2,SR386_40X_HE_T214_01,0,0.0,0
knn,2,SR386_40X_HE_T220_01,0,0.0,0
knn,2,SR386_40X_HE_T230_01,1,0.0,0
knn,2,SR386_40X_HE_T236_01,0,0.0,0
knn,2,SR386_40X_HE_T237_01,0,0.0,0
knn,2,SR386_40X_HE_T240_01,0,0.0,0
knn,2,SR386_40X_HE_T241_01,0,0.0,0
knn,2,SR386_40X_HE_T242_01,0,0.0,0
knn,2,SR386_40X_HE_T253_01,0,0.0,0
knn,2,SR386_40X_HE_T260_01,0,0.0,0
knn,2,SR386_40X_HE_T262_01,0,0.0,0
knn,2,SR386_40X_HE_T264_01,0,0.3333333333333333,0
knn,2,SR386_40X_HE_T271_01,0,0.0,0
knn,2,SR386_40X_HE_T281_01,0,0.0,0
knn,2,SR386_40X_HE_T297_01,0,0.0,0
knn,2,SR386_40X_HE_T299_01,0,0.0,0
knn,2,SR386_40X_HE_T301_01,0,0.0,0
knn,2,SR386_40X_HE_T306_01,0,0.0,0
knn,2,SR386_40X_HE_T309_01,0,0.3333333333333333,0
knn,2,SR386_40X_HE_T314_01,0,0.3333333333333333,0
knn,2,SR386_40X_HE_T316_01,0,0.0,0
knn,2,SR386_40X_HE_T318_01,0,0.0,0
knn,2,SR386_40X_HE_T321_01,0,0.0,0
knn,2,SR386_40X_HE_T326_01,0,0.0,0
knn,2,SR386_40X_HE_T327_01,0,0.0,0
knn,2,SR386_40X_HE_T332_01,1,0.3333333333333333,0
knn,2,SR386_40X_HE_T355_01,0,0.0,0
knn,2,SR386_40X_HE_T364_01,0,0.6666666666666666,1
knn,2,SR386_40X_HE_T368_01,1,0.0,0
knn,2,SR386_40X_HE_T374_01,0,0.0,0
knn,2,SR386_40X_HE_T380_01,0,0.0,0
knn,2,SR386_40X_HE_T382_01,0,0.0,0
knn,2,SR386_40X_HE_T392_01,0,0.0,0
knn,2,SR386_40X_HE_T398_01,0,0.0,0
knn,2,SR386_40X_HE_T402_01,1,0.0,0
knn,2,SR386_40X_HE_T404_01,0,0.0,0
knn,2,SR386_40X_HE_T415_01,0,0.0,0
knn,2,SR386_40X_HE_T417_01,0,0.0,0
knn,2,SR386_40X_HE_T425_01,0,0.0,0
knn,2,SR386_40X_HE_T436_01,1,0.0,0
knn,2,SR386_40X_HE_T437_01,0,0.0,0
knn,2,SR386_40X_HE_T440_01,0,0.0,0
knn,2,SR386_40X_HE_T445_01,0,0.0,0
knn,2,SR386_40X_HE_T450_01,0,0.0,0
knn,2,SR386_40X_HE_T459_01,0,0.0,0
knn,2,SR386_40X_HE_T472_01,0,0.0,0
knn,2,SR386_40X_HE_T481_01,0,0.0,0
knn,2,SR386_40X_HE_T483_01,0,0.0,0
knn,2,SR386_40X_HE_T486_01,0,0.3333333333333333,0
knn,2,SR386_40X_HE_T488_01,0,0.3333333333333333,0
knn,2,SR386_40X_HE_T499_01,0,0.0,0
knn,2,SR386_40X_HE_T507_01,0,0.6666666666666666,1
knn,2,SR386_40X_HE_T514_01,0,0.0,0
knn,2,SR386_40X_HE_T520_01,1,0.0,0
knn,2,SR386_40X_HE_T522_01,0,0.0,0
knn,2,SR386_40X_HE_T531_01,0,0.0,0
knn,2,SR386_40X_HE_T535_01,0,0.0,0
knn,2,SR386_40X_HE_T539_01,0,0.0,0
knn,2,SR386_40X_HE_T549_01,0,0.3333333333333333,0
knn,2,SR386_40X_HE_T552_01,0,0.0,0
knn,2,SR386_40X_HE_T553_01,0,0.0,0
knn,2,SR386_40X_HE_T554_01,0,0.0,0
knn,2,SR386_40X_HE_T558_01,0,0.0,0
knn,2,SR386_40X_HE_T564_01,0,0.0,0
knn,2,SR386_40X_HE_T570_01,0,0.0,0
knn,2,SR386_40X_HE_T574_01,0,0.0,0
knn,2,SR386_40X_HE_T578_01,0,0.0,0
knn,2,SR386_40X_HE_T580_01,0,0.0,0
knn,3,SR1482_40X_HE_T005_01,0,0.3333333333333333,0
knn,3,SR1482_40X_HE_T005_02,0,0.0,0
knn,3,SR1482_40X_HE_T010_01,0,0.0,0
knn,3,SR1482_40X_HE_T043_01,0,0.0,0
knn,3,SR1482_40X_HE_T043_02,0,0.0,0
knn,3,SR1482_40X_HE_T049_01,0,0.0,0
knn,3,SR1482_40X_HE_T061_01,0,0.3333333333333333,0
knn,3,SR1482_40X_HE_T061_02,0,0.0,0
knn,3,SR1482_40X_HE_T070_01,1,0.0,0
knn,3,SR1482_40X_HE_T073_01,0,0.0,0
knn,3,SR1482_40X_HE_T082_01,0,0.0,0
knn,3,SR1482_40X_HE_T082_02,0,0.0,0
knn,3,SR1482_40X_HE_T089_01,0,0.0,0
knn,3,SR1482_40X_HE_T090_01,0,0.0,0
knn,3,SR1482_40X_HE_T094_01,1,0.0,0
knn,3,SR1482_40X_HE_T094_02,1,0.0,0
knn,3,SR1482_40X_HE_T105_01,0,0.0,0
knn,3,SR1482_40X_HE_T115_01,0,0.0,0
knn,3,SR1482_40X_HE_T115_02,0,0.0,0
knn,3,SR1482_40X_HE_T118_01,0,0.6666666666666666,1
knn,3,SR1482_40X_HE_T118_02,0,0.3333333333333333,0
knn,3,SR1482_40X_HE_T120_01,0,0.6666666666666666,1
knn,3,SR1482_40X_HE_T120_02,0,0.3333333333333333,0
knn,3,SR1482_40X_HE_T124_01,0,0.0,0
knn,3,SR1482_40X_HE_T124_02,0,0.0,0
knn,3,SR1482_40X_HE_T138_01,0,0.0,0
knn,3,SR1482_40X_HE_T160_01,0,0.0,0
knn,3,SR1482_40X_HE_T160_02,0,0.0,0
knn,3,SR1482_40X_HE_T167_01,0,0.0,0
knn,3,SR1482_40X_HE_T167_02,0,0.3333333333333333,0
knn,3,SR1482_40X_HE_T175_01,0,0.6666666666666666,1
knn,3,SR1482_40X_HE_T175_02,0,0.0,0
knn,3,SR1482_40X_HE_T177_01,1,0.3333333333333333,0
knn,3,SR1482_40X_HE_T188_01,0,0.0,0
knn,3,SR1482_40X_HE_T195_01,0,0.0,0
knn,3,SR1482_40X_HE_T195_02,0,0.0,0
knn,3,SR1482_40X_HE_T202_01,0,0.0,0
knn,3,SR1482_40X_HE_T202_02,0,0.0,0
knn,3,SR1482_40X_HE_T225_01,0,0.3333333333333333,0
knn,3,SR1482_40X_HE_T225_02,0,0.0,0
knn,3,SR1482_40X_HE_T235_01,0,0.0,0
knn,3,SR1482_40X_HE_T235_02,0,0.0,0
knn,3,SR1482_40X_HE_T236_01,0,0.0,0
knn,3,SR1482_40X_HE_T236_02,0,0.0,0
knn,3,SR1482_40X_HE_T258_01,0,0.0,0
knn,3,SR1482_40X_HE_T258_02,0,0.0,0
knn,3,SR1482_40X_HE_T284_01,1,0.3333333333333333,0
knn,3,SR1482_40X_HE_T284_02,1,0.0,0
knn,3,SR1482_40X_HE_T301_01,1,0.0,0
knn,3,SR1482_40X_HE_T301_02,1,0.0,0
knn,3,SR1482_40X_HE_T309_01,0,0.6666666666666666,1
knn,3,SR1482_40X_HE_T313_01,0,0.0,0
knn,3,SR1482_40X_HE_T313_02,0,0.0,0
knn,3,SR1482_40X_HE_T338_01,0,0.0,0
knn,3,SR1482_40X_HE_T344_01,0,0.0,0
knn,3,SR1482_40X_HE_T344_02,0,0.0,0
knn,3,SR1482_40X_HE_T346_01,0,0.3333333333333333,0
knn,3,SR1482_40X_HE_T346_02,0,0.3333333333333333,0
knn,3,SR1482_40X_HE_T377_01,0,0.0,0
knn,3,SR1482_40X_HE_T377_02,0,0.0,0
knn,3,SR1482_40X_HE_T419_01,0,0.0,0
knn,3,SR1482_40X_HE_T427_01,0,0.0,0
knn,3,SR1482_40X_HE_T427_02,0,0.0,0
knn,3,SR386_40X_HE_T007_01,0,0.0,0
knn,3,SR386_40X_HE_T015_01,0,0.0,0
knn,3,SR386_40X_HE_T017_01,1,0.6666666666666666,1
knn,3,SR386_40X_HE_T032_01,0,0.0,0
knn,3,SR386_40X_HE_T034_01,0,0.0,0
knn,3,SR386_40X_HE_T035_01,0,0.3333333333333333,0
knn,3,SR386_40X_HE_T041_01,0,0.6666666666666666,1
knn,3,SR386_40X_HE_T067_01,0,0.0,0
knn,3,SR386_40X_HE_T075_01,0,0.0,0
knn,3,SR386_40X_HE_T081_01,0,0.3333333333333333,0
knn,3,SR386_40X_HE_T083_01,0,0.0,0
knn,3,SR386_40X_HE_T085_01,0,0.0,0
knn,3,SR386_40X_HE_T095_01,0,0.0,0
knn,3,SR386_40X_HE_T104_01,0,0.0,0
knn,3,SR386_40X_HE_T106_01,0,0.0,0
knn,3,SR386_40X_HE_T112_01,0,0.0,0
knn,3,SR386_40X_HE_T128_01,0,0.0,0
knn,3,SR386_40X_HE_T132_01,0,0.0,0
knn,3,SR386_40X_HE_T138_01,0,0.0,0
knn,3,SR386_40X_HE_T142_01,0,0.0,0
knn,3,SR386_40X_HE_T149_01,0,0.0,0
knn,3,SR386_40X_HE_T165_01,1,0.0,0
knn,3,SR386_40X_HE_T179_01,0,0.0,0
knn,3,SR386_40X_HE_T180_01,0,0.0,0
knn,3,SR386_40X_HE_T182_01,0,0.3333333333333333,0
knn,3,SR386_40X_HE_T184_01,0,0.0,0
knn,3,SR386_40X_HE_T188_01,0,0.0,0
knn,3,SR386_40X_HE_T191_01,0,0.0,0
knn,3,SR386_40X_HE_T197_01,0,0.0,0
knn,3,SR386_40X_HE_T201_01,0,0.0,0
knn,3,SR386_40X_HE_T202_01,0,0.0,0
knn,3,SR386_40X_HE_T208_01,0,0.0,0
knn,3,SR386_40X_HE_T216_01,1,0.3333333333333333,0
knn,3,SR386_40X_HE_T238_01,0,0.0,0
knn,3,SR386_40X_HE_T244_01,0,0.0,0
knn,3,SR386_40X_HE_T248_01,0,0.0,0
knn,3,SR386_40X_HE_T249_01,0,0.0,0
knn,3,SR386_40X_HE_T250_01,0,0.0,0
knn,3,SR386_40X_HE_T263_01,0,0.3333333333333333,0
knn,3,SR386_40X_HE_T267_01,0,0.0,0
knn,3,SR386_40X_HE_T269_01,0,0.0,0
knn,3,SR386_40X_HE_T277_01,0,0.0,0
knn,3,SR386_40X_HE_T286_01,0,0.0,0
knn,3,SR386_40X_HE_T287_01,0,0.0,0
knn,3,SR386_40X_HE_T290_01,0,0.0,0
knn,3,SR386_40X_HE_T293_01,0,0.0,0
knn,3,SR386_40X_HE_T298_01,0,0.0,0
knn,3,SR386_40X_HE_T303_01,0,0.0,0
knn,3,SR386_40X_HE_T312_01,0,0.0,0
knn,3,SR386_40X_HE_T329_01,0,0.0,0
knn,3,SR386_40X_HE_T336_01,0,0.0,0
knn,3,SR386_40X_HE_T338_01,0,0.0,0
knn,3,SR386_40X_HE_T342_01,0,0.0,0
knn,3,SR386_40X_HE_T353_01,0,0.0,0
knn,3,SR386_40X_HE_T357_01,0,0.0,0
knn,3,SR386_40X_HE_T362_01,0,0.0,0
knn,3,SR386_40X_HE_T363_01,1,0.0,0
knn,3,SR386_40X_HE_T372_01,0,0.0,0
knn,3,SR386_40X_HE_T378_01,0,0.0,0
knn,3,SR386_40X_HE_T379_01,0,0.0,0
knn,3,SR386_40X_HE_T386_01,0,0.0,0
knn,3,SR386_40X_HE_T387_01,0,0.0,0
knn,3,SR386_40X_HE_T393_01,0,0.0,0
knn,3,SR386_40X_HE_T397_01,0,0.3333333333333333,0
knn,3,SR386_40X_HE_T406_01,0,0.0,0
knn,3,SR386_40X_HE_T409_01,0,0.0,0
knn,3,SR386_40X_HE_T422_01,0,0.0,0
knn,3,SR386_40X_HE_T426_01,0,0.0,0
knn,3,SR386_40X_HE_T433_01,0,0.0,0
knn,3,SR386_40X_HE_T443_01,0,0.3333333333333333,0
knn,3,SR386_40X_HE_T448_01,0,0.0,0
knn,3,SR386_40X_HE_T452_01,0,0.0,0
knn,3,SR386_40X_HE_T460_01,1,0.3333333333333333,0
knn,3,SR386_40X_HE_T473_01,0,0.0,0
knn,3,SR386_40X_HE_T475_01,0,0.0,0
knn,3,SR386_40X_HE_T478_01,0,0.0,0
knn,3,SR386_40X_HE_T489_01,1,0.0,0
knn,3,SR386_40X_HE_T491_01,0,0.0,0
knn,3,SR386_40X_HE_T492_01,0,0.0,0
knn,3,SR386_40X_HE_T493_01,0,0.0,0
knn,3,SR386_40X_HE_T502_01,0,0.0,0
knn,3,SR386_40X_HE_T505_01,0,0.0,0
knn,3,SR386_40X_HE_T506_01,0,0.0,0
knn,3,SR386_40X_HE_T509_01,0,0.3333333333333333,0
knn,3,SR386_40X_HE_T516_01,0,0.0,0
knn,3,SR386_40X_HE_T518_01,0,0.0,0
knn,3,SR386_40X_HE_T519_01,0,0.0,0
knn,3,SR386_40X_HE_T521_01,0,0.0,0
knn,3,SR386_40X_HE_T526_01,0,0.0,0
knn,3,SR386_40X_HE_T533_01,0,0.0,0
knn,3,SR386_40X_HE_T543_01,0,0.0,0
knn,3,SR386_40X_HE_T544_01,0,0.0,0
knn,3,SR386_40X_HE_T556_01,1,0.0,0
knn,3,SR386_40X_HE_T560_01,0,0.0,0
knn,3,SR386_40X_HE_T563_01,0,0.0,0
knn,3,SR386_40X_HE_T568_01,0,0.0,0
knn,3,SR386_40X_HE_T571_01,0,0.0,0
knn,3,SR386_40X_HE_T572_01,0,0.0,0
knn,3,SR386_40X_HE_T573_01,0,0.0,0
knn,3,SR386_40X_HE_T583_01,0,0.0,0
knn,4,SR1482_40X_HE_T002_01,0,0.0,0
knn,4,SR1482_40X_HE_T003_01,0,0.0,0
knn,4,SR1482_40X_HE_T004_01,0,0.6666666666666666,1
knn,4,SR1482_40X_HE_T004_02,0,0.3333333333333333,0
knn,4,SR1482_40X_HE_T011_01,0,0.3333333333333333,0
knn,4,SR1482_40X_HE_T025_01,0,0.0,0
knn,4,SR1482_40X_HE_T025_02,0,0.0,0
knn,4,SR1482_40X_HE_T060_01,0,0.3333333333333333,0
knn,4,SR1482_40X_HE_T062_01,0,0.0,0
knn,4,SR1482_40X_HE_T062_02,0,0.0,0
knn,4,SR1482_40X_HE_T064_01,0,0.0,0
knn,4,SR1482_40X_HE_T064_02,0,0.0,0
knn,4,SR1482_40X_HE_T071_01,0,0.0,0
knn,4,SR1482_40X_HE_T071_02,0,0.0,0
knn,4,SR1482_40X_HE_T074_01,0,0.3333333333333333,0
knn,4,SR1482_40X_HE_T074_02,0,0.0,0
knn,4,SR1482_40X_HE_T083_01,0,0.6666666666666666,1
knn,4,SR1482_40X_HE_T083_02,0,0.3333333333333333,0
knn,4,SR1482_40X_HE_T087_01,0,0.0,0
knn,4,SR1482_40X_HE_T097_01,1,0.6666666666666666,1
knn,4,SR1482_40X_HE_T097_02,1,0.3333333333333333,0
knn,4,SR1482_40X_HE_T108_01,0,0.0,0
knn,4,SR1482_40X_HE_T113_01,0,0.0,0
knn,4,SR1482_40X_HE_T113_02,0,0.0,0
knn,4,SR1482_40X_HE_T121_01,0,0.0,0
knn,4,SR1482_40X_HE_T122_01,0,0.0,0
knn,4,SR1482_40X_HE_T125_01,0,0.0,0
knn,4,SR1482_40X_HE_T125_02,0,0.0,0
knn,4,SR1482_40X_HE_T131_01,0,0.0,0
knn,4,SR1482_40X_HE_T131_02,0,0.0,0
knn,4,SR1482_40X_HE_T132_01,0,0.3333333333333333,0
knn,4,SR1482_40X_HE_T132_02,0,0.0,0
knn,4,SR1482_40X_HE_T143_01,0,0.0,0
knn,4,SR1482_40X_HE_T143_02,0,0.0,0
knn,4,SR1482_40X_HE_T166_01,1,0.0,0
knn,4,SR1482_40X_HE_T169_01,0,0.3333333333333333,0
knn,4,SR1482_40X_HE_T176_01,1,0.6666666666666666,1
knn,4,SR1482_40X_HE_T176_02,1,0.3333333333333333,0
knn,4,SR1482_40X_HE_T191_01,0,0.0,0
knn,4,SR1482_40X_HE_T194_01,0,0.0,0
knn,4,SR1482_40X_HE_T218_01,0,0.0,0
knn,4,SR1482_40X_HE_T253_01,0,0.0,0
knn,4,SR1482_40X_HE_T290_01,0,0.3333333333333333,0
knn,4,SR1482_40X_HE_T308_01,0,0.3333333333333333,0
knn,4,SR1482_40X_HE_T314_01,0,0.0,0
knn,4,SR1482_40X_HE_T314_02,0,0.0,0
knn,4,SR1482_40X_HE_T372_01,1,0.0,0
knn,4,SR1482_40X_HE_T372_02,1,0.0,0
knn,4,SR1482_40X_HE_T408_01,0,0.0,0
knn,4,SR1482_40X_HE_T412_01,0,0.0,0
knn,4,SR1482_40X_HE_T425_01,0,0.0,0
knn,4,SR1482_40X_HE_T434_01,1,0.0,0
knn,4,SR386_40X_HE_T006_01,0,0.0,0
knn,4,SR386_40X_HE_T010_01,0,0.0,0
knn,4,SR386_40X_HE_T014_01,0,0.0,0
knn,4,SR386_40X_HE_T016_01,0,0.0,0
knn,4,SR386_40X_HE_T020_01,0,0.0,0
knn,4,SR386_40X_HE_T027_01,0,0.3333333333333333,0
knn,4,SR386_40X_HE_T028_01,0,0.3333333333333333,0
knn,4,SR386_40X_HE_T037_01,0,0.0,0
knn,4,SR386_40X_HE_T043_01,0,0.0,0
knn,4,SR386_40X_HE_T044_01,1,0.3333333333333333,0
knn,4,SR386_40X_HE_T046_01,0,0.0,0
knn,4,SR386_40X_HE_T058_01,0,0.0,0
knn,4,SR386_40X_HE_T062_01,0,0.0,0
knn,4,SR386_40X_HE_T065_01,1,0.0,0
knn,4,SR386_40X_HE_T080_01,0,0.0,0
knn,4,SR386_40X_HE_T091_01,0,0.0,0
knn,4,SR386_40X_HE_T094_01,0,0.0,0
knn,4,SR386_40X_HE_T097_01,0,0.0,0
knn,4,SR386_40X_HE_T100_01,0,0.3333333333333333,0
knn,4,SR386_40X_HE_T107_01,0,0.6666666666666666,1
knn,4,SR386_40X_HE_T109_01,1,0.0,0
knn,4,SR386_40X_HE_T110_01,0,0.6666666666666666,1
knn,4,SR386_40X_HE_T117_01,0,0.0,0
knn,4,SR386_40X_HE_T127_01,0,0.0,0
knn,4,SR386_40X_HE_T129_01,0,0.0,0
knn,4,SR386_40X_HE_T136_01,0,0.0,0
knn,4,SR386_40X_HE_T154_01,0,0.0,0
knn,4,SR386_40X_HE_T168_01,1,0.0,0
knn,4,SR386_40X_HE_T175_01,0,0.0,0
knn,4,SR386_40X_HE_T189_01,0,0.0,0
knn,4,SR386_40X_HE_T195_01,0,0.0,0
knn,4,SR386_40X_HE_T227_01,0,0.3333333333333333,0
knn,4,SR386_40X_HE_T233_01,0,0.3333333333333333,0
knn,4,SR386_40X_HE_T234_01,0,0.0,0
knn,4,SR386_40X_HE_T235_01,0,0.0,0
knn,4,SR386_40X_HE_T239_01,0,0.3333333333333333,0
knn,4,SR386_40X_HE_T245_01,0,0.0,0
knn,4,SR386_40X_HE_T256_01,0,0.0,0
knn,4,SR386_40X_HE_T265_01,0,0.0,0
knn,4,SR386_40X_HE_T268_01,0,0.0,0
knn,4,SR386_40X_HE_T270_01,0,0.0,0
knn,4,SR386_40X_HE_T272_01,0,0.0,0
knn,4,SR386_40X_HE_T273_01,0,0.0,0
knn,4,SR386_40X_HE_T276_01,0,0.6666666666666666,1
knn,4,SR386_40X_HE_T278_01,1,0.0,0
knn,4,SR386_40X_HE_T284_01,0,0.0,0
knn,4,SR386_40X_HE_T285_01,0,0.0,0
knn,4,SR386_40X_HE_T288_01,0,0.0,0
knn,4,SR386_40X_HE_T291_01,0,0.0,0
knn,4,SR386_40X_HE_T300_01,0,0.0,0
knn,4,SR386_40X_HE_T302_01,0,0.0,0
knn,4,SR386_40X_HE_T305_01,0,0.0,0
knn,4,SR386_40X_HE_T308_01,0,0.0,0
knn,4,SR386_40X_HE_T325_01,0,0.0,0
knn,4,SR386_40X_HE_T331_01,0,0.3333333333333333,0
knn,4,SR386_40X_HE_T341_01,0,0.0,0
knn,4,SR386_40X_HE_T343_01,1,0.0,0
knn,4,SR386_40X_HE_T346_01,0,0.3333333333333333,0
knn,4,SR386_40X_HE_T352_01,0,0.0,0
knn,4,SR386_40X_HE_T373_01,0,0.0,0
knn,4,SR386_40X_HE_T375_01,0,0.3333333333333333,0
knn,4,SR386_40X_HE_T381_01,0,0.0,0
knn,4,SR386_40X_HE_T389_01,0,0.0,0
knn,4,SR386_40X_HE_T391_01,0,0.0,0
knn,4,SR386_40X_HE_T394_01,0,0.0,0
knn,4,SR386_40X_HE_T399_01,0,0.0,0
knn,4,SR386_40X_HE_T403_01,0,0.0,0
knn,4,SR386_40X_HE_T405_01,0,0.3333333333333333,0
knn,4,SR386_40X_HE_T407_01,0,0.0,0
knn,4,SR386_40X_HE_T414_01,0,0.0,0
knn,4,SR386_40X_HE_T424_01,0,0.0,0
knn,4,SR386_40X_HE_T429_01,0,0.3333333333333333,0
knn,4,SR386_40X_HE_T441_01,0,0.0,0
knn,4,SR386_40X_HE_T451_01,0,0.0,0
knn,4,SR386_40X_HE_T453_01,0,0.0,0
knn,4,SR386_40X_HE_T455_01,0,0.0,0
knn,4,SR386_40X_HE_T465_01,0,0.0,0
knn,4,SR386_40X_HE_T474_01,0,0.0,0
knn,4,SR386_40X_HE_T476_01,0,0.3333333333333333,0
knn,4,SR386_40X_HE_T479_01,0,0.0,0
knn,4,SR386_40X_HE_T482_01,0,0.0,0
knn,4,SR386_40X_HE_T487_01,0,0.0,0
knn,4,SR386_40X_HE_T490_01,0,0.0,0
knn,4,SR386_40X_HE_T494_01,0,0.0,0
knn,4,SR386_40X_HE_T500_01,0,0.0,0
knn,4,SR386_40X_HE_T510_01,0,0.0,0
knn,4,SR386_40X_HE_T524_01,0,0.0,0
knn,4,SR386_40X_HE_T528_01,0,0.0,0
knn,4,SR386_40X_HE_T532_01,0,0.0,0
knn,4,SR386_40X_HE_T534_01,0,0.0,0
knn,4,SR386_40X_HE_T536_01,0,0.0,0
knn,4,SR386_40X_HE_T537_01,0,0.0,0
knn,4,SR386_40X_HE_T541_01,0,0.0,0
knn,4,SR386_40X_HE_T548_01,1,0.0,0
knn,4,SR386_40X_HE_T550_01,0,0.0,0
knn,4,SR386_40X_HE_T551_01,0,0.0,0
knn,4,SR386_40X_HE_T557_01,0,0.0,0
knn,4,SR386_40X_HE_T565_01,0,0.0,0
knn,4,SR386_40X_HE_T567_01,0,0.0,0
knn,4,SR386_40X_HE_T575_01,0,0.0,0
knn,4,SR386_40X_HE_T576_01,0,0.0,0
knn,4,SR386_40X_HE_T581_01,0,0.0,0
proto,1,SR1482_40X_HE_T029_01,0,0.49490460753440857,0
proto,1,SR1482_40X_HE_T029_02,0,0.49538397789001465,0
proto,1,SR1482_40X_HE_T057_01,0,0.4842885732650757,0
proto,1,SR1482_40X_HE_T063_01,1,0.5203458070755005,1
proto,1,SR1482_40X_HE_T063_02,1,0.5120471715927124,1
proto,1,SR1482_40X_HE_T065_01,0,0.5013813972473145,1
proto,1,SR1482_40X_HE_T065_02,0,0.4999637305736542,0
proto,1,SR1482_40X_HE_T066_01,0,0.5228763818740845,1
proto,1,SR1482_40X_HE_T066_02,0,0.5249118208885193,1
proto,1,SR1482_40X_HE_T068_01,0,0.48024359345436096,0
proto,1,SR1482_40X_HE_T069_01,0,0.5029152035713196,1
proto,1,SR1482_40X_HE_T069_02,0,0.5050382018089294,1
proto,1,SR1482_40X_HE_T079_01,1,0.5120106339454651,1
proto,1,SR1482_40X_HE_T079_02,1,0.5161353945732117,1
proto,1,SR1482_40X_HE_T080_01,0,0.5030309557914734,1
proto,1,SR1482_40X_HE_T080_02,0,0.5077577233314514,1
proto,1,SR1482_40X_HE_T081_01,0,0.5103082656860352,1
proto,1,SR1482_40X_HE_T081_02,0,0.5089431405067444,1
proto,1,SR1482_40X_HE_T099_01,0,0.4860980212688446,0
proto,1,SR1482_40X_HE_T116_01,0,0.5051533579826355,1
proto,1,SR1482_40X_HE_T117_01,0,0.5093918442726135,1
proto,1,SR1482_40X_HE_T117_02,0,0.5035859942436218,1
proto,1,SR1482_40X_HE_T126_01,0,0.5089528560638428,1
proto,1,SR1482_40X_HE_T129_01,0,0.5190417170524597,1
proto,1,SR1482_40X_HE_T129_02,0,0.5226453542709351,1
proto,1,SR1482_40X_HE_T139_01,0,0.507908046245575,1
proto,1,SR1482_40X_HE_T139_02,0,0.5087984800338745,1
proto,1,SR1482_40X_HE_T147_01,0,0.5201876759529114,1
proto,1,SR1482_40X_HE_T147_02,0,0.5229281783103943,1
proto,1,SR1482_40X_HE_T159_01,0,0.5186440348625183,1
proto,1,SR1482_40X_HE_T159_02,0,0.5091507434844971,1
proto,1,SR1482_40X_HE_T192_01,0,0.5218095183372498,1
proto,1,SR1482_40X_HE_T199_01,0,0.49985453486442566,0
proto,1,SR1482_40X_HE_T304_01,0,0.4922223389148712,0
proto,1,SR1482_40X_HE_T304_02,0,0.4954913556575775,0
proto,1,SR1482_40X_HE_T310_01,1,0.5005562901496887,1
proto,1,SR1482_40X_HE_T310_02,1,0.512690544128418,1
proto,1,SR1482_40X_HE_T341_01,0,0.48283034563064575,0
proto,1,SR1482_40X_HE_T341_02,0,0.48200950026512146,0
proto,1,SR1482_40X_HE_T353_01,0,0.4882696866989136,0
proto,1,SR1482_40X_HE_T390_01,0,0.4920995235443115,0
proto,1,SR1482_40X_HE_T433_01,1,0.5200147032737732,1
proto,1,SR386_40X_HE_T003_01,0,0.47385719418525696,0
proto,1,SR386_40X_HE_T004_01,0,0.49060967564582825,0
proto,1,SR386_40X_HE_T022_01,1,0.504572868347168,1
proto,1,SR386_40X_HE_T030_01,0,0.48971888422966003,0
proto,1,SR386_40X_HE_T033_01,0,0.47557756304740906,0
proto,1,SR386_40X_HE_T036_01,0,0.4752606451511383,0
proto,1,SR386_40X_HE_T038_01,0,0.4737916886806488,0
proto,1,SR386_40X_HE_T049_01,0,0.47256892919540405,0
proto,1,SR386_40X_HE_T050_01,0,0.49462389945983887,0
proto,1,SR386_40X_HE_T060_01,0,0.4788109064102173,0
proto,1,SR386_40X_HE_T063_01,0,0.4990021884441376,0
proto,1,SR386_40X_HE_T066_01,0,0.47332528233528137,0
proto,1,SR386_40X_HE_T069_01,0,0.4805678427219391,0
proto,1,SR386_40X_HE_T072_01,0,0.4747449457645416,0
proto,1,SR386_40X_HE_T074_01,0,0.472133606672287,0
proto,1,SR386_40X_HE_T078_01,0,0.47313520312309265,0
proto,1,SR386_40X_HE_T079_01,0,0.4705420434474945,0
proto,1,SR386_40X_HE_T092_01,1,0.4798215925693512,0
proto,1,SR386_40X_HE_T096_01,0,0.4687076807022095,0
proto,1,SR386_40X_HE_T099_01,0,0.49108853936195374,0
proto,1,SR386_40X_HE_T103_01,0,0.4905301630496979,0
proto,1,SR386_40X_HE_T108_01,0,0.4722331762313843,0
proto,1,SR386_40X_HE_T113_01,0,0.47736474871635437,0
proto,1,SR386_40X_HE_T114_01,0,0.4749085307121277,0
proto,1,SR386_40X_HE_T119_01,0,0.4716683626174927,0
proto,1,SR386_40X_HE_T126_01,0,0.48917245864868164,0
proto,1,SR386_40X_HE_T130_01,0,0.46724680066108704,0
proto,1,SR386_40X_HE_T131_01,0,0.48371976613998413,0
proto,1,SR386_40X_HE_T135_01,0,0.5140150189399719,1
proto,1,SR386_40X_HE_T140_01,0,0.47452205419540405,0
proto,1,SR386_40X_HE_T144_01,0,0.48572567105293274,0
proto,1,SR386_40X_HE_T147_01,0,0.4778975546360016,0
proto,1,SR386_40X_HE_T148_01,0,0.4913109242916107,0
proto,1,SR386_40X_HE_T160_01,0,0.46879813075065613,0
proto,1,SR386_40X_HE_T169_01,0,0.4905957877635956,0
proto,1,SR386_40X_HE_T170_01,1,0.4986020624637604,0
proto,1,SR386_40X_HE_T172_01,0,0.4850679934024811,0
proto,1,SR386_40X_HE_T174_01,0,0.4746145009994507,0
proto,1,SR386_40X_HE_T181_01,0,0.48237067461013794,0
proto,1,SR386_40X_HE_T196_01,0,0.4851170778274536,0
proto,1,SR386_40X_HE_T205_01,0,0.5138622522354126,1
proto,1,SR386_40X_HE_T209_01,0,0.4718605875968933,0
proto,1,SR386_40X_HE_T210_01,0,0.5014990568161011,1
proto,1,SR386_40X_HE_T212_01,0,0.4875090718269348,0
proto,1,SR386_40X_HE_T221_01,0,0.5036990642547607,1
proto,1,SR386_40X_HE_T224_01,0,0.4956743121147156,0
proto,1,SR386_40X_HE_T231_01,1,0.5283940434455872,1
proto,1,SR386_40X_HE_T232_01,0,0.4827946424484253,0
proto,1,SR386_40X_HE_T247_01,0,0.4791121780872345,0
proto,1,SR386_40X_HE_T252_01,0,0.48408132791519165,0
proto,1,SR386_40X_HE_T255_01,0,0.4916146397590637,0
proto,1,SR386_40X_HE_T259_01,1,0.4878602623939514,0
proto,1,SR386_40X_HE_T274_01,0,0.4849265217781067,0
proto,1,SR386_40X_HE_T275_01,0,0.49864447116851807,0
proto,1,SR386_40X_HE_T282_01,0,0.4824087917804718,0
proto,1,SR386_40X_HE_T294_01,0,0.5153166651725769,1
proto,1,SR386_40X_HE_T311_01,0,0.4845089614391327,0
proto,1,SR386_40X_HE_T315_01,0,0.4961267113685608,0
proto,1,SR386_40X_HE_T319_01,1,0.4834299683570862,0
proto,1,SR386_40X_HE_T324_01,1,0.49066227674484253,0
proto,1,SR386_40X_HE_T330_01,0,0.47205042839050293,0
proto,1,SR386_40X_HE_T333_01,0,0.483014851808548,0
proto,1,SR386_40X_HE_T335_01,0,0.4830700755119324,0
proto,1,SR386_40X_HE_T337_01,0,0.48535674810409546,0
proto,1,SR386_40X_HE_T344_01,0,0.4824218451976776,0
proto,1,SR386_40X_HE_T347_01,0,0.4816841185092926,0
proto,1,SR386_40X_HE_T350_01,0,0.49314695596694946,0
proto,1,SR386_40X_HE_T351_01,0,0.4942606985569,0
proto,1,SR386_40X_HE_T360_01,0,0.4764139950275421,0
proto,1,SR386_40X_HE_T361_01,0,0.48727211356163025,0
proto,1,SR386_40X_HE_T366_01,0,0.4708019495010376,0
proto,1,SR386_40X_HE_T377_01,1,0.49581265449523926,0
proto,1,SR386_40X_HE_T384_01,0,0.4714204967021942,0
proto,1,SR386_40X_HE_T395_01,0,0.49699676036834717,0
proto,1,SR386_40X_HE_T396_01,0,0.4764581620693207,0
proto,1,SR386_40X_HE_T401_01,0,0.4959956109523773,0
proto,1,SR386_40X_HE_T408_01,0,0.48517224192619324,0
proto,1,SR386_40X_HE_T410_01,0,0.5005745887756348,1
proto,1,SR386_40X_HE_T413_01,0,0.4872733950614929,0
proto,1,SR386_40X_HE_T416_01,0,0.48824363946914673,0
proto,1,SR386_40X_HE_T418_01,0,0.479144811630249,0
proto,1,SR386_40X_HE_T419_01,0,0.48858442902565,0
proto,1,SR386_40X_HE_T421_01,0,0.4946241080760956,0
proto,1,SR386_40X_HE_T423_01,0,0.4871659278869629,0
proto,1,SR386_40X_HE_T428_01,0,0.48520201444625854,0
proto,1,SR386_40X_HE_T430_01,0,0.4765969514846802,0
proto,1,SR386_40X_HE_T431_01,0,0.4755253493785858,0
proto,1,SR386_40X_HE_T435_01,0,0.4971821904182434,0
proto,1,SR386_40X_HE_T438_01,0,0.47427985072135925,0
proto,1,SR386_40X_HE_T439_01,0,0.5063555836677551,1
proto,1,SR386_40X_HE_T447_01,0,0.47316974401474,0
proto,1,SR386_40X_HE_T449_01,0,0.4814065396785736,0
proto,1,SR386_40X_HE_T454_01,0,0.47914689779281616,0
proto,1,SR386_40X_HE_T456_01,0,0.48646771907806396,0
proto,1,SR386_40X_HE_T461_01,0,0.47982028126716614,0
proto,1,SR386_40X_HE_T462_01,0,0.4941455125808716,0
proto,1,SR386_40X_HE_T468_01,0,0.4739971458911896,0
proto,1,SR386_40X_HE_T469_01,1,0.5145682096481323,1
proto,1,SR386_40X_HE_T470_01,0,0.4841853976249695,0
proto,1,SR386_40X_HE_T471_01,0,0.47942104935646057,0
proto,1,SR386_40X_HE_T477_01,0,0.48550179600715637,0
proto,1,SR386_40X_HE_T480_01,0,0.48420122265815735,0
proto,1,SR386_40X_HE_T484_01,0,0.47784751653671265,0
proto,1,SR386_40X_HE_T495_01,0,0.4663964509963989,0
proto,1,SR386_40X_HE_T496_01,0,0.46810978651046753,0
proto,1,SR386_40X_HE_T498_01,0,0.49457404017448425,0
proto,1,SR386_40X_HE_T504_01,0,0.4893535077571869,0
proto,1,SR386_40X_HE_T511_01,0,0.4816136658191681,0
proto,1,SR386_40X_HE_T517_01,0,0.504759669303894,1
proto,1,SR386_40X_HE_T523_01,0,0.48724275827407837,0
proto,1,SR386_40X_HE_T529_01,0,0.474238783121109,0
proto,1,SR386_40X_HE_T542_01,0,0.48677730560302734,0
proto,1,SR386_40X_HE_T569_01,0,0.48736771941185,0
proto,1,SR386_40X_HE_T582_01,0,0.47442489862442017,0
proto,2,SR1482_40X_HE_T009_01,0,0.4965880215167999,0
proto,2,SR1482_40X_HE_T009_02,0,0.4967820942401886,0
proto,2,SR1482_40X_HE_T015_01,0,0.5148196220397949,1
proto,2,SR1482_40X_HE_T021_01,0,0.49232691526412964,0
proto,2,SR1482_40X_HE_T067_01,0,0.4961513578891754,0
proto,2,SR1482_40X_HE_T075_01,0,0.48960936069488525,0
proto,2,SR1482_40X_HE_T075_02,0,0.493242084980011,0
proto,2,SR1482_40X_HE_T098_01,0,0.5063717365264893,1
proto,2,SR1482_40X_HE_T098_02,0,0.492986261844635,0
proto,2,SR1482_40X_HE_T102_01,0,0.5199522972106934,1
proto,2,SR1482_40X_HE_T123_01,0,0.49451524019241333,0
proto,2,SR1482_40X_HE_T142_01,0,0.48272082209587097,0
proto,2,SR1482_40X_HE_T146_01,0,0.5238232016563416,1
proto,2,SR1482_40X_HE_T148_01,0,0.49685990810394287,0
proto,2,SR1482_40X_HE_T148_02,0,0.49987438321113586,0
proto,2,SR1482_40X_HE_T154_01,0,0.4907221794128418,0
proto,2,SR1482_40X_HE_T158_01,0,0.49003684520721436,0
proto,2,SR1482_40X_HE_T161_01,0,0.512839138507843,1
proto,2,SR1482_40X_HE_T161_02,0,0.5067281126976013,1
proto,2,SR1482_40X_HE_T164_01,1,0.5112112760543823,1
proto,2,SR1482_40X_HE_T164_02,1,0.5156154036521912,1
proto,2,SR1482_40X_HE_T168_01,0,0.4879448413848877,0
proto,2,SR1482_40X_HE_T171_01,0,0.49678632616996765,0
proto,2,SR1482_40X_HE_T171_02,0,0.5135309100151062,1
proto,2,SR1482_40X_HE_T178_01,1,0.5066652894020081,1
proto,2,SR1482_40X_HE_T186_01,0,0.49042969942092896,0
proto,2,SR1482_40X_HE_T193_01,0,0.5076574087142944,1
proto,2,SR1482_40X_HE_T193_02,0,0.5109172463417053,1
proto,2,SR1482_40X_HE_T209_01,0,0.49588799476623535,0
proto,2,SR1482_40X_HE_T209_02,0,0.4946140944957733,0
proto,2,SR1482_40X_HE_T245_01,0,0.5225231051445007,1
proto,2,SR1482_40X_HE_T245_02,0,0.5237153172492981,1
proto,2,SR1482_40X_HE_T265_01,0,0.48828214406967163,0
proto,2,SR1482_40X_HE_T302_01,0,0.5084202885627747,1
proto,2,SR1482_40X_HE_T343_01,1,0.5162037014961243,1
proto,2,SR1482_40X_HE_T343_02,1,0.5227055549621582,1
proto,2,SR1482_40X_HE_T399_01,0,0.5121210217475891,1
proto,2,SR1482_40X_HE_T399_02,0,0.5066614151000977,1
proto,2,SR1482_40X_HE_T426_01,0,0.5033779144287109,1
proto,2,SR1482_40X_HE_T426_02,0,0.5047271251678467,1
proto,2,SR386_40X_HE_T001_01,0,0.4750707447528839,0
proto,2,SR386_40X_HE_T013_01,0,0.4806670844554901,0
proto,2,SR386_40X_HE_T018_01,0,0.4773309826850891,0
proto,2,SR386_40X_HE_T019_01,0,0.48716220259666443,0
proto,2,SR386_40X_HE_T024_01,0,0.4767916202545166,0
proto,2,SR386_40X_HE_T039_01,0,0.476571261882782,0
proto,2,SR386_40X_HE_T040_01,1,0.5022459030151367,1
proto,2,SR386_40X_HE_T042_01,0,0.47947293519973755,0
proto,2,SR386_40X_HE_T047_01,0,0.4908326268196106,0
proto,2,SR386_40X_HE_T051_01,0,0.46832597255706787,0
proto,2,SR386_40X_HE_T052_01,0,0.47744911909103394,0
proto,2,SR386_40X_HE_T056_01,0,0.475364625453949,0
proto,2,SR386_40X_HE_T057_01,0,0.4774865210056305,0
proto,2,SR386_40X_HE_T070_01,0,0.4782833158969879,0
proto,2,SR386_40X_HE_T082_01,0,0.49388834834098816,0
proto,2,SR386_40X_HE_T084_01,0,0.5175936818122864,1
proto,2,SR386_40X_HE_T087_01,0,0.4887208938598633,0
proto,2,SR386_40X_HE_T088_01,0,0.47242066264152527,0
proto,2,SR386_40X_HE_T098_01,0,0.4747360050678253,0
proto,2,SR386_40X_HE_T105_01,0,0.47092556953430176,0
proto,2,SR386_40X_HE_T122_01,0,0.4855250120162964,0
proto,2,SR386_40X_HE_T123_01,0,0.495079904794693,0
proto,2,SR386_40X_HE_T133_01,0,0.4788358211517334,0
proto,2,SR386_40X_HE_T145_01,0,0.4869247078895569,0
proto,2,SR386_40X_HE_T150_01,0,0.4899965524673462,0
proto,2,SR386_40X_HE_T152_01,0,0.48607587814331055,0
proto,2,SR386_40X_HE_T155_01,0,0.4793984591960907,0
proto,2,SR386_40X_HE_T157_01,0,0.48956841230392456,0
proto,2,SR386_40X_HE_T164_01,0,0.4721663296222687,0
proto,2,SR386_40X_HE_T166_01,0,0.5013453364372253,1
proto,2,SR386_40X_HE_T176_01,1,0.49388331174850464,0
proto,2,SR386_40X_HE_T177_01,0,0.4853482246398926,0
proto,2,SR386_40X_HE_T178_01,0,0.48823341727256775,0
proto,2,SR386_40X_HE_T187_01,0,0.4952046275138855,0
proto,2,SR386_40X_HE_T190_01,0,0.4761623442173004,0
proto,2,SR386_40X_HE_T192_01,0,0.47400522232055664,0
proto,2,SR386_40X_HE_T198_01,0,0.48193076252937317,0
proto,2,SR386_40X_HE_T200_01,0,0.4791087508201599,0
proto,2,SR386_40X_HE_T206_01,1,0.5040540099143982,1
proto,2,SR386_40X_HE_T211_01,0,0.49941614270210266,0
proto,2,SR386_40X_HE_T213_01,0,0.4818105101585388,0
proto,2,SR386_40X_HE_T214_01,0,0.48781105875968933,0
proto,2,SR386_40X_HE_T220_01,0,0.4851979911327362,0
proto,2,SR386_40X_HE_T230_01,1,0.5049901008605957,1
proto,2,SR386_40X_HE_T236_01,0,0.48457321524620056,0
proto,2,SR386_40X_HE_T237_01,0,0.4856216609477997,0
proto,2,SR386_40X_HE_T240_01,0,0.47926753759384155,0
proto,2,SR386_40X_HE_T241_01,0,0.47459569573402405,0
proto,2,SR386_40X_HE_T242_01,0,0.4742653965950012,0
proto,2,SR386_40X_HE_T253_01,0,0.4799105226993561,0
proto,2,SR386_40X_HE_T260_01,0,0.5089433789253235,1
proto,2,SR386_40X_HE_T262_01,0,0.498455286026001,0
proto,2,SR386_40X_HE_T264_01,0,0.4875478148460388,0
proto,2,SR386_40X_HE_T271_01,0,0.48656126856803894,0
proto,2,SR386_40X_HE_T281_01,0,0.48576679825782776,0
proto,2,SR386_40X_HE_T297_01,0,0.47824808955192566,0
proto,2,SR386_40X_HE_T299_01,0,0.4764224886894226,0
proto,2,SR386_40X_HE_T301_01,0,0.4788428843021393,0
proto,2,SR386_40X_HE_T306_01,0,0.47495028376579285,0
proto,2,SR386_40X_HE_T309_01,0,0.49176087975502014,0
proto,2,SR386_40X_HE_T314_01,0,0.49852678179740906,0
proto,2,SR386_40X_HE_T316_01,0,0.4845722019672394,0
proto,2,SR386_40X_HE_T318_01,0,0.49343961477279663,0
proto,2,SR386_40X_HE_T321_01,0,0.4898146390914917,0
proto,2,SR386_40X_HE_T326_01,0,0.4953608810901642,0
proto,2,SR386_40X_HE_T327_01,0,0.4699750244617462,0
proto,2,SR386_40X_HE_T332_01,1,0.5128862261772156,1
proto,2,SR386_40X_HE_T355_01,0,0.485133558511734,0
proto,2,SR386_40X_HE_T364_01,0,0.4869871139526367,0
proto,2,SR386_40X_HE_T368_01,1,0.5020797252655029,1
proto,2,SR386_40X_HE_T374_01,0,0.47435426712036133,0
proto,2,SR386_40X_HE_T380_01,0,0.4734651446342468,0
proto,2,SR386_40X_HE_T382_01,0,0.4833287298679352,0
proto,2,SR386_40X_HE_T392_01,0,0.47077861428260803,0
proto,2,SR386_40X_HE_T398_01,0,0.4903354346752167,0
proto,2,SR386_40X_HE_T402_01,1,0.5087323784828186,1
proto,2,SR386_40X_HE_T404_01,0,0.47233423590660095,0
proto,2,SR386_40X_HE_T415_01,0,0.47624915838241577,0
proto,2,SR386_40X_HE_T417_01,0,0.4697829782962799,0
proto,2,SR386_40X_HE_T425_01,0,0.47284770011901855,0
proto,2,SR386_40X_HE_T436_01,1,0.4867415130138397,0
proto,2,SR386_40X_HE_T437_01,0,0.4902038872241974,0
proto,2,SR386_40X_HE_T440_01,0,0.5049964189529419,1
proto,2,SR386_40X_HE_T445_01,0,0.48837774991989136,0
proto,2,SR386_40X_HE_T450_01,0,0.4757664203643799,0
proto,2,SR386_40X_HE_T459_01,0,0.48805341124534607,0
proto,2,SR386_40X_HE_T472_01,0,0.47699710726737976,0
proto,2,SR386_40X_HE_T481_01,0,0.4856460988521576,0
proto,2,SR386_40X_HE_T483_01,0,0.49035531282424927,0
proto,2,SR386_40X_HE_T486_01,0,0.48307234048843384,0
proto,2,SR386_40X_HE_T488_01,0,0.49350103735923767,0
proto,2,SR386_40X_HE_T499_01,0,0.5035482048988342,1
proto,2,SR386_40X_HE_T507_01,0,0.49915534257888794,0
proto,2,SR386_40X_HE_T514_01,0,0.4775734841823578,0
proto,2,SR386_40X_HE_T520_01,1,0.48350995779037476,0
proto,2,SR386_40X_HE_T522_01,0,0.47864773869514465,0
proto,2,SR386_40X_HE_T531_01,0,0.4821271300315857,0
proto,2,SR386_40X_HE_T535_01,0,0.4764431416988373,0
proto,2,SR386_40X_HE_T539_01,0,0.48501819372177124,0
proto,2,SR386_40X_HE_T549_01,0,0.4873974621295929,0
proto,2,SR386_40X_HE_T552_01,0,0.4814632534980774,0
proto,2,SR386_40X_HE_T553_01,0,0.4861966371536255,0
proto,2,SR386_40X_HE_T554_01,0,0.49871641397476196,0
proto,2,SR386_40X_HE_T558_01,0,0.47032788395881653,0
proto,2,SR386_40X_HE_T564_01,0,0.5001676678657532,1
proto,2,SR386_40X_HE_T570_01,0,0.47248271107673645,0
proto,2,SR386_40X_HE_T574_01,0,0.46958601474761963,0
proto,2,SR386_40X_HE_T578_01,0,0.47302311658859253,0
proto,2,SR386_40X_HE_T580_01,0,0.48433321714401245,0
proto,3,SR1482_40X_HE_T005_01,0,0.5101513266563416,1
proto,3,SR1482_40X_HE_T005_02,0,0.5017070174217224,1
proto,3,SR1482_40X_HE_T010_01,0,0.4848838746547699,0
proto,3,SR1482_40X_HE_T043_01,0,0.5014094710350037,1
proto,3,SR1482_40X_HE_T043_02,0,0.49789589643478394,0
proto,3,SR1482_40X_HE_T049_01,0,0.48724910616874695,0
proto,3,SR1482_40X_HE_T061_01,0,0.5224465131759644,1
proto,3,SR1482_40X_HE_T061_02,0,0.521216869354248,1
proto,3,SR1482_40X_HE_T070_01,1,0.5016159415245056,1
proto,3,SR1482_40X_HE_T073_01,0,0.496138334274292,0
proto,3,SR1482_40X_HE_T082_01,0,0.5089236497879028,1
proto,3,SR1482_40X_HE_T082_02,0,0.5178228616714478,1
proto,3,SR1482_40X_HE_T089_01,0,0.4833444356918335,0
proto,3,SR1482_40X_HE_T090_01,0,0.4917166233062744,0
proto,3,SR1482_40X_HE_T094_01,1,0.5100338459014893,1
proto,3,SR1482_40X_HE_T094_02,1,0.5099701881408691,1
proto,3,SR1482_40X_HE_T105_01,0,0.5192184448242188,1
proto,3,SR1482_40X_HE_T115_01,0,0.49477559328079224,0
proto,3,SR1482_40X_HE_T115_02,0,0.4886220097541809,0
proto,3,SR1482_40X_HE_T118_01,0,0.5084879994392395,1
proto,3,SR1482_40X_HE_T118_02,0,0.5056430101394653,1
proto,3,SR1482_40X_HE_T120_01,0,0.5278926491737366,1
proto,3,SR1482_40X_HE_T120_02,0,0.5086622834205627,1
proto,3,SR1482_40X_HE_T124_01,0,0.533225953578949,1
proto,3,SR1482_40X_HE_T124_02,0,0.5298961400985718,1
proto,3,SR1482_40X_HE_T138_01,0,0.4839951694011688,0
proto,3,SR1482_40X_HE_T160_01,0,0.5064197778701782,1
proto,3,SR1482_40X_HE_T160_02,0,0.512344241142273,1
proto,3,SR1482_40X_HE_T167_01,0,0.49395492672920227,0
proto,3,SR1482_40X_HE_T167_02,0,0.4877088963985443,0
proto,3,SR1482_40X_HE_T175_01,0,0.5259659886360168,1
proto,3,SR1482_40X_HE_T175_02,0,0.5254417657852173,1
proto,3,SR1482_40X_HE_T177_01,1,0.49445000290870667,0
proto,3,SR1482_40X_HE_T188_01,0,0.49868229031562805,0
proto,3,SR1482_40X_HE_T195_01,0,0.5044789910316467,1
proto,3,SR1482_40X_HE_T195_02,0,0.5042969584465027,1
proto,3,SR1482_40X_HE_T202_01,0,0.5053181052207947,1
proto,3,SR1482_40X_HE_T202_02,0,0.5137197971343994,1
proto,3,SR1482_40X_HE_T225_01,0,0.5129913091659546,1
proto,3,SR1482_40X_HE_T225_02,0,0.5034139156341553,1
proto,3,SR1482_40X_HE_T235_01,0,0.49157026410102844,0
proto,3,SR1482_40X_HE_T235_02,0,0.49791035056114197,0
proto,3,SR1482_40X_HE_T236_01,0,0.48834869265556335,0
proto,3,SR1482_40X_HE_T236_02,0,0.49143052101135254,0
proto,3,SR1482_40X_HE_T258_01,0,0.49886423349380493,0
proto,3,SR1482_40X_HE_T258_02,0,0.5017492175102234,1
proto,3,SR1482_40X_HE_T284_01,1,0.508322536945343,1
proto,3,SR1482_40X_HE_T284_02,1,0.5078954696655273,1
proto,3,SR1482_40X_HE_T301_01,1,0.5179276466369629,1
proto,3,SR1482_40X_HE_T301_02,1,0.5248697996139526,1
proto,3,SR1482_40X_HE_T309_01,0,0.5109764933586121,1
proto,3,SR1482_40X_HE_T313_01,0,0.508125364780426,1
proto,3,SR1482_40X_HE_T313_02,0,0.5125493407249451,1
proto,3,SR1482_40X_HE_T338_01,0,0.5158254504203796,1
proto,3,SR1482_40X_HE_T344_01,0,0.5004549026489258,1
proto,3,SR1482_40X_HE_T344_02,0,0.518413782119751,1
proto,3,SR1482_40X_HE_T346_01,0,0.5059764385223389,1
proto,3,SR1482_40X_HE_T346_02,0,0.503053605556488,1
proto,3,SR1482_40X_HE_T377_01,0,0.5123965740203857,1
proto,3,SR1482_40X_HE_T377_02,0,0.5026611089706421,1
proto,3,SR1482_40X_HE_T419_01,0,0.4847584664821625,0
proto,3,SR1482_40X_HE_T427_01,0,0.5029917359352112,1
proto,3,SR1482_40X_HE_T427_02,0,0.500089704990387,1
proto,3,SR386_40X_HE_T007_01,0,0.47119590640068054,0
proto,3,SR386_40X_HE_T015_01,0,0.4789500832557678,0
proto,3,SR386_40X_HE_T017_01,1,0.490098237991333,0
proto,3,SR386_40X_HE_T032_01,0,0.4695986211299896,0
proto,3,SR386_40X_HE_T034_01,0,0.46644288301467896,0
proto,3,SR386_40X_HE_T035_01,0,0.4714401066303253,0
proto,3,SR386_40X_HE_T041_01,0,0.5057557225227356,1
proto,3,SR386_40X_HE_T067_01,0,0.4693756699562073,0
proto,3,SR386_40X_HE_T075_01,0,0.4675593674182892,0
proto,3,SR386_40X_HE_T081_01,0,0.5039809346199036,1
proto,3,SR386_40X_HE_T083_01,0,0.4772316813468933,0
proto,3,SR386_40X_HE_T085_01,0,0.4659264087677002,0
proto,3,SR386_40X_HE_T095_01,0,0.4685961902141571,0
proto,3,SR386_40X_HE_T104_01,0,0.4734269380569458,0
proto,3,SR386_40X_HE_T106_01,0,0.4675362706184387,0
proto,3,SR386_40X_HE_T112_01,0,0.47001615166664124,0
proto,3,SR386_40X_HE_T128_01,0,0.4654181897640228,0
proto,3,SR386_40X_HE_T132_01,0,0.46418848633766174,0
proto,3,SR386_40X_HE_T138_01,0,0.4656648635864258,0
proto,3,SR386_40X_HE_T142_01,0,0.49038031697273254,0
proto,3,SR386_40X_HE_T149_01,0,0.46716785430908203,0
proto,3,SR386_40X_HE_T165_01,1,0.4779634177684784,0
proto,3,SR386_40X_HE_T179_01,0,0.4944658577442169,0
proto,3,SR386_40X_HE_T180_01,0,0.47377073764801025,0
proto,3,SR386_40X_HE_T182_01,0,0.46928656101226807,0
proto,3,SR386_40X_HE_T184_01,0,0.4687466025352478,0
proto,3,SR386_40X_HE_T188_01,0,0.49502649903297424,0
proto,3,SR386_40X_HE_T191_01,0,0.4749518632888794,0
proto,3,SR386_40X_HE_T197_01,0,0.4665195941925049,0
proto,3,SR386_40X_HE_T201_01,0,0.4768120348453522,0
proto,3,SR386_40X_HE_T202_01,0,0.4703848659992218,0
proto,3,SR386_40X_HE_T208_01,0,0.48039475083351135,0
proto,3,SR386_40X_HE_T216_01,1,0.5135003924369812,1
proto,3,SR386_40X_HE_T238_01,0,0.46813657879829407,0
proto,3,SR386_40X_HE_T244_01,0,0.4808391332626343,0
proto,3,SR386_40X_HE_T248_01,0,0.46396833658218384,0
proto,3,SR386_40X_HE_T249_01,0,0.46827566623687744,0
proto,3,SR386_40X_HE_T250_01,0,0.48853904008865356,0
proto,3,SR386_40X_HE_T263_01,0,0.500996470451355,1
proto,3,SR386_40X_HE_T267_01,0,0.4767179787158966,0
proto,3,SR386_40X_HE_T269_01,0,0.4703800678253174,0
proto,3,SR386_40X_HE_T277_01,0,0.4740791916847229,0
proto,3,SR386_40X_HE_T286_01,0,0.506956934928894,1
proto,3,SR386_40X_HE_T287_01,0,0.4932827353477478,0
proto,3,SR386_40X_HE_T290_01,0,0.4936838746070862,0
proto,3,SR386_40X_HE_T293_01,0,0.4791477620601654,0
proto,3,SR386_40X_HE_T298_01,0,0.46990036964416504,0
proto,3,SR386_40X_HE_T303_01,0,0.4574252963066101,0
proto,3,SR386_40X_HE_T312_01,0,0.49650755524635315,0
proto,3,SR386_40X_HE_T329_01,0,0.4927136301994324,0
proto,3,SR386_40X_HE_T336_01,0,0.47301992774009705,0
proto,3,SR386_40X_HE_T338_01,0,0.46256059408187866,0
proto,3,SR386_40X_HE_T342_01,0,0.47210681438446045,0
proto,3,SR386_40X_HE_T353_01,0,0.47564131021499634,0
proto,3,SR386_40X_HE_T357_01,0,0.46272531151771545,0
proto,3,SR386_40X_HE_T362_01,0,0.49952420592308044,0
proto,3,SR386_40X_HE_T363_01,1,0.4979211688041687,0
proto,3,SR386_40X_HE_T372_01,0,0.48352816700935364,0
proto,3,SR386_40X_HE_T378_01,0,0.4650669991970062,0
proto,3,SR386_40X_HE_T379_01,0,0.48711928725242615,0
proto,3,SR386_40X_HE_T386_01,0,0.46235138177871704,0
proto,3,SR386_40X_HE_T387_01,0,0.489225298166275,0
proto,3,SR386_40X_HE_T393_01,0,0.4652753472328186,0
proto,3,SR386_40X_HE_T397_01,0,0.495218425989151,0
proto,3,SR386_40X_HE_T406_01,0,0.5061823725700378,1
proto,3,SR386_40X_HE_T409_01,0,0.4795718193054199,0
proto,3,SR386_40X_HE_T422_01,0,0.46811869740486145,0
proto,3,SR386_40X_HE_T426_01,0,0.476511687040329,0
proto,3,SR386_40X_HE_T433_01,0,0.469829797744751,0
proto,3,SR386_40X_HE_T443_01,0,0.488751083612442,0
proto,3,SR386_40X_HE_T448_01,0,0.48006734251976013,0
proto,3,SR386_40X_HE_T452_01,0,0.4854293465614319,0
proto,3,SR386_40X_HE_T460_01,1,0.4844481647014618,0
proto,3,SR386_40X_HE_T473_01,0,0.47689563035964966,0
proto,3,SR386_40X_HE_T475_01,0,0.4708448648452759,0
proto,3,SR386_40X_HE_T478_01,0,0.4779394567012787,0
proto,3,SR386_40X_HE_T489_01,1,0.4710087776184082,0
proto,3,SR386_40X_HE_T491_01,0,0.48669883608818054,0
proto,3,SR386_40X_HE_T492_01,0,0.4671320915222168,0
proto,3,SR386_40X_HE_T493_01,0,0.46733561158180237,0
proto,3,SR386_40X_HE_T502_01,0,0.4728466868400574,0
proto,3,SR386_40X_HE_T505_01,0,0.4814967215061188,0
proto,3,SR386_40X_HE_T506_01,0,0.4768966734409332,0
proto,3,SR386_40X_HE_T509_01,0,0.4805779457092285,0
proto,3,SR386_40X_HE_T516_01,0,0.4802367687225342,0
proto,3,SR386_40X_HE_T518_01,0,0.4916446805000305,0
proto,3,SR386_40X_HE_T519_01,0,0.4854394793510437,0
proto,3,SR386_40X_HE_T521_01,0,0.4671335518360138,0
proto,3,SR386_40X_HE_T526_01,0,0.4712524712085724,0
proto,3,SR386_40X_HE_T533_01,0,0.4726274907588959,0
proto,3,SR386_40X_HE_T543_01,0,0.4923577904701233,0
proto,3,SR386_40X_HE_T544_01,0,0.4875776767730713,0
proto,3,SR386_40X_HE_T556_01,1,0.49186789989471436,0
proto,3,SR386_40X_HE_T560_01,0,0.49279430508613586,0
proto,3,SR386_40X_HE_T563_01,0,0.4753095209598541,0
proto,3,SR386_40X_HE_T568_01,0,0.47627273201942444,0
proto,3,SR386_40X_HE_T571_01,0,0.4883749485015869,0
proto,3,SR386_40X_HE_T572_01,0,0.4860267639160156,0
proto,3,SR386_40X_HE_T573_01,0,0.4813442528247833,0
proto,3,SR386_40X_HE_T583_01,0,0.4630064368247986,0
proto,4,SR1482_40X_HE_T002_01,0,0.477011501789093,0
proto,4,SR1482_40X_HE_T003_01,0,0.48378968238830566,0
proto,4,SR1482_40X_HE_T004_01,0,0.5227859616279602,1
proto,4,SR1482_40X_HE_T004_02,0,0.5260249376296997,1
proto,4,SR1482_40X_HE_T011_01,0,0.5070878863334656,1
proto,4,SR1482_40X_HE_T025_01,0,0.504572331905365,1
proto,4,SR1482_40X_HE_T025_02,0,0.5046815276145935,1
proto,4,SR1482_40X_HE_T060_01,0,0.5079010128974915,1
proto,4,SR1482_40X_HE_T062_01,0,0.5056228637695312,1
proto,4,SR1482_40X_HE_T062_02,0,0.5116106271743774,1
proto,4,SR1482_40X_HE_T064_01,0,0.5175504088401794,1
proto,4,SR1482_40X_HE_T064_02,0,0.5076804757118225,1
proto,4,SR1482_40X_HE_T071_01,0,0.5107451677322388,1
proto,4,SR1482_40X_HE_T071_02,0,0.5152489542961121,1
proto,4,SR1482_40X_HE_T074_01,0,0.48899415135383606,0
proto,4,SR1482_40X_HE_T074_02,0,0.4854661822319031,0
proto,4,SR1482_40X_HE_T083_01,0,0.5111238360404968,1
proto,4,SR1482_40X_HE_T083_02,0,0.5158551931381226,1
proto,4,SR1482_40X_HE_T087_01,0,0.49265918135643005,0
proto,4,SR1482_40X_HE_T097_01,1,0.5335078835487366,1
proto,4,SR1482_40X_HE_T097_02,1,0.5319452881813049,1
proto,4,SR1482_40X_HE_T108_01,0,0.4824700653553009,0
proto,4,SR1482_40X_HE_T113_01,0,0.4949086606502533,0
proto,4,SR1482_40X_HE_T113_02,0,0.518098771572113,1
proto,4,SR1482_40X_HE_T121_01,0,0.4764859080314636,0
proto,4,SR1482_40X_HE_T122_01,0,0.49225619435310364,0
proto,4,SR1482_40X_HE_T125_01,0,0.5007333755493164,1
proto,4,SR1482_40X_HE_T125_02,0,0.509564995765686,1
proto,4,SR1482_40X_HE_T131_01,0,0.5082608461380005,1
proto,4,SR1482_40X_HE_T131_02,0,0.5200687050819397,1
proto,4,SR1482_40X_HE_T132_01,0,0.4996430277824402,0
proto,4,SR1482_40X_HE_T132_02,0,0.5021949410438538,1
proto,4,SR1482_40X_HE_T143_01,0,0.518772542476654,1
proto,4,SR1482_40X_HE_T143_02,0,0.5068491101264954,1
proto,4,SR1482_40X_HE_T166_01,1,0.4842856824398041,0
proto,4,SR1482_40X_HE_T169_01,0,0.5002813339233398,1
proto,4,SR1482_40X_HE_T176_01,1,0.5234431028366089,1
proto,4,SR1482_40X_HE_T176_02,1,0.5205483436584473,1
proto,4,SR1482_40X_HE_T191_01,0,0.5040494799613953,1
proto,4,SR1482_40X_HE_T194_01,0,0.5174614191055298,1
proto,4,SR1482_40X_HE_T218_01,0,0.4877387285232544,0
proto,4,SR1482_40X_HE_T253_01,0,0.4781138002872467,0
proto,4,SR1482_40X_HE_T290_01,0,0.5035537481307983,1
proto,4,SR1482_40X_HE_T308_01,0,0.515207827091217,1
proto,4,SR1482_40X_HE_T314_01,0,0.5167640447616577,1
proto,4,SR1482_40X_HE_T314_02,0,0.5274431705474854,1
proto,4,SR1482_40X_HE_T372_01,1,0.5113589763641357,1
proto,4,SR1482_40X_HE_T372_02,1,0.5227781534194946,1
proto,4,SR1482_40X_HE_T408_01,0,0.4934350550174713,0
proto,4,SR1482_40X_HE_T412_01,0,0.4980211555957794,0
proto,4,SR1482_40X_HE_T425_01,0,0.478877991437912,0
proto,4,SR1482_40X_HE_T434_01,1,0.4950774610042572,0
proto,4,SR386_40X_HE_T006_01,0,0.4675779938697815,0
proto,4,SR386_40X_HE_T010_01,0,0.47560915350914,0
proto,4,SR386_40X_HE_T014_01,0,0.4865822196006775,0
proto,4,SR386_40X_HE_T016_01,0,0.46254363656044006,0
proto,4,SR386_40X_HE_T020_01,0,0.4648191034793854,0
proto,4,SR386_40X_HE_T027_01,0,0.4943546652793884,0
proto,4,SR386_40X_HE_T028_01,0,0.5020071268081665,1
proto,4,SR386_40X_HE_T037_01,0,0.4903886020183563,0
proto,4,SR386_40X_HE_T043_01,0,0.4891721308231354,0
proto,4,SR386_40X_HE_T044_01,1,0.49272364377975464,0
proto,4,SR386_40X_HE_T046_01,0,0.48785847425460815,0
proto,4,SR386_40X_HE_T058_01,0,0.4706586003303528,0
proto,4,SR386_40X_HE_T062_01,0,0.4748884439468384,0
proto,4,SR386_40X_HE_T065_01,1,0.47732824087142944,0
proto,4,SR386_40X_HE_T080_01,0,0.47420573234558105,0
proto,4,SR386_40X_HE_T091_01,0,0.47226640582084656,0
proto,4,SR386_40X_HE_T094_01,0,0.4627188444137573,0
proto,4,SR386_40X_HE_T097_01,0,0.4715059995651245,0
proto,4,SR386_40X_HE_T100_01,0,0.4911702275276184,0
proto,4,SR386_40X_HE_T107_01,0,0.4910203218460083,0
proto,4,SR386_40X_HE_T109_01,1,0.4863439202308655,0
proto,4,SR386_40X_HE_T110_01,0,0.4922623932361603,0
proto,4,SR386_40X_HE_T117_01,0,0.47423335909843445,0
proto,4,SR386_40X_HE_T127_01,0,0.47532838582992554,0
proto,4,SR386_40X_HE_T129_01,0,0.4677790701389313,0
proto,4,SR386_40X_HE_T136_01,0,0.4691658914089203,0
proto,4,SR386_40X_HE_T154_01,0,0.4669281542301178,0
proto,4,SR386_40X_HE_T168_01,1,0.4941432476043701,0
proto,4,SR386_40X_HE_T175_01,0,0.4661625921726227,0
proto,4,SR386_40X_HE_T189_01,0,0.4837206304073334,0
proto,4,SR386_40X_HE_T195_01,0,0.4713755249977112,0
proto,4,SR386_40X_HE_T227_01,0,0.5020354986190796,1
proto,4,SR386_40X_HE_T233_01,0,0.49486467242240906,0
proto,4,SR386_40X_HE_T234_01,0,0.48095330595970154,0
proto,4,SR386_40X_HE_T235_01,0,0.48062968254089355,0
proto,4,SR386_40X_HE_T239_01,0,0.5009413361549377,1
proto,4,SR386_40X_HE_T245_01,0,0.4694117605686188,0
proto,4,SR386_40X_HE_T256_01,0,0.4814802408218384,0
proto,4,SR386_40X_HE_T265_01,0,0.47544190287590027,0
proto,4,SR386_40X_HE_T268_01,0,0.49326372146606445,0
proto,4,SR386_40X_HE_T270_01,0,0.4894333481788635,0
proto,4,SR386_40X_HE_T272_01,0,0.5112499594688416,1
proto,4,SR386_40X_HE_T273_01,0,0.47862306237220764,0
proto,4,SR386_40X_HE_T276_01,0,0.5161528587341309,1
proto,4,SR386_40X_HE_T278_01,1,0.4958559274673462,0
proto,4,SR386_40X_HE_T284_01,0,0.47808799147605896,0
proto,4,SR386_40X_HE_T285_01,0,0.475437194108963,0
proto,4,SR386_40X_HE_T288_01,0,0.4845133125782013,0
proto,4,SR386_40X_HE_T291_01,0,0.4850045144557953,0
proto,4,SR386_40X_HE_T300_01,0,0.4952317774295807,0
proto,4,SR386_40X_HE_T302_01,0,0.48332884907722473,0
proto,4,SR386_40X_HE_T305_01,0,0.4655230641365051,0
proto,4,SR386_40X_HE_T308_01,0,0.46882742643356323,0
proto,4,SR386_40X_HE_T325_01,0,0.47195667028427124,0
proto,4,SR386_40X_HE_T331_01,0,0.509011447429657,1
proto,4,SR386_40X_HE_T341_01,0,0.49949976801872253,0
proto,4,SR386_40X_HE_T343_01,1,0.4845528304576874,0
proto,4,SR386_40X_HE_T346_01,0,0.49749913811683655,0
proto,4,SR386_40X_HE_T352_01,0,0.48017579317092896,0
proto,4,SR386_40X_HE_T373_01,0,0.4904196858406067,0
proto,4,SR386_40X_HE_T375_01,0,0.477507084608078,0
proto,4,SR386_40X_HE_T381_01,0,0.47455087304115295,0
proto,4,SR386_40X_HE_T389_01,0,0.4914238750934601,0
proto,4,SR386_40X_HE_T391_01,0,0.48087549209594727,0
proto,4,SR386_40X_HE_T394_01,0,0.47308701276779175,0
proto,4,SR386_40X_HE_T399_01,0,0.5044081807136536,1
proto,4,SR386_40X_HE_T403_01,0,0.4694144129753113,0
proto,4,SR386_40X_HE_T405_01,0,0.5013161301612854,1
proto,4,SR386_40X_HE_T407_01,0,0.47776830196380615,0
proto,4,SR386_40X_HE_T414_01,0,0.49104413390159607,0
proto,4,SR386_40X_HE_T424_01,0,0.4808483421802521,0
proto,4,SR386_40X_HE_T429_01,0,0.4977790117263794,0
proto,4,SR386_40X_HE_T441_01,0,0.4920791983604431,0
proto,4,SR386_40X_HE_T451_01,0,0.48442327976226807,0
proto,4,SR386_40X_HE_T453_01,0,0.48303717374801636,0
proto,4,SR386_40X_HE_T455_01,0,0.48840346932411194,0
proto,4,SR386_40X_HE_T465_01,0,0.5024762749671936,1
proto,4,SR386_40X_HE_T474_01,0,0.4980699419975281,0
proto,4,SR386_40X_HE_T476_01,0,0.4827638268470764,0
proto,4,SR386_40X_HE_T479_01,0,0.47530263662338257,0
proto,4,SR386_40X_HE_T482_01,0,0.4776991605758667,0
proto,4,SR386_40X_HE_T487_01,0,0.48775237798690796,0
proto,4,SR386_40X_HE_T490_01,0,0.47643324732780457,0
proto,4,SR386_40X_HE_T494_01,0,0.4778878688812256,0
proto,4,SR386_40X_HE_T500_01,0,0.46533530950546265,0
proto,4,SR386_40X_HE_T510_01,0,0.488093763589859,0
proto,4,SR386_40X_HE_T524_01,0,0.479324609041214,0
proto,4,SR386_40X_HE_T528_01,0,0.4926684498786926,0
proto,4,SR386_40X_HE_T532_01,0,0.47362926602363586,0
proto,4,SR386_40X_HE_T534_01,0,0.49491024017333984,0
proto,4,SR386_40X_HE_T536_01,0,0.46280109882354736,0
proto,4,SR386_40X_HE_T537_01,0,0.5039981603622437,1
proto,4,SR386_40X_HE_T541_01,0,0.4769665002822876,0
proto,4,SR386_40X_HE_T548_01,1,0.4907004237174988,0
proto,4,SR386_40X_HE_T550_01,0,0.5022949576377869,1
proto,4,SR386_40X_HE_T551_01,0,0.4740374684333801,0
proto,4,SR386_40X_HE_T557_01,0,0.5023178458213806,1
proto,4,SR386_40X_HE_T565_01,0,0.48154622316360474,0
proto,4,SR386_40X_HE_T567_01,0,0.4896303415298462,0
proto,4,SR386_40X_HE_T575_01,0,0.4850185811519623,0
proto,4,SR386_40X_HE_T576_01,0,0.47308650612831116,0
proto,4,SR386_40X_HE_T581_01,0,0.49033239483833313,0
rf,1,SR1482_40X_HE_T029_01,0,0.12945475758235306,0
rf,1,SR1482_40X_HE_T029_02,0,0.13470974990186152,0
rf,1,SR1482_40X_HE_T057_01,0,0.04363636363636363,0
rf,1,SR1482_40X_HE_T063_01,1,0.2641745263346601,0
rf,1,SR1482_40X_HE_T063_02,1,0.09961949764340654,0
rf,1,SR1482_40X_HE_T065_01,0,0.22645689702792487,0
rf,1,SR1482_40X_HE_T065_02,0,0.24761542618916557,0
rf,1,SR1482_40X_HE_T066_01,0,0.30863298853977594,1
rf,1,SR1482_40X_HE_T066_02,0,0.3509538652365977,1
rf,1,SR1482_40X_HE_T068_01,0,0.039436317688913224,0
rf,1,SR1482_40X_HE_T069_01,0,0.028568356374807986,0
rf,1,SR1482_40X_HE_T069_02,0,0.059709795580763336,0
rf,1,SR1482_40X_HE_T079_01,1,0.14296524577572964,0
rf,1,SR1482_40X_HE_T079_02,1,0.2514771505376344,0
rf,1,SR1482_40X_HE_T080_01,0,0.04090251683800072,0
rf,1,SR1482_40X_HE_T080_02,0,0.03526881720430108,0
rf,1,SR1482_40X_HE_T081_01,0,0.09992671358334136,0
rf,1,SR1482_40X_HE_T081_02,0,0.12383833502641442,0
rf,1,SR1482_40X_HE_T099_01,0,0.028658427593911465,0
rf,1,SR1482_40X_HE_T116_01,0,0.23137840598312884,0
rf,1,SR1482_40X_HE_T117_01,0,0.08696199902248289,0
rf,1,SR1482_40X_HE_T117_02,0,0.04287179487179488,0
rf,1,SR1482_40X_HE_T126_01,0,0.2369335595774594,0
rf,1,SR1482_40X_HE_T129_01,0,0.20736590029430313,0
rf,1,SR1482_40X_HE_T129_02,0,0.2091580145683908,0
rf,1,SR1482_40X_HE_T139_01,0,0.31584836176438236,1
rf,1,SR1482_40X_HE_T139_02,0,0.2637861753205681,0
rf,1,SR1482_40X_HE_T147_01,0,0.23553180965376083,0
rf,1,SR1482_40X_HE_T147_02,0,0.29893639083995177,0
rf,1,SR1482_40X_HE_T159_01,0,0.3006011855207466,1
rf,1,SR1482_40X_HE_T159_02,0,0.15854608560916497,0
rf,1,SR1482_40X_HE_T192_01,0,0.10180627710125847,0
rf,1,SR1482_40X_HE_T199_01,0,0.05628019806280677,0
rf,1,SR1482_40X_HE_T304_01,0,0.07402452347311685,0
rf,1,SR1482_40X_HE_T304_02,0,0.08366117816779636,0
rf,1,SR1482_40X_HE_T310_01,1,0.14878667569212642,0
rf,1,SR1482_40X_HE_T310_02,1,0.1260574327633151,0
rf,1,SR1482_40X_HE_T341_01,0,0.01729953917050691,0
rf,1,SR1482_40X_HE_T341_02,0,0.023229601518026565,0
rf,1,SR1482_40X_HE_T353_01,0,0.06726057813154589,0
rf,1,SR1482_40X_HE_T390_01,0,0.08490275894732004,0
rf,1,SR1482_40X_HE_T433_01,1,0.31073089136202736,1
rf,1,SR386_40X_HE_T003_01,0,0.03723851417399804,0
rf,1,SR386_40X_HE_T004_01,0,0.09803613775650614,0
rf,1,SR386_40X_HE_T022_01,1,0.15344199997356378,0
rf,1,SR386_40X_HE_T030_01,0,0.2085901235860913,0
rf,1,SR386_40X_HE_T033_01,0,0.029808898065525852,0
rf,1,SR386_40X_HE_T036_01,0,0.019818181818181818,0
rf,1,SR386_40X_HE_T038_01,0,0.0688007523617184,0
rf,1,SR386_40X_HE_T049_01,0,0.011356643356643357,0
rf,1,SR386_40X_HE_T050_01,0,0.04367416323513885,0
rf,1,SR386_40X_HE_T060_01,0,0.08655353248901636,0
rf,1,SR386_40X_HE_T063_01,0,0.13963636363636361,0
rf,1,SR386_40X_HE_T066_01,0,0.03273572392783558,0
rf,1,SR386_40X_HE_T069_01,0,0.055007496568472175,0
rf,1,SR386_40X_HE_T072_01,0,0.020939935064935064,0
rf,1,SR386_40X_HE_T074_01,0,0.019135609488550663,0
rf,1,SR386_40X_HE_T078_01,0,0.011538461538461539,0
rf,1,SR386_40X_HE_T079_01,0,0.012,0
rf,1,SR386_40X_HE_T092_01,1,0.07098827992070544,0
rf,1,SR386_40X_HE_T096_01,0,0.00973913043478261,0
rf,1,SR386_40X_HE_T099_01,0,0.08121661635444205,0
rf,1,SR386_40X_HE_T103_01,0,0.08828781344654502,0
rf,1,SR386_40X_HE_T108_01,0,0.023886703383162868,0
rf,1,SR386_40X_HE_T113_01,0,0.04834337033933808,0
rf,1,SR386_40X_HE_T114_01,0,0.029347158218125963,0
rf,1,SR386_40X_HE_T119_01,0,0.031197972758948367,0
rf,1,SR386_40X_HE_T126_01,0,0.0753851270680539,0
rf,1,SR386_40X_HE_T130_01,0,0.006,0
rf,1,SR386_40X_HE_T131_01,0,0.048674921917840876,0
rf,1,SR386_40X_HE_T135_01,0,0.3181403830368425,1
rf,1,SR386_40X_HE_T140_01,0,0.026538880474364344,0
rf,1,SR386_40X_HE_T144_01,0,0.11887343864243909,0
rf,1,SR386_40X_HE_T147_01,0,0.02773913043478261,0
rf,1,SR386_40X_HE_T148_01,0,0.06728025597590814,0
rf,1,SR386_40X_HE_T160_01,0,0.003935483870967742,0
rf,1,SR386_40X_HE_T169_01,0,0.017143817204301075,0
rf,1,SR386_40X_HE_T170_01,1,0.2588847095149811,0
rf,1,SR386_40X_HE_T172_01,0,0.1403846615516656,0
rf,1,SR386_40X_HE_T174_01,0,0.055561937699763406,0
rf,1,SR386_40X_HE_T181_01,0,0.029693181818181816,0
rf,1,SR386_40X_HE_T196_01,0,0.051506912442396316,0
rf,1,SR386_40X_HE_T205_01,0,0.18461432516765267,0
rf,1,SR386_40X_HE_T209_01,0,0.013951219512195122,0
rf,1,SR386_40X_HE_T210_01,0,0.14461827607875993,0
rf,1,SR386_40X_HE_T212_01,0,0.018818181818181817,0
rf,1,SR386_40X_HE_T221_01,0,0.1874242853080168,0
rf,1,SR386_40X_HE_T224_01,0,0.04417536630036631,0
rf,1,SR386_40X_HE_T231_01,1,0.2001998341839114,0
rf,1,SR386_40X_HE_T232_01,0,0.07401684991025805,0
rf,1,SR386_40X_HE_T247_01,0,0.03742033235581623,0
rf,1,SR386_40X_HE_T252_01,0,0.044412920412920415,0
rf,1,SR386_40X_HE_T255_01,0,0.03683199643493761,0
rf,1,SR386_40X_HE_T259_01,1,0.11046728403439571,0
rf,1,SR386_40X_HE_T274_01,0,0.0484371448187726,0
rf,1,SR386_40X_HE_T275_01,0,0.17774310702063859,0
rf,1,SR386_40X_HE_T282_01,0,0.06023951318211657,0
rf,1,SR386_40X_HE_T294_01,0,0.3052279177555132,1
rf,1,SR386_40X_HE_T311_01,0,0.06692249685798074,0
rf,1,SR386_40X_HE_T315_01,0,0.09652104183092634,0
rf,1,SR386_40X_HE_T319_01,1,0.10720663076760635,0
rf,1,SR386_40X_HE_T324_01,1,0.13051770423898465,0
rf,1,SR386_40X_HE_T330_01,0,0.004,0
rf,1,SR386_40X_HE_T333_01,0,0.03960680495974613,0
rf,1,SR386_40X_HE_T335_01,0,0.031875,0
rf,1,SR386_40X_HE_T337_01,0,0.10463482614404947,0
rf,1,SR386_40X_HE_T344_01,0,0.06933998707455603,0
rf,1,SR386_40X_HE_T347_01,0,0.09681105277356289,0
rf,1,SR386_40X_HE_T350_01,0,0.11961298392274262,0
rf,1,SR386_40X_HE_T351_01,0,0.0904520579831301,0
rf,1,SR386_40X_HE_T360_01,0,0.026904761904761907,0
rf,1,SR386_40X_HE_T361_01,0,0.05210056925996206,0
rf,1,SR386_40X_HE_T366_01,0,0.017764705882352943,0
rf,1,SR386_40X_HE_T377_01,1,0.10536030062715858,0
rf,1,SR386_40X_HE_T384_01,0,0.0074739454094292805,0
rf,1,SR386_40X_HE_T395_01,0,0.07919082543606802,0
rf,1,SR386_40X_HE_T396_01,0,0.03794746376811594,0
rf,1,SR386_40X_HE_T401_01,0,0.1257838423326254,0
rf,1,SR386_40X_HE_T408_01,0,0.06770123444034098,0
rf,1,SR386_40X_HE_T410_01,0,0.11812742127926962,0
rf,1,SR386_40X_HE_T413_01,0,0.10887067099567098,0
rf,1,SR386_40X_HE_T416_01,0,0.03751809656668992,0
rf,1,SR386_40X_HE_T418_01,0,0.033935483870967745,0
rf,1,SR386_40X_HE_T419_01,0,0.12715834344936403,0
rf,1,SR386_40X_HE_T421_01,0,0.07162659289067738,0
rf,1,SR386_40X_HE_T423_01,0,0.06873954937068542,0
rf,1,SR386_40X_HE_T428_01,0,0.03812229705778093,0
rf,1,SR386_40X_HE_T430_01,0,0.024396852310769095,0
rf,1,SR386_40X_HE_T431_01,0,0.017904761904761906,0
rf,1,SR386_40X_HE_T435_01,0,0.24067530982249,0
rf,1,SR386_40X_HE_T438_01,0,0.03965842759391147,0
rf,1,SR386_40X_HE_T439_01,0,0.18350892166505767,0
rf,1,SR386_40X_HE_T447_01,0,0.015294117647058823,0
rf,1,SR386_40X_HE_T449_01,0,0.0310029450515384,0
rf,1,SR386_40X_HE_T454_01,0,0.07737904843648354,0
rf,1,SR386_40X_HE_T456_01,0,0.07308438470843973,0
rf,1,SR386_40X_HE_T461_01,0,0.04359714795008913,0
rf,1,SR386_40X_HE_T462_01,0,0.10770104483880867,0
rf,1,SR386_40X_HE_T468_01,0,0.02777572964669739,0
rf,1,SR386_40X_HE_T469_01,1,0.29294298043943995,0
rf,1,SR386_40X_HE_T470_01,0,0.1196547619047619,0
rf,1,SR386_40X_HE_T471_01,0,0.031484848484848484,0
rf,1,SR386_40X_HE_T477_01,0,0.07399081214725436,0
rf,1,SR386_40X_HE_T480_01,0,0.07808359251553584,0
rf,1,SR386_40X_HE_T484_01,0,0.04229406774451983,0
rf,1,SR386_40X_HE_T495_01,0,0.011159462790598833,0
rf,1,SR386_40X_HE_T496_01,0,0.0054285714285714284,0
rf,1,SR386_40X_HE_T498_01,0,0.11023205840880088,0
rf,1,SR386_40X_HE_T504_01,0,0.0656265928906774,0
rf,1,SR386_40X_HE_T511_01,0,0.043227611098578846,0
rf,1,SR386_40X_HE_T517_01,0,0.2737260791608379,0
rf,1,SR386_40X_HE_T523_01,0,0.06677234638191534,0
rf,1,SR386_40X_HE_T529_01,0,0.018,0
rf,1,SR386_40X_HE_T542_01,0,0.06111030904579292,0
rf,1,SR386_40X_HE_T569_01,0,0.1066704020617064,0
rf,1,SR386_40X_HE_T582_01,0,0.017666666666666664,0
rf,2,SR1482_40X_HE_T009_01,0,0.040249952945605114,0
rf,2,SR1482_40X_HE_T009_02,0,0.04220117245780024,0
rf,2,SR1482_40X_HE_T015_01,0,0.11815917415917415,0
rf,2,SR1482_40X_HE_T021_01,0,0.0724572837457088,0
rf,2,SR1482_40X_HE_T067_01,0,0.07156613455021177,0
rf,2,SR1482_40X_HE_T075_01,0,0.03511462450592885,0
rf,2,SR1482_40X_HE_T075_02,0,0.04258303163162498,0
rf,2,SR1482_40X_HE_T098_01,0,0.07255820399113082,0
rf,2,SR1482_40X_HE_T098_02,0,0.04940667175961294,0
rf,2,SR1482_40X_HE_T102_01,0,0.20010490999322741,0
rf,2,SR1482_40X_HE_T123_01,0,0.07401798374477195,0
rf,2,SR1482_40X_HE_T142_01,0,0.044048319032396255,0
rf,2,SR1482_40X_HE_T146_01,0,0.29652232451524346,0
rf,2,SR1482_40X_HE_T148_01,0,0.025810483870967744,0
rf,2,SR1482_40X_HE_T148_02,0,0.07898611111111112,0
rf,2,SR1482_40X_HE_T154_01,0,0.08309860315951755,0
rf,2,SR1482_40X_HE_T158_01,0,0.04258890887733392,0
rf,2,SR1482_40X_HE_T161_01,0,0.19306259726487718,0
rf,2,SR1482_40X_HE_T161_02,0,0.11697622852128134,0
rf,2,SR1482_40X_HE_T164_01,1,0.17806658315515422,0
rf,2,SR1482_40X_HE_T164_02,1,0.3530008768184802,1
rf,2,SR1482_40X_HE_T168_01,0,0.05121046877650651,0
rf,2,SR1482_40X_HE_T171_01,0,0.13315151515151516,0
rf,2,SR1482_40X_HE_T171_02,0,0.3022562491272169,1
rf,2,SR1482_40X_HE_T178_01,1,0.16354513097707432,0
rf,2,SR1482_40X_HE_T186_01,0,0.050778966131907306,0
rf,2,SR1482_40X_HE_T193_01,0,0.11847049865293373,0
rf,2,SR1482_40X_HE_T193_02,0,0.10216398166044113,0
rf,2,SR1482_40X_HE_T209_01,0,0.08696940553602545,0
rf,2,SR1482_40X_HE_T209_02,0,0.13495441921104698,0
rf,2,SR1482_40X_HE_T245_01,0,0.3980660424116946,1
rf,2,SR1482_40X_HE_T245_02,0,0.35006157155852274,1
rf,2,SR1482_40X_HE_T265_01,0,0.06256693032306637,0
rf,2,SR1482_40X_HE_T302_01,0,0.12768360390751282,0
rf,2,SR1482_40X_HE_T343_01,1,0.11942469893132672,0
rf,2,SR1482_40X_HE_T343_02,1,0.17176390408101572,0
rf,2,SR1482_40X_HE_T399_01,0,0.18687155186801135,0
rf,2,SR1482_40X_HE_T399_02,0,0.18528564768564765,0
rf,2,SR1482_40X_HE_T426_01,0,0.06120009426057813,0
rf,2,SR1482_40X_HE_T426_02,0,0.07825952049008633,0
rf,2,SR386_40X_HE_T001_01,0,0.05817033235581623,0
rf,2,SR386_40X_HE_T013_01,0,0.05051095962860668,0
rf,2,SR386_40X_HE_T018_01,0,0.05351344214457819,0
rf,2,SR386_40X_HE_T019_01,0,0.055770916481892086,0
rf,2,SR386_40X_HE_T024_01,0,0.009405797101449275,0
rf,2,SR386_40X_HE_T039_01,0,0.03715151515151515,0
rf,2,SR386_40X_HE_T040_01,1,0.24831652719306074,0
rf,2,SR386_40X_HE_T042_01,0,0.07963636363636363,0
rf,2,SR386_40X_HE_T047_01,0,0.045095238095238105,0
rf,2,SR386_40X_HE_T051_01,0,0.007904761904761906,0
rf,2,SR386_40X_HE_T052_01,0,0.028514705736673703,0
rf,2,SR386_40X_HE_T056_01,0,0.03756318949867337,0
rf,2,SR386_40X_HE_T057_01,0,0.019196889132373003,0
rf,2,SR386_40X_HE_T070_01,0,0.03856039524637085,0
rf,2,SR386_40X_HE_T082_01,0,0.12320945720945717,0
rf,2,SR386_40X_HE_T084_01,0,0.17544307765405326,0
rf,2,SR386_40X_HE_T087_01,0,0.14200749656847217,0
rf,2,SR386_40X_HE_T088_01,0,0.018677265010032414,0
rf,2,SR386_40X_HE_T098_01,0,0.03412509534706331,0
rf,2,SR386_40X_HE_T105_01,0,0.01781818181818182,0
rf,2,SR386_40X_HE_T122_01,0,0.06120779220779221,0
rf,2,SR386_40X_HE_T123_01,0,0.14381445036736146,0
rf,2,SR386_40X_HE_T133_01,0,0.022572266443234186,0
rf,2,SR386_40X_HE_T145_01,0,0.15797521768879638,0
rf,2,SR386_40X_HE_T150_01,0,0.1847645575049098,0
rf,2,SR386_40X_HE_T152_01,0,0.20028549451606034,0
rf,2,SR386_40X_HE_T155_01,0,0.06544401563612728,0
rf,2,SR386_40X_HE_T157_01,0,0.05881994703221261,0
rf,2,SR386_40X_HE_T164_01,0,0.005818181818181819,0
rf,2,SR386_40X_HE_T166_01,0,0.1916827015017745,0
rf,2,SR386_40X_HE_T176_01,1,0.29619184491978606,0
rf,2,SR386_40X_HE_T177_01,0,0.026,0
rf,2,SR386_40X_HE_T178_01,0,0.18062204593915757,0
rf,2,SR386_40X_HE_T187_01,0,0.20117605000956662,0
rf,2,SR386_40X_HE_T190_01,0,0.014938284991415921,0
rf,2,SR386_40X_HE_T192_01,0,0.01700332225913621,0
rf,2,SR386_40X_HE_T198_01,0,0.05105669599217986,0
rf,2,SR386_40X_HE_T200_01,0,0.08858059014156575,0
rf,2,SR386_40X_HE_T206_01,1,0.17583662218553106,0
rf,2,SR386_40X_HE_T211_01,0,0.1271038961038961,0
rf,2,SR386_40X_HE_T213_01,0,0.04317482517482518,0
rf,2,SR386_40X_HE_T214_01,0,0.05559794372294372,0
rf,2,SR386_40X_HE_T220_01,0,0.04149061207609595,0
rf,2,SR386_40X_HE_T230_01,1,0.1334348482239912,0
rf,2,SR386_40X_HE_T236_01,0,0.08305669599217987,0
rf,2,SR386_40X_HE_T237_01,0,0.02342033235581623,0
rf,2,SR386_40X_HE_T240_01,0,0.04217399804496579,0
rf,2,SR386_40X_HE_T241_01,0,0.02996078431372549,0
rf,2,SR386_40X_HE_T242_01,0,0.06384024577572965,0
rf,2,SR386_40X_HE_T253_01,0,0.04132958707958709,0
rf,2,SR386_40X_HE_T260_01,0,0.14729481189868823,0
rf,2,SR386_40X_HE_T262_01,0,0.05338191244239631,0
rf,2,SR386_40X_HE_T264_01,0,0.04779568853993407,0
rf,2,SR386_40X_HE_T271_01,0,0.035048740984224856,0
rf,2,SR386_40X_HE_T281_01,0,0.04569622719268668,0
rf,2,SR386_40X_HE_T297_01,0,0.029627705627705628,0
rf,2,SR386_40X_HE_T299_01,0,0.02581818181818182,0
rf,2,SR386_40X_HE_T301_01,0,0.041609647106106595,0
rf,2,SR386_40X_HE_T306_01,0,0.01553846153846154,0
rf,2,SR386_40X_HE_T309_01,0,0.14774268342462676,0
rf,2,SR386_40X_HE_T314_01,0,0.26396258224697505,0
rf,2,SR386_40X_HE_T316_01,0,0.1073862428306781,0
rf,2,SR386_40X_HE_T318_01,0,0.037875,0
rf,2,SR386_40X_HE_T321_01,0,0.06540667175961294,0
rf,2,SR386_40X_HE_T326_01,0,0.13670067838665398,0
rf,2,SR386_40X_HE_T327_01,0,0.01986046511627907,0
rf,2,SR386_40X_HE_T332_01,1,0.291137800857508,0
rf,2,SR386_40X_HE_T355_01,0,0.04793672993672994,0
rf,2,SR386_40X_HE_T364_01,0,0.26749358616363894,0
rf,2,SR386_40X_HE_T368_01,1,0.10325169552669551,0
rf,2,SR386_40X_HE_T374_01,0,0.012628707314191185,0
rf,2,SR386_40X_HE_T380_01,0,0.004,0
rf,2,SR386_40X_HE_T382_01,0,0.042381371316855196,0
rf,2,SR386_40X_HE_T392_01,0,0.021826219512195124,0
rf,2,SR386_40X_HE_T398_01,0,0.0776919608065495,0
rf,2,SR386_40X_HE_T402_01,1,0.20824942158283755,0
rf,2,SR386_40X_HE_T404_01,0,0.04434325280980879,0
rf,2,SR386_40X_HE_T415_01,0,0.01173546511627907,0
rf,2,SR386_40X_HE_T417_01,0,0.0,0
rf,2,SR386_40X_HE_T425_01,0,0.029870967741935484,0
rf,2,SR386_40X_HE_T436_01,1,0.06159778940705638,0
rf,2,SR386_40X_HE_T437_01,0,0.05734798534798535,0
rf,2,SR386_40X_HE_T440_01,0,0.16395458707958704,0
rf,2,SR386_40X_HE_T445_01,0,0.10571014660660609,0
rf,2,SR386_40X_HE_T450_01,0,0.03162770562770563,0
rf,2,SR386_40X_HE_T459_01,0,0.011875,0
rf,2,SR386_40X_HE_T472_01,0,0.015557312252964427,0
rf,2,SR386_40X_HE_T481_01,0,0.0369213675525036,0
rf,2,SR386_40X_HE_T483_01,0,0.0592239789196311,0
rf,2,SR386_40X_HE_T486_01,0,0.12600731688409858,0
rf,2,SR386_40X_HE_T488_01,0,0.07970274278700977,0
rf,2,SR386_40X_HE_T499_01,0,0.07308253213112548,0
rf,2,SR386_40X_HE_T507_01,0,0.1891984667133343,0
rf,2,SR386_40X_HE_T514_01,0,0.03784024577572965,0
rf,2,SR386_40X_HE_T520_01,1,0.0413770092226614,0
rf,2,SR386_40X_HE_T522_01,0,0.042940349946977735,0
rf,2,SR386_40X_HE_T531_01,0,0.04834945887445888,0
rf,2,SR386_40X_HE_T535_01,0,0.008761904761904762,0
rf,2,SR386_40X_HE_T539_01,0,0.06487705665482182,0
rf,2,SR386_40X_HE_T549_01,0,0.12763358288053409,0
rf,2,SR386_40X_HE_T552_01,0,0.07362770562770564,0
rf,2,SR386_40X_HE_T553_01,0,0.110809597739389,0
rf,2,SR386_40X_HE_T554_01,0,0.08199755802869407,0
rf,2,SR386_40X_HE_T558_01,0,0.008,0
rf,2,SR386_40X_HE_T564_01,0,0.10508084970584969,0
rf,2,SR386_40X_HE_T570_01,0,0.012,0
rf,2,SR386_40X_HE_T574_01,0,0.009935483870967743,0
rf,2,SR386_40X_HE_T578_01,0,0.01562770562770563,0
rf,2,SR386_40X_HE_T580_01,0,0.037406417112299466,0
rf,3,SR1482_40X_HE_T005_01,0,0.4858979086413193,1
rf,3,SR1482_40X_HE_T005_02,0,0.25064941431117904,0
rf,3,SR1482_40X_HE_T010_01,0,0.04497758771669426,0
rf,3,SR1482_40X_HE_T043_01,0,0.06325494701971238,0
rf,3,SR1482_40X_HE_T043_02,0,0.03378908542437954,0
rf,3,SR1482_40X_HE_T049_01,0,0.07252464739561515,0
rf,3,SR1482_40X_HE_T061_01,0,0.42720117245780026,1
rf,3,SR1482_40X_HE_T061_02,0,0.31909670171816124,1
rf,3,SR1482_40X_HE_T070_01,1,0.10072336265884653,0
rf,3,SR1482_40X_HE_T073_01,0,0.0782342433552111,0
rf,3,SR1482_40X_HE_T082_01,0,0.10178727340137994,0
rf,3,SR1482_40X_HE_T082_02,0,0.21205449452508277,0
rf,3,SR1482_40X_HE_T089_01,0,0.041201056443483666,0
rf,3,SR1482_40X_HE_T090_01,0,0.08206677462322624,0
rf,3,SR1482_40X_HE_T094_01,1,0.1607114968364968,0
rf,3,SR1482_40X_HE_T094_02,1,0.10915473520786614,0
rf,3,SR1482_40X_HE_T105_01,0,0.14275809006100115,0
rf,3,SR1482_40X_HE_T115_01,0,0.08228677963402821,0
rf,3,SR1482_40X_HE_T115_02,0,0.08114327607875997,0
rf,3,SR1482_40X_HE_T118_01,0,0.3136680456640134,1
rf,3,SR1482_40X_HE_T118_02,0,0.14539788764704642,0
rf,3,SR1482_40X_HE_T120_01,0,0.21744576030080526,0
rf,3,SR1482_40X_HE_T120_02,0,0.3317848455379328,1
rf,3,SR1482_40X_HE_T124_01,0,0.22638649569544056,0
rf,3,SR1482_40X_HE_T124_02,0,0.31717732942378896,1
rf,3,SR1482_40X_HE_T138_01,0,0.051140410697354054,0
rf,3,SR1482_40X_HE_T160_01,0,0.05715151515151515,0
rf,3,SR1482_40X_HE_T160_02,0,0.1073408299018055,0
rf,3,SR1482_40X_HE_T167_01,0,0.15779005989747677,0
rf,3,SR1482_40X_HE_T167_02,0,0.16718678950591448,0
rf,3,SR1482_40X_HE_T175_01,0,0.3244024362734041,1
rf,3,SR1482_40X_HE_T175_02,0,0.3261148602673918,1
rf,3,SR1482_40X_HE_T177_01,1,0.11291604497652882,0
rf,3,SR1482_40X_HE_T188_01,0,0.05587201690315295,0
rf,3,SR1482_40X_HE_T195_01,0,0.06738095238095239,0
rf,3,SR1482_40X_HE_T195_02,0,0.10032088744588744,0
rf,3,SR1482_40X_HE_T202_01,0,0.023810483870967743,0
rf,3,SR1482_40X_HE_T202_02,0,0.10170613126710688,0
rf,3,SR1482_40X_HE_T225_01,0,0.18339373801519748,0
rf,3,SR1482_40X_HE_T225_02,0,0.10599894383088718,0
rf,3,SR1482_40X_HE_T235_01,0,0.08766666666666667,0
rf,3,SR1482_40X_HE_T235_02,0,0.05315151515151515,0
rf,3,SR1482_40X_HE_T236_01,0,0.05953263182105688,0
rf,3,SR1482_40X_HE_T236_02,0,0.10182783882783882,0
rf,3,SR1482_40X_HE_T258_01,0,0.042895285042826026,0
rf,3,SR1482_40X_HE_T258_02,0,0.07788052292657283,0
rf,3,SR1482_40X_HE_T284_01,1,0.1812667234375014,0
rf,3,SR1482_40X_HE_T284_02,1,0.25045955816807475,0
rf,3,SR1482_40X_HE_T301_01,1,0.17777731411887007,0
rf,3,SR1482_40X_HE_T301_02,1,0.1536171409586969,0
rf,3,SR1482_40X_HE_T309_01,0,0.14007034015952421,0
rf,3,SR1482_40X_HE_T313_01,0,0.04032829938878326,0
rf,3,SR1482_40X_HE_T313_02,0,0.11264373663970437,0
rf,3,SR1482_40X_HE_T338_01,0,0.23896145789694173,0
rf,3,SR1482_40X_HE_T344_01,0,0.12873941556557922,0
rf,3,SR1482_40X_HE_T344_02,0,0.17814327607875996,0
rf,3,SR1482_40X_HE_T346_01,0,0.2572021060871583,0
rf,3,SR1482_40X_HE_T346_02,0,0.13077922077922077,0
rf,3,SR1482_40X_HE_T377_01,0,0.11287445887445886,0
rf,3,SR1482_40X_HE_T377_02,0,0.06535930735930737,0
rf,3,SR1482_40X_HE_T419_01,0,0.04563494754886434,0
rf,3,SR1482_40X_HE_T427_01,0,0.08480994274542661,0
rf,3,SR1482_40X_HE_T427_02,0,0.03757184750733138,0
rf,3,SR386_40X_HE_T007_01,0,0.04067674261222649,0
rf,3,SR386_40X_HE_T015_01,0,0.056115141611601096,0
rf,3,SR386_40X_HE_T017_01,1,0.17159158996000062,0
rf,3,SR386_40X_HE_T032_01,0,0.021220125786163526,0
rf,3,SR386_40X_HE_T034_01,0,0.005935483870967742,0
rf,3,SR386_40X_HE_T035_01,0,0.07096969696969697,0
rf,3,SR386_40X_HE_T041_01,0,0.3625406319510083,1
rf,3,SR386_40X_HE_T067_01,0,0.012,0
rf,3,SR386_40X_HE_T075_01,0,0.031182237117720987,0
rf,3,SR386_40X_HE_T081_01,0,0.22215785065890714,0
rf,3,SR386_40X_HE_T083_01,0,0.015333333333333334,0
rf,3,SR386_40X_HE_T085_01,0,0.003428571428571429,0
rf,3,SR386_40X_HE_T095_01,0,0.07008708364805927,0
rf,3,SR386_40X_HE_T104_01,0,0.04502526365639971,0
rf,3,SR386_40X_HE_T106_01,0,0.007871794871794872,0
rf,3,SR386_40X_HE_T112_01,0,0.03656497668997669,0
rf,3,SR386_40X_HE_T128_01,0,0.012962678641301309,0
rf,3,SR386_40X_HE_T132_01,0,0.0,0
rf,3,SR386_40X_HE_T138_01,0,0.011538461538461539,0
rf,3,SR386_40X_HE_T142_01,0,0.1883981086445681,0
rf,3,SR386_40X_HE_T149_01,0,0.036825678386654,0
rf,3,SR386_40X_HE_T165_01,1,0.07281557711694699,0
rf,3,SR386_40X_HE_T179_01,0,0.07251663579936823,0
rf,3,SR386_40X_HE_T180_01,0,0.02477033064106496,0
rf,3,SR386_40X_HE_T182_01,0,0.06939361582555918,0
rf,3,SR386_40X_HE_T184_01,0,0.020506912442396313,0
rf,3,SR386_40X_HE_T188_01,0,0.06384890378438766,0
rf,3,SR386_40X_HE_T191_01,0,0.023428571428571427,0
rf,3,SR386_40X_HE_T197_01,0,0.01576940133037694,0
rf,3,SR386_40X_HE_T201_01,0,0.005904761904761905,0
rf,3,SR386_40X_HE_T202_01,0,0.027809523809523812,0
rf,3,SR386_40X_HE_T208_01,0,0.007246753246753247,0
rf,3,SR386_40X_HE_T216_01,1,0.25742050130451455,0
rf,3,SR386_40X_HE_T238_01,0,0.01,0
rf,3,SR386_40X_HE_T244_01,0,0.026939393939393937,0
rf,3,SR386_40X_HE_T248_01,0,0.002,0
rf,3,SR386_40X_HE_T249_01,0,0.0,0
rf,3,SR386_40X_HE_T250_01,0,0.08185632641729244,0
rf,3,SR386_40X_HE_T263_01,0,0.1542650709505548,0
rf,3,SR386_40X_HE_T267_01,0,0.07679540749105966,0
rf,3,SR386_40X_HE_T269_01,0,0.009904761904761906,0
rf,3,SR386_40X_HE_T277_01,0,0.014,0
rf,3,SR386_40X_HE_T286_01,0,0.2068628132947566,0
rf,3,SR386_40X_HE_T287_01,0,0.059885960878879846,0
rf,3,SR386_40X_HE_T290_01,0,0.054571428571428576,0
rf,3,SR386_40X_HE_T293_01,0,0.1218095238095238,0
rf,3,SR386_40X_HE_T298_01,0,0.024,0
rf,3,SR386_40X_HE_T303_01,0,0.001951219512195122,0
rf,3,SR386_40X_HE_T312_01,0,0.14225470088583694,0
rf,3,SR386_40X_HE_T329_01,0,0.2090863288853199,0
rf,3,SR386_40X_HE_T336_01,0,0.02,0
rf,3,SR386_40X_HE_T338_01,0,0.0,0
rf,3,SR386_40X_HE_T342_01,0,0.048792626728110605,0
rf,3,SR386_40X_HE_T353_01,0,0.050795458042409265,0
rf,3,SR386_40X_HE_T357_01,0,0.005951219512195122,0
rf,3,SR386_40X_HE_T362_01,0,0.06016941391941392,0
rf,3,SR386_40X_HE_T363_01,1,0.35771546470838367,1
rf,3,SR386_40X_HE_T372_01,0,0.127065895126379,0
rf,3,SR386_40X_HE_T378_01,0,0.007238095238095238,0
rf,3,SR386_40X_HE_T379_01,0,0.04558758314855876,0
rf,3,SR386_40X_HE_T386_01,0,0.009904761904761906,0
rf,3,SR386_40X_HE_T387_01,0,0.026849609198518115,0
rf,3,SR386_40X_HE_T393_01,0,0.027038218534678016,0
rf,3,SR386_40X_HE_T397_01,0,0.20797666762877134,0
rf,3,SR386_40X_HE_T406_01,0,0.1838044458667114,0
rf,3,SR386_40X_HE_T409_01,0,0.021760743321718935,0
rf,3,SR386_40X_HE_T422_01,0,0.005666666666666667,0
rf,3,SR386_40X_HE_T426_01,0,0.005818181818181819,0
rf,3,SR386_40X_HE_T433_01,0,0.03755337004982953,0
rf,3,SR386_40X_HE_T443_01,0,0.14452768250208314,0
rf,3,SR386_40X_HE_T448_01,0,0.08902990239140665,0
rf,3,SR386_40X_HE_T452_01,0,0.09516883116883115,0
rf,3,SR386_40X_HE_T460_01,1,0.18777655677655675,0
rf,3,SR386_40X_HE_T473_01,0,0.11667718191274792,0
rf,3,SR386_40X_HE_T475_01,0,0.003428571428571429,0
rf,3,SR386_40X_HE_T478_01,0,0.06294378224515211,0
rf,3,SR386_40X_HE_T489_01,1,0.027818181818181822,0
rf,3,SR386_40X_HE_T491_01,0,0.15252850028119955,0
rf,3,SR386_40X_HE_T492_01,0,0.02717482517482518,0
rf,3,SR386_40X_HE_T493_01,0,0.005333333333333334,0
rf,3,SR386_40X_HE_T502_01,0,0.011666666666666665,0
rf,3,SR386_40X_HE_T505_01,0,0.058459913716541516,0
rf,3,SR386_40X_HE_T506_01,0,0.06504206520494657,0
rf,3,SR386_40X_HE_T509_01,0,0.06367316608354234,0
rf,3,SR386_40X_HE_T516_01,0,0.055985309045792915,0
rf,3,SR386_40X_HE_T518_01,0,0.061636363636363635,0
rf,3,SR386_40X_HE_T519_01,0,0.045268074700018056,0
rf,3,SR386_40X_HE_T521_01,0,0.004,0
rf,3,SR386_40X_HE_T526_01,0,0.035753665689149554,0
rf,3,SR386_40X_HE_T533_01,0,0.02984024577572965,0
rf,3,SR386_40X_HE_T543_01,0,0.07167704354469061,0
rf,3,SR386_40X_HE_T544_01,0,0.06401706137000256,0
rf,3,SR386_40X_HE_T556_01,1,0.08282892513990074,0
rf,3,SR386_40X_HE_T560_01,0,0.18400762407070342,0
rf,3,SR386_40X_HE_T563_01,0,0.002,0
rf,3,SR386_40X_HE_T568_01,0,0.037249554367201426,0
rf,3,SR386_40X_HE_T571_01,0,0.14780308685621776,0
rf,3,SR386_40X_HE_T572_01,0,0.07525528712625487,0
rf,3,SR386_40X_HE_T573_01,0,0.1231820357389791,0
rf,3,SR386_40X_HE_T583_01,0,0.009904761904761906,0
rf,4,SR1482_40X_HE_T002_01,0,0.01659275234569352,0
rf,4,SR1482_40X_HE_T003_01,0,0.07616337285902502,0
rf,4,SR1482_40X_HE_T004_01,0,0.15285820656269086,0
rf,4,SR1482_40X_HE_T004_02,0,0.14012368471783623,0
rf,4,SR1482_40X_HE_T011_01,0,0.15052225446513376,0
rf,4,SR1482_40X_HE_T025_01,0,0.06280519480519482,0
rf,4,SR1482_40X_HE_T025_02,0,0.0720442917297756,0
rf,4,SR1482_40X_HE_T060_01,0,0.19133259082905027,0
rf,4,SR1482_40X_HE_T062_01,0,0.0989335370511841,0
rf,4,SR1482_40X_HE_T062_02,0,0.1599056844021439,0
rf,4,SR1482_40X_HE_T064_01,0,0.22022198801221787,0
rf,4,SR1482_40X_HE_T064_02,0,0.13461197184300028,0
rf,4,SR1482_40X_HE_T071_01,0,0.1356194665549504,0
rf,4,SR1482_40X_HE_T071_02,0,0.23184890378438763,0
rf,4,SR1482_40X_HE_T074_01,0,0.09860314195608309,0
rf,4,SR1482_40X_HE_T074_02,0,0.0651178377489738,0
rf,4,SR1482_40X_HE_T083_01,0,0.17587837462612405,0
rf,4,SR1482_40X_HE_T083_02,0,0.18957272432581151,0
rf,4,SR1482_40X_HE_T087_01,0,0.07246582309695915,0
rf,4,SR1482_40X_HE_T097_01,1,0.45230452643130814,1
rf,4,SR1482_40X_HE_T097_02,1,0.25170900181905287,0
rf,4,SR1482_40X_HE_T108_01,0,0.023923676323676327,0
rf,4,SR1482_40X_HE_T113_01,0,0.06534877754088919,0
rf,4,SR1482_40X_HE_T113_02,0,0.18764947187711414,0
rf,4,SR1482_40X_HE_T121_01,0,0.023355285011912794,0
rf,4,SR1482_40X_HE_T122_01,0,0.06000836657498649,0
rf,4,SR1482_40X_HE_T125_01,0,0.09906334451674735,0
rf,4,SR1482_40X_HE_T125_02,0,0.11124347424203752,0
rf,4,SR1482_40X_HE_T131_01,0,0.09275957186405617,0
rf,4,SR1482_40X_HE_T131_02,0,0.2346576756475115,0
rf,4,SR1482_40X_HE_T132_01,0,0.10149423462265794,0
rf,4,SR1482_40X_HE_T132_02,0,0.12352594115142329,0
rf,4,SR1482_40X_HE_T143_01,0,0.1379057531390397,0
rf,4,SR1482_40X_HE_T143_02,0,0.1472767137986554,0
rf,4,SR1482_40X_HE_T166_01,1,0.04501429535640701,0
rf,4,SR1482_40X_HE_T169_01,0,0.1371671272276111,0
rf,4,SR1482_40X_HE_T176_01,1,0.3087515662303034,1
rf,4,SR1482_40X_HE_T176_02,1,0.31144278562844313,1
rf,4,SR1482_40X_HE_T191_01,0,0.061590919965194814,0
rf,4,SR1482_40X_HE_T194_01,0,0.36740609928418655,1
rf,4,SR1482_40X_HE_T218_01,0,0.005627450980392157,0
rf,4,SR1482_40X_HE_T253_01,0,0.017022119547119543,0
rf,4,SR1482_40X_HE_T290_01,0,0.09989248970754008,0
rf,4,SR1482_40X_HE_T308_01,0,0.15111398698472125,0
rf,4,SR1482_40X_HE_T314_01,0,0.2824388944388944,0
rf,4,SR1482_40X_HE_T314_02,0,0.4228086058470309,1
rf,4,SR1482_40X_HE_T372_01,1,0.16788670200766972,0
rf,4,SR1482_40X_HE_T372_02,1,0.1757271451082811,0
rf,4,SR1482_40X_HE_T408_01,0,0.10637983662678781,0
rf,4,SR1482_40X_HE_T412_01,0,0.11514327607875995,0
rf,4,SR1482_40X_HE_T425_01,0,0.024912773248257122,0
rf,4,SR1482_40X_HE_T434_01,1,0.15605399489936328,0
rf,4,SR386_40X_HE_T006_01,0,0.012,0
rf,4,SR386_40X_HE_T010_01,0,0.03303072196620584,0
rf,4,SR386_40X_HE_T014_01,0,0.06731934731934733,0
rf,4,SR386_40X_HE_T016_01,0,0.005538461538461538,0
rf,4,SR386_40X_HE_T020_01,0,0.0037049742710120064,0
rf,4,SR386_40X_HE_T027_01,0,0.22348133806082235,0
rf,4,SR386_40X_HE_T028_01,0,0.1551102312321824,0
rf,4,SR386_40X_HE_T037_01,0,0.03549279612393216,0
rf,4,SR386_40X_HE_T043_01,0,0.10719929848772353,0
rf,4,SR386_40X_HE_T044_01,1,0.23256899251918225,0
rf,4,SR386_40X_HE_T046_01,0,0.06355486580746134,0
rf,4,SR386_40X_HE_T058_01,0,0.008,0
rf,4,SR386_40X_HE_T062_01,0,0.023238514173998043,0
rf,4,SR386_40X_HE_T065_01,1,0.05535581622678397,0
rf,4,SR386_40X_HE_T080_01,0,0.001935483870967742,0
rf,4,SR386_40X_HE_T091_01,0,0.03045454545454545,0
rf,4,SR386_40X_HE_T094_01,0,0.0037391304347826086,0
rf,4,SR386_40X_HE_T097_01,0,0.013693181818181818,0
rf,4,SR386_40X_HE_T100_01,0,0.12258997215486983,0
rf,4,SR386_40X_HE_T107_01,0,0.11935445785091735,0
rf,4,SR386_40X_HE_T109_01,1,0.06335984848484849,0
rf,4,SR386_40X_HE_T110_01,0,0.10071440294848015,0
rf,4,SR386_40X_HE_T117_01,0,0.0399931187978482,0
rf,4,SR386_40X_HE_T127_01,0,0.01537979094076655,0
rf,4,SR386_40X_HE_T129_01,0,0.027369430930406544,0
rf,4,SR386_40X_HE_T136_01,0,0.008,0
rf,4,SR386_40X_HE_T154_01,0,0.007627450980392157,0
rf,4,SR386_40X_HE_T168_01,1,0.12405723711772099,0
rf,4,SR386_40X_HE_T175_01,0,0.017636363636363638,0
rf,4,SR386_40X_HE_T189_01,0,0.02382227632379793,0
rf,4,SR386_40X_HE_T195_01,0,0.005818181818181819,0
rf,4,SR386_40X_HE_T227_01,0,0.12134370045786133,0
rf,4,SR386_40X_HE_T233_01,0,0.17518552687150246,0
rf,4,SR386_40X_HE_T234_01,0,0.07697833505732764,0
rf,4,SR386_40X_HE_T235_01,0,0.052898310023310025,0
rf,4,SR386_40X_HE_T239_01,0,0.12293073593073592,0
rf,4,SR386_40X_HE_T245_01,0,0.014,0
rf,4,SR386_40X_HE_T256_01,0,0.06484033040130602,0
rf,4,SR386_40X_HE_T265_01,0,0.04076244045809262,0
rf,4,SR386_40X_HE_T268_01,0,0.05921624883770831,0
rf,4,SR386_40X_HE_T270_01,0,0.008606643356643356,0
rf,4,SR386_40X_HE_T272_01,0,0.2652334748000947,0
rf,4,SR386_40X_HE_T273_01,0,0.07738744220423177,0
rf,4,SR386_40X_HE_T276_01,0,0.31516422974935837,1
rf,4,SR386_40X_HE_T278_01,1,0.26818008891919537,0
rf,4,SR386_40X_HE_T284_01,0,0.029779761904761906,0
rf,4,SR386_40X_HE_T285_01,0,0.029818181818181817,0
rf,4,SR386_40X_HE_T288_01,0,0.04066842336407554,0
rf,4,SR386_40X_HE_T291_01,0,0.09926541069735406,0
rf,4,SR386_40X_HE_T300_01,0,0.0675100469166747,0
rf,4,SR386_40X_HE_T302_01,0,0.057333333333333326,0
rf,4,SR386_40X_HE_T305_01,0,0.007324839613264661,0
rf,4,SR386_40X_HE_T308_01,0,0.016,0
rf,4,SR386_40X_HE_T325_01,0,0.02196078431372549,0
rf,4,SR386_40X_HE_T331_01,0,0.1253499426728587,0
rf,4,SR386_40X_HE_T341_01,0,0.18572088892988767,0
rf,4,SR386_40X_HE_T343_01,1,0.109349196476792,0
rf,4,SR386_40X_HE_T346_01,0,0.15077922077922076,0
rf,4,SR386_40X_HE_T352_01,0,0.07137039042782553,0
rf,4,SR386_40X_HE_T373_01,0,0.10950038274733397,0
rf,4,SR386_40X_HE_T375_01,0,0.13218670870570917,0
rf,4,SR386_40X_HE_T381_01,0,0.014549920667567726,0
rf,4,SR386_40X_HE_T389_01,0,0.0611282413238935,0
rf,4,SR386_40X_HE_T391_01,0,0.041875,0
rf,4,SR386_40X_HE_T394_01,0,0.01532277138020647,0
rf,4,SR386_40X_HE_T399_01,0,0.19204945592754313,0
rf,4,SR386_40X_HE_T403_01,0,0.0016666666666666668,0
rf,4,SR386_40X_HE_T405_01,0,0.13115131377277325,0
rf,4,SR386_40X_HE_T407_01,0,0.024,0
rf,4,SR386_40X_HE_T414_01,0,0.07290572196620584,0
rf,4,SR386_40X_HE_T424_01,0,0.1348606533274812,0
rf,4,SR386_40X_HE_T429_01,0,0.0646963815170337,0
rf,4,SR386_40X_HE_T441_01,0,0.08468414697257202,0
rf,4,SR386_40X_HE_T451_01,0,0.06769318181818182,0
rf,4,SR386_40X_HE_T453_01,0,0.030621640937678673,0
rf,4,SR386_40X_HE_T455_01,0,0.05725842759391147,0
rf,4,SR386_40X_HE_T465_01,0,0.08805652674814667,0
rf,4,SR386_40X_HE_T474_01,0,0.08122731435231435,0
rf,4,SR386_40X_HE_T476_01,0,0.13479068943518163,0
rf,4,SR386_40X_HE_T479_01,0,0.03564052339665944,0
rf,4,SR386_40X_HE_T482_01,0,0.07040843212880055,0
rf,4,SR386_40X_HE_T487_01,0,0.01812121212121212,0
rf,4,SR386_40X_HE_T490_01,0,0.013837922895357986,0
rf,4,SR386_40X_HE_T494_01,0,0.019935483870967743,0
rf,4,SR386_40X_HE_T500_01,0,0.009935483870967743,0
rf,4,SR386_40X_HE_T510_01,0,0.05275151515151516,0
rf,4,SR386_40X_HE_T524_01,0,0.03502368328031106,0
rf,4,SR386_40X_HE_T528_01,0,0.14123022726914405,0
rf,4,SR386_40X_HE_T532_01,0,0.01,0
rf,4,SR386_40X_HE_T534_01,0,0.15786336669947884,0
rf,4,SR386_40X_HE_T536_01,0,0.003666666666666667,0
rf,4,SR386_40X_HE_T537_01,0,0.08134149184149184,0
rf,4,SR386_40X_HE_T541_01,0,0.04,0
rf,4,SR386_40X_HE_T548_01,1,0.10990702583542865,0
rf,4,SR386_40X_HE_T550_01,0,0.15418826912954953,0
rf,4,SR386_40X_HE_T551_01,0,0.01573913043478261,0
rf,4,SR386_40X_HE_T557_01,0,0.06844563279857396,0
rf,4,SR386_40X_HE_T565_01,0,0.05102651515151515,0
rf,4,SR386_40X_HE_T567_01,0,0.05138961038961039,0
rf,4,SR386_40X_HE_T575_01,0,0.09742857142857143,0
rf,4,SR386_40X_HE_T576_01,0,0.056801199199900995,0
rf,4,SR386_40X_HE_T581_01,0,0.06728496497658489,0
