patch_location,patch_name,patch_number,patch_x,patch_y,avg_R,avg_G,avg_B,std_R,std_G,std_B
D:/Aamir Gulzar/KSA_project2/dataset/patch_data\TCGA-3L-AA1B_nonMSIH\TCGA-3L-AA1B_nonMSIH_x10288_y12512_patch00159.png,TCGA-3L-AA1B_nonMSIH_x10288_y12512_patch00159.png,159,10288,12512,237.72,225.94,230.83,15.18,32.27,25.42
D:/Aamir Gulzar/KSA_project2/dataset/patch_data\TCGA-3L-AA1B_nonMSIH\TCGA-3L-AA1B_nonMSIH_x10288_y13024_patch00160.png,TCGA-3L-AA1B_nonMSIH_x10288_y13024_patch00160.png,160,10288,13024,233.85,218.41,224.88,24.24,38.86,31.59
D:/Aamir Gulzar/KSA_project2/dataset/patch_data\TCGA-3L-AA1B_nonMSIH\TCGA-3L-AA1B_nonMSIH_x10288_y13536_patch00161.png,TCGA-3L-AA1B_nonMSIH_x10288_y13536_patch00161.png,161,10288,13536,190.05,164.94,186.11,65.08,74.05,58.34
D:/Aamir Gulzar/KSA_project2/dataset/patch_data\TCGA-3L-AA1B_nonMSIH\TCGA-3L-AA1B_nonMSIH_x10288_y14048_patch00162.png,TCGA-3L-AA1B_nonMSIH_x10288_y14048_patch00162.png,162,10288,14048,156.51,107.05,145.28,60.21,52.5,46.58
D:/Aamir Gulzar/KSA_project2/dataset/patch_data\TCGA-3L-AA1B_nonMSIH\TCGA-3L-AA1B_nonMSIH_x10288_y14560_patch00163.png,TCGA-3L-AA1B_nonMSIH_x10288_y14560_patch00163.png,163,10288,14560,196.97,115.28,154.36,37.78,33.66,29.73
D:/Aamir Gulzar/KSA_project2/dataset/patch_data\TCGA-3L-AA1B_nonMSIH\TCGA-3L-AA1B_nonMSIH_x10288_y15072_patch00164.png,TCGA-3L-AA1B_nonMSIH_x10288_y15072_patch00164.png,164,10288,15072,202.7,127.29,164.28,33.03,35.03,29.92
D:/Aamir Gulzar/KSA_project2/dataset/patch_data\TCGA-3L-AA1B_nonMSIH\TCGA-3L-AA1B_nonMSIH_x10288_y15584_patch00165.png,TCGA-3L-AA1B_nonMSIH_x10288_y15584_patch00165.png,165,10288,15584,202.12,124.23,161.05,34.57,38.03,32.33
D:/Aamir Gulzar/KSA_project2/dataset/patch_data\TCGA-3L-AA1B_nonMSIH\TCGA-3L-AA1B_nonMSIH_x10288_y16096_patch00166.png,TCGA-3L-AA1B_nonMSIH_x10288_y16096_patch00166.png,166,10288,16096,207.82,136.63,168.97,36.98,50.88,40.17
D:/Aamir Gulzar/KSA_project2/dataset/patch_data\TCGA-3L-AA1B_nonMSIH\TCGA-3L-AA1B_nonMSIH_x10288_y16608_patch00167.png,TCGA-3L-AA1B_nonMSIH_x10288_y16608_patch00167.png,167,10288,16608,220.15,181.76,201.02,33.66,58.25,42.21
D:/Aamir Gulzar/KSA_project2/dataset/patch_data\TCGA-3L-AA1B_nonMSIH\TCGA-3L-AA1B_nonMSIH_x10288_y17632_patch00168.png,TCGA-3L-AA1B_nonMSIH_x10288_y17632_patch00168.png,168,10288,17632,226.31,213.74,221.87,36.07,50.09,37.7
D:/Aamir Gulzar/KSA_project2/dataset/patch_data\TCGA-3L-AA1B_nonMSIH\TCGA-3L-AA1B_nonMSIH_x10288_y18144_patch00169.png,TCGA-3L-AA1B_nonMSIH_x10288_y18144_patch00169.png,169,10288,18144,204.65,173.15,193.75,49.95,64.85,49.68
D:/Aamir Gulzar/KSA_project2/dataset/patch_data\TCGA-3L-AA1B_nonMSIH\TCGA-3L-AA1B_nonMSIH_x10288_y18656_patch00170.png,TCGA-3L-AA1B_nonMSIH_x10288_y18656_patch00170.png,170,10288,18656,173.07,122.03,157.48,53.4,52.05,44.51
D:/Aamir Gulzar/KSA_project2/dataset/patch_data\TCGA-3L-AA1B_nonMSIH\TCGA-3L-AA1B_nonMSIH_x10288_y19168_patch00171.png,TCGA-3L-AA1B_nonMSIH_x10288_y19168_patch00171.png,171,10288,19168,180.33,125.46,161.17,47.14,47.08,40.76
D:/Aamir Gulzar/KSA_project2/dataset/patch_data\TCGA-3L-AA1B_nonMSIH\TCGA-3L-AA1B_nonMSIH_x10288_y19680_patch00172.png,TCGA-3L-AA1B_nonMSIH_x10288_y19680_patch00172.png,172,10288,19680,169.27,117.83,156.09,48.22,47.01,39.84
D:/Aamir Gulzar/KSA_project2/dataset/patch_data\TCGA-3L-AA1B_nonMSIH\TCGA-3L-AA1B_nonMSIH_x10288_y20192_patch00173.png,TCGA-3L-AA1B_nonMSIH_x10288_y20192_patch00173.png,173,10288,20192,166.98,120.14,156.56,51.9,59.87,47.52
D:/Aamir Gulzar/KSA_project2/dataset/patch_data\TCGA-3L-AA1B_nonMSIH\TCGA-3L-AA1B_nonMSIH_x10288_y20704_patch00174.png,TCGA-3L-AA1B_nonMSIH_x10288_y20704_patch00174.png,174,10288,20704,176.81,132.33,167.11,44.33,50.22,40.0
D:/Aamir Gulzar/KSA_project2/dataset/patch_data\TCGA-3L-AA1B_nonMSIH\TCGA-3L-AA1B_nonMSIH_x10288_y21216_patch00175.png,TCGA-3L-AA1B_nonMSIH_x10288_y21216_patch00175.png,175,10288,21216,165.73,114.61,153.86,45.21,45.44,38.62
D:/Aamir Gulzar/KSA_project2/dataset/patch_data\TCGA-3L-AA1B_nonMSIH\TCGA-3L-AA1B_nonMSIH_x10288_y21728_patch00176.png,TCGA-3L-AA1B_nonMSIH_x10288_y21728_patch00176.png,176,10288,21728,160.67,108.65,150.06,42.38,39.87,33.78
D:/Aamir Gulzar/KSA_project2/dataset/patch_data\TCGA-3L-AA1B_nonMSIH\TCGA-3L-AA1B_nonMSIH_x10288_y22240_patch00177.png,TCGA-3L-AA1B_nonMSIH_x10288_y22240_patch00177.png,177,10288,22240,161.51,116.65,156.54,40.62,41.5,34.07
D:/Aamir Gulzar/KSA_project2/dataset/patch_data\TCGA-3L-AA1B_nonMSIH\TCGA-3L-AA1B_nonMSIH_x10288_y22752_patch00178.png,TCGA-3L-AA1B_nonMSIH_x10288_y22752_patch00178.png,178,10288,22752,165.46,119.71,158.11,42.24,44.57,36.26
D:/Aamir Gulzar/KSA_project2/dataset/patch_data\TCGA-3L-AA1B_nonMSIH\TCGA-3L-AA1B_nonMSIH_x10288_y23264_patch00179.png,TCGA-3L-AA1B_nonMSIH_x10288_y23264_patch00179.png,179,10288,23264,170.79,117.89,155.78,41.0,39.66,34.93
D:/Aamir Gulzar/KSA_project2/dataset/patch_data\TCGA-3L-AA1B_nonMSIH\TCGA-3L-AA1B_nonMSIH_x10288_y23776_patch00180.png,TCGA-3L-AA1B_nonMSIH_x10288_y23776_patch00180.png,180,10288,23776,177.95,132.93,165.99,45.6,50.49,40.38
D:/Aamir Gulzar/KSA_project2/dataset/patch_data\TCGA-3L-AA1B_nonMSIH\TCGA-3L-AA1B_nonMSIH_x10288_y24288_patch00181.png,TCGA-3L-AA1B_nonMSIH_x10288_y24288_patch00181.png,181,10288,24288,191.93,160.71,183.58,51.64,58.3,47.08
D:/Aamir Gulzar/KSA_project2/dataset/patch_data\TCGA-3L-AA1B_nonMSIH\TCGA-3L-AA1B_nonMSIH_x10800_y12512_patch00182.png,TCGA-3L-AA1B_nonMSIH_x10800_y12512_patch00182.png,182,10800,12512,215.8,202.45,209.04,56.95,63.34,58.21
D:/Aamir Gulzar/KSA_project2/dataset/patch_data\TCGA-3L-AA1B_nonMSIH\TCGA-3L-AA1B_nonMSIH_x10800_y13024_patch00183.png,TCGA-3L-AA1B_nonMSIH_x10800_y13024_patch00183.png,183,10800,13024,224.81,203.88,213.32,39.64,50.96,43.99
D:/Aamir Gulzar/KSA_project2/dataset/patch_data\TCGA-3L-AA1B_nonMSIH\TCGA-3L-AA1B_nonMSIH_x10800_y13536_patch00184.png,TCGA-3L-AA1B_nonMSIH_x10800_y13536_patch00184.png,184,10800,13536,171.03,144.15,169.26,74.66,80.17,65.08
D:/Aamir Gulzar/KSA_project2/dataset/patch_data\TCGA-3L-AA1B_nonMSIH\TCGA-3L-AA1B_nonMSIH_x10800_y14048_patch00185.png,TCGA-3L-AA1B_nonMSIH_x10800_y14048_patch00185.png,185,10800,14048,174.49,108.72,147.08,57.55,48.11,42.13
D:/Aamir Gulzar/KSA_project2/dataset/patch_data\TCGA-3L-AA1B_nonMSIH\TCGA-3L-AA1B_nonMSIH_x10800_y14560_patch00186.png,TCGA-3L-AA1B_nonMSIH_x10800_y14560_patch00186.png,186,10800,14560,199.18,118.6,157.58,35.37,33.72,29.39
D:/Aamir Gulzar/KSA_project2/dataset/patch_data\TCGA-3L-AA1B_nonMSIH\TCGA-3L-AA1B_nonMSIH_x10800_y15072_patch00187.png,TCGA-3L-AA1B_nonMSIH_x10800_y15072_patch00187.png,187,10800,15072,204.28,125.22,162.67,33.02,35.98,30.63
D:/Aamir Gulzar/KSA_project2/dataset/patch_data\TCGA-3L-AA1B_nonMSIH\TCGA-3L-AA1B_nonMSIH_x10800_y15584_patch00188.png,TCGA-3L-AA1B_nonMSIH_x10800_y15584_patch00188.png,188,10800,15584,205.55,131.14,166.75,32.97,39.32,33.33
D:/Aamir Gulzar/KSA_project2/dataset/patch_data\TCGA-3L-AA1B_nonMSIH\TCGA-3L-AA1B_nonMSIH_x10800_y16096_patch00189.png,TCGA-3L-AA1B_nonMSIH_x10800_y16096_patch00189.png,189,10800,16096,203.37,134.67,169.61,35.04,38.42,32.17
D:/Aamir Gulzar/KSA_project2/dataset/patch_data\TCGA-3L-AA1B_nonMSIH\TCGA-3L-AA1B_nonMSIH_x10800_y16608_patch00190.png,TCGA-3L-AA1B_nonMSIH_x10800_y16608_patch00190.png,190,10800,16608,207.24,144.19,176.78,31.87,36.84,30.28
D:/Aamir Gulzar/KSA_project2/dataset/patch_data\TCGA-3L-AA1B_nonMSIH\TCGA-3L-AA1B_nonMSIH_x10800_y17120_patch00191.png,TCGA-3L-AA1B_nonMSIH_x10800_y17120_patch00191.png,191,10800,17120,205.39,143.75,176.05,35.12,40.72,33.03
D:/Aamir Gulzar/KSA_project2/dataset/patch_data\TCGA-3L-AA1B_nonMSIH\TCGA-3L-AA1B_nonMSIH_x10800_y17632_patch00192.png,TCGA-3L-AA1B_nonMSIH_x10800_y17632_patch00192.png,192,10800,17632,198.78,147.65,178.38,41.56,45.78,37.16
D:/Aamir Gulzar/KSA_project2/dataset/patch_data\TCGA-3L-AA1B_nonMSIH\TCGA-3L-AA1B_nonMSIH_x10800_y18144_patch00193.png,TCGA-3L-AA1B_nonMSIH_x10800_y18144_patch00193.png,193,10800,18144,183.36,130.26,164.38,50.36,50.15,42.04
D:/Aamir Gulzar/KSA_project2/dataset/patch_data\TCGA-3L-AA1B_nonMSIH\TCGA-3L-AA1B_nonMSIH_x10800_y18656_patch00194.png,TCGA-3L-AA1B_nonMSIH_x10800_y18656_patch00194.png,194,10800,18656,161.61,105.59,145.73,52.06,45.55,40.56
D:/Aamir Gulzar/KSA_project2/dataset/patch_data\TCGA-3L-AA1B_nonMSIH\TCGA-3L-AA1B_nonMSIH_x10800_y19168_patch00195.png,TCGA-3L-AA1B_nonMSIH_x10800_y19168_patch00195.png,195,10800,19168,172.26,117.22,155.28,49.32,45.88,40.06
D:/Aamir Gulzar/KSA_project2/dataset/patch_data\TCGA-3L-AA1B_nonMSIH\TCGA-3L-AA1B_nonMSIH_x10800_y19680_patch00196.png,TCGA-3L-AA1B_nonMSIH_x10800_y19680_patch00196.png,196,10800,19680,176.81,126.49,162.86,46.35,46.21,39.03
D:/Aamir Gulzar/KSA_project2/dataset/patch_data\TCGA-3L-AA1B_nonMSIH\TCGA-3L-AA1B_nonMSIH_x10800_y20192_patch00197.png,TCGA-3L-AA1B_nonMSIH_x10800_y20192_patch00197.png,197,10800,20192,163.68,111.87,150.75,50.19,53.02,44.12
D:/Aamir Gulzar/KSA_project2/dataset/patch_data\TCGA-3L-AA1B_nonMSIH\TCGA-3L-AA1B_nonMSIH_x10800_y20704_patch00198.png,TCGA-3L-AA1B_nonMSIH_x10800_y20704_patch00198.png,198,10800,20704,185.8,146.77,176.69,48.83,61.12,45.88
D:/Aamir Gulzar/KSA_project2/dataset/patch_data\TCGA-3L-AA1B_nonMSIH\TCGA-3L-AA1B_nonMSIH_x10800_y21216_patch00199.png,TCGA-3L-AA1B_nonMSIH_x10800_y21216_patch00199.png,199,10800,21216,169.88,124.2,160.85,48.19,52.39,42.62
D:/Aamir Gulzar/KSA_project2/dataset/patch_data\TCGA-3L-AA1B_nonMSIH\TCGA-3L-AA1B_nonMSIH_x10800_y21728_patch00200.png,TCGA-3L-AA1B_nonMSIH_x10800_y21728_patch00200.png,200,10800,21728,160.35,110.59,151.69,42.74,41.59,34.89
D:/Aamir Gulzar/KSA_project2/dataset/patch_data\TCGA-3L-AA1B_nonMSIH\TCGA-3L-AA1B_nonMSIH_x10800_y22240_patch00201.png,TCGA-3L-AA1B_nonMSIH_x10800_y22240_patch00201.png,201,10800,22240,160.71,117.03,156.74,41.87,42.06,34.81
D:/Aamir Gulzar/KSA_project2/dataset/patch_data\TCGA-3L-AA1B_nonMSIH\TCGA-3L-AA1B_nonMSIH_x10800_y22752_patch00202.png,TCGA-3L-AA1B_nonMSIH_x10800_y22752_patch00202.png,202,10800,22752,158.64,110.65,150.69,45.11,44.9,37.15
D:/Aamir Gulzar/KSA_project2/dataset/patch_data\TCGA-3L-AA1B_nonMSIH\TCGA-3L-AA1B_nonMSIH_x10800_y23264_patch00203.png,TCGA-3L-AA1B_nonMSIH_x10800_y23264_patch00203.png,203,10800,23264,167.23,119.36,156.17,45.5,48.55,39.42
D:/Aamir Gulzar/KSA_project2/dataset/patch_data\TCGA-3L-AA1B_nonMSIH\TCGA-3L-AA1B_nonMSIH_x10800_y23776_patch00204.png,TCGA-3L-AA1B_nonMSIH_x10800_y23776_patch00204.png,204,10800,23776,198.38,174.66,193.1,54.58,70.32,53.59
D:/Aamir Gulzar/KSA_project2/dataset/patch_data\TCGA-3L-AA1B_nonMSIH\TCGA-3L-AA1B_nonMSIH_x10800_y24288_patch00205.png,TCGA-3L-AA1B_nonMSIH_x10800_y24288_patch00205.png,205,10800,24288,230.08,222.17,227.45,34.4,44.67,34.28
D:/Aamir Gulzar/KSA_project2/dataset/patch_data\TCGA-3L-AA1B_nonMSIH\TCGA-3L-AA1B_nonMSIH_x11312_y12000_patch00206.png,TCGA-3L-AA1B_nonMSIH_x11312_y12000_patch00206.png,206,11312,12000,224.47,217.41,220.54,51.7,54.67,52.7
D:/Aamir Gulzar/KSA_project2/dataset/patch_data\TCGA-3L-AA1B_nonMSIH\TCGA-3L-AA1B_nonMSIH_x11312_y12512_patch00207.png,TCGA-3L-AA1B_nonMSIH_x11312_y12512_patch00207.png,207,11312,12512,234.14,219.82,226.13,23.61,35.97,28.98
D:/Aamir Gulzar/KSA_project2/dataset/patch_data\TCGA-3L-AA1B_nonMSIH\TCGA-3L-AA1B_nonMSIH_x11312_y13024_patch00208.png,TCGA-3L-AA1B_nonMSIH_x11312_y13024_patch00208.png,208,11312,13024,229.66,210.08,219.49,28.13,42.11,32.66
D:/Aamir Gulzar/KSA_project2/dataset/patch_data\TCGA-3L-AA1B_nonMSIH\TCGA-3L-AA1B_nonMSIH_x11312_y13536_patch00209.png,TCGA-3L-AA1B_nonMSIH_x11312_y13536_patch00209.png,209,11312,13536,205.8,174.93,193.98,56.98,64.53,51.67
D:/Aamir Gulzar/KSA_project2/dataset/patch_data\TCGA-3L-AA1B_nonMSIH\TCGA-3L-AA1B_nonMSIH_x11312_y14048_patch00210.png,TCGA-3L-AA1B_nonMSIH_x11312_y14048_patch00210.png,210,11312,14048,196.36,130.78,165.13,45.18,44.82,37.75
D:/Aamir Gulzar/KSA_project2/dataset/patch_data\TCGA-3L-AA1B_nonMSIH\TCGA-3L-AA1B_nonMSIH_x11312_y14560_patch00211.png,TCGA-3L-AA1B_nonMSIH_x11312_y14560_patch00211.png,211,11312,14560,202.11,115.32,154.47,31.44,31.44,27.91
D:/Aamir Gulzar/KSA_project2/dataset/patch_data\TCGA-3L-AA1B_nonMSIH\TCGA-3L-AA1B_nonMSIH_x11312_y15072_patch00212.png,TCGA-3L-AA1B_nonMSIH_x11312_y15072_patch00212.png,212,11312,15072,200.44,112.93,151.7,35.73,37.14,33.24
D:/Aamir Gulzar/KSA_project2/dataset/patch_data\TCGA-3L-AA1B_nonMSIH\TCGA-3L-AA1B_nonMSIH_x11312_y15584_patch00213.png,TCGA-3L-AA1B_nonMSIH_x11312_y15584_patch00213.png,213,11312,15584,203.06,122.7,159.91,33.93,37.48,32.83
D:/Aamir Gulzar/KSA_project2/dataset/patch_data\TCGA-3L-AA1B_nonMSIH\TCGA-3L-AA1B_nonMSIH_x11312_y16096_patch00214.png,TCGA-3L-AA1B_nonMSIH_x11312_y16096_patch00214.png,214,11312,16096,203.01,130.72,166.07,34.77,39.44,33.58
D:/Aamir Gulzar/KSA_project2/dataset/patch_data\TCGA-3L-AA1B_nonMSIH\TCGA-3L-AA1B_nonMSIH_x11312_y16608_patch00215.png,TCGA-3L-AA1B_nonMSIH_x11312_y16608_patch00215.png,215,11312,16608,203.77,136.28,170.39,32.47,37.2,31.65
D:/Aamir Gulzar/KSA_project2/dataset/patch_data\TCGA-3L-AA1B_nonMSIH\TCGA-3L-AA1B_nonMSIH_x11312_y17120_patch00216.png,TCGA-3L-AA1B_nonMSIH_x11312_y17120_patch00216.png,216,11312,17120,203.94,140.41,173.82,32.99,37.52,31.0
D:/Aamir Gulzar/KSA_project2/dataset/patch_data\TCGA-3L-AA1B_nonMSIH\TCGA-3L-AA1B_nonMSIH_x11312_y17632_patch00217.png,TCGA-3L-AA1B_nonMSIH_x11312_y17632_patch00217.png,217,11312,17632,205.44,149.19,179.1,36.65,46.22,37.78
D:/Aamir Gulzar/KSA_project2/dataset/patch_data\TCGA-3L-AA1B_nonMSIH\TCGA-3L-AA1B_nonMSIH_x11312_y18144_patch00218.png,TCGA-3L-AA1B_nonMSIH_x11312_y18144_patch00218.png,218,11312,18144,166.99,122.26,157.7,58.44,53.77,46.61
D:/Aamir Gulzar/KSA_project2/dataset/patch_data\TCGA-3L-AA1B_nonMSIH\TCGA-3L-AA1B_nonMSIH_x11312_y18656_patch00219.png,TCGA-3L-AA1B_nonMSIH_x11312_y18656_patch00219.png,219,11312,18656,152.32,104.06,142.74,58.67,52.2,47.05
D:/Aamir Gulzar/KSA_project2/dataset/patch_data\TCGA-3L-AA1B_nonMSIH\TCGA-3L-AA1B_nonMSIH_x11312_y19168_patch00220.png,TCGA-3L-AA1B_nonMSIH_x11312_y19168_patch00220.png,220,11312,19168,168.11,113.94,152.67,47.58,44.83,39.48
D:/Aamir Gulzar/KSA_project2/dataset/patch_data\TCGA-3L-AA1B_nonMSIH\TCGA-3L-AA1B_nonMSIH_x11312_y19680_patch00221.png,TCGA-3L-AA1B_nonMSIH_x11312_y19680_patch00221.png,221,11312,19680,176.11,122.59,159.51,47.26,46.65,39.84
D:/Aamir Gulzar/KSA_project2/dataset/patch_data\TCGA-3L-AA1B_nonMSIH\TCGA-3L-AA1B_nonMSIH_x11312_y20192_patch00222.png,TCGA-3L-AA1B_nonMSIH_x11312_y20192_patch00222.png,222,11312,20192,162.23,113.01,151.91,48.42,52.57,43.09
D:/Aamir Gulzar/KSA_project2/dataset/patch_data\TCGA-3L-AA1B_nonMSIH\TCGA-3L-AA1B_nonMSIH_x11312_y20704_patch00223.png,TCGA-3L-AA1B_nonMSIH_x11312_y20704_patch00223.png,223,11312,20704,169.47,125.59,161.78,47.01,54.31,42.82
D:/Aamir Gulzar/KSA_project2/dataset/patch_data\TCGA-3L-AA1B_nonMSIH\TCGA-3L-AA1B_nonMSIH_x11312_y21216_patch00224.png,TCGA-3L-AA1B_nonMSIH_x11312_y21216_patch00224.png,224,11312,21216,163.38,116.28,155.34,43.49,46.01,38.0
D:/Aamir Gulzar/KSA_project2/dataset/patch_data\TCGA-3L-AA1B_nonMSIH\TCGA-3L-AA1B_nonMSIH_x11312_y21728_patch00225.png,TCGA-3L-AA1B_nonMSIH_x11312_y21728_patch00225.png,225,11312,21728,162.61,116.3,155.82,41.92,41.03,34.39
D:/Aamir Gulzar/KSA_project2/dataset/patch_data\TCGA-3L-AA1B_nonMSIH\TCGA-3L-AA1B_nonMSIH_x11312_y22240_patch00226.png,TCGA-3L-AA1B_nonMSIH_x11312_y22240_patch00226.png,226,11312,22240,158.4,110.69,150.41,45.82,45.09,38.04
D:/Aamir Gulzar/KSA_project2/dataset/patch_data\TCGA-3L-AA1B_nonMSIH\TCGA-3L-AA1B_nonMSIH_x11312_y22752_patch00227.png,TCGA-3L-AA1B_nonMSIH_x11312_y22752_patch00227.png,227,11312,22752,171.51,137.58,167.13,57.74,71.72,55.37
D:/Aamir Gulzar/KSA_project2/dataset/patch_data\TCGA-3L-AA1B_nonMSIH\TCGA-3L-AA1B_nonMSIH_x11312_y23264_patch00228.png,TCGA-3L-AA1B_nonMSIH_x11312_y23264_patch00228.png,228,11312,23264,219.43,209.63,218.46,44.89,58.61,43.54
D:/Aamir Gulzar/KSA_project2/dataset/patch_data\TCGA-3L-AA1B_nonMSIH\TCGA-3L-AA1B_nonMSIH_x11824_y11488_patch00229.png,TCGA-3L-AA1B_nonMSIH_x11824_y11488_patch00229.png,229,11824,11488,220.03,205.26,212.97,49.77,58.22,51.63
D:/Aamir Gulzar/KSA_project2/dataset/patch_data\TCGA-3L-AA1B_nonMSIH\TCGA-3L-AA1B_nonMSIH_x11824_y12000_patch00230.png,TCGA-3L-AA1B_nonMSIH_x11824_y12000_patch00230.png,230,11824,12000,236.86,226.23,230.9,16.44,29.61,23.07
D:/Aamir Gulzar/KSA_project2/dataset/patch_data\TCGA-3L-AA1B_nonMSIH\TCGA-3L-AA1B_nonMSIH_x11824_y12512_patch00231.png,TCGA-3L-AA1B_nonMSIH_x11824_y12512_patch00231.png,231,11824,12512,235.33,224.19,229.49,21.77,32.43,25.16
D:/Aamir Gulzar/KSA_project2/dataset/patch_data\TCGA-3L-AA1B_nonMSIH\TCGA-3L-AA1B_nonMSIH_x11824_y13024_patch00232.png,TCGA-3L-AA1B_nonMSIH_x11824_y13024_patch00232.png,232,11824,13024,229.18,212.73,221.93,28.29,42.06,30.61
D:/Aamir Gulzar/KSA_project2/dataset/patch_data\TCGA-3L-AA1B_nonMSIH\TCGA-3L-AA1B_nonMSIH_x11824_y13536_patch00233.png,TCGA-3L-AA1B_nonMSIH_x11824_y13536_patch00233.png,233,11824,13536,226.13,206.78,217.26,35.46,50.57,38.68
D:/Aamir Gulzar/KSA_project2/dataset/patch_data\TCGA-3L-AA1B_nonMSIH\TCGA-3L-AA1B_nonMSIH_x11824_y14048_patch00234.png,TCGA-3L-AA1B_nonMSIH_x11824_y14048_patch00234.png,234,11824,14048,200.35,131.49,166.68,38.61,41.48,33.66
D:/Aamir Gulzar/KSA_project2/dataset/patch_data\TCGA-3L-AA1B_nonMSIH\TCGA-3L-AA1B_nonMSIH_x11824_y14560_patch00235.png,TCGA-3L-AA1B_nonMSIH_x11824_y14560_patch00235.png,235,11824,14560,198.54,105.25,146.0,32.66,30.12,27.33
D:/Aamir Gulzar/KSA_project2/dataset/patch_data\TCGA-3L-AA1B_nonMSIH\TCGA-3L-AA1B_nonMSIH_x11824_y15072_patch00236.png,TCGA-3L-AA1B_nonMSIH_x11824_y15072_patch00236.png,236,11824,15072,200.88,111.95,151.27,34.62,35.13,31.25
D:/Aamir Gulzar/KSA_project2/dataset/patch_data\TCGA-3L-AA1B_nonMSIH\TCGA-3L-AA1B_nonMSIH_x11824_y15584_patch00237.png,TCGA-3L-AA1B_nonMSIH_x11824_y15584_patch00237.png,237,11824,15584,201.63,124.3,161.41,35.87,38.57,32.91
D:/Aamir Gulzar/KSA_project2/dataset/patch_data\TCGA-3L-AA1B_nonMSIH\TCGA-3L-AA1B_nonMSIH_x11824_y16096_patch00238.png,TCGA-3L-AA1B_nonMSIH_x11824_y16096_patch00238.png,238,11824,16096,203.25,135.27,170.06,34.78,39.06,32.77
D:/Aamir Gulzar/KSA_project2/dataset/patch_data\TCGA-3L-AA1B_nonMSIH\TCGA-3L-AA1B_nonMSIH_x11824_y16608_patch00239.png,TCGA-3L-AA1B_nonMSIH_x11824_y16608_patch00239.png,239,11824,16608,200.64,139.27,172.78,37.56,40.68,33.76
D:/Aamir Gulzar/KSA_project2/dataset/patch_data\TCGA-3L-AA1B_nonMSIH\TCGA-3L-AA1B_nonMSIH_x11824_y17120_patch00240.png,TCGA-3L-AA1B_nonMSIH_x11824_y17120_patch00240.png,240,11824,17120,199.8,139.43,172.95,37.96,41.24,34.31
D:/Aamir Gulzar/KSA_project2/dataset/patch_data\TCGA-3L-AA1B_nonMSIH\TCGA-3L-AA1B_nonMSIH_x11824_y17632_patch00241.png,TCGA-3L-AA1B_nonMSIH_x11824_y17632_patch00241.png,241,11824,17632,195.64,137.37,170.92,42.31,44.75,37.48
D:/Aamir Gulzar/KSA_project2/dataset/patch_data\TCGA-3L-AA1B_nonMSIH\TCGA-3L-AA1B_nonMSIH_x11824_y18144_patch00242.png,TCGA-3L-AA1B_nonMSIH_x11824_y18144_patch00242.png,242,11824,18144,199.59,139.54,172.87,38.51,42.78,35.98
D:/Aamir Gulzar/KSA_project2/dataset/patch_data\TCGA-3L-AA1B_nonMSIH\TCGA-3L-AA1B_nonMSIH_x11824_y18656_patch00243.png,TCGA-3L-AA1B_nonMSIH_x11824_y18656_patch00243.png,243,11824,18656,166.81,116.95,154.7,53.04,49.42,42.73
D:/Aamir Gulzar/KSA_project2/dataset/patch_data\TCGA-3L-AA1B_nonMSIH\TCGA-3L-AA1B_nonMSIH_x11824_y19168_patch00244.png,TCGA-3L-AA1B_nonMSIH_x11824_y19168_patch00244.png,244,11824,19168,162.7,111.67,151.28,49.13,45.34,39.61
D:/Aamir Gulzar/KSA_project2/dataset/patch_data\TCGA-3L-AA1B_nonMSIH\TCGA-3L-AA1B_nonMSIH_x11824_y19680_patch00245.png,TCGA-3L-AA1B_nonMSIH_x11824_y19680_patch00245.png,245,11824,19680,167.87,119.16,156.39,51.41,53.1,44.36
D:/Aamir Gulzar/KSA_project2/dataset/patch_data\TCGA-3L-AA1B_nonMSIH\TCGA-3L-AA1B_nonMSIH_x11824_y20192_patch00246.png,TCGA-3L-AA1B_nonMSIH_x11824_y20192_patch00246.png,246,11824,20192,166.53,114.54,153.99,45.91,47.39,38.93
D:/Aamir Gulzar/KSA_project2/dataset/patch_data\TCGA-3L-AA1B_nonMSIH\TCGA-3L-AA1B_nonMSIH_x11824_y20704_patch00247.png,TCGA-3L-AA1B_nonMSIH_x11824_y20704_patch00247.png,247,11824,20704,167.01,114.85,154.48,44.86,43.89,37.05
D:/Aamir Gulzar/KSA_project2/dataset/patch_data\TCGA-3L-AA1B_nonMSIH\TCGA-3L-AA1B_nonMSIH_x11824_y21216_patch00248.png,TCGA-3L-AA1B_nonMSIH_x11824_y21216_patch00248.png,248,11824,21216,166.21,117.49,156.89,43.34,43.4,35.61
D:/Aamir Gulzar/KSA_project2/dataset/patch_data\TCGA-3L-AA1B_nonMSIH\TCGA-3L-AA1B_nonMSIH_x11824_y21728_patch00249.png,TCGA-3L-AA1B_nonMSIH_x11824_y21728_patch00249.png,249,11824,21728,152.8,105.43,146.32,48.92,47.2,40.53
D:/Aamir Gulzar/KSA_project2/dataset/patch_data\TCGA-3L-AA1B_nonMSIH\TCGA-3L-AA1B_nonMSIH_x11824_y22240_patch00250.png,TCGA-3L-AA1B_nonMSIH_x11824_y22240_patch00250.png,250,11824,22240,162.71,119.5,155.7,52.2,57.87,46.21
D:/Aamir Gulzar/KSA_project2/dataset/patch_data\TCGA-3L-AA1B_nonMSIH\TCGA-3L-AA1B_nonMSIH_x11824_y22752_patch00251.png,TCGA-3L-AA1B_nonMSIH_x11824_y22752_patch00251.png,251,11824,22752,213.25,199.38,211.05,48.42,63.85,47.74
D:/Aamir Gulzar/KSA_project2/dataset/patch_data\TCGA-3L-AA1B_nonMSIH\TCGA-3L-AA1B_nonMSIH_x12336_y10976_patch00252.png,TCGA-3L-AA1B_nonMSIH_x12336_y10976_patch00252.png,252,12336,10976,237.8,233.59,235.92,18.91,26.5,20.86
D:/Aamir Gulzar/KSA_project2/dataset/patch_data\TCGA-3L-AA1B_nonMSIH\TCGA-3L-AA1B_nonMSIH_x12336_y11488_patch00253.png,TCGA-3L-AA1B_nonMSIH_x12336_y11488_patch00253.png,253,12336,11488,238.88,231.73,234.67,14.14,25.46,20.22
D:/Aamir Gulzar/KSA_project2/dataset/patch_data\TCGA-3L-AA1B_nonMSIH\TCGA-3L-AA1B_nonMSIH_x12336_y12000_patch00254.png,TCGA-3L-AA1B_nonMSIH_x12336_y12000_patch00254.png,254,12336,12000,237.59,226.13,230.95,15.07,29.01,22.86
D:/Aamir Gulzar/KSA_project2/dataset/patch_data\TCGA-3L-AA1B_nonMSIH\TCGA-3L-AA1B_nonMSIH_x12336_y12512_patch00255.png,TCGA-3L-AA1B_nonMSIH_x12336_y12512_patch00255.png,255,12336,12512,234.84,222.32,227.96,22.02,34.54,27.79
D:/Aamir Gulzar/KSA_project2/dataset/patch_data\TCGA-3L-AA1B_nonMSIH\TCGA-3L-AA1B_nonMSIH_x12336_y13024_patch00256.png,TCGA-3L-AA1B_nonMSIH_x12336_y13024_patch00256.png,256,12336,13024,236.34,227.39,231.59,19.3,28.18,21.65
D:/Aamir Gulzar/KSA_project2/dataset/patch_data\TCGA-3L-AA1B_nonMSIH\TCGA-3L-AA1B_nonMSIH_x12336_y13536_patch00257.png,TCGA-3L-AA1B_nonMSIH_x12336_y13536_patch00257.png,257,12336,13536,211.29,174.66,194.73,45.98,61.74,47.67
D:/Aamir Gulzar/KSA_project2/dataset/patch_data\TCGA-3L-AA1B_nonMSIH\TCGA-3L-AA1B_nonMSIH_x12336_y14048_patch00258.png,TCGA-3L-AA1B_nonMSIH_x12336_y14048_patch00258.png,258,12336,14048,195.59,123.02,160.31,38.4,39.22,32.63
D:/Aamir Gulzar/KSA_project2/dataset/patch_data\TCGA-3L-AA1B_nonMSIH\TCGA-3L-AA1B_nonMSIH_x12336_y14560_patch00259.png,TCGA-3L-AA1B_nonMSIH_x12336_y14560_patch00259.png,259,12336,14560,197.38,113.35,152.82,34.52,32.64,28.38
D:/Aamir Gulzar/KSA_project2/dataset/patch_data\TCGA-3L-AA1B_nonMSIH\TCGA-3L-AA1B_nonMSIH_x12336_y15072_patch00260.png,TCGA-3L-AA1B_nonMSIH_x12336_y15072_patch00260.png,260,12336,15072,200.15,119.31,157.84,33.62,34.07,29.46
D:/Aamir Gulzar/KSA_project2/dataset/patch_data\TCGA-3L-AA1B_nonMSIH\TCGA-3L-AA1B_nonMSIH_x12336_y15584_patch00261.png,TCGA-3L-AA1B_nonMSIH_x12336_y15584_patch00261.png,261,12336,15584,201.89,129.05,165.19,35.07,37.19,31.44
D:/Aamir Gulzar/KSA_project2/dataset/patch_data\TCGA-3L-AA1B_nonMSIH\TCGA-3L-AA1B_nonMSIH_x12336_y16096_patch00262.png,TCGA-3L-AA1B_nonMSIH_x12336_y16096_patch00262.png,262,12336,16096,206.57,142.21,175.17,32.25,36.53,30.29
D:/Aamir Gulzar/KSA_project2/dataset/patch_data\TCGA-3L-AA1B_nonMSIH\TCGA-3L-AA1B_nonMSIH_x12336_y16608_patch00263.png,TCGA-3L-AA1B_nonMSIH_x12336_y16608_patch00263.png,263,12336,16608,199.13,141.69,173.96,39.97,41.95,34.83
D:/Aamir Gulzar/KSA_project2/dataset/patch_data\TCGA-3L-AA1B_nonMSIH\TCGA-3L-AA1B_nonMSIH_x12336_y17120_patch00264.png,TCGA-3L-AA1B_nonMSIH_x12336_y17120_patch00264.png,264,12336,17120,179.92,129.66,164.15,52.05,50.09,42.27
D:/Aamir Gulzar/KSA_project2/dataset/patch_data\TCGA-3L-AA1B_nonMSIH\TCGA-3L-AA1B_nonMSIH_x12336_y17632_patch00265.png,TCGA-3L-AA1B_nonMSIH_x12336_y17632_patch00265.png,265,12336,17632,178.01,129.24,164.35,49.09,48.4,41.26
D:/Aamir Gulzar/KSA_project2/dataset/patch_data\TCGA-3L-AA1B_nonMSIH\TCGA-3L-AA1B_nonMSIH_x12336_y18144_patch00266.png,TCGA-3L-AA1B_nonMSIH_x12336_y18144_patch00266.png,266,12336,18144,175.4,127.49,163.45,48.71,51.33,41.92
D:/Aamir Gulzar/KSA_project2/dataset/patch_data\TCGA-3L-AA1B_nonMSIH\TCGA-3L-AA1B_nonMSIH_x12336_y18656_patch00267.png,TCGA-3L-AA1B_nonMSIH_x12336_y18656_patch00267.png,267,12336,18656,177.19,124.3,160.88,47.92,46.0,39.3
D:/Aamir Gulzar/KSA_project2/dataset/patch_data\TCGA-3L-AA1B_nonMSIH\TCGA-3L-AA1B_nonMSIH_x12336_y19168_patch00268.png,TCGA-3L-AA1B_nonMSIH_x12336_y19168_patch00268.png,268,12336,19168,171.5,121.41,158.99,45.69,43.04,37.63
D:/Aamir Gulzar/KSA_project2/dataset/patch_data\TCGA-3L-AA1B_nonMSIH\TCGA-3L-AA1B_nonMSIH_x12336_y19680_patch00269.png,TCGA-3L-AA1B_nonMSIH_x12336_y19680_patch00269.png,269,12336,19680,173.43,122.25,159.46,45.11,44.31,37.99
D:/Aamir Gulzar/KSA_project2/dataset/patch_data\TCGA-3L-AA1B_nonMSIH\TCGA-3L-AA1B_nonMSIH_x12336_y20192_patch00270.png,TCGA-3L-AA1B_nonMSIH_x12336_y20192_patch00270.png,270,12336,20192,166.43,112.17,151.49,48.4,45.28,39.1
D:/Aamir Gulzar/KSA_project2/dataset/patch_data\TCGA-3L-AA1B_nonMSIH\TCGA-3L-AA1B_nonMSIH_x12336_y20704_patch00271.png,TCGA-3L-AA1B_nonMSIH_x12336_y20704_patch00271.png,271,12336,20704,178.54,124.42,161.55,43.45,41.58,35.44
D:/Aamir Gulzar/KSA_project2/dataset/patch_data\TCGA-3L-AA1B_nonMSIH\TCGA-3L-AA1B_nonMSIH_x12336_y21216_patch00272.png,TCGA-3L-AA1B_nonMSIH_x12336_y21216_patch00272.png,272,12336,21216,167.53,117.81,155.99,46.94,46.56,39.42
D:/Aamir Gulzar/KSA_project2/dataset/patch_data\TCGA-3L-AA1B_nonMSIH\TCGA-3L-AA1B_nonMSIH_x12336_y21728_patch00273.png,TCGA-3L-AA1B_nonMSIH_x12336_y21728_patch00273.png,273,12336,21728,163.7,119.39,157.9,43.74,43.1,36.13
D:/Aamir Gulzar/KSA_project2/dataset/patch_data\TCGA-3L-AA1B_nonMSIH\TCGA-3L-AA1B_nonMSIH_x12336_y22240_patch00274.png,TCGA-3L-AA1B_nonMSIH_x12336_y22240_patch00274.png,274,12336,22240,171.87,136.43,168.16,52.59,61.8,47.78
D:/Aamir Gulzar/KSA_project2/dataset/patch_data\TCGA-3L-AA1B_nonMSIH\TCGA-3L-AA1B_nonMSIH_x12336_y22752_patch00275.png,TCGA-3L-AA1B_nonMSIH_x12336_y22752_patch00275.png,275,12336,22752,227.88,222.18,227.27,37.18,47.16,35.64
D:/Aamir Gulzar/KSA_project2/dataset/patch_data\TCGA-3L-AA1B_nonMSIH\TCGA-3L-AA1B_nonMSIH_x12848_y10464_patch00276.png,TCGA-3L-AA1B_nonMSIH_x12848_y10464_patch00276.png,276,12848,10464,237.84,231.3,234.27,16.93,28.24,22.16
D:/Aamir Gulzar/KSA_project2/dataset/patch_data\TCGA-3L-AA1B_nonMSIH\TCGA-3L-AA1B_nonMSIH_x12848_y10976_patch00277.png,TCGA-3L-AA1B_nonMSIH_x12848_y10976_patch00277.png,277,12848,10976,233.57,222.01,228.01,24.14,38.48,28.92
D:/Aamir Gulzar/KSA_project2/dataset/patch_data\TCGA-3L-AA1B_nonMSIH\TCGA-3L-AA1B_nonMSIH_x12848_y11488_patch00278.png,TCGA-3L-AA1B_nonMSIH_x12848_y11488_patch00278.png,278,12848,11488,238.18,229.71,233.4,13.57,25.5,19.64
D:/Aamir Gulzar/KSA_project2/dataset/patch_data\TCGA-3L-AA1B_nonMSIH\TCGA-3L-AA1B_nonMSIH_x12848_y12000_patch00279.png,TCGA-3L-AA1B_nonMSIH_x12848_y12000_patch00279.png,279,12848,12000,238.95,228.73,233.03,11.72,26.23,20.34
D:/Aamir Gulzar/KSA_project2/dataset/patch_data\TCGA-3L-AA1B_nonMSIH\TCGA-3L-AA1B_nonMSIH_x12848_y12512_patch00280.png,TCGA-3L-AA1B_nonMSIH_x12848_y12512_patch00280.png,280,12848,12512,236.55,224.57,229.73,18.9,32.28,25.56
D:/Aamir Gulzar/KSA_project2/dataset/patch_data\TCGA-3L-AA1B_nonMSIH\TCGA-3L-AA1B_nonMSIH_x12848_y13024_patch00281.png,TCGA-3L-AA1B_nonMSIH_x12848_y13024_patch00281.png,281,12848,13024,236.83,226.71,231.08,17.28,28.36,22.22
D:/Aamir Gulzar/KSA_project2/dataset/patch_data\TCGA-3L-AA1B_nonMSIH\TCGA-3L-AA1B_nonMSIH_x12848_y13536_patch00282.png,TCGA-3L-AA1B_nonMSIH_x12848_y13536_patch00282.png,282,12848,13536,217.4,183.82,202.22,38.33,54.61,40.64
D:/Aamir Gulzar/KSA_project2/dataset/patch_data\TCGA-3L-AA1B_nonMSIH\TCGA-3L-AA1B_nonMSIH_x12848_y14048_patch00283.png,TCGA-3L-AA1B_nonMSIH_x12848_y14048_patch00283.png,283,12848,14048,192.92,123.52,160.95,38.86,38.2,32.17
D:/Aamir Gulzar/KSA_project2/dataset/patch_data\TCGA-3L-AA1B_nonMSIH\TCGA-3L-AA1B_nonMSIH_x12848_y14560_patch00284.png,TCGA-3L-AA1B_nonMSIH_x12848_y14560_patch00284.png,284,12848,14560,194.84,113.6,152.95,35.51,35.61,30.52
D:/Aamir Gulzar/KSA_project2/dataset/patch_data\TCGA-3L-AA1B_nonMSIH\TCGA-3L-AA1B_nonMSIH_x12848_y15072_patch00285.png,TCGA-3L-AA1B_nonMSIH_x12848_y15072_patch00285.png,285,12848,15072,204.27,124.04,162.01,29.51,30.85,26.12
D:/Aamir Gulzar/KSA_project2/dataset/patch_data\TCGA-3L-AA1B_nonMSIH\TCGA-3L-AA1B_nonMSIH_x12848_y15584_patch00286.png,TCGA-3L-AA1B_nonMSIH_x12848_y15584_patch00286.png,286,12848,15584,210.62,144.64,174.88,33.7,53.1,40.26
D:/Aamir Gulzar/KSA_project2/dataset/patch_data\TCGA-3L-AA1B_nonMSIH\TCGA-3L-AA1B_nonMSIH_x12848_y16096_patch00287.png,TCGA-3L-AA1B_nonMSIH_x12848_y16096_patch00287.png,287,12848,16096,219.13,179.97,200.1,32.97,55.18,40.61
D:/Aamir Gulzar/KSA_project2/dataset/patch_data\TCGA-3L-AA1B_nonMSIH\TCGA-3L-AA1B_nonMSIH_x12848_y16608_patch00288.png,TCGA-3L-AA1B_nonMSIH_x12848_y16608_patch00288.png,288,12848,16608,216.04,179.55,199.38,35.55,55.33,41.01
D:/Aamir Gulzar/KSA_project2/dataset/patch_data\TCGA-3L-AA1B_nonMSIH\TCGA-3L-AA1B_nonMSIH_x12848_y17120_patch00289.png,TCGA-3L-AA1B_nonMSIH_x12848_y17120_patch00289.png,289,12848,17120,195.79,142.43,174.24,43.79,46.34,38.1
D:/Aamir Gulzar/KSA_project2/dataset/patch_data\TCGA-3L-AA1B_nonMSIH\TCGA-3L-AA1B_nonMSIH_x12848_y17632_patch00290.png,TCGA-3L-AA1B_nonMSIH_x12848_y17632_patch00290.png,290,12848,17632,193.86,140.94,173.6,42.07,45.77,37.83
D:/Aamir Gulzar/KSA_project2/dataset/patch_data\TCGA-3L-AA1B_nonMSIH\TCGA-3L-AA1B_nonMSIH_x12848_y18144_patch00291.png,TCGA-3L-AA1B_nonMSIH_x12848_y18144_patch00291.png,291,12848,18144,177.21,129.82,165.01,49.43,51.47,42.72
D:/Aamir Gulzar/KSA_project2/dataset/patch_data\TCGA-3L-AA1B_nonMSIH\TCGA-3L-AA1B_nonMSIH_x12848_y18656_patch00292.png,TCGA-3L-AA1B_nonMSIH_x12848_y18656_patch00292.png,292,12848,18656,172.44,118.9,157.15,47.37,43.87,37.78
D:/Aamir Gulzar/KSA_project2/dataset/patch_data\TCGA-3L-AA1B_nonMSIH\TCGA-3L-AA1B_nonMSIH_x12848_y19168_patch00293.png,TCGA-3L-AA1B_nonMSIH_x12848_y19168_patch00293.png,293,12848,19168,176.78,126.1,163.08,43.8,41.01,34.93
D:/Aamir Gulzar/KSA_project2/dataset/patch_data\TCGA-3L-AA1B_nonMSIH\TCGA-3L-AA1B_nonMSIH_x12848_y19680_patch00294.png,TCGA-3L-AA1B_nonMSIH_x12848_y19680_patch00294.png,294,12848,19680,171.01,121.06,158.57,47.74,45.56,38.85
D:/Aamir Gulzar/KSA_project2/dataset/patch_data\TCGA-3L-AA1B_nonMSIH\TCGA-3L-AA1B_nonMSIH_x12848_y20192_patch00295.png,TCGA-3L-AA1B_nonMSIH_x12848_y20192_patch00295.png,295,12848,20192,168.71,117.59,155.83,49.16,47.4,40.18
D:/Aamir Gulzar/KSA_project2/dataset/patch_data\TCGA-3L-AA1B_nonMSIH\TCGA-3L-AA1B_nonMSIH_x12848_y20704_patch00296.png,TCGA-3L-AA1B_nonMSIH_x12848_y20704_patch00296.png,296,12848,20704,167.76,115.05,154.8,44.11,41.96,34.92
D:/Aamir Gulzar/KSA_project2/dataset/patch_data\TCGA-3L-AA1B_nonMSIH\TCGA-3L-AA1B_nonMSIH_x12848_y21216_patch00297.png,TCGA-3L-AA1B_nonMSIH_x12848_y21216_patch00297.png,297,12848,21216,171.81,124.27,161.47,43.66,43.81,36.28
D:/Aamir Gulzar/KSA_project2/dataset/patch_data\TCGA-3L-AA1B_nonMSIH\TCGA-3L-AA1B_nonMSIH_x12848_y21728_patch00298.png,TCGA-3L-AA1B_nonMSIH_x12848_y21728_patch00298.png,298,12848,21728,166.6,123.64,160.88,43.69,45.15,36.99
D:/Aamir Gulzar/KSA_project2/dataset/patch_data\TCGA-3L-AA1B_nonMSIH\TCGA-3L-AA1B_nonMSIH_x12848_y22240_patch00299.png,TCGA-3L-AA1B_nonMSIH_x12848_y22240_patch00299.png,299,12848,22240,176.85,143.62,173.73,51.54,60.67,46.34
D:/Aamir Gulzar/KSA_project2/dataset/patch_data\TCGA-3L-AA1B_nonMSIH\TCGA-3L-AA1B_nonMSIH_x12848_y22752_patch00300.png,TCGA-3L-AA1B_nonMSIH_x12848_y22752_patch00300.png,300,12848,22752,186.16,163.03,186.55,54.72,67.6,49.77
D:/Aamir Gulzar/KSA_project2/dataset/patch_data\TCGA-3L-AA1B_nonMSIH\TCGA-3L-AA1B_nonMSIH_x13360_y10464_patch00302.png,TCGA-3L-AA1B_nonMSIH_x13360_y10464_patch00302.png,302,13360,10464,236.97,229.83,233.48,17.79,27.8,21.41
D:/Aamir Gulzar/KSA_project2/dataset/patch_data\TCGA-3L-AA1B_nonMSIH\TCGA-3L-AA1B_nonMSIH_x13360_y10976_patch00303.png,TCGA-3L-AA1B_nonMSIH_x13360_y10976_patch00303.png,303,13360,10976,236.85,225.05,230.19,15.41,30.33,23.6
D:/Aamir Gulzar/KSA_project2/dataset/patch_data\TCGA-3L-AA1B_nonMSIH\TCGA-3L-AA1B_nonMSIH_x13360_y11488_patch00304.png,TCGA-3L-AA1B_nonMSIH_x13360_y11488_patch00304.png,304,13360,11488,235.52,220.17,226.95,16.94,33.02,25.36
D:/Aamir Gulzar/KSA_project2/dataset/patch_data\TCGA-3L-AA1B_nonMSIH\TCGA-3L-AA1B_nonMSIH_x13360_y12000_patch00305.png,TCGA-3L-AA1B_nonMSIH_x13360_y12000_patch00305.png,305,13360,12000,231.55,201.76,214.81,22.36,43.89,32.81
D:/Aamir Gulzar/KSA_project2/dataset/patch_data\TCGA-3L-AA1B_nonMSIH\TCGA-3L-AA1B_nonMSIH_x13360_y12512_patch00306.png,TCGA-3L-AA1B_nonMSIH_x13360_y12512_patch00306.png,306,13360,12512,234.93,211.43,221.19,17.47,38.17,28.73
D:/Aamir Gulzar/KSA_project2/dataset/patch_data\TCGA-3L-AA1B_nonMSIH\TCGA-3L-AA1B_nonMSIH_x13360_y13024_patch00307.png,TCGA-3L-AA1B_nonMSIH_x13360_y13024_patch00307.png,307,13360,13024,239.56,233.85,235.65,16.62,23.14,18.24
D:/Aamir Gulzar/KSA_project2/dataset/patch_data\TCGA-3L-AA1B_nonMSIH\TCGA-3L-AA1B_nonMSIH_x13360_y13536_patch00308.png,TCGA-3L-AA1B_nonMSIH_x13360_y13536_patch00308.png,308,13360,13536,226.61,202.13,214.54,31.34,45.88,35.04
D:/Aamir Gulzar/KSA_project2/dataset/patch_data\TCGA-3L-AA1B_nonMSIH\TCGA-3L-AA1B_nonMSIH_x13360_y14048_patch00309.png,TCGA-3L-AA1B_nonMSIH_x13360_y14048_patch00309.png,309,13360,14048,196.06,129.51,164.8,38.34,39.57,32.93
D:/Aamir Gulzar/KSA_project2/dataset/patch_data\TCGA-3L-AA1B_nonMSIH\TCGA-3L-AA1B_nonMSIH_x13360_y14560_patch00310.png,TCGA-3L-AA1B_nonMSIH_x13360_y14560_patch00310.png,310,13360,14560,192.02,113.63,152.63,39.23,35.15,30.71
D:/Aamir Gulzar/KSA_project2/dataset/patch_data\TCGA-3L-AA1B_nonMSIH\TCGA-3L-AA1B_nonMSIH_x13360_y15072_patch00311.png,TCGA-3L-AA1B_nonMSIH_x13360_y15072_patch00311.png,311,13360,15072,203.15,117.92,155.59,32.11,35.98,29.78
D:/Aamir Gulzar/KSA_project2/dataset/patch_data\TCGA-3L-AA1B_nonMSIH\TCGA-3L-AA1B_nonMSIH_x13360_y17120_patch00312.png,TCGA-3L-AA1B_nonMSIH_x13360_y17120_patch00312.png,312,13360,17120,209.54,164.38,188.76,40.14,55.56,42.24
D:/Aamir Gulzar/KSA_project2/dataset/patch_data\TCGA-3L-AA1B_nonMSIH\TCGA-3L-AA1B_nonMSIH_x13360_y17632_patch00313.png,TCGA-3L-AA1B_nonMSIH_x13360_y17632_patch00313.png,313,13360,17632,194.62,134.52,168.4,42.75,44.11,37.15
D:/Aamir Gulzar/KSA_project2/dataset/patch_data\TCGA-3L-AA1B_nonMSIH\TCGA-3L-AA1B_nonMSIH_x13360_y18144_patch00314.png,TCGA-3L-AA1B_nonMSIH_x13360_y18144_patch00314.png,314,13360,18144,161.49,113.15,152.04,51.45,47.41,41.43
D:/Aamir Gulzar/KSA_project2/dataset/patch_data\TCGA-3L-AA1B_nonMSIH\TCGA-3L-AA1B_nonMSIH_x13360_y18656_patch00315.png,TCGA-3L-AA1B_nonMSIH_x13360_y18656_patch00315.png,315,13360,18656,172.94,121.34,158.9,46.66,43.46,37.38
D:/Aamir Gulzar/KSA_project2/dataset/patch_data\TCGA-3L-AA1B_nonMSIH\TCGA-3L-AA1B_nonMSIH_x13360_y19168_patch00316.png,TCGA-3L-AA1B_nonMSIH_x13360_y19168_patch00316.png,316,13360,19168,175.72,130.78,165.15,48.92,51.82,42.23
D:/Aamir Gulzar/KSA_project2/dataset/patch_data\TCGA-3L-AA1B_nonMSIH\TCGA-3L-AA1B_nonMSIH_x13360_y19680_patch00317.png,TCGA-3L-AA1B_nonMSIH_x13360_y19680_patch00317.png,317,13360,19680,164.99,118.1,155.47,50.83,48.85,42.1
D:/Aamir Gulzar/KSA_project2/dataset/patch_data\TCGA-3L-AA1B_nonMSIH\TCGA-3L-AA1B_nonMSIH_x13360_y20192_patch00318.png,TCGA-3L-AA1B_nonMSIH_x13360_y20192_patch00318.png,318,13360,20192,167.95,119.29,156.87,49.18,47.52,40.68
D:/Aamir Gulzar/KSA_project2/dataset/patch_data\TCGA-3L-AA1B_nonMSIH\TCGA-3L-AA1B_nonMSIH_x13360_y20704_patch00319.png,TCGA-3L-AA1B_nonMSIH_x13360_y20704_patch00319.png,319,13360,20704,163.77,115.1,153.55,48.76,47.12,40.15
D:/Aamir Gulzar/KSA_project2/dataset/patch_data\TCGA-3L-AA1B_nonMSIH\TCGA-3L-AA1B_nonMSIH_x13360_y21216_patch00320.png,TCGA-3L-AA1B_nonMSIH_x13360_y21216_patch00320.png,320,13360,21216,157.12,111.56,150.06,50.56,52.06,44.23
D:/Aamir Gulzar/KSA_project2/dataset/patch_data\TCGA-3L-AA1B_nonMSIH\TCGA-3L-AA1B_nonMSIH_x13360_y21728_patch00321.png,TCGA-3L-AA1B_nonMSIH_x13360_y21728_patch00321.png,321,13360,21728,157.22,116.75,154.12,49.99,53.32,44.56
D:/Aamir Gulzar/KSA_project2/dataset/patch_data\TCGA-3L-AA1B_nonMSIH\TCGA-3L-AA1B_nonMSIH_x13360_y22240_patch00322.png,TCGA-3L-AA1B_nonMSIH_x13360_y22240_patch00322.png,322,13360,22240,169.22,133.53,167.11,46.86,52.73,40.87
D:/Aamir Gulzar/KSA_project2/dataset/patch_data\TCGA-3L-AA1B_nonMSIH\TCGA-3L-AA1B_nonMSIH_x13360_y22752_patch00323.png,TCGA-3L-AA1B_nonMSIH_x13360_y22752_patch00323.png,323,13360,22752,226.99,220.96,226.62,36.63,47.41,34.28
D:/Aamir Gulzar/KSA_project2/dataset/patch_data\TCGA-3L-AA1B_nonMSIH\TCGA-3L-AA1B_nonMSIH_x13360_y9952_patch00301.png,TCGA-3L-AA1B_nonMSIH_x13360_y9952_patch00301.png,301,13360,9952,234.71,224.44,229.18,23.35,37.13,29.58
D:/Aamir Gulzar/KSA_project2/dataset/patch_data\TCGA-3L-AA1B_nonMSIH\TCGA-3L-AA1B_nonMSIH_x13872_y10464_patch00325.png,TCGA-3L-AA1B_nonMSIH_x13872_y10464_patch00325.png,325,13872,10464,235.12,228.1,232.24,21.99,30.85,23.54
D:/Aamir Gulzar/KSA_project2/dataset/patch_data\TCGA-3L-AA1B_nonMSIH\TCGA-3L-AA1B_nonMSIH_x13872_y10976_patch00326.png,TCGA-3L-AA1B_nonMSIH_x13872_y10976_patch00326.png,326,13872,10976,232.63,217.73,225.52,23.37,37.28,27.97
D:/Aamir Gulzar/KSA_project2/dataset/patch_data\TCGA-3L-AA1B_nonMSIH\TCGA-3L-AA1B_nonMSIH_x13872_y11488_patch00327.png,TCGA-3L-AA1B_nonMSIH_x13872_y11488_patch00327.png,327,13872,11488,225.45,198.28,211.7,30.44,49.97,38.2
D:/Aamir Gulzar/KSA_project2/dataset/patch_data\TCGA-3L-AA1B_nonMSIH\TCGA-3L-AA1B_nonMSIH_x13872_y12000_patch00328.png,TCGA-3L-AA1B_nonMSIH_x13872_y12000_patch00328.png,328,13872,12000,227.08,207.0,218.06,31.23,45.79,34.26
D:/Aamir Gulzar/KSA_project2/dataset/patch_data\TCGA-3L-AA1B_nonMSIH\TCGA-3L-AA1B_nonMSIH_x13872_y12512_patch00329.png,TCGA-3L-AA1B_nonMSIH_x13872_y12512_patch00329.png,329,13872,12512,235.38,218.94,225.58,20.67,39.58,30.09
D:/Aamir Gulzar/KSA_project2/dataset/patch_data\TCGA-3L-AA1B_nonMSIH\TCGA-3L-AA1B_nonMSIH_x13872_y13024_patch00330.png,TCGA-3L-AA1B_nonMSIH_x13872_y13024_patch00330.png,330,13872,13024,232.59,220.22,226.6,27.78,39.04,29.6
D:/Aamir Gulzar/KSA_project2/dataset/patch_data\TCGA-3L-AA1B_nonMSIH\TCGA-3L-AA1B_nonMSIH_x13872_y13536_patch00331.png,TCGA-3L-AA1B_nonMSIH_x13872_y13536_patch00331.png,331,13872,13536,230.27,216.51,224.1,30.49,41.22,31.24
D:/Aamir Gulzar/KSA_project2/dataset/patch_data\TCGA-3L-AA1B_nonMSIH\TCGA-3L-AA1B_nonMSIH_x13872_y14048_patch00332.png,TCGA-3L-AA1B_nonMSIH_x13872_y14048_patch00332.png,332,13872,14048,220.97,184.65,202.45,32.42,55.89,41.24
D:/Aamir Gulzar/KSA_project2/dataset/patch_data\TCGA-3L-AA1B_nonMSIH\TCGA-3L-AA1B_nonMSIH_x13872_y14560_patch00333.png,TCGA-3L-AA1B_nonMSIH_x13872_y14560_patch00333.png,333,13872,14560,194.77,122.22,159.68,39.6,38.84,33.05
D:/Aamir Gulzar/KSA_project2/dataset/patch_data\TCGA-3L-AA1B_nonMSIH\TCGA-3L-AA1B_nonMSIH_x13872_y15072_patch00334.png,TCGA-3L-AA1B_nonMSIH_x13872_y15072_patch00334.png,334,13872,15072,203.21,129.19,164.92,34.49,39.44,32.34
D:/Aamir Gulzar/KSA_project2/dataset/patch_data\TCGA-3L-AA1B_nonMSIH\TCGA-3L-AA1B_nonMSIH_x13872_y17120_patch00335.png,TCGA-3L-AA1B_nonMSIH_x13872_y17120_patch00335.png,335,13872,17120,184.67,142.75,171.97,55.21,63.53,50.46
D:/Aamir Gulzar/KSA_project2/dataset/patch_data\TCGA-3L-AA1B_nonMSIH\TCGA-3L-AA1B_nonMSIH_x13872_y17632_patch00336.png,TCGA-3L-AA1B_nonMSIH_x13872_y17632_patch00336.png,336,13872,17632,169.97,116.06,153.95,51.37,47.04,40.55
D:/Aamir Gulzar/KSA_project2/dataset/patch_data\TCGA-3L-AA1B_nonMSIH\TCGA-3L-AA1B_nonMSIH_x13872_y18144_patch00337.png,TCGA-3L-AA1B_nonMSIH_x13872_y18144_patch00337.png,337,13872,18144,171.97,120.66,158.6,48.65,44.83,38.17
D:/Aamir Gulzar/KSA_project2/dataset/patch_data\TCGA-3L-AA1B_nonMSIH\TCGA-3L-AA1B_nonMSIH_x13872_y18656_patch00338.png,TCGA-3L-AA1B_nonMSIH_x13872_y18656_patch00338.png,338,13872,18656,177.32,125.67,162.42,46.32,44.26,36.97
D:/Aamir Gulzar/KSA_project2/dataset/patch_data\TCGA-3L-AA1B_nonMSIH\TCGA-3L-AA1B_nonMSIH_x13872_y19168_patch00339.png,TCGA-3L-AA1B_nonMSIH_x13872_y19168_patch00339.png,339,13872,19168,200.42,165.01,189.54,45.12,58.9,43.94
D:/Aamir Gulzar/KSA_project2/dataset/patch_data\TCGA-3L-AA1B_nonMSIH\TCGA-3L-AA1B_nonMSIH_x13872_y19680_patch00340.png,TCGA-3L-AA1B_nonMSIH_x13872_y19680_patch00340.png,340,13872,19680,182.82,139.0,171.74,46.26,49.39,39.72
D:/Aamir Gulzar/KSA_project2/dataset/patch_data\TCGA-3L-AA1B_nonMSIH\TCGA-3L-AA1B_nonMSIH_x13872_y20192_patch00341.png,TCGA-3L-AA1B_nonMSIH_x13872_y20192_patch00341.png,341,13872,20192,173.26,127.09,163.07,48.03,47.6,39.67
D:/Aamir Gulzar/KSA_project2/dataset/patch_data\TCGA-3L-AA1B_nonMSIH\TCGA-3L-AA1B_nonMSIH_x13872_y20704_patch00342.png,TCGA-3L-AA1B_nonMSIH_x13872_y20704_patch00342.png,342,13872,20704,167.49,123.01,159.39,50.91,50.13,42.3
D:/Aamir Gulzar/KSA_project2/dataset/patch_data\TCGA-3L-AA1B_nonMSIH\TCGA-3L-AA1B_nonMSIH_x13872_y21216_patch00343.png,TCGA-3L-AA1B_nonMSIH_x13872_y21216_patch00343.png,343,13872,21216,164.8,124.1,160.89,46.89,47.39,39.38
D:/Aamir Gulzar/KSA_project2/dataset/patch_data\TCGA-3L-AA1B_nonMSIH\TCGA-3L-AA1B_nonMSIH_x13872_y21728_patch00344.png,TCGA-3L-AA1B_nonMSIH_x13872_y21728_patch00344.png,344,13872,21728,156.48,116.38,153.71,51.38,53.44,45.13
D:/Aamir Gulzar/KSA_project2/dataset/patch_data\TCGA-3L-AA1B_nonMSIH\TCGA-3L-AA1B_nonMSIH_x13872_y22240_patch00345.png,TCGA-3L-AA1B_nonMSIH_x13872_y22240_patch00345.png,345,13872,22240,194.02,174.09,194.46,55.29,70.19,51.67
D:/Aamir Gulzar/KSA_project2/dataset/patch_data\TCGA-3L-AA1B_nonMSIH\TCGA-3L-AA1B_nonMSIH_x13872_y22752_patch00346.png,TCGA-3L-AA1B_nonMSIH_x13872_y22752_patch00346.png,346,13872,22752,222.01,207.39,217.18,38.68,52.65,39.25
D:/Aamir Gulzar/KSA_project2/dataset/patch_data\TCGA-3L-AA1B_nonMSIH\TCGA-3L-AA1B_nonMSIH_x13872_y9440_patch00324.png,TCGA-3L-AA1B_nonMSIH_x13872_y9440_patch00324.png,324,13872,9440,235.12,223.84,228.93,20.81,34.44,27.29
D:/Aamir Gulzar/KSA_project2/dataset/patch_data\TCGA-3L-AA1B_nonMSIH\TCGA-3L-AA1B_nonMSIH_x14384_y10464_patch00350.png,TCGA-3L-AA1B_nonMSIH_x14384_y10464_patch00350.png,350,14384,10464,232.37,213.53,222.5,21.12,39.34,29.7
D:/Aamir Gulzar/KSA_project2/dataset/patch_data\TCGA-3L-AA1B_nonMSIH\TCGA-3L-AA1B_nonMSIH_x14384_y10976_patch00351.png,TCGA-3L-AA1B_nonMSIH_x14384_y10976_patch00351.png,351,14384,10976,230.82,199.63,213.31,20.64,42.5,32.24
D:/Aamir Gulzar/KSA_project2/dataset/patch_data\TCGA-3L-AA1B_nonMSIH\TCGA-3L-AA1B_nonMSIH_x14384_y11488_patch00352.png,TCGA-3L-AA1B_nonMSIH_x14384_y11488_patch00352.png,352,14384,11488,231.9,209.65,219.92,23.08,38.52,29.44
D:/Aamir Gulzar/KSA_project2/dataset/patch_data\TCGA-3L-AA1B_nonMSIH\TCGA-3L-AA1B_nonMSIH_x14384_y12000_patch00353.png,TCGA-3L-AA1B_nonMSIH_x14384_y12000_patch00353.png,353,14384,12000,236.8,222.46,228.35,16.28,30.67,24.12
D:/Aamir Gulzar/KSA_project2/dataset/patch_data\TCGA-3L-AA1B_nonMSIH\TCGA-3L-AA1B_nonMSIH_x14384_y12512_patch00354.png,TCGA-3L-AA1B_nonMSIH_x14384_y12512_patch00354.png,354,14384,12512,225.85,213.36,220.79,40.45,52.4,40.4
D:/Aamir Gulzar/KSA_project2/dataset/patch_data\TCGA-3L-AA1B_nonMSIH\TCGA-3L-AA1B_nonMSIH_x14384_y13024_patch00355.png,TCGA-3L-AA1B_nonMSIH_x14384_y13024_patch00355.png,355,14384,13024,218.26,192.16,207.35,39.38,50.9,39.86
D:/Aamir Gulzar/KSA_project2/dataset/patch_data\TCGA-3L-AA1B_nonMSIH\TCGA-3L-AA1B_nonMSIH_x14384_y13536_patch00356.png,TCGA-3L-AA1B_nonMSIH_x14384_y13536_patch00356.png,356,14384,13536,232.01,223.68,228.85,28.59,36.54,28.62
D:/Aamir Gulzar/KSA_project2/dataset/patch_data\TCGA-3L-AA1B_nonMSIH\TCGA-3L-AA1B_nonMSIH_x14384_y14048_patch00357.png,TCGA-3L-AA1B_nonMSIH_x14384_y14048_patch00357.png,357,14384,14048,221.74,202.53,214.24,40.88,55.82,42.72
D:/Aamir Gulzar/KSA_project2/dataset/patch_data\TCGA-3L-AA1B_nonMSIH\TCGA-3L-AA1B_nonMSIH_x14384_y14560_patch00358.png,TCGA-3L-AA1B_nonMSIH_x14384_y14560_patch00358.png,358,14384,14560,189.66,123.54,159.7,45.16,47.05,38.77
D:/Aamir Gulzar/KSA_project2/dataset/patch_data\TCGA-3L-AA1B_nonMSIH\TCGA-3L-AA1B_nonMSIH_x14384_y15072_patch00359.png,TCGA-3L-AA1B_nonMSIH_x14384_y15072_patch00359.png,359,14384,15072,201.3,133.63,168.77,34.22,36.05,29.89
D:/Aamir Gulzar/KSA_project2/dataset/patch_data\TCGA-3L-AA1B_nonMSIH\TCGA-3L-AA1B_nonMSIH_x14384_y15584_patch00360.png,TCGA-3L-AA1B_nonMSIH_x14384_y15584_patch00360.png,360,14384,15584,208.84,149.85,179.01,36.2,50.99,39.33
D:/Aamir Gulzar/KSA_project2/dataset/patch_data\TCGA-3L-AA1B_nonMSIH\TCGA-3L-AA1B_nonMSIH_x14384_y17120_patch00361.png,TCGA-3L-AA1B_nonMSIH_x14384_y17120_patch00361.png,361,14384,17120,184.66,149.3,175.58,60.68,72.24,56.87
D:/Aamir Gulzar/KSA_project2/dataset/patch_data\TCGA-3L-AA1B_nonMSIH\TCGA-3L-AA1B_nonMSIH_x14384_y17632_patch00362.png,TCGA-3L-AA1B_nonMSIH_x14384_y17632_patch00362.png,362,14384,17632,170.77,119.16,156.67,49.85,46.76,40.0
D:/Aamir Gulzar/KSA_project2/dataset/patch_data\TCGA-3L-AA1B_nonMSIH\TCGA-3L-AA1B_nonMSIH_x14384_y18144_patch00363.png,TCGA-3L-AA1B_nonMSIH_x14384_y18144_patch00363.png,363,14384,18144,172.94,123.07,160.63,46.05,42.88,36.15
D:/Aamir Gulzar/KSA_project2/dataset/patch_data\TCGA-3L-AA1B_nonMSIH\TCGA-3L-AA1B_nonMSIH_x14384_y18656_patch00364.png,TCGA-3L-AA1B_nonMSIH_x14384_y18656_patch00364.png,364,14384,18656,182.17,134.97,169.53,42.52,41.51,34.68
D:/Aamir Gulzar/KSA_project2/dataset/patch_data\TCGA-3L-AA1B_nonMSIH\TCGA-3L-AA1B_nonMSIH_x14384_y19168_patch00365.png,TCGA-3L-AA1B_nonMSIH_x14384_y19168_patch00365.png,365,14384,19168,196.68,161.24,186.42,47.97,59.34,45.22
D:/Aamir Gulzar/KSA_project2/dataset/patch_data\TCGA-3L-AA1B_nonMSIH\TCGA-3L-AA1B_nonMSIH_x14384_y19680_patch00366.png,TCGA-3L-AA1B_nonMSIH_x14384_y19680_patch00366.png,366,14384,19680,180.28,137.63,169.87,49.43,53.01,42.96
D:/Aamir Gulzar/KSA_project2/dataset/patch_data\TCGA-3L-AA1B_nonMSIH\TCGA-3L-AA1B_nonMSIH_x14384_y20192_patch00367.png,TCGA-3L-AA1B_nonMSIH_x14384_y20192_patch00367.png,367,14384,20192,166.61,121.47,158.22,50.68,49.23,41.66
D:/Aamir Gulzar/KSA_project2/dataset/patch_data\TCGA-3L-AA1B_nonMSIH\TCGA-3L-AA1B_nonMSIH_x14384_y20704_patch00368.png,TCGA-3L-AA1B_nonMSIH_x14384_y20704_patch00368.png,368,14384,20704,169.75,132.78,165.43,54.79,62.95,49.23
D:/Aamir Gulzar/KSA_project2/dataset/patch_data\TCGA-3L-AA1B_nonMSIH\TCGA-3L-AA1B_nonMSIH_x14384_y21216_patch00369.png,TCGA-3L-AA1B_nonMSIH_x14384_y21216_patch00369.png,369,14384,21216,182.14,152.82,179.95,53.32,65.26,49.37
D:/Aamir Gulzar/KSA_project2/dataset/patch_data\TCGA-3L-AA1B_nonMSIH\TCGA-3L-AA1B_nonMSIH_x14384_y21728_patch00370.png,TCGA-3L-AA1B_nonMSIH_x14384_y21728_patch00370.png,370,14384,21728,175.88,146.87,176.47,50.87,61.51,46.21
D:/Aamir Gulzar/KSA_project2/dataset/patch_data\TCGA-3L-AA1B_nonMSIH\TCGA-3L-AA1B_nonMSIH_x14384_y22240_patch00371.png,TCGA-3L-AA1B_nonMSIH_x14384_y22240_patch00371.png,371,14384,22240,169.62,134.39,167.29,49.29,54.24,42.63
D:/Aamir Gulzar/KSA_project2/dataset/patch_data\TCGA-3L-AA1B_nonMSIH\TCGA-3L-AA1B_nonMSIH_x14384_y22752_patch00372.png,TCGA-3L-AA1B_nonMSIH_x14384_y22752_patch00372.png,372,14384,22752,223.22,210.23,219.33,37.12,50.21,37.14
D:/Aamir Gulzar/KSA_project2/dataset/patch_data\TCGA-3L-AA1B_nonMSIH\TCGA-3L-AA1B_nonMSIH_x14384_y8416_patch00347.png,TCGA-3L-AA1B_nonMSIH_x14384_y8416_patch00347.png,347,14384,8416,227.96,203.89,215.59,26.66,47.24,35.79
D:/Aamir Gulzar/KSA_project2/dataset/patch_data\TCGA-3L-AA1B_nonMSIH\TCGA-3L-AA1B_nonMSIH_x14384_y8928_patch00348.png,TCGA-3L-AA1B_nonMSIH_x14384_y8928_patch00348.png,348,14384,8928,229.25,206.77,217.35,25.74,47.37,36.01
D:/Aamir Gulzar/KSA_project2/dataset/patch_data\TCGA-3L-AA1B_nonMSIH\TCGA-3L-AA1B_nonMSIH_x14384_y9440_patch00349.png,TCGA-3L-AA1B_nonMSIH_x14384_y9440_patch00349.png,349,14384,9440,234.53,222.56,228.41,21.66,34.87,26.94
D:/Aamir Gulzar/KSA_project2/dataset/patch_data\TCGA-3L-AA1B_nonMSIH\TCGA-3L-AA1B_nonMSIH_x14896_y10464_patch00379.png,TCGA-3L-AA1B_nonMSIH_x14896_y10464_patch00379.png,379,14896,10464,220.49,191.15,205.75,35.32,47.72,38.7
D:/Aamir Gulzar/KSA_project2/dataset/patch_data\TCGA-3L-AA1B_nonMSIH\TCGA-3L-AA1B_nonMSIH_x14896_y10976_patch00380.png,TCGA-3L-AA1B_nonMSIH_x14896_y10976_patch00380.png,380,14896,10976,225.54,193.94,208.68,28.89,45.8,36.09
D:/Aamir Gulzar/KSA_project2/dataset/patch_data\TCGA-3L-AA1B_nonMSIH\TCGA-3L-AA1B_nonMSIH_x14896_y11488_patch00381.png,TCGA-3L-AA1B_nonMSIH_x14896_y11488_patch00381.png,381,14896,11488,231.37,212.97,221.59,22.87,38.77,30.16
D:/Aamir Gulzar/KSA_project2/dataset/patch_data\TCGA-3L-AA1B_nonMSIH\TCGA-3L-AA1B_nonMSIH_x14896_y12000_patch00382.png,TCGA-3L-AA1B_nonMSIH_x14896_y12000_patch00382.png,382,14896,12000,228.08,213.12,221.26,34.28,46.81,36.63
D:/Aamir Gulzar/KSA_project2/dataset/patch_data\TCGA-3L-AA1B_nonMSIH\TCGA-3L-AA1B_nonMSIH_x14896_y12512_patch00383.png,TCGA-3L-AA1B_nonMSIH_x14896_y12512_patch00383.png,383,14896,12512,221.37,197.02,210.22,41.38,55.97,43.11
D:/Aamir Gulzar/KSA_project2/dataset/patch_data\TCGA-3L-AA1B_nonMSIH\TCGA-3L-AA1B_nonMSIH_x14896_y13024_patch00384.png,TCGA-3L-AA1B_nonMSIH_x14896_y13024_patch00384.png,384,14896,13024,171.62,138.35,165.81,70.22,77.49,62.39
D:/Aamir Gulzar/KSA_project2/dataset/patch_data\TCGA-3L-AA1B_nonMSIH\TCGA-3L-AA1B_nonMSIH_x14896_y13536_patch00385.png,TCGA-3L-AA1B_nonMSIH_x14896_y13536_patch00385.png,385,14896,13536,158.31,123.51,155.65,68.37,71.19,59.04
D:/Aamir Gulzar/KSA_project2/dataset/patch_data\TCGA-3L-AA1B_nonMSIH\TCGA-3L-AA1B_nonMSIH_x14896_y14048_patch00386.png,TCGA-3L-AA1B_nonMSIH_x14896_y14048_patch00386.png,386,14896,14048,181.54,122.16,158.27,51.34,51.03,42.19
D:/Aamir Gulzar/KSA_project2/dataset/patch_data\TCGA-3L-AA1B_nonMSIH\TCGA-3L-AA1B_nonMSIH_x14896_y14560_patch00387.png,TCGA-3L-AA1B_nonMSIH_x14896_y14560_patch00387.png,387,14896,14560,179.06,116.08,154.83,49.59,43.31,37.27
D:/Aamir Gulzar/KSA_project2/dataset/patch_data\TCGA-3L-AA1B_nonMSIH\TCGA-3L-AA1B_nonMSIH_x14896_y15072_patch00388.png,TCGA-3L-AA1B_nonMSIH_x14896_y15072_patch00388.png,388,14896,15072,201.22,137.13,171.2,35.01,40.29,33.61
D:/Aamir Gulzar/KSA_project2/dataset/patch_data\TCGA-3L-AA1B_nonMSIH\TCGA-3L-AA1B_nonMSIH_x14896_y15584_patch00389.png,TCGA-3L-AA1B_nonMSIH_x14896_y15584_patch00389.png,389,14896,15584,202.46,147.75,178.26,37.2,44.81,37.17
D:/Aamir Gulzar/KSA_project2/dataset/patch_data\TCGA-3L-AA1B_nonMSIH\TCGA-3L-AA1B_nonMSIH_x14896_y16096_patch00390.png,TCGA-3L-AA1B_nonMSIH_x14896_y16096_patch00390.png,390,14896,16096,201.66,147.31,177.66,38.13,45.96,38.2
D:/Aamir Gulzar/KSA_project2/dataset/patch_data\TCGA-3L-AA1B_nonMSIH\TCGA-3L-AA1B_nonMSIH_x14896_y16608_patch00391.png,TCGA-3L-AA1B_nonMSIH_x14896_y16608_patch00391.png,391,14896,16608,197.65,142.17,174.04,40.98,45.37,37.61
D:/Aamir Gulzar/KSA_project2/dataset/patch_data\TCGA-3L-AA1B_nonMSIH\TCGA-3L-AA1B_nonMSIH_x14896_y17120_patch00392.png,TCGA-3L-AA1B_nonMSIH_x14896_y17120_patch00392.png,392,14896,17120,190.57,138.12,171.09,44.55,47.06,38.85
D:/Aamir Gulzar/KSA_project2/dataset/patch_data\TCGA-3L-AA1B_nonMSIH\TCGA-3L-AA1B_nonMSIH_x14896_y17632_patch00393.png,TCGA-3L-AA1B_nonMSIH_x14896_y17632_patch00393.png,393,14896,17632,178.9,126.84,163.77,45.02,40.99,34.66
D:/Aamir Gulzar/KSA_project2/dataset/patch_data\TCGA-3L-AA1B_nonMSIH\TCGA-3L-AA1B_nonMSIH_x14896_y18144_patch00394.png,TCGA-3L-AA1B_nonMSIH_x14896_y18144_patch00394.png,394,14896,18144,172.09,125.75,162.32,47.9,49.45,40.13
D:/Aamir Gulzar/KSA_project2/dataset/patch_data\TCGA-3L-AA1B_nonMSIH\TCGA-3L-AA1B_nonMSIH_x14896_y18656_patch00395.png,TCGA-3L-AA1B_nonMSIH_x14896_y18656_patch00395.png,395,14896,18656,177.29,132.65,166.99,48.17,51.06,40.95
D:/Aamir Gulzar/KSA_project2/dataset/patch_data\TCGA-3L-AA1B_nonMSIH\TCGA-3L-AA1B_nonMSIH_x14896_y19168_patch00396.png,TCGA-3L-AA1B_nonMSIH_x14896_y19168_patch00396.png,396,14896,19168,192.91,158.27,184.23,49.76,59.3,45.75
D:/Aamir Gulzar/KSA_project2/dataset/patch_data\TCGA-3L-AA1B_nonMSIH\TCGA-3L-AA1B_nonMSIH_x14896_y19680_patch00397.png,TCGA-3L-AA1B_nonMSIH_x14896_y19680_patch00397.png,397,14896,19680,188.27,150.87,179.31,49.07,52.73,42.95
D:/Aamir Gulzar/KSA_project2/dataset/patch_data\TCGA-3L-AA1B_nonMSIH\TCGA-3L-AA1B_nonMSIH_x14896_y20192_patch00398.png,TCGA-3L-AA1B_nonMSIH_x14896_y20192_patch00398.png,398,14896,20192,184.28,150.93,178.32,54.9,64.57,50.46
D:/Aamir Gulzar/KSA_project2/dataset/patch_data\TCGA-3L-AA1B_nonMSIH\TCGA-3L-AA1B_nonMSIH_x14896_y20704_patch00399.png,TCGA-3L-AA1B_nonMSIH_x14896_y20704_patch00399.png,399,14896,20704,163.67,127.27,161.23,56.52,64.23,50.74
D:/Aamir Gulzar/KSA_project2/dataset/patch_data\TCGA-3L-AA1B_nonMSIH\TCGA-3L-AA1B_nonMSIH_x14896_y21216_patch00400.png,TCGA-3L-AA1B_nonMSIH_x14896_y21216_patch00400.png,400,14896,21216,162.27,124.63,160.52,50.91,55.61,44.76
D:/Aamir Gulzar/KSA_project2/dataset/patch_data\TCGA-3L-AA1B_nonMSIH\TCGA-3L-AA1B_nonMSIH_x14896_y21728_patch00401.png,TCGA-3L-AA1B_nonMSIH_x14896_y21728_patch00401.png,401,14896,21728,163.18,125.02,161.51,46.87,49.6,40.57
D:/Aamir Gulzar/KSA_project2/dataset/patch_data\TCGA-3L-AA1B_nonMSIH\TCGA-3L-AA1B_nonMSIH_x14896_y22240_patch00402.png,TCGA-3L-AA1B_nonMSIH_x14896_y22240_patch00402.png,402,14896,22240,170.75,138.95,170.35,53.26,62.52,48.05
D:/Aamir Gulzar/KSA_project2/dataset/patch_data\TCGA-3L-AA1B_nonMSIH\TCGA-3L-AA1B_nonMSIH_x14896_y22752_patch00403.png,TCGA-3L-AA1B_nonMSIH_x14896_y22752_patch00403.png,403,14896,22752,218.89,208.32,217.82,45.83,58.66,43.74
D:/Aamir Gulzar/KSA_project2/dataset/patch_data\TCGA-3L-AA1B_nonMSIH\TCGA-3L-AA1B_nonMSIH_x14896_y7392_patch00373.png,TCGA-3L-AA1B_nonMSIH_x14896_y7392_patch00373.png,373,14896,7392,237.91,232.53,234.98,18.37,27.98,22.41
D:/Aamir Gulzar/KSA_project2/dataset/patch_data\TCGA-3L-AA1B_nonMSIH\TCGA-3L-AA1B_nonMSIH_x14896_y7904_patch00374.png,TCGA-3L-AA1B_nonMSIH_x14896_y7904_patch00374.png,374,14896,7904,225.38,200.24,213.24,27.09,46.82,35.06
D:/Aamir Gulzar/KSA_project2/dataset/patch_data\TCGA-3L-AA1B_nonMSIH\TCGA-3L-AA1B_nonMSIH_x14896_y8416_patch00375.png,TCGA-3L-AA1B_nonMSIH_x14896_y8416_patch00375.png,375,14896,8416,210.32,164.12,189.76,32.95,42.67,32.97
D:/Aamir Gulzar/KSA_project2/dataset/patch_data\TCGA-3L-AA1B_nonMSIH\TCGA-3L-AA1B_nonMSIH_x14896_y8928_patch00376.png,TCGA-3L-AA1B_nonMSIH_x14896_y8928_patch00376.png,376,14896,8928,225.92,202.82,215.03,30.71,47.59,36.02
D:/Aamir Gulzar/KSA_project2/dataset/patch_data\TCGA-3L-AA1B_nonMSIH\TCGA-3L-AA1B_nonMSIH_x14896_y9440_patch00377.png,TCGA-3L-AA1B_nonMSIH_x14896_y9440_patch00377.png,377,14896,9440,234.1,224.4,229.76,23.5,33.75,25.6
D:/Aamir Gulzar/KSA_project2/dataset/patch_data\TCGA-3L-AA1B_nonMSIH\TCGA-3L-AA1B_nonMSIH_x14896_y9952_patch00378.png,TCGA-3L-AA1B_nonMSIH_x14896_y9952_patch00378.png,378,14896,9952,235.43,226.05,231.05,20.38,31.69,23.94
D:/Aamir Gulzar/KSA_project2/dataset/patch_data\TCGA-3L-AA1B_nonMSIH\TCGA-3L-AA1B_nonMSIH_x15408_y10464_patch00411.png,TCGA-3L-AA1B_nonMSIH_x15408_y10464_patch00411.png,411,15408,10464,222.25,196.13,208.1,35.52,49.84,41.34
D:/Aamir Gulzar/KSA_project2/dataset/patch_data\TCGA-3L-AA1B_nonMSIH\TCGA-3L-AA1B_nonMSIH_x15408_y10976_patch00412.png,TCGA-3L-AA1B_nonMSIH_x15408_y10976_patch00412.png,412,15408,10976,227.33,198.84,211.6,26.72,48.89,38.08
D:/Aamir Gulzar/KSA_project2/dataset/patch_data\TCGA-3L-AA1B_nonMSIH\TCGA-3L-AA1B_nonMSIH_x15408_y11488_patch00413.png,TCGA-3L-AA1B_nonMSIH_x15408_y11488_patch00413.png,413,15408,11488,232.19,213.21,221.98,22.15,39.12,29.7
D:/Aamir Gulzar/KSA_project2/dataset/patch_data\TCGA-3L-AA1B_nonMSIH\TCGA-3L-AA1B_nonMSIH_x15408_y12000_patch00414.png,TCGA-3L-AA1B_nonMSIH_x15408_y12000_patch00414.png,414,15408,12000,229.42,206.64,217.6,26.0,41.3,32.51
D:/Aamir Gulzar/KSA_project2/dataset/patch_data\TCGA-3L-AA1B_nonMSIH\TCGA-3L-AA1B_nonMSIH_x15408_y12512_patch00415.png,TCGA-3L-AA1B_nonMSIH_x15408_y12512_patch00415.png,415,15408,12512,186.4,157.67,180.17,68.05,73.56,60.77
D:/Aamir Gulzar/KSA_project2/dataset/patch_data\TCGA-3L-AA1B_nonMSIH\TCGA-3L-AA1B_nonMSIH_x15408_y13024_patch00416.png,TCGA-3L-AA1B_nonMSIH_x15408_y13024_patch00416.png,416,15408,13024,142.62,101.54,139.96,61.99,57.14,50.84
D:/Aamir Gulzar/KSA_project2/dataset/patch_data\TCGA-3L-AA1B_nonMSIH\TCGA-3L-AA1B_nonMSIH_x15408_y13536_patch00417.png,TCGA-3L-AA1B_nonMSIH_x15408_y13536_patch00417.png,417,15408,13536,164.45,98.95,139.79,54.76,44.25,39.9
D:/Aamir Gulzar/KSA_project2/dataset/patch_data\TCGA-3L-AA1B_nonMSIH\TCGA-3L-AA1B_nonMSIH_x15408_y14048_patch00418.png,TCGA-3L-AA1B_nonMSIH_x15408_y14048_patch00418.png,418,15408,14048,175.72,106.08,146.41,49.72,41.41,36.87
D:/Aamir Gulzar/KSA_project2/dataset/patch_data\TCGA-3L-AA1B_nonMSIH\TCGA-3L-AA1B_nonMSIH_x15408_y14560_patch00419.png,TCGA-3L-AA1B_nonMSIH_x15408_y14560_patch00419.png,419,15408,14560,186.47,124.78,161.55,43.75,43.78,37.15
D:/Aamir Gulzar/KSA_project2/dataset/patch_data\TCGA-3L-AA1B_nonMSIH\TCGA-3L-AA1B_nonMSIH_x15408_y15072_patch00420.png,TCGA-3L-AA1B_nonMSIH_x15408_y15072_patch00420.png,420,15408,15072,188.81,139.17,172.2,43.41,46.46,38.49
D:/Aamir Gulzar/KSA_project2/dataset/patch_data\TCGA-3L-AA1B_nonMSIH\TCGA-3L-AA1B_nonMSIH_x15408_y15584_patch00421.png,TCGA-3L-AA1B_nonMSIH_x15408_y15584_patch00421.png,421,15408,15584,186.43,140.81,172.7,46.89,49.91,41.15
D:/Aamir Gulzar/KSA_project2/dataset/patch_data\TCGA-3L-AA1B_nonMSIH\TCGA-3L-AA1B_nonMSIH_x15408_y16096_patch00422.png,TCGA-3L-AA1B_nonMSIH_x15408_y16096_patch00422.png,422,15408,16096,182.62,138.6,171.38,47.83,49.54,41.07
D:/Aamir Gulzar/KSA_project2/dataset/patch_data\TCGA-3L-AA1B_nonMSIH\TCGA-3L-AA1B_nonMSIH_x15408_y16608_patch00423.png,TCGA-3L-AA1B_nonMSIH_x15408_y16608_patch00423.png,423,15408,16608,180.58,137.47,170.69,47.82,48.53,40.38
D:/Aamir Gulzar/KSA_project2/dataset/patch_data\TCGA-3L-AA1B_nonMSIH\TCGA-3L-AA1B_nonMSIH_x15408_y17120_patch00424.png,TCGA-3L-AA1B_nonMSIH_x15408_y17120_patch00424.png,424,15408,17120,181.99,132.2,166.81,47.01,47.66,39.58
D:/Aamir Gulzar/KSA_project2/dataset/patch_data\TCGA-3L-AA1B_nonMSIH\TCGA-3L-AA1B_nonMSIH_x15408_y17632_patch00425.png,TCGA-3L-AA1B_nonMSIH_x15408_y17632_patch00425.png,425,15408,17632,182.48,126.73,163.67,41.04,40.32,33.79
D:/Aamir Gulzar/KSA_project2/dataset/patch_data\TCGA-3L-AA1B_nonMSIH\TCGA-3L-AA1B_nonMSIH_x15408_y18144_patch00426.png,TCGA-3L-AA1B_nonMSIH_x15408_y18144_patch00426.png,426,15408,18144,173.95,126.29,163.08,45.31,45.21,37.12
D:/Aamir Gulzar/KSA_project2/dataset/patch_data\TCGA-3L-AA1B_nonMSIH\TCGA-3L-AA1B_nonMSIH_x15408_y18656_patch00427.png,TCGA-3L-AA1B_nonMSIH_x15408_y18656_patch00427.png,427,15408,18656,183.07,139.83,171.66,48.52,53.37,42.74
D:/Aamir Gulzar/KSA_project2/dataset/patch_data\TCGA-3L-AA1B_nonMSIH\TCGA-3L-AA1B_nonMSIH_x15408_y19168_patch00428.png,TCGA-3L-AA1B_nonMSIH_x15408_y19168_patch00428.png,428,15408,19168,194.29,167.42,189.42,54.95,68.31,52.21
D:/Aamir Gulzar/KSA_project2/dataset/patch_data\TCGA-3L-AA1B_nonMSIH\TCGA-3L-AA1B_nonMSIH_x15408_y19680_patch00429.png,TCGA-3L-AA1B_nonMSIH_x15408_y19680_patch00429.png,429,15408,19680,194.88,168.01,189.84,54.81,67.44,51.64
D:/Aamir Gulzar/KSA_project2/dataset/patch_data\TCGA-3L-AA1B_nonMSIH\TCGA-3L-AA1B_nonMSIH_x15408_y20192_patch00430.png,TCGA-3L-AA1B_nonMSIH_x15408_y20192_patch00430.png,430,15408,20192,177.19,137.4,169.54,51.37,55.52,45.08
D:/Aamir Gulzar/KSA_project2/dataset/patch_data\TCGA-3L-AA1B_nonMSIH\TCGA-3L-AA1B_nonMSIH_x15408_y20704_patch00431.png,TCGA-3L-AA1B_nonMSIH_x15408_y20704_patch00431.png,431,15408,20704,168.97,128.71,163.07,52.37,54.48,45.18
D:/Aamir Gulzar/KSA_project2/dataset/patch_data\TCGA-3L-AA1B_nonMSIH\TCGA-3L-AA1B_nonMSIH_x15408_y21216_patch00432.png,TCGA-3L-AA1B_nonMSIH_x15408_y21216_patch00432.png,432,15408,21216,163.16,124.35,161.01,47.27,51.1,41.3
D:/Aamir Gulzar/KSA_project2/dataset/patch_data\TCGA-3L-AA1B_nonMSIH\TCGA-3L-AA1B_nonMSIH_x15408_y21728_patch00433.png,TCGA-3L-AA1B_nonMSIH_x15408_y21728_patch00433.png,433,15408,21728,157.21,116.44,155.0,46.4,48.16,40.29
D:/Aamir Gulzar/KSA_project2/dataset/patch_data\TCGA-3L-AA1B_nonMSIH\TCGA-3L-AA1B_nonMSIH_x15408_y22240_patch00434.png,TCGA-3L-AA1B_nonMSIH_x15408_y22240_patch00434.png,434,15408,22240,151.63,113.98,151.78,50.22,55.03,45.1
D:/Aamir Gulzar/KSA_project2/dataset/patch_data\TCGA-3L-AA1B_nonMSIH\TCGA-3L-AA1B_nonMSIH_x15408_y22752_patch00435.png,TCGA-3L-AA1B_nonMSIH_x15408_y22752_patch00435.png,435,15408,22752,183.64,160.74,184.42,58.43,71.69,53.97
D:/Aamir Gulzar/KSA_project2/dataset/patch_data\TCGA-3L-AA1B_nonMSIH\TCGA-3L-AA1B_nonMSIH_x15408_y6880_patch00404.png,TCGA-3L-AA1B_nonMSIH_x15408_y6880_patch00404.png,404,15408,6880,223.05,211.64,219.16,45.37,56.21,44.94
D:/Aamir Gulzar/KSA_project2/dataset/patch_data\TCGA-3L-AA1B_nonMSIH\TCGA-3L-AA1B_nonMSIH_x15408_y7392_patch00405.png,TCGA-3L-AA1B_nonMSIH_x15408_y7392_patch00405.png,405,15408,7392,237.03,228.91,232.4,16.51,27.74,22.25
D:/Aamir Gulzar/KSA_project2/dataset/patch_data\TCGA-3L-AA1B_nonMSIH\TCGA-3L-AA1B_nonMSIH_x15408_y7904_patch00406.png,TCGA-3L-AA1B_nonMSIH_x15408_y7904_patch00406.png,406,15408,7904,224.72,197.49,211.75,28.21,47.47,34.91
D:/Aamir Gulzar/KSA_project2/dataset/patch_data\TCGA-3L-AA1B_nonMSIH\TCGA-3L-AA1B_nonMSIH_x15408_y8416_patch00407.png,TCGA-3L-AA1B_nonMSIH_x15408_y8416_patch00407.png,407,15408,8416,211.34,170.4,193.71,35.09,46.48,35.05
D:/Aamir Gulzar/KSA_project2/dataset/patch_data\TCGA-3L-AA1B_nonMSIH\TCGA-3L-AA1B_nonMSIH_x15408_y8928_patch00408.png,TCGA-3L-AA1B_nonMSIH_x15408_y8928_patch00408.png,408,15408,8928,232.38,217.09,224.54,25.17,41.43,31.56
D:/Aamir Gulzar/KSA_project2/dataset/patch_data\TCGA-3L-AA1B_nonMSIH\TCGA-3L-AA1B_nonMSIH_x15408_y9440_patch00409.png,TCGA-3L-AA1B_nonMSIH_x15408_y9440_patch00409.png,409,15408,9440,231.97,220.07,226.93,26.48,37.97,28.34
D:/Aamir Gulzar/KSA_project2/dataset/patch_data\TCGA-3L-AA1B_nonMSIH\TCGA-3L-AA1B_nonMSIH_x15408_y9952_patch00410.png,TCGA-3L-AA1B_nonMSIH_x15408_y9952_patch00410.png,410,15408,9952,228.51,209.64,218.66,29.94,42.99,34.79
D:/Aamir Gulzar/KSA_project2/dataset/patch_data\TCGA-3L-AA1B_nonMSIH\TCGA-3L-AA1B_nonMSIH_x15920_y10464_patch00444.png,TCGA-3L-AA1B_nonMSIH_x15920_y10464_patch00444.png,444,15920,10464,224.96,202.11,214.26,32.41,48.32,36.75
D:/Aamir Gulzar/KSA_project2/dataset/patch_data\TCGA-3L-AA1B_nonMSIH\TCGA-3L-AA1B_nonMSIH_x15920_y10976_patch00445.png,TCGA-3L-AA1B_nonMSIH_x15920_y10976_patch00445.png,445,15920,10976,223.61,194.9,209.61,31.88,49.65,37.75
D:/Aamir Gulzar/KSA_project2/dataset/patch_data\TCGA-3L-AA1B_nonMSIH\TCGA-3L-AA1B_nonMSIH_x15920_y11488_patch00446.png,TCGA-3L-AA1B_nonMSIH_x15920_y11488_patch00446.png,446,15920,11488,225.8,203.63,215.58,32.4,45.69,35.07
D:/Aamir Gulzar/KSA_project2/dataset/patch_data\TCGA-3L-AA1B_nonMSIH\TCGA-3L-AA1B_nonMSIH_x15920_y12000_patch00447.png,TCGA-3L-AA1B_nonMSIH_x15920_y12000_patch00447.png,447,15920,12000,211.97,188.78,203.97,51.92,61.56,49.23
D:/Aamir Gulzar/KSA_project2/dataset/patch_data\TCGA-3L-AA1B_nonMSIH\TCGA-3L-AA1B_nonMSIH_x15920_y12512_patch00448.png,TCGA-3L-AA1B_nonMSIH_x15920_y12512_patch00448.png,448,15920,12512,181.39,131.99,164.59,57.82,60.72,49.6
D:/Aamir Gulzar/KSA_project2/dataset/patch_data\TCGA-3L-AA1B_nonMSIH\TCGA-3L-AA1B_nonMSIH_x15920_y13024_patch00449.png,TCGA-3L-AA1B_nonMSIH_x15920_y13024_patch00449.png,449,15920,13024,151.73,106.97,145.49,61.11,56.56,49.57
D:/Aamir Gulzar/KSA_project2/dataset/patch_data\TCGA-3L-AA1B_nonMSIH\TCGA-3L-AA1B_nonMSIH_x15920_y13536_patch00450.png,TCGA-3L-AA1B_nonMSIH_x15920_y13536_patch00450.png,450,15920,13536,183.36,114.68,153.92,45.43,42.03,36.64
D:/Aamir Gulzar/KSA_project2/dataset/patch_data\TCGA-3L-AA1B_nonMSIH\TCGA-3L-AA1B_nonMSIH_x15920_y14048_patch00451.png,TCGA-3L-AA1B_nonMSIH_x15920_y14048_patch00451.png,451,15920,14048,178.75,117.15,155.29,48.65,46.76,40.41
D:/Aamir Gulzar/KSA_project2/dataset/patch_data\TCGA-3L-AA1B_nonMSIH\TCGA-3L-AA1B_nonMSIH_x15920_y14560_patch00452.png,TCGA-3L-AA1B_nonMSIH_x15920_y14560_patch00452.png,452,15920,14560,179.59,131.14,166.27,47.94,49.05,41.13
D:/Aamir Gulzar/KSA_project2/dataset/patch_data\TCGA-3L-AA1B_nonMSIH\TCGA-3L-AA1B_nonMSIH_x15920_y15072_patch00453.png,TCGA-3L-AA1B_nonMSIH_x15920_y15072_patch00453.png,453,15920,15072,181.71,140.38,172.71,48.28,56.51,43.94
D:/Aamir Gulzar/KSA_project2/dataset/patch_data\TCGA-3L-AA1B_nonMSIH\TCGA-3L-AA1B_nonMSIH_x15920_y15584_patch00454.png,TCGA-3L-AA1B_nonMSIH_x15920_y15584_patch00454.png,454,15920,15584,174.41,135.21,169.65,46.99,53.59,41.54
D:/Aamir Gulzar/KSA_project2/dataset/patch_data\TCGA-3L-AA1B_nonMSIH\TCGA-3L-AA1B_nonMSIH_x15920_y16096_patch00455.png,TCGA-3L-AA1B_nonMSIH_x15920_y16096_patch00455.png,455,15920,16096,170.35,128.81,166.09,42.2,43.98,35.48
D:/Aamir Gulzar/KSA_project2/dataset/patch_data\TCGA-3L-AA1B_nonMSIH\TCGA-3L-AA1B_nonMSIH_x15920_y16608_patch00456.png,TCGA-3L-AA1B_nonMSIH_x15920_y16608_patch00456.png,456,15920,16608,173.11,130.0,166.23,45.64,46.68,38.46
D:/Aamir Gulzar/KSA_project2/dataset/patch_data\TCGA-3L-AA1B_nonMSIH\TCGA-3L-AA1B_nonMSIH_x15920_y17120_patch00457.png,TCGA-3L-AA1B_nonMSIH_x15920_y17120_patch00457.png,457,15920,17120,176.95,129.64,165.49,46.48,47.68,39.25
D:/Aamir Gulzar/KSA_project2/dataset/patch_data\TCGA-3L-AA1B_nonMSIH\TCGA-3L-AA1B_nonMSIH_x15920_y17632_patch00458.png,TCGA-3L-AA1B_nonMSIH_x15920_y17632_patch00458.png,458,15920,17632,185.35,133.47,169.14,40.84,40.13,33.27
D:/Aamir Gulzar/KSA_project2/dataset/patch_data\TCGA-3L-AA1B_nonMSIH\TCGA-3L-AA1B_nonMSIH_x15920_y18144_patch00459.png,TCGA-3L-AA1B_nonMSIH_x15920_y18144_patch00459.png,459,15920,18144,186.3,136.46,170.79,42.83,44.0,35.6
D:/Aamir Gulzar/KSA_project2/dataset/patch_data\TCGA-3L-AA1B_nonMSIH\TCGA-3L-AA1B_nonMSIH_x15920_y18656_patch00460.png,TCGA-3L-AA1B_nonMSIH_x15920_y18656_patch00460.png,460,15920,18656,181.12,134.44,168.16,49.52,49.32,40.29
D:/Aamir Gulzar/KSA_project2/dataset/patch_data\TCGA-3L-AA1B_nonMSIH\TCGA-3L-AA1B_nonMSIH_x15920_y19168_patch00461.png,TCGA-3L-AA1B_nonMSIH_x15920_y19168_patch00461.png,461,15920,19168,208.17,182.98,201.54,45.46,60.02,44.64
D:/Aamir Gulzar/KSA_project2/dataset/patch_data\TCGA-3L-AA1B_nonMSIH\TCGA-3L-AA1B_nonMSIH_x15920_y19680_patch00462.png,TCGA-3L-AA1B_nonMSIH_x15920_y19680_patch00462.png,462,15920,19680,190.12,156.39,182.44,53.24,63.76,49.47
D:/Aamir Gulzar/KSA_project2/dataset/patch_data\TCGA-3L-AA1B_nonMSIH\TCGA-3L-AA1B_nonMSIH_x15920_y20192_patch00463.png,TCGA-3L-AA1B_nonMSIH_x15920_y20192_patch00463.png,463,15920,20192,164.92,121.18,158.1,50.25,49.95,41.94
D:/Aamir Gulzar/KSA_project2/dataset/patch_data\TCGA-3L-AA1B_nonMSIH\TCGA-3L-AA1B_nonMSIH_x15920_y20704_patch00464.png,TCGA-3L-AA1B_nonMSIH_x15920_y20704_patch00464.png,464,15920,20704,168.0,125.11,161.63,48.45,49.66,40.49
D:/Aamir Gulzar/KSA_project2/dataset/patch_data\TCGA-3L-AA1B_nonMSIH\TCGA-3L-AA1B_nonMSIH_x15920_y21216_patch00465.png,TCGA-3L-AA1B_nonMSIH_x15920_y21216_patch00465.png,465,15920,21216,167.49,125.34,162.68,43.57,44.55,36.07
D:/Aamir Gulzar/KSA_project2/dataset/patch_data\TCGA-3L-AA1B_nonMSIH\TCGA-3L-AA1B_nonMSIH_x15920_y21728_patch00466.png,TCGA-3L-AA1B_nonMSIH_x15920_y21728_patch00466.png,466,15920,21728,162.89,122.94,160.5,45.58,47.88,39.22
D:/Aamir Gulzar/KSA_project2/dataset/patch_data\TCGA-3L-AA1B_nonMSIH\TCGA-3L-AA1B_nonMSIH_x15920_y22240_patch00467.png,TCGA-3L-AA1B_nonMSIH_x15920_y22240_patch00467.png,467,15920,22240,162.32,125.72,162.31,44.68,47.38,38.06
D:/Aamir Gulzar/KSA_project2/dataset/patch_data\TCGA-3L-AA1B_nonMSIH\TCGA-3L-AA1B_nonMSIH_x15920_y22752_patch00468.png,TCGA-3L-AA1B_nonMSIH_x15920_y22752_patch00468.png,468,15920,22752,174.56,145.76,175.09,53.24,64.04,48.0
D:/Aamir Gulzar/KSA_project2/dataset/patch_data\TCGA-3L-AA1B_nonMSIH\TCGA-3L-AA1B_nonMSIH_x15920_y6368_patch00436.png,TCGA-3L-AA1B_nonMSIH_x15920_y6368_patch00436.png,436,15920,6368,237.8,233.55,235.63,20.19,28.33,23.06
D:/Aamir Gulzar/KSA_project2/dataset/patch_data\TCGA-3L-AA1B_nonMSIH\TCGA-3L-AA1B_nonMSIH_x15920_y6880_patch00437.png,TCGA-3L-AA1B_nonMSIH_x15920_y6880_patch00437.png,437,15920,6880,232.43,223.88,227.88,32.42,40.23,34.92
D:/Aamir Gulzar/KSA_project2/dataset/patch_data\TCGA-3L-AA1B_nonMSIH\TCGA-3L-AA1B_nonMSIH_x15920_y7392_patch00438.png,TCGA-3L-AA1B_nonMSIH_x15920_y7392_patch00438.png,438,15920,7392,235.64,227.68,231.61,20.23,30.03,23.21
D:/Aamir Gulzar/KSA_project2/dataset/patch_data\TCGA-3L-AA1B_nonMSIH\TCGA-3L-AA1B_nonMSIH_x15920_y7904_patch00439.png,TCGA-3L-AA1B_nonMSIH_x15920_y7904_patch00439.png,439,15920,7904,232.96,212.44,221.77,21.9,40.3,30.22
D:/Aamir Gulzar/KSA_project2/dataset/patch_data\TCGA-3L-AA1B_nonMSIH\TCGA-3L-AA1B_nonMSIH_x15920_y8416_patch00440.png,TCGA-3L-AA1B_nonMSIH_x15920_y8416_patch00440.png,440,15920,8416,230.38,205.03,216.21,24.39,45.58,34.79
D:/Aamir Gulzar/KSA_project2/dataset/patch_data\TCGA-3L-AA1B_nonMSIH\TCGA-3L-AA1B_nonMSIH_x15920_y8928_patch00441.png,TCGA-3L-AA1B_nonMSIH_x15920_y8928_patch00441.png,441,15920,8928,229.93,218.09,225.29,30.59,40.86,31.22
D:/Aamir Gulzar/KSA_project2/dataset/patch_data\TCGA-3L-AA1B_nonMSIH\TCGA-3L-AA1B_nonMSIH_x15920_y9440_patch00442.png,TCGA-3L-AA1B_nonMSIH_x15920_y9440_patch00442.png,442,15920,9440,223.81,204.61,215.88,36.22,48.35,36.88
D:/Aamir Gulzar/KSA_project2/dataset/patch_data\TCGA-3L-AA1B_nonMSIH\TCGA-3L-AA1B_nonMSIH_x15920_y9952_patch00443.png,TCGA-3L-AA1B_nonMSIH_x15920_y9952_patch00443.png,443,15920,9952,226.1,195.31,208.84,27.37,46.28,37.11
D:/Aamir Gulzar/KSA_project2/dataset/patch_data\TCGA-3L-AA1B_nonMSIH\TCGA-3L-AA1B_nonMSIH_x16432_y10464_patch00477.png,TCGA-3L-AA1B_nonMSIH_x16432_y10464_patch00477.png,477,16432,10464,213.8,189.1,205.34,43.76,56.82,42.52
D:/Aamir Gulzar/KSA_project2/dataset/patch_data\TCGA-3L-AA1B_nonMSIH\TCGA-3L-AA1B_nonMSIH_x16432_y10976_patch00478.png,TCGA-3L-AA1B_nonMSIH_x16432_y10976_patch00478.png,478,16432,10976,223.2,186.5,203.97,31.29,50.2,37.85
D:/Aamir Gulzar/KSA_project2/dataset/patch_data\TCGA-3L-AA1B_nonMSIH\TCGA-3L-AA1B_nonMSIH_x16432_y11488_patch00479.png,TCGA-3L-AA1B_nonMSIH_x16432_y11488_patch00479.png,479,16432,11488,208.08,166.81,189.58,46.61,60.93,46.97
D:/Aamir Gulzar/KSA_project2/dataset/patch_data\TCGA-3L-AA1B_nonMSIH\TCGA-3L-AA1B_nonMSIH_x16432_y12000_patch00480.png,TCGA-3L-AA1B_nonMSIH_x16432_y12000_patch00480.png,480,16432,12000,184.68,116.93,155.18,48.36,43.93,36.74
D:/Aamir Gulzar/KSA_project2/dataset/patch_data\TCGA-3L-AA1B_nonMSIH\TCGA-3L-AA1B_nonMSIH_x16432_y12512_patch00481.png,TCGA-3L-AA1B_nonMSIH_x16432_y12512_patch00481.png,481,16432,12512,172.33,106.41,146.25,54.54,43.96,39.62
D:/Aamir Gulzar/KSA_project2/dataset/patch_data\TCGA-3L-AA1B_nonMSIH\TCGA-3L-AA1B_nonMSIH_x16432_y13024_patch00482.png,TCGA-3L-AA1B_nonMSIH_x16432_y13024_patch00482.png,482,16432,13024,163.29,107.7,145.92,61.96,53.56,47.66
D:/Aamir Gulzar/KSA_project2/dataset/patch_data\TCGA-3L-AA1B_nonMSIH\TCGA-3L-AA1B_nonMSIH_x16432_y13536_patch00483.png,TCGA-3L-AA1B_nonMSIH_x16432_y13536_patch00483.png,483,16432,13536,189.48,123.16,159.11,45.31,49.23,42.38
D:/Aamir Gulzar/KSA_project2/dataset/patch_data\TCGA-3L-AA1B_nonMSIH\TCGA-3L-AA1B_nonMSIH_x16432_y14048_patch00484.png,TCGA-3L-AA1B_nonMSIH_x16432_y14048_patch00484.png,484,16432,14048,177.53,119.7,156.37,50.23,51.5,44.04
D:/Aamir Gulzar/KSA_project2/dataset/patch_data\TCGA-3L-AA1B_nonMSIH\TCGA-3L-AA1B_nonMSIH_x16432_y14560_patch00485.png,TCGA-3L-AA1B_nonMSIH_x16432_y14560_patch00485.png,485,16432,14560,174.56,125.9,161.91,49.45,54.05,44.0
D:/Aamir Gulzar/KSA_project2/dataset/patch_data\TCGA-3L-AA1B_nonMSIH\TCGA-3L-AA1B_nonMSIH_x16432_y15072_patch00486.png,TCGA-3L-AA1B_nonMSIH_x16432_y15072_patch00486.png,486,16432,15072,168.39,128.66,164.23,50.04,57.48,44.71
D:/Aamir Gulzar/KSA_project2/dataset/patch_data\TCGA-3L-AA1B_nonMSIH\TCGA-3L-AA1B_nonMSIH_x16432_y15584_patch00487.png,TCGA-3L-AA1B_nonMSIH_x16432_y15584_patch00487.png,487,16432,15584,173.49,138.49,171.51,49.77,59.93,45.11
D:/Aamir Gulzar/KSA_project2/dataset/patch_data\TCGA-3L-AA1B_nonMSIH\TCGA-3L-AA1B_nonMSIH_x16432_y16096_patch00488.png,TCGA-3L-AA1B_nonMSIH_x16432_y16096_patch00488.png,488,16432,16096,173.54,137.37,170.65,48.96,58.16,44.19
D:/Aamir Gulzar/KSA_project2/dataset/patch_data\TCGA-3L-AA1B_nonMSIH\TCGA-3L-AA1B_nonMSIH_x16432_y16608_patch00489.png,TCGA-3L-AA1B_nonMSIH_x16432_y16608_patch00489.png,489,16432,16608,167.5,125.21,162.22,46.87,49.5,40.43
D:/Aamir Gulzar/KSA_project2/dataset/patch_data\TCGA-3L-AA1B_nonMSIH\TCGA-3L-AA1B_nonMSIH_x16432_y17120_patch00490.png,TCGA-3L-AA1B_nonMSIH_x16432_y17120_patch00490.png,490,16432,17120,179.92,129.32,165.09,45.14,45.78,38.28
D:/Aamir Gulzar/KSA_project2/dataset/patch_data\TCGA-3L-AA1B_nonMSIH\TCGA-3L-AA1B_nonMSIH_x16432_y17632_patch00491.png,TCGA-3L-AA1B_nonMSIH_x16432_y17632_patch00491.png,491,16432,17632,195.58,139.78,173.38,36.7,38.26,31.46
D:/Aamir Gulzar/KSA_project2/dataset/patch_data\TCGA-3L-AA1B_nonMSIH\TCGA-3L-AA1B_nonMSIH_x16432_y18144_patch00492.png,TCGA-3L-AA1B_nonMSIH_x16432_y18144_patch00492.png,492,16432,18144,194.55,143.55,176.25,38.47,39.19,31.82
D:/Aamir Gulzar/KSA_project2/dataset/patch_data\TCGA-3L-AA1B_nonMSIH\TCGA-3L-AA1B_nonMSIH_x16432_y18656_patch00493.png,TCGA-3L-AA1B_nonMSIH_x16432_y18656_patch00493.png,493,16432,18656,185.7,136.64,170.31,45.43,44.7,36.78
D:/Aamir Gulzar/KSA_project2/dataset/patch_data\TCGA-3L-AA1B_nonMSIH\TCGA-3L-AA1B_nonMSIH_x16432_y19168_patch00494.png,TCGA-3L-AA1B_nonMSIH_x16432_y19168_patch00494.png,494,16432,19168,208.04,184.72,202.26,47.75,62.54,46.83
D:/Aamir Gulzar/KSA_project2/dataset/patch_data\TCGA-3L-AA1B_nonMSIH\TCGA-3L-AA1B_nonMSIH_x16432_y19680_patch00495.png,TCGA-3L-AA1B_nonMSIH_x16432_y19680_patch00495.png,495,16432,19680,188.83,160.76,184.23,58.28,70.71,54.92
D:/Aamir Gulzar/KSA_project2/dataset/patch_data\TCGA-3L-AA1B_nonMSIH\TCGA-3L-AA1B_nonMSIH_x16432_y20192_patch00496.png,TCGA-3L-AA1B_nonMSIH_x16432_y20192_patch00496.png,496,16432,20192,162.46,123.2,158.87,53.67,57.06,46.71
D:/Aamir Gulzar/KSA_project2/dataset/patch_data\TCGA-3L-AA1B_nonMSIH\TCGA-3L-AA1B_nonMSIH_x16432_y20704_patch00497.png,TCGA-3L-AA1B_nonMSIH_x16432_y20704_patch00497.png,497,16432,20704,160.83,120.23,157.96,47.97,50.59,41.29
D:/Aamir Gulzar/KSA_project2/dataset/patch_data\TCGA-3L-AA1B_nonMSIH\TCGA-3L-AA1B_nonMSIH_x16432_y21216_patch00498.png,TCGA-3L-AA1B_nonMSIH_x16432_y21216_patch00498.png,498,16432,21216,165.21,124.87,162.29,43.02,44.52,36.4
D:/Aamir Gulzar/KSA_project2/dataset/patch_data\TCGA-3L-AA1B_nonMSIH\TCGA-3L-AA1B_nonMSIH_x16432_y21728_patch00499.png,TCGA-3L-AA1B_nonMSIH_x16432_y21728_patch00499.png,499,16432,21728,163.14,125.15,162.53,41.96,44.96,36.37
D:/Aamir Gulzar/KSA_project2/dataset/patch_data\TCGA-3L-AA1B_nonMSIH\TCGA-3L-AA1B_nonMSIH_x16432_y22240_patch00500.png,TCGA-3L-AA1B_nonMSIH_x16432_y22240_patch00500.png,500,16432,22240,163.35,127.73,163.57,45.21,47.05,37.97
D:/Aamir Gulzar/KSA_project2/dataset/patch_data\TCGA-3L-AA1B_nonMSIH\TCGA-3L-AA1B_nonMSIH_x16432_y22752_patch00501.png,TCGA-3L-AA1B_nonMSIH_x16432_y22752_patch00501.png,501,16432,22752,195.72,174.6,194.93,52.31,66.26,48.35
D:/Aamir Gulzar/KSA_project2/dataset/patch_data\TCGA-3L-AA1B_nonMSIH\TCGA-3L-AA1B_nonMSIH_x16432_y6368_patch00469.png,TCGA-3L-AA1B_nonMSIH_x16432_y6368_patch00469.png,469,16432,6368,230.46,217.89,224.34,27.52,39.71,31.63
D:/Aamir Gulzar/KSA_project2/dataset/patch_data\TCGA-3L-AA1B_nonMSIH\TCGA-3L-AA1B_nonMSIH_x16432_y6880_patch00470.png,TCGA-3L-AA1B_nonMSIH_x16432_y6880_patch00470.png,470,16432,6880,230.41,216.69,223.73,28.2,45.25,34.78
D:/Aamir Gulzar/KSA_project2/dataset/patch_data\TCGA-3L-AA1B_nonMSIH\TCGA-3L-AA1B_nonMSIH_x16432_y7392_patch00471.png,TCGA-3L-AA1B_nonMSIH_x16432_y7392_patch00471.png,471,16432,7392,237.71,229.22,232.67,15.15,27.2,21.22
D:/Aamir Gulzar/KSA_project2/dataset/patch_data\TCGA-3L-AA1B_nonMSIH\TCGA-3L-AA1B_nonMSIH_x16432_y7904_patch00472.png,TCGA-3L-AA1B_nonMSIH_x16432_y7904_patch00472.png,472,16432,7904,235.4,221.57,227.86,19.05,34.47,26.08
D:/Aamir Gulzar/KSA_project2/dataset/patch_data\TCGA-3L-AA1B_nonMSIH\TCGA-3L-AA1B_nonMSIH_x16432_y8416_patch00473.png,TCGA-3L-AA1B_nonMSIH_x16432_y8416_patch00473.png,473,16432,8416,231.74,215.75,223.52,26.21,41.06,31.46
D:/Aamir Gulzar/KSA_project2/dataset/patch_data\TCGA-3L-AA1B_nonMSIH\TCGA-3L-AA1B_nonMSIH_x16432_y8928_patch00474.png,TCGA-3L-AA1B_nonMSIH_x16432_y8928_patch00474.png,474,16432,8928,231.46,221.07,227.33,29.21,38.36,29.35
D:/Aamir Gulzar/KSA_project2/dataset/patch_data\TCGA-3L-AA1B_nonMSIH\TCGA-3L-AA1B_nonMSIH_x16432_y9440_patch00475.png,TCGA-3L-AA1B_nonMSIH_x16432_y9440_patch00475.png,475,16432,9440,229.98,210.54,219.86,28.14,44.17,33.82
D:/Aamir Gulzar/KSA_project2/dataset/patch_data\TCGA-3L-AA1B_nonMSIH\TCGA-3L-AA1B_nonMSIH_x16432_y9952_patch00476.png,TCGA-3L-AA1B_nonMSIH_x16432_y9952_patch00476.png,476,16432,9952,226.68,204.7,215.96,30.84,47.01,35.43
D:/Aamir Gulzar/KSA_project2/dataset/patch_data\TCGA-3L-AA1B_nonMSIH\TCGA-3L-AA1B_nonMSIH_x16944_y10464_patch00511.png,TCGA-3L-AA1B_nonMSIH_x16944_y10464_patch00511.png,511,16944,10464,221.37,194.78,208.34,39.05,57.54,45.3
D:/Aamir Gulzar/KSA_project2/dataset/patch_data\TCGA-3L-AA1B_nonMSIH\TCGA-3L-AA1B_nonMSIH_x16944_y10976_patch00512.png,TCGA-3L-AA1B_nonMSIH_x16944_y10976_patch00512.png,512,16944,10976,197.42,139.56,167.66,49.88,63.98,53.22
D:/Aamir Gulzar/KSA_project2/dataset/patch_data\TCGA-3L-AA1B_nonMSIH\TCGA-3L-AA1B_nonMSIH_x16944_y11488_patch00513.png,TCGA-3L-AA1B_nonMSIH_x16944_y11488_patch00513.png,513,16944,11488,192.44,111.26,152.09,35.12,29.9,25.72
D:/Aamir Gulzar/KSA_project2/dataset/patch_data\TCGA-3L-AA1B_nonMSIH\TCGA-3L-AA1B_nonMSIH_x16944_y12000_patch00514.png,TCGA-3L-AA1B_nonMSIH_x16944_y12000_patch00514.png,514,16944,12000,197.57,114.22,154.08,34.34,30.15,26.84
D:/Aamir Gulzar/KSA_project2/dataset/patch_data\TCGA-3L-AA1B_nonMSIH\TCGA-3L-AA1B_nonMSIH_x16944_y12512_patch00515.png,TCGA-3L-AA1B_nonMSIH_x16944_y12512_patch00515.png,515,16944,12512,197.6,114.85,154.74,34.0,30.47,27.16
D:/Aamir Gulzar/KSA_project2/dataset/patch_data\TCGA-3L-AA1B_nonMSIH\TCGA-3L-AA1B_nonMSIH_x16944_y13024_patch00516.png,TCGA-3L-AA1B_nonMSIH_x16944_y13024_patch00516.png,516,16944,13024,198.28,123.03,160.35,36.71,39.96,34.78
D:/Aamir Gulzar/KSA_project2/dataset/patch_data\TCGA-3L-AA1B_nonMSIH\TCGA-3L-AA1B_nonMSIH_x16944_y13536_patch00517.png,TCGA-3L-AA1B_nonMSIH_x16944_y13536_patch00517.png,517,16944,13536,183.84,119.8,156.53,48.24,50.44,43.54
D:/Aamir Gulzar/KSA_project2/dataset/patch_data\TCGA-3L-AA1B_nonMSIH\TCGA-3L-AA1B_nonMSIH_x16944_y14048_patch00518.png,TCGA-3L-AA1B_nonMSIH_x16944_y14048_patch00518.png,518,16944,14048,175.97,121.09,158.68,47.53,47.88,40.77
D:/Aamir Gulzar/KSA_project2/dataset/patch_data\TCGA-3L-AA1B_nonMSIH\TCGA-3L-AA1B_nonMSIH_x16944_y14560_patch00519.png,TCGA-3L-AA1B_nonMSIH_x16944_y14560_patch00519.png,519,16944,14560,179.77,133.16,169.1,41.98,44.44,36.49
D:/Aamir Gulzar/KSA_project2/dataset/patch_data\TCGA-3L-AA1B_nonMSIH\TCGA-3L-AA1B_nonMSIH_x16944_y15072_patch00520.png,TCGA-3L-AA1B_nonMSIH_x16944_y15072_patch00520.png,520,16944,15072,173.86,132.93,168.51,45.31,49.24,39.45
D:/Aamir Gulzar/KSA_project2/dataset/patch_data\TCGA-3L-AA1B_nonMSIH\TCGA-3L-AA1B_nonMSIH_x16944_y15584_patch00521.png,TCGA-3L-AA1B_nonMSIH_x16944_y15584_patch00521.png,521,16944,15584,169.03,129.32,166.3,44.06,47.31,37.7
D:/Aamir Gulzar/KSA_project2/dataset/patch_data\TCGA-3L-AA1B_nonMSIH\TCGA-3L-AA1B_nonMSIH_x16944_y16096_patch00522.png,TCGA-3L-AA1B_nonMSIH_x16944_y16096_patch00522.png,522,16944,16096,170.75,132.95,167.86,49.33,54.89,43.1
D:/Aamir Gulzar/KSA_project2/dataset/patch_data\TCGA-3L-AA1B_nonMSIH\TCGA-3L-AA1B_nonMSIH_x16944_y16608_patch00523.png,TCGA-3L-AA1B_nonMSIH_x16944_y16608_patch00523.png,523,16944,16608,178.62,134.99,169.58,46.41,47.91,39.49
D:/Aamir Gulzar/KSA_project2/dataset/patch_data\TCGA-3L-AA1B_nonMSIH\TCGA-3L-AA1B_nonMSIH_x16944_y17120_patch00524.png,TCGA-3L-AA1B_nonMSIH_x16944_y17120_patch00524.png,524,16944,17120,188.54,139.53,173.2,41.02,43.54,35.3
D:/Aamir Gulzar/KSA_project2/dataset/patch_data\TCGA-3L-AA1B_nonMSIH\TCGA-3L-AA1B_nonMSIH_x16944_y17632_patch00525.png,TCGA-3L-AA1B_nonMSIH_x16944_y17632_patch00525.png,525,16944,17632,185.78,135.49,170.01,43.27,44.69,36.78
D:/Aamir Gulzar/KSA_project2/dataset/patch_data\TCGA-3L-AA1B_nonMSIH\TCGA-3L-AA1B_nonMSIH_x16944_y18144_patch00526.png,TCGA-3L-AA1B_nonMSIH_x16944_y18144_patch00526.png,526,16944,18144,182.19,131.01,167.14,44.2,42.42,35.12
D:/Aamir Gulzar/KSA_project2/dataset/patch_data\TCGA-3L-AA1B_nonMSIH\TCGA-3L-AA1B_nonMSIH_x16944_y18656_patch00527.png,TCGA-3L-AA1B_nonMSIH_x16944_y18656_patch00527.png,527,16944,18656,191.03,146.03,177.0,44.58,48.05,38.42
D:/Aamir Gulzar/KSA_project2/dataset/patch_data\TCGA-3L-AA1B_nonMSIH\TCGA-3L-AA1B_nonMSIH_x16944_y19168_patch00528.png,TCGA-3L-AA1B_nonMSIH_x16944_y19168_patch00528.png,528,16944,19168,196.87,173.06,193.12,56.09,70.44,53.79
D:/Aamir Gulzar/KSA_project2/dataset/patch_data\TCGA-3L-AA1B_nonMSIH\TCGA-3L-AA1B_nonMSIH_x16944_y19680_patch00529.png,TCGA-3L-AA1B_nonMSIH_x16944_y19680_patch00529.png,529,16944,19680,209.66,194.16,208.0,51.66,65.47,49.55
D:/Aamir Gulzar/KSA_project2/dataset/patch_data\TCGA-3L-AA1B_nonMSIH\TCGA-3L-AA1B_nonMSIH_x16944_y20192_patch00530.png,TCGA-3L-AA1B_nonMSIH_x16944_y20192_patch00530.png,530,16944,20192,168.05,125.68,161.36,52.23,51.95,43.33
D:/Aamir Gulzar/KSA_project2/dataset/patch_data\TCGA-3L-AA1B_nonMSIH\TCGA-3L-AA1B_nonMSIH_x16944_y20704_patch00531.png,TCGA-3L-AA1B_nonMSIH_x16944_y20704_patch00531.png,531,16944,20704,160.65,119.94,157.45,50.07,52.22,42.91
D:/Aamir Gulzar/KSA_project2/dataset/patch_data\TCGA-3L-AA1B_nonMSIH\TCGA-3L-AA1B_nonMSIH_x16944_y21216_patch00532.png,TCGA-3L-AA1B_nonMSIH_x16944_y21216_patch00532.png,532,16944,21216,162.69,122.02,159.8,46.38,47.53,39.05
D:/Aamir Gulzar/KSA_project2/dataset/patch_data\TCGA-3L-AA1B_nonMSIH\TCGA-3L-AA1B_nonMSIH_x16944_y21728_patch00533.png,TCGA-3L-AA1B_nonMSIH_x16944_y21728_patch00533.png,533,16944,21728,165.2,126.29,163.48,42.84,43.16,35.49
D:/Aamir Gulzar/KSA_project2/dataset/patch_data\TCGA-3L-AA1B_nonMSIH\TCGA-3L-AA1B_nonMSIH_x16944_y22240_patch00534.png,TCGA-3L-AA1B_nonMSIH_x16944_y22240_patch00534.png,534,16944,22240,163.78,131.32,165.75,48.62,55.1,42.64
D:/Aamir Gulzar/KSA_project2/dataset/patch_data\TCGA-3L-AA1B_nonMSIH\TCGA-3L-AA1B_nonMSIH_x16944_y22752_patch00535.png,TCGA-3L-AA1B_nonMSIH_x16944_y22752_patch00535.png,535,16944,22752,229.76,225.3,229.54,35.0,44.71,33.09
D:/Aamir Gulzar/KSA_project2/dataset/patch_data\TCGA-3L-AA1B_nonMSIH\TCGA-3L-AA1B_nonMSIH_x16944_y5856_patch00502.png,TCGA-3L-AA1B_nonMSIH_x16944_y5856_patch00502.png,502,16944,5856,230.01,215.54,222.26,28.47,40.89,33.71
D:/Aamir Gulzar/KSA_project2/dataset/patch_data\TCGA-3L-AA1B_nonMSIH\TCGA-3L-AA1B_nonMSIH_x16944_y6368_patch00503.png,TCGA-3L-AA1B_nonMSIH_x16944_y6368_patch00503.png,503,16944,6368,234.13,221.22,227.07,20.33,36.4,28.57
D:/Aamir Gulzar/KSA_project2/dataset/patch_data\TCGA-3L-AA1B_nonMSIH\TCGA-3L-AA1B_nonMSIH_x16944_y6880_patch00504.png,TCGA-3L-AA1B_nonMSIH_x16944_y6880_patch00504.png,504,16944,6880,229.52,215.27,222.77,28.91,43.35,32.99
D:/Aamir Gulzar/KSA_project2/dataset/patch_data\TCGA-3L-AA1B_nonMSIH\TCGA-3L-AA1B_nonMSIH_x16944_y7392_patch00505.png,TCGA-3L-AA1B_nonMSIH_x16944_y7392_patch00505.png,505,16944,7392,235.22,225.62,230.19,20.41,31.65,24.31
D:/Aamir Gulzar/KSA_project2/dataset/patch_data\TCGA-3L-AA1B_nonMSIH\TCGA-3L-AA1B_nonMSIH_x16944_y7904_patch00506.png,TCGA-3L-AA1B_nonMSIH_x16944_y7904_patch00506.png,506,16944,7904,234.53,218.2,225.68,20.37,37.71,28.14
D:/Aamir Gulzar/KSA_project2/dataset/patch_data\TCGA-3L-AA1B_nonMSIH\TCGA-3L-AA1B_nonMSIH_x16944_y8416_patch00507.png,TCGA-3L-AA1B_nonMSIH_x16944_y8416_patch00507.png,507,16944,8416,226.3,205.08,216.03,32.33,48.3,36.83
D:/Aamir Gulzar/KSA_project2/dataset/patch_data\TCGA-3L-AA1B_nonMSIH\TCGA-3L-AA1B_nonMSIH_x16944_y8928_patch00508.png,TCGA-3L-AA1B_nonMSIH_x16944_y8928_patch00508.png,508,16944,8928,232.13,212.82,221.47,23.67,42.99,32.91
D:/Aamir Gulzar/KSA_project2/dataset/patch_data\TCGA-3L-AA1B_nonMSIH\TCGA-3L-AA1B_nonMSIH_x16944_y9440_patch00509.png,TCGA-3L-AA1B_nonMSIH_x16944_y9440_patch00509.png,509,16944,9440,224.43,194.13,208.49,31.38,51.74,39.77
D:/Aamir Gulzar/KSA_project2/dataset/patch_data\TCGA-3L-AA1B_nonMSIH\TCGA-3L-AA1B_nonMSIH_x16944_y9952_patch00510.png,TCGA-3L-AA1B_nonMSIH_x16944_y9952_patch00510.png,510,16944,9952,236.42,226.31,231.04,15.74,26.86,20.34
D:/Aamir Gulzar/KSA_project2/dataset/patch_data\TCGA-3L-AA1B_nonMSIH\TCGA-3L-AA1B_nonMSIH_x17456_y10464_patch00545.png,TCGA-3L-AA1B_nonMSIH_x17456_y10464_patch00545.png,545,17456,10464,185.27,139.21,168.01,60.22,69.3,55.85
D:/Aamir Gulzar/KSA_project2/dataset/patch_data\TCGA-3L-AA1B_nonMSIH\TCGA-3L-AA1B_nonMSIH_x17456_y10976_patch00546.png,TCGA-3L-AA1B_nonMSIH_x17456_y10976_patch00546.png,546,17456,10976,189.43,106.92,148.46,34.81,29.2,25.58
D:/Aamir Gulzar/KSA_project2/dataset/patch_data\TCGA-3L-AA1B_nonMSIH\TCGA-3L-AA1B_nonMSIH_x17456_y11488_patch00547.png,TCGA-3L-AA1B_nonMSIH_x17456_y11488_patch00547.png,547,17456,11488,193.31,111.11,151.61,35.07,30.38,26.53
D:/Aamir Gulzar/KSA_project2/dataset/patch_data\TCGA-3L-AA1B_nonMSIH\TCGA-3L-AA1B_nonMSIH_x17456_y12000_patch00548.png,TCGA-3L-AA1B_nonMSIH_x17456_y12000_patch00548.png,548,17456,12000,203.21,126.15,161.93,33.56,46.52,35.67
D:/Aamir Gulzar/KSA_project2/dataset/patch_data\TCGA-3L-AA1B_nonMSIH\TCGA-3L-AA1B_nonMSIH_x17456_y12512_patch00549.png,TCGA-3L-AA1B_nonMSIH_x17456_y12512_patch00549.png,549,17456,12512,199.66,116.5,155.45,32.31,34.4,28.72
D:/Aamir Gulzar/KSA_project2/dataset/patch_data\TCGA-3L-AA1B_nonMSIH\TCGA-3L-AA1B_nonMSIH_x17456_y13024_patch00550.png,TCGA-3L-AA1B_nonMSIH_x17456_y13024_patch00550.png,550,17456,13024,201.82,123.91,161.87,31.38,31.23,26.95
D:/Aamir Gulzar/KSA_project2/dataset/patch_data\TCGA-3L-AA1B_nonMSIH\TCGA-3L-AA1B_nonMSIH_x17456_y13536_patch00551.png,TCGA-3L-AA1B_nonMSIH_x17456_y13536_patch00551.png,551,17456,13536,199.77,127.27,163.59,35.41,39.02,33.54
D:/Aamir Gulzar/KSA_project2/dataset/patch_data\TCGA-3L-AA1B_nonMSIH\TCGA-3L-AA1B_nonMSIH_x17456_y14048_patch00552.png,TCGA-3L-AA1B_nonMSIH_x17456_y14048_patch00552.png,552,17456,14048,187.54,120.35,156.2,43.94,51.13,43.62
D:/Aamir Gulzar/KSA_project2/dataset/patch_data\TCGA-3L-AA1B_nonMSIH\TCGA-3L-AA1B_nonMSIH_x17456_y14560_patch00553.png,TCGA-3L-AA1B_nonMSIH_x17456_y14560_patch00553.png,553,17456,14560,177.36,125.71,162.15,47.76,48.97,41.41
D:/Aamir Gulzar/KSA_project2/dataset/patch_data\TCGA-3L-AA1B_nonMSIH\TCGA-3L-AA1B_nonMSIH_x17456_y15072_patch00554.png,TCGA-3L-AA1B_nonMSIH_x17456_y15072_patch00554.png,554,17456,15072,180.44,136.26,171.1,43.7,45.16,36.94
D:/Aamir Gulzar/KSA_project2/dataset/patch_data\TCGA-3L-AA1B_nonMSIH\TCGA-3L-AA1B_nonMSIH_x17456_y15584_patch00555.png,TCGA-3L-AA1B_nonMSIH_x17456_y15584_patch00555.png,555,17456,15584,181.62,138.06,172.58,42.16,44.34,35.74
D:/Aamir Gulzar/KSA_project2/dataset/patch_data\TCGA-3L-AA1B_nonMSIH\TCGA-3L-AA1B_nonMSIH_x17456_y16096_patch00556.png,TCGA-3L-AA1B_nonMSIH_x17456_y16096_patch00556.png,556,17456,16096,182.83,135.05,169.88,43.11,45.5,37.0
D:/Aamir Gulzar/KSA_project2/dataset/patch_data\TCGA-3L-AA1B_nonMSIH\TCGA-3L-AA1B_nonMSIH_x17456_y16608_patch00557.png,TCGA-3L-AA1B_nonMSIH_x17456_y16608_patch00557.png,557,17456,16608,181.48,134.67,169.15,45.43,48.52,38.98
D:/Aamir Gulzar/KSA_project2/dataset/patch_data\TCGA-3L-AA1B_nonMSIH\TCGA-3L-AA1B_nonMSIH_x17456_y17120_patch00558.png,TCGA-3L-AA1B_nonMSIH_x17456_y17120_patch00558.png,558,17456,17120,180.7,134.12,168.51,47.7,49.09,40.35
D:/Aamir Gulzar/KSA_project2/dataset/patch_data\TCGA-3L-AA1B_nonMSIH\TCGA-3L-AA1B_nonMSIH_x17456_y17632_patch00559.png,TCGA-3L-AA1B_nonMSIH_x17456_y17632_patch00559.png,559,17456,17632,176.13,128.35,163.82,49.97,50.48,42.16
D:/Aamir Gulzar/KSA_project2/dataset/patch_data\TCGA-3L-AA1B_nonMSIH\TCGA-3L-AA1B_nonMSIH_x17456_y18144_patch00560.png,TCGA-3L-AA1B_nonMSIH_x17456_y18144_patch00560.png,560,17456,18144,169.62,119.49,157.39,49.51,48.91,40.87
D:/Aamir Gulzar/KSA_project2/dataset/patch_data\TCGA-3L-AA1B_nonMSIH\TCGA-3L-AA1B_nonMSIH_x17456_y18656_patch00561.png,TCGA-3L-AA1B_nonMSIH_x17456_y18656_patch00561.png,561,17456,18656,194.5,156.4,183.09,49.14,58.42,45.88
D:/Aamir Gulzar/KSA_project2/dataset/patch_data\TCGA-3L-AA1B_nonMSIH\TCGA-3L-AA1B_nonMSIH_x17456_y19168_patch00562.png,TCGA-3L-AA1B_nonMSIH_x17456_y19168_patch00562.png,562,17456,19168,177.82,145.57,173.39,59.91,72.46,56.0
D:/Aamir Gulzar/KSA_project2/dataset/patch_data\TCGA-3L-AA1B_nonMSIH\TCGA-3L-AA1B_nonMSIH_x17456_y19680_patch00563.png,TCGA-3L-AA1B_nonMSIH_x17456_y19680_patch00563.png,563,17456,19680,196.6,172.65,192.8,57.23,71.65,54.47
D:/Aamir Gulzar/KSA_project2/dataset/patch_data\TCGA-3L-AA1B_nonMSIH\TCGA-3L-AA1B_nonMSIH_x17456_y20192_patch00564.png,TCGA-3L-AA1B_nonMSIH_x17456_y20192_patch00564.png,564,17456,20192,169.56,127.3,162.74,50.48,51.74,42.51
D:/Aamir Gulzar/KSA_project2/dataset/patch_data\TCGA-3L-AA1B_nonMSIH\TCGA-3L-AA1B_nonMSIH_x17456_y20704_patch00565.png,TCGA-3L-AA1B_nonMSIH_x17456_y20704_patch00565.png,565,17456,20704,160.67,119.59,156.64,52.04,51.89,43.17
D:/Aamir Gulzar/KSA_project2/dataset/patch_data\TCGA-3L-AA1B_nonMSIH\TCGA-3L-AA1B_nonMSIH_x17456_y21216_patch00566.png,TCGA-3L-AA1B_nonMSIH_x17456_y21216_patch00566.png,566,17456,21216,160.13,119.55,157.24,49.55,50.47,41.94
D:/Aamir Gulzar/KSA_project2/dataset/patch_data\TCGA-3L-AA1B_nonMSIH\TCGA-3L-AA1B_nonMSIH_x17456_y21728_patch00567.png,TCGA-3L-AA1B_nonMSIH_x17456_y21728_patch00567.png,567,17456,21728,156.59,119.01,157.01,47.55,50.01,40.46
D:/Aamir Gulzar/KSA_project2/dataset/patch_data\TCGA-3L-AA1B_nonMSIH\TCGA-3L-AA1B_nonMSIH_x17456_y22240_patch00568.png,TCGA-3L-AA1B_nonMSIH_x17456_y22240_patch00568.png,568,17456,22240,194.16,173.4,194.37,51.53,64.86,47.19
D:/Aamir Gulzar/KSA_project2/dataset/patch_data\TCGA-3L-AA1B_nonMSIH\TCGA-3L-AA1B_nonMSIH_x17456_y5344_patch00536.png,TCGA-3L-AA1B_nonMSIH_x17456_y5344_patch00536.png,536,17456,5344,231.34,226.55,229.66,35.78,42.93,36.13
D:/Aamir Gulzar/KSA_project2/dataset/patch_data\TCGA-3L-AA1B_nonMSIH\TCGA-3L-AA1B_nonMSIH_x17456_y5856_patch00537.png,TCGA-3L-AA1B_nonMSIH_x17456_y5856_patch00537.png,537,17456,5856,233.63,219.77,226.05,22.26,36.97,29.14
D:/Aamir Gulzar/KSA_project2/dataset/patch_data\TCGA-3L-AA1B_nonMSIH\TCGA-3L-AA1B_nonMSIH_x17456_y6368_patch00538.png,TCGA-3L-AA1B_nonMSIH_x17456_y6368_patch00538.png,538,17456,6368,233.11,220.42,226.67,23.34,37.48,28.76
D:/Aamir Gulzar/KSA_project2/dataset/patch_data\TCGA-3L-AA1B_nonMSIH\TCGA-3L-AA1B_nonMSIH_x17456_y6880_patch00539.png,TCGA-3L-AA1B_nonMSIH_x17456_y6880_patch00539.png,539,17456,6880,231.05,216.95,224.04,27.1,41.56,31.78
D:/Aamir Gulzar/KSA_project2/dataset/patch_data\TCGA-3L-AA1B_nonMSIH\TCGA-3L-AA1B_nonMSIH_x17456_y7392_patch00540.png,TCGA-3L-AA1B_nonMSIH_x17456_y7392_patch00540.png,540,17456,7392,224.92,208.93,218.65,35.02,48.05,36.16
D:/Aamir Gulzar/KSA_project2/dataset/patch_data\TCGA-3L-AA1B_nonMSIH\TCGA-3L-AA1B_nonMSIH_x17456_y8416_patch00541.png,TCGA-3L-AA1B_nonMSIH_x17456_y8416_patch00541.png,541,17456,8416,232.64,213.21,221.86,24.03,44.71,33.1
D:/Aamir Gulzar/KSA_project2/dataset/patch_data\TCGA-3L-AA1B_nonMSIH\TCGA-3L-AA1B_nonMSIH_x17456_y8928_patch00542.png,TCGA-3L-AA1B_nonMSIH_x17456_y8928_patch00542.png,542,17456,8928,231.7,215.48,223.38,28.63,42.46,32.32
D:/Aamir Gulzar/KSA_project2/dataset/patch_data\TCGA-3L-AA1B_nonMSIH\TCGA-3L-AA1B_nonMSIH_x17456_y9440_patch00543.png,TCGA-3L-AA1B_nonMSIH_x17456_y9440_patch00543.png,543,17456,9440,202.65,176.55,195.36,57.32,66.2,51.59
D:/Aamir Gulzar/KSA_project2/dataset/patch_data\TCGA-3L-AA1B_nonMSIH\TCGA-3L-AA1B_nonMSIH_x17456_y9952_patch00544.png,TCGA-3L-AA1B_nonMSIH_x17456_y9952_patch00544.png,544,17456,9952,214.68,181.21,199.55,44.44,59.61,45.82
D:/Aamir Gulzar/KSA_project2/dataset/patch_data\TCGA-3L-AA1B_nonMSIH\TCGA-3L-AA1B_nonMSIH_x17968_y10464_patch00578.png,TCGA-3L-AA1B_nonMSIH_x17968_y10464_patch00578.png,578,17968,10464,190.69,113.24,153.67,37.22,31.22,27.25
D:/Aamir Gulzar/KSA_project2/dataset/patch_data\TCGA-3L-AA1B_nonMSIH\TCGA-3L-AA1B_nonMSIH_x17968_y10976_patch00579.png,TCGA-3L-AA1B_nonMSIH_x17968_y10976_patch00579.png,579,17968,10976,181.19,106.46,147.75,44.71,34.53,31.34
D:/Aamir Gulzar/KSA_project2/dataset/patch_data\TCGA-3L-AA1B_nonMSIH\TCGA-3L-AA1B_nonMSIH_x17968_y11488_patch00580.png,TCGA-3L-AA1B_nonMSIH_x17968_y11488_patch00580.png,580,17968,11488,190.88,106.11,147.71,36.02,28.29,26.19
D:/Aamir Gulzar/KSA_project2/dataset/patch_data\TCGA-3L-AA1B_nonMSIH\TCGA-3L-AA1B_nonMSIH_x17968_y12000_patch00581.png,TCGA-3L-AA1B_nonMSIH_x17968_y12000_patch00581.png,581,17968,12000,193.29,113.75,153.49,36.83,35.74,31.18
D:/Aamir Gulzar/KSA_project2/dataset/patch_data\TCGA-3L-AA1B_nonMSIH\TCGA-3L-AA1B_nonMSIH_x17968_y12512_patch00582.png,TCGA-3L-AA1B_nonMSIH_x17968_y12512_patch00582.png,582,17968,12512,200.08,137.69,169.2,40.22,60.78,46.42
D:/Aamir Gulzar/KSA_project2/dataset/patch_data\TCGA-3L-AA1B_nonMSIH\TCGA-3L-AA1B_nonMSIH_x17968_y13024_patch00583.png,TCGA-3L-AA1B_nonMSIH_x17968_y13024_patch00583.png,583,17968,13024,207.34,148.81,178.31,34.8,55.07,41.41
D:/Aamir Gulzar/KSA_project2/dataset/patch_data\TCGA-3L-AA1B_nonMSIH\TCGA-3L-AA1B_nonMSIH_x17968_y13536_patch00584.png,TCGA-3L-AA1B_nonMSIH_x17968_y13536_patch00584.png,584,17968,13536,206.53,142.96,174.3,33.78,51.93,39.55
D:/Aamir Gulzar/KSA_project2/dataset/patch_data\TCGA-3L-AA1B_nonMSIH\TCGA-3L-AA1B_nonMSIH_x17968_y14048_patch00585.png,TCGA-3L-AA1B_nonMSIH_x17968_y14048_patch00585.png,585,17968,14048,197.05,124.21,159.43,37.96,49.74,41.67
D:/Aamir Gulzar/KSA_project2/dataset/patch_data\TCGA-3L-AA1B_nonMSIH\TCGA-3L-AA1B_nonMSIH_x17968_y14560_patch00586.png,TCGA-3L-AA1B_nonMSIH_x17968_y14560_patch00586.png,586,17968,14560,164.65,110.04,148.12,57.48,54.06,47.11
D:/Aamir Gulzar/KSA_project2/dataset/patch_data\TCGA-3L-AA1B_nonMSIH\TCGA-3L-AA1B_nonMSIH_x17968_y15072_patch00587.png,TCGA-3L-AA1B_nonMSIH_x17968_y15072_patch00587.png,587,17968,15072,174.54,127.6,163.86,48.73,48.63,40.56
D:/Aamir Gulzar/KSA_project2/dataset/patch_data\TCGA-3L-AA1B_nonMSIH\TCGA-3L-AA1B_nonMSIH_x17968_y15584_patch00588.png,TCGA-3L-AA1B_nonMSIH_x17968_y15584_patch00588.png,588,17968,15584,182.73,127.31,163.75,44.09,45.13,37.63
D:/Aamir Gulzar/KSA_project2/dataset/patch_data\TCGA-3L-AA1B_nonMSIH\TCGA-3L-AA1B_nonMSIH_x17968_y16096_patch00589.png,TCGA-3L-AA1B_nonMSIH_x17968_y16096_patch00589.png,589,17968,16096,181.75,133.37,168.48,44.54,47.69,38.51
D:/Aamir Gulzar/KSA_project2/dataset/patch_data\TCGA-3L-AA1B_nonMSIH\TCGA-3L-AA1B_nonMSIH_x17968_y16608_patch00590.png,TCGA-3L-AA1B_nonMSIH_x17968_y16608_patch00590.png,590,17968,16608,177.51,131.63,166.57,48.86,51.12,41.83
D:/Aamir Gulzar/KSA_project2/dataset/patch_data\TCGA-3L-AA1B_nonMSIH\TCGA-3L-AA1B_nonMSIH_x17968_y17120_patch00591.png,TCGA-3L-AA1B_nonMSIH_x17968_y17120_patch00591.png,591,17968,17120,172.85,123.83,160.48,51.86,51.18,42.73
D:/Aamir Gulzar/KSA_project2/dataset/patch_data\TCGA-3L-AA1B_nonMSIH\TCGA-3L-AA1B_nonMSIH_x17968_y17632_patch00592.png,TCGA-3L-AA1B_nonMSIH_x17968_y17632_patch00592.png,592,17968,17632,185.82,133.8,169.04,43.42,43.47,35.88
D:/Aamir Gulzar/KSA_project2/dataset/patch_data\TCGA-3L-AA1B_nonMSIH\TCGA-3L-AA1B_nonMSIH_x17968_y18144_patch00593.png,TCGA-3L-AA1B_nonMSIH_x17968_y18144_patch00593.png,593,17968,18144,188.38,143.12,175.1,44.9,50.47,40.1
D:/Aamir Gulzar/KSA_project2/dataset/patch_data\TCGA-3L-AA1B_nonMSIH\TCGA-3L-AA1B_nonMSIH_x17968_y18656_patch00594.png,TCGA-3L-AA1B_nonMSIH_x17968_y18656_patch00594.png,594,17968,18656,193.16,156.61,182.56,52.82,64.92,50.19
D:/Aamir Gulzar/KSA_project2/dataset/patch_data\TCGA-3L-AA1B_nonMSIH\TCGA-3L-AA1B_nonMSIH_x17968_y19168_patch00595.png,TCGA-3L-AA1B_nonMSIH_x17968_y19168_patch00595.png,595,17968,19168,198.83,159.27,185.59,46.21,52.04,41.83
D:/Aamir Gulzar/KSA_project2/dataset/patch_data\TCGA-3L-AA1B_nonMSIH\TCGA-3L-AA1B_nonMSIH_x17968_y19680_patch00596.png,TCGA-3L-AA1B_nonMSIH_x17968_y19680_patch00596.png,596,17968,19680,191.68,147.84,177.36,49.56,53.19,42.73
D:/Aamir Gulzar/KSA_project2/dataset/patch_data\TCGA-3L-AA1B_nonMSIH\TCGA-3L-AA1B_nonMSIH_x17968_y20192_patch00597.png,TCGA-3L-AA1B_nonMSIH_x17968_y20192_patch00597.png,597,17968,20192,196.33,152.95,182.21,41.1,44.13,35.3
D:/Aamir Gulzar/KSA_project2/dataset/patch_data\TCGA-3L-AA1B_nonMSIH\TCGA-3L-AA1B_nonMSIH_x17968_y20704_patch00598.png,TCGA-3L-AA1B_nonMSIH_x17968_y20704_patch00598.png,598,17968,20704,175.07,135.51,169.59,46.4,46.67,38.49
D:/Aamir Gulzar/KSA_project2/dataset/patch_data\TCGA-3L-AA1B_nonMSIH\TCGA-3L-AA1B_nonMSIH_x17968_y21216_patch00599.png,TCGA-3L-AA1B_nonMSIH_x17968_y21216_patch00599.png,599,17968,21216,164.03,124.88,161.36,48.79,49.68,41.22
D:/Aamir Gulzar/KSA_project2/dataset/patch_data\TCGA-3L-AA1B_nonMSIH\TCGA-3L-AA1B_nonMSIH_x17968_y21728_patch00600.png,TCGA-3L-AA1B_nonMSIH_x17968_y21728_patch00600.png,600,17968,21728,167.55,132.22,166.27,49.82,53.4,42.58
D:/Aamir Gulzar/KSA_project2/dataset/patch_data\TCGA-3L-AA1B_nonMSIH\TCGA-3L-AA1B_nonMSIH_x17968_y22240_patch00601.png,TCGA-3L-AA1B_nonMSIH_x17968_y22240_patch00601.png,601,17968,22240,212.26,200.12,212.24,47.37,60.48,44.13
D:/Aamir Gulzar/KSA_project2/dataset/patch_data\TCGA-3L-AA1B_nonMSIH\TCGA-3L-AA1B_nonMSIH_x17968_y5344_patch00569.png,TCGA-3L-AA1B_nonMSIH_x17968_y5344_patch00569.png,569,17968,5344,234.23,226.64,230.13,26.06,34.97,29.64
D:/Aamir Gulzar/KSA_project2/dataset/patch_data\TCGA-3L-AA1B_nonMSIH\TCGA-3L-AA1B_nonMSIH_x17968_y5856_patch00570.png,TCGA-3L-AA1B_nonMSIH_x17968_y5856_patch00570.png,570,17968,5856,236.03,223.96,228.99,15.92,30.57,24.47
D:/Aamir Gulzar/KSA_project2/dataset/patch_data\TCGA-3L-AA1B_nonMSIH\TCGA-3L-AA1B_nonMSIH_x17968_y6368_patch00571.png,TCGA-3L-AA1B_nonMSIH_x17968_y6368_patch00571.png,571,17968,6368,233.76,218.64,225.38,20.91,35.55,27.75
D:/Aamir Gulzar/KSA_project2/dataset/patch_data\TCGA-3L-AA1B_nonMSIH\TCGA-3L-AA1B_nonMSIH_x17968_y6880_patch00572.png,TCGA-3L-AA1B_nonMSIH_x17968_y6880_patch00572.png,572,17968,6880,230.64,214.89,222.53,25.41,40.61,31.03
D:/Aamir Gulzar/KSA_project2/dataset/patch_data\TCGA-3L-AA1B_nonMSIH\TCGA-3L-AA1B_nonMSIH_x17968_y7392_patch00573.png,TCGA-3L-AA1B_nonMSIH_x17968_y7392_patch00573.png,573,17968,7392,237.7,230.02,233.23,17.63,31.05,24.44
D:/Aamir Gulzar/KSA_project2/dataset/patch_data\TCGA-3L-AA1B_nonMSIH\TCGA-3L-AA1B_nonMSIH_x17968_y8416_patch00574.png,TCGA-3L-AA1B_nonMSIH_x17968_y8416_patch00574.png,574,17968,8416,237.09,223.54,229.0,15.49,32.57,25.58
D:/Aamir Gulzar/KSA_project2/dataset/patch_data\TCGA-3L-AA1B_nonMSIH\TCGA-3L-AA1B_nonMSIH_x17968_y8928_patch00575.png,TCGA-3L-AA1B_nonMSIH_x17968_y8928_patch00575.png,575,17968,8928,233.1,219.57,226.24,24.18,37.3,28.15
D:/Aamir Gulzar/KSA_project2/dataset/patch_data\TCGA-3L-AA1B_nonMSIH\TCGA-3L-AA1B_nonMSIH_x17968_y9440_patch00576.png,TCGA-3L-AA1B_nonMSIH_x17968_y9440_patch00576.png,576,17968,9440,208.78,172.22,192.57,48.19,63.57,49.24
D:/Aamir Gulzar/KSA_project2/dataset/patch_data\TCGA-3L-AA1B_nonMSIH\TCGA-3L-AA1B_nonMSIH_x17968_y9952_patch00577.png,TCGA-3L-AA1B_nonMSIH_x17968_y9952_patch00577.png,577,17968,9952,163.83,127.18,158.64,68.09,70.03,57.55
D:/Aamir Gulzar/KSA_project2/dataset/patch_data\TCGA-3L-AA1B_nonMSIH\TCGA-3L-AA1B_nonMSIH_x18480_y10464_patch00612.png,TCGA-3L-AA1B_nonMSIH_x18480_y10464_patch00612.png,612,18480,10464,191.83,117.63,157.7,33.75,29.16,25.25
D:/Aamir Gulzar/KSA_project2/dataset/patch_data\TCGA-3L-AA1B_nonMSIH\TCGA-3L-AA1B_nonMSIH_x18480_y10976_patch00613.png,TCGA-3L-AA1B_nonMSIH_x18480_y10976_patch00613.png,613,18480,10976,193.55,110.41,151.05,33.64,28.92,26.02
D:/Aamir Gulzar/KSA_project2/dataset/patch_data\TCGA-3L-AA1B_nonMSIH\TCGA-3L-AA1B_nonMSIH_x18480_y11488_patch00614.png,TCGA-3L-AA1B_nonMSIH_x18480_y11488_patch00614.png,614,18480,11488,184.24,105.98,146.75,42.06,36.21,32.34
D:/Aamir Gulzar/KSA_project2/dataset/patch_data\TCGA-3L-AA1B_nonMSIH\TCGA-3L-AA1B_nonMSIH_x18480_y12000_patch00615.png,TCGA-3L-AA1B_nonMSIH_x18480_y12000_patch00615.png,615,18480,12000,166.61,110.16,150.05,51.57,46.48,40.62
D:/Aamir Gulzar/KSA_project2/dataset/patch_data\TCGA-3L-AA1B_nonMSIH\TCGA-3L-AA1B_nonMSIH_x18480_y12512_patch00616.png,TCGA-3L-AA1B_nonMSIH_x18480_y12512_patch00616.png,616,18480,12512,188.44,139.97,172.36,44.15,54.74,43.42
D:/Aamir Gulzar/KSA_project2/dataset/patch_data\TCGA-3L-AA1B_nonMSIH\TCGA-3L-AA1B_nonMSIH_x18480_y13024_patch00617.png,TCGA-3L-AA1B_nonMSIH_x18480_y13024_patch00617.png,617,18480,13024,183.85,127.99,163.74,46.5,47.14,39.79
D:/Aamir Gulzar/KSA_project2/dataset/patch_data\TCGA-3L-AA1B_nonMSIH\TCGA-3L-AA1B_nonMSIH_x18480_y13536_patch00618.png,TCGA-3L-AA1B_nonMSIH_x18480_y13536_patch00618.png,618,18480,13536,193.91,133.97,167.5,42.74,51.89,41.59
D:/Aamir Gulzar/KSA_project2/dataset/patch_data\TCGA-3L-AA1B_nonMSIH\TCGA-3L-AA1B_nonMSIH_x18480_y14048_patch00619.png,TCGA-3L-AA1B_nonMSIH_x18480_y14048_patch00619.png,619,18480,14048,191.64,126.97,161.7,44.45,51.98,42.11
D:/Aamir Gulzar/KSA_project2/dataset/patch_data\TCGA-3L-AA1B_nonMSIH\TCGA-3L-AA1B_nonMSIH_x18480_y14560_patch00620.png,TCGA-3L-AA1B_nonMSIH_x18480_y14560_patch00620.png,620,18480,14560,173.27,117.45,155.35,49.39,48.07,40.94
D:/Aamir Gulzar/KSA_project2/dataset/patch_data\TCGA-3L-AA1B_nonMSIH\TCGA-3L-AA1B_nonMSIH_x18480_y15072_patch00621.png,TCGA-3L-AA1B_nonMSIH_x18480_y15072_patch00621.png,621,18480,15072,180.73,125.22,161.67,45.04,46.73,38.95
D:/Aamir Gulzar/KSA_project2/dataset/patch_data\TCGA-3L-AA1B_nonMSIH\TCGA-3L-AA1B_nonMSIH_x18480_y15584_patch00622.png,TCGA-3L-AA1B_nonMSIH_x18480_y15584_patch00622.png,622,18480,15584,179.34,134.29,169.17,45.82,48.51,39.2
D:/Aamir Gulzar/KSA_project2/dataset/patch_data\TCGA-3L-AA1B_nonMSIH\TCGA-3L-AA1B_nonMSIH_x18480_y16096_patch00623.png,TCGA-3L-AA1B_nonMSIH_x18480_y16096_patch00623.png,623,18480,16096,182.29,138.1,170.58,50.79,56.38,45.0
D:/Aamir Gulzar/KSA_project2/dataset/patch_data\TCGA-3L-AA1B_nonMSIH\TCGA-3L-AA1B_nonMSIH_x18480_y16608_patch00624.png,TCGA-3L-AA1B_nonMSIH_x18480_y16608_patch00624.png,624,18480,16608,194.51,147.8,179.03,40.57,44.99,35.43
D:/Aamir Gulzar/KSA_project2/dataset/patch_data\TCGA-3L-AA1B_nonMSIH\TCGA-3L-AA1B_nonMSIH_x18480_y17120_patch00625.png,TCGA-3L-AA1B_nonMSIH_x18480_y17120_patch00625.png,625,18480,17120,192.17,154.61,181.84,50.81,63.64,48.09
D:/Aamir Gulzar/KSA_project2/dataset/patch_data\TCGA-3L-AA1B_nonMSIH\TCGA-3L-AA1B_nonMSIH_x18480_y17632_patch00626.png,TCGA-3L-AA1B_nonMSIH_x18480_y17632_patch00626.png,626,18480,17632,186.74,142.29,173.96,48.96,55.72,43.8
D:/Aamir Gulzar/KSA_project2/dataset/patch_data\TCGA-3L-AA1B_nonMSIH\TCGA-3L-AA1B_nonMSIH_x18480_y18144_patch00627.png,TCGA-3L-AA1B_nonMSIH_x18480_y18144_patch00627.png,627,18480,18144,187.02,138.83,171.84,47.06,49.25,39.97
D:/Aamir Gulzar/KSA_project2/dataset/patch_data\TCGA-3L-AA1B_nonMSIH\TCGA-3L-AA1B_nonMSIH_x18480_y18656_patch00628.png,TCGA-3L-AA1B_nonMSIH_x18480_y18656_patch00628.png,628,18480,18656,185.14,139.35,172.04,48.36,48.77,40.5
D:/Aamir Gulzar/KSA_project2/dataset/patch_data\TCGA-3L-AA1B_nonMSIH\TCGA-3L-AA1B_nonMSIH_x18480_y19168_patch00629.png,TCGA-3L-AA1B_nonMSIH_x18480_y19168_patch00629.png,629,18480,19168,201.7,157.1,184.23,40.05,44.85,36.79
D:/Aamir Gulzar/KSA_project2/dataset/patch_data\TCGA-3L-AA1B_nonMSIH\TCGA-3L-AA1B_nonMSIH_x18480_y19680_patch00630.png,TCGA-3L-AA1B_nonMSIH_x18480_y19680_patch00630.png,630,18480,19680,204.7,155.52,183.16,36.6,41.19,33.27
D:/Aamir Gulzar/KSA_project2/dataset/patch_data\TCGA-3L-AA1B_nonMSIH\TCGA-3L-AA1B_nonMSIH_x18480_y20192_patch00631.png,TCGA-3L-AA1B_nonMSIH_x18480_y20192_patch00631.png,631,18480,20192,192.1,146.89,177.7,43.31,44.62,36.44
D:/Aamir Gulzar/KSA_project2/dataset/patch_data\TCGA-3L-AA1B_nonMSIH\TCGA-3L-AA1B_nonMSIH_x18480_y20704_patch00632.png,TCGA-3L-AA1B_nonMSIH_x18480_y20704_patch00632.png,632,18480,20704,166.17,125.8,161.61,50.88,50.72,42.49
D:/Aamir Gulzar/KSA_project2/dataset/patch_data\TCGA-3L-AA1B_nonMSIH\TCGA-3L-AA1B_nonMSIH_x18480_y21216_patch00633.png,TCGA-3L-AA1B_nonMSIH_x18480_y21216_patch00633.png,633,18480,21216,170.31,131.92,166.95,45.68,45.03,36.92
D:/Aamir Gulzar/KSA_project2/dataset/patch_data\TCGA-3L-AA1B_nonMSIH\TCGA-3L-AA1B_nonMSIH_x18480_y21728_patch00634.png,TCGA-3L-AA1B_nonMSIH_x18480_y21728_patch00634.png,634,18480,21728,199.11,178.1,196.69,53.73,67.11,50.21
D:/Aamir Gulzar/KSA_project2/dataset/patch_data\TCGA-3L-AA1B_nonMSIH\TCGA-3L-AA1B_nonMSIH_x18480_y5344_patch00602.png,TCGA-3L-AA1B_nonMSIH_x18480_y5344_patch00602.png,602,18480,5344,236.49,227.47,231.28,16.12,28.33,23.17
D:/Aamir Gulzar/KSA_project2/dataset/patch_data\TCGA-3L-AA1B_nonMSIH\TCGA-3L-AA1B_nonMSIH_x18480_y5856_patch00603.png,TCGA-3L-AA1B_nonMSIH_x18480_y5856_patch00603.png,603,18480,5856,235.39,226.2,230.27,19.8,30.97,25.25
D:/Aamir Gulzar/KSA_project2/dataset/patch_data\TCGA-3L-AA1B_nonMSIH\TCGA-3L-AA1B_nonMSIH_x18480_y6368_patch00604.png,TCGA-3L-AA1B_nonMSIH_x18480_y6368_patch00604.png,604,18480,6368,237.93,231.49,234.21,17.87,28.31,22.68
D:/Aamir Gulzar/KSA_project2/dataset/patch_data\TCGA-3L-AA1B_nonMSIH\TCGA-3L-AA1B_nonMSIH_x18480_y6880_patch00605.png,TCGA-3L-AA1B_nonMSIH_x18480_y6880_patch00605.png,605,18480,6880,236.24,226.65,230.34,17.26,29.82,24.32
D:/Aamir Gulzar/KSA_project2/dataset/patch_data\TCGA-3L-AA1B_nonMSIH\TCGA-3L-AA1B_nonMSIH_x18480_y7392_patch00606.png,TCGA-3L-AA1B_nonMSIH_x18480_y7392_patch00606.png,606,18480,7392,239.52,234.77,236.49,13.01,23.79,19.09
D:/Aamir Gulzar/KSA_project2/dataset/patch_data\TCGA-3L-AA1B_nonMSIH\TCGA-3L-AA1B_nonMSIH_x18480_y7904_patch00607.png,TCGA-3L-AA1B_nonMSIH_x18480_y7904_patch00607.png,607,18480,7904,240.09,235.07,237.17,11.32,22.02,17.38
D:/Aamir Gulzar/KSA_project2/dataset/patch_data\TCGA-3L-AA1B_nonMSIH\TCGA-3L-AA1B_nonMSIH_x18480_y8416_patch00608.png,TCGA-3L-AA1B_nonMSIH_x18480_y8416_patch00608.png,608,18480,8416,237.81,230.44,234.16,16.93,25.04,19.37
D:/Aamir Gulzar/KSA_project2/dataset/patch_data\TCGA-3L-AA1B_nonMSIH\TCGA-3L-AA1B_nonMSIH_x18480_y8928_patch00609.png,TCGA-3L-AA1B_nonMSIH_x18480_y8928_patch00609.png,609,18480,8928,233.86,222.3,228.07,23.75,36.05,27.42
D:/Aamir Gulzar/KSA_project2/dataset/patch_data\TCGA-3L-AA1B_nonMSIH\TCGA-3L-AA1B_nonMSIH_x18480_y9440_patch00610.png,TCGA-3L-AA1B_nonMSIH_x18480_y9440_patch00610.png,610,18480,9440,207.44,177.63,196.57,49.82,64.65,49.81
D:/Aamir Gulzar/KSA_project2/dataset/patch_data\TCGA-3L-AA1B_nonMSIH\TCGA-3L-AA1B_nonMSIH_x18480_y9952_patch00611.png,TCGA-3L-AA1B_nonMSIH_x18480_y9952_patch00611.png,611,18480,9952,179.97,129.06,163.51,53.94,55.66,44.75
D:/Aamir Gulzar/KSA_project2/dataset/patch_data\TCGA-3L-AA1B_nonMSIH\TCGA-3L-AA1B_nonMSIH_x18992_y10464_patch00644.png,TCGA-3L-AA1B_nonMSIH_x18992_y10464_patch00644.png,644,18992,10464,190.88,115.44,155.46,35.14,29.46,26.43
D:/Aamir Gulzar/KSA_project2/dataset/patch_data\TCGA-3L-AA1B_nonMSIH\TCGA-3L-AA1B_nonMSIH_x18992_y10976_patch00645.png,TCGA-3L-AA1B_nonMSIH_x18992_y10976_patch00645.png,645,18992,10976,183.43,116.92,155.51,41.89,39.49,34.34
D:/Aamir Gulzar/KSA_project2/dataset/patch_data\TCGA-3L-AA1B_nonMSIH\TCGA-3L-AA1B_nonMSIH_x18992_y11488_patch00646.png,TCGA-3L-AA1B_nonMSIH_x18992_y11488_patch00646.png,646,18992,11488,178.96,118.81,157.0,46.34,44.65,38.6
D:/Aamir Gulzar/KSA_project2/dataset/patch_data\TCGA-3L-AA1B_nonMSIH\TCGA-3L-AA1B_nonMSIH_x18992_y12000_patch00647.png,TCGA-3L-AA1B_nonMSIH_x18992_y12000_patch00647.png,647,18992,12000,176.61,125.66,162.09,47.52,50.48,42.23
D:/Aamir Gulzar/KSA_project2/dataset/patch_data\TCGA-3L-AA1B_nonMSIH\TCGA-3L-AA1B_nonMSIH_x18992_y12512_patch00648.png,TCGA-3L-AA1B_nonMSIH_x18992_y12512_patch00648.png,648,18992,12512,173.72,128.47,163.17,51.09,59.59,48.08
D:/Aamir Gulzar/KSA_project2/dataset/patch_data\TCGA-3L-AA1B_nonMSIH\TCGA-3L-AA1B_nonMSIH_x18992_y13024_patch00649.png,TCGA-3L-AA1B_nonMSIH_x18992_y13024_patch00649.png,649,18992,13024,173.93,131.76,166.18,49.83,56.08,45.6
D:/Aamir Gulzar/KSA_project2/dataset/patch_data\TCGA-3L-AA1B_nonMSIH\TCGA-3L-AA1B_nonMSIH_x18992_y13536_patch00650.png,TCGA-3L-AA1B_nonMSIH_x18992_y13536_patch00650.png,650,18992,13536,180.13,129.33,164.32,48.17,51.78,43.89
D:/Aamir Gulzar/KSA_project2/dataset/patch_data\TCGA-3L-AA1B_nonMSIH\TCGA-3L-AA1B_nonMSIH_x18992_y14048_patch00651.png,TCGA-3L-AA1B_nonMSIH_x18992_y14048_patch00651.png,651,18992,14048,167.86,108.66,148.54,49.29,45.88,40.63
D:/Aamir Gulzar/KSA_project2/dataset/patch_data\TCGA-3L-AA1B_nonMSIH\TCGA-3L-AA1B_nonMSIH_x18992_y14560_patch00652.png,TCGA-3L-AA1B_nonMSIH_x18992_y14560_patch00652.png,652,18992,14560,177.24,121.69,158.71,49.2,47.4,40.2
D:/Aamir Gulzar/KSA_project2/dataset/patch_data\TCGA-3L-AA1B_nonMSIH\TCGA-3L-AA1B_nonMSIH_x18992_y15072_patch00653.png,TCGA-3L-AA1B_nonMSIH_x18992_y15072_patch00653.png,653,18992,15072,185.5,139.21,173.03,41.97,44.6,36.25
D:/Aamir Gulzar/KSA_project2/dataset/patch_data\TCGA-3L-AA1B_nonMSIH\TCGA-3L-AA1B_nonMSIH_x18992_y15584_patch00654.png,TCGA-3L-AA1B_nonMSIH_x18992_y15584_patch00654.png,654,18992,15584,186.44,137.97,172.24,41.53,44.34,35.89
D:/Aamir Gulzar/KSA_project2/dataset/patch_data\TCGA-3L-AA1B_nonMSIH\TCGA-3L-AA1B_nonMSIH_x18992_y16096_patch00655.png,TCGA-3L-AA1B_nonMSIH_x18992_y16096_patch00655.png,655,18992,16096,178.18,130.27,165.16,50.14,54.53,43.63
D:/Aamir Gulzar/KSA_project2/dataset/patch_data\TCGA-3L-AA1B_nonMSIH\TCGA-3L-AA1B_nonMSIH_x18992_y16608_patch00656.png,TCGA-3L-AA1B_nonMSIH_x18992_y16608_patch00656.png,656,18992,16608,177.96,132.22,166.25,51.09,57.63,45.3
D:/Aamir Gulzar/KSA_project2/dataset/patch_data\TCGA-3L-AA1B_nonMSIH\TCGA-3L-AA1B_nonMSIH_x18992_y17120_patch00657.png,TCGA-3L-AA1B_nonMSIH_x18992_y17120_patch00657.png,657,18992,17120,166.45,118.93,156.47,53.05,54.43,44.77
D:/Aamir Gulzar/KSA_project2/dataset/patch_data\TCGA-3L-AA1B_nonMSIH\TCGA-3L-AA1B_nonMSIH_x18992_y17632_patch00658.png,TCGA-3L-AA1B_nonMSIH_x18992_y17632_patch00658.png,658,18992,17632,183.34,129.17,165.73,44.07,42.69,35.62
D:/Aamir Gulzar/KSA_project2/dataset/patch_data\TCGA-3L-AA1B_nonMSIH\TCGA-3L-AA1B_nonMSIH_x18992_y18144_patch00659.png,TCGA-3L-AA1B_nonMSIH_x18992_y18144_patch00659.png,659,18992,18144,169.23,116.86,155.45,50.45,47.97,40.87
D:/Aamir Gulzar/KSA_project2/dataset/patch_data\TCGA-3L-AA1B_nonMSIH\TCGA-3L-AA1B_nonMSIH_x18992_y18656_patch00660.png,TCGA-3L-AA1B_nonMSIH_x18992_y18656_patch00660.png,660,18992,18656,167.08,117.86,155.89,52.29,49.99,42.6
D:/Aamir Gulzar/KSA_project2/dataset/patch_data\TCGA-3L-AA1B_nonMSIH\TCGA-3L-AA1B_nonMSIH_x18992_y19168_patch00661.png,TCGA-3L-AA1B_nonMSIH_x18992_y19168_patch00661.png,661,18992,19168,175.24,126.06,162.17,49.09,49.06,40.49
D:/Aamir Gulzar/KSA_project2/dataset/patch_data\TCGA-3L-AA1B_nonMSIH\TCGA-3L-AA1B_nonMSIH_x18992_y19680_patch00662.png,TCGA-3L-AA1B_nonMSIH_x18992_y19680_patch00662.png,662,18992,19680,186.61,144.27,174.15,49.26,51.2,41.43
D:/Aamir Gulzar/KSA_project2/dataset/patch_data\TCGA-3L-AA1B_nonMSIH\TCGA-3L-AA1B_nonMSIH_x18992_y20192_patch00663.png,TCGA-3L-AA1B_nonMSIH_x18992_y20192_patch00663.png,663,18992,20192,191.64,146.41,176.14,45.29,48.42,38.9
D:/Aamir Gulzar/KSA_project2/dataset/patch_data\TCGA-3L-AA1B_nonMSIH\TCGA-3L-AA1B_nonMSIH_x18992_y20704_patch00664.png,TCGA-3L-AA1B_nonMSIH_x18992_y20704_patch00664.png,664,18992,20704,174.91,132.28,166.59,49.39,48.76,40.28
D:/Aamir Gulzar/KSA_project2/dataset/patch_data\TCGA-3L-AA1B_nonMSIH\TCGA-3L-AA1B_nonMSIH_x18992_y21216_patch00665.png,TCGA-3L-AA1B_nonMSIH_x18992_y21216_patch00665.png,665,18992,21216,166.74,127.02,162.66,48.89,48.64,40.23
D:/Aamir Gulzar/KSA_project2/dataset/patch_data\TCGA-3L-AA1B_nonMSIH\TCGA-3L-AA1B_nonMSIH_x18992_y21728_patch00666.png,TCGA-3L-AA1B_nonMSIH_x18992_y21728_patch00666.png,666,18992,21728,221.7,212.47,220.57,42.19,55.15,40.64
D:/Aamir Gulzar/KSA_project2/dataset/patch_data\TCGA-3L-AA1B_nonMSIH\TCGA-3L-AA1B_nonMSIH_x18992_y4832_patch00635.png,TCGA-3L-AA1B_nonMSIH_x18992_y4832_patch00635.png,635,18992,4832,237.82,232.36,234.61,19.73,28.3,23.91
D:/Aamir Gulzar/KSA_project2/dataset/patch_data\TCGA-3L-AA1B_nonMSIH\TCGA-3L-AA1B_nonMSIH_x18992_y5344_patch00636.png,TCGA-3L-AA1B_nonMSIH_x18992_y5344_patch00636.png,636,18992,5344,237.08,228.66,231.96,18.41,31.97,26.35
D:/Aamir Gulzar/KSA_project2/dataset/patch_data\TCGA-3L-AA1B_nonMSIH\TCGA-3L-AA1B_nonMSIH_x18992_y5856_patch00637.png,TCGA-3L-AA1B_nonMSIH_x18992_y5856_patch00637.png,637,18992,5856,239.42,235.83,237.45,15.81,23.42,19.09
D:/Aamir Gulzar/KSA_project2/dataset/patch_data\TCGA-3L-AA1B_nonMSIH\TCGA-3L-AA1B_nonMSIH_x18992_y7392_patch00638.png,TCGA-3L-AA1B_nonMSIH_x18992_y7392_patch00638.png,638,18992,7392,240.18,235.66,237.4,10.94,20.99,16.99
D:/Aamir Gulzar/KSA_project2/dataset/patch_data\TCGA-3L-AA1B_nonMSIH\TCGA-3L-AA1B_nonMSIH_x18992_y7904_patch00639.png,TCGA-3L-AA1B_nonMSIH_x18992_y7904_patch00639.png,639,18992,7904,236.81,225.41,230.35,16.47,30.05,23.31
D:/Aamir Gulzar/KSA_project2/dataset/patch_data\TCGA-3L-AA1B_nonMSIH\TCGA-3L-AA1B_nonMSIH_x18992_y8416_patch00640.png,TCGA-3L-AA1B_nonMSIH_x18992_y8416_patch00640.png,640,18992,8416,236.74,228.33,232.57,18.37,26.59,20.44
D:/Aamir Gulzar/KSA_project2/dataset/patch_data\TCGA-3L-AA1B_nonMSIH\TCGA-3L-AA1B_nonMSIH_x18992_y8928_patch00641.png,TCGA-3L-AA1B_nonMSIH_x18992_y8928_patch00641.png,641,18992,8928,233.85,223.18,228.83,21.96,32.45,24.63
D:/Aamir Gulzar/KSA_project2/dataset/patch_data\TCGA-3L-AA1B_nonMSIH\TCGA-3L-AA1B_nonMSIH_x18992_y9440_patch00642.png,TCGA-3L-AA1B_nonMSIH_x18992_y9440_patch00642.png,642,18992,9440,217.52,185.63,203.49,36.9,60.41,43.76
D:/Aamir Gulzar/KSA_project2/dataset/patch_data\TCGA-3L-AA1B_nonMSIH\TCGA-3L-AA1B_nonMSIH_x18992_y9952_patch00643.png,TCGA-3L-AA1B_nonMSIH_x18992_y9952_patch00643.png,643,18992,9952,193.53,118.57,158.72,31.44,25.91,22.58
D:/Aamir Gulzar/KSA_project2/dataset/patch_data\TCGA-3L-AA1B_nonMSIH\TCGA-3L-AA1B_nonMSIH_x19504_y10464_patch00676.png,TCGA-3L-AA1B_nonMSIH_x19504_y10464_patch00676.png,676,19504,10464,173.52,114.93,153.62,50.65,44.32,39.24
D:/Aamir Gulzar/KSA_project2/dataset/patch_data\TCGA-3L-AA1B_nonMSIH\TCGA-3L-AA1B_nonMSIH_x19504_y10976_patch00677.png,TCGA-3L-AA1B_nonMSIH_x19504_y10976_patch00677.png,677,19504,10976,199.12,156.23,183.75,41.67,51.32,40.63
D:/Aamir Gulzar/KSA_project2/dataset/patch_data\TCGA-3L-AA1B_nonMSIH\TCGA-3L-AA1B_nonMSIH_x19504_y11488_patch00678.png,TCGA-3L-AA1B_nonMSIH_x19504_y11488_patch00678.png,678,19504,11488,185.62,126.95,162.83,43.13,47.88,39.98
D:/Aamir Gulzar/KSA_project2/dataset/patch_data\TCGA-3L-AA1B_nonMSIH\TCGA-3L-AA1B_nonMSIH_x19504_y12000_patch00679.png,TCGA-3L-AA1B_nonMSIH_x19504_y12000_patch00679.png,679,19504,12000,171.92,129.04,164.35,50.28,58.18,46.24
D:/Aamir Gulzar/KSA_project2/dataset/patch_data\TCGA-3L-AA1B_nonMSIH\TCGA-3L-AA1B_nonMSIH_x19504_y12512_patch00680.png,TCGA-3L-AA1B_nonMSIH_x19504_y12512_patch00680.png,680,19504,12512,168.1,118.87,157.93,43.97,43.88,37.11
D:/Aamir Gulzar/KSA_project2/dataset/patch_data\TCGA-3L-AA1B_nonMSIH\TCGA-3L-AA1B_nonMSIH_x19504_y13024_patch00681.png,TCGA-3L-AA1B_nonMSIH_x19504_y13024_patch00681.png,681,19504,13024,185.76,137.93,172.73,37.04,40.82,33.3
D:/Aamir Gulzar/KSA_project2/dataset/patch_data\TCGA-3L-AA1B_nonMSIH\TCGA-3L-AA1B_nonMSIH_x19504_y13536_patch00682.png,TCGA-3L-AA1B_nonMSIH_x19504_y13536_patch00682.png,682,19504,13536,178.68,133.23,168.2,45.41,49.28,40.29
D:/Aamir Gulzar/KSA_project2/dataset/patch_data\TCGA-3L-AA1B_nonMSIH\TCGA-3L-AA1B_nonMSIH_x19504_y14048_patch00683.png,TCGA-3L-AA1B_nonMSIH_x19504_y14048_patch00683.png,683,19504,14048,175.15,126.31,162.31,48.86,51.95,43.23
D:/Aamir Gulzar/KSA_project2/dataset/patch_data\TCGA-3L-AA1B_nonMSIH\TCGA-3L-AA1B_nonMSIH_x19504_y14560_patch00684.png,TCGA-3L-AA1B_nonMSIH_x19504_y14560_patch00684.png,684,19504,14560,185.21,133.2,168.0,43.54,44.88,37.51
D:/Aamir Gulzar/KSA_project2/dataset/patch_data\TCGA-3L-AA1B_nonMSIH\TCGA-3L-AA1B_nonMSIH_x19504_y15072_patch00685.png,TCGA-3L-AA1B_nonMSIH_x19504_y15072_patch00685.png,685,19504,15072,192.38,143.29,176.05,38.92,42.23,33.89
D:/Aamir Gulzar/KSA_project2/dataset/patch_data\TCGA-3L-AA1B_nonMSIH\TCGA-3L-AA1B_nonMSIH_x19504_y15584_patch00686.png,TCGA-3L-AA1B_nonMSIH_x19504_y15584_patch00686.png,686,19504,15584,189.64,139.09,173.05,41.34,43.0,34.81
D:/Aamir Gulzar/KSA_project2/dataset/patch_data\TCGA-3L-AA1B_nonMSIH\TCGA-3L-AA1B_nonMSIH_x19504_y16096_patch00687.png,TCGA-3L-AA1B_nonMSIH_x19504_y16096_patch00687.png,687,19504,16096,170.47,125.03,161.37,51.38,54.28,43.46
D:/Aamir Gulzar/KSA_project2/dataset/patch_data\TCGA-3L-AA1B_nonMSIH\TCGA-3L-AA1B_nonMSIH_x19504_y16608_patch00688.png,TCGA-3L-AA1B_nonMSIH_x19504_y16608_patch00688.png,688,19504,16608,166.12,121.6,158.78,51.52,54.23,44.06
D:/Aamir Gulzar/KSA_project2/dataset/patch_data\TCGA-3L-AA1B_nonMSIH\TCGA-3L-AA1B_nonMSIH_x19504_y17120_patch00689.png,TCGA-3L-AA1B_nonMSIH_x19504_y17120_patch00689.png,689,19504,17120,165.69,116.02,154.67,51.45,49.89,42.17
D:/Aamir Gulzar/KSA_project2/dataset/patch_data\TCGA-3L-AA1B_nonMSIH\TCGA-3L-AA1B_nonMSIH_x19504_y17632_patch00690.png,TCGA-3L-AA1B_nonMSIH_x19504_y17632_patch00690.png,690,19504,17632,159.28,111.54,152.17,47.93,48.1,40.21
D:/Aamir Gulzar/KSA_project2/dataset/patch_data\TCGA-3L-AA1B_nonMSIH\TCGA-3L-AA1B_nonMSIH_x19504_y18144_patch00691.png,TCGA-3L-AA1B_nonMSIH_x19504_y18144_patch00691.png,691,19504,18144,146.93,100.11,141.46,52.91,52.48,45.76
D:/Aamir Gulzar/KSA_project2/dataset/patch_data\TCGA-3L-AA1B_nonMSIH\TCGA-3L-AA1B_nonMSIH_x19504_y18656_patch00692.png,TCGA-3L-AA1B_nonMSIH_x19504_y18656_patch00692.png,692,19504,18656,156.14,109.91,150.44,47.9,48.96,41.15
D:/Aamir Gulzar/KSA_project2/dataset/patch_data\TCGA-3L-AA1B_nonMSIH\TCGA-3L-AA1B_nonMSIH_x19504_y19168_patch00693.png,TCGA-3L-AA1B_nonMSIH_x19504_y19168_patch00693.png,693,19504,19168,153.31,106.98,147.84,49.71,49.43,42.0
D:/Aamir Gulzar/KSA_project2/dataset/patch_data\TCGA-3L-AA1B_nonMSIH\TCGA-3L-AA1B_nonMSIH_x19504_y19680_patch00694.png,TCGA-3L-AA1B_nonMSIH_x19504_y19680_patch00694.png,694,19504,19680,169.41,123.27,160.18,49.25,47.32,39.96
D:/Aamir Gulzar/KSA_project2/dataset/patch_data\TCGA-3L-AA1B_nonMSIH\TCGA-3L-AA1B_nonMSIH_x19504_y20192_patch00695.png,TCGA-3L-AA1B_nonMSIH_x19504_y20192_patch00695.png,695,19504,20192,156.88,113.74,153.06,49.08,47.3,40.52
D:/Aamir Gulzar/KSA_project2/dataset/patch_data\TCGA-3L-AA1B_nonMSIH\TCGA-3L-AA1B_nonMSIH_x19504_y20704_patch00696.png,TCGA-3L-AA1B_nonMSIH_x19504_y20704_patch00696.png,696,19504,20704,158.27,115.87,154.33,50.43,49.29,41.63
D:/Aamir Gulzar/KSA_project2/dataset/patch_data\TCGA-3L-AA1B_nonMSIH\TCGA-3L-AA1B_nonMSIH_x19504_y21216_patch00697.png,TCGA-3L-AA1B_nonMSIH_x19504_y21216_patch00697.png,697,19504,21216,170.78,133.87,166.81,52.0,54.18,43.73
D:/Aamir Gulzar/KSA_project2/dataset/patch_data\TCGA-3L-AA1B_nonMSIH\TCGA-3L-AA1B_nonMSIH_x19504_y4320_patch00667.png,TCGA-3L-AA1B_nonMSIH_x19504_y4320_patch00667.png,667,19504,4320,200.07,198.15,198.69,82.8,83.94,83.16
D:/Aamir Gulzar/KSA_project2/dataset/patch_data\TCGA-3L-AA1B_nonMSIH\TCGA-3L-AA1B_nonMSIH_x19504_y4832_patch00668.png,TCGA-3L-AA1B_nonMSIH_x19504_y4832_patch00668.png,668,19504,4832,233.94,221.74,227.27,24.52,37.89,30.24
D:/Aamir Gulzar/KSA_project2/dataset/patch_data\TCGA-3L-AA1B_nonMSIH\TCGA-3L-AA1B_nonMSIH_x19504_y5344_patch00669.png,TCGA-3L-AA1B_nonMSIH_x19504_y5344_patch00669.png,669,19504,5344,238.47,230.52,233.69,12.94,25.17,20.22
D:/Aamir Gulzar/KSA_project2/dataset/patch_data\TCGA-3L-AA1B_nonMSIH\TCGA-3L-AA1B_nonMSIH_x19504_y7392_patch00670.png,TCGA-3L-AA1B_nonMSIH_x19504_y7392_patch00670.png,670,19504,7392,239.47,233.83,236.06,12.04,21.72,17.55
D:/Aamir Gulzar/KSA_project2/dataset/patch_data\TCGA-3L-AA1B_nonMSIH\TCGA-3L-AA1B_nonMSIH_x19504_y7904_patch00671.png,TCGA-3L-AA1B_nonMSIH_x19504_y7904_patch00671.png,671,19504,7904,234.9,221.19,227.57,19.3,33.75,26.04
D:/Aamir Gulzar/KSA_project2/dataset/patch_data\TCGA-3L-AA1B_nonMSIH\TCGA-3L-AA1B_nonMSIH_x19504_y8416_patch00672.png,TCGA-3L-AA1B_nonMSIH_x19504_y8416_patch00672.png,672,19504,8416,231.33,212.61,221.69,23.35,38.84,29.61
D:/Aamir Gulzar/KSA_project2/dataset/patch_data\TCGA-3L-AA1B_nonMSIH\TCGA-3L-AA1B_nonMSIH_x19504_y8928_patch00673.png,TCGA-3L-AA1B_nonMSIH_x19504_y8928_patch00673.png,673,19504,8928,222.57,193.22,208.62,33.38,54.1,39.47
D:/Aamir Gulzar/KSA_project2/dataset/patch_data\TCGA-3L-AA1B_nonMSIH\TCGA-3L-AA1B_nonMSIH_x19504_y9440_patch00674.png,TCGA-3L-AA1B_nonMSIH_x19504_y9440_patch00674.png,674,19504,9440,191.34,121.2,159.92,38.26,35.93,29.55
D:/Aamir Gulzar/KSA_project2/dataset/patch_data\TCGA-3L-AA1B_nonMSIH\TCGA-3L-AA1B_nonMSIH_x19504_y9952_patch00675.png,TCGA-3L-AA1B_nonMSIH_x19504_y9952_patch00675.png,675,19504,9952,175.47,109.64,150.28,48.57,39.2,34.82
D:/Aamir Gulzar/KSA_project2/dataset/patch_data\TCGA-3L-AA1B_nonMSIH\TCGA-3L-AA1B_nonMSIH_x20016_y10464_patch00709.png,TCGA-3L-AA1B_nonMSIH_x20016_y10464_patch00709.png,709,20016,10464,173.09,114.17,152.85,52.17,45.26,40.48
D:/Aamir Gulzar/KSA_project2/dataset/patch_data\TCGA-3L-AA1B_nonMSIH\TCGA-3L-AA1B_nonMSIH_x20016_y10976_patch00710.png,TCGA-3L-AA1B_nonMSIH_x20016_y10976_patch00710.png,710,20016,10976,175.35,115.81,154.47,46.01,42.06,37.41
D:/Aamir Gulzar/KSA_project2/dataset/patch_data\TCGA-3L-AA1B_nonMSIH\TCGA-3L-AA1B_nonMSIH_x20016_y11488_patch00711.png,TCGA-3L-AA1B_nonMSIH_x20016_y11488_patch00711.png,711,20016,11488,183.95,115.93,154.23,43.58,42.69,37.7
D:/Aamir Gulzar/KSA_project2/dataset/patch_data\TCGA-3L-AA1B_nonMSIH\TCGA-3L-AA1B_nonMSIH_x20016_y12000_patch00712.png,TCGA-3L-AA1B_nonMSIH_x20016_y12000_patch00712.png,712,20016,12000,173.54,120.16,157.44,49.12,49.73,42.99
D:/Aamir Gulzar/KSA_project2/dataset/patch_data\TCGA-3L-AA1B_nonMSIH\TCGA-3L-AA1B_nonMSIH_x20016_y12512_patch00713.png,TCGA-3L-AA1B_nonMSIH_x20016_y12512_patch00713.png,713,20016,12512,177.95,113.03,152.67,41.69,40.52,36.09
D:/Aamir Gulzar/KSA_project2/dataset/patch_data\TCGA-3L-AA1B_nonMSIH\TCGA-3L-AA1B_nonMSIH_x20016_y13024_patch00714.png,TCGA-3L-AA1B_nonMSIH_x20016_y13024_patch00714.png,714,20016,13024,181.07,141.03,174.94,40.82,45.33,35.31
D:/Aamir Gulzar/KSA_project2/dataset/patch_data\TCGA-3L-AA1B_nonMSIH\TCGA-3L-AA1B_nonMSIH_x20016_y13536_patch00715.png,TCGA-3L-AA1B_nonMSIH_x20016_y13536_patch00715.png,715,20016,13536,166.35,126.98,164.05,45.43,50.76,39.99
D:/Aamir Gulzar/KSA_project2/dataset/patch_data\TCGA-3L-AA1B_nonMSIH\TCGA-3L-AA1B_nonMSIH_x20016_y14048_patch00716.png,TCGA-3L-AA1B_nonMSIH_x20016_y14048_patch00716.png,716,20016,14048,184.81,140.46,173.04,45.2,49.93,40.61
D:/Aamir Gulzar/KSA_project2/dataset/patch_data\TCGA-3L-AA1B_nonMSIH\TCGA-3L-AA1B_nonMSIH_x20016_y14560_patch00717.png,TCGA-3L-AA1B_nonMSIH_x20016_y14560_patch00717.png,717,20016,14560,188.36,140.93,174.35,38.97,41.78,34.08
D:/Aamir Gulzar/KSA_project2/dataset/patch_data\TCGA-3L-AA1B_nonMSIH\TCGA-3L-AA1B_nonMSIH_x20016_y15072_patch00718.png,TCGA-3L-AA1B_nonMSIH_x20016_y15072_patch00718.png,718,20016,15072,184.88,135.7,170.49,42.68,43.64,35.47
D:/Aamir Gulzar/KSA_project2/dataset/patch_data\TCGA-3L-AA1B_nonMSIH\TCGA-3L-AA1B_nonMSIH_x20016_y15584_patch00719.png,TCGA-3L-AA1B_nonMSIH_x20016_y15584_patch00719.png,719,20016,15584,174.3,129.15,165.1,47.53,50.74,40.89
D:/Aamir Gulzar/KSA_project2/dataset/patch_data\TCGA-3L-AA1B_nonMSIH\TCGA-3L-AA1B_nonMSIH_x20016_y16096_patch00720.png,TCGA-3L-AA1B_nonMSIH_x20016_y16096_patch00720.png,720,20016,16096,162.44,122.04,158.72,52.13,57.36,46.55
D:/Aamir Gulzar/KSA_project2/dataset/patch_data\TCGA-3L-AA1B_nonMSIH\TCGA-3L-AA1B_nonMSIH_x20016_y16608_patch00721.png,TCGA-3L-AA1B_nonMSIH_x20016_y16608_patch00721.png,721,20016,16608,157.58,112.49,152.08,49.31,52.57,43.78
D:/Aamir Gulzar/KSA_project2/dataset/patch_data\TCGA-3L-AA1B_nonMSIH\TCGA-3L-AA1B_nonMSIH_x20016_y17120_patch00722.png,TCGA-3L-AA1B_nonMSIH_x20016_y17120_patch00722.png,722,20016,17120,169.98,119.97,158.57,46.66,45.48,38.43
D:/Aamir Gulzar/KSA_project2/dataset/patch_data\TCGA-3L-AA1B_nonMSIH\TCGA-3L-AA1B_nonMSIH_x20016_y1760_patch00698.png,TCGA-3L-AA1B_nonMSIH_x20016_y1760_patch00698.png,698,20016,1760,200.42,196.86,196.96,77.56,79.19,78.84
D:/Aamir Gulzar/KSA_project2/dataset/patch_data\TCGA-3L-AA1B_nonMSIH\TCGA-3L-AA1B_nonMSIH_x20016_y17632_patch00723.png,TCGA-3L-AA1B_nonMSIH_x20016_y17632_patch00723.png,723,20016,17632,165.25,116.29,155.92,46.15,45.76,38.29
D:/Aamir Gulzar/KSA_project2/dataset/patch_data\TCGA-3L-AA1B_nonMSIH\TCGA-3L-AA1B_nonMSIH_x20016_y18144_patch00724.png,TCGA-3L-AA1B_nonMSIH_x20016_y18144_patch00724.png,724,20016,18144,149.68,104.2,145.91,48.47,49.29,42.1
D:/Aamir Gulzar/KSA_project2/dataset/patch_data\TCGA-3L-AA1B_nonMSIH\TCGA-3L-AA1B_nonMSIH_x20016_y18656_patch00725.png,TCGA-3L-AA1B_nonMSIH_x20016_y18656_patch00725.png,725,20016,18656,152.08,106.6,147.23,50.54,52.81,44.27
D:/Aamir Gulzar/KSA_project2/dataset/patch_data\TCGA-3L-AA1B_nonMSIH\TCGA-3L-AA1B_nonMSIH_x20016_y19168_patch00726.png,TCGA-3L-AA1B_nonMSIH_x20016_y19168_patch00726.png,726,20016,19168,153.35,109.18,149.2,50.01,52.28,44.23
D:/Aamir Gulzar/KSA_project2/dataset/patch_data\TCGA-3L-AA1B_nonMSIH\TCGA-3L-AA1B_nonMSIH_x20016_y19680_patch00727.png,TCGA-3L-AA1B_nonMSIH_x20016_y19680_patch00727.png,727,20016,19680,159.23,113.35,153.17,46.72,45.39,38.84
D:/Aamir Gulzar/KSA_project2/dataset/patch_data\TCGA-3L-AA1B_nonMSIH\TCGA-3L-AA1B_nonMSIH_x20016_y20192_patch00728.png,TCGA-3L-AA1B_nonMSIH_x20016_y20192_patch00728.png,728,20016,20192,154.23,111.09,151.48,45.83,46.62,39.63
D:/Aamir Gulzar/KSA_project2/dataset/patch_data\TCGA-3L-AA1B_nonMSIH\TCGA-3L-AA1B_nonMSIH_x20016_y20704_patch00729.png,TCGA-3L-AA1B_nonMSIH_x20016_y20704_patch00729.png,729,20016,20704,163.81,122.98,159.85,48.44,48.69,40.4
D:/Aamir Gulzar/KSA_project2/dataset/patch_data\TCGA-3L-AA1B_nonMSIH\TCGA-3L-AA1B_nonMSIH_x20016_y21216_patch00730.png,TCGA-3L-AA1B_nonMSIH_x20016_y21216_patch00730.png,730,20016,21216,191.3,165.89,188.62,53.11,64.29,48.62
D:/Aamir Gulzar/KSA_project2/dataset/patch_data\TCGA-3L-AA1B_nonMSIH\TCGA-3L-AA1B_nonMSIH_x20016_y3808_patch00699.png,TCGA-3L-AA1B_nonMSIH_x20016_y3808_patch00699.png,699,20016,3808,193.52,181.85,186.16,75.41,76.6,75.05
D:/Aamir Gulzar/KSA_project2/dataset/patch_data\TCGA-3L-AA1B_nonMSIH\TCGA-3L-AA1B_nonMSIH_x20016_y4320_patch00700.png,TCGA-3L-AA1B_nonMSIH_x20016_y4320_patch00700.png,700,20016,4320,211.43,202.08,206.69,61.79,64.83,61.38
D:/Aamir Gulzar/KSA_project2/dataset/patch_data\TCGA-3L-AA1B_nonMSIH\TCGA-3L-AA1B_nonMSIH_x20016_y4832_patch00701.png,TCGA-3L-AA1B_nonMSIH_x20016_y4832_patch00701.png,701,20016,4832,233.4,215.4,223.2,22.06,39.59,30.48
D:/Aamir Gulzar/KSA_project2/dataset/patch_data\TCGA-3L-AA1B_nonMSIH\TCGA-3L-AA1B_nonMSIH_x20016_y5344_patch00702.png,TCGA-3L-AA1B_nonMSIH_x20016_y5344_patch00702.png,702,20016,5344,238.47,230.53,233.64,13.38,26.14,20.76
D:/Aamir Gulzar/KSA_project2/dataset/patch_data\TCGA-3L-AA1B_nonMSIH\TCGA-3L-AA1B_nonMSIH_x20016_y7392_patch00703.png,TCGA-3L-AA1B_nonMSIH_x20016_y7392_patch00703.png,703,20016,7392,238.18,231.07,234.05,16.13,25.79,20.72
D:/Aamir Gulzar/KSA_project2/dataset/patch_data\TCGA-3L-AA1B_nonMSIH\TCGA-3L-AA1B_nonMSIH_x20016_y7904_patch00704.png,TCGA-3L-AA1B_nonMSIH_x20016_y7904_patch00704.png,704,20016,7904,232.79,214.04,222.56,22.26,37.51,29.11
D:/Aamir Gulzar/KSA_project2/dataset/patch_data\TCGA-3L-AA1B_nonMSIH\TCGA-3L-AA1B_nonMSIH_x20016_y8416_patch00705.png,TCGA-3L-AA1B_nonMSIH_x20016_y8416_patch00705.png,705,20016,8416,230.42,209.27,219.52,24.66,41.12,30.78
D:/Aamir Gulzar/KSA_project2/dataset/patch_data\TCGA-3L-AA1B_nonMSIH\TCGA-3L-AA1B_nonMSIH_x20016_y8928_patch00706.png,TCGA-3L-AA1B_nonMSIH_x20016_y8928_patch00706.png,706,20016,8928,204.1,149.15,178.48,38.62,57.29,42.21
D:/Aamir Gulzar/KSA_project2/dataset/patch_data\TCGA-3L-AA1B_nonMSIH\TCGA-3L-AA1B_nonMSIH_x20016_y9440_patch00707.png,TCGA-3L-AA1B_nonMSIH_x20016_y9440_patch00707.png,707,20016,9440,185.02,110.63,151.82,38.11,31.18,27.48
D:/Aamir Gulzar/KSA_project2/dataset/patch_data\TCGA-3L-AA1B_nonMSIH\TCGA-3L-AA1B_nonMSIH_x20016_y9952_patch00708.png,TCGA-3L-AA1B_nonMSIH_x20016_y9952_patch00708.png,708,20016,9952,194.42,117.55,157.18,35.06,28.27,25.24
D:/Aamir Gulzar/KSA_project2/dataset/patch_data\TCGA-3L-AA1B_nonMSIH\TCGA-3L-AA1B_nonMSIH_x20528_y10464_patch00743.png,TCGA-3L-AA1B_nonMSIH_x20528_y10464_patch00743.png,743,20528,10464,194.05,118.42,157.65,36.13,31.03,27.26
D:/Aamir Gulzar/KSA_project2/dataset/patch_data\TCGA-3L-AA1B_nonMSIH\TCGA-3L-AA1B_nonMSIH_x20528_y10976_patch00744.png,TCGA-3L-AA1B_nonMSIH_x20528_y10976_patch00744.png,744,20528,10976,188.45,112.16,152.1,39.48,34.43,30.16
D:/Aamir Gulzar/KSA_project2/dataset/patch_data\TCGA-3L-AA1B_nonMSIH\TCGA-3L-AA1B_nonMSIH_x20528_y11488_patch00745.png,TCGA-3L-AA1B_nonMSIH_x20528_y11488_patch00745.png,745,20528,11488,165.52,109.98,148.85,56.52,51.72,44.58
D:/Aamir Gulzar/KSA_project2/dataset/patch_data\TCGA-3L-AA1B_nonMSIH\TCGA-3L-AA1B_nonMSIH_x20528_y12000_patch00746.png,TCGA-3L-AA1B_nonMSIH_x20528_y12000_patch00746.png,746,20528,12000,167.67,122.17,158.88,53.27,54.03,45.39
D:/Aamir Gulzar/KSA_project2/dataset/patch_data\TCGA-3L-AA1B_nonMSIH\TCGA-3L-AA1B_nonMSIH_x20528_y1248_patch00731.png,TCGA-3L-AA1B_nonMSIH_x20528_y1248_patch00731.png,731,20528,1248,163.78,158.78,159.19,90.89,92.64,91.67
D:/Aamir Gulzar/KSA_project2/dataset/patch_data\TCGA-3L-AA1B_nonMSIH\TCGA-3L-AA1B_nonMSIH_x20528_y12512_patch00747.png,TCGA-3L-AA1B_nonMSIH_x20528_y12512_patch00747.png,747,20528,12512,184.0,127.48,162.8,44.59,48.57,41.32
D:/Aamir Gulzar/KSA_project2/dataset/patch_data\TCGA-3L-AA1B_nonMSIH\TCGA-3L-AA1B_nonMSIH_x20528_y13024_patch00748.png,TCGA-3L-AA1B_nonMSIH_x20528_y13024_patch00748.png,748,20528,13024,198.54,162.34,188.86,38.91,49.95,38.73
D:/Aamir Gulzar/KSA_project2/dataset/patch_data\TCGA-3L-AA1B_nonMSIH\TCGA-3L-AA1B_nonMSIH_x20528_y13536_patch00749.png,TCGA-3L-AA1B_nonMSIH_x20528_y13536_patch00749.png,749,20528,13536,192.3,152.77,182.63,39.42,45.25,36.37
D:/Aamir Gulzar/KSA_project2/dataset/patch_data\TCGA-3L-AA1B_nonMSIH\TCGA-3L-AA1B_nonMSIH_x20528_y14048_patch00750.png,TCGA-3L-AA1B_nonMSIH_x20528_y14048_patch00750.png,750,20528,14048,179.49,128.66,161.72,53.67,57.88,49.57
D:/Aamir Gulzar/KSA_project2/dataset/patch_data\TCGA-3L-AA1B_nonMSIH\TCGA-3L-AA1B_nonMSIH_x20528_y14560_patch00751.png,TCGA-3L-AA1B_nonMSIH_x20528_y14560_patch00751.png,751,20528,14560,192.52,141.86,174.5,40.51,43.37,35.71
D:/Aamir Gulzar/KSA_project2/dataset/patch_data\TCGA-3L-AA1B_nonMSIH\TCGA-3L-AA1B_nonMSIH_x20528_y15072_patch00752.png,TCGA-3L-AA1B_nonMSIH_x20528_y15072_patch00752.png,752,20528,15072,183.27,138.16,171.76,46.08,48.88,39.22
D:/Aamir Gulzar/KSA_project2/dataset/patch_data\TCGA-3L-AA1B_nonMSIH\TCGA-3L-AA1B_nonMSIH_x20528_y15584_patch00753.png,TCGA-3L-AA1B_nonMSIH_x20528_y15584_patch00753.png,753,20528,15584,167.58,126.96,162.94,50.5,56.26,44.51
D:/Aamir Gulzar/KSA_project2/dataset/patch_data\TCGA-3L-AA1B_nonMSIH\TCGA-3L-AA1B_nonMSIH_x20528_y16096_patch00754.png,TCGA-3L-AA1B_nonMSIH_x20528_y16096_patch00754.png,754,20528,16096,168.47,124.6,162.02,45.3,49.6,39.54
D:/Aamir Gulzar/KSA_project2/dataset/patch_data\TCGA-3L-AA1B_nonMSIH\TCGA-3L-AA1B_nonMSIH_x20528_y16608_patch00755.png,TCGA-3L-AA1B_nonMSIH_x20528_y16608_patch00755.png,755,20528,16608,159.66,115.55,154.73,47.96,51.03,42.02
D:/Aamir Gulzar/KSA_project2/dataset/patch_data\TCGA-3L-AA1B_nonMSIH\TCGA-3L-AA1B_nonMSIH_x20528_y17120_patch00756.png,TCGA-3L-AA1B_nonMSIH_x20528_y17120_patch00756.png,756,20528,17120,170.56,132.53,166.11,53.35,65.74,50.09
D:/Aamir Gulzar/KSA_project2/dataset/patch_data\TCGA-3L-AA1B_nonMSIH\TCGA-3L-AA1B_nonMSIH_x20528_y1760_patch00732.png,TCGA-3L-AA1B_nonMSIH_x20528_y1760_patch00732.png,732,20528,1760,192.71,181.19,184.68,70.6,72.04,71.93
D:/Aamir Gulzar/KSA_project2/dataset/patch_data\TCGA-3L-AA1B_nonMSIH\TCGA-3L-AA1B_nonMSIH_x20528_y17632_patch00757.png,TCGA-3L-AA1B_nonMSIH_x20528_y17632_patch00757.png,757,20528,17632,161.89,116.03,155.94,44.24,45.29,37.72
D:/Aamir Gulzar/KSA_project2/dataset/patch_data\TCGA-3L-AA1B_nonMSIH\TCGA-3L-AA1B_nonMSIH_x20528_y18144_patch00758.png,TCGA-3L-AA1B_nonMSIH_x20528_y18144_patch00758.png,758,20528,18144,162.88,118.55,157.28,46.94,50.93,40.83
D:/Aamir Gulzar/KSA_project2/dataset/patch_data\TCGA-3L-AA1B_nonMSIH\TCGA-3L-AA1B_nonMSIH_x20528_y18656_patch00759.png,TCGA-3L-AA1B_nonMSIH_x20528_y18656_patch00759.png,759,20528,18656,164.85,120.14,158.15,48.78,50.79,42.02
D:/Aamir Gulzar/KSA_project2/dataset/patch_data\TCGA-3L-AA1B_nonMSIH\TCGA-3L-AA1B_nonMSIH_x20528_y19168_patch00760.png,TCGA-3L-AA1B_nonMSIH_x20528_y19168_patch00760.png,760,20528,19168,151.38,104.48,146.03,47.72,47.59,40.81
D:/Aamir Gulzar/KSA_project2/dataset/patch_data\TCGA-3L-AA1B_nonMSIH\TCGA-3L-AA1B_nonMSIH_x20528_y19680_patch00761.png,TCGA-3L-AA1B_nonMSIH_x20528_y19680_patch00761.png,761,20528,19680,158.47,113.41,152.18,51.86,52.5,43.72
D:/Aamir Gulzar/KSA_project2/dataset/patch_data\TCGA-3L-AA1B_nonMSIH\TCGA-3L-AA1B_nonMSIH_x20528_y20192_patch00762.png,TCGA-3L-AA1B_nonMSIH_x20528_y20192_patch00762.png,762,20528,20192,159.55,116.11,154.28,50.36,51.4,42.9
D:/Aamir Gulzar/KSA_project2/dataset/patch_data\TCGA-3L-AA1B_nonMSIH\TCGA-3L-AA1B_nonMSIH_x20528_y20704_patch00763.png,TCGA-3L-AA1B_nonMSIH_x20528_y20704_patch00763.png,763,20528,20704,171.55,131.65,164.62,53.71,57.7,46.7
D:/Aamir Gulzar/KSA_project2/dataset/patch_data\TCGA-3L-AA1B_nonMSIH\TCGA-3L-AA1B_nonMSIH_x20528_y21216_patch00764.png,TCGA-3L-AA1B_nonMSIH_x20528_y21216_patch00764.png,764,20528,21216,219.16,205.48,216.12,42.25,56.15,41.07
D:/Aamir Gulzar/KSA_project2/dataset/patch_data\TCGA-3L-AA1B_nonMSIH\TCGA-3L-AA1B_nonMSIH_x20528_y2272_patch00733.png,TCGA-3L-AA1B_nonMSIH_x20528_y2272_patch00733.png,733,20528,2272,193.54,184.35,187.31,74.39,77.67,75.8
D:/Aamir Gulzar/KSA_project2/dataset/patch_data\TCGA-3L-AA1B_nonMSIH\TCGA-3L-AA1B_nonMSIH_x20528_y3296_patch00734.png,TCGA-3L-AA1B_nonMSIH_x20528_y3296_patch00734.png,734,20528,3296,195.42,183.84,192.79,69.87,77.26,68.43
D:/Aamir Gulzar/KSA_project2/dataset/patch_data\TCGA-3L-AA1B_nonMSIH\TCGA-3L-AA1B_nonMSIH_x20528_y3808_patch00735.png,TCGA-3L-AA1B_nonMSIH_x20528_y3808_patch00735.png,735,20528,3808,202.45,186.78,196.16,62.37,68.42,60.98
D:/Aamir Gulzar/KSA_project2/dataset/patch_data\TCGA-3L-AA1B_nonMSIH\TCGA-3L-AA1B_nonMSIH_x20528_y4320_patch00736.png,TCGA-3L-AA1B_nonMSIH_x20528_y4320_patch00736.png,736,20528,4320,237.33,229.07,232.47,15.54,27.26,21.65
D:/Aamir Gulzar/KSA_project2/dataset/patch_data\TCGA-3L-AA1B_nonMSIH\TCGA-3L-AA1B_nonMSIH_x20528_y4832_patch00737.png,TCGA-3L-AA1B_nonMSIH_x20528_y4832_patch00737.png,737,20528,4832,237.4,227.56,231.57,15.82,30.55,23.5
D:/Aamir Gulzar/KSA_project2/dataset/patch_data\TCGA-3L-AA1B_nonMSIH\TCGA-3L-AA1B_nonMSIH_x20528_y7904_patch00738.png,TCGA-3L-AA1B_nonMSIH_x20528_y7904_patch00738.png,738,20528,7904,227.4,196.63,210.9,26.02,44.43,33.68
D:/Aamir Gulzar/KSA_project2/dataset/patch_data\TCGA-3L-AA1B_nonMSIH\TCGA-3L-AA1B_nonMSIH_x20528_y8416_patch00739.png,TCGA-3L-AA1B_nonMSIH_x20528_y8416_patch00739.png,739,20528,8416,226.81,198.94,212.09,29.09,52.53,38.5
D:/Aamir Gulzar/KSA_project2/dataset/patch_data\TCGA-3L-AA1B_nonMSIH\TCGA-3L-AA1B_nonMSIH_x20528_y8928_patch00740.png,TCGA-3L-AA1B_nonMSIH_x20528_y8928_patch00740.png,740,20528,8928,189.03,116.35,155.43,43.3,36.23,31.73
D:/Aamir Gulzar/KSA_project2/dataset/patch_data\TCGA-3L-AA1B_nonMSIH\TCGA-3L-AA1B_nonMSIH_x20528_y9440_patch00741.png,TCGA-3L-AA1B_nonMSIH_x20528_y9440_patch00741.png,741,20528,9440,184.77,110.5,151.04,43.27,34.07,30.5
D:/Aamir Gulzar/KSA_project2/dataset/patch_data\TCGA-3L-AA1B_nonMSIH\TCGA-3L-AA1B_nonMSIH_x20528_y9952_patch00742.png,TCGA-3L-AA1B_nonMSIH_x20528_y9952_patch00742.png,742,20528,9952,195.32,117.47,157.33,33.19,26.15,22.91
D:/Aamir Gulzar/KSA_project2/dataset/patch_data\TCGA-3L-AA1B_nonMSIH\TCGA-3L-AA1B_nonMSIH_x21040_y10464_patch00782.png,TCGA-3L-AA1B_nonMSIH_x21040_y10464_patch00782.png,782,21040,10464,171.85,109.56,149.3,53.95,44.1,38.9
D:/Aamir Gulzar/KSA_project2/dataset/patch_data\TCGA-3L-AA1B_nonMSIH\TCGA-3L-AA1B_nonMSIH_x21040_y10976_patch00783.png,TCGA-3L-AA1B_nonMSIH_x21040_y10976_patch00783.png,783,21040,10976,183.99,108.37,148.53,43.75,36.53,32.48
D:/Aamir Gulzar/KSA_project2/dataset/patch_data\TCGA-3L-AA1B_nonMSIH\TCGA-3L-AA1B_nonMSIH_x21040_y11488_patch00784.png,TCGA-3L-AA1B_nonMSIH_x21040_y11488_patch00784.png,784,21040,11488,172.48,95.61,135.28,48.67,44.98,41.46
D:/Aamir Gulzar/KSA_project2/dataset/patch_data\TCGA-3L-AA1B_nonMSIH\TCGA-3L-AA1B_nonMSIH_x21040_y12000_patch00785.png,TCGA-3L-AA1B_nonMSIH_x21040_y12000_patch00785.png,785,21040,12000,171.6,128.76,164.27,48.16,55.63,44.37
D:/Aamir Gulzar/KSA_project2/dataset/patch_data\TCGA-3L-AA1B_nonMSIH\TCGA-3L-AA1B_nonMSIH_x21040_y1248_patch00766.png,TCGA-3L-AA1B_nonMSIH_x21040_y1248_patch00766.png,766,21040,1248,161.84,150.96,153.88,87.15,86.01,85.87
D:/Aamir Gulzar/KSA_project2/dataset/patch_data\TCGA-3L-AA1B_nonMSIH\TCGA-3L-AA1B_nonMSIH_x21040_y12512_patch00786.png,TCGA-3L-AA1B_nonMSIH_x21040_y12512_patch00786.png,786,21040,12512,175.27,134.43,168.11,49.58,55.92,45.25
D:/Aamir Gulzar/KSA_project2/dataset/patch_data\TCGA-3L-AA1B_nonMSIH\TCGA-3L-AA1B_nonMSIH_x21040_y13024_patch00787.png,TCGA-3L-AA1B_nonMSIH_x21040_y13024_patch00787.png,787,21040,13024,196.85,149.19,179.6,37.77,45.95,37.43
D:/Aamir Gulzar/KSA_project2/dataset/patch_data\TCGA-3L-AA1B_nonMSIH\TCGA-3L-AA1B_nonMSIH_x21040_y13536_patch00788.png,TCGA-3L-AA1B_nonMSIH_x21040_y13536_patch00788.png,788,21040,13536,191.71,145.26,176.08,45.41,51.2,42.2
D:/Aamir Gulzar/KSA_project2/dataset/patch_data\TCGA-3L-AA1B_nonMSIH\TCGA-3L-AA1B_nonMSIH_x21040_y14048_patch00789.png,TCGA-3L-AA1B_nonMSIH_x21040_y14048_patch00789.png,789,21040,14048,165.56,110.06,145.66,59.53,60.45,52.69
D:/Aamir Gulzar/KSA_project2/dataset/patch_data\TCGA-3L-AA1B_nonMSIH\TCGA-3L-AA1B_nonMSIH_x21040_y14560_patch00790.png,TCGA-3L-AA1B_nonMSIH_x21040_y14560_patch00790.png,790,21040,14560,185.57,141.36,174.11,43.7,45.21,37.53
D:/Aamir Gulzar/KSA_project2/dataset/patch_data\TCGA-3L-AA1B_nonMSIH\TCGA-3L-AA1B_nonMSIH_x21040_y15072_patch00791.png,TCGA-3L-AA1B_nonMSIH_x21040_y15072_patch00791.png,791,21040,15072,161.08,119.16,157.38,48.43,50.69,41.66
D:/Aamir Gulzar/KSA_project2/dataset/patch_data\TCGA-3L-AA1B_nonMSIH\TCGA-3L-AA1B_nonMSIH_x21040_y15584_patch00792.png,TCGA-3L-AA1B_nonMSIH_x21040_y15584_patch00792.png,792,21040,15584,170.99,128.49,165.34,43.28,45.8,36.7
D:/Aamir Gulzar/KSA_project2/dataset/patch_data\TCGA-3L-AA1B_nonMSIH\TCGA-3L-AA1B_nonMSIH_x21040_y16096_patch00793.png,TCGA-3L-AA1B_nonMSIH_x21040_y16096_patch00793.png,793,21040,16096,168.41,124.48,162.15,43.93,46.99,37.99
D:/Aamir Gulzar/KSA_project2/dataset/patch_data\TCGA-3L-AA1B_nonMSIH\TCGA-3L-AA1B_nonMSIH_x21040_y16608_patch00794.png,TCGA-3L-AA1B_nonMSIH_x21040_y16608_patch00794.png,794,21040,16608,167.07,127.11,162.86,49.31,58.77,45.32
D:/Aamir Gulzar/KSA_project2/dataset/patch_data\TCGA-3L-AA1B_nonMSIH\TCGA-3L-AA1B_nonMSIH_x21040_y17120_patch00795.png,TCGA-3L-AA1B_nonMSIH_x21040_y17120_patch00795.png,795,21040,17120,176.05,140.41,172.03,51.57,65.16,49.08
D:/Aamir Gulzar/KSA_project2/dataset/patch_data\TCGA-3L-AA1B_nonMSIH\TCGA-3L-AA1B_nonMSIH_x21040_y1760_patch00767.png,TCGA-3L-AA1B_nonMSIH_x21040_y1760_patch00767.png,767,21040,1760,221.35,206.42,212.82,35.52,42.95,39.13
D:/Aamir Gulzar/KSA_project2/dataset/patch_data\TCGA-3L-AA1B_nonMSIH\TCGA-3L-AA1B_nonMSIH_x21040_y17632_patch00796.png,TCGA-3L-AA1B_nonMSIH_x21040_y17632_patch00796.png,796,21040,17632,186.05,158.93,183.88,57.36,74.12,55.03
D:/Aamir Gulzar/KSA_project2/dataset/patch_data\TCGA-3L-AA1B_nonMSIH\TCGA-3L-AA1B_nonMSIH_x21040_y18144_patch00797.png,TCGA-3L-AA1B_nonMSIH_x21040_y18144_patch00797.png,797,21040,18144,179.97,144.51,173.75,55.83,71.23,53.11
D:/Aamir Gulzar/KSA_project2/dataset/patch_data\TCGA-3L-AA1B_nonMSIH\TCGA-3L-AA1B_nonMSIH_x21040_y18656_patch00798.png,TCGA-3L-AA1B_nonMSIH_x21040_y18656_patch00798.png,798,21040,18656,181.4,137.38,169.92,49.1,56.77,44.22
D:/Aamir Gulzar/KSA_project2/dataset/patch_data\TCGA-3L-AA1B_nonMSIH\TCGA-3L-AA1B_nonMSIH_x21040_y19168_patch00799.png,TCGA-3L-AA1B_nonMSIH_x21040_y19168_patch00799.png,799,21040,19168,167.17,122.89,158.68,52.71,55.29,45.32
D:/Aamir Gulzar/KSA_project2/dataset/patch_data\TCGA-3L-AA1B_nonMSIH\TCGA-3L-AA1B_nonMSIH_x21040_y19680_patch00800.png,TCGA-3L-AA1B_nonMSIH_x21040_y19680_patch00800.png,800,21040,19680,176.36,132.53,165.97,51.11,57.04,45.56
D:/Aamir Gulzar/KSA_project2/dataset/patch_data\TCGA-3L-AA1B_nonMSIH\TCGA-3L-AA1B_nonMSIH_x21040_y20192_patch00801.png,TCGA-3L-AA1B_nonMSIH_x21040_y20192_patch00801.png,801,21040,20192,185.98,153.9,180.75,53.85,65.0,49.54
D:/Aamir Gulzar/KSA_project2/dataset/patch_data\TCGA-3L-AA1B_nonMSIH\TCGA-3L-AA1B_nonMSIH_x21040_y20704_patch00802.png,TCGA-3L-AA1B_nonMSIH_x21040_y20704_patch00802.png,802,21040,20704,204.76,188.22,203.82,52.17,65.64,49.41
D:/Aamir Gulzar/KSA_project2/dataset/patch_data\TCGA-3L-AA1B_nonMSIH\TCGA-3L-AA1B_nonMSIH_x21040_y2272_patch00768.png,TCGA-3L-AA1B_nonMSIH_x21040_y2272_patch00768.png,768,21040,2272,197.81,188.96,191.4,71.48,73.33,72.98
D:/Aamir Gulzar/KSA_project2/dataset/patch_data\TCGA-3L-AA1B_nonMSIH\TCGA-3L-AA1B_nonMSIH_x21040_y2784_patch00769.png,TCGA-3L-AA1B_nonMSIH_x21040_y2784_patch00769.png,769,21040,2784,212.49,204.79,207.63,61.3,64.91,62.23
D:/Aamir Gulzar/KSA_project2/dataset/patch_data\TCGA-3L-AA1B_nonMSIH\TCGA-3L-AA1B_nonMSIH_x21040_y3296_patch00770.png,TCGA-3L-AA1B_nonMSIH_x21040_y3296_patch00770.png,770,21040,3296,196.39,188.04,190.54,75.24,76.99,75.71
D:/Aamir Gulzar/KSA_project2/dataset/patch_data\TCGA-3L-AA1B_nonMSIH\TCGA-3L-AA1B_nonMSIH_x21040_y3808_patch00771.png,TCGA-3L-AA1B_nonMSIH_x21040_y3808_patch00771.png,771,21040,3808,183.0,167.11,173.06,84.76,84.0,83.87
D:/Aamir Gulzar/KSA_project2/dataset/patch_data\TCGA-3L-AA1B_nonMSIH\TCGA-3L-AA1B_nonMSIH_x21040_y4320_patch00772.png,TCGA-3L-AA1B_nonMSIH_x21040_y4320_patch00772.png,772,21040,4320,237.26,228.26,232.06,14.25,26.3,20.25
D:/Aamir Gulzar/KSA_project2/dataset/patch_data\TCGA-3L-AA1B_nonMSIH\TCGA-3L-AA1B_nonMSIH_x21040_y4832_patch00773.png,TCGA-3L-AA1B_nonMSIH_x21040_y4832_patch00773.png,773,21040,4832,236.64,227.62,231.68,17.04,29.22,22.39
D:/Aamir Gulzar/KSA_project2/dataset/patch_data\TCGA-3L-AA1B_nonMSIH\TCGA-3L-AA1B_nonMSIH_x21040_y5344_patch00774.png,TCGA-3L-AA1B_nonMSIH_x21040_y5344_patch00774.png,774,21040,5344,235.32,227.66,232.05,22.88,34.99,25.53
D:/Aamir Gulzar/KSA_project2/dataset/patch_data\TCGA-3L-AA1B_nonMSIH\TCGA-3L-AA1B_nonMSIH_x21040_y5856_patch00775.png,TCGA-3L-AA1B_nonMSIH_x21040_y5856_patch00775.png,775,21040,5856,238.41,228.17,232.2,13.37,29.25,22.6
D:/Aamir Gulzar/KSA_project2/dataset/patch_data\TCGA-3L-AA1B_nonMSIH\TCGA-3L-AA1B_nonMSIH_x21040_y736_patch00765.png,TCGA-3L-AA1B_nonMSIH_x21040_y736_patch00765.png,765,21040,736,187.2,183.87,183.58,86.24,87.6,87.33
D:/Aamir Gulzar/KSA_project2/dataset/patch_data\TCGA-3L-AA1B_nonMSIH\TCGA-3L-AA1B_nonMSIH_x21040_y7392_patch00776.png,TCGA-3L-AA1B_nonMSIH_x21040_y7392_patch00776.png,776,21040,7392,239.1,232.06,234.44,13.06,23.52,18.42
D:/Aamir Gulzar/KSA_project2/dataset/patch_data\TCGA-3L-AA1B_nonMSIH\TCGA-3L-AA1B_nonMSIH_x21040_y7904_patch00777.png,TCGA-3L-AA1B_nonMSIH_x21040_y7904_patch00777.png,777,21040,7904,227.69,197.23,211.2,25.99,46.47,34.64
D:/Aamir Gulzar/KSA_project2/dataset/patch_data\TCGA-3L-AA1B_nonMSIH\TCGA-3L-AA1B_nonMSIH_x21040_y8416_patch00778.png,TCGA-3L-AA1B_nonMSIH_x21040_y8416_patch00778.png,778,21040,8416,215.89,173.69,195.15,36.57,57.31,42.4
D:/Aamir Gulzar/KSA_project2/dataset/patch_data\TCGA-3L-AA1B_nonMSIH\TCGA-3L-AA1B_nonMSIH_x21040_y8928_patch00779.png,TCGA-3L-AA1B_nonMSIH_x21040_y8928_patch00779.png,779,21040,8928,199.09,119.79,159.08,31.19,26.81,23.19
D:/Aamir Gulzar/KSA_project2/dataset/patch_data\TCGA-3L-AA1B_nonMSIH\TCGA-3L-AA1B_nonMSIH_x21040_y9440_patch00780.png,TCGA-3L-AA1B_nonMSIH_x21040_y9440_patch00780.png,780,21040,9440,196.56,118.78,158.07,34.46,28.2,24.56
D:/Aamir Gulzar/KSA_project2/dataset/patch_data\TCGA-3L-AA1B_nonMSIH\TCGA-3L-AA1B_nonMSIH_x21040_y9952_patch00781.png,TCGA-3L-AA1B_nonMSIH_x21040_y9952_patch00781.png,781,21040,9952,182.98,114.56,153.86,48.56,39.47,34.58
D:/Aamir Gulzar/KSA_project2/dataset/patch_data\TCGA-3L-AA1B_nonMSIH\TCGA-3L-AA1B_nonMSIH_x21552_y10464_patch00821.png,TCGA-3L-AA1B_nonMSIH_x21552_y10464_patch00821.png,821,21552,10464,198.12,125.87,163.61,32.06,30.27,25.86
D:/Aamir Gulzar/KSA_project2/dataset/patch_data\TCGA-3L-AA1B_nonMSIH\TCGA-3L-AA1B_nonMSIH_x21552_y10976_patch00822.png,TCGA-3L-AA1B_nonMSIH_x21552_y10976_patch00822.png,822,21552,10976,196.82,124.53,162.06,31.99,32.76,27.43
D:/Aamir Gulzar/KSA_project2/dataset/patch_data\TCGA-3L-AA1B_nonMSIH\TCGA-3L-AA1B_nonMSIH_x21552_y11488_patch00823.png,TCGA-3L-AA1B_nonMSIH_x21552_y11488_patch00823.png,823,21552,11488,195.56,119.27,157.59,32.17,36.03,29.26
D:/Aamir Gulzar/KSA_project2/dataset/patch_data\TCGA-3L-AA1B_nonMSIH\TCGA-3L-AA1B_nonMSIH_x21552_y12000_patch00824.png,TCGA-3L-AA1B_nonMSIH_x21552_y12000_patch00824.png,824,21552,12000,180.79,116.12,154.06,46.18,44.79,39.01
D:/Aamir Gulzar/KSA_project2/dataset/patch_data\TCGA-3L-AA1B_nonMSIH\TCGA-3L-AA1B_nonMSIH_x21552_y1248_patch00804.png,TCGA-3L-AA1B_nonMSIH_x21552_y1248_patch00804.png,804,21552,1248,158.3,142.49,147.71,89.5,85.45,86.69
D:/Aamir Gulzar/KSA_project2/dataset/patch_data\TCGA-3L-AA1B_nonMSIH\TCGA-3L-AA1B_nonMSIH_x21552_y12512_patch00825.png,TCGA-3L-AA1B_nonMSIH_x21552_y12512_patch00825.png,825,21552,12512,179.03,128.98,164.29,46.32,49.28,41.31
D:/Aamir Gulzar/KSA_project2/dataset/patch_data\TCGA-3L-AA1B_nonMSIH\TCGA-3L-AA1B_nonMSIH_x21552_y13024_patch00826.png,TCGA-3L-AA1B_nonMSIH_x21552_y13024_patch00826.png,826,21552,13024,191.5,136.57,170.1,42.3,44.58,37.28
D:/Aamir Gulzar/KSA_project2/dataset/patch_data\TCGA-3L-AA1B_nonMSIH\TCGA-3L-AA1B_nonMSIH_x21552_y13536_patch00827.png,TCGA-3L-AA1B_nonMSIH_x21552_y13536_patch00827.png,827,21552,13536,179.78,129.71,165.37,46.36,46.75,38.8
D:/Aamir Gulzar/KSA_project2/dataset/patch_data\TCGA-3L-AA1B_nonMSIH\TCGA-3L-AA1B_nonMSIH_x21552_y14048_patch00828.png,TCGA-3L-AA1B_nonMSIH_x21552_y14048_patch00828.png,828,21552,14048,180.33,132.87,167.35,47.75,47.58,39.56
D:/Aamir Gulzar/KSA_project2/dataset/patch_data\TCGA-3L-AA1B_nonMSIH\TCGA-3L-AA1B_nonMSIH_x21552_y14560_patch00829.png,TCGA-3L-AA1B_nonMSIH_x21552_y14560_patch00829.png,829,21552,14560,190.23,144.36,176.48,41.96,43.71,35.53
D:/Aamir Gulzar/KSA_project2/dataset/patch_data\TCGA-3L-AA1B_nonMSIH\TCGA-3L-AA1B_nonMSIH_x21552_y15072_patch00830.png,TCGA-3L-AA1B_nonMSIH_x21552_y15072_patch00830.png,830,21552,15072,168.57,128.25,163.95,50.25,54.06,43.41
D:/Aamir Gulzar/KSA_project2/dataset/patch_data\TCGA-3L-AA1B_nonMSIH\TCGA-3L-AA1B_nonMSIH_x21552_y15584_patch00831.png,TCGA-3L-AA1B_nonMSIH_x21552_y15584_patch00831.png,831,21552,15584,162.66,119.98,157.64,51.16,55.22,44.4
D:/Aamir Gulzar/KSA_project2/dataset/patch_data\TCGA-3L-AA1B_nonMSIH\TCGA-3L-AA1B_nonMSIH_x21552_y16096_patch00832.png,TCGA-3L-AA1B_nonMSIH_x21552_y16096_patch00832.png,832,21552,16096,174.9,127.62,164.31,45.02,46.12,37.49
D:/Aamir Gulzar/KSA_project2/dataset/patch_data\TCGA-3L-AA1B_nonMSIH\TCGA-3L-AA1B_nonMSIH_x21552_y16608_patch00833.png,TCGA-3L-AA1B_nonMSIH_x21552_y16608_patch00833.png,833,21552,16608,170.39,125.73,162.65,47.14,49.59,40.11
D:/Aamir Gulzar/KSA_project2/dataset/patch_data\TCGA-3L-AA1B_nonMSIH\TCGA-3L-AA1B_nonMSIH_x21552_y17120_patch00834.png,TCGA-3L-AA1B_nonMSIH_x21552_y17120_patch00834.png,834,21552,17120,166.36,116.07,155.03,47.01,48.29,40.25
D:/Aamir Gulzar/KSA_project2/dataset/patch_data\TCGA-3L-AA1B_nonMSIH\TCGA-3L-AA1B_nonMSIH_x21552_y1760_patch00805.png,TCGA-3L-AA1B_nonMSIH_x21552_y1760_patch00805.png,805,21552,1760,232.01,220.7,225.94,22.73,32.21,27.27
D:/Aamir Gulzar/KSA_project2/dataset/patch_data\TCGA-3L-AA1B_nonMSIH\TCGA-3L-AA1B_nonMSIH_x21552_y17632_patch00835.png,TCGA-3L-AA1B_nonMSIH_x21552_y17632_patch00835.png,835,21552,17632,187.99,139.4,173.1,40.19,41.76,34.03
D:/Aamir Gulzar/KSA_project2/dataset/patch_data\TCGA-3L-AA1B_nonMSIH\TCGA-3L-AA1B_nonMSIH_x21552_y18144_patch00836.png,TCGA-3L-AA1B_nonMSIH_x21552_y18144_patch00836.png,836,21552,18144,206.06,147.29,178.48,29.48,35.46,29.04
D:/Aamir Gulzar/KSA_project2/dataset/patch_data\TCGA-3L-AA1B_nonMSIH\TCGA-3L-AA1B_nonMSIH_x21552_y18656_patch00837.png,TCGA-3L-AA1B_nonMSIH_x21552_y18656_patch00837.png,837,21552,18656,201.6,145.47,176.96,36.46,39.02,31.34
D:/Aamir Gulzar/KSA_project2/dataset/patch_data\TCGA-3L-AA1B_nonMSIH\TCGA-3L-AA1B_nonMSIH_x21552_y19168_patch00838.png,TCGA-3L-AA1B_nonMSIH_x21552_y19168_patch00838.png,838,21552,19168,171.62,127.01,163.07,49.56,49.74,40.62
D:/Aamir Gulzar/KSA_project2/dataset/patch_data\TCGA-3L-AA1B_nonMSIH\TCGA-3L-AA1B_nonMSIH_x21552_y19680_patch00839.png,TCGA-3L-AA1B_nonMSIH_x21552_y19680_patch00839.png,839,21552,19680,160.34,117.1,154.62,53.1,54.47,45.43
D:/Aamir Gulzar/KSA_project2/dataset/patch_data\TCGA-3L-AA1B_nonMSIH\TCGA-3L-AA1B_nonMSIH_x21552_y20192_patch00840.png,TCGA-3L-AA1B_nonMSIH_x21552_y20192_patch00840.png,840,21552,20192,168.72,128.06,162.51,52.3,53.57,43.85
D:/Aamir Gulzar/KSA_project2/dataset/patch_data\TCGA-3L-AA1B_nonMSIH\TCGA-3L-AA1B_nonMSIH_x21552_y20704_patch00841.png,TCGA-3L-AA1B_nonMSIH_x21552_y20704_patch00841.png,841,21552,20704,193.2,157.84,183.4,49.72,56.83,44.21
D:/Aamir Gulzar/KSA_project2/dataset/patch_data\TCGA-3L-AA1B_nonMSIH\TCGA-3L-AA1B_nonMSIH_x21552_y2272_patch00806.png,TCGA-3L-AA1B_nonMSIH_x21552_y2272_patch00806.png,806,21552,2272,189.64,175.73,180.63,73.05,75.78,74.02
D:/Aamir Gulzar/KSA_project2/dataset/patch_data\TCGA-3L-AA1B_nonMSIH\TCGA-3L-AA1B_nonMSIH_x21552_y2784_patch00807.png,TCGA-3L-AA1B_nonMSIH_x21552_y2784_patch00807.png,807,21552,2784,191.4,175.75,180.28,71.43,76.35,74.12
D:/Aamir Gulzar/KSA_project2/dataset/patch_data\TCGA-3L-AA1B_nonMSIH\TCGA-3L-AA1B_nonMSIH_x21552_y3296_patch00808.png,TCGA-3L-AA1B_nonMSIH_x21552_y3296_patch00808.png,808,21552,3296,177.12,166.58,169.86,84.52,86.01,84.73
D:/Aamir Gulzar/KSA_project2/dataset/patch_data\TCGA-3L-AA1B_nonMSIH\TCGA-3L-AA1B_nonMSIH_x21552_y3808_patch00809.png,TCGA-3L-AA1B_nonMSIH_x21552_y3808_patch00809.png,809,21552,3808,158.04,142.99,146.89,87.13,86.73,85.57
D:/Aamir Gulzar/KSA_project2/dataset/patch_data\TCGA-3L-AA1B_nonMSIH\TCGA-3L-AA1B_nonMSIH_x21552_y4320_patch00810.png,TCGA-3L-AA1B_nonMSIH_x21552_y4320_patch00810.png,810,21552,4320,235.63,225.36,229.93,17.02,29.7,23.01
D:/Aamir Gulzar/KSA_project2/dataset/patch_data\TCGA-3L-AA1B_nonMSIH\TCGA-3L-AA1B_nonMSIH_x21552_y4832_patch00811.png,TCGA-3L-AA1B_nonMSIH_x21552_y4832_patch00811.png,811,21552,4832,237.04,229.23,232.93,16.53,27.27,20.57
D:/Aamir Gulzar/KSA_project2/dataset/patch_data\TCGA-3L-AA1B_nonMSIH\TCGA-3L-AA1B_nonMSIH_x21552_y5344_patch00812.png,TCGA-3L-AA1B_nonMSIH_x21552_y5344_patch00812.png,812,21552,5344,229.88,219.5,226.45,29.12,40.21,29.33
D:/Aamir Gulzar/KSA_project2/dataset/patch_data\TCGA-3L-AA1B_nonMSIH\TCGA-3L-AA1B_nonMSIH_x21552_y5856_patch00813.png,TCGA-3L-AA1B_nonMSIH_x21552_y5856_patch00813.png,813,21552,5856,234.29,218.85,225.88,19.55,36.69,27.83
D:/Aamir Gulzar/KSA_project2/dataset/patch_data\TCGA-3L-AA1B_nonMSIH\TCGA-3L-AA1B_nonMSIH_x21552_y6368_patch00814.png,TCGA-3L-AA1B_nonMSIH_x21552_y6368_patch00814.png,814,21552,6368,236.83,226.89,231.29,16.91,32.26,24.92
D:/Aamir Gulzar/KSA_project2/dataset/patch_data\TCGA-3L-AA1B_nonMSIH\TCGA-3L-AA1B_nonMSIH_x21552_y736_patch00803.png,TCGA-3L-AA1B_nonMSIH_x21552_y736_patch00803.png,803,21552,736,140.98,136.16,136.12,96.09,96.64,95.97
D:/Aamir Gulzar/KSA_project2/dataset/patch_data\TCGA-3L-AA1B_nonMSIH\TCGA-3L-AA1B_nonMSIH_x21552_y7392_patch00815.png,TCGA-3L-AA1B_nonMSIH_x21552_y7392_patch00815.png,815,21552,7392,238.66,231.53,234.16,13.65,23.98,18.33
D:/Aamir Gulzar/KSA_project2/dataset/patch_data\TCGA-3L-AA1B_nonMSIH\TCGA-3L-AA1B_nonMSIH_x21552_y7904_patch00816.png,TCGA-3L-AA1B_nonMSIH_x21552_y7904_patch00816.png,816,21552,7904,221.55,178.51,198.95,29.17,44.37,34.44
D:/Aamir Gulzar/KSA_project2/dataset/patch_data\TCGA-3L-AA1B_nonMSIH\TCGA-3L-AA1B_nonMSIH_x21552_y8416_patch00817.png,TCGA-3L-AA1B_nonMSIH_x21552_y8416_patch00817.png,817,21552,8416,195.65,135.7,168.58,47.46,48.54,39.39
D:/Aamir Gulzar/KSA_project2/dataset/patch_data\TCGA-3L-AA1B_nonMSIH\TCGA-3L-AA1B_nonMSIH_x21552_y8928_patch00818.png,TCGA-3L-AA1B_nonMSIH_x21552_y8928_patch00818.png,818,21552,8928,199.25,127.56,164.75,33.31,33.17,27.47
D:/Aamir Gulzar/KSA_project2/dataset/patch_data\TCGA-3L-AA1B_nonMSIH\TCGA-3L-AA1B_nonMSIH_x21552_y9440_patch00819.png,TCGA-3L-AA1B_nonMSIH_x21552_y9440_patch00819.png,819,21552,9440,197.83,115.25,155.66,29.24,23.69,20.61
D:/Aamir Gulzar/KSA_project2/dataset/patch_data\TCGA-3L-AA1B_nonMSIH\TCGA-3L-AA1B_nonMSIH_x21552_y9952_patch00820.png,TCGA-3L-AA1B_nonMSIH_x21552_y9952_patch00820.png,820,21552,9952,198.74,120.93,160.24,29.3,24.98,21.25
D:/Aamir Gulzar/KSA_project2/dataset/patch_data\TCGA-3L-AA1B_nonMSIH\TCGA-3L-AA1B_nonMSIH_x22064_y10464_patch00860.png,TCGA-3L-AA1B_nonMSIH_x22064_y10464_patch00860.png,860,22064,10464,194.45,136.55,171.34,35.08,37.11,31.1
D:/Aamir Gulzar/KSA_project2/dataset/patch_data\TCGA-3L-AA1B_nonMSIH\TCGA-3L-AA1B_nonMSIH_x22064_y10976_patch00861.png,TCGA-3L-AA1B_nonMSIH_x22064_y10976_patch00861.png,861,22064,10976,186.98,137.02,170.81,42.05,47.66,38.1
D:/Aamir Gulzar/KSA_project2/dataset/patch_data\TCGA-3L-AA1B_nonMSIH\TCGA-3L-AA1B_nonMSIH_x22064_y11488_patch00862.png,TCGA-3L-AA1B_nonMSIH_x22064_y11488_patch00862.png,862,22064,11488,198.66,148.92,179.16,35.75,49.51,38.64
D:/Aamir Gulzar/KSA_project2/dataset/patch_data\TCGA-3L-AA1B_nonMSIH\TCGA-3L-AA1B_nonMSIH_x22064_y12000_patch00863.png,TCGA-3L-AA1B_nonMSIH_x22064_y12000_patch00863.png,863,22064,12000,196.39,140.82,172.56,38.69,49.34,40.01
D:/Aamir Gulzar/KSA_project2/dataset/patch_data\TCGA-3L-AA1B_nonMSIH\TCGA-3L-AA1B_nonMSIH_x22064_y1248_patch00843.png,TCGA-3L-AA1B_nonMSIH_x22064_y1248_patch00843.png,843,22064,1248,205.07,188.87,195.14,64.99,66.15,65.18
D:/Aamir Gulzar/KSA_project2/dataset/patch_data\TCGA-3L-AA1B_nonMSIH\TCGA-3L-AA1B_nonMSIH_x22064_y12512_patch00864.png,TCGA-3L-AA1B_nonMSIH_x22064_y12512_patch00864.png,864,22064,12512,176.3,124.29,160.63,47.31,49.04,41.33
D:/Aamir Gulzar/KSA_project2/dataset/patch_data\TCGA-3L-AA1B_nonMSIH\TCGA-3L-AA1B_nonMSIH_x22064_y13024_patch00865.png,TCGA-3L-AA1B_nonMSIH_x22064_y13024_patch00865.png,865,22064,13024,191.39,132.36,166.27,42.01,46.33,39.27
D:/Aamir Gulzar/KSA_project2/dataset/patch_data\TCGA-3L-AA1B_nonMSIH\TCGA-3L-AA1B_nonMSIH_x22064_y13536_patch00866.png,TCGA-3L-AA1B_nonMSIH_x22064_y13536_patch00866.png,866,22064,13536,191.82,139.04,171.95,41.68,45.19,37.64
D:/Aamir Gulzar/KSA_project2/dataset/patch_data\TCGA-3L-AA1B_nonMSIH\TCGA-3L-AA1B_nonMSIH_x22064_y14048_patch00867.png,TCGA-3L-AA1B_nonMSIH_x22064_y14048_patch00867.png,867,22064,14048,184.86,137.86,171.83,41.81,43.46,35.55
D:/Aamir Gulzar/KSA_project2/dataset/patch_data\TCGA-3L-AA1B_nonMSIH\TCGA-3L-AA1B_nonMSIH_x22064_y14560_patch00868.png,TCGA-3L-AA1B_nonMSIH_x22064_y14560_patch00868.png,868,22064,14560,172.53,130.47,164.66,53.53,59.16,46.82
D:/Aamir Gulzar/KSA_project2/dataset/patch_data\TCGA-3L-AA1B_nonMSIH\TCGA-3L-AA1B_nonMSIH_x22064_y15072_patch00869.png,TCGA-3L-AA1B_nonMSIH_x22064_y15072_patch00869.png,869,22064,15072,169.75,128.76,164.47,49.56,53.31,42.11
D:/Aamir Gulzar/KSA_project2/dataset/patch_data\TCGA-3L-AA1B_nonMSIH\TCGA-3L-AA1B_nonMSIH_x22064_y15584_patch00870.png,TCGA-3L-AA1B_nonMSIH_x22064_y15584_patch00870.png,870,22064,15584,164.49,122.05,160.05,47.58,48.92,39.21
D:/Aamir Gulzar/KSA_project2/dataset/patch_data\TCGA-3L-AA1B_nonMSIH\TCGA-3L-AA1B_nonMSIH_x22064_y16096_patch00871.png,TCGA-3L-AA1B_nonMSIH_x22064_y16096_patch00871.png,871,22064,16096,170.99,125.71,163.06,45.66,46.6,37.66
D:/Aamir Gulzar/KSA_project2/dataset/patch_data\TCGA-3L-AA1B_nonMSIH\TCGA-3L-AA1B_nonMSIH_x22064_y16608_patch00872.png,TCGA-3L-AA1B_nonMSIH_x22064_y16608_patch00872.png,872,22064,16608,176.86,129.68,166.05,44.05,45.04,36.48
D:/Aamir Gulzar/KSA_project2/dataset/patch_data\TCGA-3L-AA1B_nonMSIH\TCGA-3L-AA1B_nonMSIH_x22064_y17120_patch00873.png,TCGA-3L-AA1B_nonMSIH_x22064_y17120_patch00873.png,873,22064,17120,161.41,114.36,153.64,49.52,51.06,41.98
D:/Aamir Gulzar/KSA_project2/dataset/patch_data\TCGA-3L-AA1B_nonMSIH\TCGA-3L-AA1B_nonMSIH_x22064_y1760_patch00844.png,TCGA-3L-AA1B_nonMSIH_x22064_y1760_patch00844.png,844,22064,1760,224.8,198.19,209.86,25.34,37.1,31.7
D:/Aamir Gulzar/KSA_project2/dataset/patch_data\TCGA-3L-AA1B_nonMSIH\TCGA-3L-AA1B_nonMSIH_x22064_y17632_patch00874.png,TCGA-3L-AA1B_nonMSIH_x22064_y17632_patch00874.png,874,22064,17632,164.59,118.11,156.85,47.2,51.43,41.37
D:/Aamir Gulzar/KSA_project2/dataset/patch_data\TCGA-3L-AA1B_nonMSIH\TCGA-3L-AA1B_nonMSIH_x22064_y18144_patch00875.png,TCGA-3L-AA1B_nonMSIH_x22064_y18144_patch00875.png,875,22064,18144,179.65,130.61,166.12,46.08,46.87,38.54
D:/Aamir Gulzar/KSA_project2/dataset/patch_data\TCGA-3L-AA1B_nonMSIH\TCGA-3L-AA1B_nonMSIH_x22064_y18656_patch00876.png,TCGA-3L-AA1B_nonMSIH_x22064_y18656_patch00876.png,876,22064,18656,174.94,127.2,163.3,46.94,47.3,39.47
D:/Aamir Gulzar/KSA_project2/dataset/patch_data\TCGA-3L-AA1B_nonMSIH\TCGA-3L-AA1B_nonMSIH_x22064_y19168_patch00877.png,TCGA-3L-AA1B_nonMSIH_x22064_y19168_patch00877.png,877,22064,19168,155.27,109.91,149.27,50.87,53.62,44.91
D:/Aamir Gulzar/KSA_project2/dataset/patch_data\TCGA-3L-AA1B_nonMSIH\TCGA-3L-AA1B_nonMSIH_x22064_y19680_patch00878.png,TCGA-3L-AA1B_nonMSIH_x22064_y19680_patch00878.png,878,22064,19680,163.39,124.96,160.25,52.16,61.93,48.13
D:/Aamir Gulzar/KSA_project2/dataset/patch_data\TCGA-3L-AA1B_nonMSIH\TCGA-3L-AA1B_nonMSIH_x22064_y20192_patch00879.png,TCGA-3L-AA1B_nonMSIH_x22064_y20192_patch00879.png,879,22064,20192,184.82,152.43,178.94,54.57,66.66,51.2
D:/Aamir Gulzar/KSA_project2/dataset/patch_data\TCGA-3L-AA1B_nonMSIH\TCGA-3L-AA1B_nonMSIH_x22064_y20704_patch00880.png,TCGA-3L-AA1B_nonMSIH_x22064_y20704_patch00880.png,880,22064,20704,220.84,202.9,214.07,38.45,53.56,40.04
D:/Aamir Gulzar/KSA_project2/dataset/patch_data\TCGA-3L-AA1B_nonMSIH\TCGA-3L-AA1B_nonMSIH_x22064_y2272_patch00845.png,TCGA-3L-AA1B_nonMSIH_x22064_y2272_patch00845.png,845,22064,2272,189.21,175.73,180.0,74.48,74.92,74.32
D:/Aamir Gulzar/KSA_project2/dataset/patch_data\TCGA-3L-AA1B_nonMSIH\TCGA-3L-AA1B_nonMSIH_x22064_y2784_patch00846.png,TCGA-3L-AA1B_nonMSIH_x22064_y2784_patch00846.png,846,22064,2784,198.49,185.91,189.6,70.4,72.58,72.01
D:/Aamir Gulzar/KSA_project2/dataset/patch_data\TCGA-3L-AA1B_nonMSIH\TCGA-3L-AA1B_nonMSIH_x22064_y3296_patch00847.png,TCGA-3L-AA1B_nonMSIH_x22064_y3296_patch00847.png,847,22064,3296,230.68,220.4,223.98,31.84,40.2,35.81
D:/Aamir Gulzar/KSA_project2/dataset/patch_data\TCGA-3L-AA1B_nonMSIH\TCGA-3L-AA1B_nonMSIH_x22064_y3808_patch00848.png,TCGA-3L-AA1B_nonMSIH_x22064_y3808_patch00848.png,848,22064,3808,186.5,174.06,177.9,79.53,80.79,79.52
D:/Aamir Gulzar/KSA_project2/dataset/patch_data\TCGA-3L-AA1B_nonMSIH\TCGA-3L-AA1B_nonMSIH_x22064_y4320_patch00849.png,TCGA-3L-AA1B_nonMSIH_x22064_y4320_patch00849.png,849,22064,4320,225.64,207.31,215.37,35.55,48.32,41.4
D:/Aamir Gulzar/KSA_project2/dataset/patch_data\TCGA-3L-AA1B_nonMSIH\TCGA-3L-AA1B_nonMSIH_x22064_y4832_patch00850.png,TCGA-3L-AA1B_nonMSIH_x22064_y4832_patch00850.png,850,22064,4832,235.62,225.93,230.72,17.63,28.36,21.78
D:/Aamir Gulzar/KSA_project2/dataset/patch_data\TCGA-3L-AA1B_nonMSIH\TCGA-3L-AA1B_nonMSIH_x22064_y5344_patch00851.png,TCGA-3L-AA1B_nonMSIH_x22064_y5344_patch00851.png,851,22064,5344,234.05,220.68,226.71,20.35,35.71,28.0
D:/Aamir Gulzar/KSA_project2/dataset/patch_data\TCGA-3L-AA1B_nonMSIH\TCGA-3L-AA1B_nonMSIH_x22064_y5856_patch00852.png,TCGA-3L-AA1B_nonMSIH_x22064_y5856_patch00852.png,852,22064,5856,232.27,215.64,222.98,23.55,39.17,31.11
D:/Aamir Gulzar/KSA_project2/dataset/patch_data\TCGA-3L-AA1B_nonMSIH\TCGA-3L-AA1B_nonMSIH_x22064_y6368_patch00853.png,TCGA-3L-AA1B_nonMSIH_x22064_y6368_patch00853.png,853,22064,6368,238.01,229.56,233.49,15.77,28.71,22.52
D:/Aamir Gulzar/KSA_project2/dataset/patch_data\TCGA-3L-AA1B_nonMSIH\TCGA-3L-AA1B_nonMSIH_x22064_y736_patch00842.png,TCGA-3L-AA1B_nonMSIH_x22064_y736_patch00842.png,842,22064,736,182.51,177.67,177.75,82.8,84.24,83.52
D:/Aamir Gulzar/KSA_project2/dataset/patch_data\TCGA-3L-AA1B_nonMSIH\TCGA-3L-AA1B_nonMSIH_x22064_y7392_patch00854.png,TCGA-3L-AA1B_nonMSIH_x22064_y7392_patch00854.png,854,22064,7392,234.27,219.58,225.98,20.91,36.84,28.0
D:/Aamir Gulzar/KSA_project2/dataset/patch_data\TCGA-3L-AA1B_nonMSIH\TCGA-3L-AA1B_nonMSIH_x22064_y7904_patch00855.png,TCGA-3L-AA1B_nonMSIH_x22064_y7904_patch00855.png,855,22064,7904,214.83,162.91,188.41,34.86,42.6,34.14
D:/Aamir Gulzar/KSA_project2/dataset/patch_data\TCGA-3L-AA1B_nonMSIH\TCGA-3L-AA1B_nonMSIH_x22064_y8416_patch00856.png,TCGA-3L-AA1B_nonMSIH_x22064_y8416_patch00856.png,856,22064,8416,192.78,124.29,161.01,44.23,39.67,33.59
D:/Aamir Gulzar/KSA_project2/dataset/patch_data\TCGA-3L-AA1B_nonMSIH\TCGA-3L-AA1B_nonMSIH_x22064_y8928_patch00857.png,TCGA-3L-AA1B_nonMSIH_x22064_y8928_patch00857.png,857,22064,8928,199.58,123.91,162.1,31.37,29.99,25.3
D:/Aamir Gulzar/KSA_project2/dataset/patch_data\TCGA-3L-AA1B_nonMSIH\TCGA-3L-AA1B_nonMSIH_x22064_y9440_patch00858.png,TCGA-3L-AA1B_nonMSIH_x22064_y9440_patch00858.png,858,22064,9440,197.15,119.75,159.25,29.01,25.21,21.91
D:/Aamir Gulzar/KSA_project2/dataset/patch_data\TCGA-3L-AA1B_nonMSIH\TCGA-3L-AA1B_nonMSIH_x22064_y9952_patch00859.png,TCGA-3L-AA1B_nonMSIH_x22064_y9952_patch00859.png,859,22064,9952,196.74,127.82,165.15,30.76,30.65,26.12
D:/Aamir Gulzar/KSA_project2/dataset/patch_data\TCGA-3L-AA1B_nonMSIH\TCGA-3L-AA1B_nonMSIH_x22576_y10464_patch00898.png,TCGA-3L-AA1B_nonMSIH_x22576_y10464_patch00898.png,898,22576,10464,185.26,140.41,173.55,43.95,46.82,38.23
D:/Aamir Gulzar/KSA_project2/dataset/patch_data\TCGA-3L-AA1B_nonMSIH\TCGA-3L-AA1B_nonMSIH_x22576_y10976_patch00899.png,TCGA-3L-AA1B_nonMSIH_x22576_y10976_patch00899.png,899,22576,10976,172.08,132.75,166.0,54.41,62.21,49.89
D:/Aamir Gulzar/KSA_project2/dataset/patch_data\TCGA-3L-AA1B_nonMSIH\TCGA-3L-AA1B_nonMSIH_x22576_y11488_patch00900.png,TCGA-3L-AA1B_nonMSIH_x22576_y11488_patch00900.png,900,22576,11488,154.02,108.37,149.07,49.26,51.04,42.55
D:/Aamir Gulzar/KSA_project2/dataset/patch_data\TCGA-3L-AA1B_nonMSIH\TCGA-3L-AA1B_nonMSIH_x22576_y12000_patch00901.png,TCGA-3L-AA1B_nonMSIH_x22576_y12000_patch00901.png,901,22576,12000,186.15,147.82,177.88,47.54,58.31,45.79
D:/Aamir Gulzar/KSA_project2/dataset/patch_data\TCGA-3L-AA1B_nonMSIH\TCGA-3L-AA1B_nonMSIH_x22576_y1248_patch00882.png,TCGA-3L-AA1B_nonMSIH_x22576_y1248_patch00882.png,882,22576,1248,204.3,188.57,194.07,60.84,64.11,62.65
D:/Aamir Gulzar/KSA_project2/dataset/patch_data\TCGA-3L-AA1B_nonMSIH\TCGA-3L-AA1B_nonMSIH_x22576_y12512_patch00902.png,TCGA-3L-AA1B_nonMSIH_x22576_y12512_patch00902.png,902,22576,12512,179.18,130.05,164.43,50.17,53.3,44.37
D:/Aamir Gulzar/KSA_project2/dataset/patch_data\TCGA-3L-AA1B_nonMSIH\TCGA-3L-AA1B_nonMSIH_x22576_y13024_patch00903.png,TCGA-3L-AA1B_nonMSIH_x22576_y13024_patch00903.png,903,22576,13024,176.96,124.89,161.11,49.47,48.23,40.76
D:/Aamir Gulzar/KSA_project2/dataset/patch_data\TCGA-3L-AA1B_nonMSIH\TCGA-3L-AA1B_nonMSIH_x22576_y13536_patch00904.png,TCGA-3L-AA1B_nonMSIH_x22576_y13536_patch00904.png,904,22576,13536,191.21,130.12,165.44,39.86,42.7,35.96
D:/Aamir Gulzar/KSA_project2/dataset/patch_data\TCGA-3L-AA1B_nonMSIH\TCGA-3L-AA1B_nonMSIH_x22576_y14048_patch00905.png,TCGA-3L-AA1B_nonMSIH_x22576_y14048_patch00905.png,905,22576,14048,176.53,119.0,158.04,43.44,39.9,33.02
D:/Aamir Gulzar/KSA_project2/dataset/patch_data\TCGA-3L-AA1B_nonMSIH\TCGA-3L-AA1B_nonMSIH_x22576_y14560_patch00906.png,TCGA-3L-AA1B_nonMSIH_x22576_y14560_patch00906.png,906,22576,14560,158.71,120.4,157.27,54.23,60.73,47.41
D:/Aamir Gulzar/KSA_project2/dataset/patch_data\TCGA-3L-AA1B_nonMSIH\TCGA-3L-AA1B_nonMSIH_x22576_y15072_patch00907.png,TCGA-3L-AA1B_nonMSIH_x22576_y15072_patch00907.png,907,22576,15072,171.56,130.99,166.35,48.92,52.54,41.52
D:/Aamir Gulzar/KSA_project2/dataset/patch_data\TCGA-3L-AA1B_nonMSIH\TCGA-3L-AA1B_nonMSIH_x22576_y15584_patch00908.png,TCGA-3L-AA1B_nonMSIH_x22576_y15584_patch00908.png,908,22576,15584,160.76,119.45,157.18,51.61,55.74,44.4
D:/Aamir Gulzar/KSA_project2/dataset/patch_data\TCGA-3L-AA1B_nonMSIH\TCGA-3L-AA1B_nonMSIH_x22576_y16096_patch00909.png,TCGA-3L-AA1B_nonMSIH_x22576_y16096_patch00909.png,909,22576,16096,162.44,118.3,156.97,49.01,50.68,41.49
D:/Aamir Gulzar/KSA_project2/dataset/patch_data\TCGA-3L-AA1B_nonMSIH\TCGA-3L-AA1B_nonMSIH_x22576_y16608_patch00910.png,TCGA-3L-AA1B_nonMSIH_x22576_y16608_patch00910.png,910,22576,16608,180.98,130.58,166.62,43.3,44.48,36.02
D:/Aamir Gulzar/KSA_project2/dataset/patch_data\TCGA-3L-AA1B_nonMSIH\TCGA-3L-AA1B_nonMSIH_x22576_y17120_patch00911.png,TCGA-3L-AA1B_nonMSIH_x22576_y17120_patch00911.png,911,22576,17120,166.24,108.68,149.51,45.2,43.67,36.53
D:/Aamir Gulzar/KSA_project2/dataset/patch_data\TCGA-3L-AA1B_nonMSIH\TCGA-3L-AA1B_nonMSIH_x22576_y1760_patch00883.png,TCGA-3L-AA1B_nonMSIH_x22576_y1760_patch00883.png,883,22576,1760,228.09,209.01,216.94,24.25,37.79,31.71
D:/Aamir Gulzar/KSA_project2/dataset/patch_data\TCGA-3L-AA1B_nonMSIH\TCGA-3L-AA1B_nonMSIH_x22576_y17632_patch00912.png,TCGA-3L-AA1B_nonMSIH_x22576_y17632_patch00912.png,912,22576,17632,165.73,119.2,158.14,46.12,48.47,38.45
D:/Aamir Gulzar/KSA_project2/dataset/patch_data\TCGA-3L-AA1B_nonMSIH\TCGA-3L-AA1B_nonMSIH_x22576_y18144_patch00913.png,TCGA-3L-AA1B_nonMSIH_x22576_y18144_patch00913.png,913,22576,18144,164.97,118.67,157.42,47.18,50.53,40.87
D:/Aamir Gulzar/KSA_project2/dataset/patch_data\TCGA-3L-AA1B_nonMSIH\TCGA-3L-AA1B_nonMSIH_x22576_y18656_patch00914.png,TCGA-3L-AA1B_nonMSIH_x22576_y18656_patch00914.png,914,22576,18656,152.84,108.0,148.57,49.25,51.33,42.86
D:/Aamir Gulzar/KSA_project2/dataset/patch_data\TCGA-3L-AA1B_nonMSIH\TCGA-3L-AA1B_nonMSIH_x22576_y19168_patch00915.png,TCGA-3L-AA1B_nonMSIH_x22576_y19168_patch00915.png,915,22576,19168,149.34,102.62,143.39,51.21,52.69,44.91
D:/Aamir Gulzar/KSA_project2/dataset/patch_data\TCGA-3L-AA1B_nonMSIH\TCGA-3L-AA1B_nonMSIH_x22576_y19680_patch00916.png,TCGA-3L-AA1B_nonMSIH_x22576_y19680_patch00916.png,916,22576,19680,161.56,120.43,158.11,48.16,52.24,42.31
D:/Aamir Gulzar/KSA_project2/dataset/patch_data\TCGA-3L-AA1B_nonMSIH\TCGA-3L-AA1B_nonMSIH_x22576_y20192_patch00917.png,TCGA-3L-AA1B_nonMSIH_x22576_y20192_patch00917.png,917,22576,20192,192.9,164.59,187.62,52.43,66.05,49.58
D:/Aamir Gulzar/KSA_project2/dataset/patch_data\TCGA-3L-AA1B_nonMSIH\TCGA-3L-AA1B_nonMSIH_x22576_y2272_patch00884.png,TCGA-3L-AA1B_nonMSIH_x22576_y2272_patch00884.png,884,22576,2272,216.21,200.3,206.62,49.06,54.26,51.59
D:/Aamir Gulzar/KSA_project2/dataset/patch_data\TCGA-3L-AA1B_nonMSIH\TCGA-3L-AA1B_nonMSIH_x22576_y2784_patch00885.png,TCGA-3L-AA1B_nonMSIH_x22576_y2784_patch00885.png,885,22576,2784,216.8,206.21,209.72,50.48,54.62,52.98
D:/Aamir Gulzar/KSA_project2/dataset/patch_data\TCGA-3L-AA1B_nonMSIH\TCGA-3L-AA1B_nonMSIH_x22576_y3296_patch00886.png,TCGA-3L-AA1B_nonMSIH_x22576_y3296_patch00886.png,886,22576,3296,235.97,229.13,231.57,23.03,29.86,26.02
D:/Aamir Gulzar/KSA_project2/dataset/patch_data\TCGA-3L-AA1B_nonMSIH\TCGA-3L-AA1B_nonMSIH_x22576_y3808_patch00887.png,TCGA-3L-AA1B_nonMSIH_x22576_y3808_patch00887.png,887,22576,3808,228.48,219.01,223.03,37.35,45.2,39.85
D:/Aamir Gulzar/KSA_project2/dataset/patch_data\TCGA-3L-AA1B_nonMSIH\TCGA-3L-AA1B_nonMSIH_x22576_y4320_patch00888.png,TCGA-3L-AA1B_nonMSIH_x22576_y4320_patch00888.png,888,22576,4320,233.28,227.48,229.63,30.66,37.01,32.78
D:/Aamir Gulzar/KSA_project2/dataset/patch_data\TCGA-3L-AA1B_nonMSIH\TCGA-3L-AA1B_nonMSIH_x22576_y4832_patch00889.png,TCGA-3L-AA1B_nonMSIH_x22576_y4832_patch00889.png,889,22576,4832,226.35,214.44,220.05,35.49,45.26,38.86
D:/Aamir Gulzar/KSA_project2/dataset/patch_data\TCGA-3L-AA1B_nonMSIH\TCGA-3L-AA1B_nonMSIH_x22576_y5344_patch00890.png,TCGA-3L-AA1B_nonMSIH_x22576_y5344_patch00890.png,890,22576,5344,229.58,218.29,223.47,33.12,43.3,36.83
D:/Aamir Gulzar/KSA_project2/dataset/patch_data\TCGA-3L-AA1B_nonMSIH\TCGA-3L-AA1B_nonMSIH_x22576_y5856_patch00891.png,TCGA-3L-AA1B_nonMSIH_x22576_y5856_patch00891.png,891,22576,5856,236.12,226.42,230.71,20.49,33.8,26.83
D:/Aamir Gulzar/KSA_project2/dataset/patch_data\TCGA-3L-AA1B_nonMSIH\TCGA-3L-AA1B_nonMSIH_x22576_y736_patch00881.png,TCGA-3L-AA1B_nonMSIH_x22576_y736_patch00881.png,881,22576,736,212.38,209.45,209.38,66.23,68.25,67.82
D:/Aamir Gulzar/KSA_project2/dataset/patch_data\TCGA-3L-AA1B_nonMSIH\TCGA-3L-AA1B_nonMSIH_x22576_y7392_patch00892.png,TCGA-3L-AA1B_nonMSIH_x22576_y7392_patch00892.png,892,22576,7392,229.34,198.77,212.29,22.82,44.59,33.46
D:/Aamir Gulzar/KSA_project2/dataset/patch_data\TCGA-3L-AA1B_nonMSIH\TCGA-3L-AA1B_nonMSIH_x22576_y7904_patch00893.png,TCGA-3L-AA1B_nonMSIH_x22576_y7904_patch00893.png,893,22576,7904,190.56,136.96,168.03,58.25,53.49,45.42
D:/Aamir Gulzar/KSA_project2/dataset/patch_data\TCGA-3L-AA1B_nonMSIH\TCGA-3L-AA1B_nonMSIH_x22576_y8416_patch00894.png,TCGA-3L-AA1B_nonMSIH_x22576_y8416_patch00894.png,894,22576,8416,190.67,112.22,151.49,43.72,36.12,31.6
D:/Aamir Gulzar/KSA_project2/dataset/patch_data\TCGA-3L-AA1B_nonMSIH\TCGA-3L-AA1B_nonMSIH_x22576_y8928_patch00895.png,TCGA-3L-AA1B_nonMSIH_x22576_y8928_patch00895.png,895,22576,8928,199.22,130.02,166.65,31.42,34.09,28.04
D:/Aamir Gulzar/KSA_project2/dataset/patch_data\TCGA-3L-AA1B_nonMSIH\TCGA-3L-AA1B_nonMSIH_x22576_y9440_patch00896.png,TCGA-3L-AA1B_nonMSIH_x22576_y9440_patch00896.png,896,22576,9440,200.57,137.33,172.67,26.52,29.6,24.23
D:/Aamir Gulzar/KSA_project2/dataset/patch_data\TCGA-3L-AA1B_nonMSIH\TCGA-3L-AA1B_nonMSIH_x22576_y9952_patch00897.png,TCGA-3L-AA1B_nonMSIH_x22576_y9952_patch00897.png,897,22576,9952,199.85,149.96,181.22,31.08,36.53,29.79
D:/Aamir Gulzar/KSA_project2/dataset/patch_data\TCGA-3L-AA1B_nonMSIH\TCGA-3L-AA1B_nonMSIH_x23088_y10464_patch00934.png,TCGA-3L-AA1B_nonMSIH_x23088_y10464_patch00934.png,934,23088,10464,209.14,172.56,195.98,32.71,41.79,32.71
D:/Aamir Gulzar/KSA_project2/dataset/patch_data\TCGA-3L-AA1B_nonMSIH\TCGA-3L-AA1B_nonMSIH_x23088_y10976_patch00935.png,TCGA-3L-AA1B_nonMSIH_x23088_y10976_patch00935.png,935,23088,10976,190.38,148.09,178.88,41.05,45.54,37.54
D:/Aamir Gulzar/KSA_project2/dataset/patch_data\TCGA-3L-AA1B_nonMSIH\TCGA-3L-AA1B_nonMSIH_x23088_y11488_patch00936.png,TCGA-3L-AA1B_nonMSIH_x23088_y11488_patch00936.png,936,23088,11488,179.16,123.89,161.51,41.67,40.46,34.1
D:/Aamir Gulzar/KSA_project2/dataset/patch_data\TCGA-3L-AA1B_nonMSIH\TCGA-3L-AA1B_nonMSIH_x23088_y12000_patch00937.png,TCGA-3L-AA1B_nonMSIH_x23088_y12000_patch00937.png,937,23088,12000,185.36,134.85,169.35,42.08,44.36,37.89
D:/Aamir Gulzar/KSA_project2/dataset/patch_data\TCGA-3L-AA1B_nonMSIH\TCGA-3L-AA1B_nonMSIH_x23088_y1248_patch00918.png,TCGA-3L-AA1B_nonMSIH_x23088_y1248_patch00918.png,918,23088,1248,200.91,193.61,195.16,68.8,70.01,69.67
D:/Aamir Gulzar/KSA_project2/dataset/patch_data\TCGA-3L-AA1B_nonMSIH\TCGA-3L-AA1B_nonMSIH_x23088_y12512_patch00938.png,TCGA-3L-AA1B_nonMSIH_x23088_y12512_patch00938.png,938,23088,12512,187.17,142.57,174.24,45.19,51.86,42.48
D:/Aamir Gulzar/KSA_project2/dataset/patch_data\TCGA-3L-AA1B_nonMSIH\TCGA-3L-AA1B_nonMSIH_x23088_y13024_patch00939.png,TCGA-3L-AA1B_nonMSIH_x23088_y13024_patch00939.png,939,23088,13024,174.88,122.7,159.98,45.63,45.86,38.97
D:/Aamir Gulzar/KSA_project2/dataset/patch_data\TCGA-3L-AA1B_nonMSIH\TCGA-3L-AA1B_nonMSIH_x23088_y13536_patch00940.png,TCGA-3L-AA1B_nonMSIH_x23088_y13536_patch00940.png,940,23088,13536,185.86,116.71,155.19,39.96,38.43,33.1
D:/Aamir Gulzar/KSA_project2/dataset/patch_data\TCGA-3L-AA1B_nonMSIH\TCGA-3L-AA1B_nonMSIH_x23088_y14048_patch00941.png,TCGA-3L-AA1B_nonMSIH_x23088_y14048_patch00941.png,941,23088,14048,167.44,114.74,154.33,47.47,45.14,36.83
D:/Aamir Gulzar/KSA_project2/dataset/patch_data\TCGA-3L-AA1B_nonMSIH\TCGA-3L-AA1B_nonMSIH_x23088_y14560_patch00942.png,TCGA-3L-AA1B_nonMSIH_x23088_y14560_patch00942.png,942,23088,14560,172.25,130.78,164.87,52.66,59.16,46.55
D:/Aamir Gulzar/KSA_project2/dataset/patch_data\TCGA-3L-AA1B_nonMSIH\TCGA-3L-AA1B_nonMSIH_x23088_y15072_patch00943.png,TCGA-3L-AA1B_nonMSIH_x23088_y15072_patch00943.png,943,23088,15072,156.33,116.85,155.58,47.95,53.87,42.49
D:/Aamir Gulzar/KSA_project2/dataset/patch_data\TCGA-3L-AA1B_nonMSIH\TCGA-3L-AA1B_nonMSIH_x23088_y15584_patch00944.png,TCGA-3L-AA1B_nonMSIH_x23088_y15584_patch00944.png,944,23088,15584,173.12,140.84,170.89,58.44,73.18,55.01
D:/Aamir Gulzar/KSA_project2/dataset/patch_data\TCGA-3L-AA1B_nonMSIH\TCGA-3L-AA1B_nonMSIH_x23088_y16096_patch00945.png,TCGA-3L-AA1B_nonMSIH_x23088_y16096_patch00945.png,945,23088,16096,161.81,122.05,158.91,50.68,60.73,46.6
D:/Aamir Gulzar/KSA_project2/dataset/patch_data\TCGA-3L-AA1B_nonMSIH\TCGA-3L-AA1B_nonMSIH_x23088_y16608_patch00946.png,TCGA-3L-AA1B_nonMSIH_x23088_y16608_patch00946.png,946,23088,16608,159.81,119.73,156.97,51.61,60.87,47.32
D:/Aamir Gulzar/KSA_project2/dataset/patch_data\TCGA-3L-AA1B_nonMSIH\TCGA-3L-AA1B_nonMSIH_x23088_y17120_patch00947.png,TCGA-3L-AA1B_nonMSIH_x23088_y17120_patch00947.png,947,23088,17120,163.13,122.93,160.15,49.16,56.87,44.1
D:/Aamir Gulzar/KSA_project2/dataset/patch_data\TCGA-3L-AA1B_nonMSIH\TCGA-3L-AA1B_nonMSIH_x23088_y1760_patch00919.png,TCGA-3L-AA1B_nonMSIH_x23088_y1760_patch00919.png,919,23088,1760,234.29,222.04,226.83,17.78,30.08,25.1
D:/Aamir Gulzar/KSA_project2/dataset/patch_data\TCGA-3L-AA1B_nonMSIH\TCGA-3L-AA1B_nonMSIH_x23088_y17632_patch00948.png,TCGA-3L-AA1B_nonMSIH_x23088_y17632_patch00948.png,948,23088,17632,166.0,124.77,160.26,52.94,62.47,48.86
D:/Aamir Gulzar/KSA_project2/dataset/patch_data\TCGA-3L-AA1B_nonMSIH\TCGA-3L-AA1B_nonMSIH_x23088_y18144_patch00949.png,TCGA-3L-AA1B_nonMSIH_x23088_y18144_patch00949.png,949,23088,18144,161.14,114.37,154.25,45.49,44.63,37.21
D:/Aamir Gulzar/KSA_project2/dataset/patch_data\TCGA-3L-AA1B_nonMSIH\TCGA-3L-AA1B_nonMSIH_x23088_y18656_patch00950.png,TCGA-3L-AA1B_nonMSIH_x23088_y18656_patch00950.png,950,23088,18656,170.87,116.0,155.3,44.46,40.49,34.71
D:/Aamir Gulzar/KSA_project2/dataset/patch_data\TCGA-3L-AA1B_nonMSIH\TCGA-3L-AA1B_nonMSIH_x23088_y19168_patch00951.png,TCGA-3L-AA1B_nonMSIH_x23088_y19168_patch00951.png,951,23088,19168,157.71,113.42,152.77,46.61,48.6,40.27
D:/Aamir Gulzar/KSA_project2/dataset/patch_data\TCGA-3L-AA1B_nonMSIH\TCGA-3L-AA1B_nonMSIH_x23088_y19680_patch00952.png,TCGA-3L-AA1B_nonMSIH_x23088_y19680_patch00952.png,952,23088,19680,174.12,139.9,171.23,50.91,61.68,47.35
D:/Aamir Gulzar/KSA_project2/dataset/patch_data\TCGA-3L-AA1B_nonMSIH\TCGA-3L-AA1B_nonMSIH_x23088_y20192_patch00953.png,TCGA-3L-AA1B_nonMSIH_x23088_y20192_patch00953.png,953,23088,20192,224.18,215.7,222.69,40.12,52.77,39.67
D:/Aamir Gulzar/KSA_project2/dataset/patch_data\TCGA-3L-AA1B_nonMSIH\TCGA-3L-AA1B_nonMSIH_x23088_y2272_patch00920.png,TCGA-3L-AA1B_nonMSIH_x23088_y2272_patch00920.png,920,23088,2272,225.99,209.29,216.25,37.67,45.22,40.93
D:/Aamir Gulzar/KSA_project2/dataset/patch_data\TCGA-3L-AA1B_nonMSIH\TCGA-3L-AA1B_nonMSIH_x23088_y2784_patch00921.png,TCGA-3L-AA1B_nonMSIH_x23088_y2784_patch00921.png,921,23088,2784,199.29,187.22,190.25,65.1,68.17,66.84
D:/Aamir Gulzar/KSA_project2/dataset/patch_data\TCGA-3L-AA1B_nonMSIH\TCGA-3L-AA1B_nonMSIH_x23088_y3296_patch00922.png,TCGA-3L-AA1B_nonMSIH_x23088_y3296_patch00922.png,922,23088,3296,222.5,205.66,211.62,31.17,40.25,36.31
D:/Aamir Gulzar/KSA_project2/dataset/patch_data\TCGA-3L-AA1B_nonMSIH\TCGA-3L-AA1B_nonMSIH_x23088_y3808_patch00923.png,TCGA-3L-AA1B_nonMSIH_x23088_y3808_patch00923.png,923,23088,3808,224.17,206.32,213.8,33.93,43.5,37.94
D:/Aamir Gulzar/KSA_project2/dataset/patch_data\TCGA-3L-AA1B_nonMSIH\TCGA-3L-AA1B_nonMSIH_x23088_y4320_patch00924.png,TCGA-3L-AA1B_nonMSIH_x23088_y4320_patch00924.png,924,23088,4320,230.58,214.63,221.59,21.82,34.94,28.54
D:/Aamir Gulzar/KSA_project2/dataset/patch_data\TCGA-3L-AA1B_nonMSIH\TCGA-3L-AA1B_nonMSIH_x23088_y4832_patch00925.png,TCGA-3L-AA1B_nonMSIH_x23088_y4832_patch00925.png,925,23088,4832,235.47,226.0,230.14,19.35,31.23,25.22
D:/Aamir Gulzar/KSA_project2/dataset/patch_data\TCGA-3L-AA1B_nonMSIH\TCGA-3L-AA1B_nonMSIH_x23088_y5344_patch00926.png,TCGA-3L-AA1B_nonMSIH_x23088_y5344_patch00926.png,926,23088,5344,237.43,230.23,233.34,16.97,28.77,23.1
D:/Aamir Gulzar/KSA_project2/dataset/patch_data\TCGA-3L-AA1B_nonMSIH\TCGA-3L-AA1B_nonMSIH_x23088_y5856_patch00927.png,TCGA-3L-AA1B_nonMSIH_x23088_y5856_patch00927.png,927,23088,5856,236.39,226.06,230.68,18.01,32.47,25.71
D:/Aamir Gulzar/KSA_project2/dataset/patch_data\TCGA-3L-AA1B_nonMSIH\TCGA-3L-AA1B_nonMSIH_x23088_y7392_patch00928.png,TCGA-3L-AA1B_nonMSIH_x23088_y7392_patch00928.png,928,23088,7392,222.29,178.45,198.67,29.04,46.2,35.21
D:/Aamir Gulzar/KSA_project2/dataset/patch_data\TCGA-3L-AA1B_nonMSIH\TCGA-3L-AA1B_nonMSIH_x23088_y7904_patch00929.png,TCGA-3L-AA1B_nonMSIH_x23088_y7904_patch00929.png,929,23088,7904,165.95,123.8,156.17,68.26,63.04,54.6
D:/Aamir Gulzar/KSA_project2/dataset/patch_data\TCGA-3L-AA1B_nonMSIH\TCGA-3L-AA1B_nonMSIH_x23088_y8416_patch00930.png,TCGA-3L-AA1B_nonMSIH_x23088_y8416_patch00930.png,930,23088,8416,197.36,124.77,161.58,34.38,35.92,30.66
D:/Aamir Gulzar/KSA_project2/dataset/patch_data\TCGA-3L-AA1B_nonMSIH\TCGA-3L-AA1B_nonMSIH_x23088_y8928_patch00931.png,TCGA-3L-AA1B_nonMSIH_x23088_y8928_patch00931.png,931,23088,8928,201.26,137.14,172.12,29.53,31.82,26.55
D:/Aamir Gulzar/KSA_project2/dataset/patch_data\TCGA-3L-AA1B_nonMSIH\TCGA-3L-AA1B_nonMSIH_x23088_y9440_patch00932.png,TCGA-3L-AA1B_nonMSIH_x23088_y9440_patch00932.png,932,23088,9440,199.15,144.86,175.86,39.88,50.91,39.0
D:/Aamir Gulzar/KSA_project2/dataset/patch_data\TCGA-3L-AA1B_nonMSIH\TCGA-3L-AA1B_nonMSIH_x23088_y9952_patch00933.png,TCGA-3L-AA1B_nonMSIH_x23088_y9952_patch00933.png,933,23088,9952,203.3,155.78,184.08,37.62,46.08,36.06
D:/Aamir Gulzar/KSA_project2/dataset/patch_data\TCGA-3L-AA1B_nonMSIH\TCGA-3L-AA1B_nonMSIH_x23600_y10976_patch00968.png,TCGA-3L-AA1B_nonMSIH_x23600_y10976_patch00968.png,968,23600,10976,209.04,188.52,204.7,48.21,61.65,46.89
D:/Aamir Gulzar/KSA_project2/dataset/patch_data\TCGA-3L-AA1B_nonMSIH\TCGA-3L-AA1B_nonMSIH_x23600_y11488_patch00969.png,TCGA-3L-AA1B_nonMSIH_x23600_y11488_patch00969.png,969,23600,11488,211.41,191.56,206.85,47.53,62.03,47.33
D:/Aamir Gulzar/KSA_project2/dataset/patch_data\TCGA-3L-AA1B_nonMSIH\TCGA-3L-AA1B_nonMSIH_x23600_y12000_patch00970.png,TCGA-3L-AA1B_nonMSIH_x23600_y12000_patch00970.png,970,23600,12000,196.1,157.23,184.29,44.12,55.22,42.95
D:/Aamir Gulzar/KSA_project2/dataset/patch_data\TCGA-3L-AA1B_nonMSIH\TCGA-3L-AA1B_nonMSIH_x23600_y1248_patch00955.png,TCGA-3L-AA1B_nonMSIH_x23600_y1248_patch00955.png,955,23600,1248,231.18,217.34,222.89,22.99,38.08,31.21
D:/Aamir Gulzar/KSA_project2/dataset/patch_data\TCGA-3L-AA1B_nonMSIH\TCGA-3L-AA1B_nonMSIH_x23600_y12512_patch00971.png,TCGA-3L-AA1B_nonMSIH_x23600_y12512_patch00971.png,971,23600,12512,203.4,169.78,193.84,38.62,51.88,39.69
D:/Aamir Gulzar/KSA_project2/dataset/patch_data\TCGA-3L-AA1B_nonMSIH\TCGA-3L-AA1B_nonMSIH_x23600_y13024_patch00972.png,TCGA-3L-AA1B_nonMSIH_x23600_y13024_patch00972.png,972,23600,13024,188.45,151.24,179.28,50.99,64.41,49.15
D:/Aamir Gulzar/KSA_project2/dataset/patch_data\TCGA-3L-AA1B_nonMSIH\TCGA-3L-AA1B_nonMSIH_x23600_y13536_patch00973.png,TCGA-3L-AA1B_nonMSIH_x23600_y13536_patch00973.png,973,23600,13536,192.1,131.92,166.28,42.09,48.06,38.37
D:/Aamir Gulzar/KSA_project2/dataset/patch_data\TCGA-3L-AA1B_nonMSIH\TCGA-3L-AA1B_nonMSIH_x23600_y14048_patch00974.png,TCGA-3L-AA1B_nonMSIH_x23600_y14048_patch00974.png,974,23600,14048,177.15,128.51,164.47,48.75,51.04,40.06
D:/Aamir Gulzar/KSA_project2/dataset/patch_data\TCGA-3L-AA1B_nonMSIH\TCGA-3L-AA1B_nonMSIH_x23600_y14560_patch00975.png,TCGA-3L-AA1B_nonMSIH_x23600_y14560_patch00975.png,975,23600,14560,171.61,134.46,167.99,51.97,61.0,46.6
D:/Aamir Gulzar/KSA_project2/dataset/patch_data\TCGA-3L-AA1B_nonMSIH\TCGA-3L-AA1B_nonMSIH_x23600_y15072_patch00976.png,TCGA-3L-AA1B_nonMSIH_x23600_y15072_patch00976.png,976,23600,15072,158.94,118.77,157.54,47.8,50.23,40.51
D:/Aamir Gulzar/KSA_project2/dataset/patch_data\TCGA-3L-AA1B_nonMSIH\TCGA-3L-AA1B_nonMSIH_x23600_y15584_patch00977.png,TCGA-3L-AA1B_nonMSIH_x23600_y15584_patch00977.png,977,23600,15584,179.16,147.03,174.95,59.01,72.17,55.0
D:/Aamir Gulzar/KSA_project2/dataset/patch_data\TCGA-3L-AA1B_nonMSIH\TCGA-3L-AA1B_nonMSIH_x23600_y16096_patch00978.png,TCGA-3L-AA1B_nonMSIH_x23600_y16096_patch00978.png,978,23600,16096,174.61,140.36,170.62,57.28,74.24,54.82
D:/Aamir Gulzar/KSA_project2/dataset/patch_data\TCGA-3L-AA1B_nonMSIH\TCGA-3L-AA1B_nonMSIH_x23600_y16608_patch00979.png,TCGA-3L-AA1B_nonMSIH_x23600_y16608_patch00979.png,979,23600,16608,150.67,105.65,145.02,54.39,59.9,48.32
D:/Aamir Gulzar/KSA_project2/dataset/patch_data\TCGA-3L-AA1B_nonMSIH\TCGA-3L-AA1B_nonMSIH_x23600_y17120_patch00980.png,TCGA-3L-AA1B_nonMSIH_x23600_y17120_patch00980.png,980,23600,17120,149.59,106.75,147.76,47.75,52.31,41.46
D:/Aamir Gulzar/KSA_project2/dataset/patch_data\TCGA-3L-AA1B_nonMSIH\TCGA-3L-AA1B_nonMSIH_x23600_y1760_patch00956.png,TCGA-3L-AA1B_nonMSIH_x23600_y1760_patch00956.png,956,23600,1760,236.73,226.94,230.96,14.68,26.48,21.23
D:/Aamir Gulzar/KSA_project2/dataset/patch_data\TCGA-3L-AA1B_nonMSIH\TCGA-3L-AA1B_nonMSIH_x23600_y17632_patch00981.png,TCGA-3L-AA1B_nonMSIH_x23600_y17632_patch00981.png,981,23600,17632,166.01,129.04,162.82,55.75,67.26,51.17
D:/Aamir Gulzar/KSA_project2/dataset/patch_data\TCGA-3L-AA1B_nonMSIH\TCGA-3L-AA1B_nonMSIH_x23600_y18144_patch00982.png,TCGA-3L-AA1B_nonMSIH_x23600_y18144_patch00982.png,982,23600,18144,170.88,137.04,168.74,56.31,70.23,52.54
D:/Aamir Gulzar/KSA_project2/dataset/patch_data\TCGA-3L-AA1B_nonMSIH\TCGA-3L-AA1B_nonMSIH_x23600_y18656_patch00983.png,TCGA-3L-AA1B_nonMSIH_x23600_y18656_patch00983.png,983,23600,18656,149.66,106.63,148.13,45.57,46.51,39.25
D:/Aamir Gulzar/KSA_project2/dataset/patch_data\TCGA-3L-AA1B_nonMSIH\TCGA-3L-AA1B_nonMSIH_x23600_y19168_patch00984.png,TCGA-3L-AA1B_nonMSIH_x23600_y19168_patch00984.png,984,23600,19168,165.4,128.66,162.79,54.82,63.03,49.37
D:/Aamir Gulzar/KSA_project2/dataset/patch_data\TCGA-3L-AA1B_nonMSIH\TCGA-3L-AA1B_nonMSIH_x23600_y19680_patch00985.png,TCGA-3L-AA1B_nonMSIH_x23600_y19680_patch00985.png,985,23600,19680,182.32,146.28,175.8,48.59,56.44,43.49
D:/Aamir Gulzar/KSA_project2/dataset/patch_data\TCGA-3L-AA1B_nonMSIH\TCGA-3L-AA1B_nonMSIH_x23600_y20192_patch00986.png,TCGA-3L-AA1B_nonMSIH_x23600_y20192_patch00986.png,986,23600,20192,235.39,230.14,233.25,24.48,34.05,25.14
D:/Aamir Gulzar/KSA_project2/dataset/patch_data\TCGA-3L-AA1B_nonMSIH\TCGA-3L-AA1B_nonMSIH_x23600_y2272_patch00957.png,TCGA-3L-AA1B_nonMSIH_x23600_y2272_patch00957.png,957,23600,2272,230.3,209.28,219.18,22.23,36.57,28.23
D:/Aamir Gulzar/KSA_project2/dataset/patch_data\TCGA-3L-AA1B_nonMSIH\TCGA-3L-AA1B_nonMSIH_x23600_y2784_patch00958.png,TCGA-3L-AA1B_nonMSIH_x23600_y2784_patch00958.png,958,23600,2784,204.25,194.95,197.4,62.78,65.28,64.26
D:/Aamir Gulzar/KSA_project2/dataset/patch_data\TCGA-3L-AA1B_nonMSIH\TCGA-3L-AA1B_nonMSIH_x23600_y3296_patch00959.png,TCGA-3L-AA1B_nonMSIH_x23600_y3296_patch00959.png,959,23600,3296,192.04,179.66,182.99,67.16,69.16,67.52
D:/Aamir Gulzar/KSA_project2/dataset/patch_data\TCGA-3L-AA1B_nonMSIH\TCGA-3L-AA1B_nonMSIH_x23600_y3808_patch00960.png,TCGA-3L-AA1B_nonMSIH_x23600_y3808_patch00960.png,960,23600,3808,229.84,219.6,223.65,32.17,40.94,36.15
D:/Aamir Gulzar/KSA_project2/dataset/patch_data\TCGA-3L-AA1B_nonMSIH\TCGA-3L-AA1B_nonMSIH_x23600_y4832_patch00961.png,TCGA-3L-AA1B_nonMSIH_x23600_y4832_patch00961.png,961,23600,4832,239.38,236.39,238.03,18.3,26.38,20.22
D:/Aamir Gulzar/KSA_project2/dataset/patch_data\TCGA-3L-AA1B_nonMSIH\TCGA-3L-AA1B_nonMSIH_x23600_y5856_patch00962.png,TCGA-3L-AA1B_nonMSIH_x23600_y5856_patch00962.png,962,23600,5856,237.51,231.51,234.46,19.53,30.33,23.6
D:/Aamir Gulzar/KSA_project2/dataset/patch_data\TCGA-3L-AA1B_nonMSIH\TCGA-3L-AA1B_nonMSIH_x23600_y6880_patch00963.png,TCGA-3L-AA1B_nonMSIH_x23600_y6880_patch00963.png,963,23600,6880,234.83,222.97,228.37,21.55,35.93,27.93
D:/Aamir Gulzar/KSA_project2/dataset/patch_data\TCGA-3L-AA1B_nonMSIH\TCGA-3L-AA1B_nonMSIH_x23600_y736_patch00954.png,TCGA-3L-AA1B_nonMSIH_x23600_y736_patch00954.png,954,23600,736,183.02,176.18,177.17,80.78,82.63,81.71
D:/Aamir Gulzar/KSA_project2/dataset/patch_data\TCGA-3L-AA1B_nonMSIH\TCGA-3L-AA1B_nonMSIH_x23600_y7392_patch00964.png,TCGA-3L-AA1B_nonMSIH_x23600_y7392_patch00964.png,964,23600,7392,213.24,161.16,186.46,37.5,48.44,38.13
D:/Aamir Gulzar/KSA_project2/dataset/patch_data\TCGA-3L-AA1B_nonMSIH\TCGA-3L-AA1B_nonMSIH_x23600_y7904_patch00965.png,TCGA-3L-AA1B_nonMSIH_x23600_y7904_patch00965.png,965,23600,7904,164.93,122.21,156.04,66.33,60.61,52.32
D:/Aamir Gulzar/KSA_project2/dataset/patch_data\TCGA-3L-AA1B_nonMSIH\TCGA-3L-AA1B_nonMSIH_x23600_y8416_patch00966.png,TCGA-3L-AA1B_nonMSIH_x23600_y8416_patch00966.png,966,23600,8416,192.59,132.95,168.69,36.81,36.65,30.7
D:/Aamir Gulzar/KSA_project2/dataset/patch_data\TCGA-3L-AA1B_nonMSIH\TCGA-3L-AA1B_nonMSIH_x23600_y8928_patch00967.png,TCGA-3L-AA1B_nonMSIH_x23600_y8928_patch00967.png,967,23600,8928,201.94,146.92,178.81,32.05,39.6,30.63
D:/Aamir Gulzar/KSA_project2/dataset/patch_data\TCGA-3L-AA1B_nonMSIH\TCGA-3L-AA1B_nonMSIH_x24112_y11488_patch01000.png,TCGA-3L-AA1B_nonMSIH_x24112_y11488_patch01000.png,1000,24112,11488,203.84,167.37,190.39,45.25,62.07,47.01
D:/Aamir Gulzar/KSA_project2/dataset/patch_data\TCGA-3L-AA1B_nonMSIH\TCGA-3L-AA1B_nonMSIH_x24112_y12000_patch01001.png,TCGA-3L-AA1B_nonMSIH_x24112_y12000_patch01001.png,1001,24112,12000,202.12,176.87,196.86,49.34,60.6,46.7
D:/Aamir Gulzar/KSA_project2/dataset/patch_data\TCGA-3L-AA1B_nonMSIH\TCGA-3L-AA1B_nonMSIH_x24112_y1248_patch00988.png,TCGA-3L-AA1B_nonMSIH_x24112_y1248_patch00988.png,988,24112,1248,227.08,211.42,217.33,33.14,42.97,38.76
D:/Aamir Gulzar/KSA_project2/dataset/patch_data\TCGA-3L-AA1B_nonMSIH\TCGA-3L-AA1B_nonMSIH_x24112_y12512_patch01002.png,TCGA-3L-AA1B_nonMSIH_x24112_y12512_patch01002.png,1002,24112,12512,197.29,165.93,189.46,48.82,63.65,48.63
D:/Aamir Gulzar/KSA_project2/dataset/patch_data\TCGA-3L-AA1B_nonMSIH\TCGA-3L-AA1B_nonMSIH_x24112_y13024_patch01003.png,TCGA-3L-AA1B_nonMSIH_x24112_y13024_patch01003.png,1003,24112,13024,178.18,137.32,170.02,49.9,59.19,45.86
D:/Aamir Gulzar/KSA_project2/dataset/patch_data\TCGA-3L-AA1B_nonMSIH\TCGA-3L-AA1B_nonMSIH_x24112_y13536_patch01004.png,TCGA-3L-AA1B_nonMSIH_x24112_y13536_patch01004.png,1004,24112,13536,174.93,121.03,158.54,47.53,47.8,39.04
D:/Aamir Gulzar/KSA_project2/dataset/patch_data\TCGA-3L-AA1B_nonMSIH\TCGA-3L-AA1B_nonMSIH_x24112_y14048_patch01005.png,TCGA-3L-AA1B_nonMSIH_x24112_y14048_patch01005.png,1005,24112,14048,190.44,139.76,173.39,40.09,41.19,33.51
D:/Aamir Gulzar/KSA_project2/dataset/patch_data\TCGA-3L-AA1B_nonMSIH\TCGA-3L-AA1B_nonMSIH_x24112_y14560_patch01006.png,TCGA-3L-AA1B_nonMSIH_x24112_y14560_patch01006.png,1006,24112,14560,166.77,127.77,163.35,50.2,59.91,45.92
D:/Aamir Gulzar/KSA_project2/dataset/patch_data\TCGA-3L-AA1B_nonMSIH\TCGA-3L-AA1B_nonMSIH_x24112_y15072_patch01007.png,TCGA-3L-AA1B_nonMSIH_x24112_y15072_patch01007.png,1007,24112,15072,164.72,126.45,162.98,47.01,56.45,43.23
D:/Aamir Gulzar/KSA_project2/dataset/patch_data\TCGA-3L-AA1B_nonMSIH\TCGA-3L-AA1B_nonMSIH_x24112_y15584_patch01008.png,TCGA-3L-AA1B_nonMSIH_x24112_y15584_patch01008.png,1008,24112,15584,171.72,129.31,164.43,49.89,54.27,43.81
D:/Aamir Gulzar/KSA_project2/dataset/patch_data\TCGA-3L-AA1B_nonMSIH\TCGA-3L-AA1B_nonMSIH_x24112_y16096_patch01009.png,TCGA-3L-AA1B_nonMSIH_x24112_y16096_patch01009.png,1009,24112,16096,188.15,139.57,172.44,42.89,47.61,38.22
D:/Aamir Gulzar/KSA_project2/dataset/patch_data\TCGA-3L-AA1B_nonMSIH\TCGA-3L-AA1B_nonMSIH_x24112_y16608_patch01010.png,TCGA-3L-AA1B_nonMSIH_x24112_y16608_patch01010.png,1010,24112,16608,195.34,162.19,185.84,53.42,68.65,52.52
D:/Aamir Gulzar/KSA_project2/dataset/patch_data\TCGA-3L-AA1B_nonMSIH\TCGA-3L-AA1B_nonMSIH_x24112_y17120_patch01011.png,TCGA-3L-AA1B_nonMSIH_x24112_y17120_patch01011.png,1011,24112,17120,201.63,179.38,197.51,54.56,72.4,54.04
D:/Aamir Gulzar/KSA_project2/dataset/patch_data\TCGA-3L-AA1B_nonMSIH\TCGA-3L-AA1B_nonMSIH_x24112_y1760_patch00989.png,TCGA-3L-AA1B_nonMSIH_x24112_y1760_patch00989.png,989,24112,1760,237.12,227.53,231.29,14.58,26.63,21.53
D:/Aamir Gulzar/KSA_project2/dataset/patch_data\TCGA-3L-AA1B_nonMSIH\TCGA-3L-AA1B_nonMSIH_x24112_y17632_patch01012.png,TCGA-3L-AA1B_nonMSIH_x24112_y17632_patch01012.png,1012,24112,17632,184.93,155.93,180.12,61.88,78.39,59.73
D:/Aamir Gulzar/KSA_project2/dataset/patch_data\TCGA-3L-AA1B_nonMSIH\TCGA-3L-AA1B_nonMSIH_x24112_y18144_patch01013.png,TCGA-3L-AA1B_nonMSIH_x24112_y18144_patch01013.png,1013,24112,18144,196.06,166.8,187.11,57.44,77.78,59.28
D:/Aamir Gulzar/KSA_project2/dataset/patch_data\TCGA-3L-AA1B_nonMSIH\TCGA-3L-AA1B_nonMSIH_x24112_y18656_patch01014.png,TCGA-3L-AA1B_nonMSIH_x24112_y18656_patch01014.png,1014,24112,18656,207.55,189.67,204.75,52.15,69.19,51.45
D:/Aamir Gulzar/KSA_project2/dataset/patch_data\TCGA-3L-AA1B_nonMSIH\TCGA-3L-AA1B_nonMSIH_x24112_y19168_patch01015.png,TCGA-3L-AA1B_nonMSIH_x24112_y19168_patch01015.png,1015,24112,19168,218.05,207.12,217.64,44.57,58.51,43.24
D:/Aamir Gulzar/KSA_project2/dataset/patch_data\TCGA-3L-AA1B_nonMSIH\TCGA-3L-AA1B_nonMSIH_x24112_y2272_patch00990.png,TCGA-3L-AA1B_nonMSIH_x24112_y2272_patch00990.png,990,24112,2272,231.77,214.18,222.01,21.87,35.96,28.79
D:/Aamir Gulzar/KSA_project2/dataset/patch_data\TCGA-3L-AA1B_nonMSIH\TCGA-3L-AA1B_nonMSIH_x24112_y2784_patch00991.png,TCGA-3L-AA1B_nonMSIH_x24112_y2784_patch00991.png,991,24112,2784,221.33,207.77,213.19,50.6,54.07,52.02
D:/Aamir Gulzar/KSA_project2/dataset/patch_data\TCGA-3L-AA1B_nonMSIH\TCGA-3L-AA1B_nonMSIH_x24112_y3296_patch00992.png,TCGA-3L-AA1B_nonMSIH_x24112_y3296_patch00992.png,992,24112,3296,223.87,214.23,220.01,44.17,51.69,43.37
D:/Aamir Gulzar/KSA_project2/dataset/patch_data\TCGA-3L-AA1B_nonMSIH\TCGA-3L-AA1B_nonMSIH_x24112_y6880_patch00993.png,TCGA-3L-AA1B_nonMSIH_x24112_y6880_patch00993.png,993,24112,6880,235.18,220.65,226.72,19.82,35.73,27.54
D:/Aamir Gulzar/KSA_project2/dataset/patch_data\TCGA-3L-AA1B_nonMSIH\TCGA-3L-AA1B_nonMSIH_x24112_y736_patch00987.png,TCGA-3L-AA1B_nonMSIH_x24112_y736_patch00987.png,987,24112,736,152.03,147.46,147.88,94.06,94.09,93.12
D:/Aamir Gulzar/KSA_project2/dataset/patch_data\TCGA-3L-AA1B_nonMSIH\TCGA-3L-AA1B_nonMSIH_x24112_y7392_patch00994.png,TCGA-3L-AA1B_nonMSIH_x24112_y7392_patch00994.png,994,24112,7392,205.16,151.24,179.0,46.18,47.25,39.92
D:/Aamir Gulzar/KSA_project2/dataset/patch_data\TCGA-3L-AA1B_nonMSIH\TCGA-3L-AA1B_nonMSIH_x24112_y7904_patch00995.png,TCGA-3L-AA1B_nonMSIH_x24112_y7904_patch00995.png,995,24112,7904,176.86,123.97,158.97,57.37,50.12,43.86
D:/Aamir Gulzar/KSA_project2/dataset/patch_data\TCGA-3L-AA1B_nonMSIH\TCGA-3L-AA1B_nonMSIH_x24112_y8416_patch00996.png,TCGA-3L-AA1B_nonMSIH_x24112_y8416_patch00996.png,996,24112,8416,198.64,140.49,174.55,29.29,32.92,27.14
D:/Aamir Gulzar/KSA_project2/dataset/patch_data\TCGA-3L-AA1B_nonMSIH\TCGA-3L-AA1B_nonMSIH_x24112_y8928_patch00997.png,TCGA-3L-AA1B_nonMSIH_x24112_y8928_patch00997.png,997,24112,8928,200.43,149.08,179.28,37.31,46.39,36.45
D:/Aamir Gulzar/KSA_project2/dataset/patch_data\TCGA-3L-AA1B_nonMSIH\TCGA-3L-AA1B_nonMSIH_x24112_y9440_patch00998.png,TCGA-3L-AA1B_nonMSIH_x24112_y9440_patch00998.png,998,24112,9440,221.07,202.7,214.65,37.12,53.8,41.14
D:/Aamir Gulzar/KSA_project2/dataset/patch_data\TCGA-3L-AA1B_nonMSIH\TCGA-3L-AA1B_nonMSIH_x24112_y9952_patch00999.png,TCGA-3L-AA1B_nonMSIH_x24112_y9952_patch00999.png,999,24112,9952,229.54,220.35,225.72,31.55,42.18,33.43
D:/Aamir Gulzar/KSA_project2/dataset/patch_data\TCGA-3L-AA1B_nonMSIH\TCGA-3L-AA1B_nonMSIH_x24624_y10464_patch01027.png,TCGA-3L-AA1B_nonMSIH_x24624_y10464_patch01027.png,1027,24624,10464,202.91,162.8,187.76,36.99,45.59,36.52
D:/Aamir Gulzar/KSA_project2/dataset/patch_data\TCGA-3L-AA1B_nonMSIH\TCGA-3L-AA1B_nonMSIH_x24624_y10976_patch01028.png,TCGA-3L-AA1B_nonMSIH_x24624_y10976_patch01028.png,1028,24624,10976,189.11,132.32,167.09,41.57,44.76,37.42
D:/Aamir Gulzar/KSA_project2/dataset/patch_data\TCGA-3L-AA1B_nonMSIH\TCGA-3L-AA1B_nonMSIH_x24624_y11488_patch01029.png,TCGA-3L-AA1B_nonMSIH_x24624_y11488_patch01029.png,1029,24624,11488,187.41,118.59,156.98,39.95,38.81,33.02
D:/Aamir Gulzar/KSA_project2/dataset/patch_data\TCGA-3L-AA1B_nonMSIH\TCGA-3L-AA1B_nonMSIH_x24624_y12000_patch01030.png,TCGA-3L-AA1B_nonMSIH_x24624_y12000_patch01030.png,1030,24624,12000,175.78,123.89,160.24,48.66,50.65,41.95
D:/Aamir Gulzar/KSA_project2/dataset/patch_data\TCGA-3L-AA1B_nonMSIH\TCGA-3L-AA1B_nonMSIH_x24624_y1248_patch01016.png,TCGA-3L-AA1B_nonMSIH_x24624_y1248_patch01016.png,1016,24624,1248,229.72,224.73,226.43,40.68,43.62,41.83
D:/Aamir Gulzar/KSA_project2/dataset/patch_data\TCGA-3L-AA1B_nonMSIH\TCGA-3L-AA1B_nonMSIH_x24624_y12512_patch01031.png,TCGA-3L-AA1B_nonMSIH_x24624_y12512_patch01031.png,1031,24624,12512,186.45,123.55,159.71,42.03,45.84,38.54
D:/Aamir Gulzar/KSA_project2/dataset/patch_data\TCGA-3L-AA1B_nonMSIH\TCGA-3L-AA1B_nonMSIH_x24624_y13024_patch01032.png,TCGA-3L-AA1B_nonMSIH_x24624_y13024_patch01032.png,1032,24624,13024,195.95,150.49,179.95,41.29,50.66,39.62
D:/Aamir Gulzar/KSA_project2/dataset/patch_data\TCGA-3L-AA1B_nonMSIH\TCGA-3L-AA1B_nonMSIH_x24624_y13536_patch01033.png,TCGA-3L-AA1B_nonMSIH_x24624_y13536_patch01033.png,1033,24624,13536,199.37,136.56,170.26,35.01,40.58,33.95
D:/Aamir Gulzar/KSA_project2/dataset/patch_data\TCGA-3L-AA1B_nonMSIH\TCGA-3L-AA1B_nonMSIH_x24624_y14048_patch01034.png,TCGA-3L-AA1B_nonMSIH_x24624_y14048_patch01034.png,1034,24624,14048,198.37,137.36,171.51,35.99,37.22,31.0
D:/Aamir Gulzar/KSA_project2/dataset/patch_data\TCGA-3L-AA1B_nonMSIH\TCGA-3L-AA1B_nonMSIH_x24624_y14560_patch01035.png,TCGA-3L-AA1B_nonMSIH_x24624_y14560_patch01035.png,1035,24624,14560,178.86,131.72,167.7,44.24,45.98,36.65
D:/Aamir Gulzar/KSA_project2/dataset/patch_data\TCGA-3L-AA1B_nonMSIH\TCGA-3L-AA1B_nonMSIH_x24624_y15072_patch01036.png,TCGA-3L-AA1B_nonMSIH_x24624_y15072_patch01036.png,1036,24624,15072,182.48,130.82,167.01,42.46,41.51,34.28
D:/Aamir Gulzar/KSA_project2/dataset/patch_data\TCGA-3L-AA1B_nonMSIH\TCGA-3L-AA1B_nonMSIH_x24624_y15584_patch01037.png,TCGA-3L-AA1B_nonMSIH_x24624_y15584_patch01037.png,1037,24624,15584,196.27,142.28,174.36,39.83,44.13,36.69
D:/Aamir Gulzar/KSA_project2/dataset/patch_data\TCGA-3L-AA1B_nonMSIH\TCGA-3L-AA1B_nonMSIH_x24624_y16096_patch01038.png,TCGA-3L-AA1B_nonMSIH_x24624_y16096_patch01038.png,1038,24624,16096,173.44,125.25,162.44,45.87,46.1,37.99
D:/Aamir Gulzar/KSA_project2/dataset/patch_data\TCGA-3L-AA1B_nonMSIH\TCGA-3L-AA1B_nonMSIH_x24624_y16608_patch01039.png,TCGA-3L-AA1B_nonMSIH_x24624_y16608_patch01039.png,1039,24624,16608,160.03,116.91,153.4,56.89,62.03,51.25
D:/Aamir Gulzar/KSA_project2/dataset/patch_data\TCGA-3L-AA1B_nonMSIH\TCGA-3L-AA1B_nonMSIH_x24624_y17120_patch01040.png,TCGA-3L-AA1B_nonMSIH_x24624_y17120_patch01040.png,1040,24624,17120,152.02,107.86,146.88,55.25,58.64,49.14
D:/Aamir Gulzar/KSA_project2/dataset/patch_data\TCGA-3L-AA1B_nonMSIH\TCGA-3L-AA1B_nonMSIH_x24624_y1760_patch01017.png,TCGA-3L-AA1B_nonMSIH_x24624_y1760_patch01017.png,1017,24624,1760,234.78,223.83,228.51,19.49,31.57,25.4
D:/Aamir Gulzar/KSA_project2/dataset/patch_data\TCGA-3L-AA1B_nonMSIH\TCGA-3L-AA1B_nonMSIH_x24624_y17632_patch01041.png,TCGA-3L-AA1B_nonMSIH_x24624_y17632_patch01041.png,1041,24624,17632,157.09,111.34,149.59,54.98,56.85,48.06
D:/Aamir Gulzar/KSA_project2/dataset/patch_data\TCGA-3L-AA1B_nonMSIH\TCGA-3L-AA1B_nonMSIH_x24624_y18144_patch01042.png,TCGA-3L-AA1B_nonMSIH_x24624_y18144_patch01042.png,1042,24624,18144,166.36,113.83,152.13,51.44,49.36,42.45
D:/Aamir Gulzar/KSA_project2/dataset/patch_data\TCGA-3L-AA1B_nonMSIH\TCGA-3L-AA1B_nonMSIH_x24624_y18656_patch01043.png,TCGA-3L-AA1B_nonMSIH_x24624_y18656_patch01043.png,1043,24624,18656,174.63,131.41,164.57,54.92,61.52,49.08
D:/Aamir Gulzar/KSA_project2/dataset/patch_data\TCGA-3L-AA1B_nonMSIH\TCGA-3L-AA1B_nonMSIH_x24624_y19168_patch01044.png,TCGA-3L-AA1B_nonMSIH_x24624_y19168_patch01044.png,1044,24624,19168,176.17,136.93,168.31,54.92,63.72,50.31
D:/Aamir Gulzar/KSA_project2/dataset/patch_data\TCGA-3L-AA1B_nonMSIH\TCGA-3L-AA1B_nonMSIH_x24624_y19680_patch01045.png,TCGA-3L-AA1B_nonMSIH_x24624_y19680_patch01045.png,1045,24624,19680,213.92,200.27,211.51,49.53,65.54,49.07
D:/Aamir Gulzar/KSA_project2/dataset/patch_data\TCGA-3L-AA1B_nonMSIH\TCGA-3L-AA1B_nonMSIH_x24624_y2272_patch01018.png,TCGA-3L-AA1B_nonMSIH_x24624_y2272_patch01018.png,1018,24624,2272,231.86,216.97,223.87,23.73,37.88,29.88
D:/Aamir Gulzar/KSA_project2/dataset/patch_data\TCGA-3L-AA1B_nonMSIH\TCGA-3L-AA1B_nonMSIH_x24624_y2784_patch01019.png,TCGA-3L-AA1B_nonMSIH_x24624_y2784_patch01019.png,1019,24624,2784,230.04,215.31,222.67,27.61,39.98,31.62
D:/Aamir Gulzar/KSA_project2/dataset/patch_data\TCGA-3L-AA1B_nonMSIH\TCGA-3L-AA1B_nonMSIH_x24624_y3296_patch01020.png,TCGA-3L-AA1B_nonMSIH_x24624_y3296_patch01020.png,1020,24624,3296,237.81,232.72,235.21,17.88,26.58,20.88
D:/Aamir Gulzar/KSA_project2/dataset/patch_data\TCGA-3L-AA1B_nonMSIH\TCGA-3L-AA1B_nonMSIH_x24624_y6880_patch01021.png,TCGA-3L-AA1B_nonMSIH_x24624_y6880_patch01021.png,1021,24624,6880,234.12,219.04,225.83,21.53,38.2,29.08
D:/Aamir Gulzar/KSA_project2/dataset/patch_data\TCGA-3L-AA1B_nonMSIH\TCGA-3L-AA1B_nonMSIH_x24624_y7392_patch01022.png,TCGA-3L-AA1B_nonMSIH_x24624_y7392_patch01022.png,1022,24624,7392,204.43,149.32,178.04,43.71,48.03,39.95
D:/Aamir Gulzar/KSA_project2/dataset/patch_data\TCGA-3L-AA1B_nonMSIH\TCGA-3L-AA1B_nonMSIH_x24624_y7904_patch01023.png,TCGA-3L-AA1B_nonMSIH_x24624_y7904_patch01023.png,1023,24624,7904,189.5,126.21,161.68,47.84,46.14,39.15
D:/Aamir Gulzar/KSA_project2/dataset/patch_data\TCGA-3L-AA1B_nonMSIH\TCGA-3L-AA1B_nonMSIH_x24624_y8416_patch01024.png,TCGA-3L-AA1B_nonMSIH_x24624_y8416_patch01024.png,1024,24624,8416,197.73,139.4,173.96,31.55,33.45,27.67
D:/Aamir Gulzar/KSA_project2/dataset/patch_data\TCGA-3L-AA1B_nonMSIH\TCGA-3L-AA1B_nonMSIH_x24624_y8928_patch01025.png,TCGA-3L-AA1B_nonMSIH_x24624_y8928_patch01025.png,1025,24624,8928,198.81,141.96,175.25,33.35,36.93,30.5
D:/Aamir Gulzar/KSA_project2/dataset/patch_data\TCGA-3L-AA1B_nonMSIH\TCGA-3L-AA1B_nonMSIH_x24624_y9440_patch01026.png,TCGA-3L-AA1B_nonMSIH_x24624_y9440_patch01026.png,1026,24624,9440,197.29,152.18,181.56,41.14,46.01,37.16
D:/Aamir Gulzar/KSA_project2/dataset/patch_data\TCGA-3L-AA1B_nonMSIH\TCGA-3L-AA1B_nonMSIH_x25136_y10464_patch01055.png,TCGA-3L-AA1B_nonMSIH_x25136_y10464_patch01055.png,1055,25136,10464,210.43,175.98,197.41,31.49,46.8,36.84
D:/Aamir Gulzar/KSA_project2/dataset/patch_data\TCGA-3L-AA1B_nonMSIH\TCGA-3L-AA1B_nonMSIH_x25136_y10976_patch01056.png,TCGA-3L-AA1B_nonMSIH_x25136_y10976_patch01056.png,1056,25136,10976,183.25,124.47,159.27,45.33,52.24,43.16
D:/Aamir Gulzar/KSA_project2/dataset/patch_data\TCGA-3L-AA1B_nonMSIH\TCGA-3L-AA1B_nonMSIH_x25136_y11488_patch01057.png,TCGA-3L-AA1B_nonMSIH_x25136_y11488_patch01057.png,1057,25136,11488,177.63,120.06,156.51,47.23,49.22,42.01
D:/Aamir Gulzar/KSA_project2/dataset/patch_data\TCGA-3L-AA1B_nonMSIH\TCGA-3L-AA1B_nonMSIH_x25136_y12000_patch01058.png,TCGA-3L-AA1B_nonMSIH_x25136_y12000_patch01058.png,1058,25136,12000,170.4,106.56,145.62,48.92,47.19,41.75
D:/Aamir Gulzar/KSA_project2/dataset/patch_data\TCGA-3L-AA1B_nonMSIH\TCGA-3L-AA1B_nonMSIH_x25136_y12512_patch01059.png,TCGA-3L-AA1B_nonMSIH_x25136_y12512_patch01059.png,1059,25136,12512,195.53,126.95,161.44,38.81,44.45,39.18
D:/Aamir Gulzar/KSA_project2/dataset/patch_data\TCGA-3L-AA1B_nonMSIH\TCGA-3L-AA1B_nonMSIH_x25136_y13024_patch01060.png,TCGA-3L-AA1B_nonMSIH_x25136_y13024_patch01060.png,1060,25136,13024,203.57,131.26,165.44,30.42,36.97,32.1
D:/Aamir Gulzar/KSA_project2/dataset/patch_data\TCGA-3L-AA1B_nonMSIH\TCGA-3L-AA1B_nonMSIH_x25136_y13536_patch01061.png,TCGA-3L-AA1B_nonMSIH_x25136_y13536_patch01061.png,1061,25136,13536,199.77,130.76,165.44,33.24,38.13,32.74
D:/Aamir Gulzar/KSA_project2/dataset/patch_data\TCGA-3L-AA1B_nonMSIH\TCGA-3L-AA1B_nonMSIH_x25136_y14048_patch01062.png,TCGA-3L-AA1B_nonMSIH_x25136_y14048_patch01062.png,1062,25136,14048,196.48,136.51,170.24,36.23,40.0,33.87
D:/Aamir Gulzar/KSA_project2/dataset/patch_data\TCGA-3L-AA1B_nonMSIH\TCGA-3L-AA1B_nonMSIH_x25136_y14560_patch01063.png,TCGA-3L-AA1B_nonMSIH_x25136_y14560_patch01063.png,1063,25136,14560,190.01,129.77,163.92,44.06,49.03,41.68
D:/Aamir Gulzar/KSA_project2/dataset/patch_data\TCGA-3L-AA1B_nonMSIH\TCGA-3L-AA1B_nonMSIH_x25136_y15072_patch01064.png,TCGA-3L-AA1B_nonMSIH_x25136_y15072_patch01064.png,1064,25136,15072,189.47,131.18,164.5,46.21,51.55,43.9
D:/Aamir Gulzar/KSA_project2/dataset/patch_data\TCGA-3L-AA1B_nonMSIH\TCGA-3L-AA1B_nonMSIH_x25136_y15584_patch01065.png,TCGA-3L-AA1B_nonMSIH_x25136_y15584_patch01065.png,1065,25136,15584,193.45,135.7,169.63,39.11,42.78,35.88
D:/Aamir Gulzar/KSA_project2/dataset/patch_data\TCGA-3L-AA1B_nonMSIH\TCGA-3L-AA1B_nonMSIH_x25136_y16096_patch01066.png,TCGA-3L-AA1B_nonMSIH_x25136_y16096_patch01066.png,1066,25136,16096,180.54,131.34,167.14,41.06,42.28,34.89
D:/Aamir Gulzar/KSA_project2/dataset/patch_data\TCGA-3L-AA1B_nonMSIH\TCGA-3L-AA1B_nonMSIH_x25136_y16608_patch01067.png,TCGA-3L-AA1B_nonMSIH_x25136_y16608_patch01067.png,1067,25136,16608,158.97,122.22,159.6,47.92,55.4,44.15
D:/Aamir Gulzar/KSA_project2/dataset/patch_data\TCGA-3L-AA1B_nonMSIH\TCGA-3L-AA1B_nonMSIH_x25136_y17120_patch01068.png,TCGA-3L-AA1B_nonMSIH_x25136_y17120_patch01068.png,1068,25136,17120,153.36,113.84,152.7,49.53,54.73,45.42
D:/Aamir Gulzar/KSA_project2/dataset/patch_data\TCGA-3L-AA1B_nonMSIH\TCGA-3L-AA1B_nonMSIH_x25136_y17632_patch01069.png,TCGA-3L-AA1B_nonMSIH_x25136_y17632_patch01069.png,1069,25136,17632,161.25,116.06,154.4,48.34,49.06,41.61
D:/Aamir Gulzar/KSA_project2/dataset/patch_data\TCGA-3L-AA1B_nonMSIH\TCGA-3L-AA1B_nonMSIH_x25136_y18144_patch01070.png,TCGA-3L-AA1B_nonMSIH_x25136_y18144_patch01070.png,1070,25136,18144,161.97,115.12,153.11,50.05,49.59,42.81
D:/Aamir Gulzar/KSA_project2/dataset/patch_data\TCGA-3L-AA1B_nonMSIH\TCGA-3L-AA1B_nonMSIH_x25136_y18656_patch01071.png,TCGA-3L-AA1B_nonMSIH_x25136_y18656_patch01071.png,1071,25136,18656,155.62,106.55,146.53,49.4,49.31,42.74
D:/Aamir Gulzar/KSA_project2/dataset/patch_data\TCGA-3L-AA1B_nonMSIH\TCGA-3L-AA1B_nonMSIH_x25136_y19168_patch01072.png,TCGA-3L-AA1B_nonMSIH_x25136_y19168_patch01072.png,1072,25136,19168,164.34,115.95,153.72,49.22,49.08,42.04
D:/Aamir Gulzar/KSA_project2/dataset/patch_data\TCGA-3L-AA1B_nonMSIH\TCGA-3L-AA1B_nonMSIH_x25136_y19680_patch01073.png,TCGA-3L-AA1B_nonMSIH_x25136_y19680_patch01073.png,1073,25136,19680,206.51,184.74,201.34,49.23,65.85,49.73
D:/Aamir Gulzar/KSA_project2/dataset/patch_data\TCGA-3L-AA1B_nonMSIH\TCGA-3L-AA1B_nonMSIH_x25136_y2272_patch01046.png,TCGA-3L-AA1B_nonMSIH_x25136_y2272_patch01046.png,1046,25136,2272,228.08,216.08,223.05,35.62,46.16,35.72
D:/Aamir Gulzar/KSA_project2/dataset/patch_data\TCGA-3L-AA1B_nonMSIH\TCGA-3L-AA1B_nonMSIH_x25136_y2784_patch01047.png,TCGA-3L-AA1B_nonMSIH_x25136_y2784_patch01047.png,1047,25136,2784,232.47,217.93,224.66,22.96,34.59,27.49
D:/Aamir Gulzar/KSA_project2/dataset/patch_data\TCGA-3L-AA1B_nonMSIH\TCGA-3L-AA1B_nonMSIH_x25136_y6880_patch01048.png,TCGA-3L-AA1B_nonMSIH_x25136_y6880_patch01048.png,1048,25136,6880,232.58,214.22,222.27,25.2,41.48,31.78
D:/Aamir Gulzar/KSA_project2/dataset/patch_data\TCGA-3L-AA1B_nonMSIH\TCGA-3L-AA1B_nonMSIH_x25136_y7392_patch01049.png,TCGA-3L-AA1B_nonMSIH_x25136_y7392_patch01049.png,1049,25136,7392,201.78,150.35,178.61,45.41,48.95,40.83
D:/Aamir Gulzar/KSA_project2/dataset/patch_data\TCGA-3L-AA1B_nonMSIH\TCGA-3L-AA1B_nonMSIH_x25136_y7904_patch01050.png,TCGA-3L-AA1B_nonMSIH_x25136_y7904_patch01050.png,1050,25136,7904,196.75,116.47,154.72,34.78,33.94,29.72
D:/Aamir Gulzar/KSA_project2/dataset/patch_data\TCGA-3L-AA1B_nonMSIH\TCGA-3L-AA1B_nonMSIH_x25136_y8416_patch01051.png,TCGA-3L-AA1B_nonMSIH_x25136_y8416_patch01051.png,1051,25136,8416,200.59,146.73,178.86,30.5,35.07,29.46
D:/Aamir Gulzar/KSA_project2/dataset/patch_data\TCGA-3L-AA1B_nonMSIH\TCGA-3L-AA1B_nonMSIH_x25136_y8928_patch01052.png,TCGA-3L-AA1B_nonMSIH_x25136_y8928_patch01052.png,1052,25136,8928,201.22,152.21,182.12,32.15,40.6,33.39
D:/Aamir Gulzar/KSA_project2/dataset/patch_data\TCGA-3L-AA1B_nonMSIH\TCGA-3L-AA1B_nonMSIH_x25136_y9440_patch01053.png,TCGA-3L-AA1B_nonMSIH_x25136_y9440_patch01053.png,1053,25136,9440,202.42,149.42,179.74,34.2,41.23,34.1
D:/Aamir Gulzar/KSA_project2/dataset/patch_data\TCGA-3L-AA1B_nonMSIH\TCGA-3L-AA1B_nonMSIH_x25136_y9952_patch01054.png,TCGA-3L-AA1B_nonMSIH_x25136_y9952_patch01054.png,1054,25136,9952,207.66,164.93,190.13,35.32,44.0,36.12
D:/Aamir Gulzar/KSA_project2/dataset/patch_data\TCGA-3L-AA1B_nonMSIH\TCGA-3L-AA1B_nonMSIH_x25648_y10464_patch01082.png,TCGA-3L-AA1B_nonMSIH_x25648_y10464_patch01082.png,1082,25648,10464,223.84,212.38,221.55,32.42,44.4,34.16
D:/Aamir Gulzar/KSA_project2/dataset/patch_data\TCGA-3L-AA1B_nonMSIH\TCGA-3L-AA1B_nonMSIH_x25648_y10976_patch01083.png,TCGA-3L-AA1B_nonMSIH_x25648_y10976_patch01083.png,1083,25648,10976,215.46,195.09,209.36,39.98,56.57,44.06
D:/Aamir Gulzar/KSA_project2/dataset/patch_data\TCGA-3L-AA1B_nonMSIH\TCGA-3L-AA1B_nonMSIH_x25648_y11488_patch01084.png,TCGA-3L-AA1B_nonMSIH_x25648_y11488_patch01084.png,1084,25648,11488,193.63,148.41,177.58,44.01,58.65,45.64
D:/Aamir Gulzar/KSA_project2/dataset/patch_data\TCGA-3L-AA1B_nonMSIH\TCGA-3L-AA1B_nonMSIH_x25648_y12000_patch01085.png,TCGA-3L-AA1B_nonMSIH_x25648_y12000_patch01085.png,1085,25648,12000,184.97,117.18,153.48,43.69,46.53,41.01
D:/Aamir Gulzar/KSA_project2/dataset/patch_data\TCGA-3L-AA1B_nonMSIH\TCGA-3L-AA1B_nonMSIH_x25648_y12512_patch01086.png,TCGA-3L-AA1B_nonMSIH_x25648_y12512_patch01086.png,1086,25648,12512,189.92,112.92,149.96,41.58,44.63,39.36
D:/Aamir Gulzar/KSA_project2/dataset/patch_data\TCGA-3L-AA1B_nonMSIH\TCGA-3L-AA1B_nonMSIH_x25648_y13024_patch01087.png,TCGA-3L-AA1B_nonMSIH_x25648_y13024_patch01087.png,1087,25648,13024,203.35,128.18,162.56,32.3,40.65,35.01
D:/Aamir Gulzar/KSA_project2/dataset/patch_data\TCGA-3L-AA1B_nonMSIH\TCGA-3L-AA1B_nonMSIH_x25648_y13536_patch01088.png,TCGA-3L-AA1B_nonMSIH_x25648_y13536_patch01088.png,1088,25648,13536,195.41,129.26,164.22,39.46,43.18,36.38
D:/Aamir Gulzar/KSA_project2/dataset/patch_data\TCGA-3L-AA1B_nonMSIH\TCGA-3L-AA1B_nonMSIH_x25648_y14048_patch01089.png,TCGA-3L-AA1B_nonMSIH_x25648_y14048_patch01089.png,1089,25648,14048,186.52,112.97,146.05,49.18,61.62,52.95
D:/Aamir Gulzar/KSA_project2/dataset/patch_data\TCGA-3L-AA1B_nonMSIH\TCGA-3L-AA1B_nonMSIH_x25648_y14560_patch01090.png,TCGA-3L-AA1B_nonMSIH_x25648_y14560_patch01090.png,1090,25648,14560,178.9,103.68,137.22,56.54,63.52,55.57
D:/Aamir Gulzar/KSA_project2/dataset/patch_data\TCGA-3L-AA1B_nonMSIH\TCGA-3L-AA1B_nonMSIH_x25648_y15072_patch01091.png,TCGA-3L-AA1B_nonMSIH_x25648_y15072_patch01091.png,1091,25648,15072,174.52,109.91,143.59,61.32,65.29,56.12
D:/Aamir Gulzar/KSA_project2/dataset/patch_data\TCGA-3L-AA1B_nonMSIH\TCGA-3L-AA1B_nonMSIH_x25648_y15584_patch01092.png,TCGA-3L-AA1B_nonMSIH_x25648_y15584_patch01092.png,1092,25648,15584,179.12,132.67,166.48,49.89,54.58,44.85
D:/Aamir Gulzar/KSA_project2/dataset/patch_data\TCGA-3L-AA1B_nonMSIH\TCGA-3L-AA1B_nonMSIH_x25648_y16096_patch01093.png,TCGA-3L-AA1B_nonMSIH_x25648_y16096_patch01093.png,1093,25648,16096,160.34,118.73,156.89,49.68,53.13,43.0
D:/Aamir Gulzar/KSA_project2/dataset/patch_data\TCGA-3L-AA1B_nonMSIH\TCGA-3L-AA1B_nonMSIH_x25648_y16608_patch01094.png,TCGA-3L-AA1B_nonMSIH_x25648_y16608_patch01094.png,1094,25648,16608,160.81,121.3,159.58,46.29,50.42,40.41
D:/Aamir Gulzar/KSA_project2/dataset/patch_data\TCGA-3L-AA1B_nonMSIH\TCGA-3L-AA1B_nonMSIH_x25648_y17120_patch01095.png,TCGA-3L-AA1B_nonMSIH_x25648_y17120_patch01095.png,1095,25648,17120,157.91,119.18,158.17,45.54,49.22,39.55
D:/Aamir Gulzar/KSA_project2/dataset/patch_data\TCGA-3L-AA1B_nonMSIH\TCGA-3L-AA1B_nonMSIH_x25648_y17632_patch01096.png,TCGA-3L-AA1B_nonMSIH_x25648_y17632_patch01096.png,1096,25648,17632,176.84,127.72,163.2,46.76,48.39,40.32
D:/Aamir Gulzar/KSA_project2/dataset/patch_data\TCGA-3L-AA1B_nonMSIH\TCGA-3L-AA1B_nonMSIH_x25648_y18144_patch01097.png,TCGA-3L-AA1B_nonMSIH_x25648_y18144_patch01097.png,1097,25648,18144,172.16,129.35,164.81,47.75,48.92,40.53
D:/Aamir Gulzar/KSA_project2/dataset/patch_data\TCGA-3L-AA1B_nonMSIH\TCGA-3L-AA1B_nonMSIH_x25648_y18656_patch01098.png,TCGA-3L-AA1B_nonMSIH_x25648_y18656_patch01098.png,1098,25648,18656,176.72,126.49,161.3,51.15,51.35,43.09
D:/Aamir Gulzar/KSA_project2/dataset/patch_data\TCGA-3L-AA1B_nonMSIH\TCGA-3L-AA1B_nonMSIH_x25648_y19168_patch01099.png,TCGA-3L-AA1B_nonMSIH_x25648_y19168_patch01099.png,1099,25648,19168,159.32,111.92,150.84,52.01,50.94,43.33
D:/Aamir Gulzar/KSA_project2/dataset/patch_data\TCGA-3L-AA1B_nonMSIH\TCGA-3L-AA1B_nonMSIH_x25648_y19680_patch01100.png,TCGA-3L-AA1B_nonMSIH_x25648_y19680_patch01100.png,1100,25648,19680,170.09,137.01,167.74,59.9,72.58,56.22
D:/Aamir Gulzar/KSA_project2/dataset/patch_data\TCGA-3L-AA1B_nonMSIH\TCGA-3L-AA1B_nonMSIH_x25648_y20192_patch01101.png,TCGA-3L-AA1B_nonMSIH_x25648_y20192_patch01101.png,1101,25648,20192,202.29,185.06,200.89,56.19,71.97,54.11
D:/Aamir Gulzar/KSA_project2/dataset/patch_data\TCGA-3L-AA1B_nonMSIH\TCGA-3L-AA1B_nonMSIH_x25648_y2784_patch01074.png,TCGA-3L-AA1B_nonMSIH_x25648_y2784_patch01074.png,1074,25648,2784,236.12,229.16,232.61,20.55,31.19,24.25
D:/Aamir Gulzar/KSA_project2/dataset/patch_data\TCGA-3L-AA1B_nonMSIH\TCGA-3L-AA1B_nonMSIH_x25648_y6880_patch01075.png,TCGA-3L-AA1B_nonMSIH_x25648_y6880_patch01075.png,1075,25648,6880,231.41,213.51,222.15,26.87,42.5,32.39
D:/Aamir Gulzar/KSA_project2/dataset/patch_data\TCGA-3L-AA1B_nonMSIH\TCGA-3L-AA1B_nonMSIH_x25648_y7392_patch01076.png,TCGA-3L-AA1B_nonMSIH_x25648_y7392_patch01076.png,1076,25648,7392,194.18,142.35,172.63,49.75,52.07,43.2
D:/Aamir Gulzar/KSA_project2/dataset/patch_data\TCGA-3L-AA1B_nonMSIH\TCGA-3L-AA1B_nonMSIH_x25648_y7904_patch01077.png,TCGA-3L-AA1B_nonMSIH_x25648_y7904_patch01077.png,1077,25648,7904,189.51,136.45,168.47,49.49,52.66,43.44
D:/Aamir Gulzar/KSA_project2/dataset/patch_data\TCGA-3L-AA1B_nonMSIH\TCGA-3L-AA1B_nonMSIH_x25648_y8416_patch01078.png,TCGA-3L-AA1B_nonMSIH_x25648_y8416_patch01078.png,1078,25648,8416,205.76,142.69,175.22,30.01,38.82,31.36
D:/Aamir Gulzar/KSA_project2/dataset/patch_data\TCGA-3L-AA1B_nonMSIH\TCGA-3L-AA1B_nonMSIH_x25648_y8928_patch01079.png,TCGA-3L-AA1B_nonMSIH_x25648_y8928_patch01079.png,1079,25648,8928,203.39,141.46,173.91,31.75,42.29,34.25
D:/Aamir Gulzar/KSA_project2/dataset/patch_data\TCGA-3L-AA1B_nonMSIH\TCGA-3L-AA1B_nonMSIH_x25648_y9440_patch01080.png,TCGA-3L-AA1B_nonMSIH_x25648_y9440_patch01080.png,1080,25648,9440,202.7,136.63,169.93,34.11,41.63,34.06
D:/Aamir Gulzar/KSA_project2/dataset/patch_data\TCGA-3L-AA1B_nonMSIH\TCGA-3L-AA1B_nonMSIH_x25648_y9952_patch01081.png,TCGA-3L-AA1B_nonMSIH_x25648_y9952_patch01081.png,1081,25648,9952,212.22,182.87,201.22,38.09,53.05,40.9
D:/Aamir Gulzar/KSA_project2/dataset/patch_data\TCGA-3L-AA1B_nonMSIH\TCGA-3L-AA1B_nonMSIH_x2608_y14048_patch00000.png,TCGA-3L-AA1B_nonMSIH_x2608_y14048_patch00000.png,0,2608,14048,204.29,192.37,196.49,72.84,78.81,75.79
D:/Aamir Gulzar/KSA_project2/dataset/patch_data\TCGA-3L-AA1B_nonMSIH\TCGA-3L-AA1B_nonMSIH_x26160_y10464_patch01107.png,TCGA-3L-AA1B_nonMSIH_x26160_y10464_patch01107.png,1107,26160,10464,228.81,219.18,227.09,27.54,37.95,28.47
D:/Aamir Gulzar/KSA_project2/dataset/patch_data\TCGA-3L-AA1B_nonMSIH\TCGA-3L-AA1B_nonMSIH_x26160_y10976_patch01108.png,TCGA-3L-AA1B_nonMSIH_x26160_y10976_patch01108.png,1108,26160,10976,198.66,157.53,184.05,42.41,54.01,43.46
D:/Aamir Gulzar/KSA_project2/dataset/patch_data\TCGA-3L-AA1B_nonMSIH\TCGA-3L-AA1B_nonMSIH_x26160_y11488_patch01109.png,TCGA-3L-AA1B_nonMSIH_x26160_y11488_patch01109.png,1109,26160,11488,179.67,112.23,148.41,46.1,51.64,46.23
D:/Aamir Gulzar/KSA_project2/dataset/patch_data\TCGA-3L-AA1B_nonMSIH\TCGA-3L-AA1B_nonMSIH_x26160_y12000_patch01110.png,TCGA-3L-AA1B_nonMSIH_x26160_y12000_patch01110.png,1110,26160,12000,182.7,124.67,161.49,42.9,43.29,36.37
D:/Aamir Gulzar/KSA_project2/dataset/patch_data\TCGA-3L-AA1B_nonMSIH\TCGA-3L-AA1B_nonMSIH_x26160_y12512_patch01111.png,TCGA-3L-AA1B_nonMSIH_x26160_y12512_patch01111.png,1111,26160,12512,191.51,122.17,158.07,41.4,44.78,38.39
D:/Aamir Gulzar/KSA_project2/dataset/patch_data\TCGA-3L-AA1B_nonMSIH\TCGA-3L-AA1B_nonMSIH_x26160_y13024_patch01112.png,TCGA-3L-AA1B_nonMSIH_x26160_y13024_patch01112.png,1112,26160,13024,195.04,130.06,164.64,38.93,43.05,36.73
D:/Aamir Gulzar/KSA_project2/dataset/patch_data\TCGA-3L-AA1B_nonMSIH\TCGA-3L-AA1B_nonMSIH_x26160_y13536_patch01113.png,TCGA-3L-AA1B_nonMSIH_x26160_y13536_patch01113.png,1113,26160,13536,169.36,114.62,152.49,50.38,52.15,43.74
D:/Aamir Gulzar/KSA_project2/dataset/patch_data\TCGA-3L-AA1B_nonMSIH\TCGA-3L-AA1B_nonMSIH_x26160_y14048_patch01114.png,TCGA-3L-AA1B_nonMSIH_x26160_y14048_patch01114.png,1114,26160,14048,174.0,99.97,131.77,55.02,65.73,58.74
D:/Aamir Gulzar/KSA_project2/dataset/patch_data\TCGA-3L-AA1B_nonMSIH\TCGA-3L-AA1B_nonMSIH_x26160_y14560_patch01115.png,TCGA-3L-AA1B_nonMSIH_x26160_y14560_patch01115.png,1115,26160,14560,193.09,125.61,152.99,52.89,73.66,62.5
D:/Aamir Gulzar/KSA_project2/dataset/patch_data\TCGA-3L-AA1B_nonMSIH\TCGA-3L-AA1B_nonMSIH_x26160_y15072_patch01116.png,TCGA-3L-AA1B_nonMSIH_x26160_y15072_patch01116.png,1116,26160,15072,170.67,110.74,143.24,60.71,67.93,59.08
D:/Aamir Gulzar/KSA_project2/dataset/patch_data\TCGA-3L-AA1B_nonMSIH\TCGA-3L-AA1B_nonMSIH_x26160_y15584_patch01117.png,TCGA-3L-AA1B_nonMSIH_x26160_y15584_patch01117.png,1117,26160,15584,186.23,138.24,170.54,44.8,52.64,42.81
D:/Aamir Gulzar/KSA_project2/dataset/patch_data\TCGA-3L-AA1B_nonMSIH\TCGA-3L-AA1B_nonMSIH_x26160_y16096_patch01118.png,TCGA-3L-AA1B_nonMSIH_x26160_y16096_patch01118.png,1118,26160,16096,171.35,123.94,159.11,53.9,57.47,46.44
D:/Aamir Gulzar/KSA_project2/dataset/patch_data\TCGA-3L-AA1B_nonMSIH\TCGA-3L-AA1B_nonMSIH_x26160_y16608_patch01119.png,TCGA-3L-AA1B_nonMSIH_x26160_y16608_patch01119.png,1119,26160,16608,171.38,127.01,163.85,43.64,45.49,37.41
D:/Aamir Gulzar/KSA_project2/dataset/patch_data\TCGA-3L-AA1B_nonMSIH\TCGA-3L-AA1B_nonMSIH_x26160_y17120_patch01120.png,TCGA-3L-AA1B_nonMSIH_x26160_y17120_patch01120.png,1120,26160,17120,196.95,149.54,179.0,35.11,42.33,34.53
D:/Aamir Gulzar/KSA_project2/dataset/patch_data\TCGA-3L-AA1B_nonMSIH\TCGA-3L-AA1B_nonMSIH_x26160_y17632_patch01121.png,TCGA-3L-AA1B_nonMSIH_x26160_y17632_patch01121.png,1121,26160,17632,197.34,151.3,179.51,37.22,43.36,35.23
D:/Aamir Gulzar/KSA_project2/dataset/patch_data\TCGA-3L-AA1B_nonMSIH\TCGA-3L-AA1B_nonMSIH_x26160_y18144_patch01122.png,TCGA-3L-AA1B_nonMSIH_x26160_y18144_patch01122.png,1122,26160,18144,158.14,115.07,153.55,51.07,53.7,45.26
D:/Aamir Gulzar/KSA_project2/dataset/patch_data\TCGA-3L-AA1B_nonMSIH\TCGA-3L-AA1B_nonMSIH_x26160_y18656_patch01123.png,TCGA-3L-AA1B_nonMSIH_x26160_y18656_patch01123.png,1123,26160,18656,172.59,128.75,164.27,47.41,48.89,40.0
D:/Aamir Gulzar/KSA_project2/dataset/patch_data\TCGA-3L-AA1B_nonMSIH\TCGA-3L-AA1B_nonMSIH_x26160_y19168_patch01124.png,TCGA-3L-AA1B_nonMSIH_x26160_y19168_patch01124.png,1124,26160,19168,166.55,117.37,156.28,43.38,43.92,37.17
D:/Aamir Gulzar/KSA_project2/dataset/patch_data\TCGA-3L-AA1B_nonMSIH\TCGA-3L-AA1B_nonMSIH_x26160_y19680_patch01125.png,TCGA-3L-AA1B_nonMSIH_x26160_y19680_patch01125.png,1125,26160,19680,153.0,110.4,150.47,46.93,49.58,41.56
D:/Aamir Gulzar/KSA_project2/dataset/patch_data\TCGA-3L-AA1B_nonMSIH\TCGA-3L-AA1B_nonMSIH_x26160_y20192_patch01126.png,TCGA-3L-AA1B_nonMSIH_x26160_y20192_patch01126.png,1126,26160,20192,156.89,113.06,151.03,52.4,53.62,45.05
D:/Aamir Gulzar/KSA_project2/dataset/patch_data\TCGA-3L-AA1B_nonMSIH\TCGA-3L-AA1B_nonMSIH_x26160_y20704_patch01127.png,TCGA-3L-AA1B_nonMSIH_x26160_y20704_patch01127.png,1127,26160,20704,204.3,183.74,200.61,52.0,66.62,49.95
D:/Aamir Gulzar/KSA_project2/dataset/patch_data\TCGA-3L-AA1B_nonMSIH\TCGA-3L-AA1B_nonMSIH_x26160_y6880_patch01102.png,TCGA-3L-AA1B_nonMSIH_x26160_y6880_patch01102.png,1102,26160,6880,226.72,199.56,212.4,29.87,47.46,36.61
D:/Aamir Gulzar/KSA_project2/dataset/patch_data\TCGA-3L-AA1B_nonMSIH\TCGA-3L-AA1B_nonMSIH_x26160_y7392_patch01103.png,TCGA-3L-AA1B_nonMSIH_x26160_y7392_patch01103.png,1103,26160,7392,203.83,162.24,185.5,47.97,61.69,48.42
D:/Aamir Gulzar/KSA_project2/dataset/patch_data\TCGA-3L-AA1B_nonMSIH\TCGA-3L-AA1B_nonMSIH_x26160_y8416_patch01104.png,TCGA-3L-AA1B_nonMSIH_x26160_y8416_patch01104.png,1104,26160,8416,210.71,149.99,179.59,31.21,42.69,33.13
D:/Aamir Gulzar/KSA_project2/dataset/patch_data\TCGA-3L-AA1B_nonMSIH\TCGA-3L-AA1B_nonMSIH_x26160_y8928_patch01105.png,TCGA-3L-AA1B_nonMSIH_x26160_y8928_patch01105.png,1105,26160,8928,206.34,164.41,189.27,38.27,50.9,39.64
D:/Aamir Gulzar/KSA_project2/dataset/patch_data\TCGA-3L-AA1B_nonMSIH\TCGA-3L-AA1B_nonMSIH_x26160_y9952_patch01106.png,TCGA-3L-AA1B_nonMSIH_x26160_y9952_patch01106.png,1106,26160,9952,216.8,191.93,207.51,39.44,53.8,41.3
D:/Aamir Gulzar/KSA_project2/dataset/patch_data\TCGA-3L-AA1B_nonMSIH\TCGA-3L-AA1B_nonMSIH_x26672_y10464_patch01132.png,TCGA-3L-AA1B_nonMSIH_x26672_y10464_patch01132.png,1132,26672,10464,208.72,164.29,188.59,38.93,51.22,40.06
D:/Aamir Gulzar/KSA_project2/dataset/patch_data\TCGA-3L-AA1B_nonMSIH\TCGA-3L-AA1B_nonMSIH_x26672_y10976_patch01133.png,TCGA-3L-AA1B_nonMSIH_x26672_y10976_patch01133.png,1133,26672,10976,202.07,149.95,179.64,37.93,47.36,37.56
D:/Aamir Gulzar/KSA_project2/dataset/patch_data\TCGA-3L-AA1B_nonMSIH\TCGA-3L-AA1B_nonMSIH_x26672_y11488_patch01134.png,TCGA-3L-AA1B_nonMSIH_x26672_y11488_patch01134.png,1134,26672,11488,199.14,132.15,167.06,33.51,41.11,32.89
D:/Aamir Gulzar/KSA_project2/dataset/patch_data\TCGA-3L-AA1B_nonMSIH\TCGA-3L-AA1B_nonMSIH_x26672_y12000_patch01135.png,TCGA-3L-AA1B_nonMSIH_x26672_y12000_patch01135.png,1135,26672,12000,190.18,118.71,157.21,37.91,36.16,30.65
D:/Aamir Gulzar/KSA_project2/dataset/patch_data\TCGA-3L-AA1B_nonMSIH\TCGA-3L-AA1B_nonMSIH_x26672_y12512_patch01136.png,TCGA-3L-AA1B_nonMSIH_x26672_y12512_patch01136.png,1136,26672,12512,193.75,128.27,163.06,41.16,45.64,38.64
D:/Aamir Gulzar/KSA_project2/dataset/patch_data\TCGA-3L-AA1B_nonMSIH\TCGA-3L-AA1B_nonMSIH_x26672_y13024_patch01137.png,TCGA-3L-AA1B_nonMSIH_x26672_y13024_patch01137.png,1137,26672,13024,184.48,127.3,163.74,41.59,42.64,35.74
D:/Aamir Gulzar/KSA_project2/dataset/patch_data\TCGA-3L-AA1B_nonMSIH\TCGA-3L-AA1B_nonMSIH_x26672_y13536_patch01138.png,TCGA-3L-AA1B_nonMSIH_x26672_y13536_patch01138.png,1138,26672,13536,155.06,113.41,152.92,50.43,54.57,43.96
D:/Aamir Gulzar/KSA_project2/dataset/patch_data\TCGA-3L-AA1B_nonMSIH\TCGA-3L-AA1B_nonMSIH_x26672_y14048_patch01139.png,TCGA-3L-AA1B_nonMSIH_x26672_y14048_patch01139.png,1139,26672,14048,182.17,116.23,146.94,52.02,67.57,58.48
D:/Aamir Gulzar/KSA_project2/dataset/patch_data\TCGA-3L-AA1B_nonMSIH\TCGA-3L-AA1B_nonMSIH_x26672_y14560_patch01140.png,TCGA-3L-AA1B_nonMSIH_x26672_y14560_patch01140.png,1140,26672,14560,197.92,131.68,160.93,49.33,67.63,54.88
D:/Aamir Gulzar/KSA_project2/dataset/patch_data\TCGA-3L-AA1B_nonMSIH\TCGA-3L-AA1B_nonMSIH_x26672_y15072_patch01141.png,TCGA-3L-AA1B_nonMSIH_x26672_y15072_patch01141.png,1141,26672,15072,172.15,105.17,139.48,57.29,62.96,55.23
D:/Aamir Gulzar/KSA_project2/dataset/patch_data\TCGA-3L-AA1B_nonMSIH\TCGA-3L-AA1B_nonMSIH_x26672_y15584_patch01142.png,TCGA-3L-AA1B_nonMSIH_x26672_y15584_patch01142.png,1142,26672,15584,176.6,134.28,167.8,49.72,56.84,45.15
D:/Aamir Gulzar/KSA_project2/dataset/patch_data\TCGA-3L-AA1B_nonMSIH\TCGA-3L-AA1B_nonMSIH_x26672_y16096_patch01143.png,TCGA-3L-AA1B_nonMSIH_x26672_y16096_patch01143.png,1143,26672,16096,173.47,125.2,160.6,53.02,56.44,45.45
D:/Aamir Gulzar/KSA_project2/dataset/patch_data\TCGA-3L-AA1B_nonMSIH\TCGA-3L-AA1B_nonMSIH_x26672_y16608_patch01144.png,TCGA-3L-AA1B_nonMSIH_x26672_y16608_patch01144.png,1144,26672,16608,177.33,130.32,167.3,39.42,39.07,31.57
D:/Aamir Gulzar/KSA_project2/dataset/patch_data\TCGA-3L-AA1B_nonMSIH\TCGA-3L-AA1B_nonMSIH_x26672_y17120_patch01145.png,TCGA-3L-AA1B_nonMSIH_x26672_y17120_patch01145.png,1145,26672,17120,176.56,127.28,164.73,40.96,38.93,31.58
D:/Aamir Gulzar/KSA_project2/dataset/patch_data\TCGA-3L-AA1B_nonMSIH\TCGA-3L-AA1B_nonMSIH_x26672_y17632_patch01146.png,TCGA-3L-AA1B_nonMSIH_x26672_y17632_patch01146.png,1146,26672,17632,179.54,128.59,165.14,41.54,41.5,33.9
D:/Aamir Gulzar/KSA_project2/dataset/patch_data\TCGA-3L-AA1B_nonMSIH\TCGA-3L-AA1B_nonMSIH_x26672_y18144_patch01147.png,TCGA-3L-AA1B_nonMSIH_x26672_y18144_patch01147.png,1147,26672,18144,169.74,123.62,161.72,44.52,45.47,37.44
D:/Aamir Gulzar/KSA_project2/dataset/patch_data\TCGA-3L-AA1B_nonMSIH\TCGA-3L-AA1B_nonMSIH_x26672_y18656_patch01148.png,TCGA-3L-AA1B_nonMSIH_x26672_y18656_patch01148.png,1148,26672,18656,163.93,122.44,160.43,46.39,48.56,39.68
D:/Aamir Gulzar/KSA_project2/dataset/patch_data\TCGA-3L-AA1B_nonMSIH\TCGA-3L-AA1B_nonMSIH_x26672_y19168_patch01149.png,TCGA-3L-AA1B_nonMSIH_x26672_y19168_patch01149.png,1149,26672,19168,166.16,118.31,157.39,44.52,44.4,36.91
D:/Aamir Gulzar/KSA_project2/dataset/patch_data\TCGA-3L-AA1B_nonMSIH\TCGA-3L-AA1B_nonMSIH_x26672_y19680_patch01150.png,TCGA-3L-AA1B_nonMSIH_x26672_y19680_patch01150.png,1150,26672,19680,161.04,118.24,156.53,49.02,50.77,42.74
D:/Aamir Gulzar/KSA_project2/dataset/patch_data\TCGA-3L-AA1B_nonMSIH\TCGA-3L-AA1B_nonMSIH_x26672_y20192_patch01151.png,TCGA-3L-AA1B_nonMSIH_x26672_y20192_patch01151.png,1151,26672,20192,155.32,111.04,150.66,49.43,50.68,42.63
D:/Aamir Gulzar/KSA_project2/dataset/patch_data\TCGA-3L-AA1B_nonMSIH\TCGA-3L-AA1B_nonMSIH_x26672_y20704_patch01152.png,TCGA-3L-AA1B_nonMSIH_x26672_y20704_patch01152.png,1152,26672,20704,167.55,133.41,164.76,59.23,70.38,55.02
D:/Aamir Gulzar/KSA_project2/dataset/patch_data\TCGA-3L-AA1B_nonMSIH\TCGA-3L-AA1B_nonMSIH_x26672_y6368_patch01128.png,TCGA-3L-AA1B_nonMSIH_x26672_y6368_patch01128.png,1128,26672,6368,238.59,232.62,235.33,15.51,24.65,19.34
D:/Aamir Gulzar/KSA_project2/dataset/patch_data\TCGA-3L-AA1B_nonMSIH\TCGA-3L-AA1B_nonMSIH_x26672_y6880_patch01129.png,TCGA-3L-AA1B_nonMSIH_x26672_y6880_patch01129.png,1129,26672,6880,218.5,192.0,206.8,40.07,53.35,41.47
D:/Aamir Gulzar/KSA_project2/dataset/patch_data\TCGA-3L-AA1B_nonMSIH\TCGA-3L-AA1B_nonMSIH_x26672_y7392_patch01130.png,TCGA-3L-AA1B_nonMSIH_x26672_y7392_patch01130.png,1130,26672,7392,204.68,177.58,195.77,53.27,64.77,50.48
D:/Aamir Gulzar/KSA_project2/dataset/patch_data\TCGA-3L-AA1B_nonMSIH\TCGA-3L-AA1B_nonMSIH_x26672_y9952_patch01131.png,TCGA-3L-AA1B_nonMSIH_x26672_y9952_patch01131.png,1131,26672,9952,205.02,181.74,195.35,62.04,67.79,61.39
D:/Aamir Gulzar/KSA_project2/dataset/patch_data\TCGA-3L-AA1B_nonMSIH\TCGA-3L-AA1B_nonMSIH_x27184_y10464_patch01165.png,TCGA-3L-AA1B_nonMSIH_x27184_y10464_patch01165.png,1165,27184,10464,202.38,146.47,176.7,36.06,48.16,38.39
D:/Aamir Gulzar/KSA_project2/dataset/patch_data\TCGA-3L-AA1B_nonMSIH\TCGA-3L-AA1B_nonMSIH_x27184_y10976_patch01166.png,TCGA-3L-AA1B_nonMSIH_x27184_y10976_patch01166.png,1166,27184,10976,191.87,130.2,165.79,38.75,40.33,33.22
D:/Aamir Gulzar/KSA_project2/dataset/patch_data\TCGA-3L-AA1B_nonMSIH\TCGA-3L-AA1B_nonMSIH_x27184_y11488_patch01167.png,TCGA-3L-AA1B_nonMSIH_x27184_y11488_patch01167.png,1167,27184,11488,189.22,136.21,170.15,40.17,47.28,36.95
D:/Aamir Gulzar/KSA_project2/dataset/patch_data\TCGA-3L-AA1B_nonMSIH\TCGA-3L-AA1B_nonMSIH_x27184_y12000_patch01168.png,TCGA-3L-AA1B_nonMSIH_x27184_y12000_patch01168.png,1168,27184,12000,168.16,116.46,154.58,52.25,51.07,42.65
D:/Aamir Gulzar/KSA_project2/dataset/patch_data\TCGA-3L-AA1B_nonMSIH\TCGA-3L-AA1B_nonMSIH_x27184_y12512_patch01169.png,TCGA-3L-AA1B_nonMSIH_x27184_y12512_patch01169.png,1169,27184,12512,185.95,132.45,166.84,44.85,46.63,39.24
D:/Aamir Gulzar/KSA_project2/dataset/patch_data\TCGA-3L-AA1B_nonMSIH\TCGA-3L-AA1B_nonMSIH_x27184_y13024_patch01170.png,TCGA-3L-AA1B_nonMSIH_x27184_y13024_patch01170.png,1170,27184,13024,188.26,134.94,169.12,39.42,41.99,35.38
D:/Aamir Gulzar/KSA_project2/dataset/patch_data\TCGA-3L-AA1B_nonMSIH\TCGA-3L-AA1B_nonMSIH_x27184_y13536_patch01171.png,TCGA-3L-AA1B_nonMSIH_x27184_y13536_patch01171.png,1171,27184,13536,177.35,126.09,162.84,43.65,43.34,36.35
D:/Aamir Gulzar/KSA_project2/dataset/patch_data\TCGA-3L-AA1B_nonMSIH\TCGA-3L-AA1B_nonMSIH_x27184_y14048_patch01172.png,TCGA-3L-AA1B_nonMSIH_x27184_y14048_patch01172.png,1172,27184,14048,173.26,124.6,160.55,49.24,52.07,41.51
D:/Aamir Gulzar/KSA_project2/dataset/patch_data\TCGA-3L-AA1B_nonMSIH\TCGA-3L-AA1B_nonMSIH_x27184_y14560_patch01173.png,TCGA-3L-AA1B_nonMSIH_x27184_y14560_patch01173.png,1173,27184,14560,175.57,121.97,156.79,53.83,56.61,47.23
D:/Aamir Gulzar/KSA_project2/dataset/patch_data\TCGA-3L-AA1B_nonMSIH\TCGA-3L-AA1B_nonMSIH_x27184_y15072_patch01174.png,TCGA-3L-AA1B_nonMSIH_x27184_y15072_patch01174.png,1174,27184,15072,184.12,124.18,154.1,54.56,69.81,58.31
D:/Aamir Gulzar/KSA_project2/dataset/patch_data\TCGA-3L-AA1B_nonMSIH\TCGA-3L-AA1B_nonMSIH_x27184_y15584_patch01175.png,TCGA-3L-AA1B_nonMSIH_x27184_y15584_patch01175.png,1175,27184,15584,164.1,120.74,157.12,52.8,56.89,46.88
D:/Aamir Gulzar/KSA_project2/dataset/patch_data\TCGA-3L-AA1B_nonMSIH\TCGA-3L-AA1B_nonMSIH_x27184_y16096_patch01176.png,TCGA-3L-AA1B_nonMSIH_x27184_y16096_patch01176.png,1176,27184,16096,171.15,122.92,158.98,50.68,54.92,43.88
D:/Aamir Gulzar/KSA_project2/dataset/patch_data\TCGA-3L-AA1B_nonMSIH\TCGA-3L-AA1B_nonMSIH_x27184_y16608_patch01177.png,TCGA-3L-AA1B_nonMSIH_x27184_y16608_patch01177.png,1177,27184,16608,166.78,126.83,164.25,41.0,46.17,35.55
D:/Aamir Gulzar/KSA_project2/dataset/patch_data\TCGA-3L-AA1B_nonMSIH\TCGA-3L-AA1B_nonMSIH_x27184_y17120_patch01178.png,TCGA-3L-AA1B_nonMSIH_x27184_y17120_patch01178.png,1178,27184,17120,171.58,128.46,165.26,42.98,44.82,36.38
D:/Aamir Gulzar/KSA_project2/dataset/patch_data\TCGA-3L-AA1B_nonMSIH\TCGA-3L-AA1B_nonMSIH_x27184_y17632_patch01179.png,TCGA-3L-AA1B_nonMSIH_x27184_y17632_patch01179.png,1179,27184,17632,161.54,117.88,157.15,44.45,47.21,38.88
D:/Aamir Gulzar/KSA_project2/dataset/patch_data\TCGA-3L-AA1B_nonMSIH\TCGA-3L-AA1B_nonMSIH_x27184_y18144_patch01180.png,TCGA-3L-AA1B_nonMSIH_x27184_y18144_patch01180.png,1180,27184,18144,168.14,123.07,160.82,44.79,47.59,39.17
D:/Aamir Gulzar/KSA_project2/dataset/patch_data\TCGA-3L-AA1B_nonMSIH\TCGA-3L-AA1B_nonMSIH_x27184_y18656_patch01181.png,TCGA-3L-AA1B_nonMSIH_x27184_y18656_patch01181.png,1181,27184,18656,158.92,119.79,158.74,44.33,48.38,39.58
D:/Aamir Gulzar/KSA_project2/dataset/patch_data\TCGA-3L-AA1B_nonMSIH\TCGA-3L-AA1B_nonMSIH_x27184_y19168_patch01182.png,TCGA-3L-AA1B_nonMSIH_x27184_y19168_patch01182.png,1182,27184,19168,157.28,117.48,157.03,43.36,47.26,38.65
D:/Aamir Gulzar/KSA_project2/dataset/patch_data\TCGA-3L-AA1B_nonMSIH\TCGA-3L-AA1B_nonMSIH_x27184_y19680_patch01183.png,TCGA-3L-AA1B_nonMSIH_x27184_y19680_patch01183.png,1183,27184,19680,154.93,114.01,154.01,44.01,47.13,39.63
D:/Aamir Gulzar/KSA_project2/dataset/patch_data\TCGA-3L-AA1B_nonMSIH\TCGA-3L-AA1B_nonMSIH_x27184_y20192_patch01184.png,TCGA-3L-AA1B_nonMSIH_x27184_y20192_patch01184.png,1184,27184,20192,157.3,118.57,156.71,47.43,54.33,43.5
D:/Aamir Gulzar/KSA_project2/dataset/patch_data\TCGA-3L-AA1B_nonMSIH\TCGA-3L-AA1B_nonMSIH_x27184_y20704_patch01185.png,TCGA-3L-AA1B_nonMSIH_x27184_y20704_patch01185.png,1185,27184,20704,157.41,114.9,152.64,50.79,52.14,44.33
D:/Aamir Gulzar/KSA_project2/dataset/patch_data\TCGA-3L-AA1B_nonMSIH\TCGA-3L-AA1B_nonMSIH_x27184_y21216_patch01186.png,TCGA-3L-AA1B_nonMSIH_x27184_y21216_patch01186.png,1186,27184,21216,214.81,198.54,210.88,46.22,61.45,46.01
D:/Aamir Gulzar/KSA_project2/dataset/patch_data\TCGA-3L-AA1B_nonMSIH\TCGA-3L-AA1B_nonMSIH_x27184_y3296_patch01153.png,TCGA-3L-AA1B_nonMSIH_x27184_y3296_patch01153.png,1153,27184,3296,221.54,209.07,214.15,44.38,51.98,47.41
D:/Aamir Gulzar/KSA_project2/dataset/patch_data\TCGA-3L-AA1B_nonMSIH\TCGA-3L-AA1B_nonMSIH_x27184_y3808_patch01154.png,TCGA-3L-AA1B_nonMSIH_x27184_y3808_patch01154.png,1154,27184,3808,237.56,231.09,234.12,18.94,30.55,23.66
D:/Aamir Gulzar/KSA_project2/dataset/patch_data\TCGA-3L-AA1B_nonMSIH\TCGA-3L-AA1B_nonMSIH_x27184_y5344_patch01155.png,TCGA-3L-AA1B_nonMSIH_x27184_y5344_patch01155.png,1155,27184,5344,237.05,230.79,234.0,20.69,29.53,23.05
D:/Aamir Gulzar/KSA_project2/dataset/patch_data\TCGA-3L-AA1B_nonMSIH\TCGA-3L-AA1B_nonMSIH_x27184_y5856_patch01156.png,TCGA-3L-AA1B_nonMSIH_x27184_y5856_patch01156.png,1156,27184,5856,225.14,209.76,218.91,34.11,45.6,35.69
D:/Aamir Gulzar/KSA_project2/dataset/patch_data\TCGA-3L-AA1B_nonMSIH\TCGA-3L-AA1B_nonMSIH_x27184_y6368_patch01157.png,TCGA-3L-AA1B_nonMSIH_x27184_y6368_patch01157.png,1157,27184,6368,233.19,220.0,226.08,20.38,33.29,26.2
D:/Aamir Gulzar/KSA_project2/dataset/patch_data\TCGA-3L-AA1B_nonMSIH\TCGA-3L-AA1B_nonMSIH_x27184_y6880_patch01158.png,TCGA-3L-AA1B_nonMSIH_x27184_y6880_patch01158.png,1158,27184,6880,219.04,190.18,205.88,34.72,45.16,36.13
D:/Aamir Gulzar/KSA_project2/dataset/patch_data\TCGA-3L-AA1B_nonMSIH\TCGA-3L-AA1B_nonMSIH_x27184_y7392_patch01159.png,TCGA-3L-AA1B_nonMSIH_x27184_y7392_patch01159.png,1159,27184,7392,207.9,175.01,194.75,44.65,55.07,43.65
D:/Aamir Gulzar/KSA_project2/dataset/patch_data\TCGA-3L-AA1B_nonMSIH\TCGA-3L-AA1B_nonMSIH_x27184_y7904_patch01160.png,TCGA-3L-AA1B_nonMSIH_x27184_y7904_patch01160.png,1160,27184,7904,162.03,121.13,154.0,65.82,62.88,54.06
D:/Aamir Gulzar/KSA_project2/dataset/patch_data\TCGA-3L-AA1B_nonMSIH\TCGA-3L-AA1B_nonMSIH_x27184_y8416_patch01161.png,TCGA-3L-AA1B_nonMSIH_x27184_y8416_patch01161.png,1161,27184,8416,144.78,101.1,140.05,56.05,61.3,50.05
D:/Aamir Gulzar/KSA_project2/dataset/patch_data\TCGA-3L-AA1B_nonMSIH\TCGA-3L-AA1B_nonMSIH_x27184_y8928_patch01162.png,TCGA-3L-AA1B_nonMSIH_x27184_y8928_patch01162.png,1162,27184,8928,174.12,144.29,170.98,64.54,80.67,62.22
D:/Aamir Gulzar/KSA_project2/dataset/patch_data\TCGA-3L-AA1B_nonMSIH\TCGA-3L-AA1B_nonMSIH_x27184_y9440_patch01163.png,TCGA-3L-AA1B_nonMSIH_x27184_y9440_patch01163.png,1163,27184,9440,188.96,165.7,186.3,63.4,80.97,62.3
D:/Aamir Gulzar/KSA_project2/dataset/patch_data\TCGA-3L-AA1B_nonMSIH\TCGA-3L-AA1B_nonMSIH_x27184_y9952_patch01164.png,TCGA-3L-AA1B_nonMSIH_x27184_y9952_patch01164.png,1164,27184,9952,212.28,183.73,201.23,44.69,61.25,46.84
D:/Aamir Gulzar/KSA_project2/dataset/patch_data\TCGA-3L-AA1B_nonMSIH\TCGA-3L-AA1B_nonMSIH_x27696_y10464_patch01202.png,TCGA-3L-AA1B_nonMSIH_x27696_y10464_patch01202.png,1202,27696,10464,198.3,141.4,173.82,37.75,45.89,36.47
D:/Aamir Gulzar/KSA_project2/dataset/patch_data\TCGA-3L-AA1B_nonMSIH\TCGA-3L-AA1B_nonMSIH_x27696_y10976_patch01203.png,TCGA-3L-AA1B_nonMSIH_x27696_y10976_patch01203.png,1203,27696,10976,191.64,128.21,164.62,38.33,40.81,33.29
D:/Aamir Gulzar/KSA_project2/dataset/patch_data\TCGA-3L-AA1B_nonMSIH\TCGA-3L-AA1B_nonMSIH_x27696_y11488_patch01204.png,TCGA-3L-AA1B_nonMSIH_x27696_y11488_patch01204.png,1204,27696,11488,198.12,157.97,186.08,38.25,50.06,37.93
D:/Aamir Gulzar/KSA_project2/dataset/patch_data\TCGA-3L-AA1B_nonMSIH\TCGA-3L-AA1B_nonMSIH_x27696_y12000_patch01205.png,TCGA-3L-AA1B_nonMSIH_x27696_y12000_patch01205.png,1205,27696,12000,172.51,133.39,166.18,55.93,64.62,51.61
D:/Aamir Gulzar/KSA_project2/dataset/patch_data\TCGA-3L-AA1B_nonMSIH\TCGA-3L-AA1B_nonMSIH_x27696_y12512_patch01206.png,TCGA-3L-AA1B_nonMSIH_x27696_y12512_patch01206.png,1206,27696,12512,147.54,103.57,146.55,44.62,45.03,37.45
D:/Aamir Gulzar/KSA_project2/dataset/patch_data\TCGA-3L-AA1B_nonMSIH\TCGA-3L-AA1B_nonMSIH_x27696_y13024_patch01207.png,TCGA-3L-AA1B_nonMSIH_x27696_y13024_patch01207.png,1207,27696,13024,150.21,105.26,147.23,47.61,47.03,39.14
D:/Aamir Gulzar/KSA_project2/dataset/patch_data\TCGA-3L-AA1B_nonMSIH\TCGA-3L-AA1B_nonMSIH_x27696_y13536_patch01208.png,TCGA-3L-AA1B_nonMSIH_x27696_y13536_patch01208.png,1208,27696,13536,160.42,110.36,151.13,49.06,44.84,37.85
D:/Aamir Gulzar/KSA_project2/dataset/patch_data\TCGA-3L-AA1B_nonMSIH\TCGA-3L-AA1B_nonMSIH_x27696_y14048_patch01209.png,TCGA-3L-AA1B_nonMSIH_x27696_y14048_patch01209.png,1209,27696,14048,188.15,136.04,170.21,40.62,42.59,35.0
D:/Aamir Gulzar/KSA_project2/dataset/patch_data\TCGA-3L-AA1B_nonMSIH\TCGA-3L-AA1B_nonMSIH_x27696_y14560_patch01210.png,TCGA-3L-AA1B_nonMSIH_x27696_y14560_patch01210.png,1210,27696,14560,182.35,143.17,175.35,45.21,50.03,39.11
D:/Aamir Gulzar/KSA_project2/dataset/patch_data\TCGA-3L-AA1B_nonMSIH\TCGA-3L-AA1B_nonMSIH_x27696_y15072_patch01211.png,TCGA-3L-AA1B_nonMSIH_x27696_y15072_patch01211.png,1211,27696,15072,161.85,122.46,159.84,49.5,54.94,43.58
D:/Aamir Gulzar/KSA_project2/dataset/patch_data\TCGA-3L-AA1B_nonMSIH\TCGA-3L-AA1B_nonMSIH_x27696_y15584_patch01212.png,TCGA-3L-AA1B_nonMSIH_x27696_y15584_patch01212.png,1212,27696,15584,153.21,110.85,149.28,51.99,57.67,48.66
D:/Aamir Gulzar/KSA_project2/dataset/patch_data\TCGA-3L-AA1B_nonMSIH\TCGA-3L-AA1B_nonMSIH_x27696_y16096_patch01213.png,TCGA-3L-AA1B_nonMSIH_x27696_y16096_patch01213.png,1213,27696,16096,162.16,125.68,163.21,45.94,49.5,39.06
D:/Aamir Gulzar/KSA_project2/dataset/patch_data\TCGA-3L-AA1B_nonMSIH\TCGA-3L-AA1B_nonMSIH_x27696_y16608_patch01214.png,TCGA-3L-AA1B_nonMSIH_x27696_y16608_patch01214.png,1214,27696,16608,179.21,144.01,175.61,48.19,60.03,43.83
D:/Aamir Gulzar/KSA_project2/dataset/patch_data\TCGA-3L-AA1B_nonMSIH\TCGA-3L-AA1B_nonMSIH_x27696_y17120_patch01215.png,TCGA-3L-AA1B_nonMSIH_x27696_y17120_patch01215.png,1215,27696,17120,167.53,123.48,161.5,45.65,48.41,38.61
D:/Aamir Gulzar/KSA_project2/dataset/patch_data\TCGA-3L-AA1B_nonMSIH\TCGA-3L-AA1B_nonMSIH_x27696_y17632_patch01216.png,TCGA-3L-AA1B_nonMSIH_x27696_y17632_patch01216.png,1216,27696,17632,173.58,127.9,164.23,46.71,50.24,40.27
D:/Aamir Gulzar/KSA_project2/dataset/patch_data\TCGA-3L-AA1B_nonMSIH\TCGA-3L-AA1B_nonMSIH_x27696_y18144_patch01217.png,TCGA-3L-AA1B_nonMSIH_x27696_y18144_patch01217.png,1217,27696,18144,165.91,123.2,161.18,46.83,49.82,40.05
D:/Aamir Gulzar/KSA_project2/dataset/patch_data\TCGA-3L-AA1B_nonMSIH\TCGA-3L-AA1B_nonMSIH_x27696_y18656_patch01218.png,TCGA-3L-AA1B_nonMSIH_x27696_y18656_patch01218.png,1218,27696,18656,156.66,117.24,156.6,47.2,51.59,41.57
D:/Aamir Gulzar/KSA_project2/dataset/patch_data\TCGA-3L-AA1B_nonMSIH\TCGA-3L-AA1B_nonMSIH_x27696_y19168_patch01219.png,TCGA-3L-AA1B_nonMSIH_x27696_y19168_patch01219.png,1219,27696,19168,158.27,111.05,151.86,46.92,45.95,38.52
D:/Aamir Gulzar/KSA_project2/dataset/patch_data\TCGA-3L-AA1B_nonMSIH\TCGA-3L-AA1B_nonMSIH_x27696_y19680_patch01220.png,TCGA-3L-AA1B_nonMSIH_x27696_y19680_patch01220.png,1220,27696,19680,154.02,108.9,149.56,47.66,49.35,41.31
D:/Aamir Gulzar/KSA_project2/dataset/patch_data\TCGA-3L-AA1B_nonMSIH\TCGA-3L-AA1B_nonMSIH_x27696_y20192_patch01221.png,TCGA-3L-AA1B_nonMSIH_x27696_y20192_patch01221.png,1221,27696,20192,152.27,113.75,152.71,51.44,56.67,45.76
D:/Aamir Gulzar/KSA_project2/dataset/patch_data\TCGA-3L-AA1B_nonMSIH\TCGA-3L-AA1B_nonMSIH_x27696_y20704_patch01222.png,TCGA-3L-AA1B_nonMSIH_x27696_y20704_patch01222.png,1222,27696,20704,152.58,108.33,148.55,49.37,48.78,40.87
D:/Aamir Gulzar/KSA_project2/dataset/patch_data\TCGA-3L-AA1B_nonMSIH\TCGA-3L-AA1B_nonMSIH_x27696_y21216_patch01223.png,TCGA-3L-AA1B_nonMSIH_x27696_y21216_patch01223.png,1223,27696,21216,188.13,156.05,181.5,55.61,69.85,52.32
D:/Aamir Gulzar/KSA_project2/dataset/patch_data\TCGA-3L-AA1B_nonMSIH\TCGA-3L-AA1B_nonMSIH_x27696_y2784_patch01187.png,TCGA-3L-AA1B_nonMSIH_x27696_y2784_patch01187.png,1187,27696,2784,232.82,224.27,228.08,27.12,37.21,31.68
D:/Aamir Gulzar/KSA_project2/dataset/patch_data\TCGA-3L-AA1B_nonMSIH\TCGA-3L-AA1B_nonMSIH_x27696_y3296_patch01188.png,TCGA-3L-AA1B_nonMSIH_x27696_y3296_patch01188.png,1188,27696,3296,225.7,208.06,216.07,35.68,48.48,41.18
D:/Aamir Gulzar/KSA_project2/dataset/patch_data\TCGA-3L-AA1B_nonMSIH\TCGA-3L-AA1B_nonMSIH_x27696_y3808_patch01189.png,TCGA-3L-AA1B_nonMSIH_x27696_y3808_patch01189.png,1189,27696,3808,232.3,221.57,227.25,27.59,39.99,31.27
D:/Aamir Gulzar/KSA_project2/dataset/patch_data\TCGA-3L-AA1B_nonMSIH\TCGA-3L-AA1B_nonMSIH_x27696_y4320_patch01190.png,TCGA-3L-AA1B_nonMSIH_x27696_y4320_patch01190.png,1190,27696,4320,233.9,225.39,229.76,24.13,34.83,27.77
D:/Aamir Gulzar/KSA_project2/dataset/patch_data\TCGA-3L-AA1B_nonMSIH\TCGA-3L-AA1B_nonMSIH_x27696_y4832_patch01191.png,TCGA-3L-AA1B_nonMSIH_x27696_y4832_patch01191.png,1191,27696,4832,237.67,232.87,235.04,20.89,27.57,23.44
D:/Aamir Gulzar/KSA_project2/dataset/patch_data\TCGA-3L-AA1B_nonMSIH\TCGA-3L-AA1B_nonMSIH_x27696_y5344_patch01192.png,TCGA-3L-AA1B_nonMSIH_x27696_y5344_patch01192.png,1192,27696,5344,224.43,202.84,214.78,31.22,45.83,34.61
D:/Aamir Gulzar/KSA_project2/dataset/patch_data\TCGA-3L-AA1B_nonMSIH\TCGA-3L-AA1B_nonMSIH_x27696_y5856_patch01193.png,TCGA-3L-AA1B_nonMSIH_x27696_y5856_patch01193.png,1193,27696,5856,225.74,204.46,215.48,29.58,45.82,35.45
D:/Aamir Gulzar/KSA_project2/dataset/patch_data\TCGA-3L-AA1B_nonMSIH\TCGA-3L-AA1B_nonMSIH_x27696_y6368_patch01194.png,TCGA-3L-AA1B_nonMSIH_x27696_y6368_patch01194.png,1194,27696,6368,228.15,209.92,219.15,27.02,42.11,32.82
D:/Aamir Gulzar/KSA_project2/dataset/patch_data\TCGA-3L-AA1B_nonMSIH\TCGA-3L-AA1B_nonMSIH_x27696_y6880_patch01195.png,TCGA-3L-AA1B_nonMSIH_x27696_y6880_patch01195.png,1195,27696,6880,222.16,201.7,213.55,36.07,46.8,36.29
D:/Aamir Gulzar/KSA_project2/dataset/patch_data\TCGA-3L-AA1B_nonMSIH\TCGA-3L-AA1B_nonMSIH_x27696_y7392_patch01196.png,TCGA-3L-AA1B_nonMSIH_x27696_y7392_patch01196.png,1196,27696,7392,158.51,129.78,159.66,71.58,70.84,59.88
D:/Aamir Gulzar/KSA_project2/dataset/patch_data\TCGA-3L-AA1B_nonMSIH\TCGA-3L-AA1B_nonMSIH_x27696_y7904_patch01197.png,TCGA-3L-AA1B_nonMSIH_x27696_y7904_patch01197.png,1197,27696,7904,170.49,135.61,165.8,66.49,67.31,55.64
D:/Aamir Gulzar/KSA_project2/dataset/patch_data\TCGA-3L-AA1B_nonMSIH\TCGA-3L-AA1B_nonMSIH_x27696_y8416_patch01198.png,TCGA-3L-AA1B_nonMSIH_x27696_y8416_patch01198.png,1198,27696,8416,211.75,192.56,206.88,49.87,62.73,48.74
D:/Aamir Gulzar/KSA_project2/dataset/patch_data\TCGA-3L-AA1B_nonMSIH\TCGA-3L-AA1B_nonMSIH_x27696_y8928_patch01199.png,TCGA-3L-AA1B_nonMSIH_x27696_y8928_patch01199.png,1199,27696,8928,215.09,195.67,208.91,48.59,64.53,49.76
D:/Aamir Gulzar/KSA_project2/dataset/patch_data\TCGA-3L-AA1B_nonMSIH\TCGA-3L-AA1B_nonMSIH_x27696_y9440_patch01200.png,TCGA-3L-AA1B_nonMSIH_x27696_y9440_patch01200.png,1200,27696,9440,146.99,95.56,138.11,49.59,50.41,42.09
D:/Aamir Gulzar/KSA_project2/dataset/patch_data\TCGA-3L-AA1B_nonMSIH\TCGA-3L-AA1B_nonMSIH_x27696_y9952_patch01201.png,TCGA-3L-AA1B_nonMSIH_x27696_y9952_patch01201.png,1201,27696,9952,191.11,134.76,167.47,47.19,55.59,43.9
D:/Aamir Gulzar/KSA_project2/dataset/patch_data\TCGA-3L-AA1B_nonMSIH\TCGA-3L-AA1B_nonMSIH_x28208_y10464_patch01239.png,TCGA-3L-AA1B_nonMSIH_x28208_y10464_patch01239.png,1239,28208,10464,195.41,134.72,169.51,35.81,36.07,29.68
D:/Aamir Gulzar/KSA_project2/dataset/patch_data\TCGA-3L-AA1B_nonMSIH\TCGA-3L-AA1B_nonMSIH_x28208_y10976_patch01240.png,TCGA-3L-AA1B_nonMSIH_x28208_y10976_patch01240.png,1240,28208,10976,195.04,126.56,163.73,33.21,32.58,27.13
D:/Aamir Gulzar/KSA_project2/dataset/patch_data\TCGA-3L-AA1B_nonMSIH\TCGA-3L-AA1B_nonMSIH_x28208_y11488_patch01241.png,TCGA-3L-AA1B_nonMSIH_x28208_y11488_patch01241.png,1241,28208,11488,188.91,131.25,166.62,39.75,43.57,35.35
D:/Aamir Gulzar/KSA_project2/dataset/patch_data\TCGA-3L-AA1B_nonMSIH\TCGA-3L-AA1B_nonMSIH_x28208_y12000_patch01242.png,TCGA-3L-AA1B_nonMSIH_x28208_y12000_patch01242.png,1242,28208,12000,178.55,125.66,161.38,47.48,51.32,42.36
D:/Aamir Gulzar/KSA_project2/dataset/patch_data\TCGA-3L-AA1B_nonMSIH\TCGA-3L-AA1B_nonMSIH_x28208_y12512_patch01243.png,TCGA-3L-AA1B_nonMSIH_x28208_y12512_patch01243.png,1243,28208,12512,156.26,113.34,152.25,50.87,55.73,45.3
D:/Aamir Gulzar/KSA_project2/dataset/patch_data\TCGA-3L-AA1B_nonMSIH\TCGA-3L-AA1B_nonMSIH_x28208_y13024_patch01244.png,TCGA-3L-AA1B_nonMSIH_x28208_y13024_patch01244.png,1244,28208,13024,142.04,97.66,139.94,49.74,51.61,43.99
D:/Aamir Gulzar/KSA_project2/dataset/patch_data\TCGA-3L-AA1B_nonMSIH\TCGA-3L-AA1B_nonMSIH_x28208_y13536_patch01245.png,TCGA-3L-AA1B_nonMSIH_x28208_y13536_patch01245.png,1245,28208,13536,153.27,109.09,147.97,53.88,61.02,48.95
D:/Aamir Gulzar/KSA_project2/dataset/patch_data\TCGA-3L-AA1B_nonMSIH\TCGA-3L-AA1B_nonMSIH_x28208_y14048_patch01246.png,TCGA-3L-AA1B_nonMSIH_x28208_y14048_patch01246.png,1246,28208,14048,158.43,116.76,156.07,47.26,48.88,39.94
D:/Aamir Gulzar/KSA_project2/dataset/patch_data\TCGA-3L-AA1B_nonMSIH\TCGA-3L-AA1B_nonMSIH_x28208_y14560_patch01247.png,TCGA-3L-AA1B_nonMSIH_x28208_y14560_patch01247.png,1247,28208,14560,161.33,120.31,158.63,47.43,50.57,40.58
D:/Aamir Gulzar/KSA_project2/dataset/patch_data\TCGA-3L-AA1B_nonMSIH\TCGA-3L-AA1B_nonMSIH_x28208_y15072_patch01248.png,TCGA-3L-AA1B_nonMSIH_x28208_y15072_patch01248.png,1248,28208,15072,159.02,117.51,155.91,48.8,54.0,43.85
D:/Aamir Gulzar/KSA_project2/dataset/patch_data\TCGA-3L-AA1B_nonMSIH\TCGA-3L-AA1B_nonMSIH_x28208_y15584_patch01249.png,TCGA-3L-AA1B_nonMSIH_x28208_y15584_patch01249.png,1249,28208,15584,165.25,126.41,163.68,43.98,48.85,39.44
D:/Aamir Gulzar/KSA_project2/dataset/patch_data\TCGA-3L-AA1B_nonMSIH\TCGA-3L-AA1B_nonMSIH_x28208_y16096_patch01250.png,TCGA-3L-AA1B_nonMSIH_x28208_y16096_patch01250.png,1250,28208,16096,164.18,126.29,163.34,44.92,51.1,40.66
D:/Aamir Gulzar/KSA_project2/dataset/patch_data\TCGA-3L-AA1B_nonMSIH\TCGA-3L-AA1B_nonMSIH_x28208_y16608_patch01251.png,TCGA-3L-AA1B_nonMSIH_x28208_y16608_patch01251.png,1251,28208,16608,169.5,126.89,163.83,45.51,47.6,38.49
D:/Aamir Gulzar/KSA_project2/dataset/patch_data\TCGA-3L-AA1B_nonMSIH\TCGA-3L-AA1B_nonMSIH_x28208_y17120_patch01252.png,TCGA-3L-AA1B_nonMSIH_x28208_y17120_patch01252.png,1252,28208,17120,162.88,121.35,160.06,45.24,47.46,38.66
D:/Aamir Gulzar/KSA_project2/dataset/patch_data\TCGA-3L-AA1B_nonMSIH\TCGA-3L-AA1B_nonMSIH_x28208_y17632_patch01253.png,TCGA-3L-AA1B_nonMSIH_x28208_y17632_patch01253.png,1253,28208,17632,164.17,122.94,161.15,45.13,50.24,40.02
D:/Aamir Gulzar/KSA_project2/dataset/patch_data\TCGA-3L-AA1B_nonMSIH\TCGA-3L-AA1B_nonMSIH_x28208_y18144_patch01254.png,TCGA-3L-AA1B_nonMSIH_x28208_y18144_patch01254.png,1254,28208,18144,161.18,119.59,158.37,46.43,49.39,40.27
D:/Aamir Gulzar/KSA_project2/dataset/patch_data\TCGA-3L-AA1B_nonMSIH\TCGA-3L-AA1B_nonMSIH_x28208_y18656_patch01255.png,TCGA-3L-AA1B_nonMSIH_x28208_y18656_patch01255.png,1255,28208,18656,153.95,112.88,153.27,45.48,48.44,39.88
D:/Aamir Gulzar/KSA_project2/dataset/patch_data\TCGA-3L-AA1B_nonMSIH\TCGA-3L-AA1B_nonMSIH_x28208_y19168_patch01256.png,TCGA-3L-AA1B_nonMSIH_x28208_y19168_patch01256.png,1256,28208,19168,154.12,111.75,151.82,47.28,49.77,41.35
D:/Aamir Gulzar/KSA_project2/dataset/patch_data\TCGA-3L-AA1B_nonMSIH\TCGA-3L-AA1B_nonMSIH_x28208_y19680_patch01257.png,TCGA-3L-AA1B_nonMSIH_x28208_y19680_patch01257.png,1257,28208,19680,153.95,113.53,153.58,44.1,45.6,38.27
D:/Aamir Gulzar/KSA_project2/dataset/patch_data\TCGA-3L-AA1B_nonMSIH\TCGA-3L-AA1B_nonMSIH_x28208_y20192_patch01258.png,TCGA-3L-AA1B_nonMSIH_x28208_y20192_patch01258.png,1258,28208,20192,149.48,110.03,150.29,46.74,50.18,41.7
D:/Aamir Gulzar/KSA_project2/dataset/patch_data\TCGA-3L-AA1B_nonMSIH\TCGA-3L-AA1B_nonMSIH_x28208_y20704_patch01259.png,TCGA-3L-AA1B_nonMSIH_x28208_y20704_patch01259.png,1259,28208,20704,161.97,127.86,162.09,54.7,64.04,49.64
D:/Aamir Gulzar/KSA_project2/dataset/patch_data\TCGA-3L-AA1B_nonMSIH\TCGA-3L-AA1B_nonMSIH_x28208_y21216_patch01260.png,TCGA-3L-AA1B_nonMSIH_x28208_y21216_patch01260.png,1260,28208,21216,194.31,169.49,189.93,55.76,72.74,54.89
D:/Aamir Gulzar/KSA_project2/dataset/patch_data\TCGA-3L-AA1B_nonMSIH\TCGA-3L-AA1B_nonMSIH_x28208_y2784_patch01224.png,TCGA-3L-AA1B_nonMSIH_x28208_y2784_patch01224.png,1224,28208,2784,236.84,229.4,232.45,18.03,28.74,23.82
D:/Aamir Gulzar/KSA_project2/dataset/patch_data\TCGA-3L-AA1B_nonMSIH\TCGA-3L-AA1B_nonMSIH_x28208_y3296_patch01225.png,TCGA-3L-AA1B_nonMSIH_x28208_y3296_patch01225.png,1225,28208,3296,233.51,219.68,225.77,22.46,38.07,30.22
D:/Aamir Gulzar/KSA_project2/dataset/patch_data\TCGA-3L-AA1B_nonMSIH\TCGA-3L-AA1B_nonMSIH_x28208_y3808_patch01226.png,TCGA-3L-AA1B_nonMSIH_x28208_y3808_patch01226.png,1226,28208,3808,233.16,219.8,225.89,23.65,36.48,29.44
D:/Aamir Gulzar/KSA_project2/dataset/patch_data\TCGA-3L-AA1B_nonMSIH\TCGA-3L-AA1B_nonMSIH_x28208_y4320_patch01227.png,TCGA-3L-AA1B_nonMSIH_x28208_y4320_patch01227.png,1227,28208,4320,235.69,229.21,232.1,28.53,35.19,30.84
D:/Aamir Gulzar/KSA_project2/dataset/patch_data\TCGA-3L-AA1B_nonMSIH\TCGA-3L-AA1B_nonMSIH_x28208_y4832_patch01228.png,TCGA-3L-AA1B_nonMSIH_x28208_y4832_patch01228.png,1228,28208,4832,231.04,215.73,223.56,26.43,41.53,31.61
D:/Aamir Gulzar/KSA_project2/dataset/patch_data\TCGA-3L-AA1B_nonMSIH\TCGA-3L-AA1B_nonMSIH_x28208_y5344_patch01229.png,TCGA-3L-AA1B_nonMSIH_x28208_y5344_patch01229.png,1229,28208,5344,227.42,206.92,217.38,28.77,43.96,33.51
D:/Aamir Gulzar/KSA_project2/dataset/patch_data\TCGA-3L-AA1B_nonMSIH\TCGA-3L-AA1B_nonMSIH_x28208_y5856_patch01230.png,TCGA-3L-AA1B_nonMSIH_x28208_y5856_patch01230.png,1230,28208,5856,229.26,211.32,219.97,25.05,40.78,31.94
D:/Aamir Gulzar/KSA_project2/dataset/patch_data\TCGA-3L-AA1B_nonMSIH\TCGA-3L-AA1B_nonMSIH_x28208_y6368_patch01231.png,TCGA-3L-AA1B_nonMSIH_x28208_y6368_patch01231.png,1231,28208,6368,222.84,201.09,212.51,34.66,49.01,37.96
D:/Aamir Gulzar/KSA_project2/dataset/patch_data\TCGA-3L-AA1B_nonMSIH\TCGA-3L-AA1B_nonMSIH_x28208_y6880_patch01232.png,TCGA-3L-AA1B_nonMSIH_x28208_y6880_patch01232.png,1232,28208,6880,221.84,200.02,212.94,34.46,48.06,36.18
D:/Aamir Gulzar/KSA_project2/dataset/patch_data\TCGA-3L-AA1B_nonMSIH\TCGA-3L-AA1B_nonMSIH_x28208_y7392_patch01233.png,TCGA-3L-AA1B_nonMSIH_x28208_y7392_patch01233.png,1233,28208,7392,175.75,128.93,161.85,58.75,56.32,47.87
D:/Aamir Gulzar/KSA_project2/dataset/patch_data\TCGA-3L-AA1B_nonMSIH\TCGA-3L-AA1B_nonMSIH_x28208_y7904_patch01234.png,TCGA-3L-AA1B_nonMSIH_x28208_y7904_patch01234.png,1234,28208,7904,173.34,127.66,161.31,59.15,55.4,47.62
D:/Aamir Gulzar/KSA_project2/dataset/patch_data\TCGA-3L-AA1B_nonMSIH\TCGA-3L-AA1B_nonMSIH_x28208_y8416_patch01235.png,TCGA-3L-AA1B_nonMSIH_x28208_y8416_patch01235.png,1235,28208,8416,194.39,165.07,186.67,59.3,69.45,54.9
D:/Aamir Gulzar/KSA_project2/dataset/patch_data\TCGA-3L-AA1B_nonMSIH\TCGA-3L-AA1B_nonMSIH_x28208_y8928_patch01236.png,TCGA-3L-AA1B_nonMSIH_x28208_y8928_patch01236.png,1236,28208,8928,192.46,141.27,171.97,49.08,54.89,44.03
D:/Aamir Gulzar/KSA_project2/dataset/patch_data\TCGA-3L-AA1B_nonMSIH\TCGA-3L-AA1B_nonMSIH_x28208_y9440_patch01237.png,TCGA-3L-AA1B_nonMSIH_x28208_y9440_patch01237.png,1237,28208,9440,192.34,147.38,175.18,50.73,66.22,50.23
D:/Aamir Gulzar/KSA_project2/dataset/patch_data\TCGA-3L-AA1B_nonMSIH\TCGA-3L-AA1B_nonMSIH_x28208_y9952_patch01238.png,TCGA-3L-AA1B_nonMSIH_x28208_y9952_patch01238.png,1238,28208,9952,200.85,143.88,175.67,34.49,41.76,33.12
D:/Aamir Gulzar/KSA_project2/dataset/patch_data\TCGA-3L-AA1B_nonMSIH\TCGA-3L-AA1B_nonMSIH_x28720_y10464_patch01275.png,TCGA-3L-AA1B_nonMSIH_x28720_y10464_patch01275.png,1275,28720,10464,197.69,153.92,183.32,36.28,45.8,34.99
D:/Aamir Gulzar/KSA_project2/dataset/patch_data\TCGA-3L-AA1B_nonMSIH\TCGA-3L-AA1B_nonMSIH_x28720_y10976_patch01276.png,TCGA-3L-AA1B_nonMSIH_x28720_y10976_patch01276.png,1276,28720,10976,190.59,142.46,174.99,40.47,46.99,36.72
D:/Aamir Gulzar/KSA_project2/dataset/patch_data\TCGA-3L-AA1B_nonMSIH\TCGA-3L-AA1B_nonMSIH_x28720_y11488_patch01277.png,TCGA-3L-AA1B_nonMSIH_x28720_y11488_patch01277.png,1277,28720,11488,195.42,160.18,187.17,41.3,52.4,40.0
D:/Aamir Gulzar/KSA_project2/dataset/patch_data\TCGA-3L-AA1B_nonMSIH\TCGA-3L-AA1B_nonMSIH_x28720_y12000_patch01278.png,TCGA-3L-AA1B_nonMSIH_x28720_y12000_patch01278.png,1278,28720,12000,177.58,144.77,173.61,58.89,72.13,54.99
D:/Aamir Gulzar/KSA_project2/dataset/patch_data\TCGA-3L-AA1B_nonMSIH\TCGA-3L-AA1B_nonMSIH_x28720_y12512_patch01279.png,TCGA-3L-AA1B_nonMSIH_x28720_y12512_patch01279.png,1279,28720,12512,146.04,102.89,144.71,49.02,51.78,42.55
D:/Aamir Gulzar/KSA_project2/dataset/patch_data\TCGA-3L-AA1B_nonMSIH\TCGA-3L-AA1B_nonMSIH_x28720_y13024_patch01280.png,TCGA-3L-AA1B_nonMSIH_x28720_y13024_patch01280.png,1280,28720,13024,139.83,96.41,138.78,50.48,53.64,45.82
D:/Aamir Gulzar/KSA_project2/dataset/patch_data\TCGA-3L-AA1B_nonMSIH\TCGA-3L-AA1B_nonMSIH_x28720_y13536_patch01281.png,TCGA-3L-AA1B_nonMSIH_x28720_y13536_patch01281.png,1281,28720,13536,150.12,110.02,150.13,51.28,56.71,45.65
D:/Aamir Gulzar/KSA_project2/dataset/patch_data\TCGA-3L-AA1B_nonMSIH\TCGA-3L-AA1B_nonMSIH_x28720_y14048_patch01282.png,TCGA-3L-AA1B_nonMSIH_x28720_y14048_patch01282.png,1282,28720,14048,157.31,117.69,156.62,48.65,54.59,43.2
D:/Aamir Gulzar/KSA_project2/dataset/patch_data\TCGA-3L-AA1B_nonMSIH\TCGA-3L-AA1B_nonMSIH_x28720_y14560_patch01283.png,TCGA-3L-AA1B_nonMSIH_x28720_y14560_patch01283.png,1283,28720,14560,151.89,109.88,151.47,44.93,47.25,39.06
D:/Aamir Gulzar/KSA_project2/dataset/patch_data\TCGA-3L-AA1B_nonMSIH\TCGA-3L-AA1B_nonMSIH_x28720_y15072_patch01284.png,TCGA-3L-AA1B_nonMSIH_x28720_y15072_patch01284.png,1284,28720,15072,156.85,117.73,157.64,44.76,48.14,38.91
D:/Aamir Gulzar/KSA_project2/dataset/patch_data\TCGA-3L-AA1B_nonMSIH\TCGA-3L-AA1B_nonMSIH_x28720_y15584_patch01285.png,TCGA-3L-AA1B_nonMSIH_x28720_y15584_patch01285.png,1285,28720,15584,162.27,125.04,162.85,45.99,51.6,40.65
D:/Aamir Gulzar/KSA_project2/dataset/patch_data\TCGA-3L-AA1B_nonMSIH\TCGA-3L-AA1B_nonMSIH_x28720_y16096_patch01286.png,TCGA-3L-AA1B_nonMSIH_x28720_y16096_patch01286.png,1286,28720,16096,157.41,119.86,159.32,44.19,46.83,38.02
D:/Aamir Gulzar/KSA_project2/dataset/patch_data\TCGA-3L-AA1B_nonMSIH\TCGA-3L-AA1B_nonMSIH_x28720_y16608_patch01287.png,TCGA-3L-AA1B_nonMSIH_x28720_y16608_patch01287.png,1287,28720,16608,166.12,121.06,159.55,46.37,47.78,38.94
D:/Aamir Gulzar/KSA_project2/dataset/patch_data\TCGA-3L-AA1B_nonMSIH\TCGA-3L-AA1B_nonMSIH_x28720_y17120_patch01288.png,TCGA-3L-AA1B_nonMSIH_x28720_y17120_patch01288.png,1288,28720,17120,167.91,122.71,160.73,46.48,50.03,39.86
D:/Aamir Gulzar/KSA_project2/dataset/patch_data\TCGA-3L-AA1B_nonMSIH\TCGA-3L-AA1B_nonMSIH_x28720_y17632_patch01289.png,TCGA-3L-AA1B_nonMSIH_x28720_y17632_patch01289.png,1289,28720,17632,165.63,121.02,158.99,48.47,51.23,41.53
D:/Aamir Gulzar/KSA_project2/dataset/patch_data\TCGA-3L-AA1B_nonMSIH\TCGA-3L-AA1B_nonMSIH_x28720_y18144_patch01290.png,TCGA-3L-AA1B_nonMSIH_x28720_y18144_patch01290.png,1290,28720,18144,153.93,114.59,154.79,46.95,51.43,40.91
D:/Aamir Gulzar/KSA_project2/dataset/patch_data\TCGA-3L-AA1B_nonMSIH\TCGA-3L-AA1B_nonMSIH_x28720_y18656_patch01291.png,TCGA-3L-AA1B_nonMSIH_x28720_y18656_patch01291.png,1291,28720,18656,171.54,137.9,170.67,51.8,64.35,47.57
D:/Aamir Gulzar/KSA_project2/dataset/patch_data\TCGA-3L-AA1B_nonMSIH\TCGA-3L-AA1B_nonMSIH_x28720_y19168_patch01292.png,TCGA-3L-AA1B_nonMSIH_x28720_y19168_patch01292.png,1292,28720,19168,160.94,117.84,156.78,46.44,48.53,39.88
D:/Aamir Gulzar/KSA_project2/dataset/patch_data\TCGA-3L-AA1B_nonMSIH\TCGA-3L-AA1B_nonMSIH_x28720_y19680_patch01293.png,TCGA-3L-AA1B_nonMSIH_x28720_y19680_patch01293.png,1293,28720,19680,153.9,114.97,155.14,43.9,46.84,38.11
D:/Aamir Gulzar/KSA_project2/dataset/patch_data\TCGA-3L-AA1B_nonMSIH\TCGA-3L-AA1B_nonMSIH_x28720_y20192_patch01294.png,TCGA-3L-AA1B_nonMSIH_x28720_y20192_patch01294.png,1294,28720,20192,153.23,113.61,152.44,50.54,56.64,45.81
D:/Aamir Gulzar/KSA_project2/dataset/patch_data\TCGA-3L-AA1B_nonMSIH\TCGA-3L-AA1B_nonMSIH_x28720_y20704_patch01295.png,TCGA-3L-AA1B_nonMSIH_x28720_y20704_patch01295.png,1295,28720,20704,164.01,127.15,162.11,52.7,59.35,46.69
D:/Aamir Gulzar/KSA_project2/dataset/patch_data\TCGA-3L-AA1B_nonMSIH\TCGA-3L-AA1B_nonMSIH_x28720_y21216_patch01296.png,TCGA-3L-AA1B_nonMSIH_x28720_y21216_patch01296.png,1296,28720,21216,206.45,188.84,204.24,50.74,65.2,48.5
D:/Aamir Gulzar/KSA_project2/dataset/patch_data\TCGA-3L-AA1B_nonMSIH\TCGA-3L-AA1B_nonMSIH_x28720_y3296_patch01261.png,TCGA-3L-AA1B_nonMSIH_x28720_y3296_patch01261.png,1261,28720,3296,225.52,206.39,216.27,36.37,50.64,40.12
D:/Aamir Gulzar/KSA_project2/dataset/patch_data\TCGA-3L-AA1B_nonMSIH\TCGA-3L-AA1B_nonMSIH_x28720_y3808_patch01262.png,TCGA-3L-AA1B_nonMSIH_x28720_y3808_patch01262.png,1262,28720,3808,226.98,208.8,216.99,32.12,46.22,38.67
D:/Aamir Gulzar/KSA_project2/dataset/patch_data\TCGA-3L-AA1B_nonMSIH\TCGA-3L-AA1B_nonMSIH_x28720_y4320_patch01263.png,TCGA-3L-AA1B_nonMSIH_x28720_y4320_patch01263.png,1263,28720,4320,230.04,216.51,222.38,34.42,46.35,40.17
D:/Aamir Gulzar/KSA_project2/dataset/patch_data\TCGA-3L-AA1B_nonMSIH\TCGA-3L-AA1B_nonMSIH_x28720_y4832_patch01264.png,TCGA-3L-AA1B_nonMSIH_x28720_y4832_patch01264.png,1264,28720,4832,209.93,185.12,196.69,38.43,47.62,42.2
D:/Aamir Gulzar/KSA_project2/dataset/patch_data\TCGA-3L-AA1B_nonMSIH\TCGA-3L-AA1B_nonMSIH_x28720_y5344_patch01265.png,TCGA-3L-AA1B_nonMSIH_x28720_y5344_patch01265.png,1265,28720,5344,229.78,209.06,219.1,23.53,38.45,30.32
D:/Aamir Gulzar/KSA_project2/dataset/patch_data\TCGA-3L-AA1B_nonMSIH\TCGA-3L-AA1B_nonMSIH_x28720_y5856_patch01266.png,TCGA-3L-AA1B_nonMSIH_x28720_y5856_patch01266.png,1266,28720,5856,228.63,210.08,218.87,26.71,43.21,34.21
D:/Aamir Gulzar/KSA_project2/dataset/patch_data\TCGA-3L-AA1B_nonMSIH\TCGA-3L-AA1B_nonMSIH_x28720_y6368_patch01267.png,TCGA-3L-AA1B_nonMSIH_x28720_y6368_patch01267.png,1267,28720,6368,224.04,209.04,217.94,37.57,48.55,37.32
D:/Aamir Gulzar/KSA_project2/dataset/patch_data\TCGA-3L-AA1B_nonMSIH\TCGA-3L-AA1B_nonMSIH_x28720_y6880_patch01268.png,TCGA-3L-AA1B_nonMSIH_x28720_y6880_patch01268.png,1268,28720,6880,205.91,173.74,195.12,45.11,53.72,42.06
D:/Aamir Gulzar/KSA_project2/dataset/patch_data\TCGA-3L-AA1B_nonMSIH\TCGA-3L-AA1B_nonMSIH_x28720_y7392_patch01269.png,TCGA-3L-AA1B_nonMSIH_x28720_y7392_patch01269.png,1269,28720,7392,194.54,128.32,163.81,40.49,43.01,35.89
D:/Aamir Gulzar/KSA_project2/dataset/patch_data\TCGA-3L-AA1B_nonMSIH\TCGA-3L-AA1B_nonMSIH_x28720_y7904_patch01270.png,TCGA-3L-AA1B_nonMSIH_x28720_y7904_patch01270.png,1270,28720,7904,191.22,133.85,168.45,43.2,43.21,35.87
D:/Aamir Gulzar/KSA_project2/dataset/patch_data\TCGA-3L-AA1B_nonMSIH\TCGA-3L-AA1B_nonMSIH_x28720_y8416_patch01271.png,TCGA-3L-AA1B_nonMSIH_x28720_y8416_patch01271.png,1271,28720,8416,208.62,180.31,198.88,48.33,61.78,48.07
D:/Aamir Gulzar/KSA_project2/dataset/patch_data\TCGA-3L-AA1B_nonMSIH\TCGA-3L-AA1B_nonMSIH_x28720_y8928_patch01272.png,TCGA-3L-AA1B_nonMSIH_x28720_y8928_patch01272.png,1272,28720,8928,190.3,126.8,161.72,47.86,49.47,40.67
D:/Aamir Gulzar/KSA_project2/dataset/patch_data\TCGA-3L-AA1B_nonMSIH\TCGA-3L-AA1B_nonMSIH_x28720_y9440_patch01273.png,TCGA-3L-AA1B_nonMSIH_x28720_y9440_patch01273.png,1273,28720,9440,204.67,162.83,185.82,49.23,67.77,52.18
D:/Aamir Gulzar/KSA_project2/dataset/patch_data\TCGA-3L-AA1B_nonMSIH\TCGA-3L-AA1B_nonMSIH_x28720_y9952_patch01274.png,TCGA-3L-AA1B_nonMSIH_x28720_y9952_patch01274.png,1274,28720,9952,217.6,196.14,210.82,36.24,51.84,38.95
D:/Aamir Gulzar/KSA_project2/dataset/patch_data\TCGA-3L-AA1B_nonMSIH\TCGA-3L-AA1B_nonMSIH_x29232_y10464_patch01312.png,TCGA-3L-AA1B_nonMSIH_x29232_y10464_patch01312.png,1312,29232,10464,221.4,203.76,217.21,23.16,31.42,24.2
D:/Aamir Gulzar/KSA_project2/dataset/patch_data\TCGA-3L-AA1B_nonMSIH\TCGA-3L-AA1B_nonMSIH_x29232_y10976_patch01313.png,TCGA-3L-AA1B_nonMSIH_x29232_y10976_patch01313.png,1313,29232,10976,214.14,191.23,209.23,26.82,36.96,27.35
D:/Aamir Gulzar/KSA_project2/dataset/patch_data\TCGA-3L-AA1B_nonMSIH\TCGA-3L-AA1B_nonMSIH_x29232_y11488_patch01314.png,TCGA-3L-AA1B_nonMSIH_x29232_y11488_patch01314.png,1314,29232,11488,205.45,175.23,197.19,35.96,46.99,36.6
D:/Aamir Gulzar/KSA_project2/dataset/patch_data\TCGA-3L-AA1B_nonMSIH\TCGA-3L-AA1B_nonMSIH_x29232_y12000_patch01315.png,TCGA-3L-AA1B_nonMSIH_x29232_y12000_patch01315.png,1315,29232,12000,185.91,145.79,175.83,46.91,57.06,44.91
D:/Aamir Gulzar/KSA_project2/dataset/patch_data\TCGA-3L-AA1B_nonMSIH\TCGA-3L-AA1B_nonMSIH_x29232_y12512_patch01316.png,TCGA-3L-AA1B_nonMSIH_x29232_y12512_patch01316.png,1316,29232,12512,152.96,114.77,153.21,51.73,59.39,47.22
D:/Aamir Gulzar/KSA_project2/dataset/patch_data\TCGA-3L-AA1B_nonMSIH\TCGA-3L-AA1B_nonMSIH_x29232_y13024_patch01317.png,TCGA-3L-AA1B_nonMSIH_x29232_y13024_patch01317.png,1317,29232,13024,144.08,102.87,142.55,53.32,60.22,50.75
D:/Aamir Gulzar/KSA_project2/dataset/patch_data\TCGA-3L-AA1B_nonMSIH\TCGA-3L-AA1B_nonMSIH_x29232_y13536_patch01318.png,TCGA-3L-AA1B_nonMSIH_x29232_y13536_patch01318.png,1318,29232,13536,151.93,111.89,152.05,47.86,53.41,42.79
D:/Aamir Gulzar/KSA_project2/dataset/patch_data\TCGA-3L-AA1B_nonMSIH\TCGA-3L-AA1B_nonMSIH_x29232_y14048_patch01319.png,TCGA-3L-AA1B_nonMSIH_x29232_y14048_patch01319.png,1319,29232,14048,150.39,109.71,150.6,47.41,51.95,42.19
D:/Aamir Gulzar/KSA_project2/dataset/patch_data\TCGA-3L-AA1B_nonMSIH\TCGA-3L-AA1B_nonMSIH_x29232_y14560_patch01320.png,TCGA-3L-AA1B_nonMSIH_x29232_y14560_patch01320.png,1320,29232,14560,149.78,106.65,147.33,49.19,53.46,44.81
D:/Aamir Gulzar/KSA_project2/dataset/patch_data\TCGA-3L-AA1B_nonMSIH\TCGA-3L-AA1B_nonMSIH_x29232_y15072_patch01321.png,TCGA-3L-AA1B_nonMSIH_x29232_y15072_patch01321.png,1321,29232,15072,158.97,119.15,158.92,42.04,46.03,37.37
D:/Aamir Gulzar/KSA_project2/dataset/patch_data\TCGA-3L-AA1B_nonMSIH\TCGA-3L-AA1B_nonMSIH_x29232_y15584_patch01322.png,TCGA-3L-AA1B_nonMSIH_x29232_y15584_patch01322.png,1322,29232,15584,160.34,121.79,160.8,42.09,45.98,37.56
D:/Aamir Gulzar/KSA_project2/dataset/patch_data\TCGA-3L-AA1B_nonMSIH\TCGA-3L-AA1B_nonMSIH_x29232_y16096_patch01323.png,TCGA-3L-AA1B_nonMSIH_x29232_y16096_patch01323.png,1323,29232,16096,161.53,123.17,161.71,43.44,47.44,38.32
D:/Aamir Gulzar/KSA_project2/dataset/patch_data\TCGA-3L-AA1B_nonMSIH\TCGA-3L-AA1B_nonMSIH_x29232_y16608_patch01324.png,TCGA-3L-AA1B_nonMSIH_x29232_y16608_patch01324.png,1324,29232,16608,159.05,117.04,156.33,46.87,49.17,40.35
D:/Aamir Gulzar/KSA_project2/dataset/patch_data\TCGA-3L-AA1B_nonMSIH\TCGA-3L-AA1B_nonMSIH_x29232_y17120_patch01325.png,TCGA-3L-AA1B_nonMSIH_x29232_y17120_patch01325.png,1325,29232,17120,178.67,119.81,158.45,41.97,41.39,35.03
D:/Aamir Gulzar/KSA_project2/dataset/patch_data\TCGA-3L-AA1B_nonMSIH\TCGA-3L-AA1B_nonMSIH_x29232_y17632_patch01326.png,TCGA-3L-AA1B_nonMSIH_x29232_y17632_patch01326.png,1326,29232,17632,166.14,117.7,156.73,46.62,48.11,39.65
D:/Aamir Gulzar/KSA_project2/dataset/patch_data\TCGA-3L-AA1B_nonMSIH\TCGA-3L-AA1B_nonMSIH_x29232_y18144_patch01327.png,TCGA-3L-AA1B_nonMSIH_x29232_y18144_patch01327.png,1327,29232,18144,155.71,117.2,156.08,48.64,54.78,43.31
D:/Aamir Gulzar/KSA_project2/dataset/patch_data\TCGA-3L-AA1B_nonMSIH\TCGA-3L-AA1B_nonMSIH_x29232_y18656_patch01328.png,TCGA-3L-AA1B_nonMSIH_x29232_y18656_patch01328.png,1328,29232,18656,158.75,115.83,155.77,43.25,44.89,37.3
D:/Aamir Gulzar/KSA_project2/dataset/patch_data\TCGA-3L-AA1B_nonMSIH\TCGA-3L-AA1B_nonMSIH_x29232_y19168_patch01329.png,TCGA-3L-AA1B_nonMSIH_x29232_y19168_patch01329.png,1329,29232,19168,158.1,118.89,157.43,46.03,51.48,41.74
D:/Aamir Gulzar/KSA_project2/dataset/patch_data\TCGA-3L-AA1B_nonMSIH\TCGA-3L-AA1B_nonMSIH_x29232_y19680_patch01330.png,TCGA-3L-AA1B_nonMSIH_x29232_y19680_patch01330.png,1330,29232,19680,153.68,115.46,154.75,45.89,50.69,41.42
D:/Aamir Gulzar/KSA_project2/dataset/patch_data\TCGA-3L-AA1B_nonMSIH\TCGA-3L-AA1B_nonMSIH_x29232_y20192_patch01331.png,TCGA-3L-AA1B_nonMSIH_x29232_y20192_patch01331.png,1331,29232,20192,156.25,119.14,156.17,51.45,58.47,47.24
D:/Aamir Gulzar/KSA_project2/dataset/patch_data\TCGA-3L-AA1B_nonMSIH\TCGA-3L-AA1B_nonMSIH_x29232_y20704_patch01332.png,TCGA-3L-AA1B_nonMSIH_x29232_y20704_patch01332.png,1332,29232,20704,162.19,118.71,155.74,50.48,49.75,41.88
D:/Aamir Gulzar/KSA_project2/dataset/patch_data\TCGA-3L-AA1B_nonMSIH\TCGA-3L-AA1B_nonMSIH_x29232_y21216_patch01333.png,TCGA-3L-AA1B_nonMSIH_x29232_y21216_patch01333.png,1333,29232,21216,216.76,202.4,213.67,45.54,59.57,44.66
D:/Aamir Gulzar/KSA_project2/dataset/patch_data\TCGA-3L-AA1B_nonMSIH\TCGA-3L-AA1B_nonMSIH_x29232_y2784_patch01297.png,TCGA-3L-AA1B_nonMSIH_x29232_y2784_patch01297.png,1297,29232,2784,239.36,235.68,237.33,17.79,24.26,20.84
D:/Aamir Gulzar/KSA_project2/dataset/patch_data\TCGA-3L-AA1B_nonMSIH\TCGA-3L-AA1B_nonMSIH_x29232_y3296_patch01298.png,TCGA-3L-AA1B_nonMSIH_x29232_y3296_patch01298.png,1298,29232,3296,223.4,204.02,214.71,38.57,51.54,40.22
D:/Aamir Gulzar/KSA_project2/dataset/patch_data\TCGA-3L-AA1B_nonMSIH\TCGA-3L-AA1B_nonMSIH_x29232_y3808_patch01299.png,TCGA-3L-AA1B_nonMSIH_x29232_y3808_patch01299.png,1299,29232,3808,220.92,195.02,206.18,39.41,53.64,45.41
D:/Aamir Gulzar/KSA_project2/dataset/patch_data\TCGA-3L-AA1B_nonMSIH\TCGA-3L-AA1B_nonMSIH_x29232_y4320_patch01300.png,TCGA-3L-AA1B_nonMSIH_x29232_y4320_patch01300.png,1300,29232,4320,227.53,214.38,219.77,41.65,50.08,45.55
D:/Aamir Gulzar/KSA_project2/dataset/patch_data\TCGA-3L-AA1B_nonMSIH\TCGA-3L-AA1B_nonMSIH_x29232_y4832_patch01301.png,TCGA-3L-AA1B_nonMSIH_x29232_y4832_patch01301.png,1301,29232,4832,226.21,211.44,217.19,38.08,51.4,44.67
D:/Aamir Gulzar/KSA_project2/dataset/patch_data\TCGA-3L-AA1B_nonMSIH\TCGA-3L-AA1B_nonMSIH_x29232_y5344_patch01302.png,TCGA-3L-AA1B_nonMSIH_x29232_y5344_patch01302.png,1302,29232,5344,227.21,209.4,216.89,34.23,49.64,41.85
D:/Aamir Gulzar/KSA_project2/dataset/patch_data\TCGA-3L-AA1B_nonMSIH\TCGA-3L-AA1B_nonMSIH_x29232_y5856_patch01303.png,TCGA-3L-AA1B_nonMSIH_x29232_y5856_patch01303.png,1303,29232,5856,213.72,190.62,201.37,51.7,61.13,55.35
D:/Aamir Gulzar/KSA_project2/dataset/patch_data\TCGA-3L-AA1B_nonMSIH\TCGA-3L-AA1B_nonMSIH_x29232_y6368_patch01304.png,TCGA-3L-AA1B_nonMSIH_x29232_y6368_patch01304.png,1304,29232,6368,224.71,212.93,219.12,41.77,51.4,45.17
D:/Aamir Gulzar/KSA_project2/dataset/patch_data\TCGA-3L-AA1B_nonMSIH\TCGA-3L-AA1B_nonMSIH_x29232_y6880_patch01305.png,TCGA-3L-AA1B_nonMSIH_x29232_y6880_patch01305.png,1305,29232,6880,191.57,150.29,177.58,51.88,54.94,45.27
D:/Aamir Gulzar/KSA_project2/dataset/patch_data\TCGA-3L-AA1B_nonMSIH\TCGA-3L-AA1B_nonMSIH_x29232_y7392_patch01306.png,TCGA-3L-AA1B_nonMSIH_x29232_y7392_patch01306.png,1306,29232,7392,189.79,127.35,162.68,46.09,44.37,37.92
D:/Aamir Gulzar/KSA_project2/dataset/patch_data\TCGA-3L-AA1B_nonMSIH\TCGA-3L-AA1B_nonMSIH_x29232_y7904_patch01307.png,TCGA-3L-AA1B_nonMSIH_x29232_y7904_patch01307.png,1307,29232,7904,194.09,131.16,166.89,38.41,37.08,31.33
D:/Aamir Gulzar/KSA_project2/dataset/patch_data\TCGA-3L-AA1B_nonMSIH\TCGA-3L-AA1B_nonMSIH_x29232_y8416_patch01308.png,TCGA-3L-AA1B_nonMSIH_x29232_y8416_patch01308.png,1308,29232,8416,175.34,114.32,152.07,54.78,46.1,41.41
D:/Aamir Gulzar/KSA_project2/dataset/patch_data\TCGA-3L-AA1B_nonMSIH\TCGA-3L-AA1B_nonMSIH_x29232_y8928_patch01309.png,TCGA-3L-AA1B_nonMSIH_x29232_y8928_patch01309.png,1309,29232,8928,169.99,123.78,157.04,62.49,61.91,52.12
D:/Aamir Gulzar/KSA_project2/dataset/patch_data\TCGA-3L-AA1B_nonMSIH\TCGA-3L-AA1B_nonMSIH_x29232_y9440_patch01310.png,TCGA-3L-AA1B_nonMSIH_x29232_y9440_patch01310.png,1310,29232,9440,210.16,179.71,198.29,47.12,66.22,49.97
D:/Aamir Gulzar/KSA_project2/dataset/patch_data\TCGA-3L-AA1B_nonMSIH\TCGA-3L-AA1B_nonMSIH_x29232_y9952_patch01311.png,TCGA-3L-AA1B_nonMSIH_x29232_y9952_patch01311.png,1311,29232,9952,219.91,203.43,215.91,33.23,44.55,34.41
D:/Aamir Gulzar/KSA_project2/dataset/patch_data\TCGA-3L-AA1B_nonMSIH\TCGA-3L-AA1B_nonMSIH_x29744_y10464_patch01347.png,TCGA-3L-AA1B_nonMSIH_x29744_y10464_patch01347.png,1347,29744,10464,190.32,158.46,184.41,50.83,66.02,49.46
D:/Aamir Gulzar/KSA_project2/dataset/patch_data\TCGA-3L-AA1B_nonMSIH\TCGA-3L-AA1B_nonMSIH_x29744_y10976_patch01348.png,TCGA-3L-AA1B_nonMSIH_x29744_y10976_patch01348.png,1348,29744,10976,185.86,152.44,180.62,50.16,64.01,48.1
D:/Aamir Gulzar/KSA_project2/dataset/patch_data\TCGA-3L-AA1B_nonMSIH\TCGA-3L-AA1B_nonMSIH_x29744_y11488_patch01349.png,TCGA-3L-AA1B_nonMSIH_x29744_y11488_patch01349.png,1349,29744,11488,190.32,147.46,176.64,44.89,59.67,46.34
D:/Aamir Gulzar/KSA_project2/dataset/patch_data\TCGA-3L-AA1B_nonMSIH\TCGA-3L-AA1B_nonMSIH_x29744_y12000_patch01350.png,TCGA-3L-AA1B_nonMSIH_x29744_y12000_patch01350.png,1350,29744,12000,199.61,154.99,182.29,41.42,55.53,43.11
D:/Aamir Gulzar/KSA_project2/dataset/patch_data\TCGA-3L-AA1B_nonMSIH\TCGA-3L-AA1B_nonMSIH_x29744_y12512_patch01351.png,TCGA-3L-AA1B_nonMSIH_x29744_y12512_patch01351.png,1351,29744,12512,147.12,105.97,147.72,46.89,51.01,41.82
D:/Aamir Gulzar/KSA_project2/dataset/patch_data\TCGA-3L-AA1B_nonMSIH\TCGA-3L-AA1B_nonMSIH_x29744_y13024_patch01352.png,TCGA-3L-AA1B_nonMSIH_x29744_y13024_patch01352.png,1352,29744,13024,142.98,100.5,142.36,50.47,54.86,45.95
D:/Aamir Gulzar/KSA_project2/dataset/patch_data\TCGA-3L-AA1B_nonMSIH\TCGA-3L-AA1B_nonMSIH_x29744_y13536_patch01353.png,TCGA-3L-AA1B_nonMSIH_x29744_y13536_patch01353.png,1353,29744,13536,154.7,112.51,153.29,45.18,49.4,39.91
D:/Aamir Gulzar/KSA_project2/dataset/patch_data\TCGA-3L-AA1B_nonMSIH\TCGA-3L-AA1B_nonMSIH_x29744_y14048_patch01354.png,TCGA-3L-AA1B_nonMSIH_x29744_y14048_patch01354.png,1354,29744,14048,157.57,116.84,155.97,47.77,55.53,43.24
D:/Aamir Gulzar/KSA_project2/dataset/patch_data\TCGA-3L-AA1B_nonMSIH\TCGA-3L-AA1B_nonMSIH_x29744_y14560_patch01355.png,TCGA-3L-AA1B_nonMSIH_x29744_y14560_patch01355.png,1355,29744,14560,158.13,107.58,147.22,51.21,54.0,45.4
D:/Aamir Gulzar/KSA_project2/dataset/patch_data\TCGA-3L-AA1B_nonMSIH\TCGA-3L-AA1B_nonMSIH_x29744_y15072_patch01356.png,TCGA-3L-AA1B_nonMSIH_x29744_y15072_patch01356.png,1356,29744,15072,158.3,119.48,158.68,45.84,50.51,40.75
D:/Aamir Gulzar/KSA_project2/dataset/patch_data\TCGA-3L-AA1B_nonMSIH\TCGA-3L-AA1B_nonMSIH_x29744_y15584_patch01357.png,TCGA-3L-AA1B_nonMSIH_x29744_y15584_patch01357.png,1357,29744,15584,156.54,118.15,157.83,44.29,48.0,39.07
D:/Aamir Gulzar/KSA_project2/dataset/patch_data\TCGA-3L-AA1B_nonMSIH\TCGA-3L-AA1B_nonMSIH_x29744_y16096_patch01358.png,TCGA-3L-AA1B_nonMSIH_x29744_y16096_patch01358.png,1358,29744,16096,158.19,118.71,157.52,47.24,52.53,41.54
D:/Aamir Gulzar/KSA_project2/dataset/patch_data\TCGA-3L-AA1B_nonMSIH\TCGA-3L-AA1B_nonMSIH_x29744_y16608_patch01359.png,TCGA-3L-AA1B_nonMSIH_x29744_y16608_patch01359.png,1359,29744,16608,159.86,112.23,152.05,48.83,50.73,42.01
D:/Aamir Gulzar/KSA_project2/dataset/patch_data\TCGA-3L-AA1B_nonMSIH\TCGA-3L-AA1B_nonMSIH_x29744_y17120_patch01360.png,TCGA-3L-AA1B_nonMSIH_x29744_y17120_patch01360.png,1360,29744,17120,164.61,111.42,151.69,47.26,46.74,38.97
D:/Aamir Gulzar/KSA_project2/dataset/patch_data\TCGA-3L-AA1B_nonMSIH\TCGA-3L-AA1B_nonMSIH_x29744_y17632_patch01361.png,TCGA-3L-AA1B_nonMSIH_x29744_y17632_patch01361.png,1361,29744,17632,166.37,117.63,157.19,46.23,45.74,38.0
D:/Aamir Gulzar/KSA_project2/dataset/patch_data\TCGA-3L-AA1B_nonMSIH\TCGA-3L-AA1B_nonMSIH_x29744_y18144_patch01362.png,TCGA-3L-AA1B_nonMSIH_x29744_y18144_patch01362.png,1362,29744,18144,170.53,117.95,156.66,45.63,45.9,38.73
D:/Aamir Gulzar/KSA_project2/dataset/patch_data\TCGA-3L-AA1B_nonMSIH\TCGA-3L-AA1B_nonMSIH_x29744_y18656_patch01363.png,TCGA-3L-AA1B_nonMSIH_x29744_y18656_patch01363.png,1363,29744,18656,155.78,111.79,152.37,46.28,47.37,39.41
D:/Aamir Gulzar/KSA_project2/dataset/patch_data\TCGA-3L-AA1B_nonMSIH\TCGA-3L-AA1B_nonMSIH_x29744_y19168_patch01364.png,TCGA-3L-AA1B_nonMSIH_x29744_y19168_patch01364.png,1364,29744,19168,154.8,112.4,152.92,45.44,47.44,38.61
D:/Aamir Gulzar/KSA_project2/dataset/patch_data\TCGA-3L-AA1B_nonMSIH\TCGA-3L-AA1B_nonMSIH_x29744_y19680_patch01365.png,TCGA-3L-AA1B_nonMSIH_x29744_y19680_patch01365.png,1365,29744,19680,177.75,145.45,175.35,52.71,65.83,48.55
D:/Aamir Gulzar/KSA_project2/dataset/patch_data\TCGA-3L-AA1B_nonMSIH\TCGA-3L-AA1B_nonMSIH_x29744_y20192_patch01366.png,TCGA-3L-AA1B_nonMSIH_x29744_y20192_patch01366.png,1366,29744,20192,168.3,126.18,162.44,47.67,49.32,39.57
D:/Aamir Gulzar/KSA_project2/dataset/patch_data\TCGA-3L-AA1B_nonMSIH\TCGA-3L-AA1B_nonMSIH_x29744_y20704_patch01367.png,TCGA-3L-AA1B_nonMSIH_x29744_y20704_patch01367.png,1367,29744,20704,164.31,120.2,157.31,48.02,49.27,39.9
D:/Aamir Gulzar/KSA_project2/dataset/patch_data\TCGA-3L-AA1B_nonMSIH\TCGA-3L-AA1B_nonMSIH_x29744_y21216_patch01368.png,TCGA-3L-AA1B_nonMSIH_x29744_y21216_patch01368.png,1368,29744,21216,210.61,193.3,206.88,51.43,69.24,51.32
D:/Aamir Gulzar/KSA_project2/dataset/patch_data\TCGA-3L-AA1B_nonMSIH\TCGA-3L-AA1B_nonMSIH_x29744_y2784_patch01334.png,TCGA-3L-AA1B_nonMSIH_x29744_y2784_patch01334.png,1334,29744,2784,234.03,223.05,228.26,22.06,34.36,27.65
D:/Aamir Gulzar/KSA_project2/dataset/patch_data\TCGA-3L-AA1B_nonMSIH\TCGA-3L-AA1B_nonMSIH_x29744_y3296_patch01335.png,TCGA-3L-AA1B_nonMSIH_x29744_y3296_patch01335.png,1335,29744,3296,228.07,208.27,218.03,28.75,44.57,34.82
D:/Aamir Gulzar/KSA_project2/dataset/patch_data\TCGA-3L-AA1B_nonMSIH\TCGA-3L-AA1B_nonMSIH_x29744_y3808_patch01336.png,TCGA-3L-AA1B_nonMSIH_x29744_y3808_patch01336.png,1336,29744,3808,218.1,194.14,204.59,46.12,57.92,50.93
D:/Aamir Gulzar/KSA_project2/dataset/patch_data\TCGA-3L-AA1B_nonMSIH\TCGA-3L-AA1B_nonMSIH_x29744_y4320_patch01337.png,TCGA-3L-AA1B_nonMSIH_x29744_y4320_patch01337.png,1337,29744,4320,234.84,223.85,228.17,27.91,39.89,33.49
D:/Aamir Gulzar/KSA_project2/dataset/patch_data\TCGA-3L-AA1B_nonMSIH\TCGA-3L-AA1B_nonMSIH_x29744_y5856_patch01338.png,TCGA-3L-AA1B_nonMSIH_x29744_y5856_patch01338.png,1338,29744,5856,223.3,202.32,213.12,35.42,52.81,41.79
D:/Aamir Gulzar/KSA_project2/dataset/patch_data\TCGA-3L-AA1B_nonMSIH\TCGA-3L-AA1B_nonMSIH_x29744_y6368_patch01339.png,TCGA-3L-AA1B_nonMSIH_x29744_y6368_patch01339.png,1339,29744,6368,222.59,207.38,214.64,44.78,56.48,49.31
D:/Aamir Gulzar/KSA_project2/dataset/patch_data\TCGA-3L-AA1B_nonMSIH\TCGA-3L-AA1B_nonMSIH_x29744_y6880_patch01340.png,TCGA-3L-AA1B_nonMSIH_x29744_y6880_patch01340.png,1340,29744,6880,194.32,144.84,175.2,45.0,49.84,40.62
D:/Aamir Gulzar/KSA_project2/dataset/patch_data\TCGA-3L-AA1B_nonMSIH\TCGA-3L-AA1B_nonMSIH_x29744_y7392_patch01341.png,TCGA-3L-AA1B_nonMSIH_x29744_y7392_patch01341.png,1341,29744,7392,182.96,128.24,163.15,53.59,49.47,42.73
D:/Aamir Gulzar/KSA_project2/dataset/patch_data\TCGA-3L-AA1B_nonMSIH\TCGA-3L-AA1B_nonMSIH_x29744_y7904_patch01342.png,TCGA-3L-AA1B_nonMSIH_x29744_y7904_patch01342.png,1342,29744,7904,149.48,112.86,148.74,66.93,61.65,54.31
D:/Aamir Gulzar/KSA_project2/dataset/patch_data\TCGA-3L-AA1B_nonMSIH\TCGA-3L-AA1B_nonMSIH_x29744_y8416_patch01343.png,TCGA-3L-AA1B_nonMSIH_x29744_y8416_patch01343.png,1343,29744,8416,193.56,131.6,165.49,45.77,49.08,40.39
D:/Aamir Gulzar/KSA_project2/dataset/patch_data\TCGA-3L-AA1B_nonMSIH\TCGA-3L-AA1B_nonMSIH_x29744_y8928_patch01344.png,TCGA-3L-AA1B_nonMSIH_x29744_y8928_patch01344.png,1344,29744,8928,194.2,135.94,167.9,48.44,54.19,43.75
D:/Aamir Gulzar/KSA_project2/dataset/patch_data\TCGA-3L-AA1B_nonMSIH\TCGA-3L-AA1B_nonMSIH_x29744_y9440_patch01345.png,TCGA-3L-AA1B_nonMSIH_x29744_y9440_patch01345.png,1345,29744,9440,200.23,158.46,182.66,51.83,67.63,52.28
D:/Aamir Gulzar/KSA_project2/dataset/patch_data\TCGA-3L-AA1B_nonMSIH\TCGA-3L-AA1B_nonMSIH_x29744_y9952_patch01346.png,TCGA-3L-AA1B_nonMSIH_x29744_y9952_patch01346.png,1346,29744,9952,207.5,186.22,202.34,46.11,59.16,46.52
D:/Aamir Gulzar/KSA_project2/dataset/patch_data\TCGA-3L-AA1B_nonMSIH\TCGA-3L-AA1B_nonMSIH_x30256_y10464_patch01384.png,TCGA-3L-AA1B_nonMSIH_x30256_y10464_patch01384.png,1384,30256,10464,139.43,94.21,138.19,44.5,44.48,37.56
D:/Aamir Gulzar/KSA_project2/dataset/patch_data\TCGA-3L-AA1B_nonMSIH\TCGA-3L-AA1B_nonMSIH_x30256_y10976_patch01385.png,TCGA-3L-AA1B_nonMSIH_x30256_y10976_patch01385.png,1385,30256,10976,162.82,118.5,157.58,45.34,46.55,37.65
D:/Aamir Gulzar/KSA_project2/dataset/patch_data\TCGA-3L-AA1B_nonMSIH\TCGA-3L-AA1B_nonMSIH_x30256_y11488_patch01386.png,TCGA-3L-AA1B_nonMSIH_x30256_y11488_patch01386.png,1386,30256,11488,178.84,125.01,161.57,45.2,45.08,37.76
D:/Aamir Gulzar/KSA_project2/dataset/patch_data\TCGA-3L-AA1B_nonMSIH\TCGA-3L-AA1B_nonMSIH_x30256_y12000_patch01387.png,TCGA-3L-AA1B_nonMSIH_x30256_y12000_patch01387.png,1387,30256,12000,172.73,132.74,165.53,53.12,65.07,49.93
D:/Aamir Gulzar/KSA_project2/dataset/patch_data\TCGA-3L-AA1B_nonMSIH\TCGA-3L-AA1B_nonMSIH_x30256_y12512_patch01388.png,TCGA-3L-AA1B_nonMSIH_x30256_y12512_patch01388.png,1388,30256,12512,160.88,118.78,156.71,48.96,54.71,42.99
D:/Aamir Gulzar/KSA_project2/dataset/patch_data\TCGA-3L-AA1B_nonMSIH\TCGA-3L-AA1B_nonMSIH_x30256_y13024_patch01389.png,TCGA-3L-AA1B_nonMSIH_x30256_y13024_patch01389.png,1389,30256,13024,146.96,104.89,146.46,47.23,51.48,42.24
D:/Aamir Gulzar/KSA_project2/dataset/patch_data\TCGA-3L-AA1B_nonMSIH\TCGA-3L-AA1B_nonMSIH_x30256_y13536_patch01390.png,TCGA-3L-AA1B_nonMSIH_x30256_y13536_patch01390.png,1390,30256,13536,149.2,106.87,149.03,43.06,44.66,38.12
D:/Aamir Gulzar/KSA_project2/dataset/patch_data\TCGA-3L-AA1B_nonMSIH\TCGA-3L-AA1B_nonMSIH_x30256_y14048_patch01391.png,TCGA-3L-AA1B_nonMSIH_x30256_y14048_patch01391.png,1391,30256,14048,154.32,112.85,153.89,42.43,46.45,36.93
D:/Aamir Gulzar/KSA_project2/dataset/patch_data\TCGA-3L-AA1B_nonMSIH\TCGA-3L-AA1B_nonMSIH_x30256_y14560_patch01392.png,TCGA-3L-AA1B_nonMSIH_x30256_y14560_patch01392.png,1392,30256,14560,156.64,115.34,155.78,43.31,48.4,38.28
D:/Aamir Gulzar/KSA_project2/dataset/patch_data\TCGA-3L-AA1B_nonMSIH\TCGA-3L-AA1B_nonMSIH_x30256_y15072_patch01393.png,TCGA-3L-AA1B_nonMSIH_x30256_y15072_patch01393.png,1393,30256,15072,159.07,120.94,159.78,44.44,49.73,40.03
D:/Aamir Gulzar/KSA_project2/dataset/patch_data\TCGA-3L-AA1B_nonMSIH\TCGA-3L-AA1B_nonMSIH_x30256_y15584_patch01394.png,TCGA-3L-AA1B_nonMSIH_x30256_y15584_patch01394.png,1394,30256,15584,152.92,111.23,152.55,42.05,44.89,37.26
D:/Aamir Gulzar/KSA_project2/dataset/patch_data\TCGA-3L-AA1B_nonMSIH\TCGA-3L-AA1B_nonMSIH_x30256_y16096_patch01395.png,TCGA-3L-AA1B_nonMSIH_x30256_y16096_patch01395.png,1395,30256,16096,185.18,158.69,183.9,56.59,74.21,54.44
D:/Aamir Gulzar/KSA_project2/dataset/patch_data\TCGA-3L-AA1B_nonMSIH\TCGA-3L-AA1B_nonMSIH_x30256_y16608_patch01396.png,TCGA-3L-AA1B_nonMSIH_x30256_y16608_patch01396.png,1396,30256,16608,153.02,111.6,151.77,47.12,51.74,41.42
D:/Aamir Gulzar/KSA_project2/dataset/patch_data\TCGA-3L-AA1B_nonMSIH\TCGA-3L-AA1B_nonMSIH_x30256_y17120_patch01397.png,TCGA-3L-AA1B_nonMSIH_x30256_y17120_patch01397.png,1397,30256,17120,164.18,111.8,152.48,44.39,42.95,36.16
D:/Aamir Gulzar/KSA_project2/dataset/patch_data\TCGA-3L-AA1B_nonMSIH\TCGA-3L-AA1B_nonMSIH_x30256_y17632_patch01398.png,TCGA-3L-AA1B_nonMSIH_x30256_y17632_patch01398.png,1398,30256,17632,169.01,112.87,153.62,42.17,39.32,33.4
D:/Aamir Gulzar/KSA_project2/dataset/patch_data\TCGA-3L-AA1B_nonMSIH\TCGA-3L-AA1B_nonMSIH_x30256_y18144_patch01399.png,TCGA-3L-AA1B_nonMSIH_x30256_y18144_patch01399.png,1399,30256,18144,165.9,116.27,155.49,45.01,45.46,37.87
D:/Aamir Gulzar/KSA_project2/dataset/patch_data\TCGA-3L-AA1B_nonMSIH\TCGA-3L-AA1B_nonMSIH_x30256_y18656_patch01400.png,TCGA-3L-AA1B_nonMSIH_x30256_y18656_patch01400.png,1400,30256,18656,157.73,110.55,150.35,47.91,49.6,41.06
D:/Aamir Gulzar/KSA_project2/dataset/patch_data\TCGA-3L-AA1B_nonMSIH\TCGA-3L-AA1B_nonMSIH_x30256_y19168_patch01401.png,TCGA-3L-AA1B_nonMSIH_x30256_y19168_patch01401.png,1401,30256,19168,158.77,118.05,155.82,50.27,57.73,44.9
D:/Aamir Gulzar/KSA_project2/dataset/patch_data\TCGA-3L-AA1B_nonMSIH\TCGA-3L-AA1B_nonMSIH_x30256_y19680_patch01402.png,TCGA-3L-AA1B_nonMSIH_x30256_y19680_patch01402.png,1402,30256,19680,198.34,174.07,194.11,53.18,71.52,51.86
D:/Aamir Gulzar/KSA_project2/dataset/patch_data\TCGA-3L-AA1B_nonMSIH\TCGA-3L-AA1B_nonMSIH_x30256_y20192_patch01403.png,TCGA-3L-AA1B_nonMSIH_x30256_y20192_patch01403.png,1403,30256,20192,203.8,187.82,204.57,52.82,68.43,49.3
D:/Aamir Gulzar/KSA_project2/dataset/patch_data\TCGA-3L-AA1B_nonMSIH\TCGA-3L-AA1B_nonMSIH_x30256_y20704_patch01404.png,TCGA-3L-AA1B_nonMSIH_x30256_y20704_patch01404.png,1404,30256,20704,213.07,201.78,213.5,49.84,64.08,47.02
D:/Aamir Gulzar/KSA_project2/dataset/patch_data\TCGA-3L-AA1B_nonMSIH\TCGA-3L-AA1B_nonMSIH_x30256_y2784_patch01369.png,TCGA-3L-AA1B_nonMSIH_x30256_y2784_patch01369.png,1369,30256,2784,223.29,202.79,213.66,36.91,49.62,39.54
D:/Aamir Gulzar/KSA_project2/dataset/patch_data\TCGA-3L-AA1B_nonMSIH\TCGA-3L-AA1B_nonMSIH_x30256_y3296_patch01370.png,TCGA-3L-AA1B_nonMSIH_x30256_y3296_patch01370.png,1370,30256,3296,222.0,200.59,212.18,38.75,53.47,41.52
D:/Aamir Gulzar/KSA_project2/dataset/patch_data\TCGA-3L-AA1B_nonMSIH\TCGA-3L-AA1B_nonMSIH_x30256_y3808_patch01371.png,TCGA-3L-AA1B_nonMSIH_x30256_y3808_patch01371.png,1371,30256,3808,213.39,180.69,195.23,46.75,57.69,51.43
D:/Aamir Gulzar/KSA_project2/dataset/patch_data\TCGA-3L-AA1B_nonMSIH\TCGA-3L-AA1B_nonMSIH_x30256_y4320_patch01372.png,TCGA-3L-AA1B_nonMSIH_x30256_y4320_patch01372.png,1372,30256,4320,228.4,219.86,222.68,42.34,49.74,45.57
D:/Aamir Gulzar/KSA_project2/dataset/patch_data\TCGA-3L-AA1B_nonMSIH\TCGA-3L-AA1B_nonMSIH_x30256_y4832_patch01373.png,TCGA-3L-AA1B_nonMSIH_x30256_y4832_patch01373.png,1373,30256,4832,168.55,132.64,164.25,58.23,74.66,55.44
D:/Aamir Gulzar/KSA_project2/dataset/patch_data\TCGA-3L-AA1B_nonMSIH\TCGA-3L-AA1B_nonMSIH_x30256_y5344_patch01374.png,TCGA-3L-AA1B_nonMSIH_x30256_y5344_patch01374.png,1374,30256,5344,147.92,98.8,140.39,49.69,50.68,42.78
D:/Aamir Gulzar/KSA_project2/dataset/patch_data\TCGA-3L-AA1B_nonMSIH\TCGA-3L-AA1B_nonMSIH_x30256_y5856_patch01375.png,TCGA-3L-AA1B_nonMSIH_x30256_y5856_patch01375.png,1375,30256,5856,169.07,128.34,161.68,53.71,66.98,50.8
D:/Aamir Gulzar/KSA_project2/dataset/patch_data\TCGA-3L-AA1B_nonMSIH\TCGA-3L-AA1B_nonMSIH_x30256_y6368_patch01376.png,TCGA-3L-AA1B_nonMSIH_x30256_y6368_patch01376.png,1376,30256,6368,224.73,212.77,220.34,40.3,51.97,43.23
D:/Aamir Gulzar/KSA_project2/dataset/patch_data\TCGA-3L-AA1B_nonMSIH\TCGA-3L-AA1B_nonMSIH_x30256_y6880_patch01377.png,TCGA-3L-AA1B_nonMSIH_x30256_y6880_patch01377.png,1377,30256,6880,201.38,151.93,180.99,37.33,44.48,35.79
D:/Aamir Gulzar/KSA_project2/dataset/patch_data\TCGA-3L-AA1B_nonMSIH\TCGA-3L-AA1B_nonMSIH_x30256_y7392_patch01378.png,TCGA-3L-AA1B_nonMSIH_x30256_y7392_patch01378.png,1378,30256,7392,189.92,125.85,162.12,42.86,41.46,35.7
D:/Aamir Gulzar/KSA_project2/dataset/patch_data\TCGA-3L-AA1B_nonMSIH\TCGA-3L-AA1B_nonMSIH_x30256_y7904_patch01379.png,TCGA-3L-AA1B_nonMSIH_x30256_y7904_patch01379.png,1379,30256,7904,169.74,121.77,156.88,60.14,53.92,47.32
D:/Aamir Gulzar/KSA_project2/dataset/patch_data\TCGA-3L-AA1B_nonMSIH\TCGA-3L-AA1B_nonMSIH_x30256_y8416_patch01380.png,TCGA-3L-AA1B_nonMSIH_x30256_y8416_patch01380.png,1380,30256,8416,195.73,128.78,163.61,44.24,42.06,36.72
D:/Aamir Gulzar/KSA_project2/dataset/patch_data\TCGA-3L-AA1B_nonMSIH\TCGA-3L-AA1B_nonMSIH_x30256_y8928_patch01381.png,TCGA-3L-AA1B_nonMSIH_x30256_y8928_patch01381.png,1381,30256,8928,190.33,125.07,160.9,47.8,41.69,36.92
D:/Aamir Gulzar/KSA_project2/dataset/patch_data\TCGA-3L-AA1B_nonMSIH\TCGA-3L-AA1B_nonMSIH_x30256_y9440_patch01382.png,TCGA-3L-AA1B_nonMSIH_x30256_y9440_patch01382.png,1382,30256,9440,200.34,157.47,181.93,49.23,62.15,49.25
D:/Aamir Gulzar/KSA_project2/dataset/patch_data\TCGA-3L-AA1B_nonMSIH\TCGA-3L-AA1B_nonMSIH_x30256_y9952_patch01383.png,TCGA-3L-AA1B_nonMSIH_x30256_y9952_patch01383.png,1383,30256,9952,204.45,182.85,200.16,51.0,66.89,51.1
D:/Aamir Gulzar/KSA_project2/dataset/patch_data\TCGA-3L-AA1B_nonMSIH\TCGA-3L-AA1B_nonMSIH_x30768_y10464_patch01419.png,TCGA-3L-AA1B_nonMSIH_x30768_y10464_patch01419.png,1419,30768,10464,171.82,128.56,162.86,53.18,58.74,47.17
D:/Aamir Gulzar/KSA_project2/dataset/patch_data\TCGA-3L-AA1B_nonMSIH\TCGA-3L-AA1B_nonMSIH_x30768_y10976_patch01420.png,TCGA-3L-AA1B_nonMSIH_x30768_y10976_patch01420.png,1420,30768,10976,180.07,134.48,168.95,44.99,47.69,39.71
D:/Aamir Gulzar/KSA_project2/dataset/patch_data\TCGA-3L-AA1B_nonMSIH\TCGA-3L-AA1B_nonMSIH_x30768_y11488_patch01421.png,TCGA-3L-AA1B_nonMSIH_x30768_y11488_patch01421.png,1421,30768,11488,167.28,116.93,155.41,48.27,47.78,40.06
D:/Aamir Gulzar/KSA_project2/dataset/patch_data\TCGA-3L-AA1B_nonMSIH\TCGA-3L-AA1B_nonMSIH_x30768_y12000_patch01422.png,TCGA-3L-AA1B_nonMSIH_x30768_y12000_patch01422.png,1422,30768,12000,175.54,133.11,167.16,50.12,57.16,44.69
D:/Aamir Gulzar/KSA_project2/dataset/patch_data\TCGA-3L-AA1B_nonMSIH\TCGA-3L-AA1B_nonMSIH_x30768_y12512_patch01423.png,TCGA-3L-AA1B_nonMSIH_x30768_y12512_patch01423.png,1423,30768,12512,177.06,131.99,167.22,44.39,47.26,38.88
D:/Aamir Gulzar/KSA_project2/dataset/patch_data\TCGA-3L-AA1B_nonMSIH\TCGA-3L-AA1B_nonMSIH_x30768_y13024_patch01424.png,TCGA-3L-AA1B_nonMSIH_x30768_y13024_patch01424.png,1424,30768,13024,157.29,118.02,156.9,47.24,53.66,42.22
D:/Aamir Gulzar/KSA_project2/dataset/patch_data\TCGA-3L-AA1B_nonMSIH\TCGA-3L-AA1B_nonMSIH_x30768_y13536_patch01425.png,TCGA-3L-AA1B_nonMSIH_x30768_y13536_patch01425.png,1425,30768,13536,154.57,114.52,154.96,44.17,48.67,39.28
D:/Aamir Gulzar/KSA_project2/dataset/patch_data\TCGA-3L-AA1B_nonMSIH\TCGA-3L-AA1B_nonMSIH_x30768_y14048_patch01426.png,TCGA-3L-AA1B_nonMSIH_x30768_y14048_patch01426.png,1426,30768,14048,161.64,122.27,159.72,49.33,58.78,44.45
D:/Aamir Gulzar/KSA_project2/dataset/patch_data\TCGA-3L-AA1B_nonMSIH\TCGA-3L-AA1B_nonMSIH_x30768_y14560_patch01427.png,TCGA-3L-AA1B_nonMSIH_x30768_y14560_patch01427.png,1427,30768,14560,163.2,127.53,162.99,52.21,65.29,48.62
D:/Aamir Gulzar/KSA_project2/dataset/patch_data\TCGA-3L-AA1B_nonMSIH\TCGA-3L-AA1B_nonMSIH_x30768_y15072_patch01428.png,TCGA-3L-AA1B_nonMSIH_x30768_y15072_patch01428.png,1428,30768,15072,162.44,126.33,163.01,47.42,58.15,44.08
D:/Aamir Gulzar/KSA_project2/dataset/patch_data\TCGA-3L-AA1B_nonMSIH\TCGA-3L-AA1B_nonMSIH_x30768_y15584_patch01429.png,TCGA-3L-AA1B_nonMSIH_x30768_y15584_patch01429.png,1429,30768,15584,152.14,109.46,151.32,40.63,42.79,35.89
D:/Aamir Gulzar/KSA_project2/dataset/patch_data\TCGA-3L-AA1B_nonMSIH\TCGA-3L-AA1B_nonMSIH_x30768_y16096_patch01430.png,TCGA-3L-AA1B_nonMSIH_x30768_y16096_patch01430.png,1430,30768,16096,178.99,148.43,177.35,53.5,70.32,51.14
D:/Aamir Gulzar/KSA_project2/dataset/patch_data\TCGA-3L-AA1B_nonMSIH\TCGA-3L-AA1B_nonMSIH_x30768_y16608_patch01431.png,TCGA-3L-AA1B_nonMSIH_x30768_y16608_patch01431.png,1431,30768,16608,163.65,125.69,161.68,51.14,61.29,46.9
D:/Aamir Gulzar/KSA_project2/dataset/patch_data\TCGA-3L-AA1B_nonMSIH\TCGA-3L-AA1B_nonMSIH_x30768_y17120_patch01432.png,TCGA-3L-AA1B_nonMSIH_x30768_y17120_patch01432.png,1432,30768,17120,148.66,106.8,148.78,45.26,46.69,39.39
D:/Aamir Gulzar/KSA_project2/dataset/patch_data\TCGA-3L-AA1B_nonMSIH\TCGA-3L-AA1B_nonMSIH_x30768_y17632_patch01433.png,TCGA-3L-AA1B_nonMSIH_x30768_y17632_patch01433.png,1433,30768,17632,157.21,111.28,151.89,46.25,46.02,39.04
D:/Aamir Gulzar/KSA_project2/dataset/patch_data\TCGA-3L-AA1B_nonMSIH\TCGA-3L-AA1B_nonMSIH_x30768_y18144_patch01434.png,TCGA-3L-AA1B_nonMSIH_x30768_y18144_patch01434.png,1434,30768,18144,157.73,115.07,154.9,46.28,47.5,39.24
D:/Aamir Gulzar/KSA_project2/dataset/patch_data\TCGA-3L-AA1B_nonMSIH\TCGA-3L-AA1B_nonMSIH_x30768_y18656_patch01435.png,TCGA-3L-AA1B_nonMSIH_x30768_y18656_patch01435.png,1435,30768,18656,154.66,110.97,151.25,47.51,49.83,40.81
D:/Aamir Gulzar/KSA_project2/dataset/patch_data\TCGA-3L-AA1B_nonMSIH\TCGA-3L-AA1B_nonMSIH_x30768_y19168_patch01436.png,TCGA-3L-AA1B_nonMSIH_x30768_y19168_patch01436.png,1436,30768,19168,159.18,117.46,156.25,47.7,54.33,42.2
D:/Aamir Gulzar/KSA_project2/dataset/patch_data\TCGA-3L-AA1B_nonMSIH\TCGA-3L-AA1B_nonMSIH_x30768_y19680_patch01437.png,TCGA-3L-AA1B_nonMSIH_x30768_y19680_patch01437.png,1437,30768,19680,163.75,125.44,161.2,51.94,61.18,46.89
D:/Aamir Gulzar/KSA_project2/dataset/patch_data\TCGA-3L-AA1B_nonMSIH\TCGA-3L-AA1B_nonMSIH_x30768_y20192_patch01438.png,TCGA-3L-AA1B_nonMSIH_x30768_y20192_patch01438.png,1438,30768,20192,157.58,122.17,157.8,55.29,65.05,50.13
D:/Aamir Gulzar/KSA_project2/dataset/patch_data\TCGA-3L-AA1B_nonMSIH\TCGA-3L-AA1B_nonMSIH_x30768_y20704_patch01439.png,TCGA-3L-AA1B_nonMSIH_x30768_y20704_patch01439.png,1439,30768,20704,165.44,128.0,161.49,55.31,59.87,47.57
D:/Aamir Gulzar/KSA_project2/dataset/patch_data\TCGA-3L-AA1B_nonMSIH\TCGA-3L-AA1B_nonMSIH_x30768_y2784_patch01405.png,TCGA-3L-AA1B_nonMSIH_x30768_y2784_patch01405.png,1405,30768,2784,225.86,214.14,221.74,39.96,51.36,39.69
D:/Aamir Gulzar/KSA_project2/dataset/patch_data\TCGA-3L-AA1B_nonMSIH\TCGA-3L-AA1B_nonMSIH_x30768_y3296_patch01406.png,TCGA-3L-AA1B_nonMSIH_x30768_y3296_patch01406.png,1406,30768,3296,226.22,207.15,216.67,33.02,47.39,37.97
D:/Aamir Gulzar/KSA_project2/dataset/patch_data\TCGA-3L-AA1B_nonMSIH\TCGA-3L-AA1B_nonMSIH_x30768_y3808_patch01407.png,TCGA-3L-AA1B_nonMSIH_x30768_y3808_patch01407.png,1407,30768,3808,222.69,198.35,211.1,33.4,47.96,37.88
D:/Aamir Gulzar/KSA_project2/dataset/patch_data\TCGA-3L-AA1B_nonMSIH\TCGA-3L-AA1B_nonMSIH_x30768_y4320_patch01408.png,TCGA-3L-AA1B_nonMSIH_x30768_y4320_patch01408.png,1408,30768,4320,227.68,205.64,215.28,31.35,49.69,39.75
D:/Aamir Gulzar/KSA_project2/dataset/patch_data\TCGA-3L-AA1B_nonMSIH\TCGA-3L-AA1B_nonMSIH_x30768_y4832_patch01409.png,TCGA-3L-AA1B_nonMSIH_x30768_y4832_patch01409.png,1409,30768,4832,191.62,168.41,189.05,60.95,82.98,60.56
D:/Aamir Gulzar/KSA_project2/dataset/patch_data\TCGA-3L-AA1B_nonMSIH\TCGA-3L-AA1B_nonMSIH_x30768_y5344_patch01410.png,TCGA-3L-AA1B_nonMSIH_x30768_y5344_patch01410.png,1410,30768,5344,133.7,85.04,128.64,51.05,46.63,41.66
D:/Aamir Gulzar/KSA_project2/dataset/patch_data\TCGA-3L-AA1B_nonMSIH\TCGA-3L-AA1B_nonMSIH_x30768_y5856_patch01411.png,TCGA-3L-AA1B_nonMSIH_x30768_y5856_patch01411.png,1411,30768,5856,150.71,109.26,147.36,56.65,69.36,52.74
D:/Aamir Gulzar/KSA_project2/dataset/patch_data\TCGA-3L-AA1B_nonMSIH\TCGA-3L-AA1B_nonMSIH_x30768_y6368_patch01412.png,TCGA-3L-AA1B_nonMSIH_x30768_y6368_patch01412.png,1412,30768,6368,188.7,159.05,184.21,54.92,75.73,55.34
D:/Aamir Gulzar/KSA_project2/dataset/patch_data\TCGA-3L-AA1B_nonMSIH\TCGA-3L-AA1B_nonMSIH_x30768_y6880_patch01413.png,TCGA-3L-AA1B_nonMSIH_x30768_y6880_patch01413.png,1413,30768,6880,195.59,150.05,178.29,47.04,51.78,42.48
D:/Aamir Gulzar/KSA_project2/dataset/patch_data\TCGA-3L-AA1B_nonMSIH\TCGA-3L-AA1B_nonMSIH_x30768_y7392_patch01414.png,TCGA-3L-AA1B_nonMSIH_x30768_y7392_patch01414.png,1414,30768,7392,194.06,128.4,163.85,41.89,41.72,35.55
D:/Aamir Gulzar/KSA_project2/dataset/patch_data\TCGA-3L-AA1B_nonMSIH\TCGA-3L-AA1B_nonMSIH_x30768_y7904_patch01415.png,TCGA-3L-AA1B_nonMSIH_x30768_y7904_patch01415.png,1415,30768,7904,190.33,133.13,166.89,48.04,46.19,39.63
D:/Aamir Gulzar/KSA_project2/dataset/patch_data\TCGA-3L-AA1B_nonMSIH\TCGA-3L-AA1B_nonMSIH_x30768_y8416_patch01416.png,TCGA-3L-AA1B_nonMSIH_x30768_y8416_patch01416.png,1416,30768,8416,194.77,126.94,161.03,45.6,43.7,38.53
D:/Aamir Gulzar/KSA_project2/dataset/patch_data\TCGA-3L-AA1B_nonMSIH\TCGA-3L-AA1B_nonMSIH_x30768_y8928_patch01417.png,TCGA-3L-AA1B_nonMSIH_x30768_y8928_patch01417.png,1417,30768,8928,202.94,158.71,183.35,47.07,58.7,46.58
D:/Aamir Gulzar/KSA_project2/dataset/patch_data\TCGA-3L-AA1B_nonMSIH\TCGA-3L-AA1B_nonMSIH_x30768_y9952_patch01418.png,TCGA-3L-AA1B_nonMSIH_x30768_y9952_patch01418.png,1418,30768,9952,197.92,151.95,179.58,47.09,60.14,45.96
D:/Aamir Gulzar/KSA_project2/dataset/patch_data\TCGA-3L-AA1B_nonMSIH\TCGA-3L-AA1B_nonMSIH_x3120_y14560_patch00001.png,TCGA-3L-AA1B_nonMSIH_x3120_y14560_patch00001.png,1,3120,14560,237.13,226.67,230.93,17.12,35.36,26.93
D:/Aamir Gulzar/KSA_project2/dataset/patch_data\TCGA-3L-AA1B_nonMSIH\TCGA-3L-AA1B_nonMSIH_x31280_y10464_patch01450.png,TCGA-3L-AA1B_nonMSIH_x31280_y10464_patch01450.png,1450,31280,10464,191.53,135.23,168.75,40.93,43.1,36.65
D:/Aamir Gulzar/KSA_project2/dataset/patch_data\TCGA-3L-AA1B_nonMSIH\TCGA-3L-AA1B_nonMSIH_x31280_y10976_patch01451.png,TCGA-3L-AA1B_nonMSIH_x31280_y10976_patch01451.png,1451,31280,10976,177.01,125.99,162.65,42.89,46.08,37.87
D:/Aamir Gulzar/KSA_project2/dataset/patch_data\TCGA-3L-AA1B_nonMSIH\TCGA-3L-AA1B_nonMSIH_x31280_y11488_patch01452.png,TCGA-3L-AA1B_nonMSIH_x31280_y11488_patch01452.png,1452,31280,11488,165.47,116.17,155.54,42.6,43.81,36.87
D:/Aamir Gulzar/KSA_project2/dataset/patch_data\TCGA-3L-AA1B_nonMSIH\TCGA-3L-AA1B_nonMSIH_x31280_y12000_patch01453.png,TCGA-3L-AA1B_nonMSIH_x31280_y12000_patch01453.png,1453,31280,12000,183.09,127.9,163.51,43.64,43.88,37.99
D:/Aamir Gulzar/KSA_project2/dataset/patch_data\TCGA-3L-AA1B_nonMSIH\TCGA-3L-AA1B_nonMSIH_x31280_y12512_patch01454.png,TCGA-3L-AA1B_nonMSIH_x31280_y12512_patch01454.png,1454,31280,12512,172.29,128.51,165.08,42.9,43.75,36.76
D:/Aamir Gulzar/KSA_project2/dataset/patch_data\TCGA-3L-AA1B_nonMSIH\TCGA-3L-AA1B_nonMSIH_x31280_y13024_patch01455.png,TCGA-3L-AA1B_nonMSIH_x31280_y13024_patch01455.png,1455,31280,13024,163.8,116.12,155.21,45.92,47.66,39.24
D:/Aamir Gulzar/KSA_project2/dataset/patch_data\TCGA-3L-AA1B_nonMSIH\TCGA-3L-AA1B_nonMSIH_x31280_y13536_patch01456.png,TCGA-3L-AA1B_nonMSIH_x31280_y13536_patch01456.png,1456,31280,13536,172.2,127.69,163.68,46.88,49.14,40.35
D:/Aamir Gulzar/KSA_project2/dataset/patch_data\TCGA-3L-AA1B_nonMSIH\TCGA-3L-AA1B_nonMSIH_x31280_y14048_patch01457.png,TCGA-3L-AA1B_nonMSIH_x31280_y14048_patch01457.png,1457,31280,14048,161.33,116.28,155.45,46.76,49.21,40.53
D:/Aamir Gulzar/KSA_project2/dataset/patch_data\TCGA-3L-AA1B_nonMSIH\TCGA-3L-AA1B_nonMSIH_x31280_y14560_patch01458.png,TCGA-3L-AA1B_nonMSIH_x31280_y14560_patch01458.png,1458,31280,14560,169.64,129.59,165.06,47.8,52.72,42.56
D:/Aamir Gulzar/KSA_project2/dataset/patch_data\TCGA-3L-AA1B_nonMSIH\TCGA-3L-AA1B_nonMSIH_x31280_y15072_patch01459.png,TCGA-3L-AA1B_nonMSIH_x31280_y15072_patch01459.png,1459,31280,15072,157.83,120.49,158.35,47.95,56.67,44.21
D:/Aamir Gulzar/KSA_project2/dataset/patch_data\TCGA-3L-AA1B_nonMSIH\TCGA-3L-AA1B_nonMSIH_x31280_y15584_patch01460.png,TCGA-3L-AA1B_nonMSIH_x31280_y15584_patch01460.png,1460,31280,15584,156.91,119.09,156.5,49.83,59.85,46.49
D:/Aamir Gulzar/KSA_project2/dataset/patch_data\TCGA-3L-AA1B_nonMSIH\TCGA-3L-AA1B_nonMSIH_x31280_y16096_patch01461.png,TCGA-3L-AA1B_nonMSIH_x31280_y16096_patch01461.png,1461,31280,16096,158.96,120.62,158.16,47.77,57.27,44.15
D:/Aamir Gulzar/KSA_project2/dataset/patch_data\TCGA-3L-AA1B_nonMSIH\TCGA-3L-AA1B_nonMSIH_x31280_y16608_patch01462.png,TCGA-3L-AA1B_nonMSIH_x31280_y16608_patch01462.png,1462,31280,16608,190.14,164.4,188.41,52.24,70.07,50.53
D:/Aamir Gulzar/KSA_project2/dataset/patch_data\TCGA-3L-AA1B_nonMSIH\TCGA-3L-AA1B_nonMSIH_x31280_y17120_patch01463.png,TCGA-3L-AA1B_nonMSIH_x31280_y17120_patch01463.png,1463,31280,17120,171.96,138.15,169.82,53.11,66.08,49.89
D:/Aamir Gulzar/KSA_project2/dataset/patch_data\TCGA-3L-AA1B_nonMSIH\TCGA-3L-AA1B_nonMSIH_x31280_y17632_patch01464.png,TCGA-3L-AA1B_nonMSIH_x31280_y17632_patch01464.png,1464,31280,17632,147.96,108.63,150.37,42.8,45.02,37.66
D:/Aamir Gulzar/KSA_project2/dataset/patch_data\TCGA-3L-AA1B_nonMSIH\TCGA-3L-AA1B_nonMSIH_x31280_y18144_patch01465.png,TCGA-3L-AA1B_nonMSIH_x31280_y18144_patch01465.png,1465,31280,18144,149.97,108.43,149.8,44.09,46.24,38.72
D:/Aamir Gulzar/KSA_project2/dataset/patch_data\TCGA-3L-AA1B_nonMSIH\TCGA-3L-AA1B_nonMSIH_x31280_y18656_patch01466.png,TCGA-3L-AA1B_nonMSIH_x31280_y18656_patch01466.png,1466,31280,18656,148.7,107.12,148.85,43.52,44.9,37.46
D:/Aamir Gulzar/KSA_project2/dataset/patch_data\TCGA-3L-AA1B_nonMSIH\TCGA-3L-AA1B_nonMSIH_x31280_y19168_patch01467.png,TCGA-3L-AA1B_nonMSIH_x31280_y19168_patch01467.png,1467,31280,19168,155.12,110.74,151.61,43.2,45.18,37.0
D:/Aamir Gulzar/KSA_project2/dataset/patch_data\TCGA-3L-AA1B_nonMSIH\TCGA-3L-AA1B_nonMSIH_x31280_y19680_patch01468.png,TCGA-3L-AA1B_nonMSIH_x31280_y19680_patch01468.png,1468,31280,19680,150.3,108.36,148.96,45.96,49.82,40.95
D:/Aamir Gulzar/KSA_project2/dataset/patch_data\TCGA-3L-AA1B_nonMSIH\TCGA-3L-AA1B_nonMSIH_x31280_y20192_patch01469.png,TCGA-3L-AA1B_nonMSIH_x31280_y20192_patch01469.png,1469,31280,20192,156.86,119.87,155.63,56.1,65.27,51.25
D:/Aamir Gulzar/KSA_project2/dataset/patch_data\TCGA-3L-AA1B_nonMSIH\TCGA-3L-AA1B_nonMSIH_x31280_y20704_patch01470.png,TCGA-3L-AA1B_nonMSIH_x31280_y20704_patch01470.png,1470,31280,20704,199.38,180.65,198.06,56.89,72.91,54.89
D:/Aamir Gulzar/KSA_project2/dataset/patch_data\TCGA-3L-AA1B_nonMSIH\TCGA-3L-AA1B_nonMSIH_x31280_y2784_patch01440.png,TCGA-3L-AA1B_nonMSIH_x31280_y2784_patch01440.png,1440,31280,2784,230.6,213.66,222.87,26.12,43.77,31.86
D:/Aamir Gulzar/KSA_project2/dataset/patch_data\TCGA-3L-AA1B_nonMSIH\TCGA-3L-AA1B_nonMSIH_x31280_y3296_patch01441.png,TCGA-3L-AA1B_nonMSIH_x31280_y3296_patch01441.png,1441,31280,3296,221.33,191.56,207.47,30.74,48.53,35.97
D:/Aamir Gulzar/KSA_project2/dataset/patch_data\TCGA-3L-AA1B_nonMSIH\TCGA-3L-AA1B_nonMSIH_x31280_y3808_patch01442.png,TCGA-3L-AA1B_nonMSIH_x31280_y3808_patch01442.png,1442,31280,3808,226.49,202.9,214.26,27.86,43.8,35.51
D:/Aamir Gulzar/KSA_project2/dataset/patch_data\TCGA-3L-AA1B_nonMSIH\TCGA-3L-AA1B_nonMSIH_x31280_y4320_patch01443.png,TCGA-3L-AA1B_nonMSIH_x31280_y4320_patch01443.png,1443,31280,4320,222.86,198.52,209.92,34.74,48.82,41.5
D:/Aamir Gulzar/KSA_project2/dataset/patch_data\TCGA-3L-AA1B_nonMSIH\TCGA-3L-AA1B_nonMSIH_x31280_y5344_patch01444.png,TCGA-3L-AA1B_nonMSIH_x31280_y5344_patch01444.png,1444,31280,5344,201.8,184.77,200.4,59.21,75.72,57.66
D:/Aamir Gulzar/KSA_project2/dataset/patch_data\TCGA-3L-AA1B_nonMSIH\TCGA-3L-AA1B_nonMSIH_x31280_y5856_patch01445.png,TCGA-3L-AA1B_nonMSIH_x31280_y5856_patch01445.png,1445,31280,5856,147.94,103.67,142.66,55.07,61.69,49.68
D:/Aamir Gulzar/KSA_project2/dataset/patch_data\TCGA-3L-AA1B_nonMSIH\TCGA-3L-AA1B_nonMSIH_x31280_y6368_patch01446.png,TCGA-3L-AA1B_nonMSIH_x31280_y6368_patch01446.png,1446,31280,6368,182.51,152.61,178.77,59.42,79.4,58.78
D:/Aamir Gulzar/KSA_project2/dataset/patch_data\TCGA-3L-AA1B_nonMSIH\TCGA-3L-AA1B_nonMSIH_x31280_y6880_patch01447.png,TCGA-3L-AA1B_nonMSIH_x31280_y6880_patch01447.png,1447,31280,6880,203.21,144.21,173.85,39.25,54.82,42.58
D:/Aamir Gulzar/KSA_project2/dataset/patch_data\TCGA-3L-AA1B_nonMSIH\TCGA-3L-AA1B_nonMSIH_x31280_y7392_patch01448.png,TCGA-3L-AA1B_nonMSIH_x31280_y7392_patch01448.png,1448,31280,7392,199.67,135.94,167.98,39.98,45.89,37.83
D:/Aamir Gulzar/KSA_project2/dataset/patch_data\TCGA-3L-AA1B_nonMSIH\TCGA-3L-AA1B_nonMSIH_x31280_y7904_patch01449.png,TCGA-3L-AA1B_nonMSIH_x31280_y7904_patch01449.png,1449,31280,7904,198.32,153.24,178.24,48.82,58.88,47.87
D:/Aamir Gulzar/KSA_project2/dataset/patch_data\TCGA-3L-AA1B_nonMSIH\TCGA-3L-AA1B_nonMSIH_x31792_y10464_patch01485.png,TCGA-3L-AA1B_nonMSIH_x31792_y10464_patch01485.png,1485,31792,10464,191.45,149.15,176.09,45.12,60.49,49.64
D:/Aamir Gulzar/KSA_project2/dataset/patch_data\TCGA-3L-AA1B_nonMSIH\TCGA-3L-AA1B_nonMSIH_x31792_y10976_patch01486.png,TCGA-3L-AA1B_nonMSIH_x31792_y10976_patch01486.png,1486,31792,10976,184.16,147.93,177.47,48.16,59.6,47.02
D:/Aamir Gulzar/KSA_project2/dataset/patch_data\TCGA-3L-AA1B_nonMSIH\TCGA-3L-AA1B_nonMSIH_x31792_y11488_patch01487.png,TCGA-3L-AA1B_nonMSIH_x31792_y11488_patch01487.png,1487,31792,11488,186.51,130.4,165.45,41.48,44.54,37.57
D:/Aamir Gulzar/KSA_project2/dataset/patch_data\TCGA-3L-AA1B_nonMSIH\TCGA-3L-AA1B_nonMSIH_x31792_y12000_patch01488.png,TCGA-3L-AA1B_nonMSIH_x31792_y12000_patch01488.png,1488,31792,12000,171.14,127.56,163.13,49.58,50.49,42.55
D:/Aamir Gulzar/KSA_project2/dataset/patch_data\TCGA-3L-AA1B_nonMSIH\TCGA-3L-AA1B_nonMSIH_x31792_y12512_patch01489.png,TCGA-3L-AA1B_nonMSIH_x31792_y12512_patch01489.png,1489,31792,12512,169.18,125.92,162.65,46.16,48.79,40.48
D:/Aamir Gulzar/KSA_project2/dataset/patch_data\TCGA-3L-AA1B_nonMSIH\TCGA-3L-AA1B_nonMSIH_x31792_y13024_patch01490.png,TCGA-3L-AA1B_nonMSIH_x31792_y13024_patch01490.png,1490,31792,13024,190.27,139.85,172.96,39.69,42.05,34.88
D:/Aamir Gulzar/KSA_project2/dataset/patch_data\TCGA-3L-AA1B_nonMSIH\TCGA-3L-AA1B_nonMSIH_x31792_y13536_patch01491.png,TCGA-3L-AA1B_nonMSIH_x31792_y13536_patch01491.png,1491,31792,13536,183.1,132.74,167.95,41.2,41.97,35.08
D:/Aamir Gulzar/KSA_project2/dataset/patch_data\TCGA-3L-AA1B_nonMSIH\TCGA-3L-AA1B_nonMSIH_x31792_y14048_patch01492.png,TCGA-3L-AA1B_nonMSIH_x31792_y14048_patch01492.png,1492,31792,14048,163.48,118.94,157.0,49.29,53.0,42.25
D:/Aamir Gulzar/KSA_project2/dataset/patch_data\TCGA-3L-AA1B_nonMSIH\TCGA-3L-AA1B_nonMSIH_x31792_y14560_patch01493.png,TCGA-3L-AA1B_nonMSIH_x31792_y14560_patch01493.png,1493,31792,14560,156.29,117.5,155.38,52.7,59.05,46.49
D:/Aamir Gulzar/KSA_project2/dataset/patch_data\TCGA-3L-AA1B_nonMSIH\TCGA-3L-AA1B_nonMSIH_x31792_y15072_patch01494.png,TCGA-3L-AA1B_nonMSIH_x31792_y15072_patch01494.png,1494,31792,15072,149.46,111.53,151.78,48.25,52.93,43.05
D:/Aamir Gulzar/KSA_project2/dataset/patch_data\TCGA-3L-AA1B_nonMSIH\TCGA-3L-AA1B_nonMSIH_x31792_y15584_patch01495.png,TCGA-3L-AA1B_nonMSIH_x31792_y15584_patch01495.png,1495,31792,15584,149.64,109.67,150.44,46.47,48.45,40.52
D:/Aamir Gulzar/KSA_project2/dataset/patch_data\TCGA-3L-AA1B_nonMSIH\TCGA-3L-AA1B_nonMSIH_x31792_y16096_patch01496.png,TCGA-3L-AA1B_nonMSIH_x31792_y16096_patch01496.png,1496,31792,16096,154.04,110.47,150.71,47.25,47.85,40.29
D:/Aamir Gulzar/KSA_project2/dataset/patch_data\TCGA-3L-AA1B_nonMSIH\TCGA-3L-AA1B_nonMSIH_x31792_y16608_patch01497.png,TCGA-3L-AA1B_nonMSIH_x31792_y16608_patch01497.png,1497,31792,16608,148.3,107.21,148.91,44.64,47.31,38.46
D:/Aamir Gulzar/KSA_project2/dataset/patch_data\TCGA-3L-AA1B_nonMSIH\TCGA-3L-AA1B_nonMSIH_x31792_y17120_patch01498.png,TCGA-3L-AA1B_nonMSIH_x31792_y17120_patch01498.png,1498,31792,17120,178.95,151.19,178.69,56.88,73.64,53.65
D:/Aamir Gulzar/KSA_project2/dataset/patch_data\TCGA-3L-AA1B_nonMSIH\TCGA-3L-AA1B_nonMSIH_x31792_y17632_patch01499.png,TCGA-3L-AA1B_nonMSIH_x31792_y17632_patch01499.png,1499,31792,17632,163.66,123.59,159.33,50.52,60.57,46.82
D:/Aamir Gulzar/KSA_project2/dataset/patch_data\TCGA-3L-AA1B_nonMSIH\TCGA-3L-AA1B_nonMSIH_x31792_y18144_patch01500.png,TCGA-3L-AA1B_nonMSIH_x31792_y18144_patch01500.png,1500,31792,18144,168.31,135.84,168.59,54.1,66.77,49.97
D:/Aamir Gulzar/KSA_project2/dataset/patch_data\TCGA-3L-AA1B_nonMSIH\TCGA-3L-AA1B_nonMSIH_x31792_y18656_patch01501.png,TCGA-3L-AA1B_nonMSIH_x31792_y18656_patch01501.png,1501,31792,18656,176.24,144.75,174.78,54.73,69.35,51.29
D:/Aamir Gulzar/KSA_project2/dataset/patch_data\TCGA-3L-AA1B_nonMSIH\TCGA-3L-AA1B_nonMSIH_x31792_y19168_patch01502.png,TCGA-3L-AA1B_nonMSIH_x31792_y19168_patch01502.png,1502,31792,19168,163.11,118.94,158.3,41.69,43.16,34.3
D:/Aamir Gulzar/KSA_project2/dataset/patch_data\TCGA-3L-AA1B_nonMSIH\TCGA-3L-AA1B_nonMSIH_x31792_y19680_patch01503.png,TCGA-3L-AA1B_nonMSIH_x31792_y19680_patch01503.png,1503,31792,19680,152.98,110.41,151.87,42.2,42.39,34.9
D:/Aamir Gulzar/KSA_project2/dataset/patch_data\TCGA-3L-AA1B_nonMSIH\TCGA-3L-AA1B_nonMSIH_x31792_y20192_patch01504.png,TCGA-3L-AA1B_nonMSIH_x31792_y20192_patch01504.png,1504,31792,20192,157.56,120.56,157.53,51.61,60.46,46.22
D:/Aamir Gulzar/KSA_project2/dataset/patch_data\TCGA-3L-AA1B_nonMSIH\TCGA-3L-AA1B_nonMSIH_x31792_y20704_patch01505.png,TCGA-3L-AA1B_nonMSIH_x31792_y20704_patch01505.png,1505,31792,20704,167.82,134.02,166.05,55.84,67.8,51.54
D:/Aamir Gulzar/KSA_project2/dataset/patch_data\TCGA-3L-AA1B_nonMSIH\TCGA-3L-AA1B_nonMSIH_x31792_y21216_patch01506.png,TCGA-3L-AA1B_nonMSIH_x31792_y21216_patch01506.png,1506,31792,21216,228.48,221.54,226.68,38.27,50.35,38.03
D:/Aamir Gulzar/KSA_project2/dataset/patch_data\TCGA-3L-AA1B_nonMSIH\TCGA-3L-AA1B_nonMSIH_x31792_y2272_patch01471.png,TCGA-3L-AA1B_nonMSIH_x31792_y2272_patch01471.png,1471,31792,2272,222.73,209.72,219.02,44.77,59.04,44.1
D:/Aamir Gulzar/KSA_project2/dataset/patch_data\TCGA-3L-AA1B_nonMSIH\TCGA-3L-AA1B_nonMSIH_x31792_y2784_patch01472.png,TCGA-3L-AA1B_nonMSIH_x31792_y2784_patch01472.png,1472,31792,2784,214.59,183.02,201.44,37.56,52.11,39.11
D:/Aamir Gulzar/KSA_project2/dataset/patch_data\TCGA-3L-AA1B_nonMSIH\TCGA-3L-AA1B_nonMSIH_x31792_y3296_patch01473.png,TCGA-3L-AA1B_nonMSIH_x31792_y3296_patch01473.png,1473,31792,3296,198.0,172.73,191.62,60.68,69.25,54.79
D:/Aamir Gulzar/KSA_project2/dataset/patch_data\TCGA-3L-AA1B_nonMSIH\TCGA-3L-AA1B_nonMSIH_x31792_y3808_patch01474.png,TCGA-3L-AA1B_nonMSIH_x31792_y3808_patch01474.png,1474,31792,3808,197.2,169.35,188.33,64.75,72.39,58.47
D:/Aamir Gulzar/KSA_project2/dataset/patch_data\TCGA-3L-AA1B_nonMSIH\TCGA-3L-AA1B_nonMSIH_x31792_y4320_patch01475.png,TCGA-3L-AA1B_nonMSIH_x31792_y4320_patch01475.png,1475,31792,4320,228.25,206.58,217.02,24.27,39.62,32.33
D:/Aamir Gulzar/KSA_project2/dataset/patch_data\TCGA-3L-AA1B_nonMSIH\TCGA-3L-AA1B_nonMSIH_x31792_y4832_patch01476.png,TCGA-3L-AA1B_nonMSIH_x31792_y4832_patch01476.png,1476,31792,4832,223.41,202.2,212.83,34.58,48.71,40.38
D:/Aamir Gulzar/KSA_project2/dataset/patch_data\TCGA-3L-AA1B_nonMSIH\TCGA-3L-AA1B_nonMSIH_x31792_y5344_patch01477.png,TCGA-3L-AA1B_nonMSIH_x31792_y5344_patch01477.png,1477,31792,5344,226.18,215.58,221.55,39.79,49.77,42.68
D:/Aamir Gulzar/KSA_project2/dataset/patch_data\TCGA-3L-AA1B_nonMSIH\TCGA-3L-AA1B_nonMSIH_x31792_y5856_patch01478.png,TCGA-3L-AA1B_nonMSIH_x31792_y5856_patch01478.png,1478,31792,5856,175.72,147.94,174.79,62.53,79.79,60.01
D:/Aamir Gulzar/KSA_project2/dataset/patch_data\TCGA-3L-AA1B_nonMSIH\TCGA-3L-AA1B_nonMSIH_x31792_y6368_patch01479.png,TCGA-3L-AA1B_nonMSIH_x31792_y6368_patch01479.png,1479,31792,6368,193.32,170.07,190.95,58.13,77.72,57.63
D:/Aamir Gulzar/KSA_project2/dataset/patch_data\TCGA-3L-AA1B_nonMSIH\TCGA-3L-AA1B_nonMSIH_x31792_y6880_patch01480.png,TCGA-3L-AA1B_nonMSIH_x31792_y6880_patch01480.png,1480,31792,6880,210.88,170.05,190.66,41.13,60.35,47.51
D:/Aamir Gulzar/KSA_project2/dataset/patch_data\TCGA-3L-AA1B_nonMSIH\TCGA-3L-AA1B_nonMSIH_x31792_y7392_patch01481.png,TCGA-3L-AA1B_nonMSIH_x31792_y7392_patch01481.png,1481,31792,7392,207.0,161.05,184.93,39.66,55.64,43.4
D:/Aamir Gulzar/KSA_project2/dataset/patch_data\TCGA-3L-AA1B_nonMSIH\TCGA-3L-AA1B_nonMSIH_x31792_y7904_patch01482.png,TCGA-3L-AA1B_nonMSIH_x31792_y7904_patch01482.png,1482,31792,7904,202.9,168.36,189.62,47.14,58.31,46.73
D:/Aamir Gulzar/KSA_project2/dataset/patch_data\TCGA-3L-AA1B_nonMSIH\TCGA-3L-AA1B_nonMSIH_x31792_y8416_patch01483.png,TCGA-3L-AA1B_nonMSIH_x31792_y8416_patch01483.png,1483,31792,8416,198.44,172.8,191.35,57.15,68.42,55.08
D:/Aamir Gulzar/KSA_project2/dataset/patch_data\TCGA-3L-AA1B_nonMSIH\TCGA-3L-AA1B_nonMSIH_x31792_y9952_patch01484.png,TCGA-3L-AA1B_nonMSIH_x31792_y9952_patch01484.png,1484,31792,9952,217.45,200.34,211.93,39.97,58.62,45.5
D:/Aamir Gulzar/KSA_project2/dataset/patch_data\TCGA-3L-AA1B_nonMSIH\TCGA-3L-AA1B_nonMSIH_x32304_y10464_patch01520.png,TCGA-3L-AA1B_nonMSIH_x32304_y10464_patch01520.png,1520,32304,10464,206.32,178.04,198.35,39.58,53.04,41.05
D:/Aamir Gulzar/KSA_project2/dataset/patch_data\TCGA-3L-AA1B_nonMSIH\TCGA-3L-AA1B_nonMSIH_x32304_y10976_patch01521.png,TCGA-3L-AA1B_nonMSIH_x32304_y10976_patch01521.png,1521,32304,10976,192.56,140.66,173.06,39.28,41.71,34.35
D:/Aamir Gulzar/KSA_project2/dataset/patch_data\TCGA-3L-AA1B_nonMSIH\TCGA-3L-AA1B_nonMSIH_x32304_y11488_patch01522.png,TCGA-3L-AA1B_nonMSIH_x32304_y11488_patch01522.png,1522,32304,11488,181.8,123.89,159.92,44.66,43.92,38.4
D:/Aamir Gulzar/KSA_project2/dataset/patch_data\TCGA-3L-AA1B_nonMSIH\TCGA-3L-AA1B_nonMSIH_x32304_y12000_patch01523.png,TCGA-3L-AA1B_nonMSIH_x32304_y12000_patch01523.png,1523,32304,12000,176.36,139.16,172.18,45.65,50.74,40.97
D:/Aamir Gulzar/KSA_project2/dataset/patch_data\TCGA-3L-AA1B_nonMSIH\TCGA-3L-AA1B_nonMSIH_x32304_y12512_patch01524.png,TCGA-3L-AA1B_nonMSIH_x32304_y12512_patch01524.png,1524,32304,12512,188.43,136.59,170.59,38.5,40.99,34.02
D:/Aamir Gulzar/KSA_project2/dataset/patch_data\TCGA-3L-AA1B_nonMSIH\TCGA-3L-AA1B_nonMSIH_x32304_y13024_patch01525.png,TCGA-3L-AA1B_nonMSIH_x32304_y13024_patch01525.png,1525,32304,13024,169.02,123.47,159.61,50.95,52.76,42.45
D:/Aamir Gulzar/KSA_project2/dataset/patch_data\TCGA-3L-AA1B_nonMSIH\TCGA-3L-AA1B_nonMSIH_x32304_y13536_patch01526.png,TCGA-3L-AA1B_nonMSIH_x32304_y13536_patch01526.png,1526,32304,13536,161.65,127.14,161.49,54.71,65.56,50.03
D:/Aamir Gulzar/KSA_project2/dataset/patch_data\TCGA-3L-AA1B_nonMSIH\TCGA-3L-AA1B_nonMSIH_x32304_y14048_patch01527.png,TCGA-3L-AA1B_nonMSIH_x32304_y14048_patch01527.png,1527,32304,14048,146.42,108.59,148.29,50.88,57.2,45.95
D:/Aamir Gulzar/KSA_project2/dataset/patch_data\TCGA-3L-AA1B_nonMSIH\TCGA-3L-AA1B_nonMSIH_x32304_y14560_patch01528.png,TCGA-3L-AA1B_nonMSIH_x32304_y14560_patch01528.png,1528,32304,14560,150.58,110.2,150.88,45.1,49.11,39.36
D:/Aamir Gulzar/KSA_project2/dataset/patch_data\TCGA-3L-AA1B_nonMSIH\TCGA-3L-AA1B_nonMSIH_x32304_y15072_patch01529.png,TCGA-3L-AA1B_nonMSIH_x32304_y15072_patch01529.png,1529,32304,15072,148.97,111.78,151.29,48.27,52.76,42.68
D:/Aamir Gulzar/KSA_project2/dataset/patch_data\TCGA-3L-AA1B_nonMSIH\TCGA-3L-AA1B_nonMSIH_x32304_y15584_patch01530.png,TCGA-3L-AA1B_nonMSIH_x32304_y15584_patch01530.png,1530,32304,15584,152.63,114.47,153.55,46.25,51.27,40.74
D:/Aamir Gulzar/KSA_project2/dataset/patch_data\TCGA-3L-AA1B_nonMSIH\TCGA-3L-AA1B_nonMSIH_x32304_y16096_patch01531.png,TCGA-3L-AA1B_nonMSIH_x32304_y16096_patch01531.png,1531,32304,16096,175.96,149.24,177.25,57.3,71.53,52.71
D:/Aamir Gulzar/KSA_project2/dataset/patch_data\TCGA-3L-AA1B_nonMSIH\TCGA-3L-AA1B_nonMSIH_x32304_y16608_patch01532.png,TCGA-3L-AA1B_nonMSIH_x32304_y16608_patch01532.png,1532,32304,16608,184.75,159.98,185.13,55.07,70.2,51.05
D:/Aamir Gulzar/KSA_project2/dataset/patch_data\TCGA-3L-AA1B_nonMSIH\TCGA-3L-AA1B_nonMSIH_x32304_y17120_patch01533.png,TCGA-3L-AA1B_nonMSIH_x32304_y17120_patch01533.png,1533,32304,17120,200.47,182.47,200.49,53.18,68.49,49.71
D:/Aamir Gulzar/KSA_project2/dataset/patch_data\TCGA-3L-AA1B_nonMSIH\TCGA-3L-AA1B_nonMSIH_x32304_y18656_patch01534.png,TCGA-3L-AA1B_nonMSIH_x32304_y18656_patch01534.png,1534,32304,18656,160.42,122.79,159.38,50.27,61.1,46.03
D:/Aamir Gulzar/KSA_project2/dataset/patch_data\TCGA-3L-AA1B_nonMSIH\TCGA-3L-AA1B_nonMSIH_x32304_y19168_patch01535.png,TCGA-3L-AA1B_nonMSIH_x32304_y19168_patch01535.png,1535,32304,19168,171.27,137.74,170.36,50.66,64.26,47.05
D:/Aamir Gulzar/KSA_project2/dataset/patch_data\TCGA-3L-AA1B_nonMSIH\TCGA-3L-AA1B_nonMSIH_x32304_y19680_patch01536.png,TCGA-3L-AA1B_nonMSIH_x32304_y19680_patch01536.png,1536,32304,19680,166.42,129.4,164.3,49.52,60.43,45.29
D:/Aamir Gulzar/KSA_project2/dataset/patch_data\TCGA-3L-AA1B_nonMSIH\TCGA-3L-AA1B_nonMSIH_x32304_y20192_patch01537.png,TCGA-3L-AA1B_nonMSIH_x32304_y20192_patch01537.png,1537,32304,20192,166.31,124.94,161.87,44.68,47.41,37.24
D:/Aamir Gulzar/KSA_project2/dataset/patch_data\TCGA-3L-AA1B_nonMSIH\TCGA-3L-AA1B_nonMSIH_x32304_y20704_patch01538.png,TCGA-3L-AA1B_nonMSIH_x32304_y20704_patch01538.png,1538,32304,20704,171.31,126.46,162.03,47.48,46.24,38.15
D:/Aamir Gulzar/KSA_project2/dataset/patch_data\TCGA-3L-AA1B_nonMSIH\TCGA-3L-AA1B_nonMSIH_x32304_y21216_patch01539.png,TCGA-3L-AA1B_nonMSIH_x32304_y21216_patch01539.png,1539,32304,21216,216.54,201.45,213.04,46.12,61.93,45.8
D:/Aamir Gulzar/KSA_project2/dataset/patch_data\TCGA-3L-AA1B_nonMSIH\TCGA-3L-AA1B_nonMSIH_x32304_y2272_patch01507.png,TCGA-3L-AA1B_nonMSIH_x32304_y2272_patch01507.png,1507,32304,2272,198.9,170.6,191.07,55.9,68.51,51.96
D:/Aamir Gulzar/KSA_project2/dataset/patch_data\TCGA-3L-AA1B_nonMSIH\TCGA-3L-AA1B_nonMSIH_x32304_y2784_patch01508.png,TCGA-3L-AA1B_nonMSIH_x32304_y2784_patch01508.png,1508,32304,2784,232.7,218.56,225.5,24.16,40.08,30.47
D:/Aamir Gulzar/KSA_project2/dataset/patch_data\TCGA-3L-AA1B_nonMSIH\TCGA-3L-AA1B_nonMSIH_x32304_y3296_patch01509.png,TCGA-3L-AA1B_nonMSIH_x32304_y3296_patch01509.png,1509,32304,3296,226.21,206.54,217.22,32.12,48.01,35.74
D:/Aamir Gulzar/KSA_project2/dataset/patch_data\TCGA-3L-AA1B_nonMSIH\TCGA-3L-AA1B_nonMSIH_x32304_y3808_patch01510.png,TCGA-3L-AA1B_nonMSIH_x32304_y3808_patch01510.png,1510,32304,3808,218.11,201.16,212.35,48.46,58.96,46.24
D:/Aamir Gulzar/KSA_project2/dataset/patch_data\TCGA-3L-AA1B_nonMSIH\TCGA-3L-AA1B_nonMSIH_x32304_y4320_patch01511.png,TCGA-3L-AA1B_nonMSIH_x32304_y4320_patch01511.png,1511,32304,4320,228.15,204.8,215.9,25.73,41.92,33.39
D:/Aamir Gulzar/KSA_project2/dataset/patch_data\TCGA-3L-AA1B_nonMSIH\TCGA-3L-AA1B_nonMSIH_x32304_y4832_patch01512.png,TCGA-3L-AA1B_nonMSIH_x32304_y4832_patch01512.png,1512,32304,4832,212.84,188.7,203.41,47.32,60.55,47.94
D:/Aamir Gulzar/KSA_project2/dataset/patch_data\TCGA-3L-AA1B_nonMSIH\TCGA-3L-AA1B_nonMSIH_x32304_y5344_patch01513.png,TCGA-3L-AA1B_nonMSIH_x32304_y5344_patch01513.png,1513,32304,5344,220.41,192.63,206.31,39.23,54.83,44.7
D:/Aamir Gulzar/KSA_project2/dataset/patch_data\TCGA-3L-AA1B_nonMSIH\TCGA-3L-AA1B_nonMSIH_x32304_y5856_patch01514.png,TCGA-3L-AA1B_nonMSIH_x32304_y5856_patch01514.png,1514,32304,5856,152.61,118.91,154.37,57.49,67.9,52.48
D:/Aamir Gulzar/KSA_project2/dataset/patch_data\TCGA-3L-AA1B_nonMSIH\TCGA-3L-AA1B_nonMSIH_x32304_y6368_patch01515.png,TCGA-3L-AA1B_nonMSIH_x32304_y6368_patch01515.png,1515,32304,6368,177.2,152.46,178.05,62.6,77.46,58.4
D:/Aamir Gulzar/KSA_project2/dataset/patch_data\TCGA-3L-AA1B_nonMSIH\TCGA-3L-AA1B_nonMSIH_x32304_y6880_patch01516.png,TCGA-3L-AA1B_nonMSIH_x32304_y6880_patch01516.png,1516,32304,6880,225.19,212.37,219.57,35.53,46.51,38.59
D:/Aamir Gulzar/KSA_project2/dataset/patch_data\TCGA-3L-AA1B_nonMSIH\TCGA-3L-AA1B_nonMSIH_x32304_y7392_patch01517.png,TCGA-3L-AA1B_nonMSIH_x32304_y7392_patch01517.png,1517,32304,7392,182.34,143.95,171.14,60.84,64.51,53.2
D:/Aamir Gulzar/KSA_project2/dataset/patch_data\TCGA-3L-AA1B_nonMSIH\TCGA-3L-AA1B_nonMSIH_x32304_y7904_patch01518.png,TCGA-3L-AA1B_nonMSIH_x32304_y7904_patch01518.png,1518,32304,7904,165.81,130.56,159.66,69.01,69.15,59.23
D:/Aamir Gulzar/KSA_project2/dataset/patch_data\TCGA-3L-AA1B_nonMSIH\TCGA-3L-AA1B_nonMSIH_x32304_y8416_patch01519.png,TCGA-3L-AA1B_nonMSIH_x32304_y8416_patch01519.png,1519,32304,8416,177.05,150.77,173.69,68.52,76.83,63.04
D:/Aamir Gulzar/KSA_project2/dataset/patch_data\TCGA-3L-AA1B_nonMSIH\TCGA-3L-AA1B_nonMSIH_x32816_y10464_patch01551.png,TCGA-3L-AA1B_nonMSIH_x32816_y10464_patch01551.png,1551,32816,10464,212.44,177.47,197.14,40.43,50.93,40.4
D:/Aamir Gulzar/KSA_project2/dataset/patch_data\TCGA-3L-AA1B_nonMSIH\TCGA-3L-AA1B_nonMSIH_x32816_y10976_patch01552.png,TCGA-3L-AA1B_nonMSIH_x32816_y10976_patch01552.png,1552,32816,10976,197.09,147.22,177.76,39.29,41.51,34.5
D:/Aamir Gulzar/KSA_project2/dataset/patch_data\TCGA-3L-AA1B_nonMSIH\TCGA-3L-AA1B_nonMSIH_x32816_y11488_patch01553.png,TCGA-3L-AA1B_nonMSIH_x32816_y11488_patch01553.png,1553,32816,11488,178.31,130.73,165.33,46.5,47.62,40.39
D:/Aamir Gulzar/KSA_project2/dataset/patch_data\TCGA-3L-AA1B_nonMSIH\TCGA-3L-AA1B_nonMSIH_x32816_y12000_patch01554.png,TCGA-3L-AA1B_nonMSIH_x32816_y12000_patch01554.png,1554,32816,12000,190.26,151.84,180.84,45.55,51.65,41.68
D:/Aamir Gulzar/KSA_project2/dataset/patch_data\TCGA-3L-AA1B_nonMSIH\TCGA-3L-AA1B_nonMSIH_x32816_y12512_patch01555.png,TCGA-3L-AA1B_nonMSIH_x32816_y12512_patch01555.png,1555,32816,12512,186.69,149.97,178.37,51.51,61.35,46.99
D:/Aamir Gulzar/KSA_project2/dataset/patch_data\TCGA-3L-AA1B_nonMSIH\TCGA-3L-AA1B_nonMSIH_x32816_y13024_patch01556.png,TCGA-3L-AA1B_nonMSIH_x32816_y13024_patch01556.png,1556,32816,13024,186.42,160.88,184.0,60.92,77.36,58.19
D:/Aamir Gulzar/KSA_project2/dataset/patch_data\TCGA-3L-AA1B_nonMSIH\TCGA-3L-AA1B_nonMSIH_x32816_y13536_patch01557.png,TCGA-3L-AA1B_nonMSIH_x32816_y13536_patch01557.png,1557,32816,13536,193.5,174.46,194.71,59.03,74.73,55.23
D:/Aamir Gulzar/KSA_project2/dataset/patch_data\TCGA-3L-AA1B_nonMSIH\TCGA-3L-AA1B_nonMSIH_x32816_y14048_patch01558.png,TCGA-3L-AA1B_nonMSIH_x32816_y14048_patch01558.png,1558,32816,14048,185.91,163.43,186.96,58.82,75.09,54.23
D:/Aamir Gulzar/KSA_project2/dataset/patch_data\TCGA-3L-AA1B_nonMSIH\TCGA-3L-AA1B_nonMSIH_x32816_y16608_patch01559.png,TCGA-3L-AA1B_nonMSIH_x32816_y16608_patch01559.png,1559,32816,16608,200.13,178.36,198.8,47.9,65.09,46.44
D:/Aamir Gulzar/KSA_project2/dataset/patch_data\TCGA-3L-AA1B_nonMSIH\TCGA-3L-AA1B_nonMSIH_x32816_y17120_patch01560.png,TCGA-3L-AA1B_nonMSIH_x32816_y17120_patch01560.png,1560,32816,17120,163.82,123.51,160.59,45.94,56.23,43.08
D:/Aamir Gulzar/KSA_project2/dataset/patch_data\TCGA-3L-AA1B_nonMSIH\TCGA-3L-AA1B_nonMSIH_x32816_y17632_patch01561.png,TCGA-3L-AA1B_nonMSIH_x32816_y17632_patch01561.png,1561,32816,17632,156.18,107.85,146.85,48.58,57.2,45.66
D:/Aamir Gulzar/KSA_project2/dataset/patch_data\TCGA-3L-AA1B_nonMSIH\TCGA-3L-AA1B_nonMSIH_x32816_y18144_patch01562.png,TCGA-3L-AA1B_nonMSIH_x32816_y18144_patch01562.png,1562,32816,18144,156.59,114.26,152.55,50.44,60.98,46.24
D:/Aamir Gulzar/KSA_project2/dataset/patch_data\TCGA-3L-AA1B_nonMSIH\TCGA-3L-AA1B_nonMSIH_x32816_y18656_patch01563.png,TCGA-3L-AA1B_nonMSIH_x32816_y18656_patch01563.png,1563,32816,18656,159.83,120.37,158.02,48.93,58.23,43.99
D:/Aamir Gulzar/KSA_project2/dataset/patch_data\TCGA-3L-AA1B_nonMSIH\TCGA-3L-AA1B_nonMSIH_x32816_y19168_patch01564.png,TCGA-3L-AA1B_nonMSIH_x32816_y19168_patch01564.png,1564,32816,19168,162.81,124.92,162.04,46.47,53.26,40.34
D:/Aamir Gulzar/KSA_project2/dataset/patch_data\TCGA-3L-AA1B_nonMSIH\TCGA-3L-AA1B_nonMSIH_x32816_y19680_patch01565.png,TCGA-3L-AA1B_nonMSIH_x32816_y19680_patch01565.png,1565,32816,19680,161.85,122.85,160.16,47.21,53.13,41.41
D:/Aamir Gulzar/KSA_project2/dataset/patch_data\TCGA-3L-AA1B_nonMSIH\TCGA-3L-AA1B_nonMSIH_x32816_y20192_patch01566.png,TCGA-3L-AA1B_nonMSIH_x32816_y20192_patch01566.png,1566,32816,20192,165.34,127.51,163.1,49.05,56.57,43.66
D:/Aamir Gulzar/KSA_project2/dataset/patch_data\TCGA-3L-AA1B_nonMSIH\TCGA-3L-AA1B_nonMSIH_x32816_y20704_patch01567.png,TCGA-3L-AA1B_nonMSIH_x32816_y20704_patch01567.png,1567,32816,20704,178.87,140.41,171.25,49.99,55.41,43.88
D:/Aamir Gulzar/KSA_project2/dataset/patch_data\TCGA-3L-AA1B_nonMSIH\TCGA-3L-AA1B_nonMSIH_x32816_y21216_patch01568.png,TCGA-3L-AA1B_nonMSIH_x32816_y21216_patch01568.png,1568,32816,21216,214.48,198.85,211.49,46.02,59.03,44.16
D:/Aamir Gulzar/KSA_project2/dataset/patch_data\TCGA-3L-AA1B_nonMSIH\TCGA-3L-AA1B_nonMSIH_x32816_y2272_patch01540.png,TCGA-3L-AA1B_nonMSIH_x32816_y2272_patch01540.png,1540,32816,2272,230.98,216.41,223.14,27.55,44.12,34.89
D:/Aamir Gulzar/KSA_project2/dataset/patch_data\TCGA-3L-AA1B_nonMSIH\TCGA-3L-AA1B_nonMSIH_x32816_y2784_patch01541.png,TCGA-3L-AA1B_nonMSIH_x32816_y2784_patch01541.png,1541,32816,2784,236.91,228.45,232.61,17.2,27.19,21.33
D:/Aamir Gulzar/KSA_project2/dataset/patch_data\TCGA-3L-AA1B_nonMSIH\TCGA-3L-AA1B_nonMSIH_x32816_y3296_patch01542.png,TCGA-3L-AA1B_nonMSIH_x32816_y3296_patch01542.png,1542,32816,3296,227.57,209.19,219.32,29.85,46.25,34.48
D:/Aamir Gulzar/KSA_project2/dataset/patch_data\TCGA-3L-AA1B_nonMSIH\TCGA-3L-AA1B_nonMSIH_x32816_y3808_patch01543.png,TCGA-3L-AA1B_nonMSIH_x32816_y3808_patch01543.png,1543,32816,3808,217.99,190.65,206.97,34.65,49.98,37.34
D:/Aamir Gulzar/KSA_project2/dataset/patch_data\TCGA-3L-AA1B_nonMSIH\TCGA-3L-AA1B_nonMSIH_x32816_y4320_patch01544.png,TCGA-3L-AA1B_nonMSIH_x32816_y4320_patch01544.png,1544,32816,4320,234.11,224.7,229.66,22.69,33.19,25.18
D:/Aamir Gulzar/KSA_project2/dataset/patch_data\TCGA-3L-AA1B_nonMSIH\TCGA-3L-AA1B_nonMSIH_x32816_y4832_patch01545.png,TCGA-3L-AA1B_nonMSIH_x32816_y4832_patch01545.png,1545,32816,4832,218.99,189.34,204.56,37.03,51.79,41.5
D:/Aamir Gulzar/KSA_project2/dataset/patch_data\TCGA-3L-AA1B_nonMSIH\TCGA-3L-AA1B_nonMSIH_x32816_y5344_patch01546.png,TCGA-3L-AA1B_nonMSIH_x32816_y5344_patch01546.png,1546,32816,5344,228.48,206.1,216.77,26.17,43.46,34.15
D:/Aamir Gulzar/KSA_project2/dataset/patch_data\TCGA-3L-AA1B_nonMSIH\TCGA-3L-AA1B_nonMSIH_x32816_y5856_patch01547.png,TCGA-3L-AA1B_nonMSIH_x32816_y5856_patch01547.png,1547,32816,5856,203.46,179.87,198.12,53.06,66.63,50.27
D:/Aamir Gulzar/KSA_project2/dataset/patch_data\TCGA-3L-AA1B_nonMSIH\TCGA-3L-AA1B_nonMSIH_x32816_y6368_patch01548.png,TCGA-3L-AA1B_nonMSIH_x32816_y6368_patch01548.png,1548,32816,6368,183.09,164.76,183.48,66.79,78.21,63.06
D:/Aamir Gulzar/KSA_project2/dataset/patch_data\TCGA-3L-AA1B_nonMSIH\TCGA-3L-AA1B_nonMSIH_x32816_y7392_patch01549.png,TCGA-3L-AA1B_nonMSIH_x32816_y7392_patch01549.png,1549,32816,7392,203.17,180.12,195.47,58.27,69.84,58.48
D:/Aamir Gulzar/KSA_project2/dataset/patch_data\TCGA-3L-AA1B_nonMSIH\TCGA-3L-AA1B_nonMSIH_x32816_y7904_patch01550.png,TCGA-3L-AA1B_nonMSIH_x32816_y7904_patch01550.png,1550,32816,7904,167.35,141.21,168.05,68.39,81.27,63.59
D:/Aamir Gulzar/KSA_project2/dataset/patch_data\TCGA-3L-AA1B_nonMSIH\TCGA-3L-AA1B_nonMSIH_x33328_y10464_patch01585.png,TCGA-3L-AA1B_nonMSIH_x33328_y10464_patch01585.png,1585,33328,10464,218.65,196.39,208.89,38.12,49.42,39.92
D:/Aamir Gulzar/KSA_project2/dataset/patch_data\TCGA-3L-AA1B_nonMSIH\TCGA-3L-AA1B_nonMSIH_x33328_y10976_patch01586.png,TCGA-3L-AA1B_nonMSIH_x33328_y10976_patch01586.png,1586,33328,10976,196.56,165.56,187.58,50.43,63.78,49.79
D:/Aamir Gulzar/KSA_project2/dataset/patch_data\TCGA-3L-AA1B_nonMSIH\TCGA-3L-AA1B_nonMSIH_x33328_y11488_patch01587.png,TCGA-3L-AA1B_nonMSIH_x33328_y11488_patch01587.png,1587,33328,11488,170.12,130.07,164.45,49.24,49.92,41.97
D:/Aamir Gulzar/KSA_project2/dataset/patch_data\TCGA-3L-AA1B_nonMSIH\TCGA-3L-AA1B_nonMSIH_x33328_y12000_patch01588.png,TCGA-3L-AA1B_nonMSIH_x33328_y12000_patch01588.png,1588,33328,12000,171.59,131.17,165.57,49.32,48.91,41.31
D:/Aamir Gulzar/KSA_project2/dataset/patch_data\TCGA-3L-AA1B_nonMSIH\TCGA-3L-AA1B_nonMSIH_x33328_y12512_patch01589.png,TCGA-3L-AA1B_nonMSIH_x33328_y12512_patch01589.png,1589,33328,12512,202.78,180.85,198.81,52.2,68.78,51.39
D:/Aamir Gulzar/KSA_project2/dataset/patch_data\TCGA-3L-AA1B_nonMSIH\TCGA-3L-AA1B_nonMSIH_x33328_y14048_patch01590.png,TCGA-3L-AA1B_nonMSIH_x33328_y14048_patch01590.png,1590,33328,14048,174.29,144.74,174.12,56.6,70.84,52.38
D:/Aamir Gulzar/KSA_project2/dataset/patch_data\TCGA-3L-AA1B_nonMSIH\TCGA-3L-AA1B_nonMSIH_x33328_y14560_patch01591.png,TCGA-3L-AA1B_nonMSIH_x33328_y14560_patch01591.png,1591,33328,14560,157.05,119.69,157.17,50.04,58.45,45.0
D:/Aamir Gulzar/KSA_project2/dataset/patch_data\TCGA-3L-AA1B_nonMSIH\TCGA-3L-AA1B_nonMSIH_x33328_y15072_patch01592.png,TCGA-3L-AA1B_nonMSIH_x33328_y15072_patch01592.png,1592,33328,15072,149.84,108.81,150.71,40.38,41.85,34.18
D:/Aamir Gulzar/KSA_project2/dataset/patch_data\TCGA-3L-AA1B_nonMSIH\TCGA-3L-AA1B_nonMSIH_x33328_y15584_patch01593.png,TCGA-3L-AA1B_nonMSIH_x33328_y15584_patch01593.png,1593,33328,15584,196.05,173.87,195.03,52.14,67.8,49.1
D:/Aamir Gulzar/KSA_project2/dataset/patch_data\TCGA-3L-AA1B_nonMSIH\TCGA-3L-AA1B_nonMSIH_x33328_y16096_patch01594.png,TCGA-3L-AA1B_nonMSIH_x33328_y16096_patch01594.png,1594,33328,16096,162.69,125.48,162.08,47.46,55.97,42.63
D:/Aamir Gulzar/KSA_project2/dataset/patch_data\TCGA-3L-AA1B_nonMSIH\TCGA-3L-AA1B_nonMSIH_x33328_y16608_patch01595.png,TCGA-3L-AA1B_nonMSIH_x33328_y16608_patch01595.png,1595,33328,16608,160.21,121.26,159.94,42.62,47.61,37.13
D:/Aamir Gulzar/KSA_project2/dataset/patch_data\TCGA-3L-AA1B_nonMSIH\TCGA-3L-AA1B_nonMSIH_x33328_y17120_patch01596.png,TCGA-3L-AA1B_nonMSIH_x33328_y17120_patch01596.png,1596,33328,17120,168.68,125.78,160.34,49.53,61.21,48.03
D:/Aamir Gulzar/KSA_project2/dataset/patch_data\TCGA-3L-AA1B_nonMSIH\TCGA-3L-AA1B_nonMSIH_x33328_y17632_patch01597.png,TCGA-3L-AA1B_nonMSIH_x33328_y17632_patch01597.png,1597,33328,17632,170.36,125.37,160.87,49.84,57.57,43.41
D:/Aamir Gulzar/KSA_project2/dataset/patch_data\TCGA-3L-AA1B_nonMSIH\TCGA-3L-AA1B_nonMSIH_x33328_y18144_patch01598.png,TCGA-3L-AA1B_nonMSIH_x33328_y18144_patch01598.png,1598,33328,18144,183.36,138.38,170.0,49.27,60.27,45.62
D:/Aamir Gulzar/KSA_project2/dataset/patch_data\TCGA-3L-AA1B_nonMSIH\TCGA-3L-AA1B_nonMSIH_x33328_y18656_patch01599.png,TCGA-3L-AA1B_nonMSIH_x33328_y18656_patch01599.png,1599,33328,18656,182.96,134.36,168.81,41.28,47.43,36.41
D:/Aamir Gulzar/KSA_project2/dataset/patch_data\TCGA-3L-AA1B_nonMSIH\TCGA-3L-AA1B_nonMSIH_x33328_y19168_patch01600.png,TCGA-3L-AA1B_nonMSIH_x33328_y19168_patch01600.png,1600,33328,19168,183.16,132.69,168.81,36.0,35.33,28.86
D:/Aamir Gulzar/KSA_project2/dataset/patch_data\TCGA-3L-AA1B_nonMSIH\TCGA-3L-AA1B_nonMSIH_x33328_y19680_patch01601.png,TCGA-3L-AA1B_nonMSIH_x33328_y19680_patch01601.png,1601,33328,19680,163.14,121.84,160.71,40.34,39.88,32.8
D:/Aamir Gulzar/KSA_project2/dataset/patch_data\TCGA-3L-AA1B_nonMSIH\TCGA-3L-AA1B_nonMSIH_x33328_y20192_patch01602.png,TCGA-3L-AA1B_nonMSIH_x33328_y20192_patch01602.png,1602,33328,20192,156.22,119.85,157.57,46.61,52.79,41.41
D:/Aamir Gulzar/KSA_project2/dataset/patch_data\TCGA-3L-AA1B_nonMSIH\TCGA-3L-AA1B_nonMSIH_x33328_y20704_patch01603.png,TCGA-3L-AA1B_nonMSIH_x33328_y20704_patch01603.png,1603,33328,20704,180.71,148.06,176.27,51.11,58.9,45.28
D:/Aamir Gulzar/KSA_project2/dataset/patch_data\TCGA-3L-AA1B_nonMSIH\TCGA-3L-AA1B_nonMSIH_x33328_y21216_patch01604.png,TCGA-3L-AA1B_nonMSIH_x33328_y21216_patch01604.png,1604,33328,21216,235.53,230.44,233.44,22.29,31.61,23.21
D:/Aamir Gulzar/KSA_project2/dataset/patch_data\TCGA-3L-AA1B_nonMSIH\TCGA-3L-AA1B_nonMSIH_x33328_y2272_patch01569.png,TCGA-3L-AA1B_nonMSIH_x33328_y2272_patch01569.png,1569,33328,2272,239.5,235.99,237.34,15.48,24.45,20.07
D:/Aamir Gulzar/KSA_project2/dataset/patch_data\TCGA-3L-AA1B_nonMSIH\TCGA-3L-AA1B_nonMSIH_x33328_y2784_patch01570.png,TCGA-3L-AA1B_nonMSIH_x33328_y2784_patch01570.png,1570,33328,2784,231.98,215.83,223.19,24.3,40.78,32.39
D:/Aamir Gulzar/KSA_project2/dataset/patch_data\TCGA-3L-AA1B_nonMSIH\TCGA-3L-AA1B_nonMSIH_x33328_y3296_patch01571.png,TCGA-3L-AA1B_nonMSIH_x33328_y3296_patch01571.png,1571,33328,3296,223.68,198.87,211.65,32.21,51.63,39.11
D:/Aamir Gulzar/KSA_project2/dataset/patch_data\TCGA-3L-AA1B_nonMSIH\TCGA-3L-AA1B_nonMSIH_x33328_y3808_patch01572.png,TCGA-3L-AA1B_nonMSIH_x33328_y3808_patch01572.png,1572,33328,3808,215.54,180.13,199.54,32.74,52.01,39.12
D:/Aamir Gulzar/KSA_project2/dataset/patch_data\TCGA-3L-AA1B_nonMSIH\TCGA-3L-AA1B_nonMSIH_x33328_y4320_patch01573.png,TCGA-3L-AA1B_nonMSIH_x33328_y4320_patch01573.png,1573,33328,4320,227.53,210.8,220.13,30.89,45.09,33.87
D:/Aamir Gulzar/KSA_project2/dataset/patch_data\TCGA-3L-AA1B_nonMSIH\TCGA-3L-AA1B_nonMSIH_x33328_y4832_patch01574.png,TCGA-3L-AA1B_nonMSIH_x33328_y4832_patch01574.png,1574,33328,4832,220.08,192.35,206.66,38.21,54.04,42.64
D:/Aamir Gulzar/KSA_project2/dataset/patch_data\TCGA-3L-AA1B_nonMSIH\TCGA-3L-AA1B_nonMSIH_x33328_y5344_patch01575.png,TCGA-3L-AA1B_nonMSIH_x33328_y5344_patch01575.png,1575,33328,5344,217.93,190.29,205.3,40.62,54.98,43.22
D:/Aamir Gulzar/KSA_project2/dataset/patch_data\TCGA-3L-AA1B_nonMSIH\TCGA-3L-AA1B_nonMSIH_x33328_y5856_patch01576.png,TCGA-3L-AA1B_nonMSIH_x33328_y5856_patch01576.png,1576,33328,5856,218.55,186.94,203.37,38.59,53.14,41.41
D:/Aamir Gulzar/KSA_project2/dataset/patch_data\TCGA-3L-AA1B_nonMSIH\TCGA-3L-AA1B_nonMSIH_x33328_y6368_patch01577.png,TCGA-3L-AA1B_nonMSIH_x33328_y6368_patch01577.png,1577,33328,6368,220.57,209.99,216.78,49.08,58.53,50.36
D:/Aamir Gulzar/KSA_project2/dataset/patch_data\TCGA-3L-AA1B_nonMSIH\TCGA-3L-AA1B_nonMSIH_x33328_y6880_patch01578.png,TCGA-3L-AA1B_nonMSIH_x33328_y6880_patch01578.png,1578,33328,6880,189.75,169.3,181.75,72.7,93.25,80.45
D:/Aamir Gulzar/KSA_project2/dataset/patch_data\TCGA-3L-AA1B_nonMSIH\TCGA-3L-AA1B_nonMSIH_x33328_y7392_patch01579.png,TCGA-3L-AA1B_nonMSIH_x33328_y7392_patch01579.png,1579,33328,7392,176.44,142.47,166.85,65.06,82.03,68.82
D:/Aamir Gulzar/KSA_project2/dataset/patch_data\TCGA-3L-AA1B_nonMSIH\TCGA-3L-AA1B_nonMSIH_x33328_y7904_patch01580.png,TCGA-3L-AA1B_nonMSIH_x33328_y7904_patch01580.png,1580,33328,7904,201.79,184.15,200.92,55.87,72.43,54.18
D:/Aamir Gulzar/KSA_project2/dataset/patch_data\TCGA-3L-AA1B_nonMSIH\TCGA-3L-AA1B_nonMSIH_x33328_y8416_patch01581.png,TCGA-3L-AA1B_nonMSIH_x33328_y8416_patch01581.png,1581,33328,8416,184.86,158.86,180.87,60.97,72.54,57.8
D:/Aamir Gulzar/KSA_project2/dataset/patch_data\TCGA-3L-AA1B_nonMSIH\TCGA-3L-AA1B_nonMSIH_x33328_y8928_patch01582.png,TCGA-3L-AA1B_nonMSIH_x33328_y8928_patch01582.png,1582,33328,8928,209.72,178.9,196.67,40.81,51.81,43.55
D:/Aamir Gulzar/KSA_project2/dataset/patch_data\TCGA-3L-AA1B_nonMSIH\TCGA-3L-AA1B_nonMSIH_x33328_y9440_patch01583.png,TCGA-3L-AA1B_nonMSIH_x33328_y9440_patch01583.png,1583,33328,9440,207.06,192.94,204.58,54.04,64.17,53.27
D:/Aamir Gulzar/KSA_project2/dataset/patch_data\TCGA-3L-AA1B_nonMSIH\TCGA-3L-AA1B_nonMSIH_x33328_y9952_patch01584.png,TCGA-3L-AA1B_nonMSIH_x33328_y9952_patch01584.png,1584,33328,9952,215.05,196.07,208.31,43.63,56.05,43.96
D:/Aamir Gulzar/KSA_project2/dataset/patch_data\TCGA-3L-AA1B_nonMSIH\TCGA-3L-AA1B_nonMSIH_x33840_y10976_patch01620.png,TCGA-3L-AA1B_nonMSIH_x33840_y10976_patch01620.png,1620,33840,10976,214.31,180.75,200.25,34.48,50.23,37.28
D:/Aamir Gulzar/KSA_project2/dataset/patch_data\TCGA-3L-AA1B_nonMSIH\TCGA-3L-AA1B_nonMSIH_x33840_y11488_patch01621.png,TCGA-3L-AA1B_nonMSIH_x33840_y11488_patch01621.png,1621,33840,11488,194.05,155.92,182.75,44.34,52.26,41.82
D:/Aamir Gulzar/KSA_project2/dataset/patch_data\TCGA-3L-AA1B_nonMSIH\TCGA-3L-AA1B_nonMSIH_x33840_y12000_patch01622.png,TCGA-3L-AA1B_nonMSIH_x33840_y12000_patch01622.png,1622,33840,12000,203.94,163.18,188.5,35.39,45.47,36.56
D:/Aamir Gulzar/KSA_project2/dataset/patch_data\TCGA-3L-AA1B_nonMSIH\TCGA-3L-AA1B_nonMSIH_x33840_y13536_patch01623.png,TCGA-3L-AA1B_nonMSIH_x33840_y13536_patch01623.png,1623,33840,13536,162.9,127.23,163.1,49.42,58.61,44.32
D:/Aamir Gulzar/KSA_project2/dataset/patch_data\TCGA-3L-AA1B_nonMSIH\TCGA-3L-AA1B_nonMSIH_x33840_y14048_patch01624.png,TCGA-3L-AA1B_nonMSIH_x33840_y14048_patch01624.png,1624,33840,14048,157.27,118.91,157.38,47.86,53.46,42.66
D:/Aamir Gulzar/KSA_project2/dataset/patch_data\TCGA-3L-AA1B_nonMSIH\TCGA-3L-AA1B_nonMSIH_x33840_y14560_patch01625.png,TCGA-3L-AA1B_nonMSIH_x33840_y14560_patch01625.png,1625,33840,14560,152.18,110.73,151.25,46.54,49.16,40.17
D:/Aamir Gulzar/KSA_project2/dataset/patch_data\TCGA-3L-AA1B_nonMSIH\TCGA-3L-AA1B_nonMSIH_x33840_y15072_patch01626.png,TCGA-3L-AA1B_nonMSIH_x33840_y15072_patch01626.png,1626,33840,15072,163.53,117.59,156.34,46.36,47.62,38.97
D:/Aamir Gulzar/KSA_project2/dataset/patch_data\TCGA-3L-AA1B_nonMSIH\TCGA-3L-AA1B_nonMSIH_x33840_y15584_patch01627.png,TCGA-3L-AA1B_nonMSIH_x33840_y15584_patch01627.png,1627,33840,15584,167.37,125.12,162.3,46.11,50.33,39.31
D:/Aamir Gulzar/KSA_project2/dataset/patch_data\TCGA-3L-AA1B_nonMSIH\TCGA-3L-AA1B_nonMSIH_x33840_y16096_patch01628.png,TCGA-3L-AA1B_nonMSIH_x33840_y16096_patch01628.png,1628,33840,16096,166.81,128.96,164.53,49.3,58.86,43.91
D:/Aamir Gulzar/KSA_project2/dataset/patch_data\TCGA-3L-AA1B_nonMSIH\TCGA-3L-AA1B_nonMSIH_x33840_y16608_patch01629.png,TCGA-3L-AA1B_nonMSIH_x33840_y16608_patch01629.png,1629,33840,16608,188.36,140.99,171.22,46.52,61.68,47.74
D:/Aamir Gulzar/KSA_project2/dataset/patch_data\TCGA-3L-AA1B_nonMSIH\TCGA-3L-AA1B_nonMSIH_x33840_y17120_patch01630.png,TCGA-3L-AA1B_nonMSIH_x33840_y17120_patch01630.png,1630,33840,17120,196.75,131.92,165.57,36.35,49.82,39.22
D:/Aamir Gulzar/KSA_project2/dataset/patch_data\TCGA-3L-AA1B_nonMSIH\TCGA-3L-AA1B_nonMSIH_x33840_y17632_patch01631.png,TCGA-3L-AA1B_nonMSIH_x33840_y17632_patch01631.png,1631,33840,17632,189.73,127.86,163.32,37.79,41.87,34.59
D:/Aamir Gulzar/KSA_project2/dataset/patch_data\TCGA-3L-AA1B_nonMSIH\TCGA-3L-AA1B_nonMSIH_x33840_y18144_patch01632.png,TCGA-3L-AA1B_nonMSIH_x33840_y18144_patch01632.png,1632,33840,18144,197.28,129.43,163.62,36.64,44.71,37.21
D:/Aamir Gulzar/KSA_project2/dataset/patch_data\TCGA-3L-AA1B_nonMSIH\TCGA-3L-AA1B_nonMSIH_x33840_y18656_patch01633.png,TCGA-3L-AA1B_nonMSIH_x33840_y18656_patch01633.png,1633,33840,18656,189.21,130.01,165.39,38.4,42.63,35.25
D:/Aamir Gulzar/KSA_project2/dataset/patch_data\TCGA-3L-AA1B_nonMSIH\TCGA-3L-AA1B_nonMSIH_x33840_y19168_patch01634.png,TCGA-3L-AA1B_nonMSIH_x33840_y19168_patch01634.png,1634,33840,19168,188.28,135.67,170.47,37.84,37.95,31.2
D:/Aamir Gulzar/KSA_project2/dataset/patch_data\TCGA-3L-AA1B_nonMSIH\TCGA-3L-AA1B_nonMSIH_x33840_y19680_patch01635.png,TCGA-3L-AA1B_nonMSIH_x33840_y19680_patch01635.png,1635,33840,19680,173.36,133.67,168.35,46.57,52.56,39.05
D:/Aamir Gulzar/KSA_project2/dataset/patch_data\TCGA-3L-AA1B_nonMSIH\TCGA-3L-AA1B_nonMSIH_x33840_y20192_patch01636.png,TCGA-3L-AA1B_nonMSIH_x33840_y20192_patch01636.png,1636,33840,20192,172.08,137.4,170.11,49.48,56.39,42.79
D:/Aamir Gulzar/KSA_project2/dataset/patch_data\TCGA-3L-AA1B_nonMSIH\TCGA-3L-AA1B_nonMSIH_x33840_y20704_patch01637.png,TCGA-3L-AA1B_nonMSIH_x33840_y20704_patch01637.png,1637,33840,20704,211.38,192.55,207.83,44.17,58.21,42.26
D:/Aamir Gulzar/KSA_project2/dataset/patch_data\TCGA-3L-AA1B_nonMSIH\TCGA-3L-AA1B_nonMSIH_x33840_y2784_patch01605.png,TCGA-3L-AA1B_nonMSIH_x33840_y2784_patch01605.png,1605,33840,2784,227.46,214.82,221.71,37.72,49.47,40.36
D:/Aamir Gulzar/KSA_project2/dataset/patch_data\TCGA-3L-AA1B_nonMSIH\TCGA-3L-AA1B_nonMSIH_x33840_y3296_patch01606.png,TCGA-3L-AA1B_nonMSIH_x33840_y3296_patch01606.png,1606,33840,3296,221.6,198.48,211.94,35.07,52.39,39.06
D:/Aamir Gulzar/KSA_project2/dataset/patch_data\TCGA-3L-AA1B_nonMSIH\TCGA-3L-AA1B_nonMSIH_x33840_y3808_patch01607.png,TCGA-3L-AA1B_nonMSIH_x33840_y3808_patch01607.png,1607,33840,3808,220.79,193.77,209.03,33.47,51.38,37.66
D:/Aamir Gulzar/KSA_project2/dataset/patch_data\TCGA-3L-AA1B_nonMSIH\TCGA-3L-AA1B_nonMSIH_x33840_y4320_patch01608.png,TCGA-3L-AA1B_nonMSIH_x33840_y4320_patch01608.png,1608,33840,4320,212.79,185.96,202.84,44.75,57.01,43.93
D:/Aamir Gulzar/KSA_project2/dataset/patch_data\TCGA-3L-AA1B_nonMSIH\TCGA-3L-AA1B_nonMSIH_x33840_y4832_patch01609.png,TCGA-3L-AA1B_nonMSIH_x33840_y4832_patch01609.png,1609,33840,4832,208.32,165.48,188.26,45.35,63.32,47.52
D:/Aamir Gulzar/KSA_project2/dataset/patch_data\TCGA-3L-AA1B_nonMSIH\TCGA-3L-AA1B_nonMSIH_x33840_y5344_patch01610.png,TCGA-3L-AA1B_nonMSIH_x33840_y5344_patch01610.png,1610,33840,5344,211.33,190.24,204.47,51.28,67.88,52.19
D:/Aamir Gulzar/KSA_project2/dataset/patch_data\TCGA-3L-AA1B_nonMSIH\TCGA-3L-AA1B_nonMSIH_x33840_y5856_patch01611.png,TCGA-3L-AA1B_nonMSIH_x33840_y5856_patch01611.png,1611,33840,5856,219.49,183.53,201.35,34.68,51.6,40.16
D:/Aamir Gulzar/KSA_project2/dataset/patch_data\TCGA-3L-AA1B_nonMSIH\TCGA-3L-AA1B_nonMSIH_x33840_y6368_patch01612.png,TCGA-3L-AA1B_nonMSIH_x33840_y6368_patch01612.png,1612,33840,6368,212.67,180.53,196.8,48.01,59.5,49.69
D:/Aamir Gulzar/KSA_project2/dataset/patch_data\TCGA-3L-AA1B_nonMSIH\TCGA-3L-AA1B_nonMSIH_x33840_y6880_patch01613.png,TCGA-3L-AA1B_nonMSIH_x33840_y6880_patch01613.png,1613,33840,6880,166.5,128.9,161.25,59.44,74.7,57.92
D:/Aamir Gulzar/KSA_project2/dataset/patch_data\TCGA-3L-AA1B_nonMSIH\TCGA-3L-AA1B_nonMSIH_x33840_y7392_patch01614.png,TCGA-3L-AA1B_nonMSIH_x33840_y7392_patch01614.png,1614,33840,7392,162.36,115.31,152.69,52.22,61.73,49.1
D:/Aamir Gulzar/KSA_project2/dataset/patch_data\TCGA-3L-AA1B_nonMSIH\TCGA-3L-AA1B_nonMSIH_x33840_y7904_patch01615.png,TCGA-3L-AA1B_nonMSIH_x33840_y7904_patch01615.png,1615,33840,7904,202.77,173.34,192.72,46.3,65.88,49.81
D:/Aamir Gulzar/KSA_project2/dataset/patch_data\TCGA-3L-AA1B_nonMSIH\TCGA-3L-AA1B_nonMSIH_x33840_y8416_patch01616.png,TCGA-3L-AA1B_nonMSIH_x33840_y8416_patch01616.png,1616,33840,8416,200.31,185.97,197.84,62.79,75.16,62.27
D:/Aamir Gulzar/KSA_project2/dataset/patch_data\TCGA-3L-AA1B_nonMSIH\TCGA-3L-AA1B_nonMSIH_x33840_y8928_patch01617.png,TCGA-3L-AA1B_nonMSIH_x33840_y8928_patch01617.png,1617,33840,8928,197.93,172.48,187.61,55.55,62.86,56.03
D:/Aamir Gulzar/KSA_project2/dataset/patch_data\TCGA-3L-AA1B_nonMSIH\TCGA-3L-AA1B_nonMSIH_x33840_y9440_patch01618.png,TCGA-3L-AA1B_nonMSIH_x33840_y9440_patch01618.png,1618,33840,9440,206.96,174.76,192.04,47.7,59.31,49.24
D:/Aamir Gulzar/KSA_project2/dataset/patch_data\TCGA-3L-AA1B_nonMSIH\TCGA-3L-AA1B_nonMSIH_x33840_y9952_patch01619.png,TCGA-3L-AA1B_nonMSIH_x33840_y9952_patch01619.png,1619,33840,9952,217.32,185.55,202.33,37.16,49.69,39.1
D:/Aamir Gulzar/KSA_project2/dataset/patch_data\TCGA-3L-AA1B_nonMSIH\TCGA-3L-AA1B_nonMSIH_x34352_y10976_patch01653.png,TCGA-3L-AA1B_nonMSIH_x34352_y10976_patch01653.png,1653,34352,10976,225.78,205.08,216.12,27.61,44.16,33.3
D:/Aamir Gulzar/KSA_project2/dataset/patch_data\TCGA-3L-AA1B_nonMSIH\TCGA-3L-AA1B_nonMSIH_x34352_y11488_patch01654.png,TCGA-3L-AA1B_nonMSIH_x34352_y11488_patch01654.png,1654,34352,11488,219.85,197.93,211.28,32.26,47.39,36.87
D:/Aamir Gulzar/KSA_project2/dataset/patch_data\TCGA-3L-AA1B_nonMSIH\TCGA-3L-AA1B_nonMSIH_x34352_y12000_patch01655.png,TCGA-3L-AA1B_nonMSIH_x34352_y12000_patch01655.png,1655,34352,12000,219.48,193.56,208.93,27.35,43.75,33.71
D:/Aamir Gulzar/KSA_project2/dataset/patch_data\TCGA-3L-AA1B_nonMSIH\TCGA-3L-AA1B_nonMSIH_x34352_y13024_patch01656.png,TCGA-3L-AA1B_nonMSIH_x34352_y13024_patch01656.png,1656,34352,13024,148.25,109.56,148.2,53.86,61.44,47.77
D:/Aamir Gulzar/KSA_project2/dataset/patch_data\TCGA-3L-AA1B_nonMSIH\TCGA-3L-AA1B_nonMSIH_x34352_y13536_patch01657.png,TCGA-3L-AA1B_nonMSIH_x34352_y13536_patch01657.png,1657,34352,13536,167.19,134.61,166.77,57.37,69.13,51.88
D:/Aamir Gulzar/KSA_project2/dataset/patch_data\TCGA-3L-AA1B_nonMSIH\TCGA-3L-AA1B_nonMSIH_x34352_y14048_patch01658.png,TCGA-3L-AA1B_nonMSIH_x34352_y14048_patch01658.png,1658,34352,14048,162.83,126.29,161.8,52.28,60.76,46.43
D:/Aamir Gulzar/KSA_project2/dataset/patch_data\TCGA-3L-AA1B_nonMSIH\TCGA-3L-AA1B_nonMSIH_x34352_y14560_patch01659.png,TCGA-3L-AA1B_nonMSIH_x34352_y14560_patch01659.png,1659,34352,14560,169.03,119.92,157.7,47.37,48.84,39.38
D:/Aamir Gulzar/KSA_project2/dataset/patch_data\TCGA-3L-AA1B_nonMSIH\TCGA-3L-AA1B_nonMSIH_x34352_y15072_patch01660.png,TCGA-3L-AA1B_nonMSIH_x34352_y15072_patch01660.png,1660,34352,15072,187.79,124.29,160.68,38.74,42.53,35.88
D:/Aamir Gulzar/KSA_project2/dataset/patch_data\TCGA-3L-AA1B_nonMSIH\TCGA-3L-AA1B_nonMSIH_x34352_y15584_patch01661.png,TCGA-3L-AA1B_nonMSIH_x34352_y15584_patch01661.png,1661,34352,15584,185.66,141.69,173.6,45.2,55.16,42.0
D:/Aamir Gulzar/KSA_project2/dataset/patch_data\TCGA-3L-AA1B_nonMSIH\TCGA-3L-AA1B_nonMSIH_x34352_y16096_patch01662.png,TCGA-3L-AA1B_nonMSIH_x34352_y16096_patch01662.png,1662,34352,16096,182.44,133.98,167.85,43.65,48.98,38.46
D:/Aamir Gulzar/KSA_project2/dataset/patch_data\TCGA-3L-AA1B_nonMSIH\TCGA-3L-AA1B_nonMSIH_x34352_y16608_patch01663.png,TCGA-3L-AA1B_nonMSIH_x34352_y16608_patch01663.png,1663,34352,16608,186.0,138.78,172.03,41.44,47.52,37.69
D:/Aamir Gulzar/KSA_project2/dataset/patch_data\TCGA-3L-AA1B_nonMSIH\TCGA-3L-AA1B_nonMSIH_x34352_y17120_patch01664.png,TCGA-3L-AA1B_nonMSIH_x34352_y17120_patch01664.png,1664,34352,17120,176.02,137.43,171.07,44.65,51.24,40.57
D:/Aamir Gulzar/KSA_project2/dataset/patch_data\TCGA-3L-AA1B_nonMSIH\TCGA-3L-AA1B_nonMSIH_x34352_y17632_patch01665.png,TCGA-3L-AA1B_nonMSIH_x34352_y17632_patch01665.png,1665,34352,17632,175.64,137.93,171.29,46.36,53.72,41.1
D:/Aamir Gulzar/KSA_project2/dataset/patch_data\TCGA-3L-AA1B_nonMSIH\TCGA-3L-AA1B_nonMSIH_x34352_y18144_patch01666.png,TCGA-3L-AA1B_nonMSIH_x34352_y18144_patch01666.png,1666,34352,18144,179.47,139.83,173.65,41.48,45.71,35.16
D:/Aamir Gulzar/KSA_project2/dataset/patch_data\TCGA-3L-AA1B_nonMSIH\TCGA-3L-AA1B_nonMSIH_x34352_y18656_patch01667.png,TCGA-3L-AA1B_nonMSIH_x34352_y18656_patch01667.png,1667,34352,18656,175.88,139.87,173.85,40.75,45.01,34.58
D:/Aamir Gulzar/KSA_project2/dataset/patch_data\TCGA-3L-AA1B_nonMSIH\TCGA-3L-AA1B_nonMSIH_x34352_y19168_patch01668.png,TCGA-3L-AA1B_nonMSIH_x34352_y19168_patch01668.png,1668,34352,19168,178.22,141.42,175.15,38.43,41.55,31.28
D:/Aamir Gulzar/KSA_project2/dataset/patch_data\TCGA-3L-AA1B_nonMSIH\TCGA-3L-AA1B_nonMSIH_x34352_y19680_patch01669.png,TCGA-3L-AA1B_nonMSIH_x34352_y19680_patch01669.png,1669,34352,19680,177.06,135.87,170.14,43.57,47.15,35.64
D:/Aamir Gulzar/KSA_project2/dataset/patch_data\TCGA-3L-AA1B_nonMSIH\TCGA-3L-AA1B_nonMSIH_x34352_y20192_patch01670.png,TCGA-3L-AA1B_nonMSIH_x34352_y20192_patch01670.png,1670,34352,20192,182.53,153.79,181.1,51.27,63.25,46.43
D:/Aamir Gulzar/KSA_project2/dataset/patch_data\TCGA-3L-AA1B_nonMSIH\TCGA-3L-AA1B_nonMSIH_x34352_y2784_patch01638.png,TCGA-3L-AA1B_nonMSIH_x34352_y2784_patch01638.png,1638,34352,2784,231.92,224.56,228.78,34.57,44.98,36.33
D:/Aamir Gulzar/KSA_project2/dataset/patch_data\TCGA-3L-AA1B_nonMSIH\TCGA-3L-AA1B_nonMSIH_x34352_y3296_patch01639.png,TCGA-3L-AA1B_nonMSIH_x34352_y3296_patch01639.png,1639,34352,3296,224.49,202.36,213.88,32.57,49.17,38.06
D:/Aamir Gulzar/KSA_project2/dataset/patch_data\TCGA-3L-AA1B_nonMSIH\TCGA-3L-AA1B_nonMSIH_x34352_y3808_patch01640.png,TCGA-3L-AA1B_nonMSIH_x34352_y3808_patch01640.png,1640,34352,3808,225.08,206.05,216.78,33.77,49.58,37.37
D:/Aamir Gulzar/KSA_project2/dataset/patch_data\TCGA-3L-AA1B_nonMSIH\TCGA-3L-AA1B_nonMSIH_x34352_y4320_patch01641.png,TCGA-3L-AA1B_nonMSIH_x34352_y4320_patch01641.png,1641,34352,4320,220.8,193.44,208.32,37.63,55.35,40.51
D:/Aamir Gulzar/KSA_project2/dataset/patch_data\TCGA-3L-AA1B_nonMSIH\TCGA-3L-AA1B_nonMSIH_x34352_y4832_patch01642.png,TCGA-3L-AA1B_nonMSIH_x34352_y4832_patch01642.png,1642,34352,4832,199.02,124.42,161.41,36.92,31.81,27.12
D:/Aamir Gulzar/KSA_project2/dataset/patch_data\TCGA-3L-AA1B_nonMSIH\TCGA-3L-AA1B_nonMSIH_x34352_y5344_patch01643.png,TCGA-3L-AA1B_nonMSIH_x34352_y5344_patch01643.png,1643,34352,5344,186.74,137.44,167.18,57.13,67.82,53.18
D:/Aamir Gulzar/KSA_project2/dataset/patch_data\TCGA-3L-AA1B_nonMSIH\TCGA-3L-AA1B_nonMSIH_x34352_y5856_patch01644.png,TCGA-3L-AA1B_nonMSIH_x34352_y5856_patch01644.png,1644,34352,5856,200.7,160.96,184.2,52.38,66.39,51.93
D:/Aamir Gulzar/KSA_project2/dataset/patch_data\TCGA-3L-AA1B_nonMSIH\TCGA-3L-AA1B_nonMSIH_x34352_y6368_patch01645.png,TCGA-3L-AA1B_nonMSIH_x34352_y6368_patch01645.png,1645,34352,6368,225.22,194.87,208.79,29.48,49.45,38.22
D:/Aamir Gulzar/KSA_project2/dataset/patch_data\TCGA-3L-AA1B_nonMSIH\TCGA-3L-AA1B_nonMSIH_x34352_y6880_patch01646.png,TCGA-3L-AA1B_nonMSIH_x34352_y6880_patch01646.png,1646,34352,6880,178.48,147.08,171.64,64.51,81.15,63.82
D:/Aamir Gulzar/KSA_project2/dataset/patch_data\TCGA-3L-AA1B_nonMSIH\TCGA-3L-AA1B_nonMSIH_x34352_y7392_patch01647.png,TCGA-3L-AA1B_nonMSIH_x34352_y7392_patch01647.png,1647,34352,7392,149.58,100.36,141.22,49.46,56.45,45.21
D:/Aamir Gulzar/KSA_project2/dataset/patch_data\TCGA-3L-AA1B_nonMSIH\TCGA-3L-AA1B_nonMSIH_x34352_y7904_patch01648.png,TCGA-3L-AA1B_nonMSIH_x34352_y7904_patch01648.png,1648,34352,7904,187.88,148.19,175.64,46.82,62.37,47.44
D:/Aamir Gulzar/KSA_project2/dataset/patch_data\TCGA-3L-AA1B_nonMSIH\TCGA-3L-AA1B_nonMSIH_x34352_y8416_patch01649.png,TCGA-3L-AA1B_nonMSIH_x34352_y8416_patch01649.png,1649,34352,8416,230.28,222.38,227.53,28.96,37.11,29.63
D:/Aamir Gulzar/KSA_project2/dataset/patch_data\TCGA-3L-AA1B_nonMSIH\TCGA-3L-AA1B_nonMSIH_x34352_y8928_patch01650.png,TCGA-3L-AA1B_nonMSIH_x34352_y8928_patch01650.png,1650,34352,8928,208.41,181.62,197.87,44.13,58.03,46.54
D:/Aamir Gulzar/KSA_project2/dataset/patch_data\TCGA-3L-AA1B_nonMSIH\TCGA-3L-AA1B_nonMSIH_x34352_y9440_patch01651.png,TCGA-3L-AA1B_nonMSIH_x34352_y9440_patch01651.png,1651,34352,9440,224.77,209.61,217.64,35.98,49.7,39.65
D:/Aamir Gulzar/KSA_project2/dataset/patch_data\TCGA-3L-AA1B_nonMSIH\TCGA-3L-AA1B_nonMSIH_x34352_y9952_patch01652.png,TCGA-3L-AA1B_nonMSIH_x34352_y9952_patch01652.png,1652,34352,9952,231.32,218.13,224.49,27.01,39.63,30.97
D:/Aamir Gulzar/KSA_project2/dataset/patch_data\TCGA-3L-AA1B_nonMSIH\TCGA-3L-AA1B_nonMSIH_x34864_y12000_patch01684.png,TCGA-3L-AA1B_nonMSIH_x34864_y12000_patch01684.png,1684,34864,12000,219.65,195.63,209.91,31.37,47.07,36.09
D:/Aamir Gulzar/KSA_project2/dataset/patch_data\TCGA-3L-AA1B_nonMSIH\TCGA-3L-AA1B_nonMSIH_x34864_y12512_patch01685.png,TCGA-3L-AA1B_nonMSIH_x34864_y12512_patch01685.png,1685,34864,12512,214.67,185.54,203.42,36.95,53.71,40.76
D:/Aamir Gulzar/KSA_project2/dataset/patch_data\TCGA-3L-AA1B_nonMSIH\TCGA-3L-AA1B_nonMSIH_x34864_y13024_patch01686.png,TCGA-3L-AA1B_nonMSIH_x34864_y13024_patch01686.png,1686,34864,13024,174.42,141.34,171.26,57.32,67.17,51.51
D:/Aamir Gulzar/KSA_project2/dataset/patch_data\TCGA-3L-AA1B_nonMSIH\TCGA-3L-AA1B_nonMSIH_x34864_y13536_patch01687.png,TCGA-3L-AA1B_nonMSIH_x34864_y13536_patch01687.png,1687,34864,13536,164.6,121.02,157.18,55.15,61.13,47.27
D:/Aamir Gulzar/KSA_project2/dataset/patch_data\TCGA-3L-AA1B_nonMSIH\TCGA-3L-AA1B_nonMSIH_x34864_y14048_patch01688.png,TCGA-3L-AA1B_nonMSIH_x34864_y14048_patch01688.png,1688,34864,14048,190.84,128.76,163.73,40.61,47.45,37.88
D:/Aamir Gulzar/KSA_project2/dataset/patch_data\TCGA-3L-AA1B_nonMSIH\TCGA-3L-AA1B_nonMSIH_x34864_y14560_patch01689.png,TCGA-3L-AA1B_nonMSIH_x34864_y14560_patch01689.png,1689,34864,14560,198.32,124.98,159.92,34.22,46.18,38.23
D:/Aamir Gulzar/KSA_project2/dataset/patch_data\TCGA-3L-AA1B_nonMSIH\TCGA-3L-AA1B_nonMSIH_x34864_y15072_patch01690.png,TCGA-3L-AA1B_nonMSIH_x34864_y15072_patch01690.png,1690,34864,15072,188.09,138.7,171.54,43.15,51.19,39.48
D:/Aamir Gulzar/KSA_project2/dataset/patch_data\TCGA-3L-AA1B_nonMSIH\TCGA-3L-AA1B_nonMSIH_x34864_y15584_patch01691.png,TCGA-3L-AA1B_nonMSIH_x34864_y15584_patch01691.png,1691,34864,15584,183.32,147.78,177.51,50.62,59.72,45.53
D:/Aamir Gulzar/KSA_project2/dataset/patch_data\TCGA-3L-AA1B_nonMSIH\TCGA-3L-AA1B_nonMSIH_x34864_y16096_patch01692.png,TCGA-3L-AA1B_nonMSIH_x34864_y16096_patch01692.png,1692,34864,16096,184.73,150.04,178.61,50.25,60.37,46.51
D:/Aamir Gulzar/KSA_project2/dataset/patch_data\TCGA-3L-AA1B_nonMSIH\TCGA-3L-AA1B_nonMSIH_x34864_y16608_patch01693.png,TCGA-3L-AA1B_nonMSIH_x34864_y16608_patch01693.png,1693,34864,16608,184.84,147.77,178.49,43.37,52.8,40.23
D:/Aamir Gulzar/KSA_project2/dataset/patch_data\TCGA-3L-AA1B_nonMSIH\TCGA-3L-AA1B_nonMSIH_x34864_y17120_patch01694.png,TCGA-3L-AA1B_nonMSIH_x34864_y17120_patch01694.png,1694,34864,17120,165.08,104.5,141.21,57.18,58.01,50.22
D:/Aamir Gulzar/KSA_project2/dataset/patch_data\TCGA-3L-AA1B_nonMSIH\TCGA-3L-AA1B_nonMSIH_x34864_y17632_patch01695.png,TCGA-3L-AA1B_nonMSIH_x34864_y17632_patch01695.png,1695,34864,17632,169.13,102.54,138.98,58.29,57.67,50.48
D:/Aamir Gulzar/KSA_project2/dataset/patch_data\TCGA-3L-AA1B_nonMSIH\TCGA-3L-AA1B_nonMSIH_x34864_y18144_patch01696.png,TCGA-3L-AA1B_nonMSIH_x34864_y18144_patch01696.png,1696,34864,18144,177.61,142.44,174.77,46.39,55.0,41.61
D:/Aamir Gulzar/KSA_project2/dataset/patch_data\TCGA-3L-AA1B_nonMSIH\TCGA-3L-AA1B_nonMSIH_x34864_y18656_patch01697.png,TCGA-3L-AA1B_nonMSIH_x34864_y18656_patch01697.png,1697,34864,18656,196.52,148.09,178.16,38.87,47.62,37.12
D:/Aamir Gulzar/KSA_project2/dataset/patch_data\TCGA-3L-AA1B_nonMSIH\TCGA-3L-AA1B_nonMSIH_x34864_y19168_patch01698.png,TCGA-3L-AA1B_nonMSIH_x34864_y19168_patch01698.png,1698,34864,19168,191.58,144.57,176.47,37.07,39.33,30.94
D:/Aamir Gulzar/KSA_project2/dataset/patch_data\TCGA-3L-AA1B_nonMSIH\TCGA-3L-AA1B_nonMSIH_x34864_y19680_patch01699.png,TCGA-3L-AA1B_nonMSIH_x34864_y19680_patch01699.png,1699,34864,19680,172.68,127.61,163.25,46.44,46.47,37.18
D:/Aamir Gulzar/KSA_project2/dataset/patch_data\TCGA-3L-AA1B_nonMSIH\TCGA-3L-AA1B_nonMSIH_x34864_y20192_patch01700.png,TCGA-3L-AA1B_nonMSIH_x34864_y20192_patch01700.png,1700,34864,20192,214.17,199.46,212.35,45.92,60.12,43.67
D:/Aamir Gulzar/KSA_project2/dataset/patch_data\TCGA-3L-AA1B_nonMSIH\TCGA-3L-AA1B_nonMSIH_x34864_y3296_patch01671.png,TCGA-3L-AA1B_nonMSIH_x34864_y3296_patch01671.png,1671,34864,3296,233.39,220.56,226.34,24.88,39.83,31.83
D:/Aamir Gulzar/KSA_project2/dataset/patch_data\TCGA-3L-AA1B_nonMSIH\TCGA-3L-AA1B_nonMSIH_x34864_y3808_patch01672.png,TCGA-3L-AA1B_nonMSIH_x34864_y3808_patch01672.png,1672,34864,3808,239.43,232.76,235.66,14.8,25.53,20.18
D:/Aamir Gulzar/KSA_project2/dataset/patch_data\TCGA-3L-AA1B_nonMSIH\TCGA-3L-AA1B_nonMSIH_x34864_y4320_patch01673.png,TCGA-3L-AA1B_nonMSIH_x34864_y4320_patch01673.png,1673,34864,4320,234.99,223.07,229.07,23.08,40.27,28.51
D:/Aamir Gulzar/KSA_project2/dataset/patch_data\TCGA-3L-AA1B_nonMSIH\TCGA-3L-AA1B_nonMSIH_x34864_y4832_patch01674.png,TCGA-3L-AA1B_nonMSIH_x34864_y4832_patch01674.png,1674,34864,4832,195.43,128.08,163.83,39.71,37.06,31.2
D:/Aamir Gulzar/KSA_project2/dataset/patch_data\TCGA-3L-AA1B_nonMSIH\TCGA-3L-AA1B_nonMSIH_x34864_y5344_patch01675.png,TCGA-3L-AA1B_nonMSIH_x34864_y5344_patch01675.png,1675,34864,5344,190.66,118.63,156.01,44.31,38.25,33.03
D:/Aamir Gulzar/KSA_project2/dataset/patch_data\TCGA-3L-AA1B_nonMSIH\TCGA-3L-AA1B_nonMSIH_x34864_y5856_patch01676.png,TCGA-3L-AA1B_nonMSIH_x34864_y5856_patch01676.png,1676,34864,5856,203.01,178.97,196.61,56.11,71.98,54.71
D:/Aamir Gulzar/KSA_project2/dataset/patch_data\TCGA-3L-AA1B_nonMSIH\TCGA-3L-AA1B_nonMSIH_x34864_y6368_patch01677.png,TCGA-3L-AA1B_nonMSIH_x34864_y6368_patch01677.png,1677,34864,6368,225.19,202.75,213.72,33.68,51.15,39.62
D:/Aamir Gulzar/KSA_project2/dataset/patch_data\TCGA-3L-AA1B_nonMSIH\TCGA-3L-AA1B_nonMSIH_x34864_y6880_patch01678.png,TCGA-3L-AA1B_nonMSIH_x34864_y6880_patch01678.png,1678,34864,6880,211.11,184.49,196.85,50.37,60.99,54.05
D:/Aamir Gulzar/KSA_project2/dataset/patch_data\TCGA-3L-AA1B_nonMSIH\TCGA-3L-AA1B_nonMSIH_x34864_y7392_patch01679.png,TCGA-3L-AA1B_nonMSIH_x34864_y7392_patch01679.png,1679,34864,7392,194.96,167.96,183.22,66.3,79.37,69.16
D:/Aamir Gulzar/KSA_project2/dataset/patch_data\TCGA-3L-AA1B_nonMSIH\TCGA-3L-AA1B_nonMSIH_x34864_y7904_patch01680.png,TCGA-3L-AA1B_nonMSIH_x34864_y7904_patch01680.png,1680,34864,7904,191.99,155.42,177.48,55.38,66.78,54.33
D:/Aamir Gulzar/KSA_project2/dataset/patch_data\TCGA-3L-AA1B_nonMSIH\TCGA-3L-AA1B_nonMSIH_x34864_y8928_patch01681.png,TCGA-3L-AA1B_nonMSIH_x34864_y8928_patch01681.png,1681,34864,8928,209.1,190.62,202.54,50.68,63.03,51.57
D:/Aamir Gulzar/KSA_project2/dataset/patch_data\TCGA-3L-AA1B_nonMSIH\TCGA-3L-AA1B_nonMSIH_x34864_y9440_patch01682.png,TCGA-3L-AA1B_nonMSIH_x34864_y9440_patch01682.png,1682,34864,9440,221.41,209.82,216.79,44.12,53.88,45.01
D:/Aamir Gulzar/KSA_project2/dataset/patch_data\TCGA-3L-AA1B_nonMSIH\TCGA-3L-AA1B_nonMSIH_x34864_y9952_patch01683.png,TCGA-3L-AA1B_nonMSIH_x34864_y9952_patch01683.png,1683,34864,9952,229.9,216.24,223.9,29.56,42.97,32.14
D:/Aamir Gulzar/KSA_project2/dataset/patch_data\TCGA-3L-AA1B_nonMSIH\TCGA-3L-AA1B_nonMSIH_x35376_y10464_patch01711.png,TCGA-3L-AA1B_nonMSIH_x35376_y10464_patch01711.png,1711,35376,10464,235.93,230.64,233.32,25.27,33.16,26.23
D:/Aamir Gulzar/KSA_project2/dataset/patch_data\TCGA-3L-AA1B_nonMSIH\TCGA-3L-AA1B_nonMSIH_x35376_y12000_patch01712.png,TCGA-3L-AA1B_nonMSIH_x35376_y12000_patch01712.png,1712,35376,12000,224.35,204.03,216.14,28.81,43.63,32.68
D:/Aamir Gulzar/KSA_project2/dataset/patch_data\TCGA-3L-AA1B_nonMSIH\TCGA-3L-AA1B_nonMSIH_x35376_y12512_patch01713.png,TCGA-3L-AA1B_nonMSIH_x35376_y12512_patch01713.png,1713,35376,12512,208.17,160.79,186.63,31.17,44.36,36.18
D:/Aamir Gulzar/KSA_project2/dataset/patch_data\TCGA-3L-AA1B_nonMSIH\TCGA-3L-AA1B_nonMSIH_x35376_y13024_patch01714.png,TCGA-3L-AA1B_nonMSIH_x35376_y13024_patch01714.png,1714,35376,13024,184.99,135.09,167.84,47.65,54.59,43.05
D:/Aamir Gulzar/KSA_project2/dataset/patch_data\TCGA-3L-AA1B_nonMSIH\TCGA-3L-AA1B_nonMSIH_x35376_y13536_patch01715.png,TCGA-3L-AA1B_nonMSIH_x35376_y13536_patch01715.png,1715,35376,13536,196.58,129.42,164.6,34.05,41.47,33.12
D:/Aamir Gulzar/KSA_project2/dataset/patch_data\TCGA-3L-AA1B_nonMSIH\TCGA-3L-AA1B_nonMSIH_x35376_y14048_patch01716.png,TCGA-3L-AA1B_nonMSIH_x35376_y14048_patch01716.png,1716,35376,14048,192.75,137.85,171.08,39.34,45.13,36.01
D:/Aamir Gulzar/KSA_project2/dataset/patch_data\TCGA-3L-AA1B_nonMSIH\TCGA-3L-AA1B_nonMSIH_x35376_y14560_patch01717.png,TCGA-3L-AA1B_nonMSIH_x35376_y14560_patch01717.png,1717,35376,14560,179.68,136.32,170.15,47.5,51.5,39.39
D:/Aamir Gulzar/KSA_project2/dataset/patch_data\TCGA-3L-AA1B_nonMSIH\TCGA-3L-AA1B_nonMSIH_x35376_y15072_patch01718.png,TCGA-3L-AA1B_nonMSIH_x35376_y15072_patch01718.png,1718,35376,15072,189.08,160.97,185.76,54.21,65.21,49.22
D:/Aamir Gulzar/KSA_project2/dataset/patch_data\TCGA-3L-AA1B_nonMSIH\TCGA-3L-AA1B_nonMSIH_x35376_y15584_patch01719.png,TCGA-3L-AA1B_nonMSIH_x35376_y15584_patch01719.png,1719,35376,15584,185.72,158.25,183.63,55.54,67.76,50.78
D:/Aamir Gulzar/KSA_project2/dataset/patch_data\TCGA-3L-AA1B_nonMSIH\TCGA-3L-AA1B_nonMSIH_x35376_y16096_patch01720.png,TCGA-3L-AA1B_nonMSIH_x35376_y16096_patch01720.png,1720,35376,16096,199.7,177.58,196.2,56.21,67.64,52.36
D:/Aamir Gulzar/KSA_project2/dataset/patch_data\TCGA-3L-AA1B_nonMSIH\TCGA-3L-AA1B_nonMSIH_x35376_y16608_patch01721.png,TCGA-3L-AA1B_nonMSIH_x35376_y16608_patch01721.png,1721,35376,16608,184.61,136.12,168.71,46.38,54.84,43.7
D:/Aamir Gulzar/KSA_project2/dataset/patch_data\TCGA-3L-AA1B_nonMSIH\TCGA-3L-AA1B_nonMSIH_x35376_y17120_patch01722.png,TCGA-3L-AA1B_nonMSIH_x35376_y17120_patch01722.png,1722,35376,17120,180.27,139.49,172.29,46.37,52.17,40.62
D:/Aamir Gulzar/KSA_project2/dataset/patch_data\TCGA-3L-AA1B_nonMSIH\TCGA-3L-AA1B_nonMSIH_x35376_y17632_patch01723.png,TCGA-3L-AA1B_nonMSIH_x35376_y17632_patch01723.png,1723,35376,17632,192.45,143.31,172.47,48.02,60.4,48.4
D:/Aamir Gulzar/KSA_project2/dataset/patch_data\TCGA-3L-AA1B_nonMSIH\TCGA-3L-AA1B_nonMSIH_x35376_y18144_patch01724.png,TCGA-3L-AA1B_nonMSIH_x35376_y18144_patch01724.png,1724,35376,18144,199.79,150.85,179.75,34.91,45.8,35.97
D:/Aamir Gulzar/KSA_project2/dataset/patch_data\TCGA-3L-AA1B_nonMSIH\TCGA-3L-AA1B_nonMSIH_x35376_y18656_patch01725.png,TCGA-3L-AA1B_nonMSIH_x35376_y18656_patch01725.png,1725,35376,18656,184.92,139.44,172.22,42.66,46.84,37.09
D:/Aamir Gulzar/KSA_project2/dataset/patch_data\TCGA-3L-AA1B_nonMSIH\TCGA-3L-AA1B_nonMSIH_x35376_y19168_patch01726.png,TCGA-3L-AA1B_nonMSIH_x35376_y19168_patch01726.png,1726,35376,19168,173.7,136.02,169.05,48.7,56.31,42.35
D:/Aamir Gulzar/KSA_project2/dataset/patch_data\TCGA-3L-AA1B_nonMSIH\TCGA-3L-AA1B_nonMSIH_x35376_y19680_patch01727.png,TCGA-3L-AA1B_nonMSIH_x35376_y19680_patch01727.png,1727,35376,19680,189.74,165.55,188.0,55.88,69.6,51.42
D:/Aamir Gulzar/KSA_project2/dataset/patch_data\TCGA-3L-AA1B_nonMSIH\TCGA-3L-AA1B_nonMSIH_x35376_y4832_patch01701.png,TCGA-3L-AA1B_nonMSIH_x35376_y4832_patch01701.png,1701,35376,4832,204.54,155.35,181.71,43.49,60.44,44.64
D:/Aamir Gulzar/KSA_project2/dataset/patch_data\TCGA-3L-AA1B_nonMSIH\TCGA-3L-AA1B_nonMSIH_x35376_y5344_patch01702.png,TCGA-3L-AA1B_nonMSIH_x35376_y5344_patch01702.png,1702,35376,5344,193.36,130.7,164.01,45.24,50.29,39.99
D:/Aamir Gulzar/KSA_project2/dataset/patch_data\TCGA-3L-AA1B_nonMSIH\TCGA-3L-AA1B_nonMSIH_x35376_y5856_patch01703.png,TCGA-3L-AA1B_nonMSIH_x35376_y5856_patch01703.png,1703,35376,5856,207.69,187.07,201.66,54.0,68.91,53.19
D:/Aamir Gulzar/KSA_project2/dataset/patch_data\TCGA-3L-AA1B_nonMSIH\TCGA-3L-AA1B_nonMSIH_x35376_y6368_patch01704.png,TCGA-3L-AA1B_nonMSIH_x35376_y6368_patch01704.png,1704,35376,6368,231.9,211.03,219.89,22.18,43.71,33.41
D:/Aamir Gulzar/KSA_project2/dataset/patch_data\TCGA-3L-AA1B_nonMSIH\TCGA-3L-AA1B_nonMSIH_x35376_y6880_patch01705.png,TCGA-3L-AA1B_nonMSIH_x35376_y6880_patch01705.png,1705,35376,6880,227.57,197.95,210.81,26.45,49.3,37.57
D:/Aamir Gulzar/KSA_project2/dataset/patch_data\TCGA-3L-AA1B_nonMSIH\TCGA-3L-AA1B_nonMSIH_x35376_y7392_patch01706.png,TCGA-3L-AA1B_nonMSIH_x35376_y7392_patch01706.png,1706,35376,7392,216.41,179.16,196.91,38.43,52.08,42.84
D:/Aamir Gulzar/KSA_project2/dataset/patch_data\TCGA-3L-AA1B_nonMSIH\TCGA-3L-AA1B_nonMSIH_x35376_y7904_patch01707.png,TCGA-3L-AA1B_nonMSIH_x35376_y7904_patch01707.png,1707,35376,7904,214.92,195.79,207.11,50.38,62.79,50.43
D:/Aamir Gulzar/KSA_project2/dataset/patch_data\TCGA-3L-AA1B_nonMSIH\TCGA-3L-AA1B_nonMSIH_x35376_y8928_patch01708.png,TCGA-3L-AA1B_nonMSIH_x35376_y8928_patch01708.png,1708,35376,8928,208.35,195.46,206.59,58.15,71.07,55.43
D:/Aamir Gulzar/KSA_project2/dataset/patch_data\TCGA-3L-AA1B_nonMSIH\TCGA-3L-AA1B_nonMSIH_x35376_y9440_patch01709.png,TCGA-3L-AA1B_nonMSIH_x35376_y9440_patch01709.png,1709,35376,9440,209.94,181.76,197.9,48.44,64.03,49.93
D:/Aamir Gulzar/KSA_project2/dataset/patch_data\TCGA-3L-AA1B_nonMSIH\TCGA-3L-AA1B_nonMSIH_x35376_y9952_patch01710.png,TCGA-3L-AA1B_nonMSIH_x35376_y9952_patch01710.png,1710,35376,9952,222.24,203.99,214.63,39.34,54.61,42.26
D:/Aamir Gulzar/KSA_project2/dataset/patch_data\TCGA-3L-AA1B_nonMSIH\TCGA-3L-AA1B_nonMSIH_x35888_y10464_patch01737.png,TCGA-3L-AA1B_nonMSIH_x35888_y10464_patch01737.png,1737,35888,10464,236.96,230.13,233.54,19.03,29.72,22.89
D:/Aamir Gulzar/KSA_project2/dataset/patch_data\TCGA-3L-AA1B_nonMSIH\TCGA-3L-AA1B_nonMSIH_x35888_y12000_patch01738.png,TCGA-3L-AA1B_nonMSIH_x35888_y12000_patch01738.png,1738,35888,12000,233.67,224.59,229.88,24.83,34.75,26.36
D:/Aamir Gulzar/KSA_project2/dataset/patch_data\TCGA-3L-AA1B_nonMSIH\TCGA-3L-AA1B_nonMSIH_x35888_y12512_patch01739.png,TCGA-3L-AA1B_nonMSIH_x35888_y12512_patch01739.png,1739,35888,12512,206.01,157.56,184.92,32.1,42.15,34.33
D:/Aamir Gulzar/KSA_project2/dataset/patch_data\TCGA-3L-AA1B_nonMSIH\TCGA-3L-AA1B_nonMSIH_x35888_y13024_patch01740.png,TCGA-3L-AA1B_nonMSIH_x35888_y13024_patch01740.png,1740,35888,13024,188.21,114.2,152.87,37.1,36.18,31.05
D:/Aamir Gulzar/KSA_project2/dataset/patch_data\TCGA-3L-AA1B_nonMSIH\TCGA-3L-AA1B_nonMSIH_x35888_y13536_patch01741.png,TCGA-3L-AA1B_nonMSIH_x35888_y13536_patch01741.png,1741,35888,13536,186.93,141.82,174.67,42.92,47.14,36.23
D:/Aamir Gulzar/KSA_project2/dataset/patch_data\TCGA-3L-AA1B_nonMSIH\TCGA-3L-AA1B_nonMSIH_x35888_y14048_patch01742.png,TCGA-3L-AA1B_nonMSIH_x35888_y14048_patch01742.png,1742,35888,14048,177.63,135.32,169.15,47.66,52.62,40.71
D:/Aamir Gulzar/KSA_project2/dataset/patch_data\TCGA-3L-AA1B_nonMSIH\TCGA-3L-AA1B_nonMSIH_x35888_y14560_patch01743.png,TCGA-3L-AA1B_nonMSIH_x35888_y14560_patch01743.png,1743,35888,14560,184.61,139.57,173.12,42.29,47.0,35.92
D:/Aamir Gulzar/KSA_project2/dataset/patch_data\TCGA-3L-AA1B_nonMSIH\TCGA-3L-AA1B_nonMSIH_x35888_y15072_patch01744.png,TCGA-3L-AA1B_nonMSIH_x35888_y15072_patch01744.png,1744,35888,15072,201.73,176.35,195.14,55.78,65.12,51.11
D:/Aamir Gulzar/KSA_project2/dataset/patch_data\TCGA-3L-AA1B_nonMSIH\TCGA-3L-AA1B_nonMSIH_x35888_y15584_patch01745.png,TCGA-3L-AA1B_nonMSIH_x35888_y15584_patch01745.png,1745,35888,15584,183.64,155.48,182.59,53.31,66.28,48.68
D:/Aamir Gulzar/KSA_project2/dataset/patch_data\TCGA-3L-AA1B_nonMSIH\TCGA-3L-AA1B_nonMSIH_x35888_y16096_patch01746.png,TCGA-3L-AA1B_nonMSIH_x35888_y16096_patch01746.png,1746,35888,16096,211.79,193.46,207.36,49.65,60.58,47.26
D:/Aamir Gulzar/KSA_project2/dataset/patch_data\TCGA-3L-AA1B_nonMSIH\TCGA-3L-AA1B_nonMSIH_x35888_y16608_patch01747.png,TCGA-3L-AA1B_nonMSIH_x35888_y16608_patch01747.png,1747,35888,16608,182.95,142.32,173.7,48.96,58.05,44.01
D:/Aamir Gulzar/KSA_project2/dataset/patch_data\TCGA-3L-AA1B_nonMSIH\TCGA-3L-AA1B_nonMSIH_x35888_y17120_patch01748.png,TCGA-3L-AA1B_nonMSIH_x35888_y17120_patch01748.png,1748,35888,17120,188.03,129.08,163.58,43.61,50.13,40.33
D:/Aamir Gulzar/KSA_project2/dataset/patch_data\TCGA-3L-AA1B_nonMSIH\TCGA-3L-AA1B_nonMSIH_x35888_y17632_patch01749.png,TCGA-3L-AA1B_nonMSIH_x35888_y17632_patch01749.png,1749,35888,17632,191.39,130.41,164.68,37.76,45.11,38.53
D:/Aamir Gulzar/KSA_project2/dataset/patch_data\TCGA-3L-AA1B_nonMSIH\TCGA-3L-AA1B_nonMSIH_x35888_y18144_patch01750.png,TCGA-3L-AA1B_nonMSIH_x35888_y18144_patch01750.png,1750,35888,18144,181.46,130.11,165.74,40.8,43.15,36.24
D:/Aamir Gulzar/KSA_project2/dataset/patch_data\TCGA-3L-AA1B_nonMSIH\TCGA-3L-AA1B_nonMSIH_x35888_y18656_patch01751.png,TCGA-3L-AA1B_nonMSIH_x35888_y18656_patch01751.png,1751,35888,18656,167.58,123.52,161.07,44.15,45.87,37.52
D:/Aamir Gulzar/KSA_project2/dataset/patch_data\TCGA-3L-AA1B_nonMSIH\TCGA-3L-AA1B_nonMSIH_x35888_y19168_patch01752.png,TCGA-3L-AA1B_nonMSIH_x35888_y19168_patch01752.png,1752,35888,19168,154.66,111.33,151.25,45.73,47.32,38.09
D:/Aamir Gulzar/KSA_project2/dataset/patch_data\TCGA-3L-AA1B_nonMSIH\TCGA-3L-AA1B_nonMSIH_x35888_y19680_patch01753.png,TCGA-3L-AA1B_nonMSIH_x35888_y19680_patch01753.png,1753,35888,19680,197.7,177.6,195.88,56.47,70.79,52.78
D:/Aamir Gulzar/KSA_project2/dataset/patch_data\TCGA-3L-AA1B_nonMSIH\TCGA-3L-AA1B_nonMSIH_x35888_y4832_patch01728.png,TCGA-3L-AA1B_nonMSIH_x35888_y4832_patch01728.png,1728,35888,4832,233.5,220.95,227.35,26.82,45.65,32.67
D:/Aamir Gulzar/KSA_project2/dataset/patch_data\TCGA-3L-AA1B_nonMSIH\TCGA-3L-AA1B_nonMSIH_x35888_y5344_patch01729.png,TCGA-3L-AA1B_nonMSIH_x35888_y5344_patch01729.png,1729,35888,5344,221.93,194.58,208.78,34.46,53.73,39.9
D:/Aamir Gulzar/KSA_project2/dataset/patch_data\TCGA-3L-AA1B_nonMSIH\TCGA-3L-AA1B_nonMSIH_x35888_y5856_patch01730.png,TCGA-3L-AA1B_nonMSIH_x35888_y5856_patch01730.png,1730,35888,5856,236.19,227.43,231.27,19.66,31.32,24.86
D:/Aamir Gulzar/KSA_project2/dataset/patch_data\TCGA-3L-AA1B_nonMSIH\TCGA-3L-AA1B_nonMSIH_x35888_y6368_patch01731.png,TCGA-3L-AA1B_nonMSIH_x35888_y6368_patch01731.png,1731,35888,6368,229.98,207.45,217.52,23.33,42.99,32.88
D:/Aamir Gulzar/KSA_project2/dataset/patch_data\TCGA-3L-AA1B_nonMSIH\TCGA-3L-AA1B_nonMSIH_x35888_y6880_patch01732.png,TCGA-3L-AA1B_nonMSIH_x35888_y6880_patch01732.png,1732,35888,6880,230.55,209.43,218.84,23.4,42.63,32.73
D:/Aamir Gulzar/KSA_project2/dataset/patch_data\TCGA-3L-AA1B_nonMSIH\TCGA-3L-AA1B_nonMSIH_x35888_y7392_patch01733.png,TCGA-3L-AA1B_nonMSIH_x35888_y7392_patch01733.png,1733,35888,7392,213.3,172.37,191.28,43.4,53.58,46.31
D:/Aamir Gulzar/KSA_project2/dataset/patch_data\TCGA-3L-AA1B_nonMSIH\TCGA-3L-AA1B_nonMSIH_x35888_y8928_patch01734.png,TCGA-3L-AA1B_nonMSIH_x35888_y8928_patch01734.png,1734,35888,8928,207.57,193.85,206.58,58.02,73.4,54.98
D:/Aamir Gulzar/KSA_project2/dataset/patch_data\TCGA-3L-AA1B_nonMSIH\TCGA-3L-AA1B_nonMSIH_x35888_y9440_patch01735.png,TCGA-3L-AA1B_nonMSIH_x35888_y9440_patch01735.png,1735,35888,9440,195.31,165.58,186.47,57.78,68.68,53.83
D:/Aamir Gulzar/KSA_project2/dataset/patch_data\TCGA-3L-AA1B_nonMSIH\TCGA-3L-AA1B_nonMSIH_x35888_y9952_patch01736.png,TCGA-3L-AA1B_nonMSIH_x35888_y9952_patch01736.png,1736,35888,9952,209.38,180.43,199.39,38.51,46.98,38.27
D:/Aamir Gulzar/KSA_project2/dataset/patch_data\TCGA-3L-AA1B_nonMSIH\TCGA-3L-AA1B_nonMSIH_x3632_y17120_patch00002.png,TCGA-3L-AA1B_nonMSIH_x3632_y17120_patch00002.png,2,3632,17120,238.83,234.05,236.34,15.42,23.64,18.72
D:/Aamir Gulzar/KSA_project2/dataset/patch_data\TCGA-3L-AA1B_nonMSIH\TCGA-3L-AA1B_nonMSIH_x36400_y12512_patch01758.png,TCGA-3L-AA1B_nonMSIH_x36400_y12512_patch01758.png,1758,36400,12512,224.53,207.24,217.91,31.24,45.97,34.32
D:/Aamir Gulzar/KSA_project2/dataset/patch_data\TCGA-3L-AA1B_nonMSIH\TCGA-3L-AA1B_nonMSIH_x36400_y13024_patch01759.png,TCGA-3L-AA1B_nonMSIH_x36400_y13024_patch01759.png,1759,36400,13024,191.74,117.96,155.57,35.09,36.1,30.84
D:/Aamir Gulzar/KSA_project2/dataset/patch_data\TCGA-3L-AA1B_nonMSIH\TCGA-3L-AA1B_nonMSIH_x36400_y13536_patch01760.png,TCGA-3L-AA1B_nonMSIH_x36400_y13536_patch01760.png,1760,36400,13536,188.74,147.63,178.31,43.74,51.5,38.59
D:/Aamir Gulzar/KSA_project2/dataset/patch_data\TCGA-3L-AA1B_nonMSIH\TCGA-3L-AA1B_nonMSIH_x36400_y14048_patch01761.png,TCGA-3L-AA1B_nonMSIH_x36400_y14048_patch01761.png,1761,36400,14048,210.18,183.23,202.08,37.08,48.66,36.49
D:/Aamir Gulzar/KSA_project2/dataset/patch_data\TCGA-3L-AA1B_nonMSIH\TCGA-3L-AA1B_nonMSIH_x36400_y14560_patch01762.png,TCGA-3L-AA1B_nonMSIH_x36400_y14560_patch01762.png,1762,36400,14560,190.78,150.73,180.11,43.68,52.62,39.5
D:/Aamir Gulzar/KSA_project2/dataset/patch_data\TCGA-3L-AA1B_nonMSIH\TCGA-3L-AA1B_nonMSIH_x36400_y15072_patch01763.png,TCGA-3L-AA1B_nonMSIH_x36400_y15072_patch01763.png,1763,36400,15072,190.17,164.26,188.56,53.22,63.56,47.54
D:/Aamir Gulzar/KSA_project2/dataset/patch_data\TCGA-3L-AA1B_nonMSIH\TCGA-3L-AA1B_nonMSIH_x36400_y15584_patch01764.png,TCGA-3L-AA1B_nonMSIH_x36400_y15584_patch01764.png,1764,36400,15584,166.25,130.53,165.87,47.59,55.86,42.14
D:/Aamir Gulzar/KSA_project2/dataset/patch_data\TCGA-3L-AA1B_nonMSIH\TCGA-3L-AA1B_nonMSIH_x36400_y16096_patch01765.png,TCGA-3L-AA1B_nonMSIH_x36400_y16096_patch01765.png,1765,36400,16096,211.61,193.9,207.56,50.5,61.13,47.95
D:/Aamir Gulzar/KSA_project2/dataset/patch_data\TCGA-3L-AA1B_nonMSIH\TCGA-3L-AA1B_nonMSIH_x36400_y16608_patch01766.png,TCGA-3L-AA1B_nonMSIH_x36400_y16608_patch01766.png,1766,36400,16608,199.46,176.16,195.25,55.66,67.12,52.03
D:/Aamir Gulzar/KSA_project2/dataset/patch_data\TCGA-3L-AA1B_nonMSIH\TCGA-3L-AA1B_nonMSIH_x36400_y17120_patch01767.png,TCGA-3L-AA1B_nonMSIH_x36400_y17120_patch01767.png,1767,36400,17120,180.47,135.07,167.26,50.52,60.74,47.47
D:/Aamir Gulzar/KSA_project2/dataset/patch_data\TCGA-3L-AA1B_nonMSIH\TCGA-3L-AA1B_nonMSIH_x36400_y17632_patch01768.png,TCGA-3L-AA1B_nonMSIH_x36400_y17632_patch01768.png,1768,36400,17632,170.55,121.35,158.53,45.8,51.31,41.45
D:/Aamir Gulzar/KSA_project2/dataset/patch_data\TCGA-3L-AA1B_nonMSIH\TCGA-3L-AA1B_nonMSIH_x36400_y18144_patch01769.png,TCGA-3L-AA1B_nonMSIH_x36400_y18144_patch01769.png,1769,36400,18144,156.76,119.4,158.16,45.13,52.59,39.83
D:/Aamir Gulzar/KSA_project2/dataset/patch_data\TCGA-3L-AA1B_nonMSIH\TCGA-3L-AA1B_nonMSIH_x36400_y18656_patch01770.png,TCGA-3L-AA1B_nonMSIH_x36400_y18656_patch01770.png,1770,36400,18656,154.27,116.19,154.87,47.8,57.23,43.21
D:/Aamir Gulzar/KSA_project2/dataset/patch_data\TCGA-3L-AA1B_nonMSIH\TCGA-3L-AA1B_nonMSIH_x36400_y19168_patch01771.png,TCGA-3L-AA1B_nonMSIH_x36400_y19168_patch01771.png,1771,36400,19168,161.55,126.52,161.45,52.96,64.1,48.2
D:/Aamir Gulzar/KSA_project2/dataset/patch_data\TCGA-3L-AA1B_nonMSIH\TCGA-3L-AA1B_nonMSIH_x36400_y19680_patch01772.png,TCGA-3L-AA1B_nonMSIH_x36400_y19680_patch01772.png,1772,36400,19680,164.02,127.51,161.43,53.79,62.42,47.88
D:/Aamir Gulzar/KSA_project2/dataset/patch_data\TCGA-3L-AA1B_nonMSIH\TCGA-3L-AA1B_nonMSIH_x36400_y20192_patch01773.png,TCGA-3L-AA1B_nonMSIH_x36400_y20192_patch01773.png,1773,36400,20192,232.38,225.81,230.31,28.32,39.47,28.94
D:/Aamir Gulzar/KSA_project2/dataset/patch_data\TCGA-3L-AA1B_nonMSIH\TCGA-3L-AA1B_nonMSIH_x36400_y6880_patch01754.png,TCGA-3L-AA1B_nonMSIH_x36400_y6880_patch01754.png,1754,36400,6880,218.52,209.35,212.95,58.97,62.86,60.34
D:/Aamir Gulzar/KSA_project2/dataset/patch_data\TCGA-3L-AA1B_nonMSIH\TCGA-3L-AA1B_nonMSIH_x36400_y7392_patch01755.png,TCGA-3L-AA1B_nonMSIH_x36400_y7392_patch01755.png,1755,36400,7392,197.82,180.42,187.99,73.22,77.19,73.82
D:/Aamir Gulzar/KSA_project2/dataset/patch_data\TCGA-3L-AA1B_nonMSIH\TCGA-3L-AA1B_nonMSIH_x36400_y9440_patch01756.png,TCGA-3L-AA1B_nonMSIH_x36400_y9440_patch01756.png,1756,36400,9440,215.38,201.4,211.97,51.3,66.75,50.65
D:/Aamir Gulzar/KSA_project2/dataset/patch_data\TCGA-3L-AA1B_nonMSIH\TCGA-3L-AA1B_nonMSIH_x36400_y9952_patch01757.png,TCGA-3L-AA1B_nonMSIH_x36400_y9952_patch01757.png,1757,36400,9952,236.32,227.97,231.74,19.24,32.11,25.05
D:/Aamir Gulzar/KSA_project2/dataset/patch_data\TCGA-3L-AA1B_nonMSIH\TCGA-3L-AA1B_nonMSIH_x36912_y13024_patch01774.png,TCGA-3L-AA1B_nonMSIH_x36912_y13024_patch01774.png,1774,36912,13024,206.03,146.59,177.21,31.09,39.2,31.97
D:/Aamir Gulzar/KSA_project2/dataset/patch_data\TCGA-3L-AA1B_nonMSIH\TCGA-3L-AA1B_nonMSIH_x36912_y13536_patch01775.png,TCGA-3L-AA1B_nonMSIH_x36912_y13536_patch01775.png,1775,36912,13536,179.15,142.86,174.38,48.84,56.07,42.15
D:/Aamir Gulzar/KSA_project2/dataset/patch_data\TCGA-3L-AA1B_nonMSIH\TCGA-3L-AA1B_nonMSIH_x36912_y14048_patch01776.png,TCGA-3L-AA1B_nonMSIH_x36912_y14048_patch01776.png,1776,36912,14048,213.98,186.4,204.21,33.56,45.47,33.9
D:/Aamir Gulzar/KSA_project2/dataset/patch_data\TCGA-3L-AA1B_nonMSIH\TCGA-3L-AA1B_nonMSIH_x36912_y14560_patch01777.png,TCGA-3L-AA1B_nonMSIH_x36912_y14560_patch01777.png,1777,36912,14560,196.59,157.04,185.08,38.37,47.4,35.68
D:/Aamir Gulzar/KSA_project2/dataset/patch_data\TCGA-3L-AA1B_nonMSIH\TCGA-3L-AA1B_nonMSIH_x36912_y15072_patch01778.png,TCGA-3L-AA1B_nonMSIH_x36912_y15072_patch01778.png,1778,36912,15072,191.87,168.83,192.42,50.08,61.38,45.34
D:/Aamir Gulzar/KSA_project2/dataset/patch_data\TCGA-3L-AA1B_nonMSIH\TCGA-3L-AA1B_nonMSIH_x36912_y15584_patch01779.png,TCGA-3L-AA1B_nonMSIH_x36912_y15584_patch01779.png,1779,36912,15584,186.37,162.97,186.62,58.25,71.13,53.02
D:/Aamir Gulzar/KSA_project2/dataset/patch_data\TCGA-3L-AA1B_nonMSIH\TCGA-3L-AA1B_nonMSIH_x36912_y16096_patch01780.png,TCGA-3L-AA1B_nonMSIH_x36912_y16096_patch01780.png,1780,36912,16096,216.8,204.15,214.55,48.62,59.16,46.38
D:/Aamir Gulzar/KSA_project2/dataset/patch_data\TCGA-3L-AA1B_nonMSIH\TCGA-3L-AA1B_nonMSIH_x36912_y16608_patch01781.png,TCGA-3L-AA1B_nonMSIH_x36912_y16608_patch01781.png,1781,36912,16608,181.38,154.11,180.71,57.24,69.48,52.16
D:/Aamir Gulzar/KSA_project2/dataset/patch_data\TCGA-3L-AA1B_nonMSIH\TCGA-3L-AA1B_nonMSIH_x36912_y17120_patch01782.png,TCGA-3L-AA1B_nonMSIH_x36912_y17120_patch01782.png,1782,36912,17120,180.81,139.22,171.01,50.11,59.66,45.94
D:/Aamir Gulzar/KSA_project2/dataset/patch_data\TCGA-3L-AA1B_nonMSIH\TCGA-3L-AA1B_nonMSIH_x36912_y17632_patch01783.png,TCGA-3L-AA1B_nonMSIH_x36912_y17632_patch01783.png,1783,36912,17632,162.48,122.74,159.77,49.61,56.22,43.9
D:/Aamir Gulzar/KSA_project2/dataset/patch_data\TCGA-3L-AA1B_nonMSIH\TCGA-3L-AA1B_nonMSIH_x36912_y18144_patch01784.png,TCGA-3L-AA1B_nonMSIH_x36912_y18144_patch01784.png,1784,36912,18144,150.91,111.51,151.8,47.13,52.89,41.66
D:/Aamir Gulzar/KSA_project2/dataset/patch_data\TCGA-3L-AA1B_nonMSIH\TCGA-3L-AA1B_nonMSIH_x36912_y18656_patch01785.png,TCGA-3L-AA1B_nonMSIH_x36912_y18656_patch01785.png,1785,36912,18656,150.37,112.29,152.49,45.49,50.36,40.15
D:/Aamir Gulzar/KSA_project2/dataset/patch_data\TCGA-3L-AA1B_nonMSIH\TCGA-3L-AA1B_nonMSIH_x36912_y19168_patch01786.png,TCGA-3L-AA1B_nonMSIH_x36912_y19168_patch01786.png,1786,36912,19168,163.32,121.39,158.98,44.87,47.01,38.16
D:/Aamir Gulzar/KSA_project2/dataset/patch_data\TCGA-3L-AA1B_nonMSIH\TCGA-3L-AA1B_nonMSIH_x36912_y19680_patch01787.png,TCGA-3L-AA1B_nonMSIH_x36912_y19680_patch01787.png,1787,36912,19680,154.8,107.65,147.21,48.36,47.72,40.0
D:/Aamir Gulzar/KSA_project2/dataset/patch_data\TCGA-3L-AA1B_nonMSIH\TCGA-3L-AA1B_nonMSIH_x36912_y20192_patch01788.png,TCGA-3L-AA1B_nonMSIH_x36912_y20192_patch01788.png,1788,36912,20192,197.55,173.73,193.25,55.54,72.62,54.19
D:/Aamir Gulzar/KSA_project2/dataset/patch_data\TCGA-3L-AA1B_nonMSIH\TCGA-3L-AA1B_nonMSIH_x37424_y13024_patch01789.png,TCGA-3L-AA1B_nonMSIH_x37424_y13024_patch01789.png,1789,37424,13024,220.43,187.56,204.51,31.14,48.44,36.64
D:/Aamir Gulzar/KSA_project2/dataset/patch_data\TCGA-3L-AA1B_nonMSIH\TCGA-3L-AA1B_nonMSIH_x37424_y13536_patch01790.png,TCGA-3L-AA1B_nonMSIH_x37424_y13536_patch01790.png,1790,37424,13536,191.57,139.57,172.05,40.97,44.32,34.83
D:/Aamir Gulzar/KSA_project2/dataset/patch_data\TCGA-3L-AA1B_nonMSIH\TCGA-3L-AA1B_nonMSIH_x37424_y14048_patch01791.png,TCGA-3L-AA1B_nonMSIH_x37424_y14048_patch01791.png,1791,37424,14048,191.69,151.36,180.7,42.34,50.0,38.08
D:/Aamir Gulzar/KSA_project2/dataset/patch_data\TCGA-3L-AA1B_nonMSIH\TCGA-3L-AA1B_nonMSIH_x37424_y14560_patch01792.png,TCGA-3L-AA1B_nonMSIH_x37424_y14560_patch01792.png,1792,37424,14560,193.41,165.31,189.57,49.7,61.35,45.68
D:/Aamir Gulzar/KSA_project2/dataset/patch_data\TCGA-3L-AA1B_nonMSIH\TCGA-3L-AA1B_nonMSIH_x37424_y15072_patch01793.png,TCGA-3L-AA1B_nonMSIH_x37424_y15072_patch01793.png,1793,37424,15072,207.68,191.61,205.2,56.01,65.25,51.82
D:/Aamir Gulzar/KSA_project2/dataset/patch_data\TCGA-3L-AA1B_nonMSIH\TCGA-3L-AA1B_nonMSIH_x37424_y15584_patch01794.png,TCGA-3L-AA1B_nonMSIH_x37424_y15584_patch01794.png,1794,37424,15584,186.73,160.96,185.27,56.45,67.13,50.86
D:/Aamir Gulzar/KSA_project2/dataset/patch_data\TCGA-3L-AA1B_nonMSIH\TCGA-3L-AA1B_nonMSIH_x37424_y16096_patch01795.png,TCGA-3L-AA1B_nonMSIH_x37424_y16096_patch01795.png,1795,37424,16096,168.74,133.44,167.29,51.68,59.34,44.7
D:/Aamir Gulzar/KSA_project2/dataset/patch_data\TCGA-3L-AA1B_nonMSIH\TCGA-3L-AA1B_nonMSIH_x37424_y16608_patch01796.png,TCGA-3L-AA1B_nonMSIH_x37424_y16608_patch01796.png,1796,37424,16608,181.63,155.24,181.78,57.03,69.48,51.62
D:/Aamir Gulzar/KSA_project2/dataset/patch_data\TCGA-3L-AA1B_nonMSIH\TCGA-3L-AA1B_nonMSIH_x37424_y17120_patch01797.png,TCGA-3L-AA1B_nonMSIH_x37424_y17120_patch01797.png,1797,37424,17120,179.51,136.63,169.12,49.49,57.5,45.21
D:/Aamir Gulzar/KSA_project2/dataset/patch_data\TCGA-3L-AA1B_nonMSIH\TCGA-3L-AA1B_nonMSIH_x37424_y17632_patch01798.png,TCGA-3L-AA1B_nonMSIH_x37424_y17632_patch01798.png,1798,37424,17632,154.47,114.47,152.84,52.66,57.3,45.18
D:/Aamir Gulzar/KSA_project2/dataset/patch_data\TCGA-3L-AA1B_nonMSIH\TCGA-3L-AA1B_nonMSIH_x37424_y18144_patch01799.png,TCGA-3L-AA1B_nonMSIH_x37424_y18144_patch01799.png,1799,37424,18144,150.54,110.23,150.51,48.26,51.88,41.26
D:/Aamir Gulzar/KSA_project2/dataset/patch_data\TCGA-3L-AA1B_nonMSIH\TCGA-3L-AA1B_nonMSIH_x37424_y18656_patch01800.png,TCGA-3L-AA1B_nonMSIH_x37424_y18656_patch01800.png,1800,37424,18656,152.17,111.35,151.72,45.47,48.33,38.8
D:/Aamir Gulzar/KSA_project2/dataset/patch_data\TCGA-3L-AA1B_nonMSIH\TCGA-3L-AA1B_nonMSIH_x37424_y19168_patch01801.png,TCGA-3L-AA1B_nonMSIH_x37424_y19168_patch01801.png,1801,37424,19168,151.63,114.04,153.55,46.49,51.48,41.43
D:/Aamir Gulzar/KSA_project2/dataset/patch_data\TCGA-3L-AA1B_nonMSIH\TCGA-3L-AA1B_nonMSIH_x37424_y19680_patch01802.png,TCGA-3L-AA1B_nonMSIH_x37424_y19680_patch01802.png,1802,37424,19680,165.82,100.6,138.15,52.23,49.5,44.11
D:/Aamir Gulzar/KSA_project2/dataset/patch_data\TCGA-3L-AA1B_nonMSIH\TCGA-3L-AA1B_nonMSIH_x37424_y20192_patch01803.png,TCGA-3L-AA1B_nonMSIH_x37424_y20192_patch01803.png,1803,37424,20192,182.66,146.57,175.29,51.26,61.83,46.92
D:/Aamir Gulzar/KSA_project2/dataset/patch_data\TCGA-3L-AA1B_nonMSIH\TCGA-3L-AA1B_nonMSIH_x37936_y13024_patch01804.png,TCGA-3L-AA1B_nonMSIH_x37936_y13024_patch01804.png,1804,37936,13024,235.62,228.46,232.38,23.78,32.86,24.99
D:/Aamir Gulzar/KSA_project2/dataset/patch_data\TCGA-3L-AA1B_nonMSIH\TCGA-3L-AA1B_nonMSIH_x37936_y13536_patch01805.png,TCGA-3L-AA1B_nonMSIH_x37936_y13536_patch01805.png,1805,37936,13536,220.83,189.37,205.15,35.43,53.39,40.65
D:/Aamir Gulzar/KSA_project2/dataset/patch_data\TCGA-3L-AA1B_nonMSIH\TCGA-3L-AA1B_nonMSIH_x37936_y14048_patch01806.png,TCGA-3L-AA1B_nonMSIH_x37936_y14048_patch01806.png,1806,37936,14048,202.37,150.32,179.39,35.18,44.53,35.35
D:/Aamir Gulzar/KSA_project2/dataset/patch_data\TCGA-3L-AA1B_nonMSIH\TCGA-3L-AA1B_nonMSIH_x37936_y14560_patch01807.png,TCGA-3L-AA1B_nonMSIH_x37936_y14560_patch01807.png,1807,37936,14560,184.41,159.49,184.44,56.66,67.81,51.22
D:/Aamir Gulzar/KSA_project2/dataset/patch_data\TCGA-3L-AA1B_nonMSIH\TCGA-3L-AA1B_nonMSIH_x37936_y15072_patch01808.png,TCGA-3L-AA1B_nonMSIH_x37936_y15072_patch01808.png,1808,37936,15072,201.71,181.01,198.37,54.53,64.21,50.31
D:/Aamir Gulzar/KSA_project2/dataset/patch_data\TCGA-3L-AA1B_nonMSIH\TCGA-3L-AA1B_nonMSIH_x37936_y15584_patch01809.png,TCGA-3L-AA1B_nonMSIH_x37936_y15584_patch01809.png,1809,37936,15584,206.61,187.4,202.65,53.21,63.02,49.89
D:/Aamir Gulzar/KSA_project2/dataset/patch_data\TCGA-3L-AA1B_nonMSIH\TCGA-3L-AA1B_nonMSIH_x37936_y16096_patch01810.png,TCGA-3L-AA1B_nonMSIH_x37936_y16096_patch01810.png,1810,37936,16096,199.49,177.8,196.57,54.43,66.38,51.22
D:/Aamir Gulzar/KSA_project2/dataset/patch_data\TCGA-3L-AA1B_nonMSIH\TCGA-3L-AA1B_nonMSIH_x37936_y16608_patch01811.png,TCGA-3L-AA1B_nonMSIH_x37936_y16608_patch01811.png,1811,37936,16608,179.58,137.91,170.67,48.3,54.9,42.8
D:/Aamir Gulzar/KSA_project2/dataset/patch_data\TCGA-3L-AA1B_nonMSIH\TCGA-3L-AA1B_nonMSIH_x37936_y17120_patch01812.png,TCGA-3L-AA1B_nonMSIH_x37936_y17120_patch01812.png,1812,37936,17120,167.43,123.71,160.16,50.89,53.83,43.16
D:/Aamir Gulzar/KSA_project2/dataset/patch_data\TCGA-3L-AA1B_nonMSIH\TCGA-3L-AA1B_nonMSIH_x37936_y17632_patch01813.png,TCGA-3L-AA1B_nonMSIH_x37936_y17632_patch01813.png,1813,37936,17632,157.64,116.3,155.33,48.18,50.58,40.58
D:/Aamir Gulzar/KSA_project2/dataset/patch_data\TCGA-3L-AA1B_nonMSIH\TCGA-3L-AA1B_nonMSIH_x37936_y18144_patch01814.png,TCGA-3L-AA1B_nonMSIH_x37936_y18144_patch01814.png,1814,37936,18144,165.46,120.33,158.39,46.15,45.84,37.63
D:/Aamir Gulzar/KSA_project2/dataset/patch_data\TCGA-3L-AA1B_nonMSIH\TCGA-3L-AA1B_nonMSIH_x37936_y18656_patch01815.png,TCGA-3L-AA1B_nonMSIH_x37936_y18656_patch01815.png,1815,37936,18656,151.96,112.26,152.77,42.89,43.1,36.15
D:/Aamir Gulzar/KSA_project2/dataset/patch_data\TCGA-3L-AA1B_nonMSIH\TCGA-3L-AA1B_nonMSIH_x37936_y19168_patch01816.png,TCGA-3L-AA1B_nonMSIH_x37936_y19168_patch01816.png,1816,37936,19168,154.86,113.77,152.89,47.55,49.35,40.99
D:/Aamir Gulzar/KSA_project2/dataset/patch_data\TCGA-3L-AA1B_nonMSIH\TCGA-3L-AA1B_nonMSIH_x37936_y19680_patch01817.png,TCGA-3L-AA1B_nonMSIH_x37936_y19680_patch01817.png,1817,37936,19680,160.17,110.94,148.38,51.86,49.97,42.94
D:/Aamir Gulzar/KSA_project2/dataset/patch_data\TCGA-3L-AA1B_nonMSIH\TCGA-3L-AA1B_nonMSIH_x37936_y20192_patch01818.png,TCGA-3L-AA1B_nonMSIH_x37936_y20192_patch01818.png,1818,37936,20192,179.57,141.37,171.62,49.61,56.22,43.75
D:/Aamir Gulzar/KSA_project2/dataset/patch_data\TCGA-3L-AA1B_nonMSIH\TCGA-3L-AA1B_nonMSIH_x38448_y14048_patch01819.png,TCGA-3L-AA1B_nonMSIH_x38448_y14048_patch01819.png,1819,38448,14048,231.18,216.0,223.96,25.31,42.12,30.43
D:/Aamir Gulzar/KSA_project2/dataset/patch_data\TCGA-3L-AA1B_nonMSIH\TCGA-3L-AA1B_nonMSIH_x38448_y14560_patch01820.png,TCGA-3L-AA1B_nonMSIH_x38448_y14560_patch01820.png,1820,38448,14560,186.36,147.23,177.25,46.46,52.09,39.64
D:/Aamir Gulzar/KSA_project2/dataset/patch_data\TCGA-3L-AA1B_nonMSIH\TCGA-3L-AA1B_nonMSIH_x38448_y15072_patch01821.png,TCGA-3L-AA1B_nonMSIH_x38448_y15072_patch01821.png,1821,38448,15072,166.25,129.76,165.16,49.35,53.39,41.05
D:/Aamir Gulzar/KSA_project2/dataset/patch_data\TCGA-3L-AA1B_nonMSIH\TCGA-3L-AA1B_nonMSIH_x38448_y15584_patch01822.png,TCGA-3L-AA1B_nonMSIH_x38448_y15584_patch01822.png,1822,38448,15584,182.6,153.25,179.99,56.42,66.27,50.57
D:/Aamir Gulzar/KSA_project2/dataset/patch_data\TCGA-3L-AA1B_nonMSIH\TCGA-3L-AA1B_nonMSIH_x38448_y16096_patch01823.png,TCGA-3L-AA1B_nonMSIH_x38448_y16096_patch01823.png,1823,38448,16096,187.29,146.37,176.13,48.16,54.3,42.41
D:/Aamir Gulzar/KSA_project2/dataset/patch_data\TCGA-3L-AA1B_nonMSIH\TCGA-3L-AA1B_nonMSIH_x38448_y16608_patch01824.png,TCGA-3L-AA1B_nonMSIH_x38448_y16608_patch01824.png,1824,38448,16608,195.11,147.58,177.3,43.75,49.69,38.93
D:/Aamir Gulzar/KSA_project2/dataset/patch_data\TCGA-3L-AA1B_nonMSIH\TCGA-3L-AA1B_nonMSIH_x38448_y17120_patch01825.png,TCGA-3L-AA1B_nonMSIH_x38448_y17120_patch01825.png,1825,38448,17120,173.64,132.43,165.67,54.09,60.48,46.76
D:/Aamir Gulzar/KSA_project2/dataset/patch_data\TCGA-3L-AA1B_nonMSIH\TCGA-3L-AA1B_nonMSIH_x38448_y17632_patch01826.png,TCGA-3L-AA1B_nonMSIH_x38448_y17632_patch01826.png,1826,38448,17632,155.74,113.96,152.99,50.41,52.99,42.14
D:/Aamir Gulzar/KSA_project2/dataset/patch_data\TCGA-3L-AA1B_nonMSIH\TCGA-3L-AA1B_nonMSIH_x38448_y18144_patch01827.png,TCGA-3L-AA1B_nonMSIH_x38448_y18144_patch01827.png,1827,38448,18144,153.77,112.67,152.07,49.56,51.61,41.85
D:/Aamir Gulzar/KSA_project2/dataset/patch_data\TCGA-3L-AA1B_nonMSIH\TCGA-3L-AA1B_nonMSIH_x38448_y18656_patch01828.png,TCGA-3L-AA1B_nonMSIH_x38448_y18656_patch01828.png,1828,38448,18656,155.08,115.36,154.48,46.35,46.87,38.76
D:/Aamir Gulzar/KSA_project2/dataset/patch_data\TCGA-3L-AA1B_nonMSIH\TCGA-3L-AA1B_nonMSIH_x38448_y19168_patch01829.png,TCGA-3L-AA1B_nonMSIH_x38448_y19168_patch01829.png,1829,38448,19168,154.71,118.29,156.75,45.89,49.84,39.88
D:/Aamir Gulzar/KSA_project2/dataset/patch_data\TCGA-3L-AA1B_nonMSIH\TCGA-3L-AA1B_nonMSIH_x38448_y19680_patch01830.png,TCGA-3L-AA1B_nonMSIH_x38448_y19680_patch01830.png,1830,38448,19680,145.8,109.25,145.72,52.82,52.85,44.36
D:/Aamir Gulzar/KSA_project2/dataset/patch_data\TCGA-3L-AA1B_nonMSIH\TCGA-3L-AA1B_nonMSIH_x38448_y20192_patch01831.png,TCGA-3L-AA1B_nonMSIH_x38448_y20192_patch01831.png,1831,38448,20192,185.8,159.65,181.15,55.42,67.61,51.53
D:/Aamir Gulzar/KSA_project2/dataset/patch_data\TCGA-3L-AA1B_nonMSIH\TCGA-3L-AA1B_nonMSIH_x38960_y14560_patch01832.png,TCGA-3L-AA1B_nonMSIH_x38960_y14560_patch01832.png,1832,38960,14560,220.1,206.45,216.63,39.65,50.25,37.89
D:/Aamir Gulzar/KSA_project2/dataset/patch_data\TCGA-3L-AA1B_nonMSIH\TCGA-3L-AA1B_nonMSIH_x38960_y15072_patch01833.png,TCGA-3L-AA1B_nonMSIH_x38960_y15072_patch01833.png,1833,38960,15072,203.22,171.38,193.64,43.08,51.85,39.94
D:/Aamir Gulzar/KSA_project2/dataset/patch_data\TCGA-3L-AA1B_nonMSIH\TCGA-3L-AA1B_nonMSIH_x38960_y15584_patch01834.png,TCGA-3L-AA1B_nonMSIH_x38960_y15584_patch01834.png,1834,38960,15584,208.37,179.36,198.5,42.99,52.3,40.66
D:/Aamir Gulzar/KSA_project2/dataset/patch_data\TCGA-3L-AA1B_nonMSIH\TCGA-3L-AA1B_nonMSIH_x38960_y16096_patch01835.png,TCGA-3L-AA1B_nonMSIH_x38960_y16096_patch01835.png,1835,38960,16096,189.72,155.55,181.6,52.85,59.98,46.5
D:/Aamir Gulzar/KSA_project2/dataset/patch_data\TCGA-3L-AA1B_nonMSIH\TCGA-3L-AA1B_nonMSIH_x38960_y16608_patch01836.png,TCGA-3L-AA1B_nonMSIH_x38960_y16608_patch01836.png,1836,38960,16608,169.2,135.14,167.56,54.95,61.31,47.56
D:/Aamir Gulzar/KSA_project2/dataset/patch_data\TCGA-3L-AA1B_nonMSIH\TCGA-3L-AA1B_nonMSIH_x38960_y17120_patch01837.png,TCGA-3L-AA1B_nonMSIH_x38960_y17120_patch01837.png,1837,38960,17120,143.91,103.07,144.41,49.69,48.66,40.42
D:/Aamir Gulzar/KSA_project2/dataset/patch_data\TCGA-3L-AA1B_nonMSIH\TCGA-3L-AA1B_nonMSIH_x38960_y17632_patch01838.png,TCGA-3L-AA1B_nonMSIH_x38960_y17632_patch01838.png,1838,38960,17632,151.1,111.38,151.28,48.06,50.67,40.63
D:/Aamir Gulzar/KSA_project2/dataset/patch_data\TCGA-3L-AA1B_nonMSIH\TCGA-3L-AA1B_nonMSIH_x38960_y18144_patch01839.png,TCGA-3L-AA1B_nonMSIH_x38960_y18144_patch01839.png,1839,38960,18144,147.39,109.8,150.39,46.08,49.79,40.22
D:/Aamir Gulzar/KSA_project2/dataset/patch_data\TCGA-3L-AA1B_nonMSIH\TCGA-3L-AA1B_nonMSIH_x38960_y18656_patch01840.png,TCGA-3L-AA1B_nonMSIH_x38960_y18656_patch01840.png,1840,38960,18656,149.26,111.64,151.25,47.07,50.08,41.37
D:/Aamir Gulzar/KSA_project2/dataset/patch_data\TCGA-3L-AA1B_nonMSIH\TCGA-3L-AA1B_nonMSIH_x38960_y19168_patch01841.png,TCGA-3L-AA1B_nonMSIH_x38960_y19168_patch01841.png,1841,38960,19168,149.18,109.85,149.52,47.35,49.74,41.56
D:/Aamir Gulzar/KSA_project2/dataset/patch_data\TCGA-3L-AA1B_nonMSIH\TCGA-3L-AA1B_nonMSIH_x38960_y19680_patch01842.png,TCGA-3L-AA1B_nonMSIH_x38960_y19680_patch01842.png,1842,38960,19680,141.79,101.11,140.41,47.79,48.66,40.91
D:/Aamir Gulzar/KSA_project2/dataset/patch_data\TCGA-3L-AA1B_nonMSIH\TCGA-3L-AA1B_nonMSIH_x38960_y20192_patch01843.png,TCGA-3L-AA1B_nonMSIH_x38960_y20192_patch01843.png,1843,38960,20192,217.4,204.55,213.56,40.79,55.1,40.86
D:/Aamir Gulzar/KSA_project2/dataset/patch_data\TCGA-3L-AA1B_nonMSIH\TCGA-3L-AA1B_nonMSIH_x39472_y15072_patch01844.png,TCGA-3L-AA1B_nonMSIH_x39472_y15072_patch01844.png,1844,39472,15072,230.91,216.35,224.01,24.46,39.15,28.87
D:/Aamir Gulzar/KSA_project2/dataset/patch_data\TCGA-3L-AA1B_nonMSIH\TCGA-3L-AA1B_nonMSIH_x39472_y16096_patch01845.png,TCGA-3L-AA1B_nonMSIH_x39472_y16096_patch01845.png,1845,39472,16096,202.88,187.85,202.59,56.5,68.86,52.42
D:/Aamir Gulzar/KSA_project2/dataset/patch_data\TCGA-3L-AA1B_nonMSIH\TCGA-3L-AA1B_nonMSIH_x39472_y16608_patch01846.png,TCGA-3L-AA1B_nonMSIH_x39472_y16608_patch01846.png,1846,39472,16608,158.18,126.93,160.22,59.72,69.37,53.14
D:/Aamir Gulzar/KSA_project2/dataset/patch_data\TCGA-3L-AA1B_nonMSIH\TCGA-3L-AA1B_nonMSIH_x39472_y17120_patch01847.png,TCGA-3L-AA1B_nonMSIH_x39472_y17120_patch01847.png,1847,39472,17120,148.81,111.5,150.13,53.53,59.04,46.6
D:/Aamir Gulzar/KSA_project2/dataset/patch_data\TCGA-3L-AA1B_nonMSIH\TCGA-3L-AA1B_nonMSIH_x39472_y17632_patch01848.png,TCGA-3L-AA1B_nonMSIH_x39472_y17632_patch01848.png,1848,39472,17632,141.26,102.45,144.11,48.74,51.96,41.96
D:/Aamir Gulzar/KSA_project2/dataset/patch_data\TCGA-3L-AA1B_nonMSIH\TCGA-3L-AA1B_nonMSIH_x39472_y18144_patch01849.png,TCGA-3L-AA1B_nonMSIH_x39472_y18144_patch01849.png,1849,39472,18144,144.19,105.77,147.98,42.16,43.62,35.73
D:/Aamir Gulzar/KSA_project2/dataset/patch_data\TCGA-3L-AA1B_nonMSIH\TCGA-3L-AA1B_nonMSIH_x39472_y18656_patch01850.png,TCGA-3L-AA1B_nonMSIH_x39472_y18656_patch01850.png,1850,39472,18656,147.3,110.29,150.99,44.55,45.71,38.07
D:/Aamir Gulzar/KSA_project2/dataset/patch_data\TCGA-3L-AA1B_nonMSIH\TCGA-3L-AA1B_nonMSIH_x39472_y19168_patch01851.png,TCGA-3L-AA1B_nonMSIH_x39472_y19168_patch01851.png,1851,39472,19168,144.64,105.35,146.54,46.0,45.98,38.87
D:/Aamir Gulzar/KSA_project2/dataset/patch_data\TCGA-3L-AA1B_nonMSIH\TCGA-3L-AA1B_nonMSIH_x39472_y19680_patch01852.png,TCGA-3L-AA1B_nonMSIH_x39472_y19680_patch01852.png,1852,39472,19680,160.05,127.05,160.61,57.43,66.02,50.94
D:/Aamir Gulzar/KSA_project2/dataset/patch_data\TCGA-3L-AA1B_nonMSIH\TCGA-3L-AA1B_nonMSIH_x39984_y16608_patch01853.png,TCGA-3L-AA1B_nonMSIH_x39984_y16608_patch01853.png,1853,39984,16608,192.06,174.26,193.66,60.85,75.13,56.07
D:/Aamir Gulzar/KSA_project2/dataset/patch_data\TCGA-3L-AA1B_nonMSIH\TCGA-3L-AA1B_nonMSIH_x39984_y17120_patch01854.png,TCGA-3L-AA1B_nonMSIH_x39984_y17120_patch01854.png,1854,39984,17120,143.94,108.34,146.73,54.73,61.25,48.71
D:/Aamir Gulzar/KSA_project2/dataset/patch_data\TCGA-3L-AA1B_nonMSIH\TCGA-3L-AA1B_nonMSIH_x39984_y17632_patch01855.png,TCGA-3L-AA1B_nonMSIH_x39984_y17632_patch01855.png,1855,39984,17632,143.93,104.88,146.19,46.75,47.5,39.82
D:/Aamir Gulzar/KSA_project2/dataset/patch_data\TCGA-3L-AA1B_nonMSIH\TCGA-3L-AA1B_nonMSIH_x39984_y18144_patch01856.png,TCGA-3L-AA1B_nonMSIH_x39984_y18144_patch01856.png,1856,39984,18144,152.24,111.97,152.02,45.75,44.54,37.56
D:/Aamir Gulzar/KSA_project2/dataset/patch_data\TCGA-3L-AA1B_nonMSIH\TCGA-3L-AA1B_nonMSIH_x39984_y18656_patch01857.png,TCGA-3L-AA1B_nonMSIH_x39984_y18656_patch01857.png,1857,39984,18656,144.76,104.66,144.6,51.36,47.81,41.92
D:/Aamir Gulzar/KSA_project2/dataset/patch_data\TCGA-3L-AA1B_nonMSIH\TCGA-3L-AA1B_nonMSIH_x39984_y19168_patch01858.png,TCGA-3L-AA1B_nonMSIH_x39984_y19168_patch01858.png,1858,39984,19168,145.6,105.17,143.92,55.84,50.93,44.1
D:/Aamir Gulzar/KSA_project2/dataset/patch_data\TCGA-3L-AA1B_nonMSIH\TCGA-3L-AA1B_nonMSIH_x39984_y19680_patch01859.png,TCGA-3L-AA1B_nonMSIH_x39984_y19680_patch01859.png,1859,39984,19680,196.35,174.77,194.23,56.09,69.73,52.38
D:/Aamir Gulzar/KSA_project2/dataset/patch_data\TCGA-3L-AA1B_nonMSIH\TCGA-3L-AA1B_nonMSIH_x40496_y17120_patch01860.png,TCGA-3L-AA1B_nonMSIH_x40496_y17120_patch01860.png,1860,40496,17120,167.19,133.25,165.8,55.48,60.68,47.13
D:/Aamir Gulzar/KSA_project2/dataset/patch_data\TCGA-3L-AA1B_nonMSIH\TCGA-3L-AA1B_nonMSIH_x40496_y17632_patch01861.png,TCGA-3L-AA1B_nonMSIH_x40496_y17632_patch01861.png,1861,40496,17632,149.82,109.55,150.47,44.56,42.76,36.11
D:/Aamir Gulzar/KSA_project2/dataset/patch_data\TCGA-3L-AA1B_nonMSIH\TCGA-3L-AA1B_nonMSIH_x40496_y18144_patch01862.png,TCGA-3L-AA1B_nonMSIH_x40496_y18144_patch01862.png,1862,40496,18144,144.01,107.7,148.96,45.42,46.08,38.77
D:/Aamir Gulzar/KSA_project2/dataset/patch_data\TCGA-3L-AA1B_nonMSIH\TCGA-3L-AA1B_nonMSIH_x40496_y18656_patch01863.png,TCGA-3L-AA1B_nonMSIH_x40496_y18656_patch01863.png,1863,40496,18656,145.55,106.3,146.7,48.53,46.71,39.94
D:/Aamir Gulzar/KSA_project2/dataset/patch_data\TCGA-3L-AA1B_nonMSIH\TCGA-3L-AA1B_nonMSIH_x40496_y19168_patch01864.png,TCGA-3L-AA1B_nonMSIH_x40496_y19168_patch01864.png,1864,40496,19168,150.79,111.95,149.22,56.31,54.21,45.52
D:/Aamir Gulzar/KSA_project2/dataset/patch_data\TCGA-3L-AA1B_nonMSIH\TCGA-3L-AA1B_nonMSIH_x40496_y19680_patch01865.png,TCGA-3L-AA1B_nonMSIH_x40496_y19680_patch01865.png,1865,40496,19680,225.78,216.95,223.94,36.25,48.47,35.75
D:/Aamir Gulzar/KSA_project2/dataset/patch_data\TCGA-3L-AA1B_nonMSIH\TCGA-3L-AA1B_nonMSIH_x41008_y17120_patch01866.png,TCGA-3L-AA1B_nonMSIH_x41008_y17120_patch01866.png,1866,41008,17120,201.17,182.6,199.86,52.54,64.97,48.65
D:/Aamir Gulzar/KSA_project2/dataset/patch_data\TCGA-3L-AA1B_nonMSIH\TCGA-3L-AA1B_nonMSIH_x41008_y17632_patch01867.png,TCGA-3L-AA1B_nonMSIH_x41008_y17632_patch01867.png,1867,41008,17632,164.43,126.73,161.24,51.63,52.17,43.24
D:/Aamir Gulzar/KSA_project2/dataset/patch_data\TCGA-3L-AA1B_nonMSIH\TCGA-3L-AA1B_nonMSIH_x41008_y18144_patch01868.png,TCGA-3L-AA1B_nonMSIH_x41008_y18144_patch01868.png,1868,41008,18144,148.37,109.06,148.65,48.53,47.68,40.96
D:/Aamir Gulzar/KSA_project2/dataset/patch_data\TCGA-3L-AA1B_nonMSIH\TCGA-3L-AA1B_nonMSIH_x41008_y18656_patch01869.png,TCGA-3L-AA1B_nonMSIH_x41008_y18656_patch01869.png,1869,41008,18656,153.38,112.02,151.33,45.89,43.87,37.83
D:/Aamir Gulzar/KSA_project2/dataset/patch_data\TCGA-3L-AA1B_nonMSIH\TCGA-3L-AA1B_nonMSIH_x41008_y19168_patch01870.png,TCGA-3L-AA1B_nonMSIH_x41008_y19168_patch01870.png,1870,41008,19168,193.75,172.18,192.75,55.41,69.03,51.62
D:/Aamir Gulzar/KSA_project2/dataset/patch_data\TCGA-3L-AA1B_nonMSIH\TCGA-3L-AA1B_nonMSIH_x4144_y14560_patch00003.png,TCGA-3L-AA1B_nonMSIH_x4144_y14560_patch00003.png,3,4144,14560,237.39,227.36,231.89,16.15,28.54,22.11
D:/Aamir Gulzar/KSA_project2/dataset/patch_data\TCGA-3L-AA1B_nonMSIH\TCGA-3L-AA1B_nonMSIH_x4144_y16608_patch00004.png,TCGA-3L-AA1B_nonMSIH_x4144_y16608_patch00004.png,4,4144,16608,233.59,223.18,228.68,25.16,38.1,29.15
D:/Aamir Gulzar/KSA_project2/dataset/patch_data\TCGA-3L-AA1B_nonMSIH\TCGA-3L-AA1B_nonMSIH_x4144_y17120_patch00005.png,TCGA-3L-AA1B_nonMSIH_x4144_y17120_patch00005.png,5,4144,17120,237.2,229.85,233.39,18.23,29.07,22.73
D:/Aamir Gulzar/KSA_project2/dataset/patch_data\TCGA-3L-AA1B_nonMSIH\TCGA-3L-AA1B_nonMSIH_x41520_y17632_patch01871.png,TCGA-3L-AA1B_nonMSIH_x41520_y17632_patch01871.png,1871,41520,17632,195.36,176.9,194.15,58.98,70.88,54.96
D:/Aamir Gulzar/KSA_project2/dataset/patch_data\TCGA-3L-AA1B_nonMSIH\TCGA-3L-AA1B_nonMSIH_x41520_y18144_patch01872.png,TCGA-3L-AA1B_nonMSIH_x41520_y18144_patch01872.png,1872,41520,18144,156.24,121.8,156.34,57.55,61.02,49.35
D:/Aamir Gulzar/KSA_project2/dataset/patch_data\TCGA-3L-AA1B_nonMSIH\TCGA-3L-AA1B_nonMSIH_x41520_y18656_patch01873.png,TCGA-3L-AA1B_nonMSIH_x41520_y18656_patch01873.png,1873,41520,18656,156.02,120.21,155.95,54.62,56.59,46.08
D:/Aamir Gulzar/KSA_project2/dataset/patch_data\TCGA-3L-AA1B_nonMSIH\TCGA-3L-AA1B_nonMSIH_x41520_y19168_patch01874.png,TCGA-3L-AA1B_nonMSIH_x41520_y19168_patch01874.png,1874,41520,19168,203.32,187.8,202.76,56.87,69.97,52.87
D:/Aamir Gulzar/KSA_project2/dataset/patch_data\TCGA-3L-AA1B_nonMSIH\TCGA-3L-AA1B_nonMSIH_x42032_y18144_patch01875.png,TCGA-3L-AA1B_nonMSIH_x42032_y18144_patch01875.png,1875,42032,18144,226.64,218.55,225.08,35.19,45.51,33.18
D:/Aamir Gulzar/KSA_project2/dataset/patch_data\TCGA-3L-AA1B_nonMSIH\TCGA-3L-AA1B_nonMSIH_x42032_y18656_patch01876.png,TCGA-3L-AA1B_nonMSIH_x42032_y18656_patch01876.png,1876,42032,18656,213.02,200.4,212.03,50.07,61.98,46.4
D:/Aamir Gulzar/KSA_project2/dataset/patch_data\TCGA-3L-AA1B_nonMSIH\TCGA-3L-AA1B_nonMSIH_x42032_y19168_patch01877.png,TCGA-3L-AA1B_nonMSIH_x42032_y19168_patch01877.png,1877,42032,19168,228.5,222.68,228.03,37.75,48.38,35.78
D:/Aamir Gulzar/KSA_project2/dataset/patch_data\TCGA-3L-AA1B_nonMSIH\TCGA-3L-AA1B_nonMSIH_x4656_y14560_patch00006.png,TCGA-3L-AA1B_nonMSIH_x4656_y14560_patch00006.png,6,4656,14560,237.8,228.94,232.89,14.44,27.64,21.4
D:/Aamir Gulzar/KSA_project2/dataset/patch_data\TCGA-3L-AA1B_nonMSIH\TCGA-3L-AA1B_nonMSIH_x4656_y15072_patch00007.png,TCGA-3L-AA1B_nonMSIH_x4656_y15072_patch00007.png,7,4656,15072,238.65,232.02,235.01,14.26,25.45,19.74
D:/Aamir Gulzar/KSA_project2/dataset/patch_data\TCGA-3L-AA1B_nonMSIH\TCGA-3L-AA1B_nonMSIH_x4656_y16608_patch00008.png,TCGA-3L-AA1B_nonMSIH_x4656_y16608_patch00008.png,8,4656,16608,232.0,217.02,224.4,25.73,42.03,32.29
D:/Aamir Gulzar/KSA_project2/dataset/patch_data\TCGA-3L-AA1B_nonMSIH\TCGA-3L-AA1B_nonMSIH_x5168_y14560_patch00009.png,TCGA-3L-AA1B_nonMSIH_x5168_y14560_patch00009.png,9,5168,14560,237.31,226.51,231.14,15.93,31.38,24.18
D:/Aamir Gulzar/KSA_project2/dataset/patch_data\TCGA-3L-AA1B_nonMSIH\TCGA-3L-AA1B_nonMSIH_x5168_y15072_patch00010.png,TCGA-3L-AA1B_nonMSIH_x5168_y15072_patch00010.png,10,5168,15072,238.54,231.32,234.58,15.28,25.76,19.8
D:/Aamir Gulzar/KSA_project2/dataset/patch_data\TCGA-3L-AA1B_nonMSIH\TCGA-3L-AA1B_nonMSIH_x5168_y15584_patch00011.png,TCGA-3L-AA1B_nonMSIH_x5168_y15584_patch00011.png,11,5168,15584,238.81,233.87,236.37,14.47,22.19,17.02
D:/Aamir Gulzar/KSA_project2/dataset/patch_data\TCGA-3L-AA1B_nonMSIH\TCGA-3L-AA1B_nonMSIH_x5168_y16096_patch00012.png,TCGA-3L-AA1B_nonMSIH_x5168_y16096_patch00012.png,12,5168,16096,236.76,229.64,233.42,18.44,27.21,21.31
D:/Aamir Gulzar/KSA_project2/dataset/patch_data\TCGA-3L-AA1B_nonMSIH\TCGA-3L-AA1B_nonMSIH_x5168_y16608_patch00013.png,TCGA-3L-AA1B_nonMSIH_x5168_y16608_patch00013.png,13,5168,16608,235.1,226.26,230.93,23.14,33.52,26.22
D:/Aamir Gulzar/KSA_project2/dataset/patch_data\TCGA-3L-AA1B_nonMSIH\TCGA-3L-AA1B_nonMSIH_x5680_y14560_patch00014.png,TCGA-3L-AA1B_nonMSIH_x5680_y14560_patch00014.png,14,5680,14560,235.83,225.6,230.65,19.86,33.22,25.44
D:/Aamir Gulzar/KSA_project2/dataset/patch_data\TCGA-3L-AA1B_nonMSIH\TCGA-3L-AA1B_nonMSIH_x5680_y15072_patch00015.png,TCGA-3L-AA1B_nonMSIH_x5680_y15072_patch00015.png,15,5680,15072,234.88,223.7,229.5,20.57,32.6,25.27
D:/Aamir Gulzar/KSA_project2/dataset/patch_data\TCGA-3L-AA1B_nonMSIH\TCGA-3L-AA1B_nonMSIH_x5680_y15584_patch00016.png,TCGA-3L-AA1B_nonMSIH_x5680_y15584_patch00016.png,16,5680,15584,202.51,176.69,196.73,51.1,66.88,49.74
D:/Aamir Gulzar/KSA_project2/dataset/patch_data\TCGA-3L-AA1B_nonMSIH\TCGA-3L-AA1B_nonMSIH_x5680_y16096_patch00017.png,TCGA-3L-AA1B_nonMSIH_x5680_y16096_patch00017.png,17,5680,16096,186.9,154.97,182.18,53.4,64.36,49.42
D:/Aamir Gulzar/KSA_project2/dataset/patch_data\TCGA-3L-AA1B_nonMSIH\TCGA-3L-AA1B_nonMSIH_x5680_y16608_patch00018.png,TCGA-3L-AA1B_nonMSIH_x5680_y16608_patch00018.png,18,5680,16608,181.14,146.3,174.31,58.9,69.93,54.39
D:/Aamir Gulzar/KSA_project2/dataset/patch_data\TCGA-3L-AA1B_nonMSIH\TCGA-3L-AA1B_nonMSIH_x5680_y17120_patch00019.png,TCGA-3L-AA1B_nonMSIH_x5680_y17120_patch00019.png,19,5680,17120,219.01,201.66,213.2,45.02,58.01,44.92
D:/Aamir Gulzar/KSA_project2/dataset/patch_data\TCGA-3L-AA1B_nonMSIH\TCGA-3L-AA1B_nonMSIH_x5680_y17632_patch00020.png,TCGA-3L-AA1B_nonMSIH_x5680_y17632_patch00020.png,20,5680,17632,238.53,231.76,234.91,15.28,26.89,20.48
D:/Aamir Gulzar/KSA_project2/dataset/patch_data\TCGA-3L-AA1B_nonMSIH\TCGA-3L-AA1B_nonMSIH_x5680_y19680_patch00021.png,TCGA-3L-AA1B_nonMSIH_x5680_y19680_patch00021.png,21,5680,19680,237.68,226.67,231.8,13.98,26.85,19.59
D:/Aamir Gulzar/KSA_project2/dataset/patch_data\TCGA-3L-AA1B_nonMSIH\TCGA-3L-AA1B_nonMSIH_x5680_y20192_patch00022.png,TCGA-3L-AA1B_nonMSIH_x5680_y20192_patch00022.png,22,5680,20192,234.91,221.52,227.87,20.94,36.46,27.27
D:/Aamir Gulzar/KSA_project2/dataset/patch_data\TCGA-3L-AA1B_nonMSIH\TCGA-3L-AA1B_nonMSIH_x5680_y20704_patch00023.png,TCGA-3L-AA1B_nonMSIH_x5680_y20704_patch00023.png,23,5680,20704,235.54,218.53,225.96,18.55,38.49,28.45
D:/Aamir Gulzar/KSA_project2/dataset/patch_data\TCGA-3L-AA1B_nonMSIH\TCGA-3L-AA1B_nonMSIH_x5680_y21216_patch00024.png,TCGA-3L-AA1B_nonMSIH_x5680_y21216_patch00024.png,24,5680,21216,234.76,218.92,225.85,21.32,39.91,30.58
D:/Aamir Gulzar/KSA_project2/dataset/patch_data\TCGA-3L-AA1B_nonMSIH\TCGA-3L-AA1B_nonMSIH_x5680_y21728_patch00025.png,TCGA-3L-AA1B_nonMSIH_x5680_y21728_patch00025.png,25,5680,21728,239.38,233.94,236.12,14.79,26.44,20.91
D:/Aamir Gulzar/KSA_project2/dataset/patch_data\TCGA-3L-AA1B_nonMSIH\TCGA-3L-AA1B_nonMSIH_x6192_y14560_patch00026.png,TCGA-3L-AA1B_nonMSIH_x6192_y14560_patch00026.png,26,6192,14560,236.33,222.67,228.86,16.5,34.19,26.25
D:/Aamir Gulzar/KSA_project2/dataset/patch_data\TCGA-3L-AA1B_nonMSIH\TCGA-3L-AA1B_nonMSIH_x6192_y15072_patch00027.png,TCGA-3L-AA1B_nonMSIH_x6192_y15072_patch00027.png,27,6192,15072,223.54,206.98,217.17,38.69,51.86,40.42
D:/Aamir Gulzar/KSA_project2/dataset/patch_data\TCGA-3L-AA1B_nonMSIH\TCGA-3L-AA1B_nonMSIH_x6192_y15584_patch00028.png,TCGA-3L-AA1B_nonMSIH_x6192_y15584_patch00028.png,28,6192,15584,184.52,150.22,178.29,52.5,69.33,51.48
D:/Aamir Gulzar/KSA_project2/dataset/patch_data\TCGA-3L-AA1B_nonMSIH\TCGA-3L-AA1B_nonMSIH_x6192_y16096_patch00029.png,TCGA-3L-AA1B_nonMSIH_x6192_y16096_patch00029.png,29,6192,16096,162.91,121.38,159.07,47.43,52.83,42.93
D:/Aamir Gulzar/KSA_project2/dataset/patch_data\TCGA-3L-AA1B_nonMSIH\TCGA-3L-AA1B_nonMSIH_x6192_y16608_patch00030.png,TCGA-3L-AA1B_nonMSIH_x6192_y16608_patch00030.png,30,6192,16608,156.79,114.26,152.93,49.28,50.5,42.47
D:/Aamir Gulzar/KSA_project2/dataset/patch_data\TCGA-3L-AA1B_nonMSIH\TCGA-3L-AA1B_nonMSIH_x6192_y17120_patch00031.png,TCGA-3L-AA1B_nonMSIH_x6192_y17120_patch00031.png,31,6192,17120,227.23,213.64,222.36,35.15,48.99,36.74
D:/Aamir Gulzar/KSA_project2/dataset/patch_data\TCGA-3L-AA1B_nonMSIH\TCGA-3L-AA1B_nonMSIH_x6192_y17632_patch00032.png,TCGA-3L-AA1B_nonMSIH_x6192_y17632_patch00032.png,32,6192,17632,238.25,229.93,233.61,15.25,29.29,22.41
D:/Aamir Gulzar/KSA_project2/dataset/patch_data\TCGA-3L-AA1B_nonMSIH\TCGA-3L-AA1B_nonMSIH_x6192_y18144_patch00033.png,TCGA-3L-AA1B_nonMSIH_x6192_y18144_patch00033.png,33,6192,18144,238.47,228.01,232.43,13.96,30.56,22.92
D:/Aamir Gulzar/KSA_project2/dataset/patch_data\TCGA-3L-AA1B_nonMSIH\TCGA-3L-AA1B_nonMSIH_x6192_y18656_patch00034.png,TCGA-3L-AA1B_nonMSIH_x6192_y18656_patch00034.png,34,6192,18656,237.91,228.7,233.01,14.46,26.6,19.94
D:/Aamir Gulzar/KSA_project2/dataset/patch_data\TCGA-3L-AA1B_nonMSIH\TCGA-3L-AA1B_nonMSIH_x6192_y19168_patch00035.png,TCGA-3L-AA1B_nonMSIH_x6192_y19168_patch00035.png,35,6192,19168,239.22,233.65,236.27,14.22,21.36,17.0
D:/Aamir Gulzar/KSA_project2/dataset/patch_data\TCGA-3L-AA1B_nonMSIH\TCGA-3L-AA1B_nonMSIH_x6192_y21216_patch00036.png,TCGA-3L-AA1B_nonMSIH_x6192_y21216_patch00036.png,36,6192,21216,233.26,210.45,220.07,20.32,39.25,30.85
D:/Aamir Gulzar/KSA_project2/dataset/patch_data\TCGA-3L-AA1B_nonMSIH\TCGA-3L-AA1B_nonMSIH_x6192_y21728_patch00037.png,TCGA-3L-AA1B_nonMSIH_x6192_y21728_patch00037.png,37,6192,21728,236.79,226.01,230.43,18.15,31.43,25.19
D:/Aamir Gulzar/KSA_project2/dataset/patch_data\TCGA-3L-AA1B_nonMSIH\TCGA-3L-AA1B_nonMSIH_x6704_y14560_patch00038.png,TCGA-3L-AA1B_nonMSIH_x6704_y14560_patch00038.png,38,6704,14560,235.64,221.31,227.95,17.94,35.33,27.21
D:/Aamir Gulzar/KSA_project2/dataset/patch_data\TCGA-3L-AA1B_nonMSIH\TCGA-3L-AA1B_nonMSIH_x6704_y15072_patch00039.png,TCGA-3L-AA1B_nonMSIH_x6704_y15072_patch00039.png,39,6704,15072,195.46,165.51,188.22,55.04,70.76,53.45
D:/Aamir Gulzar/KSA_project2/dataset/patch_data\TCGA-3L-AA1B_nonMSIH\TCGA-3L-AA1B_nonMSIH_x6704_y15584_patch00040.png,TCGA-3L-AA1B_nonMSIH_x6704_y15584_patch00040.png,40,6704,15584,163.33,122.99,159.02,54.05,61.24,49.04
D:/Aamir Gulzar/KSA_project2/dataset/patch_data\TCGA-3L-AA1B_nonMSIH\TCGA-3L-AA1B_nonMSIH_x6704_y16096_patch00041.png,TCGA-3L-AA1B_nonMSIH_x6704_y16096_patch00041.png,41,6704,16096,164.82,122.03,159.91,48.14,52.26,42.82
D:/Aamir Gulzar/KSA_project2/dataset/patch_data\TCGA-3L-AA1B_nonMSIH\TCGA-3L-AA1B_nonMSIH_x6704_y16608_patch00042.png,TCGA-3L-AA1B_nonMSIH_x6704_y16608_patch00042.png,42,6704,16608,157.63,116.81,155.34,48.92,53.82,43.1
D:/Aamir Gulzar/KSA_project2/dataset/patch_data\TCGA-3L-AA1B_nonMSIH\TCGA-3L-AA1B_nonMSIH_x6704_y17120_patch00043.png,TCGA-3L-AA1B_nonMSIH_x6704_y17120_patch00043.png,43,6704,17120,233.44,223.12,229.05,26.65,38.54,28.94
D:/Aamir Gulzar/KSA_project2/dataset/patch_data\TCGA-3L-AA1B_nonMSIH\TCGA-3L-AA1B_nonMSIH_x6704_y19680_patch00044.png,TCGA-3L-AA1B_nonMSIH_x6704_y19680_patch00044.png,44,6704,19680,235.54,223.48,229.37,19.39,33.62,25.6
D:/Aamir Gulzar/KSA_project2/dataset/patch_data\TCGA-3L-AA1B_nonMSIH\TCGA-3L-AA1B_nonMSIH_x6704_y20192_patch00045.png,TCGA-3L-AA1B_nonMSIH_x6704_y20192_patch00045.png,45,6704,20192,233.98,215.99,224.32,21.06,38.28,28.8
D:/Aamir Gulzar/KSA_project2/dataset/patch_data\TCGA-3L-AA1B_nonMSIH\TCGA-3L-AA1B_nonMSIH_x6704_y20704_patch00046.png,TCGA-3L-AA1B_nonMSIH_x6704_y20704_patch00046.png,46,6704,20704,233.34,210.64,220.39,18.68,37.28,28.92
D:/Aamir Gulzar/KSA_project2/dataset/patch_data\TCGA-3L-AA1B_nonMSIH\TCGA-3L-AA1B_nonMSIH_x6704_y21216_patch00047.png,TCGA-3L-AA1B_nonMSIH_x6704_y21216_patch00047.png,47,6704,21216,235.65,223.09,228.43,16.31,32.18,25.14
D:/Aamir Gulzar/KSA_project2/dataset/patch_data\TCGA-3L-AA1B_nonMSIH\TCGA-3L-AA1B_nonMSIH_x6704_y21728_patch00048.png,TCGA-3L-AA1B_nonMSIH_x6704_y21728_patch00048.png,48,6704,21728,234.25,228.02,231.77,25.91,35.77,27.05
D:/Aamir Gulzar/KSA_project2/dataset/patch_data\TCGA-3L-AA1B_nonMSIH\TCGA-3L-AA1B_nonMSIH_x6704_y22752_patch00049.png,TCGA-3L-AA1B_nonMSIH_x6704_y22752_patch00049.png,49,6704,22752,205.57,185.5,201.72,53.41,70.92,52.27
D:/Aamir Gulzar/KSA_project2/dataset/patch_data\TCGA-3L-AA1B_nonMSIH\TCGA-3L-AA1B_nonMSIH_x6704_y23264_patch00050.png,TCGA-3L-AA1B_nonMSIH_x6704_y23264_patch00050.png,50,6704,23264,193.96,171.11,191.35,58.29,75.2,56.05
D:/Aamir Gulzar/KSA_project2/dataset/patch_data\TCGA-3L-AA1B_nonMSIH\TCGA-3L-AA1B_nonMSIH_x6704_y23776_patch00051.png,TCGA-3L-AA1B_nonMSIH_x6704_y23776_patch00051.png,51,6704,23776,211.55,190.1,206.59,44.88,60.83,44.35
D:/Aamir Gulzar/KSA_project2/dataset/patch_data\TCGA-3L-AA1B_nonMSIH\TCGA-3L-AA1B_nonMSIH_x7216_y14048_patch00052.png,TCGA-3L-AA1B_nonMSIH_x7216_y14048_patch00052.png,52,7216,14048,237.36,229.24,233.21,17.61,29.61,23.12
D:/Aamir Gulzar/KSA_project2/dataset/patch_data\TCGA-3L-AA1B_nonMSIH\TCGA-3L-AA1B_nonMSIH_x7216_y14560_patch00053.png,TCGA-3L-AA1B_nonMSIH_x7216_y14560_patch00053.png,53,7216,14560,236.32,221.83,228.45,16.96,31.8,24.76
D:/Aamir Gulzar/KSA_project2/dataset/patch_data\TCGA-3L-AA1B_nonMSIH\TCGA-3L-AA1B_nonMSIH_x7216_y15584_patch00054.png,TCGA-3L-AA1B_nonMSIH_x7216_y15584_patch00054.png,54,7216,15584,185.59,156.28,181.54,57.63,73.73,54.8
D:/Aamir Gulzar/KSA_project2/dataset/patch_data\TCGA-3L-AA1B_nonMSIH\TCGA-3L-AA1B_nonMSIH_x7216_y16096_patch00055.png,TCGA-3L-AA1B_nonMSIH_x7216_y16096_patch00055.png,55,7216,16096,166.21,128.56,162.36,55.12,65.39,50.51
D:/Aamir Gulzar/KSA_project2/dataset/patch_data\TCGA-3L-AA1B_nonMSIH\TCGA-3L-AA1B_nonMSIH_x7216_y16608_patch00056.png,TCGA-3L-AA1B_nonMSIH_x7216_y16608_patch00056.png,56,7216,16608,209.33,189.17,205.49,47.11,65.03,46.93
D:/Aamir Gulzar/KSA_project2/dataset/patch_data\TCGA-3L-AA1B_nonMSIH\TCGA-3L-AA1B_nonMSIH_x7216_y17120_patch00057.png,TCGA-3L-AA1B_nonMSIH_x7216_y17120_patch00057.png,57,7216,17120,237.7,229.25,233.34,16.16,27.25,21.52
D:/Aamir Gulzar/KSA_project2/dataset/patch_data\TCGA-3L-AA1B_nonMSIH\TCGA-3L-AA1B_nonMSIH_x7216_y18656_patch00058.png,TCGA-3L-AA1B_nonMSIH_x7216_y18656_patch00058.png,58,7216,18656,234.52,219.61,226.7,20.69,36.0,27.58
D:/Aamir Gulzar/KSA_project2/dataset/patch_data\TCGA-3L-AA1B_nonMSIH\TCGA-3L-AA1B_nonMSIH_x7216_y19168_patch00059.png,TCGA-3L-AA1B_nonMSIH_x7216_y19168_patch00059.png,59,7216,19168,223.55,202.91,213.54,40.12,52.81,42.59
D:/Aamir Gulzar/KSA_project2/dataset/patch_data\TCGA-3L-AA1B_nonMSIH\TCGA-3L-AA1B_nonMSIH_x7216_y19680_patch00060.png,TCGA-3L-AA1B_nonMSIH_x7216_y19680_patch00060.png,60,7216,19680,227.77,209.02,218.3,32.51,47.36,36.69
D:/Aamir Gulzar/KSA_project2/dataset/patch_data\TCGA-3L-AA1B_nonMSIH\TCGA-3L-AA1B_nonMSIH_x7216_y20192_patch00061.png,TCGA-3L-AA1B_nonMSIH_x7216_y20192_patch00061.png,61,7216,20192,232.0,220.2,226.2,26.92,38.69,30.51
D:/Aamir Gulzar/KSA_project2/dataset/patch_data\TCGA-3L-AA1B_nonMSIH\TCGA-3L-AA1B_nonMSIH_x7216_y20704_patch00062.png,TCGA-3L-AA1B_nonMSIH_x7216_y20704_patch00062.png,62,7216,20704,227.84,215.79,223.25,33.68,47.19,35.84
D:/Aamir Gulzar/KSA_project2/dataset/patch_data\TCGA-3L-AA1B_nonMSIH\TCGA-3L-AA1B_nonMSIH_x7216_y21216_patch00063.png,TCGA-3L-AA1B_nonMSIH_x7216_y21216_patch00063.png,63,7216,21216,202.83,178.59,197.6,51.96,67.75,50.91
D:/Aamir Gulzar/KSA_project2/dataset/patch_data\TCGA-3L-AA1B_nonMSIH\TCGA-3L-AA1B_nonMSIH_x7216_y21728_patch00064.png,TCGA-3L-AA1B_nonMSIH_x7216_y21728_patch00064.png,64,7216,21728,161.13,121.73,157.29,54.99,63.94,49.46
D:/Aamir Gulzar/KSA_project2/dataset/patch_data\TCGA-3L-AA1B_nonMSIH\TCGA-3L-AA1B_nonMSIH_x7216_y22240_patch00065.png,TCGA-3L-AA1B_nonMSIH_x7216_y22240_patch00065.png,65,7216,22240,148.12,102.79,143.03,51.35,52.32,43.48
D:/Aamir Gulzar/KSA_project2/dataset/patch_data\TCGA-3L-AA1B_nonMSIH\TCGA-3L-AA1B_nonMSIH_x7216_y22752_patch00066.png,TCGA-3L-AA1B_nonMSIH_x7216_y22752_patch00066.png,66,7216,22752,171.97,121.97,159.46,44.57,41.98,35.27
D:/Aamir Gulzar/KSA_project2/dataset/patch_data\TCGA-3L-AA1B_nonMSIH\TCGA-3L-AA1B_nonMSIH_x7216_y23264_patch00067.png,TCGA-3L-AA1B_nonMSIH_x7216_y23264_patch00067.png,67,7216,23264,174.77,127.68,163.87,41.24,39.02,32.86
D:/Aamir Gulzar/KSA_project2/dataset/patch_data\TCGA-3L-AA1B_nonMSIH\TCGA-3L-AA1B_nonMSIH_x7216_y23776_patch00068.png,TCGA-3L-AA1B_nonMSIH_x7216_y23776_patch00068.png,68,7216,23776,181.59,137.18,170.52,41.88,41.44,34.46
D:/Aamir Gulzar/KSA_project2/dataset/patch_data\TCGA-3L-AA1B_nonMSIH\TCGA-3L-AA1B_nonMSIH_x7216_y24288_patch00069.png,TCGA-3L-AA1B_nonMSIH_x7216_y24288_patch00069.png,69,7216,24288,225.18,212.89,221.16,36.75,51.06,37.9
D:/Aamir Gulzar/KSA_project2/dataset/patch_data\TCGA-3L-AA1B_nonMSIH\TCGA-3L-AA1B_nonMSIH_x7728_y14048_patch00070.png,TCGA-3L-AA1B_nonMSIH_x7728_y14048_patch00070.png,70,7728,14048,232.42,214.51,222.55,23.41,43.62,33.51
D:/Aamir Gulzar/KSA_project2/dataset/patch_data\TCGA-3L-AA1B_nonMSIH\TCGA-3L-AA1B_nonMSIH_x7728_y14560_patch00071.png,TCGA-3L-AA1B_nonMSIH_x7728_y14560_patch00071.png,71,7728,14560,234.89,222.74,228.25,18.23,30.1,23.45
D:/Aamir Gulzar/KSA_project2/dataset/patch_data\TCGA-3L-AA1B_nonMSIH\TCGA-3L-AA1B_nonMSIH_x7728_y15072_patch00072.png,TCGA-3L-AA1B_nonMSIH_x7728_y15072_patch00072.png,72,7728,15072,233.97,221.14,226.98,26.87,40.38,33.14
D:/Aamir Gulzar/KSA_project2/dataset/patch_data\TCGA-3L-AA1B_nonMSIH\TCGA-3L-AA1B_nonMSIH_x7728_y17120_patch00073.png,TCGA-3L-AA1B_nonMSIH_x7728_y17120_patch00073.png,73,7728,17120,238.37,228.82,233.15,12.85,25.28,19.34
D:/Aamir Gulzar/KSA_project2/dataset/patch_data\TCGA-3L-AA1B_nonMSIH\TCGA-3L-AA1B_nonMSIH_x7728_y18144_patch00074.png,TCGA-3L-AA1B_nonMSIH_x7728_y18144_patch00074.png,74,7728,18144,237.17,225.08,230.56,15.17,30.73,23.33
D:/Aamir Gulzar/KSA_project2/dataset/patch_data\TCGA-3L-AA1B_nonMSIH\TCGA-3L-AA1B_nonMSIH_x7728_y18656_patch00075.png,TCGA-3L-AA1B_nonMSIH_x7728_y18656_patch00075.png,75,7728,18656,226.41,210.31,219.32,34.41,47.37,37.27
D:/Aamir Gulzar/KSA_project2/dataset/patch_data\TCGA-3L-AA1B_nonMSIH\TCGA-3L-AA1B_nonMSIH_x7728_y19680_patch00076.png,TCGA-3L-AA1B_nonMSIH_x7728_y19680_patch00076.png,76,7728,19680,192.43,158.74,184.05,53.81,66.99,50.53
D:/Aamir Gulzar/KSA_project2/dataset/patch_data\TCGA-3L-AA1B_nonMSIH\TCGA-3L-AA1B_nonMSIH_x7728_y20192_patch00077.png,TCGA-3L-AA1B_nonMSIH_x7728_y20192_patch00077.png,77,7728,20192,193.5,161.74,185.75,55.43,69.72,53.02
D:/Aamir Gulzar/KSA_project2/dataset/patch_data\TCGA-3L-AA1B_nonMSIH\TCGA-3L-AA1B_nonMSIH_x7728_y20704_patch00078.png,TCGA-3L-AA1B_nonMSIH_x7728_y20704_patch00078.png,78,7728,20704,174.35,134.55,166.58,57.27,66.47,51.58
D:/Aamir Gulzar/KSA_project2/dataset/patch_data\TCGA-3L-AA1B_nonMSIH\TCGA-3L-AA1B_nonMSIH_x7728_y21216_patch00079.png,TCGA-3L-AA1B_nonMSIH_x7728_y21216_patch00079.png,79,7728,21216,160.03,111.35,150.9,49.93,50.39,41.85
D:/Aamir Gulzar/KSA_project2/dataset/patch_data\TCGA-3L-AA1B_nonMSIH\TCGA-3L-AA1B_nonMSIH_x7728_y21728_patch00080.png,TCGA-3L-AA1B_nonMSIH_x7728_y21728_patch00080.png,80,7728,21728,158.11,111.02,151.27,48.51,51.09,40.96
D:/Aamir Gulzar/KSA_project2/dataset/patch_data\TCGA-3L-AA1B_nonMSIH\TCGA-3L-AA1B_nonMSIH_x7728_y22240_patch00081.png,TCGA-3L-AA1B_nonMSIH_x7728_y22240_patch00081.png,81,7728,22240,156.57,107.05,148.8,45.51,42.65,36.08
D:/Aamir Gulzar/KSA_project2/dataset/patch_data\TCGA-3L-AA1B_nonMSIH\TCGA-3L-AA1B_nonMSIH_x7728_y22752_patch00082.png,TCGA-3L-AA1B_nonMSIH_x7728_y22752_patch00082.png,82,7728,22752,157.21,111.37,152.0,45.09,44.5,36.66
D:/Aamir Gulzar/KSA_project2/dataset/patch_data\TCGA-3L-AA1B_nonMSIH\TCGA-3L-AA1B_nonMSIH_x7728_y23264_patch00083.png,TCGA-3L-AA1B_nonMSIH_x7728_y23264_patch00083.png,83,7728,23264,183.98,137.01,171.07,38.47,37.52,30.54
D:/Aamir Gulzar/KSA_project2/dataset/patch_data\TCGA-3L-AA1B_nonMSIH\TCGA-3L-AA1B_nonMSIH_x7728_y23776_patch00084.png,TCGA-3L-AA1B_nonMSIH_x7728_y23776_patch00084.png,84,7728,23776,173.75,126.32,162.17,45.61,43.9,37.06
D:/Aamir Gulzar/KSA_project2/dataset/patch_data\TCGA-3L-AA1B_nonMSIH\TCGA-3L-AA1B_nonMSIH_x7728_y24288_patch00085.png,TCGA-3L-AA1B_nonMSIH_x7728_y24288_patch00085.png,85,7728,24288,210.25,191.5,205.21,50.82,64.61,49.68
D:/Aamir Gulzar/KSA_project2/dataset/patch_data\TCGA-3L-AA1B_nonMSIH\TCGA-3L-AA1B_nonMSIH_x8240_y13536_patch00086.png,TCGA-3L-AA1B_nonMSIH_x8240_y13536_patch00086.png,86,8240,13536,192.19,184.15,187.22,81.41,84.12,82.17
D:/Aamir Gulzar/KSA_project2/dataset/patch_data\TCGA-3L-AA1B_nonMSIH\TCGA-3L-AA1B_nonMSIH_x8240_y14048_patch00087.png,TCGA-3L-AA1B_nonMSIH_x8240_y14048_patch00087.png,87,8240,14048,223.16,208.92,215.91,44.37,54.29,47.61
D:/Aamir Gulzar/KSA_project2/dataset/patch_data\TCGA-3L-AA1B_nonMSIH\TCGA-3L-AA1B_nonMSIH_x8240_y14560_patch00088.png,TCGA-3L-AA1B_nonMSIH_x8240_y14560_patch00088.png,88,8240,14560,226.04,207.26,216.53,30.73,44.23,36.56
D:/Aamir Gulzar/KSA_project2/dataset/patch_data\TCGA-3L-AA1B_nonMSIH\TCGA-3L-AA1B_nonMSIH_x8240_y15072_patch00089.png,TCGA-3L-AA1B_nonMSIH_x8240_y15072_patch00089.png,89,8240,15072,216.16,188.1,203.6,46.57,63.03,48.9
D:/Aamir Gulzar/KSA_project2/dataset/patch_data\TCGA-3L-AA1B_nonMSIH\TCGA-3L-AA1B_nonMSIH_x8240_y16096_patch00090.png,TCGA-3L-AA1B_nonMSIH_x8240_y16096_patch00090.png,90,8240,16096,233.82,212.01,221.15,18.12,38.78,31.15
D:/Aamir Gulzar/KSA_project2/dataset/patch_data\TCGA-3L-AA1B_nonMSIH\TCGA-3L-AA1B_nonMSIH_x8240_y16608_patch00091.png,TCGA-3L-AA1B_nonMSIH_x8240_y16608_patch00091.png,91,8240,16608,236.29,220.29,227.45,14.72,29.09,22.59
D:/Aamir Gulzar/KSA_project2/dataset/patch_data\TCGA-3L-AA1B_nonMSIH\TCGA-3L-AA1B_nonMSIH_x8240_y17120_patch00092.png,TCGA-3L-AA1B_nonMSIH_x8240_y17120_patch00092.png,92,8240,17120,238.8,230.68,234.62,12.21,21.84,17.11
D:/Aamir Gulzar/KSA_project2/dataset/patch_data\TCGA-3L-AA1B_nonMSIH\TCGA-3L-AA1B_nonMSIH_x8240_y17632_patch00093.png,TCGA-3L-AA1B_nonMSIH_x8240_y17632_patch00093.png,93,8240,17632,236.84,224.3,230.09,16.22,30.26,23.28
D:/Aamir Gulzar/KSA_project2/dataset/patch_data\TCGA-3L-AA1B_nonMSIH\TCGA-3L-AA1B_nonMSIH_x8240_y19168_patch00094.png,TCGA-3L-AA1B_nonMSIH_x8240_y19168_patch00094.png,94,8240,19168,171.31,125.91,160.69,53.01,56.12,45.48
D:/Aamir Gulzar/KSA_project2/dataset/patch_data\TCGA-3L-AA1B_nonMSIH\TCGA-3L-AA1B_nonMSIH_x8240_y19680_patch00095.png,TCGA-3L-AA1B_nonMSIH_x8240_y19680_patch00095.png,95,8240,19680,175.28,122.55,159.97,46.9,43.97,36.79
D:/Aamir Gulzar/KSA_project2/dataset/patch_data\TCGA-3L-AA1B_nonMSIH\TCGA-3L-AA1B_nonMSIH_x8240_y20192_patch00096.png,TCGA-3L-AA1B_nonMSIH_x8240_y20192_patch00096.png,96,8240,20192,165.18,115.27,153.24,51.45,52.28,43.04
D:/Aamir Gulzar/KSA_project2/dataset/patch_data\TCGA-3L-AA1B_nonMSIH\TCGA-3L-AA1B_nonMSIH_x8240_y20704_patch00097.png,TCGA-3L-AA1B_nonMSIH_x8240_y20704_patch00097.png,97,8240,20704,164.57,122.05,157.1,55.54,65.98,51.12
D:/Aamir Gulzar/KSA_project2/dataset/patch_data\TCGA-3L-AA1B_nonMSIH\TCGA-3L-AA1B_nonMSIH_x8240_y21216_patch00098.png,TCGA-3L-AA1B_nonMSIH_x8240_y21216_patch00098.png,98,8240,21216,153.31,103.04,145.55,43.06,41.81,35.52
D:/Aamir Gulzar/KSA_project2/dataset/patch_data\TCGA-3L-AA1B_nonMSIH\TCGA-3L-AA1B_nonMSIH_x8240_y21728_patch00099.png,TCGA-3L-AA1B_nonMSIH_x8240_y21728_patch00099.png,99,8240,21728,162.03,112.79,152.9,45.75,45.12,37.42
D:/Aamir Gulzar/KSA_project2/dataset/patch_data\TCGA-3L-AA1B_nonMSIH\TCGA-3L-AA1B_nonMSIH_x8240_y22240_patch00100.png,TCGA-3L-AA1B_nonMSIH_x8240_y22240_patch00100.png,100,8240,22240,180.69,128.75,165.16,41.27,40.45,33.96
D:/Aamir Gulzar/KSA_project2/dataset/patch_data\TCGA-3L-AA1B_nonMSIH\TCGA-3L-AA1B_nonMSIH_x8240_y22752_patch00101.png,TCGA-3L-AA1B_nonMSIH_x8240_y22752_patch00101.png,101,8240,22752,162.48,122.97,159.86,48.29,57.3,43.68
D:/Aamir Gulzar/KSA_project2/dataset/patch_data\TCGA-3L-AA1B_nonMSIH\TCGA-3L-AA1B_nonMSIH_x8240_y23264_patch00102.png,TCGA-3L-AA1B_nonMSIH_x8240_y23264_patch00102.png,102,8240,23264,166.27,117.09,156.11,41.48,40.25,34.05
D:/Aamir Gulzar/KSA_project2/dataset/patch_data\TCGA-3L-AA1B_nonMSIH\TCGA-3L-AA1B_nonMSIH_x8240_y23776_patch00103.png,TCGA-3L-AA1B_nonMSIH_x8240_y23776_patch00103.png,103,8240,23776,183.23,140.56,173.29,38.47,38.47,31.86
D:/Aamir Gulzar/KSA_project2/dataset/patch_data\TCGA-3L-AA1B_nonMSIH\TCGA-3L-AA1B_nonMSIH_x8240_y24288_patch00104.png,TCGA-3L-AA1B_nonMSIH_x8240_y24288_patch00104.png,104,8240,24288,203.87,176.3,195.36,46.5,59.39,45.65
D:/Aamir Gulzar/KSA_project2/dataset/patch_data\TCGA-3L-AA1B_nonMSIH\TCGA-3L-AA1B_nonMSIH_x8752_y13536_patch00105.png,TCGA-3L-AA1B_nonMSIH_x8752_y13536_patch00105.png,105,8752,13536,221.33,206.13,213.18,47.97,57.43,51.37
D:/Aamir Gulzar/KSA_project2/dataset/patch_data\TCGA-3L-AA1B_nonMSIH\TCGA-3L-AA1B_nonMSIH_x8752_y14048_patch00106.png,TCGA-3L-AA1B_nonMSIH_x8752_y14048_patch00106.png,106,8752,14048,208.66,166.88,189.36,44.45,57.56,45.7
D:/Aamir Gulzar/KSA_project2/dataset/patch_data\TCGA-3L-AA1B_nonMSIH\TCGA-3L-AA1B_nonMSIH_x8752_y14560_patch00107.png,TCGA-3L-AA1B_nonMSIH_x8752_y14560_patch00107.png,107,8752,14560,191.17,153.74,178.57,60.66,67.95,54.67
D:/Aamir Gulzar/KSA_project2/dataset/patch_data\TCGA-3L-AA1B_nonMSIH\TCGA-3L-AA1B_nonMSIH_x8752_y15072_patch00108.png,TCGA-3L-AA1B_nonMSIH_x8752_y15072_patch00108.png,108,8752,15072,204.38,139.8,171.72,42.0,51.25,40.35
D:/Aamir Gulzar/KSA_project2/dataset/patch_data\TCGA-3L-AA1B_nonMSIH\TCGA-3L-AA1B_nonMSIH_x8752_y15584_patch00109.png,TCGA-3L-AA1B_nonMSIH_x8752_y15584_patch00109.png,109,8752,15584,208.31,137.9,170.37,37.23,46.99,37.18
D:/Aamir Gulzar/KSA_project2/dataset/patch_data\TCGA-3L-AA1B_nonMSIH\TCGA-3L-AA1B_nonMSIH_x8752_y16608_patch00110.png,TCGA-3L-AA1B_nonMSIH_x8752_y16608_patch00110.png,110,8752,16608,237.39,225.51,230.74,14.91,28.6,21.98
D:/Aamir Gulzar/KSA_project2/dataset/patch_data\TCGA-3L-AA1B_nonMSIH\TCGA-3L-AA1B_nonMSIH_x8752_y17120_patch00111.png,TCGA-3L-AA1B_nonMSIH_x8752_y17120_patch00111.png,111,8752,17120,237.3,225.39,230.65,15.24,30.46,23.58
D:/Aamir Gulzar/KSA_project2/dataset/patch_data\TCGA-3L-AA1B_nonMSIH\TCGA-3L-AA1B_nonMSIH_x8752_y17632_patch00112.png,TCGA-3L-AA1B_nonMSIH_x8752_y17632_patch00112.png,112,8752,17632,235.11,224.63,229.93,22.4,34.14,26.63
D:/Aamir Gulzar/KSA_project2/dataset/patch_data\TCGA-3L-AA1B_nonMSIH\TCGA-3L-AA1B_nonMSIH_x8752_y19168_patch00113.png,TCGA-3L-AA1B_nonMSIH_x8752_y19168_patch00113.png,113,8752,19168,164.16,116.5,154.67,51.14,50.5,42.34
D:/Aamir Gulzar/KSA_project2/dataset/patch_data\TCGA-3L-AA1B_nonMSIH\TCGA-3L-AA1B_nonMSIH_x8752_y19680_patch00114.png,TCGA-3L-AA1B_nonMSIH_x8752_y19680_patch00114.png,114,8752,19680,174.64,121.22,159.09,46.2,44.73,37.6
D:/Aamir Gulzar/KSA_project2/dataset/patch_data\TCGA-3L-AA1B_nonMSIH\TCGA-3L-AA1B_nonMSIH_x8752_y20192_patch00115.png,TCGA-3L-AA1B_nonMSIH_x8752_y20192_patch00115.png,115,8752,20192,170.95,119.82,158.21,46.6,45.02,37.44
D:/Aamir Gulzar/KSA_project2/dataset/patch_data\TCGA-3L-AA1B_nonMSIH\TCGA-3L-AA1B_nonMSIH_x8752_y20704_patch00116.png,TCGA-3L-AA1B_nonMSIH_x8752_y20704_patch00116.png,116,8752,20704,153.41,106.51,147.7,48.1,51.48,41.48
D:/Aamir Gulzar/KSA_project2/dataset/patch_data\TCGA-3L-AA1B_nonMSIH\TCGA-3L-AA1B_nonMSIH_x8752_y21216_patch00117.png,TCGA-3L-AA1B_nonMSIH_x8752_y21216_patch00117.png,117,8752,21216,154.46,108.49,150.02,45.59,47.22,38.41
D:/Aamir Gulzar/KSA_project2/dataset/patch_data\TCGA-3L-AA1B_nonMSIH\TCGA-3L-AA1B_nonMSIH_x8752_y21728_patch00118.png,TCGA-3L-AA1B_nonMSIH_x8752_y21728_patch00118.png,118,8752,21728,151.12,104.04,146.57,44.77,44.82,37.1
D:/Aamir Gulzar/KSA_project2/dataset/patch_data\TCGA-3L-AA1B_nonMSIH\TCGA-3L-AA1B_nonMSIH_x8752_y22240_patch00119.png,TCGA-3L-AA1B_nonMSIH_x8752_y22240_patch00119.png,119,8752,22240,158.42,111.79,153.19,41.84,41.26,33.44
D:/Aamir Gulzar/KSA_project2/dataset/patch_data\TCGA-3L-AA1B_nonMSIH\TCGA-3L-AA1B_nonMSIH_x8752_y22752_patch00120.png,TCGA-3L-AA1B_nonMSIH_x8752_y22752_patch00120.png,120,8752,22752,159.54,118.5,157.26,45.69,51.56,39.8
D:/Aamir Gulzar/KSA_project2/dataset/patch_data\TCGA-3L-AA1B_nonMSIH\TCGA-3L-AA1B_nonMSIH_x8752_y23264_patch00121.png,TCGA-3L-AA1B_nonMSIH_x8752_y23264_patch00121.png,121,8752,23264,157.37,114.38,154.77,41.55,44.45,35.38
D:/Aamir Gulzar/KSA_project2/dataset/patch_data\TCGA-3L-AA1B_nonMSIH\TCGA-3L-AA1B_nonMSIH_x8752_y23776_patch00122.png,TCGA-3L-AA1B_nonMSIH_x8752_y23776_patch00122.png,122,8752,23776,167.49,123.96,160.15,47.1,46.73,38.66
D:/Aamir Gulzar/KSA_project2/dataset/patch_data\TCGA-3L-AA1B_nonMSIH\TCGA-3L-AA1B_nonMSIH_x8752_y24288_patch00123.png,TCGA-3L-AA1B_nonMSIH_x8752_y24288_patch00123.png,123,8752,24288,191.08,153.03,178.83,49.25,59.24,46.66
D:/Aamir Gulzar/KSA_project2/dataset/patch_data\TCGA-3L-AA1B_nonMSIH\TCGA-3L-AA1B_nonMSIH_x9264_y13024_patch00124.png,TCGA-3L-AA1B_nonMSIH_x9264_y13024_patch00124.png,124,9264,13024,237.52,229.12,232.74,18.67,28.06,23.16
D:/Aamir Gulzar/KSA_project2/dataset/patch_data\TCGA-3L-AA1B_nonMSIH\TCGA-3L-AA1B_nonMSIH_x9264_y13536_patch00125.png,TCGA-3L-AA1B_nonMSIH_x9264_y13536_patch00125.png,125,9264,13536,211.48,185.49,201.46,49.29,62.09,48.1
D:/Aamir Gulzar/KSA_project2/dataset/patch_data\TCGA-3L-AA1B_nonMSIH\TCGA-3L-AA1B_nonMSIH_x9264_y14048_patch00126.png,TCGA-3L-AA1B_nonMSIH_x9264_y14048_patch00126.png,126,9264,14048,209.35,166.08,189.71,42.03,53.71,41.98
D:/Aamir Gulzar/KSA_project2/dataset/patch_data\TCGA-3L-AA1B_nonMSIH\TCGA-3L-AA1B_nonMSIH_x9264_y14560_patch00127.png,TCGA-3L-AA1B_nonMSIH_x9264_y14560_patch00127.png,127,9264,14560,201.19,138.38,170.02,44.96,52.17,41.59
D:/Aamir Gulzar/KSA_project2/dataset/patch_data\TCGA-3L-AA1B_nonMSIH\TCGA-3L-AA1B_nonMSIH_x9264_y15072_patch00128.png,TCGA-3L-AA1B_nonMSIH_x9264_y15072_patch00128.png,128,9264,15072,200.75,127.11,162.31,38.58,45.93,36.61
D:/Aamir Gulzar/KSA_project2/dataset/patch_data\TCGA-3L-AA1B_nonMSIH\TCGA-3L-AA1B_nonMSIH_x9264_y18656_patch00129.png,TCGA-3L-AA1B_nonMSIH_x9264_y18656_patch00129.png,129,9264,18656,189.51,150.89,177.1,55.94,72.06,55.33
D:/Aamir Gulzar/KSA_project2/dataset/patch_data\TCGA-3L-AA1B_nonMSIH\TCGA-3L-AA1B_nonMSIH_x9264_y19168_patch00130.png,TCGA-3L-AA1B_nonMSIH_x9264_y19168_patch00130.png,130,9264,19168,179.11,122.58,159.45,45.69,44.33,38.4
D:/Aamir Gulzar/KSA_project2/dataset/patch_data\TCGA-3L-AA1B_nonMSIH\TCGA-3L-AA1B_nonMSIH_x9264_y19680_patch00131.png,TCGA-3L-AA1B_nonMSIH_x9264_y19680_patch00131.png,131,9264,19680,178.55,127.45,163.94,42.95,42.94,36.11
D:/Aamir Gulzar/KSA_project2/dataset/patch_data\TCGA-3L-AA1B_nonMSIH\TCGA-3L-AA1B_nonMSIH_x9264_y20192_patch00132.png,TCGA-3L-AA1B_nonMSIH_x9264_y20192_patch00132.png,132,9264,20192,165.17,116.35,155.05,47.54,46.7,40.09
D:/Aamir Gulzar/KSA_project2/dataset/patch_data\TCGA-3L-AA1B_nonMSIH\TCGA-3L-AA1B_nonMSIH_x9264_y20704_patch00133.png,TCGA-3L-AA1B_nonMSIH_x9264_y20704_patch00133.png,133,9264,20704,157.4,109.27,149.86,46.68,46.12,39.25
D:/Aamir Gulzar/KSA_project2/dataset/patch_data\TCGA-3L-AA1B_nonMSIH\TCGA-3L-AA1B_nonMSIH_x9264_y21216_patch00134.png,TCGA-3L-AA1B_nonMSIH_x9264_y21216_patch00134.png,134,9264,21216,156.84,110.97,151.73,44.79,46.5,38.03
D:/Aamir Gulzar/KSA_project2/dataset/patch_data\TCGA-3L-AA1B_nonMSIH\TCGA-3L-AA1B_nonMSIH_x9264_y21728_patch00135.png,TCGA-3L-AA1B_nonMSIH_x9264_y21728_patch00135.png,135,9264,21728,161.71,115.61,155.37,45.06,45.31,36.84
D:/Aamir Gulzar/KSA_project2/dataset/patch_data\TCGA-3L-AA1B_nonMSIH\TCGA-3L-AA1B_nonMSIH_x9264_y22240_patch00136.png,TCGA-3L-AA1B_nonMSIH_x9264_y22240_patch00136.png,136,9264,22240,155.21,112.0,152.99,42.11,44.52,35.7
D:/Aamir Gulzar/KSA_project2/dataset/patch_data\TCGA-3L-AA1B_nonMSIH\TCGA-3L-AA1B_nonMSIH_x9264_y22752_patch00137.png,TCGA-3L-AA1B_nonMSIH_x9264_y22752_patch00137.png,137,9264,22752,163.16,121.99,159.94,43.62,49.49,38.33
D:/Aamir Gulzar/KSA_project2/dataset/patch_data\TCGA-3L-AA1B_nonMSIH\TCGA-3L-AA1B_nonMSIH_x9264_y23264_patch00138.png,TCGA-3L-AA1B_nonMSIH_x9264_y23264_patch00138.png,138,9264,23264,162.03,117.04,156.58,41.12,42.03,34.13
D:/Aamir Gulzar/KSA_project2/dataset/patch_data\TCGA-3L-AA1B_nonMSIH\TCGA-3L-AA1B_nonMSIH_x9264_y23776_patch00139.png,TCGA-3L-AA1B_nonMSIH_x9264_y23776_patch00139.png,139,9264,23776,174.0,124.35,159.91,43.3,43.55,37.13
D:/Aamir Gulzar/KSA_project2/dataset/patch_data\TCGA-3L-AA1B_nonMSIH\TCGA-3L-AA1B_nonMSIH_x9264_y24288_patch00140.png,TCGA-3L-AA1B_nonMSIH_x9264_y24288_patch00140.png,140,9264,24288,189.93,136.06,165.13,46.28,54.59,46.68
D:/Aamir Gulzar/KSA_project2/dataset/patch_data\TCGA-3L-AA1B_nonMSIH\TCGA-3L-AA1B_nonMSIH_x9776_y13536_patch00141.png,TCGA-3L-AA1B_nonMSIH_x9776_y13536_patch00141.png,141,9776,13536,214.02,174.63,195.7,38.44,54.26,41.24
D:/Aamir Gulzar/KSA_project2/dataset/patch_data\TCGA-3L-AA1B_nonMSIH\TCGA-3L-AA1B_nonMSIH_x9776_y14048_patch00142.png,TCGA-3L-AA1B_nonMSIH_x9776_y14048_patch00142.png,142,9776,14048,207.21,175.4,195.24,51.86,62.7,49.18
D:/Aamir Gulzar/KSA_project2/dataset/patch_data\TCGA-3L-AA1B_nonMSIH\TCGA-3L-AA1B_nonMSIH_x9776_y14560_patch00143.png,TCGA-3L-AA1B_nonMSIH_x9776_y14560_patch00143.png,143,9776,14560,197.41,120.58,157.95,41.71,39.8,33.57
D:/Aamir Gulzar/KSA_project2/dataset/patch_data\TCGA-3L-AA1B_nonMSIH\TCGA-3L-AA1B_nonMSIH_x9776_y15072_patch00144.png,TCGA-3L-AA1B_nonMSIH_x9776_y15072_patch00144.png,144,9776,15072,201.57,126.88,163.91,34.31,35.9,29.85
D:/Aamir Gulzar/KSA_project2/dataset/patch_data\TCGA-3L-AA1B_nonMSIH\TCGA-3L-AA1B_nonMSIH_x9776_y15584_patch00145.png,TCGA-3L-AA1B_nonMSIH_x9776_y15584_patch00145.png,145,9776,15584,206.33,129.17,163.41,35.46,48.86,38.44
D:/Aamir Gulzar/KSA_project2/dataset/patch_data\TCGA-3L-AA1B_nonMSIH\TCGA-3L-AA1B_nonMSIH_x9776_y18656_patch00146.png,TCGA-3L-AA1B_nonMSIH_x9776_y18656_patch00146.png,146,9776,18656,172.48,117.82,154.22,53.36,51.2,43.98
D:/Aamir Gulzar/KSA_project2/dataset/patch_data\TCGA-3L-AA1B_nonMSIH\TCGA-3L-AA1B_nonMSIH_x9776_y19168_patch00147.png,TCGA-3L-AA1B_nonMSIH_x9776_y19168_patch00147.png,147,9776,19168,156.96,105.84,146.2,50.97,49.96,43.28
D:/Aamir Gulzar/KSA_project2/dataset/patch_data\TCGA-3L-AA1B_nonMSIH\TCGA-3L-AA1B_nonMSIH_x9776_y19680_patch00148.png,TCGA-3L-AA1B_nonMSIH_x9776_y19680_patch00148.png,148,9776,19680,174.68,127.56,164.08,44.88,47.23,38.61
D:/Aamir Gulzar/KSA_project2/dataset/patch_data\TCGA-3L-AA1B_nonMSIH\TCGA-3L-AA1B_nonMSIH_x9776_y20192_patch00149.png,TCGA-3L-AA1B_nonMSIH_x9776_y20192_patch00149.png,149,9776,20192,174.48,128.23,164.33,45.54,48.03,39.71
D:/Aamir Gulzar/KSA_project2/dataset/patch_data\TCGA-3L-AA1B_nonMSIH\TCGA-3L-AA1B_nonMSIH_x9776_y20704_patch00150.png,TCGA-3L-AA1B_nonMSIH_x9776_y20704_patch00150.png,150,9776,20704,177.57,129.35,165.83,40.85,42.16,35.14
D:/Aamir Gulzar/KSA_project2/dataset/patch_data\TCGA-3L-AA1B_nonMSIH\TCGA-3L-AA1B_nonMSIH_x9776_y21216_patch00151.png,TCGA-3L-AA1B_nonMSIH_x9776_y21216_patch00151.png,151,9776,21216,158.25,109.36,150.36,46.23,45.89,38.82
D:/Aamir Gulzar/KSA_project2/dataset/patch_data\TCGA-3L-AA1B_nonMSIH\TCGA-3L-AA1B_nonMSIH_x9776_y21728_patch00152.png,TCGA-3L-AA1B_nonMSIH_x9776_y21728_patch00152.png,152,9776,21728,152.28,105.72,147.99,43.64,42.85,35.75
D:/Aamir Gulzar/KSA_project2/dataset/patch_data\TCGA-3L-AA1B_nonMSIH\TCGA-3L-AA1B_nonMSIH_x9776_y22240_patch00153.png,TCGA-3L-AA1B_nonMSIH_x9776_y22240_patch00153.png,153,9776,22240,153.79,110.21,151.43,43.61,45.04,37.03
D:/Aamir Gulzar/KSA_project2/dataset/patch_data\TCGA-3L-AA1B_nonMSIH\TCGA-3L-AA1B_nonMSIH_x9776_y22752_patch00154.png,TCGA-3L-AA1B_nonMSIH_x9776_y22752_patch00154.png,154,9776,22752,159.82,116.42,155.94,44.33,46.5,37.63
D:/Aamir Gulzar/KSA_project2/dataset/patch_data\TCGA-3L-AA1B_nonMSIH\TCGA-3L-AA1B_nonMSIH_x9776_y23264_patch00155.png,TCGA-3L-AA1B_nonMSIH_x9776_y23264_patch00155.png,155,9776,23264,167.34,118.38,157.14,43.45,42.6,35.49
D:/Aamir Gulzar/KSA_project2/dataset/patch_data\TCGA-3L-AA1B_nonMSIH\TCGA-3L-AA1B_nonMSIH_x9776_y23776_patch00156.png,TCGA-3L-AA1B_nonMSIH_x9776_y23776_patch00156.png,156,9776,23776,169.98,119.84,155.74,47.75,46.44,40.14
D:/Aamir Gulzar/KSA_project2/dataset/patch_data\TCGA-3L-AA1B_nonMSIH\TCGA-3L-AA1B_nonMSIH_x9776_y24288_patch00157.png,TCGA-3L-AA1B_nonMSIH_x9776_y24288_patch00157.png,157,9776,24288,184.49,136.7,166.11,50.95,56.93,47.79
D:/Aamir Gulzar/KSA_project2/dataset/patch_data\TCGA-3L-AA1B_nonMSIH\TCGA-3L-AA1B_nonMSIH_x9776_y24800_patch00158.png,TCGA-3L-AA1B_nonMSIH_x9776_y24800_patch00158.png,158,9776,24800,233.95,228.27,231.73,28.51,38.19,29.55
