classifier,fold,WSI_ID,target,prob_pos,pred_at_0.5
lin,1,SR1482_40X_HE_T029_01,0,0.998879640359996,1
lin,1,SR1482_40X_HE_T029_02,0,0.9998619798157306,1
lin,1,SR1482_40X_HE_T057_01,0,0.01208821674159439,0
lin,1,SR1482_40X_HE_T063_01,1,0.6659822746172278,1
lin,1,SR1482_40X_HE_T063_02,1,0.017949206467519484,0
lin,1,SR1482_40X_HE_T065_01,0,0.5728330140689383,1
lin,1,SR1482_40X_HE_T065_02,0,0.3343281091300355,0
lin,1,SR1482_40X_HE_T066_01,0,0.0713923274223125,0
lin,1,SR1482_40X_HE_T066_02,0,0.09814013904918514,0
lin,1,SR1482_40X_HE_T068_01,0,0.0027443986243065642,0
lin,1,SR1482_40X_HE_T069_01,0,0.0006073734446582407,0
lin,1,SR1482_40X_HE_T069_02,0,0.0025885529242912204,0
lin,1,SR1482_40X_HE_T079_01,1,0.10062773518045032,0
lin,1,SR1482_40X_HE_T079_02,1,0.23559144310554375,0
lin,1,SR1482_40X_HE_T080_01,0,0.02117178163293382,0
lin,1,SR1482_40X_HE_T080_02,0,0.017091682243563205,0
lin,1,SR1482_40X_HE_T081_01,0,0.3699982044327132,0
lin,1,SR1482_40X_HE_T081_02,0,0.06908238288367728,0
lin,1,SR1482_40X_HE_T099_01,0,0.00036696589426209723,0
lin,1,SR1482_40X_HE_T116_01,0,0.2494631673575558,0
lin,1,SR1482_40X_HE_T117_01,0,0.00954840390023405,0
lin,1,SR1482_40X_HE_T117_02,0,0.000768561394966556,0
lin,1,SR1482_40X_HE_T126_01,0,0.23193817837963254,0
lin,1,SR1482_40X_HE_T129_01,0,0.07931882587030671,0
lin,1,SR1482_40X_HE_T129_02,0,0.808036012328964,1
lin,1,SR1482_40X_HE_T139_01,0,0.5233122599145936,1
lin,1,SR1482_40X_HE_T139_02,0,0.968882646782569,1
lin,1,SR1482_40X_HE_T147_01,0,0.9879266158291623,1
lin,1,SR1482_40X_HE_T147_02,0,0.9866113654302611,1
lin,1,SR1482_40X_HE_T159_01,0,0.05718285752960746,0
lin,1,SR1482_40X_HE_T159_02,0,0.02991741563885893,0
lin,1,SR1482_40X_HE_T192_01,0,0.04856400690300924,0
lin,1,SR1482_40X_HE_T199_01,0,0.18623476862769411,0
lin,1,SR1482_40X_HE_T304_01,0,0.00223673806510018,0
lin,1,SR1482_40X_HE_T304_02,0,0.008360986649012093,0
lin,1,SR1482_40X_HE_T310_01,1,0.06734237898780102,0
lin,1,SR1482_40X_HE_T310_02,1,0.001225323087184503,0
lin,1,SR1482_40X_HE_T341_01,0,0.002262348696348936,0
lin,1,SR1482_40X_HE_T341_02,0,0.010698594687833879,0
lin,1,SR1482_40X_HE_T353_01,0,0.2371823880409881,0
lin,1,SR1482_40X_HE_T390_01,0,0.04907722607382089,0
lin,1,SR1482_40X_HE_T433_01,1,0.44912234210246593,0
lin,1,SR386_40X_HE_T003_01,0,0.002788810079765142,0
lin,1,SR386_40X_HE_T004_01,0,0.004900002760399113,0
lin,1,SR386_40X_HE_T022_01,1,0.9565727097772339,1
lin,1,SR386_40X_HE_T030_01,0,0.8478484745890572,1
lin,1,SR386_40X_HE_T033_01,0,0.00016817610574811626,0
lin,1,SR386_40X_HE_T036_01,0,0.054349627176210655,0
lin,1,SR386_40X_HE_T038_01,0,0.00376934547552664,0
lin,1,SR386_40X_HE_T049_01,0,0.005117099968060302,0
lin,1,SR386_40X_HE_T050_01,0,0.008516138951447969,0
lin,1,SR386_40X_HE_T060_01,0,0.11117240480025938,0
lin,1,SR386_40X_HE_T063_01,0,0.12686034105984492,0
lin,1,SR386_40X_HE_T066_01,0,0.006450638350448374,0
lin,1,SR386_40X_HE_T069_01,0,0.012197989970037744,0
lin,1,SR386_40X_HE_T072_01,0,0.2736869467507539,0
lin,1,SR386_40X_HE_T074_01,0,0.01338805761690296,0
lin,1,SR386_40X_HE_T078_01,0,0.01905259528755245,0
lin,1,SR386_40X_HE_T079_01,0,0.00132789575981117,0
lin,1,SR386_40X_HE_T092_01,1,0.2594684568343047,0
lin,1,SR386_40X_HE_T096_01,0,0.0011654309705863488,0
lin,1,SR386_40X_HE_T099_01,0,0.05925647104641013,0
lin,1,SR386_40X_HE_T103_01,0,0.0006433459385007507,0
lin,1,SR386_40X_HE_T108_01,0,0.06411387100866488,0
lin,1,SR386_40X_HE_T113_01,0,0.07856855837685758,0
lin,1,SR386_40X_HE_T114_01,0,0.0181661391479479,0
lin,1,SR386_40X_HE_T119_01,0,0.004465436396937369,0
lin,1,SR386_40X_HE_T126_01,0,0.022691178045518443,0
lin,1,SR386_40X_HE_T130_01,0,0.0011785253746181635,0
lin,1,SR386_40X_HE_T131_01,0,0.4734677313767463,0
lin,1,SR386_40X_HE_T135_01,0,0.5483472051191793,1
lin,1,SR386_40X_HE_T140_01,0,0.2475455354714057,0
lin,1,SR386_40X_HE_T144_01,0,0.157656959849059,0
lin,1,SR386_40X_HE_T147_01,0,0.01363040301833532,0
lin,1,SR386_40X_HE_T148_01,0,0.2381477247286865,0
lin,1,SR386_40X_HE_T160_01,0,0.006868422289524771,0
lin,1,SR386_40X_HE_T169_01,0,0.00014630755728180486,0
lin,1,SR386_40X_HE_T170_01,1,0.6096272168262159,1
lin,1,SR386_40X_HE_T172_01,0,0.7060622323216855,1
lin,1,SR386_40X_HE_T174_01,0,0.03049940468554402,0
lin,1,SR386_40X_HE_T181_01,0,0.000908589257502547,0
lin,1,SR386_40X_HE_T196_01,0,0.013988792834628129,0
lin,1,SR386_40X_HE_T205_01,0,0.04152812655011343,0
lin,1,SR386_40X_HE_T209_01,0,0.003308106769101779,0
lin,1,SR386_40X_HE_T210_01,0,0.8430424525505824,1
lin,1,SR386_40X_HE_T212_01,0,0.0007391188811475845,0
lin,1,SR386_40X_HE_T221_01,0,0.02990339764571866,0
lin,1,SR386_40X_HE_T224_01,0,0.010546193918165747,0
lin,1,SR386_40X_HE_T231_01,1,0.15113785089989465,0
lin,1,SR386_40X_HE_T232_01,0,0.0017862519521089594,0
lin,1,SR386_40X_HE_T247_01,0,0.007163535823851793,0
lin,1,SR386_40X_HE_T252_01,0,0.0005689799184896513,0
lin,1,SR386_40X_HE_T255_01,0,0.001900759932903588,0
lin,1,SR386_40X_HE_T259_01,1,0.010559526805816129,0
lin,1,SR386_40X_HE_T274_01,0,0.0059540251614584845,0
lin,1,SR386_40X_HE_T275_01,0,0.3559335986559955,0
lin,1,SR386_40X_HE_T282_01,0,0.0003247969088371062,0
lin,1,SR386_40X_HE_T294_01,0,0.7449357798743297,1
lin,1,SR386_40X_HE_T311_01,0,0.023240663271448816,0
lin,1,SR386_40X_HE_T315_01,0,0.019956535639290226,0
lin,1,SR386_40X_HE_T319_01,1,0.06415539650850759,0
lin,1,SR386_40X_HE_T324_01,1,0.012264080884845392,0
lin,1,SR386_40X_HE_T330_01,0,5.469649206631403e-05,0
lin,1,SR386_40X_HE_T333_01,0,0.16335502431808474,0
lin,1,SR386_40X_HE_T335_01,0,0.0005544964954610665,0
lin,1,SR386_40X_HE_T337_01,0,0.0506880687559645,0
lin,1,SR386_40X_HE_T344_01,0,0.34030393593918845,0
lin,1,SR386_40X_HE_T347_01,0,0.0080549912839172,0
lin,1,SR386_40X_HE_T350_01,0,0.002791034003337486,0
lin,1,SR386_40X_HE_T351_01,0,0.004778035568964644,0
lin,1,SR386_40X_HE_T360_01,0,0.001214357257370353,0
lin,1,SR386_40X_HE_T361_01,0,0.027484832494543258,0
lin,1,SR386_40X_HE_T366_01,0,0.0013852037909201436,0
lin,1,SR386_40X_HE_T377_01,1,0.7559422631322877,1
lin,1,SR386_40X_HE_T384_01,0,0.0006112283276095819,0
lin,1,SR386_40X_HE_T395_01,0,0.029193609458145277,0
lin,1,SR386_40X_HE_T396_01,0,0.039518695160446135,0
lin,1,SR386_40X_HE_T401_01,0,0.04246458278918468,0
lin,1,SR386_40X_HE_T408_01,0,0.0018719372920860235,0
lin,1,SR386_40X_HE_T410_01,0,0.1580963041051621,0
lin,1,SR386_40X_HE_T413_01,0,0.1178590833884636,0
lin,1,SR386_40X_HE_T416_01,0,0.00453238777871361,0
lin,1,SR386_40X_HE_T418_01,0,0.0009297124104556264,0
lin,1,SR386_40X_HE_T419_01,0,0.0002610392304160589,0
lin,1,SR386_40X_HE_T421_01,0,0.005688755833544247,0
lin,1,SR386_40X_HE_T423_01,0,0.001851031114021101,0
lin,1,SR386_40X_HE_T428_01,0,0.054850965831465356,0
lin,1,SR386_40X_HE_T430_01,0,0.009561531733113532,0
lin,1,SR386_40X_HE_T431_01,0,0.007663297161733568,0
lin,1,SR386_40X_HE_T435_01,0,0.7658431849306094,1
lin,1,SR386_40X_HE_T438_01,0,0.07423658614095659,0
lin,1,SR386_40X_HE_T439_01,0,0.025705543570225767,0
lin,1,SR386_40X_HE_T447_01,0,0.0002956611198512493,0
lin,1,SR386_40X_HE_T449_01,0,0.012552689267006818,0
lin,1,SR386_40X_HE_T454_01,0,0.008883473163649373,0
lin,1,SR386_40X_HE_T456_01,0,0.00448594525137796,0
lin,1,SR386_40X_HE_T461_01,0,0.03350450283977357,0
lin,1,SR386_40X_HE_T462_01,0,0.06699511723381417,0
lin,1,SR386_40X_HE_T468_01,0,0.0013907401214522963,0
lin,1,SR386_40X_HE_T469_01,1,0.0017619931969325138,0
lin,1,SR386_40X_HE_T470_01,0,0.018355309961661855,0
lin,1,SR386_40X_HE_T471_01,0,0.0050409334249131525,0
lin,1,SR386_40X_HE_T477_01,0,0.0023698069423466047,0
lin,1,SR386_40X_HE_T480_01,0,0.3113431475205518,0
lin,1,SR386_40X_HE_T484_01,0,0.025058240588962145,0
lin,1,SR386_40X_HE_T495_01,0,0.0007806602953162921,0
lin,1,SR386_40X_HE_T496_01,0,0.0004867850820311695,0
lin,1,SR386_40X_HE_T498_01,0,0.5767434393401377,1
lin,1,SR386_40X_HE_T504_01,0,0.061634661608003266,0
lin,1,SR386_40X_HE_T511_01,0,0.10974117802614256,0
lin,1,SR386_40X_HE_T517_01,0,0.5330793892947014,1
lin,1,SR386_40X_HE_T523_01,0,0.0360974226697704,0
lin,1,SR386_40X_HE_T529_01,0,0.005433702973860022,0
lin,1,SR386_40X_HE_T542_01,0,0.0007527708707957466,0
lin,1,SR386_40X_HE_T569_01,0,0.029315971665694697,0
lin,1,SR386_40X_HE_T582_01,0,0.01577710099540654,0
lin,2,SR1482_40X_HE_T009_01,0,0.0009620483491331224,0
lin,2,SR1482_40X_HE_T009_02,0,0.0022112730979314535,0
lin,2,SR1482_40X_HE_T015_01,0,0.003788544444476924,0
lin,2,SR1482_40X_HE_T021_01,0,0.01792963555323822,0
lin,2,SR1482_40X_HE_T067_01,0,0.0012293391532132631,0
lin,2,SR1482_40X_HE_T075_01,0,0.02166562634509387,0
lin,2,SR1482_40X_HE_T075_02,0,0.073588447864906,0
lin,2,SR1482_40X_HE_T098_01,0,0.009254179217312152,0
lin,2,SR1482_40X_HE_T098_02,0,0.009596471823158148,0
lin,2,SR1482_40X_HE_T102_01,0,0.053570733674656916,0
lin,2,SR1482_40X_HE_T123_01,0,0.01718143403450189,0
lin,2,SR1482_40X_HE_T142_01,0,0.0034492364872424344,0
lin,2,SR1482_40X_HE_T146_01,0,0.12476988215602573,0
lin,2,SR1482_40X_HE_T148_01,0,0.42439151803137254,0
lin,2,SR1482_40X_HE_T148_02,0,0.36503013734303585,0
lin,2,SR1482_40X_HE_T154_01,0,0.15334027513583934,0
lin,2,SR1482_40X_HE_T158_01,0,0.0013037585412008351,0
lin,2,SR1482_40X_HE_T161_01,0,0.09415159939705417,0
lin,2,SR1482_40X_HE_T161_02,0,0.5542452159699536,1
lin,2,SR1482_40X_HE_T164_01,1,0.06831828020570338,0
lin,2,SR1482_40X_HE_T164_02,1,0.0405306230594261,0
lin,2,SR1482_40X_HE_T168_01,0,0.0417452200746493,0
lin,2,SR1482_40X_HE_T171_01,0,0.03748683468006048,0
lin,2,SR1482_40X_HE_T171_02,0,0.009041983177770494,0
lin,2,SR1482_40X_HE_T178_01,1,0.008048577429754318,0
lin,2,SR1482_40X_HE_T186_01,0,0.0005952952194624251,0
lin,2,SR1482_40X_HE_T193_01,0,0.007551467342178856,0
lin,2,SR1482_40X_HE_T193_02,0,0.24297906504357464,0
lin,2,SR1482_40X_HE_T209_01,0,0.01679733411662218,0
lin,2,SR1482_40X_HE_T209_02,0,0.3597612689699968,0
lin,2,SR1482_40X_HE_T245_01,0,0.01925380477371665,0
lin,2,SR1482_40X_HE_T245_02,0,0.044311824408996864,0
lin,2,SR1482_40X_HE_T265_01,0,0.015888986244803498,0
lin,2,SR1482_40X_HE_T302_01,0,0.07265046637912616,0
lin,2,SR1482_40X_HE_T343_01,1,0.9026689902959036,1
lin,2,SR1482_40X_HE_T343_02,1,0.39374992491772415,0
lin,2,SR1482_40X_HE_T399_01,0,0.011593357398236753,0
lin,2,SR1482_40X_HE_T399_02,0,0.011850527112377796,0
lin,2,SR1482_40X_HE_T426_01,0,0.06619456907971137,0
lin,2,SR1482_40X_HE_T426_02,0,0.08418351336410047,0
lin,2,SR386_40X_HE_T001_01,0,0.15777164302399407,0
lin,2,SR386_40X_HE_T013_01,0,0.02657356507067251,0
lin,2,SR386_40X_HE_T018_01,0,0.1116969183021253,0
lin,2,SR386_40X_HE_T019_01,0,0.044682692998345416,0
lin,2,SR386_40X_HE_T024_01,0,0.0004110349904718613,0
lin,2,SR386_40X_HE_T039_01,0,0.0015219308805532507,0
lin,2,SR386_40X_HE_T040_01,1,0.46785157128094496,0
lin,2,SR386_40X_HE_T042_01,0,0.016771097832211247,0
lin,2,SR386_40X_HE_T047_01,0,0.007589588456832506,0
lin,2,SR386_40X_HE_T051_01,0,0.0016670730891432102,0
lin,2,SR386_40X_HE_T052_01,0,0.2660147627152327,0
lin,2,SR386_40X_HE_T056_01,0,0.0077484011984104385,0
lin,2,SR386_40X_HE_T057_01,0,0.009154751874360498,0
lin,2,SR386_40X_HE_T070_01,0,0.006644278750864215,0
lin,2,SR386_40X_HE_T082_01,0,0.9447466900208409,1
lin,2,SR386_40X_HE_T084_01,0,0.008017451677967493,0
lin,2,SR386_40X_HE_T087_01,0,0.2571469064696193,0
lin,2,SR386_40X_HE_T088_01,0,0.0282577740167877,0
lin,2,SR386_40X_HE_T098_01,0,0.23204009063170694,0
lin,2,SR386_40X_HE_T105_01,0,0.0004740898181363212,0
lin,2,SR386_40X_HE_T122_01,0,0.008641998167726424,0
lin,2,SR386_40X_HE_T123_01,0,0.10676260551610184,0
lin,2,SR386_40X_HE_T133_01,0,0.008058938359531927,0
lin,2,SR386_40X_HE_T145_01,0,0.05269938800850136,0
lin,2,SR386_40X_HE_T150_01,0,0.15179447224419948,0
lin,2,SR386_40X_HE_T152_01,0,0.30158623400905177,0
lin,2,SR386_40X_HE_T155_01,0,0.0034519066243334797,0
lin,2,SR386_40X_HE_T157_01,0,0.0624964496219458,0
lin,2,SR386_40X_HE_T164_01,0,0.00222153203678999,0
lin,2,SR386_40X_HE_T166_01,0,0.008236616178729667,0
lin,2,SR386_40X_HE_T176_01,1,0.1607815729108711,0
lin,2,SR386_40X_HE_T177_01,0,0.0013014694133890222,0
lin,2,SR386_40X_HE_T178_01,0,0.11232816078495639,0
lin,2,SR386_40X_HE_T187_01,0,0.07976677242559843,0
lin,2,SR386_40X_HE_T190_01,0,0.00026884765765256355,0
lin,2,SR386_40X_HE_T192_01,0,0.0013655810938205555,0
lin,2,SR386_40X_HE_T198_01,0,0.04658429490335182,0
lin,2,SR386_40X_HE_T200_01,0,0.31407317542094537,0
lin,2,SR386_40X_HE_T206_01,1,0.007469558451067032,0
lin,2,SR386_40X_HE_T211_01,0,0.012542650076338018,0
lin,2,SR386_40X_HE_T213_01,0,0.037193400251073795,0
lin,2,SR386_40X_HE_T214_01,0,0.03166144073398147,0
lin,2,SR386_40X_HE_T220_01,0,0.08770568185490596,0
lin,2,SR386_40X_HE_T230_01,1,0.08286499960100371,0
lin,2,SR386_40X_HE_T236_01,0,0.008355817087205097,0
lin,2,SR386_40X_HE_T237_01,0,0.009550289684584405,0
lin,2,SR386_40X_HE_T240_01,0,0.013362241507383403,0
lin,2,SR386_40X_HE_T241_01,0,0.03589560024673702,0
lin,2,SR386_40X_HE_T242_01,0,0.02155106746897349,0
lin,2,SR386_40X_HE_T253_01,0,0.003054903428668535,0
lin,2,SR386_40X_HE_T260_01,0,0.031136608994134802,0
lin,2,SR386_40X_HE_T262_01,0,0.1016786913682075,0
lin,2,SR386_40X_HE_T264_01,0,0.012624700167550611,0
lin,2,SR386_40X_HE_T271_01,0,8.176551789899555e-05,0
lin,2,SR386_40X_HE_T281_01,0,0.004372157861779203,0
lin,2,SR386_40X_HE_T297_01,0,0.0007490148801941816,0
lin,2,SR386_40X_HE_T299_01,0,0.004777553801746164,0
lin,2,SR386_40X_HE_T301_01,0,0.0042449940076404475,0
lin,2,SR386_40X_HE_T306_01,0,0.024282362419107126,0
lin,2,SR386_40X_HE_T309_01,0,0.013223149195966578,0
lin,2,SR386_40X_HE_T314_01,0,0.014835267223249743,0
lin,2,SR386_40X_HE_T316_01,0,0.2463721562052127,0
lin,2,SR386_40X_HE_T318_01,0,0.04630539505543446,0
lin,2,SR386_40X_HE_T321_01,0,0.08017758144115827,0
lin,2,SR386_40X_HE_T326_01,0,0.005821526102205357,0
lin,2,SR386_40X_HE_T327_01,0,0.0015060909485584669,0
lin,2,SR386_40X_HE_T332_01,1,0.06005065721424848,0
lin,2,SR386_40X_HE_T355_01,0,0.0022367166774988683,0
lin,2,SR386_40X_HE_T364_01,0,0.14318391579207934,0
lin,2,SR386_40X_HE_T368_01,1,0.0028037558662461597,0
lin,2,SR386_40X_HE_T374_01,0,0.017618474487034512,0
lin,2,SR386_40X_HE_T380_01,0,0.0038243294354516413,0
lin,2,SR386_40X_HE_T382_01,0,0.022862900140111688,0
lin,2,SR386_40X_HE_T392_01,0,0.008939790836198102,0
lin,2,SR386_40X_HE_T398_01,0,0.041470464550553254,0
lin,2,SR386_40X_HE_T402_01,1,0.015340034097646733,0
lin,2,SR386_40X_HE_T404_01,0,0.0018738623985678153,0
lin,2,SR386_40X_HE_T415_01,0,0.0011457710862540125,0
lin,2,SR386_40X_HE_T417_01,0,0.0030043783479028322,0
lin,2,SR386_40X_HE_T425_01,0,0.003254881954085313,0
lin,2,SR386_40X_HE_T436_01,1,0.03690540502915692,0
lin,2,SR386_40X_HE_T437_01,0,0.06560277912093869,0
lin,2,SR386_40X_HE_T440_01,0,0.029457698214846645,0
lin,2,SR386_40X_HE_T445_01,0,0.03499408558818756,0
lin,2,SR386_40X_HE_T450_01,0,0.12055170413135825,0
lin,2,SR386_40X_HE_T459_01,0,0.0031672500843899394,0
lin,2,SR386_40X_HE_T472_01,0,0.025043820513943365,0
lin,2,SR386_40X_HE_T481_01,0,0.04997489413460201,0
lin,2,SR386_40X_HE_T483_01,0,0.09347618017822208,0
lin,2,SR386_40X_HE_T486_01,0,0.08119930846969493,0
lin,2,SR386_40X_HE_T488_01,0,0.052644524216159595,0
lin,2,SR386_40X_HE_T499_01,0,0.033428193626865735,0
lin,2,SR386_40X_HE_T507_01,0,0.2607278700144523,0
lin,2,SR386_40X_HE_T514_01,0,0.002181312834081412,0
lin,2,SR386_40X_HE_T520_01,1,0.015085118550591322,0
lin,2,SR386_40X_HE_T522_01,0,0.017048012006606744,0
lin,2,SR386_40X_HE_T531_01,0,0.015916641030273345,0
lin,2,SR386_40X_HE_T535_01,0,0.002057561041315559,0
lin,2,SR386_40X_HE_T539_01,0,0.39774644239133244,0
lin,2,SR386_40X_HE_T549_01,0,0.002322584925281363,0
lin,2,SR386_40X_HE_T552_01,0,0.11992066592239511,0
lin,2,SR386_40X_HE_T553_01,0,0.04387622131376225,0
lin,2,SR386_40X_HE_T554_01,0,0.21068297990804058,0
lin,2,SR386_40X_HE_T558_01,0,0.0027179080811663256,0
lin,2,SR386_40X_HE_T564_01,0,0.014963299406882563,0
lin,2,SR386_40X_HE_T570_01,0,0.029115512800947277,0
lin,2,SR386_40X_HE_T574_01,0,0.0012324839895989606,0
lin,2,SR386_40X_HE_T578_01,0,0.0019531583076255357,0
lin,2,SR386_40X_HE_T580_01,0,0.006844137499194151,0
lin,3,SR1482_40X_HE_T005_01,0,0.36431798374917085,0
lin,3,SR1482_40X_HE_T005_02,0,0.010661392868945272,0
lin,3,SR1482_40X_HE_T010_01,0,0.0023258661367083584,0
lin,3,SR1482_40X_HE_T043_01,0,0.5127802220938688,1
lin,3,SR1482_40X_HE_T043_02,0,0.3332240530738725,0
lin,3,SR1482_40X_HE_T049_01,0,0.015327050954844755,0
lin,3,SR1482_40X_HE_T061_01,0,0.2987457529935911,0
lin,3,SR1482_40X_HE_T061_02,0,0.26364534998230926,0
lin,3,SR1482_40X_HE_T070_01,1,0.009380610263831905,0
lin,3,SR1482_40X_HE_T073_01,0,0.0065121361321475784,0
lin,3,SR1482_40X_HE_T082_01,0,0.0009508727565953506,0
lin,3,SR1482_40X_HE_T082_02,0,0.01693690485810174,0
lin,3,SR1482_40X_HE_T089_01,0,0.0005783409139688411,0
lin,3,SR1482_40X_HE_T090_01,0,1.2039567437178416e-05,0
lin,3,SR1482_40X_HE_T094_01,1,0.2656509891705885,0
lin,3,SR1482_40X_HE_T094_02,1,0.04395553194989876,0
lin,3,SR1482_40X_HE_T105_01,0,0.0005402122653912237,0
lin,3,SR1482_40X_HE_T115_01,0,0.0033968632008464336,0
lin,3,SR1482_40X_HE_T115_02,0,0.001508032193023093,0
lin,3,SR1482_40X_HE_T118_01,0,0.26034666256230543,0
lin,3,SR1482_40X_HE_T118_02,0,0.02036144257600444,0
lin,3,SR1482_40X_HE_T120_01,0,0.8761382037399438,1
lin,3,SR1482_40X_HE_T120_02,0,0.634151214158046,1
lin,3,SR1482_40X_HE_T124_01,0,0.1756013889548497,0
lin,3,SR1482_40X_HE_T124_02,0,0.3991664838941127,0
lin,3,SR1482_40X_HE_T138_01,0,0.0328271165411583,0
lin,3,SR1482_40X_HE_T160_01,0,0.0012112867020422204,0
lin,3,SR1482_40X_HE_T160_02,0,0.0008620393727429156,0
lin,3,SR1482_40X_HE_T167_01,0,0.06746341752763721,0
lin,3,SR1482_40X_HE_T167_02,0,0.07538866976303935,0
lin,3,SR1482_40X_HE_T175_01,0,0.011168760064164278,0
lin,3,SR1482_40X_HE_T175_02,0,0.06899351055203419,0
lin,3,SR1482_40X_HE_T177_01,1,6.4663003537961705e-06,0
lin,3,SR1482_40X_HE_T188_01,0,0.008159315032522752,0
lin,3,SR1482_40X_HE_T195_01,0,0.000864444465466722,0
lin,3,SR1482_40X_HE_T195_02,0,0.00084914732375304,0
lin,3,SR1482_40X_HE_T202_01,0,0.007776646678648529,0
lin,3,SR1482_40X_HE_T202_02,0,0.006685795098818137,0
lin,3,SR1482_40X_HE_T225_01,0,0.4240822219798336,0
lin,3,SR1482_40X_HE_T225_02,0,6.865472631294627e-06,0
lin,3,SR1482_40X_HE_T235_01,0,0.033573191196469926,0
lin,3,SR1482_40X_HE_T235_02,0,0.008512958995909562,0
lin,3,SR1482_40X_HE_T236_01,0,0.0010256157823113098,0
lin,3,SR1482_40X_HE_T236_02,0,0.00710995360799734,0
lin,3,SR1482_40X_HE_T258_01,0,0.0021608951667827087,0
lin,3,SR1482_40X_HE_T258_02,0,0.009754313691323895,0
lin,3,SR1482_40X_HE_T284_01,1,0.7042276190139601,1
lin,3,SR1482_40X_HE_T284_02,1,0.02409012206990943,0
lin,3,SR1482_40X_HE_T301_01,1,0.011012687432672886,0
lin,3,SR1482_40X_HE_T301_02,1,0.07342960654639945,0
lin,3,SR1482_40X_HE_T309_01,0,0.052466164831939166,0
lin,3,SR1482_40X_HE_T313_01,0,0.0368449628185561,0
lin,3,SR1482_40X_HE_T313_02,0,0.4749575843340896,0
lin,3,SR1482_40X_HE_T338_01,0,0.020241081318769935,0
lin,3,SR1482_40X_HE_T344_01,0,0.7968482797946513,1
lin,3,SR1482_40X_HE_T344_02,0,0.36086205005918875,0
lin,3,SR1482_40X_HE_T346_01,0,0.04309757520673176,0
lin,3,SR1482_40X_HE_T346_02,0,0.1734986623111923,0
lin,3,SR1482_40X_HE_T377_01,0,0.01139130026885757,0
lin,3,SR1482_40X_HE_T377_02,0,0.21619682605377205,0
lin,3,SR1482_40X_HE_T419_01,0,0.03858956203076399,0
lin,3,SR1482_40X_HE_T427_01,0,0.019864325397662565,0
lin,3,SR1482_40X_HE_T427_02,0,0.05022028835296552,0
lin,3,SR386_40X_HE_T007_01,0,0.10797810526161948,0
lin,3,SR386_40X_HE_T015_01,0,0.08079083074934142,0
lin,3,SR386_40X_HE_T017_01,1,0.042955247655627436,0
lin,3,SR386_40X_HE_T032_01,0,0.013910392494644595,0
lin,3,SR386_40X_HE_T034_01,0,0.023285957434940777,0
lin,3,SR386_40X_HE_T035_01,0,0.1980280381820873,0
lin,3,SR386_40X_HE_T041_01,0,0.04450280959554137,0
lin,3,SR386_40X_HE_T067_01,0,0.0014893773306507594,0
lin,3,SR386_40X_HE_T075_01,0,0.03381580175439311,0
lin,3,SR386_40X_HE_T081_01,0,0.4339677484779983,0
lin,3,SR386_40X_HE_T083_01,0,0.031133847137528047,0
lin,3,SR386_40X_HE_T085_01,0,0.0025585099710313556,0
lin,3,SR386_40X_HE_T095_01,0,0.006393989917582144,0
lin,3,SR386_40X_HE_T104_01,0,0.03246159152921777,0
lin,3,SR386_40X_HE_T106_01,0,0.0009023274352683775,0
lin,3,SR386_40X_HE_T112_01,0,0.0008605882632351256,0
lin,3,SR386_40X_HE_T128_01,0,0.012702511044006846,0
lin,3,SR386_40X_HE_T132_01,0,0.0009165184725510597,0
lin,3,SR386_40X_HE_T138_01,0,0.09518329798594823,0
lin,3,SR386_40X_HE_T142_01,0,0.09139548630591492,0
lin,3,SR386_40X_HE_T149_01,0,0.08466568223298297,0
lin,3,SR386_40X_HE_T165_01,1,0.32106279897737866,0
lin,3,SR386_40X_HE_T179_01,0,0.07010720719963309,0
lin,3,SR386_40X_HE_T180_01,0,0.32953437008534425,0
lin,3,SR386_40X_HE_T182_01,0,0.028563658080747952,0
lin,3,SR386_40X_HE_T184_01,0,0.12509483436070862,0
lin,3,SR386_40X_HE_T188_01,0,0.0002954687247940179,0
lin,3,SR386_40X_HE_T191_01,0,0.02127044379543858,0
lin,3,SR386_40X_HE_T197_01,0,0.10234797713478049,0
lin,3,SR386_40X_HE_T201_01,0,0.0009717660462733285,0
lin,3,SR386_40X_HE_T202_01,0,0.0011954398433021462,0
lin,3,SR386_40X_HE_T208_01,0,0.006719340740715544,0
lin,3,SR386_40X_HE_T216_01,1,0.09565283052024047,0
lin,3,SR386_40X_HE_T238_01,0,0.00786566478918456,0
lin,3,SR386_40X_HE_T244_01,0,0.002486644421849854,0
lin,3,SR386_40X_HE_T248_01,0,0.010030336355296134,0
lin,3,SR386_40X_HE_T249_01,0,0.000334690551203163,0
lin,3,SR386_40X_HE_T250_01,0,0.0019325670611330583,0
lin,3,SR386_40X_HE_T263_01,0,0.014253842484938724,0
lin,3,SR386_40X_HE_T267_01,0,0.05061441146003507,0
lin,3,SR386_40X_HE_T269_01,0,0.006706259230633152,0
lin,3,SR386_40X_HE_T277_01,0,0.04645255314584905,0
lin,3,SR386_40X_HE_T286_01,0,0.4686540991287238,0
lin,3,SR386_40X_HE_T287_01,0,0.0077786413894721275,0
lin,3,SR386_40X_HE_T290_01,0,0.09350181498094508,0
lin,3,SR386_40X_HE_T293_01,0,0.00014099918685696035,0
lin,3,SR386_40X_HE_T298_01,0,0.0024838508772524206,0
lin,3,SR386_40X_HE_T303_01,0,0.0033697844835499148,0
lin,3,SR386_40X_HE_T312_01,0,0.08201058683812285,0
lin,3,SR386_40X_HE_T329_01,0,0.036918793880717775,0
lin,3,SR386_40X_HE_T336_01,0,0.007567719867249879,0
lin,3,SR386_40X_HE_T338_01,0,0.003040477331330413,0
lin,3,SR386_40X_HE_T342_01,0,0.015449809072689837,0
lin,3,SR386_40X_HE_T353_01,0,0.001373945426689874,0
lin,3,SR386_40X_HE_T357_01,0,0.0008597068957306494,0
lin,3,SR386_40X_HE_T362_01,0,0.024473969278647555,0
lin,3,SR386_40X_HE_T363_01,1,0.016632395001547683,0
lin,3,SR386_40X_HE_T372_01,0,0.03909777882756171,0
lin,3,SR386_40X_HE_T378_01,0,0.001959106584266746,0
lin,3,SR386_40X_HE_T379_01,0,0.0056105527068188756,0
lin,3,SR386_40X_HE_T386_01,0,0.2116298993975085,0
lin,3,SR386_40X_HE_T387_01,0,0.0005169699332898309,0
lin,3,SR386_40X_HE_T393_01,0,7.3611996095064e-05,0
lin,3,SR386_40X_HE_T397_01,0,0.0864585459013738,0
lin,3,SR386_40X_HE_T406_01,0,0.42710839169439385,0
lin,3,SR386_40X_HE_T409_01,0,0.03890536561842118,0
lin,3,SR386_40X_HE_T422_01,0,0.00026648292781519096,0
lin,3,SR386_40X_HE_T426_01,0,0.007440130006849135,0
lin,3,SR386_40X_HE_T433_01,0,0.019679508866785822,0
lin,3,SR386_40X_HE_T443_01,0,0.04652627311980793,0
lin,3,SR386_40X_HE_T448_01,0,0.012119613733652973,0
lin,3,SR386_40X_HE_T452_01,0,0.10829542414045616,0
lin,3,SR386_40X_HE_T460_01,1,0.13413143399185345,0
lin,3,SR386_40X_HE_T473_01,0,0.003552182356587108,0
lin,3,SR386_40X_HE_T475_01,0,0.0040231527384359585,0
lin,3,SR386_40X_HE_T478_01,0,0.0002689402992712793,0
lin,3,SR386_40X_HE_T489_01,1,0.0008609739377793026,0
lin,3,SR386_40X_HE_T491_01,0,0.04309449651229608,0
lin,3,SR386_40X_HE_T492_01,0,0.03172495693193283,0
lin,3,SR386_40X_HE_T493_01,0,0.00021506587920397516,0
lin,3,SR386_40X_HE_T502_01,0,0.0007321111014690368,0
lin,3,SR386_40X_HE_T505_01,0,0.017551047586471996,0
lin,3,SR386_40X_HE_T506_01,0,0.028629591318779676,0
lin,3,SR386_40X_HE_T509_01,0,0.048453137593566745,0
lin,3,SR386_40X_HE_T516_01,0,0.12112278305288716,0
lin,3,SR386_40X_HE_T518_01,0,0.003299141124234684,0
lin,3,SR386_40X_HE_T519_01,0,0.0009707149264101012,0
lin,3,SR386_40X_HE_T521_01,0,0.0007798803240446239,0
lin,3,SR386_40X_HE_T526_01,0,0.005429026201531349,0
lin,3,SR386_40X_HE_T533_01,0,0.0032992917874240984,0
lin,3,SR386_40X_HE_T543_01,0,0.018239135848537976,0
lin,3,SR386_40X_HE_T544_01,0,0.005470122323187973,0
lin,3,SR386_40X_HE_T556_01,1,0.1210464254555387,0
lin,3,SR386_40X_HE_T560_01,0,0.0007948462992667459,0
lin,3,SR386_40X_HE_T563_01,0,0.0022023618024243894,0
lin,3,SR386_40X_HE_T568_01,0,0.028370073891063247,0
lin,3,SR386_40X_HE_T571_01,0,0.0033919892743716692,0
lin,3,SR386_40X_HE_T572_01,0,0.07273280586155309,0
lin,3,SR386_40X_HE_T573_01,0,0.0021136615946170754,0
lin,3,SR386_40X_HE_T583_01,0,0.025800704094227644,0
lin,4,SR1482_40X_HE_T002_01,0,0.0005192939837695167,0
lin,4,SR1482_40X_HE_T003_01,0,0.010347311367745277,0
lin,4,SR1482_40X_HE_T004_01,0,3.887130397494008e-05,0
lin,4,SR1482_40X_HE_T004_02,0,1.2213875584515861e-05,0
lin,4,SR1482_40X_HE_T011_01,0,0.015634812385945596,0
lin,4,SR1482_40X_HE_T025_01,0,0.5426119353882725,1
lin,4,SR1482_40X_HE_T025_02,0,0.9578921081676224,1
lin,4,SR1482_40X_HE_T060_01,0,0.007343552068252751,0
lin,4,SR1482_40X_HE_T062_01,0,0.08091503256360913,0
lin,4,SR1482_40X_HE_T062_02,0,0.9403489574169158,1
lin,4,SR1482_40X_HE_T064_01,0,0.4523194929409155,0
lin,4,SR1482_40X_HE_T064_02,0,0.0020279945527563346,0
lin,4,SR1482_40X_HE_T071_01,0,0.0710087632496817,0
lin,4,SR1482_40X_HE_T071_02,0,0.3053624775660538,0
lin,4,SR1482_40X_HE_T074_01,0,0.0047024305583749605,0
lin,4,SR1482_40X_HE_T074_02,0,0.003945531526071916,0
lin,4,SR1482_40X_HE_T083_01,0,0.40555849786271575,0
lin,4,SR1482_40X_HE_T083_02,0,0.06493510538065175,0
lin,4,SR1482_40X_HE_T087_01,0,0.031001054639675153,0
lin,4,SR1482_40X_HE_T097_01,1,0.6952944695230245,1
lin,4,SR1482_40X_HE_T097_02,1,0.07518805318449522,0
lin,4,SR1482_40X_HE_T108_01,0,3.694995340203212e-05,0
lin,4,SR1482_40X_HE_T113_01,0,0.043578312123605654,0
lin,4,SR1482_40X_HE_T113_02,0,0.046915758869973914,0
lin,4,SR1482_40X_HE_T121_01,0,1.1169234151214816e-05,0
lin,4,SR1482_40X_HE_T122_01,0,6.442044340074398e-07,0
lin,4,SR1482_40X_HE_T125_01,0,0.06837673983601647,0
lin,4,SR1482_40X_HE_T125_02,0,0.05859804173412255,0
lin,4,SR1482_40X_HE_T131_01,0,0.0013554276789585885,0
lin,4,SR1482_40X_HE_T131_02,0,0.40784881222203073,0
lin,4,SR1482_40X_HE_T132_01,0,0.006036446156460611,0
lin,4,SR1482_40X_HE_T132_02,0,0.0015689512143116553,0
lin,4,SR1482_40X_HE_T143_01,0,0.8615747730405998,1
lin,4,SR1482_40X_HE_T143_02,0,0.06386185977420426,0
lin,4,SR1482_40X_HE_T166_01,1,6.113938314081995e-05,0
lin,4,SR1482_40X_HE_T169_01,0,0.005496009964083045,0
lin,4,SR1482_40X_HE_T176_01,1,0.9765313107522334,1
lin,4,SR1482_40X_HE_T176_02,1,0.9140379644497678,1
lin,4,SR1482_40X_HE_T191_01,0,0.0562677144010959,0
lin,4,SR1482_40X_HE_T194_01,0,0.7822745702031828,1
lin,4,SR1482_40X_HE_T218_01,0,0.00531642295663711,0
lin,4,SR1482_40X_HE_T253_01,0,0.0009669584939392917,0
lin,4,SR1482_40X_HE_T290_01,0,0.12082231101165257,0
lin,4,SR1482_40X_HE_T308_01,0,0.05698910174573391,0
lin,4,SR1482_40X_HE_T314_01,0,0.43572679007376613,0
lin,4,SR1482_40X_HE_T314_02,0,0.9667711695794204,1
lin,4,SR1482_40X_HE_T372_01,1,0.3321999135472675,0
lin,4,SR1482_40X_HE_T372_02,1,0.05208426205534181,0
lin,4,SR1482_40X_HE_T408_01,0,0.005183453459418167,0
lin,4,SR1482_40X_HE_T412_01,0,0.003580970485935028,0
lin,4,SR1482_40X_HE_T425_01,0,0.004141634573546349,0
lin,4,SR1482_40X_HE_T434_01,1,7.907785016591281e-05,0
lin,4,SR386_40X_HE_T006_01,0,0.001539149563988865,0
lin,4,SR386_40X_HE_T010_01,0,0.012789198746257299,0
lin,4,SR386_40X_HE_T014_01,0,0.00729729002493381,0
lin,4,SR386_40X_HE_T016_01,0,0.004010470884781214,0
lin,4,SR386_40X_HE_T020_01,0,0.00017586801543345253,0
lin,4,SR386_40X_HE_T027_01,0,0.043840885650625355,0
lin,4,SR386_40X_HE_T028_01,0,0.08394463895161788,0
lin,4,SR386_40X_HE_T037_01,0,0.0029658942523021477,0
lin,4,SR386_40X_HE_T043_01,0,0.0008954133389572011,0
lin,4,SR386_40X_HE_T044_01,1,0.0423805299842101,0
lin,4,SR386_40X_HE_T046_01,0,0.3309670242706036,0
lin,4,SR386_40X_HE_T058_01,0,0.002289907872060997,0
lin,4,SR386_40X_HE_T062_01,0,4.3224450529003805e-05,0
lin,4,SR386_40X_HE_T065_01,1,0.016012794001542468,0
lin,4,SR386_40X_HE_T080_01,0,0.0008600349047607884,0
lin,4,SR386_40X_HE_T091_01,0,0.038727679283343426,0
lin,4,SR386_40X_HE_T094_01,0,2.384099236472814e-05,0
lin,4,SR386_40X_HE_T097_01,0,0.005148543455462502,0
lin,4,SR386_40X_HE_T100_01,0,0.0023348463633850874,0
lin,4,SR386_40X_HE_T107_01,0,0.048248066463694776,0
lin,4,SR386_40X_HE_T109_01,1,0.06067443720921681,0
lin,4,SR386_40X_HE_T110_01,0,0.005360840058449619,0
lin,4,SR386_40X_HE_T117_01,0,0.07225955152686238,0
lin,4,SR386_40X_HE_T127_01,0,0.00027780342284880233,0
lin,4,SR386_40X_HE_T129_01,0,0.000751859099501991,0
lin,4,SR386_40X_HE_T136_01,0,0.0005499235573753248,0
lin,4,SR386_40X_HE_T154_01,0,0.14418103192675974,0
lin,4,SR386_40X_HE_T168_01,1,0.39154941282061434,0
lin,4,SR386_40X_HE_T175_01,0,0.007204869182730379,0
lin,4,SR386_40X_HE_T189_01,0,6.735699382300018e-05,0
lin,4,SR386_40X_HE_T195_01,0,7.036735626831899e-05,0
lin,4,SR386_40X_HE_T227_01,0,0.010567651021280459,0
lin,4,SR386_40X_HE_T233_01,0,0.08896489006452162,0
lin,4,SR386_40X_HE_T234_01,0,0.04530151524915811,0
lin,4,SR386_40X_HE_T235_01,0,0.028359785583575145,0
lin,4,SR386_40X_HE_T239_01,0,0.7487017383917539,1
lin,4,SR386_40X_HE_T245_01,0,0.0012889616027021362,0
lin,4,SR386_40X_HE_T256_01,0,0.026725545971088262,0
lin,4,SR386_40X_HE_T265_01,0,0.0018489074755131641,0
lin,4,SR386_40X_HE_T268_01,0,0.10033905747830886,0
lin,4,SR386_40X_HE_T270_01,0,0.00032360572649136574,0
lin,4,SR386_40X_HE_T272_01,0,0.6074213990067006,1
lin,4,SR386_40X_HE_T273_01,0,0.11968097453781246,0
lin,4,SR386_40X_HE_T276_01,0,0.007184732642721916,0
lin,4,SR386_40X_HE_T278_01,1,0.8075406175128487,1
lin,4,SR386_40X_HE_T284_01,0,0.0012130130462164267,0
lin,4,SR386_40X_HE_T285_01,0,0.0006610094454140587,0
lin,4,SR386_40X_HE_T288_01,0,0.005046559652392813,0
lin,4,SR386_40X_HE_T291_01,0,0.005331508927308877,0
lin,4,SR386_40X_HE_T300_01,0,0.014792792661515484,0
lin,4,SR386_40X_HE_T302_01,0,0.009358177769084519,0
lin,4,SR386_40X_HE_T305_01,0,0.001216684054569331,0
lin,4,SR386_40X_HE_T308_01,0,0.0017783090855850634,0
lin,4,SR386_40X_HE_T325_01,0,0.02130647416100917,0
lin,4,SR386_40X_HE_T331_01,0,0.00835145166737633,0
lin,4,SR386_40X_HE_T341_01,0,0.0033297695496843837,0
lin,4,SR386_40X_HE_T343_01,1,0.011492769603109772,0
lin,4,SR386_40X_HE_T346_01,0,0.07726727715416064,0
lin,4,SR386_40X_HE_T352_01,0,0.012233201931192272,0
lin,4,SR386_40X_HE_T373_01,0,0.3004619779077344,0
lin,4,SR386_40X_HE_T375_01,0,0.3772840956435568,0
lin,4,SR386_40X_HE_T381_01,0,0.00018726353939703644,0
lin,4,SR386_40X_HE_T389_01,0,0.0013185973417767917,0
lin,4,SR386_40X_HE_T391_01,0,0.025883543990756125,0
lin,4,SR386_40X_HE_T394_01,0,1.7268732147373267e-05,0
lin,4,SR386_40X_HE_T399_01,0,0.8978878915868085,1
lin,4,SR386_40X_HE_T403_01,0,3.139902733151251e-05,0
lin,4,SR386_40X_HE_T405_01,0,0.010879345026419018,0
lin,4,SR386_40X_HE_T407_01,0,0.019277809582101322,0
lin,4,SR386_40X_HE_T414_01,0,0.028634653514073172,0
lin,4,SR386_40X_HE_T424_01,0,0.02245903677399956,0
lin,4,SR386_40X_HE_T429_01,0,0.02013615625702094,0
lin,4,SR386_40X_HE_T441_01,0,0.024095466970296943,0
lin,4,SR386_40X_HE_T451_01,0,0.010024370558493841,0
lin,4,SR386_40X_HE_T453_01,0,0.0008516498542285519,0
lin,4,SR386_40X_HE_T455_01,0,0.0017168039954231287,0
lin,4,SR386_40X_HE_T465_01,0,0.032240160540808735,0
lin,4,SR386_40X_HE_T474_01,0,0.5096673713437874,1
lin,4,SR386_40X_HE_T476_01,0,0.5870351634759747,1
lin,4,SR386_40X_HE_T479_01,0,0.004042845840481883,0
lin,4,SR386_40X_HE_T482_01,0,0.02662984754698797,0
lin,4,SR386_40X_HE_T487_01,0,0.0008706511100059143,0
lin,4,SR386_40X_HE_T490_01,0,0.0010641351687576057,0
lin,4,SR386_40X_HE_T494_01,0,0.004542080599417492,0
lin,4,SR386_40X_HE_T500_01,0,0.0015407379986971399,0
lin,4,SR386_40X_HE_T510_01,0,0.01038799439173331,0
lin,4,SR386_40X_HE_T524_01,0,0.0010261118289952042,0
lin,4,SR386_40X_HE_T528_01,0,0.018458769920967642,0
lin,4,SR386_40X_HE_T532_01,0,0.00030642759104496694,0
lin,4,SR386_40X_HE_T534_01,0,0.14716519525977295,0
lin,4,SR386_40X_HE_T536_01,0,0.0020609235359510493,0
lin,4,SR386_40X_HE_T537_01,0,0.19599148688817195,0
lin,4,SR386_40X_HE_T541_01,0,0.007685351086286401,0
lin,4,SR386_40X_HE_T548_01,1,0.1191454241561711,0
lin,4,SR386_40X_HE_T550_01,0,0.04146837070473348,0
lin,4,SR386_40X_HE_T551_01,0,0.005476261297737102,0
lin,4,SR386_40X_HE_T557_01,0,0.006649890287090695,0
lin,4,SR386_40X_HE_T565_01,0,0.010791725230905345,0
lin,4,SR386_40X_HE_T567_01,0,0.028160133019728494,0
lin,4,SR386_40X_HE_T575_01,0,0.061319703834130344,0
lin,4,SR386_40X_HE_T576_01,0,0.13387477359953845,0
lin,4,SR386_40X_HE_T581_01,0,0.03999957711921143,0
ann,1,SR1482_40X_HE_T029_01,0,0.8220131993293762,1
ann,1,SR1482_40X_HE_T029_02,0,0.8689503073692322,1
ann,1,SR1482_40X_HE_T057_01,0,0.3285074234008789,0
ann,1,SR1482_40X_HE_T063_01,1,0.7163724899291992,1
ann,1,SR1482_40X_HE_T063_02,1,0.4643923044204712,0
ann,1,SR1482_40X_HE_T065_01,0,0.424870103597641,0
ann,1,SR1482_40X_HE_T065_02,0,0.4718429744243622,0
ann,1,SR1482_40X_HE_T066_01,0,0.32497701048851013,0
ann,1,SR1482_40X_HE_T066_02,0,0.5392830967903137,1
ann,1,SR1482_40X_HE_T068_01,0,0.2556951642036438,0
ann,1,SR1482_40X_HE_T069_01,0,0.2553034722805023,0
ann,1,SR1482_40X_HE_T069_02,0,0.29169565439224243,0
ann,1,SR1482_40X_HE_T079_01,1,0.47085660696029663,0
ann,1,SR1482_40X_HE_T079_02,1,0.4043697416782379,0
ann,1,SR1482_40X_HE_T080_01,0,0.42415720224380493,0
ann,1,SR1482_40X_HE_T080_02,0,0.5964318513870239,1
ann,1,SR1482_40X_HE_T081_01,0,0.2451833039522171,0
ann,1,SR1482_40X_HE_T081_02,0,0.2932928800582886,0
ann,1,SR1482_40X_HE_T099_01,0,0.4946413040161133,0
ann,1,SR1482_40X_HE_T116_01,0,0.37672969698905945,0
ann,1,SR1482_40X_HE_T117_01,0,0.46391239762306213,0
ann,1,SR1482_40X_HE_T117_02,0,0.4044381380081177,0
ann,1,SR1482_40X_HE_T126_01,0,0.3576829433441162,0
ann,1,SR1482_40X_HE_T129_01,0,0.30889061093330383,0
ann,1,SR1482_40X_HE_T129_02,0,0.5975683927536011,1
ann,1,SR1482_40X_HE_T139_01,0,0.5177459716796875,1
ann,1,SR1482_40X_HE_T139_02,0,0.5500971674919128,1
ann,1,SR1482_40X_HE_T147_01,0,0.7244410514831543,1
ann,1,SR1482_40X_HE_T147_02,0,0.5648936629295349,1
ann,1,SR1482_40X_HE_T159_01,0,0.4868946373462677,0
ann,1,SR1482_40X_HE_T159_02,0,0.43856120109558105,0
ann,1,SR1482_40X_HE_T192_01,0,0.34422311186790466,0
ann,1,SR1482_40X_HE_T199_01,0,0.44706976413726807,0
ann,1,SR1482_40X_HE_T304_01,0,0.24261321127414703,0
ann,1,SR1482_40X_HE_T304_02,0,0.2432253360748291,0
ann,1,SR1482_40X_HE_T310_01,1,0.2662220597267151,0
ann,1,SR1482_40X_HE_T310_02,1,0.29678815603256226,0
ann,1,SR1482_40X_HE_T341_01,0,0.32810887694358826,0
ann,1,SR1482_40X_HE_T341_02,0,0.22564682364463806,0
ann,1,SR1482_40X_HE_T353_01,0,0.4547517001628876,0
ann,1,SR1482_40X_HE_T390_01,0,0.5243116617202759,1
ann,1,SR1482_40X_HE_T433_01,1,0.430400013923645,0
ann,1,SR386_40X_HE_T003_01,0,0.42847156524658203,0
ann,1,SR386_40X_HE_T004_01,0,0.44444894790649414,0
ann,1,SR386_40X_HE_T022_01,1,0.6790744662284851,1
ann,1,SR386_40X_HE_T030_01,0,0.5229844450950623,1
ann,1,SR386_40X_HE_T033_01,0,0.3323632776737213,0
ann,1,SR386_40X_HE_T036_01,0,0.5663831233978271,1
ann,1,SR386_40X_HE_T038_01,0,0.4869762063026428,0
ann,1,SR386_40X_HE_T049_01,0,0.2421538382768631,0
ann,1,SR386_40X_HE_T050_01,0,0.37686488032341003,0
ann,1,SR386_40X_HE_T060_01,0,0.5115675330162048,1
ann,1,SR386_40X_HE_T063_01,0,0.5493419170379639,1
ann,1,SR386_40X_HE_T066_01,0,0.35335227847099304,0
ann,1,SR386_40X_HE_T069_01,0,0.526770830154419,1
ann,1,SR386_40X_HE_T072_01,0,0.45055338740348816,0
ann,1,SR386_40X_HE_T074_01,0,0.4611873924732208,0
ann,1,SR386_40X_HE_T078_01,0,0.5409338474273682,1
ann,1,SR386_40X_HE_T079_01,0,0.32194459438323975,0
ann,1,SR386_40X_HE_T092_01,1,0.5245878100395203,1
ann,1,SR386_40X_HE_T096_01,0,0.40867742896080017,0
ann,1,SR386_40X_HE_T099_01,0,0.37725967168807983,0
ann,1,SR386_40X_HE_T103_01,0,0.20318064093589783,0
ann,1,SR386_40X_HE_T108_01,0,0.588657557964325,1
ann,1,SR386_40X_HE_T113_01,0,0.3890801668167114,0
ann,1,SR386_40X_HE_T114_01,0,0.4677659273147583,0
ann,1,SR386_40X_HE_T119_01,0,0.3848537504673004,0
ann,1,SR386_40X_HE_T126_01,0,0.34664151072502136,0
ann,1,SR386_40X_HE_T130_01,0,0.30808812379837036,0
ann,1,SR386_40X_HE_T131_01,0,0.3318212330341339,0
ann,1,SR386_40X_HE_T135_01,0,0.5310915112495422,1
ann,1,SR386_40X_HE_T140_01,0,0.49268820881843567,0
ann,1,SR386_40X_HE_T144_01,0,0.45322906970977783,0
ann,1,SR386_40X_HE_T147_01,0,0.5439765453338623,1
ann,1,SR386_40X_HE_T148_01,0,0.5439281463623047,1
ann,1,SR386_40X_HE_T160_01,0,0.4231356978416443,0
ann,1,SR386_40X_HE_T169_01,0,0.3270059823989868,0
ann,1,SR386_40X_HE_T170_01,1,0.6234222650527954,1
ann,1,SR386_40X_HE_T172_01,0,0.7001529335975647,1
ann,1,SR386_40X_HE_T174_01,0,0.4116082787513733,0
ann,1,SR386_40X_HE_T181_01,0,0.3469276428222656,0
ann,1,SR386_40X_HE_T196_01,0,0.2893737554550171,0
ann,1,SR386_40X_HE_T205_01,0,0.5032877326011658,1
ann,1,SR386_40X_HE_T209_01,0,0.33110520243644714,0
ann,1,SR386_40X_HE_T210_01,0,0.3602724075317383,0
ann,1,SR386_40X_HE_T212_01,0,0.30963876843452454,0
ann,1,SR386_40X_HE_T221_01,0,0.40986892580986023,0
ann,1,SR386_40X_HE_T224_01,0,0.3028714060783386,0
ann,1,SR386_40X_HE_T231_01,1,0.4384622275829315,0
ann,1,SR386_40X_HE_T232_01,0,0.21151433885097504,0
ann,1,SR386_40X_HE_T247_01,0,0.2852823734283447,0
ann,1,SR386_40X_HE_T252_01,0,0.259170264005661,0
ann,1,SR386_40X_HE_T255_01,0,0.36415743827819824,0
ann,1,SR386_40X_HE_T259_01,1,0.38577836751937866,0
ann,1,SR386_40X_HE_T274_01,0,0.42943429946899414,0
ann,1,SR386_40X_HE_T275_01,0,0.4305385947227478,0
ann,1,SR386_40X_HE_T282_01,0,0.30807435512542725,0
ann,1,SR386_40X_HE_T294_01,0,0.6013378500938416,1
ann,1,SR386_40X_HE_T311_01,0,0.5371232628822327,1
ann,1,SR386_40X_HE_T315_01,0,0.3735535144805908,0
ann,1,SR386_40X_HE_T319_01,1,0.45439445972442627,0
ann,1,SR386_40X_HE_T324_01,1,0.4177934229373932,0
ann,1,SR386_40X_HE_T330_01,0,0.2667998969554901,0
ann,1,SR386_40X_HE_T333_01,0,0.2875480055809021,0
ann,1,SR386_40X_HE_T335_01,0,0.3588648736476898,0
ann,1,SR386_40X_HE_T337_01,0,0.5558895468711853,1
ann,1,SR386_40X_HE_T344_01,0,0.3008121848106384,0
ann,1,SR386_40X_HE_T347_01,0,0.32243937253952026,0
ann,1,SR386_40X_HE_T350_01,0,0.27822238206863403,0
ann,1,SR386_40X_HE_T351_01,0,0.3437356948852539,0
ann,1,SR386_40X_HE_T360_01,0,0.24814771115779877,0
ann,1,SR386_40X_HE_T361_01,0,0.3729568123817444,0
ann,1,SR386_40X_HE_T366_01,0,0.3710624873638153,0
ann,1,SR386_40X_HE_T377_01,1,0.3734535574913025,0
ann,1,SR386_40X_HE_T384_01,0,0.33635643124580383,0
ann,1,SR386_40X_HE_T395_01,0,0.23361192643642426,0
ann,1,SR386_40X_HE_T396_01,0,0.44000890851020813,0
ann,1,SR386_40X_HE_T401_01,0,0.4091370701789856,0
ann,1,SR386_40X_HE_T408_01,0,0.33804741501808167,0
ann,1,SR386_40X_HE_T410_01,0,0.43338462710380554,0
ann,1,SR386_40X_HE_T413_01,0,0.644729733467102,1
ann,1,SR386_40X_HE_T416_01,0,0.2834106683731079,0
ann,1,SR386_40X_HE_T418_01,0,0.4458226263523102,0
ann,1,SR386_40X_HE_T419_01,0,0.28619638085365295,0
ann,1,SR386_40X_HE_T421_01,0,0.38951975107192993,0
ann,1,SR386_40X_HE_T423_01,0,0.3091471195220947,0
ann,1,SR386_40X_HE_T428_01,0,0.19989752769470215,0
ann,1,SR386_40X_HE_T430_01,0,0.3859155476093292,0
ann,1,SR386_40X_HE_T431_01,0,0.49621400237083435,0
ann,1,SR386_40X_HE_T435_01,0,0.28971153497695923,0
ann,1,SR386_40X_HE_T438_01,0,0.4119369685649872,0
ann,1,SR386_40X_HE_T439_01,0,0.29283222556114197,0
ann,1,SR386_40X_HE_T447_01,0,0.3817828297615051,0
ann,1,SR386_40X_HE_T449_01,0,0.33063727617263794,0
ann,1,SR386_40X_HE_T454_01,0,0.4372221827507019,0
ann,1,SR386_40X_HE_T456_01,0,0.23681266605854034,0
ann,1,SR386_40X_HE_T461_01,0,0.4459346532821655,0
ann,1,SR386_40X_HE_T462_01,0,0.3365210294723511,0
ann,1,SR386_40X_HE_T468_01,0,0.41479718685150146,0
ann,1,SR386_40X_HE_T469_01,1,0.1791744977235794,0
ann,1,SR386_40X_HE_T470_01,0,0.39020898938179016,0
ann,1,SR386_40X_HE_T471_01,0,0.29347896575927734,0
ann,1,SR386_40X_HE_T477_01,0,0.2590348720550537,0
ann,1,SR386_40X_HE_T480_01,0,0.43519192934036255,0
ann,1,SR386_40X_HE_T484_01,0,0.43444275856018066,0
ann,1,SR386_40X_HE_T495_01,0,0.30575358867645264,0
ann,1,SR386_40X_HE_T496_01,0,0.2657783329486847,0
ann,1,SR386_40X_HE_T498_01,0,0.6042080521583557,1
ann,1,SR386_40X_HE_T504_01,0,0.28773435950279236,0
ann,1,SR386_40X_HE_T511_01,0,0.5153505206108093,1
ann,1,SR386_40X_HE_T517_01,0,0.44625669717788696,0
ann,1,SR386_40X_HE_T523_01,0,0.364130437374115,0
ann,1,SR386_40X_HE_T529_01,0,0.2743760347366333,0
ann,1,SR386_40X_HE_T542_01,0,0.30663642287254333,0
ann,1,SR386_40X_HE_T569_01,0,0.40310320258140564,0
ann,1,SR386_40X_HE_T582_01,0,0.3826378583908081,0
ann,2,SR1482_40X_HE_T009_01,0,0.36173370480537415,0
ann,2,SR1482_40X_HE_T009_02,0,0.40467628836631775,0
ann,2,SR1482_40X_HE_T015_01,0,0.545864999294281,1
ann,2,SR1482_40X_HE_T021_01,0,0.269724041223526,0
ann,2,SR1482_40X_HE_T067_01,0,0.40422752499580383,0
ann,2,SR1482_40X_HE_T075_01,0,0.37190788984298706,0
ann,2,SR1482_40X_HE_T075_02,0,0.477211594581604,0
ann,2,SR1482_40X_HE_T098_01,0,0.4121035933494568,0
ann,2,SR1482_40X_HE_T098_02,0,0.27064818143844604,0
ann,2,SR1482_40X_HE_T102_01,0,0.4993291199207306,0
ann,2,SR1482_40X_HE_T123_01,0,0.4144856035709381,0
ann,2,SR1482_40X_HE_T142_01,0,0.42687323689460754,0
ann,2,SR1482_40X_HE_T146_01,0,0.8704053163528442,1
ann,2,SR1482_40X_HE_T148_01,0,0.4928227663040161,0
ann,2,SR1482_40X_HE_T148_02,0,0.37263578176498413,0
ann,2,SR1482_40X_HE_T154_01,0,0.24649237096309662,0
ann,2,SR1482_40X_HE_T158_01,0,0.42609190940856934,0
ann,2,SR1482_40X_HE_T161_01,0,0.6108983159065247,1
ann,2,SR1482_40X_HE_T161_02,0,0.5916966795921326,1
ann,2,SR1482_40X_HE_T164_01,1,0.3284778296947479,0
ann,2,SR1482_40X_HE_T164_02,1,0.4876483380794525,0
ann,2,SR1482_40X_HE_T168_01,0,0.3452523946762085,0
ann,2,SR1482_40X_HE_T171_01,0,0.554388165473938,1
ann,2,SR1482_40X_HE_T171_02,0,0.5509423613548279,1
ann,2,SR1482_40X_HE_T178_01,1,0.4056065082550049,0
ann,2,SR1482_40X_HE_T186_01,0,0.2381218820810318,0
ann,2,SR1482_40X_HE_T193_01,0,0.5538343191146851,1
ann,2,SR1482_40X_HE_T193_02,0,0.680019199848175,1
ann,2,SR1482_40X_HE_T209_01,0,0.5563005805015564,1
ann,2,SR1482_40X_HE_T209_02,0,0.6697260141372681,1
ann,2,SR1482_40X_HE_T245_01,0,0.4930839240550995,0
ann,2,SR1482_40X_HE_T245_02,0,0.37865760922431946,0
ann,2,SR1482_40X_HE_T265_01,0,0.5046243667602539,1
ann,2,SR1482_40X_HE_T302_01,0,0.5003159046173096,1
ann,2,SR1482_40X_HE_T343_01,1,0.6312721371650696,1
ann,2,SR1482_40X_HE_T343_02,1,0.7149865031242371,1
ann,2,SR1482_40X_HE_T399_01,0,0.40255603194236755,0
ann,2,SR1482_40X_HE_T399_02,0,0.45105960965156555,0
ann,2,SR1482_40X_HE_T426_01,0,0.5086593627929688,1
ann,2,SR1482_40X_HE_T426_02,0,0.4802553057670593,0
ann,2,SR386_40X_HE_T001_01,0,0.5123376846313477,1
ann,2,SR386_40X_HE_T013_01,0,0.5701863765716553,1
ann,2,SR386_40X_HE_T018_01,0,0.5695825815200806,1
ann,2,SR386_40X_HE_T019_01,0,0.34691137075424194,0
ann,2,SR386_40X_HE_T024_01,0,0.3672788143157959,0
ann,2,SR386_40X_HE_T039_01,0,0.3696649372577667,0
ann,2,SR386_40X_HE_T040_01,1,0.5886626839637756,1
ann,2,SR386_40X_HE_T042_01,0,0.44900134205818176,0
ann,2,SR386_40X_HE_T047_01,0,0.41387200355529785,0
ann,2,SR386_40X_HE_T051_01,0,0.3839277923107147,0
ann,2,SR386_40X_HE_T052_01,0,0.43253058195114136,0
ann,2,SR386_40X_HE_T056_01,0,0.4474849998950958,0
ann,2,SR386_40X_HE_T057_01,0,0.44728419184684753,0
ann,2,SR386_40X_HE_T070_01,0,0.34491896629333496,0
ann,2,SR386_40X_HE_T082_01,0,0.7353945970535278,1
ann,2,SR386_40X_HE_T084_01,0,0.2906050980091095,0
ann,2,SR386_40X_HE_T087_01,0,0.6245071887969971,1
ann,2,SR386_40X_HE_T088_01,0,0.49440038204193115,0
ann,2,SR386_40X_HE_T098_01,0,0.5173621773719788,1
ann,2,SR386_40X_HE_T105_01,0,0.36719024181365967,0
ann,2,SR386_40X_HE_T122_01,0,0.44507700204849243,0
ann,2,SR386_40X_HE_T123_01,0,0.5018828511238098,1
ann,2,SR386_40X_HE_T133_01,0,0.3878622353076935,0
ann,2,SR386_40X_HE_T145_01,0,0.45920151472091675,0
ann,2,SR386_40X_HE_T150_01,0,0.47439974546432495,0
ann,2,SR386_40X_HE_T152_01,0,0.45711788535118103,0
ann,2,SR386_40X_HE_T155_01,0,0.412061482667923,0
ann,2,SR386_40X_HE_T157_01,0,0.46271586418151855,0
ann,2,SR386_40X_HE_T164_01,0,0.4796088635921478,0
ann,2,SR386_40X_HE_T166_01,0,0.35194164514541626,0
ann,2,SR386_40X_HE_T176_01,1,0.4775802791118622,0
ann,2,SR386_40X_HE_T177_01,0,0.36601898074150085,0
ann,2,SR386_40X_HE_T178_01,0,0.4536839425563812,0
ann,2,SR386_40X_HE_T187_01,0,0.43670254945755005,0
ann,2,SR386_40X_HE_T190_01,0,0.2832489609718323,0
ann,2,SR386_40X_HE_T192_01,0,0.4920386075973511,0
ann,2,SR386_40X_HE_T198_01,0,0.3948519229888916,0
ann,2,SR386_40X_HE_T200_01,0,0.4814815819263458,0
ann,2,SR386_40X_HE_T206_01,1,0.4165409803390503,0
ann,2,SR386_40X_HE_T211_01,0,0.39323675632476807,0
ann,2,SR386_40X_HE_T213_01,0,0.4139491617679596,0
ann,2,SR386_40X_HE_T214_01,0,0.47864648699760437,0
ann,2,SR386_40X_HE_T220_01,0,0.41125088930130005,0
ann,2,SR386_40X_HE_T230_01,1,0.4766957759857178,0
ann,2,SR386_40X_HE_T236_01,0,0.4976807236671448,0
ann,2,SR386_40X_HE_T237_01,0,0.374793142080307,0
ann,2,SR386_40X_HE_T240_01,0,0.42326557636260986,0
ann,2,SR386_40X_HE_T241_01,0,0.45237165689468384,0
ann,2,SR386_40X_HE_T242_01,0,0.5682235956192017,1
ann,2,SR386_40X_HE_T253_01,0,0.37521255016326904,0
ann,2,SR386_40X_HE_T260_01,0,0.4526533782482147,0
ann,2,SR386_40X_HE_T262_01,0,0.4693552851676941,0
ann,2,SR386_40X_HE_T264_01,0,0.6946409940719604,1
ann,2,SR386_40X_HE_T271_01,0,0.33342140913009644,0
ann,2,SR386_40X_HE_T281_01,0,0.3101505935192108,0
ann,2,SR386_40X_HE_T297_01,0,0.41652101278305054,0
ann,2,SR386_40X_HE_T299_01,0,0.3251727223396301,0
ann,2,SR386_40X_HE_T301_01,0,0.35275501012802124,0
ann,2,SR386_40X_HE_T306_01,0,0.42212414741516113,0
ann,2,SR386_40X_HE_T309_01,0,0.4044063687324524,0
ann,2,SR386_40X_HE_T314_01,0,0.36721763014793396,0
ann,2,SR386_40X_HE_T316_01,0,0.7966098785400391,1
ann,2,SR386_40X_HE_T318_01,0,0.34435710310935974,0
ann,2,SR386_40X_HE_T321_01,0,0.45816770195961,0
ann,2,SR386_40X_HE_T326_01,0,0.36558640003204346,0
ann,2,SR386_40X_HE_T327_01,0,0.4085574448108673,0
ann,2,SR386_40X_HE_T332_01,1,0.4840600788593292,0
ann,2,SR386_40X_HE_T355_01,0,0.36803892254829407,0
ann,2,SR386_40X_HE_T364_01,0,0.5235953330993652,1
ann,2,SR386_40X_HE_T368_01,1,0.32781660556793213,0
ann,2,SR386_40X_HE_T374_01,0,0.48195594549179077,0
ann,2,SR386_40X_HE_T380_01,0,0.40453019738197327,0
ann,2,SR386_40X_HE_T382_01,0,0.3916417360305786,0
ann,2,SR386_40X_HE_T392_01,0,0.46540510654449463,0
ann,2,SR386_40X_HE_T398_01,0,0.337348610162735,0
ann,2,SR386_40X_HE_T402_01,1,0.4675482213497162,0
ann,2,SR386_40X_HE_T404_01,0,0.37273359298706055,0
ann,2,SR386_40X_HE_T415_01,0,0.35501840710639954,0
ann,2,SR386_40X_HE_T417_01,0,0.3745557367801666,0
ann,2,SR386_40X_HE_T425_01,0,0.3732195198535919,0
ann,2,SR386_40X_HE_T436_01,1,0.3981165885925293,0
ann,2,SR386_40X_HE_T437_01,0,0.40628358721733093,0
ann,2,SR386_40X_HE_T440_01,0,0.3593153953552246,0
ann,2,SR386_40X_HE_T445_01,0,0.38709691166877747,0
ann,2,SR386_40X_HE_T450_01,0,0.4446226954460144,0
ann,2,SR386_40X_HE_T459_01,0,0.3869941532611847,0
ann,2,SR386_40X_HE_T472_01,0,0.37680914998054504,0
ann,2,SR386_40X_HE_T481_01,0,0.37529313564300537,0
ann,2,SR386_40X_HE_T483_01,0,0.4619579315185547,0
ann,2,SR386_40X_HE_T486_01,0,0.44709068536758423,0
ann,2,SR386_40X_HE_T488_01,0,0.4885808825492859,0
ann,2,SR386_40X_HE_T499_01,0,0.6102203726768494,1
ann,2,SR386_40X_HE_T507_01,0,0.6901092529296875,1
ann,2,SR386_40X_HE_T514_01,0,0.395953506231308,0
ann,2,SR386_40X_HE_T520_01,1,0.3274925649166107,0
ann,2,SR386_40X_HE_T522_01,0,0.4376724064350128,0
ann,2,SR386_40X_HE_T531_01,0,0.3443734049797058,0
ann,2,SR386_40X_HE_T535_01,0,0.4534868597984314,0
ann,2,SR386_40X_HE_T539_01,0,0.4735465943813324,0
ann,2,SR386_40X_HE_T549_01,0,0.3844967186450958,0
ann,2,SR386_40X_HE_T552_01,0,0.501460611820221,1
ann,2,SR386_40X_HE_T553_01,0,0.40957045555114746,0
ann,2,SR386_40X_HE_T554_01,0,0.46490678191185,0
ann,2,SR386_40X_HE_T558_01,0,0.44016003608703613,0
ann,2,SR386_40X_HE_T564_01,0,0.4230008125305176,0
ann,2,SR386_40X_HE_T570_01,0,0.3788336217403412,0
ann,2,SR386_40X_HE_T574_01,0,0.3055793344974518,0
ann,2,SR386_40X_HE_T578_01,0,0.40239402651786804,0
ann,2,SR386_40X_HE_T580_01,0,0.43976888060569763,0
ann,3,SR1482_40X_HE_T005_01,0,0.509581983089447,1
ann,3,SR1482_40X_HE_T005_02,0,0.4090938866138458,0
ann,3,SR1482_40X_HE_T010_01,0,0.3400338888168335,0
ann,3,SR1482_40X_HE_T043_01,0,0.5254006385803223,1
ann,3,SR1482_40X_HE_T043_02,0,0.428852915763855,0
ann,3,SR1482_40X_HE_T049_01,0,0.23490478098392487,0
ann,3,SR1482_40X_HE_T061_01,0,0.7009461522102356,1
ann,3,SR1482_40X_HE_T061_02,0,0.39087235927581787,0
ann,3,SR1482_40X_HE_T070_01,1,0.30341455340385437,0
ann,3,SR1482_40X_HE_T073_01,0,0.4399735927581787,0
ann,3,SR1482_40X_HE_T082_01,0,0.3014373481273651,0
ann,3,SR1482_40X_HE_T082_02,0,0.4388170540332794,0
ann,3,SR1482_40X_HE_T089_01,0,0.2763296365737915,0
ann,3,SR1482_40X_HE_T090_01,0,0.3439117968082428,0
ann,3,SR1482_40X_HE_T094_01,1,0.3102598786354065,0
ann,3,SR1482_40X_HE_T094_02,1,0.43390944600105286,0
ann,3,SR1482_40X_HE_T105_01,0,0.2416137456893921,0
ann,3,SR1482_40X_HE_T115_01,0,0.3026198446750641,0
ann,3,SR1482_40X_HE_T115_02,0,0.3326939344406128,0
ann,3,SR1482_40X_HE_T118_01,0,0.4925333559513092,0
ann,3,SR1482_40X_HE_T118_02,0,0.35627830028533936,0
ann,3,SR1482_40X_HE_T120_01,0,0.6743639707565308,1
ann,3,SR1482_40X_HE_T120_02,0,0.6488789319992065,1
ann,3,SR1482_40X_HE_T124_01,0,0.7941550612449646,1
ann,3,SR1482_40X_HE_T124_02,0,0.7724545001983643,1
ann,3,SR1482_40X_HE_T138_01,0,0.2048763483762741,0
ann,3,SR1482_40X_HE_T160_01,0,0.3459836542606354,0
ann,3,SR1482_40X_HE_T160_02,0,0.32707104086875916,0
ann,3,SR1482_40X_HE_T167_01,0,0.46499520540237427,0
ann,3,SR1482_40X_HE_T167_02,0,0.32991528511047363,0
ann,3,SR1482_40X_HE_T175_01,0,0.4615173637866974,0
ann,3,SR1482_40X_HE_T175_02,0,0.492158979177475,0
ann,3,SR1482_40X_HE_T177_01,1,0.21389150619506836,0
ann,3,SR1482_40X_HE_T188_01,0,0.39994359016418457,0
ann,3,SR1482_40X_HE_T195_01,0,0.16042669117450714,0
ann,3,SR1482_40X_HE_T195_02,0,0.19888685643672943,0
ann,3,SR1482_40X_HE_T202_01,0,0.3403712213039398,0
ann,3,SR1482_40X_HE_T202_02,0,0.22705210745334625,0
ann,3,SR1482_40X_HE_T225_01,0,0.8841934204101562,1
ann,3,SR1482_40X_HE_T225_02,0,0.11603884398937225,0
ann,3,SR1482_40X_HE_T235_01,0,0.5264516472816467,1
ann,3,SR1482_40X_HE_T235_02,0,0.5379641056060791,1
ann,3,SR1482_40X_HE_T236_01,0,0.2539222836494446,0
ann,3,SR1482_40X_HE_T236_02,0,0.22221852838993073,0
ann,3,SR1482_40X_HE_T258_01,0,0.3516075909137726,0
ann,3,SR1482_40X_HE_T258_02,0,0.34777140617370605,0
ann,3,SR1482_40X_HE_T284_01,1,0.48169368505477905,0
ann,3,SR1482_40X_HE_T284_02,1,0.3893519639968872,0
ann,3,SR1482_40X_HE_T301_01,1,0.3893437087535858,0
ann,3,SR1482_40X_HE_T301_02,1,0.5906142592430115,1
ann,3,SR1482_40X_HE_T309_01,0,0.3865865170955658,0
ann,3,SR1482_40X_HE_T313_01,0,0.5047332644462585,1
ann,3,SR1482_40X_HE_T313_02,0,0.7295680642127991,1
ann,3,SR1482_40X_HE_T338_01,0,0.5650666952133179,1
ann,3,SR1482_40X_HE_T344_01,0,0.44774073362350464,0
ann,3,SR1482_40X_HE_T344_02,0,0.35954585671424866,0
ann,3,SR1482_40X_HE_T346_01,0,0.4232032597064972,0
ann,3,SR1482_40X_HE_T346_02,0,0.45209363102912903,0
ann,3,SR1482_40X_HE_T377_01,0,0.41586199402809143,0
ann,3,SR1482_40X_HE_T377_02,0,0.48731186985969543,0
ann,3,SR1482_40X_HE_T419_01,0,0.292498379945755,0
ann,3,SR1482_40X_HE_T427_01,0,0.4202820062637329,0
ann,3,SR1482_40X_HE_T427_02,0,0.2741154134273529,0
ann,3,SR386_40X_HE_T007_01,0,0.3922189474105835,0
ann,3,SR386_40X_HE_T015_01,0,0.3707957863807678,0
ann,3,SR386_40X_HE_T017_01,1,0.40948039293289185,0
ann,3,SR386_40X_HE_T032_01,0,0.30621278285980225,0
ann,3,SR386_40X_HE_T034_01,0,0.3583427965641022,0
ann,3,SR386_40X_HE_T035_01,0,0.5450127124786377,1
ann,3,SR386_40X_HE_T041_01,0,0.5282344222068787,1
ann,3,SR386_40X_HE_T067_01,0,0.2923303544521332,0
ann,3,SR386_40X_HE_T075_01,0,0.35790005326271057,0
ann,3,SR386_40X_HE_T081_01,0,0.6505488753318787,1
ann,3,SR386_40X_HE_T083_01,0,0.3492147624492645,0
ann,3,SR386_40X_HE_T085_01,0,0.34124574065208435,0
ann,3,SR386_40X_HE_T095_01,0,0.5070127248764038,1
ann,3,SR386_40X_HE_T104_01,0,0.4390389919281006,0
ann,3,SR386_40X_HE_T106_01,0,0.38244011998176575,0
ann,3,SR386_40X_HE_T112_01,0,0.36670801043510437,0
ann,3,SR386_40X_HE_T128_01,0,0.26201629638671875,0
ann,3,SR386_40X_HE_T132_01,0,0.31318795680999756,0
ann,3,SR386_40X_HE_T138_01,0,0.37828853726387024,0
ann,3,SR386_40X_HE_T142_01,0,0.5083808302879333,1
ann,3,SR386_40X_HE_T149_01,0,0.3662368357181549,0
ann,3,SR386_40X_HE_T165_01,1,0.4057789146900177,0
ann,3,SR386_40X_HE_T179_01,0,0.4090729057788849,0
ann,3,SR386_40X_HE_T180_01,0,0.4868747591972351,0
ann,3,SR386_40X_HE_T182_01,0,0.49169066548347473,0
ann,3,SR386_40X_HE_T184_01,0,0.5475460886955261,1
ann,3,SR386_40X_HE_T188_01,0,0.37447401881217957,0
ann,3,SR386_40X_HE_T191_01,0,0.34158650040626526,0
ann,3,SR386_40X_HE_T197_01,0,0.3293592929840088,0
ann,3,SR386_40X_HE_T201_01,0,0.46306267380714417,0
ann,3,SR386_40X_HE_T202_01,0,0.28896936774253845,0
ann,3,SR386_40X_HE_T208_01,0,0.3532465696334839,0
ann,3,SR386_40X_HE_T216_01,1,0.4124396741390228,0
ann,3,SR386_40X_HE_T238_01,0,0.2869846522808075,0
ann,3,SR386_40X_HE_T244_01,0,0.2857809066772461,0
ann,3,SR386_40X_HE_T248_01,0,0.35993701219558716,0
ann,3,SR386_40X_HE_T249_01,0,0.30147674679756165,0
ann,3,SR386_40X_HE_T250_01,0,0.49830392003059387,0
ann,3,SR386_40X_HE_T263_01,0,0.43104469776153564,0
ann,3,SR386_40X_HE_T267_01,0,0.6416282653808594,1
ann,3,SR386_40X_HE_T269_01,0,0.24739722907543182,0
ann,3,SR386_40X_HE_T277_01,0,0.3685402274131775,0
ann,3,SR386_40X_HE_T286_01,0,0.7394551038742065,1
ann,3,SR386_40X_HE_T287_01,0,0.521041750907898,1
ann,3,SR386_40X_HE_T290_01,0,0.3872285783290863,0
ann,3,SR386_40X_HE_T293_01,0,0.2907726466655731,0
ann,3,SR386_40X_HE_T298_01,0,0.37166303396224976,0
ann,3,SR386_40X_HE_T303_01,0,0.2809178829193115,0
ann,3,SR386_40X_HE_T312_01,0,0.44267573952674866,0
ann,3,SR386_40X_HE_T329_01,0,0.6316611766815186,1
ann,3,SR386_40X_HE_T336_01,0,0.33995798230171204,0
ann,3,SR386_40X_HE_T338_01,0,0.3061509132385254,0
ann,3,SR386_40X_HE_T342_01,0,0.542500376701355,1
ann,3,SR386_40X_HE_T353_01,0,0.49086156487464905,0
ann,3,SR386_40X_HE_T357_01,0,0.27000683546066284,0
ann,3,SR386_40X_HE_T362_01,0,0.41972532868385315,0
ann,3,SR386_40X_HE_T363_01,1,0.45232051610946655,0
ann,3,SR386_40X_HE_T372_01,0,0.5564666390419006,1
ann,3,SR386_40X_HE_T378_01,0,0.2962932288646698,0
ann,3,SR386_40X_HE_T379_01,0,0.333173930644989,0
ann,3,SR386_40X_HE_T386_01,0,0.504360020160675,1
ann,3,SR386_40X_HE_T387_01,0,0.363442063331604,0
ann,3,SR386_40X_HE_T393_01,0,0.41881513595581055,0
ann,3,SR386_40X_HE_T397_01,0,0.5965197682380676,1
ann,3,SR386_40X_HE_T406_01,0,0.5807443261146545,1
ann,3,SR386_40X_HE_T409_01,0,0.4126332700252533,0
ann,3,SR386_40X_HE_T422_01,0,0.24328884482383728,0
ann,3,SR386_40X_HE_T426_01,0,0.2573026120662689,0
ann,3,SR386_40X_HE_T433_01,0,0.43649569153785706,0
ann,3,SR386_40X_HE_T443_01,0,0.5017843246459961,1
ann,3,SR386_40X_HE_T448_01,0,0.4227774441242218,0
ann,3,SR386_40X_HE_T452_01,0,0.647148072719574,1
ann,3,SR386_40X_HE_T460_01,1,0.41006943583488464,0
ann,3,SR386_40X_HE_T473_01,0,0.27514350414276123,0
ann,3,SR386_40X_HE_T475_01,0,0.3655024468898773,0
ann,3,SR386_40X_HE_T478_01,0,0.35883405804634094,0
ann,3,SR386_40X_HE_T489_01,1,0.3012917935848236,0
ann,3,SR386_40X_HE_T491_01,0,0.7214990854263306,1
ann,3,SR386_40X_HE_T492_01,0,0.27688273787498474,0
ann,3,SR386_40X_HE_T493_01,0,0.23939183354377747,0
ann,3,SR386_40X_HE_T502_01,0,0.24018976092338562,0
ann,3,SR386_40X_HE_T505_01,0,0.29649803042411804,0
ann,3,SR386_40X_HE_T506_01,0,0.35461804270744324,0
ann,3,SR386_40X_HE_T509_01,0,0.29762619733810425,0
ann,3,SR386_40X_HE_T516_01,0,0.34921255707740784,0
ann,3,SR386_40X_HE_T518_01,0,0.3792412281036377,0
ann,3,SR386_40X_HE_T519_01,0,0.2932947874069214,0
ann,3,SR386_40X_HE_T521_01,0,0.26607179641723633,0
ann,3,SR386_40X_HE_T526_01,0,0.32005560398101807,0
ann,3,SR386_40X_HE_T533_01,0,0.3258040249347687,0
ann,3,SR386_40X_HE_T543_01,0,0.3144702911376953,0
ann,3,SR386_40X_HE_T544_01,0,0.34924158453941345,0
ann,3,SR386_40X_HE_T556_01,1,0.3732287287712097,0
ann,3,SR386_40X_HE_T560_01,0,0.35970064997673035,0
ann,3,SR386_40X_HE_T563_01,0,0.2583720088005066,0
ann,3,SR386_40X_HE_T568_01,0,0.3515956699848175,0
ann,3,SR386_40X_HE_T571_01,0,0.31862524151802063,0
ann,3,SR386_40X_HE_T572_01,0,0.2784290313720703,0
ann,3,SR386_40X_HE_T573_01,0,0.24384696781635284,0
ann,3,SR386_40X_HE_T583_01,0,0.3511603772640228,0
ann,4,SR1482_40X_HE_T002_01,0,0.18044352531433105,0
ann,4,SR1482_40X_HE_T003_01,0,0.30826452374458313,0
ann,4,SR1482_40X_HE_T004_01,0,0.2686925530433655,0
ann,4,SR1482_40X_HE_T004_02,0,0.3310569226741791,0
ann,4,SR1482_40X_HE_T011_01,0,0.3859591484069824,0
ann,4,SR1482_40X_HE_T025_01,0,0.6109377145767212,1
ann,4,SR1482_40X_HE_T025_02,0,0.6383982300758362,1
ann,4,SR1482_40X_HE_T060_01,0,0.4201430678367615,0
ann,4,SR1482_40X_HE_T062_01,0,0.3918026089668274,0
ann,4,SR1482_40X_HE_T062_02,0,0.5584492683410645,1
ann,4,SR1482_40X_HE_T064_01,0,0.5017378330230713,1
ann,4,SR1482_40X_HE_T064_02,0,0.4566973149776459,0
ann,4,SR1482_40X_HE_T071_01,0,0.712354838848114,1
ann,4,SR1482_40X_HE_T071_02,0,0.39065706729888916,0
ann,4,SR1482_40X_HE_T074_01,0,0.2956717908382416,0
ann,4,SR1482_40X_HE_T074_02,0,0.23346683382987976,0
ann,4,SR1482_40X_HE_T083_01,0,0.5234816074371338,1
ann,4,SR1482_40X_HE_T083_02,0,0.3863252103328705,0
ann,4,SR1482_40X_HE_T087_01,0,0.4487956166267395,0
ann,4,SR1482_40X_HE_T097_01,1,0.6469210386276245,1
ann,4,SR1482_40X_HE_T097_02,1,0.34257474541664124,0
ann,4,SR1482_40X_HE_T108_01,0,0.2216772735118866,0
ann,4,SR1482_40X_HE_T113_01,0,0.32972535490989685,0
ann,4,SR1482_40X_HE_T113_02,0,0.45492714643478394,0
ann,4,SR1482_40X_HE_T121_01,0,0.2209337055683136,0
ann,4,SR1482_40X_HE_T122_01,0,0.15679305791854858,0
ann,4,SR1482_40X_HE_T125_01,0,0.3829527497291565,0
ann,4,SR1482_40X_HE_T125_02,0,0.3860979974269867,0
ann,4,SR1482_40X_HE_T131_01,0,0.482016921043396,0
ann,4,SR1482_40X_HE_T131_02,0,0.5291024446487427,1
ann,4,SR1482_40X_HE_T132_01,0,0.5260188579559326,1
ann,4,SR1482_40X_HE_T132_02,0,0.4627839922904968,0
ann,4,SR1482_40X_HE_T143_01,0,0.5893896818161011,1
ann,4,SR1482_40X_HE_T143_02,0,0.5152153372764587,1
ann,4,SR1482_40X_HE_T166_01,1,0.14232836663722992,0
ann,4,SR1482_40X_HE_T169_01,0,0.4770481288433075,0
ann,4,SR1482_40X_HE_T176_01,1,0.6656824946403503,1
ann,4,SR1482_40X_HE_T176_02,1,0.5193554759025574,1
ann,4,SR1482_40X_HE_T191_01,0,0.24804899096488953,0
ann,4,SR1482_40X_HE_T194_01,0,0.43384674191474915,0
ann,4,SR1482_40X_HE_T218_01,0,0.39925500750541687,0
ann,4,SR1482_40X_HE_T253_01,0,0.3370656967163086,0
ann,4,SR1482_40X_HE_T290_01,0,0.620937705039978,1
ann,4,SR1482_40X_HE_T308_01,0,0.4916621744632721,0
ann,4,SR1482_40X_HE_T314_01,0,0.5537297129631042,1
ann,4,SR1482_40X_HE_T314_02,0,0.6013076305389404,1
ann,4,SR1482_40X_HE_T372_01,1,0.3374963104724884,0
ann,4,SR1482_40X_HE_T372_02,1,0.3244438171386719,0
ann,4,SR1482_40X_HE_T408_01,0,0.3314354419708252,0
ann,4,SR1482_40X_HE_T412_01,0,0.4071686863899231,0
ann,4,SR1482_40X_HE_T425_01,0,0.215810164809227,0
ann,4,SR1482_40X_HE_T434_01,1,0.4219033718109131,0
ann,4,SR386_40X_HE_T006_01,0,0.4419921040534973,0
ann,4,SR386_40X_HE_T010_01,0,0.4166339635848999,0
ann,4,SR386_40X_HE_T014_01,0,0.4190986156463623,0
ann,4,SR386_40X_HE_T016_01,0,0.3381219804286957,0
ann,4,SR386_40X_HE_T020_01,0,0.2469213753938675,0
ann,4,SR386_40X_HE_T027_01,0,0.412659615278244,0
ann,4,SR386_40X_HE_T028_01,0,0.4260445833206177,0
ann,4,SR386_40X_HE_T037_01,0,0.40972796082496643,0
ann,4,SR386_40X_HE_T043_01,0,0.24279338121414185,0
ann,4,SR386_40X_HE_T044_01,1,0.4226498603820801,0
ann,4,SR386_40X_HE_T046_01,0,0.5246344804763794,1
ann,4,SR386_40X_HE_T058_01,0,0.40344399213790894,0
ann,4,SR386_40X_HE_T062_01,0,0.2678363025188446,0
ann,4,SR386_40X_HE_T065_01,1,0.38023969531059265,0
ann,4,SR386_40X_HE_T080_01,0,0.3108791410923004,0
ann,4,SR386_40X_HE_T091_01,0,0.5271328091621399,1
ann,4,SR386_40X_HE_T094_01,0,0.225555881857872,0
ann,4,SR386_40X_HE_T097_01,0,0.34401747584342957,0
ann,4,SR386_40X_HE_T100_01,0,0.2791314721107483,0
ann,4,SR386_40X_HE_T107_01,0,0.47258996963500977,0
ann,4,SR386_40X_HE_T109_01,1,0.584671676158905,1
ann,4,SR386_40X_HE_T110_01,0,0.32480958104133606,0
ann,4,SR386_40X_HE_T117_01,0,0.3246663510799408,0
ann,4,SR386_40X_HE_T127_01,0,0.31213757395744324,0
ann,4,SR386_40X_HE_T129_01,0,0.3723318874835968,0
ann,4,SR386_40X_HE_T136_01,0,0.290696918964386,0
ann,4,SR386_40X_HE_T154_01,0,0.42118170857429504,0
ann,4,SR386_40X_HE_T168_01,1,0.48763927817344666,0
ann,4,SR386_40X_HE_T175_01,0,0.33217766880989075,0
ann,4,SR386_40X_HE_T189_01,0,0.29733869433403015,0
ann,4,SR386_40X_HE_T195_01,0,0.2197961062192917,0
ann,4,SR386_40X_HE_T227_01,0,0.3757959306240082,0
ann,4,SR386_40X_HE_T233_01,0,0.3256726861000061,0
ann,4,SR386_40X_HE_T234_01,0,0.355190634727478,0
ann,4,SR386_40X_HE_T235_01,0,0.32326361536979675,0
ann,4,SR386_40X_HE_T239_01,0,0.46339449286460876,0
ann,4,SR386_40X_HE_T245_01,0,0.38821884989738464,0
ann,4,SR386_40X_HE_T256_01,0,0.3758735954761505,0
ann,4,SR386_40X_HE_T265_01,0,0.40728017687797546,0
ann,4,SR386_40X_HE_T268_01,0,0.3683210611343384,0
ann,4,SR386_40X_HE_T270_01,0,0.40367573499679565,0
ann,4,SR386_40X_HE_T272_01,0,0.5150061845779419,1
ann,4,SR386_40X_HE_T273_01,0,0.34724897146224976,0
ann,4,SR386_40X_HE_T276_01,0,0.3934706747531891,0
ann,4,SR386_40X_HE_T278_01,1,0.3835025131702423,0
ann,4,SR386_40X_HE_T284_01,0,0.2200121134519577,0
ann,4,SR386_40X_HE_T285_01,0,0.31203895807266235,0
ann,4,SR386_40X_HE_T288_01,0,0.5334986448287964,1
ann,4,SR386_40X_HE_T291_01,0,0.3814769387245178,0
ann,4,SR386_40X_HE_T300_01,0,0.3942785859107971,0
ann,4,SR386_40X_HE_T302_01,0,0.3237505853176117,0
ann,4,SR386_40X_HE_T305_01,0,0.2749982476234436,0
ann,4,SR386_40X_HE_T308_01,0,0.3265702426433563,0
ann,4,SR386_40X_HE_T325_01,0,0.3023877739906311,0
ann,4,SR386_40X_HE_T331_01,0,0.37472644448280334,0
ann,4,SR386_40X_HE_T341_01,0,0.3386516869068146,0
ann,4,SR386_40X_HE_T343_01,1,0.4430704712867737,0
ann,4,SR386_40X_HE_T346_01,0,0.5346475839614868,1
ann,4,SR386_40X_HE_T352_01,0,0.3017677068710327,0
ann,4,SR386_40X_HE_T373_01,0,0.4496307969093323,0
ann,4,SR386_40X_HE_T375_01,0,0.464199036359787,0
ann,4,SR386_40X_HE_T381_01,0,0.4363044798374176,0
ann,4,SR386_40X_HE_T389_01,0,0.3705318868160248,0
ann,4,SR386_40X_HE_T391_01,0,0.4324878752231598,0
ann,4,SR386_40X_HE_T394_01,0,0.2904576361179352,0
ann,4,SR386_40X_HE_T399_01,0,0.37314561009407043,0
ann,4,SR386_40X_HE_T403_01,0,0.3576706051826477,0
ann,4,SR386_40X_HE_T405_01,0,0.5915819406509399,1
ann,4,SR386_40X_HE_T407_01,0,0.42148396372795105,0
ann,4,SR386_40X_HE_T414_01,0,0.2951861023902893,0
ann,4,SR386_40X_HE_T424_01,0,0.40106239914894104,0
ann,4,SR386_40X_HE_T429_01,0,0.43744125962257385,0
ann,4,SR386_40X_HE_T441_01,0,0.38062670826911926,0
ann,4,SR386_40X_HE_T451_01,0,0.40901800990104675,0
ann,4,SR386_40X_HE_T453_01,0,0.28486067056655884,0
ann,4,SR386_40X_HE_T455_01,0,0.47545045614242554,0
ann,4,SR386_40X_HE_T465_01,0,0.3264011740684509,0
ann,4,SR386_40X_HE_T474_01,0,0.720918595790863,1
ann,4,SR386_40X_HE_T476_01,0,0.604517936706543,1
ann,4,SR386_40X_HE_T479_01,0,0.3751433789730072,0
ann,4,SR386_40X_HE_T482_01,0,0.394039124250412,0
ann,4,SR386_40X_HE_T487_01,0,0.23865503072738647,0
ann,4,SR386_40X_HE_T490_01,0,0.33856862783432007,0
ann,4,SR386_40X_HE_T494_01,0,0.2974722385406494,0
ann,4,SR386_40X_HE_T500_01,0,0.25933870673179626,0
ann,4,SR386_40X_HE_T510_01,0,0.3176549971103668,0
ann,4,SR386_40X_HE_T524_01,0,0.3399825990200043,0
ann,4,SR386_40X_HE_T528_01,0,0.4756561815738678,0
ann,4,SR386_40X_HE_T532_01,0,0.2859802842140198,0
ann,4,SR386_40X_HE_T534_01,0,0.5010421872138977,1
ann,4,SR386_40X_HE_T536_01,0,0.2697186768054962,0
ann,4,SR386_40X_HE_T537_01,0,0.437189519405365,0
ann,4,SR386_40X_HE_T541_01,0,0.3063133955001831,0
ann,4,SR386_40X_HE_T548_01,1,0.3801511526107788,0
ann,4,SR386_40X_HE_T550_01,0,0.5722047686576843,1
ann,4,SR386_40X_HE_T551_01,0,0.2803322374820709,0
ann,4,SR386_40X_HE_T557_01,0,0.28838643431663513,0
ann,4,SR386_40X_HE_T565_01,0,0.33689287304878235,0
ann,4,SR386_40X_HE_T567_01,0,0.31902551651000977,0
ann,4,SR386_40X_HE_T575_01,0,0.46772444248199463,0
ann,4,SR386_40X_HE_T576_01,0,0.45709285140037537,0
ann,4,SR386_40X_HE_T581_01,0,0.34868037700653076,0
knn,1,SR1482_40X_HE_T029_01,0,0.4,0
knn,1,SR1482_40X_HE_T029_02,0,0.5,0
knn,1,SR1482_40X_HE_T057_01,0,0.1,0
knn,1,SR1482_40X_HE_T063_01,1,0.3,0
knn,1,SR1482_40X_HE_T063_02,1,0.0,0
knn,1,SR1482_40X_HE_T065_01,0,0.1,0
knn,1,SR1482_40X_HE_T065_02,0,0.1,0
knn,1,SR1482_40X_HE_T066_01,0,0.1,0
knn,1,SR1482_40X_HE_T066_02,0,0.0,0
knn,1,SR1482_40X_HE_T068_01,0,0.0,0
knn,1,SR1482_40X_HE_T069_01,0,0.0,0
knn,1,SR1482_40X_HE_T069_02,0,0.0,0
knn,1,SR1482_40X_HE_T079_01,1,0.1,0
knn,1,SR1482_40X_HE_T079_02,1,0.0,0
knn,1,SR1482_40X_HE_T080_01,0,0.1,0
knn,1,SR1482_40X_HE_T080_02,0,0.2,0
knn,1,SR1482_40X_HE_T081_01,0,0.1,0
knn,1,SR1482_40X_HE_T081_02,0,0.1,0
knn,1,SR1482_40X_HE_T099_01,0,0.0,0
knn,1,SR1482_40X_HE_T116_01,0,0.1,0
knn,1,SR1482_40X_HE_T117_01,0,0.2,0
knn,1,SR1482_40X_HE_T117_02,0,0.2,0
knn,1,SR1482_40X_HE_T126_01,0,0.2,0
knn,1,SR1482_40X_HE_T129_01,0,0.1,0
knn,1,SR1482_40X_HE_T129_02,0,0.2,0
knn,1,SR1482_40X_HE_T139_01,0,0.2,0
knn,1,SR1482_40X_HE_T139_02,0,0.2,0
knn,1,SR1482_40X_HE_T147_01,0,0.5,0
knn,1,SR1482_40X_HE_T147_02,0,0.1,0
knn,1,SR1482_40X_HE_T159_01,0,0.3,0
knn,1,SR1482_40X_HE_T159_02,0,0.3,0
knn,1,SR1482_40X_HE_T192_01,0,0.2,0
knn,1,SR1482_40X_HE_T199_01,0,0.1,0
knn,1,SR1482_40X_HE_T304_01,0,0.0,0
knn,1,SR1482_40X_HE_T304_02,0,0.0,0
knn,1,SR1482_40X_HE_T310_01,1,0.3,0
knn,1,SR1482_40X_HE_T310_02,1,0.1,0
knn,1,SR1482_40X_HE_T341_01,0,0.0,0
knn,1,SR1482_40X_HE_T341_02,0,0.1,0
knn,1,SR1482_40X_HE_T353_01,0,0.0,0
knn,1,SR1482_40X_HE_T390_01,0,0.0,0
knn,1,SR1482_40X_HE_T433_01,1,0.1,0
knn,1,SR386_40X_HE_T003_01,0,0.1,0
knn,1,SR386_40X_HE_T004_01,0,0.1,0
knn,1,SR386_40X_HE_T022_01,1,0.1,0
knn,1,SR386_40X_HE_T030_01,0,0.0,0
knn,1,SR386_40X_HE_T033_01,0,0.1,0
knn,1,SR386_40X_HE_T036_01,0,0.1,0
knn,1,SR386_40X_HE_T038_01,0,0.1,0
knn,1,SR386_40X_HE_T049_01,0,0.0,0
knn,1,SR386_40X_HE_T050_01,0,0.0,0
knn,1,SR386_40X_HE_T060_01,0,0.2,0
knn,1,SR386_40X_HE_T063_01,0,0.4,0
knn,1,SR386_40X_HE_T066_01,0,0.1,0
knn,1,SR386_40X_HE_T069_01,0,0.2,0
knn,1,SR386_40X_HE_T072_01,0,0.1,0
knn,1,SR386_40X_HE_T074_01,0,0.3,0
knn,1,SR386_40X_HE_T078_01,0,0.2,0
knn,1,SR386_40X_HE_T079_01,0,0.0,0
knn,1,SR386_40X_HE_T092_01,1,0.0,0
knn,1,SR386_40X_HE_T096_01,0,0.0,0
knn,1,SR386_40X_HE_T099_01,0,0.2,0
knn,1,SR386_40X_HE_T103_01,0,0.0,0
knn,1,SR386_40X_HE_T108_01,0,0.2,0
knn,1,SR386_40X_HE_T113_01,0,0.0,0
knn,1,SR386_40X_HE_T114_01,0,0.1,0
knn,1,SR386_40X_HE_T119_01,0,0.0,0
knn,1,SR386_40X_HE_T126_01,0,0.1,0
knn,1,SR386_40X_HE_T130_01,0,0.0,0
knn,1,SR386_40X_HE_T131_01,0,0.0,0
knn,1,SR386_40X_HE_T135_01,0,0.1,0
knn,1,SR386_40X_HE_T140_01,0,0.3,0
knn,1,SR386_40X_HE_T144_01,0,0.0,0
knn,1,SR386_40X_HE_T147_01,0,0.2,0
knn,1,SR386_40X_HE_T148_01,0,0.2,0
knn,1,SR386_40X_HE_T160_01,0,0.1,0
knn,1,SR386_40X_HE_T169_01,0,0.1,0
knn,1,SR386_40X_HE_T170_01,1,0.2,0
knn,1,SR386_40X_HE_T172_01,0,0.3,0
knn,1,SR386_40X_HE_T174_01,0,0.1,0
knn,1,SR386_40X_HE_T181_01,0,0.0,0
knn,1,SR386_40X_HE_T196_01,0,0.0,0
knn,1,SR386_40X_HE_T205_01,0,0.0,0
knn,1,SR386_40X_HE_T209_01,0,0.0,0
knn,1,SR386_40X_HE_T210_01,0,0.2,0
knn,1,SR386_40X_HE_T212_01,0,0.0,0
knn,1,SR386_40X_HE_T221_01,0,0.0,0
knn,1,SR386_40X_HE_T224_01,0,0.0,0
knn,1,SR386_40X_HE_T231_01,1,0.0,0
knn,1,SR386_40X_HE_T232_01,0,0.0,0
knn,1,SR386_40X_HE_T247_01,0,0.0,0
knn,1,SR386_40X_HE_T252_01,0,0.0,0
knn,1,SR386_40X_HE_T255_01,0,0.1,0
knn,1,SR386_40X_HE_T259_01,1,0.1,0
knn,1,SR386_40X_HE_T274_01,0,0.0,0
knn,1,SR386_40X_HE_T275_01,0,0.0,0
knn,1,SR386_40X_HE_T282_01,0,0.0,0
knn,1,SR386_40X_HE_T294_01,0,0.1,0
knn,1,SR386_40X_HE_T311_01,0,0.1,0
knn,1,SR386_40X_HE_T315_01,0,0.1,0
knn,1,SR386_40X_HE_T319_01,1,0.2,0
knn,1,SR386_40X_HE_T324_01,1,0.1,0
knn,1,SR386_40X_HE_T330_01,0,0.0,0
knn,1,SR386_40X_HE_T333_01,0,0.2,0
knn,1,SR386_40X_HE_T335_01,0,0.0,0
knn,1,SR386_40X_HE_T337_01,0,0.1,0
knn,1,SR386_40X_HE_T344_01,0,0.0,0
knn,1,SR386_40X_HE_T347_01,0,0.0,0
knn,1,SR386_40X_HE_T350_01,0,0.0,0
knn,1,SR386_40X_HE_T351_01,0,0.0,0
knn,1,SR386_40X_HE_T360_01,0,0.0,0
knn,1,SR386_40X_HE_T361_01,0,0.1,0
knn,1,SR386_40X_HE_T366_01,0,0.0,0
knn,1,SR386_40X_HE_T377_01,1,0.1,0
knn,1,SR386_40X_HE_T384_01,0,0.0,0
knn,1,SR386_40X_HE_T395_01,0,0.0,0
knn,1,SR386_40X_HE_T396_01,0,0.0,0
knn,1,SR386_40X_HE_T401_01,0,0.0,0
knn,1,SR386_40X_HE_T408_01,0,0.0,0
knn,1,SR386_40X_HE_T410_01,0,0.2,0
knn,1,SR386_40X_HE_T413_01,0,0.2,0
knn,1,SR386_40X_HE_T416_01,0,0.1,0
knn,1,SR386_40X_HE_T418_01,0,0.0,0
knn,1,SR386_40X_HE_T419_01,0,0.0,0
knn,1,SR386_40X_HE_T421_01,0,0.0,0
knn,1,SR386_40X_HE_T423_01,0,0.0,0
knn,1,SR386_40X_HE_T428_01,0,0.0,0
knn,1,SR386_40X_HE_T430_01,0,0.0,0
knn,1,SR386_40X_HE_T431_01,0,0.1,0
knn,1,SR386_40X_HE_T435_01,0,0.1,0
knn,1,SR386_40X_HE_T438_01,0,0.1,0
knn,1,SR386_40X_HE_T439_01,0,0.1,0
knn,1,SR386_40X_HE_T447_01,0,0.0,0
knn,1,SR386_40X_HE_T449_01,0,0.0,0
knn,1,SR386_40X_HE_T454_01,0,0.0,0
knn,1,SR386_40X_HE_T456_01,0,0.0,0
knn,1,SR386_40X_HE_T461_01,0,0.0,0
knn,1,SR386_40X_HE_T462_01,0,0.0,0
knn,1,SR386_40X_HE_T468_01,0,0.0,0
knn,1,SR386_40X_HE_T469_01,1,0.0,0
knn,1,SR386_40X_HE_T470_01,0,0.0,0
knn,1,SR386_40X_HE_T471_01,0,0.0,0
knn,1,SR386_40X_HE_T477_01,0,0.0,0
knn,1,SR386_40X_HE_T480_01,0,0.1,0
knn,1,SR386_40X_HE_T484_01,0,0.0,0
knn,1,SR386_40X_HE_T495_01,0,0.0,0
knn,1,SR386_40X_HE_T496_01,0,0.1,0
knn,1,SR386_40X_HE_T498_01,0,0.1,0
knn,1,SR386_40X_HE_T504_01,0,0.4,0
knn,1,SR386_40X_HE_T511_01,0,0.1,0
knn,1,SR386_40X_HE_T517_01,0,0.1,0
knn,1,SR386_40X_HE_T523_01,0,0.0,0
knn,1,SR386_40X_HE_T529_01,0,0.0,0
knn,1,SR386_40X_HE_T542_01,0,0.0,0
knn,1,SR386_40X_HE_T569_01,0,0.1,0
knn,1,SR386_40X_HE_T582_01,0,0.0,0
knn,2,SR1482_40X_HE_T009_01,0,0.0,0
knn,2,SR1482_40X_HE_T009_02,0,0.0,0
knn,2,SR1482_40X_HE_T015_01,0,0.0,0
knn,2,SR1482_40X_HE_T021_01,0,0.0,0
knn,2,SR1482_40X_HE_T067_01,0,0.0,0
knn,2,SR1482_40X_HE_T075_01,0,0.0,0
knn,2,SR1482_40X_HE_T075_02,0,0.3333333333333333,0
knn,2,SR1482_40X_HE_T098_01,0,0.0,0
knn,2,SR1482_40X_HE_T098_02,0,0.0,0
knn,2,SR1482_40X_HE_T102_01,0,0.3333333333333333,0
knn,2,SR1482_40X_HE_T123_01,0,0.0,0
knn,2,SR1482_40X_HE_T142_01,0,0.0,0
knn,2,SR1482_40X_HE_T146_01,0,0.3333333333333333,0
knn,2,SR1482_40X_HE_T148_01,0,0.6666666666666666,1
knn,2,SR1482_40X_HE_T148_02,0,0.0,0
knn,2,SR1482_40X_HE_T154_01,0,0.0,0
knn,2,SR1482_40X_HE_T158_01,0,0.3333333333333333,0
knn,2,SR1482_40X_HE_T161_01,0,0.0,0
knn,2,SR1482_40X_HE_T161_02,0,0.0,0
knn,2,SR1482_40X_HE_T164_01,1,0.0,0
knn,2,SR1482_40X_HE_T164_02,1,0.3333333333333333,0
knn,2,SR1482_40X_HE_T168_01,0,0.0,0
knn,2,SR1482_40X_HE_T171_01,0,0.6666666666666666,1
knn,2,SR1482_40X_HE_T171_02,0,0.3333333333333333,0
knn,2,SR1482_40X_HE_T178_01,1,0.0,0
knn,2,SR1482_40X_HE_T186_01,0,0.0,0
knn,2,SR1482_40X_HE_T193_01,0,0.3333333333333333,0
knn,2,SR1482_40X_HE_T193_02,0,0.6666666666666666,1
knn,2,SR1482_40X_HE_T209_01,0,0.3333333333333333,0
knn,2,SR1482_40X_HE_T209_02,0,0.6666666666666666,1
knn,2,SR1482_40X_HE_T245_01,0,0.3333333333333333,0
knn,2,SR1482_40X_HE_T245_02,0,0.3333333333333333,0
knn,2,SR1482_40X_HE_T265_01,0,0.0,0
knn,2,SR1482_40X_HE_T302_01,0,0.0,0
knn,2,SR1482_40X_HE_T343_01,1,0.0,0
knn,2,SR1482_40X_HE_T343_02,1,0.0,0
knn,2,SR1482_40X_HE_T399_01,0,0.0,0
knn,2,SR1482_40X_HE_T399_02,0,0.0,0
knn,2,SR1482_40X_HE_T426_01,0,0.6666666666666666,1
knn,2,SR1482_40X_HE_T426_02,0,0.0,0
knn,2,SR386_40X_HE_T001_01,0,0.3333333333333333,0
knn,2,SR386_40X_HE_T013_01,0,0.0,0
knn,2,SR386_40X_HE_T018_01,0,0.0,0
knn,2,SR386_40X_HE_T019_01,0,0.0,0
knn,2,SR386_40X_HE_T024_01,0,0.0,0
knn,2,SR386_40X_HE_T039_01,0,0.0,0
knn,2,SR386_40X_HE_T040_01,1,0.0,0
knn,2,SR386_40X_HE_T042_01,0,0.0,0
knn,2,SR386_40X_HE_T047_01,0,0.0,0
knn,2,SR386_40X_HE_T051_01,0,0.0,0
knn,2,SR386_40X_HE_T052_01,0,0.0,0
knn,2,SR386_40X_HE_T056_01,0,0.3333333333333333,0
knn,2,SR386_40X_HE_T057_01,0,0.0,0
knn,2,SR386_40X_HE_T070_01,0,0.0,0
knn,2,SR386_40X_HE_T082_01,0,0.0,0
knn,2,SR386_40X_HE_T084_01,0,0.0,0
knn,2,SR386_40X_HE_T087_01,0,0.0,0
knn,2,SR386_40X_HE_T088_01,0,0.3333333333333333,0
knn,2,SR386_40X_HE_T098_01,0,0.0,0
knn,2,SR386_40X_HE_T105_01,0,0.0,0
knn,2,SR386_40X_HE_T122_01,0,0.0,0
knn,2,SR386_40X_HE_T123_01,0,0.3333333333333333,0
knn,2,SR386_40X_HE_T133_01,0,0.0,0
knn,2,SR386_40X_HE_T145_01,0,0.0,0
knn,2,SR386_40X_HE_T150_01,0,0.3333333333333333,0
knn,2,SR386_40X_HE_T152_01,0,0.3333333333333333,0
knn,2,SR386_40X_HE_T155_01,0,0.0,0
knn,2,SR386_40X_HE_T157_01,0,0.0,0
knn,2,SR386_40X_HE_T164_01,0,0.0,0
knn,2,SR386_40X_HE_T166_01,0,0.0,0
knn,2,SR386_40X_HE_T176_01,1,0.3333333333333333,0
knn,2,SR386_40X_HE_T177_01,0,0.0,0
knn,2,SR386_40X_HE_T178_01,0,0.3333333333333333,0
knn,2,SR386_40X_HE_T187_01,0,0.0,0
knn,2,SR386_40X_HE_T190_01,0,0.0,0
knn,2,SR386_40X_HE_T192_01,0,0.0,0
knn,2,SR386_40X_HE_T198_01,0,0.0,0
knn,2,SR386_40X_HE_T200_01,0,0.0,0
knn,2,SR386_40X_HE_T206_01,1,0.0,0
knn,2,SR386_40X_HE_T211_01,0,0.0,0
knn,2,SR386_40X_HE_T213_01,0,0.0,0
knn,2,SR386_40X_HE_T214_01,0,0.0,0
knn,2,SR386_40X_HE_T220_01,0,0.0,0
knn,2,SR386_40X_HE_T230_01,1,0.0,0
knn,2,SR386_40X_HE_T236_01,0,0.3333333333333333,0
knn,2,SR386_40X_HE_T237_01,0,0.0,0
knn,2,SR386_40X_HE_T240_01,0,0.0,0
knn,2,SR386_40X_HE_T241_01,0,0.3333333333333333,0
knn,2,SR386_40X_HE_T242_01,0,0.3333333333333333,0
knn,2,SR386_40X_HE_T253_01,0,0.0,0
knn,2,SR386_40X_HE_T260_01,0,0.0,0
knn,2,SR386_40X_HE_T262_01,0,0.0,0
knn,2,SR386_40X_HE_T264_01,0,0.0,0
knn,2,SR386_40X_HE_T271_01,0,0.0,0
knn,2,SR386_40X_HE_T281_01,0,0.0,0
knn,2,SR386_40X_HE_T297_01,0,0.0,0
knn,2,SR386_40X_HE_T299_01,0,0.0,0
knn,2,SR386_40X_HE_T301_01,0,0.0,0
knn,2,SR386_40X_HE_T306_01,0,0.0,0
knn,2,SR386_40X_HE_T309_01,0,0.0,0
knn,2,SR386_40X_HE_T314_01,0,0.0,0
knn,2,SR386_40X_HE_T316_01,0,0.0,0
knn,2,SR386_40X_HE_T318_01,0,0.0,0
knn,2,SR386_40X_HE_T321_01,0,0.3333333333333333,0
knn,2,SR386_40X_HE_T326_01,0,0.0,0
knn,2,SR386_40X_HE_T327_01,0,0.0,0
knn,2,SR386_40X_HE_T332_01,1,0.3333333333333333,0
knn,2,SR386_40X_HE_T355_01,0,0.0,0
knn,2,SR386_40X_HE_T364_01,0,0.0,0
knn,2,SR386_40X_HE_T368_01,1,0.0,0
knn,2,SR386_40X_HE_T374_01,0,0.0,0
knn,2,SR386_40X_HE_T380_01,0,0.0,0
knn,2,SR386_40X_HE_T382_01,0,0.0,0
knn,2,SR386_40X_HE_T392_01,0,0.0,0
knn,2,SR386_40X_HE_T398_01,0,0.0,0
knn,2,SR386_40X_HE_T402_01,1,0.0,0
knn,2,SR386_40X_HE_T404_01,0,0.0,0
knn,2,SR386_40X_HE_T415_01,0,0.3333333333333333,0
knn,2,SR386_40X_HE_T417_01,0,0.0,0
knn,2,SR386_40X_HE_T425_01,0,0.0,0
knn,2,SR386_40X_HE_T436_01,1,0.0,0
knn,2,SR386_40X_HE_T437_01,0,0.0,0
knn,2,SR386_40X_HE_T440_01,0,0.0,0
knn,2,SR386_40X_HE_T445_01,0,0.0,0
knn,2,SR386_40X_HE_T450_01,0,0.0,0
knn,2,SR386_40X_HE_T459_01,0,0.0,0
knn,2,SR386_40X_HE_T472_01,0,0.0,0
knn,2,SR386_40X_HE_T481_01,0,0.0,0
knn,2,SR386_40X_HE_T483_01,0,0.3333333333333333,0
knn,2,SR386_40X_HE_T486_01,0,0.0,0
knn,2,SR386_40X_HE_T488_01,0,0.0,0
knn,2,SR386_40X_HE_T499_01,0,0.3333333333333333,0
knn,2,SR386_40X_HE_T507_01,0,0.3333333333333333,0
knn,2,SR386_40X_HE_T514_01,0,0.0,0
knn,2,SR386_40X_HE_T520_01,1,0.0,0
knn,2,SR386_40X_HE_T522_01,0,0.0,0
knn,2,SR386_40X_HE_T531_01,0,0.0,0
knn,2,SR386_40X_HE_T535_01,0,0.0,0
knn,2,SR386_40X_HE_T539_01,0,0.0,0
knn,2,SR386_40X_HE_T549_01,0,0.0,0
knn,2,SR386_40X_HE_T552_01,0,0.0,0
knn,2,SR386_40X_HE_T553_01,0,0.3333333333333333,0
knn,2,SR386_40X_HE_T554_01,0,0.3333333333333333,0
knn,2,SR386_40X_HE_T558_01,0,0.0,0
knn,2,SR386_40X_HE_T564_01,0,0.0,0
knn,2,SR386_40X_HE_T570_01,0,0.0,0
knn,2,SR386_40X_HE_T574_01,0,0.0,0
knn,2,SR386_40X_HE_T578_01,0,0.0,0
knn,2,SR386_40X_HE_T580_01,0,0.0,0
knn,3,SR1482_40X_HE_T005_01,0,0.3333333333333333,0
knn,3,SR1482_40X_HE_T005_02,0,0.3333333333333333,0
knn,3,SR1482_40X_HE_T010_01,0,0.0,0
knn,3,SR1482_40X_HE_T043_01,0,0.3333333333333333,0
knn,3,SR1482_40X_HE_T043_02,0,0.0,0
knn,3,SR1482_40X_HE_T049_01,0,0.0,0
knn,3,SR1482_40X_HE_T061_01,0,0.0,0
knn,3,SR1482_40X_HE_T061_02,0,0.0,0
knn,3,SR1482_40X_HE_T070_01,1,0.0,0
knn,3,SR1482_40X_HE_T073_01,0,0.3333333333333333,0
knn,3,SR1482_40X_HE_T082_01,0,0.3333333333333333,0
knn,3,SR1482_40X_HE_T082_02,0,0.0,0
knn,3,SR1482_40X_HE_T089_01,0,0.0,0
knn,3,SR1482_40X_HE_T090_01,0,0.0,0
knn,3,SR1482_40X_HE_T094_01,1,0.0,0
knn,3,SR1482_40X_HE_T094_02,1,0.0,0
knn,3,SR1482_40X_HE_T105_01,0,0.0,0
knn,3,SR1482_40X_HE_T115_01,0,0.0,0
knn,3,SR1482_40X_HE_T115_02,0,0.0,0
knn,3,SR1482_40X_HE_T118_01,0,0.3333333333333333,0
knn,3,SR1482_40X_HE_T118_02,0,0.0,0
knn,3,SR1482_40X_HE_T120_01,0,0.0,0
knn,3,SR1482_40X_HE_T120_02,0,0.3333333333333333,0
knn,3,SR1482_40X_HE_T124_01,0,0.3333333333333333,0
knn,3,SR1482_40X_HE_T124_02,0,0.0,0
knn,3,SR1482_40X_HE_T138_01,0,0.0,0
knn,3,SR1482_40X_HE_T160_01,0,0.0,0
knn,3,SR1482_40X_HE_T160_02,0,0.0,0
knn,3,SR1482_40X_HE_T167_01,0,0.3333333333333333,0
knn,3,SR1482_40X_HE_T167_02,0,0.3333333333333333,0
knn,3,SR1482_40X_HE_T175_01,0,0.0,0
knn,3,SR1482_40X_HE_T175_02,0,0.0,0
knn,3,SR1482_40X_HE_T177_01,1,0.0,0
knn,3,SR1482_40X_HE_T188_01,0,0.3333333333333333,0
knn,3,SR1482_40X_HE_T195_01,0,0.3333333333333333,0
knn,3,SR1482_40X_HE_T195_02,0,0.0,0
knn,3,SR1482_40X_HE_T202_01,0,0.3333333333333333,0
knn,3,SR1482_40X_HE_T202_02,0,0.0,0
knn,3,SR1482_40X_HE_T225_01,0,0.6666666666666666,1
knn,3,SR1482_40X_HE_T225_02,0,0.0,0
knn,3,SR1482_40X_HE_T235_01,0,0.6666666666666666,1
knn,3,SR1482_40X_HE_T235_02,0,0.0,0
knn,3,SR1482_40X_HE_T236_01,0,0.0,0
knn,3,SR1482_40X_HE_T236_02,0,0.0,0
knn,3,SR1482_40X_HE_T258_01,0,0.0,0
knn,3,SR1482_40X_HE_T258_02,0,0.0,0
knn,3,SR1482_40X_HE_T284_01,1,0.0,0
knn,3,SR1482_40X_HE_T284_02,1,0.3333333333333333,0
knn,3,SR1482_40X_HE_T301_01,1,0.0,0
knn,3,SR1482_40X_HE_T301_02,1,0.0,0
knn,3,SR1482_40X_HE_T309_01,0,0.3333333333333333,0
knn,3,SR1482_40X_HE_T313_01,0,0.0,0
knn,3,SR1482_40X_HE_T313_02,0,0.3333333333333333,0
knn,3,SR1482_40X_HE_T338_01,0,0.3333333333333333,0
knn,3,SR1482_40X_HE_T344_01,0,0.0,0
knn,3,SR1482_40X_HE_T344_02,0,0.0,0
knn,3,SR1482_40X_HE_T346_01,0,0.3333333333333333,0
knn,3,SR1482_40X_HE_T346_02,0,0.3333333333333333,0
knn,3,SR1482_40X_HE_T377_01,0,0.0,0
knn,3,SR1482_40X_HE_T377_02,0,0.0,0
knn,3,SR1482_40X_HE_T419_01,0,0.0,0
knn,3,SR1482_40X_HE_T427_01,0,0.0,0
knn,3,SR1482_40X_HE_T427_02,0,0.0,0
knn,3,SR386_40X_HE_T007_01,0,0.0,0
knn,3,SR386_40X_HE_T015_01,0,0.0,0
knn,3,SR386_40X_HE_T017_01,1,0.0,0
knn,3,SR386_40X_HE_T032_01,0,0.0,0
knn,3,SR386_40X_HE_T034_01,0,0.3333333333333333,0
knn,3,SR386_40X_HE_T035_01,0,0.6666666666666666,1
knn,3,SR386_40X_HE_T041_01,0,0.6666666666666666,1
knn,3,SR386_40X_HE_T067_01,0,0.0,0
knn,3,SR386_40X_HE_T075_01,0,0.0,0
knn,3,SR386_40X_HE_T081_01,0,0.0,0
knn,3,SR386_40X_HE_T083_01,0,0.0,0
knn,3,SR386_40X_HE_T085_01,0,0.0,0
knn,3,SR386_40X_HE_T095_01,0,0.0,0
knn,3,SR386_40X_HE_T104_01,0,0.3333333333333333,0
knn,3,SR386_40X_HE_T106_01,0,0.0,0
knn,3,SR386_40X_HE_T112_01,0,0.0,0
knn,3,SR386_40X_HE_T128_01,0,0.0,0
knn,3,SR386_40X_HE_T132_01,0,0.0,0
knn,3,SR386_40X_HE_T138_01,0,0.3333333333333333,0
knn,3,SR386_40X_HE_T142_01,0,0.6666666666666666,1
knn,3,SR386_40X_HE_T149_01,0,0.3333333333333333,0
knn,3,SR386_40X_HE_T165_01,1,0.0,0
knn,3,SR386_40X_HE_T179_01,0,0.0,0
knn,3,SR386_40X_HE_T180_01,0,0.0,0
knn,3,SR386_40X_HE_T182_01,0,0.0,0
knn,3,SR386_40X_HE_T184_01,0,0.3333333333333333,0
knn,3,SR386_40X_HE_T188_01,0,0.0,0
knn,3,SR386_40X_HE_T191_01,0,0.0,0
knn,3,SR386_40X_HE_T197_01,0,0.0,0
knn,3,SR386_40X_HE_T201_01,0,0.0,0
knn,3,SR386_40X_HE_T202_01,0,0.0,0
knn,3,SR386_40X_HE_T208_01,0,0.0,0
knn,3,SR386_40X_HE_T216_01,1,0.3333333333333333,0
knn,3,SR386_40X_HE_T238_01,0,0.0,0
knn,3,SR386_40X_HE_T244_01,0,0.0,0
knn,3,SR386_40X_HE_T248_01,0,0.0,0
knn,3,SR386_40X_HE_T249_01,0,0.0,0
knn,3,SR386_40X_HE_T250_01,0,0.0,0
knn,3,SR386_40X_HE_T263_01,0,0.3333333333333333,0
knn,3,SR386_40X_HE_T267_01,0,0.3333333333333333,0
knn,3,SR386_40X_HE_T269_01,0,0.0,0
knn,3,SR386_40X_HE_T277_01,0,0.0,0
knn,3,SR386_40X_HE_T286_01,0,0.3333333333333333,0
knn,3,SR386_40X_HE_T287_01,0,0.0,0
knn,3,SR386_40X_HE_T290_01,0,0.0,0
knn,3,SR386_40X_HE_T293_01,0,0.0,0
knn,3,SR386_40X_HE_T298_01,0,0.0,0
knn,3,SR386_40X_HE_T303_01,0,0.0,0
knn,3,SR386_40X_HE_T312_01,0,0.0,0
knn,3,SR386_40X_HE_T329_01,0,0.0,0
knn,3,SR386_40X_HE_T336_01,0,0.0,0
knn,3,SR386_40X_HE_T338_01,0,0.0,0
knn,3,SR386_40X_HE_T342_01,0,0.3333333333333333,0
knn,3,SR386_40X_HE_T353_01,0,0.0,0
knn,3,SR386_40X_HE_T357_01,0,0.0,0
knn,3,SR386_40X_HE_T362_01,0,0.0,0
knn,3,SR386_40X_HE_T363_01,1,0.3333333333333333,0
knn,3,SR386_40X_HE_T372_01,0,0.3333333333333333,0
knn,3,SR386_40X_HE_T378_01,0,0.0,0
knn,3,SR386_40X_HE_T379_01,0,0.0,0
knn,3,SR386_40X_HE_T386_01,0,0.0,0
knn,3,SR386_40X_HE_T387_01,0,0.0,0
knn,3,SR386_40X_HE_T393_01,0,0.0,0
knn,3,SR386_40X_HE_T397_01,0,0.0,0
knn,3,SR386_40X_HE_T406_01,0,0.0,0
knn,3,SR386_40X_HE_T409_01,0,0.0,0
knn,3,SR386_40X_HE_T422_01,0,0.0,0
knn,3,SR386_40X_HE_T426_01,0,0.0,0
knn,3,SR386_40X_HE_T433_01,0,0.0,0
knn,3,SR386_40X_HE_T443_01,0,0.0,0
knn,3,SR386_40X_HE_T448_01,0,0.0,0
knn,3,SR386_40X_HE_T452_01,0,0.0,0
knn,3,SR386_40X_HE_T460_01,1,0.0,0
knn,3,SR386_40X_HE_T473_01,0,0.0,0
knn,3,SR386_40X_HE_T475_01,0,0.0,0
knn,3,SR386_40X_HE_T478_01,0,0.0,0
knn,3,SR386_40X_HE_T489_01,1,0.0,0
knn,3,SR386_40X_HE_T491_01,0,0.0,0
knn,3,SR386_40X_HE_T492_01,0,0.0,0
knn,3,SR386_40X_HE_T493_01,0,0.0,0
knn,3,SR386_40X_HE_T502_01,0,0.0,0
knn,3,SR386_40X_HE_T505_01,0,0.0,0
knn,3,SR386_40X_HE_T506_01,0,0.0,0
knn,3,SR386_40X_HE_T509_01,0,0.3333333333333333,0
knn,3,SR386_40X_HE_T516_01,0,0.0,0
knn,3,SR386_40X_HE_T518_01,0,0.0,0
knn,3,SR386_40X_HE_T519_01,0,0.0,0
knn,3,SR386_40X_HE_T521_01,0,0.0,0
knn,3,SR386_40X_HE_T526_01,0,0.0,0
knn,3,SR386_40X_HE_T533_01,0,0.0,0
knn,3,SR386_40X_HE_T543_01,0,0.0,0
knn,3,SR386_40X_HE_T544_01,0,0.0,0
knn,3,SR386_40X_HE_T556_01,1,0.0,0
knn,3,SR386_40X_HE_T560_01,0,0.0,0
knn,3,SR386_40X_HE_T563_01,0,0.0,0
knn,3,SR386_40X_HE_T568_01,0,0.0,0
knn,3,SR386_40X_HE_T571_01,0,0.0,0
knn,3,SR386_40X_HE_T572_01,0,0.0,0
knn,3,SR386_40X_HE_T573_01,0,0.0,0
knn,3,SR386_40X_HE_T583_01,0,0.0,0
knn,4,SR1482_40X_HE_T002_01,0,0.0,0
knn,4,SR1482_40X_HE_T003_01,0,0.14285714285714285,0
knn,4,SR1482_40X_HE_T004_01,0,0.0,0
knn,4,SR1482_40X_HE_T004_02,0,0.0,0
knn,4,SR1482_40X_HE_T011_01,0,0.0,0
knn,4,SR1482_40X_HE_T025_01,0,0.2857142857142857,0
knn,4,SR1482_40X_HE_T025_02,0,0.2857142857142857,0
knn,4,SR1482_40X_HE_T060_01,0,0.14285714285714285,0
knn,4,SR1482_40X_HE_T062_01,0,0.14285714285714285,0
knn,4,SR1482_40X_HE_T062_02,0,0.14285714285714285,0
knn,4,SR1482_40X_HE_T064_01,0,0.14285714285714285,0
knn,4,SR1482_40X_HE_T064_02,0,0.0,0
knn,4,SR1482_40X_HE_T071_01,0,0.2857142857142857,0
knn,4,SR1482_40X_HE_T071_02,0,0.0,0
knn,4,SR1482_40X_HE_T074_01,0,0.14285714285714285,0
knn,4,SR1482_40X_HE_T074_02,0,0.0,0
knn,4,SR1482_40X_HE_T083_01,0,0.2857142857142857,0
knn,4,SR1482_40X_HE_T083_02,0,0.0,0
knn,4,SR1482_40X_HE_T087_01,0,0.0,0
knn,4,SR1482_40X_HE_T097_01,1,0.2857142857142857,0
knn,4,SR1482_40X_HE_T097_02,1,0.14285714285714285,0
knn,4,SR1482_40X_HE_T108_01,0,0.0,0
knn,4,SR1482_40X_HE_T113_01,0,0.14285714285714285,0
knn,4,SR1482_40X_HE_T113_02,0,0.14285714285714285,0
knn,4,SR1482_40X_HE_T121_01,0,0.0,0
knn,4,SR1482_40X_HE_T122_01,0,0.0,0
knn,4,SR1482_40X_HE_T125_01,0,0.0,0
knn,4,SR1482_40X_HE_T125_02,0,0.0,0
knn,4,SR1482_40X_HE_T131_01,0,0.0,0
knn,4,SR1482_40X_HE_T131_02,0,0.14285714285714285,0
knn,4,SR1482_40X_HE_T132_01,0,0.2857142857142857,0
knn,4,SR1482_40X_HE_T132_02,0,0.14285714285714285,0
knn,4,SR1482_40X_HE_T143_01,0,0.2857142857142857,0
knn,4,SR1482_40X_HE_T143_02,0,0.14285714285714285,0
knn,4,SR1482_40X_HE_T166_01,1,0.0,0
knn,4,SR1482_40X_HE_T169_01,0,0.2857142857142857,0
knn,4,SR1482_40X_HE_T176_01,1,0.42857142857142855,0
knn,4,SR1482_40X_HE_T176_02,1,0.42857142857142855,0
knn,4,SR1482_40X_HE_T191_01,0,0.0,0
knn,4,SR1482_40X_HE_T194_01,0,0.14285714285714285,0
knn,4,SR1482_40X_HE_T218_01,0,0.0,0
knn,4,SR1482_40X_HE_T253_01,0,0.0,0
knn,4,SR1482_40X_HE_T290_01,0,0.14285714285714285,0
knn,4,SR1482_40X_HE_T308_01,0,0.2857142857142857,0
knn,4,SR1482_40X_HE_T314_01,0,0.2857142857142857,0
knn,4,SR1482_40X_HE_T314_02,0,0.14285714285714285,0
knn,4,SR1482_40X_HE_T372_01,1,0.2857142857142857,0
knn,4,SR1482_40X_HE_T372_02,1,0.0,0
knn,4,SR1482_40X_HE_T408_01,0,0.0,0
knn,4,SR1482_40X_HE_T412_01,0,0.14285714285714285,0
knn,4,SR1482_40X_HE_T425_01,0,0.0,0
knn,4,SR1482_40X_HE_T434_01,1,0.14285714285714285,0
knn,4,SR386_40X_HE_T006_01,0,0.0,0
knn,4,SR386_40X_HE_T010_01,0,0.14285714285714285,0
knn,4,SR386_40X_HE_T014_01,0,0.0,0
knn,4,SR386_40X_HE_T016_01,0,0.14285714285714285,0
knn,4,SR386_40X_HE_T020_01,0,0.0,0
knn,4,SR386_40X_HE_T027_01,0,0.14285714285714285,0
knn,4,SR386_40X_HE_T028_01,0,0.0,0
knn,4,SR386_40X_HE_T037_01,0,0.0,0
knn,4,SR386_40X_HE_T043_01,0,0.0,0
knn,4,SR386_40X_HE_T044_01,1,0.0,0
knn,4,SR386_40X_HE_T046_01,0,0.0,0
knn,4,SR386_40X_HE_T058_01,0,0.14285714285714285,0
knn,4,SR386_40X_HE_T062_01,0,0.0,0
knn,4,SR386_40X_HE_T065_01,1,0.0,0
knn,4,SR386_40X_HE_T080_01,0,0.14285714285714285,0
knn,4,SR386_40X_HE_T091_01,0,0.14285714285714285,0
knn,4,SR386_40X_HE_T094_01,0,0.0,0
knn,4,SR386_40X_HE_T097_01,0,0.0,0
knn,4,SR386_40X_HE_T100_01,0,0.0,0
knn,4,SR386_40X_HE_T107_01,0,0.14285714285714285,0
knn,4,SR386_40X_HE_T109_01,1,0.14285714285714285,0
knn,4,SR386_40X_HE_T110_01,0,0.0,0
knn,4,SR386_40X_HE_T117_01,0,0.0,0
knn,4,SR386_40X_HE_T127_01,0,0.0,0
knn,4,SR386_40X_HE_T129_01,0,0.0,0
knn,4,SR386_40X_HE_T136_01,0,0.0,0
knn,4,SR386_40X_HE_T154_01,0,0.0,0
knn,4,SR386_40X_HE_T168_01,1,0.14285714285714285,0
knn,4,SR386_40X_HE_T175_01,0,0.0,0
knn,4,SR386_40X_HE_T189_01,0,0.14285714285714285,0
knn,4,SR386_40X_HE_T195_01,0,0.0,0
knn,4,SR386_40X_HE_T227_01,0,0.0,0
knn,4,SR386_40X_HE_T233_01,0,0.0,0
knn,4,SR386_40X_HE_T234_01,0,0.2857142857142857,0
knn,4,SR386_40X_HE_T235_01,0,0.0,0
knn,4,SR386_40X_HE_T239_01,0,0.0,0
knn,4,SR386_40X_HE_T245_01,0,0.0,0
knn,4,SR386_40X_HE_T256_01,0,0.5714285714285714,1
knn,4,SR386_40X_HE_T265_01,0,0.0,0
knn,4,SR386_40X_HE_T268_01,0,0.0,0
knn,4,SR386_40X_HE_T270_01,0,0.0,0
knn,4,SR386_40X_HE_T272_01,0,0.2857142857142857,0
knn,4,SR386_40X_HE_T273_01,0,0.0,0
knn,4,SR386_40X_HE_T276_01,0,0.2857142857142857,0
knn,4,SR386_40X_HE_T278_01,1,0.14285714285714285,0
knn,4,SR386_40X_HE_T284_01,0,0.0,0
knn,4,SR386_40X_HE_T285_01,0,0.0,0
knn,4,SR386_40X_HE_T288_01,0,0.14285714285714285,0
knn,4,SR386_40X_HE_T291_01,0,0.0,0
knn,4,SR386_40X_HE_T300_01,0,0.14285714285714285,0
knn,4,SR386_40X_HE_T302_01,0,0.0,0
knn,4,SR386_40X_HE_T305_01,0,0.0,0
knn,4,SR386_40X_HE_T308_01,0,0.0,0
knn,4,SR386_40X_HE_T325_01,0,0.0,0
knn,4,SR386_40X_HE_T331_01,0,0.14285714285714285,0
knn,4,SR386_40X_HE_T341_01,0,0.0,0
knn,4,SR386_40X_HE_T343_01,1,0.0,0
knn,4,SR386_40X_HE_T346_01,0,0.2857142857142857,0
knn,4,SR386_40X_HE_T352_01,0,0.0,0
knn,4,SR386_40X_HE_T373_01,0,0.14285714285714285,0
knn,4,SR386_40X_HE_T375_01,0,0.0,0
knn,4,SR386_40X_HE_T381_01,0,0.14285714285714285,0
knn,4,SR386_40X_HE_T389_01,0,0.0,0
knn,4,SR386_40X_HE_T391_01,0,0.0,0
knn,4,SR386_40X_HE_T394_01,0,0.0,0
knn,4,SR386_40X_HE_T399_01,0,0.14285714285714285,0
knn,4,SR386_40X_HE_T403_01,0,0.0,0
knn,4,SR386_40X_HE_T405_01,0,0.14285714285714285,0
knn,4,SR386_40X_HE_T407_01,0,0.0,0
knn,4,SR386_40X_HE_T414_01,0,0.0,0
knn,4,SR386_40X_HE_T424_01,0,0.0,0
knn,4,SR386_40X_HE_T429_01,0,0.14285714285714285,0
knn,4,SR386_40X_HE_T441_01,0,0.0,0
knn,4,SR386_40X_HE_T451_01,0,0.0,0
knn,4,SR386_40X_HE_T453_01,0,0.0,0
knn,4,SR386_40X_HE_T455_01,0,0.14285714285714285,0
knn,4,SR386_40X_HE_T465_01,0,0.0,0
knn,4,SR386_40X_HE_T474_01,0,0.14285714285714285,0
knn,4,SR386_40X_HE_T476_01,0,0.2857142857142857,0
knn,4,SR386_40X_HE_T479_01,0,0.0,0
knn,4,SR386_40X_HE_T482_01,0,0.0,0
knn,4,SR386_40X_HE_T487_01,0,0.0,0
knn,4,SR386_40X_HE_T490_01,0,0.0,0
knn,4,SR386_40X_HE_T494_01,0,0.0,0
knn,4,SR386_40X_HE_T500_01,0,0.0,0
knn,4,SR386_40X_HE_T510_01,0,0.0,0
knn,4,SR386_40X_HE_T524_01,0,0.0,0
knn,4,SR386_40X_HE_T528_01,0,0.14285714285714285,0
knn,4,SR386_40X_HE_T532_01,0,0.0,0
knn,4,SR386_40X_HE_T534_01,0,0.0,0
knn,4,SR386_40X_HE_T536_01,0,0.0,0
knn,4,SR386_40X_HE_T537_01,0,0.0,0
knn,4,SR386_40X_HE_T541_01,0,0.0,0
knn,4,SR386_40X_HE_T548_01,1,0.0,0
knn,4,SR386_40X_HE_T550_01,0,0.14285714285714285,0
knn,4,SR386_40X_HE_T551_01,0,0.0,0
knn,4,SR386_40X_HE_T557_01,0,0.14285714285714285,0
knn,4,SR386_40X_HE_T565_01,0,0.0,0
knn,4,SR386_40X_HE_T567_01,0,0.0,0
knn,4,SR386_40X_HE_T575_01,0,0.2857142857142857,0
knn,4,SR386_40X_HE_T576_01,0,0.0,0
knn,4,SR386_40X_HE_T581_01,0,0.0,0
proto,1,SR1482_40X_HE_T029_01,0,0.5021692514419556,1
proto,1,SR1482_40X_HE_T029_02,0,0.5024471879005432,1
proto,1,SR1482_40X_HE_T057_01,0,0.502660870552063,1
proto,1,SR1482_40X_HE_T063_01,1,0.5047236680984497,1
proto,1,SR1482_40X_HE_T063_02,1,0.5053292512893677,1
proto,1,SR1482_40X_HE_T065_01,0,0.5041506290435791,1
proto,1,SR1482_40X_HE_T065_02,0,0.5030431747436523,1
proto,1,SR1482_40X_HE_T066_01,0,0.5024231672286987,1
proto,1,SR1482_40X_HE_T066_02,0,0.5045111179351807,1
proto,1,SR1482_40X_HE_T068_01,0,0.49903175234794617,0
proto,1,SR1482_40X_HE_T069_01,0,0.5011524558067322,1
proto,1,SR1482_40X_HE_T069_02,0,0.5035026669502258,1
proto,1,SR1482_40X_HE_T079_01,1,0.5015501379966736,1
proto,1,SR1482_40X_HE_T079_02,1,0.5060577988624573,1
proto,1,SR1482_40X_HE_T080_01,0,0.49731144309043884,0
proto,1,SR1482_40X_HE_T080_02,0,0.49962136149406433,0
proto,1,SR1482_40X_HE_T081_01,0,0.5001260638237,1
proto,1,SR1482_40X_HE_T081_02,0,0.5009479522705078,1
proto,1,SR1482_40X_HE_T099_01,0,0.4971412420272827,0
proto,1,SR1482_40X_HE_T116_01,0,0.5054740905761719,1
proto,1,SR1482_40X_HE_T117_01,0,0.5077614784240723,1
proto,1,SR1482_40X_HE_T117_02,0,0.5052450299263,1
proto,1,SR1482_40X_HE_T126_01,0,0.5064329504966736,1
proto,1,SR1482_40X_HE_T129_01,0,0.5024504065513611,1
proto,1,SR1482_40X_HE_T129_02,0,0.5055931210517883,1
proto,1,SR1482_40X_HE_T139_01,0,0.5073235630989075,1
proto,1,SR1482_40X_HE_T139_02,0,0.5081183910369873,1
proto,1,SR1482_40X_HE_T147_01,0,0.5103550553321838,1
proto,1,SR1482_40X_HE_T147_02,0,0.5086148977279663,1
proto,1,SR1482_40X_HE_T159_01,0,0.5074527859687805,1
proto,1,SR1482_40X_HE_T159_02,0,0.5063875913619995,1
proto,1,SR1482_40X_HE_T192_01,0,0.5015310645103455,1
proto,1,SR1482_40X_HE_T199_01,0,0.5030964016914368,1
proto,1,SR1482_40X_HE_T304_01,0,0.5010280013084412,1
proto,1,SR1482_40X_HE_T304_02,0,0.5004342794418335,1
proto,1,SR1482_40X_HE_T310_01,1,0.5059113502502441,1
proto,1,SR1482_40X_HE_T310_02,1,0.5046591758728027,1
proto,1,SR1482_40X_HE_T341_01,0,0.4988954961299896,0
proto,1,SR1482_40X_HE_T341_02,0,0.5024288296699524,1
proto,1,SR1482_40X_HE_T353_01,0,0.500370442867279,1
proto,1,SR1482_40X_HE_T390_01,0,0.49943119287490845,0
proto,1,SR1482_40X_HE_T433_01,1,0.5059189796447754,1
proto,1,SR386_40X_HE_T003_01,0,0.49468693137168884,0
proto,1,SR386_40X_HE_T004_01,0,0.49418124556541443,0
proto,1,SR386_40X_HE_T022_01,1,0.5001698136329651,1
proto,1,SR386_40X_HE_T030_01,0,0.49714037775993347,0
proto,1,SR386_40X_HE_T033_01,0,0.49141332507133484,0
proto,1,SR386_40X_HE_T036_01,0,0.4987414479255676,0
proto,1,SR386_40X_HE_T038_01,0,0.4955086410045624,0
proto,1,SR386_40X_HE_T049_01,0,0.492693692445755,0
proto,1,SR386_40X_HE_T050_01,0,0.5009318590164185,1
proto,1,SR386_40X_HE_T060_01,0,0.49479568004608154,0
proto,1,SR386_40X_HE_T063_01,0,0.49765488505363464,0
proto,1,SR386_40X_HE_T066_01,0,0.4922199249267578,0
proto,1,SR386_40X_HE_T069_01,0,0.4954107403755188,0
proto,1,SR386_40X_HE_T072_01,0,0.49509289860725403,0
proto,1,SR386_40X_HE_T074_01,0,0.4930248260498047,0
proto,1,SR386_40X_HE_T078_01,0,0.4948873221874237,0
proto,1,SR386_40X_HE_T079_01,0,0.4922477900981903,0
proto,1,SR386_40X_HE_T092_01,1,0.49815261363983154,0
proto,1,SR386_40X_HE_T096_01,0,0.48952171206474304,0
proto,1,SR386_40X_HE_T099_01,0,0.502027690410614,1
proto,1,SR386_40X_HE_T103_01,0,0.49617671966552734,0
proto,1,SR386_40X_HE_T108_01,0,0.4983275234699249,0
proto,1,SR386_40X_HE_T113_01,0,0.4993845522403717,0
proto,1,SR386_40X_HE_T114_01,0,0.49493178725242615,0
proto,1,SR386_40X_HE_T119_01,0,0.49014365673065186,0
proto,1,SR386_40X_HE_T126_01,0,0.49494001269340515,0
proto,1,SR386_40X_HE_T130_01,0,0.49104079604148865,0
proto,1,SR386_40X_HE_T131_01,0,0.49640092253685,0
proto,1,SR386_40X_HE_T135_01,0,0.4971548318862915,0
proto,1,SR386_40X_HE_T140_01,0,0.4960869252681732,0
proto,1,SR386_40X_HE_T144_01,0,0.4983396530151367,0
proto,1,SR386_40X_HE_T147_01,0,0.4945794641971588,0
proto,1,SR386_40X_HE_T148_01,0,0.4975086450576782,0
proto,1,SR386_40X_HE_T160_01,0,0.4918021857738495,0
proto,1,SR386_40X_HE_T169_01,0,0.49134328961372375,0
proto,1,SR386_40X_HE_T170_01,1,0.4963909983634949,0
proto,1,SR386_40X_HE_T172_01,0,0.4964851140975952,0
proto,1,SR386_40X_HE_T174_01,0,0.49529337882995605,0
proto,1,SR386_40X_HE_T181_01,0,0.49174290895462036,0
proto,1,SR386_40X_HE_T196_01,0,0.49403658509254456,0
proto,1,SR386_40X_HE_T205_01,0,0.4984457194805145,0
proto,1,SR386_40X_HE_T209_01,0,0.4896269142627716,0
proto,1,SR386_40X_HE_T210_01,0,0.5023798942565918,1
proto,1,SR386_40X_HE_T212_01,0,0.4900387227535248,0
proto,1,SR386_40X_HE_T221_01,0,0.49175167083740234,0
proto,1,SR386_40X_HE_T224_01,0,0.49183639883995056,0
proto,1,SR386_40X_HE_T231_01,1,0.5043458938598633,1
proto,1,SR386_40X_HE_T232_01,0,0.491632878780365,0
proto,1,SR386_40X_HE_T247_01,0,0.4905506372451782,0
proto,1,SR386_40X_HE_T252_01,0,0.4936371147632599,0
proto,1,SR386_40X_HE_T255_01,0,0.5018843412399292,1
proto,1,SR386_40X_HE_T259_01,1,0.49873992800712585,0
proto,1,SR386_40X_HE_T274_01,0,0.49005910754203796,0
proto,1,SR386_40X_HE_T275_01,0,0.49544885754585266,0
proto,1,SR386_40X_HE_T282_01,0,0.49196043610572815,0
proto,1,SR386_40X_HE_T294_01,0,0.4979092478752136,0
proto,1,SR386_40X_HE_T311_01,0,0.4931451678276062,0
proto,1,SR386_40X_HE_T315_01,0,0.4931481182575226,0
proto,1,SR386_40X_HE_T319_01,1,0.4956940710544586,0
proto,1,SR386_40X_HE_T324_01,1,0.49493861198425293,0
proto,1,SR386_40X_HE_T330_01,0,0.4913445711135864,0
proto,1,SR386_40X_HE_T333_01,0,0.49680519104003906,0
proto,1,SR386_40X_HE_T335_01,0,0.4985986351966858,0
proto,1,SR386_40X_HE_T337_01,0,0.4960663318634033,0
proto,1,SR386_40X_HE_T344_01,0,0.49772992730140686,0
proto,1,SR386_40X_HE_T347_01,0,0.49386778473854065,0
proto,1,SR386_40X_HE_T350_01,0,0.49248868227005005,0
proto,1,SR386_40X_HE_T351_01,0,0.5008118748664856,1
proto,1,SR386_40X_HE_T360_01,0,0.4920911192893982,0
proto,1,SR386_40X_HE_T361_01,0,0.5004441142082214,1
proto,1,SR386_40X_HE_T366_01,0,0.49206000566482544,0
proto,1,SR386_40X_HE_T377_01,1,0.5023407936096191,1
proto,1,SR386_40X_HE_T384_01,0,0.4896980822086334,0
proto,1,SR386_40X_HE_T395_01,0,0.4951743185520172,0
proto,1,SR386_40X_HE_T396_01,0,0.49185553193092346,0
proto,1,SR386_40X_HE_T401_01,0,0.49589043855667114,0
proto,1,SR386_40X_HE_T408_01,0,0.4925258457660675,0
proto,1,SR386_40X_HE_T410_01,0,0.49309951066970825,0
proto,1,SR386_40X_HE_T413_01,0,0.5009967684745789,1
proto,1,SR386_40X_HE_T416_01,0,0.5001570582389832,1
proto,1,SR386_40X_HE_T418_01,0,0.4946085512638092,0
proto,1,SR386_40X_HE_T419_01,0,0.5016499161720276,1
proto,1,SR386_40X_HE_T421_01,0,0.4989796578884125,0
proto,1,SR386_40X_HE_T423_01,0,0.49620601534843445,0
proto,1,SR386_40X_HE_T428_01,0,0.49473029375076294,0
proto,1,SR386_40X_HE_T430_01,0,0.49375489354133606,0
proto,1,SR386_40X_HE_T431_01,0,0.493484228849411,0
proto,1,SR386_40X_HE_T435_01,0,0.5024218559265137,1
proto,1,SR386_40X_HE_T438_01,0,0.49429360032081604,0
proto,1,SR386_40X_HE_T439_01,0,0.5041770935058594,1
proto,1,SR386_40X_HE_T447_01,0,0.4932008683681488,0
proto,1,SR386_40X_HE_T449_01,0,0.4912562966346741,0
proto,1,SR386_40X_HE_T454_01,0,0.49160346388816833,0
proto,1,SR386_40X_HE_T456_01,0,0.4943294823169708,0
proto,1,SR386_40X_HE_T461_01,0,0.4933474659919739,0
proto,1,SR386_40X_HE_T462_01,0,0.4940883219242096,0
proto,1,SR386_40X_HE_T468_01,0,0.49116888642311096,0
proto,1,SR386_40X_HE_T469_01,1,0.5015154480934143,1
proto,1,SR386_40X_HE_T470_01,0,0.49581390619277954,0
proto,1,SR386_40X_HE_T471_01,0,0.4965324401855469,0
proto,1,SR386_40X_HE_T477_01,0,0.49303287267684937,0
proto,1,SR386_40X_HE_T480_01,0,0.4959825277328491,0
proto,1,SR386_40X_HE_T484_01,0,0.49232932925224304,0
proto,1,SR386_40X_HE_T495_01,0,0.4908275902271271,0
proto,1,SR386_40X_HE_T496_01,0,0.4898184835910797,0
proto,1,SR386_40X_HE_T498_01,0,0.49910396337509155,0
proto,1,SR386_40X_HE_T504_01,0,0.49681127071380615,0
proto,1,SR386_40X_HE_T511_01,0,0.4939316511154175,0
proto,1,SR386_40X_HE_T517_01,0,0.49377280473709106,0
proto,1,SR386_40X_HE_T523_01,0,0.49513787031173706,0
proto,1,SR386_40X_HE_T529_01,0,0.49277350306510925,0
proto,1,SR386_40X_HE_T542_01,0,0.49339500069618225,0
proto,1,SR386_40X_HE_T569_01,0,0.4986089766025543,0
proto,1,SR386_40X_HE_T582_01,0,0.4962841272354126,0
proto,2,SR1482_40X_HE_T009_01,0,0.4982048273086548,0
proto,2,SR1482_40X_HE_T009_02,0,0.498887300491333,0
proto,2,SR1482_40X_HE_T015_01,0,0.505607008934021,1
proto,2,SR1482_40X_HE_T021_01,0,0.5011279582977295,1
proto,2,SR1482_40X_HE_T067_01,0,0.5027622580528259,1
proto,2,SR1482_40X_HE_T075_01,0,0.5003846883773804,1
proto,2,SR1482_40X_HE_T075_02,0,0.5026071071624756,1
proto,2,SR1482_40X_HE_T098_01,0,0.5055570602416992,1
proto,2,SR1482_40X_HE_T098_02,0,0.5027672052383423,1
proto,2,SR1482_40X_HE_T102_01,0,0.5059173703193665,1
proto,2,SR1482_40X_HE_T123_01,0,0.5021945834159851,1
proto,2,SR1482_40X_HE_T142_01,0,0.497048944234848,0
proto,2,SR1482_40X_HE_T146_01,0,0.5073850750923157,1
proto,2,SR1482_40X_HE_T148_01,0,0.5067384243011475,1
proto,2,SR1482_40X_HE_T148_02,0,0.5038257837295532,1
proto,2,SR1482_40X_HE_T154_01,0,0.5013066530227661,1
proto,2,SR1482_40X_HE_T158_01,0,0.5008740425109863,1
proto,2,SR1482_40X_HE_T161_01,0,0.5073139071464539,1
proto,2,SR1482_40X_HE_T161_02,0,0.506992757320404,1
proto,2,SR1482_40X_HE_T164_01,1,0.5051911473274231,1
proto,2,SR1482_40X_HE_T164_02,1,0.5054335594177246,1
proto,2,SR1482_40X_HE_T168_01,0,0.5008787512779236,1
proto,2,SR1482_40X_HE_T171_01,0,0.502014696598053,1
proto,2,SR1482_40X_HE_T171_02,0,0.5069577693939209,1
proto,2,SR1482_40X_HE_T178_01,1,0.5041384100914001,1
proto,2,SR1482_40X_HE_T186_01,0,0.5008254051208496,1
proto,2,SR1482_40X_HE_T193_01,0,0.5001370906829834,1
proto,2,SR1482_40X_HE_T193_02,0,0.5062926411628723,1
proto,2,SR1482_40X_HE_T209_01,0,0.5003475546836853,1
proto,2,SR1482_40X_HE_T209_02,0,0.5011234879493713,1
proto,2,SR1482_40X_HE_T245_01,0,0.5043996572494507,1
proto,2,SR1482_40X_HE_T245_02,0,0.5044350624084473,1
proto,2,SR1482_40X_HE_T265_01,0,0.49912410974502563,0
proto,2,SR1482_40X_HE_T302_01,0,0.5041428208351135,1
proto,2,SR1482_40X_HE_T343_01,1,0.5078705549240112,1
proto,2,SR1482_40X_HE_T343_02,1,0.5078995823860168,1
proto,2,SR1482_40X_HE_T399_01,0,0.5040343403816223,1
proto,2,SR1482_40X_HE_T399_02,0,0.5037381052970886,1
proto,2,SR1482_40X_HE_T426_01,0,0.5052990913391113,1
proto,2,SR1482_40X_HE_T426_02,0,0.5063406229019165,1
proto,2,SR386_40X_HE_T001_01,0,0.49300113320350647,0
proto,2,SR386_40X_HE_T013_01,0,0.4941680431365967,0
proto,2,SR386_40X_HE_T018_01,0,0.49310868978500366,0
proto,2,SR386_40X_HE_T019_01,0,0.4888817071914673,0
proto,2,SR386_40X_HE_T024_01,0,0.48990318179130554,0
proto,2,SR386_40X_HE_T039_01,0,0.48879969120025635,0
proto,2,SR386_40X_HE_T040_01,1,0.4948219060897827,0
proto,2,SR386_40X_HE_T042_01,0,0.49666205048561096,0
proto,2,SR386_40X_HE_T047_01,0,0.49323031306266785,0
proto,2,SR386_40X_HE_T051_01,0,0.4907522201538086,0
proto,2,SR386_40X_HE_T052_01,0,0.49653559923171997,0
proto,2,SR386_40X_HE_T056_01,0,0.4923225939273834,0
proto,2,SR386_40X_HE_T057_01,0,0.4893485903739929,0
proto,2,SR386_40X_HE_T070_01,0,0.4916776120662689,0
proto,2,SR386_40X_HE_T082_01,0,0.49932754039764404,0
proto,2,SR386_40X_HE_T084_01,0,0.5043690204620361,1
proto,2,SR386_40X_HE_T087_01,0,0.4991562068462372,0
proto,2,SR386_40X_HE_T088_01,0,0.49551865458488464,0
proto,2,SR386_40X_HE_T098_01,0,0.49452829360961914,0
proto,2,SR386_40X_HE_T105_01,0,0.49388691782951355,0
proto,2,SR386_40X_HE_T122_01,0,0.498730331659317,0
proto,2,SR386_40X_HE_T123_01,0,0.4960193336009979,0
proto,2,SR386_40X_HE_T133_01,0,0.49152466654777527,0
proto,2,SR386_40X_HE_T145_01,0,0.4945400059223175,0
proto,2,SR386_40X_HE_T150_01,0,0.49490517377853394,0
proto,2,SR386_40X_HE_T152_01,0,0.49502333998680115,0
proto,2,SR386_40X_HE_T155_01,0,0.4905894100666046,0
proto,2,SR386_40X_HE_T157_01,0,0.49619558453559875,0
proto,2,SR386_40X_HE_T164_01,0,0.49388596415519714,0
proto,2,SR386_40X_HE_T166_01,0,0.4915391802787781,0
proto,2,SR386_40X_HE_T176_01,1,0.49516403675079346,0
proto,2,SR386_40X_HE_T177_01,0,0.4928719103336334,0
proto,2,SR386_40X_HE_T178_01,0,0.49702078104019165,0
proto,2,SR386_40X_HE_T187_01,0,0.49429988861083984,0
proto,2,SR386_40X_HE_T190_01,0,0.4910568594932556,0
proto,2,SR386_40X_HE_T192_01,0,0.493805855512619,0
proto,2,SR386_40X_HE_T198_01,0,0.49502599239349365,0
proto,2,SR386_40X_HE_T200_01,0,0.4963415563106537,0
proto,2,SR386_40X_HE_T206_01,1,0.49719664454460144,0
proto,2,SR386_40X_HE_T211_01,0,0.49542951583862305,0
proto,2,SR386_40X_HE_T213_01,0,0.5000537633895874,1
proto,2,SR386_40X_HE_T214_01,0,0.4989599585533142,0
proto,2,SR386_40X_HE_T220_01,0,0.49300292134284973,0
proto,2,SR386_40X_HE_T230_01,1,0.4998457431793213,0
proto,2,SR386_40X_HE_T236_01,0,0.49789923429489136,0
proto,2,SR386_40X_HE_T237_01,0,0.49658533930778503,0
proto,2,SR386_40X_HE_T240_01,0,0.4949398636817932,0
proto,2,SR386_40X_HE_T241_01,0,0.491931289434433,0
proto,2,SR386_40X_HE_T242_01,0,0.49850186705589294,0
proto,2,SR386_40X_HE_T253_01,0,0.4893529415130615,0
proto,2,SR386_40X_HE_T260_01,0,0.5018200278282166,1
proto,2,SR386_40X_HE_T262_01,0,0.5008891224861145,1
proto,2,SR386_40X_HE_T264_01,0,0.505562961101532,1
proto,2,SR386_40X_HE_T271_01,0,0.49087387323379517,0
proto,2,SR386_40X_HE_T281_01,0,0.4897041618824005,0
proto,2,SR386_40X_HE_T297_01,0,0.4934994578361511,0
proto,2,SR386_40X_HE_T299_01,0,0.49168920516967773,0
proto,2,SR386_40X_HE_T301_01,0,0.4923487603664398,0
proto,2,SR386_40X_HE_T306_01,0,0.49502724409103394,0
proto,2,SR386_40X_HE_T309_01,0,0.4946267604827881,0
proto,2,SR386_40X_HE_T314_01,0,0.49451106786727905,0
proto,2,SR386_40X_HE_T316_01,0,0.5043942332267761,1
proto,2,SR386_40X_HE_T318_01,0,0.5014110803604126,1
proto,2,SR386_40X_HE_T321_01,0,0.4937252402305603,0
proto,2,SR386_40X_HE_T326_01,0,0.4910489618778229,0
proto,2,SR386_40X_HE_T327_01,0,0.488159716129303,0
proto,2,SR386_40X_HE_T332_01,1,0.4947640001773834,0
proto,2,SR386_40X_HE_T355_01,0,0.4948886036872864,0
proto,2,SR386_40X_HE_T364_01,0,0.4991447329521179,0
proto,2,SR386_40X_HE_T368_01,1,0.4975503981113434,0
proto,2,SR386_40X_HE_T374_01,0,0.49091190099716187,0
proto,2,SR386_40X_HE_T380_01,0,0.4902966320514679,0
proto,2,SR386_40X_HE_T382_01,0,0.49116528034210205,0
proto,2,SR386_40X_HE_T392_01,0,0.4910454750061035,0
proto,2,SR386_40X_HE_T398_01,0,0.4988827407360077,0
proto,2,SR386_40X_HE_T402_01,1,0.5065599679946899,1
proto,2,SR386_40X_HE_T404_01,0,0.49228572845458984,0
proto,2,SR386_40X_HE_T415_01,0,0.49214282631874084,0
proto,2,SR386_40X_HE_T417_01,0,0.4929843544960022,0
proto,2,SR386_40X_HE_T425_01,0,0.4924182593822479,0
proto,2,SR386_40X_HE_T436_01,1,0.497659295797348,0
proto,2,SR386_40X_HE_T437_01,0,0.4931839406490326,0
proto,2,SR386_40X_HE_T440_01,0,0.4943375885486603,0
proto,2,SR386_40X_HE_T445_01,0,0.4907953441143036,0
proto,2,SR386_40X_HE_T450_01,0,0.49259135127067566,0
proto,2,SR386_40X_HE_T459_01,0,0.5003871917724609,1
proto,2,SR386_40X_HE_T472_01,0,0.4913177490234375,0
proto,2,SR386_40X_HE_T481_01,0,0.4941975772380829,0
proto,2,SR386_40X_HE_T483_01,0,0.4999971389770508,0
proto,2,SR386_40X_HE_T486_01,0,0.4981967806816101,0
proto,2,SR386_40X_HE_T488_01,0,0.5016663670539856,1
proto,2,SR386_40X_HE_T499_01,0,0.5041846632957458,1
proto,2,SR386_40X_HE_T507_01,0,0.5044012069702148,1
proto,2,SR386_40X_HE_T514_01,0,0.4916832745075226,0
proto,2,SR386_40X_HE_T520_01,1,0.49262505769729614,0
proto,2,SR386_40X_HE_T522_01,0,0.4963426887989044,0
proto,2,SR386_40X_HE_T531_01,0,0.49087604880332947,0
proto,2,SR386_40X_HE_T535_01,0,0.49390023946762085,0
proto,2,SR386_40X_HE_T539_01,0,0.4941695034503937,0
proto,2,SR386_40X_HE_T549_01,0,0.496616929769516,0
proto,2,SR386_40X_HE_T552_01,0,0.49499619007110596,0
proto,2,SR386_40X_HE_T553_01,0,0.49123579263687134,0
proto,2,SR386_40X_HE_T554_01,0,0.49910280108451843,0
proto,2,SR386_40X_HE_T558_01,0,0.49507543444633484,0
proto,2,SR386_40X_HE_T564_01,0,0.49920082092285156,0
proto,2,SR386_40X_HE_T570_01,0,0.49265578389167786,0
proto,2,SR386_40X_HE_T574_01,0,0.492706298828125,0
proto,2,SR386_40X_HE_T578_01,0,0.49283599853515625,0
proto,2,SR386_40X_HE_T580_01,0,0.4936348795890808,0
proto,3,SR1482_40X_HE_T005_01,0,0.5048473477363586,1
proto,3,SR1482_40X_HE_T005_02,0,0.5017131567001343,1
proto,3,SR1482_40X_HE_T010_01,0,0.4964435398578644,0
proto,3,SR1482_40X_HE_T043_01,0,0.5026475191116333,1
proto,3,SR1482_40X_HE_T043_02,0,0.5061252117156982,1
proto,3,SR1482_40X_HE_T049_01,0,0.5040550827980042,1
proto,3,SR1482_40X_HE_T061_01,0,0.5072525143623352,1
proto,3,SR1482_40X_HE_T061_02,0,0.5063918232917786,1
proto,3,SR1482_40X_HE_T070_01,1,0.5047405362129211,1
proto,3,SR1482_40X_HE_T073_01,0,0.49788641929626465,0
proto,3,SR1482_40X_HE_T082_01,0,0.5009955763816833,1
proto,3,SR1482_40X_HE_T082_02,0,0.5049237608909607,1
proto,3,SR1482_40X_HE_T089_01,0,0.4979798495769501,0
proto,3,SR1482_40X_HE_T090_01,0,0.49587568640708923,0
proto,3,SR1482_40X_HE_T094_01,1,0.5056750774383545,1
proto,3,SR1482_40X_HE_T094_02,1,0.5060892105102539,1
proto,3,SR1482_40X_HE_T105_01,0,0.49512726068496704,0
proto,3,SR1482_40X_HE_T115_01,0,0.4987866282463074,0
proto,3,SR1482_40X_HE_T115_02,0,0.49830982089042664,0
proto,3,SR1482_40X_HE_T118_01,0,0.5085328817367554,1
proto,3,SR1482_40X_HE_T118_02,0,0.5022583603858948,1
proto,3,SR1482_40X_HE_T120_01,0,0.5069844126701355,1
proto,3,SR1482_40X_HE_T120_02,0,0.5093836188316345,1
proto,3,SR1482_40X_HE_T124_01,0,0.504275918006897,1
proto,3,SR1482_40X_HE_T124_02,0,0.5053406953811646,1
proto,3,SR1482_40X_HE_T138_01,0,0.5010886192321777,1
proto,3,SR1482_40X_HE_T160_01,0,0.5009750127792358,1
proto,3,SR1482_40X_HE_T160_02,0,0.5003356337547302,1
proto,3,SR1482_40X_HE_T167_01,0,0.5052225589752197,1
proto,3,SR1482_40X_HE_T167_02,0,0.5016612410545349,1
proto,3,SR1482_40X_HE_T175_01,0,0.505090594291687,1
proto,3,SR1482_40X_HE_T175_02,0,0.505000114440918,1
proto,3,SR1482_40X_HE_T177_01,1,0.49805840849876404,0
proto,3,SR1482_40X_HE_T188_01,0,0.5008306503295898,1
proto,3,SR1482_40X_HE_T195_01,0,0.4988349378108978,0
proto,3,SR1482_40X_HE_T195_02,0,0.5012660622596741,1
proto,3,SR1482_40X_HE_T202_01,0,0.5045163035392761,1
proto,3,SR1482_40X_HE_T202_02,0,0.5010643601417542,1
proto,3,SR1482_40X_HE_T225_01,0,0.5095124244689941,1
proto,3,SR1482_40X_HE_T225_02,0,0.4991653263568878,0
proto,3,SR1482_40X_HE_T235_01,0,0.5061457753181458,1
proto,3,SR1482_40X_HE_T235_02,0,0.5058757066726685,1
proto,3,SR1482_40X_HE_T236_01,0,0.5040082931518555,1
proto,3,SR1482_40X_HE_T236_02,0,0.5038361549377441,1
proto,3,SR1482_40X_HE_T258_01,0,0.5015217661857605,1
proto,3,SR1482_40X_HE_T258_02,0,0.500623881816864,1
proto,3,SR1482_40X_HE_T284_01,1,0.5057632327079773,1
proto,3,SR1482_40X_HE_T284_02,1,0.5029079914093018,1
proto,3,SR1482_40X_HE_T301_01,1,0.5073451995849609,1
proto,3,SR1482_40X_HE_T301_02,1,0.5077211260795593,1
proto,3,SR1482_40X_HE_T309_01,0,0.5049753785133362,1
proto,3,SR1482_40X_HE_T313_01,0,0.506903350353241,1
proto,3,SR1482_40X_HE_T313_02,0,0.5093838572502136,1
proto,3,SR1482_40X_HE_T338_01,0,0.509199321269989,1
proto,3,SR1482_40X_HE_T344_01,0,0.5045735836029053,1
proto,3,SR1482_40X_HE_T344_02,0,0.505597710609436,1
proto,3,SR1482_40X_HE_T346_01,0,0.5014830231666565,1
proto,3,SR1482_40X_HE_T346_02,0,0.5041055679321289,1
proto,3,SR1482_40X_HE_T377_01,0,0.504392683506012,1
proto,3,SR1482_40X_HE_T377_02,0,0.5067700147628784,1
proto,3,SR1482_40X_HE_T419_01,0,0.5002917647361755,1
proto,3,SR1482_40X_HE_T427_01,0,0.5043708086013794,1
proto,3,SR1482_40X_HE_T427_02,0,0.5021963715553284,1
proto,3,SR386_40X_HE_T007_01,0,0.4967556297779083,0
proto,3,SR386_40X_HE_T015_01,0,0.48956727981567383,0
proto,3,SR386_40X_HE_T017_01,1,0.4929138720035553,0
proto,3,SR386_40X_HE_T032_01,0,0.48983845114707947,0
proto,3,SR386_40X_HE_T034_01,0,0.493126779794693,0
proto,3,SR386_40X_HE_T035_01,0,0.49604031443595886,0
proto,3,SR386_40X_HE_T041_01,0,0.49265652894973755,0
proto,3,SR386_40X_HE_T067_01,0,0.4920731782913208,0
proto,3,SR386_40X_HE_T075_01,0,0.4953013062477112,0
proto,3,SR386_40X_HE_T081_01,0,0.5013626217842102,1
proto,3,SR386_40X_HE_T083_01,0,0.490362286567688,0
proto,3,SR386_40X_HE_T085_01,0,0.4895510971546173,0
proto,3,SR386_40X_HE_T095_01,0,0.4954904317855835,0
proto,3,SR386_40X_HE_T104_01,0,0.493259072303772,0
proto,3,SR386_40X_HE_T106_01,0,0.4950735867023468,0
proto,3,SR386_40X_HE_T112_01,0,0.4942992031574249,0
proto,3,SR386_40X_HE_T128_01,0,0.48865169286727905,0
proto,3,SR386_40X_HE_T132_01,0,0.49025100469589233,0
proto,3,SR386_40X_HE_T138_01,0,0.48977506160736084,0
proto,3,SR386_40X_HE_T142_01,0,0.49386459589004517,0
proto,3,SR386_40X_HE_T149_01,0,0.48967528343200684,0
proto,3,SR386_40X_HE_T165_01,1,0.49285244941711426,0
proto,3,SR386_40X_HE_T179_01,0,0.4968392848968506,0
proto,3,SR386_40X_HE_T180_01,0,0.49411338567733765,0
proto,3,SR386_40X_HE_T182_01,0,0.4926575720310211,0
proto,3,SR386_40X_HE_T184_01,0,0.49753206968307495,0
proto,3,SR386_40X_HE_T188_01,0,0.4966314136981964,0
proto,3,SR386_40X_HE_T191_01,0,0.48804181814193726,0
proto,3,SR386_40X_HE_T197_01,0,0.491323322057724,0
proto,3,SR386_40X_HE_T201_01,0,0.49419066309928894,0
proto,3,SR386_40X_HE_T202_01,0,0.48868244886398315,0
proto,3,SR386_40X_HE_T208_01,0,0.48987647891044617,0
proto,3,SR386_40X_HE_T216_01,1,0.4925498962402344,0
proto,3,SR386_40X_HE_T238_01,0,0.49209219217300415,0
proto,3,SR386_40X_HE_T244_01,0,0.4935906231403351,0
proto,3,SR386_40X_HE_T248_01,0,0.490529865026474,0
proto,3,SR386_40X_HE_T249_01,0,0.4898238182067871,0
proto,3,SR386_40X_HE_T250_01,0,0.4993381202220917,0
proto,3,SR386_40X_HE_T263_01,0,0.4934244751930237,0
proto,3,SR386_40X_HE_T267_01,0,0.49986228346824646,0
proto,3,SR386_40X_HE_T269_01,0,0.48885539174079895,0
proto,3,SR386_40X_HE_T277_01,0,0.49417728185653687,0
proto,3,SR386_40X_HE_T286_01,0,0.5082661509513855,1
proto,3,SR386_40X_HE_T287_01,0,0.4977847635746002,0
proto,3,SR386_40X_HE_T290_01,0,0.4976169168949127,0
proto,3,SR386_40X_HE_T293_01,0,0.49246788024902344,0
proto,3,SR386_40X_HE_T298_01,0,0.49091771245002747,0
proto,3,SR386_40X_HE_T303_01,0,0.48809540271759033,0
proto,3,SR386_40X_HE_T312_01,0,0.4932574927806854,0
proto,3,SR386_40X_HE_T329_01,0,0.5050799250602722,1
proto,3,SR386_40X_HE_T336_01,0,0.49035167694091797,0
proto,3,SR386_40X_HE_T338_01,0,0.4883292317390442,0
proto,3,SR386_40X_HE_T342_01,0,0.4989572763442993,0
proto,3,SR386_40X_HE_T353_01,0,0.49793294072151184,0
proto,3,SR386_40X_HE_T357_01,0,0.48935723304748535,0
proto,3,SR386_40X_HE_T362_01,0,0.4980252683162689,0
proto,3,SR386_40X_HE_T363_01,1,0.49838846921920776,0
proto,3,SR386_40X_HE_T372_01,0,0.5049867630004883,1
proto,3,SR386_40X_HE_T378_01,0,0.4919374883174896,0
proto,3,SR386_40X_HE_T379_01,0,0.4926498234272003,0
proto,3,SR386_40X_HE_T386_01,0,0.4916585087776184,0
proto,3,SR386_40X_HE_T387_01,0,0.5006642937660217,1
proto,3,SR386_40X_HE_T393_01,0,0.49193811416625977,0
proto,3,SR386_40X_HE_T397_01,0,0.5011060237884521,1
proto,3,SR386_40X_HE_T406_01,0,0.5001602172851562,1
proto,3,SR386_40X_HE_T409_01,0,0.4937487542629242,0
proto,3,SR386_40X_HE_T422_01,0,0.48806333541870117,0
proto,3,SR386_40X_HE_T426_01,0,0.4878372848033905,0
proto,3,SR386_40X_HE_T433_01,0,0.4939306676387787,0
proto,3,SR386_40X_HE_T443_01,0,0.49887222051620483,0
proto,3,SR386_40X_HE_T448_01,0,0.49317866563796997,0
proto,3,SR386_40X_HE_T452_01,0,0.5014880895614624,1
proto,3,SR386_40X_HE_T460_01,1,0.49666252732276917,0
proto,3,SR386_40X_HE_T473_01,0,0.4925202429294586,0
proto,3,SR386_40X_HE_T475_01,0,0.4926358759403229,0
proto,3,SR386_40X_HE_T478_01,0,0.4905097186565399,0
proto,3,SR386_40X_HE_T489_01,1,0.49484580755233765,0
proto,3,SR386_40X_HE_T491_01,0,0.5008228421211243,1
proto,3,SR386_40X_HE_T492_01,0,0.48790475726127625,0
proto,3,SR386_40X_HE_T493_01,0,0.4918229281902313,0
proto,3,SR386_40X_HE_T502_01,0,0.4855741858482361,0
proto,3,SR386_40X_HE_T505_01,0,0.5020689964294434,1
proto,3,SR386_40X_HE_T506_01,0,0.49238720536231995,0
proto,3,SR386_40X_HE_T509_01,0,0.5047580599784851,1
proto,3,SR386_40X_HE_T516_01,0,0.49120640754699707,0
proto,3,SR386_40X_HE_T518_01,0,0.4923698306083679,0
proto,3,SR386_40X_HE_T519_01,0,0.49447333812713623,0
proto,3,SR386_40X_HE_T521_01,0,0.48860111832618713,0
proto,3,SR386_40X_HE_T526_01,0,0.4921109974384308,0
proto,3,SR386_40X_HE_T533_01,0,0.49231112003326416,0
proto,3,SR386_40X_HE_T543_01,0,0.49454084038734436,0
proto,3,SR386_40X_HE_T544_01,0,0.49660524725914,0
proto,3,SR386_40X_HE_T556_01,1,0.49280694127082825,0
proto,3,SR386_40X_HE_T560_01,0,0.4963240325450897,0
proto,3,SR386_40X_HE_T563_01,0,0.48965877294540405,0
proto,3,SR386_40X_HE_T568_01,0,0.4917266070842743,0
proto,3,SR386_40X_HE_T571_01,0,0.4905009865760803,0
proto,3,SR386_40X_HE_T572_01,0,0.5006199479103088,1
proto,3,SR386_40X_HE_T573_01,0,0.4892868101596832,0
proto,3,SR386_40X_HE_T583_01,0,0.49164339900016785,0
proto,4,SR1482_40X_HE_T002_01,0,0.498346209526062,0
proto,4,SR1482_40X_HE_T003_01,0,0.5042932033538818,1
proto,4,SR1482_40X_HE_T004_01,0,0.49662765860557556,0
proto,4,SR1482_40X_HE_T004_02,0,0.4994667172431946,0
proto,4,SR1482_40X_HE_T011_01,0,0.4997868537902832,0
proto,4,SR1482_40X_HE_T025_01,0,0.504045844078064,1
proto,4,SR1482_40X_HE_T025_02,0,0.5038346648216248,1
proto,4,SR1482_40X_HE_T060_01,0,0.5032921433448792,1
proto,4,SR1482_40X_HE_T062_01,0,0.5027605891227722,1
proto,4,SR1482_40X_HE_T062_02,0,0.5055943727493286,1
proto,4,SR1482_40X_HE_T064_01,0,0.5036447048187256,1
proto,4,SR1482_40X_HE_T064_02,0,0.5030422210693359,1
proto,4,SR1482_40X_HE_T071_01,0,0.5018405914306641,1
proto,4,SR1482_40X_HE_T071_02,0,0.5007750391960144,1
proto,4,SR1482_40X_HE_T074_01,0,0.49671992659568787,0
proto,4,SR1482_40X_HE_T074_02,0,0.4941452443599701,0
proto,4,SR1482_40X_HE_T083_01,0,0.5056804418563843,1
proto,4,SR1482_40X_HE_T083_02,0,0.5024057030677795,1
proto,4,SR1482_40X_HE_T087_01,0,0.5011323690414429,1
proto,4,SR1482_40X_HE_T097_01,1,0.5070672631263733,1
proto,4,SR1482_40X_HE_T097_02,1,0.5058640837669373,1
proto,4,SR1482_40X_HE_T108_01,0,0.4983377158641815,0
proto,4,SR1482_40X_HE_T113_01,0,0.5031790137290955,1
proto,4,SR1482_40X_HE_T113_02,0,0.5054926872253418,1
proto,4,SR1482_40X_HE_T121_01,0,0.49541598558425903,0
proto,4,SR1482_40X_HE_T122_01,0,0.4958656132221222,0
proto,4,SR1482_40X_HE_T125_01,0,0.5005119442939758,1
proto,4,SR1482_40X_HE_T125_02,0,0.49837207794189453,0
proto,4,SR1482_40X_HE_T131_01,0,0.5014276504516602,1
proto,4,SR1482_40X_HE_T131_02,0,0.5049101710319519,1
proto,4,SR1482_40X_HE_T132_01,0,0.5004485845565796,1
proto,4,SR1482_40X_HE_T132_02,0,0.5011821389198303,1
proto,4,SR1482_40X_HE_T143_01,0,0.5061490535736084,1
proto,4,SR1482_40X_HE_T143_02,0,0.5041953921318054,1
proto,4,SR1482_40X_HE_T166_01,1,0.4985702335834503,0
proto,4,SR1482_40X_HE_T169_01,0,0.5003442168235779,1
proto,4,SR1482_40X_HE_T176_01,1,0.5056991577148438,1
proto,4,SR1482_40X_HE_T176_02,1,0.5058199763298035,1
proto,4,SR1482_40X_HE_T191_01,0,0.5018618702888489,1
proto,4,SR1482_40X_HE_T194_01,0,0.5089787840843201,1
proto,4,SR1482_40X_HE_T218_01,0,0.5016224980354309,1
proto,4,SR1482_40X_HE_T253_01,0,0.49538177251815796,0
proto,4,SR1482_40X_HE_T290_01,0,0.5008018612861633,1
proto,4,SR1482_40X_HE_T308_01,0,0.5032991170883179,1
proto,4,SR1482_40X_HE_T314_01,0,0.5119983553886414,1
proto,4,SR1482_40X_HE_T314_02,0,0.5135020017623901,1
proto,4,SR1482_40X_HE_T372_01,1,0.5045903921127319,1
proto,4,SR1482_40X_HE_T372_02,1,0.5023365616798401,1
proto,4,SR1482_40X_HE_T408_01,0,0.4998466968536377,0
proto,4,SR1482_40X_HE_T412_01,0,0.498209148645401,0
proto,4,SR1482_40X_HE_T425_01,0,0.49791982769966125,0
proto,4,SR1482_40X_HE_T434_01,1,0.498853474855423,0
proto,4,SR386_40X_HE_T006_01,0,0.49067601561546326,0
proto,4,SR386_40X_HE_T010_01,0,0.4904916286468506,0
proto,4,SR386_40X_HE_T014_01,0,0.4937003254890442,0
proto,4,SR386_40X_HE_T016_01,0,0.4854060113430023,0
proto,4,SR386_40X_HE_T020_01,0,0.4867057204246521,0
proto,4,SR386_40X_HE_T027_01,0,0.5037965774536133,1
proto,4,SR386_40X_HE_T028_01,0,0.4923456907272339,0
proto,4,SR386_40X_HE_T037_01,0,0.4935401976108551,0
proto,4,SR386_40X_HE_T043_01,0,0.48948583006858826,0
proto,4,SR386_40X_HE_T044_01,1,0.4896047115325928,0
proto,4,SR386_40X_HE_T046_01,0,0.49769777059555054,0
proto,4,SR386_40X_HE_T058_01,0,0.4874347448348999,0
proto,4,SR386_40X_HE_T062_01,0,0.4911488890647888,0
proto,4,SR386_40X_HE_T065_01,1,0.487885445356369,0
proto,4,SR386_40X_HE_T080_01,0,0.48805561661720276,0
proto,4,SR386_40X_HE_T091_01,0,0.48874059319496155,0
proto,4,SR386_40X_HE_T094_01,0,0.4862375855445862,0
proto,4,SR386_40X_HE_T097_01,0,0.4998094141483307,0
proto,4,SR386_40X_HE_T100_01,0,0.5011690258979797,1
proto,4,SR386_40X_HE_T107_01,0,0.4940626621246338,0
proto,4,SR386_40X_HE_T109_01,1,0.4944330155849457,0
proto,4,SR386_40X_HE_T110_01,0,0.49103567004203796,0
proto,4,SR386_40X_HE_T117_01,0,0.493220716714859,0
proto,4,SR386_40X_HE_T127_01,0,0.49034804105758667,0
proto,4,SR386_40X_HE_T129_01,0,0.49192142486572266,0
proto,4,SR386_40X_HE_T136_01,0,0.48928940296173096,0
proto,4,SR386_40X_HE_T154_01,0,0.48956435918807983,0
proto,4,SR386_40X_HE_T168_01,1,0.4904806315898895,0
proto,4,SR386_40X_HE_T175_01,0,0.49107465147972107,0
proto,4,SR386_40X_HE_T189_01,0,0.4872113764286041,0
proto,4,SR386_40X_HE_T195_01,0,0.48663222789764404,0
proto,4,SR386_40X_HE_T227_01,0,0.49411195516586304,0
proto,4,SR386_40X_HE_T233_01,0,0.49488556385040283,0
proto,4,SR386_40X_HE_T234_01,0,0.5045902729034424,1
proto,4,SR386_40X_HE_T235_01,0,0.4947957992553711,0
proto,4,SR386_40X_HE_T239_01,0,0.5026381015777588,1
proto,4,SR386_40X_HE_T245_01,0,0.4946243166923523,0
proto,4,SR386_40X_HE_T256_01,0,0.5001418590545654,1
proto,4,SR386_40X_HE_T265_01,0,0.4870462417602539,0
proto,4,SR386_40X_HE_T268_01,0,0.5007655024528503,1
proto,4,SR386_40X_HE_T270_01,0,0.4928702116012573,0
proto,4,SR386_40X_HE_T272_01,0,0.5078426599502563,1
proto,4,SR386_40X_HE_T273_01,0,0.4960487186908722,0
proto,4,SR386_40X_HE_T276_01,0,0.4905029535293579,0
proto,4,SR386_40X_HE_T278_01,1,0.4929116368293762,0
proto,4,SR386_40X_HE_T284_01,0,0.4899619221687317,0
proto,4,SR386_40X_HE_T285_01,0,0.48930931091308594,0
proto,4,SR386_40X_HE_T288_01,0,0.4935242831707001,0
proto,4,SR386_40X_HE_T291_01,0,0.49096640944480896,0
proto,4,SR386_40X_HE_T300_01,0,0.4897150993347168,0
proto,4,SR386_40X_HE_T302_01,0,0.4871214032173157,0
proto,4,SR386_40X_HE_T305_01,0,0.48716017603874207,0
proto,4,SR386_40X_HE_T308_01,0,0.4885251522064209,0
proto,4,SR386_40X_HE_T325_01,0,0.49422603845596313,0
proto,4,SR386_40X_HE_T331_01,0,0.4916500449180603,0
proto,4,SR386_40X_HE_T341_01,0,0.5036661028862,1
proto,4,SR386_40X_HE_T343_01,1,0.4961813986301422,0
proto,4,SR386_40X_HE_T346_01,0,0.5011705160140991,1
proto,4,SR386_40X_HE_T352_01,0,0.4969561994075775,0
proto,4,SR386_40X_HE_T373_01,0,0.5025975108146667,1
proto,4,SR386_40X_HE_T375_01,0,0.4904085099697113,0
proto,4,SR386_40X_HE_T381_01,0,0.4871763288974762,0
proto,4,SR386_40X_HE_T389_01,0,0.5033171772956848,1
proto,4,SR386_40X_HE_T391_01,0,0.49722450971603394,0
proto,4,SR386_40X_HE_T394_01,0,0.4897812604904175,0
proto,4,SR386_40X_HE_T399_01,0,0.5045217275619507,1
proto,4,SR386_40X_HE_T403_01,0,0.49493467807769775,0
proto,4,SR386_40X_HE_T405_01,0,0.50185227394104,1
proto,4,SR386_40X_HE_T407_01,0,0.49211400747299194,0
proto,4,SR386_40X_HE_T414_01,0,0.49022772908210754,0
proto,4,SR386_40X_HE_T424_01,0,0.5056520700454712,1
proto,4,SR386_40X_HE_T429_01,0,0.5048449635505676,1
proto,4,SR386_40X_HE_T441_01,0,0.49322065711021423,0
proto,4,SR386_40X_HE_T451_01,0,0.49170517921447754,0
proto,4,SR386_40X_HE_T453_01,0,0.4867725670337677,0
proto,4,SR386_40X_HE_T455_01,0,0.49387693405151367,0
proto,4,SR386_40X_HE_T465_01,0,0.5026460289955139,1
proto,4,SR386_40X_HE_T474_01,0,0.5038290619850159,1
proto,4,SR386_40X_HE_T476_01,0,0.5077313184738159,1
proto,4,SR386_40X_HE_T479_01,0,0.5025423765182495,1
proto,4,SR386_40X_HE_T482_01,0,0.5017189979553223,1
proto,4,SR386_40X_HE_T487_01,0,0.49585384130477905,0
proto,4,SR386_40X_HE_T490_01,0,0.48881450295448303,0
proto,4,SR386_40X_HE_T494_01,0,0.4882264733314514,0
proto,4,SR386_40X_HE_T500_01,0,0.4865642189979553,0
proto,4,SR386_40X_HE_T510_01,0,0.49354931712150574,0
proto,4,SR386_40X_HE_T524_01,0,0.4933766722679138,0
proto,4,SR386_40X_HE_T528_01,0,0.5050325393676758,1
proto,4,SR386_40X_HE_T532_01,0,0.49420374631881714,0
proto,4,SR386_40X_HE_T534_01,0,0.5055431127548218,1
proto,4,SR386_40X_HE_T536_01,0,0.48821118474006653,0
proto,4,SR386_40X_HE_T537_01,0,0.4963897168636322,0
proto,4,SR386_40X_HE_T541_01,0,0.4886447489261627,0
proto,4,SR386_40X_HE_T548_01,1,0.5064181685447693,1
proto,4,SR386_40X_HE_T550_01,0,0.49261531233787537,0
proto,4,SR386_40X_HE_T551_01,0,0.4930548071861267,0
proto,4,SR386_40X_HE_T557_01,0,0.4927651584148407,0
proto,4,SR386_40X_HE_T565_01,0,0.4946908950805664,0
proto,4,SR386_40X_HE_T567_01,0,0.4939282238483429,0
proto,4,SR386_40X_HE_T575_01,0,0.4929177463054657,0
proto,4,SR386_40X_HE_T576_01,0,0.4935961067676544,0
proto,4,SR386_40X_HE_T581_01,0,0.5016183853149414,1
rf,1,SR1482_40X_HE_T029_01,0,0.1760456870601635,0
rf,1,SR1482_40X_HE_T029_02,0,0.16040439533584694,0
rf,1,SR1482_40X_HE_T057_01,0,0.08549529010485905,0
rf,1,SR1482_40X_HE_T063_01,1,0.22247250367466756,0
rf,1,SR1482_40X_HE_T063_02,1,0.11762471805666139,0
rf,1,SR1482_40X_HE_T065_01,0,0.14683253971367574,0
rf,1,SR1482_40X_HE_T065_02,0,0.10838678257226643,0
rf,1,SR1482_40X_HE_T066_01,0,0.10267712260857421,0
rf,1,SR1482_40X_HE_T066_02,0,0.17535984848484848,0
rf,1,SR1482_40X_HE_T068_01,0,0.017549783549783548,0
rf,1,SR1482_40X_HE_T069_01,0,0.03129953917050691,0
rf,1,SR1482_40X_HE_T069_02,0,0.0370952380952381,0
rf,1,SR1482_40X_HE_T079_01,1,0.1269051808406647,0
rf,1,SR1482_40X_HE_T079_02,1,0.307923579109063,1
rf,1,SR1482_40X_HE_T080_01,0,0.05449609584195599,0
rf,1,SR1482_40X_HE_T080_02,0,0.08708359251553587,0
rf,1,SR1482_40X_HE_T081_01,0,0.12543174443052754,0
rf,1,SR1482_40X_HE_T081_02,0,0.06741834317012486,0
rf,1,SR1482_40X_HE_T099_01,0,0.06275887013646567,0
rf,1,SR1482_40X_HE_T116_01,0,0.13696949559095506,0
rf,1,SR1482_40X_HE_T117_01,0,0.2620309395233667,0
rf,1,SR1482_40X_HE_T117_02,0,0.16241251221896383,0
rf,1,SR1482_40X_HE_T126_01,0,0.2252799101763696,0
rf,1,SR1482_40X_HE_T129_01,0,0.06579303539597657,0
rf,1,SR1482_40X_HE_T129_02,0,0.201341281501166,0
rf,1,SR1482_40X_HE_T139_01,0,0.3326118639752589,1
rf,1,SR1482_40X_HE_T139_02,0,0.294745264931506,0
rf,1,SR1482_40X_HE_T147_01,0,0.46412501617841906,1
rf,1,SR1482_40X_HE_T147_02,0,0.3566979718573646,1
rf,1,SR1482_40X_HE_T159_01,0,0.23358808580845414,0
rf,1,SR1482_40X_HE_T159_02,0,0.19040226266459662,0
rf,1,SR1482_40X_HE_T192_01,0,0.05869629085451503,0
rf,1,SR1482_40X_HE_T199_01,0,0.08888300466484039,0
rf,1,SR1482_40X_HE_T304_01,0,0.051603396603396606,0
rf,1,SR1482_40X_HE_T304_02,0,0.0767965367965368,0
rf,1,SR1482_40X_HE_T310_01,1,0.19572429602339467,0
rf,1,SR1482_40X_HE_T310_02,1,0.15218060365163535,0
rf,1,SR1482_40X_HE_T341_01,0,0.022,0
rf,1,SR1482_40X_HE_T341_02,0,0.06481818181818182,0
rf,1,SR1482_40X_HE_T353_01,0,0.06555944055944056,0
rf,1,SR1482_40X_HE_T390_01,0,0.057708827404479586,0
rf,1,SR1482_40X_HE_T433_01,1,0.1647657838092925,0
rf,1,SR386_40X_HE_T003_01,0,0.034922242210667254,0
rf,1,SR386_40X_HE_T004_01,0,0.1066967601720341,0
rf,1,SR386_40X_HE_T022_01,1,0.28657097570476914,0
rf,1,SR386_40X_HE_T030_01,0,0.09740369214888454,0
rf,1,SR386_40X_HE_T033_01,0,0.047609509996782096,0
rf,1,SR386_40X_HE_T036_01,0,0.12212637899734671,0
rf,1,SR386_40X_HE_T038_01,0,0.21557444755283212,0
rf,1,SR386_40X_HE_T049_01,0,0.04142033235581623,0
rf,1,SR386_40X_HE_T050_01,0,0.1101301335276745,0
rf,1,SR386_40X_HE_T060_01,0,0.13733050626233942,0
rf,1,SR386_40X_HE_T063_01,0,0.3362691223962262,1
rf,1,SR386_40X_HE_T066_01,0,0.08031709956709956,0
rf,1,SR386_40X_HE_T069_01,0,0.2328204376340087,0
rf,1,SR386_40X_HE_T072_01,0,0.13628975185637177,0
rf,1,SR386_40X_HE_T074_01,0,0.09184503597665418,0
rf,1,SR386_40X_HE_T078_01,0,0.1240664783508711,0
rf,1,SR386_40X_HE_T079_01,0,0.006,0
rf,1,SR386_40X_HE_T092_01,1,0.09171895446541396,0
rf,1,SR386_40X_HE_T096_01,0,0.01775366568914956,0
rf,1,SR386_40X_HE_T099_01,0,0.13233837306438573,0
rf,1,SR386_40X_HE_T103_01,0,0.1219516968155835,0
rf,1,SR386_40X_HE_T108_01,0,0.19834698682089572,0
rf,1,SR386_40X_HE_T113_01,0,0.12504541339432232,0
rf,1,SR386_40X_HE_T114_01,0,0.11801448819997207,0
rf,1,SR386_40X_HE_T119_01,0,0.017967213114754098,0
rf,1,SR386_40X_HE_T126_01,0,0.07102244395389558,0
rf,1,SR386_40X_HE_T130_01,0,0.019443223443223447,0
rf,1,SR386_40X_HE_T131_01,0,0.08526461038961039,0
rf,1,SR386_40X_HE_T135_01,0,0.2104256603682637,0
rf,1,SR386_40X_HE_T140_01,0,0.12454949211611202,0
rf,1,SR386_40X_HE_T144_01,0,0.12399983887080658,0
rf,1,SR386_40X_HE_T147_01,0,0.07327273840387444,0
rf,1,SR386_40X_HE_T148_01,0,0.29202646023616613,0
rf,1,SR386_40X_HE_T160_01,0,0.07810931189419643,0
rf,1,SR386_40X_HE_T169_01,0,0.034863974734942474,0
rf,1,SR386_40X_HE_T170_01,1,0.20896105462707515,0
rf,1,SR386_40X_HE_T172_01,0,0.2710893345013228,0
rf,1,SR386_40X_HE_T174_01,0,0.05054012838952905,0
rf,1,SR386_40X_HE_T181_01,0,0.011778966131907308,0
rf,1,SR386_40X_HE_T196_01,0,0.05854933779176502,0
rf,1,SR386_40X_HE_T205_01,0,0.17262316845537926,0
rf,1,SR386_40X_HE_T209_01,0,0.02338961038961039,0
rf,1,SR386_40X_HE_T210_01,0,0.17647366815560186,0
rf,1,SR386_40X_HE_T212_01,0,0.011902439024390244,0
rf,1,SR386_40X_HE_T221_01,0,0.0339047619047619,0
rf,1,SR386_40X_HE_T224_01,0,0.08543006825790182,0
rf,1,SR386_40X_HE_T231_01,1,0.10710709549895346,0
rf,1,SR386_40X_HE_T232_01,0,0.026216985912638085,0
rf,1,SR386_40X_HE_T247_01,0,0.027951219512195122,0
rf,1,SR386_40X_HE_T252_01,0,0.038874458874458874,0
rf,1,SR386_40X_HE_T255_01,0,0.0707697912302751,0
rf,1,SR386_40X_HE_T259_01,1,0.10013381418240752,0
rf,1,SR386_40X_HE_T274_01,0,0.027666666666666666,0
rf,1,SR386_40X_HE_T275_01,0,0.08225844171022992,0
rf,1,SR386_40X_HE_T282_01,0,0.009693181818181818,0
rf,1,SR386_40X_HE_T294_01,0,0.17423672160818104,0
rf,1,SR386_40X_HE_T311_01,0,0.0699917609272448,0
rf,1,SR386_40X_HE_T315_01,0,0.03335664335664336,0
rf,1,SR386_40X_HE_T319_01,1,0.18170129870129867,0
rf,1,SR386_40X_HE_T324_01,1,0.12045237774307622,0
rf,1,SR386_40X_HE_T330_01,0,0.01664119620217181,0
rf,1,SR386_40X_HE_T333_01,0,0.1089849953967601,0
rf,1,SR386_40X_HE_T335_01,0,0.05305627705627706,0
rf,1,SR386_40X_HE_T337_01,0,0.2157837002690464,0
rf,1,SR386_40X_HE_T344_01,0,0.07100361648155766,0
rf,1,SR386_40X_HE_T347_01,0,0.025810483870967744,0
rf,1,SR386_40X_HE_T350_01,0,0.019896268184693235,0
rf,1,SR386_40X_HE_T351_01,0,0.05114470229224327,0
rf,1,SR386_40X_HE_T360_01,0,0.005541666666666667,0
rf,1,SR386_40X_HE_T361_01,0,0.05193548387096775,0
rf,1,SR386_40X_HE_T366_01,0,0.016,0
rf,1,SR386_40X_HE_T377_01,1,0.08264294086684978,0
rf,1,SR386_40X_HE_T384_01,0,0.01596078431372549,0
rf,1,SR386_40X_HE_T395_01,0,0.05327819105686808,0
rf,1,SR386_40X_HE_T396_01,0,0.04973893586088709,0
rf,1,SR386_40X_HE_T401_01,0,0.07911717986314762,0
rf,1,SR386_40X_HE_T408_01,0,0.014991506279931328,0
rf,1,SR386_40X_HE_T410_01,0,0.12295458349963632,0
rf,1,SR386_40X_HE_T413_01,0,0.13758933324970948,0
rf,1,SR386_40X_HE_T416_01,0,0.029151515151515154,0
rf,1,SR386_40X_HE_T418_01,0,0.03581818181818182,0
rf,1,SR386_40X_HE_T419_01,0,0.07972761247407197,0
rf,1,SR386_40X_HE_T421_01,0,0.07296744921744922,0
rf,1,SR386_40X_HE_T423_01,0,0.028809523809523806,0
rf,1,SR386_40X_HE_T428_01,0,0.04062866568914956,0
rf,1,SR386_40X_HE_T430_01,0,0.06351324113648232,0
rf,1,SR386_40X_HE_T431_01,0,0.1292157077121672,0
rf,1,SR386_40X_HE_T435_01,0,0.1480600736855558,0
rf,1,SR386_40X_HE_T438_01,0,0.07748484848484849,0
rf,1,SR386_40X_HE_T439_01,0,0.1495380887624894,0
rf,1,SR386_40X_HE_T447_01,0,0.027000418935902805,0
rf,1,SR386_40X_HE_T449_01,0,0.022756912442396315,0
rf,1,SR386_40X_HE_T454_01,0,0.050924168672951776,0
rf,1,SR386_40X_HE_T456_01,0,0.04801631701631702,0
rf,1,SR386_40X_HE_T461_01,0,0.10962866568914956,0
rf,1,SR386_40X_HE_T462_01,0,0.04350833865587964,0
rf,1,SR386_40X_HE_T468_01,0,0.07415205084770303,0
rf,1,SR386_40X_HE_T469_01,1,0.09135910598056546,0
rf,1,SR386_40X_HE_T470_01,0,0.1707302018225214,0
rf,1,SR386_40X_HE_T471_01,0,0.09185712458600097,0
rf,1,SR386_40X_HE_T477_01,0,0.03781229283178502,0
rf,1,SR386_40X_HE_T480_01,0,0.0974239509905709,0
rf,1,SR386_40X_HE_T484_01,0,0.07433428766162949,0
rf,1,SR386_40X_HE_T495_01,0,0.01781818181818182,0
rf,1,SR386_40X_HE_T496_01,0,0.025356823504364488,0
rf,1,SR386_40X_HE_T498_01,0,0.2875435835802498,0
rf,1,SR386_40X_HE_T504_01,0,0.17713560948855067,0
rf,1,SR386_40X_HE_T511_01,0,0.08481843151005143,0
rf,1,SR386_40X_HE_T517_01,0,0.09362045797339916,0
rf,1,SR386_40X_HE_T523_01,0,0.11792724479821254,0
rf,1,SR386_40X_HE_T529_01,0,0.02497773466371027,0
rf,1,SR386_40X_HE_T542_01,0,0.03581818181818181,0
rf,1,SR386_40X_HE_T569_01,0,0.12282754524097028,0
rf,1,SR386_40X_HE_T582_01,0,0.04981818181818181,0
rf,2,SR1482_40X_HE_T009_01,0,0.06806553399393682,0
rf,2,SR1482_40X_HE_T009_02,0,0.08884192474192472,0
rf,2,SR1482_40X_HE_T015_01,0,0.1549875486832009,0
rf,2,SR1482_40X_HE_T021_01,0,0.11301776135477976,0
rf,2,SR1482_40X_HE_T067_01,0,0.11467707642523811,0
rf,2,SR1482_40X_HE_T075_01,0,0.0737789661319073,0
rf,2,SR1482_40X_HE_T075_02,0,0.16831014865905755,0
rf,2,SR1482_40X_HE_T098_01,0,0.09847602609748558,0
rf,2,SR1482_40X_HE_T098_02,0,0.038856596302248476,0
rf,2,SR1482_40X_HE_T102_01,0,0.2284154997971275,0
rf,2,SR1482_40X_HE_T123_01,0,0.13436779612393218,0
rf,2,SR1482_40X_HE_T142_01,0,0.036580622276274455,0
rf,2,SR1482_40X_HE_T146_01,0,0.32727153358107247,1
rf,2,SR1482_40X_HE_T148_01,0,0.17662866568914953,0
rf,2,SR1482_40X_HE_T148_02,0,0.15895163844809793,0
rf,2,SR1482_40X_HE_T154_01,0,0.0781254189359028,0
rf,2,SR1482_40X_HE_T158_01,0,0.12838425150118699,0
rf,2,SR1482_40X_HE_T161_01,0,0.09008861834524613,0
rf,2,SR1482_40X_HE_T161_02,0,0.16217723453017568,0
rf,2,SR1482_40X_HE_T164_01,1,0.13613786530437758,0
rf,2,SR1482_40X_HE_T164_02,1,0.2018068289237644,0
rf,2,SR1482_40X_HE_T168_01,0,0.06052255802869408,0
rf,2,SR1482_40X_HE_T171_01,0,0.14056781524926687,0
rf,2,SR1482_40X_HE_T171_02,0,0.29431152855798803,0
rf,2,SR1482_40X_HE_T178_01,1,0.0982741522869161,0
rf,2,SR1482_40X_HE_T186_01,0,0.0790439954574205,0
rf,2,SR1482_40X_HE_T193_01,0,0.1091700409221447,0
rf,2,SR1482_40X_HE_T193_02,0,0.23442253848302233,0
rf,2,SR1482_40X_HE_T209_01,0,0.18207134800683183,0
rf,2,SR1482_40X_HE_T209_02,0,0.2399680847321692,0
rf,2,SR1482_40X_HE_T245_01,0,0.187352442328455,0
rf,2,SR1482_40X_HE_T245_02,0,0.16181625722087897,0
rf,2,SR1482_40X_HE_T265_01,0,0.08065729828843432,0
rf,2,SR1482_40X_HE_T302_01,0,0.17053666623231836,0
rf,2,SR1482_40X_HE_T343_01,1,0.11501309634503969,0
rf,2,SR1482_40X_HE_T343_02,1,0.12075300593051544,0
rf,2,SR1482_40X_HE_T399_01,0,0.03955731225296443,0
rf,2,SR1482_40X_HE_T399_02,0,0.08007459476007862,0
rf,2,SR1482_40X_HE_T426_01,0,0.16003230915426037,0
rf,2,SR1482_40X_HE_T426_02,0,0.21477267853904472,0
rf,2,SR386_40X_HE_T001_01,0,0.10843739372581876,0
rf,2,SR386_40X_HE_T013_01,0,0.07704069238794095,0
rf,2,SR386_40X_HE_T018_01,0,0.16895376538620047,0
rf,2,SR386_40X_HE_T019_01,0,0.03847672617237835,0
rf,2,SR386_40X_HE_T024_01,0,0.022,0
rf,2,SR386_40X_HE_T039_01,0,0.012955426890910761,0
rf,2,SR386_40X_HE_T040_01,1,0.1573149679205046,0
rf,2,SR386_40X_HE_T042_01,0,0.19367919765359828,0
rf,2,SR386_40X_HE_T047_01,0,0.068,0
rf,2,SR386_40X_HE_T051_01,0,0.046451881451881456,0
rf,2,SR386_40X_HE_T052_01,0,0.11012533431744596,0
rf,2,SR386_40X_HE_T056_01,0,0.04463636363636364,0
rf,2,SR386_40X_HE_T057_01,0,0.01573913043478261,0
rf,2,SR386_40X_HE_T070_01,0,0.013904761904761906,0
rf,2,SR386_40X_HE_T082_01,0,0.23357874290449357,0
rf,2,SR386_40X_HE_T084_01,0,0.10250071162830716,0
rf,2,SR386_40X_HE_T087_01,0,0.48410647585874933,1
rf,2,SR386_40X_HE_T088_01,0,0.1471491452167486,0
rf,2,SR386_40X_HE_T098_01,0,0.22447635476477978,0
rf,2,SR386_40X_HE_T105_01,0,0.036617040540334996,0
rf,2,SR386_40X_HE_T122_01,0,0.16615764208909367,0
rf,2,SR386_40X_HE_T123_01,0,0.18227402165161719,0
rf,2,SR386_40X_HE_T133_01,0,0.016067069081153587,0
rf,2,SR386_40X_HE_T145_01,0,0.07065143458691847,0
rf,2,SR386_40X_HE_T150_01,0,0.14958120550076656,0
rf,2,SR386_40X_HE_T152_01,0,0.19335078936746936,0
rf,2,SR386_40X_HE_T155_01,0,0.015439841326791326,0
rf,2,SR386_40X_HE_T157_01,0,0.13589944480312183,0
rf,2,SR386_40X_HE_T164_01,0,0.09241584222229383,0
rf,2,SR386_40X_HE_T166_01,0,0.0358891108891109,0
rf,2,SR386_40X_HE_T176_01,1,0.1513023310725516,0
rf,2,SR386_40X_HE_T177_01,0,0.026507538193513803,0
rf,2,SR386_40X_HE_T178_01,0,0.13064255853313408,0
rf,2,SR386_40X_HE_T187_01,0,0.06525691244239631,0
rf,2,SR386_40X_HE_T190_01,0,0.01688582114244893,0
rf,2,SR386_40X_HE_T192_01,0,0.02904645760743322,0
rf,2,SR386_40X_HE_T198_01,0,0.04581593675142062,0
rf,2,SR386_40X_HE_T200_01,0,0.1362435064935065,0
rf,2,SR386_40X_HE_T206_01,1,0.061531468531468535,0
rf,2,SR386_40X_HE_T211_01,0,0.12190488940699319,0
rf,2,SR386_40X_HE_T213_01,0,0.07569318181818181,0
rf,2,SR386_40X_HE_T214_01,0,0.07900859400456174,0
rf,2,SR386_40X_HE_T220_01,0,0.0625144090108685,0
rf,2,SR386_40X_HE_T230_01,1,0.1425261562974899,0
rf,2,SR386_40X_HE_T236_01,0,0.18909383090028248,0
rf,2,SR386_40X_HE_T237_01,0,0.04635359440218775,0
rf,2,SR386_40X_HE_T240_01,0,0.08034181666860489,0
rf,2,SR386_40X_HE_T241_01,0,0.0695226480836237,0
rf,2,SR386_40X_HE_T242_01,0,0.299734801126659,0
rf,2,SR386_40X_HE_T253_01,0,0.019683728036669214,0
rf,2,SR386_40X_HE_T260_01,0,0.13961584296475182,0
rf,2,SR386_40X_HE_T262_01,0,0.10157142857142856,0
rf,2,SR386_40X_HE_T264_01,0,0.131004313122768,0
rf,2,SR386_40X_HE_T271_01,0,0.026618421875049657,0
rf,2,SR386_40X_HE_T281_01,0,0.031084870716006765,0
rf,2,SR386_40X_HE_T297_01,0,0.05225316618865006,0
rf,2,SR386_40X_HE_T299_01,0,0.03445204574047078,0
rf,2,SR386_40X_HE_T301_01,0,0.009666666666666667,0
rf,2,SR386_40X_HE_T306_01,0,0.07935984848484848,0
rf,2,SR386_40X_HE_T309_01,0,0.08748318664257942,0
rf,2,SR386_40X_HE_T314_01,0,0.13954050522648084,0
rf,2,SR386_40X_HE_T316_01,0,0.13139744100959594,0
rf,2,SR386_40X_HE_T318_01,0,0.10953071653685258,0
rf,2,SR386_40X_HE_T321_01,0,0.1559193422823357,0
rf,2,SR386_40X_HE_T326_01,0,0.01966666666666667,0
rf,2,SR386_40X_HE_T327_01,0,0.024,0
rf,2,SR386_40X_HE_T332_01,1,0.10330981650192814,0
rf,2,SR386_40X_HE_T355_01,0,0.029674163235138846,0
rf,2,SR386_40X_HE_T364_01,0,0.13611118129885916,0
rf,2,SR386_40X_HE_T368_01,1,0.09165060289876463,0
rf,2,SR386_40X_HE_T374_01,0,0.02984024577572965,0
rf,2,SR386_40X_HE_T380_01,0,0.044,0
rf,2,SR386_40X_HE_T382_01,0,0.05139968633517021,0
rf,2,SR386_40X_HE_T392_01,0,0.03549725543273931,0
rf,2,SR386_40X_HE_T398_01,0,0.08728134634183023,0
rf,2,SR386_40X_HE_T402_01,1,0.21792328689768753,0
rf,2,SR386_40X_HE_T404_01,0,0.040163922099405974,0
rf,2,SR386_40X_HE_T415_01,0,0.04927451977662357,0
rf,2,SR386_40X_HE_T417_01,0,0.04733333333333334,0
rf,2,SR386_40X_HE_T425_01,0,0.04362770562770563,0
rf,2,SR386_40X_HE_T436_01,1,0.06583690818984939,0
rf,2,SR386_40X_HE_T437_01,0,0.0816141304347826,0
rf,2,SR386_40X_HE_T440_01,0,0.061977193538169155,0
rf,2,SR386_40X_HE_T445_01,0,0.04935930735930737,0
rf,2,SR386_40X_HE_T450_01,0,0.053541125541125535,0
rf,2,SR386_40X_HE_T459_01,0,0.0593570233529911,0
rf,2,SR386_40X_HE_T472_01,0,0.03373913043478261,0
rf,2,SR386_40X_HE_T481_01,0,0.11498658909566631,0
rf,2,SR386_40X_HE_T483_01,0,0.09638321806919367,0
rf,2,SR386_40X_HE_T486_01,0,0.16253089246897184,0
rf,2,SR386_40X_HE_T488_01,0,0.19103268508962842,0
rf,2,SR386_40X_HE_T499_01,0,0.3109406173986422,1
rf,2,SR386_40X_HE_T507_01,0,0.135201847890419,0
rf,2,SR386_40X_HE_T514_01,0,0.04341612554112555,0
rf,2,SR386_40X_HE_T520_01,1,0.02724334673980622,0
rf,2,SR386_40X_HE_T522_01,0,0.08407109335951839,0
rf,2,SR386_40X_HE_T531_01,0,0.005904761904761905,0
rf,2,SR386_40X_HE_T535_01,0,0.031875,0
rf,2,SR386_40X_HE_T539_01,0,0.08077751140864745,0
rf,2,SR386_40X_HE_T549_01,0,0.050530222465706334,0
rf,2,SR386_40X_HE_T552_01,0,0.11470882740447957,0
rf,2,SR386_40X_HE_T553_01,0,0.055193798449612405,0
rf,2,SR386_40X_HE_T554_01,0,0.1752857563917848,0
rf,2,SR386_40X_HE_T558_01,0,0.06502260702260702,0
rf,2,SR386_40X_HE_T564_01,0,0.05541320146179481,0
rf,2,SR386_40X_HE_T570_01,0,0.061292127227611105,0
rf,2,SR386_40X_HE_T574_01,0,0.03833627838487174,0
rf,2,SR386_40X_HE_T578_01,0,0.022134031829684004,0
rf,2,SR386_40X_HE_T580_01,0,0.0524522547088825,0
rf,3,SR1482_40X_HE_T005_01,0,0.24651224313321082,0
rf,3,SR1482_40X_HE_T005_02,0,0.09146095571095571,0
rf,3,SR1482_40X_HE_T010_01,0,0.04631606932563829,0
rf,3,SR1482_40X_HE_T043_01,0,0.18717160734698235,0
rf,3,SR1482_40X_HE_T043_02,0,0.18347487781036168,0
rf,3,SR1482_40X_HE_T049_01,0,0.07299243904535013,0
rf,3,SR1482_40X_HE_T061_01,0,0.29007908103702545,0
rf,3,SR1482_40X_HE_T061_02,0,0.20273370010760902,0
rf,3,SR1482_40X_HE_T070_01,1,0.05829698418393418,0
rf,3,SR1482_40X_HE_T073_01,0,0.07859010024044523,0
rf,3,SR1482_40X_HE_T082_01,0,0.15791080609524272,0
rf,3,SR1482_40X_HE_T082_02,0,0.17571023775883107,0
rf,3,SR1482_40X_HE_T089_01,0,0.06301138291348671,0
rf,3,SR1482_40X_HE_T090_01,0,0.037722652289272206,0
rf,3,SR1482_40X_HE_T094_01,1,0.06853978942755326,0
rf,3,SR1482_40X_HE_T094_02,1,0.07274732282378894,0
rf,3,SR1482_40X_HE_T105_01,0,0.033647535797535794,0
rf,3,SR1482_40X_HE_T115_01,0,0.02781818181818182,0
rf,3,SR1482_40X_HE_T115_02,0,0.03197452953550515,0
rf,3,SR1482_40X_HE_T118_01,0,0.29718985044647817,0
rf,3,SR1482_40X_HE_T118_02,0,0.05906860619055742,0
rf,3,SR1482_40X_HE_T120_01,0,0.19447129231045318,0
rf,3,SR1482_40X_HE_T120_02,0,0.2497961841921519,0
rf,3,SR1482_40X_HE_T124_01,0,0.16358635508665975,0
rf,3,SR1482_40X_HE_T124_02,0,0.15768606827051412,0
rf,3,SR1482_40X_HE_T138_01,0,0.05057209756984702,0
rf,3,SR1482_40X_HE_T160_01,0,0.06336940133037694,0
rf,3,SR1482_40X_HE_T160_02,0,0.061246020646020645,0
rf,3,SR1482_40X_HE_T167_01,0,0.1781544574801294,0
rf,3,SR1482_40X_HE_T167_02,0,0.07838662281856618,0
rf,3,SR1482_40X_HE_T175_01,0,0.13238340957552122,0
rf,3,SR1482_40X_HE_T175_02,0,0.13628743319160197,0
rf,3,SR1482_40X_HE_T177_01,1,0.05384663980760584,0
rf,3,SR1482_40X_HE_T188_01,0,0.14089410530858176,0
rf,3,SR1482_40X_HE_T195_01,0,0.07823632469680855,0
rf,3,SR1482_40X_HE_T195_02,0,0.05147448110561715,0
rf,3,SR1482_40X_HE_T202_01,0,0.13877127861447178,0
rf,3,SR1482_40X_HE_T202_02,0,0.05058409201603537,0
rf,3,SR1482_40X_HE_T225_01,0,0.3877635669613229,1
rf,3,SR1482_40X_HE_T225_02,0,0.06897413430835111,0
rf,3,SR1482_40X_HE_T235_01,0,0.3615046397151236,1
rf,3,SR1482_40X_HE_T235_02,0,0.16867864693446086,0
rf,3,SR1482_40X_HE_T236_01,0,0.02381818181818182,0
rf,3,SR1482_40X_HE_T236_02,0,0.04070530413724749,0
rf,3,SR1482_40X_HE_T258_01,0,0.07049234505332067,0
rf,3,SR1482_40X_HE_T258_02,0,0.04053613865808988,0
rf,3,SR1482_40X_HE_T284_01,1,0.1766034784267261,0
rf,3,SR1482_40X_HE_T284_02,1,0.19390831631508051,0
rf,3,SR1482_40X_HE_T301_01,1,0.13845325221762808,0
rf,3,SR1482_40X_HE_T301_02,1,0.14082518458897822,0
rf,3,SR1482_40X_HE_T309_01,0,0.09009352872466476,0
rf,3,SR1482_40X_HE_T313_01,0,0.1924521034832395,0
rf,3,SR1482_40X_HE_T313_02,0,0.32346890603552597,1
rf,3,SR1482_40X_HE_T338_01,0,0.2526403346069545,0
rf,3,SR1482_40X_HE_T344_01,0,0.21235680764523268,0
rf,3,SR1482_40X_HE_T344_02,0,0.18840075020245994,0
rf,3,SR1482_40X_HE_T346_01,0,0.10282612945726549,0
rf,3,SR1482_40X_HE_T346_02,0,0.131954419211047,0
rf,3,SR1482_40X_HE_T377_01,0,0.13812468088283023,0
rf,3,SR1482_40X_HE_T377_02,0,0.2253325908290503,0
rf,3,SR1482_40X_HE_T419_01,0,0.05491410362262021,0
rf,3,SR1482_40X_HE_T427_01,0,0.1516803644063771,0
rf,3,SR1482_40X_HE_T427_02,0,0.0543982683982684,0
rf,3,SR386_40X_HE_T007_01,0,0.07533225108225107,0
rf,3,SR386_40X_HE_T015_01,0,0.07525245766847825,0
rf,3,SR386_40X_HE_T017_01,1,0.12361256002293627,0
rf,3,SR386_40X_HE_T032_01,0,0.031229601518026565,0
rf,3,SR386_40X_HE_T034_01,0,0.08450245098039215,0
rf,3,SR386_40X_HE_T035_01,0,0.22924104028963366,0
rf,3,SR386_40X_HE_T041_01,0,0.2390038443067554,0
rf,3,SR386_40X_HE_T067_01,0,0.0035384615384615385,0
rf,3,SR386_40X_HE_T075_01,0,0.07414037376182367,0
rf,3,SR386_40X_HE_T081_01,0,0.14073868330127093,0
rf,3,SR386_40X_HE_T083_01,0,0.0744001083768966,0
rf,3,SR386_40X_HE_T085_01,0,0.008,0
rf,3,SR386_40X_HE_T095_01,0,0.15027895646452297,0
rf,3,SR386_40X_HE_T104_01,0,0.20094319298046506,0
rf,3,SR386_40X_HE_T106_01,0,0.07943836638341921,0
rf,3,SR386_40X_HE_T112_01,0,0.030753665689149556,0
rf,3,SR386_40X_HE_T128_01,0,0.02733333333333333,0
rf,3,SR386_40X_HE_T132_01,0,0.010818181818181819,0
rf,3,SR386_40X_HE_T138_01,0,0.07353581057575724,0
rf,3,SR386_40X_HE_T142_01,0,0.15854319813669596,0
rf,3,SR386_40X_HE_T149_01,0,0.11718215248289635,0
rf,3,SR386_40X_HE_T165_01,1,0.10038782320542658,0
rf,3,SR386_40X_HE_T179_01,0,0.1738377515359896,0
rf,3,SR386_40X_HE_T180_01,0,0.1339126774091369,0
rf,3,SR386_40X_HE_T182_01,0,0.11701827607875993,0
rf,3,SR386_40X_HE_T184_01,0,0.24684225499839102,0
rf,3,SR386_40X_HE_T188_01,0,0.061347577154028776,0
rf,3,SR386_40X_HE_T191_01,0,0.009951219512195122,0
rf,3,SR386_40X_HE_T197_01,0,0.12512008281573497,0
rf,3,SR386_40X_HE_T201_01,0,0.028383158508158507,0
rf,3,SR386_40X_HE_T202_01,0,0.024,0
rf,3,SR386_40X_HE_T208_01,0,0.028818181818181816,0
rf,3,SR386_40X_HE_T216_01,1,0.13371588226879333,0
rf,3,SR386_40X_HE_T238_01,0,0.019484848484848483,0
rf,3,SR386_40X_HE_T244_01,0,0.038116106147242194,0
rf,3,SR386_40X_HE_T248_01,0,0.049917509974945075,0
rf,3,SR386_40X_HE_T249_01,0,0.009666666666666665,0
rf,3,SR386_40X_HE_T250_01,0,0.1233408235989306,0
rf,3,SR386_40X_HE_T263_01,0,0.11874743136485857,0
rf,3,SR386_40X_HE_T267_01,0,0.16204613869916196,0
rf,3,SR386_40X_HE_T269_01,0,0.01,0
rf,3,SR386_40X_HE_T277_01,0,0.03569318181818182,0
rf,3,SR386_40X_HE_T286_01,0,0.37027743812280645,1
rf,3,SR386_40X_HE_T287_01,0,0.12653484010857954,0
rf,3,SR386_40X_HE_T290_01,0,0.16903821853467804,0
rf,3,SR386_40X_HE_T293_01,0,0.024497255432739305,0
rf,3,SR386_40X_HE_T298_01,0,0.0329859943977591,0
rf,3,SR386_40X_HE_T303_01,0,0.014,0
rf,3,SR386_40X_HE_T312_01,0,0.1201334954489079,0
rf,3,SR386_40X_HE_T329_01,0,0.12464314983526147,0
rf,3,SR386_40X_HE_T336_01,0,0.02887179487179487,0
rf,3,SR386_40X_HE_T338_01,0,0.00902857142857143,0
rf,3,SR386_40X_HE_T342_01,0,0.11038055246357731,0
rf,3,SR386_40X_HE_T353_01,0,0.06981918350466738,0
rf,3,SR386_40X_HE_T357_01,0,0.015855981416957026,0
rf,3,SR386_40X_HE_T362_01,0,0.08190614090210864,0
rf,3,SR386_40X_HE_T363_01,1,0.2590593210552888,0
rf,3,SR386_40X_HE_T372_01,0,0.3558832108751464,1
rf,3,SR386_40X_HE_T378_01,0,0.015840245775729647,0
rf,3,SR386_40X_HE_T379_01,0,0.04306493506493506,0
rf,3,SR386_40X_HE_T386_01,0,0.11992291895327947,0
rf,3,SR386_40X_HE_T387_01,0,0.045730891362027404,0
rf,3,SR386_40X_HE_T393_01,0,0.029253707314191187,0
rf,3,SR386_40X_HE_T397_01,0,0.13315340777181842,0
rf,3,SR386_40X_HE_T406_01,0,0.10710081632472522,0
rf,3,SR386_40X_HE_T409_01,0,0.11913280206522757,0
rf,3,SR386_40X_HE_T422_01,0,0.021000000000000005,0
rf,3,SR386_40X_HE_T426_01,0,0.015875,0
rf,3,SR386_40X_HE_T433_01,0,0.04381818181818182,0
rf,3,SR386_40X_HE_T443_01,0,0.19957990012949053,0
rf,3,SR386_40X_HE_T448_01,0,0.10736376386586766,0
rf,3,SR386_40X_HE_T452_01,0,0.26041592416238357,0
rf,3,SR386_40X_HE_T460_01,1,0.09598303631852019,0
rf,3,SR386_40X_HE_T473_01,0,0.017443223443223445,0
rf,3,SR386_40X_HE_T475_01,0,0.04866666666666667,0
rf,3,SR386_40X_HE_T478_01,0,0.027445776395344772,0
rf,3,SR386_40X_HE_T489_01,1,0.07483779933022656,0
rf,3,SR386_40X_HE_T491_01,0,0.20270794869378658,0
rf,3,SR386_40X_HE_T492_01,0,0.0038181818181818182,0
rf,3,SR386_40X_HE_T493_01,0,0.006,0
rf,3,SR386_40X_HE_T502_01,0,0.0013333333333333333,0
rf,3,SR386_40X_HE_T505_01,0,0.12521511194968088,0
rf,3,SR386_40X_HE_T506_01,0,0.10632843108433371,0
rf,3,SR386_40X_HE_T509_01,0,0.12968128159116613,0
rf,3,SR386_40X_HE_T516_01,0,0.03363025857982696,0
rf,3,SR386_40X_HE_T518_01,0,0.08345371832468607,0
rf,3,SR386_40X_HE_T519_01,0,0.05249849017103115,0
rf,3,SR386_40X_HE_T521_01,0,0.013636363636363637,0
rf,3,SR386_40X_HE_T526_01,0,0.025875,0
rf,3,SR386_40X_HE_T533_01,0,0.016,0
rf,3,SR386_40X_HE_T543_01,0,0.1532130758442119,0
rf,3,SR386_40X_HE_T544_01,0,0.09780870495624593,0
rf,3,SR386_40X_HE_T556_01,1,0.06987473992333328,0
rf,3,SR386_40X_HE_T560_01,0,0.09169847494493444,0
rf,3,SR386_40X_HE_T563_01,0,0.007778966131907309,0
rf,3,SR386_40X_HE_T568_01,0,0.036,0
rf,3,SR386_40X_HE_T571_01,0,0.043791465287924776,0
rf,3,SR386_40X_HE_T572_01,0,0.043311213517665134,0
rf,3,SR386_40X_HE_T573_01,0,0.023647446704881794,0
rf,3,SR386_40X_HE_T583_01,0,0.052651434586918455,0
rf,4,SR1482_40X_HE_T002_01,0,0.01631921701486919,0
rf,4,SR1482_40X_HE_T003_01,0,0.13804079032921532,0
rf,4,SR1482_40X_HE_T004_01,0,0.08798597745405459,0
rf,4,SR1482_40X_HE_T004_02,0,0.09305390437052428,0
rf,4,SR1482_40X_HE_T011_01,0,0.0844793852195985,0
rf,4,SR1482_40X_HE_T025_01,0,0.11927881664624389,0
rf,4,SR1482_40X_HE_T025_02,0,0.1362233667198262,0
rf,4,SR1482_40X_HE_T060_01,0,0.09653413253413252,0
rf,4,SR1482_40X_HE_T062_01,0,0.09576296058007223,0
rf,4,SR1482_40X_HE_T062_02,0,0.21148683011441605,0
rf,4,SR1482_40X_HE_T064_01,0,0.2593092847428401,0
rf,4,SR1482_40X_HE_T064_02,0,0.1256003744854267,0
rf,4,SR1482_40X_HE_T071_01,0,0.11352209657328545,0
rf,4,SR1482_40X_HE_T071_02,0,0.11425424981522542,0
rf,4,SR1482_40X_HE_T074_01,0,0.06706735468832244,0
rf,4,SR1482_40X_HE_T074_02,0,0.03942175029271803,0
rf,4,SR1482_40X_HE_T083_01,0,0.2416561047135397,0
rf,4,SR1482_40X_HE_T083_02,0,0.09627134331993666,0
rf,4,SR1482_40X_HE_T087_01,0,0.11186368873062422,0
rf,4,SR1482_40X_HE_T097_01,1,0.22711918056621133,0
rf,4,SR1482_40X_HE_T097_02,1,0.23704093897376918,0
rf,4,SR1482_40X_HE_T108_01,0,0.018254700885836934,0
rf,4,SR1482_40X_HE_T113_01,0,0.0894944665549504,0
rf,4,SR1482_40X_HE_T113_02,0,0.24920684832476728,0
rf,4,SR1482_40X_HE_T121_01,0,0.009875,0
rf,4,SR1482_40X_HE_T122_01,0,0.04127031296193289,0
rf,4,SR1482_40X_HE_T125_01,0,0.09228513422061808,0
rf,4,SR1482_40X_HE_T125_02,0,0.03702372895921283,0
rf,4,SR1482_40X_HE_T131_01,0,0.07423548052212804,0
rf,4,SR1482_40X_HE_T131_02,0,0.19153983015101117,0
rf,4,SR1482_40X_HE_T132_01,0,0.08863461991950446,0
rf,4,SR1482_40X_HE_T132_02,0,0.16514299144993477,0
rf,4,SR1482_40X_HE_T143_01,0,0.1950732994867245,0
rf,4,SR1482_40X_HE_T143_02,0,0.1460186564471715,0
rf,4,SR1482_40X_HE_T166_01,1,0.036389774678199725,0
rf,4,SR1482_40X_HE_T169_01,0,0.11112342768037102,0
rf,4,SR1482_40X_HE_T176_01,1,0.32439598170646555,1
rf,4,SR1482_40X_HE_T176_02,1,0.3078905977606205,1
rf,4,SR1482_40X_HE_T191_01,0,0.0838038586916225,0
rf,4,SR1482_40X_HE_T194_01,0,0.3335223177103972,1
rf,4,SR1482_40X_HE_T218_01,0,0.036629240324892495,0
rf,4,SR1482_40X_HE_T253_01,0,0.04481101956715562,0
rf,4,SR1482_40X_HE_T290_01,0,0.17271878216659997,0
rf,4,SR1482_40X_HE_T308_01,0,0.11574599909894027,0
rf,4,SR1482_40X_HE_T314_01,0,0.48014338788360117,1
rf,4,SR1482_40X_HE_T314_02,0,0.4171775157093515,1
rf,4,SR1482_40X_HE_T372_01,1,0.12075004209895097,0
rf,4,SR1482_40X_HE_T372_02,1,0.08681410250572241,0
rf,4,SR1482_40X_HE_T408_01,0,0.047037057094492185,0
rf,4,SR1482_40X_HE_T412_01,0,0.050662083015024194,0
rf,4,SR1482_40X_HE_T425_01,0,0.02593922506600676,0
rf,4,SR1482_40X_HE_T434_01,1,0.07821830511476459,0
rf,4,SR386_40X_HE_T006_01,0,0.048425021072953205,0
rf,4,SR386_40X_HE_T010_01,0,0.11672336265884653,0
rf,4,SR386_40X_HE_T014_01,0,0.056928153717627404,0
rf,4,SR386_40X_HE_T016_01,0,0.03123577235772358,0
rf,4,SR386_40X_HE_T020_01,0,0.01376940133037694,0
rf,4,SR386_40X_HE_T027_01,0,0.15113048133194745,0
rf,4,SR386_40X_HE_T028_01,0,0.05379793779085676,0
rf,4,SR386_40X_HE_T037_01,0,0.03081818181818182,0
rf,4,SR386_40X_HE_T043_01,0,0.015223978919631093,0
rf,4,SR386_40X_HE_T044_01,1,0.07857150824156107,0
rf,4,SR386_40X_HE_T046_01,0,0.10639486189132137,0
rf,4,SR386_40X_HE_T058_01,0,0.07176940133037693,0
rf,4,SR386_40X_HE_T062_01,0,0.032343807088052616,0
rf,4,SR386_40X_HE_T065_01,1,0.022807278742762612,0
rf,4,SR386_40X_HE_T080_01,0,0.06629277091472213,0
rf,4,SR386_40X_HE_T091_01,0,0.10021741212729665,0
rf,4,SR386_40X_HE_T094_01,0,0.002,0
rf,4,SR386_40X_HE_T097_01,0,0.13283645789694173,0
rf,4,SR386_40X_HE_T100_01,0,0.10424991943540331,0
rf,4,SR386_40X_HE_T107_01,0,0.13645939367927032,0
rf,4,SR386_40X_HE_T109_01,1,0.13088654717093998,0
rf,4,SR386_40X_HE_T110_01,0,0.045165118899196124,0
rf,4,SR386_40X_HE_T117_01,0,0.023113514173998043,0
rf,4,SR386_40X_HE_T127_01,0,0.01888045288045288,0
rf,4,SR386_40X_HE_T129_01,0,0.03364389233954451,0
rf,4,SR386_40X_HE_T136_01,0,0.015428571428571429,0
rf,4,SR386_40X_HE_T154_01,0,0.0941552311578171,0
rf,4,SR386_40X_HE_T168_01,1,0.09588382229724733,0
rf,4,SR386_40X_HE_T175_01,0,0.027508531765159553,0
rf,4,SR386_40X_HE_T189_01,0,0.03380994274542661,0
rf,4,SR386_40X_HE_T195_01,0,0.006,0
rf,4,SR386_40X_HE_T227_01,0,0.11044630638179025,0
rf,4,SR386_40X_HE_T233_01,0,0.10268840705583428,0
rf,4,SR386_40X_HE_T234_01,0,0.19599282785158295,0
rf,4,SR386_40X_HE_T235_01,0,0.07073100812231248,0
rf,4,SR386_40X_HE_T239_01,0,0.11126508712897382,0
rf,4,SR386_40X_HE_T245_01,0,0.01167461430575035,0
rf,4,SR386_40X_HE_T256_01,0,0.2564607037491288,0
rf,4,SR386_40X_HE_T265_01,0,0.02507297275894837,0
rf,4,SR386_40X_HE_T268_01,0,0.10187790015034057,0
rf,4,SR386_40X_HE_T270_01,0,0.03863429871732357,0
rf,4,SR386_40X_HE_T272_01,0,0.2437695609673169,0
rf,4,SR386_40X_HE_T273_01,0,0.1578098956910317,0
rf,4,SR386_40X_HE_T276_01,0,0.06408467945612935,0
rf,4,SR386_40X_HE_T278_01,1,0.13626137048619139,0
rf,4,SR386_40X_HE_T284_01,0,0.03850466737563512,0
rf,4,SR386_40X_HE_T285_01,0,0.02373913043478261,0
rf,4,SR386_40X_HE_T288_01,0,0.08196620583717358,0
rf,4,SR386_40X_HE_T291_01,0,0.05877198070746458,0
rf,4,SR386_40X_HE_T300_01,0,0.06056359816653934,0
rf,4,SR386_40X_HE_T302_01,0,0.01930357142857143,0
rf,4,SR386_40X_HE_T305_01,0,0.012,0
rf,4,SR386_40X_HE_T308_01,0,0.01763736263736264,0
rf,4,SR386_40X_HE_T325_01,0,0.03519797275894837,0
rf,4,SR386_40X_HE_T331_01,0,0.16232834198791904,0
rf,4,SR386_40X_HE_T341_01,0,0.059601331684356544,0
rf,4,SR386_40X_HE_T343_01,1,0.09029408086070077,0
rf,4,SR386_40X_HE_T346_01,0,0.1800065984093304,0
rf,4,SR386_40X_HE_T352_01,0,0.13130731262361048,0
rf,4,SR386_40X_HE_T373_01,0,0.2481894265551315,0
rf,4,SR386_40X_HE_T375_01,0,0.10793398207444202,0
rf,4,SR386_40X_HE_T381_01,0,0.04451379253383206,0
rf,4,SR386_40X_HE_T389_01,0,0.11050500849792748,0
rf,4,SR386_40X_HE_T391_01,0,0.0745025834380673,0
rf,4,SR386_40X_HE_T394_01,0,0.019056277056277052,0
rf,4,SR386_40X_HE_T399_01,0,0.2624490871447393,0
rf,4,SR386_40X_HE_T403_01,0,0.021722943722943724,0
rf,4,SR386_40X_HE_T405_01,0,0.10614198899420499,0
rf,4,SR386_40X_HE_T407_01,0,0.04723110223110223,0
rf,4,SR386_40X_HE_T414_01,0,0.023923076923076922,0
rf,4,SR386_40X_HE_T424_01,0,0.13726444114557718,0
rf,4,SR386_40X_HE_T429_01,0,0.10388008363317092,0
rf,4,SR386_40X_HE_T441_01,0,0.06969921792312682,0
rf,4,SR386_40X_HE_T451_01,0,0.06757142857142857,0
rf,4,SR386_40X_HE_T453_01,0,0.009818181818181818,0
rf,4,SR386_40X_HE_T455_01,0,0.13902523562053257,0
rf,4,SR386_40X_HE_T465_01,0,0.10718552687150247,0
rf,4,SR386_40X_HE_T474_01,0,0.22415053232893517,0
rf,4,SR386_40X_HE_T476_01,0,0.2572069023795024,0
rf,4,SR386_40X_HE_T479_01,0,0.06844248093894044,0
rf,4,SR386_40X_HE_T482_01,0,0.17856501610344114,0
rf,4,SR386_40X_HE_T487_01,0,0.04474137818703036,0
rf,4,SR386_40X_HE_T490_01,0,0.03282301438398999,0
rf,4,SR386_40X_HE_T494_01,0,0.01173913043478261,0
rf,4,SR386_40X_HE_T500_01,0,0.012,0
rf,4,SR386_40X_HE_T510_01,0,0.08962866568914955,0
rf,4,SR386_40X_HE_T524_01,0,0.1150004189359028,0
rf,4,SR386_40X_HE_T528_01,0,0.08503168883961565,0
rf,4,SR386_40X_HE_T532_01,0,0.021951219512195124,0
rf,4,SR386_40X_HE_T534_01,0,0.17777356146131876,0
rf,4,SR386_40X_HE_T536_01,0,0.002,0
rf,4,SR386_40X_HE_T537_01,0,0.14228512514390343,0
rf,4,SR386_40X_HE_T541_01,0,0.045351190476190475,0
rf,4,SR386_40X_HE_T548_01,1,0.09693241749290137,0
rf,4,SR386_40X_HE_T550_01,0,0.08227176225583947,0
rf,4,SR386_40X_HE_T551_01,0,0.021581504516988387,0
rf,4,SR386_40X_HE_T557_01,0,0.09951469626680004,0
rf,4,SR386_40X_HE_T565_01,0,0.029056277056277054,0
rf,4,SR386_40X_HE_T567_01,0,0.03427605727605728,0
rf,4,SR386_40X_HE_T575_01,0,0.11195758539969704,0
rf,4,SR386_40X_HE_T576_01,0,0.1584362056252589,0
rf,4,SR386_40X_HE_T581_01,0,0.09897264960378566,0
