classifier,fold,WSI_ID,target,prob_pos,pred_at_0.5
lin,1,SR1482_40X_HE_T029_01,0,1.5374892396507357e-05,0
lin,1,SR1482_40X_HE_T029_02,0,1.8341682791250995e-05,0
lin,1,SR1482_40X_HE_T057_01,0,8.317950619182211e-12,0
lin,1,SR1482_40X_HE_T063_01,1,0.9999950079374599,1
lin,1,SR1482_40X_HE_T063_02,1,0.0001619742046811586,0
lin,1,SR1482_40X_HE_T065_01,0,5.067567249514813e-05,0
lin,1,SR1482_40X_HE_T065_02,0,1.7429593218484212e-06,0
lin,1,SR1482_40X_HE_T066_01,0,0.3913203627563182,0
lin,1,SR1482_40X_HE_T066_02,0,0.8907802354290988,1
lin,1,SR1482_40X_HE_T068_01,0,2.1108723754420972e-07,0
lin,1,SR1482_40X_HE_T069_01,0,9.416613306200405e-07,0
lin,1,SR1482_40X_HE_T069_02,0,1.2512085042284127e-07,0
lin,1,SR1482_40X_HE_T079_01,1,0.0002679929728815367,0
lin,1,SR1482_40X_HE_T079_02,1,0.0008524239328543704,0
lin,1,SR1482_40X_HE_T080_01,0,0.3756424776657624,0
lin,1,SR1482_40X_HE_T080_02,0,0.0005277614635993032,0
lin,1,SR1482_40X_HE_T081_01,0,2.1771138030817954e-10,0
lin,1,SR1482_40X_HE_T081_02,0,0.00017291430162992493,0
lin,1,SR1482_40X_HE_T099_01,0,1.7983230880948522e-07,0
lin,1,SR1482_40X_HE_T116_01,0,0.010405219559964065,0
lin,1,SR1482_40X_HE_T117_01,0,6.825705639454582e-10,0
lin,1,SR1482_40X_HE_T117_02,0,1.1102851757413826e-07,0
lin,1,SR1482_40X_HE_T126_01,0,2.8164113000396648e-05,0
lin,1,SR1482_40X_HE_T129_01,0,5.248212415463784e-06,0
lin,1,SR1482_40X_HE_T129_02,0,0.999661143443195,1
lin,1,SR1482_40X_HE_T139_01,0,0.02082205433482866,0
lin,1,SR1482_40X_HE_T139_02,0,0.6189749124141078,1
lin,1,SR1482_40X_HE_T147_01,0,0.0920968115257349,0
lin,1,SR1482_40X_HE_T147_02,0,0.9999982681174691,1
lin,1,SR1482_40X_HE_T159_01,0,4.101600744889854e-06,0
lin,1,SR1482_40X_HE_T159_02,0,0.0008477956337787952,0
lin,1,SR1482_40X_HE_T192_01,0,2.237678111975275e-11,0
lin,1,SR1482_40X_HE_T199_01,0,5.444068533640742e-09,0
lin,1,SR1482_40X_HE_T304_01,0,7.604850268790806e-08,0
lin,1,SR1482_40X_HE_T304_02,0,3.5727251578700743e-09,0
lin,1,SR1482_40X_HE_T310_01,1,0.9648980788166457,1
lin,1,SR1482_40X_HE_T310_02,1,0.0007652416367324431,0
lin,1,SR1482_40X_HE_T341_01,0,2.5104367428434732e-14,0
lin,1,SR1482_40X_HE_T341_02,0,9.73115407599326e-09,0
lin,1,SR1482_40X_HE_T353_01,0,1.0865745830600047e-10,0
lin,1,SR1482_40X_HE_T390_01,0,4.1589717744599393e-13,0
lin,1,SR1482_40X_HE_T433_01,1,5.76259076915539e-05,0
lin,1,SR386_40X_HE_T003_01,0,2.9740550137088343e-07,0
lin,1,SR386_40X_HE_T004_01,0,3.5477088013764204e-05,0
lin,1,SR386_40X_HE_T022_01,1,0.938197979747175,1
lin,1,SR386_40X_HE_T030_01,0,4.827823667863727e-05,0
lin,1,SR386_40X_HE_T033_01,0,0.00040058879059829273,0
lin,1,SR386_40X_HE_T036_01,0,2.7659845340644028e-06,0
lin,1,SR386_40X_HE_T038_01,0,1.5294139513227196e-06,0
lin,1,SR386_40X_HE_T049_01,0,6.379316287533777e-08,0
lin,1,SR386_40X_HE_T050_01,0,0.00013514890863985832,0
lin,1,SR386_40X_HE_T060_01,0,0.011118041110590898,0
lin,1,SR386_40X_HE_T063_01,0,0.06884157971200612,0
lin,1,SR386_40X_HE_T066_01,0,5.322981675241819e-06,0
lin,1,SR386_40X_HE_T069_01,0,0.0008597610042606275,0
lin,1,SR386_40X_HE_T072_01,0,3.633503765127407e-05,0
lin,1,SR386_40X_HE_T074_01,0,5.617489944008862e-06,0
lin,1,SR386_40X_HE_T078_01,0,0.0091950167124933,0
lin,1,SR386_40X_HE_T079_01,0,1.498573929503543e-13,0
lin,1,SR386_40X_HE_T092_01,1,0.007206608938803493,0
lin,1,SR386_40X_HE_T096_01,0,8.42337894674711e-09,0
lin,1,SR386_40X_HE_T099_01,0,1.4078032596674316e-06,0
lin,1,SR386_40X_HE_T103_01,0,2.2192544269028426e-12,0
lin,1,SR386_40X_HE_T108_01,0,0.0017363463532751918,0
lin,1,SR386_40X_HE_T113_01,0,0.00024514978457585904,0
lin,1,SR386_40X_HE_T114_01,0,6.530993292558871e-08,0
lin,1,SR386_40X_HE_T119_01,0,8.544556440838538e-07,0
lin,1,SR386_40X_HE_T126_01,0,1.8948727593046277e-09,0
lin,1,SR386_40X_HE_T130_01,0,2.672965768885835e-10,0
lin,1,SR386_40X_HE_T131_01,0,2.9882064653147134e-05,0
lin,1,SR386_40X_HE_T135_01,0,0.0019513040412204824,0
lin,1,SR386_40X_HE_T140_01,0,0.0013090674185240795,0
lin,1,SR386_40X_HE_T144_01,0,0.01724811111097119,0
lin,1,SR386_40X_HE_T147_01,0,7.338666079941589e-07,0
lin,1,SR386_40X_HE_T148_01,0,1.3297933332225284e-05,0
lin,1,SR386_40X_HE_T160_01,0,1.9445497620356157e-05,0
lin,1,SR386_40X_HE_T169_01,0,3.932773064952914e-08,0
lin,1,SR386_40X_HE_T170_01,1,0.7043269557100063,1
lin,1,SR386_40X_HE_T172_01,0,0.679272148499402,1
lin,1,SR386_40X_HE_T174_01,0,0.003906905111231222,0
lin,1,SR386_40X_HE_T181_01,0,5.445955675791024e-07,0
lin,1,SR386_40X_HE_T196_01,0,3.6276328252494003e-07,0
lin,1,SR386_40X_HE_T205_01,0,0.9792235913225359,1
lin,1,SR386_40X_HE_T209_01,0,6.450299080461032e-06,0
lin,1,SR386_40X_HE_T210_01,0,0.014824981074371855,0
lin,1,SR386_40X_HE_T212_01,0,3.8090798407157875e-05,0
lin,1,SR386_40X_HE_T221_01,0,1.349808041307978e-07,0
lin,1,SR386_40X_HE_T224_01,0,3.0966976739288354e-06,0
lin,1,SR386_40X_HE_T231_01,1,0.19151784613428915,0
lin,1,SR386_40X_HE_T232_01,0,1.727228136316553e-08,0
lin,1,SR386_40X_HE_T247_01,0,0.07363387284557364,0
lin,1,SR386_40X_HE_T252_01,0,7.02577443351386e-08,0
lin,1,SR386_40X_HE_T255_01,0,6.474186444321662e-09,0
lin,1,SR386_40X_HE_T259_01,1,0.010018777098311147,0
lin,1,SR386_40X_HE_T274_01,0,6.624900134623516e-10,0
lin,1,SR386_40X_HE_T275_01,0,0.0006628035206504127,0
lin,1,SR386_40X_HE_T282_01,0,7.100451221175916e-10,0
lin,1,SR386_40X_HE_T294_01,0,0.000223584115843485,0
lin,1,SR386_40X_HE_T311_01,0,4.7667261287342585e-07,0
lin,1,SR386_40X_HE_T315_01,0,0.00012216515338344316,0
lin,1,SR386_40X_HE_T319_01,1,0.0006826481531992032,0
lin,1,SR386_40X_HE_T324_01,1,0.6600016049894669,1
lin,1,SR386_40X_HE_T330_01,0,6.324272586029606e-06,0
lin,1,SR386_40X_HE_T333_01,0,4.2562199914043886e-05,0
lin,1,SR386_40X_HE_T335_01,0,4.434423831625932e-07,0
lin,1,SR386_40X_HE_T337_01,0,0.006742544947028908,0
lin,1,SR386_40X_HE_T344_01,0,6.70552093382597e-05,0
lin,1,SR386_40X_HE_T347_01,0,7.83123830357608e-07,0
lin,1,SR386_40X_HE_T350_01,0,1.4860413004154953e-07,0
lin,1,SR386_40X_HE_T351_01,0,0.00022982824528683548,0
lin,1,SR386_40X_HE_T360_01,0,5.945931650223178e-11,0
lin,1,SR386_40X_HE_T361_01,0,2.1461071739371795e-07,0
lin,1,SR386_40X_HE_T366_01,0,4.6047036428784635e-08,0
lin,1,SR386_40X_HE_T377_01,1,0.9880719864170734,1
lin,1,SR386_40X_HE_T384_01,0,2.8041060338719763e-07,0
lin,1,SR386_40X_HE_T395_01,0,5.345861216129404e-10,0
lin,1,SR386_40X_HE_T396_01,0,0.00012409900478784275,0
lin,1,SR386_40X_HE_T401_01,0,0.020837211109086245,0
lin,1,SR386_40X_HE_T408_01,0,6.153337337679312e-08,0
lin,1,SR386_40X_HE_T410_01,0,0.00013565261556550915,0
lin,1,SR386_40X_HE_T413_01,0,9.92563996099693e-07,0
lin,1,SR386_40X_HE_T416_01,0,1.2902623366330626e-09,0
lin,1,SR386_40X_HE_T418_01,0,3.829622542159376e-09,0
lin,1,SR386_40X_HE_T419_01,0,0.0004952270216262896,0
lin,1,SR386_40X_HE_T421_01,0,7.295009012560054e-08,0
lin,1,SR386_40X_HE_T423_01,0,7.596762570198455e-06,0
lin,1,SR386_40X_HE_T428_01,0,7.509176893722854e-07,0
lin,1,SR386_40X_HE_T430_01,0,2.68882774502429e-05,0
lin,1,SR386_40X_HE_T431_01,0,0.008011251162804765,0
lin,1,SR386_40X_HE_T435_01,0,0.018129594448012296,0
lin,1,SR386_40X_HE_T438_01,0,1.495080914847016e-05,0
lin,1,SR386_40X_HE_T439_01,0,0.3957602748624868,0
lin,1,SR386_40X_HE_T447_01,0,9.239031172857272e-12,0
lin,1,SR386_40X_HE_T449_01,0,1.8070445735621706e-08,0
lin,1,SR386_40X_HE_T454_01,0,4.498454126550881e-09,0
lin,1,SR386_40X_HE_T456_01,0,3.4144260174079403e-07,0
lin,1,SR386_40X_HE_T461_01,0,1.5312618031369376e-07,0
lin,1,SR386_40X_HE_T462_01,0,4.409233921846181e-05,0
lin,1,SR386_40X_HE_T468_01,0,1.428719354090079e-09,0
lin,1,SR386_40X_HE_T469_01,1,0.0018790628860302562,0
lin,1,SR386_40X_HE_T470_01,0,8.879331273386845e-07,0
lin,1,SR386_40X_HE_T471_01,0,0.0002175272423560167,0
lin,1,SR386_40X_HE_T477_01,0,5.867494440947234e-07,0
lin,1,SR386_40X_HE_T480_01,0,6.275001096282805e-05,0
lin,1,SR386_40X_HE_T484_01,0,0.003327320605906426,0
lin,1,SR386_40X_HE_T495_01,0,2.608652456734682e-13,0
lin,1,SR386_40X_HE_T496_01,0,3.151673346249933e-10,0
lin,1,SR386_40X_HE_T498_01,0,0.8035760081577684,1
lin,1,SR386_40X_HE_T504_01,0,1.2372973017927116e-09,0
lin,1,SR386_40X_HE_T511_01,0,7.005872299067453e-05,0
lin,1,SR386_40X_HE_T517_01,0,0.00010016839918349163,0
lin,1,SR386_40X_HE_T523_01,0,1.9623481870625496e-05,0
lin,1,SR386_40X_HE_T529_01,0,2.5003824857868537e-08,0
lin,1,SR386_40X_HE_T542_01,0,7.027908121134183e-12,0
lin,1,SR386_40X_HE_T569_01,0,0.13732821939230952,0
lin,1,SR386_40X_HE_T582_01,0,9.426678456157467e-11,0
lin,2,SR1482_40X_HE_T009_01,0,1.1101738943958235e-22,0
lin,2,SR1482_40X_HE_T009_02,0,4.5469737101216644e-17,0
lin,2,SR1482_40X_HE_T015_01,0,8.881011691750783e-07,0
lin,2,SR1482_40X_HE_T021_01,0,1.8564784957129021e-10,0
lin,2,SR1482_40X_HE_T067_01,0,2.1065824789264126e-10,0
lin,2,SR1482_40X_HE_T075_01,0,0.0006671123776104251,0
lin,2,SR1482_40X_HE_T075_02,0,1.9161588177805755e-05,0
lin,2,SR1482_40X_HE_T098_01,0,1.680537288114745e-05,0
lin,2,SR1482_40X_HE_T098_02,0,7.938311111755001e-06,0
lin,2,SR1482_40X_HE_T102_01,0,0.04255486850917718,0
lin,2,SR1482_40X_HE_T123_01,0,3.8465192807696585e-05,0
lin,2,SR1482_40X_HE_T142_01,0,6.369168299592827e-10,0
lin,2,SR1482_40X_HE_T146_01,0,0.8521973195304123,1
lin,2,SR1482_40X_HE_T148_01,0,0.902067977007735,1
lin,2,SR1482_40X_HE_T148_02,0,0.0006323751105802335,0
lin,2,SR1482_40X_HE_T154_01,0,9.940833464173574e-11,0
lin,2,SR1482_40X_HE_T158_01,0,5.28749234604045e-07,0
lin,2,SR1482_40X_HE_T161_01,0,7.791097393845214e-08,0
lin,2,SR1482_40X_HE_T161_02,0,0.0001689906873401969,0
lin,2,SR1482_40X_HE_T164_01,1,3.965603762752748e-07,0
lin,2,SR1482_40X_HE_T164_02,1,0.001299407622352792,0
lin,2,SR1482_40X_HE_T168_01,0,0.0003406483106586482,0
lin,2,SR1482_40X_HE_T171_01,0,1.1997240152628958e-05,0
lin,2,SR1482_40X_HE_T171_02,0,4.034749683939459e-06,0
lin,2,SR1482_40X_HE_T178_01,1,0.00013246635697489447,0
lin,2,SR1482_40X_HE_T186_01,0,1.2107370379313198e-07,0
lin,2,SR1482_40X_HE_T193_01,0,9.575946072978145e-06,0
lin,2,SR1482_40X_HE_T193_02,0,0.16194433423564594,0
lin,2,SR1482_40X_HE_T209_01,0,2.20279876497618e-06,0
lin,2,SR1482_40X_HE_T209_02,0,2.8785732146790954e-05,0
lin,2,SR1482_40X_HE_T245_01,0,3.4723546888109105e-05,0
lin,2,SR1482_40X_HE_T245_02,0,8.869374692769253e-06,0
lin,2,SR1482_40X_HE_T265_01,0,2.5600158522733815e-06,0
lin,2,SR1482_40X_HE_T302_01,0,8.673896800894802e-05,0
lin,2,SR1482_40X_HE_T343_01,1,2.17542985693829e-05,0
lin,2,SR1482_40X_HE_T343_02,1,2.1575177038077773e-05,0
lin,2,SR1482_40X_HE_T399_01,0,3.3857642825127083e-06,0
lin,2,SR1482_40X_HE_T399_02,0,1.6941612535084697e-07,0
lin,2,SR1482_40X_HE_T426_01,0,6.109745262707773e-13,0
lin,2,SR1482_40X_HE_T426_02,0,1.3668223385375215e-15,0
lin,2,SR386_40X_HE_T001_01,0,0.14061686999518494,0
lin,2,SR386_40X_HE_T013_01,0,1.2006484463563245e-06,0
lin,2,SR386_40X_HE_T018_01,0,0.0003350955378384048,0
lin,2,SR386_40X_HE_T019_01,0,1.9446869267877919e-10,0
lin,2,SR386_40X_HE_T024_01,0,1.3400742270959454e-13,0
lin,2,SR386_40X_HE_T039_01,0,1.5742676365387008e-10,0
lin,2,SR386_40X_HE_T040_01,1,0.989913716901775,1
lin,2,SR386_40X_HE_T042_01,0,2.611651794887526e-05,0
lin,2,SR386_40X_HE_T047_01,0,5.775122914964542e-12,0
lin,2,SR386_40X_HE_T051_01,0,1.463154543788894e-12,0
lin,2,SR386_40X_HE_T052_01,0,5.8377001476343415e-08,0
lin,2,SR386_40X_HE_T056_01,0,4.123870654772536e-06,0
lin,2,SR386_40X_HE_T057_01,0,3.0199311378615206e-09,0
lin,2,SR386_40X_HE_T070_01,0,2.5879665879852407e-09,0
lin,2,SR386_40X_HE_T082_01,0,0.0010243517254639085,0
lin,2,SR386_40X_HE_T084_01,0,2.1453779497736967e-07,0
lin,2,SR386_40X_HE_T087_01,0,0.07699901111685054,0
lin,2,SR386_40X_HE_T088_01,0,0.00019415029899988602,0
lin,2,SR386_40X_HE_T098_01,0,0.003786137691211889,0
lin,2,SR386_40X_HE_T105_01,0,2.292602460322159e-06,0
lin,2,SR386_40X_HE_T122_01,0,2.059932633564959e-09,0
lin,2,SR386_40X_HE_T123_01,0,1.3931870148834391e-05,0
lin,2,SR386_40X_HE_T133_01,0,5.315578214542263e-12,0
lin,2,SR386_40X_HE_T145_01,0,3.0973279529581587e-05,0
lin,2,SR386_40X_HE_T150_01,0,0.07727208904844533,0
lin,2,SR386_40X_HE_T152_01,0,6.02877361966518e-07,0
lin,2,SR386_40X_HE_T155_01,0,0.0003438779975102919,0
lin,2,SR386_40X_HE_T157_01,0,1.4590138721906699e-10,0
lin,2,SR386_40X_HE_T164_01,0,2.2886258890531392e-05,0
lin,2,SR386_40X_HE_T166_01,0,0.0002591471390715554,0
lin,2,SR386_40X_HE_T176_01,1,0.0025938560622902713,0
lin,2,SR386_40X_HE_T177_01,0,7.827658680315101e-15,0
lin,2,SR386_40X_HE_T178_01,0,0.928746694119455,1
lin,2,SR386_40X_HE_T187_01,0,2.703457023082748e-05,0
lin,2,SR386_40X_HE_T190_01,0,5.316868026803756e-11,0
lin,2,SR386_40X_HE_T192_01,0,4.012457155963936e-09,0
lin,2,SR386_40X_HE_T198_01,0,4.285072889681902e-09,0
lin,2,SR386_40X_HE_T200_01,0,0.02443289951065474,0
lin,2,SR386_40X_HE_T206_01,1,3.7754817730858705e-05,0
lin,2,SR386_40X_HE_T211_01,0,2.171955025904875e-09,0
lin,2,SR386_40X_HE_T213_01,0,2.878425465588112e-07,0
lin,2,SR386_40X_HE_T214_01,0,0.0006019281184858809,0
lin,2,SR386_40X_HE_T220_01,0,2.268166324360497e-07,0
lin,2,SR386_40X_HE_T230_01,1,0.17473860498780644,0
lin,2,SR386_40X_HE_T236_01,0,3.779360230477781e-05,0
lin,2,SR386_40X_HE_T237_01,0,1.2169106525347326e-06,0
lin,2,SR386_40X_HE_T240_01,0,3.37195900650472e-07,0
lin,2,SR386_40X_HE_T241_01,0,2.851894561186715e-05,0
lin,2,SR386_40X_HE_T242_01,0,2.397492124975788e-06,0
lin,2,SR386_40X_HE_T253_01,0,1.3364773321445691e-08,0
lin,2,SR386_40X_HE_T260_01,0,1.353988420182379e-09,0
lin,2,SR386_40X_HE_T262_01,0,0.0005390612283049917,0
lin,2,SR386_40X_HE_T264_01,0,9.19772602495313e-06,0
lin,2,SR386_40X_HE_T271_01,0,1.6047725199778644e-16,0
lin,2,SR386_40X_HE_T281_01,0,4.3658767342382285e-06,0
lin,2,SR386_40X_HE_T297_01,0,7.170605109857357e-11,0
lin,2,SR386_40X_HE_T299_01,0,2.640762692064548e-08,0
lin,2,SR386_40X_HE_T301_01,0,1.266782770778124e-10,0
lin,2,SR386_40X_HE_T306_01,0,3.9532953548394285e-08,0
lin,2,SR386_40X_HE_T309_01,0,4.37336632205204e-07,0
lin,2,SR386_40X_HE_T314_01,0,0.00039460626883418363,0
lin,2,SR386_40X_HE_T316_01,0,0.008218926320153652,0
lin,2,SR386_40X_HE_T318_01,0,5.409054298236335e-06,0
lin,2,SR386_40X_HE_T321_01,0,2.0819465759001152e-05,0
lin,2,SR386_40X_HE_T326_01,0,8.151571116221358e-06,0
lin,2,SR386_40X_HE_T327_01,0,1.8253693481699903e-11,0
lin,2,SR386_40X_HE_T332_01,1,4.9150471978736505e-06,0
lin,2,SR386_40X_HE_T355_01,0,4.839269395330897e-08,0
lin,2,SR386_40X_HE_T364_01,0,8.173948141302588e-05,0
lin,2,SR386_40X_HE_T368_01,1,2.7537543696857273e-08,0
lin,2,SR386_40X_HE_T374_01,0,2.572032493520426e-10,0
lin,2,SR386_40X_HE_T380_01,0,5.906472421056974e-09,0
lin,2,SR386_40X_HE_T382_01,0,1.5365678837320932e-07,0
lin,2,SR386_40X_HE_T392_01,0,3.7112929430555575e-07,0
lin,2,SR386_40X_HE_T398_01,0,9.713226410865667e-06,0
lin,2,SR386_40X_HE_T402_01,1,0.19122167237313195,0
lin,2,SR386_40X_HE_T404_01,0,1.8530700882301235e-08,0
lin,2,SR386_40X_HE_T415_01,0,2.225432981274095e-09,0
lin,2,SR386_40X_HE_T417_01,0,6.388983932489729e-10,0
lin,2,SR386_40X_HE_T425_01,0,1.090143037777049e-07,0
lin,2,SR386_40X_HE_T436_01,1,0.0004142989913334446,0
lin,2,SR386_40X_HE_T437_01,0,8.276236338398639e-08,0
lin,2,SR386_40X_HE_T440_01,0,1.056312777243514e-06,0
lin,2,SR386_40X_HE_T445_01,0,6.556920630305147e-07,0
lin,2,SR386_40X_HE_T450_01,0,0.0006478888665347741,0
lin,2,SR386_40X_HE_T459_01,0,2.7296337478355964e-08,0
lin,2,SR386_40X_HE_T472_01,0,6.692240722293198e-08,0
lin,2,SR386_40X_HE_T481_01,0,0.006451377215716984,0
lin,2,SR386_40X_HE_T483_01,0,6.276549026540741e-05,0
lin,2,SR386_40X_HE_T486_01,0,8.572035580507558e-06,0
lin,2,SR386_40X_HE_T488_01,0,1.2168189334983683e-06,0
lin,2,SR386_40X_HE_T499_01,0,5.776824686655604e-05,0
lin,2,SR386_40X_HE_T507_01,0,2.7719551542461164e-05,0
lin,2,SR386_40X_HE_T514_01,0,1.1907136913822508e-07,0
lin,2,SR386_40X_HE_T520_01,1,1.4392254158810743e-05,0
lin,2,SR386_40X_HE_T522_01,0,4.3618898441088016e-08,0
lin,2,SR386_40X_HE_T531_01,0,2.0789615238860356e-06,0
lin,2,SR386_40X_HE_T535_01,0,2.139453948862371e-13,0
lin,2,SR386_40X_HE_T539_01,0,0.05663667726169637,0
lin,2,SR386_40X_HE_T549_01,0,3.2628214124314155e-09,0
lin,2,SR386_40X_HE_T552_01,0,3.432919013282742e-08,0
lin,2,SR386_40X_HE_T553_01,0,1.2844580510271881e-05,0
lin,2,SR386_40X_HE_T554_01,0,3.320772705985419e-11,0
lin,2,SR386_40X_HE_T558_01,0,7.942538700034859e-07,0
lin,2,SR386_40X_HE_T564_01,0,2.013991525947804e-08,0
lin,2,SR386_40X_HE_T570_01,0,5.393148177421597e-08,0
lin,2,SR386_40X_HE_T574_01,0,3.3264789988751853e-09,0
lin,2,SR386_40X_HE_T578_01,0,3.3571370431945264e-10,0
lin,2,SR386_40X_HE_T580_01,0,4.35258209422616e-09,0
lin,3,SR1482_40X_HE_T005_01,0,7.66719007859281e-05,0
lin,3,SR1482_40X_HE_T005_02,0,4.171327012296205e-06,0
lin,3,SR1482_40X_HE_T010_01,0,2.248979861954786e-13,0
lin,3,SR1482_40X_HE_T043_01,0,3.984674522597138e-09,0
lin,3,SR1482_40X_HE_T043_02,0,5.9408054592286705e-06,0
lin,3,SR1482_40X_HE_T049_01,0,6.216067490817876e-11,0
lin,3,SR1482_40X_HE_T061_01,0,0.06393835761727341,0
lin,3,SR1482_40X_HE_T061_02,0,0.023969602343843436,0
lin,3,SR1482_40X_HE_T070_01,1,9.803276012909182e-08,0
lin,3,SR1482_40X_HE_T073_01,0,6.534484282815915e-09,0
lin,3,SR1482_40X_HE_T082_01,0,1.4625262141306243e-08,0
lin,3,SR1482_40X_HE_T082_02,0,0.3380911078718566,0
lin,3,SR1482_40X_HE_T089_01,0,2.9313153666101123e-08,0
lin,3,SR1482_40X_HE_T090_01,0,1.6157560245680143e-10,0
lin,3,SR1482_40X_HE_T094_01,1,0.5496443180719531,1
lin,3,SR1482_40X_HE_T094_02,1,0.0016453454834101605,0
lin,3,SR1482_40X_HE_T105_01,0,2.921871289526009e-08,0
lin,3,SR1482_40X_HE_T115_01,0,7.85401458041606e-05,0
lin,3,SR1482_40X_HE_T115_02,0,5.902522107651023e-08,0
lin,3,SR1482_40X_HE_T118_01,0,0.382648566474576,0
lin,3,SR1482_40X_HE_T118_02,0,1.8995696474143837e-05,0
lin,3,SR1482_40X_HE_T120_01,0,0.18279682959943067,0
lin,3,SR1482_40X_HE_T120_02,0,0.8207436691631548,1
lin,3,SR1482_40X_HE_T124_01,0,0.9733518372491381,1
lin,3,SR1482_40X_HE_T124_02,0,0.00011805750124058522,0
lin,3,SR1482_40X_HE_T138_01,0,8.679265057226231e-10,0
lin,3,SR1482_40X_HE_T160_01,0,2.022208798004013e-09,0
lin,3,SR1482_40X_HE_T160_02,0,4.437961578090293e-11,0
lin,3,SR1482_40X_HE_T167_01,0,1.7176109532717238e-06,0
lin,3,SR1482_40X_HE_T167_02,0,3.6807950270423234e-07,0
lin,3,SR1482_40X_HE_T175_01,0,0.0005353117349324943,0
lin,3,SR1482_40X_HE_T175_02,0,0.002043004086150339,0
lin,3,SR1482_40X_HE_T177_01,1,1.3304994195014247e-08,0
lin,3,SR1482_40X_HE_T188_01,0,5.35978330708866e-12,0
lin,3,SR1482_40X_HE_T195_01,0,7.927040009782818e-05,0
lin,3,SR1482_40X_HE_T195_02,0,4.863676992766587e-05,0
lin,3,SR1482_40X_HE_T202_01,0,3.36832116617233e-08,0
lin,3,SR1482_40X_HE_T202_02,0,4.8098097916020644e-08,0
lin,3,SR1482_40X_HE_T225_01,0,6.041407850231138e-05,0
lin,3,SR1482_40X_HE_T225_02,0,1.1298957918275135e-10,0
lin,3,SR1482_40X_HE_T235_01,0,3.442493322023594e-07,0
lin,3,SR1482_40X_HE_T235_02,0,5.833182905026086e-10,0
lin,3,SR1482_40X_HE_T236_01,0,8.223583880588474e-11,0
lin,3,SR1482_40X_HE_T236_02,0,2.494877191517152e-10,0
lin,3,SR1482_40X_HE_T258_01,0,9.947431314715877e-09,0
lin,3,SR1482_40X_HE_T258_02,0,5.67601465324043e-10,0
lin,3,SR1482_40X_HE_T284_01,1,0.11908089135051675,0
lin,3,SR1482_40X_HE_T284_02,1,0.029884160434042698,0
lin,3,SR1482_40X_HE_T301_01,1,0.00081509913536427,0
lin,3,SR1482_40X_HE_T301_02,1,0.0002269219608611152,0
lin,3,SR1482_40X_HE_T309_01,0,1.1973791361160282e-07,0
lin,3,SR1482_40X_HE_T313_01,0,0.00012837702711173866,0
lin,3,SR1482_40X_HE_T313_02,0,0.0032005319003523994,0
lin,3,SR1482_40X_HE_T338_01,0,0.157231138527078,0
lin,3,SR1482_40X_HE_T344_01,0,0.13993890665355968,0
lin,3,SR1482_40X_HE_T344_02,0,0.000775790427858362,0
lin,3,SR1482_40X_HE_T346_01,0,0.00016942310215906791,0
lin,3,SR1482_40X_HE_T346_02,0,0.03488767842387737,0
lin,3,SR1482_40X_HE_T377_01,0,8.481727690993838e-06,0
lin,3,SR1482_40X_HE_T377_02,0,1.2230121633314818e-05,0
lin,3,SR1482_40X_HE_T419_01,0,2.9005817456691697e-07,0
lin,3,SR1482_40X_HE_T427_01,0,4.9145321047990335e-05,0
lin,3,SR1482_40X_HE_T427_02,0,1.9976736176482744e-06,0
lin,3,SR386_40X_HE_T007_01,0,0.00017083450281708416,0
lin,3,SR386_40X_HE_T015_01,0,4.634584077643093e-05,0
lin,3,SR386_40X_HE_T017_01,1,0.903170139455911,1
lin,3,SR386_40X_HE_T032_01,0,2.543766677254847e-07,0
lin,3,SR386_40X_HE_T034_01,0,8.499287982292076e-06,0
lin,3,SR386_40X_HE_T035_01,0,0.00013078863522222078,0
lin,3,SR386_40X_HE_T041_01,0,0.9818128657803356,1
lin,3,SR386_40X_HE_T067_01,0,1.2298820977650814e-11,0
lin,3,SR386_40X_HE_T075_01,0,6.513951654478259e-09,0
lin,3,SR386_40X_HE_T081_01,0,7.724386872123067e-08,0
lin,3,SR386_40X_HE_T083_01,0,8.689843139735616e-05,0
lin,3,SR386_40X_HE_T085_01,0,3.961404480862253e-12,0
lin,3,SR386_40X_HE_T095_01,0,0.024547408866892623,0
lin,3,SR386_40X_HE_T104_01,0,0.03301487261554485,0
lin,3,SR386_40X_HE_T106_01,0,6.025888281766156e-06,0
lin,3,SR386_40X_HE_T112_01,0,1.134376836264872e-07,0
lin,3,SR386_40X_HE_T128_01,0,1.8863285545512602e-09,0
lin,3,SR386_40X_HE_T132_01,0,1.633750783399372e-10,0
lin,3,SR386_40X_HE_T138_01,0,3.269640800063128e-06,0
lin,3,SR386_40X_HE_T142_01,0,0.38574575945721284,0
lin,3,SR386_40X_HE_T149_01,0,0.0006895151931254169,0
lin,3,SR386_40X_HE_T165_01,1,0.0062941102278367975,0
lin,3,SR386_40X_HE_T179_01,0,0.08282153602606648,0
lin,3,SR386_40X_HE_T180_01,0,1.0800067068938356e-05,0
lin,3,SR386_40X_HE_T182_01,0,1.0155853760389622e-05,0
lin,3,SR386_40X_HE_T184_01,0,0.031221984541478853,0
lin,3,SR386_40X_HE_T188_01,0,1.721016436094561e-10,0
lin,3,SR386_40X_HE_T191_01,0,0.0001728869082440575,0
lin,3,SR386_40X_HE_T197_01,0,2.1083646807643464e-05,0
lin,3,SR386_40X_HE_T201_01,0,6.705751355291856e-07,0
lin,3,SR386_40X_HE_T202_01,0,2.1995259339073555e-11,0
lin,3,SR386_40X_HE_T208_01,0,7.824106095032509e-08,0
lin,3,SR386_40X_HE_T216_01,1,0.8669768907678939,1
lin,3,SR386_40X_HE_T238_01,0,7.278410433497067e-07,0
lin,3,SR386_40X_HE_T244_01,0,6.0037790952282956e-09,0
lin,3,SR386_40X_HE_T248_01,0,3.5291964446676265e-10,0
lin,3,SR386_40X_HE_T249_01,0,3.7579384694982836e-08,0
lin,3,SR386_40X_HE_T250_01,0,6.966060373945462e-08,0
lin,3,SR386_40X_HE_T263_01,0,5.436034912102587e-12,0
lin,3,SR386_40X_HE_T267_01,0,3.887072299910099e-09,0
lin,3,SR386_40X_HE_T269_01,0,9.838020583652725e-08,0
lin,3,SR386_40X_HE_T277_01,0,3.4954212322117344e-08,0
lin,3,SR386_40X_HE_T286_01,0,0.005168433895716622,0
lin,3,SR386_40X_HE_T287_01,0,0.009837531241319513,0
lin,3,SR386_40X_HE_T290_01,0,1.3574902445271282e-06,0
lin,3,SR386_40X_HE_T293_01,0,4.1961332493669576e-08,0
lin,3,SR386_40X_HE_T298_01,0,1.8435103486357985e-10,0
lin,3,SR386_40X_HE_T303_01,0,3.281252037098964e-11,0
lin,3,SR386_40X_HE_T312_01,0,5.274427711977589e-06,0
lin,3,SR386_40X_HE_T329_01,0,0.0027497624228151525,0
lin,3,SR386_40X_HE_T336_01,0,1.9962490298010314e-06,0
lin,3,SR386_40X_HE_T338_01,0,2.9249746072630743e-06,0
lin,3,SR386_40X_HE_T342_01,0,2.3131053049110073e-06,0
lin,3,SR386_40X_HE_T353_01,0,0.0012567752661661765,0
lin,3,SR386_40X_HE_T357_01,0,3.8892320459132786e-12,0
lin,3,SR386_40X_HE_T362_01,0,2.2212530799453163e-06,0
lin,3,SR386_40X_HE_T363_01,1,0.9508715824927095,1
lin,3,SR386_40X_HE_T372_01,0,0.00671222822338622,0
lin,3,SR386_40X_HE_T378_01,0,5.671965173489831e-11,0
lin,3,SR386_40X_HE_T379_01,0,2.5229199987764437e-06,0
lin,3,SR386_40X_HE_T386_01,0,1.6023425548570526e-06,0
lin,3,SR386_40X_HE_T387_01,0,2.190975868225545e-14,0
lin,3,SR386_40X_HE_T393_01,0,9.289295885636176e-05,0
lin,3,SR386_40X_HE_T397_01,0,0.01446183518185899,0
lin,3,SR386_40X_HE_T406_01,0,0.9206837727640522,1
lin,3,SR386_40X_HE_T409_01,0,8.068850276469896e-08,0
lin,3,SR386_40X_HE_T422_01,0,4.925149202118967e-09,0
lin,3,SR386_40X_HE_T426_01,0,1.1157515748465688e-07,0
lin,3,SR386_40X_HE_T433_01,0,6.730402350393155e-06,0
lin,3,SR386_40X_HE_T443_01,0,2.003969741795453e-05,0
lin,3,SR386_40X_HE_T448_01,0,0.00047609107238395906,0
lin,3,SR386_40X_HE_T452_01,0,0.11058913683596405,0
lin,3,SR386_40X_HE_T460_01,1,0.04634709609264351,0
lin,3,SR386_40X_HE_T473_01,0,9.80914830956699e-08,0
lin,3,SR386_40X_HE_T475_01,0,3.733876175730102e-12,0
lin,3,SR386_40X_HE_T478_01,0,4.640765075617364e-09,0
lin,3,SR386_40X_HE_T489_01,1,2.1237593208178534e-08,0
lin,3,SR386_40X_HE_T491_01,0,0.00013096764253457802,0
lin,3,SR386_40X_HE_T492_01,0,2.424991322665298e-09,0
lin,3,SR386_40X_HE_T493_01,0,1.55123090715974e-09,0
lin,3,SR386_40X_HE_T502_01,0,8.142514335016808e-09,0
lin,3,SR386_40X_HE_T505_01,0,1.4276001097263189e-05,0
lin,3,SR386_40X_HE_T506_01,0,1.948417101051701e-08,0
lin,3,SR386_40X_HE_T509_01,0,0.0033697404211062037,0
lin,3,SR386_40X_HE_T516_01,0,0.0365570865965281,0
lin,3,SR386_40X_HE_T518_01,0,1.7876984300781346e-10,0
lin,3,SR386_40X_HE_T519_01,0,5.975471758808034e-10,0
lin,3,SR386_40X_HE_T521_01,0,9.646026220101068e-10,0
lin,3,SR386_40X_HE_T526_01,0,1.409947222756367e-06,0
lin,3,SR386_40X_HE_T533_01,0,8.362706088807466e-09,0
lin,3,SR386_40X_HE_T543_01,0,0.0005426274514571809,0
lin,3,SR386_40X_HE_T544_01,0,1.0814117565960615e-06,0
lin,3,SR386_40X_HE_T556_01,1,0.033158680368608445,0
lin,3,SR386_40X_HE_T560_01,0,1.951260395036997e-05,0
lin,3,SR386_40X_HE_T563_01,0,5.728572239378781e-09,0
lin,3,SR386_40X_HE_T568_01,0,0.00040048821055576266,0
lin,3,SR386_40X_HE_T571_01,0,0.00035498181538265043,0
lin,3,SR386_40X_HE_T572_01,0,0.009976414124784273,0
lin,3,SR386_40X_HE_T573_01,0,0.0002397837238537561,0
lin,3,SR386_40X_HE_T583_01,0,5.573737663053379e-06,0
lin,4,SR1482_40X_HE_T002_01,0,8.065232707599805e-10,0
lin,4,SR1482_40X_HE_T003_01,0,8.328017328210615e-06,0
lin,4,SR1482_40X_HE_T004_01,0,5.907384632582164e-14,0
lin,4,SR1482_40X_HE_T004_02,0,1.2946539292109045e-13,0
lin,4,SR1482_40X_HE_T011_01,0,3.191523882716613e-16,0
lin,4,SR1482_40X_HE_T025_01,0,7.859543621575758e-17,0
lin,4,SR1482_40X_HE_T025_02,0,1.2145731943056463e-14,0
lin,4,SR1482_40X_HE_T060_01,0,6.854341338284917e-07,0
lin,4,SR1482_40X_HE_T062_01,0,0.0005611879423615399,0
lin,4,SR1482_40X_HE_T062_02,0,0.01446707259500336,0
lin,4,SR1482_40X_HE_T064_01,0,9.195687568193027e-07,0
lin,4,SR1482_40X_HE_T064_02,0,4.329617972103294e-09,0
lin,4,SR1482_40X_HE_T071_01,0,1.5715215339115803e-09,0
lin,4,SR1482_40X_HE_T071_02,0,2.2058045343744326e-08,0
lin,4,SR1482_40X_HE_T074_01,0,3.1392113521054826e-10,0
lin,4,SR1482_40X_HE_T074_02,0,6.649016398905312e-11,0
lin,4,SR1482_40X_HE_T083_01,0,4.372616233742865e-05,0
lin,4,SR1482_40X_HE_T083_02,0,2.2092027508833964e-05,0
lin,4,SR1482_40X_HE_T087_01,0,9.535978589547743e-14,0
lin,4,SR1482_40X_HE_T097_01,1,0.00018265238159781717,0
lin,4,SR1482_40X_HE_T097_02,1,2.9490107368145557e-05,0
lin,4,SR1482_40X_HE_T108_01,0,1.3254675586449677e-07,0
lin,4,SR1482_40X_HE_T113_01,0,0.0005906910198192468,0
lin,4,SR1482_40X_HE_T113_02,0,4.6384877418312964e-08,0
lin,4,SR1482_40X_HE_T121_01,0,1.3075687158232333e-15,0
lin,4,SR1482_40X_HE_T122_01,0,2.3626496873076515e-12,0
lin,4,SR1482_40X_HE_T125_01,0,2.248453311803832e-07,0
lin,4,SR1482_40X_HE_T125_02,0,1.1530364296534347e-08,0
lin,4,SR1482_40X_HE_T131_01,0,0.04367733542144559,0
lin,4,SR1482_40X_HE_T131_02,0,0.12217252032741235,0
lin,4,SR1482_40X_HE_T132_01,0,3.21634038453235e-10,0
lin,4,SR1482_40X_HE_T132_02,0,5.90341319190148e-06,0
lin,4,SR1482_40X_HE_T143_01,0,0.8436735168619041,1
lin,4,SR1482_40X_HE_T143_02,0,0.9866376427347955,1
lin,4,SR1482_40X_HE_T166_01,1,3.893870872255209e-11,0
lin,4,SR1482_40X_HE_T169_01,0,0.00014897412228212376,0
lin,4,SR1482_40X_HE_T176_01,1,0.9999477361148417,1
lin,4,SR1482_40X_HE_T176_02,1,0.05772914441183191,0
lin,4,SR1482_40X_HE_T191_01,0,4.0895110035705593e-13,0
lin,4,SR1482_40X_HE_T194_01,0,0.10319839407094406,0
lin,4,SR1482_40X_HE_T218_01,0,1.4702677146845507e-17,0
lin,4,SR1482_40X_HE_T253_01,0,4.6813146790624955e-12,0
lin,4,SR1482_40X_HE_T290_01,0,0.00010900349293056204,0
lin,4,SR1482_40X_HE_T308_01,0,3.0556283785796725e-07,0
lin,4,SR1482_40X_HE_T314_01,0,0.9987460902720763,1
lin,4,SR1482_40X_HE_T314_02,0,0.9999865401269024,1
lin,4,SR1482_40X_HE_T372_01,1,0.6590973453300323,1
lin,4,SR1482_40X_HE_T372_02,1,0.022768265570856594,0
lin,4,SR1482_40X_HE_T408_01,0,0.01208719630518624,0
lin,4,SR1482_40X_HE_T412_01,0,4.1764688822518567e-08,0
lin,4,SR1482_40X_HE_T425_01,0,1.2347577273930964e-11,0
lin,4,SR1482_40X_HE_T434_01,1,0.0030770362783195527,0
lin,4,SR386_40X_HE_T006_01,0,1.978005882840651e-06,0
lin,4,SR386_40X_HE_T010_01,0,0.00010875312939537466,0
lin,4,SR386_40X_HE_T014_01,0,5.843395671588268e-06,0
lin,4,SR386_40X_HE_T016_01,0,7.927334349765021e-09,0
lin,4,SR386_40X_HE_T020_01,0,5.822741947463402e-13,0
lin,4,SR386_40X_HE_T027_01,0,6.433545945593837e-07,0
lin,4,SR386_40X_HE_T028_01,0,2.5161306838819717e-06,0
lin,4,SR386_40X_HE_T037_01,0,2.8924847777183385e-08,0
lin,4,SR386_40X_HE_T043_01,0,3.075624671242877e-06,0
lin,4,SR386_40X_HE_T044_01,1,0.00421573028273517,0
lin,4,SR386_40X_HE_T046_01,0,2.5094947213823245e-06,0
lin,4,SR386_40X_HE_T058_01,0,3.241026264872866e-07,0
lin,4,SR386_40X_HE_T062_01,0,1.92623700965117e-10,0
lin,4,SR386_40X_HE_T065_01,1,0.0006909776398879705,0
lin,4,SR386_40X_HE_T080_01,0,0.00015880757935940115,0
lin,4,SR386_40X_HE_T091_01,0,1.665827526534828e-05,0
lin,4,SR386_40X_HE_T094_01,0,7.78335126227108e-11,0
lin,4,SR386_40X_HE_T097_01,0,6.481683770071649e-05,0
lin,4,SR386_40X_HE_T100_01,0,9.49286713131562e-09,0
lin,4,SR386_40X_HE_T107_01,0,9.186887124624699e-06,0
lin,4,SR386_40X_HE_T109_01,1,0.029147933929623497,0
lin,4,SR386_40X_HE_T110_01,0,0.0006590333361455235,0
lin,4,SR386_40X_HE_T117_01,0,1.8396956971980295e-05,0
lin,4,SR386_40X_HE_T127_01,0,1.3419474140689381e-08,0
lin,4,SR386_40X_HE_T129_01,0,8.104876473430998e-12,0
lin,4,SR386_40X_HE_T136_01,0,0.009543884626644381,0
lin,4,SR386_40X_HE_T154_01,0,8.335325564203206e-07,0
lin,4,SR386_40X_HE_T168_01,1,0.5752431517874579,1
lin,4,SR386_40X_HE_T175_01,0,3.767947863312316e-09,0
lin,4,SR386_40X_HE_T189_01,0,1.935124205892172e-11,0
lin,4,SR386_40X_HE_T195_01,0,9.495621525983592e-09,0
lin,4,SR386_40X_HE_T227_01,0,4.3042457754934756e-08,0
lin,4,SR386_40X_HE_T233_01,0,2.7103482808820154e-07,0
lin,4,SR386_40X_HE_T234_01,0,0.000132190225865806,0
lin,4,SR386_40X_HE_T235_01,0,2.6891094461400814e-06,0
lin,4,SR386_40X_HE_T239_01,0,0.0013182825410108926,0
lin,4,SR386_40X_HE_T245_01,0,1.5009940300889144e-10,0
lin,4,SR386_40X_HE_T256_01,0,2.0329850170565077e-06,0
lin,4,SR386_40X_HE_T265_01,0,3.838598556569949e-06,0
lin,4,SR386_40X_HE_T268_01,0,1.4157720183108e-07,0
lin,4,SR386_40X_HE_T270_01,0,3.1224545887986443e-06,0
lin,4,SR386_40X_HE_T272_01,0,0.012051032686711117,0
lin,4,SR386_40X_HE_T273_01,0,0.001045752325655257,0
lin,4,SR386_40X_HE_T276_01,0,0.004015994183458992,0
lin,4,SR386_40X_HE_T278_01,1,0.34652287452913505,0
lin,4,SR386_40X_HE_T284_01,0,2.0601552779742146e-06,0
lin,4,SR386_40X_HE_T285_01,0,9.614191442112206e-09,0
lin,4,SR386_40X_HE_T288_01,0,5.984156591984245e-09,0
lin,4,SR386_40X_HE_T291_01,0,2.6761404821030494e-06,0
lin,4,SR386_40X_HE_T300_01,0,1.1206676603069558e-06,0
lin,4,SR386_40X_HE_T302_01,0,2.2133221844020718e-06,0
lin,4,SR386_40X_HE_T305_01,0,1.561638487038708e-08,0
lin,4,SR386_40X_HE_T308_01,0,1.753713437651441e-08,0
lin,4,SR386_40X_HE_T325_01,0,0.0036896258960733793,0
lin,4,SR386_40X_HE_T331_01,0,4.1232479655475796e-08,0
lin,4,SR386_40X_HE_T341_01,0,6.212341514338979e-05,0
lin,4,SR386_40X_HE_T343_01,1,1.5013969023495703e-08,0
lin,4,SR386_40X_HE_T346_01,0,6.370170063853018e-05,0
lin,4,SR386_40X_HE_T352_01,0,1.4420643821541842e-06,0
lin,4,SR386_40X_HE_T373_01,0,1.9386840075647647e-05,0
lin,4,SR386_40X_HE_T375_01,0,0.5629168776168538,1
lin,4,SR386_40X_HE_T381_01,0,2.610415874628244e-10,0
lin,4,SR386_40X_HE_T389_01,0,1.5516944322123197e-09,0
lin,4,SR386_40X_HE_T391_01,0,8.209027339936867e-06,0
lin,4,SR386_40X_HE_T394_01,0,1.908170832115276e-07,0
lin,4,SR386_40X_HE_T399_01,0,2.624630427401544e-07,0
lin,4,SR386_40X_HE_T403_01,0,2.2657042930796404e-11,0
lin,4,SR386_40X_HE_T405_01,0,4.5150278932496113e-10,0
lin,4,SR386_40X_HE_T407_01,0,1.3347295866653216e-07,0
lin,4,SR386_40X_HE_T414_01,0,2.5926255990295274e-08,0
lin,4,SR386_40X_HE_T424_01,0,0.00014408324583865156,0
lin,4,SR386_40X_HE_T429_01,0,3.993359382799575e-09,0
lin,4,SR386_40X_HE_T441_01,0,0.0012043741136114176,0
lin,4,SR386_40X_HE_T451_01,0,8.025057700857339e-07,0
lin,4,SR386_40X_HE_T453_01,0,8.073071042733514e-09,0
lin,4,SR386_40X_HE_T455_01,0,4.2711151540171436e-08,0
lin,4,SR386_40X_HE_T465_01,0,3.7123511764339146e-09,0
lin,4,SR386_40X_HE_T474_01,0,8.038137590573435e-08,0
lin,4,SR386_40X_HE_T476_01,0,0.014439805263585626,0
lin,4,SR386_40X_HE_T479_01,0,2.558528665081357e-07,0
lin,4,SR386_40X_HE_T482_01,0,0.0009571914037600918,0
lin,4,SR386_40X_HE_T487_01,0,9.16667356510229e-12,0
lin,4,SR386_40X_HE_T490_01,0,3.536252137261368e-11,0
lin,4,SR386_40X_HE_T494_01,0,1.888216029232192e-07,0
lin,4,SR386_40X_HE_T500_01,0,6.349574607325433e-08,0
lin,4,SR386_40X_HE_T510_01,0,7.056584360051315e-06,0
lin,4,SR386_40X_HE_T524_01,0,1.1959881253471911e-05,0
lin,4,SR386_40X_HE_T528_01,0,0.04349039535081596,0
lin,4,SR386_40X_HE_T532_01,0,1.068016631415226e-11,0
lin,4,SR386_40X_HE_T534_01,0,9.255389613145527e-08,0
lin,4,SR386_40X_HE_T536_01,0,8.955665698156026e-08,0
lin,4,SR386_40X_HE_T537_01,0,5.384813825565366e-05,0
lin,4,SR386_40X_HE_T541_01,0,3.4596906584583592e-09,0
lin,4,SR386_40X_HE_T548_01,1,3.157007391137019e-05,0
lin,4,SR386_40X_HE_T550_01,0,5.251252038537804e-05,0
lin,4,SR386_40X_HE_T551_01,0,4.621458826812165e-09,0
lin,4,SR386_40X_HE_T557_01,0,2.051622223677229e-09,0
lin,4,SR386_40X_HE_T565_01,0,4.8668293552435716e-08,0
lin,4,SR386_40X_HE_T567_01,0,9.060601180152087e-10,0
lin,4,SR386_40X_HE_T575_01,0,0.005003985551293213,0
lin,4,SR386_40X_HE_T576_01,0,3.352096324673375e-06,0
lin,4,SR386_40X_HE_T581_01,0,7.684681115763161e-05,0
ann,1,SR1482_40X_HE_T029_01,0,0.6275101900100708,1
ann,1,SR1482_40X_HE_T029_02,0,0.7580355405807495,1
ann,1,SR1482_40X_HE_T057_01,0,0.1949108988046646,0
ann,1,SR1482_40X_HE_T063_01,1,0.9082011580467224,1
ann,1,SR1482_40X_HE_T063_02,1,0.6208113431930542,1
ann,1,SR1482_40X_HE_T065_01,0,0.32710814476013184,0
ann,1,SR1482_40X_HE_T065_02,0,0.33422890305519104,0
ann,1,SR1482_40X_HE_T066_01,0,0.8904056549072266,1
ann,1,SR1482_40X_HE_T066_02,0,0.9026031494140625,1
ann,1,SR1482_40X_HE_T068_01,0,0.4517103135585785,0
ann,1,SR1482_40X_HE_T069_01,0,0.26006805896759033,0
ann,1,SR1482_40X_HE_T069_02,0,0.2771633565425873,0
ann,1,SR1482_40X_HE_T079_01,1,0.5770214796066284,1
ann,1,SR1482_40X_HE_T079_02,1,0.6596478819847107,1
ann,1,SR1482_40X_HE_T080_01,0,0.8380363583564758,1
ann,1,SR1482_40X_HE_T080_02,0,0.6312549710273743,1
ann,1,SR1482_40X_HE_T081_01,0,0.585447371006012,1
ann,1,SR1482_40X_HE_T081_02,0,0.22123311460018158,0
ann,1,SR1482_40X_HE_T099_01,0,0.318496435880661,0
ann,1,SR1482_40X_HE_T116_01,0,0.4172511100769043,0
ann,1,SR1482_40X_HE_T117_01,0,0.4386500120162964,0
ann,1,SR1482_40X_HE_T117_02,0,0.5961827039718628,1
ann,1,SR1482_40X_HE_T126_01,0,0.44548624753952026,0
ann,1,SR1482_40X_HE_T129_01,0,0.331132173538208,0
ann,1,SR1482_40X_HE_T129_02,0,0.6398451328277588,1
ann,1,SR1482_40X_HE_T139_01,0,0.36347222328186035,0
ann,1,SR1482_40X_HE_T139_02,0,0.2993324398994446,0
ann,1,SR1482_40X_HE_T147_01,0,0.785395085811615,1
ann,1,SR1482_40X_HE_T147_02,0,0.885979413986206,1
ann,1,SR1482_40X_HE_T159_01,0,0.3545764982700348,0
ann,1,SR1482_40X_HE_T159_02,0,0.45873966813087463,0
ann,1,SR1482_40X_HE_T192_01,0,0.7578122615814209,1
ann,1,SR1482_40X_HE_T199_01,0,0.5421156287193298,1
ann,1,SR1482_40X_HE_T304_01,0,0.20594486594200134,0
ann,1,SR1482_40X_HE_T304_02,0,0.19001439213752747,0
ann,1,SR1482_40X_HE_T310_01,1,0.38203173875808716,0
ann,1,SR1482_40X_HE_T310_02,1,0.5684927701950073,1
ann,1,SR1482_40X_HE_T341_01,0,0.1449393630027771,0
ann,1,SR1482_40X_HE_T341_02,0,0.24190394580364227,0
ann,1,SR1482_40X_HE_T353_01,0,0.40742403268814087,0
ann,1,SR1482_40X_HE_T390_01,0,0.23682481050491333,0
ann,1,SR1482_40X_HE_T433_01,1,0.3162159323692322,0
ann,1,SR386_40X_HE_T003_01,0,0.2979559004306793,0
ann,1,SR386_40X_HE_T004_01,0,0.3791384994983673,0
ann,1,SR386_40X_HE_T022_01,1,0.645298182964325,1
ann,1,SR386_40X_HE_T030_01,0,0.6166330575942993,1
ann,1,SR386_40X_HE_T033_01,0,0.28298133611679077,0
ann,1,SR386_40X_HE_T036_01,0,0.2598775625228882,0
ann,1,SR386_40X_HE_T038_01,0,0.410907119512558,0
ann,1,SR386_40X_HE_T049_01,0,0.19625169038772583,0
ann,1,SR386_40X_HE_T050_01,0,0.6533041000366211,1
ann,1,SR386_40X_HE_T060_01,0,0.5786538124084473,1
ann,1,SR386_40X_HE_T063_01,0,0.41936150193214417,0
ann,1,SR386_40X_HE_T066_01,0,0.20161956548690796,0
ann,1,SR386_40X_HE_T069_01,0,0.2919013202190399,0
ann,1,SR386_40X_HE_T072_01,0,0.2316661924123764,0
ann,1,SR386_40X_HE_T074_01,0,0.34029486775398254,0
ann,1,SR386_40X_HE_T078_01,0,0.2721162438392639,0
ann,1,SR386_40X_HE_T079_01,0,0.17088384926319122,0
ann,1,SR386_40X_HE_T092_01,1,0.5941447019577026,1
ann,1,SR386_40X_HE_T096_01,0,0.1515064686536789,0
ann,1,SR386_40X_HE_T099_01,0,0.2841914892196655,0
ann,1,SR386_40X_HE_T103_01,0,0.0664178729057312,0
ann,1,SR386_40X_HE_T108_01,0,0.3825438618659973,0
ann,1,SR386_40X_HE_T113_01,0,0.3206700384616852,0
ann,1,SR386_40X_HE_T114_01,0,0.23769156634807587,0
ann,1,SR386_40X_HE_T119_01,0,0.3729308545589447,0
ann,1,SR386_40X_HE_T126_01,0,0.1783646047115326,0
ann,1,SR386_40X_HE_T130_01,0,0.1719096601009369,0
ann,1,SR386_40X_HE_T131_01,0,0.43097376823425293,0
ann,1,SR386_40X_HE_T135_01,0,0.6604653596878052,1
ann,1,SR386_40X_HE_T140_01,0,0.25087112188339233,0
ann,1,SR386_40X_HE_T144_01,0,0.7612431645393372,1
ann,1,SR386_40X_HE_T147_01,0,0.2782149314880371,0
ann,1,SR386_40X_HE_T148_01,0,0.3481374979019165,0
ann,1,SR386_40X_HE_T160_01,0,0.2599894106388092,0
ann,1,SR386_40X_HE_T169_01,0,0.3786637485027313,0
ann,1,SR386_40X_HE_T170_01,1,0.79046231508255,1
ann,1,SR386_40X_HE_T172_01,0,0.6934947967529297,1
ann,1,SR386_40X_HE_T174_01,0,0.5477365255355835,1
ann,1,SR386_40X_HE_T181_01,0,0.2790394127368927,0
ann,1,SR386_40X_HE_T196_01,0,0.31474414467811584,0
ann,1,SR386_40X_HE_T205_01,0,0.6312481760978699,1
ann,1,SR386_40X_HE_T209_01,0,0.39186668395996094,0
ann,1,SR386_40X_HE_T210_01,0,0.5996987819671631,1
ann,1,SR386_40X_HE_T212_01,0,0.4513620436191559,0
ann,1,SR386_40X_HE_T221_01,0,0.22358578443527222,0
ann,1,SR386_40X_HE_T224_01,0,0.28568658232688904,0
ann,1,SR386_40X_HE_T231_01,1,0.7440730333328247,1
ann,1,SR386_40X_HE_T232_01,0,0.2062826156616211,0
ann,1,SR386_40X_HE_T247_01,0,0.5576611161231995,1
ann,1,SR386_40X_HE_T252_01,0,0.3060641586780548,0
ann,1,SR386_40X_HE_T255_01,0,0.3562295436859131,0
ann,1,SR386_40X_HE_T259_01,1,0.343728244304657,0
ann,1,SR386_40X_HE_T274_01,0,0.1911378651857376,0
ann,1,SR386_40X_HE_T275_01,0,0.4065057039260864,0
ann,1,SR386_40X_HE_T282_01,0,0.2198357731103897,0
ann,1,SR386_40X_HE_T294_01,0,0.7796757817268372,1
ann,1,SR386_40X_HE_T311_01,0,0.2740591764450073,0
ann,1,SR386_40X_HE_T315_01,0,0.4433431029319763,0
ann,1,SR386_40X_HE_T319_01,1,0.35421979427337646,0
ann,1,SR386_40X_HE_T324_01,1,0.4009445309638977,0
ann,1,SR386_40X_HE_T330_01,0,0.2786140441894531,0
ann,1,SR386_40X_HE_T333_01,0,0.26467758417129517,0
ann,1,SR386_40X_HE_T335_01,0,0.29696059226989746,0
ann,1,SR386_40X_HE_T337_01,0,0.44688865542411804,0
ann,1,SR386_40X_HE_T344_01,0,0.3010893166065216,0
ann,1,SR386_40X_HE_T347_01,0,0.3775516152381897,0
ann,1,SR386_40X_HE_T350_01,0,0.2645522654056549,0
ann,1,SR386_40X_HE_T351_01,0,0.27579015493392944,0
ann,1,SR386_40X_HE_T360_01,0,0.20059028267860413,0
ann,1,SR386_40X_HE_T361_01,0,0.37715622782707214,0
ann,1,SR386_40X_HE_T366_01,0,0.30273064970970154,0
ann,1,SR386_40X_HE_T377_01,1,0.4575637876987457,0
ann,1,SR386_40X_HE_T384_01,0,0.2510627806186676,0
ann,1,SR386_40X_HE_T395_01,0,0.2739413380622864,0
ann,1,SR386_40X_HE_T396_01,0,0.22059786319732666,0
ann,1,SR386_40X_HE_T401_01,0,0.4522712230682373,0
ann,1,SR386_40X_HE_T408_01,0,0.19686923921108246,0
ann,1,SR386_40X_HE_T410_01,0,0.26616746187210083,0
ann,1,SR386_40X_HE_T413_01,0,0.3221949338912964,0
ann,1,SR386_40X_HE_T416_01,0,0.2535193860530853,0
ann,1,SR386_40X_HE_T418_01,0,0.19974032044410706,0
ann,1,SR386_40X_HE_T419_01,0,0.2959202826023102,0
ann,1,SR386_40X_HE_T421_01,0,0.33703920245170593,0
ann,1,SR386_40X_HE_T423_01,0,0.2592603862285614,0
ann,1,SR386_40X_HE_T428_01,0,0.33552825450897217,0
ann,1,SR386_40X_HE_T430_01,0,0.2655928134918213,0
ann,1,SR386_40X_HE_T431_01,0,0.2724585235118866,0
ann,1,SR386_40X_HE_T435_01,0,0.5311163067817688,1
ann,1,SR386_40X_HE_T438_01,0,0.30556318163871765,0
ann,1,SR386_40X_HE_T439_01,0,0.46781399846076965,0
ann,1,SR386_40X_HE_T447_01,0,0.13493093848228455,0
ann,1,SR386_40X_HE_T449_01,0,0.21118953824043274,0
ann,1,SR386_40X_HE_T454_01,0,0.17092348635196686,0
ann,1,SR386_40X_HE_T456_01,0,0.21520985662937164,0
ann,1,SR386_40X_HE_T461_01,0,0.28312617540359497,0
ann,1,SR386_40X_HE_T462_01,0,0.26404228806495667,0
ann,1,SR386_40X_HE_T468_01,0,0.15824998915195465,0
ann,1,SR386_40X_HE_T469_01,1,0.3074400722980499,0
ann,1,SR386_40X_HE_T470_01,0,0.2790982127189636,0
ann,1,SR386_40X_HE_T471_01,0,0.26447588205337524,0
ann,1,SR386_40X_HE_T477_01,0,0.24520060420036316,0
ann,1,SR386_40X_HE_T480_01,0,0.3816372752189636,0
ann,1,SR386_40X_HE_T484_01,0,0.37299641966819763,0
ann,1,SR386_40X_HE_T495_01,0,0.18748071789741516,0
ann,1,SR386_40X_HE_T496_01,0,0.18830443918704987,0
ann,1,SR386_40X_HE_T498_01,0,0.6079042553901672,1
ann,1,SR386_40X_HE_T504_01,0,0.18289491534233093,0
ann,1,SR386_40X_HE_T511_01,0,0.40876150131225586,0
ann,1,SR386_40X_HE_T517_01,0,0.4938124418258667,0
ann,1,SR386_40X_HE_T523_01,0,0.28280705213546753,0
ann,1,SR386_40X_HE_T529_01,0,0.24203237891197205,0
ann,1,SR386_40X_HE_T542_01,0,0.2535567879676819,0
ann,1,SR386_40X_HE_T569_01,0,0.3875259459018707,0
ann,1,SR386_40X_HE_T582_01,0,0.2871771454811096,0
ann,2,SR1482_40X_HE_T009_01,0,0.18983663618564606,0
ann,2,SR1482_40X_HE_T009_02,0,0.38022080063819885,0
ann,2,SR1482_40X_HE_T015_01,0,0.5057728290557861,1
ann,2,SR1482_40X_HE_T021_01,0,0.14607691764831543,0
ann,2,SR1482_40X_HE_T067_01,0,0.45895764231681824,0
ann,2,SR1482_40X_HE_T075_01,0,0.4410986006259918,0
ann,2,SR1482_40X_HE_T075_02,0,0.5109601020812988,1
ann,2,SR1482_40X_HE_T098_01,0,0.3199920356273651,0
ann,2,SR1482_40X_HE_T098_02,0,0.1420551985502243,0
ann,2,SR1482_40X_HE_T102_01,0,0.715168297290802,1
ann,2,SR1482_40X_HE_T123_01,0,0.31769511103630066,0
ann,2,SR1482_40X_HE_T142_01,0,0.12278581410646439,0
ann,2,SR1482_40X_HE_T146_01,0,0.9895753860473633,1
ann,2,SR1482_40X_HE_T148_01,0,0.5842761993408203,1
ann,2,SR1482_40X_HE_T148_02,0,0.263439804315567,0
ann,2,SR1482_40X_HE_T154_01,0,0.32416194677352905,0
ann,2,SR1482_40X_HE_T158_01,0,0.32743918895721436,0
ann,2,SR1482_40X_HE_T161_01,0,0.42599910497665405,0
ann,2,SR1482_40X_HE_T161_02,0,0.2291160374879837,0
ann,2,SR1482_40X_HE_T164_01,1,0.3313547968864441,0
ann,2,SR1482_40X_HE_T164_02,1,0.5856105089187622,1
ann,2,SR1482_40X_HE_T168_01,0,0.38570383191108704,0
ann,2,SR1482_40X_HE_T171_01,0,0.4135631322860718,0
ann,2,SR1482_40X_HE_T171_02,0,0.3477591872215271,0
ann,2,SR1482_40X_HE_T178_01,1,0.3009425103664398,0
ann,2,SR1482_40X_HE_T186_01,0,0.3591214120388031,0
ann,2,SR1482_40X_HE_T193_01,0,0.4453333616256714,0
ann,2,SR1482_40X_HE_T193_02,0,0.8822299838066101,1
ann,2,SR1482_40X_HE_T209_01,0,0.4266284108161926,0
ann,2,SR1482_40X_HE_T209_02,0,0.6717820167541504,1
ann,2,SR1482_40X_HE_T245_01,0,0.6582847237586975,1
ann,2,SR1482_40X_HE_T245_02,0,0.5777787566184998,1
ann,2,SR1482_40X_HE_T265_01,0,0.22381120920181274,0
ann,2,SR1482_40X_HE_T302_01,0,0.3983268737792969,0
ann,2,SR1482_40X_HE_T343_01,1,0.3692883551120758,0
ann,2,SR1482_40X_HE_T343_02,1,0.5347632765769958,1
ann,2,SR1482_40X_HE_T399_01,0,0.377986341714859,0
ann,2,SR1482_40X_HE_T399_02,0,0.4380163848400116,0
ann,2,SR1482_40X_HE_T426_01,0,0.10562808811664581,0
ann,2,SR1482_40X_HE_T426_02,0,0.16062013804912567,0
ann,2,SR386_40X_HE_T001_01,0,0.490445613861084,0
ann,2,SR386_40X_HE_T013_01,0,0.3286036252975464,0
ann,2,SR386_40X_HE_T018_01,0,0.31058254837989807,0
ann,2,SR386_40X_HE_T019_01,0,0.25190478563308716,0
ann,2,SR386_40X_HE_T024_01,0,0.12555675208568573,0
ann,2,SR386_40X_HE_T039_01,0,0.2272433042526245,0
ann,2,SR386_40X_HE_T040_01,1,0.8105641603469849,1
ann,2,SR386_40X_HE_T042_01,0,0.28415659070014954,0
ann,2,SR386_40X_HE_T047_01,0,0.26008468866348267,0
ann,2,SR386_40X_HE_T051_01,0,0.21256473660469055,0
ann,2,SR386_40X_HE_T052_01,0,0.12342357635498047,0
ann,2,SR386_40X_HE_T056_01,0,0.3197517693042755,0
ann,2,SR386_40X_HE_T057_01,0,0.2843850255012512,0
ann,2,SR386_40X_HE_T070_01,0,0.3056565523147583,0
ann,2,SR386_40X_HE_T082_01,0,0.8738111257553101,1
ann,2,SR386_40X_HE_T084_01,0,0.8362762928009033,1
ann,2,SR386_40X_HE_T087_01,0,0.504418671131134,1
ann,2,SR386_40X_HE_T088_01,0,0.28344228863716125,0
ann,2,SR386_40X_HE_T098_01,0,0.29317402839660645,0
ann,2,SR386_40X_HE_T105_01,0,0.247332364320755,0
ann,2,SR386_40X_HE_T122_01,0,0.27107691764831543,0
ann,2,SR386_40X_HE_T123_01,0,0.35520631074905396,0
ann,2,SR386_40X_HE_T133_01,0,0.14434966444969177,0
ann,2,SR386_40X_HE_T145_01,0,0.31949812173843384,0
ann,2,SR386_40X_HE_T150_01,0,0.5020349025726318,1
ann,2,SR386_40X_HE_T152_01,0,0.20888282358646393,0
ann,2,SR386_40X_HE_T155_01,0,0.39882874488830566,0
ann,2,SR386_40X_HE_T157_01,0,0.22285015881061554,0
ann,2,SR386_40X_HE_T164_01,0,0.30939584970474243,0
ann,2,SR386_40X_HE_T166_01,0,0.1442096084356308,0
ann,2,SR386_40X_HE_T176_01,1,0.5384266972541809,1
ann,2,SR386_40X_HE_T177_01,0,0.23358221352100372,0
ann,2,SR386_40X_HE_T178_01,0,0.5925731658935547,1
ann,2,SR386_40X_HE_T187_01,0,0.37010714411735535,0
ann,2,SR386_40X_HE_T190_01,0,0.1260727047920227,0
ann,2,SR386_40X_HE_T192_01,0,0.15079723298549652,0
ann,2,SR386_40X_HE_T198_01,0,0.3083488345146179,0
ann,2,SR386_40X_HE_T200_01,0,0.3915572464466095,0
ann,2,SR386_40X_HE_T206_01,1,0.4069320857524872,0
ann,2,SR386_40X_HE_T211_01,0,0.41163939237594604,0
ann,2,SR386_40X_HE_T213_01,0,0.2122448980808258,0
ann,2,SR386_40X_HE_T214_01,0,0.3975796699523926,0
ann,2,SR386_40X_HE_T220_01,0,0.20203283429145813,0
ann,2,SR386_40X_HE_T230_01,1,0.4168056547641754,0
ann,2,SR386_40X_HE_T236_01,0,0.2725785970687866,0
ann,2,SR386_40X_HE_T237_01,0,0.28526535630226135,0
ann,2,SR386_40X_HE_T240_01,0,0.22896334528923035,0
ann,2,SR386_40X_HE_T241_01,0,0.3229880630970001,0
ann,2,SR386_40X_HE_T242_01,0,0.2919769585132599,0
ann,2,SR386_40X_HE_T253_01,0,0.31146788597106934,0
ann,2,SR386_40X_HE_T260_01,0,0.3606361448764801,0
ann,2,SR386_40X_HE_T262_01,0,0.3430648446083069,0
ann,2,SR386_40X_HE_T264_01,0,0.3044530153274536,0
ann,2,SR386_40X_HE_T271_01,0,0.20014280080795288,0
ann,2,SR386_40X_HE_T281_01,0,0.3889334499835968,0
ann,2,SR386_40X_HE_T297_01,0,0.26642051339149475,0
ann,2,SR386_40X_HE_T299_01,0,0.1670016348361969,0
ann,2,SR386_40X_HE_T301_01,0,0.13911472260951996,0
ann,2,SR386_40X_HE_T306_01,0,0.28792983293533325,0
ann,2,SR386_40X_HE_T309_01,0,0.22526919841766357,0
ann,2,SR386_40X_HE_T314_01,0,0.3487411141395569,0
ann,2,SR386_40X_HE_T316_01,0,0.6387777328491211,1
ann,2,SR386_40X_HE_T318_01,0,0.3252628445625305,0
ann,2,SR386_40X_HE_T321_01,0,0.32314640283584595,0
ann,2,SR386_40X_HE_T326_01,0,0.3453516364097595,0
ann,2,SR386_40X_HE_T327_01,0,0.2371111363172531,0
ann,2,SR386_40X_HE_T332_01,1,0.44997870922088623,0
ann,2,SR386_40X_HE_T355_01,0,0.1787850260734558,0
ann,2,SR386_40X_HE_T364_01,0,0.44426229596138,0
ann,2,SR386_40X_HE_T368_01,1,0.6131722927093506,1
ann,2,SR386_40X_HE_T374_01,0,0.1971365511417389,0
ann,2,SR386_40X_HE_T380_01,0,0.1913442313671112,0
ann,2,SR386_40X_HE_T382_01,0,0.3165167570114136,0
ann,2,SR386_40X_HE_T392_01,0,0.2480391561985016,0
ann,2,SR386_40X_HE_T398_01,0,0.3585497736930847,0
ann,2,SR386_40X_HE_T402_01,1,0.6817118525505066,1
ann,2,SR386_40X_HE_T404_01,0,0.3576688766479492,0
ann,2,SR386_40X_HE_T415_01,0,0.26788029074668884,0
ann,2,SR386_40X_HE_T417_01,0,0.1690862476825714,0
ann,2,SR386_40X_HE_T425_01,0,0.24693261086940765,0
ann,2,SR386_40X_HE_T436_01,1,0.22299335896968842,0
ann,2,SR386_40X_HE_T437_01,0,0.13440679013729095,0
ann,2,SR386_40X_HE_T440_01,0,0.4008811116218567,0
ann,2,SR386_40X_HE_T445_01,0,0.4215986132621765,0
ann,2,SR386_40X_HE_T450_01,0,0.20463566482067108,0
ann,2,SR386_40X_HE_T459_01,0,0.3140597641468048,0
ann,2,SR386_40X_HE_T472_01,0,0.25240468978881836,0
ann,2,SR386_40X_HE_T481_01,0,0.3394813537597656,0
ann,2,SR386_40X_HE_T483_01,0,0.43516552448272705,0
ann,2,SR386_40X_HE_T486_01,0,0.30183446407318115,0
ann,2,SR386_40X_HE_T488_01,0,0.33687248826026917,0
ann,2,SR386_40X_HE_T499_01,0,0.59928959608078,1
ann,2,SR386_40X_HE_T507_01,0,0.41325435042381287,0
ann,2,SR386_40X_HE_T514_01,0,0.19882814586162567,0
ann,2,SR386_40X_HE_T520_01,1,0.40202462673187256,0
ann,2,SR386_40X_HE_T522_01,0,0.4436725676059723,0
ann,2,SR386_40X_HE_T531_01,0,0.20479467511177063,0
ann,2,SR386_40X_HE_T535_01,0,0.2326062023639679,0
ann,2,SR386_40X_HE_T539_01,0,0.6035628318786621,1
ann,2,SR386_40X_HE_T549_01,0,0.24544402956962585,0
ann,2,SR386_40X_HE_T552_01,0,0.3208129405975342,0
ann,2,SR386_40X_HE_T553_01,0,0.27245455980300903,0
ann,2,SR386_40X_HE_T554_01,0,0.36991119384765625,0
ann,2,SR386_40X_HE_T558_01,0,0.28206056356430054,0
ann,2,SR386_40X_HE_T564_01,0,0.21619433164596558,0
ann,2,SR386_40X_HE_T570_01,0,0.23305034637451172,0
ann,2,SR386_40X_HE_T574_01,0,0.21631774306297302,0
ann,2,SR386_40X_HE_T578_01,0,0.14758732914924622,0
ann,2,SR386_40X_HE_T580_01,0,0.20284004509449005,0
ann,3,SR1482_40X_HE_T005_01,0,0.35775190591812134,0
ann,3,SR1482_40X_HE_T005_02,0,0.5019933581352234,1
ann,3,SR1482_40X_HE_T010_01,0,0.1372818946838379,0
ann,3,SR1482_40X_HE_T043_01,0,0.20884203910827637,0
ann,3,SR1482_40X_HE_T043_02,0,0.38177499175071716,0
ann,3,SR1482_40X_HE_T049_01,0,0.22423410415649414,0
ann,3,SR1482_40X_HE_T061_01,0,0.48826682567596436,0
ann,3,SR1482_40X_HE_T061_02,0,0.3366248607635498,0
ann,3,SR1482_40X_HE_T070_01,1,0.1411861628293991,0
ann,3,SR1482_40X_HE_T073_01,0,0.2759203612804413,0
ann,3,SR1482_40X_HE_T082_01,0,0.22732608020305634,0
ann,3,SR1482_40X_HE_T082_02,0,0.34772560000419617,0
ann,3,SR1482_40X_HE_T089_01,0,0.3821021318435669,0
ann,3,SR1482_40X_HE_T090_01,0,0.31598979234695435,0
ann,3,SR1482_40X_HE_T094_01,1,0.1871013194322586,0
ann,3,SR1482_40X_HE_T094_02,1,0.45068109035491943,0
ann,3,SR1482_40X_HE_T105_01,0,0.2612289488315582,0
ann,3,SR1482_40X_HE_T115_01,0,0.1675499826669693,0
ann,3,SR1482_40X_HE_T115_02,0,0.18773461878299713,0
ann,3,SR1482_40X_HE_T118_01,0,0.6506788730621338,1
ann,3,SR1482_40X_HE_T118_02,0,0.5482851266860962,1
ann,3,SR1482_40X_HE_T120_01,0,0.8177924752235413,1
ann,3,SR1482_40X_HE_T120_02,0,0.6848299503326416,1
ann,3,SR1482_40X_HE_T124_01,0,0.8052013516426086,1
ann,3,SR1482_40X_HE_T124_02,0,0.6343957185745239,1
ann,3,SR1482_40X_HE_T138_01,0,0.17010003328323364,0
ann,3,SR1482_40X_HE_T160_01,0,0.1284961998462677,0
ann,3,SR1482_40X_HE_T160_02,0,0.07620256394147873,0
ann,3,SR1482_40X_HE_T167_01,0,0.2207382321357727,0
ann,3,SR1482_40X_HE_T167_02,0,0.43303918838500977,0
ann,3,SR1482_40X_HE_T175_01,0,0.3748902976512909,0
ann,3,SR1482_40X_HE_T175_02,0,0.16783340275287628,0
ann,3,SR1482_40X_HE_T177_01,1,0.3313019573688507,0
ann,3,SR1482_40X_HE_T188_01,0,0.30412060022354126,0
ann,3,SR1482_40X_HE_T195_01,0,0.22363713383674622,0
ann,3,SR1482_40X_HE_T195_02,0,0.22038507461547852,0
ann,3,SR1482_40X_HE_T202_01,0,0.1249518096446991,0
ann,3,SR1482_40X_HE_T202_02,0,0.2165045142173767,0
ann,3,SR1482_40X_HE_T225_01,0,0.8360285758972168,1
ann,3,SR1482_40X_HE_T225_02,0,0.23877020180225372,0
ann,3,SR1482_40X_HE_T235_01,0,0.16653931140899658,0
ann,3,SR1482_40X_HE_T235_02,0,0.18435822427272797,0
ann,3,SR1482_40X_HE_T236_01,0,0.12147005647420883,0
ann,3,SR1482_40X_HE_T236_02,0,0.11985290795564651,0
ann,3,SR1482_40X_HE_T258_01,0,0.230148583650589,0
ann,3,SR1482_40X_HE_T258_02,0,0.23182928562164307,0
ann,3,SR1482_40X_HE_T284_01,1,0.7135921120643616,1
ann,3,SR1482_40X_HE_T284_02,1,0.8481723070144653,1
ann,3,SR1482_40X_HE_T301_01,1,0.37651515007019043,0
ann,3,SR1482_40X_HE_T301_02,1,0.779822826385498,1
ann,3,SR1482_40X_HE_T309_01,0,0.137606680393219,0
ann,3,SR1482_40X_HE_T313_01,0,0.6528666615486145,1
ann,3,SR1482_40X_HE_T313_02,0,0.8273525834083557,1
ann,3,SR1482_40X_HE_T338_01,0,0.790568470954895,1
ann,3,SR1482_40X_HE_T344_01,0,0.43554067611694336,0
ann,3,SR1482_40X_HE_T344_02,0,0.47732964158058167,0
ann,3,SR1482_40X_HE_T346_01,0,0.2911348342895508,0
ann,3,SR1482_40X_HE_T346_02,0,0.4519387185573578,0
ann,3,SR1482_40X_HE_T377_01,0,0.22287088632583618,0
ann,3,SR1482_40X_HE_T377_02,0,0.16073602437973022,0
ann,3,SR1482_40X_HE_T419_01,0,0.2592524290084839,0
ann,3,SR1482_40X_HE_T427_01,0,0.2728346884250641,0
ann,3,SR1482_40X_HE_T427_02,0,0.15348806977272034,0
ann,3,SR386_40X_HE_T007_01,0,0.288600355386734,0
ann,3,SR386_40X_HE_T015_01,0,0.41485053300857544,0
ann,3,SR386_40X_HE_T017_01,1,0.6908140182495117,1
ann,3,SR386_40X_HE_T032_01,0,0.19989246129989624,0
ann,3,SR386_40X_HE_T034_01,0,0.23165245354175568,0
ann,3,SR386_40X_HE_T035_01,0,0.2508508265018463,0
ann,3,SR386_40X_HE_T041_01,0,0.6095141768455505,1
ann,3,SR386_40X_HE_T067_01,0,0.21809861063957214,0
ann,3,SR386_40X_HE_T075_01,0,0.19267357885837555,0
ann,3,SR386_40X_HE_T081_01,0,0.1974310278892517,0
ann,3,SR386_40X_HE_T083_01,0,0.18163610994815826,0
ann,3,SR386_40X_HE_T085_01,0,0.21448540687561035,0
ann,3,SR386_40X_HE_T095_01,0,0.3445529043674469,0
ann,3,SR386_40X_HE_T104_01,0,0.32564589381217957,0
ann,3,SR386_40X_HE_T106_01,0,0.2478215992450714,0
ann,3,SR386_40X_HE_T112_01,0,0.349820077419281,0
ann,3,SR386_40X_HE_T128_01,0,0.22206030786037445,0
ann,3,SR386_40X_HE_T132_01,0,0.22444334626197815,0
ann,3,SR386_40X_HE_T138_01,0,0.24409635365009308,0
ann,3,SR386_40X_HE_T142_01,0,0.4013524651527405,0
ann,3,SR386_40X_HE_T149_01,0,0.33684614300727844,0
ann,3,SR386_40X_HE_T165_01,1,0.5437600612640381,1
ann,3,SR386_40X_HE_T179_01,0,0.6164639592170715,1
ann,3,SR386_40X_HE_T180_01,0,0.47437939047813416,0
ann,3,SR386_40X_HE_T182_01,0,0.42329034209251404,0
ann,3,SR386_40X_HE_T184_01,0,0.35694411396980286,0
ann,3,SR386_40X_HE_T188_01,0,0.177202045917511,0
ann,3,SR386_40X_HE_T191_01,0,0.4036177098751068,0
ann,3,SR386_40X_HE_T197_01,0,0.38195374608039856,0
ann,3,SR386_40X_HE_T201_01,0,0.20680807530879974,0
ann,3,SR386_40X_HE_T202_01,0,0.17048557102680206,0
ann,3,SR386_40X_HE_T208_01,0,0.23670150339603424,0
ann,3,SR386_40X_HE_T216_01,1,0.5438467860221863,1
ann,3,SR386_40X_HE_T238_01,0,0.17298007011413574,0
ann,3,SR386_40X_HE_T244_01,0,0.18772590160369873,0
ann,3,SR386_40X_HE_T248_01,0,0.1825820505619049,0
ann,3,SR386_40X_HE_T249_01,0,0.17095692455768585,0
ann,3,SR386_40X_HE_T250_01,0,0.2750776410102844,0
ann,3,SR386_40X_HE_T263_01,0,0.14425967633724213,0
ann,3,SR386_40X_HE_T267_01,0,0.10253813117742538,0
ann,3,SR386_40X_HE_T269_01,0,0.2604243755340576,0
ann,3,SR386_40X_HE_T277_01,0,0.2195654958486557,0
ann,3,SR386_40X_HE_T286_01,0,0.7643784880638123,1
ann,3,SR386_40X_HE_T287_01,0,0.36444568634033203,0
ann,3,SR386_40X_HE_T290_01,0,0.2314828485250473,0
ann,3,SR386_40X_HE_T293_01,0,0.3169078230857849,0
ann,3,SR386_40X_HE_T298_01,0,0.19925618171691895,0
ann,3,SR386_40X_HE_T303_01,0,0.13805310428142548,0
ann,3,SR386_40X_HE_T312_01,0,0.3403069078922272,0
ann,3,SR386_40X_HE_T329_01,0,0.48466068506240845,0
ann,3,SR386_40X_HE_T336_01,0,0.34976863861083984,0
ann,3,SR386_40X_HE_T338_01,0,0.1943526417016983,0
ann,3,SR386_40X_HE_T342_01,0,0.343009889125824,0
ann,3,SR386_40X_HE_T353_01,0,0.5028604865074158,1
ann,3,SR386_40X_HE_T357_01,0,0.22312012314796448,0
ann,3,SR386_40X_HE_T362_01,0,0.2001972645521164,0
ann,3,SR386_40X_HE_T363_01,1,0.7028870582580566,1
ann,3,SR386_40X_HE_T372_01,0,0.39711904525756836,0
ann,3,SR386_40X_HE_T378_01,0,0.166899636387825,0
ann,3,SR386_40X_HE_T379_01,0,0.2528226375579834,0
ann,3,SR386_40X_HE_T386_01,0,0.3565753996372223,0
ann,3,SR386_40X_HE_T387_01,0,0.2381877899169922,0
ann,3,SR386_40X_HE_T393_01,0,0.4742951989173889,0
ann,3,SR386_40X_HE_T397_01,0,0.6095454096794128,1
ann,3,SR386_40X_HE_T406_01,0,0.3835804760456085,0
ann,3,SR386_40X_HE_T409_01,0,0.2150026261806488,0
ann,3,SR386_40X_HE_T422_01,0,0.2204577922821045,0
ann,3,SR386_40X_HE_T426_01,0,0.20618627965450287,0
ann,3,SR386_40X_HE_T433_01,0,0.3177047669887543,0
ann,3,SR386_40X_HE_T443_01,0,0.4750082790851593,0
ann,3,SR386_40X_HE_T448_01,0,0.38105979561805725,0
ann,3,SR386_40X_HE_T452_01,0,0.4549793601036072,0
ann,3,SR386_40X_HE_T460_01,1,0.3114791214466095,0
ann,3,SR386_40X_HE_T473_01,0,0.23926018178462982,0
ann,3,SR386_40X_HE_T475_01,0,0.25150683522224426,0
ann,3,SR386_40X_HE_T478_01,0,0.22457477450370789,0
ann,3,SR386_40X_HE_T489_01,1,0.1835309863090515,0
ann,3,SR386_40X_HE_T491_01,0,0.4146876037120819,0
ann,3,SR386_40X_HE_T492_01,0,0.29510772228240967,0
ann,3,SR386_40X_HE_T493_01,0,0.2923678457736969,0
ann,3,SR386_40X_HE_T502_01,0,0.2546839416027069,0
ann,3,SR386_40X_HE_T505_01,0,0.2562103569507599,0
ann,3,SR386_40X_HE_T506_01,0,0.2723487913608551,0
ann,3,SR386_40X_HE_T509_01,0,0.2596127390861511,0
ann,3,SR386_40X_HE_T516_01,0,0.5078191161155701,1
ann,3,SR386_40X_HE_T518_01,0,0.20046372711658478,0
ann,3,SR386_40X_HE_T519_01,0,0.18560579419136047,0
ann,3,SR386_40X_HE_T521_01,0,0.1400539129972458,0
ann,3,SR386_40X_HE_T526_01,0,0.3066679537296295,0
ann,3,SR386_40X_HE_T533_01,0,0.2053903341293335,0
ann,3,SR386_40X_HE_T543_01,0,0.28362688422203064,0
ann,3,SR386_40X_HE_T544_01,0,0.20208434760570526,0
ann,3,SR386_40X_HE_T556_01,1,0.4595469534397125,0
ann,3,SR386_40X_HE_T560_01,0,0.35132554173469543,0
ann,3,SR386_40X_HE_T563_01,0,0.1744302660226822,0
ann,3,SR386_40X_HE_T568_01,0,0.3372419774532318,0
ann,3,SR386_40X_HE_T571_01,0,0.20094718039035797,0
ann,3,SR386_40X_HE_T572_01,0,0.5621954798698425,1
ann,3,SR386_40X_HE_T573_01,0,0.5680696368217468,1
ann,3,SR386_40X_HE_T583_01,0,0.3317021429538727,0
ann,4,SR1482_40X_HE_T002_01,0,0.4214254319667816,0
ann,4,SR1482_40X_HE_T003_01,0,0.38087648153305054,0
ann,4,SR1482_40X_HE_T004_01,0,0.41581788659095764,0
ann,4,SR1482_40X_HE_T004_02,0,0.49752846360206604,0
ann,4,SR1482_40X_HE_T011_01,0,0.35412752628326416,0
ann,4,SR1482_40X_HE_T025_01,0,0.30287206172943115,0
ann,4,SR1482_40X_HE_T025_02,0,0.18815618753433228,0
ann,4,SR1482_40X_HE_T060_01,0,0.3165466785430908,0
ann,4,SR1482_40X_HE_T062_01,0,0.5052040815353394,1
ann,4,SR1482_40X_HE_T062_02,0,0.6855318546295166,1
ann,4,SR1482_40X_HE_T064_01,0,0.5257546305656433,1
ann,4,SR1482_40X_HE_T064_02,0,0.36527928709983826,0
ann,4,SR1482_40X_HE_T071_01,0,0.4119432270526886,0
ann,4,SR1482_40X_HE_T071_02,0,0.34545838832855225,0
ann,4,SR1482_40X_HE_T074_01,0,0.41477757692337036,0
ann,4,SR1482_40X_HE_T074_02,0,0.324750155210495,0
ann,4,SR1482_40X_HE_T083_01,0,0.4948228895664215,0
ann,4,SR1482_40X_HE_T083_02,0,0.5851247310638428,1
ann,4,SR1482_40X_HE_T087_01,0,0.4687351882457733,0
ann,4,SR1482_40X_HE_T097_01,1,0.5527055859565735,1
ann,4,SR1482_40X_HE_T097_02,1,0.5587676763534546,1
ann,4,SR1482_40X_HE_T108_01,0,0.4389059543609619,0
ann,4,SR1482_40X_HE_T113_01,0,0.39197084307670593,0
ann,4,SR1482_40X_HE_T113_02,0,0.4341464936733246,0
ann,4,SR1482_40X_HE_T121_01,0,0.34759512543678284,0
ann,4,SR1482_40X_HE_T122_01,0,0.23828724026679993,0
ann,4,SR1482_40X_HE_T125_01,0,0.2889239192008972,0
ann,4,SR1482_40X_HE_T125_02,0,0.3875918984413147,0
ann,4,SR1482_40X_HE_T131_01,0,0.6282402276992798,1
ann,4,SR1482_40X_HE_T131_02,0,0.6223264336585999,1
ann,4,SR1482_40X_HE_T132_01,0,0.47469422221183777,0
ann,4,SR1482_40X_HE_T132_02,0,0.5099665522575378,1
ann,4,SR1482_40X_HE_T143_01,0,0.6119177341461182,1
ann,4,SR1482_40X_HE_T143_02,0,0.7297878265380859,1
ann,4,SR1482_40X_HE_T166_01,1,0.2817663550376892,0
ann,4,SR1482_40X_HE_T169_01,0,0.49388083815574646,0
ann,4,SR1482_40X_HE_T176_01,1,0.71297687292099,1
ann,4,SR1482_40X_HE_T176_02,1,0.5218639969825745,1
ann,4,SR1482_40X_HE_T191_01,0,0.2820640802383423,0
ann,4,SR1482_40X_HE_T194_01,0,0.6032863855361938,1
ann,4,SR1482_40X_HE_T218_01,0,0.32544150948524475,0
ann,4,SR1482_40X_HE_T253_01,0,0.32362425327301025,0
ann,4,SR1482_40X_HE_T290_01,0,0.4127407670021057,0
ann,4,SR1482_40X_HE_T308_01,0,0.46604323387145996,0
ann,4,SR1482_40X_HE_T314_01,0,0.74977707862854,1
ann,4,SR1482_40X_HE_T314_02,0,0.7413278818130493,1
ann,4,SR1482_40X_HE_T372_01,1,0.44642165303230286,0
ann,4,SR1482_40X_HE_T372_02,1,0.33372223377227783,0
ann,4,SR1482_40X_HE_T408_01,0,0.6082311868667603,1
ann,4,SR1482_40X_HE_T412_01,0,0.43420079350471497,0
ann,4,SR1482_40X_HE_T425_01,0,0.3922675848007202,0
ann,4,SR1482_40X_HE_T434_01,1,0.6514179110527039,1
ann,4,SR386_40X_HE_T006_01,0,0.3215350806713104,0
ann,4,SR386_40X_HE_T010_01,0,0.320688396692276,0
ann,4,SR386_40X_HE_T014_01,0,0.2997100055217743,0
ann,4,SR386_40X_HE_T016_01,0,0.3033711314201355,0
ann,4,SR386_40X_HE_T020_01,0,0.20243564248085022,0
ann,4,SR386_40X_HE_T027_01,0,0.44213956594467163,0
ann,4,SR386_40X_HE_T028_01,0,0.7036128640174866,1
ann,4,SR386_40X_HE_T037_01,0,0.28104424476623535,0
ann,4,SR386_40X_HE_T043_01,0,0.440871924161911,0
ann,4,SR386_40X_HE_T044_01,1,0.4616488814353943,0
ann,4,SR386_40X_HE_T046_01,0,0.351409912109375,0
ann,4,SR386_40X_HE_T058_01,0,0.3430432975292206,0
ann,4,SR386_40X_HE_T062_01,0,0.36825031042099,0
ann,4,SR386_40X_HE_T065_01,1,0.38645899295806885,0
ann,4,SR386_40X_HE_T080_01,0,0.34387677907943726,0
ann,4,SR386_40X_HE_T091_01,0,0.48659977316856384,0
ann,4,SR386_40X_HE_T094_01,0,0.16499297320842743,0
ann,4,SR386_40X_HE_T097_01,0,0.23137199878692627,0
ann,4,SR386_40X_HE_T100_01,0,0.6239750385284424,1
ann,4,SR386_40X_HE_T107_01,0,0.3639415502548218,0
ann,4,SR386_40X_HE_T109_01,1,0.40758347511291504,0
ann,4,SR386_40X_HE_T110_01,0,0.292995423078537,0
ann,4,SR386_40X_HE_T117_01,0,0.4164879620075226,0
ann,4,SR386_40X_HE_T127_01,0,0.2029794603586197,0
ann,4,SR386_40X_HE_T129_01,0,0.25869765877723694,0
ann,4,SR386_40X_HE_T136_01,0,0.44418907165527344,0
ann,4,SR386_40X_HE_T154_01,0,0.2944660484790802,0
ann,4,SR386_40X_HE_T168_01,1,0.574878990650177,1
ann,4,SR386_40X_HE_T175_01,0,0.2778675854206085,0
ann,4,SR386_40X_HE_T189_01,0,0.24923700094223022,0
ann,4,SR386_40X_HE_T195_01,0,0.32859909534454346,0
ann,4,SR386_40X_HE_T227_01,0,0.1621301770210266,0
ann,4,SR386_40X_HE_T233_01,0,0.38177284598350525,0
ann,4,SR386_40X_HE_T234_01,0,0.3533889055252075,0
ann,4,SR386_40X_HE_T235_01,0,0.3249368369579315,0
ann,4,SR386_40X_HE_T239_01,0,0.33469927310943604,0
ann,4,SR386_40X_HE_T245_01,0,0.34751200675964355,0
ann,4,SR386_40X_HE_T256_01,0,0.2542344033718109,0
ann,4,SR386_40X_HE_T265_01,0,0.4429071843624115,0
ann,4,SR386_40X_HE_T268_01,0,0.25655871629714966,0
ann,4,SR386_40X_HE_T270_01,0,0.3249906301498413,0
ann,4,SR386_40X_HE_T272_01,0,0.4616161286830902,0
ann,4,SR386_40X_HE_T273_01,0,0.32678404450416565,0
ann,4,SR386_40X_HE_T276_01,0,0.4589715898036957,0
ann,4,SR386_40X_HE_T278_01,1,0.47363942861557007,0
ann,4,SR386_40X_HE_T284_01,0,0.18582259118556976,0
ann,4,SR386_40X_HE_T285_01,0,0.25008726119995117,0
ann,4,SR386_40X_HE_T288_01,0,0.22847631573677063,0
ann,4,SR386_40X_HE_T291_01,0,0.4061039984226227,0
ann,4,SR386_40X_HE_T300_01,0,0.23167593777179718,0
ann,4,SR386_40X_HE_T302_01,0,0.3425467908382416,0
ann,4,SR386_40X_HE_T305_01,0,0.20908862352371216,0
ann,4,SR386_40X_HE_T308_01,0,0.355083167552948,0
ann,4,SR386_40X_HE_T325_01,0,0.190484419465065,0
ann,4,SR386_40X_HE_T331_01,0,0.34023675322532654,0
ann,4,SR386_40X_HE_T341_01,0,0.5239728689193726,1
ann,4,SR386_40X_HE_T343_01,1,0.47952425479888916,0
ann,4,SR386_40X_HE_T346_01,0,0.3868677020072937,0
ann,4,SR386_40X_HE_T352_01,0,0.2788539528846741,0
ann,4,SR386_40X_HE_T373_01,0,0.3669948875904083,0
ann,4,SR386_40X_HE_T375_01,0,0.3475799262523651,0
ann,4,SR386_40X_HE_T381_01,0,0.2563609182834625,0
ann,4,SR386_40X_HE_T389_01,0,0.35399094223976135,0
ann,4,SR386_40X_HE_T391_01,0,0.32499316334724426,0
ann,4,SR386_40X_HE_T394_01,0,0.26581844687461853,0
ann,4,SR386_40X_HE_T399_01,0,0.24583865702152252,0
ann,4,SR386_40X_HE_T403_01,0,0.13761760294437408,0
ann,4,SR386_40X_HE_T405_01,0,0.45372846722602844,0
ann,4,SR386_40X_HE_T407_01,0,0.1958509087562561,0
ann,4,SR386_40X_HE_T414_01,0,0.30155307054519653,0
ann,4,SR386_40X_HE_T424_01,0,0.3175800144672394,0
ann,4,SR386_40X_HE_T429_01,0,0.31581950187683105,0
ann,4,SR386_40X_HE_T441_01,0,0.5777058601379395,1
ann,4,SR386_40X_HE_T451_01,0,0.31957778334617615,0
ann,4,SR386_40X_HE_T453_01,0,0.27819353342056274,0
ann,4,SR386_40X_HE_T455_01,0,0.23875825107097626,0
ann,4,SR386_40X_HE_T465_01,0,0.24087108671665192,0
ann,4,SR386_40X_HE_T474_01,0,0.4014163315296173,0
ann,4,SR386_40X_HE_T476_01,0,0.45060214400291443,0
ann,4,SR386_40X_HE_T479_01,0,0.328098863363266,0
ann,4,SR386_40X_HE_T482_01,0,0.4262341856956482,0
ann,4,SR386_40X_HE_T487_01,0,0.2605592608451843,0
ann,4,SR386_40X_HE_T490_01,0,0.2483445554971695,0
ann,4,SR386_40X_HE_T494_01,0,0.33901679515838623,0
ann,4,SR386_40X_HE_T500_01,0,0.23855401575565338,0
ann,4,SR386_40X_HE_T510_01,0,0.5854611396789551,1
ann,4,SR386_40X_HE_T524_01,0,0.6177269220352173,1
ann,4,SR386_40X_HE_T528_01,0,0.35068973898887634,0
ann,4,SR386_40X_HE_T532_01,0,0.14810656011104584,0
ann,4,SR386_40X_HE_T534_01,0,0.4242428243160248,0
ann,4,SR386_40X_HE_T536_01,0,0.20697759091854095,0
ann,4,SR386_40X_HE_T537_01,0,0.2775028944015503,0
ann,4,SR386_40X_HE_T541_01,0,0.1995059698820114,0
ann,4,SR386_40X_HE_T548_01,1,0.28486210107803345,0
ann,4,SR386_40X_HE_T550_01,0,0.46880677342414856,0
ann,4,SR386_40X_HE_T551_01,0,0.19901984930038452,0
ann,4,SR386_40X_HE_T557_01,0,0.14932671189308167,0
ann,4,SR386_40X_HE_T565_01,0,0.20834779739379883,0
ann,4,SR386_40X_HE_T567_01,0,0.19909682869911194,0
ann,4,SR386_40X_HE_T575_01,0,0.4111723303794861,0
ann,4,SR386_40X_HE_T576_01,0,0.4230085015296936,0
ann,4,SR386_40X_HE_T581_01,0,0.4498664438724518,0
knn,1,SR1482_40X_HE_T029_01,0,0.0,0
knn,1,SR1482_40X_HE_T029_02,0,0.3333333333333333,0
knn,1,SR1482_40X_HE_T057_01,0,0.0,0
knn,1,SR1482_40X_HE_T063_01,1,0.3333333333333333,0
knn,1,SR1482_40X_HE_T063_02,1,0.0,0
knn,1,SR1482_40X_HE_T065_01,0,0.0,0
knn,1,SR1482_40X_HE_T065_02,0,0.0,0
knn,1,SR1482_40X_HE_T066_01,0,0.3333333333333333,0
knn,1,SR1482_40X_HE_T066_02,0,0.0,0
knn,1,SR1482_40X_HE_T068_01,0,0.0,0
knn,1,SR1482_40X_HE_T069_01,0,0.0,0
knn,1,SR1482_40X_HE_T069_02,0,0.0,0
knn,1,SR1482_40X_HE_T079_01,1,0.3333333333333333,0
knn,1,SR1482_40X_HE_T079_02,1,0.0,0
knn,1,SR1482_40X_HE_T080_01,0,0.0,0
knn,1,SR1482_40X_HE_T080_02,0,0.0,0
knn,1,SR1482_40X_HE_T081_01,0,0.0,0
knn,1,SR1482_40X_HE_T081_02,0,0.0,0
knn,1,SR1482_40X_HE_T099_01,0,0.0,0
knn,1,SR1482_40X_HE_T116_01,0,0.0,0
knn,1,SR1482_40X_HE_T117_01,0,0.3333333333333333,0
knn,1,SR1482_40X_HE_T117_02,0,0.3333333333333333,0
knn,1,SR1482_40X_HE_T126_01,0,0.0,0
knn,1,SR1482_40X_HE_T129_01,0,0.0,0
knn,1,SR1482_40X_HE_T129_02,0,0.3333333333333333,0
knn,1,SR1482_40X_HE_T139_01,0,0.0,0
knn,1,SR1482_40X_HE_T139_02,0,0.0,0
knn,1,SR1482_40X_HE_T147_01,0,0.6666666666666666,1
knn,1,SR1482_40X_HE_T147_02,0,0.3333333333333333,0
knn,1,SR1482_40X_HE_T159_01,0,0.3333333333333333,0
knn,1,SR1482_40X_HE_T159_02,0,0.0,0
knn,1,SR1482_40X_HE_T192_01,0,0.3333333333333333,0
knn,1,SR1482_40X_HE_T199_01,0,0.0,0
knn,1,SR1482_40X_HE_T304_01,0,0.0,0
knn,1,SR1482_40X_HE_T304_02,0,0.0,0
knn,1,SR1482_40X_HE_T310_01,1,0.0,0
knn,1,SR1482_40X_HE_T310_02,1,0.3333333333333333,0
knn,1,SR1482_40X_HE_T341_01,0,0.0,0
knn,1,SR1482_40X_HE_T341_02,0,0.0,0
knn,1,SR1482_40X_HE_T353_01,0,0.0,0
knn,1,SR1482_40X_HE_T390_01,0,0.0,0
knn,1,SR1482_40X_HE_T433_01,1,0.0,0
knn,1,SR386_40X_HE_T003_01,0,0.0,0
knn,1,SR386_40X_HE_T004_01,0,0.3333333333333333,0
knn,1,SR386_40X_HE_T022_01,1,0.3333333333333333,0
knn,1,SR386_40X_HE_T030_01,0,0.3333333333333333,0
knn,1,SR386_40X_HE_T033_01,0,0.0,0
knn,1,SR386_40X_HE_T036_01,0,0.0,0
knn,1,SR386_40X_HE_T038_01,0,0.0,0
knn,1,SR386_40X_HE_T049_01,0,0.0,0
knn,1,SR386_40X_HE_T050_01,0,0.6666666666666666,1
knn,1,SR386_40X_HE_T060_01,0,0.3333333333333333,0
knn,1,SR386_40X_HE_T063_01,0,0.3333333333333333,0
knn,1,SR386_40X_HE_T066_01,0,0.0,0
knn,1,SR386_40X_HE_T069_01,0,0.0,0
knn,1,SR386_40X_HE_T072_01,0,0.0,0
knn,1,SR386_40X_HE_T074_01,0,0.0,0
knn,1,SR386_40X_HE_T078_01,0,0.0,0
knn,1,SR386_40X_HE_T079_01,0,0.0,0
knn,1,SR386_40X_HE_T092_01,1,0.0,0
knn,1,SR386_40X_HE_T096_01,0,0.0,0
knn,1,SR386_40X_HE_T099_01,0,0.0,0
knn,1,SR386_40X_HE_T103_01,0,0.0,0
knn,1,SR386_40X_HE_T108_01,0,0.0,0
knn,1,SR386_40X_HE_T113_01,0,0.0,0
knn,1,SR386_40X_HE_T114_01,0,0.0,0
knn,1,SR386_40X_HE_T119_01,0,0.0,0
knn,1,SR386_40X_HE_T126_01,0,0.0,0
knn,1,SR386_40X_HE_T130_01,0,0.0,0
knn,1,SR386_40X_HE_T131_01,0,0.0,0
knn,1,SR386_40X_HE_T135_01,0,0.0,0
knn,1,SR386_40X_HE_T140_01,0,0.0,0
knn,1,SR386_40X_HE_T144_01,0,0.0,0
knn,1,SR386_40X_HE_T147_01,0,0.0,0
knn,1,SR386_40X_HE_T148_01,0,0.3333333333333333,0
knn,1,SR386_40X_HE_T160_01,0,0.0,0
knn,1,SR386_40X_HE_T169_01,0,0.3333333333333333,0
knn,1,SR386_40X_HE_T170_01,1,0.0,0
knn,1,SR386_40X_HE_T172_01,0,0.0,0
knn,1,SR386_40X_HE_T174_01,0,0.0,0
knn,1,SR386_40X_HE_T181_01,0,0.0,0
knn,1,SR386_40X_HE_T196_01,0,0.0,0
knn,1,SR386_40X_HE_T205_01,0,0.0,0
knn,1,SR386_40X_HE_T209_01,0,0.0,0
knn,1,SR386_40X_HE_T210_01,0,0.3333333333333333,0
knn,1,SR386_40X_HE_T212_01,0,0.0,0
knn,1,SR386_40X_HE_T221_01,0,0.0,0
knn,1,SR386_40X_HE_T224_01,0,0.0,0
knn,1,SR386_40X_HE_T231_01,1,0.0,0
knn,1,SR386_40X_HE_T232_01,0,0.0,0
knn,1,SR386_40X_HE_T247_01,0,0.0,0
knn,1,SR386_40X_HE_T252_01,0,0.0,0
knn,1,SR386_40X_HE_T255_01,0,0.0,0
knn,1,SR386_40X_HE_T259_01,1,0.0,0
knn,1,SR386_40X_HE_T274_01,0,0.0,0
knn,1,SR386_40X_HE_T275_01,0,0.0,0
knn,1,SR386_40X_HE_T282_01,0,0.0,0
knn,1,SR386_40X_HE_T294_01,0,0.3333333333333333,0
knn,1,SR386_40X_HE_T311_01,0,0.0,0
knn,1,SR386_40X_HE_T315_01,0,0.0,0
knn,1,SR386_40X_HE_T319_01,1,0.0,0
knn,1,SR386_40X_HE_T324_01,1,0.0,0
knn,1,SR386_40X_HE_T330_01,0,0.0,0
knn,1,SR386_40X_HE_T333_01,0,0.0,0
knn,1,SR386_40X_HE_T335_01,0,0.0,0
knn,1,SR386_40X_HE_T337_01,0,0.0,0
knn,1,SR386_40X_HE_T344_01,0,0.0,0
knn,1,SR386_40X_HE_T347_01,0,0.0,0
knn,1,SR386_40X_HE_T350_01,0,0.0,0
knn,1,SR386_40X_HE_T351_01,0,0.0,0
knn,1,SR386_40X_HE_T360_01,0,0.0,0
knn,1,SR386_40X_HE_T361_01,0,0.3333333333333333,0
knn,1,SR386_40X_HE_T366_01,0,0.0,0
knn,1,SR386_40X_HE_T377_01,1,0.0,0
knn,1,SR386_40X_HE_T384_01,0,0.0,0
knn,1,SR386_40X_HE_T395_01,0,0.0,0
knn,1,SR386_40X_HE_T396_01,0,0.0,0
knn,1,SR386_40X_HE_T401_01,0,0.0,0
knn,1,SR386_40X_HE_T408_01,0,0.0,0
knn,1,SR386_40X_HE_T410_01,0,0.0,0
knn,1,SR386_40X_HE_T413_01,0,0.0,0
knn,1,SR386_40X_HE_T416_01,0,0.0,0
knn,1,SR386_40X_HE_T418_01,0,0.0,0
knn,1,SR386_40X_HE_T419_01,0,0.0,0
knn,1,SR386_40X_HE_T421_01,0,0.0,0
knn,1,SR386_40X_HE_T423_01,0,0.3333333333333333,0
knn,1,SR386_40X_HE_T428_01,0,0.0,0
knn,1,SR386_40X_HE_T430_01,0,0.0,0
knn,1,SR386_40X_HE_T431_01,0,0.0,0
knn,1,SR386_40X_HE_T435_01,0,0.0,0
knn,1,SR386_40X_HE_T438_01,0,0.0,0
knn,1,SR386_40X_HE_T439_01,0,0.3333333333333333,0
knn,1,SR386_40X_HE_T447_01,0,0.0,0
knn,1,SR386_40X_HE_T449_01,0,0.0,0
knn,1,SR386_40X_HE_T454_01,0,0.0,0
knn,1,SR386_40X_HE_T456_01,0,0.0,0
knn,1,SR386_40X_HE_T461_01,0,0.0,0
knn,1,SR386_40X_HE_T462_01,0,0.0,0
knn,1,SR386_40X_HE_T468_01,0,0.0,0
knn,1,SR386_40X_HE_T469_01,1,0.0,0
knn,1,SR386_40X_HE_T470_01,0,0.0,0
knn,1,SR386_40X_HE_T471_01,0,0.0,0
knn,1,SR386_40X_HE_T477_01,0,0.0,0
knn,1,SR386_40X_HE_T480_01,0,0.0,0
knn,1,SR386_40X_HE_T484_01,0,0.0,0
knn,1,SR386_40X_HE_T495_01,0,0.0,0
knn,1,SR386_40X_HE_T496_01,0,0.0,0
knn,1,SR386_40X_HE_T498_01,0,0.0,0
knn,1,SR386_40X_HE_T504_01,0,0.0,0
knn,1,SR386_40X_HE_T511_01,0,0.0,0
knn,1,SR386_40X_HE_T517_01,0,0.0,0
knn,1,SR386_40X_HE_T523_01,0,0.0,0
knn,1,SR386_40X_HE_T529_01,0,0.0,0
knn,1,SR386_40X_HE_T542_01,0,0.0,0
knn,1,SR386_40X_HE_T569_01,0,0.0,0
knn,1,SR386_40X_HE_T582_01,0,0.0,0
knn,2,SR1482_40X_HE_T009_01,0,0.0,0
knn,2,SR1482_40X_HE_T009_02,0,0.0,0
knn,2,SR1482_40X_HE_T015_01,0,0.0,0
knn,2,SR1482_40X_HE_T021_01,0,0.0,0
knn,2,SR1482_40X_HE_T067_01,0,0.1469404510841682,0
knn,2,SR1482_40X_HE_T075_01,0,0.0,0
knn,2,SR1482_40X_HE_T075_02,0,0.0,0
knn,2,SR1482_40X_HE_T098_01,0,0.2160960435997572,0
knn,2,SR1482_40X_HE_T098_02,0,0.0,0
knn,2,SR1482_40X_HE_T102_01,0,0.0,0
knn,2,SR1482_40X_HE_T123_01,0,0.0,0
knn,2,SR1482_40X_HE_T142_01,0,0.0,0
knn,2,SR1482_40X_HE_T146_01,0,0.3834460321610652,0
knn,2,SR1482_40X_HE_T148_01,0,0.3797127512284413,0
knn,2,SR1482_40X_HE_T148_02,0,0.1880352134587251,0
knn,2,SR1482_40X_HE_T154_01,0,0.0,0
knn,2,SR1482_40X_HE_T158_01,0,0.0,0
knn,2,SR1482_40X_HE_T161_01,0,0.198773222755484,0
knn,2,SR1482_40X_HE_T161_02,0,0.0,0
knn,2,SR1482_40X_HE_T164_01,1,0.0,0
knn,2,SR1482_40X_HE_T164_02,1,0.17608729360536138,0
knn,2,SR1482_40X_HE_T168_01,0,0.0,0
knn,2,SR1482_40X_HE_T171_01,0,0.0,0
knn,2,SR1482_40X_HE_T171_02,0,0.0,0
knn,2,SR1482_40X_HE_T178_01,1,0.0,0
knn,2,SR1482_40X_HE_T186_01,0,0.18477252368759578,0
knn,2,SR1482_40X_HE_T193_01,0,0.39815854191605754,0
knn,2,SR1482_40X_HE_T193_02,0,0.2035253984917974,0
knn,2,SR1482_40X_HE_T209_01,0,0.0,0
knn,2,SR1482_40X_HE_T209_02,0,0.0,0
knn,2,SR1482_40X_HE_T245_01,0,0.0,0
knn,2,SR1482_40X_HE_T245_02,0,0.0,0
knn,2,SR1482_40X_HE_T265_01,0,0.0,0
knn,2,SR1482_40X_HE_T302_01,0,0.0,0
knn,2,SR1482_40X_HE_T343_01,1,0.18221890260565304,0
knn,2,SR1482_40X_HE_T343_02,1,0.18940921389512855,0
knn,2,SR1482_40X_HE_T399_01,0,0.2232543431814589,0
knn,2,SR1482_40X_HE_T399_02,0,0.0,0
knn,2,SR1482_40X_HE_T426_01,0,0.0,0
knn,2,SR1482_40X_HE_T426_02,0,0.0,0
knn,2,SR386_40X_HE_T001_01,0,0.1942770940393533,0
knn,2,SR386_40X_HE_T013_01,0,0.2130066658874846,0
knn,2,SR386_40X_HE_T018_01,0,0.0,0
knn,2,SR386_40X_HE_T019_01,0,0.0,0
knn,2,SR386_40X_HE_T024_01,0,0.0,0
knn,2,SR386_40X_HE_T039_01,0,0.0,0
knn,2,SR386_40X_HE_T040_01,1,0.42399091481407336,0
knn,2,SR386_40X_HE_T042_01,0,0.20488034662872748,0
knn,2,SR386_40X_HE_T047_01,0,0.0,0
knn,2,SR386_40X_HE_T051_01,0,0.0,0
knn,2,SR386_40X_HE_T052_01,0,0.0,0
knn,2,SR386_40X_HE_T056_01,0,0.0,0
knn,2,SR386_40X_HE_T057_01,0,0.0,0
knn,2,SR386_40X_HE_T070_01,0,0.0,0
knn,2,SR386_40X_HE_T082_01,0,0.38250222642904963,0
knn,2,SR386_40X_HE_T084_01,0,0.0,0
knn,2,SR386_40X_HE_T087_01,0,0.0,0
knn,2,SR386_40X_HE_T088_01,0,0.0,0
knn,2,SR386_40X_HE_T098_01,0,0.0,0
knn,2,SR386_40X_HE_T105_01,0,0.0,0
knn,2,SR386_40X_HE_T122_01,0,0.0,0
knn,2,SR386_40X_HE_T123_01,0,0.0,0
knn,2,SR386_40X_HE_T133_01,0,0.0,0
knn,2,SR386_40X_HE_T145_01,0,0.0,0
knn,2,SR386_40X_HE_T150_01,0,0.24795777535393207,0
knn,2,SR386_40X_HE_T152_01,0,0.0,0
knn,2,SR386_40X_HE_T155_01,0,0.19526732928013193,0
knn,2,SR386_40X_HE_T157_01,0,0.0,0
knn,2,SR386_40X_HE_T164_01,0,0.0,0
knn,2,SR386_40X_HE_T166_01,0,0.0,0
knn,2,SR386_40X_HE_T176_01,1,0.2375981319320737,0
knn,2,SR386_40X_HE_T177_01,0,0.0,0
knn,2,SR386_40X_HE_T178_01,0,0.0,0
knn,2,SR386_40X_HE_T187_01,0,0.0,0
knn,2,SR386_40X_HE_T190_01,0,0.0,0
knn,2,SR386_40X_HE_T192_01,0,0.0,0
knn,2,SR386_40X_HE_T198_01,0,0.0,0
knn,2,SR386_40X_HE_T200_01,0,0.0,0
knn,2,SR386_40X_HE_T206_01,1,0.0,0
knn,2,SR386_40X_HE_T211_01,0,0.0,0
knn,2,SR386_40X_HE_T213_01,0,0.20424377929568094,0
knn,2,SR386_40X_HE_T214_01,0,0.19536411239939006,0
knn,2,SR386_40X_HE_T220_01,0,0.0,0
knn,2,SR386_40X_HE_T230_01,1,0.2113348972977876,0
knn,2,SR386_40X_HE_T236_01,0,0.0,0
knn,2,SR386_40X_HE_T237_01,0,0.0,0
knn,2,SR386_40X_HE_T240_01,0,0.0,0
knn,2,SR386_40X_HE_T241_01,0,0.1927355485972814,0
knn,2,SR386_40X_HE_T242_01,0,0.0,0
knn,2,SR386_40X_HE_T253_01,0,0.0,0
knn,2,SR386_40X_HE_T260_01,0,0.0,0
knn,2,SR386_40X_HE_T262_01,0,0.0,0
knn,2,SR386_40X_HE_T264_01,0,0.1909697474600505,0
knn,2,SR386_40X_HE_T271_01,0,0.19848576027841314,0
knn,2,SR386_40X_HE_T281_01,0,0.2303787318682655,0
knn,2,SR386_40X_HE_T297_01,0,0.0,0
knn,2,SR386_40X_HE_T299_01,0,0.0,0
knn,2,SR386_40X_HE_T301_01,0,0.0,0
knn,2,SR386_40X_HE_T306_01,0,0.0,0
knn,2,SR386_40X_HE_T309_01,0,0.1938491572277266,0
knn,2,SR386_40X_HE_T314_01,0,0.19844964087867809,0
knn,2,SR386_40X_HE_T316_01,0,0.19393875015847195,0
knn,2,SR386_40X_HE_T318_01,0,0.0,0
knn,2,SR386_40X_HE_T321_01,0,0.0,0
knn,2,SR386_40X_HE_T326_01,0,0.0,0
knn,2,SR386_40X_HE_T327_01,0,0.0,0
knn,2,SR386_40X_HE_T332_01,1,0.0,0
knn,2,SR386_40X_HE_T355_01,0,0.0,0
knn,2,SR386_40X_HE_T364_01,0,0.0,0
knn,2,SR386_40X_HE_T368_01,1,0.0,0
knn,2,SR386_40X_HE_T374_01,0,0.17958686550067607,0
knn,2,SR386_40X_HE_T380_01,0,0.0,0
knn,2,SR386_40X_HE_T382_01,0,0.0,0
knn,2,SR386_40X_HE_T392_01,0,0.0,0
knn,2,SR386_40X_HE_T398_01,0,0.0,0
knn,2,SR386_40X_HE_T402_01,1,0.0,0
knn,2,SR386_40X_HE_T404_01,0,0.0,0
knn,2,SR386_40X_HE_T415_01,0,0.0,0
knn,2,SR386_40X_HE_T417_01,0,0.0,0
knn,2,SR386_40X_HE_T425_01,0,0.19275801317333052,0
knn,2,SR386_40X_HE_T436_01,1,0.21168957723376203,0
knn,2,SR386_40X_HE_T437_01,0,0.0,0
knn,2,SR386_40X_HE_T440_01,0,0.0,0
knn,2,SR386_40X_HE_T445_01,0,0.0,0
knn,2,SR386_40X_HE_T450_01,0,0.0,0
knn,2,SR386_40X_HE_T459_01,0,0.0,0
knn,2,SR386_40X_HE_T472_01,0,0.0,0
knn,2,SR386_40X_HE_T481_01,0,0.0,0
knn,2,SR386_40X_HE_T483_01,0,0.0,0
knn,2,SR386_40X_HE_T486_01,0,0.3974341347461775,0
knn,2,SR386_40X_HE_T488_01,0,0.0,0
knn,2,SR386_40X_HE_T499_01,0,0.18342076961865764,0
knn,2,SR386_40X_HE_T507_01,0,0.19038249713544056,0
knn,2,SR386_40X_HE_T514_01,0,0.0,0
knn,2,SR386_40X_HE_T520_01,1,0.2037196078951065,0
knn,2,SR386_40X_HE_T522_01,0,0.0,0
knn,2,SR386_40X_HE_T531_01,0,0.0,0
knn,2,SR386_40X_HE_T535_01,0,0.0,0
knn,2,SR386_40X_HE_T539_01,0,0.0,0
knn,2,SR386_40X_HE_T549_01,0,0.18449669771161678,0
knn,2,SR386_40X_HE_T552_01,0,0.0,0
knn,2,SR386_40X_HE_T553_01,0,0.0,0
knn,2,SR386_40X_HE_T554_01,0,0.0,0
knn,2,SR386_40X_HE_T558_01,0,0.0,0
knn,2,SR386_40X_HE_T564_01,0,0.0,0
knn,2,SR386_40X_HE_T570_01,0,0.0,0
knn,2,SR386_40X_HE_T574_01,0,0.0,0
knn,2,SR386_40X_HE_T578_01,0,0.0,0
knn,2,SR386_40X_HE_T580_01,0,0.19033501428386623,0
knn,3,SR1482_40X_HE_T005_01,0,0.0,0
knn,3,SR1482_40X_HE_T005_02,0,0.3333333333333333,0
knn,3,SR1482_40X_HE_T010_01,0,0.0,0
knn,3,SR1482_40X_HE_T043_01,0,0.0,0
knn,3,SR1482_40X_HE_T043_02,0,0.0,0
knn,3,SR1482_40X_HE_T049_01,0,0.0,0
knn,3,SR1482_40X_HE_T061_01,0,0.0,0
knn,3,SR1482_40X_HE_T061_02,0,0.0,0
knn,3,SR1482_40X_HE_T070_01,1,0.0,0
knn,3,SR1482_40X_HE_T073_01,0,0.3333333333333333,0
knn,3,SR1482_40X_HE_T082_01,0,0.0,0
knn,3,SR1482_40X_HE_T082_02,0,0.0,0
knn,3,SR1482_40X_HE_T089_01,0,0.0,0
knn,3,SR1482_40X_HE_T090_01,0,0.0,0
knn,3,SR1482_40X_HE_T094_01,1,0.0,0
knn,3,SR1482_40X_HE_T094_02,1,0.0,0
knn,3,SR1482_40X_HE_T105_01,0,0.0,0
knn,3,SR1482_40X_HE_T115_01,0,0.0,0
knn,3,SR1482_40X_HE_T115_02,0,0.0,0
knn,3,SR1482_40X_HE_T118_01,0,0.6666666666666666,1
knn,3,SR1482_40X_HE_T118_02,0,0.3333333333333333,0
knn,3,SR1482_40X_HE_T120_01,0,0.3333333333333333,0
knn,3,SR1482_40X_HE_T120_02,0,0.0,0
knn,3,SR1482_40X_HE_T124_01,0,0.6666666666666666,1
knn,3,SR1482_40X_HE_T124_02,0,0.0,0
knn,3,SR1482_40X_HE_T138_01,0,0.0,0
knn,3,SR1482_40X_HE_T160_01,0,0.0,0
knn,3,SR1482_40X_HE_T160_02,0,0.0,0
knn,3,SR1482_40X_HE_T167_01,0,0.0,0
knn,3,SR1482_40X_HE_T167_02,0,0.0,0
knn,3,SR1482_40X_HE_T175_01,0,1.0,1
knn,3,SR1482_40X_HE_T175_02,0,0.3333333333333333,0
knn,3,SR1482_40X_HE_T177_01,1,0.0,0
knn,3,SR1482_40X_HE_T188_01,0,0.0,0
knn,3,SR1482_40X_HE_T195_01,0,0.3333333333333333,0
knn,3,SR1482_40X_HE_T195_02,0,0.0,0
knn,3,SR1482_40X_HE_T202_01,0,0.0,0
knn,3,SR1482_40X_HE_T202_02,0,0.0,0
knn,3,SR1482_40X_HE_T225_01,0,0.3333333333333333,0
knn,3,SR1482_40X_HE_T225_02,0,0.0,0
knn,3,SR1482_40X_HE_T235_01,0,0.0,0
knn,3,SR1482_40X_HE_T235_02,0,0.0,0
knn,3,SR1482_40X_HE_T236_01,0,0.0,0
knn,3,SR1482_40X_HE_T236_02,0,0.0,0
knn,3,SR1482_40X_HE_T258_01,0,0.0,0
knn,3,SR1482_40X_HE_T258_02,0,0.0,0
knn,3,SR1482_40X_HE_T284_01,1,0.6666666666666666,1
knn,3,SR1482_40X_HE_T284_02,1,0.6666666666666666,1
knn,3,SR1482_40X_HE_T301_01,1,0.0,0
knn,3,SR1482_40X_HE_T301_02,1,0.6666666666666666,1
knn,3,SR1482_40X_HE_T309_01,0,0.0,0
knn,3,SR1482_40X_HE_T313_01,0,0.0,0
knn,3,SR1482_40X_HE_T313_02,0,0.3333333333333333,0
knn,3,SR1482_40X_HE_T338_01,0,0.3333333333333333,0
knn,3,SR1482_40X_HE_T344_01,0,0.0,0
knn,3,SR1482_40X_HE_T344_02,0,0.0,0
knn,3,SR1482_40X_HE_T346_01,0,0.3333333333333333,0
knn,3,SR1482_40X_HE_T346_02,0,0.0,0
knn,3,SR1482_40X_HE_T377_01,0,0.0,0
knn,3,SR1482_40X_HE_T377_02,0,0.0,0
knn,3,SR1482_40X_HE_T419_01,0,0.0,0
knn,3,SR1482_40X_HE_T427_01,0,0.0,0
knn,3,SR1482_40X_HE_T427_02,0,0.0,0
knn,3,SR386_40X_HE_T007_01,0,0.0,0
knn,3,SR386_40X_HE_T015_01,0,0.0,0
knn,3,SR386_40X_HE_T017_01,1,0.0,0
knn,3,SR386_40X_HE_T032_01,0,0.0,0
knn,3,SR386_40X_HE_T034_01,0,0.0,0
knn,3,SR386_40X_HE_T035_01,0,0.0,0
knn,3,SR386_40X_HE_T041_01,0,0.6666666666666666,1
knn,3,SR386_40X_HE_T067_01,0,0.0,0
knn,3,SR386_40X_HE_T075_01,0,0.0,0
knn,3,SR386_40X_HE_T081_01,0,0.0,0
knn,3,SR386_40X_HE_T083_01,0,0.0,0
knn,3,SR386_40X_HE_T085_01,0,0.0,0
knn,3,SR386_40X_HE_T095_01,0,0.0,0
knn,3,SR386_40X_HE_T104_01,0,0.3333333333333333,0
knn,3,SR386_40X_HE_T106_01,0,0.0,0
knn,3,SR386_40X_HE_T112_01,0,0.0,0
knn,3,SR386_40X_HE_T128_01,0,0.0,0
knn,3,SR386_40X_HE_T132_01,0,0.0,0
knn,3,SR386_40X_HE_T138_01,0,0.0,0
knn,3,SR386_40X_HE_T142_01,0,0.3333333333333333,0
knn,3,SR386_40X_HE_T149_01,0,0.0,0
knn,3,SR386_40X_HE_T165_01,1,0.3333333333333333,0
knn,3,SR386_40X_HE_T179_01,0,0.0,0
knn,3,SR386_40X_HE_T180_01,0,0.0,0
knn,3,SR386_40X_HE_T182_01,0,0.0,0
knn,3,SR386_40X_HE_T184_01,0,0.0,0
knn,3,SR386_40X_HE_T188_01,0,0.0,0
knn,3,SR386_40X_HE_T191_01,0,0.0,0
knn,3,SR386_40X_HE_T197_01,0,0.0,0
knn,3,SR386_40X_HE_T201_01,0,0.0,0
knn,3,SR386_40X_HE_T202_01,0,0.3333333333333333,0
knn,3,SR386_40X_HE_T208_01,0,0.0,0
knn,3,SR386_40X_HE_T216_01,1,0.0,0
knn,3,SR386_40X_HE_T238_01,0,0.0,0
knn,3,SR386_40X_HE_T244_01,0,0.0,0
knn,3,SR386_40X_HE_T248_01,0,0.0,0
knn,3,SR386_40X_HE_T249_01,0,0.0,0
knn,3,SR386_40X_HE_T250_01,0,0.0,0
knn,3,SR386_40X_HE_T263_01,0,0.0,0
knn,3,SR386_40X_HE_T267_01,0,0.0,0
knn,3,SR386_40X_HE_T269_01,0,0.0,0
knn,3,SR386_40X_HE_T277_01,0,0.0,0
knn,3,SR386_40X_HE_T286_01,0,0.0,0
knn,3,SR386_40X_HE_T287_01,0,0.0,0
knn,3,SR386_40X_HE_T290_01,0,0.0,0
knn,3,SR386_40X_HE_T293_01,0,0.0,0
knn,3,SR386_40X_HE_T298_01,0,0.0,0
knn,3,SR386_40X_HE_T303_01,0,0.0,0
knn,3,SR386_40X_HE_T312_01,0,0.0,0
knn,3,SR386_40X_HE_T329_01,0,0.0,0
knn,3,SR386_40X_HE_T336_01,0,0.0,0
knn,3,SR386_40X_HE_T338_01,0,0.0,0
knn,3,SR386_40X_HE_T342_01,0,0.0,0
knn,3,SR386_40X_HE_T353_01,0,0.0,0
knn,3,SR386_40X_HE_T357_01,0,0.0,0
knn,3,SR386_40X_HE_T362_01,0,0.0,0
knn,3,SR386_40X_HE_T363_01,1,0.0,0
knn,3,SR386_40X_HE_T372_01,0,0.3333333333333333,0
knn,3,SR386_40X_HE_T378_01,0,0.0,0
knn,3,SR386_40X_HE_T379_01,0,0.0,0
knn,3,SR386_40X_HE_T386_01,0,0.0,0
knn,3,SR386_40X_HE_T387_01,0,0.0,0
knn,3,SR386_40X_HE_T393_01,0,0.0,0
knn,3,SR386_40X_HE_T397_01,0,0.0,0
knn,3,SR386_40X_HE_T406_01,0,0.0,0
knn,3,SR386_40X_HE_T409_01,0,0.0,0
knn,3,SR386_40X_HE_T422_01,0,0.0,0
knn,3,SR386_40X_HE_T426_01,0,0.0,0
knn,3,SR386_40X_HE_T433_01,0,0.0,0
knn,3,SR386_40X_HE_T443_01,0,0.3333333333333333,0
knn,3,SR386_40X_HE_T448_01,0,0.0,0
knn,3,SR386_40X_HE_T452_01,0,0.0,0
knn,3,SR386_40X_HE_T460_01,1,0.0,0
knn,3,SR386_40X_HE_T473_01,0,0.0,0
knn,3,SR386_40X_HE_T475_01,0,0.0,0
knn,3,SR386_40X_HE_T478_01,0,0.0,0
knn,3,SR386_40X_HE_T489_01,1,0.0,0
knn,3,SR386_40X_HE_T491_01,0,0.0,0
knn,3,SR386_40X_HE_T492_01,0,0.0,0
knn,3,SR386_40X_HE_T493_01,0,0.0,0
knn,3,SR386_40X_HE_T502_01,0,0.0,0
knn,3,SR386_40X_HE_T505_01,0,0.0,0
knn,3,SR386_40X_HE_T506_01,0,0.0,0
knn,3,SR386_40X_HE_T509_01,0,0.3333333333333333,0
knn,3,SR386_40X_HE_T516_01,0,0.0,0
knn,3,SR386_40X_HE_T518_01,0,0.0,0
knn,3,SR386_40X_HE_T519_01,0,0.0,0
knn,3,SR386_40X_HE_T521_01,0,0.0,0
knn,3,SR386_40X_HE_T526_01,0,0.0,0
knn,3,SR386_40X_HE_T533_01,0,0.0,0
knn,3,SR386_40X_HE_T543_01,0,0.0,0
knn,3,SR386_40X_HE_T544_01,0,0.0,0
knn,3,SR386_40X_HE_T556_01,1,0.0,0
knn,3,SR386_40X_HE_T560_01,0,0.0,0
knn,3,SR386_40X_HE_T563_01,0,0.0,0
knn,3,SR386_40X_HE_T568_01,0,0.0,0
knn,3,SR386_40X_HE_T571_01,0,0.3333333333333333,0
knn,3,SR386_40X_HE_T572_01,0,0.0,0
knn,3,SR386_40X_HE_T573_01,0,0.0,0
knn,3,SR386_40X_HE_T583_01,0,0.0,0
knn,4,SR1482_40X_HE_T002_01,0,0.0,0
knn,4,SR1482_40X_HE_T003_01,0,0.0,0
knn,4,SR1482_40X_HE_T004_01,0,0.14285714285714285,0
knn,4,SR1482_40X_HE_T004_02,0,0.0,0
knn,4,SR1482_40X_HE_T011_01,0,0.0,0
knn,4,SR1482_40X_HE_T025_01,0,0.14285714285714285,0
knn,4,SR1482_40X_HE_T025_02,0,0.2857142857142857,0
knn,4,SR1482_40X_HE_T060_01,0,0.14285714285714285,0
knn,4,SR1482_40X_HE_T062_01,0,0.0,0
knn,4,SR1482_40X_HE_T062_02,0,0.42857142857142855,0
knn,4,SR1482_40X_HE_T064_01,0,0.2857142857142857,0
knn,4,SR1482_40X_HE_T064_02,0,0.0,0
knn,4,SR1482_40X_HE_T071_01,0,0.14285714285714285,0
knn,4,SR1482_40X_HE_T071_02,0,0.0,0
knn,4,SR1482_40X_HE_T074_01,0,0.0,0
knn,4,SR1482_40X_HE_T074_02,0,0.0,0
knn,4,SR1482_40X_HE_T083_01,0,0.2857142857142857,0
knn,4,SR1482_40X_HE_T083_02,0,0.42857142857142855,0
knn,4,SR1482_40X_HE_T087_01,0,0.0,0
knn,4,SR1482_40X_HE_T097_01,1,0.14285714285714285,0
knn,4,SR1482_40X_HE_T097_02,1,0.2857142857142857,0
knn,4,SR1482_40X_HE_T108_01,0,0.0,0
knn,4,SR1482_40X_HE_T113_01,0,0.2857142857142857,0
knn,4,SR1482_40X_HE_T113_02,0,0.14285714285714285,0
knn,4,SR1482_40X_HE_T121_01,0,0.0,0
knn,4,SR1482_40X_HE_T122_01,0,0.0,0
knn,4,SR1482_40X_HE_T125_01,0,0.0,0
knn,4,SR1482_40X_HE_T125_02,0,0.14285714285714285,0
knn,4,SR1482_40X_HE_T131_01,0,0.14285714285714285,0
knn,4,SR1482_40X_HE_T131_02,0,0.14285714285714285,0
knn,4,SR1482_40X_HE_T132_01,0,0.2857142857142857,0
knn,4,SR1482_40X_HE_T132_02,0,0.2857142857142857,0
knn,4,SR1482_40X_HE_T143_01,0,0.14285714285714285,0
knn,4,SR1482_40X_HE_T143_02,0,0.2857142857142857,0
knn,4,SR1482_40X_HE_T166_01,1,0.0,0
knn,4,SR1482_40X_HE_T169_01,0,0.14285714285714285,0
knn,4,SR1482_40X_HE_T176_01,1,0.5714285714285714,1
knn,4,SR1482_40X_HE_T176_02,1,0.2857142857142857,0
knn,4,SR1482_40X_HE_T191_01,0,0.0,0
knn,4,SR1482_40X_HE_T194_01,0,0.42857142857142855,0
knn,4,SR1482_40X_HE_T218_01,0,0.0,0
knn,4,SR1482_40X_HE_T253_01,0,0.0,0
knn,4,SR1482_40X_HE_T290_01,0,0.0,0
knn,4,SR1482_40X_HE_T308_01,0,0.7142857142857143,1
knn,4,SR1482_40X_HE_T314_01,0,0.2857142857142857,0
knn,4,SR1482_40X_HE_T314_02,0,0.2857142857142857,0
knn,4,SR1482_40X_HE_T372_01,1,0.2857142857142857,0
knn,4,SR1482_40X_HE_T372_02,1,0.0,0
knn,4,SR1482_40X_HE_T408_01,0,0.0,0
knn,4,SR1482_40X_HE_T412_01,0,0.0,0
knn,4,SR1482_40X_HE_T425_01,0,0.0,0
knn,4,SR1482_40X_HE_T434_01,1,0.2857142857142857,0
knn,4,SR386_40X_HE_T006_01,0,0.0,0
knn,4,SR386_40X_HE_T010_01,0,0.0,0
knn,4,SR386_40X_HE_T014_01,0,0.0,0
knn,4,SR386_40X_HE_T016_01,0,0.0,0
knn,4,SR386_40X_HE_T020_01,0,0.0,0
knn,4,SR386_40X_HE_T027_01,0,0.0,0
knn,4,SR386_40X_HE_T028_01,0,0.0,0
knn,4,SR386_40X_HE_T037_01,0,0.0,0
knn,4,SR386_40X_HE_T043_01,0,0.0,0
knn,4,SR386_40X_HE_T044_01,1,0.14285714285714285,0
knn,4,SR386_40X_HE_T046_01,0,0.0,0
knn,4,SR386_40X_HE_T058_01,0,0.0,0
knn,4,SR386_40X_HE_T062_01,0,0.0,0
knn,4,SR386_40X_HE_T065_01,1,0.0,0
knn,4,SR386_40X_HE_T080_01,0,0.0,0
knn,4,SR386_40X_HE_T091_01,0,0.0,0
knn,4,SR386_40X_HE_T094_01,0,0.0,0
knn,4,SR386_40X_HE_T097_01,0,0.0,0
knn,4,SR386_40X_HE_T100_01,0,0.14285714285714285,0
knn,4,SR386_40X_HE_T107_01,0,0.0,0
knn,4,SR386_40X_HE_T109_01,1,0.14285714285714285,0
knn,4,SR386_40X_HE_T110_01,0,0.0,0
knn,4,SR386_40X_HE_T117_01,0,0.0,0
knn,4,SR386_40X_HE_T127_01,0,0.0,0
knn,4,SR386_40X_HE_T129_01,0,0.0,0
knn,4,SR386_40X_HE_T136_01,0,0.0,0
knn,4,SR386_40X_HE_T154_01,0,0.0,0
knn,4,SR386_40X_HE_T168_01,1,0.2857142857142857,0
knn,4,SR386_40X_HE_T175_01,0,0.0,0
knn,4,SR386_40X_HE_T189_01,0,0.0,0
knn,4,SR386_40X_HE_T195_01,0,0.0,0
knn,4,SR386_40X_HE_T227_01,0,0.0,0
knn,4,SR386_40X_HE_T233_01,0,0.0,0
knn,4,SR386_40X_HE_T234_01,0,0.0,0
knn,4,SR386_40X_HE_T235_01,0,0.0,0
knn,4,SR386_40X_HE_T239_01,0,0.0,0
knn,4,SR386_40X_HE_T245_01,0,0.0,0
knn,4,SR386_40X_HE_T256_01,0,0.14285714285714285,0
knn,4,SR386_40X_HE_T265_01,0,0.0,0
knn,4,SR386_40X_HE_T268_01,0,0.14285714285714285,0
knn,4,SR386_40X_HE_T270_01,0,0.0,0
knn,4,SR386_40X_HE_T272_01,0,0.2857142857142857,0
knn,4,SR386_40X_HE_T273_01,0,0.14285714285714285,0
knn,4,SR386_40X_HE_T276_01,0,0.14285714285714285,0
knn,4,SR386_40X_HE_T278_01,1,0.14285714285714285,0
knn,4,SR386_40X_HE_T284_01,0,0.0,0
knn,4,SR386_40X_HE_T285_01,0,0.14285714285714285,0
knn,4,SR386_40X_HE_T288_01,0,0.0,0
knn,4,SR386_40X_HE_T291_01,0,0.0,0
knn,4,SR386_40X_HE_T300_01,0,0.0,0
knn,4,SR386_40X_HE_T302_01,0,0.14285714285714285,0
knn,4,SR386_40X_HE_T305_01,0,0.0,0
knn,4,SR386_40X_HE_T308_01,0,0.14285714285714285,0
knn,4,SR386_40X_HE_T325_01,0,0.0,0
knn,4,SR386_40X_HE_T331_01,0,0.14285714285714285,0
knn,4,SR386_40X_HE_T341_01,0,0.0,0
knn,4,SR386_40X_HE_T343_01,1,0.0,0
knn,4,SR386_40X_HE_T346_01,0,0.0,0
knn,4,SR386_40X_HE_T352_01,0,0.14285714285714285,0
knn,4,SR386_40X_HE_T373_01,0,0.0,0
knn,4,SR386_40X_HE_T375_01,0,0.14285714285714285,0
knn,4,SR386_40X_HE_T381_01,0,0.0,0
knn,4,SR386_40X_HE_T389_01,0,0.0,0
knn,4,SR386_40X_HE_T391_01,0,0.0,0
knn,4,SR386_40X_HE_T394_01,0,0.0,0
knn,4,SR386_40X_HE_T399_01,0,0.14285714285714285,0
knn,4,SR386_40X_HE_T403_01,0,0.0,0
knn,4,SR386_40X_HE_T405_01,0,0.14285714285714285,0
knn,4,SR386_40X_HE_T407_01,0,0.0,0
knn,4,SR386_40X_HE_T414_01,0,0.0,0
knn,4,SR386_40X_HE_T424_01,0,0.2857142857142857,0
knn,4,SR386_40X_HE_T429_01,0,0.0,0
knn,4,SR386_40X_HE_T441_01,0,0.14285714285714285,0
knn,4,SR386_40X_HE_T451_01,0,0.0,0
knn,4,SR386_40X_HE_T453_01,0,0.14285714285714285,0
knn,4,SR386_40X_HE_T455_01,0,0.0,0
knn,4,SR386_40X_HE_T465_01,0,0.14285714285714285,0
knn,4,SR386_40X_HE_T474_01,0,0.0,0
knn,4,SR386_40X_HE_T476_01,0,0.2857142857142857,0
knn,4,SR386_40X_HE_T479_01,0,0.0,0
knn,4,SR386_40X_HE_T482_01,0,0.2857142857142857,0
knn,4,SR386_40X_HE_T487_01,0,0.0,0
knn,4,SR386_40X_HE_T490_01,0,0.14285714285714285,0
knn,4,SR386_40X_HE_T494_01,0,0.0,0
knn,4,SR386_40X_HE_T500_01,0,0.14285714285714285,0
knn,4,SR386_40X_HE_T510_01,0,0.0,0
knn,4,SR386_40X_HE_T524_01,0,0.2857142857142857,0
knn,4,SR386_40X_HE_T528_01,0,0.14285714285714285,0
knn,4,SR386_40X_HE_T532_01,0,0.0,0
knn,4,SR386_40X_HE_T534_01,0,0.0,0
knn,4,SR386_40X_HE_T536_01,0,0.0,0
knn,4,SR386_40X_HE_T537_01,0,0.0,0
knn,4,SR386_40X_HE_T541_01,0,0.0,0
knn,4,SR386_40X_HE_T548_01,1,0.0,0
knn,4,SR386_40X_HE_T550_01,0,0.14285714285714285,0
knn,4,SR386_40X_HE_T551_01,0,0.0,0
knn,4,SR386_40X_HE_T557_01,0,0.0,0
knn,4,SR386_40X_HE_T565_01,0,0.0,0
knn,4,SR386_40X_HE_T567_01,0,0.0,0
knn,4,SR386_40X_HE_T575_01,0,0.2857142857142857,0
knn,4,SR386_40X_HE_T576_01,0,0.0,0
knn,4,SR386_40X_HE_T581_01,0,0.0,0
proto,1,SR1482_40X_HE_T029_01,0,0.5107350945472717,1
proto,1,SR1482_40X_HE_T029_02,0,0.5099049210548401,1
proto,1,SR1482_40X_HE_T057_01,0,0.4998367726802826,0
proto,1,SR1482_40X_HE_T063_01,1,0.5164819955825806,1
proto,1,SR1482_40X_HE_T063_02,1,0.5123397707939148,1
proto,1,SR1482_40X_HE_T065_01,0,0.5026710629463196,1
proto,1,SR1482_40X_HE_T065_02,0,0.5024906396865845,1
proto,1,SR1482_40X_HE_T066_01,0,0.5042667984962463,1
proto,1,SR1482_40X_HE_T066_02,0,0.5126647353172302,1
proto,1,SR1482_40X_HE_T068_01,0,0.49346527457237244,0
proto,1,SR1482_40X_HE_T069_01,0,0.5130081176757812,1
proto,1,SR1482_40X_HE_T069_02,0,0.5111666321754456,1
proto,1,SR1482_40X_HE_T079_01,1,0.5106823444366455,1
proto,1,SR1482_40X_HE_T079_02,1,0.5123907327651978,1
proto,1,SR1482_40X_HE_T080_01,0,0.4981205463409424,0
proto,1,SR1482_40X_HE_T080_02,0,0.5092862844467163,1
proto,1,SR1482_40X_HE_T081_01,0,0.5030187368392944,1
proto,1,SR1482_40X_HE_T081_02,0,0.49968305230140686,0
proto,1,SR1482_40X_HE_T099_01,0,0.493321031332016,0
proto,1,SR1482_40X_HE_T116_01,0,0.5102128386497498,1
proto,1,SR1482_40X_HE_T117_01,0,0.5099634528160095,1
proto,1,SR1482_40X_HE_T117_02,0,0.5092794299125671,1
proto,1,SR1482_40X_HE_T126_01,0,0.5104936957359314,1
proto,1,SR1482_40X_HE_T129_01,0,0.5028828382492065,1
proto,1,SR1482_40X_HE_T129_02,0,0.5142838954925537,1
proto,1,SR1482_40X_HE_T139_01,0,0.5115224719047546,1
proto,1,SR1482_40X_HE_T139_02,0,0.5118736624717712,1
proto,1,SR1482_40X_HE_T147_01,0,0.5130341649055481,1
proto,1,SR1482_40X_HE_T147_02,0,0.5162949562072754,1
proto,1,SR1482_40X_HE_T159_01,0,0.5090314149856567,1
proto,1,SR1482_40X_HE_T159_02,0,0.5094417333602905,1
proto,1,SR1482_40X_HE_T192_01,0,0.5053129196166992,1
proto,1,SR1482_40X_HE_T199_01,0,0.5072340965270996,1
proto,1,SR1482_40X_HE_T304_01,0,0.5074418783187866,1
proto,1,SR1482_40X_HE_T304_02,0,0.505665123462677,1
proto,1,SR1482_40X_HE_T310_01,1,0.5139729380607605,1
proto,1,SR1482_40X_HE_T310_02,1,0.5137519836425781,1
proto,1,SR1482_40X_HE_T341_01,0,0.49381211400032043,0
proto,1,SR1482_40X_HE_T341_02,0,0.5056429505348206,1
proto,1,SR1482_40X_HE_T353_01,0,0.49866271018981934,0
proto,1,SR1482_40X_HE_T390_01,0,0.49370038509368896,0
proto,1,SR1482_40X_HE_T433_01,1,0.5091121196746826,1
proto,1,SR386_40X_HE_T003_01,0,0.48564398288726807,0
proto,1,SR386_40X_HE_T004_01,0,0.48738428950309753,0
proto,1,SR386_40X_HE_T022_01,1,0.4889492392539978,0
proto,1,SR386_40X_HE_T030_01,0,0.49166446924209595,0
proto,1,SR386_40X_HE_T033_01,0,0.4883144795894623,0
proto,1,SR386_40X_HE_T036_01,0,0.4930226802825928,0
proto,1,SR386_40X_HE_T038_01,0,0.48674821853637695,0
proto,1,SR386_40X_HE_T049_01,0,0.4856412708759308,0
proto,1,SR386_40X_HE_T050_01,0,0.5056685209274292,1
proto,1,SR386_40X_HE_T060_01,0,0.4996697008609772,0
proto,1,SR386_40X_HE_T063_01,0,0.4868767559528351,0
proto,1,SR386_40X_HE_T066_01,0,0.48668333888053894,0
proto,1,SR386_40X_HE_T069_01,0,0.4897657632827759,0
proto,1,SR386_40X_HE_T072_01,0,0.48808494210243225,0
proto,1,SR386_40X_HE_T074_01,0,0.4867574870586395,0
proto,1,SR386_40X_HE_T078_01,0,0.4891722798347473,0
proto,1,SR386_40X_HE_T079_01,0,0.48196929693222046,0
proto,1,SR386_40X_HE_T092_01,1,0.49175119400024414,0
proto,1,SR386_40X_HE_T096_01,0,0.4819363057613373,0
proto,1,SR386_40X_HE_T099_01,0,0.5044890642166138,1
proto,1,SR386_40X_HE_T103_01,0,0.4901997148990631,0
proto,1,SR386_40X_HE_T108_01,0,0.4870166778564453,0
proto,1,SR386_40X_HE_T113_01,0,0.49066412448883057,0
proto,1,SR386_40X_HE_T114_01,0,0.48516473174095154,0
proto,1,SR386_40X_HE_T119_01,0,0.48435771465301514,0
proto,1,SR386_40X_HE_T126_01,0,0.487265020608902,0
proto,1,SR386_40X_HE_T130_01,0,0.48252663016319275,0
proto,1,SR386_40X_HE_T131_01,0,0.4888550639152527,0
proto,1,SR386_40X_HE_T135_01,0,0.48978787660598755,0
proto,1,SR386_40X_HE_T140_01,0,0.4878566861152649,0
proto,1,SR386_40X_HE_T144_01,0,0.492668479681015,0
proto,1,SR386_40X_HE_T147_01,0,0.48992571234703064,0
proto,1,SR386_40X_HE_T148_01,0,0.48908570408821106,0
proto,1,SR386_40X_HE_T160_01,0,0.48420554399490356,0
proto,1,SR386_40X_HE_T169_01,0,0.4958500564098358,0
proto,1,SR386_40X_HE_T170_01,1,0.4865359663963318,0
proto,1,SR386_40X_HE_T172_01,0,0.4868190884590149,0
proto,1,SR386_40X_HE_T174_01,0,0.4869934618473053,0
proto,1,SR386_40X_HE_T181_01,0,0.48839548230171204,0
proto,1,SR386_40X_HE_T196_01,0,0.48815056681632996,0
proto,1,SR386_40X_HE_T205_01,0,0.5032726526260376,1
proto,1,SR386_40X_HE_T209_01,0,0.4847504198551178,0
proto,1,SR386_40X_HE_T210_01,0,0.5036913156509399,1
proto,1,SR386_40X_HE_T212_01,0,0.49652427434921265,0
proto,1,SR386_40X_HE_T221_01,0,0.4872323274612427,0
proto,1,SR386_40X_HE_T224_01,0,0.49191203713417053,0
proto,1,SR386_40X_HE_T231_01,1,0.5012396574020386,1
proto,1,SR386_40X_HE_T232_01,0,0.48438629508018494,0
proto,1,SR386_40X_HE_T247_01,0,0.4985012412071228,0
proto,1,SR386_40X_HE_T252_01,0,0.48246103525161743,0
proto,1,SR386_40X_HE_T255_01,0,0.5029358863830566,1
proto,1,SR386_40X_HE_T259_01,1,0.48938077688217163,0
proto,1,SR386_40X_HE_T274_01,0,0.48509639501571655,0
proto,1,SR386_40X_HE_T275_01,0,0.48828211426734924,0
proto,1,SR386_40X_HE_T282_01,0,0.4848969280719757,0
proto,1,SR386_40X_HE_T294_01,0,0.4917612671852112,0
proto,1,SR386_40X_HE_T311_01,0,0.4857529103755951,0
proto,1,SR386_40X_HE_T315_01,0,0.4911367893218994,0
proto,1,SR386_40X_HE_T319_01,1,0.48514142632484436,0
proto,1,SR386_40X_HE_T324_01,1,0.49410662055015564,0
proto,1,SR386_40X_HE_T330_01,0,0.49262359738349915,0
proto,1,SR386_40X_HE_T333_01,0,0.48445677757263184,0
proto,1,SR386_40X_HE_T335_01,0,0.49731171131134033,0
proto,1,SR386_40X_HE_T337_01,0,0.4889495372772217,0
proto,1,SR386_40X_HE_T344_01,0,0.48758071660995483,0
proto,1,SR386_40X_HE_T347_01,0,0.4843882620334625,0
proto,1,SR386_40X_HE_T350_01,0,0.48649832606315613,0
proto,1,SR386_40X_HE_T351_01,0,0.5033320784568787,1
proto,1,SR386_40X_HE_T360_01,0,0.4892672002315521,0
proto,1,SR386_40X_HE_T361_01,0,0.5015637278556824,1
proto,1,SR386_40X_HE_T366_01,0,0.4890262484550476,0
proto,1,SR386_40X_HE_T377_01,1,0.4898075759410858,0
proto,1,SR386_40X_HE_T384_01,0,0.48270535469055176,0
proto,1,SR386_40X_HE_T395_01,0,0.4965096414089203,0
proto,1,SR386_40X_HE_T396_01,0,0.4843170940876007,0
proto,1,SR386_40X_HE_T401_01,0,0.493965744972229,0
proto,1,SR386_40X_HE_T408_01,0,0.48545023798942566,0
proto,1,SR386_40X_HE_T410_01,0,0.48935890197753906,0
proto,1,SR386_40X_HE_T413_01,0,0.494501531124115,0
proto,1,SR386_40X_HE_T416_01,0,0.49986088275909424,0
proto,1,SR386_40X_HE_T418_01,0,0.4865299165248871,0
proto,1,SR386_40X_HE_T419_01,0,0.4928241968154907,0
proto,1,SR386_40X_HE_T421_01,0,0.49186670780181885,0
proto,1,SR386_40X_HE_T423_01,0,0.4950345456600189,0
proto,1,SR386_40X_HE_T428_01,0,0.4927211105823517,0
proto,1,SR386_40X_HE_T430_01,0,0.48647886514663696,0
proto,1,SR386_40X_HE_T431_01,0,0.4843265116214752,0
proto,1,SR386_40X_HE_T435_01,0,0.49257224798202515,0
proto,1,SR386_40X_HE_T438_01,0,0.4867251515388489,0
proto,1,SR386_40X_HE_T439_01,0,0.5049123764038086,1
proto,1,SR386_40X_HE_T447_01,0,0.4911874532699585,0
proto,1,SR386_40X_HE_T449_01,0,0.48473697900772095,0
proto,1,SR386_40X_HE_T454_01,0,0.48459339141845703,0
proto,1,SR386_40X_HE_T456_01,0,0.4856979250907898,0
proto,1,SR386_40X_HE_T461_01,0,0.48849743604660034,0
proto,1,SR386_40X_HE_T462_01,0,0.4843902289867401,0
proto,1,SR386_40X_HE_T468_01,0,0.48468291759490967,0
proto,1,SR386_40X_HE_T469_01,1,0.5002288818359375,1
proto,1,SR386_40X_HE_T470_01,0,0.48512572050094604,0
proto,1,SR386_40X_HE_T471_01,0,0.49586063623428345,0
proto,1,SR386_40X_HE_T477_01,0,0.4903378486633301,0
proto,1,SR386_40X_HE_T480_01,0,0.4905543327331543,0
proto,1,SR386_40X_HE_T484_01,0,0.48563796281814575,0
proto,1,SR386_40X_HE_T495_01,0,0.48415786027908325,0
proto,1,SR386_40X_HE_T496_01,0,0.48542624711990356,0
proto,1,SR386_40X_HE_T498_01,0,0.49087318778038025,0
proto,1,SR386_40X_HE_T504_01,0,0.4885091781616211,0
proto,1,SR386_40X_HE_T511_01,0,0.48778605461120605,0
proto,1,SR386_40X_HE_T517_01,0,0.49201512336730957,0
proto,1,SR386_40X_HE_T523_01,0,0.4911364018917084,0
proto,1,SR386_40X_HE_T529_01,0,0.48398393392562866,0
proto,1,SR386_40X_HE_T542_01,0,0.4873356223106384,0
proto,1,SR386_40X_HE_T569_01,0,0.49055296182632446,0
proto,1,SR386_40X_HE_T582_01,0,0.4907275438308716,0
proto,2,SR1482_40X_HE_T009_01,0,0.504353404045105,1
proto,2,SR1482_40X_HE_T009_02,0,0.5081234574317932,1
proto,2,SR1482_40X_HE_T015_01,0,0.5042771697044373,1
proto,2,SR1482_40X_HE_T021_01,0,0.501268208026886,1
proto,2,SR1482_40X_HE_T067_01,0,0.504431426525116,1
proto,2,SR1482_40X_HE_T075_01,0,0.5033795833587646,1
proto,2,SR1482_40X_HE_T075_02,0,0.501928985118866,1
proto,2,SR1482_40X_HE_T098_01,0,0.5086740255355835,1
proto,2,SR1482_40X_HE_T098_02,0,0.5093134641647339,1
proto,2,SR1482_40X_HE_T102_01,0,0.5043243765830994,1
proto,2,SR1482_40X_HE_T123_01,0,0.5020636320114136,1
proto,2,SR1482_40X_HE_T142_01,0,0.49442920088768005,0
proto,2,SR1482_40X_HE_T146_01,0,0.5137866735458374,1
proto,2,SR1482_40X_HE_T148_01,0,0.5134812593460083,1
proto,2,SR1482_40X_HE_T148_02,0,0.5101580619812012,1
proto,2,SR1482_40X_HE_T154_01,0,0.5003005266189575,1
proto,2,SR1482_40X_HE_T158_01,0,0.5011821985244751,1
proto,2,SR1482_40X_HE_T161_01,0,0.5144234299659729,1
proto,2,SR1482_40X_HE_T161_02,0,0.5076762437820435,1
proto,2,SR1482_40X_HE_T164_01,1,0.5056126713752747,1
proto,2,SR1482_40X_HE_T164_02,1,0.5055017471313477,1
proto,2,SR1482_40X_HE_T168_01,0,0.5009598135948181,1
proto,2,SR1482_40X_HE_T171_01,0,0.5039136409759521,1
proto,2,SR1482_40X_HE_T171_02,0,0.5081027746200562,1
proto,2,SR1482_40X_HE_T178_01,1,0.5065858364105225,1
proto,2,SR1482_40X_HE_T186_01,0,0.5034500360488892,1
proto,2,SR1482_40X_HE_T193_01,0,0.511459231376648,1
proto,2,SR1482_40X_HE_T193_02,0,0.5175913572311401,1
proto,2,SR1482_40X_HE_T209_01,0,0.5034158825874329,1
proto,2,SR1482_40X_HE_T209_02,0,0.5010192394256592,1
proto,2,SR1482_40X_HE_T245_01,0,0.5054603219032288,1
proto,2,SR1482_40X_HE_T245_02,0,0.5089949369430542,1
proto,2,SR1482_40X_HE_T265_01,0,0.49768099188804626,0
proto,2,SR1482_40X_HE_T302_01,0,0.506069540977478,1
proto,2,SR1482_40X_HE_T343_01,1,0.5144354701042175,1
proto,2,SR1482_40X_HE_T343_02,1,0.5090115666389465,1
proto,2,SR1482_40X_HE_T399_01,0,0.5105006694793701,1
proto,2,SR1482_40X_HE_T399_02,0,0.5012979507446289,1
proto,2,SR1482_40X_HE_T426_01,0,0.501824140548706,1
proto,2,SR1482_40X_HE_T426_02,0,0.5031755566596985,1
proto,2,SR386_40X_HE_T001_01,0,0.4834064543247223,0
proto,2,SR386_40X_HE_T013_01,0,0.4858877956867218,0
proto,2,SR386_40X_HE_T018_01,0,0.4868549406528473,0
proto,2,SR386_40X_HE_T019_01,0,0.49431806802749634,0
proto,2,SR386_40X_HE_T024_01,0,0.48813092708587646,0
proto,2,SR386_40X_HE_T039_01,0,0.481265127658844,0
proto,2,SR386_40X_HE_T040_01,1,0.4875456690788269,0
proto,2,SR386_40X_HE_T042_01,0,0.4845886528491974,0
proto,2,SR386_40X_HE_T047_01,0,0.4879409074783325,0
proto,2,SR386_40X_HE_T051_01,0,0.48111897706985474,0
proto,2,SR386_40X_HE_T052_01,0,0.4903496205806732,0
proto,2,SR386_40X_HE_T056_01,0,0.4823492169380188,0
proto,2,SR386_40X_HE_T057_01,0,0.48450738191604614,0
proto,2,SR386_40X_HE_T070_01,0,0.48302632570266724,0
proto,2,SR386_40X_HE_T082_01,0,0.5028392672538757,1
proto,2,SR386_40X_HE_T084_01,0,0.5110726356506348,1
proto,2,SR386_40X_HE_T087_01,0,0.4921272099018097,0
proto,2,SR386_40X_HE_T088_01,0,0.489035427570343,0
proto,2,SR386_40X_HE_T098_01,0,0.4910917282104492,0
proto,2,SR386_40X_HE_T105_01,0,0.48328539729118347,0
proto,2,SR386_40X_HE_T122_01,0,0.4930398762226105,0
proto,2,SR386_40X_HE_T123_01,0,0.4906415343284607,0
proto,2,SR386_40X_HE_T133_01,0,0.48424652218818665,0
proto,2,SR386_40X_HE_T145_01,0,0.48688021302223206,0
proto,2,SR386_40X_HE_T150_01,0,0.48896217346191406,0
proto,2,SR386_40X_HE_T152_01,0,0.48496362566947937,0
proto,2,SR386_40X_HE_T155_01,0,0.4846172034740448,0
proto,2,SR386_40X_HE_T157_01,0,0.4976975619792938,0
proto,2,SR386_40X_HE_T164_01,0,0.48632287979125977,0
proto,2,SR386_40X_HE_T166_01,0,0.48717448115348816,0
proto,2,SR386_40X_HE_T176_01,1,0.48594480752944946,0
proto,2,SR386_40X_HE_T177_01,0,0.49300915002822876,0
proto,2,SR386_40X_HE_T178_01,0,0.4862508475780487,0
proto,2,SR386_40X_HE_T187_01,0,0.48816409707069397,0
proto,2,SR386_40X_HE_T190_01,0,0.48319417238235474,0
proto,2,SR386_40X_HE_T192_01,0,0.4915844202041626,0
proto,2,SR386_40X_HE_T198_01,0,0.49342572689056396,0
proto,2,SR386_40X_HE_T200_01,0,0.4912776052951813,0
proto,2,SR386_40X_HE_T206_01,1,0.4968358874320984,0
proto,2,SR386_40X_HE_T211_01,0,0.4923047125339508,0
proto,2,SR386_40X_HE_T213_01,0,0.49985525012016296,0
proto,2,SR386_40X_HE_T214_01,0,0.5048454999923706,1
proto,2,SR386_40X_HE_T220_01,0,0.49036359786987305,0
proto,2,SR386_40X_HE_T230_01,1,0.5011675953865051,1
proto,2,SR386_40X_HE_T236_01,0,0.48613542318344116,0
proto,2,SR386_40X_HE_T237_01,0,0.4872246980667114,0
proto,2,SR386_40X_HE_T240_01,0,0.4904739260673523,0
proto,2,SR386_40X_HE_T241_01,0,0.48576825857162476,0
proto,2,SR386_40X_HE_T242_01,0,0.4881753921508789,0
proto,2,SR386_40X_HE_T253_01,0,0.4886733889579773,0
proto,2,SR386_40X_HE_T260_01,0,0.49884331226348877,0
proto,2,SR386_40X_HE_T262_01,0,0.5021238923072815,1
proto,2,SR386_40X_HE_T264_01,0,0.49669140577316284,0
proto,2,SR386_40X_HE_T271_01,0,0.49131736159324646,0
proto,2,SR386_40X_HE_T281_01,0,0.4862406849861145,0
proto,2,SR386_40X_HE_T297_01,0,0.48833978176116943,0
proto,2,SR386_40X_HE_T299_01,0,0.48246514797210693,0
proto,2,SR386_40X_HE_T301_01,0,0.48355376720428467,0
proto,2,SR386_40X_HE_T306_01,0,0.49035799503326416,0
proto,2,SR386_40X_HE_T309_01,0,0.48482996225357056,0
proto,2,SR386_40X_HE_T314_01,0,0.49075058102607727,0
proto,2,SR386_40X_HE_T316_01,0,0.4978218376636505,0
proto,2,SR386_40X_HE_T318_01,0,0.5077872276306152,1
proto,2,SR386_40X_HE_T321_01,0,0.4881003797054291,0
proto,2,SR386_40X_HE_T326_01,0,0.4834041893482208,0
proto,2,SR386_40X_HE_T327_01,0,0.47865745425224304,0
proto,2,SR386_40X_HE_T332_01,1,0.49065694212913513,0
proto,2,SR386_40X_HE_T355_01,0,0.4916536808013916,0
proto,2,SR386_40X_HE_T364_01,0,0.49353572726249695,0
proto,2,SR386_40X_HE_T368_01,1,0.5050297379493713,1
proto,2,SR386_40X_HE_T374_01,0,0.48229148983955383,0
proto,2,SR386_40X_HE_T380_01,0,0.48051875829696655,0
proto,2,SR386_40X_HE_T382_01,0,0.48316001892089844,0
proto,2,SR386_40X_HE_T392_01,0,0.4827098846435547,0
proto,2,SR386_40X_HE_T398_01,0,0.48829784989356995,0
proto,2,SR386_40X_HE_T402_01,1,0.5062417387962341,1
proto,2,SR386_40X_HE_T404_01,0,0.4832044839859009,0
proto,2,SR386_40X_HE_T415_01,0,0.48315343260765076,0
proto,2,SR386_40X_HE_T417_01,0,0.48653048276901245,0
proto,2,SR386_40X_HE_T425_01,0,0.4837300777435303,0
proto,2,SR386_40X_HE_T436_01,1,0.49762123823165894,0
proto,2,SR386_40X_HE_T437_01,0,0.4918235242366791,0
proto,2,SR386_40X_HE_T440_01,0,0.4938879609107971,0
proto,2,SR386_40X_HE_T445_01,0,0.4841894805431366,0
proto,2,SR386_40X_HE_T450_01,0,0.4892578423023224,0
proto,2,SR386_40X_HE_T459_01,0,0.5014939308166504,1
proto,2,SR386_40X_HE_T472_01,0,0.4842971861362457,0
proto,2,SR386_40X_HE_T481_01,0,0.4884106516838074,0
proto,2,SR386_40X_HE_T483_01,0,0.4991130530834198,0
proto,2,SR386_40X_HE_T486_01,0,0.48688310384750366,0
proto,2,SR386_40X_HE_T488_01,0,0.49370360374450684,0
proto,2,SR386_40X_HE_T499_01,0,0.501056969165802,1
proto,2,SR386_40X_HE_T507_01,0,0.4990152418613434,0
proto,2,SR386_40X_HE_T514_01,0,0.4836301803588867,0
proto,2,SR386_40X_HE_T520_01,1,0.4862092435359955,0
proto,2,SR386_40X_HE_T522_01,0,0.48674488067626953,0
proto,2,SR386_40X_HE_T531_01,0,0.48512130975723267,0
proto,2,SR386_40X_HE_T535_01,0,0.4921182692050934,0
proto,2,SR386_40X_HE_T539_01,0,0.4841233491897583,0
proto,2,SR386_40X_HE_T549_01,0,0.4985174536705017,0
proto,2,SR386_40X_HE_T552_01,0,0.49344637989997864,0
proto,2,SR386_40X_HE_T553_01,0,0.4886277914047241,0
proto,2,SR386_40X_HE_T554_01,0,0.4894139766693115,0
proto,2,SR386_40X_HE_T558_01,0,0.4819141924381256,0
proto,2,SR386_40X_HE_T564_01,0,0.500328540802002,1
proto,2,SR386_40X_HE_T570_01,0,0.4873740077018738,0
proto,2,SR386_40X_HE_T574_01,0,0.48202913999557495,0
proto,2,SR386_40X_HE_T578_01,0,0.48887011408805847,0
proto,2,SR386_40X_HE_T580_01,0,0.4894694983959198,0
proto,3,SR1482_40X_HE_T005_01,0,0.5000500679016113,1
proto,3,SR1482_40X_HE_T005_02,0,0.5154142379760742,1
proto,3,SR1482_40X_HE_T010_01,0,0.49490055441856384,0
proto,3,SR1482_40X_HE_T043_01,0,0.5112700462341309,1
proto,3,SR1482_40X_HE_T043_02,0,0.5113011002540588,1
proto,3,SR1482_40X_HE_T049_01,0,0.5002474188804626,1
proto,3,SR1482_40X_HE_T061_01,0,0.5102764964103699,1
proto,3,SR1482_40X_HE_T061_02,0,0.5104508996009827,1
proto,3,SR1482_40X_HE_T070_01,1,0.5104919075965881,1
proto,3,SR1482_40X_HE_T073_01,0,0.5029415488243103,1
proto,3,SR1482_40X_HE_T082_01,0,0.5121937394142151,1
proto,3,SR1482_40X_HE_T082_02,0,0.5064890384674072,1
proto,3,SR1482_40X_HE_T089_01,0,0.4969988465309143,0
proto,3,SR1482_40X_HE_T090_01,0,0.49068453907966614,0
proto,3,SR1482_40X_HE_T094_01,1,0.5129395127296448,1
proto,3,SR1482_40X_HE_T094_02,1,0.511412501335144,1
proto,3,SR1482_40X_HE_T105_01,0,0.4960983991622925,0
proto,3,SR1482_40X_HE_T115_01,0,0.4997583031654358,0
proto,3,SR1482_40X_HE_T115_02,0,0.5013952255249023,1
proto,3,SR1482_40X_HE_T118_01,0,0.5088724493980408,1
proto,3,SR1482_40X_HE_T118_02,0,0.5077186226844788,1
proto,3,SR1482_40X_HE_T120_01,0,0.512340247631073,1
proto,3,SR1482_40X_HE_T120_02,0,0.5099381804466248,1
proto,3,SR1482_40X_HE_T124_01,0,0.511944591999054,1
proto,3,SR1482_40X_HE_T124_02,0,0.5051289796829224,1
proto,3,SR1482_40X_HE_T138_01,0,0.49762681126594543,0
proto,3,SR1482_40X_HE_T160_01,0,0.507125973701477,1
proto,3,SR1482_40X_HE_T160_02,0,0.5049392580986023,1
proto,3,SR1482_40X_HE_T167_01,0,0.5076013207435608,1
proto,3,SR1482_40X_HE_T167_02,0,0.5000826120376587,1
proto,3,SR1482_40X_HE_T175_01,0,0.5176891088485718,1
proto,3,SR1482_40X_HE_T175_02,0,0.5090262293815613,1
proto,3,SR1482_40X_HE_T177_01,1,0.5038465857505798,1
proto,3,SR1482_40X_HE_T188_01,0,0.5080778002738953,1
proto,3,SR1482_40X_HE_T195_01,0,0.5056520700454712,1
proto,3,SR1482_40X_HE_T195_02,0,0.5084140300750732,1
proto,3,SR1482_40X_HE_T202_01,0,0.510365903377533,1
proto,3,SR1482_40X_HE_T202_02,0,0.5134751200675964,1
proto,3,SR1482_40X_HE_T225_01,0,0.5177347660064697,1
proto,3,SR1482_40X_HE_T225_02,0,0.5045217871665955,1
proto,3,SR1482_40X_HE_T235_01,0,0.5050208568572998,1
proto,3,SR1482_40X_HE_T235_02,0,0.5083813667297363,1
proto,3,SR1482_40X_HE_T236_01,0,0.5088838934898376,1
proto,3,SR1482_40X_HE_T236_02,0,0.5063905715942383,1
proto,3,SR1482_40X_HE_T258_01,0,0.5063624382019043,1
proto,3,SR1482_40X_HE_T258_02,0,0.514186680316925,1
proto,3,SR1482_40X_HE_T284_01,1,0.5124596357345581,1
proto,3,SR1482_40X_HE_T284_02,1,0.511617124080658,1
proto,3,SR1482_40X_HE_T301_01,1,0.5057551860809326,1
proto,3,SR1482_40X_HE_T301_02,1,0.5090452432632446,1
proto,3,SR1482_40X_HE_T309_01,0,0.5106642842292786,1
proto,3,SR1482_40X_HE_T313_01,0,0.5078158974647522,1
proto,3,SR1482_40X_HE_T313_02,0,0.5163454413414001,1
proto,3,SR1482_40X_HE_T338_01,0,0.5063929557800293,1
proto,3,SR1482_40X_HE_T344_01,0,0.5031057000160217,1
proto,3,SR1482_40X_HE_T344_02,0,0.505109429359436,1
proto,3,SR1482_40X_HE_T346_01,0,0.5077396035194397,1
proto,3,SR1482_40X_HE_T346_02,0,0.5097460746765137,1
proto,3,SR1482_40X_HE_T377_01,0,0.5093385577201843,1
proto,3,SR1482_40X_HE_T377_02,0,0.5077564120292664,1
proto,3,SR1482_40X_HE_T419_01,0,0.4978649616241455,0
proto,3,SR1482_40X_HE_T427_01,0,0.5058143734931946,1
proto,3,SR1482_40X_HE_T427_02,0,0.5060862898826599,1
proto,3,SR386_40X_HE_T007_01,0,0.48705169558525085,0
proto,3,SR386_40X_HE_T015_01,0,0.4852609634399414,0
proto,3,SR386_40X_HE_T017_01,1,0.49990496039390564,0
proto,3,SR386_40X_HE_T032_01,0,0.48465219140052795,0
proto,3,SR386_40X_HE_T034_01,0,0.4836619794368744,0
proto,3,SR386_40X_HE_T035_01,0,0.48713192343711853,0
proto,3,SR386_40X_HE_T041_01,0,0.4871664047241211,0
proto,3,SR386_40X_HE_T067_01,0,0.48248395323753357,0
proto,3,SR386_40X_HE_T075_01,0,0.48478129506111145,0
proto,3,SR386_40X_HE_T081_01,0,0.4875074326992035,0
proto,3,SR386_40X_HE_T083_01,0,0.4858945906162262,0
proto,3,SR386_40X_HE_T085_01,0,0.4797053337097168,0
proto,3,SR386_40X_HE_T095_01,0,0.49649739265441895,0
proto,3,SR386_40X_HE_T104_01,0,0.4866483509540558,0
proto,3,SR386_40X_HE_T106_01,0,0.4862258732318878,0
proto,3,SR386_40X_HE_T112_01,0,0.48464083671569824,0
proto,3,SR386_40X_HE_T128_01,0,0.48331859707832336,0
proto,3,SR386_40X_HE_T132_01,0,0.4926038682460785,0
proto,3,SR386_40X_HE_T138_01,0,0.4845699965953827,0
proto,3,SR386_40X_HE_T142_01,0,0.487383633852005,0
proto,3,SR386_40X_HE_T149_01,0,0.48870375752449036,0
proto,3,SR386_40X_HE_T165_01,1,0.4867810010910034,0
proto,3,SR386_40X_HE_T179_01,0,0.4988584816455841,0
proto,3,SR386_40X_HE_T180_01,0,0.49294668436050415,0
proto,3,SR386_40X_HE_T182_01,0,0.4887659549713135,0
proto,3,SR386_40X_HE_T184_01,0,0.4908826947212219,0
proto,3,SR386_40X_HE_T188_01,0,0.4943126142024994,0
proto,3,SR386_40X_HE_T191_01,0,0.48821401596069336,0
proto,3,SR386_40X_HE_T197_01,0,0.4835573434829712,0
proto,3,SR386_40X_HE_T201_01,0,0.48946791887283325,0
proto,3,SR386_40X_HE_T202_01,0,0.4850497841835022,0
proto,3,SR386_40X_HE_T208_01,0,0.48729413747787476,0
proto,3,SR386_40X_HE_T216_01,1,0.49774229526519775,0
proto,3,SR386_40X_HE_T238_01,0,0.48915305733680725,0
proto,3,SR386_40X_HE_T244_01,0,0.49797824025154114,0
proto,3,SR386_40X_HE_T248_01,0,0.4853343367576599,0
proto,3,SR386_40X_HE_T249_01,0,0.4884650409221649,0
proto,3,SR386_40X_HE_T250_01,0,0.4966954290866852,0
proto,3,SR386_40X_HE_T263_01,0,0.4970893859863281,0
proto,3,SR386_40X_HE_T267_01,0,0.4920707941055298,0
proto,3,SR386_40X_HE_T269_01,0,0.48117896914482117,0
proto,3,SR386_40X_HE_T277_01,0,0.48342248797416687,0
proto,3,SR386_40X_HE_T286_01,0,0.5082597732543945,1
proto,3,SR386_40X_HE_T287_01,0,0.4944303631782532,0
proto,3,SR386_40X_HE_T290_01,0,0.49854499101638794,0
proto,3,SR386_40X_HE_T293_01,0,0.4871671795845032,0
proto,3,SR386_40X_HE_T298_01,0,0.48306599259376526,0
proto,3,SR386_40X_HE_T303_01,0,0.48017850518226624,0
proto,3,SR386_40X_HE_T312_01,0,0.4846380054950714,0
proto,3,SR386_40X_HE_T329_01,0,0.4952378273010254,0
proto,3,SR386_40X_HE_T336_01,0,0.49176231026649475,0
proto,3,SR386_40X_HE_T338_01,0,0.48489910364151,0
proto,3,SR386_40X_HE_T342_01,0,0.4888719320297241,0
proto,3,SR386_40X_HE_T353_01,0,0.49900946021080017,0
proto,3,SR386_40X_HE_T357_01,0,0.48089098930358887,0
proto,3,SR386_40X_HE_T362_01,0,0.5009527802467346,1
proto,3,SR386_40X_HE_T363_01,1,0.5019378066062927,1
proto,3,SR386_40X_HE_T372_01,0,0.49400293827056885,0
proto,3,SR386_40X_HE_T378_01,0,0.48311325907707214,0
proto,3,SR386_40X_HE_T379_01,0,0.4841420352458954,0
proto,3,SR386_40X_HE_T386_01,0,0.48558297753334045,0
proto,3,SR386_40X_HE_T387_01,0,0.5039359331130981,1
proto,3,SR386_40X_HE_T393_01,0,0.487844318151474,0
proto,3,SR386_40X_HE_T397_01,0,0.49688175320625305,0
proto,3,SR386_40X_HE_T406_01,0,0.4986695647239685,0
proto,3,SR386_40X_HE_T409_01,0,0.49225878715515137,0
proto,3,SR386_40X_HE_T422_01,0,0.4810466766357422,0
proto,3,SR386_40X_HE_T426_01,0,0.484119713306427,0
proto,3,SR386_40X_HE_T433_01,0,0.4881468117237091,0
proto,3,SR386_40X_HE_T443_01,0,0.4837241768836975,0
proto,3,SR386_40X_HE_T448_01,0,0.4852655529975891,0
proto,3,SR386_40X_HE_T452_01,0,0.49131107330322266,0
proto,3,SR386_40X_HE_T460_01,1,0.4855274558067322,0
proto,3,SR386_40X_HE_T473_01,0,0.48495426774024963,0
proto,3,SR386_40X_HE_T475_01,0,0.49467799067497253,0
proto,3,SR386_40X_HE_T478_01,0,0.48920148611068726,0
proto,3,SR386_40X_HE_T489_01,1,0.4909207224845886,0
proto,3,SR386_40X_HE_T491_01,0,0.48876890540122986,0
proto,3,SR386_40X_HE_T492_01,0,0.4875898063182831,0
proto,3,SR386_40X_HE_T493_01,0,0.4930984377861023,0
proto,3,SR386_40X_HE_T502_01,0,0.48130661249160767,0
proto,3,SR386_40X_HE_T505_01,0,0.4977739453315735,0
proto,3,SR386_40X_HE_T506_01,0,0.4928015470504761,0
proto,3,SR386_40X_HE_T509_01,0,0.4951423108577728,0
proto,3,SR386_40X_HE_T516_01,0,0.4858074486255646,0
proto,3,SR386_40X_HE_T518_01,0,0.4884934425354004,0
proto,3,SR386_40X_HE_T519_01,0,0.4867565333843231,0
proto,3,SR386_40X_HE_T521_01,0,0.48542383313179016,0
proto,3,SR386_40X_HE_T526_01,0,0.4858420193195343,0
proto,3,SR386_40X_HE_T533_01,0,0.4881990849971771,0
proto,3,SR386_40X_HE_T543_01,0,0.49108418822288513,0
proto,3,SR386_40X_HE_T544_01,0,0.4885091185569763,0
proto,3,SR386_40X_HE_T556_01,1,0.489033967256546,0
proto,3,SR386_40X_HE_T560_01,0,0.4941360056400299,0
proto,3,SR386_40X_HE_T563_01,0,0.48502036929130554,0
proto,3,SR386_40X_HE_T568_01,0,0.48958495259284973,0
proto,3,SR386_40X_HE_T571_01,0,0.48829641938209534,0
proto,3,SR386_40X_HE_T572_01,0,0.5042139887809753,1
proto,3,SR386_40X_HE_T573_01,0,0.48259443044662476,0
proto,3,SR386_40X_HE_T583_01,0,0.48166030645370483,0
proto,4,SR1482_40X_HE_T002_01,0,0.4932190179824829,0
proto,4,SR1482_40X_HE_T003_01,0,0.501194417476654,1
proto,4,SR1482_40X_HE_T004_01,0,0.5052849650382996,1
proto,4,SR1482_40X_HE_T004_02,0,0.5039505362510681,1
proto,4,SR1482_40X_HE_T011_01,0,0.4928441345691681,0
proto,4,SR1482_40X_HE_T025_01,0,0.5018154978752136,1
proto,4,SR1482_40X_HE_T025_02,0,0.501150369644165,1
proto,4,SR1482_40X_HE_T060_01,0,0.5088546276092529,1
proto,4,SR1482_40X_HE_T062_01,0,0.5041292905807495,1
proto,4,SR1482_40X_HE_T062_02,0,0.5050103068351746,1
proto,4,SR1482_40X_HE_T064_01,0,0.5075486302375793,1
proto,4,SR1482_40X_HE_T064_02,0,0.5029701590538025,1
proto,4,SR1482_40X_HE_T071_01,0,0.5076549053192139,1
proto,4,SR1482_40X_HE_T071_02,0,0.5056543350219727,1
proto,4,SR1482_40X_HE_T074_01,0,0.49903422594070435,0
proto,4,SR1482_40X_HE_T074_02,0,0.498114675283432,0
proto,4,SR1482_40X_HE_T083_01,0,0.5098047852516174,1
proto,4,SR1482_40X_HE_T083_02,0,0.5085079073905945,1
proto,4,SR1482_40X_HE_T087_01,0,0.4955921471118927,0
proto,4,SR1482_40X_HE_T097_01,1,0.5067311525344849,1
proto,4,SR1482_40X_HE_T097_02,1,0.51111900806427,1
proto,4,SR1482_40X_HE_T108_01,0,0.4914320111274719,0
proto,4,SR1482_40X_HE_T113_01,0,0.5139851570129395,1
proto,4,SR1482_40X_HE_T113_02,0,0.506324052810669,1
proto,4,SR1482_40X_HE_T121_01,0,0.48808497190475464,0
proto,4,SR1482_40X_HE_T122_01,0,0.4937170147895813,0
proto,4,SR1482_40X_HE_T125_01,0,0.5040213465690613,1
proto,4,SR1482_40X_HE_T125_02,0,0.5128555297851562,1
proto,4,SR1482_40X_HE_T131_01,0,0.5073733329772949,1
proto,4,SR1482_40X_HE_T131_02,0,0.5087354779243469,1
proto,4,SR1482_40X_HE_T132_01,0,0.5044662356376648,1
proto,4,SR1482_40X_HE_T132_02,0,0.5093302130699158,1
proto,4,SR1482_40X_HE_T143_01,0,0.5097542405128479,1
proto,4,SR1482_40X_HE_T143_02,0,0.5121749043464661,1
proto,4,SR1482_40X_HE_T166_01,1,0.4959312975406647,0
proto,4,SR1482_40X_HE_T169_01,0,0.5071274638175964,1
proto,4,SR1482_40X_HE_T176_01,1,0.517440915107727,1
proto,4,SR1482_40X_HE_T176_02,1,0.5128785967826843,1
proto,4,SR1482_40X_HE_T191_01,0,0.5042460560798645,1
proto,4,SR1482_40X_HE_T194_01,0,0.5212014317512512,1
proto,4,SR1482_40X_HE_T218_01,0,0.49707236886024475,0
proto,4,SR1482_40X_HE_T253_01,0,0.49186238646507263,0
proto,4,SR1482_40X_HE_T290_01,0,0.5092445611953735,1
proto,4,SR1482_40X_HE_T308_01,0,0.5132442116737366,1
proto,4,SR1482_40X_HE_T314_01,0,0.5140143632888794,1
proto,4,SR1482_40X_HE_T314_02,0,0.5198124051094055,1
proto,4,SR1482_40X_HE_T372_01,1,0.5090271830558777,1
proto,4,SR1482_40X_HE_T372_02,1,0.5006970763206482,1
proto,4,SR1482_40X_HE_T408_01,0,0.5007992386817932,1
proto,4,SR1482_40X_HE_T412_01,0,0.5004107356071472,1
proto,4,SR1482_40X_HE_T425_01,0,0.4880948066711426,0
proto,4,SR1482_40X_HE_T434_01,1,0.5029934644699097,1
proto,4,SR386_40X_HE_T006_01,0,0.48179712891578674,0
proto,4,SR386_40X_HE_T010_01,0,0.4854471683502197,0
proto,4,SR386_40X_HE_T014_01,0,0.48978739976882935,0
proto,4,SR386_40X_HE_T016_01,0,0.48039811849594116,0
proto,4,SR386_40X_HE_T020_01,0,0.4820190668106079,0
proto,4,SR386_40X_HE_T027_01,0,0.4967172145843506,0
proto,4,SR386_40X_HE_T028_01,0,0.4975600838661194,0
proto,4,SR386_40X_HE_T037_01,0,0.48670318722724915,0
proto,4,SR386_40X_HE_T043_01,0,0.4830288887023926,0
proto,4,SR386_40X_HE_T044_01,1,0.4855493903160095,0
proto,4,SR386_40X_HE_T046_01,0,0.4892214834690094,0
proto,4,SR386_40X_HE_T058_01,0,0.48355188965797424,0
proto,4,SR386_40X_HE_T062_01,0,0.4819656312465668,0
proto,4,SR386_40X_HE_T065_01,1,0.4844014644622803,0
proto,4,SR386_40X_HE_T080_01,0,0.48672622442245483,0
proto,4,SR386_40X_HE_T091_01,0,0.48241493105888367,0
proto,4,SR386_40X_HE_T094_01,0,0.4822995662689209,0
proto,4,SR386_40X_HE_T097_01,0,0.490469753742218,0
proto,4,SR386_40X_HE_T100_01,0,0.49717772006988525,0
proto,4,SR386_40X_HE_T107_01,0,0.4884098172187805,0
proto,4,SR386_40X_HE_T109_01,1,0.48724281787872314,0
proto,4,SR386_40X_HE_T110_01,0,0.49025002121925354,0
proto,4,SR386_40X_HE_T117_01,0,0.48036807775497437,0
proto,4,SR386_40X_HE_T127_01,0,0.4884432852268219,0
proto,4,SR386_40X_HE_T129_01,0,0.484486848115921,0
proto,4,SR386_40X_HE_T136_01,0,0.48544859886169434,0
proto,4,SR386_40X_HE_T154_01,0,0.4866623282432556,0
proto,4,SR386_40X_HE_T168_01,1,0.48568469285964966,0
proto,4,SR386_40X_HE_T175_01,0,0.48430749773979187,0
proto,4,SR386_40X_HE_T189_01,0,0.48633816838264465,0
proto,4,SR386_40X_HE_T195_01,0,0.48303136229515076,0
proto,4,SR386_40X_HE_T227_01,0,0.4902990460395813,0
proto,4,SR386_40X_HE_T233_01,0,0.4936405420303345,0
proto,4,SR386_40X_HE_T234_01,0,0.4934207499027252,0
proto,4,SR386_40X_HE_T235_01,0,0.48133379220962524,0
proto,4,SR386_40X_HE_T239_01,0,0.4951159954071045,0
proto,4,SR386_40X_HE_T245_01,0,0.482593297958374,0
proto,4,SR386_40X_HE_T256_01,0,0.48909226059913635,0
proto,4,SR386_40X_HE_T265_01,0,0.4846601188182831,0
proto,4,SR386_40X_HE_T268_01,0,0.5010811686515808,1
proto,4,SR386_40X_HE_T270_01,0,0.49072444438934326,0
proto,4,SR386_40X_HE_T272_01,0,0.5016703605651855,1
proto,4,SR386_40X_HE_T273_01,0,0.49017980694770813,0
proto,4,SR386_40X_HE_T276_01,0,0.4917052984237671,0
proto,4,SR386_40X_HE_T278_01,1,0.48755282163619995,0
proto,4,SR386_40X_HE_T284_01,0,0.48810818791389465,0
proto,4,SR386_40X_HE_T285_01,0,0.4827769100666046,0
proto,4,SR386_40X_HE_T288_01,0,0.48850318789482117,0
proto,4,SR386_40X_HE_T291_01,0,0.48396867513656616,0
proto,4,SR386_40X_HE_T300_01,0,0.48568615317344666,0
proto,4,SR386_40X_HE_T302_01,0,0.48277175426483154,0
proto,4,SR386_40X_HE_T305_01,0,0.4840308427810669,0
proto,4,SR386_40X_HE_T308_01,0,0.48774632811546326,0
proto,4,SR386_40X_HE_T325_01,0,0.49227121472358704,0
proto,4,SR386_40X_HE_T331_01,0,0.4878426492214203,0
proto,4,SR386_40X_HE_T341_01,0,0.5012369155883789,1
proto,4,SR386_40X_HE_T343_01,1,0.48870420455932617,0
proto,4,SR386_40X_HE_T346_01,0,0.4888147711753845,0
proto,4,SR386_40X_HE_T352_01,0,0.4890100359916687,0
proto,4,SR386_40X_HE_T373_01,0,0.4947981536388397,0
proto,4,SR386_40X_HE_T375_01,0,0.48749595880508423,0
proto,4,SR386_40X_HE_T381_01,0,0.4860512614250183,0
proto,4,SR386_40X_HE_T389_01,0,0.5015869736671448,1
proto,4,SR386_40X_HE_T391_01,0,0.48628854751586914,0
proto,4,SR386_40X_HE_T394_01,0,0.48779386281967163,0
proto,4,SR386_40X_HE_T399_01,0,0.5009849667549133,1
proto,4,SR386_40X_HE_T403_01,0,0.4857354462146759,0
proto,4,SR386_40X_HE_T405_01,0,0.5025140047073364,1
proto,4,SR386_40X_HE_T407_01,0,0.49026259779930115,0
proto,4,SR386_40X_HE_T414_01,0,0.4851996898651123,0
proto,4,SR386_40X_HE_T424_01,0,0.48756009340286255,0
proto,4,SR386_40X_HE_T429_01,0,0.5026079416275024,1
proto,4,SR386_40X_HE_T441_01,0,0.5008932948112488,1
proto,4,SR386_40X_HE_T451_01,0,0.4857317805290222,0
proto,4,SR386_40X_HE_T453_01,0,0.48595911264419556,0
proto,4,SR386_40X_HE_T455_01,0,0.4940706491470337,0
proto,4,SR386_40X_HE_T465_01,0,0.5013309717178345,1
proto,4,SR386_40X_HE_T474_01,0,0.4919804036617279,0
proto,4,SR386_40X_HE_T476_01,0,0.4928632974624634,0
proto,4,SR386_40X_HE_T479_01,0,0.4993201792240143,0
proto,4,SR386_40X_HE_T482_01,0,0.48585548996925354,0
proto,4,SR386_40X_HE_T487_01,0,0.49729931354522705,0
proto,4,SR386_40X_HE_T490_01,0,0.4905211329460144,0
proto,4,SR386_40X_HE_T494_01,0,0.4827324450016022,0
proto,4,SR386_40X_HE_T500_01,0,0.4834654629230499,0
proto,4,SR386_40X_HE_T510_01,0,0.4995766878128052,0
proto,4,SR386_40X_HE_T524_01,0,0.5007569193840027,1
proto,4,SR386_40X_HE_T528_01,0,0.49982452392578125,0
proto,4,SR386_40X_HE_T532_01,0,0.4919205605983734,0
proto,4,SR386_40X_HE_T534_01,0,0.49217867851257324,0
proto,4,SR386_40X_HE_T536_01,0,0.486696720123291,0
proto,4,SR386_40X_HE_T537_01,0,0.492333322763443,0
proto,4,SR386_40X_HE_T541_01,0,0.4887072741985321,0
proto,4,SR386_40X_HE_T548_01,1,0.49872511625289917,0
proto,4,SR386_40X_HE_T550_01,0,0.49139198660850525,0
proto,4,SR386_40X_HE_T551_01,0,0.48360633850097656,0
proto,4,SR386_40X_HE_T557_01,0,0.49145182967185974,0
proto,4,SR386_40X_HE_T565_01,0,0.4897562861442566,0
proto,4,SR386_40X_HE_T567_01,0,0.4915863573551178,0
proto,4,SR386_40X_HE_T575_01,0,0.48956891894340515,0
proto,4,SR386_40X_HE_T576_01,0,0.4865821897983551,0
proto,4,SR386_40X_HE_T581_01,0,0.50901859998703,1
rf,1,SR1482_40X_HE_T029_01,0,0.15132009167303284,0
rf,1,SR1482_40X_HE_T029_02,0,0.15750190985485102,0
rf,1,SR1482_40X_HE_T057_01,0,0.04278716841830446,0
rf,1,SR1482_40X_HE_T063_01,1,0.33168372803666923,1
rf,1,SR1482_40X_HE_T063_02,1,0.21564389233954448,0
rf,1,SR1482_40X_HE_T065_01,0,0.13190476190476189,0
rf,1,SR1482_40X_HE_T065_02,0,0.0977391304347826,0
rf,1,SR1482_40X_HE_T066_01,0,0.20015151515151514,0
rf,1,SR1482_40X_HE_T066_02,0,0.4057391304347826,1
rf,1,SR1482_40X_HE_T068_01,0,0.043518892339544514,0
rf,1,SR1482_40X_HE_T069_01,0,0.09554112554112552,0
rf,1,SR1482_40X_HE_T069_02,0,0.09348817074398472,0
rf,1,SR1482_40X_HE_T079_01,1,0.25,0
rf,1,SR1482_40X_HE_T079_02,1,0.3115979437229437,1
rf,1,SR1482_40X_HE_T080_01,0,0.12089680388088112,0
rf,1,SR1482_40X_HE_T080_02,0,0.135341280972417,0
rf,1,SR1482_40X_HE_T081_01,0,0.14747826086956523,0
rf,1,SR1482_40X_HE_T081_02,0,0.0939047619047619,0
rf,1,SR1482_40X_HE_T099_01,0,0.045423654244306416,0
rf,1,SR1482_40X_HE_T116_01,0,0.12370579199421704,0
rf,1,SR1482_40X_HE_T117_01,0,0.11049599582278405,0
rf,1,SR1482_40X_HE_T117_02,0,0.13012424257603078,0
rf,1,SR1482_40X_HE_T126_01,0,0.20938095238095242,0
rf,1,SR1482_40X_HE_T129_01,0,0.11749268480011989,0
rf,1,SR1482_40X_HE_T129_02,0,0.23949279612393218,0
rf,1,SR1482_40X_HE_T139_01,0,0.14143739372581876,0
rf,1,SR1482_40X_HE_T139_02,0,0.20335581622678395,0
rf,1,SR1482_40X_HE_T147_01,0,0.24858257590936408,0
rf,1,SR1482_40X_HE_T147_02,0,0.37563494754886434,1
rf,1,SR1482_40X_HE_T159_01,0,0.14678646270037946,0
rf,1,SR1482_40X_HE_T159_02,0,0.12354112554112552,0
rf,1,SR1482_40X_HE_T192_01,0,0.17323192655871478,0
rf,1,SR1482_40X_HE_T199_01,0,0.11532063279857395,0
rf,1,SR1482_40X_HE_T304_01,0,0.08367184035476719,0
rf,1,SR1482_40X_HE_T304_02,0,0.0751927687926612,0
rf,1,SR1482_40X_HE_T310_01,1,0.22728079710144927,0
rf,1,SR1482_40X_HE_T310_02,1,0.20875294505153838,0
rf,1,SR1482_40X_HE_T341_01,0,0.02381818181818182,0
rf,1,SR1482_40X_HE_T341_02,0,0.062,0
rf,1,SR1482_40X_HE_T353_01,0,0.03389626818469323,0
rf,1,SR1482_40X_HE_T390_01,0,0.05785264460878065,0
rf,1,SR1482_40X_HE_T433_01,1,0.17352713178294574,0
rf,1,SR386_40X_HE_T003_01,0,0.03761921190763695,0
rf,1,SR386_40X_HE_T004_01,0,0.0864782287348565,0
rf,1,SR386_40X_HE_T022_01,1,0.17089868328031105,0
rf,1,SR386_40X_HE_T030_01,0,0.120700678386654,0
rf,1,SR386_40X_HE_T033_01,0,0.11055441473684982,0
rf,1,SR386_40X_HE_T036_01,0,0.05154112554112554,0
rf,1,SR386_40X_HE_T038_01,0,0.06563494754886433,0
rf,1,SR386_40X_HE_T049_01,0,0.014,0
rf,1,SR386_40X_HE_T050_01,0,0.17532205073547574,0
rf,1,SR386_40X_HE_T060_01,0,0.1847492042271454,0
rf,1,SR386_40X_HE_T063_01,0,0.11527159796725014,0
rf,1,SR386_40X_HE_T066_01,0,0.06548464710610659,0
rf,1,SR386_40X_HE_T069_01,0,0.10167416323513885,0
rf,1,SR386_40X_HE_T072_01,0,0.0616,0
rf,1,SR386_40X_HE_T074_01,0,0.06572294372294372,0
rf,1,SR386_40X_HE_T078_01,0,0.0536178861788618,0
rf,1,SR386_40X_HE_T079_01,0,0.007951219512195122,0
rf,1,SR386_40X_HE_T092_01,1,0.08656451738776508,0
rf,1,SR386_40X_HE_T096_01,0,0.025818181818181817,0
rf,1,SR386_40X_HE_T099_01,0,0.08567416323513884,0
rf,1,SR386_40X_HE_T103_01,0,0.1313445331621365,0
rf,1,SR386_40X_HE_T108_01,0,0.07593548387096774,0
rf,1,SR386_40X_HE_T113_01,0,0.09781818181818182,0
rf,1,SR386_40X_HE_T114_01,0,0.051837922895357984,0
rf,1,SR386_40X_HE_T119_01,0,0.057361186728212415,0
rf,1,SR386_40X_HE_T126_01,0,0.05755337004982953,0
rf,1,SR386_40X_HE_T130_01,0,0.01,0
rf,1,SR386_40X_HE_T131_01,0,0.05969318181818182,0
rf,1,SR386_40X_HE_T135_01,0,0.15545437621051222,0
rf,1,SR386_40X_HE_T140_01,0,0.09562583381794548,0
rf,1,SR386_40X_HE_T144_01,0,0.05375366568914956,0
rf,1,SR386_40X_HE_T147_01,0,0.07137870731419117,0
rf,1,SR386_40X_HE_T148_01,0,0.08167461430575035,0
rf,1,SR386_40X_HE_T160_01,0,0.037714285714285714,0
rf,1,SR386_40X_HE_T169_01,0,0.09950245098039215,0
rf,1,SR386_40X_HE_T170_01,1,0.15442569250297244,0
rf,1,SR386_40X_HE_T172_01,0,0.18327159796725012,0
rf,1,SR386_40X_HE_T174_01,0,0.08569034994697773,0
rf,1,SR386_40X_HE_T181_01,0,0.04494298043943992,0
rf,1,SR386_40X_HE_T196_01,0,0.05396078431372549,0
rf,1,SR386_40X_HE_T205_01,0,0.36393548387096775,1
rf,1,SR386_40X_HE_T209_01,0,0.06581818181818182,0
rf,1,SR386_40X_HE_T210_01,0,0.2932051282051282,0
rf,1,SR386_40X_HE_T212_01,0,0.12887135743625516,0
rf,1,SR386_40X_HE_T221_01,0,0.054652550348202524,0
rf,1,SR386_40X_HE_T224_01,0,0.036,0
rf,1,SR386_40X_HE_T231_01,1,0.12472833637545468,0
rf,1,SR386_40X_HE_T232_01,0,0.029636363636363638,0
rf,1,SR386_40X_HE_T247_01,0,0.15935664335664337,0
rf,1,SR386_40X_HE_T252_01,0,0.03,0
rf,1,SR386_40X_HE_T255_01,0,0.057464743589743586,0
rf,1,SR386_40X_HE_T259_01,1,0.1278181818181818,0
rf,1,SR386_40X_HE_T274_01,0,0.025095238095238098,0
rf,1,SR386_40X_HE_T275_01,0,0.07772294372294372,0
rf,1,SR386_40X_HE_T282_01,0,0.029710961420698102,0
rf,1,SR386_40X_HE_T294_01,0,0.17926174948240162,0
rf,1,SR386_40X_HE_T311_01,0,0.062,0
rf,1,SR386_40X_HE_T315_01,0,0.07229212722761112,0
rf,1,SR386_40X_HE_T319_01,1,0.09381818181818181,0
rf,1,SR386_40X_HE_T324_01,1,0.14103491851285968,0
rf,1,SR386_40X_HE_T330_01,0,0.06026997291133914,0
rf,1,SR386_40X_HE_T333_01,0,0.044,0
rf,1,SR386_40X_HE_T335_01,0,0.025818181818181817,0
rf,1,SR386_40X_HE_T337_01,0,0.0856438923395445,0
rf,1,SR386_40X_HE_T344_01,0,0.03967003367003367,0
rf,1,SR386_40X_HE_T347_01,0,0.05547826086956522,0
rf,1,SR386_40X_HE_T350_01,0,0.022,0
rf,1,SR386_40X_HE_T351_01,0,0.10638299063961842,0
rf,1,SR386_40X_HE_T360_01,0,0.041722943722943724,0
rf,1,SR386_40X_HE_T361_01,0,0.08921137059299838,0
rf,1,SR386_40X_HE_T366_01,0,0.031557312252964424,0
rf,1,SR386_40X_HE_T377_01,1,0.13096369559483165,0
rf,1,SR386_40X_HE_T384_01,0,0.022905042953636302,0
rf,1,SR386_40X_HE_T395_01,0,0.062359307359307364,0
rf,1,SR386_40X_HE_T396_01,0,0.05348484848484848,0
rf,1,SR386_40X_HE_T401_01,0,0.18684319082726805,0
rf,1,SR386_40X_HE_T408_01,0,0.03364389233954451,0
rf,1,SR386_40X_HE_T410_01,0,0.0943654732435605,0
rf,1,SR386_40X_HE_T413_01,0,0.07743818949867337,0
rf,1,SR386_40X_HE_T416_01,0,0.05548484848484849,0
rf,1,SR386_40X_HE_T418_01,0,0.03189626818469323,0
rf,1,SR386_40X_HE_T419_01,0,0.09108627838487174,0
rf,1,SR386_40X_HE_T421_01,0,0.06282612945726551,0
rf,1,SR386_40X_HE_T423_01,0,0.07755731225296442,0
rf,1,SR386_40X_HE_T428_01,0,0.06183578431372549,0
rf,1,SR386_40X_HE_T430_01,0,0.03967461430575035,0
rf,1,SR386_40X_HE_T431_01,0,0.07157142857142858,0
rf,1,SR386_40X_HE_T435_01,0,0.1255094385580319,0
rf,1,SR386_40X_HE_T438_01,0,0.046,0
rf,1,SR386_40X_HE_T439_01,0,0.2306525503482025,0
rf,1,SR386_40X_HE_T447_01,0,0.021875,0
rf,1,SR386_40X_HE_T449_01,0,0.04697023809523809,0
rf,1,SR386_40X_HE_T454_01,0,0.025443223443223445,0
rf,1,SR386_40X_HE_T456_01,0,0.04372294372294372,0
rf,1,SR386_40X_HE_T461_01,0,0.05166666666666667,0
rf,1,SR386_40X_HE_T462_01,0,0.02380952380952381,0
rf,1,SR386_40X_HE_T468_01,0,0.04727759197324415,0
rf,1,SR386_40X_HE_T469_01,1,0.0782373767536811,0
rf,1,SR386_40X_HE_T470_01,0,0.038,0
rf,1,SR386_40X_HE_T471_01,0,0.1598181818181818,0
rf,1,SR386_40X_HE_T477_01,0,0.06912816562462511,0
rf,1,SR386_40X_HE_T480_01,0,0.06769318181818182,0
rf,1,SR386_40X_HE_T484_01,0,0.033405797101449274,0
rf,1,SR386_40X_HE_T495_01,0,0.02,0
rf,1,SR386_40X_HE_T496_01,0,0.04373913043478261,0
rf,1,SR386_40X_HE_T498_01,0,0.24307875994972766,0
rf,1,SR386_40X_HE_T504_01,0,0.04087179487179487,0
rf,1,SR386_40X_HE_T511_01,0,0.05,0
rf,1,SR386_40X_HE_T517_01,0,0.10475851684547337,0
rf,1,SR386_40X_HE_T523_01,0,0.08140579710144928,0
rf,1,SR386_40X_HE_T529_01,0,0.02142857142857143,0
rf,1,SR386_40X_HE_T542_01,0,0.0256999147485081,0
rf,1,SR386_40X_HE_T569_01,0,0.15717748917748914,0
rf,1,SR386_40X_HE_T582_01,0,0.013693181818181818,0
rf,2,SR1482_40X_HE_T009_01,0,0.0799015097221619,0
rf,2,SR1482_40X_HE_T009_02,0,0.08287445887445886,0
rf,2,SR1482_40X_HE_T015_01,0,0.12128613322161708,0
rf,2,SR1482_40X_HE_T021_01,0,0.09419968646377097,0
rf,2,SR1482_40X_HE_T067_01,0,0.08898434898434898,0
rf,2,SR1482_40X_HE_T075_01,0,0.08148484848484848,0
rf,2,SR1482_40X_HE_T075_02,0,0.12965842759391147,0
rf,2,SR1482_40X_HE_T098_01,0,0.11376940133037694,0
rf,2,SR1482_40X_HE_T098_02,0,0.07100749656847218,0
rf,2,SR1482_40X_HE_T102_01,0,0.11763636363636362,0
rf,2,SR1482_40X_HE_T123_01,0,0.07176940133037694,0
rf,2,SR1482_40X_HE_T142_01,0,0.03228525641025641,0
rf,2,SR1482_40X_HE_T146_01,0,0.393875,1
rf,2,SR1482_40X_HE_T148_01,0,0.16965842759391145,0
rf,2,SR1482_40X_HE_T148_02,0,0.10993548387096774,0
rf,2,SR1482_40X_HE_T154_01,0,0.04135664335664336,0
rf,2,SR1482_40X_HE_T158_01,0,0.07717482517482517,0
rf,2,SR1482_40X_HE_T161_01,0,0.12975,0
rf,2,SR1482_40X_HE_T161_02,0,0.12563636363636363,0
rf,2,SR1482_40X_HE_T164_01,1,0.09304303539597657,0
rf,2,SR1482_40X_HE_T164_02,1,0.1399512195121951,0
rf,2,SR1482_40X_HE_T168_01,0,0.07350853176515955,0
rf,2,SR1482_40X_HE_T171_01,0,0.14,0
rf,2,SR1482_40X_HE_T171_02,0,0.1938181818181818,0
rf,2,SR1482_40X_HE_T178_01,1,0.12595121951219512,0
rf,2,SR1482_40X_HE_T186_01,0,0.10720009426057812,0
rf,2,SR1482_40X_HE_T193_01,0,0.20593548387096774,0
rf,2,SR1482_40X_HE_T193_02,0,0.2856931818181818,0
rf,2,SR1482_40X_HE_T209_01,0,0.1457229437229437,0
rf,2,SR1482_40X_HE_T209_02,0,0.15726140526140522,0
rf,2,SR1482_40X_HE_T245_01,0,0.10763636363636363,0
rf,2,SR1482_40X_HE_T245_02,0,0.14301827607875991,0
rf,2,SR1482_40X_HE_T265_01,0,0.09780253080253078,0
rf,2,SR1482_40X_HE_T302_01,0,0.1254353576274693,0
rf,2,SR1482_40X_HE_T343_01,1,0.14348764960529667,0
rf,2,SR1482_40X_HE_T343_02,1,0.11514285714285714,0
rf,2,SR1482_40X_HE_T399_01,0,0.20972062084257206,0
rf,2,SR1482_40X_HE_T399_02,0,0.091875,0
rf,2,SR1482_40X_HE_T426_01,0,0.073625,0
rf,2,SR1482_40X_HE_T426_02,0,0.06366666666666668,0
rf,2,SR386_40X_HE_T001_01,0,0.064,0
rf,2,SR386_40X_HE_T013_01,0,0.11747660941209329,0
rf,2,SR386_40X_HE_T018_01,0,0.068,0
rf,2,SR386_40X_HE_T019_01,0,0.05913357339020118,0
rf,2,SR386_40X_HE_T024_01,0,0.006,0
rf,2,SR386_40X_HE_T039_01,0,0.014,0
rf,2,SR386_40X_HE_T040_01,1,0.21378815983675314,0
rf,2,SR386_40X_HE_T042_01,0,0.08144684750733137,0
rf,2,SR386_40X_HE_T047_01,0,0.04,0
rf,2,SR386_40X_HE_T051_01,0,0.01781818181818182,0
rf,2,SR386_40X_HE_T052_01,0,0.06754166666666665,0
rf,2,SR386_40X_HE_T056_01,0,0.03190476190476191,0
rf,2,SR386_40X_HE_T057_01,0,0.043134363422788466,0
rf,2,SR386_40X_HE_T070_01,0,0.024,0
rf,2,SR386_40X_HE_T082_01,0,0.13479540749105964,0
rf,2,SR386_40X_HE_T084_01,0,0.12935119047619048,0
rf,2,SR386_40X_HE_T087_01,0,0.2379047619047619,0
rf,2,SR386_40X_HE_T088_01,0,0.096,0
rf,2,SR386_40X_HE_T098_01,0,0.14726461038961036,0
rf,2,SR386_40X_HE_T105_01,0,0.04124141749723145,0
rf,2,SR386_40X_HE_T122_01,0,0.05981818181818182,0
rf,2,SR386_40X_HE_T123_01,0,0.11,0
rf,2,SR386_40X_HE_T133_01,0,0.02553846153846154,0
rf,2,SR386_40X_HE_T145_01,0,0.0909051808406647,0
rf,2,SR386_40X_HE_T150_01,0,0.1898095238095238,0
rf,2,SR386_40X_HE_T152_01,0,0.05725370731419119,0
rf,2,SR386_40X_HE_T155_01,0,0.1018655462184874,0
rf,2,SR386_40X_HE_T157_01,0,0.09896674153336145,0
rf,2,SR386_40X_HE_T164_01,0,0.035413744740532965,0
rf,2,SR386_40X_HE_T166_01,0,0.062408003228655404,0
rf,2,SR386_40X_HE_T176_01,1,0.09139002932551318,0
rf,2,SR386_40X_HE_T177_01,0,0.03775366568914956,0
rf,2,SR386_40X_HE_T178_01,0,0.15153105144496823,0
rf,2,SR386_40X_HE_T187_01,0,0.05984024577572965,0
rf,2,SR386_40X_HE_T190_01,0,0.02366666666666667,0
rf,2,SR386_40X_HE_T192_01,0,0.0356,0
rf,2,SR386_40X_HE_T198_01,0,0.04572294372294373,0
rf,2,SR386_40X_HE_T200_01,0,0.16315151515151516,0
rf,2,SR386_40X_HE_T206_01,1,0.09185598141695703,0
rf,2,SR386_40X_HE_T211_01,0,0.05395121951219512,0
rf,2,SR386_40X_HE_T213_01,0,0.049443223443223445,0
rf,2,SR386_40X_HE_T214_01,0,0.10966666666666666,0
rf,2,SR386_40X_HE_T220_01,0,0.08881818181818181,0
rf,2,SR386_40X_HE_T230_01,1,0.19435930735930734,0
rf,2,SR386_40X_HE_T236_01,0,0.078,0
rf,2,SR386_40X_HE_T237_01,0,0.03,0
rf,2,SR386_40X_HE_T240_01,0,0.05477655677655678,0
rf,2,SR386_40X_HE_T241_01,0,0.05581818181818182,0
rf,2,SR386_40X_HE_T242_01,0,0.0653030303030303,0
rf,2,SR386_40X_HE_T253_01,0,0.04181818181818181,0
rf,2,SR386_40X_HE_T260_01,0,0.08572294372294371,0
rf,2,SR386_40X_HE_T262_01,0,0.13094443878763196,0
rf,2,SR386_40X_HE_T264_01,0,0.05524183606248823,0
rf,2,SR386_40X_HE_T271_01,0,0.04344322344322345,0
rf,2,SR386_40X_HE_T281_01,0,0.06468131868131868,0
rf,2,SR386_40X_HE_T297_01,0,0.023693181818181818,0
rf,2,SR386_40X_HE_T299_01,0,0.03258874458874459,0
rf,2,SR386_40X_HE_T301_01,0,0.005739130434782609,0
rf,2,SR386_40X_HE_T306_01,0,0.07,0
rf,2,SR386_40X_HE_T309_01,0,0.035753665689149554,0
rf,2,SR386_40X_HE_T314_01,0,0.10084149184149183,0
rf,2,SR386_40X_HE_T316_01,0,0.1459047619047619,0
rf,2,SR386_40X_HE_T318_01,0,0.07564389233954451,0
rf,2,SR386_40X_HE_T321_01,0,0.07162770562770562,0
rf,2,SR386_40X_HE_T326_01,0,0.04108012820512821,0
rf,2,SR386_40X_HE_T327_01,0,0.014,0
rf,2,SR386_40X_HE_T332_01,1,0.11337690985485101,0
rf,2,SR386_40X_HE_T355_01,0,0.032,0
rf,2,SR386_40X_HE_T364_01,0,0.07915846921895309,0
rf,2,SR386_40X_HE_T368_01,1,0.1236901568376978,0
rf,2,SR386_40X_HE_T374_01,0,0.023356643356643357,0
rf,2,SR386_40X_HE_T380_01,0,0.01,0
rf,2,SR386_40X_HE_T382_01,0,0.0492921272276111,0
rf,2,SR386_40X_HE_T392_01,0,0.02481818181818182,0
rf,2,SR386_40X_HE_T398_01,0,0.07721262477360039,0
rf,2,SR386_40X_HE_T402_01,1,0.13061419382933814,0
rf,2,SR386_40X_HE_T404_01,0,0.03980952380952381,0
rf,2,SR386_40X_HE_T415_01,0,0.03381818181818182,0
rf,2,SR386_40X_HE_T417_01,0,0.01566666666666667,0
rf,2,SR386_40X_HE_T425_01,0,0.03931822344322344,0
rf,2,SR386_40X_HE_T436_01,1,0.09465422077922078,0
rf,2,SR386_40X_HE_T437_01,0,0.04955337004982953,0
rf,2,SR386_40X_HE_T440_01,0,0.09316616716616717,0
rf,2,SR386_40X_HE_T445_01,0,0.0552239467849224,0
rf,2,SR386_40X_HE_T450_01,0,0.07279540749105966,0
rf,2,SR386_40X_HE_T459_01,0,0.0572242640504277,0
rf,2,SR386_40X_HE_T472_01,0,0.025935483870967745,0
rf,2,SR386_40X_HE_T481_01,0,0.07516937229437229,0
rf,2,SR386_40X_HE_T483_01,0,0.10149165504124545,0
rf,2,SR386_40X_HE_T486_01,0,0.10978947718947717,0
rf,2,SR386_40X_HE_T488_01,0,0.08216658610206998,0
rf,2,SR386_40X_HE_T499_01,0,0.1374848484848485,0
rf,2,SR386_40X_HE_T507_01,0,0.1562342353298875,0
rf,2,SR386_40X_HE_T514_01,0,0.029855981416957028,0
rf,2,SR386_40X_HE_T520_01,1,0.07532671358334136,0
rf,2,SR386_40X_HE_T522_01,0,0.05181818181818181,0
rf,2,SR386_40X_HE_T531_01,0,0.04053846153846154,0
rf,2,SR386_40X_HE_T535_01,0,0.013818181818181818,0
rf,2,SR386_40X_HE_T539_01,0,0.09666666666666665,0
rf,2,SR386_40X_HE_T549_01,0,0.04581818181818181,0
rf,2,SR386_40X_HE_T552_01,0,0.06976170338316287,0
rf,2,SR386_40X_HE_T553_01,0,0.05554166666666666,0
rf,2,SR386_40X_HE_T554_01,0,0.08765796428910032,0
rf,2,SR386_40X_HE_T558_01,0,0.02362770562770563,0
rf,2,SR386_40X_HE_T564_01,0,0.07681367492783583,0
rf,2,SR386_40X_HE_T570_01,0,0.05381818181818182,0
rf,2,SR386_40X_HE_T574_01,0,0.022,0
rf,2,SR386_40X_HE_T578_01,0,0.054928490863974735,0
rf,2,SR386_40X_HE_T580_01,0,0.03565842759391147,0
rf,3,SR1482_40X_HE_T005_01,0,0.12495879389427775,0
rf,3,SR1482_40X_HE_T005_02,0,0.2332953323558162,0
rf,3,SR1482_40X_HE_T010_01,0,0.03955731225296443,0
rf,3,SR1482_40X_HE_T043_01,0,0.11773913043478261,0
rf,3,SR1482_40X_HE_T043_02,0,0.1110869990224829,0
rf,3,SR1482_40X_HE_T049_01,0,0.06562745098039216,0
rf,3,SR1482_40X_HE_T061_01,0,0.2008709677419355,0
rf,3,SR1482_40X_HE_T061_02,0,0.19754659498207885,0
rf,3,SR1482_40X_HE_T070_01,1,0.07581818181818181,0
rf,3,SR1482_40X_HE_T073_01,0,0.06937930639781513,0
rf,3,SR1482_40X_HE_T082_01,0,0.09166666666666667,0
rf,3,SR1482_40X_HE_T082_02,0,0.11101382488479263,0
rf,3,SR1482_40X_HE_T089_01,0,0.08621576567870969,0
rf,3,SR1482_40X_HE_T090_01,0,0.03734128097241702,0
rf,3,SR1482_40X_HE_T094_01,1,0.1997797619047619,0
rf,3,SR1482_40X_HE_T094_02,1,0.10344563279857397,0
rf,3,SR1482_40X_HE_T105_01,0,0.09051752193094698,0
rf,3,SR1482_40X_HE_T115_01,0,0.07581818181818181,0
rf,3,SR1482_40X_HE_T115_02,0,0.04533333333333334,0
rf,3,SR1482_40X_HE_T118_01,0,0.20308699902248287,0
rf,3,SR1482_40X_HE_T118_02,0,0.12965842759391147,0
rf,3,SR1482_40X_HE_T120_01,0,0.1348099427454266,0
rf,3,SR1482_40X_HE_T120_02,0,0.19708699902248286,0
rf,3,SR1482_40X_HE_T124_01,0,0.24181818181818182,0
rf,3,SR1482_40X_HE_T124_02,0,0.2674076318210568,0
rf,3,SR1482_40X_HE_T138_01,0,0.04711872826626925,0
rf,3,SR1482_40X_HE_T160_01,0,0.08141346153846155,0
rf,3,SR1482_40X_HE_T160_02,0,0.061079587079587085,0
rf,3,SR1482_40X_HE_T167_01,0,0.09948484848484848,0
rf,3,SR1482_40X_HE_T167_02,0,0.10566666666666667,0
rf,3,SR1482_40X_HE_T175_01,0,0.22157142857142856,0
rf,3,SR1482_40X_HE_T175_02,0,0.21971592539454804,0
rf,3,SR1482_40X_HE_T177_01,1,0.09560593385017938,0
rf,3,SR1482_40X_HE_T188_01,0,0.1005181498352615,0
rf,3,SR1482_40X_HE_T195_01,0,0.10554016052423774,0
rf,3,SR1482_40X_HE_T195_02,0,0.1139607843137255,0
rf,3,SR1482_40X_HE_T202_01,0,0.09850157089287524,0
rf,3,SR1482_40X_HE_T202_02,0,0.08348484848484848,0
rf,3,SR1482_40X_HE_T225_01,0,0.26476328375925146,0
rf,3,SR1482_40X_HE_T225_02,0,0.09494309719972498,0
rf,3,SR1482_40X_HE_T235_01,0,0.12309897891963109,0
rf,3,SR1482_40X_HE_T235_02,0,0.0336891495601173,0
rf,3,SR1482_40X_HE_T236_01,0,0.05581818181818182,0
rf,3,SR1482_40X_HE_T236_02,0,0.04364976958525346,0
rf,3,SR1482_40X_HE_T258_01,0,0.09332483961326465,0
rf,3,SR1482_40X_HE_T258_02,0,0.14793548387096775,0
rf,3,SR1482_40X_HE_T284_01,1,0.14926881720430107,0
rf,3,SR1482_40X_HE_T284_02,1,0.24296969696969697,0
rf,3,SR1482_40X_HE_T301_01,1,0.12256761387052496,0
rf,3,SR1482_40X_HE_T301_02,1,0.18118223711772097,0
rf,3,SR1482_40X_HE_T309_01,0,0.11256818181818183,0
rf,3,SR1482_40X_HE_T313_01,0,0.1698181818181818,0
rf,3,SR1482_40X_HE_T313_02,0,0.2436021505376344,0
rf,3,SR1482_40X_HE_T338_01,0,0.1728969417679095,0
rf,3,SR1482_40X_HE_T344_01,0,0.19155731225296443,0
rf,3,SR1482_40X_HE_T344_02,0,0.163128740824393,0
rf,3,SR1482_40X_HE_T346_01,0,0.1667624404580926,0
rf,3,SR1482_40X_HE_T346_02,0,0.13967461430575034,0
rf,3,SR1482_40X_HE_T377_01,0,0.0892239789196311,0
rf,3,SR1482_40X_HE_T377_02,0,0.07,0
rf,3,SR1482_40X_HE_T419_01,0,0.06145454545454546,0
rf,3,SR1482_40X_HE_T427_01,0,0.08097569097569098,0
rf,3,SR1482_40X_HE_T427_02,0,0.059292127227611104,0
rf,3,SR386_40X_HE_T007_01,0,0.05935664335664336,0
rf,3,SR386_40X_HE_T015_01,0,0.0997797619047619,0
rf,3,SR386_40X_HE_T017_01,1,0.2149206349206349,0
rf,3,SR386_40X_HE_T032_01,0,0.047875,0
rf,3,SR386_40X_HE_T034_01,0,0.054,0
rf,3,SR386_40X_HE_T035_01,0,0.0651764705882353,0
rf,3,SR386_40X_HE_T041_01,0,0.22148208897903063,0
rf,3,SR386_40X_HE_T067_01,0,0.012,0
rf,3,SR386_40X_HE_T075_01,0,0.03512121212121212,0
rf,3,SR386_40X_HE_T081_01,0,0.06695487028165852,0
rf,3,SR386_40X_HE_T083_01,0,0.14381818181818182,0
rf,3,SR386_40X_HE_T085_01,0,0.011902439024390244,0
rf,3,SR386_40X_HE_T095_01,0,0.09040913784672551,0
rf,3,SR386_40X_HE_T104_01,0,0.15338961038961038,0
rf,3,SR386_40X_HE_T106_01,0,0.0679047619047619,0
rf,3,SR386_40X_HE_T112_01,0,0.03576940133037693,0
rf,3,SR386_40X_HE_T128_01,0,0.015818181818181818,0
rf,3,SR386_40X_HE_T132_01,0,0.043904761904761905,0
rf,3,SR386_40X_HE_T138_01,0,0.08567416323513884,0
rf,3,SR386_40X_HE_T142_01,0,0.12352264808362368,0
rf,3,SR386_40X_HE_T149_01,0,0.07033482909096514,0
rf,3,SR386_40X_HE_T165_01,1,0.11147660941209328,0
rf,3,SR386_40X_HE_T179_01,0,0.12907246376811593,0
rf,3,SR386_40X_HE_T180_01,0,0.08663661332823323,0
rf,3,SR386_40X_HE_T182_01,0,0.048,0
rf,3,SR386_40X_HE_T184_01,0,0.10763636363636363,0
rf,3,SR386_40X_HE_T188_01,0,0.051478260869565216,0
rf,3,SR386_40X_HE_T191_01,0,0.07981048387096774,0
rf,3,SR386_40X_HE_T197_01,0,0.07704659498207886,0
rf,3,SR386_40X_HE_T201_01,0,0.00973913043478261,0
rf,3,SR386_40X_HE_T202_01,0,0.034,0
rf,3,SR386_40X_HE_T208_01,0,0.04,0
rf,3,SR386_40X_HE_T216_01,1,0.14730303030303032,0
rf,3,SR386_40X_HE_T238_01,0,0.046,0
rf,3,SR386_40X_HE_T244_01,0,0.06776940133037695,0
rf,3,SR386_40X_HE_T248_01,0,0.007818181818181818,0
rf,3,SR386_40X_HE_T249_01,0,0.026,0
rf,3,SR386_40X_HE_T250_01,0,0.09536683606248823,0
rf,3,SR386_40X_HE_T263_01,0,0.055484848484848484,0
rf,3,SR386_40X_HE_T267_01,0,0.10781818181818181,0
rf,3,SR386_40X_HE_T269_01,0,0.021636363636363634,0
rf,3,SR386_40X_HE_T277_01,0,0.025484848484848485,0
rf,3,SR386_40X_HE_T286_01,0,0.1347470780738663,0
rf,3,SR386_40X_HE_T287_01,0,0.09924559180656742,0
rf,3,SR386_40X_HE_T290_01,0,0.11,0
rf,3,SR386_40X_HE_T293_01,0,0.07993548387096774,0
rf,3,SR386_40X_HE_T298_01,0,0.024275802628743806,0
rf,3,SR386_40X_HE_T303_01,0,0.011951219512195122,0
rf,3,SR386_40X_HE_T312_01,0,0.06954166666666665,0
rf,3,SR386_40X_HE_T329_01,0,0.11932088744588745,0
rf,3,SR386_40X_HE_T336_01,0,0.047761703383162865,0
rf,3,SR386_40X_HE_T338_01,0,0.028,0
rf,3,SR386_40X_HE_T342_01,0,0.07590476190476189,0
rf,3,SR386_40X_HE_T353_01,0,0.09930303030303031,0
rf,3,SR386_40X_HE_T357_01,0,0.018,0
rf,3,SR386_40X_HE_T362_01,0,0.10859595959595959,0
rf,3,SR386_40X_HE_T363_01,1,0.2411111111111111,0
rf,3,SR386_40X_HE_T372_01,0,0.15593548387096776,0
rf,3,SR386_40X_HE_T378_01,0,0.026,0
rf,3,SR386_40X_HE_T379_01,0,0.05,0
rf,3,SR386_40X_HE_T386_01,0,0.05524251960994683,0
rf,3,SR386_40X_HE_T387_01,0,0.06774268480011988,0
rf,3,SR386_40X_HE_T393_01,0,0.06690618316280136,0
rf,3,SR386_40X_HE_T397_01,0,0.1493668360624882,0
rf,3,SR386_40X_HE_T406_01,0,0.1594538350849711,0
rf,3,SR386_40X_HE_T409_01,0,0.062,0
rf,3,SR386_40X_HE_T422_01,0,0.03181818181818182,0
rf,3,SR386_40X_HE_T426_01,0,0.026,0
rf,3,SR386_40X_HE_T433_01,0,0.06981818181818181,0
rf,3,SR386_40X_HE_T443_01,0,0.10866720236285454,0
rf,3,SR386_40X_HE_T448_01,0,0.07780645161290323,0
rf,3,SR386_40X_HE_T452_01,0,0.1219047619047619,0
rf,3,SR386_40X_HE_T460_01,1,0.112,0
rf,3,SR386_40X_HE_T473_01,0,0.037769401330376935,0
rf,3,SR386_40X_HE_T475_01,0,0.03370488520134469,0
rf,3,SR386_40X_HE_T478_01,0,0.0490869990224829,0
rf,3,SR386_40X_HE_T489_01,1,0.066,0
rf,3,SR386_40X_HE_T491_01,0,0.09563494754886433,0
rf,3,SR386_40X_HE_T492_01,0,0.02584024577572965,0
rf,3,SR386_40X_HE_T493_01,0,0.055935483870967743,0
rf,3,SR386_40X_HE_T502_01,0,0.02,0
rf,3,SR386_40X_HE_T505_01,0,0.112,0
rf,3,SR386_40X_HE_T506_01,0,0.07741329366992145,0
rf,3,SR386_40X_HE_T509_01,0,0.16775366568914957,0
rf,3,SR386_40X_HE_T516_01,0,0.1235144090108685,0
rf,3,SR386_40X_HE_T518_01,0,0.037627450980392156,0
rf,3,SR386_40X_HE_T519_01,0,0.048984094337035516,0
rf,3,SR386_40X_HE_T521_01,0,0.026,0
rf,3,SR386_40X_HE_T526_01,0,0.051977101330042505,0
rf,3,SR386_40X_HE_T533_01,0,0.0499047619047619,0
rf,3,SR386_40X_HE_T543_01,0,0.07757142857142857,0
rf,3,SR386_40X_HE_T544_01,0,0.0678655462184874,0
rf,3,SR386_40X_HE_T556_01,1,0.06395121951219512,0
rf,3,SR386_40X_HE_T560_01,0,0.06793548387096775,0
rf,3,SR386_40X_HE_T563_01,0,0.016,0
rf,3,SR386_40X_HE_T568_01,0,0.05985598141695703,0
rf,3,SR386_40X_HE_T571_01,0,0.14781818181818182,0
rf,3,SR386_40X_HE_T572_01,0,0.10930054644808743,0
rf,3,SR386_40X_HE_T573_01,0,0.07365842759391147,0
rf,3,SR386_40X_HE_T583_01,0,0.02,0
rf,4,SR1482_40X_HE_T002_01,0,0.02700041893590281,0
rf,4,SR1482_40X_HE_T003_01,0,0.07889788750745648,0
rf,4,SR1482_40X_HE_T004_01,0,0.11154112554112554,0
rf,4,SR1482_40X_HE_T004_02,0,0.09489946788354509,0
rf,4,SR1482_40X_HE_T011_01,0,0.08727689514786288,0
rf,4,SR1482_40X_HE_T025_01,0,0.07322397891963109,0
rf,4,SR1482_40X_HE_T025_02,0,0.10111462450592884,0
rf,4,SR1482_40X_HE_T060_01,0,0.09731097794211399,0
rf,4,SR1482_40X_HE_T062_01,0,0.17993548387096775,0
rf,4,SR1482_40X_HE_T062_02,0,0.17543231225296443,0
rf,4,SR1482_40X_HE_T064_01,0,0.15308279220779222,0
rf,4,SR1482_40X_HE_T064_02,0,0.10345367049258727,0
rf,4,SR1482_40X_HE_T071_01,0,0.12267790405953184,0
rf,4,SR1482_40X_HE_T071_02,0,0.08936683606248823,0
rf,4,SR1482_40X_HE_T074_01,0,0.07853809013798253,0
rf,4,SR1482_40X_HE_T074_02,0,0.07726927508687848,0
rf,4,SR1482_40X_HE_T083_01,0,0.18137549407114625,0
rf,4,SR1482_40X_HE_T083_02,0,0.2178181818181818,0
rf,4,SR1482_40X_HE_T087_01,0,0.05135366568914956,0
rf,4,SR1482_40X_HE_T097_01,1,0.16640621603735206,0
rf,4,SR1482_40X_HE_T097_02,1,0.12926881720430108,0
rf,4,SR1482_40X_HE_T108_01,0,0.019076923076923078,0
rf,4,SR1482_40X_HE_T113_01,0,0.1339047619047619,0
rf,4,SR1482_40X_HE_T113_02,0,0.06386554621848739,0
rf,4,SR1482_40X_HE_T121_01,0,0.017303030303030306,0
rf,4,SR1482_40X_HE_T122_01,0,0.0425260442057736,0
rf,4,SR1482_40X_HE_T125_01,0,0.09748484848484848,0
rf,4,SR1482_40X_HE_T125_02,0,0.17711486008148,0
rf,4,SR1482_40X_HE_T131_01,0,0.12555731225296443,0
rf,4,SR1482_40X_HE_T131_02,0,0.13145312936704617,0
rf,4,SR1482_40X_HE_T132_01,0,0.08536468105065666,0
rf,4,SR1482_40X_HE_T132_02,0,0.12742416323513886,0
rf,4,SR1482_40X_HE_T143_01,0,0.1490907398468759,0
rf,4,SR1482_40X_HE_T143_02,0,0.23153763440860214,0
rf,4,SR1482_40X_HE_T166_01,1,0.04416135936863945,0
rf,4,SR1482_40X_HE_T169_01,0,0.13216724398789614,0
rf,4,SR1482_40X_HE_T176_01,1,0.2989955017516378,0
rf,4,SR1482_40X_HE_T176_02,1,0.12744588744588745,0
rf,4,SR1482_40X_HE_T191_01,0,0.05342033235581623,0
rf,4,SR1482_40X_HE_T194_01,0,0.466,1
rf,4,SR1482_40X_HE_T218_01,0,0.04085714285714286,0
rf,4,SR1482_40X_HE_T253_01,0,0.016,0
rf,4,SR1482_40X_HE_T290_01,0,0.10547207956141011,0
rf,4,SR1482_40X_HE_T308_01,0,0.176,0
rf,4,SR1482_40X_HE_T314_01,0,0.3294203323558162,1
rf,4,SR1482_40X_HE_T314_02,0,0.34135664335664334,1
rf,4,SR1482_40X_HE_T372_01,1,0.1867672730239008,0
rf,4,SR1482_40X_HE_T372_02,1,0.1089025168380007,0
rf,4,SR1482_40X_HE_T408_01,0,0.11133424228652224,0
rf,4,SR1482_40X_HE_T412_01,0,0.1117391304347826,0
rf,4,SR1482_40X_HE_T425_01,0,0.021443223443223445,0
rf,4,SR1482_40X_HE_T434_01,1,0.0952239789196311,0
rf,4,SR386_40X_HE_T006_01,0,0.02716616716616717,0
rf,4,SR386_40X_HE_T010_01,0,0.05153846153846154,0
rf,4,SR386_40X_HE_T014_01,0,0.10129337514277578,0
rf,4,SR386_40X_HE_T016_01,0,0.01907246376811594,0
rf,4,SR386_40X_HE_T020_01,0,0.01,0
rf,4,SR386_40X_HE_T027_01,0,0.13188670338316286,0
rf,4,SR386_40X_HE_T028_01,0,0.08935664335664337,0
rf,4,SR386_40X_HE_T037_01,0,0.03178539493293592,0
rf,4,SR386_40X_HE_T043_01,0,0.048,0
rf,4,SR386_40X_HE_T044_01,1,0.08061804861804862,0
rf,4,SR386_40X_HE_T046_01,0,0.04754865424430642,0
rf,4,SR386_40X_HE_T058_01,0,0.02753846153846154,0
rf,4,SR386_40X_HE_T062_01,0,0.04613320013320013,0
rf,4,SR386_40X_HE_T065_01,1,0.07914061207609595,0
rf,4,SR386_40X_HE_T080_01,0,0.036,0
rf,4,SR386_40X_HE_T091_01,0,0.04963636363636364,0
rf,4,SR386_40X_HE_T094_01,0,0.023223978919631093,0
rf,4,SR386_40X_HE_T097_01,0,0.06,0
rf,4,SR386_40X_HE_T100_01,0,0.08545813195459144,0
rf,4,SR386_40X_HE_T107_01,0,0.06488311688311689,0
rf,4,SR386_40X_HE_T109_01,1,0.12869789081885855,0
rf,4,SR386_40X_HE_T110_01,0,0.07505652674814667,0
rf,4,SR386_40X_HE_T117_01,0,0.032,0
rf,4,SR386_40X_HE_T127_01,0,0.03130206528614251,0
rf,4,SR386_40X_HE_T129_01,0,0.01984024577572965,0
rf,4,SR386_40X_HE_T136_01,0,0.03781818181818181,0
rf,4,SR386_40X_HE_T154_01,0,0.06691395560960778,0
rf,4,SR386_40X_HE_T168_01,1,0.14499899819675413,0
rf,4,SR386_40X_HE_T175_01,0,0.03190476190476191,0
rf,4,SR386_40X_HE_T189_01,0,0.032,0
rf,4,SR386_40X_HE_T195_01,0,0.02581818181818182,0
rf,4,SR386_40X_HE_T227_01,0,0.031818181818181815,0
rf,4,SR386_40X_HE_T233_01,0,0.09472081541646758,0
rf,4,SR386_40X_HE_T234_01,0,0.10971445000287504,0
rf,4,SR386_40X_HE_T235_01,0,0.03593548387096775,0
rf,4,SR386_40X_HE_T239_01,0,0.11184024577572964,0
rf,4,SR386_40X_HE_T245_01,0,0.01781818181818182,0
rf,4,SR386_40X_HE_T256_01,0,0.043196889132373004,0
rf,4,SR386_40X_HE_T265_01,0,0.0749182524792281,0
rf,4,SR386_40X_HE_T268_01,0,0.15504322344322344,0
rf,4,SR386_40X_HE_T270_01,0,0.07711030904579291,0
rf,4,SR386_40X_HE_T272_01,0,0.19136181440318062,0
rf,4,SR386_40X_HE_T273_01,0,0.08359391146487921,0
rf,4,SR386_40X_HE_T276_01,0,0.13172294372294371,0
rf,4,SR386_40X_HE_T278_01,1,0.17331419118515892,0
rf,4,SR386_40X_HE_T284_01,0,0.04878881987577641,0
rf,4,SR386_40X_HE_T285_01,0,0.018,0
rf,4,SR386_40X_HE_T288_01,0,0.056,0
rf,4,SR386_40X_HE_T291_01,0,0.062,0
rf,4,SR386_40X_HE_T300_01,0,0.056,0
rf,4,SR386_40X_HE_T302_01,0,0.058,0
rf,4,SR386_40X_HE_T305_01,0,0.044,0
rf,4,SR386_40X_HE_T308_01,0,0.068,0
rf,4,SR386_40X_HE_T325_01,0,0.07882417582417582,0
rf,4,SR386_40X_HE_T331_01,0,0.08560964710610659,0
rf,4,SR386_40X_HE_T341_01,0,0.12384024577572963,0
rf,4,SR386_40X_HE_T343_01,1,0.072,0
rf,4,SR386_40X_HE_T346_01,0,0.09172549667506506,0
rf,4,SR386_40X_HE_T352_01,0,0.04590476190476191,0
rf,4,SR386_40X_HE_T373_01,0,0.1017789661319073,0
rf,4,SR386_40X_HE_T375_01,0,0.13688685770750988,0
rf,4,SR386_40X_HE_T381_01,0,0.0372051282051282,0
rf,4,SR386_40X_HE_T389_01,0,0.06948343239734919,0
rf,4,SR386_40X_HE_T391_01,0,0.06271038678495516,0
rf,4,SR386_40X_HE_T394_01,0,0.05372294372294373,0
rf,4,SR386_40X_HE_T399_01,0,0.13908594138102334,0
rf,4,SR386_40X_HE_T403_01,0,0.023063518977435762,0
rf,4,SR386_40X_HE_T405_01,0,0.07629439869593324,0
rf,4,SR386_40X_HE_T407_01,0,0.03876940133037694,0
rf,4,SR386_40X_HE_T414_01,0,0.054,0
rf,4,SR386_40X_HE_T424_01,0,0.10993548387096774,0
rf,4,SR386_40X_HE_T429_01,0,0.08186554621848739,0
rf,4,SR386_40X_HE_T441_01,0,0.14463369963369963,0
rf,4,SR386_40X_HE_T451_01,0,0.035951219512195126,0
rf,4,SR386_40X_HE_T453_01,0,0.057364055299539175,0
rf,4,SR386_40X_HE_T455_01,0,0.074,0
rf,4,SR386_40X_HE_T465_01,0,0.059904761904761905,0
rf,4,SR386_40X_HE_T474_01,0,0.12492079291676066,0
rf,4,SR386_40X_HE_T476_01,0,0.14284816128010464,0
rf,4,SR386_40X_HE_T479_01,0,0.07698434898434899,0
rf,4,SR386_40X_HE_T482_01,0,0.06939755802869407,0
rf,4,SR386_40X_HE_T487_01,0,0.052,0
rf,4,SR386_40X_HE_T490_01,0,0.06589185814185813,0
rf,4,SR386_40X_HE_T494_01,0,0.025935483870967745,0
rf,4,SR386_40X_HE_T500_01,0,0.035826219512195126,0
rf,4,SR386_40X_HE_T510_01,0,0.116,0
rf,4,SR386_40X_HE_T524_01,0,0.188,0
rf,4,SR386_40X_HE_T528_01,0,0.1472664943239294,0
rf,4,SR386_40X_HE_T532_01,0,0.035730185644102436,0
rf,4,SR386_40X_HE_T534_01,0,0.1040449661840507,0
rf,4,SR386_40X_HE_T536_01,0,0.031016722408026758,0
rf,4,SR386_40X_HE_T537_01,0,0.09190476190476189,0
rf,4,SR386_40X_HE_T541_01,0,0.054,0
rf,4,SR386_40X_HE_T548_01,1,0.12359707956141011,0
rf,4,SR386_40X_HE_T550_01,0,0.10519797275894836,0
rf,4,SR386_40X_HE_T551_01,0,0.01981818181818182,0
rf,4,SR386_40X_HE_T557_01,0,0.04935913811527416,0
rf,4,SR386_40X_HE_T565_01,0,0.06155731225296442,0
rf,4,SR386_40X_HE_T567_01,0,0.043904761904761905,0
rf,4,SR386_40X_HE_T575_01,0,0.1690469933036211,0
rf,4,SR386_40X_HE_T576_01,0,0.04781818181818182,0
rf,4,SR386_40X_HE_T581_01,0,0.154,0
