classifier,fold,WSI_ID,target,prob_pos,pred_at_0.5
lin,1,SR1482_40X_HE_T029_01,0,0.34650968761652473,0
lin,1,SR1482_40X_HE_T029_02,0,0.9723105411817398,1
lin,1,SR1482_40X_HE_T057_01,0,2.351021836375835e-05,0
lin,1,SR1482_40X_HE_T063_01,1,0.9696209543043309,1
lin,1,SR1482_40X_HE_T063_02,1,0.0015964529636729294,0
lin,1,SR1482_40X_HE_T065_01,0,0.30689199311239035,0
lin,1,SR1482_40X_HE_T065_02,0,0.04803222740408463,0
lin,1,SR1482_40X_HE_T066_01,0,0.9997460096110463,1
lin,1,SR1482_40X_HE_T066_02,0,0.6454058298445872,1
lin,1,SR1482_40X_HE_T068_01,0,0.001174411132349342,0
lin,1,SR1482_40X_HE_T069_01,0,3.3103477682368164e-06,0
lin,1,SR1482_40X_HE_T069_02,0,5.739483769658291e-06,0
lin,1,SR1482_40X_HE_T079_01,1,0.026137830025628594,0
lin,1,SR1482_40X_HE_T079_02,1,0.009835757225318292,0
lin,1,SR1482_40X_HE_T080_01,0,1.204046329908706e-10,0
lin,1,SR1482_40X_HE_T080_02,0,2.6953871578785305e-07,0
lin,1,SR1482_40X_HE_T081_01,0,0.5648839191517135,1
lin,1,SR1482_40X_HE_T081_02,0,0.0016000042780059543,0
lin,1,SR1482_40X_HE_T099_01,0,2.6122028775372762e-08,0
lin,1,SR1482_40X_HE_T116_01,0,0.0019456438461941986,0
lin,1,SR1482_40X_HE_T117_01,0,3.326926858942064e-08,0
lin,1,SR1482_40X_HE_T117_02,0,4.288552986922515e-08,0
lin,1,SR1482_40X_HE_T126_01,0,0.6035877205092427,1
lin,1,SR1482_40X_HE_T129_01,0,0.002045502635436443,0
lin,1,SR1482_40X_HE_T129_02,0,0.9994340314009208,1
lin,1,SR1482_40X_HE_T139_01,0,0.02008894696325151,0
lin,1,SR1482_40X_HE_T139_02,0,0.8724738685005254,1
lin,1,SR1482_40X_HE_T147_01,0,0.8123424226308896,1
lin,1,SR1482_40X_HE_T147_02,0,0.9999938381393039,1
lin,1,SR1482_40X_HE_T159_01,0,1.1194426748612967e-07,0
lin,1,SR1482_40X_HE_T159_02,0,0.00011453533869575109,0
lin,1,SR1482_40X_HE_T192_01,0,2.0246484784504727e-05,0
lin,1,SR1482_40X_HE_T199_01,0,1.1782343608967253e-06,0
lin,1,SR1482_40X_HE_T304_01,0,0.0019267396414452834,0
lin,1,SR1482_40X_HE_T304_02,0,0.001601026919426767,0
lin,1,SR1482_40X_HE_T310_01,1,0.4199435882322494,0
lin,1,SR1482_40X_HE_T310_02,1,0.1606863293915182,0
lin,1,SR1482_40X_HE_T341_01,0,1.0871589898185483e-09,0
lin,1,SR1482_40X_HE_T341_02,0,0.00014824085681819138,0
lin,1,SR1482_40X_HE_T353_01,0,0.18329599066715277,0
lin,1,SR1482_40X_HE_T390_01,0,0.0003803198413634718,0
lin,1,SR1482_40X_HE_T433_01,1,0.9977058793766898,1
lin,1,SR386_40X_HE_T003_01,0,1.4504780943381125e-05,0
lin,1,SR386_40X_HE_T004_01,0,0.011892125689175276,0
lin,1,SR386_40X_HE_T022_01,1,0.271452813361838,0
lin,1,SR386_40X_HE_T030_01,0,4.413424644812341e-05,0
lin,1,SR386_40X_HE_T033_01,0,7.674016411341573e-09,0
lin,1,SR386_40X_HE_T036_01,0,0.0020921692558513007,0
lin,1,SR386_40X_HE_T038_01,0,0.00011848366122942809,0
lin,1,SR386_40X_HE_T049_01,0,1.1536347810185288e-07,0
lin,1,SR386_40X_HE_T050_01,0,8.785119359245927e-08,0
lin,1,SR386_40X_HE_T060_01,0,0.00010670449893779664,0
lin,1,SR386_40X_HE_T063_01,0,0.016407069143765413,0
lin,1,SR386_40X_HE_T066_01,0,7.257712229214925e-08,0
lin,1,SR386_40X_HE_T069_01,0,0.0030696158970343005,0
lin,1,SR386_40X_HE_T072_01,0,1.1437711477385994e-07,0
lin,1,SR386_40X_HE_T074_01,0,4.315914112485449e-06,0
lin,1,SR386_40X_HE_T078_01,0,0.0038235122105944887,0
lin,1,SR386_40X_HE_T079_01,0,2.247466413509057e-09,0
lin,1,SR386_40X_HE_T092_01,1,0.019487771847813286,0
lin,1,SR386_40X_HE_T096_01,0,5.677277568678184e-09,0
lin,1,SR386_40X_HE_T099_01,0,8.542942450170131e-07,0
lin,1,SR386_40X_HE_T103_01,0,2.206124164614625e-07,0
lin,1,SR386_40X_HE_T108_01,0,0.11566565806502739,0
lin,1,SR386_40X_HE_T113_01,0,0.014814502393603218,0
lin,1,SR386_40X_HE_T114_01,0,2.7416630601744962e-05,0
lin,1,SR386_40X_HE_T119_01,0,0.000496861342869739,0
lin,1,SR386_40X_HE_T126_01,0,0.036425839634014905,0
lin,1,SR386_40X_HE_T130_01,0,2.6917999606036197e-07,0
lin,1,SR386_40X_HE_T131_01,0,0.0002931903944490238,0
lin,1,SR386_40X_HE_T135_01,0,0.4050366514705096,0
lin,1,SR386_40X_HE_T140_01,0,0.002135855402065257,0
lin,1,SR386_40X_HE_T144_01,0,0.15850958810242283,0
lin,1,SR386_40X_HE_T147_01,0,0.0004382483257887298,0
lin,1,SR386_40X_HE_T148_01,0,0.00011501608862826022,0
lin,1,SR386_40X_HE_T160_01,0,5.7091595759717003e-05,0
lin,1,SR386_40X_HE_T169_01,0,5.350655855608773e-14,0
lin,1,SR386_40X_HE_T170_01,1,0.11444545107004103,0
lin,1,SR386_40X_HE_T172_01,0,0.938473709745501,1
lin,1,SR386_40X_HE_T174_01,0,0.08361455378295188,0
lin,1,SR386_40X_HE_T181_01,0,3.829692286499639e-06,0
lin,1,SR386_40X_HE_T196_01,0,2.0702720094636257e-07,0
lin,1,SR386_40X_HE_T205_01,0,0.04881228051198367,0
lin,1,SR386_40X_HE_T209_01,0,7.648653368216847e-06,0
lin,1,SR386_40X_HE_T210_01,0,0.32690684251198376,0
lin,1,SR386_40X_HE_T212_01,0,3.794526035833934e-05,0
lin,1,SR386_40X_HE_T221_01,0,3.916931557848614e-06,0
lin,1,SR386_40X_HE_T224_01,0,4.917341977671273e-07,0
lin,1,SR386_40X_HE_T231_01,1,0.0008827882672201588,0
lin,1,SR386_40X_HE_T232_01,0,5.910983304954894e-11,0
lin,1,SR386_40X_HE_T247_01,0,6.096569653482877e-06,0
lin,1,SR386_40X_HE_T252_01,0,7.080401340152559e-06,0
lin,1,SR386_40X_HE_T255_01,0,5.150056626383027e-07,0
lin,1,SR386_40X_HE_T259_01,1,0.010465090041635651,0
lin,1,SR386_40X_HE_T274_01,0,1.0073470067359134e-07,0
lin,1,SR386_40X_HE_T275_01,0,0.01559529788106497,0
lin,1,SR386_40X_HE_T282_01,0,8.803890807038747e-09,0
lin,1,SR386_40X_HE_T294_01,0,0.06826116341763099,0
lin,1,SR386_40X_HE_T311_01,0,0.0007996245394158252,0
lin,1,SR386_40X_HE_T315_01,0,9.634207668466092e-06,0
lin,1,SR386_40X_HE_T319_01,1,1.3134972460656889e-06,0
lin,1,SR386_40X_HE_T324_01,1,0.04216985663254779,0
lin,1,SR386_40X_HE_T330_01,0,1.328510131282136e-07,0
lin,1,SR386_40X_HE_T333_01,0,0.0029786660919916756,0
lin,1,SR386_40X_HE_T335_01,0,4.1953472245192285e-09,0
lin,1,SR386_40X_HE_T337_01,0,0.465052238740082,0
lin,1,SR386_40X_HE_T344_01,0,0.004447164752488228,0
lin,1,SR386_40X_HE_T347_01,0,2.0840788551225983e-07,0
lin,1,SR386_40X_HE_T350_01,0,1.1255251727588019e-06,0
lin,1,SR386_40X_HE_T351_01,0,0.0005719114636557099,0
lin,1,SR386_40X_HE_T360_01,0,3.181168794837145e-08,0
lin,1,SR386_40X_HE_T361_01,0,2.805415169663704e-06,0
lin,1,SR386_40X_HE_T366_01,0,0.00010450456858151943,0
lin,1,SR386_40X_HE_T377_01,1,0.9936434598143965,1
lin,1,SR386_40X_HE_T384_01,0,2.19402667205047e-07,0
lin,1,SR386_40X_HE_T395_01,0,0.006003562920839539,0
lin,1,SR386_40X_HE_T396_01,0,2.174553287376276e-05,0
lin,1,SR386_40X_HE_T401_01,0,0.6758418898768359,1
lin,1,SR386_40X_HE_T408_01,0,1.2355756704733064e-10,0
lin,1,SR386_40X_HE_T410_01,0,0.04777365309453595,0
lin,1,SR386_40X_HE_T413_01,0,0.0005043765951394252,0
lin,1,SR386_40X_HE_T416_01,0,0.0005464064101748147,0
lin,1,SR386_40X_HE_T418_01,0,7.347339523621833e-08,0
lin,1,SR386_40X_HE_T419_01,0,5.506008841590047e-06,0
lin,1,SR386_40X_HE_T421_01,0,1.7716371420715743e-09,0
lin,1,SR386_40X_HE_T423_01,0,7.961178984455213e-07,0
lin,1,SR386_40X_HE_T428_01,0,0.14190909302199764,0
lin,1,SR386_40X_HE_T430_01,0,0.00042058797101910805,0
lin,1,SR386_40X_HE_T431_01,0,0.0005223101264044449,0
lin,1,SR386_40X_HE_T435_01,0,0.9710136242348292,1
lin,1,SR386_40X_HE_T438_01,0,0.028378372091048484,0
lin,1,SR386_40X_HE_T439_01,0,5.6362341499389085e-06,0
lin,1,SR386_40X_HE_T447_01,0,3.302530551334731e-10,0
lin,1,SR386_40X_HE_T449_01,0,4.631574549212969e-07,0
lin,1,SR386_40X_HE_T454_01,0,6.959931136589114e-07,0
lin,1,SR386_40X_HE_T456_01,0,3.1817802756176125e-07,0
lin,1,SR386_40X_HE_T461_01,0,6.399323213627702e-07,0
lin,1,SR386_40X_HE_T462_01,0,3.7095984049620966e-06,0
lin,1,SR386_40X_HE_T468_01,0,7.424273087607486e-09,0
lin,1,SR386_40X_HE_T469_01,1,0.00884636990035117,0
lin,1,SR386_40X_HE_T470_01,0,0.0001265700486981702,0
lin,1,SR386_40X_HE_T471_01,0,1.1798394974327097e-07,0
lin,1,SR386_40X_HE_T477_01,0,7.453098178427705e-05,0
lin,1,SR386_40X_HE_T480_01,0,0.0005726821293477658,0
lin,1,SR386_40X_HE_T484_01,0,0.0031265452401661995,0
lin,1,SR386_40X_HE_T495_01,0,1.5103660002776724e-10,0
lin,1,SR386_40X_HE_T496_01,0,4.582916590635906e-09,0
lin,1,SR386_40X_HE_T498_01,0,0.8080505255329091,1
lin,1,SR386_40X_HE_T504_01,0,2.9764989293988717e-05,0
lin,1,SR386_40X_HE_T511_01,0,1.6073406982036715e-05,0
lin,1,SR386_40X_HE_T517_01,0,0.567733089218441,1
lin,1,SR386_40X_HE_T523_01,0,9.105276760725872e-06,0
lin,1,SR386_40X_HE_T529_01,0,0.00024011803836657494,0
lin,1,SR386_40X_HE_T542_01,0,2.809241934867518e-05,0
lin,1,SR386_40X_HE_T569_01,0,0.00015229269567112625,0
lin,1,SR386_40X_HE_T582_01,0,2.2993586530262562e-05,0
lin,2,SR1482_40X_HE_T009_01,0,2.0279768037594708e-11,0
lin,2,SR1482_40X_HE_T009_02,0,1.0912337263793973e-06,0
lin,2,SR1482_40X_HE_T015_01,0,0.010115828387043394,0
lin,2,SR1482_40X_HE_T021_01,0,2.2392236181848764e-08,0
lin,2,SR1482_40X_HE_T067_01,0,0.0002939810885893169,0
lin,2,SR1482_40X_HE_T075_01,0,0.0006478015941827908,0
lin,2,SR1482_40X_HE_T075_02,0,0.0008378978239920494,0
lin,2,SR1482_40X_HE_T098_01,0,0.031263180421153995,0
lin,2,SR1482_40X_HE_T098_02,0,3.1828492273870683e-07,0
lin,2,SR1482_40X_HE_T102_01,0,0.003932677665841652,0
lin,2,SR1482_40X_HE_T123_01,0,0.0005311727965455054,0
lin,2,SR1482_40X_HE_T142_01,0,3.946449195232473e-08,0
lin,2,SR1482_40X_HE_T146_01,0,0.8759308673448833,1
lin,2,SR1482_40X_HE_T148_01,0,0.9909843215565445,1
lin,2,SR1482_40X_HE_T148_02,0,0.14791897312568134,0
lin,2,SR1482_40X_HE_T154_01,0,0.004365612952933789,0
lin,2,SR1482_40X_HE_T158_01,0,1.8948165106086115e-07,0
lin,2,SR1482_40X_HE_T161_01,0,0.00021112199026773867,0
lin,2,SR1482_40X_HE_T161_02,0,1.8525599654551074e-05,0
lin,2,SR1482_40X_HE_T164_01,1,0.002545296292697021,0
lin,2,SR1482_40X_HE_T164_02,1,0.0022296055260614144,0
lin,2,SR1482_40X_HE_T168_01,0,0.7745705334215618,1
lin,2,SR1482_40X_HE_T171_01,0,0.00016918448620195956,0
lin,2,SR1482_40X_HE_T171_02,0,4.210323292685275e-06,0
lin,2,SR1482_40X_HE_T178_01,1,2.125071572658401e-05,0
lin,2,SR1482_40X_HE_T186_01,0,4.878309072058532e-12,0
lin,2,SR1482_40X_HE_T193_01,0,0.029074291881268508,0
lin,2,SR1482_40X_HE_T193_02,0,0.9584968669316394,1
lin,2,SR1482_40X_HE_T209_01,0,1.1430361373307365e-06,0
lin,2,SR1482_40X_HE_T209_02,0,0.08228248850358369,0
lin,2,SR1482_40X_HE_T245_01,0,0.0018572261178779284,0
lin,2,SR1482_40X_HE_T245_02,0,5.675637413066904e-08,0
lin,2,SR1482_40X_HE_T265_01,0,0.00017231344164226676,0
lin,2,SR1482_40X_HE_T302_01,0,0.830161378764853,1
lin,2,SR1482_40X_HE_T343_01,1,6.540661526823363e-06,0
lin,2,SR1482_40X_HE_T343_02,1,0.8770719633002393,1
lin,2,SR1482_40X_HE_T399_01,0,0.00037906417911893727,0
lin,2,SR1482_40X_HE_T399_02,0,0.015398615251925268,0
lin,2,SR1482_40X_HE_T426_01,0,8.52445357071101e-06,0
lin,2,SR1482_40X_HE_T426_02,0,1.986499277369927e-06,0
lin,2,SR386_40X_HE_T001_01,0,0.05113717250865169,0
lin,2,SR386_40X_HE_T013_01,0,1.5759659000135682e-06,0
lin,2,SR386_40X_HE_T018_01,0,5.797027115121132e-07,0
lin,2,SR386_40X_HE_T019_01,0,1.681071580102846e-05,0
lin,2,SR386_40X_HE_T024_01,0,2.216169490717193e-09,0
lin,2,SR386_40X_HE_T039_01,0,7.168869643327262e-07,0
lin,2,SR386_40X_HE_T040_01,1,0.9952644788771943,1
lin,2,SR386_40X_HE_T042_01,0,0.06690180995068315,0
lin,2,SR386_40X_HE_T047_01,0,2.967924388683253e-05,0
lin,2,SR386_40X_HE_T051_01,0,1.623844782552998e-09,0
lin,2,SR386_40X_HE_T052_01,0,4.559182980998477e-05,0
lin,2,SR386_40X_HE_T056_01,0,5.347141170472522e-06,0
lin,2,SR386_40X_HE_T057_01,0,0.0017217138488948465,0
lin,2,SR386_40X_HE_T070_01,0,8.769789523904354e-05,0
lin,2,SR386_40X_HE_T082_01,0,0.6952683079499855,1
lin,2,SR386_40X_HE_T084_01,0,6.678212231177797e-12,0
lin,2,SR386_40X_HE_T087_01,0,0.04219133573311274,0
lin,2,SR386_40X_HE_T088_01,0,0.00010576345207840064,0
lin,2,SR386_40X_HE_T098_01,0,0.010310671211466888,0
lin,2,SR386_40X_HE_T105_01,0,0.0007886540866662883,0
lin,2,SR386_40X_HE_T122_01,0,1.8594995114456242e-05,0
lin,2,SR386_40X_HE_T123_01,0,0.0011335750498751042,0
lin,2,SR386_40X_HE_T133_01,0,5.031559370676491e-07,0
lin,2,SR386_40X_HE_T145_01,0,0.036197048221137076,0
lin,2,SR386_40X_HE_T150_01,0,0.011675215663929605,0
lin,2,SR386_40X_HE_T152_01,0,0.00033929351184071283,0
lin,2,SR386_40X_HE_T155_01,0,4.172239255935088e-05,0
lin,2,SR386_40X_HE_T157_01,0,6.492592637060944e-08,0
lin,2,SR386_40X_HE_T164_01,0,6.120422809922525e-07,0
lin,2,SR386_40X_HE_T166_01,0,0.0002838150062753262,0
lin,2,SR386_40X_HE_T176_01,1,0.001988084392508813,0
lin,2,SR386_40X_HE_T177_01,0,1.1240229891322646e-10,0
lin,2,SR386_40X_HE_T178_01,0,0.25115850392332906,0
lin,2,SR386_40X_HE_T187_01,0,0.010961317468836721,0
lin,2,SR386_40X_HE_T190_01,0,3.0103554802834324e-08,0
lin,2,SR386_40X_HE_T192_01,0,1.260035003882596e-08,0
lin,2,SR386_40X_HE_T198_01,0,3.1745332953267426e-09,0
lin,2,SR386_40X_HE_T200_01,0,0.021293827773510566,0
lin,2,SR386_40X_HE_T206_01,1,8.530209342546543e-07,0
lin,2,SR386_40X_HE_T211_01,0,6.517968016974253e-07,0
lin,2,SR386_40X_HE_T213_01,0,2.0220778643382267e-08,0
lin,2,SR386_40X_HE_T214_01,0,1.529744938929316e-05,0
lin,2,SR386_40X_HE_T220_01,0,0.021457823854069354,0
lin,2,SR386_40X_HE_T230_01,1,0.10760423661252351,0
lin,2,SR386_40X_HE_T236_01,0,0.00119632609798371,0
lin,2,SR386_40X_HE_T237_01,0,0.00022720910304306545,0
lin,2,SR386_40X_HE_T240_01,0,1.3473433779824586e-06,0
lin,2,SR386_40X_HE_T241_01,0,1.1091002582673315e-08,0
lin,2,SR386_40X_HE_T242_01,0,1.2684943860219416e-05,0
lin,2,SR386_40X_HE_T253_01,0,8.077006443425815e-07,0
lin,2,SR386_40X_HE_T260_01,0,2.1079725356670605e-08,0
lin,2,SR386_40X_HE_T262_01,0,8.837393105501583e-06,0
lin,2,SR386_40X_HE_T264_01,0,0.0022848281152294363,0
lin,2,SR386_40X_HE_T271_01,0,1.7112640779319402e-09,0
lin,2,SR386_40X_HE_T281_01,0,2.0232031274913876e-08,0
lin,2,SR386_40X_HE_T297_01,0,3.818593185795231e-07,0
lin,2,SR386_40X_HE_T299_01,0,8.006157438104155e-06,0
lin,2,SR386_40X_HE_T301_01,0,8.57250540957817e-07,0
lin,2,SR386_40X_HE_T306_01,0,6.589662093036427e-06,0
lin,2,SR386_40X_HE_T309_01,0,0.0024494532493533165,0
lin,2,SR386_40X_HE_T314_01,0,3.227492938474888e-05,0
lin,2,SR386_40X_HE_T316_01,0,0.7946590098871085,1
lin,2,SR386_40X_HE_T318_01,0,1.5209513001862055e-07,0
lin,2,SR386_40X_HE_T321_01,0,4.581775793572001e-05,0
lin,2,SR386_40X_HE_T326_01,0,1.2298213078466078e-07,0
lin,2,SR386_40X_HE_T327_01,0,1.9415552976265872e-06,0
lin,2,SR386_40X_HE_T332_01,1,0.0013033171719618656,0
lin,2,SR386_40X_HE_T355_01,0,2.039509161905899e-05,0
lin,2,SR386_40X_HE_T364_01,0,0.03217116574661606,0
lin,2,SR386_40X_HE_T368_01,1,5.917790910967278e-09,0
lin,2,SR386_40X_HE_T374_01,0,0.0014022279584525133,0
lin,2,SR386_40X_HE_T380_01,0,4.2926805391190753e-07,0
lin,2,SR386_40X_HE_T382_01,0,9.326999162536506e-09,0
lin,2,SR386_40X_HE_T392_01,0,7.74006990423199e-06,0
lin,2,SR386_40X_HE_T398_01,0,2.7007738990039777e-07,0
lin,2,SR386_40X_HE_T402_01,1,0.004284555149199344,0
lin,2,SR386_40X_HE_T404_01,0,0.00044054760006685743,0
lin,2,SR386_40X_HE_T415_01,0,8.437110706770401e-11,0
lin,2,SR386_40X_HE_T417_01,0,2.001748412223597e-10,0
lin,2,SR386_40X_HE_T425_01,0,5.052971578632481e-09,0
lin,2,SR386_40X_HE_T436_01,1,1.7774129594882026e-05,0
lin,2,SR386_40X_HE_T437_01,0,5.592154076163417e-06,0
lin,2,SR386_40X_HE_T440_01,0,0.019093488739523597,0
lin,2,SR386_40X_HE_T445_01,0,5.953664633630183e-05,0
lin,2,SR386_40X_HE_T450_01,0,0.0145722829548612,0
lin,2,SR386_40X_HE_T459_01,0,7.25208338238011e-08,0
lin,2,SR386_40X_HE_T472_01,0,1.0148378723572844e-05,0
lin,2,SR386_40X_HE_T481_01,0,0.00014813602048206423,0
lin,2,SR386_40X_HE_T483_01,0,6.663541956598601e-05,0
lin,2,SR386_40X_HE_T486_01,0,0.00023082012367529067,0
lin,2,SR386_40X_HE_T488_01,0,3.821525554384911e-09,0
lin,2,SR386_40X_HE_T499_01,0,2.6261431425689932e-12,0
lin,2,SR386_40X_HE_T507_01,0,0.024651192609711468,0
lin,2,SR386_40X_HE_T514_01,0,1.4448787396258562e-08,0
lin,2,SR386_40X_HE_T520_01,1,1.9578186761838944e-06,0
lin,2,SR386_40X_HE_T522_01,0,0.01344127893369786,0
lin,2,SR386_40X_HE_T531_01,0,0.002119192851728096,0
lin,2,SR386_40X_HE_T535_01,0,2.0857493447496808e-12,0
lin,2,SR386_40X_HE_T539_01,0,0.0002819696993511064,0
lin,2,SR386_40X_HE_T549_01,0,1.3038846987873918e-10,0
lin,2,SR386_40X_HE_T552_01,0,0.0939402687453663,0
lin,2,SR386_40X_HE_T553_01,0,0.1312180749918392,0
lin,2,SR386_40X_HE_T554_01,0,2.591188738645387e-07,0
lin,2,SR386_40X_HE_T558_01,0,0.006517720639675728,0
lin,2,SR386_40X_HE_T564_01,0,1.8702637450574945e-07,0
lin,2,SR386_40X_HE_T570_01,0,3.809983121272544e-09,0
lin,2,SR386_40X_HE_T574_01,0,1.6314016573505975e-06,0
lin,2,SR386_40X_HE_T578_01,0,9.460424583564928e-08,0
lin,2,SR386_40X_HE_T580_01,0,7.06273147144335e-11,0
lin,3,SR1482_40X_HE_T005_01,0,5.395877392374775e-05,0
lin,3,SR1482_40X_HE_T005_02,0,2.1914137450516634e-07,0
lin,3,SR1482_40X_HE_T010_01,0,1.5533188611545062e-06,0
lin,3,SR1482_40X_HE_T043_01,0,0.020060162132943,0
lin,3,SR1482_40X_HE_T043_02,0,0.0004944296017564508,0
lin,3,SR1482_40X_HE_T049_01,0,2.3846467723174584e-07,0
lin,3,SR1482_40X_HE_T061_01,0,0.01547564317210174,0
lin,3,SR1482_40X_HE_T061_02,0,9.337302761006543e-05,0
lin,3,SR1482_40X_HE_T070_01,1,1.189999822797434e-05,0
lin,3,SR1482_40X_HE_T073_01,0,2.035525539151807e-09,0
lin,3,SR1482_40X_HE_T082_01,0,8.587626780624925e-12,0
lin,3,SR1482_40X_HE_T082_02,0,3.0842096220379327e-06,0
lin,3,SR1482_40X_HE_T089_01,0,3.425542891621344e-07,0
lin,3,SR1482_40X_HE_T090_01,0,4.046260031384262e-09,0
lin,3,SR1482_40X_HE_T094_01,1,0.023853185856591262,0
lin,3,SR1482_40X_HE_T094_02,1,0.002189809633802569,0
lin,3,SR1482_40X_HE_T105_01,0,2.7206368572994798e-09,0
lin,3,SR1482_40X_HE_T115_01,0,1.6263622446120278e-05,0
lin,3,SR1482_40X_HE_T115_02,0,2.336189163910313e-06,0
lin,3,SR1482_40X_HE_T118_01,0,0.6558874521000254,1
lin,3,SR1482_40X_HE_T118_02,0,0.0012778167375702908,0
lin,3,SR1482_40X_HE_T120_01,0,0.023796701864714324,0
lin,3,SR1482_40X_HE_T120_02,0,0.9378640147547888,1
lin,3,SR1482_40X_HE_T124_01,0,0.9155000364232708,1
lin,3,SR1482_40X_HE_T124_02,0,0.049999278376767396,0
lin,3,SR1482_40X_HE_T138_01,0,1.050288309338456e-06,0
lin,3,SR1482_40X_HE_T160_01,0,2.649317061640668e-06,0
lin,3,SR1482_40X_HE_T160_02,0,2.2714866505105488e-07,0
lin,3,SR1482_40X_HE_T167_01,0,0.0008091082245362782,0
lin,3,SR1482_40X_HE_T167_02,0,0.0409959531738604,0
lin,3,SR1482_40X_HE_T175_01,0,7.764548022323848e-06,0
lin,3,SR1482_40X_HE_T175_02,0,8.447286851839445e-06,0
lin,3,SR1482_40X_HE_T177_01,1,6.668981474041391e-07,0
lin,3,SR1482_40X_HE_T188_01,0,0.0007426790649477648,0
lin,3,SR1482_40X_HE_T195_01,0,0.0013922202811784388,0
lin,3,SR1482_40X_HE_T195_02,0,3.99224102672333e-05,0
lin,3,SR1482_40X_HE_T202_01,0,2.160074813309736e-10,0
lin,3,SR1482_40X_HE_T202_02,0,6.159677362745742e-07,0
lin,3,SR1482_40X_HE_T225_01,0,0.5973094364340172,1
lin,3,SR1482_40X_HE_T225_02,0,3.5620480470545926e-11,0
lin,3,SR1482_40X_HE_T235_01,0,3.884070751049489e-09,0
lin,3,SR1482_40X_HE_T235_02,0,3.430023576916249e-07,0
lin,3,SR1482_40X_HE_T236_01,0,3.253185081957706e-09,0
lin,3,SR1482_40X_HE_T236_02,0,3.323810948655493e-05,0
lin,3,SR1482_40X_HE_T258_01,0,1.2525504538372415e-06,0
lin,3,SR1482_40X_HE_T258_02,0,0.0004717346941042804,0
lin,3,SR1482_40X_HE_T284_01,1,0.7235377506191504,1
lin,3,SR1482_40X_HE_T284_02,1,0.00016679612868739438,0
lin,3,SR1482_40X_HE_T301_01,1,3.909143506078318e-05,0
lin,3,SR1482_40X_HE_T301_02,1,0.8561279454315468,1
lin,3,SR1482_40X_HE_T309_01,0,0.0006811158703908354,0
lin,3,SR1482_40X_HE_T313_01,0,0.03160098001367759,0
lin,3,SR1482_40X_HE_T313_02,0,5.300788586827109e-05,0
lin,3,SR1482_40X_HE_T338_01,0,0.7562287083536633,1
lin,3,SR1482_40X_HE_T344_01,0,0.45199787255173146,0
lin,3,SR1482_40X_HE_T344_02,0,0.8227488366466514,1
lin,3,SR1482_40X_HE_T346_01,0,0.0006995504348112518,0
lin,3,SR1482_40X_HE_T346_02,0,9.80040993904719e-06,0
lin,3,SR1482_40X_HE_T377_01,0,8.728908351727085e-09,0
lin,3,SR1482_40X_HE_T377_02,0,3.6515744124611164e-05,0
lin,3,SR1482_40X_HE_T419_01,0,8.820704783916712e-05,0
lin,3,SR1482_40X_HE_T427_01,0,7.5419951810141016e-06,0
lin,3,SR1482_40X_HE_T427_02,0,0.00011995673704520171,0
lin,3,SR386_40X_HE_T007_01,0,0.0015417859504779972,0
lin,3,SR386_40X_HE_T015_01,0,0.0005219680910001905,0
lin,3,SR386_40X_HE_T017_01,1,0.003736394109536167,0
lin,3,SR386_40X_HE_T032_01,0,1.826282061515179e-05,0
lin,3,SR386_40X_HE_T034_01,0,1.0040910844322545e-05,0
lin,3,SR386_40X_HE_T035_01,0,0.10557481300116377,0
lin,3,SR386_40X_HE_T041_01,0,0.9982959268259336,1
lin,3,SR386_40X_HE_T067_01,0,8.876981648028962e-10,0
lin,3,SR386_40X_HE_T075_01,0,1.0670751344654449e-05,0
lin,3,SR386_40X_HE_T081_01,0,5.4270512921257214e-08,0
lin,3,SR386_40X_HE_T083_01,0,0.011297922903407668,0
lin,3,SR386_40X_HE_T085_01,0,1.4118260121967805e-06,0
lin,3,SR386_40X_HE_T095_01,0,0.2677415187384465,0
lin,3,SR386_40X_HE_T104_01,0,0.02451270654764955,0
lin,3,SR386_40X_HE_T106_01,0,2.146985634888885e-08,0
lin,3,SR386_40X_HE_T112_01,0,2.5865388722658924e-05,0
lin,3,SR386_40X_HE_T128_01,0,2.6439068874661503e-07,0
lin,3,SR386_40X_HE_T132_01,0,2.501052079161994e-07,0
lin,3,SR386_40X_HE_T138_01,0,0.0018710649056578993,0
lin,3,SR386_40X_HE_T142_01,0,0.01705539067305415,0
lin,3,SR386_40X_HE_T149_01,0,0.0007154923072342357,0
lin,3,SR386_40X_HE_T165_01,1,0.07710773324580693,0
lin,3,SR386_40X_HE_T179_01,0,0.00022382353804608658,0
lin,3,SR386_40X_HE_T180_01,0,0.009374605735453768,0
lin,3,SR386_40X_HE_T182_01,0,0.09344894375796657,0
lin,3,SR386_40X_HE_T184_01,0,0.02227114830888385,0
lin,3,SR386_40X_HE_T188_01,0,1.6363911928073908e-11,0
lin,3,SR386_40X_HE_T191_01,0,2.1894234440443794e-05,0
lin,3,SR386_40X_HE_T197_01,0,0.00015800984109164164,0
lin,3,SR386_40X_HE_T201_01,0,1.3249781185120819e-07,0
lin,3,SR386_40X_HE_T202_01,0,7.570264276692728e-08,0
lin,3,SR386_40X_HE_T208_01,0,5.7659871143691374e-08,0
lin,3,SR386_40X_HE_T216_01,1,0.9919279977521669,1
lin,3,SR386_40X_HE_T238_01,0,5.626035641589705e-09,0
lin,3,SR386_40X_HE_T244_01,0,1.0632895868066922e-08,0
lin,3,SR386_40X_HE_T248_01,0,5.580405163887313e-05,0
lin,3,SR386_40X_HE_T249_01,0,2.1013881417441345e-10,0
lin,3,SR386_40X_HE_T250_01,0,1.6638111141420503e-06,0
lin,3,SR386_40X_HE_T263_01,0,5.463589710419481e-09,0
lin,3,SR386_40X_HE_T267_01,0,3.1348223832590536e-05,0
lin,3,SR386_40X_HE_T269_01,0,2.0462951733616265e-05,0
lin,3,SR386_40X_HE_T277_01,0,0.0013866767763480088,0
lin,3,SR386_40X_HE_T286_01,0,0.0004400837939446643,0
lin,3,SR386_40X_HE_T287_01,0,5.8473730440895925e-06,0
lin,3,SR386_40X_HE_T290_01,0,0.001094489497721736,0
lin,3,SR386_40X_HE_T293_01,0,3.527707820847159e-07,0
lin,3,SR386_40X_HE_T298_01,0,6.968635896796533e-07,0
lin,3,SR386_40X_HE_T303_01,0,7.19035687434186e-06,0
lin,3,SR386_40X_HE_T312_01,0,0.0003885027024747842,0
lin,3,SR386_40X_HE_T329_01,0,0.05248788146048449,0
lin,3,SR386_40X_HE_T336_01,0,0.009497514420415715,0
lin,3,SR386_40X_HE_T338_01,0,0.00013946355087903647,0
lin,3,SR386_40X_HE_T342_01,0,0.0004457471340512841,0
lin,3,SR386_40X_HE_T353_01,0,7.470717550566178e-05,0
lin,3,SR386_40X_HE_T357_01,0,1.9646268005088888e-10,0
lin,3,SR386_40X_HE_T362_01,0,3.2104184993406845e-07,0
lin,3,SR386_40X_HE_T363_01,1,0.025276101212457804,0
lin,3,SR386_40X_HE_T372_01,0,0.10550193734810497,0
lin,3,SR386_40X_HE_T378_01,0,6.362818691940221e-09,0
lin,3,SR386_40X_HE_T379_01,0,1.127211076925693e-09,0
lin,3,SR386_40X_HE_T386_01,0,0.00025317625087781644,0
lin,3,SR386_40X_HE_T387_01,0,9.538185617221766e-11,0
lin,3,SR386_40X_HE_T393_01,0,0.00010361044862021643,0
lin,3,SR386_40X_HE_T397_01,0,0.3329775247784674,0
lin,3,SR386_40X_HE_T406_01,0,8.323891825134693e-05,0
lin,3,SR386_40X_HE_T409_01,0,1.733760606710322e-06,0
lin,3,SR386_40X_HE_T422_01,0,2.2370039649406903e-07,0
lin,3,SR386_40X_HE_T426_01,0,2.149537492396966e-07,0
lin,3,SR386_40X_HE_T433_01,0,0.00022972460504375807,0
lin,3,SR386_40X_HE_T443_01,0,4.299082798329093e-05,0
lin,3,SR386_40X_HE_T448_01,0,0.004041518577962189,0
lin,3,SR386_40X_HE_T452_01,0,4.747194528737943e-06,0
lin,3,SR386_40X_HE_T460_01,1,0.2567923739776927,0
lin,3,SR386_40X_HE_T473_01,0,1.0635976396910175e-10,0
lin,3,SR386_40X_HE_T475_01,0,9.986841570706399e-11,0
lin,3,SR386_40X_HE_T478_01,0,3.5940557327107796e-07,0
lin,3,SR386_40X_HE_T489_01,1,1.0002172699409047e-05,0
lin,3,SR386_40X_HE_T491_01,0,1.43296223639796e-06,0
lin,3,SR386_40X_HE_T492_01,0,1.1037508364561707e-06,0
lin,3,SR386_40X_HE_T493_01,0,1.2118782357732563e-10,0
lin,3,SR386_40X_HE_T502_01,0,3.2382060564993388e-06,0
lin,3,SR386_40X_HE_T505_01,0,0.0009386116004048554,0
lin,3,SR386_40X_HE_T506_01,0,4.0357164943535515e-05,0
lin,3,SR386_40X_HE_T509_01,0,0.002388796700656222,0
lin,3,SR386_40X_HE_T516_01,0,0.00019210589164580594,0
lin,3,SR386_40X_HE_T518_01,0,2.8943261719820945e-07,0
lin,3,SR386_40X_HE_T519_01,0,1.3344642678449262e-11,0
lin,3,SR386_40X_HE_T521_01,0,6.856183485326936e-10,0
lin,3,SR386_40X_HE_T526_01,0,3.6692012737920675e-06,0
lin,3,SR386_40X_HE_T533_01,0,0.0003152770155845752,0
lin,3,SR386_40X_HE_T543_01,0,3.332758591187484e-07,0
lin,3,SR386_40X_HE_T544_01,0,5.5180256433129633e-11,0
lin,3,SR386_40X_HE_T556_01,1,0.9859328431206793,1
lin,3,SR386_40X_HE_T560_01,0,7.16417461811477e-07,0
lin,3,SR386_40X_HE_T563_01,0,5.044747535994216e-11,0
lin,3,SR386_40X_HE_T568_01,0,1.4500461589824658e-05,0
lin,3,SR386_40X_HE_T571_01,0,1.9568779401531235e-06,0
lin,3,SR386_40X_HE_T572_01,0,0.005908782772931235,0
lin,3,SR386_40X_HE_T573_01,0,0.0007206941139289443,0
lin,3,SR386_40X_HE_T583_01,0,1.3144175033927313e-07,0
lin,4,SR1482_40X_HE_T002_01,0,6.8638555796713885e-09,0
lin,4,SR1482_40X_HE_T003_01,0,0.9239336024285866,1
lin,4,SR1482_40X_HE_T004_01,0,6.494752189440772e-16,0
lin,4,SR1482_40X_HE_T004_02,0,7.507539297868462e-12,0
lin,4,SR1482_40X_HE_T011_01,0,1.8663549190124794e-05,0
lin,4,SR1482_40X_HE_T025_01,0,0.015529207852685028,0
lin,4,SR1482_40X_HE_T025_02,0,0.16365476641419396,0
lin,4,SR1482_40X_HE_T060_01,0,1.2966690381445887e-06,0
lin,4,SR1482_40X_HE_T062_01,0,2.2304643636664617e-06,0
lin,4,SR1482_40X_HE_T062_02,0,7.315568444089414e-06,0
lin,4,SR1482_40X_HE_T064_01,0,0.9999804719508388,1
lin,4,SR1482_40X_HE_T064_02,0,0.1383747104373091,0
lin,4,SR1482_40X_HE_T071_01,0,0.003928356178632965,0
lin,4,SR1482_40X_HE_T071_02,0,0.005257864631700608,0
lin,4,SR1482_40X_HE_T074_01,0,0.00011599456593192495,0
lin,4,SR1482_40X_HE_T074_02,0,5.924043402471186e-07,0
lin,4,SR1482_40X_HE_T083_01,0,0.0008693859872697314,0
lin,4,SR1482_40X_HE_T083_02,0,0.0016693066334392147,0
lin,4,SR1482_40X_HE_T087_01,0,0.0001053937013733764,0
lin,4,SR1482_40X_HE_T097_01,1,0.9943212022522702,1
lin,4,SR1482_40X_HE_T097_02,1,9.827197148055386e-05,0
lin,4,SR1482_40X_HE_T108_01,0,6.5929282986241015e-06,0
lin,4,SR1482_40X_HE_T113_01,0,0.006088467077952217,0
lin,4,SR1482_40X_HE_T113_02,0,0.00014347565856378372,0
lin,4,SR1482_40X_HE_T121_01,0,6.019658886129328e-12,0
lin,4,SR1482_40X_HE_T122_01,0,1.7352002874912334e-09,0
lin,4,SR1482_40X_HE_T125_01,0,1.0114888389678603e-05,0
lin,4,SR1482_40X_HE_T125_02,0,0.00059225226216658,0
lin,4,SR1482_40X_HE_T131_01,0,0.29000710182388295,0
lin,4,SR1482_40X_HE_T131_02,0,0.011789607944760333,0
lin,4,SR1482_40X_HE_T132_01,0,0.0012528127068826749,0
lin,4,SR1482_40X_HE_T132_02,0,2.5356794017623423e-05,0
lin,4,SR1482_40X_HE_T143_01,0,0.9969130600466714,1
lin,4,SR1482_40X_HE_T143_02,0,0.1915227285651629,0
lin,4,SR1482_40X_HE_T166_01,1,4.072700955330901e-11,0
lin,4,SR1482_40X_HE_T169_01,0,9.841916641964072e-06,0
lin,4,SR1482_40X_HE_T176_01,1,0.9986008693434637,1
lin,4,SR1482_40X_HE_T176_02,1,0.07379570263002104,0
lin,4,SR1482_40X_HE_T191_01,0,6.9990767267102335e-09,0
lin,4,SR1482_40X_HE_T194_01,0,6.827129951863117e-05,0
lin,4,SR1482_40X_HE_T218_01,0,3.88754780594874e-07,0
lin,4,SR1482_40X_HE_T253_01,0,8.011558071043563e-06,0
lin,4,SR1482_40X_HE_T290_01,0,3.364795759265732e-05,0
lin,4,SR1482_40X_HE_T308_01,0,5.68240954699972e-07,0
lin,4,SR1482_40X_HE_T314_01,0,0.5646237071602382,1
lin,4,SR1482_40X_HE_T314_02,0,0.9559595518904794,1
lin,4,SR1482_40X_HE_T372_01,1,0.29291041795456146,0
lin,4,SR1482_40X_HE_T372_02,1,0.00033381861559063055,0
lin,4,SR1482_40X_HE_T408_01,0,3.310518636636426e-06,0
lin,4,SR1482_40X_HE_T412_01,0,0.0001602330433336353,0
lin,4,SR1482_40X_HE_T425_01,0,2.956127489388694e-09,0
lin,4,SR1482_40X_HE_T434_01,1,2.0933028677088174e-05,0
lin,4,SR386_40X_HE_T006_01,0,0.0018756427143634248,0
lin,4,SR386_40X_HE_T010_01,0,4.783925625984045e-05,0
lin,4,SR386_40X_HE_T014_01,0,2.7916651313886164e-05,0
lin,4,SR386_40X_HE_T016_01,0,6.856083178961002e-05,0
lin,4,SR386_40X_HE_T020_01,0,3.8065344320870633e-13,0
lin,4,SR386_40X_HE_T027_01,0,2.509515163734142e-07,0
lin,4,SR386_40X_HE_T028_01,0,0.00027147088467857774,0
lin,4,SR386_40X_HE_T037_01,0,3.0034259173621784e-09,0
lin,4,SR386_40X_HE_T043_01,0,3.475818232993057e-05,0
lin,4,SR386_40X_HE_T044_01,1,0.001602896322495268,0
lin,4,SR386_40X_HE_T046_01,0,1.2522770222695857e-05,0
lin,4,SR386_40X_HE_T058_01,0,3.603514185757666e-07,0
lin,4,SR386_40X_HE_T062_01,0,1.5372395639890875e-10,0
lin,4,SR386_40X_HE_T065_01,1,0.008166057595820456,0
lin,4,SR386_40X_HE_T080_01,0,0.00012105036125843224,0
lin,4,SR386_40X_HE_T091_01,0,0.00010124085054033016,0
lin,4,SR386_40X_HE_T094_01,0,1.7786723277553084e-11,0
lin,4,SR386_40X_HE_T097_01,0,0.00022553418540659833,0
lin,4,SR386_40X_HE_T100_01,0,2.6274753046307955e-05,0
lin,4,SR386_40X_HE_T107_01,0,0.0009441001105158438,0
lin,4,SR386_40X_HE_T109_01,1,0.08084284496810408,0
lin,4,SR386_40X_HE_T110_01,0,0.000677059619221435,0
lin,4,SR386_40X_HE_T117_01,0,0.004564108112487857,0
lin,4,SR386_40X_HE_T127_01,0,4.528879139187948e-06,0
lin,4,SR386_40X_HE_T129_01,0,3.684042250475021e-09,0
lin,4,SR386_40X_HE_T136_01,0,6.1165644950586e-07,0
lin,4,SR386_40X_HE_T154_01,0,0.0006950395680149824,0
lin,4,SR386_40X_HE_T168_01,1,0.9495821187240047,1
lin,4,SR386_40X_HE_T175_01,0,2.542275926531751e-08,0
lin,4,SR386_40X_HE_T189_01,0,1.2060775582231291e-11,0
lin,4,SR386_40X_HE_T195_01,0,4.474069016281582e-11,0
lin,4,SR386_40X_HE_T227_01,0,0.00011957002445050825,0
lin,4,SR386_40X_HE_T233_01,0,5.660863081441655e-05,0
lin,4,SR386_40X_HE_T234_01,0,0.0015323221393000609,0
lin,4,SR386_40X_HE_T235_01,0,0.0002054488355104017,0
lin,4,SR386_40X_HE_T239_01,0,0.9451189987775842,1
lin,4,SR386_40X_HE_T245_01,0,4.971612989957456e-08,0
lin,4,SR386_40X_HE_T256_01,0,0.0003499112725097479,0
lin,4,SR386_40X_HE_T265_01,0,1.1037770174801675e-05,0
lin,4,SR386_40X_HE_T268_01,0,1.4843836649926142e-07,0
lin,4,SR386_40X_HE_T270_01,0,6.509999402952163e-09,0
lin,4,SR386_40X_HE_T272_01,0,0.6262546322081006,1
lin,4,SR386_40X_HE_T273_01,0,0.00020793282621835247,0
lin,4,SR386_40X_HE_T276_01,0,0.002394882615103685,0
lin,4,SR386_40X_HE_T278_01,1,0.7842772761619268,1
lin,4,SR386_40X_HE_T284_01,0,2.727665656164069e-06,0
lin,4,SR386_40X_HE_T285_01,0,6.102295898576683e-08,0
lin,4,SR386_40X_HE_T288_01,0,2.650423381859011e-05,0
lin,4,SR386_40X_HE_T291_01,0,0.0003981484456177509,0
lin,4,SR386_40X_HE_T300_01,0,8.888421935686555e-07,0
lin,4,SR386_40X_HE_T302_01,0,6.02430614197421e-06,0
lin,4,SR386_40X_HE_T305_01,0,4.022454000549121e-09,0
lin,4,SR386_40X_HE_T308_01,0,4.312078098747232e-09,0
lin,4,SR386_40X_HE_T325_01,0,2.7628114527555222e-05,0
lin,4,SR386_40X_HE_T331_01,0,5.286616896213557e-07,0
lin,4,SR386_40X_HE_T341_01,0,0.0007962363144013159,0
lin,4,SR386_40X_HE_T343_01,1,1.0029904429311104e-07,0
lin,4,SR386_40X_HE_T346_01,0,0.0017227471169288678,0
lin,4,SR386_40X_HE_T352_01,0,1.2419135978776744e-07,0
lin,4,SR386_40X_HE_T373_01,0,2.2914600267474796e-05,0
lin,4,SR386_40X_HE_T375_01,0,0.3541717996183058,0
lin,4,SR386_40X_HE_T381_01,0,1.7474302839030126e-08,0
lin,4,SR386_40X_HE_T389_01,0,1.0625354045338944e-07,0
lin,4,SR386_40X_HE_T391_01,0,3.843246571510793e-11,0
lin,4,SR386_40X_HE_T394_01,0,2.0134147783266495e-06,0
lin,4,SR386_40X_HE_T399_01,0,0.9706660224776164,1
lin,4,SR386_40X_HE_T403_01,0,1.2152451856875927e-08,0
lin,4,SR386_40X_HE_T405_01,0,0.00016046956608703708,0
lin,4,SR386_40X_HE_T407_01,0,1.5835923822873943e-05,0
lin,4,SR386_40X_HE_T414_01,0,7.294843026746699e-07,0
lin,4,SR386_40X_HE_T424_01,0,0.004383780318887429,0
lin,4,SR386_40X_HE_T429_01,0,0.4913489713552122,0
lin,4,SR386_40X_HE_T441_01,0,0.00013548410224065952,0
lin,4,SR386_40X_HE_T451_01,0,5.4794808194835734e-06,0
lin,4,SR386_40X_HE_T453_01,0,2.443702699729483e-10,0
lin,4,SR386_40X_HE_T455_01,0,0.00240623037413135,0
lin,4,SR386_40X_HE_T465_01,0,1.949813617502296e-05,0
lin,4,SR386_40X_HE_T474_01,0,2.169523695769369e-05,0
lin,4,SR386_40X_HE_T476_01,0,0.04294442625162379,0
lin,4,SR386_40X_HE_T479_01,0,4.682635567920136e-06,0
lin,4,SR386_40X_HE_T482_01,0,3.548708251043804e-06,0
lin,4,SR386_40X_HE_T487_01,0,5.536370414034887e-10,0
lin,4,SR386_40X_HE_T490_01,0,1.0674315299518605e-05,0
lin,4,SR386_40X_HE_T494_01,0,6.975760188697205e-09,0
lin,4,SR386_40X_HE_T500_01,0,3.012677851159019e-08,0
lin,4,SR386_40X_HE_T510_01,0,0.0005892401899181151,0
lin,4,SR386_40X_HE_T524_01,0,2.4300626597072465e-07,0
lin,4,SR386_40X_HE_T528_01,0,0.013565660781037525,0
lin,4,SR386_40X_HE_T532_01,0,5.070847255222794e-08,0
lin,4,SR386_40X_HE_T534_01,0,0.007589635956714078,0
lin,4,SR386_40X_HE_T536_01,0,2.467113834659412e-05,0
lin,4,SR386_40X_HE_T537_01,0,5.517728724431725e-05,0
lin,4,SR386_40X_HE_T541_01,0,3.0085623216573042e-06,0
lin,4,SR386_40X_HE_T548_01,1,0.11545518181563079,0
lin,4,SR386_40X_HE_T550_01,0,0.16995272573530332,0
lin,4,SR386_40X_HE_T551_01,0,6.105844146634498e-06,0
lin,4,SR386_40X_HE_T557_01,0,5.1006832283192e-06,0
lin,4,SR386_40X_HE_T565_01,0,0.0001364990269966004,0
lin,4,SR386_40X_HE_T567_01,0,9.213207413311877e-08,0
lin,4,SR386_40X_HE_T575_01,0,1.814480990580299e-05,0
lin,4,SR386_40X_HE_T576_01,0,0.009408118598229069,0
lin,4,SR386_40X_HE_T581_01,0,0.7719553009208742,1
ann,1,SR1482_40X_HE_T029_01,0,0.7507754564285278,1
ann,1,SR1482_40X_HE_T029_02,0,0.9350315928459167,1
ann,1,SR1482_40X_HE_T057_01,0,0.12182574719190598,0
ann,1,SR1482_40X_HE_T063_01,1,0.9939267039299011,1
ann,1,SR1482_40X_HE_T063_02,1,0.7772789597511292,1
ann,1,SR1482_40X_HE_T065_01,0,0.3846571445465088,0
ann,1,SR1482_40X_HE_T065_02,0,0.4845653176307678,0
ann,1,SR1482_40X_HE_T066_01,0,0.7443631291389465,1
ann,1,SR1482_40X_HE_T066_02,0,0.9949081540107727,1
ann,1,SR1482_40X_HE_T068_01,0,0.4372098445892334,0
ann,1,SR1482_40X_HE_T069_01,0,0.17154979705810547,0
ann,1,SR1482_40X_HE_T069_02,0,0.27702105045318604,0
ann,1,SR1482_40X_HE_T079_01,1,0.48894017934799194,0
ann,1,SR1482_40X_HE_T079_02,1,0.7503679394721985,1
ann,1,SR1482_40X_HE_T080_01,0,0.2725040912628174,0
ann,1,SR1482_40X_HE_T080_02,0,0.505605936050415,1
ann,1,SR1482_40X_HE_T081_01,0,0.39989808201789856,0
ann,1,SR1482_40X_HE_T081_02,0,0.05741624906659126,0
ann,1,SR1482_40X_HE_T099_01,0,0.27687427401542664,0
ann,1,SR1482_40X_HE_T116_01,0,0.28108295798301697,0
ann,1,SR1482_40X_HE_T117_01,0,0.10032869130373001,0
ann,1,SR1482_40X_HE_T117_02,0,0.07902554422616959,0
ann,1,SR1482_40X_HE_T126_01,0,0.4801481366157532,0
ann,1,SR1482_40X_HE_T129_01,0,0.3967815339565277,0
ann,1,SR1482_40X_HE_T129_02,0,0.9821583032608032,1
ann,1,SR1482_40X_HE_T139_01,0,0.4595463275909424,0
ann,1,SR1482_40X_HE_T139_02,0,0.4582742750644684,0
ann,1,SR1482_40X_HE_T147_01,0,0.9429121017456055,1
ann,1,SR1482_40X_HE_T147_02,0,0.9901926517486572,1
ann,1,SR1482_40X_HE_T159_01,0,0.09991125762462616,0
ann,1,SR1482_40X_HE_T159_02,0,0.07851473987102509,0
ann,1,SR1482_40X_HE_T192_01,0,0.007371287327259779,0
ann,1,SR1482_40X_HE_T199_01,0,0.47550347447395325,0
ann,1,SR1482_40X_HE_T304_01,0,0.25521087646484375,0
ann,1,SR1482_40X_HE_T304_02,0,0.4911128878593445,0
ann,1,SR1482_40X_HE_T310_01,1,0.1447051614522934,0
ann,1,SR1482_40X_HE_T310_02,1,0.3032798171043396,0
ann,1,SR1482_40X_HE_T341_01,0,0.2273348718881607,0
ann,1,SR1482_40X_HE_T341_02,0,0.3119717240333557,0
ann,1,SR1482_40X_HE_T353_01,0,0.7430928349494934,1
ann,1,SR1482_40X_HE_T390_01,0,0.6895332336425781,1
ann,1,SR1482_40X_HE_T433_01,1,0.792417585849762,1
ann,1,SR386_40X_HE_T003_01,0,0.22940067946910858,0
ann,1,SR386_40X_HE_T004_01,0,0.6869341135025024,1
ann,1,SR386_40X_HE_T022_01,1,0.9454494714736938,1
ann,1,SR386_40X_HE_T030_01,0,0.41165682673454285,0
ann,1,SR386_40X_HE_T033_01,0,0.14693044126033783,0
ann,1,SR386_40X_HE_T036_01,0,0.07865560799837112,0
ann,1,SR386_40X_HE_T038_01,0,0.5404901504516602,1
ann,1,SR386_40X_HE_T049_01,0,0.19781778752803802,0
ann,1,SR386_40X_HE_T050_01,0,0.46347808837890625,0
ann,1,SR386_40X_HE_T060_01,0,0.3129333257675171,0
ann,1,SR386_40X_HE_T063_01,0,0.30524754524230957,0
ann,1,SR386_40X_HE_T066_01,0,0.23381902277469635,0
ann,1,SR386_40X_HE_T069_01,0,0.39795616269111633,0
ann,1,SR386_40X_HE_T072_01,0,0.11993774026632309,0
ann,1,SR386_40X_HE_T074_01,0,0.5827758312225342,1
ann,1,SR386_40X_HE_T078_01,0,0.16558384895324707,0
ann,1,SR386_40X_HE_T079_01,0,0.1138870120048523,0
ann,1,SR386_40X_HE_T092_01,1,0.46605798602104187,0
ann,1,SR386_40X_HE_T096_01,0,0.1986897736787796,0
ann,1,SR386_40X_HE_T099_01,0,0.29655492305755615,0
ann,1,SR386_40X_HE_T103_01,0,0.019994551315903664,0
ann,1,SR386_40X_HE_T108_01,0,0.815382182598114,1
ann,1,SR386_40X_HE_T113_01,0,0.5099278092384338,1
ann,1,SR386_40X_HE_T114_01,0,0.22923897206783295,0
ann,1,SR386_40X_HE_T119_01,0,0.3496588170528412,0
ann,1,SR386_40X_HE_T126_01,0,0.3291096091270447,0
ann,1,SR386_40X_HE_T130_01,0,0.1921422928571701,0
ann,1,SR386_40X_HE_T131_01,0,0.4360015094280243,0
ann,1,SR386_40X_HE_T135_01,0,0.7913557291030884,1
ann,1,SR386_40X_HE_T140_01,0,0.16805338859558105,0
ann,1,SR386_40X_HE_T144_01,0,0.4822620153427124,0
ann,1,SR386_40X_HE_T147_01,0,0.38817083835601807,0
ann,1,SR386_40X_HE_T148_01,0,0.5306854844093323,1
ann,1,SR386_40X_HE_T160_01,0,0.21807225048542023,0
ann,1,SR386_40X_HE_T169_01,0,0.11958631873130798,0
ann,1,SR386_40X_HE_T170_01,1,0.8611286282539368,1
ann,1,SR386_40X_HE_T172_01,0,0.8070554733276367,1
ann,1,SR386_40X_HE_T174_01,0,0.553948163986206,1
ann,1,SR386_40X_HE_T181_01,0,0.3535046875476837,0
ann,1,SR386_40X_HE_T196_01,0,0.15252989530563354,0
ann,1,SR386_40X_HE_T205_01,0,0.47904011607170105,0
ann,1,SR386_40X_HE_T209_01,0,0.24865730106830597,0
ann,1,SR386_40X_HE_T210_01,0,0.1366780400276184,0
ann,1,SR386_40X_HE_T212_01,0,0.5343613028526306,1
ann,1,SR386_40X_HE_T221_01,0,0.1360338181257248,0
ann,1,SR386_40X_HE_T224_01,0,0.24024343490600586,0
ann,1,SR386_40X_HE_T231_01,1,0.41995203495025635,0
ann,1,SR386_40X_HE_T232_01,0,0.1257358342409134,0
ann,1,SR386_40X_HE_T247_01,0,0.34314921498298645,0
ann,1,SR386_40X_HE_T252_01,0,0.19499152898788452,0
ann,1,SR386_40X_HE_T255_01,0,0.1756017506122589,0
ann,1,SR386_40X_HE_T259_01,1,0.23124577105045319,0
ann,1,SR386_40X_HE_T274_01,0,0.15422947704792023,0
ann,1,SR386_40X_HE_T275_01,0,0.4351905584335327,0
ann,1,SR386_40X_HE_T282_01,0,0.14871007204055786,0
ann,1,SR386_40X_HE_T294_01,0,0.9388161897659302,1
ann,1,SR386_40X_HE_T311_01,0,0.5354145169258118,1
ann,1,SR386_40X_HE_T315_01,0,0.1424800008535385,0
ann,1,SR386_40X_HE_T319_01,1,0.14658163487911224,0
ann,1,SR386_40X_HE_T324_01,1,0.5028057098388672,1
ann,1,SR386_40X_HE_T330_01,0,0.08728457242250443,0
ann,1,SR386_40X_HE_T333_01,0,0.19762876629829407,0
ann,1,SR386_40X_HE_T335_01,0,0.2602592408657074,0
ann,1,SR386_40X_HE_T337_01,0,0.7322096824645996,1
ann,1,SR386_40X_HE_T344_01,0,0.6114693880081177,1
ann,1,SR386_40X_HE_T347_01,0,0.1573607474565506,0
ann,1,SR386_40X_HE_T350_01,0,0.21535131335258484,0
ann,1,SR386_40X_HE_T351_01,0,0.2262381613254547,0
ann,1,SR386_40X_HE_T360_01,0,0.20699664950370789,0
ann,1,SR386_40X_HE_T361_01,0,0.4203185439109802,0
ann,1,SR386_40X_HE_T366_01,0,0.18358594179153442,0
ann,1,SR386_40X_HE_T377_01,1,0.5269646048545837,1
ann,1,SR386_40X_HE_T384_01,0,0.24539728462696075,0
ann,1,SR386_40X_HE_T395_01,0,0.35747477412223816,0
ann,1,SR386_40X_HE_T396_01,0,0.1762763261795044,0
ann,1,SR386_40X_HE_T401_01,0,0.671032726764679,1
ann,1,SR386_40X_HE_T408_01,0,0.19857600331306458,0
ann,1,SR386_40X_HE_T410_01,0,0.31707897782325745,0
ann,1,SR386_40X_HE_T413_01,0,0.7641687393188477,1
ann,1,SR386_40X_HE_T416_01,0,0.1837969869375229,0
ann,1,SR386_40X_HE_T418_01,0,0.21362987160682678,0
ann,1,SR386_40X_HE_T419_01,0,0.13117071986198425,0
ann,1,SR386_40X_HE_T421_01,0,0.20495781302452087,0
ann,1,SR386_40X_HE_T423_01,0,0.37903398275375366,0
ann,1,SR386_40X_HE_T428_01,0,0.598869800567627,1
ann,1,SR386_40X_HE_T430_01,0,0.17935116589069366,0
ann,1,SR386_40X_HE_T431_01,0,0.352133184671402,0
ann,1,SR386_40X_HE_T435_01,0,0.31816738843917847,0
ann,1,SR386_40X_HE_T438_01,0,0.3087135851383209,0
ann,1,SR386_40X_HE_T439_01,0,0.41393065452575684,0
ann,1,SR386_40X_HE_T447_01,0,0.13090917468070984,0
ann,1,SR386_40X_HE_T449_01,0,0.2244396060705185,0
ann,1,SR386_40X_HE_T454_01,0,0.09713166207075119,0
ann,1,SR386_40X_HE_T456_01,0,0.15638957917690277,0
ann,1,SR386_40X_HE_T461_01,0,0.2655777931213379,0
ann,1,SR386_40X_HE_T462_01,0,0.1486891508102417,0
ann,1,SR386_40X_HE_T468_01,0,0.08365774154663086,0
ann,1,SR386_40X_HE_T469_01,1,0.30466756224632263,0
ann,1,SR386_40X_HE_T470_01,0,0.47839879989624023,0
ann,1,SR386_40X_HE_T471_01,0,0.2373894900083542,0
ann,1,SR386_40X_HE_T477_01,0,0.21021689474582672,0
ann,1,SR386_40X_HE_T480_01,0,0.3776487410068512,0
ann,1,SR386_40X_HE_T484_01,0,0.6145075559616089,1
ann,1,SR386_40X_HE_T495_01,0,0.21764442324638367,0
ann,1,SR386_40X_HE_T496_01,0,0.16099782288074493,0
ann,1,SR386_40X_HE_T498_01,0,0.40942859649658203,0
ann,1,SR386_40X_HE_T504_01,0,0.1657327264547348,0
ann,1,SR386_40X_HE_T511_01,0,0.2660287916660309,0
ann,1,SR386_40X_HE_T517_01,0,0.7436822056770325,1
ann,1,SR386_40X_HE_T523_01,0,0.19827212393283844,0
ann,1,SR386_40X_HE_T529_01,0,0.16599613428115845,0
ann,1,SR386_40X_HE_T542_01,0,0.3327927589416504,0
ann,1,SR386_40X_HE_T569_01,0,0.16723616421222687,0
ann,1,SR386_40X_HE_T582_01,0,0.19007286429405212,0
ann,2,SR1482_40X_HE_T009_01,0,0.2786174416542053,0
ann,2,SR1482_40X_HE_T009_02,0,0.216933473944664,0
ann,2,SR1482_40X_HE_T015_01,0,0.8536359667778015,1
ann,2,SR1482_40X_HE_T021_01,0,0.23738399147987366,0
ann,2,SR1482_40X_HE_T067_01,0,0.7808303236961365,1
ann,2,SR1482_40X_HE_T075_01,0,0.4181802570819855,0
ann,2,SR1482_40X_HE_T075_02,0,0.5863085389137268,1
ann,2,SR1482_40X_HE_T098_01,0,0.7577753067016602,1
ann,2,SR1482_40X_HE_T098_02,0,0.13661059737205505,0
ann,2,SR1482_40X_HE_T102_01,0,0.4893825352191925,0
ann,2,SR1482_40X_HE_T123_01,0,0.3310718536376953,0
ann,2,SR1482_40X_HE_T142_01,0,0.18633882701396942,0
ann,2,SR1482_40X_HE_T146_01,0,0.9984568357467651,1
ann,2,SR1482_40X_HE_T148_01,0,0.6966500282287598,1
ann,2,SR1482_40X_HE_T148_02,0,0.36889129877090454,0
ann,2,SR1482_40X_HE_T154_01,0,0.1976999044418335,0
ann,2,SR1482_40X_HE_T158_01,0,0.49305373430252075,0
ann,2,SR1482_40X_HE_T161_01,0,0.9030542373657227,1
ann,2,SR1482_40X_HE_T161_02,0,0.44571807980537415,0
ann,2,SR1482_40X_HE_T164_01,1,0.3440563678741455,0
ann,2,SR1482_40X_HE_T164_02,1,0.3041350543498993,0
ann,2,SR1482_40X_HE_T168_01,0,0.3117521107196808,0
ann,2,SR1482_40X_HE_T171_01,0,0.5528165102005005,1
ann,2,SR1482_40X_HE_T171_02,0,0.4827614724636078,0
ann,2,SR1482_40X_HE_T178_01,1,0.5146157145500183,1
ann,2,SR1482_40X_HE_T186_01,0,0.23793235421180725,0
ann,2,SR1482_40X_HE_T193_01,0,0.5807458758354187,1
ann,2,SR1482_40X_HE_T193_02,0,0.9750730395317078,1
ann,2,SR1482_40X_HE_T209_01,0,0.4686364531517029,0
ann,2,SR1482_40X_HE_T209_02,0,0.8425865769386292,1
ann,2,SR1482_40X_HE_T245_01,0,0.5579184889793396,1
ann,2,SR1482_40X_HE_T245_02,0,0.3616285026073456,0
ann,2,SR1482_40X_HE_T265_01,0,0.38543519377708435,0
ann,2,SR1482_40X_HE_T302_01,0,0.5566303133964539,1
ann,2,SR1482_40X_HE_T343_01,1,0.3119332492351532,0
ann,2,SR1482_40X_HE_T343_02,1,0.8891296982765198,1
ann,2,SR1482_40X_HE_T399_01,0,0.3736022710800171,0
ann,2,SR1482_40X_HE_T399_02,0,0.6893723607063293,1
ann,2,SR1482_40X_HE_T426_01,0,0.44205382466316223,0
ann,2,SR1482_40X_HE_T426_02,0,0.44878360629081726,0
ann,2,SR386_40X_HE_T001_01,0,0.5656922459602356,1
ann,2,SR386_40X_HE_T013_01,0,0.5239858627319336,1
ann,2,SR386_40X_HE_T018_01,0,0.3385295271873474,0
ann,2,SR386_40X_HE_T019_01,0,0.3416576683521271,0
ann,2,SR386_40X_HE_T024_01,0,0.26188644766807556,0
ann,2,SR386_40X_HE_T039_01,0,0.3274764120578766,0
ann,2,SR386_40X_HE_T040_01,1,0.8112859725952148,1
ann,2,SR386_40X_HE_T042_01,0,0.4649081230163574,0
ann,2,SR386_40X_HE_T047_01,0,0.25973230600357056,0
ann,2,SR386_40X_HE_T051_01,0,0.24451765418052673,0
ann,2,SR386_40X_HE_T052_01,0,0.47960591316223145,0
ann,2,SR386_40X_HE_T056_01,0,0.36453160643577576,0
ann,2,SR386_40X_HE_T057_01,0,0.47923552989959717,0
ann,2,SR386_40X_HE_T070_01,0,0.27630260586738586,0
ann,2,SR386_40X_HE_T082_01,0,0.8548229336738586,1
ann,2,SR386_40X_HE_T084_01,0,0.4412187933921814,0
ann,2,SR386_40X_HE_T087_01,0,0.7043692469596863,1
ann,2,SR386_40X_HE_T088_01,0,0.4563145041465759,0
ann,2,SR386_40X_HE_T098_01,0,0.48871859908103943,0
ann,2,SR386_40X_HE_T105_01,0,0.4091048538684845,0
ann,2,SR386_40X_HE_T122_01,0,0.3889854848384857,0
ann,2,SR386_40X_HE_T123_01,0,0.5274817943572998,1
ann,2,SR386_40X_HE_T133_01,0,0.3642785847187042,0
ann,2,SR386_40X_HE_T145_01,0,0.31127363443374634,0
ann,2,SR386_40X_HE_T150_01,0,0.40654391050338745,0
ann,2,SR386_40X_HE_T152_01,0,0.37084004282951355,0
ann,2,SR386_40X_HE_T155_01,0,0.5334790349006653,1
ann,2,SR386_40X_HE_T157_01,0,0.3880529999732971,0
ann,2,SR386_40X_HE_T164_01,0,0.3744351267814636,0
ann,2,SR386_40X_HE_T166_01,0,0.24082915484905243,0
ann,2,SR386_40X_HE_T176_01,1,0.5325694680213928,1
ann,2,SR386_40X_HE_T177_01,0,0.306542307138443,0
ann,2,SR386_40X_HE_T178_01,0,0.5029675364494324,1
ann,2,SR386_40X_HE_T187_01,0,0.49459487199783325,0
ann,2,SR386_40X_HE_T190_01,0,0.23213601112365723,0
ann,2,SR386_40X_HE_T192_01,0,0.3442881107330322,0
ann,2,SR386_40X_HE_T198_01,0,0.3218928277492523,0
ann,2,SR386_40X_HE_T200_01,0,0.5312674045562744,1
ann,2,SR386_40X_HE_T206_01,1,0.28059062361717224,0
ann,2,SR386_40X_HE_T211_01,0,0.41096261143684387,0
ann,2,SR386_40X_HE_T213_01,0,0.38922572135925293,0
ann,2,SR386_40X_HE_T214_01,0,0.49464157223701477,0
ann,2,SR386_40X_HE_T220_01,0,0.4895663559436798,0
ann,2,SR386_40X_HE_T230_01,1,0.7506986260414124,1
ann,2,SR386_40X_HE_T236_01,0,0.5126513838768005,1
ann,2,SR386_40X_HE_T237_01,0,0.5281810760498047,1
ann,2,SR386_40X_HE_T240_01,0,0.32186341285705566,0
ann,2,SR386_40X_HE_T241_01,0,0.32131922245025635,0
ann,2,SR386_40X_HE_T242_01,0,0.45190295577049255,0
ann,2,SR386_40X_HE_T253_01,0,0.3328227698802948,0
ann,2,SR386_40X_HE_T260_01,0,0.3449832797050476,0
ann,2,SR386_40X_HE_T262_01,0,0.46830224990844727,0
ann,2,SR386_40X_HE_T264_01,0,0.8213157653808594,1
ann,2,SR386_40X_HE_T271_01,0,0.3419342637062073,0
ann,2,SR386_40X_HE_T281_01,0,0.3737874925136566,0
ann,2,SR386_40X_HE_T297_01,0,0.3334047496318817,0
ann,2,SR386_40X_HE_T299_01,0,0.29666075110435486,0
ann,2,SR386_40X_HE_T301_01,0,0.2745234966278076,0
ann,2,SR386_40X_HE_T306_01,0,0.5067620873451233,1
ann,2,SR386_40X_HE_T309_01,0,0.3380029499530792,0
ann,2,SR386_40X_HE_T314_01,0,0.35540398955345154,0
ann,2,SR386_40X_HE_T316_01,0,0.8990508913993835,1
ann,2,SR386_40X_HE_T318_01,0,0.3596981465816498,0
ann,2,SR386_40X_HE_T321_01,0,0.41388586163520813,0
ann,2,SR386_40X_HE_T326_01,0,0.39038848876953125,0
ann,2,SR386_40X_HE_T327_01,0,0.3478390574455261,0
ann,2,SR386_40X_HE_T332_01,1,0.532066822052002,1
ann,2,SR386_40X_HE_T355_01,0,0.6493654847145081,1
ann,2,SR386_40X_HE_T364_01,0,0.6022406220436096,1
ann,2,SR386_40X_HE_T368_01,1,0.3087616264820099,0
ann,2,SR386_40X_HE_T374_01,0,0.349068820476532,0
ann,2,SR386_40X_HE_T380_01,0,0.3085876405239105,0
ann,2,SR386_40X_HE_T382_01,0,0.3070375621318817,0
ann,2,SR386_40X_HE_T392_01,0,0.4262712299823761,0
ann,2,SR386_40X_HE_T398_01,0,0.23093897104263306,0
ann,2,SR386_40X_HE_T402_01,1,0.4539368748664856,0
ann,2,SR386_40X_HE_T404_01,0,0.42855122685432434,0
ann,2,SR386_40X_HE_T415_01,0,0.25890159606933594,0
ann,2,SR386_40X_HE_T417_01,0,0.312906414270401,0
ann,2,SR386_40X_HE_T425_01,0,0.29690539836883545,0
ann,2,SR386_40X_HE_T436_01,1,0.34875550866127014,0
ann,2,SR386_40X_HE_T437_01,0,0.2648334801197052,0
ann,2,SR386_40X_HE_T440_01,0,0.5402738451957703,1
ann,2,SR386_40X_HE_T445_01,0,0.44024062156677246,0
ann,2,SR386_40X_HE_T450_01,0,0.26273831725120544,0
ann,2,SR386_40X_HE_T459_01,0,0.3425676226615906,0
ann,2,SR386_40X_HE_T472_01,0,0.40597760677337646,0
ann,2,SR386_40X_HE_T481_01,0,0.4345555603504181,0
ann,2,SR386_40X_HE_T483_01,0,0.3554227352142334,0
ann,2,SR386_40X_HE_T486_01,0,0.36675921082496643,0
ann,2,SR386_40X_HE_T488_01,0,0.22297610342502594,0
ann,2,SR386_40X_HE_T499_01,0,0.5289291143417358,1
ann,2,SR386_40X_HE_T507_01,0,0.8123576045036316,1
ann,2,SR386_40X_HE_T514_01,0,0.35843798518180847,0
ann,2,SR386_40X_HE_T520_01,1,0.4945131838321686,0
ann,2,SR386_40X_HE_T522_01,0,0.5492700934410095,1
ann,2,SR386_40X_HE_T531_01,0,0.40935349464416504,0
ann,2,SR386_40X_HE_T535_01,0,0.2468011975288391,0
ann,2,SR386_40X_HE_T539_01,0,0.31143829226493835,0
ann,2,SR386_40X_HE_T549_01,0,0.30004116892814636,0
ann,2,SR386_40X_HE_T552_01,0,0.500435471534729,1
ann,2,SR386_40X_HE_T553_01,0,0.6405971646308899,1
ann,2,SR386_40X_HE_T554_01,0,0.20379853248596191,0
ann,2,SR386_40X_HE_T558_01,0,0.47461941838264465,0
ann,2,SR386_40X_HE_T564_01,0,0.2523331344127655,0
ann,2,SR386_40X_HE_T570_01,0,0.33779263496398926,0
ann,2,SR386_40X_HE_T574_01,0,0.2694453299045563,0
ann,2,SR386_40X_HE_T578_01,0,0.225539892911911,0
ann,2,SR386_40X_HE_T580_01,0,0.2978976368904114,0
ann,3,SR1482_40X_HE_T005_01,0,0.6693535447120667,1
ann,3,SR1482_40X_HE_T005_02,0,0.37276193499565125,0
ann,3,SR1482_40X_HE_T010_01,0,0.33251574635505676,0
ann,3,SR1482_40X_HE_T043_01,0,0.2947444021701813,0
ann,3,SR1482_40X_HE_T043_02,0,0.5244853496551514,1
ann,3,SR1482_40X_HE_T049_01,0,0.49677860736846924,0
ann,3,SR1482_40X_HE_T061_01,0,0.6763546466827393,1
ann,3,SR1482_40X_HE_T061_02,0,0.39859509468078613,0
ann,3,SR1482_40X_HE_T070_01,1,0.32030677795410156,0
ann,3,SR1482_40X_HE_T073_01,0,0.34125834703445435,0
ann,3,SR1482_40X_HE_T082_01,0,0.27783438563346863,0
ann,3,SR1482_40X_HE_T082_02,0,0.46485787630081177,0
ann,3,SR1482_40X_HE_T089_01,0,0.21371403336524963,0
ann,3,SR1482_40X_HE_T090_01,0,0.4470454156398773,0
ann,3,SR1482_40X_HE_T094_01,1,0.315084308385849,0
ann,3,SR1482_40X_HE_T094_02,1,0.4525684416294098,0
ann,3,SR1482_40X_HE_T105_01,0,0.45653486251831055,0
ann,3,SR1482_40X_HE_T115_01,0,0.3723689019680023,0
ann,3,SR1482_40X_HE_T115_02,0,0.35303163528442383,0
ann,3,SR1482_40X_HE_T118_01,0,0.6444911360740662,1
ann,3,SR1482_40X_HE_T118_02,0,0.497750848531723,0
ann,3,SR1482_40X_HE_T120_01,0,0.7256739139556885,1
ann,3,SR1482_40X_HE_T120_02,0,0.749099612236023,1
ann,3,SR1482_40X_HE_T124_01,0,0.48136648535728455,0
ann,3,SR1482_40X_HE_T124_02,0,0.7310152053833008,1
ann,3,SR1482_40X_HE_T138_01,0,0.3775623142719269,0
ann,3,SR1482_40X_HE_T160_01,0,0.40929460525512695,0
ann,3,SR1482_40X_HE_T160_02,0,0.33781081438064575,0
ann,3,SR1482_40X_HE_T167_01,0,0.33826902508735657,0
ann,3,SR1482_40X_HE_T167_02,0,0.41599228978157043,0
ann,3,SR1482_40X_HE_T175_01,0,0.3520467281341553,0
ann,3,SR1482_40X_HE_T175_02,0,0.5372658371925354,1
ann,3,SR1482_40X_HE_T177_01,1,0.2687544524669647,0
ann,3,SR1482_40X_HE_T188_01,0,0.3943493068218231,0
ann,3,SR1482_40X_HE_T195_01,0,0.26375633478164673,0
ann,3,SR1482_40X_HE_T195_02,0,0.25202614068984985,0
ann,3,SR1482_40X_HE_T202_01,0,0.3150308430194855,0
ann,3,SR1482_40X_HE_T202_02,0,0.3270789384841919,0
ann,3,SR1482_40X_HE_T225_01,0,0.889843761920929,1
ann,3,SR1482_40X_HE_T225_02,0,0.1893557608127594,0
ann,3,SR1482_40X_HE_T235_01,0,0.35445424914360046,0
ann,3,SR1482_40X_HE_T235_02,0,0.6112179160118103,1
ann,3,SR1482_40X_HE_T236_01,0,0.19887486100196838,0
ann,3,SR1482_40X_HE_T236_02,0,0.32694944739341736,0
ann,3,SR1482_40X_HE_T258_01,0,0.41098323464393616,0
ann,3,SR1482_40X_HE_T258_02,0,0.5199992656707764,1
ann,3,SR1482_40X_HE_T284_01,1,0.571102499961853,1
ann,3,SR1482_40X_HE_T284_02,1,0.6167842745780945,1
ann,3,SR1482_40X_HE_T301_01,1,0.411843866109848,0
ann,3,SR1482_40X_HE_T301_02,1,0.6931312084197998,1
ann,3,SR1482_40X_HE_T309_01,0,0.34299686551094055,0
ann,3,SR1482_40X_HE_T313_01,0,0.6761724352836609,1
ann,3,SR1482_40X_HE_T313_02,0,0.7914855480194092,1
ann,3,SR1482_40X_HE_T338_01,0,0.7720134854316711,1
ann,3,SR1482_40X_HE_T344_01,0,0.6948031783103943,1
ann,3,SR1482_40X_HE_T344_02,0,0.44867265224456787,0
ann,3,SR1482_40X_HE_T346_01,0,0.5430376529693604,1
ann,3,SR1482_40X_HE_T346_02,0,0.43999797105789185,0
ann,3,SR1482_40X_HE_T377_01,0,0.3692551255226135,0
ann,3,SR1482_40X_HE_T377_02,0,0.42884528636932373,0
ann,3,SR1482_40X_HE_T419_01,0,0.6025325655937195,1
ann,3,SR1482_40X_HE_T427_01,0,0.5100093483924866,1
ann,3,SR1482_40X_HE_T427_02,0,0.3304402232170105,0
ann,3,SR386_40X_HE_T007_01,0,0.40650662779808044,0
ann,3,SR386_40X_HE_T015_01,0,0.5270960927009583,1
ann,3,SR386_40X_HE_T017_01,1,0.43921592831611633,0
ann,3,SR386_40X_HE_T032_01,0,0.3980548679828644,0
ann,3,SR386_40X_HE_T034_01,0,0.41398680210113525,0
ann,3,SR386_40X_HE_T035_01,0,0.5163335800170898,1
ann,3,SR386_40X_HE_T041_01,0,0.605151891708374,1
ann,3,SR386_40X_HE_T067_01,0,0.2927526533603668,0
ann,3,SR386_40X_HE_T075_01,0,0.3839344084262848,0
ann,3,SR386_40X_HE_T081_01,0,0.3116079568862915,0
ann,3,SR386_40X_HE_T083_01,0,0.336576372385025,0
ann,3,SR386_40X_HE_T085_01,0,0.41241201758384705,0
ann,3,SR386_40X_HE_T095_01,0,0.37485095858573914,0
ann,3,SR386_40X_HE_T104_01,0,0.3977876305580139,0
ann,3,SR386_40X_HE_T106_01,0,0.36778193712234497,0
ann,3,SR386_40X_HE_T112_01,0,0.42891553044319153,0
ann,3,SR386_40X_HE_T128_01,0,0.32367491722106934,0
ann,3,SR386_40X_HE_T132_01,0,0.3568040430545807,0
ann,3,SR386_40X_HE_T138_01,0,0.3381582498550415,0
ann,3,SR386_40X_HE_T142_01,0,0.6073108911514282,1
ann,3,SR386_40X_HE_T149_01,0,0.350971519947052,0
ann,3,SR386_40X_HE_T165_01,1,0.41847899556159973,0
ann,3,SR386_40X_HE_T179_01,0,0.39344048500061035,0
ann,3,SR386_40X_HE_T180_01,0,0.3942312002182007,0
ann,3,SR386_40X_HE_T182_01,0,0.4071545898914337,0
ann,3,SR386_40X_HE_T184_01,0,0.5674768686294556,1
ann,3,SR386_40X_HE_T188_01,0,0.2962920069694519,0
ann,3,SR386_40X_HE_T191_01,0,0.43232646584510803,0
ann,3,SR386_40X_HE_T197_01,0,0.40498262643814087,0
ann,3,SR386_40X_HE_T201_01,0,0.30926552414894104,0
ann,3,SR386_40X_HE_T202_01,0,0.4412897229194641,0
ann,3,SR386_40X_HE_T208_01,0,0.38166508078575134,0
ann,3,SR386_40X_HE_T216_01,1,0.5130584836006165,1
ann,3,SR386_40X_HE_T238_01,0,0.3213197886943817,0
ann,3,SR386_40X_HE_T244_01,0,0.37078994512557983,0
ann,3,SR386_40X_HE_T248_01,0,0.3709978759288788,0
ann,3,SR386_40X_HE_T249_01,0,0.30143606662750244,0
ann,3,SR386_40X_HE_T250_01,0,0.34489646553993225,0
ann,3,SR386_40X_HE_T263_01,0,0.21445904672145844,0
ann,3,SR386_40X_HE_T267_01,0,0.3945280909538269,0
ann,3,SR386_40X_HE_T269_01,0,0.3773569166660309,0
ann,3,SR386_40X_HE_T277_01,0,0.5692804455757141,1
ann,3,SR386_40X_HE_T286_01,0,0.7621145248413086,1
ann,3,SR386_40X_HE_T287_01,0,0.44650253653526306,0
ann,3,SR386_40X_HE_T290_01,0,0.35324370861053467,0
ann,3,SR386_40X_HE_T293_01,0,0.3622687757015228,0
ann,3,SR386_40X_HE_T298_01,0,0.3891879916191101,0
ann,3,SR386_40X_HE_T303_01,0,0.3820190131664276,0
ann,3,SR386_40X_HE_T312_01,0,0.40758177638053894,0
ann,3,SR386_40X_HE_T329_01,0,0.7399315237998962,1
ann,3,SR386_40X_HE_T336_01,0,0.3960230052471161,0
ann,3,SR386_40X_HE_T338_01,0,0.43048766255378723,0
ann,3,SR386_40X_HE_T342_01,0,0.4757615923881531,0
ann,3,SR386_40X_HE_T353_01,0,0.44492700695991516,0
ann,3,SR386_40X_HE_T357_01,0,0.43920445442199707,0
ann,3,SR386_40X_HE_T362_01,0,0.46013638377189636,0
ann,3,SR386_40X_HE_T363_01,1,0.5435940027236938,1
ann,3,SR386_40X_HE_T372_01,0,0.6562944054603577,1
ann,3,SR386_40X_HE_T378_01,0,0.3046419620513916,0
ann,3,SR386_40X_HE_T379_01,0,0.3605966567993164,0
ann,3,SR386_40X_HE_T386_01,0,0.44912517070770264,0
ann,3,SR386_40X_HE_T387_01,0,0.09909722208976746,0
ann,3,SR386_40X_HE_T393_01,0,0.5045296549797058,1
ann,3,SR386_40X_HE_T397_01,0,0.5273478627204895,1
ann,3,SR386_40X_HE_T406_01,0,0.45565587282180786,0
ann,3,SR386_40X_HE_T409_01,0,0.3377399146556854,0
ann,3,SR386_40X_HE_T422_01,0,0.4050288796424866,0
ann,3,SR386_40X_HE_T426_01,0,0.3920363187789917,0
ann,3,SR386_40X_HE_T433_01,0,0.37371915578842163,0
ann,3,SR386_40X_HE_T443_01,0,0.4927898943424225,0
ann,3,SR386_40X_HE_T448_01,0,0.46744659543037415,0
ann,3,SR386_40X_HE_T452_01,0,0.48899465799331665,0
ann,3,SR386_40X_HE_T460_01,1,0.42315909266471863,0
ann,3,SR386_40X_HE_T473_01,0,0.34335944056510925,0
ann,3,SR386_40X_HE_T475_01,0,0.34995099902153015,0
ann,3,SR386_40X_HE_T478_01,0,0.3792586922645569,0
ann,3,SR386_40X_HE_T489_01,1,0.2950935661792755,0
ann,3,SR386_40X_HE_T491_01,0,0.4929427206516266,0
ann,3,SR386_40X_HE_T492_01,0,0.3074200749397278,0
ann,3,SR386_40X_HE_T493_01,0,0.29358839988708496,0
ann,3,SR386_40X_HE_T502_01,0,0.4105300009250641,0
ann,3,SR386_40X_HE_T505_01,0,0.41153281927108765,0
ann,3,SR386_40X_HE_T506_01,0,0.37499865889549255,0
ann,3,SR386_40X_HE_T509_01,0,0.4970852732658386,0
ann,3,SR386_40X_HE_T516_01,0,0.5020670890808105,1
ann,3,SR386_40X_HE_T518_01,0,0.49153372645378113,0
ann,3,SR386_40X_HE_T519_01,0,0.29992955923080444,0
ann,3,SR386_40X_HE_T521_01,0,0.3653298616409302,0
ann,3,SR386_40X_HE_T526_01,0,0.4524186849594116,0
ann,3,SR386_40X_HE_T533_01,0,0.4598686993122101,0
ann,3,SR386_40X_HE_T543_01,0,0.38445574045181274,0
ann,3,SR386_40X_HE_T544_01,0,0.3594733476638794,0
ann,3,SR386_40X_HE_T556_01,1,0.47310683131217957,0
ann,3,SR386_40X_HE_T560_01,0,0.41530662775039673,0
ann,3,SR386_40X_HE_T563_01,0,0.42606455087661743,0
ann,3,SR386_40X_HE_T568_01,0,0.40684956312179565,0
ann,3,SR386_40X_HE_T571_01,0,0.3697711229324341,0
ann,3,SR386_40X_HE_T572_01,0,0.46066099405288696,0
ann,3,SR386_40X_HE_T573_01,0,0.4610540270805359,0
ann,3,SR386_40X_HE_T583_01,0,0.45219746232032776,0
ann,4,SR1482_40X_HE_T002_01,0,0.3892364203929901,0
ann,4,SR1482_40X_HE_T003_01,0,0.370752215385437,0
ann,4,SR1482_40X_HE_T004_01,0,0.10589321702718735,0
ann,4,SR1482_40X_HE_T004_02,0,0.15431681275367737,0
ann,4,SR1482_40X_HE_T011_01,0,0.3816177546977997,0
ann,4,SR1482_40X_HE_T025_01,0,0.8032958507537842,1
ann,4,SR1482_40X_HE_T025_02,0,0.8710393309593201,1
ann,4,SR1482_40X_HE_T060_01,0,0.4458352029323578,0
ann,4,SR1482_40X_HE_T062_01,0,0.6409016847610474,1
ann,4,SR1482_40X_HE_T062_02,0,0.8171624541282654,1
ann,4,SR1482_40X_HE_T064_01,0,0.847478985786438,1
ann,4,SR1482_40X_HE_T064_02,0,0.5258357524871826,1
ann,4,SR1482_40X_HE_T071_01,0,0.7558302879333496,1
ann,4,SR1482_40X_HE_T071_02,0,0.3245987594127655,0
ann,4,SR1482_40X_HE_T074_01,0,0.5018185377120972,1
ann,4,SR1482_40X_HE_T074_02,0,0.4536471962928772,0
ann,4,SR1482_40X_HE_T083_01,0,0.5301831960678101,1
ann,4,SR1482_40X_HE_T083_02,0,0.4349789023399353,0
ann,4,SR1482_40X_HE_T087_01,0,0.32094937562942505,0
ann,4,SR1482_40X_HE_T097_01,1,0.8938026428222656,1
ann,4,SR1482_40X_HE_T097_02,1,0.5269304513931274,1
ann,4,SR1482_40X_HE_T108_01,0,0.17118988931179047,0
ann,4,SR1482_40X_HE_T113_01,0,0.2833020091056824,0
ann,4,SR1482_40X_HE_T113_02,0,0.3034023642539978,0
ann,4,SR1482_40X_HE_T121_01,0,0.1213458999991417,0
ann,4,SR1482_40X_HE_T122_01,0,0.23001645505428314,0
ann,4,SR1482_40X_HE_T125_01,0,0.23402947187423706,0
ann,4,SR1482_40X_HE_T125_02,0,0.5139248371124268,1
ann,4,SR1482_40X_HE_T131_01,0,0.6752851009368896,1
ann,4,SR1482_40X_HE_T131_02,0,0.36076095700263977,0
ann,4,SR1482_40X_HE_T132_01,0,0.27504923939704895,0
ann,4,SR1482_40X_HE_T132_02,0,0.30845943093299866,0
ann,4,SR1482_40X_HE_T143_01,0,0.7975995540618896,1
ann,4,SR1482_40X_HE_T143_02,0,0.46270182728767395,0
ann,4,SR1482_40X_HE_T166_01,1,0.10381214320659637,0
ann,4,SR1482_40X_HE_T169_01,0,0.33561962842941284,0
ann,4,SR1482_40X_HE_T176_01,1,0.9402589797973633,1
ann,4,SR1482_40X_HE_T176_02,1,0.5890800952911377,1
ann,4,SR1482_40X_HE_T191_01,0,0.09763891249895096,0
ann,4,SR1482_40X_HE_T194_01,0,0.29834726452827454,0
ann,4,SR1482_40X_HE_T218_01,0,0.42419901490211487,0
ann,4,SR1482_40X_HE_T253_01,0,0.37304484844207764,0
ann,4,SR1482_40X_HE_T290_01,0,0.6157827973365784,1
ann,4,SR1482_40X_HE_T308_01,0,0.45051658153533936,0
ann,4,SR1482_40X_HE_T314_01,0,0.7051867842674255,1
ann,4,SR1482_40X_HE_T314_02,0,0.6608132719993591,1
ann,4,SR1482_40X_HE_T372_01,1,0.46597352623939514,0
ann,4,SR1482_40X_HE_T372_02,1,0.45081382989883423,0
ann,4,SR1482_40X_HE_T408_01,0,0.47441211342811584,0
ann,4,SR1482_40X_HE_T412_01,0,0.2953820526599884,0
ann,4,SR1482_40X_HE_T425_01,0,0.13252289593219757,0
ann,4,SR1482_40X_HE_T434_01,1,0.48995742201805115,0
ann,4,SR386_40X_HE_T006_01,0,0.4617552161216736,0
ann,4,SR386_40X_HE_T010_01,0,0.34830591082572937,0
ann,4,SR386_40X_HE_T014_01,0,0.3018251657485962,0
ann,4,SR386_40X_HE_T016_01,0,0.29067423939704895,0
ann,4,SR386_40X_HE_T020_01,0,0.1973445862531662,0
ann,4,SR386_40X_HE_T027_01,0,0.32676535844802856,0
ann,4,SR386_40X_HE_T028_01,0,0.40168559551239014,0
ann,4,SR386_40X_HE_T037_01,0,0.13208535313606262,0
ann,4,SR386_40X_HE_T043_01,0,0.3442845940589905,0
ann,4,SR386_40X_HE_T044_01,1,0.4435310959815979,0
ann,4,SR386_40X_HE_T046_01,0,0.32847487926483154,0
ann,4,SR386_40X_HE_T058_01,0,0.1974649429321289,0
ann,4,SR386_40X_HE_T062_01,0,0.1687905341386795,0
ann,4,SR386_40X_HE_T065_01,1,0.3971027135848999,0
ann,4,SR386_40X_HE_T080_01,0,0.2726103663444519,0
ann,4,SR386_40X_HE_T091_01,0,0.38683459162712097,0
ann,4,SR386_40X_HE_T094_01,0,0.18524889647960663,0
ann,4,SR386_40X_HE_T097_01,0,0.523609459400177,1
ann,4,SR386_40X_HE_T100_01,0,0.5475226640701294,1
ann,4,SR386_40X_HE_T107_01,0,0.25109922885894775,0
ann,4,SR386_40X_HE_T109_01,1,0.4180891513824463,0
ann,4,SR386_40X_HE_T110_01,0,0.24039924144744873,0
ann,4,SR386_40X_HE_T117_01,0,0.3251211941242218,0
ann,4,SR386_40X_HE_T127_01,0,0.2463303506374359,0
ann,4,SR386_40X_HE_T129_01,0,0.11855680495500565,0
ann,4,SR386_40X_HE_T136_01,0,0.3963090479373932,0
ann,4,SR386_40X_HE_T154_01,0,0.3046208322048187,0
ann,4,SR386_40X_HE_T168_01,1,0.626082181930542,1
ann,4,SR386_40X_HE_T175_01,0,0.1893490105867386,0
ann,4,SR386_40X_HE_T189_01,0,0.25270843505859375,0
ann,4,SR386_40X_HE_T195_01,0,0.18315573036670685,0
ann,4,SR386_40X_HE_T227_01,0,0.27071353793144226,0
ann,4,SR386_40X_HE_T233_01,0,0.5338384509086609,1
ann,4,SR386_40X_HE_T234_01,0,0.21927762031555176,0
ann,4,SR386_40X_HE_T235_01,0,0.19241921603679657,0
ann,4,SR386_40X_HE_T239_01,0,0.8880782723426819,1
ann,4,SR386_40X_HE_T245_01,0,0.206827774643898,0
ann,4,SR386_40X_HE_T256_01,0,0.2114616185426712,0
ann,4,SR386_40X_HE_T265_01,0,0.5776209831237793,1
ann,4,SR386_40X_HE_T268_01,0,0.21187636256217957,0
ann,4,SR386_40X_HE_T270_01,0,0.16672417521476746,0
ann,4,SR386_40X_HE_T272_01,0,0.48507174849510193,0
ann,4,SR386_40X_HE_T273_01,0,0.32516077160835266,0
ann,4,SR386_40X_HE_T276_01,0,0.5200325846672058,1
ann,4,SR386_40X_HE_T278_01,1,0.30832916498184204,0
ann,4,SR386_40X_HE_T284_01,0,0.09831254184246063,0
ann,4,SR386_40X_HE_T285_01,0,0.2196212261915207,0
ann,4,SR386_40X_HE_T288_01,0,0.47479647397994995,0
ann,4,SR386_40X_HE_T291_01,0,0.4226376414299011,0
ann,4,SR386_40X_HE_T300_01,0,0.3192152678966522,0
ann,4,SR386_40X_HE_T302_01,0,0.22471299767494202,0
ann,4,SR386_40X_HE_T305_01,0,0.12855863571166992,0
ann,4,SR386_40X_HE_T308_01,0,0.2123158574104309,0
ann,4,SR386_40X_HE_T325_01,0,0.17755842208862305,0
ann,4,SR386_40X_HE_T331_01,0,0.26967740058898926,0
ann,4,SR386_40X_HE_T341_01,0,0.42904841899871826,0
ann,4,SR386_40X_HE_T343_01,1,0.1876780241727829,0
ann,4,SR386_40X_HE_T346_01,0,0.4498037099838257,0
ann,4,SR386_40X_HE_T352_01,0,0.18956486880779266,0
ann,4,SR386_40X_HE_T373_01,0,0.33658966422080994,0
ann,4,SR386_40X_HE_T375_01,0,0.5484156608581543,1
ann,4,SR386_40X_HE_T381_01,0,0.27425849437713623,0
ann,4,SR386_40X_HE_T389_01,0,0.1680876463651657,0
ann,4,SR386_40X_HE_T391_01,0,0.14226913452148438,0
ann,4,SR386_40X_HE_T394_01,0,0.47083383798599243,0
ann,4,SR386_40X_HE_T399_01,0,0.4828694760799408,0
ann,4,SR386_40X_HE_T403_01,0,0.36623984575271606,0
ann,4,SR386_40X_HE_T405_01,0,0.5672881007194519,1
ann,4,SR386_40X_HE_T407_01,0,0.3716784119606018,0
ann,4,SR386_40X_HE_T414_01,0,0.23463411629199982,0
ann,4,SR386_40X_HE_T424_01,0,0.3370967209339142,0
ann,4,SR386_40X_HE_T429_01,0,0.5954421162605286,1
ann,4,SR386_40X_HE_T441_01,0,0.5086451172828674,1
ann,4,SR386_40X_HE_T451_01,0,0.29618915915489197,0
ann,4,SR386_40X_HE_T453_01,0,0.23043379187583923,0
ann,4,SR386_40X_HE_T455_01,0,0.8405341506004333,1
ann,4,SR386_40X_HE_T465_01,0,0.44985342025756836,0
ann,4,SR386_40X_HE_T474_01,0,0.4662809371948242,0
ann,4,SR386_40X_HE_T476_01,0,0.32663488388061523,0
ann,4,SR386_40X_HE_T479_01,0,0.3267238736152649,0
ann,4,SR386_40X_HE_T482_01,0,0.28533366322517395,0
ann,4,SR386_40X_HE_T487_01,0,0.19747163355350494,0
ann,4,SR386_40X_HE_T490_01,0,0.4423334002494812,0
ann,4,SR386_40X_HE_T494_01,0,0.2552343010902405,0
ann,4,SR386_40X_HE_T500_01,0,0.15002532303333282,0
ann,4,SR386_40X_HE_T510_01,0,0.34680935740470886,0
ann,4,SR386_40X_HE_T524_01,0,0.36515676975250244,0
ann,4,SR386_40X_HE_T528_01,0,0.21881483495235443,0
ann,4,SR386_40X_HE_T532_01,0,0.21514452993869781,0
ann,4,SR386_40X_HE_T534_01,0,0.3465120792388916,0
ann,4,SR386_40X_HE_T536_01,0,0.2860655188560486,0
ann,4,SR386_40X_HE_T537_01,0,0.27599290013313293,0
ann,4,SR386_40X_HE_T541_01,0,0.23650367558002472,0
ann,4,SR386_40X_HE_T548_01,1,0.24720048904418945,0
ann,4,SR386_40X_HE_T550_01,0,0.8714460134506226,1
ann,4,SR386_40X_HE_T551_01,0,0.2193012535572052,0
ann,4,SR386_40X_HE_T557_01,0,0.2587772607803345,0
ann,4,SR386_40X_HE_T565_01,0,0.33218079805374146,0
ann,4,SR386_40X_HE_T567_01,0,0.42212504148483276,0
ann,4,SR386_40X_HE_T575_01,0,0.3505541682243347,0
ann,4,SR386_40X_HE_T576_01,0,0.49553054571151733,0
ann,4,SR386_40X_HE_T581_01,0,0.2750835120677948,0
knn,1,SR1482_40X_HE_T029_01,0,0.1,0
knn,1,SR1482_40X_HE_T029_02,0,0.5,0
knn,1,SR1482_40X_HE_T057_01,0,0.1,0
knn,1,SR1482_40X_HE_T063_01,1,0.2,0
knn,1,SR1482_40X_HE_T063_02,1,0.1,0
knn,1,SR1482_40X_HE_T065_01,0,0.0,0
knn,1,SR1482_40X_HE_T065_02,0,0.0,0
knn,1,SR1482_40X_HE_T066_01,0,0.1,0
knn,1,SR1482_40X_HE_T066_02,0,0.1,0
knn,1,SR1482_40X_HE_T068_01,0,0.0,0
knn,1,SR1482_40X_HE_T069_01,0,0.1,0
knn,1,SR1482_40X_HE_T069_02,0,0.1,0
knn,1,SR1482_40X_HE_T079_01,1,0.0,0
knn,1,SR1482_40X_HE_T079_02,1,0.2,0
knn,1,SR1482_40X_HE_T080_01,0,0.1,0
knn,1,SR1482_40X_HE_T080_02,0,0.1,0
knn,1,SR1482_40X_HE_T081_01,0,0.2,0
knn,1,SR1482_40X_HE_T081_02,0,0.2,0
knn,1,SR1482_40X_HE_T099_01,0,0.0,0
knn,1,SR1482_40X_HE_T116_01,0,0.0,0
knn,1,SR1482_40X_HE_T117_01,0,0.1,0
knn,1,SR1482_40X_HE_T117_02,0,0.2,0
knn,1,SR1482_40X_HE_T126_01,0,0.0,0
knn,1,SR1482_40X_HE_T129_01,0,0.1,0
knn,1,SR1482_40X_HE_T129_02,0,0.2,0
knn,1,SR1482_40X_HE_T139_01,0,0.0,0
knn,1,SR1482_40X_HE_T139_02,0,0.2,0
knn,1,SR1482_40X_HE_T147_01,0,0.3,0
knn,1,SR1482_40X_HE_T147_02,0,0.5,0
knn,1,SR1482_40X_HE_T159_01,0,0.2,0
knn,1,SR1482_40X_HE_T159_02,0,0.2,0
knn,1,SR1482_40X_HE_T192_01,0,0.1,0
knn,1,SR1482_40X_HE_T199_01,0,0.0,0
knn,1,SR1482_40X_HE_T304_01,0,0.0,0
knn,1,SR1482_40X_HE_T304_02,0,0.2,0
knn,1,SR1482_40X_HE_T310_01,1,0.2,0
knn,1,SR1482_40X_HE_T310_02,1,0.1,0
knn,1,SR1482_40X_HE_T341_01,0,0.0,0
knn,1,SR1482_40X_HE_T341_02,0,0.0,0
knn,1,SR1482_40X_HE_T353_01,0,0.0,0
knn,1,SR1482_40X_HE_T390_01,0,0.0,0
knn,1,SR1482_40X_HE_T433_01,1,0.1,0
knn,1,SR386_40X_HE_T003_01,0,0.0,0
knn,1,SR386_40X_HE_T004_01,0,0.2,0
knn,1,SR386_40X_HE_T022_01,1,0.0,0
knn,1,SR386_40X_HE_T030_01,0,0.1,0
knn,1,SR386_40X_HE_T033_01,0,0.1,0
knn,1,SR386_40X_HE_T036_01,0,0.2,0
knn,1,SR386_40X_HE_T038_01,0,0.1,0
knn,1,SR386_40X_HE_T049_01,0,0.0,0
knn,1,SR386_40X_HE_T050_01,0,0.0,0
knn,1,SR386_40X_HE_T060_01,0,0.0,0
knn,1,SR386_40X_HE_T063_01,0,0.2,0
knn,1,SR386_40X_HE_T066_01,0,0.1,0
knn,1,SR386_40X_HE_T069_01,0,0.2,0
knn,1,SR386_40X_HE_T072_01,0,0.0,0
knn,1,SR386_40X_HE_T074_01,0,0.2,0
knn,1,SR386_40X_HE_T078_01,0,0.0,0
knn,1,SR386_40X_HE_T079_01,0,0.0,0
knn,1,SR386_40X_HE_T092_01,1,0.0,0
knn,1,SR386_40X_HE_T096_01,0,0.0,0
knn,1,SR386_40X_HE_T099_01,0,0.1,0
knn,1,SR386_40X_HE_T103_01,0,0.0,0
knn,1,SR386_40X_HE_T108_01,0,0.0,0
knn,1,SR386_40X_HE_T113_01,0,0.1,0
knn,1,SR386_40X_HE_T114_01,0,0.1,0
knn,1,SR386_40X_HE_T119_01,0,0.0,0
knn,1,SR386_40X_HE_T126_01,0,0.2,0
knn,1,SR386_40X_HE_T130_01,0,0.0,0
knn,1,SR386_40X_HE_T131_01,0,0.0,0
knn,1,SR386_40X_HE_T135_01,0,0.0,0
knn,1,SR386_40X_HE_T140_01,0,0.1,0
knn,1,SR386_40X_HE_T144_01,0,0.0,0
knn,1,SR386_40X_HE_T147_01,0,0.0,0
knn,1,SR386_40X_HE_T148_01,0,0.1,0
knn,1,SR386_40X_HE_T160_01,0,0.0,0
knn,1,SR386_40X_HE_T169_01,0,0.1,0
knn,1,SR386_40X_HE_T170_01,1,0.2,0
knn,1,SR386_40X_HE_T172_01,0,0.2,0
knn,1,SR386_40X_HE_T174_01,0,0.0,0
knn,1,SR386_40X_HE_T181_01,0,0.1,0
knn,1,SR386_40X_HE_T196_01,0,0.0,0
knn,1,SR386_40X_HE_T205_01,0,0.1,0
knn,1,SR386_40X_HE_T209_01,0,0.0,0
knn,1,SR386_40X_HE_T210_01,0,0.2,0
knn,1,SR386_40X_HE_T212_01,0,0.0,0
knn,1,SR386_40X_HE_T221_01,0,0.0,0
knn,1,SR386_40X_HE_T224_01,0,0.1,0
knn,1,SR386_40X_HE_T231_01,1,0.1,0
knn,1,SR386_40X_HE_T232_01,0,0.0,0
knn,1,SR386_40X_HE_T247_01,0,0.0,0
knn,1,SR386_40X_HE_T252_01,0,0.0,0
knn,1,SR386_40X_HE_T255_01,0,0.1,0
knn,1,SR386_40X_HE_T259_01,1,0.0,0
knn,1,SR386_40X_HE_T274_01,0,0.0,0
knn,1,SR386_40X_HE_T275_01,0,0.0,0
knn,1,SR386_40X_HE_T282_01,0,0.0,0
knn,1,SR386_40X_HE_T294_01,0,0.1,0
knn,1,SR386_40X_HE_T311_01,0,0.0,0
knn,1,SR386_40X_HE_T315_01,0,0.0,0
knn,1,SR386_40X_HE_T319_01,1,0.0,0
knn,1,SR386_40X_HE_T324_01,1,0.1,0
knn,1,SR386_40X_HE_T330_01,0,0.1,0
knn,1,SR386_40X_HE_T333_01,0,0.0,0
knn,1,SR386_40X_HE_T335_01,0,0.0,0
knn,1,SR386_40X_HE_T337_01,0,0.0,0
knn,1,SR386_40X_HE_T344_01,0,0.0,0
knn,1,SR386_40X_HE_T347_01,0,0.0,0
knn,1,SR386_40X_HE_T350_01,0,0.0,0
knn,1,SR386_40X_HE_T351_01,0,0.1,0
knn,1,SR386_40X_HE_T360_01,0,0.0,0
knn,1,SR386_40X_HE_T361_01,0,0.1,0
knn,1,SR386_40X_HE_T366_01,0,0.0,0
knn,1,SR386_40X_HE_T377_01,1,0.0,0
knn,1,SR386_40X_HE_T384_01,0,0.0,0
knn,1,SR386_40X_HE_T395_01,0,0.0,0
knn,1,SR386_40X_HE_T396_01,0,0.0,0
knn,1,SR386_40X_HE_T401_01,0,0.0,0
knn,1,SR386_40X_HE_T408_01,0,0.0,0
knn,1,SR386_40X_HE_T410_01,0,0.0,0
knn,1,SR386_40X_HE_T413_01,0,0.1,0
knn,1,SR386_40X_HE_T416_01,0,0.0,0
knn,1,SR386_40X_HE_T418_01,0,0.0,0
knn,1,SR386_40X_HE_T419_01,0,0.0,0
knn,1,SR386_40X_HE_T421_01,0,0.0,0
knn,1,SR386_40X_HE_T423_01,0,0.0,0
knn,1,SR386_40X_HE_T428_01,0,0.0,0
knn,1,SR386_40X_HE_T430_01,0,0.0,0
knn,1,SR386_40X_HE_T431_01,0,0.0,0
knn,1,SR386_40X_HE_T435_01,0,0.0,0
knn,1,SR386_40X_HE_T438_01,0,0.0,0
knn,1,SR386_40X_HE_T439_01,0,0.2,0
knn,1,SR386_40X_HE_T447_01,0,0.0,0
knn,1,SR386_40X_HE_T449_01,0,0.0,0
knn,1,SR386_40X_HE_T454_01,0,0.0,0
knn,1,SR386_40X_HE_T456_01,0,0.0,0
knn,1,SR386_40X_HE_T461_01,0,0.0,0
knn,1,SR386_40X_HE_T462_01,0,0.0,0
knn,1,SR386_40X_HE_T468_01,0,0.0,0
knn,1,SR386_40X_HE_T469_01,1,0.2,0
knn,1,SR386_40X_HE_T470_01,0,0.0,0
knn,1,SR386_40X_HE_T471_01,0,0.1,0
knn,1,SR386_40X_HE_T477_01,0,0.0,0
knn,1,SR386_40X_HE_T480_01,0,0.0,0
knn,1,SR386_40X_HE_T484_01,0,0.0,0
knn,1,SR386_40X_HE_T495_01,0,0.0,0
knn,1,SR386_40X_HE_T496_01,0,0.0,0
knn,1,SR386_40X_HE_T498_01,0,0.1,0
knn,1,SR386_40X_HE_T504_01,0,0.0,0
knn,1,SR386_40X_HE_T511_01,0,0.0,0
knn,1,SR386_40X_HE_T517_01,0,0.1,0
knn,1,SR386_40X_HE_T523_01,0,0.0,0
knn,1,SR386_40X_HE_T529_01,0,0.0,0
knn,1,SR386_40X_HE_T542_01,0,0.0,0
knn,1,SR386_40X_HE_T569_01,0,0.1,0
knn,1,SR386_40X_HE_T582_01,0,0.0,0
knn,2,SR1482_40X_HE_T009_01,0,0.0,0
knn,2,SR1482_40X_HE_T009_02,0,0.0,0
knn,2,SR1482_40X_HE_T015_01,0,0.0,0
knn,2,SR1482_40X_HE_T021_01,0,0.0,0
knn,2,SR1482_40X_HE_T067_01,0,0.0,0
knn,2,SR1482_40X_HE_T075_01,0,0.0,0
knn,2,SR1482_40X_HE_T075_02,0,0.2,0
knn,2,SR1482_40X_HE_T098_01,0,0.2,0
knn,2,SR1482_40X_HE_T098_02,0,0.0,0
knn,2,SR1482_40X_HE_T102_01,0,0.2,0
knn,2,SR1482_40X_HE_T123_01,0,0.0,0
knn,2,SR1482_40X_HE_T142_01,0,0.0,0
knn,2,SR1482_40X_HE_T146_01,0,0.4,0
knn,2,SR1482_40X_HE_T148_01,0,0.2,0
knn,2,SR1482_40X_HE_T148_02,0,0.2,0
knn,2,SR1482_40X_HE_T154_01,0,0.0,0
knn,2,SR1482_40X_HE_T158_01,0,0.2,0
knn,2,SR1482_40X_HE_T161_01,0,0.4,0
knn,2,SR1482_40X_HE_T161_02,0,0.0,0
knn,2,SR1482_40X_HE_T164_01,1,0.0,0
knn,2,SR1482_40X_HE_T164_02,1,0.2,0
knn,2,SR1482_40X_HE_T168_01,0,0.0,0
knn,2,SR1482_40X_HE_T171_01,0,0.2,0
knn,2,SR1482_40X_HE_T171_02,0,0.0,0
knn,2,SR1482_40X_HE_T178_01,1,0.0,0
knn,2,SR1482_40X_HE_T186_01,0,0.2,0
knn,2,SR1482_40X_HE_T193_01,0,0.0,0
knn,2,SR1482_40X_HE_T193_02,0,0.6,1
knn,2,SR1482_40X_HE_T209_01,0,0.0,0
knn,2,SR1482_40X_HE_T209_02,0,0.0,0
knn,2,SR1482_40X_HE_T245_01,0,0.2,0
knn,2,SR1482_40X_HE_T245_02,0,0.0,0
knn,2,SR1482_40X_HE_T265_01,0,0.0,0
knn,2,SR1482_40X_HE_T302_01,0,0.0,0
knn,2,SR1482_40X_HE_T343_01,1,0.0,0
knn,2,SR1482_40X_HE_T343_02,1,0.2,0
knn,2,SR1482_40X_HE_T399_01,0,0.0,0
knn,2,SR1482_40X_HE_T399_02,0,0.0,0
knn,2,SR1482_40X_HE_T426_01,0,0.2,0
knn,2,SR1482_40X_HE_T426_02,0,0.0,0
knn,2,SR386_40X_HE_T001_01,0,0.0,0
knn,2,SR386_40X_HE_T013_01,0,0.2,0
knn,2,SR386_40X_HE_T018_01,0,0.0,0
knn,2,SR386_40X_HE_T019_01,0,0.0,0
knn,2,SR386_40X_HE_T024_01,0,0.0,0
knn,2,SR386_40X_HE_T039_01,0,0.0,0
knn,2,SR386_40X_HE_T040_01,1,0.2,0
knn,2,SR386_40X_HE_T042_01,0,0.2,0
knn,2,SR386_40X_HE_T047_01,0,0.0,0
knn,2,SR386_40X_HE_T051_01,0,0.0,0
knn,2,SR386_40X_HE_T052_01,0,0.0,0
knn,2,SR386_40X_HE_T056_01,0,0.0,0
knn,2,SR386_40X_HE_T057_01,0,0.0,0
knn,2,SR386_40X_HE_T070_01,0,0.0,0
knn,2,SR386_40X_HE_T082_01,0,0.0,0
knn,2,SR386_40X_HE_T084_01,0,0.0,0
knn,2,SR386_40X_HE_T087_01,0,0.0,0
knn,2,SR386_40X_HE_T088_01,0,0.0,0
knn,2,SR386_40X_HE_T098_01,0,0.0,0
knn,2,SR386_40X_HE_T105_01,0,0.0,0
knn,2,SR386_40X_HE_T122_01,0,0.0,0
knn,2,SR386_40X_HE_T123_01,0,0.4,0
knn,2,SR386_40X_HE_T133_01,0,0.0,0
knn,2,SR386_40X_HE_T145_01,0,0.0,0
knn,2,SR386_40X_HE_T150_01,0,0.2,0
knn,2,SR386_40X_HE_T152_01,0,0.0,0
knn,2,SR386_40X_HE_T155_01,0,0.0,0
knn,2,SR386_40X_HE_T157_01,0,0.0,0
knn,2,SR386_40X_HE_T164_01,0,0.0,0
knn,2,SR386_40X_HE_T166_01,0,0.0,0
knn,2,SR386_40X_HE_T176_01,1,0.2,0
knn,2,SR386_40X_HE_T177_01,0,0.0,0
knn,2,SR386_40X_HE_T178_01,0,0.0,0
knn,2,SR386_40X_HE_T187_01,0,0.0,0
knn,2,SR386_40X_HE_T190_01,0,0.0,0
knn,2,SR386_40X_HE_T192_01,0,0.0,0
knn,2,SR386_40X_HE_T198_01,0,0.0,0
knn,2,SR386_40X_HE_T200_01,0,0.0,0
knn,2,SR386_40X_HE_T206_01,1,0.0,0
knn,2,SR386_40X_HE_T211_01,0,0.0,0
knn,2,SR386_40X_HE_T213_01,0,0.0,0
knn,2,SR386_40X_HE_T214_01,0,0.0,0
knn,2,SR386_40X_HE_T220_01,0,0.0,0
knn,2,SR386_40X_HE_T230_01,1,0.2,0
knn,2,SR386_40X_HE_T236_01,0,0.0,0
knn,2,SR386_40X_HE_T237_01,0,0.0,0
knn,2,SR386_40X_HE_T240_01,0,0.0,0
knn,2,SR386_40X_HE_T241_01,0,0.0,0
knn,2,SR386_40X_HE_T242_01,0,0.2,0
knn,2,SR386_40X_HE_T253_01,0,0.0,0
knn,2,SR386_40X_HE_T260_01,0,0.0,0
knn,2,SR386_40X_HE_T262_01,0,0.0,0
knn,2,SR386_40X_HE_T264_01,0,0.2,0
knn,2,SR386_40X_HE_T271_01,0,0.2,0
knn,2,SR386_40X_HE_T281_01,0,0.0,0
knn,2,SR386_40X_HE_T297_01,0,0.0,0
knn,2,SR386_40X_HE_T299_01,0,0.0,0
knn,2,SR386_40X_HE_T301_01,0,0.0,0
knn,2,SR386_40X_HE_T306_01,0,0.0,0
knn,2,SR386_40X_HE_T309_01,0,0.2,0
knn,2,SR386_40X_HE_T314_01,0,0.0,0
knn,2,SR386_40X_HE_T316_01,0,0.2,0
knn,2,SR386_40X_HE_T318_01,0,0.0,0
knn,2,SR386_40X_HE_T321_01,0,0.0,0
knn,2,SR386_40X_HE_T326_01,0,0.0,0
knn,2,SR386_40X_HE_T327_01,0,0.0,0
knn,2,SR386_40X_HE_T332_01,1,0.0,0
knn,2,SR386_40X_HE_T355_01,0,0.2,0
knn,2,SR386_40X_HE_T364_01,0,0.0,0
knn,2,SR386_40X_HE_T368_01,1,0.0,0
knn,2,SR386_40X_HE_T374_01,0,0.0,0
knn,2,SR386_40X_HE_T380_01,0,0.0,0
knn,2,SR386_40X_HE_T382_01,0,0.0,0
knn,2,SR386_40X_HE_T392_01,0,0.0,0
knn,2,SR386_40X_HE_T398_01,0,0.0,0
knn,2,SR386_40X_HE_T402_01,1,0.0,0
knn,2,SR386_40X_HE_T404_01,0,0.0,0
knn,2,SR386_40X_HE_T415_01,0,0.0,0
knn,2,SR386_40X_HE_T417_01,0,0.0,0
knn,2,SR386_40X_HE_T425_01,0,0.0,0
knn,2,SR386_40X_HE_T436_01,1,0.0,0
knn,2,SR386_40X_HE_T437_01,0,0.0,0
knn,2,SR386_40X_HE_T440_01,0,0.0,0
knn,2,SR386_40X_HE_T445_01,0,0.0,0
knn,2,SR386_40X_HE_T450_01,0,0.0,0
knn,2,SR386_40X_HE_T459_01,0,0.0,0
knn,2,SR386_40X_HE_T472_01,0,0.0,0
knn,2,SR386_40X_HE_T481_01,0,0.0,0
knn,2,SR386_40X_HE_T483_01,0,0.0,0
knn,2,SR386_40X_HE_T486_01,0,0.0,0
knn,2,SR386_40X_HE_T488_01,0,0.0,0
knn,2,SR386_40X_HE_T499_01,0,0.0,0
knn,2,SR386_40X_HE_T507_01,0,0.2,0
knn,2,SR386_40X_HE_T514_01,0,0.0,0
knn,2,SR386_40X_HE_T520_01,1,0.0,0
knn,2,SR386_40X_HE_T522_01,0,0.0,0
knn,2,SR386_40X_HE_T531_01,0,0.0,0
knn,2,SR386_40X_HE_T535_01,0,0.0,0
knn,2,SR386_40X_HE_T539_01,0,0.0,0
knn,2,SR386_40X_HE_T549_01,0,0.0,0
knn,2,SR386_40X_HE_T552_01,0,0.0,0
knn,2,SR386_40X_HE_T553_01,0,0.2,0
knn,2,SR386_40X_HE_T554_01,0,0.0,0
knn,2,SR386_40X_HE_T558_01,0,0.0,0
knn,2,SR386_40X_HE_T564_01,0,0.0,0
knn,2,SR386_40X_HE_T570_01,0,0.0,0
knn,2,SR386_40X_HE_T574_01,0,0.0,0
knn,2,SR386_40X_HE_T578_01,0,0.0,0
knn,2,SR386_40X_HE_T580_01,0,0.0,0
knn,3,SR1482_40X_HE_T005_01,0,0.0,0
knn,3,SR1482_40X_HE_T005_02,0,0.3333333333333333,0
knn,3,SR1482_40X_HE_T010_01,0,0.0,0
knn,3,SR1482_40X_HE_T043_01,0,0.0,0
knn,3,SR1482_40X_HE_T043_02,0,0.0,0
knn,3,SR1482_40X_HE_T049_01,0,0.0,0
knn,3,SR1482_40X_HE_T061_01,0,0.6666666666666666,1
knn,3,SR1482_40X_HE_T061_02,0,0.0,0
knn,3,SR1482_40X_HE_T070_01,1,0.0,0
knn,3,SR1482_40X_HE_T073_01,0,0.0,0
knn,3,SR1482_40X_HE_T082_01,0,0.0,0
knn,3,SR1482_40X_HE_T082_02,0,0.0,0
knn,3,SR1482_40X_HE_T089_01,0,0.0,0
knn,3,SR1482_40X_HE_T090_01,0,0.0,0
knn,3,SR1482_40X_HE_T094_01,1,0.0,0
knn,3,SR1482_40X_HE_T094_02,1,0.0,0
knn,3,SR1482_40X_HE_T105_01,0,0.0,0
knn,3,SR1482_40X_HE_T115_01,0,0.0,0
knn,3,SR1482_40X_HE_T115_02,0,0.0,0
knn,3,SR1482_40X_HE_T118_01,0,0.6666666666666666,1
knn,3,SR1482_40X_HE_T118_02,0,0.3333333333333333,0
knn,3,SR1482_40X_HE_T120_01,0,0.0,0
knn,3,SR1482_40X_HE_T120_02,0,0.3333333333333333,0
knn,3,SR1482_40X_HE_T124_01,0,0.3333333333333333,0
knn,3,SR1482_40X_HE_T124_02,0,0.3333333333333333,0
knn,3,SR1482_40X_HE_T138_01,0,0.0,0
knn,3,SR1482_40X_HE_T160_01,0,0.0,0
knn,3,SR1482_40X_HE_T160_02,0,0.0,0
knn,3,SR1482_40X_HE_T167_01,0,0.0,0
knn,3,SR1482_40X_HE_T167_02,0,0.3333333333333333,0
knn,3,SR1482_40X_HE_T175_01,0,0.0,0
knn,3,SR1482_40X_HE_T175_02,0,0.0,0
knn,3,SR1482_40X_HE_T177_01,1,0.0,0
knn,3,SR1482_40X_HE_T188_01,0,0.0,0
knn,3,SR1482_40X_HE_T195_01,0,0.3333333333333333,0
knn,3,SR1482_40X_HE_T195_02,0,0.0,0
knn,3,SR1482_40X_HE_T202_01,0,0.3333333333333333,0
knn,3,SR1482_40X_HE_T202_02,0,0.3333333333333333,0
knn,3,SR1482_40X_HE_T225_01,0,0.6666666666666666,1
knn,3,SR1482_40X_HE_T225_02,0,0.0,0
knn,3,SR1482_40X_HE_T235_01,0,0.3333333333333333,0
knn,3,SR1482_40X_HE_T235_02,0,0.0,0
knn,3,SR1482_40X_HE_T236_01,0,0.0,0
knn,3,SR1482_40X_HE_T236_02,0,0.0,0
knn,3,SR1482_40X_HE_T258_01,0,0.0,0
knn,3,SR1482_40X_HE_T258_02,0,0.6666666666666666,1
knn,3,SR1482_40X_HE_T284_01,1,0.0,0
knn,3,SR1482_40X_HE_T284_02,1,0.0,0
knn,3,SR1482_40X_HE_T301_01,1,0.3333333333333333,0
knn,3,SR1482_40X_HE_T301_02,1,0.3333333333333333,0
knn,3,SR1482_40X_HE_T309_01,0,0.0,0
knn,3,SR1482_40X_HE_T313_01,0,0.0,0
knn,3,SR1482_40X_HE_T313_02,0,0.0,0
knn,3,SR1482_40X_HE_T338_01,0,0.3333333333333333,0
knn,3,SR1482_40X_HE_T344_01,0,0.0,0
knn,3,SR1482_40X_HE_T344_02,0,0.0,0
knn,3,SR1482_40X_HE_T346_01,0,0.0,0
knn,3,SR1482_40X_HE_T346_02,0,0.0,0
knn,3,SR1482_40X_HE_T377_01,0,0.0,0
knn,3,SR1482_40X_HE_T377_02,0,0.0,0
knn,3,SR1482_40X_HE_T419_01,0,0.0,0
knn,3,SR1482_40X_HE_T427_01,0,0.0,0
knn,3,SR1482_40X_HE_T427_02,0,0.0,0
knn,3,SR386_40X_HE_T007_01,0,0.0,0
knn,3,SR386_40X_HE_T015_01,0,0.0,0
knn,3,SR386_40X_HE_T017_01,1,0.0,0
knn,3,SR386_40X_HE_T032_01,0,0.0,0
knn,3,SR386_40X_HE_T034_01,0,0.0,0
knn,3,SR386_40X_HE_T035_01,0,0.0,0
knn,3,SR386_40X_HE_T041_01,0,0.6666666666666666,1
knn,3,SR386_40X_HE_T067_01,0,0.0,0
knn,3,SR386_40X_HE_T075_01,0,0.0,0
knn,3,SR386_40X_HE_T081_01,0,0.0,0
knn,3,SR386_40X_HE_T083_01,0,0.0,0
knn,3,SR386_40X_HE_T085_01,0,0.0,0
knn,3,SR386_40X_HE_T095_01,0,0.3333333333333333,0
knn,3,SR386_40X_HE_T104_01,0,0.3333333333333333,0
knn,3,SR386_40X_HE_T106_01,0,0.0,0
knn,3,SR386_40X_HE_T112_01,0,0.0,0
knn,3,SR386_40X_HE_T128_01,0,0.0,0
knn,3,SR386_40X_HE_T132_01,0,0.0,0
knn,3,SR386_40X_HE_T138_01,0,0.0,0
knn,3,SR386_40X_HE_T142_01,0,0.0,0
knn,3,SR386_40X_HE_T149_01,0,0.3333333333333333,0
knn,3,SR386_40X_HE_T165_01,1,0.0,0
knn,3,SR386_40X_HE_T179_01,0,0.0,0
knn,3,SR386_40X_HE_T180_01,0,0.0,0
knn,3,SR386_40X_HE_T182_01,0,0.0,0
knn,3,SR386_40X_HE_T184_01,0,0.3333333333333333,0
knn,3,SR386_40X_HE_T188_01,0,0.0,0
knn,3,SR386_40X_HE_T191_01,0,0.0,0
knn,3,SR386_40X_HE_T197_01,0,0.0,0
knn,3,SR386_40X_HE_T201_01,0,0.0,0
knn,3,SR386_40X_HE_T202_01,0,0.0,0
knn,3,SR386_40X_HE_T208_01,0,0.0,0
knn,3,SR386_40X_HE_T216_01,1,0.3333333333333333,0
knn,3,SR386_40X_HE_T238_01,0,0.0,0
knn,3,SR386_40X_HE_T244_01,0,0.0,0
knn,3,SR386_40X_HE_T248_01,0,0.0,0
knn,3,SR386_40X_HE_T249_01,0,0.0,0
knn,3,SR386_40X_HE_T250_01,0,0.0,0
knn,3,SR386_40X_HE_T263_01,0,0.0,0
knn,3,SR386_40X_HE_T267_01,0,0.0,0
knn,3,SR386_40X_HE_T269_01,0,0.0,0
knn,3,SR386_40X_HE_T277_01,0,0.0,0
knn,3,SR386_40X_HE_T286_01,0,0.0,0
knn,3,SR386_40X_HE_T287_01,0,0.0,0
knn,3,SR386_40X_HE_T290_01,0,0.0,0
knn,3,SR386_40X_HE_T293_01,0,0.0,0
knn,3,SR386_40X_HE_T298_01,0,0.0,0
knn,3,SR386_40X_HE_T303_01,0,0.0,0
knn,3,SR386_40X_HE_T312_01,0,0.0,0
knn,3,SR386_40X_HE_T329_01,0,0.0,0
knn,3,SR386_40X_HE_T336_01,0,0.0,0
knn,3,SR386_40X_HE_T338_01,0,0.0,0
knn,3,SR386_40X_HE_T342_01,0,0.0,0
knn,3,SR386_40X_HE_T353_01,0,0.0,0
knn,3,SR386_40X_HE_T357_01,0,0.0,0
knn,3,SR386_40X_HE_T362_01,0,0.0,0
knn,3,SR386_40X_HE_T363_01,1,0.0,0
knn,3,SR386_40X_HE_T372_01,0,0.3333333333333333,0
knn,3,SR386_40X_HE_T378_01,0,0.0,0
knn,3,SR386_40X_HE_T379_01,0,0.0,0
knn,3,SR386_40X_HE_T386_01,0,0.0,0
knn,3,SR386_40X_HE_T387_01,0,0.0,0
knn,3,SR386_40X_HE_T393_01,0,0.0,0
knn,3,SR386_40X_HE_T397_01,0,0.3333333333333333,0
knn,3,SR386_40X_HE_T406_01,0,0.0,0
knn,3,SR386_40X_HE_T409_01,0,0.3333333333333333,0
knn,3,SR386_40X_HE_T422_01,0,0.0,0
knn,3,SR386_40X_HE_T426_01,0,0.0,0
knn,3,SR386_40X_HE_T433_01,0,0.0,0
knn,3,SR386_40X_HE_T443_01,0,0.0,0
knn,3,SR386_40X_HE_T448_01,0,0.0,0
knn,3,SR386_40X_HE_T452_01,0,0.3333333333333333,0
knn,3,SR386_40X_HE_T460_01,1,0.0,0
knn,3,SR386_40X_HE_T473_01,0,0.0,0
knn,3,SR386_40X_HE_T475_01,0,0.0,0
knn,3,SR386_40X_HE_T478_01,0,0.0,0
knn,3,SR386_40X_HE_T489_01,1,0.0,0
knn,3,SR386_40X_HE_T491_01,0,0.0,0
knn,3,SR386_40X_HE_T492_01,0,0.0,0
knn,3,SR386_40X_HE_T493_01,0,0.0,0
knn,3,SR386_40X_HE_T502_01,0,0.0,0
knn,3,SR386_40X_HE_T505_01,0,0.0,0
knn,3,SR386_40X_HE_T506_01,0,0.0,0
knn,3,SR386_40X_HE_T509_01,0,0.3333333333333333,0
knn,3,SR386_40X_HE_T516_01,0,0.0,0
knn,3,SR386_40X_HE_T518_01,0,0.0,0
knn,3,SR386_40X_HE_T519_01,0,0.0,0
knn,3,SR386_40X_HE_T521_01,0,0.0,0
knn,3,SR386_40X_HE_T526_01,0,0.0,0
knn,3,SR386_40X_HE_T533_01,0,0.0,0
knn,3,SR386_40X_HE_T543_01,0,0.0,0
knn,3,SR386_40X_HE_T544_01,0,0.0,0
knn,3,SR386_40X_HE_T556_01,1,0.0,0
knn,3,SR386_40X_HE_T560_01,0,0.0,0
knn,3,SR386_40X_HE_T563_01,0,0.0,0
knn,3,SR386_40X_HE_T568_01,0,0.0,0
knn,3,SR386_40X_HE_T571_01,0,0.3333333333333333,0
knn,3,SR386_40X_HE_T572_01,0,0.0,0
knn,3,SR386_40X_HE_T573_01,0,0.0,0
knn,3,SR386_40X_HE_T583_01,0,0.0,0
knn,4,SR1482_40X_HE_T002_01,0,0.0,0
knn,4,SR1482_40X_HE_T003_01,0,0.0,0
knn,4,SR1482_40X_HE_T004_01,0,0.0,0
knn,4,SR1482_40X_HE_T004_02,0,0.2,0
knn,4,SR1482_40X_HE_T011_01,0,0.0,0
knn,4,SR1482_40X_HE_T025_01,0,0.1,0
knn,4,SR1482_40X_HE_T025_02,0,0.1,0
knn,4,SR1482_40X_HE_T060_01,0,0.2,0
knn,4,SR1482_40X_HE_T062_01,0,0.0,0
knn,4,SR1482_40X_HE_T062_02,0,0.3,0
knn,4,SR1482_40X_HE_T064_01,0,0.3,0
knn,4,SR1482_40X_HE_T064_02,0,0.3,0
knn,4,SR1482_40X_HE_T071_01,0,0.2,0
knn,4,SR1482_40X_HE_T071_02,0,0.0,0
knn,4,SR1482_40X_HE_T074_01,0,0.1,0
knn,4,SR1482_40X_HE_T074_02,0,0.1,0
knn,4,SR1482_40X_HE_T083_01,0,0.2,0
knn,4,SR1482_40X_HE_T083_02,0,0.2,0
knn,4,SR1482_40X_HE_T087_01,0,0.0,0
knn,4,SR1482_40X_HE_T097_01,1,0.1,0
knn,4,SR1482_40X_HE_T097_02,1,0.2,0
knn,4,SR1482_40X_HE_T108_01,0,0.0,0
knn,4,SR1482_40X_HE_T113_01,0,0.2,0
knn,4,SR1482_40X_HE_T113_02,0,0.1,0
knn,4,SR1482_40X_HE_T121_01,0,0.0,0
knn,4,SR1482_40X_HE_T122_01,0,0.0,0
knn,4,SR1482_40X_HE_T125_01,0,0.0,0
knn,4,SR1482_40X_HE_T125_02,0,0.0,0
knn,4,SR1482_40X_HE_T131_01,0,0.0,0
knn,4,SR1482_40X_HE_T131_02,0,0.0,0
knn,4,SR1482_40X_HE_T132_01,0,0.0,0
knn,4,SR1482_40X_HE_T132_02,0,0.2,0
knn,4,SR1482_40X_HE_T143_01,0,0.1,0
knn,4,SR1482_40X_HE_T143_02,0,0.1,0
knn,4,SR1482_40X_HE_T166_01,1,0.0,0
knn,4,SR1482_40X_HE_T169_01,0,0.2,0
knn,4,SR1482_40X_HE_T176_01,1,0.3,0
knn,4,SR1482_40X_HE_T176_02,1,0.2,0
knn,4,SR1482_40X_HE_T191_01,0,0.0,0
knn,4,SR1482_40X_HE_T194_01,0,0.0,0
knn,4,SR1482_40X_HE_T218_01,0,0.0,0
knn,4,SR1482_40X_HE_T253_01,0,0.0,0
knn,4,SR1482_40X_HE_T290_01,0,0.0,0
knn,4,SR1482_40X_HE_T308_01,0,0.4,0
knn,4,SR1482_40X_HE_T314_01,0,0.3,0
knn,4,SR1482_40X_HE_T314_02,0,0.1,0
knn,4,SR1482_40X_HE_T372_01,1,0.3,0
knn,4,SR1482_40X_HE_T372_02,1,0.1,0
knn,4,SR1482_40X_HE_T408_01,0,0.1,0
knn,4,SR1482_40X_HE_T412_01,0,0.0,0
knn,4,SR1482_40X_HE_T425_01,0,0.0,0
knn,4,SR1482_40X_HE_T434_01,1,0.1,0
knn,4,SR386_40X_HE_T006_01,0,0.0,0
knn,4,SR386_40X_HE_T010_01,0,0.0,0
knn,4,SR386_40X_HE_T014_01,0,0.0,0
knn,4,SR386_40X_HE_T016_01,0,0.0,0
knn,4,SR386_40X_HE_T020_01,0,0.0,0
knn,4,SR386_40X_HE_T027_01,0,0.1,0
knn,4,SR386_40X_HE_T028_01,0,0.0,0
knn,4,SR386_40X_HE_T037_01,0,0.0,0
knn,4,SR386_40X_HE_T043_01,0,0.0,0
knn,4,SR386_40X_HE_T044_01,1,0.1,0
knn,4,SR386_40X_HE_T046_01,0,0.0,0
knn,4,SR386_40X_HE_T058_01,0,0.0,0
knn,4,SR386_40X_HE_T062_01,0,0.0,0
knn,4,SR386_40X_HE_T065_01,1,0.1,0
knn,4,SR386_40X_HE_T080_01,0,0.0,0
knn,4,SR386_40X_HE_T091_01,0,0.0,0
knn,4,SR386_40X_HE_T094_01,0,0.0,0
knn,4,SR386_40X_HE_T097_01,0,0.0,0
knn,4,SR386_40X_HE_T100_01,0,0.2,0
knn,4,SR386_40X_HE_T107_01,0,0.1,0
knn,4,SR386_40X_HE_T109_01,1,0.1,0
knn,4,SR386_40X_HE_T110_01,0,0.0,0
knn,4,SR386_40X_HE_T117_01,0,0.0,0
knn,4,SR386_40X_HE_T127_01,0,0.0,0
knn,4,SR386_40X_HE_T129_01,0,0.0,0
knn,4,SR386_40X_HE_T136_01,0,0.0,0
knn,4,SR386_40X_HE_T154_01,0,0.1,0
knn,4,SR386_40X_HE_T168_01,1,0.2,0
knn,4,SR386_40X_HE_T175_01,0,0.0,0
knn,4,SR386_40X_HE_T189_01,0,0.1,0
knn,4,SR386_40X_HE_T195_01,0,0.0,0
knn,4,SR386_40X_HE_T227_01,0,0.0,0
knn,4,SR386_40X_HE_T233_01,0,0.1,0
knn,4,SR386_40X_HE_T234_01,0,0.1,0
knn,4,SR386_40X_HE_T235_01,0,0.0,0
knn,4,SR386_40X_HE_T239_01,0,0.0,0
knn,4,SR386_40X_HE_T245_01,0,0.0,0
knn,4,SR386_40X_HE_T256_01,0,0.2,0
knn,4,SR386_40X_HE_T265_01,0,0.1,0
knn,4,SR386_40X_HE_T268_01,0,0.1,0
knn,4,SR386_40X_HE_T270_01,0,0.0,0
knn,4,SR386_40X_HE_T272_01,0,0.0,0
knn,4,SR386_40X_HE_T273_01,0,0.0,0
knn,4,SR386_40X_HE_T276_01,0,0.0,0
knn,4,SR386_40X_HE_T278_01,1,0.1,0
knn,4,SR386_40X_HE_T284_01,0,0.0,0
knn,4,SR386_40X_HE_T285_01,0,0.0,0
knn,4,SR386_40X_HE_T288_01,0,0.1,0
knn,4,SR386_40X_HE_T291_01,0,0.0,0
knn,4,SR386_40X_HE_T300_01,0,0.1,0
knn,4,SR386_40X_HE_T302_01,0,0.0,0
knn,4,SR386_40X_HE_T305_01,0,0.0,0
knn,4,SR386_40X_HE_T308_01,0,0.0,0
knn,4,SR386_40X_HE_T325_01,0,0.0,0
knn,4,SR386_40X_HE_T331_01,0,0.1,0
knn,4,SR386_40X_HE_T341_01,0,0.1,0
knn,4,SR386_40X_HE_T343_01,1,0.0,0
knn,4,SR386_40X_HE_T346_01,0,0.1,0
knn,4,SR386_40X_HE_T352_01,0,0.0,0
knn,4,SR386_40X_HE_T373_01,0,0.1,0
knn,4,SR386_40X_HE_T375_01,0,0.1,0
knn,4,SR386_40X_HE_T381_01,0,0.1,0
knn,4,SR386_40X_HE_T389_01,0,0.1,0
knn,4,SR386_40X_HE_T391_01,0,0.0,0
knn,4,SR386_40X_HE_T394_01,0,0.0,0
knn,4,SR386_40X_HE_T399_01,0,0.0,0
knn,4,SR386_40X_HE_T403_01,0,0.0,0
knn,4,SR386_40X_HE_T405_01,0,0.2,0
knn,4,SR386_40X_HE_T407_01,0,0.0,0
knn,4,SR386_40X_HE_T414_01,0,0.1,0
knn,4,SR386_40X_HE_T424_01,0,0.1,0
knn,4,SR386_40X_HE_T429_01,0,0.1,0
knn,4,SR386_40X_HE_T441_01,0,0.0,0
knn,4,SR386_40X_HE_T451_01,0,0.1,0
knn,4,SR386_40X_HE_T453_01,0,0.0,0
knn,4,SR386_40X_HE_T455_01,0,0.2,0
knn,4,SR386_40X_HE_T465_01,0,0.1,0
knn,4,SR386_40X_HE_T474_01,0,0.0,0
knn,4,SR386_40X_HE_T476_01,0,0.2,0
knn,4,SR386_40X_HE_T479_01,0,0.0,0
knn,4,SR386_40X_HE_T482_01,0,0.0,0
knn,4,SR386_40X_HE_T487_01,0,0.0,0
knn,4,SR386_40X_HE_T490_01,0,0.1,0
knn,4,SR386_40X_HE_T494_01,0,0.0,0
knn,4,SR386_40X_HE_T500_01,0,0.1,0
knn,4,SR386_40X_HE_T510_01,0,0.0,0
knn,4,SR386_40X_HE_T524_01,0,0.1,0
knn,4,SR386_40X_HE_T528_01,0,0.0,0
knn,4,SR386_40X_HE_T532_01,0,0.0,0
knn,4,SR386_40X_HE_T534_01,0,0.2,0
knn,4,SR386_40X_HE_T536_01,0,0.0,0
knn,4,SR386_40X_HE_T537_01,0,0.0,0
knn,4,SR386_40X_HE_T541_01,0,0.0,0
knn,4,SR386_40X_HE_T548_01,1,0.0,0
knn,4,SR386_40X_HE_T550_01,0,0.2,0
knn,4,SR386_40X_HE_T551_01,0,0.0,0
knn,4,SR386_40X_HE_T557_01,0,0.1,0
knn,4,SR386_40X_HE_T565_01,0,0.0,0
knn,4,SR386_40X_HE_T567_01,0,0.0,0
knn,4,SR386_40X_HE_T575_01,0,0.1,0
knn,4,SR386_40X_HE_T576_01,0,0.0,0
knn,4,SR386_40X_HE_T581_01,0,0.0,0
proto,1,SR1482_40X_HE_T029_01,0,0.5028541088104248,1
proto,1,SR1482_40X_HE_T029_02,0,0.5049483180046082,1
proto,1,SR1482_40X_HE_T057_01,0,0.49934592843055725,0
proto,1,SR1482_40X_HE_T063_01,1,0.510745108127594,1
proto,1,SR1482_40X_HE_T063_02,1,0.5105888247489929,1
proto,1,SR1482_40X_HE_T065_01,0,0.5034701824188232,1
proto,1,SR1482_40X_HE_T065_02,0,0.5030739903450012,1
proto,1,SR1482_40X_HE_T066_01,0,0.5041911602020264,1
proto,1,SR1482_40X_HE_T066_02,0,0.506430983543396,1
proto,1,SR1482_40X_HE_T068_01,0,0.49570968747138977,0
proto,1,SR1482_40X_HE_T069_01,0,0.5043691992759705,1
proto,1,SR1482_40X_HE_T069_02,0,0.5033800005912781,1
proto,1,SR1482_40X_HE_T079_01,1,0.5019646286964417,1
proto,1,SR1482_40X_HE_T079_02,1,0.5094891786575317,1
proto,1,SR1482_40X_HE_T080_01,0,0.49987518787384033,0
proto,1,SR1482_40X_HE_T080_02,0,0.5052754878997803,1
proto,1,SR1482_40X_HE_T081_01,0,0.5051224827766418,1
proto,1,SR1482_40X_HE_T081_02,0,0.5030958652496338,1
proto,1,SR1482_40X_HE_T099_01,0,0.49405625462532043,0
proto,1,SR1482_40X_HE_T116_01,0,0.5062292218208313,1
proto,1,SR1482_40X_HE_T117_01,0,0.50628662109375,1
proto,1,SR1482_40X_HE_T117_02,0,0.5039470791816711,1
proto,1,SR1482_40X_HE_T126_01,0,0.5055761933326721,1
proto,1,SR1482_40X_HE_T129_01,0,0.5047471523284912,1
proto,1,SR1482_40X_HE_T129_02,0,0.506098747253418,1
proto,1,SR1482_40X_HE_T139_01,0,0.5077803730964661,1
proto,1,SR1482_40X_HE_T139_02,0,0.5077426433563232,1
proto,1,SR1482_40X_HE_T147_01,0,0.5094940662384033,1
proto,1,SR1482_40X_HE_T147_02,0,0.5081503391265869,1
proto,1,SR1482_40X_HE_T159_01,0,0.504815399646759,1
proto,1,SR1482_40X_HE_T159_02,0,0.506001353263855,1
proto,1,SR1482_40X_HE_T192_01,0,0.5031991600990295,1
proto,1,SR1482_40X_HE_T199_01,0,0.5019410252571106,1
proto,1,SR1482_40X_HE_T304_01,0,0.5026029944419861,1
proto,1,SR1482_40X_HE_T304_02,0,0.5071038007736206,1
proto,1,SR1482_40X_HE_T310_01,1,0.5052005648612976,1
proto,1,SR1482_40X_HE_T310_02,1,0.5035574436187744,1
proto,1,SR1482_40X_HE_T341_01,0,0.4961707592010498,0
proto,1,SR1482_40X_HE_T341_02,0,0.5011930465698242,1
proto,1,SR1482_40X_HE_T353_01,0,0.498514324426651,0
proto,1,SR1482_40X_HE_T390_01,0,0.49582093954086304,0
proto,1,SR1482_40X_HE_T433_01,1,0.5075244307518005,1
proto,1,SR386_40X_HE_T003_01,0,0.4928256571292877,0
proto,1,SR386_40X_HE_T004_01,0,0.4962114989757538,0
proto,1,SR386_40X_HE_T022_01,1,0.497128963470459,0
proto,1,SR386_40X_HE_T030_01,0,0.49608010053634644,0
proto,1,SR386_40X_HE_T033_01,0,0.49362990260124207,0
proto,1,SR386_40X_HE_T036_01,0,0.4985770285129547,0
proto,1,SR386_40X_HE_T038_01,0,0.4927729368209839,0
proto,1,SR386_40X_HE_T049_01,0,0.48998239636421204,0
proto,1,SR386_40X_HE_T050_01,0,0.5001203417778015,1
proto,1,SR386_40X_HE_T060_01,0,0.4969402849674225,0
proto,1,SR386_40X_HE_T063_01,0,0.49665623903274536,0
proto,1,SR386_40X_HE_T066_01,0,0.49527600407600403,0
proto,1,SR386_40X_HE_T069_01,0,0.4940735995769501,0
proto,1,SR386_40X_HE_T072_01,0,0.4935554563999176,0
proto,1,SR386_40X_HE_T074_01,0,0.49413520097732544,0
proto,1,SR386_40X_HE_T078_01,0,0.49309012293815613,0
proto,1,SR386_40X_HE_T079_01,0,0.4886353015899658,0
proto,1,SR386_40X_HE_T092_01,1,0.49296194314956665,0
proto,1,SR386_40X_HE_T096_01,0,0.488549143075943,0
proto,1,SR386_40X_HE_T099_01,0,0.49993836879730225,0
proto,1,SR386_40X_HE_T103_01,0,0.493951678276062,0
proto,1,SR386_40X_HE_T108_01,0,0.4961024522781372,0
proto,1,SR386_40X_HE_T113_01,0,0.4950413703918457,0
proto,1,SR386_40X_HE_T114_01,0,0.49303585290908813,0
proto,1,SR386_40X_HE_T119_01,0,0.4893958568572998,0
proto,1,SR386_40X_HE_T126_01,0,0.5016355514526367,1
proto,1,SR386_40X_HE_T130_01,0,0.4875529706478119,0
proto,1,SR386_40X_HE_T131_01,0,0.4939209520816803,0
proto,1,SR386_40X_HE_T135_01,0,0.49463585019111633,0
proto,1,SR386_40X_HE_T140_01,0,0.49379244446754456,0
proto,1,SR386_40X_HE_T144_01,0,0.4955722987651825,0
proto,1,SR386_40X_HE_T147_01,0,0.4941878020763397,0
proto,1,SR386_40X_HE_T148_01,0,0.5025799870491028,1
proto,1,SR386_40X_HE_T160_01,0,0.4897305369377136,0
proto,1,SR386_40X_HE_T169_01,0,0.49869704246520996,0
proto,1,SR386_40X_HE_T170_01,1,0.4968470335006714,0
proto,1,SR386_40X_HE_T172_01,0,0.496374249458313,0
proto,1,SR386_40X_HE_T174_01,0,0.49472445249557495,0
proto,1,SR386_40X_HE_T181_01,0,0.5007697939872742,1
proto,1,SR386_40X_HE_T196_01,0,0.4927629232406616,0
proto,1,SR386_40X_HE_T205_01,0,0.5038153529167175,1
proto,1,SR386_40X_HE_T209_01,0,0.48971545696258545,0
proto,1,SR386_40X_HE_T210_01,0,0.5044936537742615,1
proto,1,SR386_40X_HE_T212_01,0,0.49339234828948975,0
proto,1,SR386_40X_HE_T221_01,0,0.4903174638748169,0
proto,1,SR386_40X_HE_T224_01,0,0.4992922246456146,0
proto,1,SR386_40X_HE_T231_01,1,0.5017200112342834,1
proto,1,SR386_40X_HE_T232_01,0,0.49031761288642883,0
proto,1,SR386_40X_HE_T247_01,0,0.4940032660961151,0
proto,1,SR386_40X_HE_T252_01,0,0.4882892072200775,0
proto,1,SR386_40X_HE_T255_01,0,0.5000331997871399,1
proto,1,SR386_40X_HE_T259_01,1,0.4940869212150574,0
proto,1,SR386_40X_HE_T274_01,0,0.4905335009098053,0
proto,1,SR386_40X_HE_T275_01,0,0.4951463043689728,0
proto,1,SR386_40X_HE_T282_01,0,0.48999306559562683,0
proto,1,SR386_40X_HE_T294_01,0,0.49571070075035095,0
proto,1,SR386_40X_HE_T311_01,0,0.4922214448451996,0
proto,1,SR386_40X_HE_T315_01,0,0.49338290095329285,0
proto,1,SR386_40X_HE_T319_01,1,0.49155163764953613,0
proto,1,SR386_40X_HE_T324_01,1,0.49568554759025574,0
proto,1,SR386_40X_HE_T330_01,0,0.493147611618042,0
proto,1,SR386_40X_HE_T333_01,0,0.4940950870513916,0
proto,1,SR386_40X_HE_T335_01,0,0.49554443359375,0
proto,1,SR386_40X_HE_T337_01,0,0.4937567114830017,0
proto,1,SR386_40X_HE_T344_01,0,0.49535661935806274,0
proto,1,SR386_40X_HE_T347_01,0,0.4919990301132202,0
proto,1,SR386_40X_HE_T350_01,0,0.4912591874599457,0
proto,1,SR386_40X_HE_T351_01,0,0.5004456043243408,1
proto,1,SR386_40X_HE_T360_01,0,0.4944802522659302,0
proto,1,SR386_40X_HE_T361_01,0,0.49917420744895935,0
proto,1,SR386_40X_HE_T366_01,0,0.4908645749092102,0
proto,1,SR386_40X_HE_T377_01,1,0.49749359488487244,0
proto,1,SR386_40X_HE_T384_01,0,0.4886816143989563,0
proto,1,SR386_40X_HE_T395_01,0,0.4961394965648651,0
proto,1,SR386_40X_HE_T396_01,0,0.48913055658340454,0
proto,1,SR386_40X_HE_T401_01,0,0.4952954351902008,0
proto,1,SR386_40X_HE_T408_01,0,0.4898892641067505,0
proto,1,SR386_40X_HE_T410_01,0,0.4937652349472046,0
proto,1,SR386_40X_HE_T413_01,0,0.501588761806488,1
proto,1,SR386_40X_HE_T416_01,0,0.49878472089767456,0
proto,1,SR386_40X_HE_T418_01,0,0.49183958768844604,0
proto,1,SR386_40X_HE_T419_01,0,0.4953007698059082,0
proto,1,SR386_40X_HE_T421_01,0,0.49838197231292725,0
proto,1,SR386_40X_HE_T423_01,0,0.4983502924442291,0
proto,1,SR386_40X_HE_T428_01,0,0.49302348494529724,0
proto,1,SR386_40X_HE_T430_01,0,0.49260079860687256,0
proto,1,SR386_40X_HE_T431_01,0,0.4909297823905945,0
proto,1,SR386_40X_HE_T435_01,0,0.4972246587276459,0
proto,1,SR386_40X_HE_T438_01,0,0.49205130338668823,0
proto,1,SR386_40X_HE_T439_01,0,0.5035802125930786,1
proto,1,SR386_40X_HE_T447_01,0,0.4926179349422455,0
proto,1,SR386_40X_HE_T449_01,0,0.49011874198913574,0
proto,1,SR386_40X_HE_T454_01,0,0.4888947308063507,0
proto,1,SR386_40X_HE_T456_01,0,0.49162745475769043,0
proto,1,SR386_40X_HE_T461_01,0,0.49146726727485657,0
proto,1,SR386_40X_HE_T462_01,0,0.4907357394695282,0
proto,1,SR386_40X_HE_T468_01,0,0.49026429653167725,0
proto,1,SR386_40X_HE_T469_01,1,0.5055854916572571,1
proto,1,SR386_40X_HE_T470_01,0,0.49280837178230286,0
proto,1,SR386_40X_HE_T471_01,0,0.499729186296463,0
proto,1,SR386_40X_HE_T477_01,0,0.49410080909729004,0
proto,1,SR386_40X_HE_T480_01,0,0.4932539165019989,0
proto,1,SR386_40X_HE_T484_01,0,0.49269548058509827,0
proto,1,SR386_40X_HE_T495_01,0,0.488354355096817,0
proto,1,SR386_40X_HE_T496_01,0,0.49005407094955444,0
proto,1,SR386_40X_HE_T498_01,0,0.49757781624794006,0
proto,1,SR386_40X_HE_T504_01,0,0.4927038252353668,0
proto,1,SR386_40X_HE_T511_01,0,0.49387526512145996,0
proto,1,SR386_40X_HE_T517_01,0,0.4987732172012329,0
proto,1,SR386_40X_HE_T523_01,0,0.49358507990837097,0
proto,1,SR386_40X_HE_T529_01,0,0.49031010270118713,0
proto,1,SR386_40X_HE_T542_01,0,0.49042195081710815,0
proto,1,SR386_40X_HE_T569_01,0,0.4923596978187561,0
proto,1,SR386_40X_HE_T582_01,0,0.4925522208213806,0
proto,2,SR1482_40X_HE_T009_01,0,0.501072347164154,1
proto,2,SR1482_40X_HE_T009_02,0,0.5010510683059692,1
proto,2,SR1482_40X_HE_T015_01,0,0.5019131898880005,1
proto,2,SR1482_40X_HE_T021_01,0,0.498609334230423,0
proto,2,SR1482_40X_HE_T067_01,0,0.5004724860191345,1
proto,2,SR1482_40X_HE_T075_01,0,0.5009783506393433,1
proto,2,SR1482_40X_HE_T075_02,0,0.5018959641456604,1
proto,2,SR1482_40X_HE_T098_01,0,0.5044763088226318,1
proto,2,SR1482_40X_HE_T098_02,0,0.5016282200813293,1
proto,2,SR1482_40X_HE_T102_01,0,0.5020254850387573,1
proto,2,SR1482_40X_HE_T123_01,0,0.49949952960014343,0
proto,2,SR1482_40X_HE_T142_01,0,0.4944799542427063,0
proto,2,SR1482_40X_HE_T146_01,0,0.5086118578910828,1
proto,2,SR1482_40X_HE_T148_01,0,0.5065003037452698,1
proto,2,SR1482_40X_HE_T148_02,0,0.5036190152168274,1
proto,2,SR1482_40X_HE_T154_01,0,0.49872589111328125,0
proto,2,SR1482_40X_HE_T158_01,0,0.4994731545448303,0
proto,2,SR1482_40X_HE_T161_01,0,0.5100604891777039,1
proto,2,SR1482_40X_HE_T161_02,0,0.5043343901634216,1
proto,2,SR1482_40X_HE_T164_01,1,0.5036177635192871,1
proto,2,SR1482_40X_HE_T164_02,1,0.5031141638755798,1
proto,2,SR1482_40X_HE_T168_01,0,0.49841389060020447,0
proto,2,SR1482_40X_HE_T171_01,0,0.5018482804298401,1
proto,2,SR1482_40X_HE_T171_02,0,0.5036998987197876,1
proto,2,SR1482_40X_HE_T178_01,1,0.5047412514686584,1
proto,2,SR1482_40X_HE_T186_01,0,0.5001967549324036,1
proto,2,SR1482_40X_HE_T193_01,0,0.5020506978034973,1
proto,2,SR1482_40X_HE_T193_02,0,0.5098771452903748,1
proto,2,SR1482_40X_HE_T209_01,0,0.498883992433548,0
proto,2,SR1482_40X_HE_T209_02,0,0.5001481175422668,1
proto,2,SR1482_40X_HE_T245_01,0,0.5044984221458435,1
proto,2,SR1482_40X_HE_T245_02,0,0.502134382724762,1
proto,2,SR1482_40X_HE_T265_01,0,0.4960448741912842,0
proto,2,SR1482_40X_HE_T302_01,0,0.5036724805831909,1
proto,2,SR1482_40X_HE_T343_01,1,0.5073092579841614,1
proto,2,SR1482_40X_HE_T343_02,1,0.5093801617622375,1
proto,2,SR1482_40X_HE_T399_01,0,0.5068415403366089,1
proto,2,SR1482_40X_HE_T399_02,0,0.5037697553634644,1
proto,2,SR1482_40X_HE_T426_01,0,0.5040566325187683,1
proto,2,SR1482_40X_HE_T426_02,0,0.5053359866142273,1
proto,2,SR386_40X_HE_T001_01,0,0.4926559031009674,0
proto,2,SR386_40X_HE_T013_01,0,0.49619394540786743,0
proto,2,SR386_40X_HE_T018_01,0,0.49387821555137634,0
proto,2,SR386_40X_HE_T019_01,0,0.49766474962234497,0
proto,2,SR386_40X_HE_T024_01,0,0.4901188910007477,0
proto,2,SR386_40X_HE_T039_01,0,0.48748013377189636,0
proto,2,SR386_40X_HE_T040_01,1,0.49737465381622314,0
proto,2,SR386_40X_HE_T042_01,0,0.4961856007575989,0
proto,2,SR386_40X_HE_T047_01,0,0.49416661262512207,0
proto,2,SR386_40X_HE_T051_01,0,0.49012213945388794,0
proto,2,SR386_40X_HE_T052_01,0,0.49237868189811707,0
proto,2,SR386_40X_HE_T056_01,0,0.4917590618133545,0
proto,2,SR386_40X_HE_T057_01,0,0.49139830470085144,0
proto,2,SR386_40X_HE_T070_01,0,0.488994300365448,0
proto,2,SR386_40X_HE_T082_01,0,0.49768486618995667,0
proto,2,SR386_40X_HE_T084_01,0,0.5026686191558838,1
proto,2,SR386_40X_HE_T087_01,0,0.49863624572753906,0
proto,2,SR386_40X_HE_T088_01,0,0.49629801511764526,0
proto,2,SR386_40X_HE_T098_01,0,0.4934256672859192,0
proto,2,SR386_40X_HE_T105_01,0,0.4937826097011566,0
proto,2,SR386_40X_HE_T122_01,0,0.49417251348495483,0
proto,2,SR386_40X_HE_T123_01,0,0.49683111906051636,0
proto,2,SR386_40X_HE_T133_01,0,0.49139124155044556,0
proto,2,SR386_40X_HE_T145_01,0,0.4958442747592926,0
proto,2,SR386_40X_HE_T150_01,0,0.49441462755203247,0
proto,2,SR386_40X_HE_T152_01,0,0.4959782361984253,0
proto,2,SR386_40X_HE_T155_01,0,0.49254345893859863,0
proto,2,SR386_40X_HE_T157_01,0,0.49670904874801636,0
proto,2,SR386_40X_HE_T164_01,0,0.4923149347305298,0
proto,2,SR386_40X_HE_T166_01,0,0.4962041676044464,0
proto,2,SR386_40X_HE_T176_01,1,0.495780348777771,0
proto,2,SR386_40X_HE_T177_01,0,0.49272286891937256,0
proto,2,SR386_40X_HE_T178_01,0,0.4935763478279114,0
proto,2,SR386_40X_HE_T187_01,0,0.49392515420913696,0
proto,2,SR386_40X_HE_T190_01,0,0.4902571737766266,0
proto,2,SR386_40X_HE_T192_01,0,0.4933900833129883,0
proto,2,SR386_40X_HE_T198_01,0,0.4977840185165405,0
proto,2,SR386_40X_HE_T200_01,0,0.4957371950149536,0
proto,2,SR386_40X_HE_T206_01,1,0.4987325370311737,0
proto,2,SR386_40X_HE_T211_01,0,0.49570032954216003,0
proto,2,SR386_40X_HE_T213_01,0,0.49877113103866577,0
proto,2,SR386_40X_HE_T214_01,0,0.4977286458015442,0
proto,2,SR386_40X_HE_T220_01,0,0.4941730797290802,0
proto,2,SR386_40X_HE_T230_01,1,0.5016025304794312,1
proto,2,SR386_40X_HE_T236_01,0,0.49445509910583496,0
proto,2,SR386_40X_HE_T237_01,0,0.49490875005722046,0
proto,2,SR386_40X_HE_T240_01,0,0.4924725890159607,0
proto,2,SR386_40X_HE_T241_01,0,0.49372461438179016,0
proto,2,SR386_40X_HE_T242_01,0,0.49689510464668274,0
proto,2,SR386_40X_HE_T253_01,0,0.48841315507888794,0
proto,2,SR386_40X_HE_T260_01,0,0.5005939602851868,1
proto,2,SR386_40X_HE_T262_01,0,0.5014389753341675,1
proto,2,SR386_40X_HE_T264_01,0,0.5052501559257507,1
proto,2,SR386_40X_HE_T271_01,0,0.4951734244823456,0
proto,2,SR386_40X_HE_T281_01,0,0.49225157499313354,0
proto,2,SR386_40X_HE_T297_01,0,0.4894815981388092,0
proto,2,SR386_40X_HE_T299_01,0,0.4899166226387024,0
proto,2,SR386_40X_HE_T301_01,0,0.4904416799545288,0
proto,2,SR386_40X_HE_T306_01,0,0.49279990792274475,0
proto,2,SR386_40X_HE_T309_01,0,0.4899057447910309,0
proto,2,SR386_40X_HE_T314_01,0,0.49523821473121643,0
proto,2,SR386_40X_HE_T316_01,0,0.5052471160888672,1
proto,2,SR386_40X_HE_T318_01,0,0.4996674060821533,0
proto,2,SR386_40X_HE_T321_01,0,0.4945734739303589,0
proto,2,SR386_40X_HE_T326_01,0,0.4913005530834198,0
proto,2,SR386_40X_HE_T327_01,0,0.48729410767555237,0
proto,2,SR386_40X_HE_T332_01,1,0.4975806176662445,0
proto,2,SR386_40X_HE_T355_01,0,0.4953828752040863,0
proto,2,SR386_40X_HE_T364_01,0,0.495719313621521,0
proto,2,SR386_40X_HE_T368_01,1,0.5005598664283752,1
proto,2,SR386_40X_HE_T374_01,0,0.49012261629104614,0
proto,2,SR386_40X_HE_T380_01,0,0.4880066215991974,0
proto,2,SR386_40X_HE_T382_01,0,0.49087053537368774,0
proto,2,SR386_40X_HE_T392_01,0,0.49057242274284363,0
proto,2,SR386_40X_HE_T398_01,0,0.4956699311733246,0
proto,2,SR386_40X_HE_T402_01,1,0.5047928690910339,1
proto,2,SR386_40X_HE_T404_01,0,0.4904821813106537,0
proto,2,SR386_40X_HE_T415_01,0,0.4918098747730255,0
proto,2,SR386_40X_HE_T417_01,0,0.49085867404937744,0
proto,2,SR386_40X_HE_T425_01,0,0.49206313490867615,0
proto,2,SR386_40X_HE_T436_01,1,0.49637916684150696,0
proto,2,SR386_40X_HE_T437_01,0,0.4933668076992035,0
proto,2,SR386_40X_HE_T440_01,0,0.49642908573150635,0
proto,2,SR386_40X_HE_T445_01,0,0.49091836810112,0
proto,2,SR386_40X_HE_T450_01,0,0.49248701333999634,0
proto,2,SR386_40X_HE_T459_01,0,0.49915948510169983,0
proto,2,SR386_40X_HE_T472_01,0,0.49131202697753906,0
proto,2,SR386_40X_HE_T481_01,0,0.494206041097641,0
proto,2,SR386_40X_HE_T483_01,0,0.49839967489242554,0
proto,2,SR386_40X_HE_T486_01,0,0.4924396574497223,0
proto,2,SR386_40X_HE_T488_01,0,0.498867392539978,0
proto,2,SR386_40X_HE_T499_01,0,0.5019822120666504,1
proto,2,SR386_40X_HE_T507_01,0,0.5054653882980347,1
proto,2,SR386_40X_HE_T514_01,0,0.4936617910861969,0
proto,2,SR386_40X_HE_T520_01,1,0.49104946851730347,0
proto,2,SR386_40X_HE_T522_01,0,0.49416905641555786,0
proto,2,SR386_40X_HE_T531_01,0,0.49128252267837524,0
proto,2,SR386_40X_HE_T535_01,0,0.4892643690109253,0
proto,2,SR386_40X_HE_T539_01,0,0.4925794303417206,0
proto,2,SR386_40X_HE_T549_01,0,0.4968093931674957,0
proto,2,SR386_40X_HE_T552_01,0,0.4960567057132721,0
proto,2,SR386_40X_HE_T553_01,0,0.49235498905181885,0
proto,2,SR386_40X_HE_T554_01,0,0.49762389063835144,0
proto,2,SR386_40X_HE_T558_01,0,0.4922447204589844,0
proto,2,SR386_40X_HE_T564_01,0,0.4995715320110321,0
proto,2,SR386_40X_HE_T570_01,0,0.4926871359348297,0
proto,2,SR386_40X_HE_T574_01,0,0.4901455342769623,0
proto,2,SR386_40X_HE_T578_01,0,0.48957836627960205,0
proto,2,SR386_40X_HE_T580_01,0,0.49240708351135254,0
proto,3,SR1482_40X_HE_T005_01,0,0.5031947493553162,1
proto,3,SR1482_40X_HE_T005_02,0,0.5112888813018799,1
proto,3,SR1482_40X_HE_T010_01,0,0.49380141496658325,0
proto,3,SR1482_40X_HE_T043_01,0,0.5023568868637085,1
proto,3,SR1482_40X_HE_T043_02,0,0.5026437044143677,1
proto,3,SR1482_40X_HE_T049_01,0,0.4995141327381134,0
proto,3,SR1482_40X_HE_T061_01,0,0.5133408308029175,1
proto,3,SR1482_40X_HE_T061_02,0,0.5041710734367371,1
proto,3,SR1482_40X_HE_T070_01,1,0.5050809979438782,1
proto,3,SR1482_40X_HE_T073_01,0,0.49683523178100586,0
proto,3,SR1482_40X_HE_T082_01,0,0.4998547434806824,0
proto,3,SR1482_40X_HE_T082_02,0,0.5048155188560486,1
proto,3,SR1482_40X_HE_T089_01,0,0.49598222970962524,0
proto,3,SR1482_40X_HE_T090_01,0,0.4933862090110779,0
proto,3,SR1482_40X_HE_T094_01,1,0.504862368106842,1
proto,3,SR1482_40X_HE_T094_02,1,0.5057445168495178,1
proto,3,SR1482_40X_HE_T105_01,0,0.5043377876281738,1
proto,3,SR1482_40X_HE_T115_01,0,0.49852117896080017,0
proto,3,SR1482_40X_HE_T115_02,0,0.4988376796245575,0
proto,3,SR1482_40X_HE_T118_01,0,0.5083152055740356,1
proto,3,SR1482_40X_HE_T118_02,0,0.5056268572807312,1
proto,3,SR1482_40X_HE_T120_01,0,0.506765604019165,1
proto,3,SR1482_40X_HE_T120_02,0,0.5090161561965942,1
proto,3,SR1482_40X_HE_T124_01,0,0.5071322917938232,1
proto,3,SR1482_40X_HE_T124_02,0,0.504958987236023,1
proto,3,SR1482_40X_HE_T138_01,0,0.4959220588207245,0
proto,3,SR1482_40X_HE_T160_01,0,0.5038220286369324,1
proto,3,SR1482_40X_HE_T160_02,0,0.501953661441803,1
proto,3,SR1482_40X_HE_T167_01,0,0.5032824873924255,1
proto,3,SR1482_40X_HE_T167_02,0,0.501413881778717,1
proto,3,SR1482_40X_HE_T175_01,0,0.5083333253860474,1
proto,3,SR1482_40X_HE_T175_02,0,0.5042806267738342,1
proto,3,SR1482_40X_HE_T177_01,1,0.4998372793197632,0
proto,3,SR1482_40X_HE_T188_01,0,0.5000408291816711,1
proto,3,SR1482_40X_HE_T195_01,0,0.5016425848007202,1
proto,3,SR1482_40X_HE_T195_02,0,0.50465989112854,1
proto,3,SR1482_40X_HE_T202_01,0,0.5057979226112366,1
proto,3,SR1482_40X_HE_T202_02,0,0.509795069694519,1
proto,3,SR1482_40X_HE_T225_01,0,0.5075607299804688,1
proto,3,SR1482_40X_HE_T225_02,0,0.4997512400150299,0
proto,3,SR1482_40X_HE_T235_01,0,0.5015856027603149,1
proto,3,SR1482_40X_HE_T235_02,0,0.5059089064598083,1
proto,3,SR1482_40X_HE_T236_01,0,0.5025595426559448,1
proto,3,SR1482_40X_HE_T236_02,0,0.5036584734916687,1
proto,3,SR1482_40X_HE_T258_01,0,0.5021740794181824,1
proto,3,SR1482_40X_HE_T258_02,0,0.509461522102356,1
proto,3,SR1482_40X_HE_T284_01,1,0.5035401582717896,1
proto,3,SR1482_40X_HE_T284_02,1,0.5013982653617859,1
proto,3,SR1482_40X_HE_T301_01,1,0.5034404397010803,1
proto,3,SR1482_40X_HE_T301_02,1,0.5108770728111267,1
proto,3,SR1482_40X_HE_T309_01,0,0.5046840310096741,1
proto,3,SR1482_40X_HE_T313_01,0,0.5057857632637024,1
proto,3,SR1482_40X_HE_T313_02,0,0.5089474320411682,1
proto,3,SR1482_40X_HE_T338_01,0,0.5080411434173584,1
proto,3,SR1482_40X_HE_T344_01,0,0.5034590363502502,1
proto,3,SR1482_40X_HE_T344_02,0,0.5044153332710266,1
proto,3,SR1482_40X_HE_T346_01,0,0.5033122897148132,1
proto,3,SR1482_40X_HE_T346_02,0,0.5040060877799988,1
proto,3,SR1482_40X_HE_T377_01,0,0.5029582381248474,1
proto,3,SR1482_40X_HE_T377_02,0,0.5037214159965515,1
proto,3,SR1482_40X_HE_T419_01,0,0.4976821839809418,0
proto,3,SR1482_40X_HE_T427_01,0,0.5030965209007263,1
proto,3,SR1482_40X_HE_T427_02,0,0.5009976625442505,1
proto,3,SR386_40X_HE_T007_01,0,0.4935092628002167,0
proto,3,SR386_40X_HE_T015_01,0,0.4912349283695221,0
proto,3,SR386_40X_HE_T017_01,1,0.49332118034362793,0
proto,3,SR386_40X_HE_T032_01,0,0.4878994822502136,0
proto,3,SR386_40X_HE_T034_01,0,0.49117860198020935,0
proto,3,SR386_40X_HE_T035_01,0,0.49314939975738525,0
proto,3,SR386_40X_HE_T041_01,0,0.4948830008506775,0
proto,3,SR386_40X_HE_T067_01,0,0.4885256588459015,0
proto,3,SR386_40X_HE_T075_01,0,0.4925593435764313,0
proto,3,SR386_40X_HE_T081_01,0,0.4914757311344147,0
proto,3,SR386_40X_HE_T083_01,0,0.4903213381767273,0
proto,3,SR386_40X_HE_T085_01,0,0.48483097553253174,0
proto,3,SR386_40X_HE_T095_01,0,0.4942411482334137,0
proto,3,SR386_40X_HE_T104_01,0,0.4928056299686432,0
proto,3,SR386_40X_HE_T106_01,0,0.4924893379211426,0
proto,3,SR386_40X_HE_T112_01,0,0.4880309998989105,0
proto,3,SR386_40X_HE_T128_01,0,0.48890212178230286,0
proto,3,SR386_40X_HE_T132_01,0,0.4885620176792145,0
proto,3,SR386_40X_HE_T138_01,0,0.49120286107063293,0
proto,3,SR386_40X_HE_T142_01,0,0.4944382309913635,0
proto,3,SR386_40X_HE_T149_01,0,0.49287623167037964,0
proto,3,SR386_40X_HE_T165_01,1,0.49044376611709595,0
proto,3,SR386_40X_HE_T179_01,0,0.5028573870658875,1
proto,3,SR386_40X_HE_T180_01,0,0.4924872815608978,0
proto,3,SR386_40X_HE_T182_01,0,0.4892621636390686,0
proto,3,SR386_40X_HE_T184_01,0,0.4943476617336273,0
proto,3,SR386_40X_HE_T188_01,0,0.5014452934265137,1
proto,3,SR386_40X_HE_T191_01,0,0.48784223198890686,0
proto,3,SR386_40X_HE_T197_01,0,0.48945352435112,0
proto,3,SR386_40X_HE_T201_01,0,0.49526816606521606,0
proto,3,SR386_40X_HE_T202_01,0,0.48850467801094055,0
proto,3,SR386_40X_HE_T208_01,0,0.48883169889450073,0
proto,3,SR386_40X_HE_T216_01,1,0.49680107831954956,0
proto,3,SR386_40X_HE_T238_01,0,0.4890773594379425,0
proto,3,SR386_40X_HE_T244_01,0,0.4955621063709259,0
proto,3,SR386_40X_HE_T248_01,0,0.4876459538936615,0
proto,3,SR386_40X_HE_T249_01,0,0.4873613119125366,0
proto,3,SR386_40X_HE_T250_01,0,0.4964367151260376,0
proto,3,SR386_40X_HE_T263_01,0,0.5008307695388794,1
proto,3,SR386_40X_HE_T267_01,0,0.4950046241283417,0
proto,3,SR386_40X_HE_T269_01,0,0.4869382083415985,0
proto,3,SR386_40X_HE_T277_01,0,0.49010998010635376,0
proto,3,SR386_40X_HE_T286_01,0,0.5043558478355408,1
proto,3,SR386_40X_HE_T287_01,0,0.4927767813205719,0
proto,3,SR386_40X_HE_T290_01,0,0.4960322380065918,0
proto,3,SR386_40X_HE_T293_01,0,0.490206778049469,0
proto,3,SR386_40X_HE_T298_01,0,0.4883805811405182,0
proto,3,SR386_40X_HE_T303_01,0,0.487323135137558,0
proto,3,SR386_40X_HE_T312_01,0,0.4924182593822479,0
proto,3,SR386_40X_HE_T329_01,0,0.5005667209625244,1
proto,3,SR386_40X_HE_T336_01,0,0.49059543013572693,0
proto,3,SR386_40X_HE_T338_01,0,0.4897312521934509,0
proto,3,SR386_40X_HE_T342_01,0,0.49323806166648865,0
proto,3,SR386_40X_HE_T353_01,0,0.495735228061676,0
proto,3,SR386_40X_HE_T357_01,0,0.48716723918914795,0
proto,3,SR386_40X_HE_T362_01,0,0.5005984902381897,1
proto,3,SR386_40X_HE_T363_01,1,0.49568670988082886,0
proto,3,SR386_40X_HE_T372_01,0,0.4969240427017212,0
proto,3,SR386_40X_HE_T378_01,0,0.4896140396595001,0
proto,3,SR386_40X_HE_T379_01,0,0.49588024616241455,0
proto,3,SR386_40X_HE_T386_01,0,0.4892878532409668,0
proto,3,SR386_40X_HE_T387_01,0,0.5003393888473511,1
proto,3,SR386_40X_HE_T393_01,0,0.48700013756752014,0
proto,3,SR386_40X_HE_T397_01,0,0.504014790058136,1
proto,3,SR386_40X_HE_T406_01,0,0.49425068497657776,0
proto,3,SR386_40X_HE_T409_01,0,0.49190542101860046,0
proto,3,SR386_40X_HE_T422_01,0,0.4882209897041321,0
proto,3,SR386_40X_HE_T426_01,0,0.48767322301864624,0
proto,3,SR386_40X_HE_T433_01,0,0.4882827699184418,0
proto,3,SR386_40X_HE_T443_01,0,0.49338626861572266,0
proto,3,SR386_40X_HE_T448_01,0,0.4889269173145294,0
proto,3,SR386_40X_HE_T452_01,0,0.49609169363975525,0
proto,3,SR386_40X_HE_T460_01,1,0.4943119287490845,0
proto,3,SR386_40X_HE_T473_01,0,0.4879723787307739,0
proto,3,SR386_40X_HE_T475_01,0,0.4903317391872406,0
proto,3,SR386_40X_HE_T478_01,0,0.4890972375869751,0
proto,3,SR386_40X_HE_T489_01,1,0.4917713701725006,0
proto,3,SR386_40X_HE_T491_01,0,0.49514734745025635,0
proto,3,SR386_40X_HE_T492_01,0,0.4901759624481201,0
proto,3,SR386_40X_HE_T493_01,0,0.48814111948013306,0
proto,3,SR386_40X_HE_T502_01,0,0.48688915371894836,0
proto,3,SR386_40X_HE_T505_01,0,0.5014172792434692,1
proto,3,SR386_40X_HE_T506_01,0,0.49216988682746887,0
proto,3,SR386_40X_HE_T509_01,0,0.5026720762252808,1
proto,3,SR386_40X_HE_T516_01,0,0.4903703033924103,0
proto,3,SR386_40X_HE_T518_01,0,0.4917590916156769,0
proto,3,SR386_40X_HE_T519_01,0,0.4924260973930359,0
proto,3,SR386_40X_HE_T521_01,0,0.48765742778778076,0
proto,3,SR386_40X_HE_T526_01,0,0.4900260269641876,0
proto,3,SR386_40X_HE_T533_01,0,0.4896458387374878,0
proto,3,SR386_40X_HE_T543_01,0,0.49229514598846436,0
proto,3,SR386_40X_HE_T544_01,0,0.4939049780368805,0
proto,3,SR386_40X_HE_T556_01,1,0.49425002932548523,0
proto,3,SR386_40X_HE_T560_01,0,0.4919552803039551,0
proto,3,SR386_40X_HE_T563_01,0,0.49022623896598816,0
proto,3,SR386_40X_HE_T568_01,0,0.4886201024055481,0
proto,3,SR386_40X_HE_T571_01,0,0.4891768991947174,0
proto,3,SR386_40X_HE_T572_01,0,0.5007623434066772,1
proto,3,SR386_40X_HE_T573_01,0,0.48658648133277893,0
proto,3,SR386_40X_HE_T583_01,0,0.4902200996875763,0
proto,4,SR1482_40X_HE_T002_01,0,0.49597448110580444,0
proto,4,SR1482_40X_HE_T003_01,0,0.5019000172615051,1
proto,4,SR1482_40X_HE_T004_01,0,0.49871715903282166,0
proto,4,SR1482_40X_HE_T004_02,0,0.5023842453956604,1
proto,4,SR1482_40X_HE_T011_01,0,0.4960804283618927,0
proto,4,SR1482_40X_HE_T025_01,0,0.5031103491783142,1
proto,4,SR1482_40X_HE_T025_02,0,0.5033057332038879,1
proto,4,SR1482_40X_HE_T060_01,0,0.5070176720619202,1
proto,4,SR1482_40X_HE_T062_01,0,0.503093421459198,1
proto,4,SR1482_40X_HE_T062_02,0,0.5056431889533997,1
proto,4,SR1482_40X_HE_T064_01,0,0.5082895159721375,1
proto,4,SR1482_40X_HE_T064_02,0,0.5048716068267822,1
proto,4,SR1482_40X_HE_T071_01,0,0.5043985843658447,1
proto,4,SR1482_40X_HE_T071_02,0,0.5031957626342773,1
proto,4,SR1482_40X_HE_T074_01,0,0.49908047914505005,0
proto,4,SR1482_40X_HE_T074_02,0,0.4983007609844208,0
proto,4,SR1482_40X_HE_T083_01,0,0.5068507790565491,1
proto,4,SR1482_40X_HE_T083_02,0,0.506619393825531,1
proto,4,SR1482_40X_HE_T087_01,0,0.49759456515312195,0
proto,4,SR1482_40X_HE_T097_01,1,0.5066761374473572,1
proto,4,SR1482_40X_HE_T097_02,1,0.507806122303009,1
proto,4,SR1482_40X_HE_T108_01,0,0.49343395233154297,0
proto,4,SR1482_40X_HE_T113_01,0,0.5041990876197815,1
proto,4,SR1482_40X_HE_T113_02,0,0.5064349174499512,1
proto,4,SR1482_40X_HE_T121_01,0,0.4927552342414856,0
proto,4,SR1482_40X_HE_T122_01,0,0.4942172169685364,0
proto,4,SR1482_40X_HE_T125_01,0,0.5022319555282593,1
proto,4,SR1482_40X_HE_T125_02,0,0.5048375725746155,1
proto,4,SR1482_40X_HE_T131_01,0,0.5056121349334717,1
proto,4,SR1482_40X_HE_T131_02,0,0.5058518052101135,1
proto,4,SR1482_40X_HE_T132_01,0,0.5012450814247131,1
proto,4,SR1482_40X_HE_T132_02,0,0.5037392973899841,1
proto,4,SR1482_40X_HE_T143_01,0,0.5074446797370911,1
proto,4,SR1482_40X_HE_T143_02,0,0.5070866346359253,1
proto,4,SR1482_40X_HE_T166_01,1,0.49567437171936035,0
proto,4,SR1482_40X_HE_T169_01,0,0.5034360289573669,1
proto,4,SR1482_40X_HE_T176_01,1,0.5081726908683777,1
proto,4,SR1482_40X_HE_T176_02,1,0.50974440574646,1
proto,4,SR1482_40X_HE_T191_01,0,0.501621663570404,1
proto,4,SR1482_40X_HE_T194_01,0,0.5083368420600891,1
proto,4,SR1482_40X_HE_T218_01,0,0.49783051013946533,0
proto,4,SR1482_40X_HE_T253_01,0,0.4938199818134308,0
proto,4,SR1482_40X_HE_T290_01,0,0.5030337572097778,1
proto,4,SR1482_40X_HE_T308_01,0,0.504938006401062,1
proto,4,SR1482_40X_HE_T314_01,0,0.5127415060997009,1
proto,4,SR1482_40X_HE_T314_02,0,0.5106747150421143,1
proto,4,SR1482_40X_HE_T372_01,1,0.5085127353668213,1
proto,4,SR1482_40X_HE_T372_02,1,0.5034523606300354,1
proto,4,SR1482_40X_HE_T408_01,0,0.4986799657344818,0
proto,4,SR1482_40X_HE_T412_01,0,0.5008279085159302,1
proto,4,SR1482_40X_HE_T425_01,0,0.49345800280570984,0
proto,4,SR1482_40X_HE_T434_01,1,0.5014044642448425,1
proto,4,SR386_40X_HE_T006_01,0,0.4900500178337097,0
proto,4,SR386_40X_HE_T010_01,0,0.49003103375434875,0
proto,4,SR386_40X_HE_T014_01,0,0.4935588836669922,0
proto,4,SR386_40X_HE_T016_01,0,0.48680880665779114,0
proto,4,SR386_40X_HE_T020_01,0,0.4863295257091522,0
proto,4,SR386_40X_HE_T027_01,0,0.4989873766899109,0
proto,4,SR386_40X_HE_T028_01,0,0.4937661588191986,0
proto,4,SR386_40X_HE_T037_01,0,0.4965957701206207,0
proto,4,SR386_40X_HE_T043_01,0,0.4893975853919983,0
proto,4,SR386_40X_HE_T044_01,1,0.4928942024707794,0
proto,4,SR386_40X_HE_T046_01,0,0.4956657290458679,0
proto,4,SR386_40X_HE_T058_01,0,0.48912903666496277,0
proto,4,SR386_40X_HE_T062_01,0,0.4889903962612152,0
proto,4,SR386_40X_HE_T065_01,1,0.4908027946949005,0
proto,4,SR386_40X_HE_T080_01,0,0.490420401096344,0
proto,4,SR386_40X_HE_T091_01,0,0.4881031811237335,0
proto,4,SR386_40X_HE_T094_01,0,0.48772236704826355,0
proto,4,SR386_40X_HE_T097_01,0,0.4935937225818634,0
proto,4,SR386_40X_HE_T100_01,0,0.5021728277206421,1
proto,4,SR386_40X_HE_T107_01,0,0.49438509345054626,0
proto,4,SR386_40X_HE_T109_01,1,0.49285292625427246,0
proto,4,SR386_40X_HE_T110_01,0,0.49112674593925476,0
proto,4,SR386_40X_HE_T117_01,0,0.48866337537765503,0
proto,4,SR386_40X_HE_T127_01,0,0.4916912913322449,0
proto,4,SR386_40X_HE_T129_01,0,0.4879065155982971,0
proto,4,SR386_40X_HE_T136_01,0,0.49147915840148926,0
proto,4,SR386_40X_HE_T154_01,0,0.4907497763633728,0
proto,4,SR386_40X_HE_T168_01,1,0.4932257831096649,0
proto,4,SR386_40X_HE_T175_01,0,0.4889543056488037,0
proto,4,SR386_40X_HE_T189_01,0,0.4917033016681671,0
proto,4,SR386_40X_HE_T195_01,0,0.48706313967704773,0
proto,4,SR386_40X_HE_T227_01,0,0.49284908175468445,0
proto,4,SR386_40X_HE_T233_01,0,0.49926331639289856,0
proto,4,SR386_40X_HE_T234_01,0,0.49669164419174194,0
proto,4,SR386_40X_HE_T235_01,0,0.4887791872024536,0
proto,4,SR386_40X_HE_T239_01,0,0.5008769035339355,1
proto,4,SR386_40X_HE_T245_01,0,0.49003392457962036,0
proto,4,SR386_40X_HE_T256_01,0,0.49433937668800354,0
proto,4,SR386_40X_HE_T265_01,0,0.49072691798210144,0
proto,4,SR386_40X_HE_T268_01,0,0.5016740560531616,1
proto,4,SR386_40X_HE_T270_01,0,0.49264898896217346,0
proto,4,SR386_40X_HE_T272_01,0,0.5056067705154419,1
proto,4,SR386_40X_HE_T273_01,0,0.4924266040325165,0
proto,4,SR386_40X_HE_T276_01,0,0.4928838610649109,0
proto,4,SR386_40X_HE_T278_01,1,0.49174851179122925,0
proto,4,SR386_40X_HE_T284_01,0,0.49025264382362366,0
proto,4,SR386_40X_HE_T285_01,0,0.48969417810440063,0
proto,4,SR386_40X_HE_T288_01,0,0.4942803382873535,0
proto,4,SR386_40X_HE_T291_01,0,0.48950549960136414,0
proto,4,SR386_40X_HE_T300_01,0,0.4899977743625641,0
proto,4,SR386_40X_HE_T302_01,0,0.4932668209075928,0
proto,4,SR386_40X_HE_T305_01,0,0.4872036874294281,0
proto,4,SR386_40X_HE_T308_01,0,0.48853978514671326,0
proto,4,SR386_40X_HE_T325_01,0,0.49227842688560486,0
proto,4,SR386_40X_HE_T331_01,0,0.49255919456481934,0
proto,4,SR386_40X_HE_T341_01,0,0.503839910030365,1
proto,4,SR386_40X_HE_T343_01,1,0.4938555657863617,0
proto,4,SR386_40X_HE_T346_01,0,0.4966220259666443,0
proto,4,SR386_40X_HE_T352_01,0,0.49362385272979736,0
proto,4,SR386_40X_HE_T373_01,0,0.49937841296195984,0
proto,4,SR386_40X_HE_T375_01,0,0.4907784163951874,0
proto,4,SR386_40X_HE_T381_01,0,0.48973825573921204,0
proto,4,SR386_40X_HE_T389_01,0,0.5016841292381287,1
proto,4,SR386_40X_HE_T391_01,0,0.49467235803604126,0
proto,4,SR386_40X_HE_T394_01,0,0.4918482005596161,0
proto,4,SR386_40X_HE_T399_01,0,0.5052736401557922,1
proto,4,SR386_40X_HE_T403_01,0,0.4920860528945923,0
proto,4,SR386_40X_HE_T405_01,0,0.5039432644844055,1
proto,4,SR386_40X_HE_T407_01,0,0.4909942150115967,0
proto,4,SR386_40X_HE_T414_01,0,0.49558785557746887,0
proto,4,SR386_40X_HE_T424_01,0,0.4951276183128357,0
proto,4,SR386_40X_HE_T429_01,0,0.5045446753501892,1
proto,4,SR386_40X_HE_T441_01,0,0.4998384416103363,0
proto,4,SR386_40X_HE_T451_01,0,0.4945088028907776,0
proto,4,SR386_40X_HE_T453_01,0,0.4893009662628174,0
proto,4,SR386_40X_HE_T455_01,0,0.5028744339942932,1
proto,4,SR386_40X_HE_T465_01,0,0.5021405816078186,1
proto,4,SR386_40X_HE_T474_01,0,0.49813520908355713,0
proto,4,SR386_40X_HE_T476_01,0,0.5012296438217163,1
proto,4,SR386_40X_HE_T479_01,0,0.49846208095550537,0
proto,4,SR386_40X_HE_T482_01,0,0.4922502636909485,0
proto,4,SR386_40X_HE_T487_01,0,0.49749094247817993,0
proto,4,SR386_40X_HE_T490_01,0,0.4928380250930786,0
proto,4,SR386_40X_HE_T494_01,0,0.4889049828052521,0
proto,4,SR386_40X_HE_T500_01,0,0.4862172305583954,0
proto,4,SR386_40X_HE_T510_01,0,0.49380743503570557,0
proto,4,SR386_40X_HE_T524_01,0,0.4923512041568756,0
proto,4,SR386_40X_HE_T528_01,0,0.5031601786613464,1
proto,4,SR386_40X_HE_T532_01,0,0.49367254972457886,0
proto,4,SR386_40X_HE_T534_01,0,0.4968023896217346,0
proto,4,SR386_40X_HE_T536_01,0,0.48903894424438477,0
proto,4,SR386_40X_HE_T537_01,0,0.49380338191986084,0
proto,4,SR386_40X_HE_T541_01,0,0.49340859055519104,0
proto,4,SR386_40X_HE_T548_01,1,0.5051589012145996,1
proto,4,SR386_40X_HE_T550_01,0,0.500440239906311,1
proto,4,SR386_40X_HE_T551_01,0,0.4902913570404053,0
proto,4,SR386_40X_HE_T557_01,0,0.49979475140571594,0
proto,4,SR386_40X_HE_T565_01,0,0.4915708899497986,0
proto,4,SR386_40X_HE_T567_01,0,0.4949071407318115,0
proto,4,SR386_40X_HE_T575_01,0,0.49268123507499695,0
proto,4,SR386_40X_HE_T576_01,0,0.48948103189468384,0
proto,4,SR386_40X_HE_T581_01,0,0.5018553733825684,1
rf,1,SR1482_40X_HE_T029_01,0,0.13111607263704037,0
rf,1,SR1482_40X_HE_T029_02,0,0.1633618658223497,0
rf,1,SR1482_40X_HE_T057_01,0,0.06262988100415585,0
rf,1,SR1482_40X_HE_T063_01,1,0.2908456059228859,0
rf,1,SR1482_40X_HE_T063_02,1,0.20154112554112552,0
rf,1,SR1482_40X_HE_T065_01,0,0.1439512195121951,0
rf,1,SR1482_40X_HE_T065_02,0,0.13185598141695704,0
rf,1,SR1482_40X_HE_T066_01,0,0.10631535943731066,0
rf,1,SR1482_40X_HE_T066_02,0,0.2535411255411255,0
rf,1,SR1482_40X_HE_T068_01,0,0.04326140526140527,0
rf,1,SR1482_40X_HE_T069_01,0,0.04492482517482517,0
rf,1,SR1482_40X_HE_T069_02,0,0.07440646853146854,0
rf,1,SR1482_40X_HE_T079_01,1,0.1325882867132867,0
rf,1,SR1482_40X_HE_T079_02,1,0.23254700723804497,0
rf,1,SR1482_40X_HE_T080_01,0,0.08719510194818922,0
rf,1,SR1482_40X_HE_T080_02,0,0.09355366968921956,0
rf,1,SR1482_40X_HE_T081_01,0,0.1070530303030303,0
rf,1,SR1482_40X_HE_T081_02,0,0.06760964710610659,0
rf,1,SR1482_40X_HE_T099_01,0,0.03653146853146853,0
rf,1,SR1482_40X_HE_T116_01,0,0.1911780303030303,0
rf,1,SR1482_40X_HE_T117_01,0,0.14016237928737926,0
rf,1,SR1482_40X_HE_T117_02,0,0.07572294372294372,0
rf,1,SR1482_40X_HE_T126_01,0,0.20345689416541074,0
rf,1,SR1482_40X_HE_T129_01,0,0.09302368328031108,0
rf,1,SR1482_40X_HE_T129_02,0,0.18278923881167922,0
rf,1,SR1482_40X_HE_T139_01,0,0.25513906926406926,0
rf,1,SR1482_40X_HE_T139_02,0,0.27009437202582365,0
rf,1,SR1482_40X_HE_T147_01,0,0.30651886020483576,1
rf,1,SR1482_40X_HE_T147_02,0,0.2707305999283559,0
rf,1,SR1482_40X_HE_T159_01,0,0.16615988172650162,0
rf,1,SR1482_40X_HE_T159_02,0,0.16084157366482135,0
rf,1,SR1482_40X_HE_T192_01,0,0.11615276669161202,0
rf,1,SR1482_40X_HE_T199_01,0,0.10436572030120415,0
rf,1,SR1482_40X_HE_T304_01,0,0.07770018975332069,0
rf,1,SR1482_40X_HE_T304_02,0,0.06976940133037696,0
rf,1,SR1482_40X_HE_T310_01,1,0.20110355993478565,0
rf,1,SR1482_40X_HE_T310_02,1,0.14125968146465756,0
rf,1,SR1482_40X_HE_T341_01,0,0.04381818181818181,0
rf,1,SR1482_40X_HE_T341_02,0,0.08981818181818181,0
rf,1,SR1482_40X_HE_T353_01,0,0.06290943065589014,0
rf,1,SR1482_40X_HE_T390_01,0,0.049492796123932176,0
rf,1,SR1482_40X_HE_T433_01,1,0.18544382252684735,0
rf,1,SR386_40X_HE_T003_01,0,0.04548484848484849,0
rf,1,SR386_40X_HE_T004_01,0,0.1873598484848485,0
rf,1,SR386_40X_HE_T022_01,1,0.18713846153846153,0
rf,1,SR386_40X_HE_T030_01,0,0.14145188145188145,0
rf,1,SR386_40X_HE_T033_01,0,0.10696969696969696,0
rf,1,SR386_40X_HE_T036_01,0,0.1430464576074332,0
rf,1,SR386_40X_HE_T038_01,0,0.09742857142857143,0
rf,1,SR386_40X_HE_T049_01,0,0.013875,0
rf,1,SR386_40X_HE_T050_01,0,0.10691575407524506,0
rf,1,SR386_40X_HE_T060_01,0,0.1383084619524624,0
rf,1,SR386_40X_HE_T063_01,0,0.18292509426057812,0
rf,1,SR386_40X_HE_T066_01,0,0.11997818573432179,0
rf,1,SR386_40X_HE_T069_01,0,0.12062770562770563,0
rf,1,SR386_40X_HE_T072_01,0,0.06906422469536073,0
rf,1,SR386_40X_HE_T074_01,0,0.1277459677419355,0
rf,1,SR386_40X_HE_T078_01,0,0.12090518084066469,0
rf,1,SR386_40X_HE_T079_01,0,0.006,0
rf,1,SR386_40X_HE_T092_01,1,0.041951219512195125,0
rf,1,SR386_40X_HE_T096_01,0,0.015389610389610389,0
rf,1,SR386_40X_HE_T099_01,0,0.09971222079524565,0
rf,1,SR386_40X_HE_T103_01,0,0.09453460533773625,0
rf,1,SR386_40X_HE_T108_01,0,0.12596071539265874,0
rf,1,SR386_40X_HE_T113_01,0,0.10944588744588743,0
rf,1,SR386_40X_HE_T114_01,0,0.06163636363636364,0
rf,1,SR386_40X_HE_T119_01,0,0.029666666666666668,0
rf,1,SR386_40X_HE_T126_01,0,0.10519399315483337,0
rf,1,SR386_40X_HE_T130_01,0,0.009428571428571429,0
rf,1,SR386_40X_HE_T131_01,0,0.092,0
rf,1,SR386_40X_HE_T135_01,0,0.12672294372294374,0
rf,1,SR386_40X_HE_T140_01,0,0.09098961038961038,0
rf,1,SR386_40X_HE_T144_01,0,0.06890518084066471,0
rf,1,SR386_40X_HE_T147_01,0,0.11288240651354255,0
rf,1,SR386_40X_HE_T148_01,0,0.16366265492784296,0
rf,1,SR386_40X_HE_T160_01,0,0.038,0
rf,1,SR386_40X_HE_T169_01,0,0.035875,0
rf,1,SR386_40X_HE_T170_01,1,0.22169622719268664,0
rf,1,SR386_40X_HE_T172_01,0,0.2506498928818362,0
rf,1,SR386_40X_HE_T174_01,0,0.06148484848484848,0
rf,1,SR386_40X_HE_T181_01,0,0.064,0
rf,1,SR386_40X_HE_T196_01,0,0.053023310023310025,0
rf,1,SR386_40X_HE_T205_01,0,0.1671979437229437,0
rf,1,SR386_40X_HE_T209_01,0,0.04,0
rf,1,SR386_40X_HE_T210_01,0,0.21965068903174656,0
rf,1,SR386_40X_HE_T212_01,0,0.055,0
rf,1,SR386_40X_HE_T221_01,0,0.044,0
rf,1,SR386_40X_HE_T224_01,0,0.07193548387096774,0
rf,1,SR386_40X_HE_T231_01,1,0.12974500768049155,0
rf,1,SR386_40X_HE_T232_01,0,0.0279672131147541,0
rf,1,SR386_40X_HE_T247_01,0,0.04557142857142857,0
rf,1,SR386_40X_HE_T252_01,0,0.004,0
rf,1,SR386_40X_HE_T255_01,0,0.06744588744588745,0
rf,1,SR386_40X_HE_T259_01,1,0.11958322201798073,0
rf,1,SR386_40X_HE_T274_01,0,0.0376891495601173,0
rf,1,SR386_40X_HE_T275_01,0,0.07381818181818181,0
rf,1,SR386_40X_HE_T282_01,0,0.006,0
rf,1,SR386_40X_HE_T294_01,0,0.18054339937534272,0
rf,1,SR386_40X_HE_T311_01,0,0.06555731225296443,0
rf,1,SR386_40X_HE_T315_01,0,0.053818181818181814,0
rf,1,SR386_40X_HE_T319_01,1,0.068,0
rf,1,SR386_40X_HE_T324_01,1,0.16679945860591022,0
rf,1,SR386_40X_HE_T330_01,0,0.03242659113510773,0
rf,1,SR386_40X_HE_T333_01,0,0.06566666666666665,0
rf,1,SR386_40X_HE_T335_01,0,0.035904761904761905,0
rf,1,SR386_40X_HE_T337_01,0,0.09253022246570633,0
rf,1,SR386_40X_HE_T344_01,0,0.09235511547276253,0
rf,1,SR386_40X_HE_T347_01,0,0.039484848484848484,0
rf,1,SR386_40X_HE_T350_01,0,0.024984348984348984,0
rf,1,SR386_40X_HE_T351_01,0,0.11548484848484848,0
rf,1,SR386_40X_HE_T360_01,0,0.04998375537505973,0
rf,1,SR386_40X_HE_T361_01,0,0.10175366568914955,0
rf,1,SR386_40X_HE_T366_01,0,0.03542033235581623,0
rf,1,SR386_40X_HE_T377_01,1,0.13912485939004743,0
rf,1,SR386_40X_HE_T384_01,0,0.013389610389610389,0
rf,1,SR386_40X_HE_T395_01,0,0.07385168454733672,0
rf,1,SR386_40X_HE_T396_01,0,0.03983818085668959,0
rf,1,SR386_40X_HE_T401_01,0,0.12684066471163247,0
rf,1,SR386_40X_HE_T408_01,0,0.01,0
rf,1,SR386_40X_HE_T410_01,0,0.1247129730484569,0
rf,1,SR386_40X_HE_T413_01,0,0.16663593431566373,0
rf,1,SR386_40X_HE_T416_01,0,0.08740942928039702,0
rf,1,SR386_40X_HE_T418_01,0,0.03542857142857143,0
rf,1,SR386_40X_HE_T419_01,0,0.0899032326819097,0
rf,1,SR386_40X_HE_T421_01,0,0.10326623008301965,0
rf,1,SR386_40X_HE_T423_01,0,0.0687094535262431,0
rf,1,SR386_40X_HE_T428_01,0,0.044182237117720985,0
rf,1,SR386_40X_HE_T430_01,0,0.049722943722943724,0
rf,1,SR386_40X_HE_T431_01,0,0.1134231334762644,0
rf,1,SR386_40X_HE_T435_01,0,0.1669041674206108,0
rf,1,SR386_40X_HE_T438_01,0,0.06284675324675325,0
rf,1,SR386_40X_HE_T439_01,0,0.19531554289904993,0
rf,1,SR386_40X_HE_T447_01,0,0.04477572964669739,0
rf,1,SR386_40X_HE_T449_01,0,0.0316891495601173,0
rf,1,SR386_40X_HE_T454_01,0,0.025401069518716575,0
rf,1,SR386_40X_HE_T456_01,0,0.047023310023310026,0
rf,1,SR386_40X_HE_T461_01,0,0.0669702380952381,0
rf,1,SR386_40X_HE_T462_01,0,0.04533333333333334,0
rf,1,SR386_40X_HE_T468_01,0,0.034,0
rf,1,SR386_40X_HE_T469_01,1,0.14255046588349074,0
rf,1,SR386_40X_HE_T470_01,0,0.03178539493293592,0
rf,1,SR386_40X_HE_T471_01,0,0.1053483297842958,0
rf,1,SR386_40X_HE_T477_01,0,0.047484848484848484,0
rf,1,SR386_40X_HE_T480_01,0,0.06733333333333334,0
rf,1,SR386_40X_HE_T484_01,0,0.11105669599217985,0
rf,1,SR386_40X_HE_T495_01,0,0.0,0
rf,1,SR386_40X_HE_T496_01,0,0.028909011719987332,0
rf,1,SR386_40X_HE_T498_01,0,0.20987883988840883,0
rf,1,SR386_40X_HE_T504_01,0,0.08072294372294372,0
rf,1,SR386_40X_HE_T511_01,0,0.08075225999490705,0
rf,1,SR386_40X_HE_T517_01,0,0.1061751984318262,0
rf,1,SR386_40X_HE_T523_01,0,0.059904761904761905,0
rf,1,SR386_40X_HE_T529_01,0,0.019151515151515152,0
rf,1,SR386_40X_HE_T542_01,0,0.031818181818181815,0
rf,1,SR386_40X_HE_T569_01,0,0.0792575020062851,0
rf,1,SR386_40X_HE_T582_01,0,0.023935483870967743,0
rf,2,SR1482_40X_HE_T009_01,0,0.09023027510124283,0
rf,2,SR1482_40X_HE_T009_02,0,0.08882376763021924,0
rf,2,SR1482_40X_HE_T015_01,0,0.1307308913620274,0
rf,2,SR1482_40X_HE_T021_01,0,0.0738095238095238,0
rf,2,SR1482_40X_HE_T067_01,0,0.08929785847145183,0
rf,2,SR1482_40X_HE_T075_01,0,0.07975366568914956,0
rf,2,SR1482_40X_HE_T075_02,0,0.1316891495601173,0
rf,2,SR1482_40X_HE_T098_01,0,0.13845496439044824,0
rf,2,SR1482_40X_HE_T098_02,0,0.06857979514641505,0
rf,2,SR1482_40X_HE_T102_01,0,0.11523655200551376,0
rf,2,SR1482_40X_HE_T123_01,0,0.07781818181818181,0
rf,2,SR1482_40X_HE_T142_01,0,0.04471328671328671,0
rf,2,SR1482_40X_HE_T146_01,0,0.3520522345301757,1
rf,2,SR1482_40X_HE_T148_01,0,0.15957184750733136,0
rf,2,SR1482_40X_HE_T148_02,0,0.15532954545454544,0
rf,2,SR1482_40X_HE_T154_01,0,0.04593548387096774,0
rf,2,SR1482_40X_HE_T158_01,0,0.09102331002331002,0
rf,2,SR1482_40X_HE_T161_01,0,0.17797183098591549,0
rf,2,SR1482_40X_HE_T161_02,0,0.12975366568914956,0
rf,2,SR1482_40X_HE_T164_01,1,0.10423000366596966,0
rf,2,SR1482_40X_HE_T164_02,1,0.1594986733696411,0
rf,2,SR1482_40X_HE_T168_01,0,0.057775729646697395,0
rf,2,SR1482_40X_HE_T171_01,0,0.17716616716616715,0
rf,2,SR1482_40X_HE_T171_02,0,0.20381818181818182,0
rf,2,SR1482_40X_HE_T178_01,1,0.17758730158730157,0
rf,2,SR1482_40X_HE_T186_01,0,0.06694339937534272,0
rf,2,SR1482_40X_HE_T193_01,0,0.11471087920733868,0
rf,2,SR1482_40X_HE_T193_02,0,0.20901182419730804,0
rf,2,SR1482_40X_HE_T209_01,0,0.1199047619047619,0
rf,2,SR1482_40X_HE_T209_02,0,0.2116277056277056,0
rf,2,SR1482_40X_HE_T245_01,0,0.1491270063892785,0
rf,2,SR1482_40X_HE_T245_02,0,0.09318476323335657,0
rf,2,SR1482_40X_HE_T265_01,0,0.07301612554112555,0
rf,2,SR1482_40X_HE_T302_01,0,0.1014231334762644,0
rf,2,SR1482_40X_HE_T343_01,1,0.1610827922077922,0
rf,2,SR1482_40X_HE_T343_02,1,0.17728025597590816,0
rf,2,SR1482_40X_HE_T399_01,0,0.1679607843137255,0
rf,2,SR1482_40X_HE_T399_02,0,0.13719688913237296,0
rf,2,SR1482_40X_HE_T426_01,0,0.14544340359094457,0
rf,2,SR1482_40X_HE_T426_02,0,0.14165173692427788,0
rf,2,SR386_40X_HE_T001_01,0,0.09460660173160172,0
rf,2,SR386_40X_HE_T013_01,0,0.17626708560256946,0
rf,2,SR386_40X_HE_T018_01,0,0.11450549450549449,0
rf,2,SR386_40X_HE_T019_01,0,0.03733707415772634,0
rf,2,SR386_40X_HE_T024_01,0,0.005818181818181819,0
rf,2,SR386_40X_HE_T039_01,0,0.011666666666666665,0
rf,2,SR386_40X_HE_T040_01,1,0.19980812652523813,0
rf,2,SR386_40X_HE_T042_01,0,0.1429047619047619,0
rf,2,SR386_40X_HE_T047_01,0,0.085875,0
rf,2,SR386_40X_HE_T051_01,0,0.029541125541125538,0
rf,2,SR386_40X_HE_T052_01,0,0.07894425863991081,0
rf,2,SR386_40X_HE_T056_01,0,0.042,0
rf,2,SR386_40X_HE_T057_01,0,0.012,0
rf,2,SR386_40X_HE_T070_01,0,0.03373913043478261,0
rf,2,SR386_40X_HE_T082_01,0,0.13660489916587476,0
rf,2,SR386_40X_HE_T084_01,0,0.09451272366016406,0
rf,2,SR386_40X_HE_T087_01,0,0.41363636363636364,1
rf,2,SR386_40X_HE_T088_01,0,0.13863689933255147,0
rf,2,SR386_40X_HE_T098_01,0,0.124,0
rf,2,SR386_40X_HE_T105_01,0,0.06287553569618788,0
rf,2,SR386_40X_HE_T122_01,0,0.06323164335664336,0
rf,2,SR386_40X_HE_T123_01,0,0.14744322344322344,0
rf,2,SR386_40X_HE_T133_01,0,0.013875,0
rf,2,SR386_40X_HE_T145_01,0,0.06734082990180551,0
rf,2,SR386_40X_HE_T150_01,0,0.13937271330819714,0
rf,2,SR386_40X_HE_T152_01,0,0.13841230009827568,0
rf,2,SR386_40X_HE_T155_01,0,0.02953846153846154,0
rf,2,SR386_40X_HE_T157_01,0,0.11912121212121211,0
rf,2,SR386_40X_HE_T164_01,0,0.051722943722943726,0
rf,2,SR386_40X_HE_T166_01,0,0.03315080478194083,0
rf,2,SR386_40X_HE_T176_01,1,0.13496037427748592,0
rf,2,SR386_40X_HE_T177_01,0,0.01981818181818182,0
rf,2,SR386_40X_HE_T178_01,0,0.17943516451818936,0
rf,2,SR386_40X_HE_T187_01,0,0.06553246753246754,0
rf,2,SR386_40X_HE_T190_01,0,0.025057353878006054,0
rf,2,SR386_40X_HE_T192_01,0,0.02373913043478261,0
rf,2,SR386_40X_HE_T198_01,0,0.06346645896694113,0
rf,2,SR386_40X_HE_T200_01,0,0.17575366568914955,0
rf,2,SR386_40X_HE_T206_01,1,0.03964976958525346,0
rf,2,SR386_40X_HE_T211_01,0,0.06593548387096775,0
rf,2,SR386_40X_HE_T213_01,0,0.04590476190476191,0
rf,2,SR386_40X_HE_T214_01,0,0.07526741151005857,0
rf,2,SR386_40X_HE_T220_01,0,0.05163636363636364,0
rf,2,SR386_40X_HE_T230_01,1,0.1573711146538471,0
rf,2,SR386_40X_HE_T236_01,0,0.13772294372294372,0
rf,2,SR386_40X_HE_T237_01,0,0.06054154447702835,0
rf,2,SR386_40X_HE_T240_01,0,0.05340579710144928,0
rf,2,SR386_40X_HE_T241_01,0,0.10477655677655677,0
rf,2,SR386_40X_HE_T242_01,0,0.16579146528792477,0
rf,2,SR386_40X_HE_T253_01,0,0.021779761904761906,0
rf,2,SR386_40X_HE_T260_01,0,0.09751039861947584,0
rf,2,SR386_40X_HE_T262_01,0,0.138,0
rf,2,SR386_40X_HE_T264_01,0,0.19673251068479064,0
rf,2,SR386_40X_HE_T271_01,0,0.025636363636363638,0
rf,2,SR386_40X_HE_T281_01,0,0.058538063470488975,0
rf,2,SR386_40X_HE_T297_01,0,0.017674614305750354,0
rf,2,SR386_40X_HE_T299_01,0,0.03104579291676066,0
rf,2,SR386_40X_HE_T301_01,0,0.04,0
rf,2,SR386_40X_HE_T306_01,0,0.08148484848484848,0
rf,2,SR386_40X_HE_T309_01,0,0.07193548387096774,0
rf,2,SR386_40X_HE_T314_01,0,0.09291666666666666,0
rf,2,SR386_40X_HE_T316_01,0,0.20117144268774703,0
rf,2,SR386_40X_HE_T318_01,0,0.07445429080723198,0
rf,2,SR386_40X_HE_T321_01,0,0.13146562852306362,0
rf,2,SR386_40X_HE_T326_01,0,0.028,0
rf,2,SR386_40X_HE_T327_01,0,0.017904761904761906,0
rf,2,SR386_40X_HE_T332_01,1,0.11963636363636362,0
rf,2,SR386_40X_HE_T355_01,0,0.04716429535640702,0
rf,2,SR386_40X_HE_T364_01,0,0.14445454545454545,0
rf,2,SR386_40X_HE_T368_01,1,0.07922397891963108,0
rf,2,SR386_40X_HE_T374_01,0,0.05539361582555919,0
rf,2,SR386_40X_HE_T380_01,0,0.023935483870967743,0
rf,2,SR386_40X_HE_T382_01,0,0.034,0
rf,2,SR386_40X_HE_T392_01,0,0.0239672131147541,0
rf,2,SR386_40X_HE_T398_01,0,0.09332462827028043,0
rf,2,SR386_40X_HE_T402_01,1,0.12193548387096774,0
rf,2,SR386_40X_HE_T404_01,0,0.048963077219705,0
rf,2,SR386_40X_HE_T415_01,0,0.03,0
rf,2,SR386_40X_HE_T417_01,0,0.026,0
rf,2,SR386_40X_HE_T425_01,0,0.05875378244943463,0
rf,2,SR386_40X_HE_T436_01,1,0.10068024756138359,0
rf,2,SR386_40X_HE_T437_01,0,0.05573913043478261,0
rf,2,SR386_40X_HE_T440_01,0,0.09516651160247763,0
rf,2,SR386_40X_HE_T445_01,0,0.09393548387096774,0
rf,2,SR386_40X_HE_T450_01,0,0.07757937621051227,0
rf,2,SR386_40X_HE_T459_01,0,0.042874458874458884,0
rf,2,SR386_40X_HE_T472_01,0,0.03783818085668959,0
rf,2,SR386_40X_HE_T481_01,0,0.08593548387096775,0
rf,2,SR386_40X_HE_T483_01,0,0.07766666666666668,0
rf,2,SR386_40X_HE_T486_01,0,0.12301773495321883,0
rf,2,SR386_40X_HE_T488_01,0,0.083203139635083,0
rf,2,SR386_40X_HE_T499_01,0,0.11562564070866557,0
rf,2,SR386_40X_HE_T507_01,0,0.1847025556707488,0
rf,2,SR386_40X_HE_T514_01,0,0.048580086580086584,0
rf,2,SR386_40X_HE_T520_01,1,0.04361904761904762,0
rf,2,SR386_40X_HE_T522_01,0,0.0915230670195265,0
rf,2,SR386_40X_HE_T531_01,0,0.03935664335664336,0
rf,2,SR386_40X_HE_T535_01,0,0.008,0
rf,2,SR386_40X_HE_T539_01,0,0.05902331002331002,0
rf,2,SR386_40X_HE_T549_01,0,0.06161788617886179,0
rf,2,SR386_40X_HE_T552_01,0,0.09995121951219513,0
rf,2,SR386_40X_HE_T553_01,0,0.063871975019516,0
rf,2,SR386_40X_HE_T554_01,0,0.12269593981287528,0
rf,2,SR386_40X_HE_T558_01,0,0.06630303030303031,0
rf,2,SR386_40X_HE_T564_01,0,0.07705602240896359,0
rf,2,SR386_40X_HE_T570_01,0,0.046,0
rf,2,SR386_40X_HE_T574_01,0,0.03984024577572965,0
rf,2,SR386_40X_HE_T578_01,0,0.03375366568914956,0
rf,2,SR386_40X_HE_T580_01,0,0.03,0
rf,3,SR1482_40X_HE_T005_01,0,0.19478895560960777,0
rf,3,SR1482_40X_HE_T005_02,0,0.24518501788067004,0
rf,3,SR1482_40X_HE_T010_01,0,0.04269897891963109,0
rf,3,SR1482_40X_HE_T043_01,0,0.12372087880390366,0
rf,3,SR1482_40X_HE_T043_02,0,0.14156318949867336,0
rf,3,SR1482_40X_HE_T049_01,0,0.07848652439020143,0
rf,3,SR1482_40X_HE_T061_01,0,0.29708225108225106,0
rf,3,SR1482_40X_HE_T061_02,0,0.2051212121212121,0
rf,3,SR1482_40X_HE_T070_01,1,0.08163636363636363,0
rf,3,SR1482_40X_HE_T073_01,0,0.07754191129982906,0
rf,3,SR1482_40X_HE_T082_01,0,0.09427417772210334,0
rf,3,SR1482_40X_HE_T082_02,0,0.09593548387096774,0
rf,3,SR1482_40X_HE_T089_01,0,0.07019192033697735,0
rf,3,SR1482_40X_HE_T090_01,0,0.048811562068189845,0
rf,3,SR1482_40X_HE_T094_01,1,0.11921742279248289,0
rf,3,SR1482_40X_HE_T094_02,1,0.11329230737533225,0
rf,3,SR1482_40X_HE_T105_01,0,0.041223978919631095,0
rf,3,SR1482_40X_HE_T115_01,0,0.05753846153846154,0
rf,3,SR1482_40X_HE_T115_02,0,0.04363636363636363,0
rf,3,SR1482_40X_HE_T118_01,0,0.27180952380952383,0
rf,3,SR1482_40X_HE_T118_02,0,0.1396277056277056,0
rf,3,SR1482_40X_HE_T120_01,0,0.22837024847178203,0
rf,3,SR1482_40X_HE_T120_02,0,0.31787197501951603,1
rf,3,SR1482_40X_HE_T124_01,0,0.1692913000977517,0
rf,3,SR1482_40X_HE_T124_02,0,0.17965842759391146,0
rf,3,SR1482_40X_HE_T138_01,0,0.06346261565391348,0
rf,3,SR1482_40X_HE_T160_01,0,0.10153906062208547,0
rf,3,SR1482_40X_HE_T160_02,0,0.0879047619047619,0
rf,3,SR1482_40X_HE_T167_01,0,0.15193548387096775,0
rf,3,SR1482_40X_HE_T167_02,0,0.13336779612393218,0
rf,3,SR1482_40X_HE_T175_01,0,0.18306473368619314,0
rf,3,SR1482_40X_HE_T175_02,0,0.1930249768743775,0
rf,3,SR1482_40X_HE_T177_01,1,0.06489776889776891,0
rf,3,SR1482_40X_HE_T188_01,0,0.08080181811811595,0
rf,3,SR1482_40X_HE_T195_01,0,0.09321710847292243,0
rf,3,SR1482_40X_HE_T195_02,0,0.11545454545454543,0
rf,3,SR1482_40X_HE_T202_01,0,0.11993548387096774,0
rf,3,SR1482_40X_HE_T202_02,0,0.07181818181818181,0
rf,3,SR1482_40X_HE_T225_01,0,0.2548812450733567,0
rf,3,SR1482_40X_HE_T225_02,0,0.08239698339295114,0
rf,3,SR1482_40X_HE_T235_01,0,0.174,0
rf,3,SR1482_40X_HE_T235_02,0,0.1178095238095238,0
rf,3,SR1482_40X_HE_T236_01,0,0.03581818181818181,0
rf,3,SR1482_40X_HE_T236_02,0,0.09946207415772632,0
rf,3,SR1482_40X_HE_T258_01,0,0.10483325276873665,0
rf,3,SR1482_40X_HE_T258_02,0,0.09162770562770563,0
rf,3,SR1482_40X_HE_T284_01,1,0.20056443556443554,0
rf,3,SR1482_40X_HE_T284_02,1,0.21949288617886176,0
rf,3,SR1482_40X_HE_T301_01,1,0.13235313867992687,0
rf,3,SR1482_40X_HE_T301_02,1,0.24095445134575566,0
rf,3,SR1482_40X_HE_T309_01,0,0.09129479123027509,0
rf,3,SR1482_40X_HE_T313_01,0,0.2097229437229437,0
rf,3,SR1482_40X_HE_T313_02,0,0.27526882733028507,0
rf,3,SR1482_40X_HE_T338_01,0,0.24384024577572963,0
rf,3,SR1482_40X_HE_T344_01,0,0.29337549407114627,0
rf,3,SR1482_40X_HE_T344_02,0,0.1955554915514593,0
rf,3,SR1482_40X_HE_T346_01,0,0.19352993290339393,0
rf,3,SR1482_40X_HE_T346_02,0,0.1617914652879248,0
rf,3,SR1482_40X_HE_T377_01,0,0.07737549407114623,0
rf,3,SR1482_40X_HE_T377_02,0,0.11912121212121213,0
rf,3,SR1482_40X_HE_T419_01,0,0.04386046511627907,0
rf,3,SR1482_40X_HE_T427_01,0,0.15363636363636363,0
rf,3,SR1482_40X_HE_T427_02,0,0.06581818181818182,0
rf,3,SR386_40X_HE_T007_01,0,0.049389610389610386,0
rf,3,SR386_40X_HE_T015_01,0,0.06739002932551322,0
rf,3,SR386_40X_HE_T017_01,1,0.11917482517482515,0
rf,3,SR386_40X_HE_T032_01,0,0.04590476190476191,0
rf,3,SR386_40X_HE_T034_01,0,0.05993548387096775,0
rf,3,SR386_40X_HE_T035_01,0,0.12612445887445886,0
rf,3,SR386_40X_HE_T041_01,0,0.33309161934372317,1
rf,3,SR386_40X_HE_T067_01,0,0.01,0
rf,3,SR386_40X_HE_T075_01,0,0.06339764808362369,0
rf,3,SR386_40X_HE_T081_01,0,0.050959307359307364,0
rf,3,SR386_40X_HE_T083_01,0,0.14299567099567095,0
rf,3,SR386_40X_HE_T085_01,0,0.007818181818181818,0
rf,3,SR386_40X_HE_T095_01,0,0.13772588224783344,0
rf,3,SR386_40X_HE_T104_01,0,0.1393896103896104,0
rf,3,SR386_40X_HE_T106_01,0,0.06445937802035362,0
rf,3,SR386_40X_HE_T112_01,0,0.027935483870967743,0
rf,3,SR386_40X_HE_T128_01,0,0.06772294372294373,0
rf,3,SR386_40X_HE_T132_01,0,0.027254249815225423,0
rf,3,SR386_40X_HE_T138_01,0,0.08863636363636362,0
rf,3,SR386_40X_HE_T142_01,0,0.1591415667081866,0
rf,3,SR386_40X_HE_T149_01,0,0.15196406398650436,0
rf,3,SR386_40X_HE_T165_01,1,0.08172294372294372,0
rf,3,SR386_40X_HE_T179_01,0,0.1443575757575757,0
rf,3,SR386_40X_HE_T180_01,0,0.14299532115694666,0
rf,3,SR386_40X_HE_T182_01,0,0.088,0
rf,3,SR386_40X_HE_T184_01,0,0.1558095238095238,0
rf,3,SR386_40X_HE_T188_01,0,0.05390476190476191,0
rf,3,SR386_40X_HE_T191_01,0,0.03554112554112554,0
rf,3,SR386_40X_HE_T197_01,0,0.11115946279059884,0
rf,3,SR386_40X_HE_T201_01,0,0.04157867049258728,0
rf,3,SR386_40X_HE_T202_01,0,0.02175366568914956,0
rf,3,SR386_40X_HE_T208_01,0,0.027484848484848484,0
rf,3,SR386_40X_HE_T216_01,1,0.1619556281795371,0
rf,3,SR386_40X_HE_T238_01,0,0.04,0
rf,3,SR386_40X_HE_T244_01,0,0.045329545454545456,0
rf,3,SR386_40X_HE_T248_01,0,0.03153846153846154,0
rf,3,SR386_40X_HE_T249_01,0,0.015818181818181818,0
rf,3,SR386_40X_HE_T250_01,0,0.11507100498141357,0
rf,3,SR386_40X_HE_T263_01,0,0.057935483870967745,0
rf,3,SR386_40X_HE_T267_01,0,0.11228388815485589,0
rf,3,SR386_40X_HE_T269_01,0,0.02,0
rf,3,SR386_40X_HE_T277_01,0,0.04120512820512821,0
rf,3,SR386_40X_HE_T286_01,0,0.1513188225268474,0
rf,3,SR386_40X_HE_T287_01,0,0.06693073593073594,0
rf,3,SR386_40X_HE_T290_01,0,0.08395121951219513,0
rf,3,SR386_40X_HE_T293_01,0,0.023541666666666666,0
rf,3,SR386_40X_HE_T298_01,0,0.026,0
rf,3,SR386_40X_HE_T303_01,0,0.008,0
rf,3,SR386_40X_HE_T312_01,0,0.07481836196590294,0
rf,3,SR386_40X_HE_T329_01,0,0.186466305420298,0
rf,3,SR386_40X_HE_T336_01,0,0.07181818181818181,0
rf,3,SR386_40X_HE_T338_01,0,0.031473945409429285,0
rf,3,SR386_40X_HE_T342_01,0,0.09,0
rf,3,SR386_40X_HE_T353_01,0,0.08301507095055483,0
rf,3,SR386_40X_HE_T357_01,0,0.012,0
rf,3,SR386_40X_HE_T362_01,0,0.10767603008945514,0
rf,3,SR386_40X_HE_T363_01,1,0.1338181818181818,0
rf,3,SR386_40X_HE_T372_01,0,0.2050108926906221,0
rf,3,SR386_40X_HE_T378_01,0,0.037628665689149556,0
rf,3,SR386_40X_HE_T379_01,0,0.029875,0
rf,3,SR386_40X_HE_T386_01,0,0.05366666666666666,0
rf,3,SR386_40X_HE_T387_01,0,0.050594444846226536,0
rf,3,SR386_40X_HE_T393_01,0,0.02581818181818182,0
rf,3,SR386_40X_HE_T397_01,0,0.1768270963235558,0
rf,3,SR386_40X_HE_T406_01,0,0.10916936365238851,0
rf,3,SR386_40X_HE_T409_01,0,0.08735162192668204,0
rf,3,SR386_40X_HE_T422_01,0,0.027571428571428573,0
rf,3,SR386_40X_HE_T426_01,0,0.02766666666666667,0
rf,3,SR386_40X_HE_T433_01,0,0.046,0
rf,3,SR386_40X_HE_T443_01,0,0.12909577379142595,0
rf,3,SR386_40X_HE_T448_01,0,0.07,0
rf,3,SR386_40X_HE_T452_01,0,0.12333333333333334,0
rf,3,SR386_40X_HE_T460_01,1,0.11363299063961842,0
rf,3,SR386_40X_HE_T473_01,0,0.01938961038961039,0
rf,3,SR386_40X_HE_T475_01,0,0.028,0
rf,3,SR386_40X_HE_T478_01,0,0.041492886178861786,0
rf,3,SR386_40X_HE_T489_01,1,0.08162770562770563,0
rf,3,SR386_40X_HE_T491_01,0,0.13758942002136337,0
rf,3,SR386_40X_HE_T492_01,0,0.03581818181818182,0
rf,3,SR386_40X_HE_T493_01,0,0.012,0
rf,3,SR386_40X_HE_T502_01,0,0.027473945409429285,0
rf,3,SR386_40X_HE_T505_01,0,0.10690518084066471,0
rf,3,SR386_40X_HE_T506_01,0,0.0763241464417935,0
rf,3,SR386_40X_HE_T509_01,0,0.18354112554112556,0
rf,3,SR386_40X_HE_T516_01,0,0.035189314750290364,0
rf,3,SR386_40X_HE_T518_01,0,0.03966666666666667,0
rf,3,SR386_40X_HE_T519_01,0,0.04337549407114625,0
rf,3,SR386_40X_HE_T521_01,0,0.014,0
rf,3,SR386_40X_HE_T526_01,0,0.04320779220779221,0
rf,3,SR386_40X_HE_T533_01,0,0.018,0
rf,3,SR386_40X_HE_T543_01,0,0.051753665689149554,0
rf,3,SR386_40X_HE_T544_01,0,0.07944588744588744,0
rf,3,SR386_40X_HE_T556_01,1,0.10889064558629777,0
rf,3,SR386_40X_HE_T560_01,0,0.04496703296703297,0
rf,3,SR386_40X_HE_T563_01,0,0.014,0
rf,3,SR386_40X_HE_T568_01,0,0.04563636363636364,0
rf,3,SR386_40X_HE_T571_01,0,0.04375366568914956,0
rf,3,SR386_40X_HE_T572_01,0,0.13975366568914957,0
rf,3,SR386_40X_HE_T573_01,0,0.032,0
rf,3,SR386_40X_HE_T583_01,0,0.053818181818181814,0
rf,4,SR1482_40X_HE_T002_01,0,0.025333041899661818,0
rf,4,SR1482_40X_HE_T003_01,0,0.10381818181818181,0
rf,4,SR1482_40X_HE_T004_01,0,0.05579146528792477,0
rf,4,SR1482_40X_HE_T004_02,0,0.11015792809341195,0
rf,4,SR1482_40X_HE_T011_01,0,0.06481193316487435,0
rf,4,SR1482_40X_HE_T025_01,0,0.15181452877885931,0
rf,4,SR1482_40X_HE_T025_02,0,0.1348774684689028,0
rf,4,SR1482_40X_HE_T060_01,0,0.12704116716616715,0
rf,4,SR1482_40X_HE_T062_01,0,0.11918552687150247,0
rf,4,SR1482_40X_HE_T062_02,0,0.11151536907231242,0
rf,4,SR1482_40X_HE_T064_01,0,0.30239281008846225,1
rf,4,SR1482_40X_HE_T064_02,0,0.13265197571245957,0
rf,4,SR1482_40X_HE_T071_01,0,0.06877963971512357,0
rf,4,SR1482_40X_HE_T071_02,0,0.13963636363636361,0
rf,4,SR1482_40X_HE_T074_01,0,0.08547660941209329,0
rf,4,SR1482_40X_HE_T074_02,0,0.05390476190476191,0
rf,4,SR1482_40X_HE_T083_01,0,0.1718095238095238,0
rf,4,SR1482_40X_HE_T083_02,0,0.19333333333333333,0
rf,4,SR1482_40X_HE_T087_01,0,0.03639755802869407,0
rf,4,SR1482_40X_HE_T097_01,1,0.18784024577572964,0
rf,4,SR1482_40X_HE_T097_02,1,0.19948764960529666,0
rf,4,SR1482_40X_HE_T108_01,0,0.02489760645858207,0
rf,4,SR1482_40X_HE_T113_01,0,0.07148484848484848,0
rf,4,SR1482_40X_HE_T113_02,0,0.1433896103896104,0
rf,4,SR1482_40X_HE_T121_01,0,0.008,0
rf,4,SR1482_40X_HE_T122_01,0,0.03363636363636364,0
rf,4,SR1482_40X_HE_T125_01,0,0.08772062084257208,0
rf,4,SR1482_40X_HE_T125_02,0,0.09514002932551321,0
rf,4,SR1482_40X_HE_T131_01,0,0.15764156945917285,0
rf,4,SR1482_40X_HE_T131_02,0,0.1892373527338122,0
rf,4,SR1482_40X_HE_T132_01,0,0.06190476190476191,0
rf,4,SR1482_40X_HE_T132_02,0,0.08177905834003395,0
rf,4,SR1482_40X_HE_T143_01,0,0.16229695167857947,0
rf,4,SR1482_40X_HE_T143_02,0,0.1813250942605781,0
rf,4,SR1482_40X_HE_T166_01,1,0.044651434586918455,0
rf,4,SR1482_40X_HE_T169_01,0,0.07708225108225107,0
rf,4,SR1482_40X_HE_T176_01,1,0.273611614445131,0
rf,4,SR1482_40X_HE_T176_02,1,0.2298975719932241,0
rf,4,SR1482_40X_HE_T191_01,0,0.05971209072617524,0
rf,4,SR1482_40X_HE_T194_01,0,0.43772294372294374,1
rf,4,SR1482_40X_HE_T218_01,0,0.04815994974909438,0
rf,4,SR1482_40X_HE_T253_01,0,0.04138961038961039,0
rf,4,SR1482_40X_HE_T290_01,0,0.12754513097707432,0
rf,4,SR1482_40X_HE_T308_01,0,0.09655120148668536,0
rf,4,SR1482_40X_HE_T314_01,0,0.41749924585218706,1
rf,4,SR1482_40X_HE_T314_02,0,0.3397914652879247,1
rf,4,SR1482_40X_HE_T372_01,1,0.13510406039248543,0
rf,4,SR1482_40X_HE_T372_02,1,0.10517033235581623,0
rf,4,SR1482_40X_HE_T408_01,0,0.06384024577572965,0
rf,4,SR1482_40X_HE_T412_01,0,0.08517482517482518,0
rf,4,SR1482_40X_HE_T425_01,0,0.03239056502170107,0
rf,4,SR1482_40X_HE_T434_01,1,0.09984024577572964,0
rf,4,SR386_40X_HE_T006_01,0,0.04957142857142857,0
rf,4,SR386_40X_HE_T010_01,0,0.08145813195459144,0
rf,4,SR386_40X_HE_T014_01,0,0.07150270562770562,0
rf,4,SR386_40X_HE_T016_01,0,0.033875,0
rf,4,SR386_40X_HE_T020_01,0,0.015935483870967743,0
rf,4,SR386_40X_HE_T027_01,0,0.08949421190763696,0
rf,4,SR386_40X_HE_T028_01,0,0.0699047619047619,0
rf,4,SR386_40X_HE_T037_01,0,0.021484848484848485,0
rf,4,SR386_40X_HE_T043_01,0,0.03501672240802676,0
rf,4,SR386_40X_HE_T044_01,1,0.07702651515151514,0
rf,4,SR386_40X_HE_T046_01,0,0.0709079254079254,0
rf,4,SR386_40X_HE_T058_01,0,0.07185598141695704,0
rf,4,SR386_40X_HE_T062_01,0,0.023205128205128205,0
rf,4,SR386_40X_HE_T065_01,1,0.13163636363636363,0
rf,4,SR386_40X_HE_T080_01,0,0.07573098141695704,0
rf,4,SR386_40X_HE_T091_01,0,0.06938961038961039,0
rf,4,SR386_40X_HE_T094_01,0,0.015080128205128204,0
rf,4,SR386_40X_HE_T097_01,0,0.055535483870967746,0
rf,4,SR386_40X_HE_T100_01,0,0.08687583381794547,0
rf,4,SR386_40X_HE_T107_01,0,0.10374500768049155,0
rf,4,SR386_40X_HE_T109_01,1,0.1426518399786282,0
rf,4,SR386_40X_HE_T110_01,0,0.07678080659178221,0
rf,4,SR386_40X_HE_T117_01,0,0.0379672131147541,0
rf,4,SR386_40X_HE_T127_01,0,0.02678846153846154,0
rf,4,SR386_40X_HE_T129_01,0,0.017904761904761906,0
rf,4,SR386_40X_HE_T136_01,0,0.0314251649216244,0
rf,4,SR386_40X_HE_T154_01,0,0.09950437594196358,0
rf,4,SR386_40X_HE_T168_01,1,0.16343472972315476,0
rf,4,SR386_40X_HE_T175_01,0,0.036,0
rf,4,SR386_40X_HE_T189_01,0,0.06382292192396295,0
rf,4,SR386_40X_HE_T195_01,0,0.01692807192807193,0
rf,4,SR386_40X_HE_T227_01,0,0.046,0
rf,4,SR386_40X_HE_T233_01,0,0.14597493194999206,0
rf,4,SR386_40X_HE_T234_01,0,0.14098729946524066,0
rf,4,SR386_40X_HE_T235_01,0,0.06366666666666666,0
rf,4,SR386_40X_HE_T239_01,0,0.1849131284797484,0
rf,4,SR386_40X_HE_T245_01,0,0.01997183098591549,0
rf,4,SR386_40X_HE_T256_01,0,0.12157184750733137,0
rf,4,SR386_40X_HE_T265_01,0,0.059419170915630405,0
rf,4,SR386_40X_HE_T268_01,0,0.08769414216001489,0
rf,4,SR386_40X_HE_T270_01,0,0.03895879389427776,0
rf,4,SR386_40X_HE_T272_01,0,0.24743040830137603,0
rf,4,SR386_40X_HE_T273_01,0,0.1232638146167558,0
rf,4,SR386_40X_HE_T276_01,0,0.10741167434715822,0
rf,4,SR386_40X_HE_T278_01,1,0.17686094148499645,0
rf,4,SR386_40X_HE_T284_01,0,0.043722943722943726,0
rf,4,SR386_40X_HE_T285_01,0,0.035666666666666666,0
rf,4,SR386_40X_HE_T288_01,0,0.08323636363636362,0
rf,4,SR386_40X_HE_T291_01,0,0.08,0
rf,4,SR386_40X_HE_T300_01,0,0.04155944055944056,0
rf,4,SR386_40X_HE_T302_01,0,0.030967032967032966,0
rf,4,SR386_40X_HE_T305_01,0,0.03181818181818182,0
rf,4,SR386_40X_HE_T308_01,0,0.019571847507331378,0
rf,4,SR386_40X_HE_T325_01,0,0.04981818181818181,0
rf,4,SR386_40X_HE_T331_01,0,0.10511309523809523,0
rf,4,SR386_40X_HE_T341_01,0,0.10563636363636363,0
rf,4,SR386_40X_HE_T343_01,1,0.09458786419743315,0
rf,4,SR386_40X_HE_T346_01,0,0.09916616716616716,0
rf,4,SR386_40X_HE_T352_01,0,0.05345009185548071,0
rf,4,SR386_40X_HE_T373_01,0,0.125304974271012,0
rf,4,SR386_40X_HE_T375_01,0,0.1449051808406647,0
rf,4,SR386_40X_HE_T381_01,0,0.03214597222325218,0
rf,4,SR386_40X_HE_T389_01,0,0.128,0
rf,4,SR386_40X_HE_T391_01,0,0.06508279220779221,0
rf,4,SR386_40X_HE_T394_01,0,0.031636363636363636,0
rf,4,SR386_40X_HE_T399_01,0,0.20358288770053473,0
rf,4,SR386_40X_HE_T403_01,0,0.0419047619047619,0
rf,4,SR386_40X_HE_T405_01,0,0.09251716073781291,0
rf,4,SR386_40X_HE_T407_01,0,0.03181818181818182,0
rf,4,SR386_40X_HE_T414_01,0,0.02724675324675325,0
rf,4,SR386_40X_HE_T424_01,0,0.09710968873114821,0
rf,4,SR386_40X_HE_T429_01,0,0.13277331002331003,0
rf,4,SR386_40X_HE_T441_01,0,0.10807134800683187,0
rf,4,SR386_40X_HE_T451_01,0,0.05732294372294372,0
rf,4,SR386_40X_HE_T453_01,0,0.05277614858260019,0
rf,4,SR386_40X_HE_T455_01,0,0.1410907398468759,0
rf,4,SR386_40X_HE_T465_01,0,0.08781818181818181,0
rf,4,SR386_40X_HE_T474_01,0,0.13525126668827217,0
rf,4,SR386_40X_HE_T476_01,0,0.1792831443177611,0
rf,4,SR386_40X_HE_T479_01,0,0.07016443556443556,0
rf,4,SR386_40X_HE_T482_01,0,0.0793461792466614,0
rf,4,SR386_40X_HE_T487_01,0,0.02972294372294372,0
rf,4,SR386_40X_HE_T490_01,0,0.06712620712620714,0
rf,4,SR386_40X_HE_T494_01,0,0.02181818181818182,0
rf,4,SR386_40X_HE_T500_01,0,0.026,0
rf,4,SR386_40X_HE_T510_01,0,0.046,0
rf,4,SR386_40X_HE_T524_01,0,0.06995121951219513,0
rf,4,SR386_40X_HE_T528_01,0,0.1324329004329004,0
rf,4,SR386_40X_HE_T532_01,0,0.027484848484848484,0
rf,4,SR386_40X_HE_T534_01,0,0.1250915193136287,0
rf,4,SR386_40X_HE_T536_01,0,0.018,0
rf,4,SR386_40X_HE_T537_01,0,0.06296362646008595,0
rf,4,SR386_40X_HE_T541_01,0,0.03384024577572965,0
rf,4,SR386_40X_HE_T548_01,1,0.15551440901086847,0
rf,4,SR386_40X_HE_T550_01,0,0.17631026757253965,0
rf,4,SR386_40X_HE_T551_01,0,0.038,0
rf,4,SR386_40X_HE_T557_01,0,0.07948484848484848,0
rf,4,SR386_40X_HE_T565_01,0,0.033461538461538466,0
rf,4,SR386_40X_HE_T567_01,0,0.054537634408602154,0
rf,4,SR386_40X_HE_T575_01,0,0.13668997668997668,0
rf,4,SR386_40X_HE_T576_01,0,0.11121262477360039,0
rf,4,SR386_40X_HE_T581_01,0,0.12167461430575036,0
