classifier,fold,WSI_ID,target,prob_pos,pred_at_0.5
lin,1,TCGA-5M-AAT4_nonMSIH,0,1.1495769243085998e-10,0
lin,1,TCGA-5M-AAT6_MSIH,1,3.014829220004245e-05,0
lin,1,TCGA-A6-2671_nonMSIH,0,2.783128530266513e-07,0
lin,1,TCGA-A6-2686_MSIH,1,0.0031054923794944316,0
lin,1,TCGA-A6-3807_nonMSIH,0,0.00011329464703709548,0
lin,1,TCGA-A6-5661_MSIH,1,0.015858383846753487,0
lin,1,TCGA-A6-6137_nonMSIH,0,0.010694391124364624,0
lin,1,TCGA-A6-6651_nonMSIH,0,6.040323148631815e-11,0
lin,1,TCGA-A6-6652_nonMSIH,0,4.162099221403005e-09,0
lin,1,TCGA-A6-6654_nonMSIH,0,3.571869448388923e-06,0
lin,1,TCGA-A6-A565_nonMSIH,0,0.03763563616110655,0
lin,1,TCGA-A6-A567_nonMSIH,0,1.5278643723676268e-09,0
lin,1,TCGA-AA-3679_nonMSIH,0,0.10232587162022806,0
lin,1,TCGA-AA-3680_nonMSIH,0,0.0008213055683898107,0
lin,1,TCGA-AA-3684_nonMSIH,0,0.9978708569572639,1
lin,1,TCGA-AA-3688_nonMSIH,0,0.0031810310730380075,0
lin,1,TCGA-AA-3693_nonMSIH,0,7.720086124094714e-07,0
lin,1,TCGA-AA-3812_nonMSIH,0,0.009238835688908743,0
lin,1,TCGA-AA-3818_nonMSIH,0,1.4623660815021935e-05,0
lin,1,TCGA-AA-3831_nonMSIH,0,4.923385910960097e-06,0
lin,1,TCGA-AA-3833_MSIH,1,0.9994850566587451,1
lin,1,TCGA-AA-3837_nonMSIH,0,0.000991765699534628,0
lin,1,TCGA-AA-3850_nonMSIH,0,0.45219608232982145,0
lin,1,TCGA-AA-3854_nonMSIH,0,0.0005166262584727352,0
lin,1,TCGA-AA-3866_nonMSIH,0,0.04754663750757897,0
lin,1,TCGA-AA-3867_nonMSIH,0,0.08089288137429446,0
lin,1,TCGA-AA-3875_nonMSIH,0,3.020322060831329e-05,0
lin,1,TCGA-AA-3947_MSIH,1,0.9347991698626031,1
lin,1,TCGA-AA-3949_MSIH,1,0.9999982480557126,1
lin,1,TCGA-AA-3979_nonMSIH,0,0.04123912112002105,0
lin,1,TCGA-AA-3984_nonMSIH,0,0.0077315052592731035,0
lin,1,TCGA-AA-3994_nonMSIH,0,0.4586578525242871,0
lin,1,TCGA-AA-A01S_nonMSIH,0,0.0018758271297608033,0
lin,1,TCGA-AA-A01X_nonMSIH,0,0.002181847519854372,0
lin,1,TCGA-AD-6888_nonMSIH,0,1.405407061189163e-09,0
lin,1,TCGA-AD-6901_nonMSIH,0,0.028441365319182985,0
lin,1,TCGA-AD-6963_nonMSIH,0,1.351419501499763e-07,0
lin,1,TCGA-AF-2687_nonMSIH,0,8.552561959849591e-07,0
lin,1,TCGA-AF-4110_nonMSIH,0,3.957896389058056e-07,0
lin,1,TCGA-AF-6136_nonMSIH,0,1.0974951995903707e-06,0
lin,1,TCGA-AG-3726_nonMSIH,0,0.004548782457568307,0
lin,1,TCGA-AG-3878_nonMSIH,0,0.107002957230773,0
lin,1,TCGA-AG-3892_nonMSIH,0,0.09772674190692907,0
lin,1,TCGA-AG-4021_nonMSIH,0,0.0007185908620254244,0
lin,1,TCGA-AG-4022_nonMSIH,0,0.002200613463029856,0
lin,1,TCGA-AG-A008_nonMSIH,0,9.081621345798579e-05,0
lin,1,TCGA-AG-A011_nonMSIH,0,0.0015888213499762238,0
lin,1,TCGA-AG-A01W_nonMSIH,0,0.00030465804541946747,0
lin,1,TCGA-AG-A02N_MSIH,1,0.937421082309085,1
lin,1,TCGA-AH-6903_nonMSIH,0,0.0002807821656853583,0
lin,1,TCGA-AY-6196_nonMSIH,0,0.02037359105190661,0
lin,1,TCGA-AY-A69D_nonMSIH,0,1.0978462183552115e-10,0
lin,1,TCGA-AZ-4614_nonMSIH,0,1.438071029476933e-05,0
lin,1,TCGA-AZ-4615_MSIH,1,0.030243330145885105,0
lin,1,TCGA-AZ-6603_nonMSIH,0,2.6207407789430734e-06,0
lin,1,TCGA-CA-5255_nonMSIH,0,0.3980842515957565,0
lin,1,TCGA-CA-5797_nonMSIH,0,8.021634148813225e-07,0
lin,1,TCGA-CI-6624_nonMSIH,0,2.2113717067149973e-07,0
lin,1,TCGA-CK-4947_nonMSIH,0,0.003529957631132319,0
lin,1,TCGA-CK-5916_MSIH,1,0.9407174524519889,1
lin,1,TCGA-CL-5917_nonMSIH,0,0.00021196440119563832,0
lin,1,TCGA-CM-4743_MSIH,1,0.8266679469317109,1
lin,1,TCGA-CM-4744_nonMSIH,0,0.00044304037234754913,0
lin,1,TCGA-CM-5344_nonMSIH,0,0.02093292525083538,0
lin,1,TCGA-CM-5868_nonMSIH,0,0.0015393619102050432,0
lin,1,TCGA-CM-6165_nonMSIH,0,0.00010994011319971788,0
lin,1,TCGA-CM-6678_nonMSIH,0,0.00037445607143276254,0
lin,1,TCGA-D5-5537_nonMSIH,0,0.00017789782522253418,0
lin,1,TCGA-D5-6529_nonMSIH,0,1.7064849621378607e-05,0
lin,1,TCGA-D5-6531_nonMSIH,0,0.004563246095994521,0
lin,1,TCGA-D5-6534_nonMSIH,0,8.555751318831295e-06,0
lin,1,TCGA-D5-6539_nonMSIH,0,0.0007848316505799177,0
lin,1,TCGA-D5-6540_MSIH,1,3.758541153518604e-07,0
lin,1,TCGA-D5-6541_nonMSIH,0,8.408310571387557e-05,0
lin,1,TCGA-D5-6898_nonMSIH,0,0.0017839371820895732,0
lin,1,TCGA-D5-6927_MSIH,1,0.967408172685358,1
lin,1,TCGA-D5-6931_nonMSIH,0,0.568592390989537,1
lin,1,TCGA-DC-6682_nonMSIH,0,0.000561722424556979,0
lin,1,TCGA-DM-A1D6_nonMSIH,0,7.415740963787144e-05,0
lin,1,TCGA-DM-A1D8_nonMSIH,0,0.002652119466053697,0
lin,1,TCGA-DM-A280_nonMSIH,0,0.005050869199611837,0
lin,1,TCGA-DM-A288_nonMSIH,0,0.008627591519571483,0
lin,1,TCGA-DM-A28A_nonMSIH,0,1.02924580034629e-06,0
lin,1,TCGA-DM-A28E_nonMSIH,0,3.7742504440978508e-06,0
lin,1,TCGA-DM-A28H_nonMSIH,0,1.7653050420101408e-08,0
lin,1,TCGA-DY-A1DD_nonMSIH,0,0.00010187334216998564,0
lin,1,TCGA-EI-6506_nonMSIH,0,0.0020004648447370767,0
lin,1,TCGA-EI-6507_MSIH,1,0.6858214517982005,1
lin,1,TCGA-EI-6514_nonMSIH,0,8.733815781024894e-10,0
lin,1,TCGA-EI-6883_nonMSIH,0,0.01938838053958955,0
lin,1,TCGA-F4-6808_nonMSIH,0,3.892442277387997e-06,0
lin,1,TCGA-F4-6809_nonMSIH,0,0.0015120130515066965,0
lin,1,TCGA-F5-6465_nonMSIH,0,2.1721710083909513e-05,0
lin,1,TCGA-F5-6811_nonMSIH,0,3.3620493708645657e-07,0
lin,1,TCGA-G4-6293_nonMSIH,0,0.009308915150703544,0
lin,1,TCGA-G4-6297_nonMSIH,0,0.00015562571086540975,0
lin,1,TCGA-G4-6311_nonMSIH,0,0.1842707616590298,0
lin,1,TCGA-G4-6322_nonMSIH,0,0.9240531792152085,1
lin,1,TCGA-G4-6323_nonMSIH,0,0.00012973585832396628,0
lin,1,TCGA-G4-6586_MSIH,1,0.9704160907986404,1
lin,1,TCGA-G4-6588_MSIH,1,0.9999575124834965,1
lin,1,TCGA-NH-A50V_nonMSIH,0,0.1413801125713266,0
lin,1,TCGA-QG-A5YX_nonMSIH,0,9.253162043488851e-08,0
lin,2,TCGA-4N-A93T_nonMSIH,0,2.6090030898717816e-06,0
lin,2,TCGA-A6-2685_nonMSIH,0,3.1592925007249696e-05,0
lin,2,TCGA-A6-4107_nonMSIH,0,2.4596445584457856e-06,0
lin,2,TCGA-A6-5665_MSIH,1,0.9999199019574371,1
lin,2,TCGA-A6-6648_nonMSIH,0,1.8989333479292163e-08,0
lin,2,TCGA-A6-6653_MSIH,1,0.9953501730173033,1
lin,2,TCGA-A6-A56B_nonMSIH,0,3.4233938131516404e-10,0
lin,2,TCGA-AA-3664_nonMSIH,0,1.1292968146045054e-07,0
lin,2,TCGA-AA-3673_nonMSIH,0,0.0001546567477201685,0
lin,2,TCGA-AA-3681_nonMSIH,0,4.5404868512656055e-07,0
lin,2,TCGA-AA-3692_nonMSIH,0,4.508793113901605e-05,0
lin,2,TCGA-AA-3811_MSIH,1,5.3725522481244465e-05,0
lin,2,TCGA-AA-3821_MSIH,1,0.24714327797148508,0
lin,2,TCGA-AA-3842_nonMSIH,0,1.0446061947182224e-07,0
lin,2,TCGA-AA-3845_MSIH,1,0.8763593502182564,1
lin,2,TCGA-AA-3856_nonMSIH,0,3.939776593327214e-05,0
lin,2,TCGA-AA-3877_MSIH,1,0.17938468498658794,0
lin,2,TCGA-AA-3950_MSIH,1,0.9091145801910624,1
lin,2,TCGA-AA-3966_MSIH,1,0.1790123022637044,0
lin,2,TCGA-AA-3968_nonMSIH,0,5.298969213306652e-05,0
lin,2,TCGA-AA-3976_nonMSIH,0,1.3774572739874477e-05,0
lin,2,TCGA-AA-3986_nonMSIH,0,0.08444545969298359,0
lin,2,TCGA-AA-A02E_nonMSIH,0,1.1318056484859088e-06,0
lin,2,TCGA-AA-A02O_nonMSIH,0,0.00023592980610199108,0
lin,2,TCGA-AD-5900_MSIH,1,0.7327607162550284,1
lin,2,TCGA-AD-6889_MSIH,1,0.4793573310268499,0
lin,2,TCGA-AD-6965_nonMSIH,0,9.446395354952018e-09,0
lin,2,TCGA-AF-2690_nonMSIH,0,1.734795477855426e-07,0
lin,2,TCGA-AF-6655_nonMSIH,0,7.305258595810702e-06,0
lin,2,TCGA-AF-A56L_nonMSIH,0,9.89214941491693e-07,0
lin,2,TCGA-AF-A56N_nonMSIH,0,3.4850825130039208e-12,0
lin,2,TCGA-AG-3894_nonMSIH,0,0.00010675070747634482,0
lin,2,TCGA-AG-3902_nonMSIH,0,0.001029961586512353,0
lin,2,TCGA-AG-4015_nonMSIH,0,9.720528033137315e-05,0
lin,2,TCGA-AG-A002_nonMSIH,0,0.0012508130530534687,0
lin,2,TCGA-AG-A00C_nonMSIH,0,4.8507581050846814e-08,0
lin,2,TCGA-AG-A020_nonMSIH,0,0.002305408219379997,0
lin,2,TCGA-AG-A02X_nonMSIH,0,3.3564251775027706e-05,0
lin,2,TCGA-AH-6547_nonMSIH,0,1.3903298397143823e-07,0
lin,2,TCGA-AH-6644_nonMSIH,0,6.546784565734242e-07,0
lin,2,TCGA-AH-6897_nonMSIH,0,1.6221421883908233e-05,0
lin,2,TCGA-AU-3779_nonMSIH,0,4.925148754876667e-06,0
lin,2,TCGA-AY-6386_nonMSIH,0,0.000496944943227462,0
lin,2,TCGA-AY-A54L_nonMSIH,0,2.3283341186412675e-07,0
lin,2,TCGA-AY-A71X_nonMSIH,0,0.07033416781982411,0
lin,2,TCGA-AY-A8YK_nonMSIH,0,1.9424664512312347e-09,0
lin,2,TCGA-AZ-4315_nonMSIH,0,0.9151524741981676,1
lin,2,TCGA-AZ-6598_MSIH,1,0.9979424032077105,1
lin,2,TCGA-AZ-6599_nonMSIH,0,0.00016073088037882582,0
lin,2,TCGA-AZ-6606_nonMSIH,0,7.241227915061602e-06,0
lin,2,TCGA-CA-5254_nonMSIH,0,0.00019250850764249386,0
lin,2,TCGA-CK-5915_nonMSIH,0,0.0012723108125001026,0
lin,2,TCGA-CL-5918_nonMSIH,0,0.00030666379654672744,0
lin,2,TCGA-CM-4747_nonMSIH,0,0.004525191127774025,0
lin,2,TCGA-CM-4750_nonMSIH,0,3.1669987126975596e-08,0
lin,2,TCGA-CM-4752_nonMSIH,0,2.979112631101152e-05,0
lin,2,TCGA-CM-5348_nonMSIH,0,5.1508381908403484e-05,0
lin,2,TCGA-CM-5860_nonMSIH,0,0.004674342203864442,0
lin,2,TCGA-CM-5862_nonMSIH,0,0.002052346766338255,0
lin,2,TCGA-CM-5863_nonMSIH,0,0.005043955141727076,0
lin,2,TCGA-CM-5864_nonMSIH,0,5.3804427141130754e-06,0
lin,2,TCGA-CM-6162_MSIH,1,0.08132398036140491,0
lin,2,TCGA-CM-6164_nonMSIH,0,1.1006168632597894e-05,0
lin,2,TCGA-CM-6167_nonMSIH,0,0.004417214954770765,0
lin,2,TCGA-D5-5540_nonMSIH,0,4.113003164585072e-06,0
lin,2,TCGA-D5-5541_nonMSIH,0,2.6371131351523227e-05,0
lin,2,TCGA-D5-6533_nonMSIH,0,0.03207023152146495,0
lin,2,TCGA-D5-6926_nonMSIH,0,0.0001294843794737927,0
lin,2,TCGA-D5-6929_nonMSIH,0,4.8893625964689284e-05,0
lin,2,TCGA-DC-5337_nonMSIH,0,1.1975188328785944e-05,0
lin,2,TCGA-DC-5869_nonMSIH,0,2.6221287129615995e-06,0
lin,2,TCGA-DC-6154_MSIH,1,1.2425709492007321e-06,0
lin,2,TCGA-DC-6155_nonMSIH,0,0.00026569148122181156,0
lin,2,TCGA-DC-6158_nonMSIH,0,0.0002203832774501294,0
lin,2,TCGA-DM-A1D0_nonMSIH,0,1.0358671150583303e-08,0
lin,2,TCGA-DM-A1D4_nonMSIH,0,1.284508349629514e-05,0
lin,2,TCGA-DM-A1DA_nonMSIH,0,0.0007837922033524836,0
lin,2,TCGA-DM-A285_nonMSIH,0,3.760791109552925e-07,0
lin,2,TCGA-DM-A28F_nonMSIH,0,1.5710016015723167e-06,0
lin,2,TCGA-DM-A28G_nonMSIH,0,1.3530854272676066e-07,0
lin,2,TCGA-DM-A28M_nonMSIH,0,7.91647793253743e-06,0
lin,2,TCGA-DY-A1DF_nonMSIH,0,6.787328038315579e-07,0
lin,2,TCGA-DY-A1DG_nonMSIH,0,2.4737610960596654e-10,0
lin,2,TCGA-EI-6509_nonMSIH,0,0.8649529928419409,1
lin,2,TCGA-EI-6881_nonMSIH,0,0.00015635020707137744,0
lin,2,TCGA-EI-7004_nonMSIH,0,0.09019412115001937,0
lin,2,TCGA-F4-6463_nonMSIH,0,0.004185926765550847,0
lin,2,TCGA-F4-6807_nonMSIH,0,0.001376508963308439,0
lin,2,TCGA-F4-6855_nonMSIH,0,0.0035141209419422884,0
lin,2,TCGA-F5-6571_nonMSIH,0,3.0137410671035176e-07,0
lin,2,TCGA-F5-6702_nonMSIH,0,1.5912536103658833e-06,0
lin,2,TCGA-F5-6864_nonMSIH,0,2.0998107743948387e-08,0
lin,2,TCGA-G4-6299_nonMSIH,0,3.631397041291566e-05,0
lin,2,TCGA-NH-A50U_nonMSIH,0,0.006863294596760429,0
lin,2,TCGA-NH-A6GC_nonMSIH,0,3.8595785740920535e-05,0
lin,2,TCGA-NH-A8F8_nonMSIH,0,0.00013655704371498016,0
lin,2,TCGA-QG-A5YV_nonMSIH,0,8.04576117949929e-08,0
lin,3,TCGA-5M-AATE_nonMSIH,0,1.1963816184821456e-07,0
lin,3,TCGA-A6-2681_nonMSIH,0,0.002866412903550287,0
lin,3,TCGA-A6-5666_nonMSIH,0,5.912597760914753e-05,0
lin,3,TCGA-A6-5667_nonMSIH,0,9.250113151185039e-07,0
lin,3,TCGA-A6-6138_nonMSIH,0,0.024514849533939318,0
lin,3,TCGA-A6-6142_nonMSIH,0,0.014969220736320824,0
lin,3,TCGA-A6-6649_nonMSIH,0,6.550328883811206e-07,0
lin,3,TCGA-AA-3667_nonMSIH,0,0.0001657825376077961,0
lin,3,TCGA-AA-3715_MSIH,1,0.9988918099287758,1
lin,3,TCGA-AA-3819_nonMSIH,0,4.4701171757278603e-07,0
lin,3,TCGA-AA-3844_nonMSIH,0,7.48433568316944e-05,0
lin,3,TCGA-AA-3848_nonMSIH,0,0.0007789285915001531,0
lin,3,TCGA-AA-3852_nonMSIH,0,0.0009169496669881227,0
lin,3,TCGA-AA-3858_nonMSIH,0,1.1005884131304854e-05,0
lin,3,TCGA-AA-3864_MSIH,1,0.007396944147839055,0
lin,3,TCGA-AA-3956_nonMSIH,0,1.3515744526808574e-07,0
lin,3,TCGA-AA-3973_nonMSIH,0,0.04544678918076162,0
lin,3,TCGA-AA-3975_nonMSIH,0,0.0005478581217373239,0
lin,3,TCGA-AA-3989_nonMSIH,0,0.00050842615423009,0
lin,3,TCGA-AA-A010_nonMSIH,0,0.010559002922874408,0
lin,3,TCGA-AA-A01R_MSIH,1,0.9623578558978915,1
lin,3,TCGA-AA-A01T_nonMSIH,0,2.1471097060199455e-05,0
lin,3,TCGA-AA-A01V_nonMSIH,0,1.346333171374215e-05,0
lin,3,TCGA-AA-A01Z_nonMSIH,0,9.0905757467159e-05,0
lin,3,TCGA-AA-A024_nonMSIH,0,0.0005684112212711534,0
lin,3,TCGA-AA-A02F_nonMSIH,0,0.34742565565827394,0
lin,3,TCGA-AA-A02H_nonMSIH,0,0.00391166916251522,0
lin,3,TCGA-AA-A02Y_nonMSIH,0,0.00012384914392242114,0
lin,3,TCGA-AA-A03F_nonMSIH,0,6.679188574251939e-06,0
lin,3,TCGA-AD-6548_nonMSIH,0,0.16732971253288628,0
lin,3,TCGA-AD-6890_nonMSIH,0,0.00043149783268585937,0
lin,3,TCGA-AD-A5EJ_MSIH,1,0.9999762555967588,1
lin,3,TCGA-AD-A5EK_nonMSIH,0,4.0869802958821906e-07,0
lin,3,TCGA-AF-3911_nonMSIH,0,0.025590295701625552,0
lin,3,TCGA-AF-A56K_nonMSIH,0,7.135454426144519e-05,0
lin,3,TCGA-AG-3882_nonMSIH,0,1.5958797041670415e-05,0
lin,3,TCGA-AG-3883_nonMSIH,0,1.3176051023633619e-05,0
lin,3,TCGA-AG-3887_nonMSIH,0,3.3316774861346466e-06,0
lin,3,TCGA-AG-3890_nonMSIH,0,9.032964182979997e-07,0
lin,3,TCGA-AG-3898_nonMSIH,0,1.5002812865438787e-06,0
lin,3,TCGA-AG-3901_nonMSIH,0,7.030681764977326e-05,0
lin,3,TCGA-AG-3909_nonMSIH,0,0.001013367088907397,0
lin,3,TCGA-AG-A016_nonMSIH,0,0.10612848159739616,0
lin,3,TCGA-AH-6643_nonMSIH,0,0.014536207597457001,0
lin,3,TCGA-AM-5820_nonMSIH,0,0.9893948717808869,1
lin,3,TCGA-AU-6004_MSIH,1,0.886335571302966,1
lin,3,TCGA-AY-5543_nonMSIH,0,0.014929999588240102,0
lin,3,TCGA-AY-6197_MSIH,1,0.9999946966331427,1
lin,3,TCGA-AZ-4308_nonMSIH,0,0.1689113519191299,0
lin,3,TCGA-AZ-5407_nonMSIH,0,0.005206792601244494,0
lin,3,TCGA-AZ-6600_nonMSIH,0,0.3698198364888053,0
lin,3,TCGA-CA-5796_nonMSIH,0,0.0006220410932168361,0
lin,3,TCGA-CA-6715_nonMSIH,0,9.017572166281618e-07,0
lin,3,TCGA-CA-6717_nonMSIH,0,0.0037946530526062265,0
lin,3,TCGA-CK-4950_nonMSIH,0,0.582622296733789,1
lin,3,TCGA-CK-4951_MSIH,1,0.47516026894789093,0
lin,3,TCGA-CK-6746_MSIH,1,0.9999475626636382,1
lin,3,TCGA-CK-6751_nonMSIH,0,0.5402291005206761,1
lin,3,TCGA-CL-4957_nonMSIH,0,0.0001949112211003397,0
lin,3,TCGA-CM-4746_MSIH,1,0.12945923204723528,0
lin,3,TCGA-CM-4751_nonMSIH,0,0.6095392119563643,1
lin,3,TCGA-CM-5341_nonMSIH,0,0.004513187415131124,0
lin,3,TCGA-CM-5861_MSIH,1,0.9806920948530811,1
lin,3,TCGA-CM-6161_nonMSIH,0,0.0008567385964401243,0
lin,3,TCGA-CM-6170_nonMSIH,0,0.003089174482767381,0
lin,3,TCGA-CM-6171_MSIH,1,0.538945242342628,1
lin,3,TCGA-CM-6674_MSIH,1,0.22668177504800718,0
lin,3,TCGA-CM-6676_nonMSIH,0,4.511853878763735e-06,0
lin,3,TCGA-CM-6677_nonMSIH,0,0.0023680914517983146,0
lin,3,TCGA-CM-6679_nonMSIH,0,0.0009000248092110737,0
lin,3,TCGA-D5-5539_nonMSIH,0,0.013224690879191304,0
lin,3,TCGA-D5-6530_MSIH,1,0.037935380181589345,0
lin,3,TCGA-D5-6536_nonMSIH,0,0.012583843942733512,0
lin,3,TCGA-D5-6928_MSIH,1,0.3708129505067393,0
lin,3,TCGA-D5-6930_MSIH,1,0.96756949370182,1
lin,3,TCGA-D5-6932_nonMSIH,0,0.00831503650115148,0
lin,3,TCGA-DC-6681_nonMSIH,0,0.008501645593041975,0
lin,3,TCGA-DC-6683_nonMSIH,0,0.0750000844365885,0
lin,3,TCGA-DM-A0X9_nonMSIH,0,7.4374127075614284e-06,0
lin,3,TCGA-DM-A0XD_nonMSIH,0,3.909279864827229e-05,0
lin,3,TCGA-DM-A0XF_nonMSIH,0,2.731168897775061e-05,0
lin,3,TCGA-DM-A1D7_nonMSIH,0,1.920195137238533e-05,0
lin,3,TCGA-DM-A1DB_nonMSIH,0,9.791959107118207e-05,0
lin,3,TCGA-DM-A1HA_nonMSIH,0,0.00013391958965713551,0
lin,3,TCGA-DM-A28K_nonMSIH,0,0.01457904372112946,0
lin,3,TCGA-DT-5265_nonMSIH,0,0.026851512401865507,0
lin,3,TCGA-DY-A1DC_nonMSIH,0,8.111138894638407e-05,0
lin,3,TCGA-EI-6508_nonMSIH,0,0.0006970072064265401,0
lin,3,TCGA-EI-6510_nonMSIH,0,0.0005545582504681058,0
lin,3,TCGA-EI-6512_nonMSIH,0,0.12356896674510531,0
lin,3,TCGA-EI-6882_MSIH,1,9.858874022075956e-05,0
lin,3,TCGA-EI-6885_nonMSIH,0,0.0001827512379395659,0
lin,3,TCGA-EI-7002_nonMSIH,0,0.00018170275247422952,0
lin,3,TCGA-F4-6460_nonMSIH,0,3.437557512923705e-08,0
lin,3,TCGA-F4-6570_MSIH,1,0.9999999940409552,1
lin,3,TCGA-F4-6704_nonMSIH,0,0.013397762570628266,0
lin,3,TCGA-F4-6854_nonMSIH,0,0.001593266531775159,0
lin,3,TCGA-F4-6856_MSIH,1,0.02098140280232266,0
lin,3,TCGA-F5-6464_nonMSIH,0,0.5275276057308075,1
lin,3,TCGA-F5-6863_nonMSIH,0,2.677447085803264e-06,0
lin,3,TCGA-G4-6298_nonMSIH,0,0.0017488458499422786,0
lin,3,TCGA-G4-6302_MSIH,1,0.9907244279221973,1
lin,3,TCGA-G4-6309_MSIH,1,0.8281405512092731,1
lin,3,TCGA-G4-6315_nonMSIH,0,5.0595171153749924e-05,0
lin,3,TCGA-G4-6317_nonMSIH,0,0.02361337957026172,0
lin,3,TCGA-G4-6626_nonMSIH,0,0.009728051579466565,0
lin,3,TCGA-G4-6627_nonMSIH,0,0.15352216212511594,0
lin,3,TCGA-G5-6641_nonMSIH,0,0.0520446615530413,0
lin,3,TCGA-NH-A50T_nonMSIH,0,0.00031676301340836244,0
lin,3,TCGA-NH-A6GB_nonMSIH,0,0.6681002748063437,1
lin,3,TCGA-QG-A5Z1_nonMSIH,0,1.7446443942108076e-05,0
lin,3,TCGA-SS-A7HO_nonMSIH,0,6.411012486795422e-07,0
lin,4,TCGA-3L-AA1B_nonMSIH,0,5.53272279318635e-09,0
lin,4,TCGA-A6-4105_nonMSIH,0,2.677780356176077e-05,0
lin,4,TCGA-A6-5657_nonMSIH,0,0.00016334843860846843,0
lin,4,TCGA-A6-5660_nonMSIH,0,2.3666369337110113e-08,0
lin,4,TCGA-A6-5662_nonMSIH,0,0.6519201540823955,1
lin,4,TCGA-A6-5664_nonMSIH,0,9.518645471157923e-07,0
lin,4,TCGA-A6-A566_nonMSIH,0,0.44481835470906755,0
lin,4,TCGA-AA-3666_nonMSIH,0,4.85651959428934e-06,0
lin,4,TCGA-AA-3678_nonMSIH,0,0.0003207184293512041,0
lin,4,TCGA-AA-3696_nonMSIH,0,0.00025361174646907643,0
lin,4,TCGA-AA-3814_nonMSIH,0,2.9512977611278696e-06,0
lin,4,TCGA-AA-3846_nonMSIH,0,0.000317121212443307,0
lin,4,TCGA-AA-3851_nonMSIH,0,0.001379934316908318,0
lin,4,TCGA-AA-3855_nonMSIH,0,0.0033293433809612103,0
lin,4,TCGA-AA-3952_nonMSIH,0,0.22443605851663753,0
lin,4,TCGA-AA-3971_nonMSIH,0,7.336137307109887e-05,0
lin,4,TCGA-AA-3982_nonMSIH,0,0.00010518551243222539,0
lin,4,TCGA-AA-A01P_MSIH,1,0.9955556455882728,1
lin,4,TCGA-AA-A03J_nonMSIH,0,0.0007685980747235458,0
lin,4,TCGA-AD-6964_MSIH,1,0.9999994052885652,1
lin,4,TCGA-AF-2693_nonMSIH,0,0.022076434507183617,0
lin,4,TCGA-AF-6672_nonMSIH,0,4.2538979176338734e-07,0
lin,4,TCGA-AG-3727_nonMSIH,0,0.002059117824212915,0
lin,4,TCGA-AG-3885_nonMSIH,0,8.908813296500213e-05,0
lin,4,TCGA-AG-3893_nonMSIH,0,5.831368943116372e-05,0
lin,4,TCGA-AG-3896_nonMSIH,0,0.00027363381031976226,0
lin,4,TCGA-AG-4001_nonMSIH,0,0.0009269541961381919,0
lin,4,TCGA-AG-4008_nonMSIH,0,0.006198664009404324,0
lin,4,TCGA-AG-A015_nonMSIH,0,4.291205755405506e-05,0
lin,4,TCGA-AG-A01L_nonMSIH,0,2.9259590280354783e-07,0
lin,4,TCGA-AG-A01N_nonMSIH,0,4.0615905317239443e-07,0
lin,4,TCGA-AG-A01Y_nonMSIH,0,0.010633875903746832,0
lin,4,TCGA-AG-A026_nonMSIH,0,0.002193401899326002,0
lin,4,TCGA-AH-6544_nonMSIH,0,0.000377723404964217,0
lin,4,TCGA-AM-5821_MSIH,1,0.00012716842983362425,0
lin,4,TCGA-AY-4070_nonMSIH,0,0.015100339287313221,0
lin,4,TCGA-AY-4071_nonMSIH,0,3.703815593682671e-05,0
lin,4,TCGA-AZ-4616_nonMSIH,0,0.017956617971517774,0
lin,4,TCGA-AZ-4681_nonMSIH,0,0.0001133894066830994,0
lin,4,TCGA-AZ-4682_nonMSIH,0,3.897401677395853e-08,0
lin,4,TCGA-AZ-5403_nonMSIH,0,2.9288932627124224e-06,0
lin,4,TCGA-AZ-6605_nonMSIH,0,1.6432557744961833e-06,0
lin,4,TCGA-CA-5256_nonMSIH,0,2.4451865621228225e-10,0
lin,4,TCGA-CA-6716_nonMSIH,0,6.183385435030886e-06,0
lin,4,TCGA-CA-6718_nonMSIH,0,0.3905694726259418,0
lin,4,TCGA-CA-6719_nonMSIH,0,4.297522920576634e-07,0
lin,4,TCGA-CI-6622_nonMSIH,0,1.0301232401229307e-05,0
lin,4,TCGA-CK-4948_nonMSIH,0,0.0027872452072360836,0
lin,4,TCGA-CK-4952_nonMSIH,0,0.22049885460902552,0
lin,4,TCGA-CK-5912_nonMSIH,0,0.002349439075594188,0
lin,4,TCGA-CK-5913_MSIH,1,0.10437334839852706,0
lin,4,TCGA-CK-5914_nonMSIH,0,1.2149613081947516e-06,0
lin,4,TCGA-CK-6747_MSIH,1,5.917637857516938e-05,0
lin,4,TCGA-CK-6748_nonMSIH,0,0.0006904068174049054,0
lin,4,TCGA-CM-5349_nonMSIH,0,0.07282976309978355,0
lin,4,TCGA-CM-6163_nonMSIH,0,0.039226627234539124,0
lin,4,TCGA-CM-6166_nonMSIH,0,0.01010452437754872,0
lin,4,TCGA-CM-6168_nonMSIH,0,0.27728786060046945,0
lin,4,TCGA-CM-6169_nonMSIH,0,0.0005897196081667006,0
lin,4,TCGA-CM-6172_nonMSIH,0,0.0008091263972412856,0
lin,4,TCGA-CM-6675_nonMSIH,0,0.3504995482069352,0
lin,4,TCGA-D5-5538_nonMSIH,0,0.001617819519847175,0
lin,4,TCGA-D5-6532_nonMSIH,0,0.009636195393726503,0
lin,4,TCGA-D5-6535_nonMSIH,0,0.0009214002272671842,0
lin,4,TCGA-D5-6537_nonMSIH,0,3.268122663072151e-05,0
lin,4,TCGA-D5-6538_nonMSIH,0,0.001191794772247393,0
lin,4,TCGA-D5-6920_nonMSIH,0,0.36300916587927473,0
lin,4,TCGA-D5-6922_nonMSIH,0,0.02493303531904637,0
lin,4,TCGA-D5-6924_nonMSIH,0,0.0014582169202699143,0
lin,4,TCGA-DC-4745_nonMSIH,0,0.00810796029108678,0
lin,4,TCGA-DC-4749_nonMSIH,0,3.3601448478103096e-08,0
lin,4,TCGA-DC-6157_nonMSIH,0,1.4050324839297408e-05,0
lin,4,TCGA-DC-6160_nonMSIH,0,3.044354964269764e-05,0
lin,4,TCGA-DM-A1D9_nonMSIH,0,0.002165279238141066,0
lin,4,TCGA-DM-A282_nonMSIH,0,4.153550180970621e-05,0
lin,4,TCGA-DY-A0XA_nonMSIH,0,1.8862389958514363e-08,0
lin,4,TCGA-EF-5830_nonMSIH,0,9.574234536787029e-06,0
lin,4,TCGA-EI-6511_nonMSIH,0,0.07607077089121654,0
lin,4,TCGA-EI-6513_nonMSIH,0,0.03367614294930886,0
lin,4,TCGA-EI-6884_nonMSIH,0,0.0026183246129993154,0
lin,4,TCGA-F4-6459_nonMSIH,0,2.215897622674155e-05,0
lin,4,TCGA-F4-6461_nonMSIH,0,0.5302632779212091,1
lin,4,TCGA-F4-6569_nonMSIH,0,8.191338618110692e-05,0
lin,4,TCGA-F4-6703_MSIH,1,0.10269128356691798,0
lin,4,TCGA-F4-6805_nonMSIH,0,0.04461203104751067,0
lin,4,TCGA-F4-6806_nonMSIH,0,4.628617052465621e-05,0
lin,4,TCGA-G4-6294_nonMSIH,0,0.014395274693432544,0
lin,4,TCGA-G4-6295_nonMSIH,0,0.7626566592164294,1
lin,4,TCGA-G4-6303_nonMSIH,0,0.0002935096026123933,0
lin,4,TCGA-G4-6304_MSIH,1,0.9505561744112712,1
lin,4,TCGA-G4-6306_nonMSIH,0,0.0008841251348768373,0
lin,4,TCGA-G4-6307_nonMSIH,0,5.7440686369140815e-06,0
lin,4,TCGA-G4-6320_MSIH,1,0.0020368026968726623,0
lin,4,TCGA-G4-6321_nonMSIH,0,0.010818422377164901,0
lin,4,TCGA-G4-6628_MSIH,1,0.3213578537365716,0
lin,4,TCGA-NH-A5IV_MSIH,1,2.2974805267404543e-05,0
lin,4,TCGA-NH-A6GA_nonMSIH,0,8.094900802445287e-07,0
lin,4,TCGA-QG-A5YW_nonMSIH,0,0.01647653450916251,0
lin,4,TCGA-QG-A5Z2_MSIH,1,0.0005414201156256316,0
lin,4,TCGA-QL-A97D_nonMSIH,0,5.275191148057301e-06,0
lin,4,TCGA-WS-AB45_MSIH,1,0.024011254395322392,0
ann,1,TCGA-5M-AAT4_nonMSIH,0,0.22069498896598816,0
ann,1,TCGA-5M-AAT6_MSIH,1,0.7540050745010376,1
ann,1,TCGA-A6-2671_nonMSIH,0,0.21215598285198212,0
ann,1,TCGA-A6-2686_MSIH,1,0.7116491198539734,1
ann,1,TCGA-A6-3807_nonMSIH,0,0.2914472222328186,0
ann,1,TCGA-A6-5661_MSIH,1,0.4783393144607544,0
ann,1,TCGA-A6-6137_nonMSIH,0,0.25432318449020386,0
ann,1,TCGA-A6-6651_nonMSIH,0,0.2111920565366745,0
ann,1,TCGA-A6-6652_nonMSIH,0,0.2498486489057541,0
ann,1,TCGA-A6-6654_nonMSIH,0,0.2199602723121643,0
ann,1,TCGA-A6-A565_nonMSIH,0,0.9647145867347717,1
ann,1,TCGA-A6-A567_nonMSIH,0,0.27987128496170044,0
ann,1,TCGA-AA-3679_nonMSIH,0,0.3544544577598572,0
ann,1,TCGA-AA-3680_nonMSIH,0,0.16385051608085632,0
ann,1,TCGA-AA-3684_nonMSIH,0,0.5762379169464111,1
ann,1,TCGA-AA-3688_nonMSIH,0,0.22288621962070465,0
ann,1,TCGA-AA-3693_nonMSIH,0,0.24725167453289032,0
ann,1,TCGA-AA-3812_nonMSIH,0,0.1585041582584381,0
ann,1,TCGA-AA-3818_nonMSIH,0,0.17198508977890015,0
ann,1,TCGA-AA-3831_nonMSIH,0,0.14172999560832977,0
ann,1,TCGA-AA-3833_MSIH,1,0.8517894148826599,1
ann,1,TCGA-AA-3837_nonMSIH,0,0.20557990670204163,0
ann,1,TCGA-AA-3850_nonMSIH,0,0.28045156598091125,0
ann,1,TCGA-AA-3854_nonMSIH,0,0.231187641620636,0
ann,1,TCGA-AA-3866_nonMSIH,0,0.29600849747657776,0
ann,1,TCGA-AA-3867_nonMSIH,0,0.2526029944419861,0
ann,1,TCGA-AA-3875_nonMSIH,0,0.30066466331481934,0
ann,1,TCGA-AA-3947_MSIH,1,0.4251147210597992,0
ann,1,TCGA-AA-3949_MSIH,1,0.7966211438179016,1
ann,1,TCGA-AA-3979_nonMSIH,0,0.20477896928787231,0
ann,1,TCGA-AA-3984_nonMSIH,0,0.33039891719818115,0
ann,1,TCGA-AA-3994_nonMSIH,0,0.34615814685821533,0
ann,1,TCGA-AA-A01S_nonMSIH,0,0.34123024344444275,0
ann,1,TCGA-AA-A01X_nonMSIH,0,0.22495031356811523,0
ann,1,TCGA-AD-6888_nonMSIH,0,0.12669172883033752,0
ann,1,TCGA-AD-6901_nonMSIH,0,0.29797014594078064,0
ann,1,TCGA-AD-6963_nonMSIH,0,0.14286285638809204,0
ann,1,TCGA-AF-2687_nonMSIH,0,0.2603999674320221,0
ann,1,TCGA-AF-4110_nonMSIH,0,0.252500981092453,0
ann,1,TCGA-AF-6136_nonMSIH,0,0.21312212944030762,0
ann,1,TCGA-AG-3726_nonMSIH,0,0.2031557857990265,0
ann,1,TCGA-AG-3878_nonMSIH,0,0.22757278382778168,0
ann,1,TCGA-AG-3892_nonMSIH,0,0.40064626932144165,0
ann,1,TCGA-AG-4021_nonMSIH,0,0.5196865200996399,1
ann,1,TCGA-AG-4022_nonMSIH,0,0.544337809085846,1
ann,1,TCGA-AG-A008_nonMSIH,0,0.21192984282970428,0
ann,1,TCGA-AG-A011_nonMSIH,0,0.3604537844657898,0
ann,1,TCGA-AG-A01W_nonMSIH,0,0.2520124912261963,0
ann,1,TCGA-AG-A02N_MSIH,1,0.6274524927139282,1
ann,1,TCGA-AH-6903_nonMSIH,0,0.3753417432308197,0
ann,1,TCGA-AY-6196_nonMSIH,0,0.8888603448867798,1
ann,1,TCGA-AY-A69D_nonMSIH,0,0.14546766877174377,0
ann,1,TCGA-AZ-4614_nonMSIH,0,0.31958168745040894,0
ann,1,TCGA-AZ-4615_MSIH,1,0.45786136388778687,0
ann,1,TCGA-AZ-6603_nonMSIH,0,0.22132430970668793,0
ann,1,TCGA-CA-5255_nonMSIH,0,0.32717958092689514,0
ann,1,TCGA-CA-5797_nonMSIH,0,0.208369180560112,0
ann,1,TCGA-CI-6624_nonMSIH,0,0.8987790942192078,1
ann,1,TCGA-CK-4947_nonMSIH,0,0.437767893075943,0
ann,1,TCGA-CK-5916_MSIH,1,0.9458483457565308,1
ann,1,TCGA-CL-5917_nonMSIH,0,0.30175840854644775,0
ann,1,TCGA-CM-4743_MSIH,1,0.9019261002540588,1
ann,1,TCGA-CM-4744_nonMSIH,0,0.365538626909256,0
ann,1,TCGA-CM-5344_nonMSIH,0,0.30291324853897095,0
ann,1,TCGA-CM-5868_nonMSIH,0,0.308758020401001,0
ann,1,TCGA-CM-6165_nonMSIH,0,0.2863227128982544,0
ann,1,TCGA-CM-6678_nonMSIH,0,0.36083996295928955,0
ann,1,TCGA-D5-5537_nonMSIH,0,0.2170921117067337,0
ann,1,TCGA-D5-6529_nonMSIH,0,0.2712134122848511,0
ann,1,TCGA-D5-6531_nonMSIH,0,0.7645750641822815,1
ann,1,TCGA-D5-6534_nonMSIH,0,0.16859768331050873,0
ann,1,TCGA-D5-6539_nonMSIH,0,0.48213985562324524,0
ann,1,TCGA-D5-6540_MSIH,1,0.2264503389596939,0
ann,1,TCGA-D5-6541_nonMSIH,0,0.24288728833198547,0
ann,1,TCGA-D5-6898_nonMSIH,0,0.4588282108306885,0
ann,1,TCGA-D5-6927_MSIH,1,0.7574379444122314,1
ann,1,TCGA-D5-6931_nonMSIH,0,0.5168091654777527,1
ann,1,TCGA-DC-6682_nonMSIH,0,0.5904392004013062,1
ann,1,TCGA-DM-A1D6_nonMSIH,0,0.3197595477104187,0
ann,1,TCGA-DM-A1D8_nonMSIH,0,0.22700002789497375,0
ann,1,TCGA-DM-A280_nonMSIH,0,0.5235402584075928,1
ann,1,TCGA-DM-A288_nonMSIH,0,0.47390660643577576,0
ann,1,TCGA-DM-A28A_nonMSIH,0,0.19858857989311218,0
ann,1,TCGA-DM-A28E_nonMSIH,0,0.32468003034591675,0
ann,1,TCGA-DM-A28H_nonMSIH,0,0.26808613538742065,0
ann,1,TCGA-DY-A1DD_nonMSIH,0,0.34311413764953613,0
ann,1,TCGA-EI-6506_nonMSIH,0,0.2573803663253784,0
ann,1,TCGA-EI-6507_MSIH,1,0.9756515622138977,1
ann,1,TCGA-EI-6514_nonMSIH,0,0.12027094513177872,0
ann,1,TCGA-EI-6883_nonMSIH,0,0.2758127450942993,0
ann,1,TCGA-F4-6808_nonMSIH,0,0.21071146428585052,0
ann,1,TCGA-F4-6809_nonMSIH,0,0.21467545628547668,0
ann,1,TCGA-F5-6465_nonMSIH,0,0.19177508354187012,0
ann,1,TCGA-F5-6811_nonMSIH,0,0.21264812350273132,0
ann,1,TCGA-G4-6293_nonMSIH,0,0.3285372257232666,0
ann,1,TCGA-G4-6297_nonMSIH,0,0.21601569652557373,0
ann,1,TCGA-G4-6311_nonMSIH,0,0.9526564478874207,1
ann,1,TCGA-G4-6322_nonMSIH,0,0.9615345001220703,1
ann,1,TCGA-G4-6323_nonMSIH,0,0.25522708892822266,0
ann,1,TCGA-G4-6586_MSIH,1,0.7338505983352661,1
ann,1,TCGA-G4-6588_MSIH,1,0.9309777021408081,1
ann,1,TCGA-NH-A50V_nonMSIH,0,0.4279080927371979,0
ann,1,TCGA-QG-A5YX_nonMSIH,0,0.11505906283855438,0
ann,2,TCGA-4N-A93T_nonMSIH,0,0.2240598350763321,0
ann,2,TCGA-A6-2685_nonMSIH,0,0.34119367599487305,0
ann,2,TCGA-A6-4107_nonMSIH,0,0.2961046099662781,0
ann,2,TCGA-A6-5665_MSIH,1,0.7885187864303589,1
ann,2,TCGA-A6-6648_nonMSIH,0,0.23175741732120514,0
ann,2,TCGA-A6-6653_MSIH,1,0.7938289642333984,1
ann,2,TCGA-A6-A56B_nonMSIH,0,0.3286338150501251,0
ann,2,TCGA-AA-3664_nonMSIH,0,0.29875603318214417,0
ann,2,TCGA-AA-3673_nonMSIH,0,0.2950034737586975,0
ann,2,TCGA-AA-3681_nonMSIH,0,0.13622933626174927,0
ann,2,TCGA-AA-3692_nonMSIH,0,0.27429383993148804,0
ann,2,TCGA-AA-3811_MSIH,1,0.3561514616012573,0
ann,2,TCGA-AA-3821_MSIH,1,0.4046686589717865,0
ann,2,TCGA-AA-3842_nonMSIH,0,0.16633929312229156,0
ann,2,TCGA-AA-3845_MSIH,1,0.5384554266929626,1
ann,2,TCGA-AA-3856_nonMSIH,0,0.29521167278289795,0
ann,2,TCGA-AA-3877_MSIH,1,0.4822074770927429,0
ann,2,TCGA-AA-3950_MSIH,1,0.8591058850288391,1
ann,2,TCGA-AA-3966_MSIH,1,0.7631769776344299,1
ann,2,TCGA-AA-3968_nonMSIH,0,0.3774512708187103,0
ann,2,TCGA-AA-3976_nonMSIH,0,0.27946704626083374,0
ann,2,TCGA-AA-3986_nonMSIH,0,0.388931006193161,0
ann,2,TCGA-AA-A02E_nonMSIH,0,0.24877393245697021,0
ann,2,TCGA-AA-A02O_nonMSIH,0,0.4472658336162567,0
ann,2,TCGA-AD-5900_MSIH,1,0.5659465193748474,1
ann,2,TCGA-AD-6889_MSIH,1,0.21878866851329803,0
ann,2,TCGA-AD-6965_nonMSIH,0,0.18401198089122772,0
ann,2,TCGA-AF-2690_nonMSIH,0,0.3845055401325226,0
ann,2,TCGA-AF-6655_nonMSIH,0,0.4056204855442047,0
ann,2,TCGA-AF-A56L_nonMSIH,0,0.26237571239471436,0
ann,2,TCGA-AF-A56N_nonMSIH,0,0.20915842056274414,0
ann,2,TCGA-AG-3894_nonMSIH,0,0.31712979078292847,0
ann,2,TCGA-AG-3902_nonMSIH,0,0.2827584445476532,0
ann,2,TCGA-AG-4015_nonMSIH,0,0.29391318559646606,0
ann,2,TCGA-AG-A002_nonMSIH,0,0.34958699345588684,0
ann,2,TCGA-AG-A00C_nonMSIH,0,0.1739591509103775,0
ann,2,TCGA-AG-A020_nonMSIH,0,0.5349995493888855,1
ann,2,TCGA-AG-A02X_nonMSIH,0,0.2728031277656555,0
ann,2,TCGA-AH-6547_nonMSIH,0,0.173047736287117,0
ann,2,TCGA-AH-6644_nonMSIH,0,0.30066201090812683,0
ann,2,TCGA-AH-6897_nonMSIH,0,0.2520001530647278,0
ann,2,TCGA-AU-3779_nonMSIH,0,0.23641309142112732,0
ann,2,TCGA-AY-6386_nonMSIH,0,0.34536412358283997,0
ann,2,TCGA-AY-A54L_nonMSIH,0,0.25670671463012695,0
ann,2,TCGA-AY-A71X_nonMSIH,0,0.5960237979888916,1
ann,2,TCGA-AY-A8YK_nonMSIH,0,0.20227836072444916,0
ann,2,TCGA-AZ-4315_nonMSIH,0,0.5399786233901978,1
ann,2,TCGA-AZ-6598_MSIH,1,0.9236668348312378,1
ann,2,TCGA-AZ-6599_nonMSIH,0,0.2732488811016083,0
ann,2,TCGA-AZ-6606_nonMSIH,0,0.308632493019104,0
ann,2,TCGA-CA-5254_nonMSIH,0,0.3477008640766144,0
ann,2,TCGA-CK-5915_nonMSIH,0,0.3865355849266052,0
ann,2,TCGA-CL-5918_nonMSIH,0,0.5942432284355164,1
ann,2,TCGA-CM-4747_nonMSIH,0,0.42089855670928955,0
ann,2,TCGA-CM-4750_nonMSIH,0,0.16461555659770966,0
ann,2,TCGA-CM-4752_nonMSIH,0,0.275158166885376,0
ann,2,TCGA-CM-5348_nonMSIH,0,0.20531512796878815,0
ann,2,TCGA-CM-5860_nonMSIH,0,0.3940342962741852,0
ann,2,TCGA-CM-5862_nonMSIH,0,0.5054548978805542,1
ann,2,TCGA-CM-5863_nonMSIH,0,0.6770997047424316,1
ann,2,TCGA-CM-5864_nonMSIH,0,0.23114192485809326,0
ann,2,TCGA-CM-6162_MSIH,1,0.8105688691139221,1
ann,2,TCGA-CM-6164_nonMSIH,0,0.25572171807289124,0
ann,2,TCGA-CM-6167_nonMSIH,0,0.3228664696216583,0
ann,2,TCGA-D5-5540_nonMSIH,0,0.3173481523990631,0
ann,2,TCGA-D5-5541_nonMSIH,0,0.34598037600517273,0
ann,2,TCGA-D5-6533_nonMSIH,0,0.4241678714752197,0
ann,2,TCGA-D5-6926_nonMSIH,0,0.31379881501197815,0
ann,2,TCGA-D5-6929_nonMSIH,0,0.4418033957481384,0
ann,2,TCGA-DC-5337_nonMSIH,0,0.20813626050949097,0
ann,2,TCGA-DC-5869_nonMSIH,0,0.3001597225666046,0
ann,2,TCGA-DC-6154_MSIH,1,0.16528362035751343,0
ann,2,TCGA-DC-6155_nonMSIH,0,0.22961844503879547,0
ann,2,TCGA-DC-6158_nonMSIH,0,0.2062680423259735,0
ann,2,TCGA-DM-A1D0_nonMSIH,0,0.13195697963237762,0
ann,2,TCGA-DM-A1D4_nonMSIH,0,0.3479275107383728,0
ann,2,TCGA-DM-A1DA_nonMSIH,0,0.39209455251693726,0
ann,2,TCGA-DM-A285_nonMSIH,0,0.2566550076007843,0
ann,2,TCGA-DM-A28F_nonMSIH,0,0.2181876301765442,0
ann,2,TCGA-DM-A28G_nonMSIH,0,0.23018747568130493,0
ann,2,TCGA-DM-A28M_nonMSIH,0,0.26719439029693604,0
ann,2,TCGA-DY-A1DF_nonMSIH,0,0.28551021218299866,0
ann,2,TCGA-DY-A1DG_nonMSIH,0,0.2005988210439682,0
ann,2,TCGA-EI-6509_nonMSIH,0,0.4405413866043091,0
ann,2,TCGA-EI-6881_nonMSIH,0,0.1791064441204071,0
ann,2,TCGA-EI-7004_nonMSIH,0,0.6771276593208313,1
ann,2,TCGA-F4-6463_nonMSIH,0,0.49312350153923035,0
ann,2,TCGA-F4-6807_nonMSIH,0,0.3706419765949249,0
ann,2,TCGA-F4-6855_nonMSIH,0,0.3187183439731598,0
ann,2,TCGA-F5-6571_nonMSIH,0,0.31315475702285767,0
ann,2,TCGA-F5-6702_nonMSIH,0,0.351448118686676,0
ann,2,TCGA-F5-6864_nonMSIH,0,0.23903121054172516,0
ann,2,TCGA-G4-6299_nonMSIH,0,0.5646111369132996,1
ann,2,TCGA-NH-A50U_nonMSIH,0,0.5825110077857971,1
ann,2,TCGA-NH-A6GC_nonMSIH,0,0.8785035610198975,1
ann,2,TCGA-NH-A8F8_nonMSIH,0,0.33711910247802734,0
ann,2,TCGA-QG-A5YV_nonMSIH,0,0.23264166712760925,0
ann,3,TCGA-5M-AATE_nonMSIH,0,0.2110384851694107,0
ann,3,TCGA-A6-2681_nonMSIH,0,0.4588601887226105,0
ann,3,TCGA-A6-5666_nonMSIH,0,0.5780744552612305,1
ann,3,TCGA-A6-5667_nonMSIH,0,0.22528672218322754,0
ann,3,TCGA-A6-6138_nonMSIH,0,0.45046523213386536,0
ann,3,TCGA-A6-6142_nonMSIH,0,0.3305036425590515,0
ann,3,TCGA-A6-6649_nonMSIH,0,0.3873978555202484,0
ann,3,TCGA-AA-3667_nonMSIH,0,0.18733420968055725,0
ann,3,TCGA-AA-3715_MSIH,1,0.9549003839492798,1
ann,3,TCGA-AA-3819_nonMSIH,0,0.10624067485332489,0
ann,3,TCGA-AA-3844_nonMSIH,0,0.2162647545337677,0
ann,3,TCGA-AA-3848_nonMSIH,0,0.3575915992259979,0
ann,3,TCGA-AA-3852_nonMSIH,0,0.22472620010375977,0
ann,3,TCGA-AA-3858_nonMSIH,0,0.1890311986207962,0
ann,3,TCGA-AA-3864_MSIH,1,0.40566423535346985,0
ann,3,TCGA-AA-3956_nonMSIH,0,0.16854199767112732,0
ann,3,TCGA-AA-3973_nonMSIH,0,0.43356555700302124,0
ann,3,TCGA-AA-3975_nonMSIH,0,0.3040156364440918,0
ann,3,TCGA-AA-3989_nonMSIH,0,0.22189782559871674,0
ann,3,TCGA-AA-A010_nonMSIH,0,0.3076359033584595,0
ann,3,TCGA-AA-A01R_MSIH,1,0.5176061987876892,1
ann,3,TCGA-AA-A01T_nonMSIH,0,0.19001851975917816,0
ann,3,TCGA-AA-A01V_nonMSIH,0,0.13285130262374878,0
ann,3,TCGA-AA-A01Z_nonMSIH,0,0.25462502241134644,0
ann,3,TCGA-AA-A024_nonMSIH,0,0.2081475704908371,0
ann,3,TCGA-AA-A02F_nonMSIH,0,0.5784665942192078,1
ann,3,TCGA-AA-A02H_nonMSIH,0,0.354805588722229,0
ann,3,TCGA-AA-A02Y_nonMSIH,0,0.2739918529987335,0
ann,3,TCGA-AA-A03F_nonMSIH,0,0.2974793016910553,0
ann,3,TCGA-AD-6548_nonMSIH,0,0.6032021045684814,1
ann,3,TCGA-AD-6890_nonMSIH,0,0.34747451543807983,0
ann,3,TCGA-AD-A5EJ_MSIH,1,0.9849089980125427,1
ann,3,TCGA-AD-A5EK_nonMSIH,0,0.2877219617366791,0
ann,3,TCGA-AF-3911_nonMSIH,0,0.33499768376350403,0
ann,3,TCGA-AF-A56K_nonMSIH,0,0.3077666163444519,0
ann,3,TCGA-AG-3882_nonMSIH,0,0.16186641156673431,0
ann,3,TCGA-AG-3883_nonMSIH,0,0.21503318846225739,0
ann,3,TCGA-AG-3887_nonMSIH,0,0.15617960691452026,0
ann,3,TCGA-AG-3890_nonMSIH,0,0.1518828272819519,0
ann,3,TCGA-AG-3898_nonMSIH,0,0.1878429651260376,0
ann,3,TCGA-AG-3901_nonMSIH,0,0.14963623881340027,0
ann,3,TCGA-AG-3909_nonMSIH,0,0.37388134002685547,0
ann,3,TCGA-AG-A016_nonMSIH,0,0.5935417413711548,1
ann,3,TCGA-AH-6643_nonMSIH,0,0.8473384380340576,1
ann,3,TCGA-AM-5820_nonMSIH,0,0.9199858903884888,1
ann,3,TCGA-AU-6004_MSIH,1,0.8714712262153625,1
ann,3,TCGA-AY-5543_nonMSIH,0,0.7857285737991333,1
ann,3,TCGA-AY-6197_MSIH,1,0.9987419247627258,1
ann,3,TCGA-AZ-4308_nonMSIH,0,0.3360339105129242,0
ann,3,TCGA-AZ-5407_nonMSIH,0,0.2636490762233734,0
ann,3,TCGA-AZ-6600_nonMSIH,0,0.5745894312858582,1
ann,3,TCGA-CA-5796_nonMSIH,0,0.13873815536499023,0
ann,3,TCGA-CA-6715_nonMSIH,0,0.34038016200065613,0
ann,3,TCGA-CA-6717_nonMSIH,0,0.43493667244911194,0
ann,3,TCGA-CK-4950_nonMSIH,0,0.6836439967155457,1
ann,3,TCGA-CK-4951_MSIH,1,0.5583096742630005,1
ann,3,TCGA-CK-6746_MSIH,1,0.9960786700248718,1
ann,3,TCGA-CK-6751_nonMSIH,0,0.3815939426422119,0
ann,3,TCGA-CL-4957_nonMSIH,0,0.2621215879917145,0
ann,3,TCGA-CM-4746_MSIH,1,0.32851409912109375,0
ann,3,TCGA-CM-4751_nonMSIH,0,0.45750874280929565,0
ann,3,TCGA-CM-5341_nonMSIH,0,0.3096083104610443,0
ann,3,TCGA-CM-5861_MSIH,1,0.5724137425422668,1
ann,3,TCGA-CM-6161_nonMSIH,0,0.46515950560569763,0
ann,3,TCGA-CM-6170_nonMSIH,0,0.21823956072330475,0
ann,3,TCGA-CM-6171_MSIH,1,0.9567210674285889,1
ann,3,TCGA-CM-6674_MSIH,1,0.3321166932582855,0
ann,3,TCGA-CM-6676_nonMSIH,0,0.2888319194316864,0
ann,3,TCGA-CM-6677_nonMSIH,0,0.29455703496932983,0
ann,3,TCGA-CM-6679_nonMSIH,0,0.2844471037387848,0
ann,3,TCGA-D5-5539_nonMSIH,0,0.47786304354667664,0
ann,3,TCGA-D5-6530_MSIH,1,0.578751266002655,1
ann,3,TCGA-D5-6536_nonMSIH,0,0.7184288501739502,1
ann,3,TCGA-D5-6928_MSIH,1,0.24200822412967682,0
ann,3,TCGA-D5-6930_MSIH,1,0.6888344883918762,1
ann,3,TCGA-D5-6932_nonMSIH,0,0.4589177966117859,0
ann,3,TCGA-DC-6681_nonMSIH,0,0.5749324560165405,1
ann,3,TCGA-DC-6683_nonMSIH,0,0.5916300415992737,1
ann,3,TCGA-DM-A0X9_nonMSIH,0,0.21963948011398315,0
ann,3,TCGA-DM-A0XD_nonMSIH,0,0.1871345043182373,0
ann,3,TCGA-DM-A0XF_nonMSIH,0,0.18059365451335907,0
ann,3,TCGA-DM-A1D7_nonMSIH,0,0.2005523443222046,0
ann,3,TCGA-DM-A1DB_nonMSIH,0,0.2688288986682892,0
ann,3,TCGA-DM-A1HA_nonMSIH,0,0.205692321062088,0
ann,3,TCGA-DM-A28K_nonMSIH,0,0.5267964005470276,1
ann,3,TCGA-DT-5265_nonMSIH,0,0.4206494688987732,0
ann,3,TCGA-DY-A1DC_nonMSIH,0,0.25881582498550415,0
ann,3,TCGA-EI-6508_nonMSIH,0,0.36292552947998047,0
ann,3,TCGA-EI-6510_nonMSIH,0,0.2460729479789734,0
ann,3,TCGA-EI-6512_nonMSIH,0,0.21436868607997894,0
ann,3,TCGA-EI-6882_MSIH,1,0.430053174495697,0
ann,3,TCGA-EI-6885_nonMSIH,0,0.2246837317943573,0
ann,3,TCGA-EI-7002_nonMSIH,0,0.2509661018848419,0
ann,3,TCGA-F4-6460_nonMSIH,0,0.19859579205513,0
ann,3,TCGA-F4-6570_MSIH,1,0.989849328994751,1
ann,3,TCGA-F4-6704_nonMSIH,0,0.4712916612625122,0
ann,3,TCGA-F4-6854_nonMSIH,0,0.2143235206604004,0
ann,3,TCGA-F4-6856_MSIH,1,0.3235754072666168,0
ann,3,TCGA-F5-6464_nonMSIH,0,0.27910423278808594,0
ann,3,TCGA-F5-6863_nonMSIH,0,0.18139086663722992,0
ann,3,TCGA-G4-6298_nonMSIH,0,0.3548387289047241,0
ann,3,TCGA-G4-6302_MSIH,1,0.731122612953186,1
ann,3,TCGA-G4-6309_MSIH,1,0.8642133474349976,1
ann,3,TCGA-G4-6315_nonMSIH,0,0.3425855338573456,0
ann,3,TCGA-G4-6317_nonMSIH,0,0.3490312397480011,0
ann,3,TCGA-G4-6626_nonMSIH,0,0.44252675771713257,0
ann,3,TCGA-G4-6627_nonMSIH,0,0.3137228786945343,0
ann,3,TCGA-G5-6641_nonMSIH,0,0.5570603013038635,1
ann,3,TCGA-NH-A50T_nonMSIH,0,0.2067178338766098,0
ann,3,TCGA-NH-A6GB_nonMSIH,0,0.4800111651420593,0
ann,3,TCGA-QG-A5Z1_nonMSIH,0,0.1679493486881256,0
ann,3,TCGA-SS-A7HO_nonMSIH,0,0.2741493284702301,0
ann,4,TCGA-3L-AA1B_nonMSIH,0,0.10693162679672241,0
ann,4,TCGA-A6-4105_nonMSIH,0,0.11402319371700287,0
ann,4,TCGA-A6-5657_nonMSIH,0,0.24980920553207397,0
ann,4,TCGA-A6-5660_nonMSIH,0,0.13234597444534302,0
ann,4,TCGA-A6-5662_nonMSIH,0,0.6162779331207275,1
ann,4,TCGA-A6-5664_nonMSIH,0,0.2778014540672302,0
ann,4,TCGA-A6-A566_nonMSIH,0,0.9999264478683472,1
ann,4,TCGA-AA-3666_nonMSIH,0,0.03259486332535744,0
ann,4,TCGA-AA-3678_nonMSIH,0,0.19516626000404358,0
ann,4,TCGA-AA-3696_nonMSIH,0,0.08956611901521683,0
ann,4,TCGA-AA-3814_nonMSIH,0,0.24291904270648956,0
ann,4,TCGA-AA-3846_nonMSIH,0,0.17072470486164093,0
ann,4,TCGA-AA-3851_nonMSIH,0,0.15545232594013214,0
ann,4,TCGA-AA-3855_nonMSIH,0,0.2766425609588623,0
ann,4,TCGA-AA-3952_nonMSIH,0,0.4160723388195038,0
ann,4,TCGA-AA-3971_nonMSIH,0,0.12844893336296082,0
ann,4,TCGA-AA-3982_nonMSIH,0,0.19625623524188995,0
ann,4,TCGA-AA-A01P_MSIH,1,0.9079262018203735,1
ann,4,TCGA-AA-A03J_nonMSIH,0,0.071067214012146,0
ann,4,TCGA-AD-6964_MSIH,1,0.9954547882080078,1
ann,4,TCGA-AF-2693_nonMSIH,0,0.6746845245361328,1
ann,4,TCGA-AF-6672_nonMSIH,0,0.346801221370697,0
ann,4,TCGA-AG-3727_nonMSIH,0,0.4485759437084198,0
ann,4,TCGA-AG-3885_nonMSIH,0,0.05462151765823364,0
ann,4,TCGA-AG-3893_nonMSIH,0,0.10205748677253723,0
ann,4,TCGA-AG-3896_nonMSIH,0,0.08379525691270828,0
ann,4,TCGA-AG-4001_nonMSIH,0,0.35805898904800415,0
ann,4,TCGA-AG-4008_nonMSIH,0,0.39857184886932373,0
ann,4,TCGA-AG-A015_nonMSIH,0,0.046264298260211945,0
ann,4,TCGA-AG-A01L_nonMSIH,0,0.044694021344184875,0
ann,4,TCGA-AG-A01N_nonMSIH,0,0.056055571883916855,0
ann,4,TCGA-AG-A01Y_nonMSIH,0,0.1255863606929779,0
ann,4,TCGA-AG-A026_nonMSIH,0,0.15864819288253784,0
ann,4,TCGA-AH-6544_nonMSIH,0,0.13835325837135315,0
ann,4,TCGA-AM-5821_MSIH,1,0.21793316304683685,0
ann,4,TCGA-AY-4070_nonMSIH,0,0.3550068438053131,0
ann,4,TCGA-AY-4071_nonMSIH,0,0.84099280834198,1
ann,4,TCGA-AZ-4616_nonMSIH,0,0.2909986674785614,0
ann,4,TCGA-AZ-4681_nonMSIH,0,0.34156784415245056,0
ann,4,TCGA-AZ-4682_nonMSIH,0,0.15363790094852448,0
ann,4,TCGA-AZ-5403_nonMSIH,0,0.07098785787820816,0
ann,4,TCGA-AZ-6605_nonMSIH,0,0.14973677694797516,0
ann,4,TCGA-CA-5256_nonMSIH,0,0.13563598692417145,0
ann,4,TCGA-CA-6716_nonMSIH,0,0.17722336947917938,0
ann,4,TCGA-CA-6718_nonMSIH,0,0.5591855049133301,1
ann,4,TCGA-CA-6719_nonMSIH,0,0.07374472171068192,0
ann,4,TCGA-CI-6622_nonMSIH,0,0.20536932349205017,0
ann,4,TCGA-CK-4948_nonMSIH,0,0.3217259347438812,0
ann,4,TCGA-CK-4952_nonMSIH,0,0.4124475419521332,0
ann,4,TCGA-CK-5912_nonMSIH,0,0.1654377281665802,0
ann,4,TCGA-CK-5913_MSIH,1,0.6254248023033142,1
ann,4,TCGA-CK-5914_nonMSIH,0,0.11618058383464813,0
ann,4,TCGA-CK-6747_MSIH,1,0.13859224319458008,0
ann,4,TCGA-CK-6748_nonMSIH,0,0.287426233291626,0
ann,4,TCGA-CM-5349_nonMSIH,0,0.3107217848300934,0
ann,4,TCGA-CM-6163_nonMSIH,0,0.2819215953350067,0
ann,4,TCGA-CM-6166_nonMSIH,0,0.236741304397583,0
ann,4,TCGA-CM-6168_nonMSIH,0,0.6059602499008179,1
ann,4,TCGA-CM-6169_nonMSIH,0,0.11832521110773087,0
ann,4,TCGA-CM-6172_nonMSIH,0,0.26337170600891113,0
ann,4,TCGA-CM-6675_nonMSIH,0,0.40124526619911194,0
ann,4,TCGA-D5-5538_nonMSIH,0,0.2260824590921402,0
ann,4,TCGA-D5-6532_nonMSIH,0,0.06256236881017685,0
ann,4,TCGA-D5-6535_nonMSIH,0,0.06939754635095596,0
ann,4,TCGA-D5-6537_nonMSIH,0,0.12958474457263947,0
ann,4,TCGA-D5-6538_nonMSIH,0,0.21786324679851532,0
ann,4,TCGA-D5-6920_nonMSIH,0,0.6529403328895569,1
ann,4,TCGA-D5-6922_nonMSIH,0,0.15523909032344818,0
ann,4,TCGA-D5-6924_nonMSIH,0,0.10817287117242813,0
ann,4,TCGA-DC-4745_nonMSIH,0,0.13873879611492157,0
ann,4,TCGA-DC-4749_nonMSIH,0,0.10764901340007782,0
ann,4,TCGA-DC-6157_nonMSIH,0,0.08995580673217773,0
ann,4,TCGA-DC-6160_nonMSIH,0,0.1291896253824234,0
ann,4,TCGA-DM-A1D9_nonMSIH,0,0.3110334277153015,0
ann,4,TCGA-DM-A282_nonMSIH,0,0.227793887257576,0
ann,4,TCGA-DY-A0XA_nonMSIH,0,0.12686733901500702,0
ann,4,TCGA-EF-5830_nonMSIH,0,0.20992232859134674,0
ann,4,TCGA-EI-6511_nonMSIH,0,0.29329657554626465,0
ann,4,TCGA-EI-6513_nonMSIH,0,0.4927312135696411,0
ann,4,TCGA-EI-6884_nonMSIH,0,0.8369240760803223,1
ann,4,TCGA-F4-6459_nonMSIH,0,0.13342615962028503,0
ann,4,TCGA-F4-6461_nonMSIH,0,0.890159547328949,1
ann,4,TCGA-F4-6569_nonMSIH,0,0.254934161901474,0
ann,4,TCGA-F4-6703_MSIH,1,0.6104721426963806,1
ann,4,TCGA-F4-6805_nonMSIH,0,0.3782721161842346,0
ann,4,TCGA-F4-6806_nonMSIH,0,0.18677346408367157,0
ann,4,TCGA-G4-6294_nonMSIH,0,0.27539119124412537,0
ann,4,TCGA-G4-6295_nonMSIH,0,0.31260696053504944,0
ann,4,TCGA-G4-6303_nonMSIH,0,0.21099263429641724,0
ann,4,TCGA-G4-6304_MSIH,1,0.6921964287757874,1
ann,4,TCGA-G4-6306_nonMSIH,0,0.1346355676651001,0
ann,4,TCGA-G4-6307_nonMSIH,0,0.08819390088319778,0
ann,4,TCGA-G4-6320_MSIH,1,0.12214243412017822,0
ann,4,TCGA-G4-6321_nonMSIH,0,0.5042006969451904,1
ann,4,TCGA-G4-6628_MSIH,1,0.6316409111022949,1
ann,4,TCGA-NH-A5IV_MSIH,1,0.45395544171333313,0
ann,4,TCGA-NH-A6GA_nonMSIH,0,0.13488201797008514,0
ann,4,TCGA-QG-A5YW_nonMSIH,0,0.5363604426383972,1
ann,4,TCGA-QG-A5Z2_MSIH,1,0.29667744040489197,0
ann,4,TCGA-QL-A97D_nonMSIH,0,0.13087424635887146,0
ann,4,TCGA-WS-AB45_MSIH,1,0.997665286064148,1
knn,1,TCGA-5M-AAT4_nonMSIH,0,0.0,0
knn,1,TCGA-5M-AAT6_MSIH,1,0.6666666666666666,1
knn,1,TCGA-A6-2671_nonMSIH,0,0.0,0
knn,1,TCGA-A6-2686_MSIH,1,0.0,0
knn,1,TCGA-A6-3807_nonMSIH,0,0.0,0
knn,1,TCGA-A6-5661_MSIH,1,0.0,0
knn,1,TCGA-A6-6137_nonMSIH,0,0.0,0
knn,1,TCGA-A6-6651_nonMSIH,0,0.0,0
knn,1,TCGA-A6-6652_nonMSIH,0,0.0,0
knn,1,TCGA-A6-6654_nonMSIH,0,0.0,0
knn,1,TCGA-A6-A565_nonMSIH,0,0.6666666666666666,1
knn,1,TCGA-A6-A567_nonMSIH,0,0.0,0
knn,1,TCGA-AA-3679_nonMSIH,0,0.0,0
knn,1,TCGA-AA-3680_nonMSIH,0,0.0,0
knn,1,TCGA-AA-3684_nonMSIH,0,0.6666666666666666,1
knn,1,TCGA-AA-3688_nonMSIH,0,0.0,0
knn,1,TCGA-AA-3693_nonMSIH,0,0.0,0
knn,1,TCGA-AA-3812_nonMSIH,0,0.0,0
knn,1,TCGA-AA-3818_nonMSIH,0,0.0,0
knn,1,TCGA-AA-3831_nonMSIH,0,0.0,0
knn,1,TCGA-AA-3833_MSIH,1,0.3333333333333333,0
knn,1,TCGA-AA-3837_nonMSIH,0,0.0,0
knn,1,TCGA-AA-3850_nonMSIH,0,0.0,0
knn,1,TCGA-AA-3854_nonMSIH,0,0.0,0
knn,1,TCGA-AA-3866_nonMSIH,0,0.0,0
knn,1,TCGA-AA-3867_nonMSIH,0,0.0,0
knn,1,TCGA-AA-3875_nonMSIH,0,0.0,0
knn,1,TCGA-AA-3947_MSIH,1,0.0,0
knn,1,TCGA-AA-3949_MSIH,1,0.6666666666666666,1
knn,1,TCGA-AA-3979_nonMSIH,0,0.0,0
knn,1,TCGA-AA-3984_nonMSIH,0,0.0,0
knn,1,TCGA-AA-3994_nonMSIH,0,0.3333333333333333,0
knn,1,TCGA-AA-A01S_nonMSIH,0,0.3333333333333333,0
knn,1,TCGA-AA-A01X_nonMSIH,0,0.0,0
knn,1,TCGA-AD-6888_nonMSIH,0,0.0,0
knn,1,TCGA-AD-6901_nonMSIH,0,0.0,0
knn,1,TCGA-AD-6963_nonMSIH,0,0.0,0
knn,1,TCGA-AF-2687_nonMSIH,0,0.0,0
knn,1,TCGA-AF-4110_nonMSIH,0,0.0,0
knn,1,TCGA-AF-6136_nonMSIH,0,0.0,0
knn,1,TCGA-AG-3726_nonMSIH,0,0.3333333333333333,0
knn,1,TCGA-AG-3878_nonMSIH,0,0.0,0
knn,1,TCGA-AG-3892_nonMSIH,0,0.0,0
knn,1,TCGA-AG-4021_nonMSIH,0,0.3333333333333333,0
knn,1,TCGA-AG-4022_nonMSIH,0,0.3333333333333333,0
knn,1,TCGA-AG-A008_nonMSIH,0,0.0,0
knn,1,TCGA-AG-A011_nonMSIH,0,0.0,0
knn,1,TCGA-AG-A01W_nonMSIH,0,0.3333333333333333,0
knn,1,TCGA-AG-A02N_MSIH,1,0.3333333333333333,0
knn,1,TCGA-AH-6903_nonMSIH,0,0.3333333333333333,0
knn,1,TCGA-AY-6196_nonMSIH,0,0.3333333333333333,0
knn,1,TCGA-AY-A69D_nonMSIH,0,0.0,0
knn,1,TCGA-AZ-4614_nonMSIH,0,0.3333333333333333,0
knn,1,TCGA-AZ-4615_MSIH,1,0.0,0
knn,1,TCGA-AZ-6603_nonMSIH,0,0.0,0
knn,1,TCGA-CA-5255_nonMSIH,0,0.0,0
knn,1,TCGA-CA-5797_nonMSIH,0,0.0,0
knn,1,TCGA-CI-6624_nonMSIH,0,0.3333333333333333,0
knn,1,TCGA-CK-4947_nonMSIH,0,0.0,0
knn,1,TCGA-CK-5916_MSIH,1,0.6666666666666666,1
knn,1,TCGA-CL-5917_nonMSIH,0,0.3333333333333333,0
knn,1,TCGA-CM-4743_MSIH,1,0.6666666666666666,1
knn,1,TCGA-CM-4744_nonMSIH,0,0.3333333333333333,0
knn,1,TCGA-CM-5344_nonMSIH,0,0.0,0
knn,1,TCGA-CM-5868_nonMSIH,0,0.0,0
knn,1,TCGA-CM-6165_nonMSIH,0,0.0,0
knn,1,TCGA-CM-6678_nonMSIH,0,0.3333333333333333,0
knn,1,TCGA-D5-5537_nonMSIH,0,0.0,0
knn,1,TCGA-D5-6529_nonMSIH,0,0.3333333333333333,0
knn,1,TCGA-D5-6531_nonMSIH,0,0.3333333333333333,0
knn,1,TCGA-D5-6534_nonMSIH,0,0.0,0
knn,1,TCGA-D5-6539_nonMSIH,0,0.0,0
knn,1,TCGA-D5-6540_MSIH,1,0.0,0
knn,1,TCGA-D5-6541_nonMSIH,0,0.0,0
knn,1,TCGA-D5-6898_nonMSIH,0,0.0,0
knn,1,TCGA-D5-6927_MSIH,1,0.0,0
knn,1,TCGA-D5-6931_nonMSIH,0,0.0,0
knn,1,TCGA-DC-6682_nonMSIH,0,0.3333333333333333,0
knn,1,TCGA-DM-A1D6_nonMSIH,0,0.3333333333333333,0
knn,1,TCGA-DM-A1D8_nonMSIH,0,0.0,0
knn,1,TCGA-DM-A280_nonMSIH,0,0.0,0
knn,1,TCGA-DM-A288_nonMSIH,0,0.0,0
knn,1,TCGA-DM-A28A_nonMSIH,0,0.0,0
knn,1,TCGA-DM-A28E_nonMSIH,0,0.0,0
knn,1,TCGA-DM-A28H_nonMSIH,0,0.0,0
knn,1,TCGA-DY-A1DD_nonMSIH,0,0.0,0
knn,1,TCGA-EI-6506_nonMSIH,0,0.0,0
knn,1,TCGA-EI-6507_MSIH,1,0.3333333333333333,0
knn,1,TCGA-EI-6514_nonMSIH,0,0.0,0
knn,1,TCGA-EI-6883_nonMSIH,0,0.0,0
knn,1,TCGA-F4-6808_nonMSIH,0,0.0,0
knn,1,TCGA-F4-6809_nonMSIH,0,0.0,0
knn,1,TCGA-F5-6465_nonMSIH,0,0.0,0
knn,1,TCGA-F5-6811_nonMSIH,0,0.0,0
knn,1,TCGA-G4-6293_nonMSIH,0,0.3333333333333333,0
knn,1,TCGA-G4-6297_nonMSIH,0,0.0,0
knn,1,TCGA-G4-6311_nonMSIH,0,0.3333333333333333,0
knn,1,TCGA-G4-6322_nonMSIH,0,0.6666666666666666,1
knn,1,TCGA-G4-6323_nonMSIH,0,0.0,0
knn,1,TCGA-G4-6586_MSIH,1,0.3333333333333333,0
knn,1,TCGA-G4-6588_MSIH,1,0.3333333333333333,0
knn,1,TCGA-NH-A50V_nonMSIH,0,0.0,0
knn,1,TCGA-QG-A5YX_nonMSIH,0,0.0,0
knn,2,TCGA-4N-A93T_nonMSIH,0,0.0,0
knn,2,TCGA-A6-2685_nonMSIH,0,0.3333333333333333,0
knn,2,TCGA-A6-4107_nonMSIH,0,0.0,0
knn,2,TCGA-A6-5665_MSIH,1,0.6666666666666666,1
knn,2,TCGA-A6-6648_nonMSIH,0,0.0,0
knn,2,TCGA-A6-6653_MSIH,1,0.0,0
knn,2,TCGA-A6-A56B_nonMSIH,0,0.0,0
knn,2,TCGA-AA-3664_nonMSIH,0,0.0,0
knn,2,TCGA-AA-3673_nonMSIH,0,0.0,0
knn,2,TCGA-AA-3681_nonMSIH,0,0.0,0
knn,2,TCGA-AA-3692_nonMSIH,0,0.0,0
knn,2,TCGA-AA-3811_MSIH,1,0.0,0
knn,2,TCGA-AA-3821_MSIH,1,0.0,0
knn,2,TCGA-AA-3842_nonMSIH,0,0.0,0
knn,2,TCGA-AA-3845_MSIH,1,0.0,0
knn,2,TCGA-AA-3856_nonMSIH,0,0.0,0
knn,2,TCGA-AA-3877_MSIH,1,0.0,0
knn,2,TCGA-AA-3950_MSIH,1,0.3333333333333333,0
knn,2,TCGA-AA-3966_MSIH,1,0.3333333333333333,0
knn,2,TCGA-AA-3968_nonMSIH,0,0.0,0
knn,2,TCGA-AA-3976_nonMSIH,0,0.0,0
knn,2,TCGA-AA-3986_nonMSIH,0,0.0,0
knn,2,TCGA-AA-A02E_nonMSIH,0,0.0,0
knn,2,TCGA-AA-A02O_nonMSIH,0,0.0,0
knn,2,TCGA-AD-5900_MSIH,1,0.0,0
knn,2,TCGA-AD-6889_MSIH,1,0.3333333333333333,0
knn,2,TCGA-AD-6965_nonMSIH,0,0.0,0
knn,2,TCGA-AF-2690_nonMSIH,0,0.0,0
knn,2,TCGA-AF-6655_nonMSIH,0,0.3333333333333333,0
knn,2,TCGA-AF-A56L_nonMSIH,0,0.0,0
knn,2,TCGA-AF-A56N_nonMSIH,0,0.0,0
knn,2,TCGA-AG-3894_nonMSIH,0,0.0,0
knn,2,TCGA-AG-3902_nonMSIH,0,0.0,0
knn,2,TCGA-AG-4015_nonMSIH,0,0.0,0
knn,2,TCGA-AG-A002_nonMSIH,0,0.0,0
knn,2,TCGA-AG-A00C_nonMSIH,0,0.0,0
knn,2,TCGA-AG-A020_nonMSIH,0,0.0,0
knn,2,TCGA-AG-A02X_nonMSIH,0,0.0,0
knn,2,TCGA-AH-6547_nonMSIH,0,0.0,0
knn,2,TCGA-AH-6644_nonMSIH,0,0.0,0
knn,2,TCGA-AH-6897_nonMSIH,0,0.0,0
knn,2,TCGA-AU-3779_nonMSIH,0,0.0,0
knn,2,TCGA-AY-6386_nonMSIH,0,0.0,0
knn,2,TCGA-AY-A54L_nonMSIH,0,0.0,0
knn,2,TCGA-AY-A71X_nonMSIH,0,0.3333333333333333,0
knn,2,TCGA-AY-A8YK_nonMSIH,0,0.0,0
knn,2,TCGA-AZ-4315_nonMSIH,0,0.0,0
knn,2,TCGA-AZ-6598_MSIH,1,0.6666666666666666,1
knn,2,TCGA-AZ-6599_nonMSIH,0,0.0,0
knn,2,TCGA-AZ-6606_nonMSIH,0,0.0,0
knn,2,TCGA-CA-5254_nonMSIH,0,0.0,0
knn,2,TCGA-CK-5915_nonMSIH,0,0.0,0
knn,2,TCGA-CL-5918_nonMSIH,0,0.0,0
knn,2,TCGA-CM-4747_nonMSIH,0,0.3333333333333333,0
knn,2,TCGA-CM-4750_nonMSIH,0,0.0,0
knn,2,TCGA-CM-4752_nonMSIH,0,0.0,0
knn,2,TCGA-CM-5348_nonMSIH,0,0.0,0
knn,2,TCGA-CM-5860_nonMSIH,0,0.0,0
knn,2,TCGA-CM-5862_nonMSIH,0,0.3333333333333333,0
knn,2,TCGA-CM-5863_nonMSIH,0,0.3333333333333333,0
knn,2,TCGA-CM-5864_nonMSIH,0,0.0,0
knn,2,TCGA-CM-6162_MSIH,1,0.3333333333333333,0
knn,2,TCGA-CM-6164_nonMSIH,0,0.3333333333333333,0
knn,2,TCGA-CM-6167_nonMSIH,0,0.3333333333333333,0
knn,2,TCGA-D5-5540_nonMSIH,0,0.0,0
knn,2,TCGA-D5-5541_nonMSIH,0,0.0,0
knn,2,TCGA-D5-6533_nonMSIH,0,0.3333333333333333,0
knn,2,TCGA-D5-6926_nonMSIH,0,0.0,0
knn,2,TCGA-D5-6929_nonMSIH,0,0.0,0
knn,2,TCGA-DC-5337_nonMSIH,0,0.3333333333333333,0
knn,2,TCGA-DC-5869_nonMSIH,0,0.0,0
knn,2,TCGA-DC-6154_MSIH,1,0.0,0
knn,2,TCGA-DC-6155_nonMSIH,0,0.0,0
knn,2,TCGA-DC-6158_nonMSIH,0,0.3333333333333333,0
knn,2,TCGA-DM-A1D0_nonMSIH,0,0.0,0
knn,2,TCGA-DM-A1D4_nonMSIH,0,0.0,0
knn,2,TCGA-DM-A1DA_nonMSIH,0,0.0,0
knn,2,TCGA-DM-A285_nonMSIH,0,0.0,0
knn,2,TCGA-DM-A28F_nonMSIH,0,0.0,0
knn,2,TCGA-DM-A28G_nonMSIH,0,0.0,0
knn,2,TCGA-DM-A28M_nonMSIH,0,0.0,0
knn,2,TCGA-DY-A1DF_nonMSIH,0,0.0,0
knn,2,TCGA-DY-A1DG_nonMSIH,0,0.0,0
knn,2,TCGA-EI-6509_nonMSIH,0,0.0,0
knn,2,TCGA-EI-6881_nonMSIH,0,0.0,0
knn,2,TCGA-EI-7004_nonMSIH,0,0.0,0
knn,2,TCGA-F4-6463_nonMSIH,0,0.0,0
knn,2,TCGA-F4-6807_nonMSIH,0,0.0,0
knn,2,TCGA-F4-6855_nonMSIH,0,0.3333333333333333,0
knn,2,TCGA-F5-6571_nonMSIH,0,0.0,0
knn,2,TCGA-F5-6702_nonMSIH,0,0.0,0
knn,2,TCGA-F5-6864_nonMSIH,0,0.0,0
knn,2,TCGA-G4-6299_nonMSIH,0,0.3333333333333333,0
knn,2,TCGA-NH-A50U_nonMSIH,0,0.0,0
knn,2,TCGA-NH-A6GC_nonMSIH,0,0.6666666666666666,1
knn,2,TCGA-NH-A8F8_nonMSIH,0,0.0,0
knn,2,TCGA-QG-A5YV_nonMSIH,0,0.3333333333333333,0
knn,3,TCGA-5M-AATE_nonMSIH,0,0.0,0
knn,3,TCGA-A6-2681_nonMSIH,0,0.14285714285714285,0
knn,3,TCGA-A6-5666_nonMSIH,0,0.0,0
knn,3,TCGA-A6-5667_nonMSIH,0,0.0,0
knn,3,TCGA-A6-6138_nonMSIH,0,0.14285714285714285,0
knn,3,TCGA-A6-6142_nonMSIH,0,0.14285714285714285,0
knn,3,TCGA-A6-6649_nonMSIH,0,0.14285714285714285,0
knn,3,TCGA-AA-3667_nonMSIH,0,0.0,0
knn,3,TCGA-AA-3715_MSIH,1,0.2857142857142857,0
knn,3,TCGA-AA-3819_nonMSIH,0,0.0,0
knn,3,TCGA-AA-3844_nonMSIH,0,0.0,0
knn,3,TCGA-AA-3848_nonMSIH,0,0.14285714285714285,0
knn,3,TCGA-AA-3852_nonMSIH,0,0.14285714285714285,0
knn,3,TCGA-AA-3858_nonMSIH,0,0.0,0
knn,3,TCGA-AA-3864_MSIH,1,0.0,0
knn,3,TCGA-AA-3956_nonMSIH,0,0.0,0
knn,3,TCGA-AA-3973_nonMSIH,0,0.2857142857142857,0
knn,3,TCGA-AA-3975_nonMSIH,0,0.14285714285714285,0
knn,3,TCGA-AA-3989_nonMSIH,0,0.0,0
knn,3,TCGA-AA-A010_nonMSIH,0,0.14285714285714285,0
knn,3,TCGA-AA-A01R_MSIH,1,0.0,0
knn,3,TCGA-AA-A01T_nonMSIH,0,0.2857142857142857,0
knn,3,TCGA-AA-A01V_nonMSIH,0,0.0,0
knn,3,TCGA-AA-A01Z_nonMSIH,0,0.14285714285714285,0
knn,3,TCGA-AA-A024_nonMSIH,0,0.0,0
knn,3,TCGA-AA-A02F_nonMSIH,0,0.0,0
knn,3,TCGA-AA-A02H_nonMSIH,0,0.0,0
knn,3,TCGA-AA-A02Y_nonMSIH,0,0.14285714285714285,0
knn,3,TCGA-AA-A03F_nonMSIH,0,0.0,0
knn,3,TCGA-AD-6548_nonMSIH,0,0.2857142857142857,0
knn,3,TCGA-AD-6890_nonMSIH,0,0.14285714285714285,0
knn,3,TCGA-AD-A5EJ_MSIH,1,0.2857142857142857,0
knn,3,TCGA-AD-A5EK_nonMSIH,0,0.0,0
knn,3,TCGA-AF-3911_nonMSIH,0,0.14285714285714285,0
knn,3,TCGA-AF-A56K_nonMSIH,0,0.42857142857142855,0
knn,3,TCGA-AG-3882_nonMSIH,0,0.0,0
knn,3,TCGA-AG-3883_nonMSIH,0,0.14285714285714285,0
knn,3,TCGA-AG-3887_nonMSIH,0,0.0,0
knn,3,TCGA-AG-3890_nonMSIH,0,0.0,0
knn,3,TCGA-AG-3898_nonMSIH,0,0.0,0
knn,3,TCGA-AG-3901_nonMSIH,0,0.0,0
knn,3,TCGA-AG-3909_nonMSIH,0,0.0,0
knn,3,TCGA-AG-A016_nonMSIH,0,0.0,0
knn,3,TCGA-AH-6643_nonMSIH,0,0.14285714285714285,0
knn,3,TCGA-AM-5820_nonMSIH,0,0.8571428571428571,1
knn,3,TCGA-AU-6004_MSIH,1,0.14285714285714285,0
knn,3,TCGA-AY-5543_nonMSIH,0,0.14285714285714285,0
knn,3,TCGA-AY-6197_MSIH,1,0.2857142857142857,0
knn,3,TCGA-AZ-4308_nonMSIH,0,0.14285714285714285,0
knn,3,TCGA-AZ-5407_nonMSIH,0,0.14285714285714285,0
knn,3,TCGA-AZ-6600_nonMSIH,0,0.14285714285714285,0
knn,3,TCGA-CA-5796_nonMSIH,0,0.0,0
knn,3,TCGA-CA-6715_nonMSIH,0,0.14285714285714285,0
knn,3,TCGA-CA-6717_nonMSIH,0,0.0,0
knn,3,TCGA-CK-4950_nonMSIH,0,0.5714285714285714,1
knn,3,TCGA-CK-4951_MSIH,1,0.2857142857142857,0
knn,3,TCGA-CK-6746_MSIH,1,0.7142857142857143,1
knn,3,TCGA-CK-6751_nonMSIH,0,0.42857142857142855,0
knn,3,TCGA-CL-4957_nonMSIH,0,0.14285714285714285,0
knn,3,TCGA-CM-4746_MSIH,1,0.14285714285714285,0
knn,3,TCGA-CM-4751_nonMSIH,0,0.14285714285714285,0
knn,3,TCGA-CM-5341_nonMSIH,0,0.0,0
knn,3,TCGA-CM-5861_MSIH,1,0.14285714285714285,0
knn,3,TCGA-CM-6161_nonMSIH,0,0.14285714285714285,0
knn,3,TCGA-CM-6170_nonMSIH,0,0.0,0
knn,3,TCGA-CM-6171_MSIH,1,0.14285714285714285,0
knn,3,TCGA-CM-6674_MSIH,1,0.14285714285714285,0
knn,3,TCGA-CM-6676_nonMSIH,0,0.0,0
knn,3,TCGA-CM-6677_nonMSIH,0,0.0,0
knn,3,TCGA-CM-6679_nonMSIH,0,0.0,0
knn,3,TCGA-D5-5539_nonMSIH,0,0.0,0
knn,3,TCGA-D5-6530_MSIH,1,0.0,0
knn,3,TCGA-D5-6536_nonMSIH,0,0.14285714285714285,0
knn,3,TCGA-D5-6928_MSIH,1,0.14285714285714285,0
knn,3,TCGA-D5-6930_MSIH,1,0.14285714285714285,0
knn,3,TCGA-D5-6932_nonMSIH,0,0.14285714285714285,0
knn,3,TCGA-DC-6681_nonMSIH,0,0.0,0
knn,3,TCGA-DC-6683_nonMSIH,0,0.0,0
knn,3,TCGA-DM-A0X9_nonMSIH,0,0.0,0
knn,3,TCGA-DM-A0XD_nonMSIH,0,0.0,0
knn,3,TCGA-DM-A0XF_nonMSIH,0,0.0,0
knn,3,TCGA-DM-A1D7_nonMSIH,0,0.0,0
knn,3,TCGA-DM-A1DB_nonMSIH,0,0.0,0
knn,3,TCGA-DM-A1HA_nonMSIH,0,0.0,0
knn,3,TCGA-DM-A28K_nonMSIH,0,0.2857142857142857,0
knn,3,TCGA-DT-5265_nonMSIH,0,0.0,0
knn,3,TCGA-DY-A1DC_nonMSIH,0,0.14285714285714285,0
knn,3,TCGA-EI-6508_nonMSIH,0,0.14285714285714285,0
knn,3,TCGA-EI-6510_nonMSIH,0,0.14285714285714285,0
knn,3,TCGA-EI-6512_nonMSIH,0,0.0,0
knn,3,TCGA-EI-6882_MSIH,1,0.14285714285714285,0
knn,3,TCGA-EI-6885_nonMSIH,0,0.14285714285714285,0
knn,3,TCGA-EI-7002_nonMSIH,0,0.14285714285714285,0
knn,3,TCGA-F4-6460_nonMSIH,0,0.0,0
knn,3,TCGA-F4-6570_MSIH,1,0.2857142857142857,0
knn,3,TCGA-F4-6704_nonMSIH,0,0.0,0
knn,3,TCGA-F4-6854_nonMSIH,0,0.0,0
knn,3,TCGA-F4-6856_MSIH,1,0.0,0
knn,3,TCGA-F5-6464_nonMSIH,0,0.2857142857142857,0
knn,3,TCGA-F5-6863_nonMSIH,0,0.0,0
knn,3,TCGA-G4-6298_nonMSIH,0,0.42857142857142855,0
knn,3,TCGA-G4-6302_MSIH,1,0.7142857142857143,1
knn,3,TCGA-G4-6309_MSIH,1,0.5714285714285714,1
knn,3,TCGA-G4-6315_nonMSIH,0,0.14285714285714285,0
knn,3,TCGA-G4-6317_nonMSIH,0,0.42857142857142855,0
knn,3,TCGA-G4-6626_nonMSIH,0,0.42857142857142855,0
knn,3,TCGA-G4-6627_nonMSIH,0,0.0,0
knn,3,TCGA-G5-6641_nonMSIH,0,0.5714285714285714,1
knn,3,TCGA-NH-A50T_nonMSIH,0,0.14285714285714285,0
knn,3,TCGA-NH-A6GB_nonMSIH,0,0.0,0
knn,3,TCGA-QG-A5Z1_nonMSIH,0,0.14285714285714285,0
knn,3,TCGA-SS-A7HO_nonMSIH,0,0.0,0
knn,4,TCGA-3L-AA1B_nonMSIH,0,0.0,0
knn,4,TCGA-A6-4105_nonMSIH,0,0.0,0
knn,4,TCGA-A6-5657_nonMSIH,0,0.0,0
knn,4,TCGA-A6-5660_nonMSIH,0,0.0,0
knn,4,TCGA-A6-5662_nonMSIH,0,0.0,0
knn,4,TCGA-A6-5664_nonMSIH,0,0.0,0
knn,4,TCGA-A6-A566_nonMSIH,0,1.0,1
knn,4,TCGA-AA-3666_nonMSIH,0,0.0,0
knn,4,TCGA-AA-3678_nonMSIH,0,0.0,0
knn,4,TCGA-AA-3696_nonMSIH,0,0.0,0
knn,4,TCGA-AA-3814_nonMSIH,0,0.0,0
knn,4,TCGA-AA-3846_nonMSIH,0,0.0,0
knn,4,TCGA-AA-3851_nonMSIH,0,0.0,0
knn,4,TCGA-AA-3855_nonMSIH,0,0.0,0
knn,4,TCGA-AA-3952_nonMSIH,0,0.3333333333333333,0
knn,4,TCGA-AA-3971_nonMSIH,0,0.0,0
knn,4,TCGA-AA-3982_nonMSIH,0,0.0,0
knn,4,TCGA-AA-A01P_MSIH,1,0.3333333333333333,0
knn,4,TCGA-AA-A03J_nonMSIH,0,0.0,0
knn,4,TCGA-AD-6964_MSIH,1,1.0,1
knn,4,TCGA-AF-2693_nonMSIH,0,0.3333333333333333,0
knn,4,TCGA-AF-6672_nonMSIH,0,0.0,0
knn,4,TCGA-AG-3727_nonMSIH,0,0.3333333333333333,0
knn,4,TCGA-AG-3885_nonMSIH,0,0.0,0
knn,4,TCGA-AG-3893_nonMSIH,0,0.0,0
knn,4,TCGA-AG-3896_nonMSIH,0,0.0,0
knn,4,TCGA-AG-4001_nonMSIH,0,0.0,0
knn,4,TCGA-AG-4008_nonMSIH,0,0.0,0
knn,4,TCGA-AG-A015_nonMSIH,0,0.0,0
knn,4,TCGA-AG-A01L_nonMSIH,0,0.0,0
knn,4,TCGA-AG-A01N_nonMSIH,0,0.0,0
knn,4,TCGA-AG-A01Y_nonMSIH,0,0.0,0
knn,4,TCGA-AG-A026_nonMSIH,0,0.3333333333333333,0
knn,4,TCGA-AH-6544_nonMSIH,0,0.3333333333333333,0
knn,4,TCGA-AM-5821_MSIH,1,0.0,0
knn,4,TCGA-AY-4070_nonMSIH,0,0.3333333333333333,0
knn,4,TCGA-AY-4071_nonMSIH,0,0.3333333333333333,0
knn,4,TCGA-AZ-4616_nonMSIH,0,0.3333333333333333,0
knn,4,TCGA-AZ-4681_nonMSIH,0,0.3333333333333333,0
knn,4,TCGA-AZ-4682_nonMSIH,0,0.0,0
knn,4,TCGA-AZ-5403_nonMSIH,0,0.3333333333333333,0
knn,4,TCGA-AZ-6605_nonMSIH,0,0.3333333333333333,0
knn,4,TCGA-CA-5256_nonMSIH,0,0.0,0
knn,4,TCGA-CA-6716_nonMSIH,0,0.0,0
knn,4,TCGA-CA-6718_nonMSIH,0,0.0,0
knn,4,TCGA-CA-6719_nonMSIH,0,0.0,0
knn,4,TCGA-CI-6622_nonMSIH,0,0.0,0
knn,4,TCGA-CK-4948_nonMSIH,0,0.0,0
knn,4,TCGA-CK-4952_nonMSIH,0,0.3333333333333333,0
knn,4,TCGA-CK-5912_nonMSIH,0,0.3333333333333333,0
knn,4,TCGA-CK-5913_MSIH,1,0.3333333333333333,0
knn,4,TCGA-CK-5914_nonMSIH,0,0.0,0
knn,4,TCGA-CK-6747_MSIH,1,0.0,0
knn,4,TCGA-CK-6748_nonMSIH,0,0.0,0
knn,4,TCGA-CM-5349_nonMSIH,0,0.0,0
knn,4,TCGA-CM-6163_nonMSIH,0,0.0,0
knn,4,TCGA-CM-6166_nonMSIH,0,0.0,0
knn,4,TCGA-CM-6168_nonMSIH,0,0.3333333333333333,0
knn,4,TCGA-CM-6169_nonMSIH,0,0.0,0
knn,4,TCGA-CM-6172_nonMSIH,0,0.0,0
knn,4,TCGA-CM-6675_nonMSIH,0,0.0,0
knn,4,TCGA-D5-5538_nonMSIH,0,0.0,0
knn,4,TCGA-D5-6532_nonMSIH,0,0.0,0
knn,4,TCGA-D5-6535_nonMSIH,0,0.0,0
knn,4,TCGA-D5-6537_nonMSIH,0,0.0,0
knn,4,TCGA-D5-6538_nonMSIH,0,0.0,0
knn,4,TCGA-D5-6920_nonMSIH,0,0.0,0
knn,4,TCGA-D5-6922_nonMSIH,0,0.0,0
knn,4,TCGA-D5-6924_nonMSIH,0,0.0,0
knn,4,TCGA-DC-4745_nonMSIH,0,0.3333333333333333,0
knn,4,TCGA-DC-4749_nonMSIH,0,0.0,0
knn,4,TCGA-DC-6157_nonMSIH,0,0.0,0
knn,4,TCGA-DC-6160_nonMSIH,0,0.0,0
knn,4,TCGA-DM-A1D9_nonMSIH,0,0.0,0
knn,4,TCGA-DM-A282_nonMSIH,0,0.0,0
knn,4,TCGA-DY-A0XA_nonMSIH,0,0.0,0
knn,4,TCGA-EF-5830_nonMSIH,0,0.0,0
knn,4,TCGA-EI-6511_nonMSIH,0,0.0,0
knn,4,TCGA-EI-6513_nonMSIH,0,0.3333333333333333,0
knn,4,TCGA-EI-6884_nonMSIH,0,0.0,0
knn,4,TCGA-F4-6459_nonMSIH,0,0.0,0
knn,4,TCGA-F4-6461_nonMSIH,0,0.0,0
knn,4,TCGA-F4-6569_nonMSIH,0,0.0,0
knn,4,TCGA-F4-6703_MSIH,1,0.0,0
knn,4,TCGA-F4-6805_nonMSIH,0,0.0,0
knn,4,TCGA-F4-6806_nonMSIH,0,0.0,0
knn,4,TCGA-G4-6294_nonMSIH,0,0.0,0
knn,4,TCGA-G4-6295_nonMSIH,0,0.0,0
knn,4,TCGA-G4-6303_nonMSIH,0,0.3333333333333333,0
knn,4,TCGA-G4-6304_MSIH,1,0.3333333333333333,0
knn,4,TCGA-G4-6306_nonMSIH,0,0.3333333333333333,0
knn,4,TCGA-G4-6307_nonMSIH,0,0.0,0
knn,4,TCGA-G4-6320_MSIH,1,0.3333333333333333,0
knn,4,TCGA-G4-6321_nonMSIH,0,0.0,0
knn,4,TCGA-G4-6628_MSIH,1,0.3333333333333333,0
knn,4,TCGA-NH-A5IV_MSIH,1,0.0,0
knn,4,TCGA-NH-A6GA_nonMSIH,0,0.0,0
knn,4,TCGA-QG-A5YW_nonMSIH,0,0.0,0
knn,4,TCGA-QG-A5Z2_MSIH,1,0.0,0
knn,4,TCGA-QL-A97D_nonMSIH,0,0.0,0
knn,4,TCGA-WS-AB45_MSIH,1,0.3333333333333333,0
proto,1,TCGA-5M-AAT4_nonMSIH,0,0.4963998794555664,0
proto,1,TCGA-5M-AAT6_MSIH,1,0.500947892665863,1
proto,1,TCGA-A6-2671_nonMSIH,0,0.496723473072052,0
proto,1,TCGA-A6-2686_MSIH,1,0.4988943934440613,0
proto,1,TCGA-A6-3807_nonMSIH,0,0.4965468943119049,0
proto,1,TCGA-A6-5661_MSIH,1,0.5022775530815125,1
proto,1,TCGA-A6-6137_nonMSIH,0,0.49572235345840454,0
proto,1,TCGA-A6-6651_nonMSIH,0,0.4965575635433197,0
proto,1,TCGA-A6-6652_nonMSIH,0,0.5002703666687012,1
proto,1,TCGA-A6-6654_nonMSIH,0,0.4967889189720154,0
proto,1,TCGA-A6-A565_nonMSIH,0,0.5084278583526611,1
proto,1,TCGA-A6-A567_nonMSIH,0,0.4974616467952728,0
proto,1,TCGA-AA-3679_nonMSIH,0,0.4930230379104614,0
proto,1,TCGA-AA-3680_nonMSIH,0,0.49139419198036194,0
proto,1,TCGA-AA-3684_nonMSIH,0,0.4962335228919983,0
proto,1,TCGA-AA-3688_nonMSIH,0,0.4916647672653198,0
proto,1,TCGA-AA-3693_nonMSIH,0,0.49274709820747375,0
proto,1,TCGA-AA-3812_nonMSIH,0,0.49196380376815796,0
proto,1,TCGA-AA-3818_nonMSIH,0,0.4918944239616394,0
proto,1,TCGA-AA-3831_nonMSIH,0,0.49082764983177185,0
proto,1,TCGA-AA-3833_MSIH,1,0.49598294496536255,0
proto,1,TCGA-AA-3837_nonMSIH,0,0.49213907122612,0
proto,1,TCGA-AA-3850_nonMSIH,0,0.49309009313583374,0
proto,1,TCGA-AA-3854_nonMSIH,0,0.49313604831695557,0
proto,1,TCGA-AA-3866_nonMSIH,0,0.492197185754776,0
proto,1,TCGA-AA-3867_nonMSIH,0,0.4928155839443207,0
proto,1,TCGA-AA-3875_nonMSIH,0,0.4950145184993744,0
proto,1,TCGA-AA-3947_MSIH,1,0.49423298239707947,0
proto,1,TCGA-AA-3949_MSIH,1,0.49690431356430054,0
proto,1,TCGA-AA-3979_nonMSIH,0,0.4928582012653351,0
proto,1,TCGA-AA-3984_nonMSIH,0,0.49339592456817627,0
proto,1,TCGA-AA-3994_nonMSIH,0,0.49361369013786316,0
proto,1,TCGA-AA-A01S_nonMSIH,0,0.4942697286605835,0
proto,1,TCGA-AA-A01X_nonMSIH,0,0.4935392141342163,0
proto,1,TCGA-AD-6888_nonMSIH,0,0.49394491314888,0
proto,1,TCGA-AD-6901_nonMSIH,0,0.4991162121295929,0
proto,1,TCGA-AD-6963_nonMSIH,0,0.4991570711135864,0
proto,1,TCGA-AF-2687_nonMSIH,0,0.49965178966522217,0
proto,1,TCGA-AF-4110_nonMSIH,0,0.49223700165748596,0
proto,1,TCGA-AF-6136_nonMSIH,0,0.49739792943000793,0
proto,1,TCGA-AG-3726_nonMSIH,0,0.493336021900177,0
proto,1,TCGA-AG-3878_nonMSIH,0,0.49239322543144226,0
proto,1,TCGA-AG-3892_nonMSIH,0,0.49393829703330994,0
proto,1,TCGA-AG-4021_nonMSIH,0,0.4975714385509491,0
proto,1,TCGA-AG-4022_nonMSIH,0,0.4953947961330414,0
proto,1,TCGA-AG-A008_nonMSIH,0,0.49205443263053894,0
proto,1,TCGA-AG-A011_nonMSIH,0,0.49445950984954834,0
proto,1,TCGA-AG-A01W_nonMSIH,0,0.494037926197052,0
proto,1,TCGA-AG-A02N_MSIH,1,0.4946621060371399,0
proto,1,TCGA-AH-6903_nonMSIH,0,0.5012523531913757,1
proto,1,TCGA-AY-6196_nonMSIH,0,0.5081703066825867,1
proto,1,TCGA-AY-A69D_nonMSIH,0,0.49576330184936523,0
proto,1,TCGA-AZ-4614_nonMSIH,0,0.4993818402290344,0
proto,1,TCGA-AZ-4615_MSIH,1,0.5037166476249695,1
proto,1,TCGA-AZ-6603_nonMSIH,0,0.49312782287597656,0
proto,1,TCGA-CA-5255_nonMSIH,0,0.5009335279464722,1
proto,1,TCGA-CA-5797_nonMSIH,0,0.49676012992858887,0
proto,1,TCGA-CI-6624_nonMSIH,0,0.49894997477531433,0
proto,1,TCGA-CK-4947_nonMSIH,0,0.5027541518211365,1
proto,1,TCGA-CK-5916_MSIH,1,0.5077400803565979,1
proto,1,TCGA-CL-5917_nonMSIH,0,0.4987218379974365,0
proto,1,TCGA-CM-4743_MSIH,1,0.5074461102485657,1
proto,1,TCGA-CM-4744_nonMSIH,0,0.49866336584091187,0
proto,1,TCGA-CM-5344_nonMSIH,0,0.49795714020729065,0
proto,1,TCGA-CM-5868_nonMSIH,0,0.5004661083221436,1
proto,1,TCGA-CM-6165_nonMSIH,0,0.5042517781257629,1
proto,1,TCGA-CM-6678_nonMSIH,0,0.49887460470199585,0
proto,1,TCGA-D5-5537_nonMSIH,0,0.4973770081996918,0
proto,1,TCGA-D5-6529_nonMSIH,0,0.5002090930938721,1
proto,1,TCGA-D5-6531_nonMSIH,0,0.49950164556503296,0
proto,1,TCGA-D5-6534_nonMSIH,0,0.5025281310081482,1
proto,1,TCGA-D5-6539_nonMSIH,0,0.5031415224075317,1
proto,1,TCGA-D5-6540_MSIH,1,0.5036783814430237,1
proto,1,TCGA-D5-6541_nonMSIH,0,0.4988477826118469,0
proto,1,TCGA-D5-6898_nonMSIH,0,0.5032594203948975,1
proto,1,TCGA-D5-6927_MSIH,1,0.5063096284866333,1
proto,1,TCGA-D5-6931_nonMSIH,0,0.5035993456840515,1
proto,1,TCGA-DC-6682_nonMSIH,0,0.4985382854938507,0
proto,1,TCGA-DM-A1D6_nonMSIH,0,0.5017507672309875,1
proto,1,TCGA-DM-A1D8_nonMSIH,0,0.4968292713165283,0
proto,1,TCGA-DM-A280_nonMSIH,0,0.5027958154678345,1
proto,1,TCGA-DM-A288_nonMSIH,0,0.5037941336631775,1
proto,1,TCGA-DM-A28A_nonMSIH,0,0.4968406856060028,0
proto,1,TCGA-DM-A28E_nonMSIH,0,0.49363356828689575,0
proto,1,TCGA-DM-A28H_nonMSIH,0,0.49804046750068665,0
proto,1,TCGA-DY-A1DD_nonMSIH,0,0.49762094020843506,0
proto,1,TCGA-EI-6506_nonMSIH,0,0.5000277161598206,1
proto,1,TCGA-EI-6507_MSIH,1,0.5117780566215515,1
proto,1,TCGA-EI-6514_nonMSIH,0,0.4934346675872803,0
proto,1,TCGA-EI-6883_nonMSIH,0,0.5022436380386353,1
proto,1,TCGA-F4-6808_nonMSIH,0,0.49509114027023315,0
proto,1,TCGA-F4-6809_nonMSIH,0,0.49856001138687134,0
proto,1,TCGA-F5-6465_nonMSIH,0,0.4958242177963257,0
proto,1,TCGA-F5-6811_nonMSIH,0,0.4976079761981964,0
proto,1,TCGA-G4-6293_nonMSIH,0,0.4977145791053772,0
proto,1,TCGA-G4-6297_nonMSIH,0,0.4987964630126953,0
proto,1,TCGA-G4-6311_nonMSIH,0,0.505842387676239,1
proto,1,TCGA-G4-6322_nonMSIH,0,0.5042832493782043,1
proto,1,TCGA-G4-6323_nonMSIH,0,0.4985080063343048,0
proto,1,TCGA-G4-6586_MSIH,1,0.5063812732696533,1
proto,1,TCGA-G4-6588_MSIH,1,0.5100739598274231,1
proto,1,TCGA-NH-A50V_nonMSIH,0,0.49641820788383484,0
proto,1,TCGA-QG-A5YX_nonMSIH,0,0.4968695044517517,0
proto,2,TCGA-4N-A93T_nonMSIH,0,0.5035827159881592,1
proto,2,TCGA-A6-2685_nonMSIH,0,0.49857500195503235,0
proto,2,TCGA-A6-4107_nonMSIH,0,0.49951183795928955,0
proto,2,TCGA-A6-5665_MSIH,1,0.5122174620628357,1
proto,2,TCGA-A6-6648_nonMSIH,0,0.4944368302822113,0
proto,2,TCGA-A6-6653_MSIH,1,0.5077388882637024,1
proto,2,TCGA-A6-A56B_nonMSIH,0,0.49473097920417786,0
proto,2,TCGA-AA-3664_nonMSIH,0,0.4774926006793976,0
proto,2,TCGA-AA-3673_nonMSIH,0,0.47755521535873413,0
proto,2,TCGA-AA-3681_nonMSIH,0,0.4819062352180481,0
proto,2,TCGA-AA-3692_nonMSIH,0,0.4774738550186157,0
proto,2,TCGA-AA-3811_MSIH,1,0.4784950911998749,0
proto,2,TCGA-AA-3821_MSIH,1,0.47864142060279846,0
proto,2,TCGA-AA-3842_nonMSIH,0,0.478960782289505,0
proto,2,TCGA-AA-3845_MSIH,1,0.48238158226013184,0
proto,2,TCGA-AA-3856_nonMSIH,0,0.47784972190856934,0
proto,2,TCGA-AA-3877_MSIH,1,0.48020505905151367,0
proto,2,TCGA-AA-3950_MSIH,1,0.4834786355495453,0
proto,2,TCGA-AA-3966_MSIH,1,0.48161840438842773,0
proto,2,TCGA-AA-3968_nonMSIH,0,0.4803187847137451,0
proto,2,TCGA-AA-3976_nonMSIH,0,0.47850456833839417,0
proto,2,TCGA-AA-3986_nonMSIH,0,0.47746506333351135,0
proto,2,TCGA-AA-A02E_nonMSIH,0,0.47736629843711853,0
proto,2,TCGA-AA-A02O_nonMSIH,0,0.47834163904190063,0
proto,2,TCGA-AD-5900_MSIH,1,0.5065369009971619,1
proto,2,TCGA-AD-6889_MSIH,1,0.4984332323074341,0
proto,2,TCGA-AD-6965_nonMSIH,0,0.4961357116699219,0
proto,2,TCGA-AF-2690_nonMSIH,0,0.5063652396202087,1
proto,2,TCGA-AF-6655_nonMSIH,0,0.501018762588501,1
proto,2,TCGA-AF-A56L_nonMSIH,0,0.49815866351127625,0
proto,2,TCGA-AF-A56N_nonMSIH,0,0.49310824275016785,0
proto,2,TCGA-AG-3894_nonMSIH,0,0.4773564040660858,0
proto,2,TCGA-AG-3902_nonMSIH,0,0.4772461950778961,0
proto,2,TCGA-AG-4015_nonMSIH,0,0.4781085252761841,0
proto,2,TCGA-AG-A002_nonMSIH,0,0.48020389676094055,0
proto,2,TCGA-AG-A00C_nonMSIH,0,0.477650910615921,0
proto,2,TCGA-AG-A020_nonMSIH,0,0.4807116687297821,0
proto,2,TCGA-AG-A02X_nonMSIH,0,0.4797208607196808,0
proto,2,TCGA-AH-6547_nonMSIH,0,0.49738261103630066,0
proto,2,TCGA-AH-6644_nonMSIH,0,0.5032836198806763,1
proto,2,TCGA-AH-6897_nonMSIH,0,0.49761196970939636,0
proto,2,TCGA-AU-3779_nonMSIH,0,0.49802592396736145,0
proto,2,TCGA-AY-6386_nonMSIH,0,0.5023272633552551,1
proto,2,TCGA-AY-A54L_nonMSIH,0,0.4970233738422394,0
proto,2,TCGA-AY-A71X_nonMSIH,0,0.5005582571029663,1
proto,2,TCGA-AY-A8YK_nonMSIH,0,0.4949953556060791,0
proto,2,TCGA-AZ-4315_nonMSIH,0,0.5065386891365051,1
proto,2,TCGA-AZ-6598_MSIH,1,0.5149022936820984,1
proto,2,TCGA-AZ-6599_nonMSIH,0,0.49891331791877747,0
proto,2,TCGA-AZ-6606_nonMSIH,0,0.508150041103363,1
proto,2,TCGA-CA-5254_nonMSIH,0,0.5020834803581238,1
proto,2,TCGA-CK-5915_nonMSIH,0,0.4997706115245819,0
proto,2,TCGA-CL-5918_nonMSIH,0,0.5098538398742676,1
proto,2,TCGA-CM-4747_nonMSIH,0,0.49410489201545715,0
proto,2,TCGA-CM-4750_nonMSIH,0,0.4947753846645355,0
proto,2,TCGA-CM-4752_nonMSIH,0,0.5059210062026978,1
proto,2,TCGA-CM-5348_nonMSIH,0,0.5080305337905884,1
proto,2,TCGA-CM-5860_nonMSIH,0,0.5086921453475952,1
proto,2,TCGA-CM-5862_nonMSIH,0,0.5002077221870422,1
proto,2,TCGA-CM-5863_nonMSIH,0,0.5097281336784363,1
proto,2,TCGA-CM-5864_nonMSIH,0,0.5032797455787659,1
proto,2,TCGA-CM-6162_MSIH,1,0.5141065716743469,1
proto,2,TCGA-CM-6164_nonMSIH,0,0.5052223801612854,1
proto,2,TCGA-CM-6167_nonMSIH,0,0.5108272433280945,1
proto,2,TCGA-D5-5540_nonMSIH,0,0.5063804984092712,1
proto,2,TCGA-D5-5541_nonMSIH,0,0.5076479315757751,1
proto,2,TCGA-D5-6533_nonMSIH,0,0.5113431811332703,1
proto,2,TCGA-D5-6926_nonMSIH,0,0.5034931302070618,1
proto,2,TCGA-D5-6929_nonMSIH,0,0.5119220018386841,1
proto,2,TCGA-DC-5337_nonMSIH,0,0.5040023326873779,1
proto,2,TCGA-DC-5869_nonMSIH,0,0.5009320378303528,1
proto,2,TCGA-DC-6154_MSIH,1,0.5068855285644531,1
proto,2,TCGA-DC-6155_nonMSIH,0,0.503054678440094,1
proto,2,TCGA-DC-6158_nonMSIH,0,0.506980299949646,1
proto,2,TCGA-DM-A1D0_nonMSIH,0,0.501146674156189,1
proto,2,TCGA-DM-A1D4_nonMSIH,0,0.5012848973274231,1
proto,2,TCGA-DM-A1DA_nonMSIH,0,0.4998888373374939,0
proto,2,TCGA-DM-A285_nonMSIH,0,0.5087736248970032,1
proto,2,TCGA-DM-A28F_nonMSIH,0,0.5039156079292297,1
proto,2,TCGA-DM-A28G_nonMSIH,0,0.49814867973327637,0
proto,2,TCGA-DM-A28M_nonMSIH,0,0.5042503476142883,1
proto,2,TCGA-DY-A1DF_nonMSIH,0,0.5021511316299438,1
proto,2,TCGA-DY-A1DG_nonMSIH,0,0.5030587911605835,1
proto,2,TCGA-EI-6509_nonMSIH,0,0.5051147937774658,1
proto,2,TCGA-EI-6881_nonMSIH,0,0.4996629059314728,0
proto,2,TCGA-EI-7004_nonMSIH,0,0.5061739087104797,1
proto,2,TCGA-F4-6463_nonMSIH,0,0.5048390626907349,1
proto,2,TCGA-F4-6807_nonMSIH,0,0.5054331421852112,1
proto,2,TCGA-F4-6855_nonMSIH,0,0.5044426918029785,1
proto,2,TCGA-F5-6571_nonMSIH,0,0.5050105452537537,1
proto,2,TCGA-F5-6702_nonMSIH,0,0.4954179525375366,0
proto,2,TCGA-F5-6864_nonMSIH,0,0.5060614347457886,1
proto,2,TCGA-G4-6299_nonMSIH,0,0.514194667339325,1
proto,2,TCGA-NH-A50U_nonMSIH,0,0.504471480846405,1
proto,2,TCGA-NH-A6GC_nonMSIH,0,0.510965883731842,1
proto,2,TCGA-NH-A8F8_nonMSIH,0,0.5068427324295044,1
proto,2,TCGA-QG-A5YV_nonMSIH,0,0.4989359378814697,0
proto,3,TCGA-5M-AATE_nonMSIH,0,0.4935227334499359,0
proto,3,TCGA-A6-2681_nonMSIH,0,0.5003984570503235,1
proto,3,TCGA-A6-5666_nonMSIH,0,0.4966212213039398,0
proto,3,TCGA-A6-5667_nonMSIH,0,0.489583820104599,0
proto,3,TCGA-A6-6138_nonMSIH,0,0.49712255597114563,0
proto,3,TCGA-A6-6142_nonMSIH,0,0.4966937303543091,0
proto,3,TCGA-A6-6649_nonMSIH,0,0.493437260389328,0
proto,3,TCGA-AA-3667_nonMSIH,0,0.5002296566963196,1
proto,3,TCGA-AA-3715_MSIH,1,0.5069746971130371,1
proto,3,TCGA-AA-3819_nonMSIH,0,0.5004358887672424,1
proto,3,TCGA-AA-3844_nonMSIH,0,0.5010074377059937,1
proto,3,TCGA-AA-3848_nonMSIH,0,0.5038808584213257,1
proto,3,TCGA-AA-3852_nonMSIH,0,0.4994446933269501,0
proto,3,TCGA-AA-3858_nonMSIH,0,0.5017008185386658,1
proto,3,TCGA-AA-3864_MSIH,1,0.5020382404327393,1
proto,3,TCGA-AA-3956_nonMSIH,0,0.4970322549343109,0
proto,3,TCGA-AA-3973_nonMSIH,0,0.5030786991119385,1
proto,3,TCGA-AA-3975_nonMSIH,0,0.5022451281547546,1
proto,3,TCGA-AA-3989_nonMSIH,0,0.5012005567550659,1
proto,3,TCGA-AA-A010_nonMSIH,0,0.5037529468536377,1
proto,3,TCGA-AA-A01R_MSIH,1,0.501686155796051,1
proto,3,TCGA-AA-A01T_nonMSIH,0,0.49998119473457336,0
proto,3,TCGA-AA-A01V_nonMSIH,0,0.49899500608444214,0
proto,3,TCGA-AA-A01Z_nonMSIH,0,0.5001851320266724,1
proto,3,TCGA-AA-A024_nonMSIH,0,0.4992143511772156,0
proto,3,TCGA-AA-A02F_nonMSIH,0,0.5038919448852539,1
proto,3,TCGA-AA-A02H_nonMSIH,0,0.5032328963279724,1
proto,3,TCGA-AA-A02Y_nonMSIH,0,0.4983350336551666,0
proto,3,TCGA-AA-A03F_nonMSIH,0,0.49296456575393677,0
proto,3,TCGA-AD-6548_nonMSIH,0,0.4954887628555298,0
proto,3,TCGA-AD-6890_nonMSIH,0,0.49133965373039246,0
proto,3,TCGA-AD-A5EJ_MSIH,1,0.49810975790023804,0
proto,3,TCGA-AD-A5EK_nonMSIH,0,0.4868701100349426,0
proto,3,TCGA-AF-3911_nonMSIH,0,0.4996528923511505,0
proto,3,TCGA-AF-A56K_nonMSIH,0,0.4934690594673157,0
proto,3,TCGA-AG-3882_nonMSIH,0,0.49792638421058655,0
proto,3,TCGA-AG-3883_nonMSIH,0,0.5040054321289062,1
proto,3,TCGA-AG-3887_nonMSIH,0,0.5025871992111206,1
proto,3,TCGA-AG-3890_nonMSIH,0,0.5020116567611694,1
proto,3,TCGA-AG-3898_nonMSIH,0,0.4977826476097107,0
proto,3,TCGA-AG-3901_nonMSIH,0,0.49950283765792847,0
proto,3,TCGA-AG-3909_nonMSIH,0,0.5033954977989197,1
proto,3,TCGA-AG-A016_nonMSIH,0,0.5034506320953369,1
proto,3,TCGA-AH-6643_nonMSIH,0,0.5007858276367188,1
proto,3,TCGA-AM-5820_nonMSIH,0,0.5041642785072327,1
proto,3,TCGA-AU-6004_MSIH,1,0.49809619784355164,0
proto,3,TCGA-AY-5543_nonMSIH,0,0.4933808743953705,0
proto,3,TCGA-AY-6197_MSIH,1,0.5034663081169128,1
proto,3,TCGA-AZ-4308_nonMSIH,0,0.49617502093315125,0
proto,3,TCGA-AZ-5407_nonMSIH,0,0.48912468552589417,0
proto,3,TCGA-AZ-6600_nonMSIH,0,0.5069161057472229,1
proto,3,TCGA-CA-5796_nonMSIH,0,0.48916441202163696,0
proto,3,TCGA-CA-6715_nonMSIH,0,0.49655240774154663,0
proto,3,TCGA-CA-6717_nonMSIH,0,0.4965093731880188,0
proto,3,TCGA-CK-4950_nonMSIH,0,0.5032989382743835,1
proto,3,TCGA-CK-4951_MSIH,1,0.4997524917125702,0
proto,3,TCGA-CK-6746_MSIH,1,0.5050391554832458,1
proto,3,TCGA-CK-6751_nonMSIH,0,0.49675649404525757,0
proto,3,TCGA-CL-4957_nonMSIH,0,0.49510177969932556,0
proto,3,TCGA-CM-4746_MSIH,1,0.4906914234161377,0
proto,3,TCGA-CM-4751_nonMSIH,0,0.49518129229545593,0
proto,3,TCGA-CM-5341_nonMSIH,0,0.49518516659736633,0
proto,3,TCGA-CM-5861_MSIH,1,0.5021538138389587,1
proto,3,TCGA-CM-6161_nonMSIH,0,0.48796963691711426,0
proto,3,TCGA-CM-6170_nonMSIH,0,0.4920373260974884,0
proto,3,TCGA-CM-6171_MSIH,1,0.4912620186805725,0
proto,3,TCGA-CM-6674_MSIH,1,0.49795231223106384,0
proto,3,TCGA-CM-6676_nonMSIH,0,0.48934996128082275,0
proto,3,TCGA-CM-6677_nonMSIH,0,0.4955531656742096,0
proto,3,TCGA-CM-6679_nonMSIH,0,0.4953545928001404,0
proto,3,TCGA-D5-5539_nonMSIH,0,0.49517491459846497,0
proto,3,TCGA-D5-6530_MSIH,1,0.494152694940567,0
proto,3,TCGA-D5-6536_nonMSIH,0,0.4982837736606598,0
proto,3,TCGA-D5-6928_MSIH,1,0.49557116627693176,0
proto,3,TCGA-D5-6930_MSIH,1,0.498031884431839,0
proto,3,TCGA-D5-6932_nonMSIH,0,0.49802112579345703,0
proto,3,TCGA-DC-6681_nonMSIH,0,0.4913250207901001,0
proto,3,TCGA-DC-6683_nonMSIH,0,0.4976857304573059,0
proto,3,TCGA-DM-A0X9_nonMSIH,0,0.4883430004119873,0
proto,3,TCGA-DM-A0XD_nonMSIH,0,0.49864208698272705,0
proto,3,TCGA-DM-A0XF_nonMSIH,0,0.4934307634830475,0
proto,3,TCGA-DM-A1D7_nonMSIH,0,0.492391973733902,0
proto,3,TCGA-DM-A1DB_nonMSIH,0,0.4909641146659851,0
proto,3,TCGA-DM-A1HA_nonMSIH,0,0.4974944293498993,0
proto,3,TCGA-DM-A28K_nonMSIH,0,0.4994140565395355,0
proto,3,TCGA-DT-5265_nonMSIH,0,0.4962262511253357,0
proto,3,TCGA-DY-A1DC_nonMSIH,0,0.49558302760124207,0
proto,3,TCGA-EI-6508_nonMSIH,0,0.49647611379623413,0
proto,3,TCGA-EI-6510_nonMSIH,0,0.49516531825065613,0
proto,3,TCGA-EI-6512_nonMSIH,0,0.5006664395332336,1
proto,3,TCGA-EI-6882_MSIH,1,0.4936648905277252,0
proto,3,TCGA-EI-6885_nonMSIH,0,0.4974617063999176,0
proto,3,TCGA-EI-7002_nonMSIH,0,0.495659202337265,0
proto,3,TCGA-F4-6460_nonMSIH,0,0.4888337254524231,0
proto,3,TCGA-F4-6570_MSIH,1,0.5031627416610718,1
proto,3,TCGA-F4-6704_nonMSIH,0,0.5013517141342163,1
proto,3,TCGA-F4-6854_nonMSIH,0,0.4924520254135132,0
proto,3,TCGA-F4-6856_MSIH,1,0.5024545192718506,1
proto,3,TCGA-F5-6464_nonMSIH,0,0.49736419320106506,0
proto,3,TCGA-F5-6863_nonMSIH,0,0.4912000000476837,0
proto,3,TCGA-G4-6298_nonMSIH,0,0.4998595118522644,0
proto,3,TCGA-G4-6302_MSIH,1,0.5071917176246643,1
proto,3,TCGA-G4-6309_MSIH,1,0.5011345148086548,1
proto,3,TCGA-G4-6315_nonMSIH,0,0.4976988732814789,0
proto,3,TCGA-G4-6317_nonMSIH,0,0.4949992299079895,0
proto,3,TCGA-G4-6626_nonMSIH,0,0.5004521608352661,1
proto,3,TCGA-G4-6627_nonMSIH,0,0.49519479274749756,0
proto,3,TCGA-G5-6641_nonMSIH,0,0.5001629590988159,1
proto,3,TCGA-NH-A50T_nonMSIH,0,0.49383220076560974,0
proto,3,TCGA-NH-A6GB_nonMSIH,0,0.49820074439048767,0
proto,3,TCGA-QG-A5Z1_nonMSIH,0,0.4973699748516083,0
proto,3,TCGA-SS-A7HO_nonMSIH,0,0.49078887701034546,0
proto,4,TCGA-3L-AA1B_nonMSIH,0,0.490487664937973,0
proto,4,TCGA-A6-4105_nonMSIH,0,0.4961397349834442,0
proto,4,TCGA-A6-5657_nonMSIH,0,0.49557235836982727,0
proto,4,TCGA-A6-5660_nonMSIH,0,0.49633532762527466,0
proto,4,TCGA-A6-5662_nonMSIH,0,0.4969770610332489,0
proto,4,TCGA-A6-5664_nonMSIH,0,0.49481719732284546,0
proto,4,TCGA-A6-A566_nonMSIH,0,0.5058823227882385,1
proto,4,TCGA-AA-3666_nonMSIH,0,0.49801942706108093,0
proto,4,TCGA-AA-3678_nonMSIH,0,0.49875590205192566,0
proto,4,TCGA-AA-3696_nonMSIH,0,0.4987297058105469,0
proto,4,TCGA-AA-3814_nonMSIH,0,0.4995858073234558,0
proto,4,TCGA-AA-3846_nonMSIH,0,0.5011886954307556,1
proto,4,TCGA-AA-3851_nonMSIH,0,0.500810980796814,1
proto,4,TCGA-AA-3855_nonMSIH,0,0.5002699494361877,1
proto,4,TCGA-AA-3952_nonMSIH,0,0.5012887716293335,1
proto,4,TCGA-AA-3971_nonMSIH,0,0.4985049068927765,0
proto,4,TCGA-AA-3982_nonMSIH,0,0.49991288781166077,0
proto,4,TCGA-AA-A01P_MSIH,1,0.5026074051856995,1
proto,4,TCGA-AA-A03J_nonMSIH,0,0.49891331791877747,0
proto,4,TCGA-AD-6964_MSIH,1,0.5035792589187622,1
proto,4,TCGA-AF-2693_nonMSIH,0,0.49742525815963745,0
proto,4,TCGA-AF-6672_nonMSIH,0,0.49688974022865295,0
proto,4,TCGA-AG-3727_nonMSIH,0,0.4999123811721802,0
proto,4,TCGA-AG-3885_nonMSIH,0,0.49994370341300964,0
proto,4,TCGA-AG-3893_nonMSIH,0,0.49923890829086304,0
proto,4,TCGA-AG-3896_nonMSIH,0,0.49993759393692017,0
proto,4,TCGA-AG-4001_nonMSIH,0,0.5019007921218872,1
proto,4,TCGA-AG-4008_nonMSIH,0,0.5018842816352844,1
proto,4,TCGA-AG-A015_nonMSIH,0,0.4984886050224304,0
proto,4,TCGA-AG-A01L_nonMSIH,0,0.499197393655777,0
proto,4,TCGA-AG-A01N_nonMSIH,0,0.5005376935005188,1
proto,4,TCGA-AG-A01Y_nonMSIH,0,0.500999927520752,1
proto,4,TCGA-AG-A026_nonMSIH,0,0.4997430741786957,0
proto,4,TCGA-AH-6544_nonMSIH,0,0.4980851709842682,0
proto,4,TCGA-AM-5821_MSIH,1,0.4999457895755768,0
proto,4,TCGA-AY-4070_nonMSIH,0,0.5006937384605408,1
proto,4,TCGA-AY-4071_nonMSIH,0,0.5027316212654114,1
proto,4,TCGA-AZ-4616_nonMSIH,0,0.4974445700645447,0
proto,4,TCGA-AZ-4681_nonMSIH,0,0.493484765291214,0
proto,4,TCGA-AZ-4682_nonMSIH,0,0.4943215847015381,0
proto,4,TCGA-AZ-5403_nonMSIH,0,0.4943881034851074,0
proto,4,TCGA-AZ-6605_nonMSIH,0,0.49169886112213135,0
proto,4,TCGA-CA-5256_nonMSIH,0,0.48918458819389343,0
proto,4,TCGA-CA-6716_nonMSIH,0,0.49119922518730164,0
proto,4,TCGA-CA-6718_nonMSIH,0,0.4985034167766571,0
proto,4,TCGA-CA-6719_nonMSIH,0,0.49404793977737427,0
proto,4,TCGA-CI-6622_nonMSIH,0,0.5005974173545837,1
proto,4,TCGA-CK-4948_nonMSIH,0,0.49548786878585815,0
proto,4,TCGA-CK-4952_nonMSIH,0,0.4976637661457062,0
proto,4,TCGA-CK-5912_nonMSIH,0,0.49392780661582947,0
proto,4,TCGA-CK-5913_MSIH,1,0.49857085943222046,0
proto,4,TCGA-CK-5914_nonMSIH,0,0.49296292662620544,0
proto,4,TCGA-CK-6747_MSIH,1,0.49300649762153625,0
proto,4,TCGA-CK-6748_nonMSIH,0,0.4948877692222595,0
proto,4,TCGA-CM-5349_nonMSIH,0,0.4960018992424011,0
proto,4,TCGA-CM-6163_nonMSIH,0,0.49709948897361755,0
proto,4,TCGA-CM-6166_nonMSIH,0,0.4916552007198334,0
proto,4,TCGA-CM-6168_nonMSIH,0,0.4983466863632202,0
proto,4,TCGA-CM-6169_nonMSIH,0,0.4933834969997406,0
proto,4,TCGA-CM-6172_nonMSIH,0,0.4973152279853821,0
proto,4,TCGA-CM-6675_nonMSIH,0,0.4941524863243103,0
proto,4,TCGA-D5-5538_nonMSIH,0,0.49374595284461975,0
proto,4,TCGA-D5-6532_nonMSIH,0,0.5004380345344543,1
proto,4,TCGA-D5-6535_nonMSIH,0,0.4981958568096161,0
proto,4,TCGA-D5-6537_nonMSIH,0,0.49364736676216125,0
proto,4,TCGA-D5-6538_nonMSIH,0,0.492695689201355,0
proto,4,TCGA-D5-6920_nonMSIH,0,0.5061277747154236,1
proto,4,TCGA-D5-6922_nonMSIH,0,0.5053531527519226,1
proto,4,TCGA-D5-6924_nonMSIH,0,0.506511926651001,1
proto,4,TCGA-DC-4745_nonMSIH,0,0.49629560112953186,0
proto,4,TCGA-DC-4749_nonMSIH,0,0.49108436703681946,0
proto,4,TCGA-DC-6157_nonMSIH,0,0.4908311665058136,0
proto,4,TCGA-DC-6160_nonMSIH,0,0.4942569434642792,0
proto,4,TCGA-DM-A1D9_nonMSIH,0,0.49419867992401123,0
proto,4,TCGA-DM-A282_nonMSIH,0,0.49113771319389343,0
proto,4,TCGA-DY-A0XA_nonMSIH,0,0.4889173209667206,0
proto,4,TCGA-EF-5830_nonMSIH,0,0.49284568428993225,0
proto,4,TCGA-EI-6511_nonMSIH,0,0.492910236120224,0
proto,4,TCGA-EI-6513_nonMSIH,0,0.49687474966049194,0
proto,4,TCGA-EI-6884_nonMSIH,0,0.5065138936042786,1
proto,4,TCGA-F4-6459_nonMSIH,0,0.4938347041606903,0
proto,4,TCGA-F4-6461_nonMSIH,0,0.5022322535514832,1
proto,4,TCGA-F4-6569_nonMSIH,0,0.49386805295944214,0
proto,4,TCGA-F4-6703_MSIH,1,0.49972379207611084,0
proto,4,TCGA-F4-6805_nonMSIH,0,0.497187077999115,0
proto,4,TCGA-F4-6806_nonMSIH,0,0.49018093943595886,0
proto,4,TCGA-G4-6294_nonMSIH,0,0.4926997125148773,0
proto,4,TCGA-G4-6295_nonMSIH,0,0.4980897903442383,0
proto,4,TCGA-G4-6303_nonMSIH,0,0.4938839375972748,0
proto,4,TCGA-G4-6304_MSIH,1,0.4995134174823761,0
proto,4,TCGA-G4-6306_nonMSIH,0,0.4925553500652313,0
proto,4,TCGA-G4-6307_nonMSIH,0,0.4892128109931946,0
proto,4,TCGA-G4-6320_MSIH,1,0.4941365420818329,0
proto,4,TCGA-G4-6321_nonMSIH,0,0.4997471272945404,0
proto,4,TCGA-G4-6628_MSIH,1,0.49900856614112854,0
proto,4,TCGA-NH-A5IV_MSIH,1,0.4951275885105133,0
proto,4,TCGA-NH-A6GA_nonMSIH,0,0.4903823137283325,0
proto,4,TCGA-QG-A5YW_nonMSIH,0,0.50139319896698,1
proto,4,TCGA-QG-A5Z2_MSIH,1,0.4953308701515198,0
proto,4,TCGA-QL-A97D_nonMSIH,0,0.49121323227882385,0
proto,4,TCGA-WS-AB45_MSIH,1,0.5080770254135132,1
rf,1,TCGA-5M-AAT4_nonMSIH,0,0.07274822773684256,0
rf,1,TCGA-5M-AAT6_MSIH,1,0.15035106828655215,0
rf,1,TCGA-A6-2671_nonMSIH,0,0.0811016510371349,0
rf,1,TCGA-A6-2686_MSIH,1,0.10855665980361102,0
rf,1,TCGA-A6-3807_nonMSIH,0,0.09688476840744033,0
rf,1,TCGA-A6-5661_MSIH,1,0.21374500768049154,0
rf,1,TCGA-A6-6137_nonMSIH,0,0.07272336265884652,0
rf,1,TCGA-A6-6651_nonMSIH,0,0.0355183715715025,0
rf,1,TCGA-A6-6652_nonMSIH,0,0.1524772784105117,0
rf,1,TCGA-A6-6654_nonMSIH,0,0.1090029450515384,0
rf,1,TCGA-A6-A565_nonMSIH,0,0.3280237262737263,1
rf,1,TCGA-A6-A567_nonMSIH,0,0.07702976190476189,0
rf,1,TCGA-AA-3679_nonMSIH,0,0.23357184750733137,0
rf,1,TCGA-AA-3680_nonMSIH,0,0.02776940133037694,0
rf,1,TCGA-AA-3684_nonMSIH,0,0.3139903262335194,1
rf,1,TCGA-AA-3688_nonMSIH,0,0.15529479123027512,0
rf,1,TCGA-AA-3693_nonMSIH,0,0.095234851170335,0
rf,1,TCGA-AA-3812_nonMSIH,0,0.05,0
rf,1,TCGA-AA-3818_nonMSIH,0,0.03193548387096774,0
rf,1,TCGA-AA-3831_nonMSIH,0,0.02730786286883848,0
rf,1,TCGA-AA-3833_MSIH,1,0.33591239588613536,1
rf,1,TCGA-AA-3837_nonMSIH,0,0.04189626818469323,0
rf,1,TCGA-AA-3850_nonMSIH,0,0.09950887978142077,0
rf,1,TCGA-AA-3854_nonMSIH,0,0.06793548387096775,0
rf,1,TCGA-AA-3866_nonMSIH,0,0.11772294372294373,0
rf,1,TCGA-AA-3867_nonMSIH,0,0.2117229437229437,0
rf,1,TCGA-AA-3875_nonMSIH,0,0.14083283383283382,0
rf,1,TCGA-AA-3947_MSIH,1,0.3187266759053529,1
rf,1,TCGA-AA-3949_MSIH,1,0.453608790985224,1
rf,1,TCGA-AA-3979_nonMSIH,0,0.06162866568914956,0
rf,1,TCGA-AA-3984_nonMSIH,0,0.11758293057584955,0
rf,1,TCGA-AA-3994_nonMSIH,0,0.29303194680094724,0
rf,1,TCGA-AA-A01S_nonMSIH,0,0.12940948129001797,0
rf,1,TCGA-AA-A01X_nonMSIH,0,0.10091560153951043,0
rf,1,TCGA-AD-6888_nonMSIH,0,0.05375366568914956,0
rf,1,TCGA-AD-6901_nonMSIH,0,0.2092921272276111,0
rf,1,TCGA-AD-6963_nonMSIH,0,0.12069588744588743,0
rf,1,TCGA-AF-2687_nonMSIH,0,0.08629704083192535,0
rf,1,TCGA-AF-4110_nonMSIH,0,0.06644883249742585,0
rf,1,TCGA-AF-6136_nonMSIH,0,0.09165842759391145,0
rf,1,TCGA-AG-3726_nonMSIH,0,0.08877519843182623,0
rf,1,TCGA-AG-3878_nonMSIH,0,0.07946207415772634,0
rf,1,TCGA-AG-3892_nonMSIH,0,0.17075492265859968,0
rf,1,TCGA-AG-4021_nonMSIH,0,0.16096241252903246,0
rf,1,TCGA-AG-4022_nonMSIH,0,0.17955844471783752,0
rf,1,TCGA-AG-A008_nonMSIH,0,0.029456504516988388,0
rf,1,TCGA-AG-A011_nonMSIH,0,0.24941209328306102,0
rf,1,TCGA-AG-A01W_nonMSIH,0,0.12764760914406859,0
rf,1,TCGA-AG-A02N_MSIH,1,0.2251512237178436,0
rf,1,TCGA-AH-6903_nonMSIH,0,0.15543231262361043,0
rf,1,TCGA-AY-6196_nonMSIH,0,0.2888671345548918,0
rf,1,TCGA-AY-A69D_nonMSIH,0,0.06172294372294373,0
rf,1,TCGA-AZ-4614_nonMSIH,0,0.10157142857142856,0
rf,1,TCGA-AZ-4615_MSIH,1,0.3181774891774891,1
rf,1,TCGA-AZ-6603_nonMSIH,0,0.039208211143695014,0
rf,1,TCGA-CA-5255_nonMSIH,0,0.09984024577572964,0
rf,1,TCGA-CA-5797_nonMSIH,0,0.10167416323513885,0
rf,1,TCGA-CI-6624_nonMSIH,0,0.1106931818181818,0
rf,1,TCGA-CK-4947_nonMSIH,0,0.1476759078998168,0
rf,1,TCGA-CK-5916_MSIH,1,0.3408516845473367,1
rf,1,TCGA-CL-5917_nonMSIH,0,0.09300280112044819,0
rf,1,TCGA-CM-4743_MSIH,1,0.3993715518680113,1
rf,1,TCGA-CM-4744_nonMSIH,0,0.16290518084066472,0
rf,1,TCGA-CM-5344_nonMSIH,0,0.16309523809523807,0
rf,1,TCGA-CM-5868_nonMSIH,0,0.09547899159663865,0
rf,1,TCGA-CM-6165_nonMSIH,0,0.2709427361853832,0
rf,1,TCGA-CM-6678_nonMSIH,0,0.22697764460878064,0
rf,1,TCGA-D5-5537_nonMSIH,0,0.12083283383283383,0
rf,1,TCGA-D5-6529_nonMSIH,0,0.11908037927249093,0
rf,1,TCGA-D5-6531_nonMSIH,0,0.12777748917748918,0
rf,1,TCGA-D5-6534_nonMSIH,0,0.13681274386587478,0
rf,1,TCGA-D5-6539_nonMSIH,0,0.13989035415262624,0
rf,1,TCGA-D5-6540_MSIH,1,0.1606930596285435,0
rf,1,TCGA-D5-6541_nonMSIH,0,0.10337904843648353,0
rf,1,TCGA-D5-6898_nonMSIH,0,0.14335984848484848,0
rf,1,TCGA-D5-6927_MSIH,1,0.2754927961239321,0
rf,1,TCGA-D5-6931_nonMSIH,0,0.2438095238095238,0
rf,1,TCGA-DC-6682_nonMSIH,0,0.15920833333333334,0
rf,1,TCGA-DM-A1D6_nonMSIH,0,0.13678787878787876,0
rf,1,TCGA-DM-A1D8_nonMSIH,0,0.08876456876456874,0
rf,1,TCGA-DM-A280_nonMSIH,0,0.16762866568914955,0
rf,1,TCGA-DM-A288_nonMSIH,0,0.19229453658296164,0
rf,1,TCGA-DM-A28A_nonMSIH,0,0.06130357142857143,0
rf,1,TCGA-DM-A28E_nonMSIH,0,0.08826932076578026,0
rf,1,TCGA-DM-A28H_nonMSIH,0,0.07290518084066472,0
rf,1,TCGA-DY-A1DD_nonMSIH,0,0.07712121212121212,0
rf,1,TCGA-EI-6506_nonMSIH,0,0.13224800116191796,0
rf,1,TCGA-EI-6507_MSIH,1,0.2879286546202745,0
rf,1,TCGA-EI-6514_nonMSIH,0,0.02384024577572965,0
rf,1,TCGA-EI-6883_nonMSIH,0,0.1375288931498609,0
rf,1,TCGA-F4-6808_nonMSIH,0,0.08556318949867335,0
rf,1,TCGA-F4-6809_nonMSIH,0,0.09674542661639435,0
rf,1,TCGA-F5-6465_nonMSIH,0,0.06372062084257207,0
rf,1,TCGA-F5-6811_nonMSIH,0,0.054249919435403304,0
rf,1,TCGA-G4-6293_nonMSIH,0,0.10685714285714286,0
rf,1,TCGA-G4-6297_nonMSIH,0,0.17306493506493506,0
rf,1,TCGA-G4-6311_nonMSIH,0,0.22057184750733133,0
rf,1,TCGA-G4-6322_nonMSIH,0,0.18345341614906832,0
rf,1,TCGA-G4-6323_nonMSIH,0,0.12221940553602545,0
rf,1,TCGA-G4-6586_MSIH,1,0.3816438923395445,1
rf,1,TCGA-G4-6588_MSIH,1,0.5494066717596129,1
rf,1,TCGA-NH-A50V_nonMSIH,0,0.1453030303030303,0
rf,1,TCGA-QG-A5YX_nonMSIH,0,0.04348484848484848,0
rf,2,TCGA-4N-A93T_nonMSIH,0,0.13060357675111772,0
rf,2,TCGA-A6-2685_nonMSIH,0,0.07265967365967367,0
rf,2,TCGA-A6-4107_nonMSIH,0,0.07482084582084582,0
rf,2,TCGA-A6-5665_MSIH,1,0.3618407814719175,1
rf,2,TCGA-A6-6648_nonMSIH,0,0.052833252768736634,0
rf,2,TCGA-A6-6653_MSIH,1,0.27806947619707173,0
rf,2,TCGA-A6-A56B_nonMSIH,0,0.04464877058425446,0
rf,2,TCGA-AA-3664_nonMSIH,0,0.02342033235581623,0
rf,2,TCGA-AA-3673_nonMSIH,0,0.01975366568914956,0
rf,2,TCGA-AA-3681_nonMSIH,0,0.07461358930924149,0
rf,2,TCGA-AA-3692_nonMSIH,0,0.055443223443223444,0
rf,2,TCGA-AA-3811_MSIH,1,0.05067515000193823,0
rf,2,TCGA-AA-3821_MSIH,1,0.11110273466371028,0
rf,2,TCGA-AA-3842_nonMSIH,0,0.04944588744588745,0
rf,2,TCGA-AA-3845_MSIH,1,0.19291500029662806,0
rf,2,TCGA-AA-3856_nonMSIH,0,0.02153846153846154,0
rf,2,TCGA-AA-3877_MSIH,1,0.24746658858450754,0
rf,2,TCGA-AA-3950_MSIH,1,0.30365373245680155,1
rf,2,TCGA-AA-3966_MSIH,1,0.260389339624352,0
rf,2,TCGA-AA-3968_nonMSIH,0,0.15845925445522221,0
rf,2,TCGA-AA-3976_nonMSIH,0,0.06380645161290323,0
rf,2,TCGA-AA-3986_nonMSIH,0,0.07379146528792478,0
rf,2,TCGA-AA-A02E_nonMSIH,0,0.002,0
rf,2,TCGA-AA-A02O_nonMSIH,0,0.07270380157476931,0
rf,2,TCGA-AD-5900_MSIH,1,0.2899266955578315,0
rf,2,TCGA-AD-6889_MSIH,1,0.11123566738310776,0
rf,2,TCGA-AD-6965_nonMSIH,0,0.058614130434782606,0
rf,2,TCGA-AF-2690_nonMSIH,0,0.09144989288183623,0
rf,2,TCGA-AF-6655_nonMSIH,0,0.09915901171998734,0
rf,2,TCGA-AF-A56L_nonMSIH,0,0.0722472889429411,0
rf,2,TCGA-AF-A56N_nonMSIH,0,0.056693181818181816,0
rf,2,TCGA-AG-3894_nonMSIH,0,0.055812265632917815,0
rf,2,TCGA-AG-3902_nonMSIH,0,0.037904761904761906,0
rf,2,TCGA-AG-4015_nonMSIH,0,0.017277591973244147,0
rf,2,TCGA-AG-A002_nonMSIH,0,0.1019708845076492,0
rf,2,TCGA-AG-A00C_nonMSIH,0,0.028,0
rf,2,TCGA-AG-A020_nonMSIH,0,0.13413379094736208,0
rf,2,TCGA-AG-A02X_nonMSIH,0,0.06961120031139006,0
rf,2,TCGA-AH-6547_nonMSIH,0,0.06494367588932806,0
rf,2,TCGA-AH-6644_nonMSIH,0,0.09943776835831292,0
rf,2,TCGA-AH-6897_nonMSIH,0,0.06507551319648096,0
rf,2,TCGA-AU-3779_nonMSIH,0,0.06611476023976025,0
rf,2,TCGA-AY-6386_nonMSIH,0,0.10729462879108827,0
rf,2,TCGA-AY-A54L_nonMSIH,0,0.06229374655037435,0
rf,2,TCGA-AY-A71X_nonMSIH,0,0.17825666279550811,0
rf,2,TCGA-AY-A8YK_nonMSIH,0,0.06423110223110225,0
rf,2,TCGA-AZ-4315_nonMSIH,0,0.184008658008658,0
rf,2,TCGA-AZ-6598_MSIH,1,0.4523523143523144,1
rf,2,TCGA-AZ-6599_nonMSIH,0,0.0726021505376344,0
rf,2,TCGA-AZ-6606_nonMSIH,0,0.09830303030303031,0
rf,2,TCGA-CA-5254_nonMSIH,0,0.06053022246570634,0
rf,2,TCGA-CK-5915_nonMSIH,0,0.04262812456360845,0
rf,2,TCGA-CL-5918_nonMSIH,0,0.1686411962021718,0
rf,2,TCGA-CM-4747_nonMSIH,0,0.141379499507095,0
rf,2,TCGA-CM-4750_nonMSIH,0,0.0354609127175405,0
rf,2,TCGA-CM-4752_nonMSIH,0,0.12971524577572965,0
rf,2,TCGA-CM-5348_nonMSIH,0,0.11311297304845692,0
rf,2,TCGA-CM-5860_nonMSIH,0,0.16689061345158904,0
rf,2,TCGA-CM-5862_nonMSIH,0,0.16048160173160175,0
rf,2,TCGA-CM-5863_nonMSIH,0,0.23760659630224842,0
rf,2,TCGA-CM-5864_nonMSIH,0,0.0876891495601173,0
rf,2,TCGA-CM-6162_MSIH,1,0.4619133021749921,1
rf,2,TCGA-CM-6164_nonMSIH,0,0.115,0
rf,2,TCGA-CM-6167_nonMSIH,0,0.11696590909090906,0
rf,2,TCGA-D5-5540_nonMSIH,0,0.17834419746919744,0
rf,2,TCGA-D5-5541_nonMSIH,0,0.07122146292997951,0
rf,2,TCGA-D5-6533_nonMSIH,0,0.15594997207093983,0
rf,2,TCGA-D5-6926_nonMSIH,0,0.16320355857098579,0
rf,2,TCGA-D5-6929_nonMSIH,0,0.13345454545454544,0
rf,2,TCGA-DC-5337_nonMSIH,0,0.10799354811854811,0
rf,2,TCGA-DC-5869_nonMSIH,0,0.05910596649727085,0
rf,2,TCGA-DC-6154_MSIH,1,0.08873160173160174,0
rf,2,TCGA-DC-6155_nonMSIH,0,0.08697077379142597,0
rf,2,TCGA-DC-6158_nonMSIH,0,0.1089101024761402,0
rf,2,TCGA-DM-A1D0_nonMSIH,0,0.025666666666666667,0
rf,2,TCGA-DM-A1D4_nonMSIH,0,0.11525842759391146,0
rf,2,TCGA-DM-A1DA_nonMSIH,0,0.07151536907231244,0
rf,2,TCGA-DM-A285_nonMSIH,0,0.12719185518782294,0
rf,2,TCGA-DM-A28F_nonMSIH,0,0.0690252636563997,0
rf,2,TCGA-DM-A28G_nonMSIH,0,0.04925370731419118,0
rf,2,TCGA-DM-A28M_nonMSIH,0,0.1223261389475984,0
rf,2,TCGA-DY-A1DF_nonMSIH,0,0.07767416323513883,0
rf,2,TCGA-DY-A1DG_nonMSIH,0,0.051360648792592146,0
rf,2,TCGA-EI-6509_nonMSIH,0,0.14803496635207802,0
rf,2,TCGA-EI-6881_nonMSIH,0,0.1143030303030303,0
rf,2,TCGA-EI-7004_nonMSIH,0,0.2643497643076886,0
rf,2,TCGA-F4-6463_nonMSIH,0,0.11478012973240971,0
rf,2,TCGA-F4-6807_nonMSIH,0,0.1873168551878229,0
rf,2,TCGA-F4-6855_nonMSIH,0,0.19726816376968537,0
rf,2,TCGA-F5-6571_nonMSIH,0,0.08426346961071818,0
rf,2,TCGA-F5-6702_nonMSIH,0,0.1245108225108225,0
rf,2,TCGA-F5-6864_nonMSIH,0,0.09083200670297445,0
rf,2,TCGA-G4-6299_nonMSIH,0,0.15655844155844154,0
rf,2,TCGA-NH-A50U_nonMSIH,0,0.1409879730484569,0
rf,2,TCGA-NH-A6GC_nonMSIH,0,0.19186663873760645,0
rf,2,TCGA-NH-A8F8_nonMSIH,0,0.09892849086397473,0
rf,2,TCGA-QG-A5YV_nonMSIH,0,0.05285749356601016,0
rf,3,TCGA-5M-AATE_nonMSIH,0,0.09858328627893843,0
rf,3,TCGA-A6-2681_nonMSIH,0,0.1496654929922812,0
rf,3,TCGA-A6-5666_nonMSIH,0,0.10861809868875086,0
rf,3,TCGA-A6-5667_nonMSIH,0,0.055951381951381954,0
rf,3,TCGA-A6-6138_nonMSIH,0,0.17222286315834703,0
rf,3,TCGA-A6-6142_nonMSIH,0,0.1525178155178155,0
rf,3,TCGA-A6-6649_nonMSIH,0,0.06347826086956522,0
rf,3,TCGA-AA-3667_nonMSIH,0,0.024,0
rf,3,TCGA-AA-3715_MSIH,1,0.3973935315891838,1
rf,3,TCGA-AA-3819_nonMSIH,0,0.008,0
rf,3,TCGA-AA-3844_nonMSIH,0,0.025196889132373005,0
rf,3,TCGA-AA-3848_nonMSIH,0,0.10701706137000255,0
rf,3,TCGA-AA-3852_nonMSIH,0,0.04057142857142857,0
rf,3,TCGA-AA-3858_nonMSIH,0,0.060257481648786,0
rf,3,TCGA-AA-3864_MSIH,1,0.17046953859148978,0
rf,3,TCGA-AA-3956_nonMSIH,0,0.032223978919631094,0
rf,3,TCGA-AA-3973_nonMSIH,0,0.14040860796909183,0
rf,3,TCGA-AA-3975_nonMSIH,0,0.10107246376811595,0
rf,3,TCGA-AA-3989_nonMSIH,0,0.05115151515151514,0
rf,3,TCGA-AA-A010_nonMSIH,0,0.11269792432906038,0
rf,3,TCGA-AA-A01R_MSIH,1,0.11341666666666665,0
rf,3,TCGA-AA-A01T_nonMSIH,0,0.06749234505332066,0
rf,3,TCGA-AA-A01V_nonMSIH,0,0.029220036716496204,0
rf,3,TCGA-AA-A01Z_nonMSIH,0,0.040139069264069266,0
rf,3,TCGA-AA-A024_nonMSIH,0,0.054578925139900744,0
rf,3,TCGA-AA-A02F_nonMSIH,0,0.18055945981254704,0
rf,3,TCGA-AA-A02H_nonMSIH,0,0.1083896103896104,0
rf,3,TCGA-AA-A02Y_nonMSIH,0,0.05951082251082251,0
rf,3,TCGA-AA-A03F_nonMSIH,0,0.04857164612858948,0
rf,3,TCGA-AD-6548_nonMSIH,0,0.1903641399251155,0
rf,3,TCGA-AD-6890_nonMSIH,0,0.1429474465615531,0
rf,3,TCGA-AD-A5EJ_MSIH,1,0.17773365676647596,0
rf,3,TCGA-AD-A5EK_nonMSIH,0,0.04553146853146854,0
rf,3,TCGA-AF-3911_nonMSIH,0,0.12091312847974839,0
rf,3,TCGA-AF-A56K_nonMSIH,0,0.099196889132373,0
rf,3,TCGA-AG-3882_nonMSIH,0,0.025420332355816228,0
rf,3,TCGA-AG-3883_nonMSIH,0,0.1111212121212121,0
rf,3,TCGA-AG-3887_nonMSIH,0,0.053454545454545456,0
rf,3,TCGA-AG-3890_nonMSIH,0,0.059904761904761905,0
rf,3,TCGA-AG-3898_nonMSIH,0,0.05515247521295909,0
rf,3,TCGA-AG-3901_nonMSIH,0,0.023151515151515152,0
rf,3,TCGA-AG-3909_nonMSIH,0,0.1614848484848485,0
rf,3,TCGA-AG-A016_nonMSIH,0,0.13018724056837663,0
rf,3,TCGA-AH-6643_nonMSIH,0,0.17608713751576016,0
rf,3,TCGA-AM-5820_nonMSIH,0,0.31992178648840636,1
rf,3,TCGA-AU-6004_MSIH,1,0.16744939126699465,0
rf,3,TCGA-AY-5543_nonMSIH,0,0.14025409092463548,0
rf,3,TCGA-AY-6197_MSIH,1,0.23919578159640978,0
rf,3,TCGA-AZ-4308_nonMSIH,0,0.16754166666666664,0
rf,3,TCGA-AZ-5407_nonMSIH,0,0.044594738594738594,0
rf,3,TCGA-AZ-6600_nonMSIH,0,0.3347222012186607,1
rf,3,TCGA-CA-5796_nonMSIH,0,0.06860231435231436,0
rf,3,TCGA-CA-6715_nonMSIH,0,0.07738137131685519,0
rf,3,TCGA-CA-6717_nonMSIH,0,0.07885819462227912,0
rf,3,TCGA-CK-4950_nonMSIH,0,0.3035306414016092,1
rf,3,TCGA-CK-4951_MSIH,1,0.24493707415772634,0
rf,3,TCGA-CK-6746_MSIH,1,0.4300941558441559,1
rf,3,TCGA-CK-6751_nonMSIH,0,0.19849276398922344,0
rf,3,TCGA-CL-4957_nonMSIH,0,0.07674285714285713,0
rf,3,TCGA-CM-4746_MSIH,1,0.11996614223022672,0
rf,3,TCGA-CM-4751_nonMSIH,0,0.15105669599217986,0
rf,3,TCGA-CM-5341_nonMSIH,0,0.16723851417399804,0
rf,3,TCGA-CM-5861_MSIH,1,0.2453896103896104,0
rf,3,TCGA-CM-6161_nonMSIH,0,0.07532692307692308,0
rf,3,TCGA-CM-6170_nonMSIH,0,0.0820962827822584,0
rf,3,TCGA-CM-6171_MSIH,1,0.1688763357844207,0
rf,3,TCGA-CM-6674_MSIH,1,0.21470879526977085,0
rf,3,TCGA-CM-6676_nonMSIH,0,0.08079325247922808,0
rf,3,TCGA-CM-6677_nonMSIH,0,0.15320821114369498,0
rf,3,TCGA-CM-6679_nonMSIH,0,0.09138754547057032,0
rf,3,TCGA-D5-5539_nonMSIH,0,0.1057797619047619,0
rf,3,TCGA-D5-6530_MSIH,1,0.06425049407114625,0
rf,3,TCGA-D5-6536_nonMSIH,0,0.11107996033658811,0
rf,3,TCGA-D5-6928_MSIH,1,0.07980666524142396,0
rf,3,TCGA-D5-6930_MSIH,1,0.12840235845979356,0
rf,3,TCGA-D5-6932_nonMSIH,0,0.12153075004705438,0
rf,3,TCGA-DC-6681_nonMSIH,0,0.12680311355311355,0
rf,3,TCGA-DC-6683_nonMSIH,0,0.15926194095759313,0
rf,3,TCGA-DM-A0X9_nonMSIH,0,0.04410343822843823,0
rf,3,TCGA-DM-A0XD_nonMSIH,0,0.08391501831501832,0
rf,3,TCGA-DM-A0XF_nonMSIH,0,0.05169318181818182,0
rf,3,TCGA-DM-A1D7_nonMSIH,0,0.06944642857142858,0
rf,3,TCGA-DM-A1DB_nonMSIH,0,0.07888240651354254,0
rf,3,TCGA-DM-A1HA_nonMSIH,0,0.11075644645209863,0
rf,3,TCGA-DM-A28K_nonMSIH,0,0.21702067347810852,0
rf,3,TCGA-DT-5265_nonMSIH,0,0.0773809523809524,0
rf,3,TCGA-DY-A1DC_nonMSIH,0,0.15092807192807192,0
rf,3,TCGA-EI-6508_nonMSIH,0,0.08980952380952381,0
rf,3,TCGA-EI-6510_nonMSIH,0,0.08672294372294372,0
rf,3,TCGA-EI-6512_nonMSIH,0,0.10609670619235835,0
rf,3,TCGA-EI-6882_MSIH,1,0.06471748541313758,0
rf,3,TCGA-EI-6885_nonMSIH,0,0.10098615110379815,0
rf,3,TCGA-EI-7002_nonMSIH,0,0.08033180544945251,0
rf,3,TCGA-F4-6460_nonMSIH,0,0.0517912087912088,0
rf,3,TCGA-F4-6570_MSIH,1,0.3282776995820858,1
rf,3,TCGA-F4-6704_nonMSIH,0,0.13993548387096774,0
rf,3,TCGA-F4-6854_nonMSIH,0,0.08357142857142857,0
rf,3,TCGA-F4-6856_MSIH,1,0.17066720236285454,0
rf,3,TCGA-F5-6464_nonMSIH,0,0.21943606799704357,0
rf,3,TCGA-F5-6863_nonMSIH,0,0.049666666666666665,0
rf,3,TCGA-G4-6298_nonMSIH,0,0.20748538418103632,0
rf,3,TCGA-G4-6302_MSIH,1,0.3821432760787599,1
rf,3,TCGA-G4-6309_MSIH,1,0.4512662378272134,1
rf,3,TCGA-G4-6315_nonMSIH,0,0.08913906926406927,0
rf,3,TCGA-G4-6317_nonMSIH,0,0.17910345050761928,0
rf,3,TCGA-G4-6626_nonMSIH,0,0.27844588744588744,0
rf,3,TCGA-G4-6627_nonMSIH,0,0.11921113445378151,0
rf,3,TCGA-G5-6641_nonMSIH,0,0.25371410607565553,0
rf,3,TCGA-NH-A50T_nonMSIH,0,0.09572294372294371,0
rf,3,TCGA-NH-A6GB_nonMSIH,0,0.10495458707958706,0
rf,3,TCGA-QG-A5Z1_nonMSIH,0,0.12083487752085313,0
rf,3,TCGA-SS-A7HO_nonMSIH,0,0.06911089317186878,0
rf,4,TCGA-3L-AA1B_nonMSIH,0,0.06190476190476191,0
rf,4,TCGA-A6-4105_nonMSIH,0,0.09119160054050947,0
rf,4,TCGA-A6-5657_nonMSIH,0,0.10372294372294372,0
rf,4,TCGA-A6-5660_nonMSIH,0,0.08150752152712937,0
rf,4,TCGA-A6-5662_nonMSIH,0,0.180856697260866,0
rf,4,TCGA-A6-5664_nonMSIH,0,0.09722236972285188,0
rf,4,TCGA-A6-A566_nonMSIH,0,0.2509085027291549,0
rf,4,TCGA-AA-3666_nonMSIH,0,0.024361475922451532,0
rf,4,TCGA-AA-3678_nonMSIH,0,0.09358758314855875,0
rf,4,TCGA-AA-3696_nonMSIH,0,0.03157142857142857,0
rf,4,TCGA-AA-3814_nonMSIH,0,0.10100791550437499,0
rf,4,TCGA-AA-3846_nonMSIH,0,0.1199047619047619,0
rf,4,TCGA-AA-3851_nonMSIH,0,0.1472239789196311,0
rf,4,TCGA-AA-3855_nonMSIH,0,0.06551136363636365,0
rf,4,TCGA-AA-3952_nonMSIH,0,0.23326833119673399,0
rf,4,TCGA-AA-3971_nonMSIH,0,0.13,0
rf,4,TCGA-AA-3982_nonMSIH,0,0.1059047619047619,0
rf,4,TCGA-AA-A01P_MSIH,1,0.31776170338316284,1
rf,4,TCGA-AA-A03J_nonMSIH,0,0.05163636363636363,0
rf,4,TCGA-AD-6964_MSIH,1,0.49509661709258485,1
rf,4,TCGA-AF-2693_nonMSIH,0,0.14772294372294373,0
rf,4,TCGA-AF-6672_nonMSIH,0,0.08371428571428571,0
rf,4,TCGA-AG-3727_nonMSIH,0,0.10343875266812076,0
rf,4,TCGA-AG-3885_nonMSIH,0,0.04155121951219513,0
rf,4,TCGA-AG-3893_nonMSIH,0,0.04175366568914956,0
rf,4,TCGA-AG-3896_nonMSIH,0,0.061476190476190476,0
rf,4,TCGA-AG-4001_nonMSIH,0,0.13944588744588743,0
rf,4,TCGA-AG-4008_nonMSIH,0,0.221025974025974,0
rf,4,TCGA-AG-A015_nonMSIH,0,0.029484848484848485,0
rf,4,TCGA-AG-A01L_nonMSIH,0,0.011171428571428572,0
rf,4,TCGA-AG-A01N_nonMSIH,0,0.04782783882783883,0
rf,4,TCGA-AG-A01Y_nonMSIH,0,0.18190243902439024,0
rf,4,TCGA-AG-A026_nonMSIH,0,0.15896398401257733,0
rf,4,TCGA-AH-6544_nonMSIH,0,0.1670496573062851,0
rf,4,TCGA-AM-5821_MSIH,1,0.14112897775245056,0
rf,4,TCGA-AY-4070_nonMSIH,0,0.2231507726472321,0
rf,4,TCGA-AY-4071_nonMSIH,0,0.24526239852925646,0
rf,4,TCGA-AZ-4616_nonMSIH,0,0.10245479514641506,0
rf,4,TCGA-AZ-4681_nonMSIH,0,0.12937549407114626,0
rf,4,TCGA-AZ-4682_nonMSIH,0,0.07946207415772633,0
rf,4,TCGA-AZ-5403_nonMSIH,0,0.07335664335664337,0
rf,4,TCGA-AZ-6605_nonMSIH,0,0.05329644268774704,0
rf,4,TCGA-CA-5256_nonMSIH,0,0.05547619047619048,0
rf,4,TCGA-CA-6716_nonMSIH,0,0.05935930735930737,0
rf,4,TCGA-CA-6718_nonMSIH,0,0.13135160941209328,0
rf,4,TCGA-CA-6719_nonMSIH,0,0.05126881720430108,0
rf,4,TCGA-CI-6622_nonMSIH,0,0.12452126674890901,0
rf,4,TCGA-CK-4948_nonMSIH,0,0.1263831585081585,0
rf,4,TCGA-CK-4952_nonMSIH,0,0.28355731225296443,0
rf,4,TCGA-CK-5912_nonMSIH,0,0.07451809656668992,0
rf,4,TCGA-CK-5913_MSIH,1,0.327296442687747,1
rf,4,TCGA-CK-5914_nonMSIH,0,0.08739755802869408,0
rf,4,TCGA-CK-6747_MSIH,1,0.14962866568914956,0
rf,4,TCGA-CK-6748_nonMSIH,0,0.12919269994632313,0
rf,4,TCGA-CM-5349_nonMSIH,0,0.1150952380952381,0
rf,4,TCGA-CM-6163_nonMSIH,0,0.12265422077922077,0
rf,4,TCGA-CM-6166_nonMSIH,0,0.11479020352477247,0
rf,4,TCGA-CM-6168_nonMSIH,0,0.16477922077922078,0
rf,4,TCGA-CM-6169_nonMSIH,0,0.1398181818181818,0
rf,4,TCGA-CM-6172_nonMSIH,0,0.1292486733696411,0
rf,4,TCGA-CM-6675_nonMSIH,0,0.17370488520134467,0
rf,4,TCGA-D5-5538_nonMSIH,0,0.08742857142857142,0
rf,4,TCGA-D5-6532_nonMSIH,0,0.09809823641534805,0
rf,4,TCGA-D5-6535_nonMSIH,0,0.07094405726116892,0
rf,4,TCGA-D5-6537_nonMSIH,0,0.11147826086956522,0
rf,4,TCGA-D5-6538_nonMSIH,0,0.12973913043478263,0
rf,4,TCGA-D5-6920_nonMSIH,0,0.19401341060899885,0
rf,4,TCGA-D5-6922_nonMSIH,0,0.1568171950598421,0
rf,4,TCGA-D5-6924_nonMSIH,0,0.14710930735930736,0
rf,4,TCGA-DC-4745_nonMSIH,0,0.10100041893590281,0
rf,4,TCGA-DC-4749_nonMSIH,0,0.017674163235138846,0
rf,4,TCGA-DC-6157_nonMSIH,0,0.0673152748117343,0
rf,4,TCGA-DC-6160_nonMSIH,0,0.05945488520134469,0
rf,4,TCGA-DM-A1D9_nonMSIH,0,0.18532184750733138,0
rf,4,TCGA-DM-A282_nonMSIH,0,0.07781818181818181,0
rf,4,TCGA-DY-A0XA_nonMSIH,0,0.027181075677535162,0
rf,4,TCGA-EF-5830_nonMSIH,0,0.08291634172279334,0
rf,4,TCGA-EI-6511_nonMSIH,0,0.10149279612393217,0
rf,4,TCGA-EI-6513_nonMSIH,0,0.13566666666666669,0
rf,4,TCGA-EI-6884_nonMSIH,0,0.26472160314133386,0
rf,4,TCGA-F4-6459_nonMSIH,0,0.06690262585409198,0
rf,4,TCGA-F4-6461_nonMSIH,0,0.22910853176515955,0
rf,4,TCGA-F4-6569_nonMSIH,0,0.1094278289242884,0
rf,4,TCGA-F4-6703_MSIH,1,0.18499338025000803,0
rf,4,TCGA-F4-6805_nonMSIH,0,0.10896145789694177,0
rf,4,TCGA-F4-6806_nonMSIH,0,0.04383129005893234,0
rf,4,TCGA-G4-6294_nonMSIH,0,0.13526881720430106,0
rf,4,TCGA-G4-6295_nonMSIH,0,0.2391508047819408,0
rf,4,TCGA-G4-6303_nonMSIH,0,0.10784981273757657,0
rf,4,TCGA-G4-6304_MSIH,1,0.2118147939017504,0
rf,4,TCGA-G4-6306_nonMSIH,0,0.09537549407114625,0
rf,4,TCGA-G4-6307_nonMSIH,0,0.044,0
rf,4,TCGA-G4-6320_MSIH,1,0.12358758314855876,0
rf,4,TCGA-G4-6321_nonMSIH,0,0.12676552339665942,0
rf,4,TCGA-G4-6628_MSIH,1,0.11378932886660882,0
rf,4,TCGA-NH-A5IV_MSIH,1,0.08944563279857397,0
rf,4,TCGA-NH-A6GA_nonMSIH,0,0.041674163235138846,0
rf,4,TCGA-QG-A5YW_nonMSIH,0,0.16364156945917285,0
rf,4,TCGA-QG-A5Z2_MSIH,1,0.10923334234241956,0
rf,4,TCGA-QL-A97D_nonMSIH,0,0.06838353176515954,0
rf,4,TCGA-WS-AB45_MSIH,1,0.14848251879963048,0
