classifier,fold,WSI_ID,target,prob_pos,pred_at_0.5
lin,1,SR1482_40X_HE_T029_01,0,0.9983959249404748,1
lin,1,SR1482_40X_HE_T029_02,0,0.9817581258424151,1
lin,1,SR1482_40X_HE_T057_01,0,3.206183810740585e-05,0
lin,1,SR1482_40X_HE_T063_01,1,0.5456441494641319,1
lin,1,SR1482_40X_HE_T063_02,1,0.0166472205250427,0
lin,1,SR1482_40X_HE_T065_01,0,0.012187583257319596,0
lin,1,SR1482_40X_HE_T065_02,0,9.841493132062405e-05,0
lin,1,SR1482_40X_HE_T066_01,0,0.41503783951287976,0
lin,1,SR1482_40X_HE_T066_02,0,0.3453490947397078,0
lin,1,SR1482_40X_HE_T068_01,0,4.2972845472632697e-07,0
lin,1,SR1482_40X_HE_T069_01,0,9.769939337198752e-05,0
lin,1,SR1482_40X_HE_T069_02,0,0.00045789247821967203,0
lin,1,SR1482_40X_HE_T079_01,1,0.24922255553242448,0
lin,1,SR1482_40X_HE_T079_02,1,0.962740080329339,1
lin,1,SR1482_40X_HE_T080_01,0,0.02270113786508682,0
lin,1,SR1482_40X_HE_T080_02,0,0.0016343863373697541,0
lin,1,SR1482_40X_HE_T081_01,0,0.010247358887137029,0
lin,1,SR1482_40X_HE_T081_02,0,0.0014428884814030765,0
lin,1,SR1482_40X_HE_T099_01,0,6.6374851688162754e-06,0
lin,1,SR1482_40X_HE_T116_01,0,0.1534198860572855,0
lin,1,SR1482_40X_HE_T117_01,0,0.0007072785128716745,0
lin,1,SR1482_40X_HE_T117_02,0,0.0001910871147750064,0
lin,1,SR1482_40X_HE_T126_01,0,0.014191541299611091,0
lin,1,SR1482_40X_HE_T129_01,0,0.011170935868661205,0
lin,1,SR1482_40X_HE_T129_02,0,0.5796348707580391,1
lin,1,SR1482_40X_HE_T139_01,0,0.265021227943187,0
lin,1,SR1482_40X_HE_T139_02,0,0.9877988359648499,1
lin,1,SR1482_40X_HE_T147_01,0,0.9343416353453287,1
lin,1,SR1482_40X_HE_T147_02,0,0.9999413160733557,1
lin,1,SR1482_40X_HE_T159_01,0,0.1414770829501071,0
lin,1,SR1482_40X_HE_T159_02,0,0.0017699364556129473,0
lin,1,SR1482_40X_HE_T192_01,0,0.7422358712638577,1
lin,1,SR1482_40X_HE_T199_01,0,0.007014887369183998,0
lin,1,SR1482_40X_HE_T304_01,0,0.0004311856813089483,0
lin,1,SR1482_40X_HE_T304_02,0,0.00016120466604944357,0
lin,1,SR1482_40X_HE_T310_01,1,0.9292528635412587,1
lin,1,SR1482_40X_HE_T310_02,1,0.023371499477162803,0
lin,1,SR1482_40X_HE_T341_01,0,1.2930714658088367e-05,0
lin,1,SR1482_40X_HE_T341_02,0,0.00020305611470265117,0
lin,1,SR1482_40X_HE_T353_01,0,0.8170293690536256,1
lin,1,SR1482_40X_HE_T390_01,0,3.6690358461211366e-05,0
lin,1,SR1482_40X_HE_T433_01,1,0.4598711525894971,0
lin,1,SR386_40X_HE_T003_01,0,0.0008323932527357975,0
lin,1,SR386_40X_HE_T004_01,0,0.004384081918686936,0
lin,1,SR386_40X_HE_T022_01,1,0.9956021529855122,1
lin,1,SR386_40X_HE_T030_01,0,0.9624155095346612,1
lin,1,SR386_40X_HE_T033_01,0,0.0061615106522480735,0
lin,1,SR386_40X_HE_T036_01,0,1.7017283417131377e-05,0
lin,1,SR386_40X_HE_T038_01,0,7.534177987672862e-05,0
lin,1,SR386_40X_HE_T049_01,0,2.9396367505613045e-07,0
lin,1,SR386_40X_HE_T050_01,0,0.01631410283876279,0
lin,1,SR386_40X_HE_T060_01,0,0.001335995493550763,0
lin,1,SR386_40X_HE_T063_01,0,0.20291816208514055,0
lin,1,SR386_40X_HE_T066_01,0,0.010827563340504264,0
lin,1,SR386_40X_HE_T069_01,0,0.005131938276718064,0
lin,1,SR386_40X_HE_T072_01,0,0.1041267737763884,0
lin,1,SR386_40X_HE_T074_01,0,0.0015416129938740355,0
lin,1,SR386_40X_HE_T078_01,0,5.8805601698142e-05,0
lin,1,SR386_40X_HE_T079_01,0,1.5118719807360496e-07,0
lin,1,SR386_40X_HE_T092_01,1,0.5610517090509035,1
lin,1,SR386_40X_HE_T096_01,0,3.636053426346111e-05,0
lin,1,SR386_40X_HE_T099_01,0,0.0014623216505378865,0
lin,1,SR386_40X_HE_T103_01,0,4.28765813555161e-09,0
lin,1,SR386_40X_HE_T108_01,0,0.0005588290740317245,0
lin,1,SR386_40X_HE_T113_01,0,0.00020457266508622351,0
lin,1,SR386_40X_HE_T114_01,0,0.0003829257065241695,0
lin,1,SR386_40X_HE_T119_01,0,0.0005962044842392247,0
lin,1,SR386_40X_HE_T126_01,0,0.0006221857830996261,0
lin,1,SR386_40X_HE_T130_01,0,3.9788862253263957e-07,0
lin,1,SR386_40X_HE_T131_01,0,0.0014958723665230136,0
lin,1,SR386_40X_HE_T135_01,0,0.09217891156759746,0
lin,1,SR386_40X_HE_T140_01,0,0.001416610047108755,0
lin,1,SR386_40X_HE_T144_01,0,0.04412374902549479,0
lin,1,SR386_40X_HE_T147_01,0,5.1201018039343124e-05,0
lin,1,SR386_40X_HE_T148_01,0,0.03207498545686146,0
lin,1,SR386_40X_HE_T160_01,0,0.0003784396859809791,0
lin,1,SR386_40X_HE_T169_01,0,3.5454488425684115e-08,0
lin,1,SR386_40X_HE_T170_01,1,0.9912767348186786,1
lin,1,SR386_40X_HE_T172_01,0,0.9929256987583198,1
lin,1,SR386_40X_HE_T174_01,0,0.0009436093460600094,0
lin,1,SR386_40X_HE_T181_01,0,2.144085464909135e-05,0
lin,1,SR386_40X_HE_T196_01,0,0.00033215483540952517,0
lin,1,SR386_40X_HE_T205_01,0,0.021338092119354203,0
lin,1,SR386_40X_HE_T209_01,0,5.8748916468879655e-05,0
lin,1,SR386_40X_HE_T210_01,0,0.7256198327802719,1
lin,1,SR386_40X_HE_T212_01,0,0.0005618006425515918,0
lin,1,SR386_40X_HE_T221_01,0,1.0995400556280025e-05,0
lin,1,SR386_40X_HE_T224_01,0,0.0008033253971982678,0
lin,1,SR386_40X_HE_T231_01,1,0.284841585234296,0
lin,1,SR386_40X_HE_T232_01,0,3.966062724512639e-05,0
lin,1,SR386_40X_HE_T247_01,0,0.00022048365895777604,0
lin,1,SR386_40X_HE_T252_01,0,0.002890533379855646,0
lin,1,SR386_40X_HE_T255_01,0,0.0004084772986529251,0
lin,1,SR386_40X_HE_T259_01,1,0.9435170659763134,1
lin,1,SR386_40X_HE_T274_01,0,2.5817404652794743e-07,0
lin,1,SR386_40X_HE_T275_01,0,0.10314796152274386,0
lin,1,SR386_40X_HE_T282_01,0,0.00019568727093201377,0
lin,1,SR386_40X_HE_T294_01,0,0.5668328178648072,1
lin,1,SR386_40X_HE_T311_01,0,0.00014727236711448377,0
lin,1,SR386_40X_HE_T315_01,0,3.546033080084597e-05,0
lin,1,SR386_40X_HE_T319_01,1,0.03755270915876178,0
lin,1,SR386_40X_HE_T324_01,1,0.13790611467399583,0
lin,1,SR386_40X_HE_T330_01,0,3.265976656084067e-06,0
lin,1,SR386_40X_HE_T333_01,0,0.035939455821113235,0
lin,1,SR386_40X_HE_T335_01,0,0.001026045656736796,0
lin,1,SR386_40X_HE_T337_01,0,0.0005077197041905638,0
lin,1,SR386_40X_HE_T344_01,0,0.002482403392593166,0
lin,1,SR386_40X_HE_T347_01,0,8.346633024507341e-05,0
lin,1,SR386_40X_HE_T350_01,0,0.0010310513404103952,0
lin,1,SR386_40X_HE_T351_01,0,0.004357163705318072,0
lin,1,SR386_40X_HE_T360_01,0,5.243679479009031e-06,0
lin,1,SR386_40X_HE_T361_01,0,0.000793952381965407,0
lin,1,SR386_40X_HE_T366_01,0,2.7756341233862137e-05,0
lin,1,SR386_40X_HE_T377_01,1,0.967656856209796,1
lin,1,SR386_40X_HE_T384_01,0,3.117268176743974e-05,0
lin,1,SR386_40X_HE_T395_01,0,1.153802958663065e-05,0
lin,1,SR386_40X_HE_T396_01,0,0.10098562200399468,0
lin,1,SR386_40X_HE_T401_01,0,0.0004514527160198244,0
lin,1,SR386_40X_HE_T408_01,0,0.000908675550687134,0
lin,1,SR386_40X_HE_T410_01,0,0.0015036569961567766,0
lin,1,SR386_40X_HE_T413_01,0,2.7428995898907126e-05,0
lin,1,SR386_40X_HE_T416_01,0,0.0038118882734999703,0
lin,1,SR386_40X_HE_T418_01,0,6.16113351061359e-07,0
lin,1,SR386_40X_HE_T419_01,0,0.0026377964958878546,0
lin,1,SR386_40X_HE_T421_01,0,0.0005074452461909012,0
lin,1,SR386_40X_HE_T423_01,0,0.00017715889775860903,0
lin,1,SR386_40X_HE_T428_01,0,0.0019222655964811312,0
lin,1,SR386_40X_HE_T430_01,0,0.0013394274440112056,0
lin,1,SR386_40X_HE_T431_01,0,0.7132182858549633,1
lin,1,SR386_40X_HE_T435_01,0,0.9577719588425926,1
lin,1,SR386_40X_HE_T438_01,0,0.0005571603382873777,0
lin,1,SR386_40X_HE_T439_01,0,0.02249734059326219,0
lin,1,SR386_40X_HE_T447_01,0,5.614516550567425e-06,0
lin,1,SR386_40X_HE_T449_01,0,7.543730087105993e-06,0
lin,1,SR386_40X_HE_T454_01,0,0.0001619282588887359,0
lin,1,SR386_40X_HE_T456_01,0,0.0006661106293034803,0
lin,1,SR386_40X_HE_T461_01,0,0.23836702327452025,0
lin,1,SR386_40X_HE_T462_01,0,0.00286344455324193,0
lin,1,SR386_40X_HE_T468_01,0,0.0163364124763151,0
lin,1,SR386_40X_HE_T469_01,1,0.1859462520225867,0
lin,1,SR386_40X_HE_T470_01,0,0.013659140359823907,0
lin,1,SR386_40X_HE_T471_01,0,7.04737910714427e-05,0
lin,1,SR386_40X_HE_T477_01,0,0.0004930338807059296,0
lin,1,SR386_40X_HE_T480_01,0,0.06469198341588023,0
lin,1,SR386_40X_HE_T484_01,0,0.06210386210928864,0
lin,1,SR386_40X_HE_T495_01,0,8.139891548058943e-08,0
lin,1,SR386_40X_HE_T496_01,0,9.259648921657949e-06,0
lin,1,SR386_40X_HE_T498_01,0,0.9847769042529062,1
lin,1,SR386_40X_HE_T504_01,0,1.4169909076537654e-05,0
lin,1,SR386_40X_HE_T511_01,0,0.0025040221433386056,0
lin,1,SR386_40X_HE_T517_01,0,0.8969479861583659,1
lin,1,SR386_40X_HE_T523_01,0,0.005034116374434995,0
lin,1,SR386_40X_HE_T529_01,0,2.7675712476417713e-05,0
lin,1,SR386_40X_HE_T542_01,0,1.446028517271165e-05,0
lin,1,SR386_40X_HE_T569_01,0,0.23650222855391453,0
lin,1,SR386_40X_HE_T582_01,0,5.550932172202573e-06,0
lin,2,SR1482_40X_HE_T009_01,0,4.327471451399185e-06,0
lin,2,SR1482_40X_HE_T009_02,0,7.342545452910445e-07,0
lin,2,SR1482_40X_HE_T015_01,0,0.00015896479858019835,0
lin,2,SR1482_40X_HE_T021_01,0,0.012692461934962202,0
lin,2,SR1482_40X_HE_T067_01,0,5.561396136834843e-07,0
lin,2,SR1482_40X_HE_T075_01,0,7.334269575049583e-05,0
lin,2,SR1482_40X_HE_T075_02,0,0.00038895977218043643,0
lin,2,SR1482_40X_HE_T098_01,0,0.0008064034355868534,0
lin,2,SR1482_40X_HE_T098_02,0,0.000245511823419957,0
lin,2,SR1482_40X_HE_T102_01,0,0.5499393414257401,1
lin,2,SR1482_40X_HE_T123_01,0,0.0015078405699847142,0
lin,2,SR1482_40X_HE_T142_01,0,1.2728255591497791e-06,0
lin,2,SR1482_40X_HE_T146_01,0,0.005376441939597744,0
lin,2,SR1482_40X_HE_T148_01,0,0.017647460108970496,0
lin,2,SR1482_40X_HE_T148_02,0,0.007437224621596966,0
lin,2,SR1482_40X_HE_T154_01,0,0.0006178230742100197,0
lin,2,SR1482_40X_HE_T158_01,0,0.0005902125042206586,0
lin,2,SR1482_40X_HE_T161_01,0,0.08663031104842014,0
lin,2,SR1482_40X_HE_T161_02,0,0.02352807331577264,0
lin,2,SR1482_40X_HE_T164_01,1,0.025202120148180043,0
lin,2,SR1482_40X_HE_T164_02,1,0.011593321998692617,0
lin,2,SR1482_40X_HE_T168_01,0,0.2392204002244574,0
lin,2,SR1482_40X_HE_T171_01,0,0.00010294049629385554,0
lin,2,SR1482_40X_HE_T171_02,0,5.1568712188448364e-05,0
lin,2,SR1482_40X_HE_T178_01,1,0.0015801953110151552,0
lin,2,SR1482_40X_HE_T186_01,0,0.01753798783549539,0
lin,2,SR1482_40X_HE_T193_01,0,5.615491315897617e-05,0
lin,2,SR1482_40X_HE_T193_02,0,0.016346703747618874,0
lin,2,SR1482_40X_HE_T209_01,0,0.0005365814681084575,0
lin,2,SR1482_40X_HE_T209_02,0,0.019251512967546604,0
lin,2,SR1482_40X_HE_T245_01,0,0.1291861379010169,0
lin,2,SR1482_40X_HE_T245_02,0,0.7017771594711132,1
lin,2,SR1482_40X_HE_T265_01,0,0.03502932004619961,0
lin,2,SR1482_40X_HE_T302_01,0,0.0009692554011086545,0
lin,2,SR1482_40X_HE_T343_01,1,0.00048605230297614797,0
lin,2,SR1482_40X_HE_T343_02,1,1.877583064125197e-09,0
lin,2,SR1482_40X_HE_T399_01,0,1.3412269601227342e-05,0
lin,2,SR1482_40X_HE_T399_02,0,4.716602944199976e-05,0
lin,2,SR1482_40X_HE_T426_01,0,8.398428500389238e-08,0
lin,2,SR1482_40X_HE_T426_02,0,1.0243819602237546e-06,0
lin,2,SR386_40X_HE_T001_01,0,0.013873250953046184,0
lin,2,SR386_40X_HE_T013_01,0,0.0019256014185970568,0
lin,2,SR386_40X_HE_T018_01,0,0.00019046517701035672,0
lin,2,SR386_40X_HE_T019_01,0,0.0005942348745732818,0
lin,2,SR386_40X_HE_T024_01,0,1.2297289062343766e-07,0
lin,2,SR386_40X_HE_T039_01,0,7.579309236407201e-07,0
lin,2,SR386_40X_HE_T040_01,1,0.9438335528467093,1
lin,2,SR386_40X_HE_T042_01,0,0.08508858983320214,0
lin,2,SR386_40X_HE_T047_01,0,1.6347943456593883e-05,0
lin,2,SR386_40X_HE_T051_01,0,1.4334617173323908e-06,0
lin,2,SR386_40X_HE_T052_01,0,0.00010104210072388584,0
lin,2,SR386_40X_HE_T056_01,0,6.675743732686302e-05,0
lin,2,SR386_40X_HE_T057_01,0,0.00012084619147501808,0
lin,2,SR386_40X_HE_T070_01,0,2.5423268173846923e-05,0
lin,2,SR386_40X_HE_T082_01,0,0.16164850399902422,0
lin,2,SR386_40X_HE_T084_01,0,4.48207441865727e-07,0
lin,2,SR386_40X_HE_T087_01,0,0.24524310479788258,0
lin,2,SR386_40X_HE_T088_01,0,0.0013953434770520427,0
lin,2,SR386_40X_HE_T098_01,0,0.5287643362935416,1
lin,2,SR386_40X_HE_T105_01,0,0.00019476026405983046,0
lin,2,SR386_40X_HE_T122_01,0,6.066028870084793e-06,0
lin,2,SR386_40X_HE_T123_01,0,0.03527598083831659,0
lin,2,SR386_40X_HE_T133_01,0,3.901015541058519e-06,0
lin,2,SR386_40X_HE_T145_01,0,0.0008934474281340613,0
lin,2,SR386_40X_HE_T150_01,0,0.15162381995200674,0
lin,2,SR386_40X_HE_T152_01,0,0.09096839779327974,0
lin,2,SR386_40X_HE_T155_01,0,0.002052727095387806,0
lin,2,SR386_40X_HE_T157_01,0,0.000500152157741072,0
lin,2,SR386_40X_HE_T164_01,0,0.0050089832934097234,0
lin,2,SR386_40X_HE_T166_01,0,0.003193399271239474,0
lin,2,SR386_40X_HE_T176_01,1,0.3982508188980294,0
lin,2,SR386_40X_HE_T177_01,0,5.288848495542569e-06,0
lin,2,SR386_40X_HE_T178_01,0,5.176318121866213e-05,0
lin,2,SR386_40X_HE_T187_01,0,0.0028569563277698238,0
lin,2,SR386_40X_HE_T190_01,0,5.251169301120724e-06,0
lin,2,SR386_40X_HE_T192_01,0,1.5340175864179185e-05,0
lin,2,SR386_40X_HE_T198_01,0,0.22631739445542046,0
lin,2,SR386_40X_HE_T200_01,0,0.0988740433481258,0
lin,2,SR386_40X_HE_T206_01,1,0.017228587860001445,0
lin,2,SR386_40X_HE_T211_01,0,0.0029272083791945557,0
lin,2,SR386_40X_HE_T213_01,0,1.172714106878801e-05,0
lin,2,SR386_40X_HE_T214_01,0,0.0030092415405822723,0
lin,2,SR386_40X_HE_T220_01,0,0.0290222853251305,0
lin,2,SR386_40X_HE_T230_01,1,0.17647646548796658,0
lin,2,SR386_40X_HE_T236_01,0,0.0007997078517533769,0
lin,2,SR386_40X_HE_T237_01,0,0.00029625730835225526,0
lin,2,SR386_40X_HE_T240_01,0,0.00041593012735668093,0
lin,2,SR386_40X_HE_T241_01,0,0.0001976988967284641,0
lin,2,SR386_40X_HE_T242_01,0,0.0011587950846112932,0
lin,2,SR386_40X_HE_T253_01,0,5.673400884986985e-08,0
lin,2,SR386_40X_HE_T260_01,0,7.279687880942917e-05,0
lin,2,SR386_40X_HE_T262_01,0,0.00510344689642907,0
lin,2,SR386_40X_HE_T264_01,0,0.00015271397715754595,0
lin,2,SR386_40X_HE_T271_01,0,1.846568328183013e-06,0
lin,2,SR386_40X_HE_T281_01,0,0.0008881992093749616,0
lin,2,SR386_40X_HE_T297_01,0,1.4718784867257212e-06,0
lin,2,SR386_40X_HE_T299_01,0,6.238906793476826e-06,0
lin,2,SR386_40X_HE_T301_01,0,9.389662952411883e-06,0
lin,2,SR386_40X_HE_T306_01,0,3.730490142574818e-05,0
lin,2,SR386_40X_HE_T309_01,0,4.385255334961106e-06,0
lin,2,SR386_40X_HE_T314_01,0,0.0009052152151239785,0
lin,2,SR386_40X_HE_T316_01,0,0.004183814621126534,0
lin,2,SR386_40X_HE_T318_01,0,0.020995927627662458,0
lin,2,SR386_40X_HE_T321_01,0,0.01579285770765262,0
lin,2,SR386_40X_HE_T326_01,0,0.002543276946974125,0
lin,2,SR386_40X_HE_T327_01,0,3.388917879736347e-06,0
lin,2,SR386_40X_HE_T332_01,1,0.003041472723674809,0
lin,2,SR386_40X_HE_T355_01,0,0.00017406342848467018,0
lin,2,SR386_40X_HE_T364_01,0,0.10467495186743876,0
lin,2,SR386_40X_HE_T368_01,1,0.00010878923450314938,0
lin,2,SR386_40X_HE_T374_01,0,6.766093206109462e-05,0
lin,2,SR386_40X_HE_T380_01,0,0.00023149107637436341,0
lin,2,SR386_40X_HE_T382_01,0,0.000971149137267423,0
lin,2,SR386_40X_HE_T392_01,0,0.018456542762905738,0
lin,2,SR386_40X_HE_T398_01,0,0.00018322565675008056,0
lin,2,SR386_40X_HE_T402_01,1,0.016114225476865876,0
lin,2,SR386_40X_HE_T404_01,0,2.4659783645399022e-06,0
lin,2,SR386_40X_HE_T415_01,0,2.432332819880274e-06,0
lin,2,SR386_40X_HE_T417_01,0,3.620736283992533e-07,0
lin,2,SR386_40X_HE_T425_01,0,0.00018634796312356954,0
lin,2,SR386_40X_HE_T436_01,1,0.00013960420144162425,0
lin,2,SR386_40X_HE_T437_01,0,0.004530791375052212,0
lin,2,SR386_40X_HE_T440_01,0,0.26507799082672234,0
lin,2,SR386_40X_HE_T445_01,0,0.000506758461805261,0
lin,2,SR386_40X_HE_T450_01,0,0.003543354830643228,0
lin,2,SR386_40X_HE_T459_01,0,0.2363011138914784,0
lin,2,SR386_40X_HE_T472_01,0,0.0003874104207254766,0
lin,2,SR386_40X_HE_T481_01,0,0.8546626856564787,1
lin,2,SR386_40X_HE_T483_01,0,0.022702436041620706,0
lin,2,SR386_40X_HE_T486_01,0,0.001649783112300199,0
lin,2,SR386_40X_HE_T488_01,0,0.018795829248037556,0
lin,2,SR386_40X_HE_T499_01,0,0.0001261741883226373,0
lin,2,SR386_40X_HE_T507_01,0,4.655158642919509e-05,0
lin,2,SR386_40X_HE_T514_01,0,0.001145241609936462,0
lin,2,SR386_40X_HE_T520_01,1,0.0004752710625469844,0
lin,2,SR386_40X_HE_T522_01,0,0.0005955111222907621,0
lin,2,SR386_40X_HE_T531_01,0,0.0018060717990685837,0
lin,2,SR386_40X_HE_T535_01,0,9.194848141685828e-07,0
lin,2,SR386_40X_HE_T539_01,0,0.017569302294035048,0
lin,2,SR386_40X_HE_T549_01,0,3.192523710932522e-06,0
lin,2,SR386_40X_HE_T552_01,0,1.2136761935499019e-05,0
lin,2,SR386_40X_HE_T553_01,0,0.005073337442017734,0
lin,2,SR386_40X_HE_T554_01,0,0.49160331193784085,0
lin,2,SR386_40X_HE_T558_01,0,6.187418510261544e-05,0
lin,2,SR386_40X_HE_T564_01,0,5.7570237840783966e-05,0
lin,2,SR386_40X_HE_T570_01,0,0.0001571624662116207,0
lin,2,SR386_40X_HE_T574_01,0,2.1832391098473777e-05,0
lin,2,SR386_40X_HE_T578_01,0,1.0333071639559067e-06,0
lin,2,SR386_40X_HE_T580_01,0,9.799293351284821e-06,0
lin,3,SR1482_40X_HE_T005_01,0,0.011518732288996017,0
lin,3,SR1482_40X_HE_T005_02,0,0.0003138518981916894,0
lin,3,SR1482_40X_HE_T010_01,0,7.962085829675544e-07,0
lin,3,SR1482_40X_HE_T043_01,0,0.0015602676450425044,0
lin,3,SR1482_40X_HE_T043_02,0,0.0008634719979314981,0
lin,3,SR1482_40X_HE_T049_01,0,1.4779470061175607e-05,0
lin,3,SR1482_40X_HE_T061_01,0,0.9696694715398352,1
lin,3,SR1482_40X_HE_T061_02,0,0.9811437205172379,1
lin,3,SR1482_40X_HE_T070_01,1,0.0008599464084037657,0
lin,3,SR1482_40X_HE_T073_01,0,0.00019650351064426873,0
lin,3,SR1482_40X_HE_T082_01,0,0.00040437227509950184,0
lin,3,SR1482_40X_HE_T082_02,0,0.00242075677730485,0
lin,3,SR1482_40X_HE_T089_01,0,4.539546031061134e-05,0
lin,3,SR1482_40X_HE_T090_01,0,3.5377758097842e-05,0
lin,3,SR1482_40X_HE_T094_01,1,0.512343895858692,1
lin,3,SR1482_40X_HE_T094_02,1,0.5266593112623983,1
lin,3,SR1482_40X_HE_T105_01,0,2.5501889293869635e-09,0
lin,3,SR1482_40X_HE_T115_01,0,0.0018738911527326142,0
lin,3,SR1482_40X_HE_T115_02,0,5.88526606069655e-06,0
lin,3,SR1482_40X_HE_T118_01,0,0.8704637983261707,1
lin,3,SR1482_40X_HE_T118_02,0,0.043044126890242174,0
lin,3,SR1482_40X_HE_T120_01,0,0.004373585006322026,0
lin,3,SR1482_40X_HE_T120_02,0,0.060036874031841075,0
lin,3,SR1482_40X_HE_T124_01,0,0.5778914484868242,1
lin,3,SR1482_40X_HE_T124_02,0,0.8731948868086826,1
lin,3,SR1482_40X_HE_T138_01,0,0.00038433616085640707,0
lin,3,SR1482_40X_HE_T160_01,0,2.3667013173233975e-07,0
lin,3,SR1482_40X_HE_T160_02,0,5.067597407102113e-07,0
lin,3,SR1482_40X_HE_T167_01,0,0.00017283326924506396,0
lin,3,SR1482_40X_HE_T167_02,0,0.0006658924582803198,0
lin,3,SR1482_40X_HE_T175_01,0,0.13051825044188517,0
lin,3,SR1482_40X_HE_T175_02,0,0.013428675186538723,0
lin,3,SR1482_40X_HE_T177_01,1,3.681986922738209e-05,0
lin,3,SR1482_40X_HE_T188_01,0,0.840298721032944,1
lin,3,SR1482_40X_HE_T195_01,0,0.003532415648026768,0
lin,3,SR1482_40X_HE_T195_02,0,0.0037734297498475404,0
lin,3,SR1482_40X_HE_T202_01,0,9.637268451502618e-05,0
lin,3,SR1482_40X_HE_T202_02,0,3.3465327253062855e-06,0
lin,3,SR1482_40X_HE_T225_01,0,0.24604512008593896,0
lin,3,SR1482_40X_HE_T225_02,0,6.214455392443601e-08,0
lin,3,SR1482_40X_HE_T235_01,0,0.004701709571398907,0
lin,3,SR1482_40X_HE_T235_02,0,0.00042409631522115007,0
lin,3,SR1482_40X_HE_T236_01,0,7.422632623894861e-07,0
lin,3,SR1482_40X_HE_T236_02,0,1.3198993794710024e-06,0
lin,3,SR1482_40X_HE_T258_01,0,3.510105914388245e-06,0
lin,3,SR1482_40X_HE_T258_02,0,1.3420029113873469e-05,0
lin,3,SR1482_40X_HE_T284_01,1,0.00040216408496812227,0
lin,3,SR1482_40X_HE_T284_02,1,0.0005857375120504248,0
lin,3,SR1482_40X_HE_T301_01,1,0.0002055451578440123,0
lin,3,SR1482_40X_HE_T301_02,1,1.6196300490304351e-06,0
lin,3,SR1482_40X_HE_T309_01,0,0.0012152177004642398,0
lin,3,SR1482_40X_HE_T313_01,0,0.00033196996763468683,0
lin,3,SR1482_40X_HE_T313_02,0,0.0008717880365265057,0
lin,3,SR1482_40X_HE_T338_01,0,0.0011650675026538793,0
lin,3,SR1482_40X_HE_T344_01,0,0.00010264049431054843,0
lin,3,SR1482_40X_HE_T344_02,0,0.12385278565087647,0
lin,3,SR1482_40X_HE_T346_01,0,0.011381514408184756,0
lin,3,SR1482_40X_HE_T346_02,0,0.018127266863419107,0
lin,3,SR1482_40X_HE_T377_01,0,0.0007203467920324282,0
lin,3,SR1482_40X_HE_T377_02,0,0.0003498555209048372,0
lin,3,SR1482_40X_HE_T419_01,0,0.00033293427602348256,0
lin,3,SR1482_40X_HE_T427_01,0,0.0007099192826350751,0
lin,3,SR1482_40X_HE_T427_02,0,0.0008020023383502252,0
lin,3,SR386_40X_HE_T007_01,0,0.017164421466604397,0
lin,3,SR386_40X_HE_T015_01,0,0.0011888762685689468,0
lin,3,SR386_40X_HE_T017_01,1,0.525336790673847,1
lin,3,SR386_40X_HE_T032_01,0,0.0002609616106351707,0
lin,3,SR386_40X_HE_T034_01,0,0.0002471122824050334,0
lin,3,SR386_40X_HE_T035_01,0,0.0021630034693998,0
lin,3,SR386_40X_HE_T041_01,0,0.008186121308518689,0
lin,3,SR386_40X_HE_T067_01,0,9.62402661587954e-07,0
lin,3,SR386_40X_HE_T075_01,0,4.965324749139748e-05,0
lin,3,SR386_40X_HE_T081_01,0,0.804461115898548,1
lin,3,SR386_40X_HE_T083_01,0,0.029925984648249485,0
lin,3,SR386_40X_HE_T085_01,0,5.356217129357647e-05,0
lin,3,SR386_40X_HE_T095_01,0,9.918349932955008e-05,0
lin,3,SR386_40X_HE_T104_01,0,0.08570625369191712,0
lin,3,SR386_40X_HE_T106_01,0,6.898913074615896e-05,0
lin,3,SR386_40X_HE_T112_01,0,0.0009310910246828947,0
lin,3,SR386_40X_HE_T128_01,0,3.561239512840928e-05,0
lin,3,SR386_40X_HE_T132_01,0,2.2023637520915236e-07,0
lin,3,SR386_40X_HE_T138_01,0,0.0003641749429055179,0
lin,3,SR386_40X_HE_T142_01,0,0.060204650785184735,0
lin,3,SR386_40X_HE_T149_01,0,0.011859387716608593,0
lin,3,SR386_40X_HE_T165_01,1,0.8392529398689852,1
lin,3,SR386_40X_HE_T179_01,0,0.06012077222055677,0
lin,3,SR386_40X_HE_T180_01,0,0.021256320588523767,0
lin,3,SR386_40X_HE_T182_01,0,5.613440583962416e-06,0
lin,3,SR386_40X_HE_T184_01,0,0.005202169513998475,0
lin,3,SR386_40X_HE_T188_01,0,9.138397822510985e-06,0
lin,3,SR386_40X_HE_T191_01,0,0.0009457524466530884,0
lin,3,SR386_40X_HE_T197_01,0,0.000810082234990387,0
lin,3,SR386_40X_HE_T201_01,0,2.5543671002410383e-05,0
lin,3,SR386_40X_HE_T202_01,0,1.5737271396028584e-05,0
lin,3,SR386_40X_HE_T208_01,0,1.5334936757021436e-05,0
lin,3,SR386_40X_HE_T216_01,1,0.0549973654552005,0
lin,3,SR386_40X_HE_T238_01,0,1.6246023150419969e-06,0
lin,3,SR386_40X_HE_T244_01,0,6.419110622662019e-07,0
lin,3,SR386_40X_HE_T248_01,0,0.00019815345197399695,0
lin,3,SR386_40X_HE_T249_01,0,9.250126178271847e-06,0
lin,3,SR386_40X_HE_T250_01,0,2.4251294010935486e-06,0
lin,3,SR386_40X_HE_T263_01,0,0.0006077154222569986,0
lin,3,SR386_40X_HE_T267_01,0,0.008888838934064511,0
lin,3,SR386_40X_HE_T269_01,0,0.0019905713156209742,0
lin,3,SR386_40X_HE_T277_01,0,2.4402670253753203e-05,0
lin,3,SR386_40X_HE_T286_01,0,0.00186308824492102,0
lin,3,SR386_40X_HE_T287_01,0,0.7791722827497966,1
lin,3,SR386_40X_HE_T290_01,0,0.0011977436710591109,0
lin,3,SR386_40X_HE_T293_01,0,1.17855437070701e-05,0
lin,3,SR386_40X_HE_T298_01,0,1.0553853794384929e-05,0
lin,3,SR386_40X_HE_T303_01,0,5.356066200929518e-06,0
lin,3,SR386_40X_HE_T312_01,0,0.006249898313053257,0
lin,3,SR386_40X_HE_T329_01,0,0.030423485691213,0
lin,3,SR386_40X_HE_T336_01,0,0.0027945112256046543,0
lin,3,SR386_40X_HE_T338_01,0,0.00021112084253192094,0
lin,3,SR386_40X_HE_T342_01,0,2.6164493519111174e-06,0
lin,3,SR386_40X_HE_T353_01,0,5.1671963486777944e-05,0
lin,3,SR386_40X_HE_T357_01,0,5.70764681653811e-08,0
lin,3,SR386_40X_HE_T362_01,0,1.723172168572162e-05,0
lin,3,SR386_40X_HE_T363_01,1,0.08055377535950406,0
lin,3,SR386_40X_HE_T372_01,0,0.011790866622008758,0
lin,3,SR386_40X_HE_T378_01,0,8.9940305646878e-06,0
lin,3,SR386_40X_HE_T379_01,0,0.0006456170125803312,0
lin,3,SR386_40X_HE_T386_01,0,0.004521386357521671,0
lin,3,SR386_40X_HE_T387_01,0,3.7903809082284888e-06,0
lin,3,SR386_40X_HE_T393_01,0,2.5820978576034055e-05,0
lin,3,SR386_40X_HE_T397_01,0,0.0297143839401036,0
lin,3,SR386_40X_HE_T406_01,0,0.9203497575518301,1
lin,3,SR386_40X_HE_T409_01,0,6.671700530587982e-05,0
lin,3,SR386_40X_HE_T422_01,0,4.463544141725849e-05,0
lin,3,SR386_40X_HE_T426_01,0,2.380609948689076e-05,0
lin,3,SR386_40X_HE_T433_01,0,0.004577132381648728,0
lin,3,SR386_40X_HE_T443_01,0,0.04392074650825124,0
lin,3,SR386_40X_HE_T448_01,0,0.0009498727857400143,0
lin,3,SR386_40X_HE_T452_01,0,0.04069129644361397,0
lin,3,SR386_40X_HE_T460_01,1,0.15796398125287123,0
lin,3,SR386_40X_HE_T473_01,0,2.5922267084651918e-05,0
lin,3,SR386_40X_HE_T475_01,0,1.6801688633094468e-06,0
lin,3,SR386_40X_HE_T478_01,0,0.00023341180720384998,0
lin,3,SR386_40X_HE_T489_01,1,4.741234634879739e-06,0
lin,3,SR386_40X_HE_T491_01,0,0.002503356737259549,0
lin,3,SR386_40X_HE_T492_01,0,8.141735581335715e-05,0
lin,3,SR386_40X_HE_T493_01,0,4.952616257577279e-07,0
lin,3,SR386_40X_HE_T502_01,0,2.0755600755074627e-05,0
lin,3,SR386_40X_HE_T505_01,0,0.0013194987551942922,0
lin,3,SR386_40X_HE_T506_01,0,2.376189079832388e-05,0
lin,3,SR386_40X_HE_T509_01,0,0.00012109858246842234,0
lin,3,SR386_40X_HE_T516_01,0,0.02091089675611588,0
lin,3,SR386_40X_HE_T518_01,0,3.838321755896142e-06,0
lin,3,SR386_40X_HE_T519_01,0,0.00207779517243271,0
lin,3,SR386_40X_HE_T521_01,0,5.41201617720856e-05,0
lin,3,SR386_40X_HE_T526_01,0,1.7408970343379811e-06,0
lin,3,SR386_40X_HE_T533_01,0,1.7851684830558123e-05,0
lin,3,SR386_40X_HE_T543_01,0,3.50808525052079e-05,0
lin,3,SR386_40X_HE_T544_01,0,0.00028604907766268577,0
lin,3,SR386_40X_HE_T556_01,1,0.01235001504688605,0
lin,3,SR386_40X_HE_T560_01,0,0.0028796385092050205,0
lin,3,SR386_40X_HE_T563_01,0,8.450672333262506e-05,0
lin,3,SR386_40X_HE_T568_01,0,0.028951328613714855,0
lin,3,SR386_40X_HE_T571_01,0,0.0005536836798350731,0
lin,3,SR386_40X_HE_T572_01,0,0.0006548218505648584,0
lin,3,SR386_40X_HE_T573_01,0,0.01610991793616064,0
lin,3,SR386_40X_HE_T583_01,0,0.0013553882588897674,0
lin,4,SR1482_40X_HE_T002_01,0,1.249639615392584e-05,0
lin,4,SR1482_40X_HE_T003_01,0,0.000672596594376645,0
lin,4,SR1482_40X_HE_T004_01,0,5.1353251507843895e-06,0
lin,4,SR1482_40X_HE_T004_02,0,3.407867951247965e-07,0
lin,4,SR1482_40X_HE_T011_01,0,4.950022299213004e-08,0
lin,4,SR1482_40X_HE_T025_01,0,0.13781154131488013,0
lin,4,SR1482_40X_HE_T025_02,0,0.43600353005471026,0
lin,4,SR1482_40X_HE_T060_01,0,0.0010306317077103976,0
lin,4,SR1482_40X_HE_T062_01,0,0.03279874327785569,0
lin,4,SR1482_40X_HE_T062_02,0,0.8557676498931277,1
lin,4,SR1482_40X_HE_T064_01,0,0.1906288870991393,0
lin,4,SR1482_40X_HE_T064_02,0,0.00028737609501136265,0
lin,4,SR1482_40X_HE_T071_01,0,0.00017929389104586791,0
lin,4,SR1482_40X_HE_T071_02,0,0.0003356627205787182,0
lin,4,SR1482_40X_HE_T074_01,0,0.0001468252721214258,0
lin,4,SR1482_40X_HE_T074_02,0,0.0001023812078394873,0
lin,4,SR1482_40X_HE_T083_01,0,0.7438478627457177,1
lin,4,SR1482_40X_HE_T083_02,0,0.004454520350334317,0
lin,4,SR1482_40X_HE_T087_01,0,5.681482100494885e-05,0
lin,4,SR1482_40X_HE_T097_01,1,0.7936151482062201,1
lin,4,SR1482_40X_HE_T097_02,1,0.3571015897357165,0
lin,4,SR1482_40X_HE_T108_01,0,2.6571880555841254e-08,0
lin,4,SR1482_40X_HE_T113_01,0,0.00013190417450004833,0
lin,4,SR1482_40X_HE_T113_02,0,0.07044786589017414,0
lin,4,SR1482_40X_HE_T121_01,0,8.066209180347765e-09,0
lin,4,SR1482_40X_HE_T122_01,0,2.8195325611380503e-07,0
lin,4,SR1482_40X_HE_T125_01,0,0.00016574445377193865,0
lin,4,SR1482_40X_HE_T125_02,0,8.196247092755708e-06,0
lin,4,SR1482_40X_HE_T131_01,0,0.00012296811774737247,0
lin,4,SR1482_40X_HE_T131_02,0,0.47142506248135024,0
lin,4,SR1482_40X_HE_T132_01,0,2.80471110517542e-05,0
lin,4,SR1482_40X_HE_T132_02,0,4.583775528074899e-05,0
lin,4,SR1482_40X_HE_T143_01,0,0.9896934378167737,1
lin,4,SR1482_40X_HE_T143_02,0,0.020247954183796272,0
lin,4,SR1482_40X_HE_T166_01,1,0.0005724939088306502,0
lin,4,SR1482_40X_HE_T169_01,0,0.01130176341895876,0
lin,4,SR1482_40X_HE_T176_01,1,0.9999806788765603,1
lin,4,SR1482_40X_HE_T176_02,1,0.9999899294060991,1
lin,4,SR1482_40X_HE_T191_01,0,1.4666129657484862e-06,0
lin,4,SR1482_40X_HE_T194_01,0,0.8424172636077377,1
lin,4,SR1482_40X_HE_T218_01,0,5.417678672547879e-07,0
lin,4,SR1482_40X_HE_T253_01,0,6.499092788602598e-07,0
lin,4,SR1482_40X_HE_T290_01,0,0.03485450857074521,0
lin,4,SR1482_40X_HE_T308_01,0,0.00012078099276610347,0
lin,4,SR1482_40X_HE_T314_01,0,0.10245901525385273,0
lin,4,SR1482_40X_HE_T314_02,0,0.9921543762906241,1
lin,4,SR1482_40X_HE_T372_01,1,0.9314361331208565,1
lin,4,SR1482_40X_HE_T372_02,1,0.0008676544278034379,0
lin,4,SR1482_40X_HE_T408_01,0,5.38579195361131e-06,0
lin,4,SR1482_40X_HE_T412_01,0,2.87584023766613e-05,0
lin,4,SR1482_40X_HE_T425_01,0,1.8542951685843817e-07,0
lin,4,SR1482_40X_HE_T434_01,1,0.0033877969959723517,0
lin,4,SR386_40X_HE_T006_01,0,3.237352722745111e-06,0
lin,4,SR386_40X_HE_T010_01,0,0.000691976719636838,0
lin,4,SR386_40X_HE_T014_01,0,0.0014808720090002244,0
lin,4,SR386_40X_HE_T016_01,0,1.2829844427624555e-05,0
lin,4,SR386_40X_HE_T020_01,0,8.124875411603819e-08,0
lin,4,SR386_40X_HE_T027_01,0,0.0013415604961768055,0
lin,4,SR386_40X_HE_T028_01,0,2.1767253361256064e-06,0
lin,4,SR386_40X_HE_T037_01,0,1.1613537910720175e-06,0
lin,4,SR386_40X_HE_T043_01,0,1.906538409941584e-06,0
lin,4,SR386_40X_HE_T044_01,1,0.007379503389712805,0
lin,4,SR386_40X_HE_T046_01,0,0.0015940168856554827,0
lin,4,SR386_40X_HE_T058_01,0,8.624022013802301e-06,0
lin,4,SR386_40X_HE_T062_01,0,1.4173333467251896e-08,0
lin,4,SR386_40X_HE_T065_01,1,0.0022804553701231954,0
lin,4,SR386_40X_HE_T080_01,0,5.8274605248087676e-05,0
lin,4,SR386_40X_HE_T091_01,0,5.85375029748526e-05,0
lin,4,SR386_40X_HE_T094_01,0,1.1241635197042795e-08,0
lin,4,SR386_40X_HE_T097_01,0,5.1830100379788056e-05,0
lin,4,SR386_40X_HE_T100_01,0,4.3380612573137194e-07,0
lin,4,SR386_40X_HE_T107_01,0,0.0003655074028310207,0
lin,4,SR386_40X_HE_T109_01,1,0.005293320518939618,0
lin,4,SR386_40X_HE_T110_01,0,0.00829204055696947,0
lin,4,SR386_40X_HE_T117_01,0,0.0002698866843611243,0
lin,4,SR386_40X_HE_T127_01,0,8.865138620106124e-07,0
lin,4,SR386_40X_HE_T129_01,0,3.4014096172862464e-08,0
lin,4,SR386_40X_HE_T136_01,0,0.00010832379112912282,0
lin,4,SR386_40X_HE_T154_01,0,0.0005763036102050624,0
lin,4,SR386_40X_HE_T168_01,1,0.5498297729232557,1
lin,4,SR386_40X_HE_T175_01,0,1.379144436776497e-05,0
lin,4,SR386_40X_HE_T189_01,0,2.0124412544845506e-07,0
lin,4,SR386_40X_HE_T195_01,0,6.211304067329815e-07,0
lin,4,SR386_40X_HE_T227_01,0,0.00016534119563754385,0
lin,4,SR386_40X_HE_T233_01,0,0.018106427686275357,0
lin,4,SR386_40X_HE_T234_01,0,0.007641860559623038,0
lin,4,SR386_40X_HE_T235_01,0,0.00011410538973183854,0
lin,4,SR386_40X_HE_T239_01,0,0.034271136285940945,0
lin,4,SR386_40X_HE_T245_01,0,2.0592917733028224e-06,0
lin,4,SR386_40X_HE_T256_01,0,0.001166913563982998,0
lin,4,SR386_40X_HE_T265_01,0,0.00023534588898857511,0
lin,4,SR386_40X_HE_T268_01,0,0.00018642805028272136,0
lin,4,SR386_40X_HE_T270_01,0,4.451695842547305e-05,0
lin,4,SR386_40X_HE_T272_01,0,0.0784129688371253,0
lin,4,SR386_40X_HE_T273_01,0,0.1290859314513691,0
lin,4,SR386_40X_HE_T276_01,0,0.0038203567846007555,0
lin,4,SR386_40X_HE_T278_01,1,0.911100842584467,1
lin,4,SR386_40X_HE_T284_01,0,0.00034860640858254253,0
lin,4,SR386_40X_HE_T285_01,0,6.0270642832432315e-05,0
lin,4,SR386_40X_HE_T288_01,0,0.00011105593582207935,0
lin,4,SR386_40X_HE_T291_01,0,9.416402494213052e-05,0
lin,4,SR386_40X_HE_T300_01,0,0.0016863831344059643,0
lin,4,SR386_40X_HE_T302_01,0,9.507480547101126e-05,0
lin,4,SR386_40X_HE_T305_01,0,0.00018675623642340085,0
lin,4,SR386_40X_HE_T308_01,0,8.450347502044449e-05,0
lin,4,SR386_40X_HE_T325_01,0,0.0001752128264101726,0
lin,4,SR386_40X_HE_T331_01,0,0.00012753707691125018,0
lin,4,SR386_40X_HE_T341_01,0,0.06462202952299073,0
lin,4,SR386_40X_HE_T343_01,1,3.0732516263523586e-05,0
lin,4,SR386_40X_HE_T346_01,0,0.712913122942771,1
lin,4,SR386_40X_HE_T352_01,0,0.0063943026334615,0
lin,4,SR386_40X_HE_T373_01,0,0.014175063154130984,0
lin,4,SR386_40X_HE_T375_01,0,0.650306337271812,1
lin,4,SR386_40X_HE_T381_01,0,1.4598975763312428e-05,0
lin,4,SR386_40X_HE_T389_01,0,0.0001748190190533599,0
lin,4,SR386_40X_HE_T391_01,0,0.009669043405482068,0
lin,4,SR386_40X_HE_T394_01,0,6.28274960657455e-06,0
lin,4,SR386_40X_HE_T399_01,0,0.07021692877716776,0
lin,4,SR386_40X_HE_T403_01,0,1.6558019067772879e-06,0
lin,4,SR386_40X_HE_T405_01,0,0.014015948433028903,0
lin,4,SR386_40X_HE_T407_01,0,0.0001307392104160441,0
lin,4,SR386_40X_HE_T414_01,0,0.0010550286838140516,0
lin,4,SR386_40X_HE_T424_01,0,9.53031663738705e-05,0
lin,4,SR386_40X_HE_T429_01,0,0.0007801046115454326,0
lin,4,SR386_40X_HE_T441_01,0,0.02317870260323636,0
lin,4,SR386_40X_HE_T451_01,0,0.001295635837680892,0
lin,4,SR386_40X_HE_T453_01,0,4.631264089733716e-05,0
lin,4,SR386_40X_HE_T455_01,0,7.995829949039055e-05,0
lin,4,SR386_40X_HE_T465_01,0,0.00023791526582673817,0
lin,4,SR386_40X_HE_T474_01,0,0.11011479285838628,0
lin,4,SR386_40X_HE_T476_01,0,0.07067976801756766,0
lin,4,SR386_40X_HE_T479_01,0,7.43406798581493e-05,0
lin,4,SR386_40X_HE_T482_01,0,0.079482731564611,0
lin,4,SR386_40X_HE_T487_01,0,3.1978313257969245e-05,0
lin,4,SR386_40X_HE_T490_01,0,6.65514802614899e-06,0
lin,4,SR386_40X_HE_T494_01,0,9.786940758275449e-05,0
lin,4,SR386_40X_HE_T500_01,0,5.515488949177759e-05,0
lin,4,SR386_40X_HE_T510_01,0,0.0008389059606291996,0
lin,4,SR386_40X_HE_T524_01,0,0.0005061469367753985,0
lin,4,SR386_40X_HE_T528_01,0,0.07403373113087668,0
lin,4,SR386_40X_HE_T532_01,0,1.1673693695393093e-05,0
lin,4,SR386_40X_HE_T534_01,0,0.08279291511212161,0
lin,4,SR386_40X_HE_T536_01,0,4.658842621523085e-06,0
lin,4,SR386_40X_HE_T537_01,0,0.0031256816204305793,0
lin,4,SR386_40X_HE_T541_01,0,8.96876206731474e-05,0
lin,4,SR386_40X_HE_T548_01,1,0.4053261520400441,0
lin,4,SR386_40X_HE_T550_01,0,0.010442647408748548,0
lin,4,SR386_40X_HE_T551_01,0,7.601948023182444e-07,0
lin,4,SR386_40X_HE_T557_01,0,9.589837221235799e-05,0
lin,4,SR386_40X_HE_T565_01,0,0.00010777146973188751,0
lin,4,SR386_40X_HE_T567_01,0,0.00011831500172182046,0
lin,4,SR386_40X_HE_T575_01,0,0.012050151762561042,0
lin,4,SR386_40X_HE_T576_01,0,0.00011030197198058583,0
lin,4,SR386_40X_HE_T581_01,0,1.1700086129886328e-05,0
ann,1,SR1482_40X_HE_T029_01,0,0.5226845145225525,1
ann,1,SR1482_40X_HE_T029_02,0,0.42987173795700073,0
ann,1,SR1482_40X_HE_T057_01,0,0.2795887291431427,0
ann,1,SR1482_40X_HE_T063_01,1,0.869727611541748,1
ann,1,SR1482_40X_HE_T063_02,1,0.4982740879058838,0
ann,1,SR1482_40X_HE_T065_01,0,0.5748012661933899,1
ann,1,SR1482_40X_HE_T065_02,0,0.3881368339061737,0
ann,1,SR1482_40X_HE_T066_01,0,0.4802573621273041,0
ann,1,SR1482_40X_HE_T066_02,0,0.7446923851966858,1
ann,1,SR1482_40X_HE_T068_01,0,0.2338351607322693,0
ann,1,SR1482_40X_HE_T069_01,0,0.31981512904167175,0
ann,1,SR1482_40X_HE_T069_02,0,0.4409153461456299,0
ann,1,SR1482_40X_HE_T079_01,1,0.4890255331993103,0
ann,1,SR1482_40X_HE_T079_02,1,0.646696925163269,1
ann,1,SR1482_40X_HE_T080_01,0,0.5329924821853638,1
ann,1,SR1482_40X_HE_T080_02,0,0.4239647686481476,0
ann,1,SR1482_40X_HE_T081_01,0,0.37366050481796265,0
ann,1,SR1482_40X_HE_T081_02,0,0.3586178719997406,0
ann,1,SR1482_40X_HE_T099_01,0,0.2973664700984955,0
ann,1,SR1482_40X_HE_T116_01,0,0.5007447004318237,1
ann,1,SR1482_40X_HE_T117_01,0,0.5445672273635864,1
ann,1,SR1482_40X_HE_T117_02,0,0.47339901328086853,0
ann,1,SR1482_40X_HE_T126_01,0,0.338530957698822,0
ann,1,SR1482_40X_HE_T129_01,0,0.48068150877952576,0
ann,1,SR1482_40X_HE_T129_02,0,0.7573422193527222,1
ann,1,SR1482_40X_HE_T139_01,0,0.6937000155448914,1
ann,1,SR1482_40X_HE_T139_02,0,0.7126630544662476,1
ann,1,SR1482_40X_HE_T147_01,0,0.8319970965385437,1
ann,1,SR1482_40X_HE_T147_02,0,0.678053081035614,1
ann,1,SR1482_40X_HE_T159_01,0,0.5282434821128845,1
ann,1,SR1482_40X_HE_T159_02,0,0.5268723368644714,1
ann,1,SR1482_40X_HE_T192_01,0,0.5038295388221741,1
ann,1,SR1482_40X_HE_T199_01,0,0.415154367685318,0
ann,1,SR1482_40X_HE_T304_01,0,0.5008948445320129,1
ann,1,SR1482_40X_HE_T304_02,0,0.24690885841846466,0
ann,1,SR1482_40X_HE_T310_01,1,0.451811283826828,0
ann,1,SR1482_40X_HE_T310_02,1,0.31695660948753357,0
ann,1,SR1482_40X_HE_T341_01,0,0.28397446870803833,0
ann,1,SR1482_40X_HE_T341_02,0,0.25611796975135803,0
ann,1,SR1482_40X_HE_T353_01,0,0.5554173588752747,1
ann,1,SR1482_40X_HE_T390_01,0,0.38191065192222595,0
ann,1,SR1482_40X_HE_T433_01,1,0.49142107367515564,0
ann,1,SR386_40X_HE_T003_01,0,0.43673500418663025,0
ann,1,SR386_40X_HE_T004_01,0,0.342466801404953,0
ann,1,SR386_40X_HE_T022_01,1,0.7593917846679688,1
ann,1,SR386_40X_HE_T030_01,0,0.511898398399353,1
ann,1,SR386_40X_HE_T033_01,0,0.37215542793273926,0
ann,1,SR386_40X_HE_T036_01,0,0.35550349950790405,0
ann,1,SR386_40X_HE_T038_01,0,0.45487844944000244,0
ann,1,SR386_40X_HE_T049_01,0,0.276078999042511,0
ann,1,SR386_40X_HE_T050_01,0,0.31696733832359314,0
ann,1,SR386_40X_HE_T060_01,0,0.5003315806388855,1
ann,1,SR386_40X_HE_T063_01,0,0.5459975004196167,1
ann,1,SR386_40X_HE_T066_01,0,0.47287601232528687,0
ann,1,SR386_40X_HE_T069_01,0,0.48561573028564453,0
ann,1,SR386_40X_HE_T072_01,0,0.34452617168426514,0
ann,1,SR386_40X_HE_T074_01,0,0.38910093903541565,0
ann,1,SR386_40X_HE_T078_01,0,0.2727186679840088,0
ann,1,SR386_40X_HE_T079_01,0,0.2815186381340027,0
ann,1,SR386_40X_HE_T092_01,1,0.4371120035648346,0
ann,1,SR386_40X_HE_T096_01,0,0.3349292278289795,0
ann,1,SR386_40X_HE_T099_01,0,0.6239222884178162,1
ann,1,SR386_40X_HE_T103_01,0,0.12896855175495148,0
ann,1,SR386_40X_HE_T108_01,0,0.3517818748950958,0
ann,1,SR386_40X_HE_T113_01,0,0.3732798099517822,0
ann,1,SR386_40X_HE_T114_01,0,0.3542475402355194,0
ann,1,SR386_40X_HE_T119_01,0,0.323294997215271,0
ann,1,SR386_40X_HE_T126_01,0,0.2870030701160431,0
ann,1,SR386_40X_HE_T130_01,0,0.20549002289772034,0
ann,1,SR386_40X_HE_T131_01,0,0.37975549697875977,0
ann,1,SR386_40X_HE_T135_01,0,0.6658739447593689,1
ann,1,SR386_40X_HE_T140_01,0,0.34929129481315613,0
ann,1,SR386_40X_HE_T144_01,0,0.5105125308036804,1
ann,1,SR386_40X_HE_T147_01,0,0.35098564624786377,0
ann,1,SR386_40X_HE_T148_01,0,0.45473310351371765,0
ann,1,SR386_40X_HE_T160_01,0,0.4706362187862396,0
ann,1,SR386_40X_HE_T169_01,0,0.24472825229167938,0
ann,1,SR386_40X_HE_T170_01,1,0.7762994766235352,1
ann,1,SR386_40X_HE_T172_01,0,0.7626767158508301,1
ann,1,SR386_40X_HE_T174_01,0,0.4248630702495575,0
ann,1,SR386_40X_HE_T181_01,0,0.2657383978366852,0
ann,1,SR386_40X_HE_T196_01,0,0.476776659488678,0
ann,1,SR386_40X_HE_T205_01,0,0.3645210266113281,0
ann,1,SR386_40X_HE_T209_01,0,0.38714513182640076,0
ann,1,SR386_40X_HE_T210_01,0,0.4935480058193207,0
ann,1,SR386_40X_HE_T212_01,0,0.4786238372325897,0
ann,1,SR386_40X_HE_T221_01,0,0.35867729783058167,0
ann,1,SR386_40X_HE_T224_01,0,0.39080506563186646,0
ann,1,SR386_40X_HE_T231_01,1,0.7185232639312744,1
ann,1,SR386_40X_HE_T232_01,0,0.28563475608825684,0
ann,1,SR386_40X_HE_T247_01,0,0.44456374645233154,0
ann,1,SR386_40X_HE_T252_01,0,0.3489321172237396,0
ann,1,SR386_40X_HE_T255_01,0,0.48861491680145264,0
ann,1,SR386_40X_HE_T259_01,1,0.4659399390220642,0
ann,1,SR386_40X_HE_T274_01,0,0.24093210697174072,0
ann,1,SR386_40X_HE_T275_01,0,0.5212821364402771,1
ann,1,SR386_40X_HE_T282_01,0,0.36490488052368164,0
ann,1,SR386_40X_HE_T294_01,0,0.7751380801200867,1
ann,1,SR386_40X_HE_T311_01,0,0.3352758288383484,0
ann,1,SR386_40X_HE_T315_01,0,0.3288608491420746,0
ann,1,SR386_40X_HE_T319_01,1,0.4197377562522888,0
ann,1,SR386_40X_HE_T324_01,1,0.4946884214878082,0
ann,1,SR386_40X_HE_T330_01,0,0.45397692918777466,0
ann,1,SR386_40X_HE_T333_01,0,0.5251559019088745,1
ann,1,SR386_40X_HE_T335_01,0,0.5364940762519836,1
ann,1,SR386_40X_HE_T337_01,0,0.4575992524623871,0
ann,1,SR386_40X_HE_T344_01,0,0.3365681767463684,0
ann,1,SR386_40X_HE_T347_01,0,0.3713364601135254,0
ann,1,SR386_40X_HE_T350_01,0,0.3255567252635956,0
ann,1,SR386_40X_HE_T351_01,0,0.5083256363868713,1
ann,1,SR386_40X_HE_T360_01,0,0.24640679359436035,0
ann,1,SR386_40X_HE_T361_01,0,0.35639262199401855,0
ann,1,SR386_40X_HE_T366_01,0,0.32893744111061096,0
ann,1,SR386_40X_HE_T377_01,1,0.648670494556427,1
ann,1,SR386_40X_HE_T384_01,0,0.3855224847793579,0
ann,1,SR386_40X_HE_T395_01,0,0.49596285820007324,0
ann,1,SR386_40X_HE_T396_01,0,0.575208306312561,1
ann,1,SR386_40X_HE_T401_01,0,0.4356068968772888,0
ann,1,SR386_40X_HE_T408_01,0,0.3049162030220032,0
ann,1,SR386_40X_HE_T410_01,0,0.3715490400791168,0
ann,1,SR386_40X_HE_T413_01,0,0.39056771993637085,0
ann,1,SR386_40X_HE_T416_01,0,0.3817971348762512,0
ann,1,SR386_40X_HE_T418_01,0,0.23668818175792694,0
ann,1,SR386_40X_HE_T419_01,0,0.40599676966667175,0
ann,1,SR386_40X_HE_T421_01,0,0.5504053235054016,1
ann,1,SR386_40X_HE_T423_01,0,0.3877360224723816,0
ann,1,SR386_40X_HE_T428_01,0,0.45177796483039856,0
ann,1,SR386_40X_HE_T430_01,0,0.3427997827529907,0
ann,1,SR386_40X_HE_T431_01,0,0.5522556900978088,1
ann,1,SR386_40X_HE_T435_01,0,0.660753607749939,1
ann,1,SR386_40X_HE_T438_01,0,0.3312701880931854,0
ann,1,SR386_40X_HE_T439_01,0,0.5112679600715637,1
ann,1,SR386_40X_HE_T447_01,0,0.4973849952220917,0
ann,1,SR386_40X_HE_T449_01,0,0.2883685231208801,0
ann,1,SR386_40X_HE_T454_01,0,0.282068133354187,0
ann,1,SR386_40X_HE_T456_01,0,0.2918267250061035,0
ann,1,SR386_40X_HE_T461_01,0,0.5170043110847473,1
ann,1,SR386_40X_HE_T462_01,0,0.3188137412071228,0
ann,1,SR386_40X_HE_T468_01,0,0.4839265048503876,0
ann,1,SR386_40X_HE_T469_01,1,0.39762720465660095,0
ann,1,SR386_40X_HE_T470_01,0,0.4471825957298279,0
ann,1,SR386_40X_HE_T471_01,0,0.40060096979141235,0
ann,1,SR386_40X_HE_T477_01,0,0.42331191897392273,0
ann,1,SR386_40X_HE_T480_01,0,0.6893050670623779,1
ann,1,SR386_40X_HE_T484_01,0,0.49218669533729553,0
ann,1,SR386_40X_HE_T495_01,0,0.23389379680156708,0
ann,1,SR386_40X_HE_T496_01,0,0.24413526058197021,0
ann,1,SR386_40X_HE_T498_01,0,0.7214832901954651,1
ann,1,SR386_40X_HE_T504_01,0,0.3594072759151459,0
ann,1,SR386_40X_HE_T511_01,0,0.3163755238056183,0
ann,1,SR386_40X_HE_T517_01,0,0.6834859251976013,1
ann,1,SR386_40X_HE_T523_01,0,0.3299529552459717,0
ann,1,SR386_40X_HE_T529_01,0,0.30791300535202026,0
ann,1,SR386_40X_HE_T542_01,0,0.32183486223220825,0
ann,1,SR386_40X_HE_T569_01,0,0.6516422033309937,1
ann,1,SR386_40X_HE_T582_01,0,0.25329604744911194,0
ann,2,SR1482_40X_HE_T009_01,0,0.33128708600997925,0
ann,2,SR1482_40X_HE_T009_02,0,0.16572824120521545,0
ann,2,SR1482_40X_HE_T015_01,0,0.8035248517990112,1
ann,2,SR1482_40X_HE_T021_01,0,0.2531996965408325,0
ann,2,SR1482_40X_HE_T067_01,0,0.38279375433921814,0
ann,2,SR1482_40X_HE_T075_01,0,0.32130834460258484,0
ann,2,SR1482_40X_HE_T075_02,0,0.3546852767467499,0
ann,2,SR1482_40X_HE_T098_01,0,0.27647852897644043,0
ann,2,SR1482_40X_HE_T098_02,0,0.27191177010536194,0
ann,2,SR1482_40X_HE_T102_01,0,0.4874047040939331,0
ann,2,SR1482_40X_HE_T123_01,0,0.3213339149951935,0
ann,2,SR1482_40X_HE_T142_01,0,0.184739887714386,0
ann,2,SR1482_40X_HE_T146_01,0,0.8864424824714661,1
ann,2,SR1482_40X_HE_T148_01,0,0.4773697555065155,0
ann,2,SR1482_40X_HE_T148_02,0,0.39067181944847107,0
ann,2,SR1482_40X_HE_T154_01,0,0.245409294962883,0
ann,2,SR1482_40X_HE_T158_01,0,0.3127654790878296,0
ann,2,SR1482_40X_HE_T161_01,0,0.645441472530365,1
ann,2,SR1482_40X_HE_T161_02,0,0.4858420491218567,0
ann,2,SR1482_40X_HE_T164_01,1,0.47202450037002563,0
ann,2,SR1482_40X_HE_T164_02,1,0.5513362288475037,1
ann,2,SR1482_40X_HE_T168_01,0,0.42130333185195923,0
ann,2,SR1482_40X_HE_T171_01,0,0.39861005544662476,0
ann,2,SR1482_40X_HE_T171_02,0,0.3541807234287262,0
ann,2,SR1482_40X_HE_T178_01,1,0.27951210737228394,0
ann,2,SR1482_40X_HE_T186_01,0,0.4025237262248993,0
ann,2,SR1482_40X_HE_T193_01,0,0.4566815197467804,0
ann,2,SR1482_40X_HE_T193_02,0,0.2977239489555359,0
ann,2,SR1482_40X_HE_T209_01,0,0.5533091425895691,1
ann,2,SR1482_40X_HE_T209_02,0,0.6440746784210205,1
ann,2,SR1482_40X_HE_T245_01,0,0.6045885682106018,1
ann,2,SR1482_40X_HE_T245_02,0,0.38308167457580566,0
ann,2,SR1482_40X_HE_T265_01,0,0.3595934510231018,0
ann,2,SR1482_40X_HE_T302_01,0,0.7769637703895569,1
ann,2,SR1482_40X_HE_T343_01,1,0.4994661211967468,0
ann,2,SR1482_40X_HE_T343_02,1,0.4152824282646179,0
ann,2,SR1482_40X_HE_T399_01,0,0.271980881690979,0
ann,2,SR1482_40X_HE_T399_02,0,0.3963647186756134,0
ann,2,SR1482_40X_HE_T426_01,0,0.2525150179862976,0
ann,2,SR1482_40X_HE_T426_02,0,0.3038458228111267,0
ann,2,SR386_40X_HE_T001_01,0,0.5246864557266235,1
ann,2,SR386_40X_HE_T013_01,0,0.5422086119651794,1
ann,2,SR386_40X_HE_T018_01,0,0.2670214772224426,0
ann,2,SR386_40X_HE_T019_01,0,0.264959454536438,0
ann,2,SR386_40X_HE_T024_01,0,0.17315934598445892,0
ann,2,SR386_40X_HE_T039_01,0,0.23602652549743652,0
ann,2,SR386_40X_HE_T040_01,1,0.8447474241256714,1
ann,2,SR386_40X_HE_T042_01,0,0.31355684995651245,0
ann,2,SR386_40X_HE_T047_01,0,0.32897400856018066,0
ann,2,SR386_40X_HE_T051_01,0,0.1982548087835312,0
ann,2,SR386_40X_HE_T052_01,0,0.2332647293806076,0
ann,2,SR386_40X_HE_T056_01,0,0.31134095788002014,0
ann,2,SR386_40X_HE_T057_01,0,0.35548779368400574,0
ann,2,SR386_40X_HE_T070_01,0,0.32518285512924194,0
ann,2,SR386_40X_HE_T082_01,0,0.832126259803772,1
ann,2,SR386_40X_HE_T084_01,0,0.929389476776123,1
ann,2,SR386_40X_HE_T087_01,0,0.626561164855957,1
ann,2,SR386_40X_HE_T088_01,0,0.3748075067996979,0
ann,2,SR386_40X_HE_T098_01,0,0.3919259011745453,0
ann,2,SR386_40X_HE_T105_01,0,0.2649381756782532,0
ann,2,SR386_40X_HE_T122_01,0,0.34404322504997253,0
ann,2,SR386_40X_HE_T123_01,0,0.34506070613861084,0
ann,2,SR386_40X_HE_T133_01,0,0.33585652709007263,0
ann,2,SR386_40X_HE_T145_01,0,0.24270543456077576,0
ann,2,SR386_40X_HE_T150_01,0,0.40476036071777344,0
ann,2,SR386_40X_HE_T152_01,0,0.3162837624549866,0
ann,2,SR386_40X_HE_T155_01,0,0.2725840210914612,0
ann,2,SR386_40X_HE_T157_01,0,0.5208848118782043,1
ann,2,SR386_40X_HE_T164_01,0,0.38234585523605347,0
ann,2,SR386_40X_HE_T166_01,0,0.32623493671417236,0
ann,2,SR386_40X_HE_T176_01,1,0.7141858339309692,1
ann,2,SR386_40X_HE_T177_01,0,0.29894840717315674,0
ann,2,SR386_40X_HE_T178_01,0,0.630257248878479,1
ann,2,SR386_40X_HE_T187_01,0,0.49610286951065063,0
ann,2,SR386_40X_HE_T190_01,0,0.2019328773021698,0
ann,2,SR386_40X_HE_T192_01,0,0.28889599442481995,0
ann,2,SR386_40X_HE_T198_01,0,0.38293105363845825,0
ann,2,SR386_40X_HE_T200_01,0,0.5125369429588318,1
ann,2,SR386_40X_HE_T206_01,1,0.2762804329395294,0
ann,2,SR386_40X_HE_T211_01,0,0.38545215129852295,0
ann,2,SR386_40X_HE_T213_01,0,0.20619431138038635,0
ann,2,SR386_40X_HE_T214_01,0,0.6356175541877747,1
ann,2,SR386_40X_HE_T220_01,0,0.3865690231323242,0
ann,2,SR386_40X_HE_T230_01,1,0.42359066009521484,0
ann,2,SR386_40X_HE_T236_01,0,0.44856786727905273,0
ann,2,SR386_40X_HE_T237_01,0,0.36479413509368896,0
ann,2,SR386_40X_HE_T240_01,0,0.2526552081108093,0
ann,2,SR386_40X_HE_T241_01,0,0.35108262300491333,0
ann,2,SR386_40X_HE_T242_01,0,0.4294494390487671,0
ann,2,SR386_40X_HE_T253_01,0,0.2763923108577728,0
ann,2,SR386_40X_HE_T260_01,0,0.4060247838497162,0
ann,2,SR386_40X_HE_T262_01,0,0.3671967685222626,0
ann,2,SR386_40X_HE_T264_01,0,0.20775188505649567,0
ann,2,SR386_40X_HE_T271_01,0,0.14987565577030182,0
ann,2,SR386_40X_HE_T281_01,0,0.3036876320838928,0
ann,2,SR386_40X_HE_T297_01,0,0.32062864303588867,0
ann,2,SR386_40X_HE_T299_01,0,0.18984195590019226,0
ann,2,SR386_40X_HE_T301_01,0,0.17665453255176544,0
ann,2,SR386_40X_HE_T306_01,0,0.3069912791252136,0
ann,2,SR386_40X_HE_T309_01,0,0.3192392885684967,0
ann,2,SR386_40X_HE_T314_01,0,0.32928285002708435,0
ann,2,SR386_40X_HE_T316_01,0,0.2005544751882553,0
ann,2,SR386_40X_HE_T318_01,0,0.31702616810798645,0
ann,2,SR386_40X_HE_T321_01,0,0.29622185230255127,0
ann,2,SR386_40X_HE_T326_01,0,0.3178688585758209,0
ann,2,SR386_40X_HE_T327_01,0,0.22308529913425446,0
ann,2,SR386_40X_HE_T332_01,1,0.42954736948013306,0
ann,2,SR386_40X_HE_T355_01,0,0.19566577672958374,0
ann,2,SR386_40X_HE_T364_01,0,0.5574071407318115,1
ann,2,SR386_40X_HE_T368_01,1,0.618563711643219,1
ann,2,SR386_40X_HE_T374_01,0,0.15187186002731323,0
ann,2,SR386_40X_HE_T380_01,0,0.19106662273406982,0
ann,2,SR386_40X_HE_T382_01,0,0.38588255643844604,0
ann,2,SR386_40X_HE_T392_01,0,0.256093829870224,0
ann,2,SR386_40X_HE_T398_01,0,0.2559831142425537,0
ann,2,SR386_40X_HE_T402_01,1,0.7107303738594055,1
ann,2,SR386_40X_HE_T404_01,0,0.3065606951713562,0
ann,2,SR386_40X_HE_T415_01,0,0.21224483847618103,0
ann,2,SR386_40X_HE_T417_01,0,0.17172132432460785,0
ann,2,SR386_40X_HE_T425_01,0,0.21420574188232422,0
ann,2,SR386_40X_HE_T436_01,1,0.11136272549629211,0
ann,2,SR386_40X_HE_T437_01,0,0.2503577172756195,0
ann,2,SR386_40X_HE_T440_01,0,0.4352068305015564,0
ann,2,SR386_40X_HE_T445_01,0,0.3716508746147156,0
ann,2,SR386_40X_HE_T450_01,0,0.29443857073783875,0
ann,2,SR386_40X_HE_T459_01,0,0.4158620536327362,0
ann,2,SR386_40X_HE_T472_01,0,0.29978153109550476,0
ann,2,SR386_40X_HE_T481_01,0,0.40362006425857544,0
ann,2,SR386_40X_HE_T483_01,0,0.35354551672935486,0
ann,2,SR386_40X_HE_T486_01,0,0.45330706238746643,0
ann,2,SR386_40X_HE_T488_01,0,0.4546763002872467,0
ann,2,SR386_40X_HE_T499_01,0,0.5709742903709412,1
ann,2,SR386_40X_HE_T507_01,0,0.2891174554824829,0
ann,2,SR386_40X_HE_T514_01,0,0.2389513999223709,0
ann,2,SR386_40X_HE_T520_01,1,0.25326207280158997,0
ann,2,SR386_40X_HE_T522_01,0,0.4472080171108246,0
ann,2,SR386_40X_HE_T531_01,0,0.19314788281917572,0
ann,2,SR386_40X_HE_T535_01,0,0.253544420003891,0
ann,2,SR386_40X_HE_T539_01,0,0.40531831979751587,0
ann,2,SR386_40X_HE_T549_01,0,0.1889609843492508,0
ann,2,SR386_40X_HE_T552_01,0,0.34537267684936523,0
ann,2,SR386_40X_HE_T553_01,0,0.41041505336761475,0
ann,2,SR386_40X_HE_T554_01,0,0.806860625743866,1
ann,2,SR386_40X_HE_T558_01,0,0.2954440712928772,0
ann,2,SR386_40X_HE_T564_01,0,0.1218203529715538,0
ann,2,SR386_40X_HE_T570_01,0,0.22372348606586456,0
ann,2,SR386_40X_HE_T574_01,0,0.27305540442466736,0
ann,2,SR386_40X_HE_T578_01,0,0.3857690989971161,0
ann,2,SR386_40X_HE_T580_01,0,0.20051328837871552,0
ann,3,SR1482_40X_HE_T005_01,0,0.46245047450065613,0
ann,3,SR1482_40X_HE_T005_02,0,0.3180241584777832,0
ann,3,SR1482_40X_HE_T010_01,0,0.28497451543807983,0
ann,3,SR1482_40X_HE_T043_01,0,0.4222053587436676,0
ann,3,SR1482_40X_HE_T043_02,0,0.3916696012020111,0
ann,3,SR1482_40X_HE_T049_01,0,0.2999485433101654,0
ann,3,SR1482_40X_HE_T061_01,0,0.49092957377433777,0
ann,3,SR1482_40X_HE_T061_02,0,0.48441511392593384,0
ann,3,SR1482_40X_HE_T070_01,1,0.29424041509628296,0
ann,3,SR1482_40X_HE_T073_01,0,0.24610669910907745,0
ann,3,SR1482_40X_HE_T082_01,0,0.3550235629081726,0
ann,3,SR1482_40X_HE_T082_02,0,0.47856226563453674,0
ann,3,SR1482_40X_HE_T089_01,0,0.3118875026702881,0
ann,3,SR1482_40X_HE_T090_01,0,0.3855631649494171,0
ann,3,SR1482_40X_HE_T094_01,1,0.31060564517974854,0
ann,3,SR1482_40X_HE_T094_02,1,0.6409909725189209,1
ann,3,SR1482_40X_HE_T105_01,0,0.16199888288974762,0
ann,3,SR1482_40X_HE_T115_01,0,0.37937167286872864,0
ann,3,SR1482_40X_HE_T115_02,0,0.34192323684692383,0
ann,3,SR1482_40X_HE_T118_01,0,0.7469874620437622,1
ann,3,SR1482_40X_HE_T118_02,0,0.568450391292572,1
ann,3,SR1482_40X_HE_T120_01,0,0.45347362756729126,0
ann,3,SR1482_40X_HE_T120_02,0,0.5216680765151978,1
ann,3,SR1482_40X_HE_T124_01,0,0.3634410798549652,0
ann,3,SR1482_40X_HE_T124_02,0,0.46257543563842773,0
ann,3,SR1482_40X_HE_T138_01,0,0.32107895612716675,0
ann,3,SR1482_40X_HE_T160_01,0,0.30279573798179626,0
ann,3,SR1482_40X_HE_T160_02,0,0.2958633303642273,0
ann,3,SR1482_40X_HE_T167_01,0,0.4870697557926178,0
ann,3,SR1482_40X_HE_T167_02,0,0.49420636892318726,0
ann,3,SR1482_40X_HE_T175_01,0,0.4639880657196045,0
ann,3,SR1482_40X_HE_T175_02,0,0.34958916902542114,0
ann,3,SR1482_40X_HE_T177_01,1,0.20265080034732819,0
ann,3,SR1482_40X_HE_T188_01,0,0.4982885420322418,0
ann,3,SR1482_40X_HE_T195_01,0,0.1839238554239273,0
ann,3,SR1482_40X_HE_T195_02,0,0.2211669534444809,0
ann,3,SR1482_40X_HE_T202_01,0,0.39181265234947205,0
ann,3,SR1482_40X_HE_T202_02,0,0.2285330593585968,0
ann,3,SR1482_40X_HE_T225_01,0,0.778687059879303,1
ann,3,SR1482_40X_HE_T225_02,0,0.26648789644241333,0
ann,3,SR1482_40X_HE_T235_01,0,0.4897926151752472,0
ann,3,SR1482_40X_HE_T235_02,0,0.4398421049118042,0
ann,3,SR1482_40X_HE_T236_01,0,0.23051096498966217,0
ann,3,SR1482_40X_HE_T236_02,0,0.28130581974983215,0
ann,3,SR1482_40X_HE_T258_01,0,0.34178751707077026,0
ann,3,SR1482_40X_HE_T258_02,0,0.3647710680961609,0
ann,3,SR1482_40X_HE_T284_01,1,0.6194886565208435,1
ann,3,SR1482_40X_HE_T284_02,1,0.46469706296920776,0
ann,3,SR1482_40X_HE_T301_01,1,0.4097173810005188,0
ann,3,SR1482_40X_HE_T301_02,1,0.22165712714195251,0
ann,3,SR1482_40X_HE_T309_01,0,0.31973835825920105,0
ann,3,SR1482_40X_HE_T313_01,0,0.57154381275177,1
ann,3,SR1482_40X_HE_T313_02,0,0.6119872331619263,1
ann,3,SR1482_40X_HE_T338_01,0,0.6497686505317688,1
ann,3,SR1482_40X_HE_T344_01,0,0.33798661828041077,0
ann,3,SR1482_40X_HE_T344_02,0,0.37469401955604553,0
ann,3,SR1482_40X_HE_T346_01,0,0.5967987179756165,1
ann,3,SR1482_40X_HE_T346_02,0,0.47134947776794434,0
ann,3,SR1482_40X_HE_T377_01,0,0.30260932445526123,0
ann,3,SR1482_40X_HE_T377_02,0,0.3878863751888275,0
ann,3,SR1482_40X_HE_T419_01,0,0.3105609118938446,0
ann,3,SR1482_40X_HE_T427_01,0,0.40473249554634094,0
ann,3,SR1482_40X_HE_T427_02,0,0.34991708397865295,0
ann,3,SR386_40X_HE_T007_01,0,0.41431424021720886,0
ann,3,SR386_40X_HE_T015_01,0,0.3466656804084778,0
ann,3,SR386_40X_HE_T017_01,1,0.4614022374153137,0
ann,3,SR386_40X_HE_T032_01,0,0.3427220284938812,0
ann,3,SR386_40X_HE_T034_01,0,0.3548470139503479,0
ann,3,SR386_40X_HE_T035_01,0,0.35436150431632996,0
ann,3,SR386_40X_HE_T041_01,0,0.4414830505847931,0
ann,3,SR386_40X_HE_T067_01,0,0.29264122247695923,0
ann,3,SR386_40X_HE_T075_01,0,0.36584511399269104,0
ann,3,SR386_40X_HE_T081_01,0,0.46973514556884766,0
ann,3,SR386_40X_HE_T083_01,0,0.28031256794929504,0
ann,3,SR386_40X_HE_T085_01,0,0.4215399920940399,0
ann,3,SR386_40X_HE_T095_01,0,0.3149977922439575,0
ann,3,SR386_40X_HE_T104_01,0,0.32981905341148376,0
ann,3,SR386_40X_HE_T106_01,0,0.395207017660141,0
ann,3,SR386_40X_HE_T112_01,0,0.48046642541885376,0
ann,3,SR386_40X_HE_T128_01,0,0.2843230962753296,0
ann,3,SR386_40X_HE_T132_01,0,0.2793109714984894,0
ann,3,SR386_40X_HE_T138_01,0,0.29301968216896057,0
ann,3,SR386_40X_HE_T142_01,0,0.387666255235672,0
ann,3,SR386_40X_HE_T149_01,0,0.31771326065063477,0
ann,3,SR386_40X_HE_T165_01,1,0.5497984886169434,1
ann,3,SR386_40X_HE_T179_01,0,0.4836011230945587,0
ann,3,SR386_40X_HE_T180_01,0,0.3328961730003357,0
ann,3,SR386_40X_HE_T182_01,0,0.38365834951400757,0
ann,3,SR386_40X_HE_T184_01,0,0.4656265079975128,0
ann,3,SR386_40X_HE_T188_01,0,0.4175148010253906,0
ann,3,SR386_40X_HE_T191_01,0,0.3485659658908844,0
ann,3,SR386_40X_HE_T197_01,0,0.3586268723011017,0
ann,3,SR386_40X_HE_T201_01,0,0.379894495010376,0
ann,3,SR386_40X_HE_T202_01,0,0.3252306580543518,0
ann,3,SR386_40X_HE_T208_01,0,0.30937206745147705,0
ann,3,SR386_40X_HE_T216_01,1,0.39015939831733704,0
ann,3,SR386_40X_HE_T238_01,0,0.24717828631401062,0
ann,3,SR386_40X_HE_T244_01,0,0.20813985168933868,0
ann,3,SR386_40X_HE_T248_01,0,0.3908306360244751,0
ann,3,SR386_40X_HE_T249_01,0,0.2798881530761719,0
ann,3,SR386_40X_HE_T250_01,0,0.34227651357650757,0
ann,3,SR386_40X_HE_T263_01,0,0.36379721760749817,0
ann,3,SR386_40X_HE_T267_01,0,0.5434848070144653,1
ann,3,SR386_40X_HE_T269_01,0,0.3159158527851105,0
ann,3,SR386_40X_HE_T277_01,0,0.33707767724990845,0
ann,3,SR386_40X_HE_T286_01,0,0.6742333769798279,1
ann,3,SR386_40X_HE_T287_01,0,0.3730158805847168,0
ann,3,SR386_40X_HE_T290_01,0,0.36024174094200134,0
ann,3,SR386_40X_HE_T293_01,0,0.31057652831077576,0
ann,3,SR386_40X_HE_T298_01,0,0.3247971534729004,0
ann,3,SR386_40X_HE_T303_01,0,0.2861543297767639,0
ann,3,SR386_40X_HE_T312_01,0,0.32920774817466736,0
ann,3,SR386_40X_HE_T329_01,0,0.6262636780738831,1
ann,3,SR386_40X_HE_T336_01,0,0.3991321921348572,0
ann,3,SR386_40X_HE_T338_01,0,0.3143598735332489,0
ann,3,SR386_40X_HE_T342_01,0,0.3863934874534607,0
ann,3,SR386_40X_HE_T353_01,0,0.3594048321247101,0
ann,3,SR386_40X_HE_T357_01,0,0.33118709921836853,0
ann,3,SR386_40X_HE_T362_01,0,0.30715301632881165,0
ann,3,SR386_40X_HE_T363_01,1,0.5386217832565308,1
ann,3,SR386_40X_HE_T372_01,0,0.4723954200744629,0
ann,3,SR386_40X_HE_T378_01,0,0.35062041878700256,0
ann,3,SR386_40X_HE_T379_01,0,0.42595401406288147,0
ann,3,SR386_40X_HE_T386_01,0,0.3664696216583252,0
ann,3,SR386_40X_HE_T387_01,0,0.2972845435142517,0
ann,3,SR386_40X_HE_T393_01,0,0.4104507863521576,0
ann,3,SR386_40X_HE_T397_01,0,0.5086532831192017,1
ann,3,SR386_40X_HE_T406_01,0,0.6639443039894104,1
ann,3,SR386_40X_HE_T409_01,0,0.3722940683364868,0
ann,3,SR386_40X_HE_T422_01,0,0.33617880940437317,0
ann,3,SR386_40X_HE_T426_01,0,0.30246955156326294,0
ann,3,SR386_40X_HE_T433_01,0,0.4778003692626953,0
ann,3,SR386_40X_HE_T443_01,0,0.6335847973823547,1
ann,3,SR386_40X_HE_T448_01,0,0.3761718273162842,0
ann,3,SR386_40X_HE_T452_01,0,0.6015169620513916,1
ann,3,SR386_40X_HE_T460_01,1,0.4379142224788666,0
ann,3,SR386_40X_HE_T473_01,0,0.45154547691345215,0
ann,3,SR386_40X_HE_T475_01,0,0.4284439980983734,0
ann,3,SR386_40X_HE_T478_01,0,0.3129146695137024,0
ann,3,SR386_40X_HE_T489_01,1,0.2563095986843109,0
ann,3,SR386_40X_HE_T491_01,0,0.47684380412101746,0
ann,3,SR386_40X_HE_T492_01,0,0.3582223951816559,0
ann,3,SR386_40X_HE_T493_01,0,0.35265791416168213,0
ann,3,SR386_40X_HE_T502_01,0,0.278519868850708,0
ann,3,SR386_40X_HE_T505_01,0,0.2370709627866745,0
ann,3,SR386_40X_HE_T506_01,0,0.3395577669143677,0
ann,3,SR386_40X_HE_T509_01,0,0.268471360206604,0
ann,3,SR386_40X_HE_T516_01,0,0.38304659724235535,0
ann,3,SR386_40X_HE_T518_01,0,0.3252999782562256,0
ann,3,SR386_40X_HE_T519_01,0,0.3549523651599884,0
ann,3,SR386_40X_HE_T521_01,0,0.3839161694049835,0
ann,3,SR386_40X_HE_T526_01,0,0.3316943049430847,0
ann,3,SR386_40X_HE_T533_01,0,0.39221858978271484,0
ann,3,SR386_40X_HE_T543_01,0,0.3574722409248352,0
ann,3,SR386_40X_HE_T544_01,0,0.28792932629585266,0
ann,3,SR386_40X_HE_T556_01,1,0.3076823651790619,0
ann,3,SR386_40X_HE_T560_01,0,0.3133446276187897,0
ann,3,SR386_40X_HE_T563_01,0,0.33616316318511963,0
ann,3,SR386_40X_HE_T568_01,0,0.389413446187973,0
ann,3,SR386_40X_HE_T571_01,0,0.30629611015319824,0
ann,3,SR386_40X_HE_T572_01,0,0.34786078333854675,0
ann,3,SR386_40X_HE_T573_01,0,0.4709339141845703,0
ann,3,SR386_40X_HE_T583_01,0,0.43081918358802795,0
ann,4,SR1482_40X_HE_T002_01,0,0.3009273409843445,0
ann,4,SR1482_40X_HE_T003_01,0,0.3569593131542206,0
ann,4,SR1482_40X_HE_T004_01,0,0.26061567664146423,0
ann,4,SR1482_40X_HE_T004_02,0,0.3381360173225403,0
ann,4,SR1482_40X_HE_T011_01,0,0.4466446340084076,0
ann,4,SR1482_40X_HE_T025_01,0,0.31780850887298584,0
ann,4,SR1482_40X_HE_T025_02,0,0.40412190556526184,0
ann,4,SR1482_40X_HE_T060_01,0,0.409008264541626,0
ann,4,SR1482_40X_HE_T062_01,0,0.6017813682556152,1
ann,4,SR1482_40X_HE_T062_02,0,0.7361541986465454,1
ann,4,SR1482_40X_HE_T064_01,0,0.4794529974460602,0
ann,4,SR1482_40X_HE_T064_02,0,0.3608379065990448,0
ann,4,SR1482_40X_HE_T071_01,0,0.6184006333351135,1
ann,4,SR1482_40X_HE_T071_02,0,0.5538012385368347,1
ann,4,SR1482_40X_HE_T074_01,0,0.3319106996059418,0
ann,4,SR1482_40X_HE_T074_02,0,0.36812329292297363,0
ann,4,SR1482_40X_HE_T083_01,0,0.536244809627533,1
ann,4,SR1482_40X_HE_T083_02,0,0.4380201995372772,0
ann,4,SR1482_40X_HE_T087_01,0,0.49797892570495605,0
ann,4,SR1482_40X_HE_T097_01,1,0.5211011171340942,1
ann,4,SR1482_40X_HE_T097_02,1,0.4077259302139282,0
ann,4,SR1482_40X_HE_T108_01,0,0.304359495639801,0
ann,4,SR1482_40X_HE_T113_01,0,0.3251791000366211,0
ann,4,SR1482_40X_HE_T113_02,0,0.4821833074092865,0
ann,4,SR1482_40X_HE_T121_01,0,0.3246361315250397,0
ann,4,SR1482_40X_HE_T122_01,0,0.23917853832244873,0
ann,4,SR1482_40X_HE_T125_01,0,0.42846035957336426,0
ann,4,SR1482_40X_HE_T125_02,0,0.397623747587204,0
ann,4,SR1482_40X_HE_T131_01,0,0.3642345368862152,0
ann,4,SR1482_40X_HE_T131_02,0,0.47369682788848877,0
ann,4,SR1482_40X_HE_T132_01,0,0.4207141697406769,0
ann,4,SR1482_40X_HE_T132_02,0,0.39928290247917175,0
ann,4,SR1482_40X_HE_T143_01,0,0.5074094533920288,1
ann,4,SR1482_40X_HE_T143_02,0,0.5084085464477539,1
ann,4,SR1482_40X_HE_T166_01,1,0.35377931594848633,0
ann,4,SR1482_40X_HE_T169_01,0,0.4399254322052002,0
ann,4,SR1482_40X_HE_T176_01,1,0.45850735902786255,0
ann,4,SR1482_40X_HE_T176_02,1,0.39514079689979553,0
ann,4,SR1482_40X_HE_T191_01,0,0.3787417709827423,0
ann,4,SR1482_40X_HE_T194_01,0,0.5742216110229492,1
ann,4,SR1482_40X_HE_T218_01,0,0.37117433547973633,0
ann,4,SR1482_40X_HE_T253_01,0,0.30027154088020325,0
ann,4,SR1482_40X_HE_T290_01,0,0.36639511585235596,0
ann,4,SR1482_40X_HE_T308_01,0,0.3565291166305542,0
ann,4,SR1482_40X_HE_T314_01,0,0.673927903175354,1
ann,4,SR1482_40X_HE_T314_02,0,0.7981957793235779,1
ann,4,SR1482_40X_HE_T372_01,1,0.3661080002784729,0
ann,4,SR1482_40X_HE_T372_02,1,0.3456926643848419,0
ann,4,SR1482_40X_HE_T408_01,0,0.3414153456687927,0
ann,4,SR1482_40X_HE_T412_01,0,0.32199129462242126,0
ann,4,SR1482_40X_HE_T425_01,0,0.3475988805294037,0
ann,4,SR1482_40X_HE_T434_01,1,0.3759014904499054,0
ann,4,SR386_40X_HE_T006_01,0,0.3890414535999298,0
ann,4,SR386_40X_HE_T010_01,0,0.41077104210853577,0
ann,4,SR386_40X_HE_T014_01,0,0.3950151801109314,0
ann,4,SR386_40X_HE_T016_01,0,0.30542653799057007,0
ann,4,SR386_40X_HE_T020_01,0,0.33436375856399536,0
ann,4,SR386_40X_HE_T027_01,0,0.5291759371757507,1
ann,4,SR386_40X_HE_T028_01,0,0.3005719482898712,0
ann,4,SR386_40X_HE_T037_01,0,0.3235950767993927,0
ann,4,SR386_40X_HE_T043_01,0,0.3576667904853821,0
ann,4,SR386_40X_HE_T044_01,1,0.4479205012321472,0
ann,4,SR386_40X_HE_T046_01,0,0.3852244019508362,0
ann,4,SR386_40X_HE_T058_01,0,0.36789822578430176,0
ann,4,SR386_40X_HE_T062_01,0,0.365736722946167,0
ann,4,SR386_40X_HE_T065_01,1,0.4430723190307617,0
ann,4,SR386_40X_HE_T080_01,0,0.4697740972042084,0
ann,4,SR386_40X_HE_T091_01,0,0.4646368622779846,0
ann,4,SR386_40X_HE_T094_01,0,0.2852464020252228,0
ann,4,SR386_40X_HE_T097_01,0,0.3416558504104614,0
ann,4,SR386_40X_HE_T100_01,0,0.3729263246059418,0
ann,4,SR386_40X_HE_T107_01,0,0.4199599027633667,0
ann,4,SR386_40X_HE_T109_01,1,0.500031054019928,1
ann,4,SR386_40X_HE_T110_01,0,0.37788766622543335,0
ann,4,SR386_40X_HE_T117_01,0,0.3269501030445099,0
ann,4,SR386_40X_HE_T127_01,0,0.3227313756942749,0
ann,4,SR386_40X_HE_T129_01,0,0.3496752977371216,0
ann,4,SR386_40X_HE_T136_01,0,0.3825208842754364,0
ann,4,SR386_40X_HE_T154_01,0,0.4376547932624817,0
ann,4,SR386_40X_HE_T168_01,1,0.5130171179771423,1
ann,4,SR386_40X_HE_T175_01,0,0.314144104719162,0
ann,4,SR386_40X_HE_T189_01,0,0.25520259141921997,0
ann,4,SR386_40X_HE_T195_01,0,0.3432634174823761,0
ann,4,SR386_40X_HE_T227_01,0,0.44752320647239685,0
ann,4,SR386_40X_HE_T233_01,0,0.47519418597221375,0
ann,4,SR386_40X_HE_T234_01,0,0.4248838722705841,0
ann,4,SR386_40X_HE_T235_01,0,0.40790626406669617,0
ann,4,SR386_40X_HE_T239_01,0,0.5383644700050354,1
ann,4,SR386_40X_HE_T245_01,0,0.3389178216457367,0
ann,4,SR386_40X_HE_T256_01,0,0.37404298782348633,0
ann,4,SR386_40X_HE_T265_01,0,0.3430297374725342,0
ann,4,SR386_40X_HE_T268_01,0,0.39974263310432434,0
ann,4,SR386_40X_HE_T270_01,0,0.44010043144226074,0
ann,4,SR386_40X_HE_T272_01,0,0.5519078969955444,1
ann,4,SR386_40X_HE_T273_01,0,0.45840078592300415,0
ann,4,SR386_40X_HE_T276_01,0,0.48078808188438416,0
ann,4,SR386_40X_HE_T278_01,1,0.560276985168457,1
ann,4,SR386_40X_HE_T284_01,0,0.38843828439712524,0
ann,4,SR386_40X_HE_T285_01,0,0.3836316764354706,0
ann,4,SR386_40X_HE_T288_01,0,0.44495972990989685,0
ann,4,SR386_40X_HE_T291_01,0,0.5231145024299622,1
ann,4,SR386_40X_HE_T300_01,0,0.4337362051010132,0
ann,4,SR386_40X_HE_T302_01,0,0.36684417724609375,0
ann,4,SR386_40X_HE_T305_01,0,0.4435802698135376,0
ann,4,SR386_40X_HE_T308_01,0,0.44203272461891174,0
ann,4,SR386_40X_HE_T325_01,0,0.369406521320343,0
ann,4,SR386_40X_HE_T331_01,0,0.4322478473186493,0
ann,4,SR386_40X_HE_T341_01,0,0.5105231404304504,1
ann,4,SR386_40X_HE_T343_01,1,0.3125218152999878,0
ann,4,SR386_40X_HE_T346_01,0,0.5436115264892578,1
ann,4,SR386_40X_HE_T352_01,0,0.46005406975746155,0
ann,4,SR386_40X_HE_T373_01,0,0.47996482253074646,0
ann,4,SR386_40X_HE_T375_01,0,0.48559579253196716,0
ann,4,SR386_40X_HE_T381_01,0,0.2749446928501129,0
ann,4,SR386_40X_HE_T389_01,0,0.34388449788093567,0
ann,4,SR386_40X_HE_T391_01,0,0.47033989429473877,0
ann,4,SR386_40X_HE_T394_01,0,0.43727201223373413,0
ann,4,SR386_40X_HE_T399_01,0,0.45121142268180847,0
ann,4,SR386_40X_HE_T403_01,0,0.43085572123527527,0
ann,4,SR386_40X_HE_T405_01,0,0.4476269781589508,0
ann,4,SR386_40X_HE_T407_01,0,0.45077016949653625,0
ann,4,SR386_40X_HE_T414_01,0,0.38547107577323914,0
ann,4,SR386_40X_HE_T424_01,0,0.46996641159057617,0
ann,4,SR386_40X_HE_T429_01,0,0.39680758118629456,0
ann,4,SR386_40X_HE_T441_01,0,0.566713273525238,1
ann,4,SR386_40X_HE_T451_01,0,0.4613790512084961,0
ann,4,SR386_40X_HE_T453_01,0,0.4294607639312744,0
ann,4,SR386_40X_HE_T455_01,0,0.44757184386253357,0
ann,4,SR386_40X_HE_T465_01,0,0.36570003628730774,0
ann,4,SR386_40X_HE_T474_01,0,0.5216791033744812,1
ann,4,SR386_40X_HE_T476_01,0,0.48384225368499756,0
ann,4,SR386_40X_HE_T479_01,0,0.34585005044937134,0
ann,4,SR386_40X_HE_T482_01,0,0.514270544052124,1
ann,4,SR386_40X_HE_T487_01,0,0.3456321358680725,0
ann,4,SR386_40X_HE_T490_01,0,0.37988194823265076,0
ann,4,SR386_40X_HE_T494_01,0,0.3927059471607208,0
ann,4,SR386_40X_HE_T500_01,0,0.4081423878669739,0
ann,4,SR386_40X_HE_T510_01,0,0.40350446105003357,0
ann,4,SR386_40X_HE_T524_01,0,0.42794540524482727,0
ann,4,SR386_40X_HE_T528_01,0,0.4971231520175934,0
ann,4,SR386_40X_HE_T532_01,0,0.31503355503082275,0
ann,4,SR386_40X_HE_T534_01,0,0.5759299993515015,1
ann,4,SR386_40X_HE_T536_01,0,0.3794481158256531,0
ann,4,SR386_40X_HE_T537_01,0,0.47338220477104187,0
ann,4,SR386_40X_HE_T541_01,0,0.40285319089889526,0
ann,4,SR386_40X_HE_T548_01,1,0.4566406309604645,0
ann,4,SR386_40X_HE_T550_01,0,0.5474763512611389,1
ann,4,SR386_40X_HE_T551_01,0,0.3059098720550537,0
ann,4,SR386_40X_HE_T557_01,0,0.389549195766449,0
ann,4,SR386_40X_HE_T565_01,0,0.40039727091789246,0
ann,4,SR386_40X_HE_T567_01,0,0.44175443053245544,0
ann,4,SR386_40X_HE_T575_01,0,0.4988856315612793,0
ann,4,SR386_40X_HE_T576_01,0,0.3959117531776428,0
ann,4,SR386_40X_HE_T581_01,0,0.39943933486938477,0
knn,1,SR1482_40X_HE_T029_01,0,0.1,0
knn,1,SR1482_40X_HE_T029_02,0,0.1,0
knn,1,SR1482_40X_HE_T057_01,0,0.0,0
knn,1,SR1482_40X_HE_T063_01,1,0.3,0
knn,1,SR1482_40X_HE_T063_02,1,0.0,0
knn,1,SR1482_40X_HE_T065_01,0,0.1,0
knn,1,SR1482_40X_HE_T065_02,0,0.1,0
knn,1,SR1482_40X_HE_T066_01,0,0.1,0
knn,1,SR1482_40X_HE_T066_02,0,0.1,0
knn,1,SR1482_40X_HE_T068_01,0,0.0,0
knn,1,SR1482_40X_HE_T069_01,0,0.1,0
knn,1,SR1482_40X_HE_T069_02,0,0.1,0
knn,1,SR1482_40X_HE_T079_01,1,0.0,0
knn,1,SR1482_40X_HE_T079_02,1,0.2,0
knn,1,SR1482_40X_HE_T080_01,0,0.1,0
knn,1,SR1482_40X_HE_T080_02,0,0.1,0
knn,1,SR1482_40X_HE_T081_01,0,0.2,0
knn,1,SR1482_40X_HE_T081_02,0,0.2,0
knn,1,SR1482_40X_HE_T099_01,0,0.0,0
knn,1,SR1482_40X_HE_T116_01,0,0.0,0
knn,1,SR1482_40X_HE_T117_01,0,0.1,0
knn,1,SR1482_40X_HE_T117_02,0,0.1,0
knn,1,SR1482_40X_HE_T126_01,0,0.2,0
knn,1,SR1482_40X_HE_T129_01,0,0.1,0
knn,1,SR1482_40X_HE_T129_02,0,0.1,0
knn,1,SR1482_40X_HE_T139_01,0,0.2,0
knn,1,SR1482_40X_HE_T139_02,0,0.0,0
knn,1,SR1482_40X_HE_T147_01,0,0.1,0
knn,1,SR1482_40X_HE_T147_02,0,0.3,0
knn,1,SR1482_40X_HE_T159_01,0,0.3,0
knn,1,SR1482_40X_HE_T159_02,0,0.2,0
knn,1,SR1482_40X_HE_T192_01,0,0.0,0
knn,1,SR1482_40X_HE_T199_01,0,0.3,0
knn,1,SR1482_40X_HE_T304_01,0,0.1,0
knn,1,SR1482_40X_HE_T304_02,0,0.1,0
knn,1,SR1482_40X_HE_T310_01,1,0.2,0
knn,1,SR1482_40X_HE_T310_02,1,0.1,0
knn,1,SR1482_40X_HE_T341_01,0,0.0,0
knn,1,SR1482_40X_HE_T341_02,0,0.0,0
knn,1,SR1482_40X_HE_T353_01,0,0.0,0
knn,1,SR1482_40X_HE_T390_01,0,0.0,0
knn,1,SR1482_40X_HE_T433_01,1,0.2,0
knn,1,SR386_40X_HE_T003_01,0,0.0,0
knn,1,SR386_40X_HE_T004_01,0,0.1,0
knn,1,SR386_40X_HE_T022_01,1,0.2,0
knn,1,SR386_40X_HE_T030_01,0,0.2,0
knn,1,SR386_40X_HE_T033_01,0,0.1,0
knn,1,SR386_40X_HE_T036_01,0,0.0,0
knn,1,SR386_40X_HE_T038_01,0,0.1,0
knn,1,SR386_40X_HE_T049_01,0,0.0,0
knn,1,SR386_40X_HE_T050_01,0,0.0,0
knn,1,SR386_40X_HE_T060_01,0,0.0,0
knn,1,SR386_40X_HE_T063_01,0,0.2,0
knn,1,SR386_40X_HE_T066_01,0,0.1,0
knn,1,SR386_40X_HE_T069_01,0,0.1,0
knn,1,SR386_40X_HE_T072_01,0,0.0,0
knn,1,SR386_40X_HE_T074_01,0,0.0,0
knn,1,SR386_40X_HE_T078_01,0,0.0,0
knn,1,SR386_40X_HE_T079_01,0,0.0,0
knn,1,SR386_40X_HE_T092_01,1,0.0,0
knn,1,SR386_40X_HE_T096_01,0,0.0,0
knn,1,SR386_40X_HE_T099_01,0,0.1,0
knn,1,SR386_40X_HE_T103_01,0,0.0,0
knn,1,SR386_40X_HE_T108_01,0,0.1,0
knn,1,SR386_40X_HE_T113_01,0,0.0,0
knn,1,SR386_40X_HE_T114_01,0,0.0,0
knn,1,SR386_40X_HE_T119_01,0,0.2,0
knn,1,SR386_40X_HE_T126_01,0,0.1,0
knn,1,SR386_40X_HE_T130_01,0,0.0,0
knn,1,SR386_40X_HE_T131_01,0,0.0,0
knn,1,SR386_40X_HE_T135_01,0,0.3,0
knn,1,SR386_40X_HE_T140_01,0,0.1,0
knn,1,SR386_40X_HE_T144_01,0,0.2,0
knn,1,SR386_40X_HE_T147_01,0,0.1,0
knn,1,SR386_40X_HE_T148_01,0,0.1,0
knn,1,SR386_40X_HE_T160_01,0,0.0,0
knn,1,SR386_40X_HE_T169_01,0,0.0,0
knn,1,SR386_40X_HE_T170_01,1,0.2,0
knn,1,SR386_40X_HE_T172_01,0,0.3,0
knn,1,SR386_40X_HE_T174_01,0,0.0,0
knn,1,SR386_40X_HE_T181_01,0,0.0,0
knn,1,SR386_40X_HE_T196_01,0,0.0,0
knn,1,SR386_40X_HE_T205_01,0,0.1,0
knn,1,SR386_40X_HE_T209_01,0,0.0,0
knn,1,SR386_40X_HE_T210_01,0,0.2,0
knn,1,SR386_40X_HE_T212_01,0,0.0,0
knn,1,SR386_40X_HE_T221_01,0,0.0,0
knn,1,SR386_40X_HE_T224_01,0,0.1,0
knn,1,SR386_40X_HE_T231_01,1,0.1,0
knn,1,SR386_40X_HE_T232_01,0,0.0,0
knn,1,SR386_40X_HE_T247_01,0,0.0,0
knn,1,SR386_40X_HE_T252_01,0,0.1,0
knn,1,SR386_40X_HE_T255_01,0,0.1,0
knn,1,SR386_40X_HE_T259_01,1,0.0,0
knn,1,SR386_40X_HE_T274_01,0,0.0,0
knn,1,SR386_40X_HE_T275_01,0,0.0,0
knn,1,SR386_40X_HE_T282_01,0,0.0,0
knn,1,SR386_40X_HE_T294_01,0,0.2,0
knn,1,SR386_40X_HE_T311_01,0,0.2,0
knn,1,SR386_40X_HE_T315_01,0,0.1,0
knn,1,SR386_40X_HE_T319_01,1,0.0,0
knn,1,SR386_40X_HE_T324_01,1,0.0,0
knn,1,SR386_40X_HE_T330_01,0,0.0,0
knn,1,SR386_40X_HE_T333_01,0,0.1,0
knn,1,SR386_40X_HE_T335_01,0,0.1,0
knn,1,SR386_40X_HE_T337_01,0,0.2,0
knn,1,SR386_40X_HE_T344_01,0,0.0,0
knn,1,SR386_40X_HE_T347_01,0,0.0,0
knn,1,SR386_40X_HE_T350_01,0,0.0,0
knn,1,SR386_40X_HE_T351_01,0,0.0,0
knn,1,SR386_40X_HE_T360_01,0,0.0,0
knn,1,SR386_40X_HE_T361_01,0,0.0,0
knn,1,SR386_40X_HE_T366_01,0,0.0,0
knn,1,SR386_40X_HE_T377_01,1,0.1,0
knn,1,SR386_40X_HE_T384_01,0,0.1,0
knn,1,SR386_40X_HE_T395_01,0,0.0,0
knn,1,SR386_40X_HE_T396_01,0,0.2,0
knn,1,SR386_40X_HE_T401_01,0,0.0,0
knn,1,SR386_40X_HE_T408_01,0,0.0,0
knn,1,SR386_40X_HE_T410_01,0,0.2,0
knn,1,SR386_40X_HE_T413_01,0,0.1,0
knn,1,SR386_40X_HE_T416_01,0,0.2,0
knn,1,SR386_40X_HE_T418_01,0,0.0,0
knn,1,SR386_40X_HE_T419_01,0,0.0,0
knn,1,SR386_40X_HE_T421_01,0,0.0,0
knn,1,SR386_40X_HE_T423_01,0,0.1,0
knn,1,SR386_40X_HE_T428_01,0,0.0,0
knn,1,SR386_40X_HE_T430_01,0,0.1,0
knn,1,SR386_40X_HE_T431_01,0,0.1,0
knn,1,SR386_40X_HE_T435_01,0,0.2,0
knn,1,SR386_40X_HE_T438_01,0,0.2,0
knn,1,SR386_40X_HE_T439_01,0,0.1,0
knn,1,SR386_40X_HE_T447_01,0,0.0,0
knn,1,SR386_40X_HE_T449_01,0,0.1,0
knn,1,SR386_40X_HE_T454_01,0,0.1,0
knn,1,SR386_40X_HE_T456_01,0,0.1,0
knn,1,SR386_40X_HE_T461_01,0,0.1,0
knn,1,SR386_40X_HE_T462_01,0,0.0,0
knn,1,SR386_40X_HE_T468_01,0,0.2,0
knn,1,SR386_40X_HE_T469_01,1,0.0,0
knn,1,SR386_40X_HE_T470_01,0,0.1,0
knn,1,SR386_40X_HE_T471_01,0,0.0,0
knn,1,SR386_40X_HE_T477_01,0,0.0,0
knn,1,SR386_40X_HE_T480_01,0,0.2,0
knn,1,SR386_40X_HE_T484_01,0,0.0,0
knn,1,SR386_40X_HE_T495_01,0,0.0,0
knn,1,SR386_40X_HE_T496_01,0,0.0,0
knn,1,SR386_40X_HE_T498_01,0,0.2,0
knn,1,SR386_40X_HE_T504_01,0,0.1,0
knn,1,SR386_40X_HE_T511_01,0,0.0,0
knn,1,SR386_40X_HE_T517_01,0,0.2,0
knn,1,SR386_40X_HE_T523_01,0,0.1,0
knn,1,SR386_40X_HE_T529_01,0,0.0,0
knn,1,SR386_40X_HE_T542_01,0,0.0,0
knn,1,SR386_40X_HE_T569_01,0,0.0,0
knn,1,SR386_40X_HE_T582_01,0,0.0,0
knn,2,SR1482_40X_HE_T009_01,0,0.0,0
knn,2,SR1482_40X_HE_T009_02,0,0.0,0
knn,2,SR1482_40X_HE_T015_01,0,0.0,0
knn,2,SR1482_40X_HE_T021_01,0,0.0,0
knn,2,SR1482_40X_HE_T067_01,0,0.3333333333333333,0
knn,2,SR1482_40X_HE_T075_01,0,0.0,0
knn,2,SR1482_40X_HE_T075_02,0,0.0,0
knn,2,SR1482_40X_HE_T098_01,0,0.3333333333333333,0
knn,2,SR1482_40X_HE_T098_02,0,0.0,0
knn,2,SR1482_40X_HE_T102_01,0,0.3333333333333333,0
knn,2,SR1482_40X_HE_T123_01,0,0.0,0
knn,2,SR1482_40X_HE_T142_01,0,0.0,0
knn,2,SR1482_40X_HE_T146_01,0,0.3333333333333333,0
knn,2,SR1482_40X_HE_T148_01,0,0.0,0
knn,2,SR1482_40X_HE_T148_02,0,0.3333333333333333,0
knn,2,SR1482_40X_HE_T154_01,0,0.0,0
knn,2,SR1482_40X_HE_T158_01,0,0.0,0
knn,2,SR1482_40X_HE_T161_01,0,0.0,0
knn,2,SR1482_40X_HE_T161_02,0,0.0,0
knn,2,SR1482_40X_HE_T164_01,1,0.3333333333333333,0
knn,2,SR1482_40X_HE_T164_02,1,0.3333333333333333,0
knn,2,SR1482_40X_HE_T168_01,0,0.0,0
knn,2,SR1482_40X_HE_T171_01,0,0.0,0
knn,2,SR1482_40X_HE_T171_02,0,0.3333333333333333,0
knn,2,SR1482_40X_HE_T178_01,1,0.0,0
knn,2,SR1482_40X_HE_T186_01,0,0.0,0
knn,2,SR1482_40X_HE_T193_01,0,0.3333333333333333,0
knn,2,SR1482_40X_HE_T193_02,0,0.3333333333333333,0
knn,2,SR1482_40X_HE_T209_01,0,0.3333333333333333,0
knn,2,SR1482_40X_HE_T209_02,0,0.3333333333333333,0
knn,2,SR1482_40X_HE_T245_01,0,0.0,0
knn,2,SR1482_40X_HE_T245_02,0,0.3333333333333333,0
knn,2,SR1482_40X_HE_T265_01,0,0.0,0
knn,2,SR1482_40X_HE_T302_01,0,0.3333333333333333,0
knn,2,SR1482_40X_HE_T343_01,1,0.0,0
knn,2,SR1482_40X_HE_T343_02,1,0.0,0
knn,2,SR1482_40X_HE_T399_01,0,0.0,0
knn,2,SR1482_40X_HE_T399_02,0,0.0,0
knn,2,SR1482_40X_HE_T426_01,0,0.0,0
knn,2,SR1482_40X_HE_T426_02,0,0.0,0
knn,2,SR386_40X_HE_T001_01,0,0.3333333333333333,0
knn,2,SR386_40X_HE_T013_01,0,0.0,0
knn,2,SR386_40X_HE_T018_01,0,0.3333333333333333,0
knn,2,SR386_40X_HE_T019_01,0,0.0,0
knn,2,SR386_40X_HE_T024_01,0,0.0,0
knn,2,SR386_40X_HE_T039_01,0,0.0,0
knn,2,SR386_40X_HE_T040_01,1,0.3333333333333333,0
knn,2,SR386_40X_HE_T042_01,0,0.0,0
knn,2,SR386_40X_HE_T047_01,0,0.0,0
knn,2,SR386_40X_HE_T051_01,0,0.0,0
knn,2,SR386_40X_HE_T052_01,0,0.0,0
knn,2,SR386_40X_HE_T056_01,0,0.0,0
knn,2,SR386_40X_HE_T057_01,0,0.0,0
knn,2,SR386_40X_HE_T070_01,0,0.0,0
knn,2,SR386_40X_HE_T082_01,0,0.0,0
knn,2,SR386_40X_HE_T084_01,0,0.0,0
knn,2,SR386_40X_HE_T087_01,0,0.0,0
knn,2,SR386_40X_HE_T088_01,0,0.0,0
knn,2,SR386_40X_HE_T098_01,0,0.0,0
knn,2,SR386_40X_HE_T105_01,0,0.0,0
knn,2,SR386_40X_HE_T122_01,0,0.0,0
knn,2,SR386_40X_HE_T123_01,0,0.0,0
knn,2,SR386_40X_HE_T133_01,0,0.0,0
knn,2,SR386_40X_HE_T145_01,0,0.0,0
knn,2,SR386_40X_HE_T150_01,0,0.0,0
knn,2,SR386_40X_HE_T152_01,0,0.6666666666666666,1
knn,2,SR386_40X_HE_T155_01,0,0.0,0
knn,2,SR386_40X_HE_T157_01,0,0.0,0
knn,2,SR386_40X_HE_T164_01,0,0.0,0
knn,2,SR386_40X_HE_T166_01,0,0.0,0
knn,2,SR386_40X_HE_T176_01,1,0.0,0
knn,2,SR386_40X_HE_T177_01,0,0.0,0
knn,2,SR386_40X_HE_T178_01,0,0.0,0
knn,2,SR386_40X_HE_T187_01,0,0.0,0
knn,2,SR386_40X_HE_T190_01,0,0.0,0
knn,2,SR386_40X_HE_T192_01,0,0.0,0
knn,2,SR386_40X_HE_T198_01,0,0.0,0
knn,2,SR386_40X_HE_T200_01,0,0.0,0
knn,2,SR386_40X_HE_T206_01,1,0.3333333333333333,0
knn,2,SR386_40X_HE_T211_01,0,0.0,0
knn,2,SR386_40X_HE_T213_01,0,0.3333333333333333,0
knn,2,SR386_40X_HE_T214_01,0,0.0,0
knn,2,SR386_40X_HE_T220_01,0,0.0,0
knn,2,SR386_40X_HE_T230_01,1,0.0,0
knn,2,SR386_40X_HE_T236_01,0,0.0,0
knn,2,SR386_40X_HE_T237_01,0,0.0,0
knn,2,SR386_40X_HE_T240_01,0,0.0,0
knn,2,SR386_40X_HE_T241_01,0,0.0,0
knn,2,SR386_40X_HE_T242_01,0,0.0,0
knn,2,SR386_40X_HE_T253_01,0,0.0,0
knn,2,SR386_40X_HE_T260_01,0,0.0,0
knn,2,SR386_40X_HE_T262_01,0,0.0,0
knn,2,SR386_40X_HE_T264_01,0,0.0,0
knn,2,SR386_40X_HE_T271_01,0,0.0,0
knn,2,SR386_40X_HE_T281_01,0,0.0,0
knn,2,SR386_40X_HE_T297_01,0,0.0,0
knn,2,SR386_40X_HE_T299_01,0,0.0,0
knn,2,SR386_40X_HE_T301_01,0,0.0,0
knn,2,SR386_40X_HE_T306_01,0,0.0,0
knn,2,SR386_40X_HE_T309_01,0,0.3333333333333333,0
knn,2,SR386_40X_HE_T314_01,0,0.3333333333333333,0
knn,2,SR386_40X_HE_T316_01,0,0.0,0
knn,2,SR386_40X_HE_T318_01,0,0.0,0
knn,2,SR386_40X_HE_T321_01,0,0.0,0
knn,2,SR386_40X_HE_T326_01,0,0.3333333333333333,0
knn,2,SR386_40X_HE_T327_01,0,0.0,0
knn,2,SR386_40X_HE_T332_01,1,0.3333333333333333,0
knn,2,SR386_40X_HE_T355_01,0,0.0,0
knn,2,SR386_40X_HE_T364_01,0,0.0,0
knn,2,SR386_40X_HE_T368_01,1,0.0,0
knn,2,SR386_40X_HE_T374_01,0,0.0,0
knn,2,SR386_40X_HE_T380_01,0,0.0,0
knn,2,SR386_40X_HE_T382_01,0,0.0,0
knn,2,SR386_40X_HE_T392_01,0,0.0,0
knn,2,SR386_40X_HE_T398_01,0,0.0,0
knn,2,SR386_40X_HE_T402_01,1,0.0,0
knn,2,SR386_40X_HE_T404_01,0,0.0,0
knn,2,SR386_40X_HE_T415_01,0,0.0,0
knn,2,SR386_40X_HE_T417_01,0,0.0,0
knn,2,SR386_40X_HE_T425_01,0,0.0,0
knn,2,SR386_40X_HE_T436_01,1,0.0,0
knn,2,SR386_40X_HE_T437_01,0,0.3333333333333333,0
knn,2,SR386_40X_HE_T440_01,0,0.3333333333333333,0
knn,2,SR386_40X_HE_T445_01,0,0.0,0
knn,2,SR386_40X_HE_T450_01,0,0.0,0
knn,2,SR386_40X_HE_T459_01,0,0.0,0
knn,2,SR386_40X_HE_T472_01,0,0.0,0
knn,2,SR386_40X_HE_T481_01,0,0.3333333333333333,0
knn,2,SR386_40X_HE_T483_01,0,0.0,0
knn,2,SR386_40X_HE_T486_01,0,0.3333333333333333,0
knn,2,SR386_40X_HE_T488_01,0,0.0,0
knn,2,SR386_40X_HE_T499_01,0,0.0,0
knn,2,SR386_40X_HE_T507_01,0,0.0,0
knn,2,SR386_40X_HE_T514_01,0,0.0,0
knn,2,SR386_40X_HE_T520_01,1,0.0,0
knn,2,SR386_40X_HE_T522_01,0,0.0,0
knn,2,SR386_40X_HE_T531_01,0,0.0,0
knn,2,SR386_40X_HE_T535_01,0,0.0,0
knn,2,SR386_40X_HE_T539_01,0,0.0,0
knn,2,SR386_40X_HE_T549_01,0,0.0,0
knn,2,SR386_40X_HE_T552_01,0,0.0,0
knn,2,SR386_40X_HE_T553_01,0,0.0,0
knn,2,SR386_40X_HE_T554_01,0,0.0,0
knn,2,SR386_40X_HE_T558_01,0,0.0,0
knn,2,SR386_40X_HE_T564_01,0,0.0,0
knn,2,SR386_40X_HE_T570_01,0,0.0,0
knn,2,SR386_40X_HE_T574_01,0,0.0,0
knn,2,SR386_40X_HE_T578_01,0,0.0,0
knn,2,SR386_40X_HE_T580_01,0,0.0,0
knn,3,SR1482_40X_HE_T005_01,0,0.0,0
knn,3,SR1482_40X_HE_T005_02,0,0.0,0
knn,3,SR1482_40X_HE_T010_01,0,0.0,0
knn,3,SR1482_40X_HE_T043_01,0,0.3333333333333333,0
knn,3,SR1482_40X_HE_T043_02,0,0.0,0
knn,3,SR1482_40X_HE_T049_01,0,0.0,0
knn,3,SR1482_40X_HE_T061_01,0,0.3333333333333333,0
knn,3,SR1482_40X_HE_T061_02,0,0.0,0
knn,3,SR1482_40X_HE_T070_01,1,0.0,0
knn,3,SR1482_40X_HE_T073_01,0,0.3333333333333333,0
knn,3,SR1482_40X_HE_T082_01,0,0.0,0
knn,3,SR1482_40X_HE_T082_02,0,0.0,0
knn,3,SR1482_40X_HE_T089_01,0,0.0,0
knn,3,SR1482_40X_HE_T090_01,0,0.0,0
knn,3,SR1482_40X_HE_T094_01,1,0.3333333333333333,0
knn,3,SR1482_40X_HE_T094_02,1,0.0,0
knn,3,SR1482_40X_HE_T105_01,0,0.0,0
knn,3,SR1482_40X_HE_T115_01,0,0.0,0
knn,3,SR1482_40X_HE_T115_02,0,0.0,0
knn,3,SR1482_40X_HE_T118_01,0,0.6666666666666666,1
knn,3,SR1482_40X_HE_T118_02,0,0.3333333333333333,0
knn,3,SR1482_40X_HE_T120_01,0,0.0,0
knn,3,SR1482_40X_HE_T120_02,0,0.3333333333333333,0
knn,3,SR1482_40X_HE_T124_01,0,0.3333333333333333,0
knn,3,SR1482_40X_HE_T124_02,0,0.3333333333333333,0
knn,3,SR1482_40X_HE_T138_01,0,0.0,0
knn,3,SR1482_40X_HE_T160_01,0,0.3333333333333333,0
knn,3,SR1482_40X_HE_T160_02,0,0.0,0
knn,3,SR1482_40X_HE_T167_01,0,0.3333333333333333,0
knn,3,SR1482_40X_HE_T167_02,0,0.0,0
knn,3,SR1482_40X_HE_T175_01,0,0.0,0
knn,3,SR1482_40X_HE_T175_02,0,0.0,0
knn,3,SR1482_40X_HE_T177_01,1,0.0,0
knn,3,SR1482_40X_HE_T188_01,0,0.0,0
knn,3,SR1482_40X_HE_T195_01,0,0.3333333333333333,0
knn,3,SR1482_40X_HE_T195_02,0,0.0,0
knn,3,SR1482_40X_HE_T202_01,0,0.0,0
knn,3,SR1482_40X_HE_T202_02,0,0.0,0
knn,3,SR1482_40X_HE_T225_01,0,0.3333333333333333,0
knn,3,SR1482_40X_HE_T225_02,0,0.0,0
knn,3,SR1482_40X_HE_T235_01,0,0.6666666666666666,1
knn,3,SR1482_40X_HE_T235_02,0,0.0,0
knn,3,SR1482_40X_HE_T236_01,0,0.0,0
knn,3,SR1482_40X_HE_T236_02,0,0.0,0
knn,3,SR1482_40X_HE_T258_01,0,0.0,0
knn,3,SR1482_40X_HE_T258_02,0,0.0,0
knn,3,SR1482_40X_HE_T284_01,1,0.0,0
knn,3,SR1482_40X_HE_T284_02,1,0.3333333333333333,0
knn,3,SR1482_40X_HE_T301_01,1,0.0,0
knn,3,SR1482_40X_HE_T301_02,1,0.0,0
knn,3,SR1482_40X_HE_T309_01,0,0.3333333333333333,0
knn,3,SR1482_40X_HE_T313_01,0,0.0,0
knn,3,SR1482_40X_HE_T313_02,0,0.0,0
knn,3,SR1482_40X_HE_T338_01,0,0.3333333333333333,0
knn,3,SR1482_40X_HE_T344_01,0,0.0,0
knn,3,SR1482_40X_HE_T344_02,0,0.0,0
knn,3,SR1482_40X_HE_T346_01,0,0.3333333333333333,0
knn,3,SR1482_40X_HE_T346_02,0,0.3333333333333333,0
knn,3,SR1482_40X_HE_T377_01,0,0.0,0
knn,3,SR1482_40X_HE_T377_02,0,0.0,0
knn,3,SR1482_40X_HE_T419_01,0,0.0,0
knn,3,SR1482_40X_HE_T427_01,0,0.0,0
knn,3,SR1482_40X_HE_T427_02,0,0.0,0
knn,3,SR386_40X_HE_T007_01,0,0.0,0
knn,3,SR386_40X_HE_T015_01,0,0.0,0
knn,3,SR386_40X_HE_T017_01,1,0.0,0
knn,3,SR386_40X_HE_T032_01,0,0.0,0
knn,3,SR386_40X_HE_T034_01,0,0.0,0
knn,3,SR386_40X_HE_T035_01,0,0.0,0
knn,3,SR386_40X_HE_T041_01,0,0.6666666666666666,1
knn,3,SR386_40X_HE_T067_01,0,0.0,0
knn,3,SR386_40X_HE_T075_01,0,0.0,0
knn,3,SR386_40X_HE_T081_01,0,0.3333333333333333,0
knn,3,SR386_40X_HE_T083_01,0,0.3333333333333333,0
knn,3,SR386_40X_HE_T085_01,0,0.0,0
knn,3,SR386_40X_HE_T095_01,0,0.0,0
knn,3,SR386_40X_HE_T104_01,0,0.0,0
knn,3,SR386_40X_HE_T106_01,0,0.0,0
knn,3,SR386_40X_HE_T112_01,0,0.0,0
knn,3,SR386_40X_HE_T128_01,0,0.3333333333333333,0
knn,3,SR386_40X_HE_T132_01,0,0.0,0
knn,3,SR386_40X_HE_T138_01,0,0.0,0
knn,3,SR386_40X_HE_T142_01,0,0.3333333333333333,0
knn,3,SR386_40X_HE_T149_01,0,0.0,0
knn,3,SR386_40X_HE_T165_01,1,0.0,0
knn,3,SR386_40X_HE_T179_01,0,0.0,0
knn,3,SR386_40X_HE_T180_01,0,0.0,0
knn,3,SR386_40X_HE_T182_01,0,0.0,0
knn,3,SR386_40X_HE_T184_01,0,0.0,0
knn,3,SR386_40X_HE_T188_01,0,0.0,0
knn,3,SR386_40X_HE_T191_01,0,0.0,0
knn,3,SR386_40X_HE_T197_01,0,0.0,0
knn,3,SR386_40X_HE_T201_01,0,0.0,0
knn,3,SR386_40X_HE_T202_01,0,0.0,0
knn,3,SR386_40X_HE_T208_01,0,0.0,0
knn,3,SR386_40X_HE_T216_01,1,0.0,0
knn,3,SR386_40X_HE_T238_01,0,0.0,0
knn,3,SR386_40X_HE_T244_01,0,0.0,0
knn,3,SR386_40X_HE_T248_01,0,0.0,0
knn,3,SR386_40X_HE_T249_01,0,0.0,0
knn,3,SR386_40X_HE_T250_01,0,0.0,0
knn,3,SR386_40X_HE_T263_01,0,0.0,0
knn,3,SR386_40X_HE_T267_01,0,0.0,0
knn,3,SR386_40X_HE_T269_01,0,0.0,0
knn,3,SR386_40X_HE_T277_01,0,0.0,0
knn,3,SR386_40X_HE_T286_01,0,0.0,0
knn,3,SR386_40X_HE_T287_01,0,0.0,0
knn,3,SR386_40X_HE_T290_01,0,0.0,0
knn,3,SR386_40X_HE_T293_01,0,0.0,0
knn,3,SR386_40X_HE_T298_01,0,0.0,0
knn,3,SR386_40X_HE_T303_01,0,0.0,0
knn,3,SR386_40X_HE_T312_01,0,0.0,0
knn,3,SR386_40X_HE_T329_01,0,0.0,0
knn,3,SR386_40X_HE_T336_01,0,0.0,0
knn,3,SR386_40X_HE_T338_01,0,0.0,0
knn,3,SR386_40X_HE_T342_01,0,0.0,0
knn,3,SR386_40X_HE_T353_01,0,0.0,0
knn,3,SR386_40X_HE_T357_01,0,0.0,0
knn,3,SR386_40X_HE_T362_01,0,0.0,0
knn,3,SR386_40X_HE_T363_01,1,0.0,0
knn,3,SR386_40X_HE_T372_01,0,0.0,0
knn,3,SR386_40X_HE_T378_01,0,0.0,0
knn,3,SR386_40X_HE_T379_01,0,0.0,0
knn,3,SR386_40X_HE_T386_01,0,0.0,0
knn,3,SR386_40X_HE_T387_01,0,0.0,0
knn,3,SR386_40X_HE_T393_01,0,0.0,0
knn,3,SR386_40X_HE_T397_01,0,0.0,0
knn,3,SR386_40X_HE_T406_01,0,0.0,0
knn,3,SR386_40X_HE_T409_01,0,0.0,0
knn,3,SR386_40X_HE_T422_01,0,0.0,0
knn,3,SR386_40X_HE_T426_01,0,0.0,0
knn,3,SR386_40X_HE_T433_01,0,0.0,0
knn,3,SR386_40X_HE_T443_01,0,0.3333333333333333,0
knn,3,SR386_40X_HE_T448_01,0,0.3333333333333333,0
knn,3,SR386_40X_HE_T452_01,0,0.0,0
knn,3,SR386_40X_HE_T460_01,1,0.0,0
knn,3,SR386_40X_HE_T473_01,0,0.0,0
knn,3,SR386_40X_HE_T475_01,0,0.0,0
knn,3,SR386_40X_HE_T478_01,0,0.0,0
knn,3,SR386_40X_HE_T489_01,1,0.0,0
knn,3,SR386_40X_HE_T491_01,0,0.0,0
knn,3,SR386_40X_HE_T492_01,0,0.0,0
knn,3,SR386_40X_HE_T493_01,0,0.0,0
knn,3,SR386_40X_HE_T502_01,0,0.0,0
knn,3,SR386_40X_HE_T505_01,0,0.0,0
knn,3,SR386_40X_HE_T506_01,0,0.0,0
knn,3,SR386_40X_HE_T509_01,0,0.0,0
knn,3,SR386_40X_HE_T516_01,0,0.0,0
knn,3,SR386_40X_HE_T518_01,0,0.0,0
knn,3,SR386_40X_HE_T519_01,0,0.0,0
knn,3,SR386_40X_HE_T521_01,0,0.0,0
knn,3,SR386_40X_HE_T526_01,0,0.0,0
knn,3,SR386_40X_HE_T533_01,0,0.0,0
knn,3,SR386_40X_HE_T543_01,0,0.0,0
knn,3,SR386_40X_HE_T544_01,0,0.0,0
knn,3,SR386_40X_HE_T556_01,1,0.0,0
knn,3,SR386_40X_HE_T560_01,0,0.0,0
knn,3,SR386_40X_HE_T563_01,0,0.0,0
knn,3,SR386_40X_HE_T568_01,0,0.0,0
knn,3,SR386_40X_HE_T571_01,0,0.0,0
knn,3,SR386_40X_HE_T572_01,0,0.3333333333333333,0
knn,3,SR386_40X_HE_T573_01,0,0.0,0
knn,3,SR386_40X_HE_T583_01,0,0.3333333333333333,0
knn,4,SR1482_40X_HE_T002_01,0,0.0,0
knn,4,SR1482_40X_HE_T003_01,0,0.0,0
knn,4,SR1482_40X_HE_T004_01,0,0.0,0
knn,4,SR1482_40X_HE_T004_02,0,0.0,0
knn,4,SR1482_40X_HE_T011_01,0,0.3333333333333333,0
knn,4,SR1482_40X_HE_T025_01,0,0.0,0
knn,4,SR1482_40X_HE_T025_02,0,0.0,0
knn,4,SR1482_40X_HE_T060_01,0,0.0,0
knn,4,SR1482_40X_HE_T062_01,0,0.6666666666666666,1
knn,4,SR1482_40X_HE_T062_02,0,0.3333333333333333,0
knn,4,SR1482_40X_HE_T064_01,0,0.6666666666666666,1
knn,4,SR1482_40X_HE_T064_02,0,0.0,0
knn,4,SR1482_40X_HE_T071_01,0,0.3333333333333333,0
knn,4,SR1482_40X_HE_T071_02,0,0.0,0
knn,4,SR1482_40X_HE_T074_01,0,0.3333333333333333,0
knn,4,SR1482_40X_HE_T074_02,0,0.3333333333333333,0
knn,4,SR1482_40X_HE_T083_01,0,0.3333333333333333,0
knn,4,SR1482_40X_HE_T083_02,0,0.0,0
knn,4,SR1482_40X_HE_T087_01,0,0.0,0
knn,4,SR1482_40X_HE_T097_01,1,0.3333333333333333,0
knn,4,SR1482_40X_HE_T097_02,1,0.3333333333333333,0
knn,4,SR1482_40X_HE_T108_01,0,0.0,0
knn,4,SR1482_40X_HE_T113_01,0,0.0,0
knn,4,SR1482_40X_HE_T113_02,0,0.3333333333333333,0
knn,4,SR1482_40X_HE_T121_01,0,0.0,0
knn,4,SR1482_40X_HE_T122_01,0,0.0,0
knn,4,SR1482_40X_HE_T125_01,0,0.3333333333333333,0
knn,4,SR1482_40X_HE_T125_02,0,0.3333333333333333,0
knn,4,SR1482_40X_HE_T131_01,0,0.0,0
knn,4,SR1482_40X_HE_T131_02,0,0.6666666666666666,1
knn,4,SR1482_40X_HE_T132_01,0,0.0,0
knn,4,SR1482_40X_HE_T132_02,0,0.3333333333333333,0
knn,4,SR1482_40X_HE_T143_01,0,0.3333333333333333,0
knn,4,SR1482_40X_HE_T143_02,0,0.0,0
knn,4,SR1482_40X_HE_T166_01,1,0.0,0
knn,4,SR1482_40X_HE_T169_01,0,0.3333333333333333,0
knn,4,SR1482_40X_HE_T176_01,1,0.6666666666666666,1
knn,4,SR1482_40X_HE_T176_02,1,0.6666666666666666,1
knn,4,SR1482_40X_HE_T191_01,0,0.0,0
knn,4,SR1482_40X_HE_T194_01,0,0.3333333333333333,0
knn,4,SR1482_40X_HE_T218_01,0,0.0,0
knn,4,SR1482_40X_HE_T253_01,0,0.0,0
knn,4,SR1482_40X_HE_T290_01,0,0.0,0
knn,4,SR1482_40X_HE_T308_01,0,0.3333333333333333,0
knn,4,SR1482_40X_HE_T314_01,0,0.6666666666666666,1
knn,4,SR1482_40X_HE_T314_02,0,0.6666666666666666,1
knn,4,SR1482_40X_HE_T372_01,1,0.0,0
knn,4,SR1482_40X_HE_T372_02,1,0.0,0
knn,4,SR1482_40X_HE_T408_01,0,0.0,0
knn,4,SR1482_40X_HE_T412_01,0,0.0,0
knn,4,SR1482_40X_HE_T425_01,0,0.0,0
knn,4,SR1482_40X_HE_T434_01,1,0.0,0
knn,4,SR386_40X_HE_T006_01,0,0.0,0
knn,4,SR386_40X_HE_T010_01,0,0.3333333333333333,0
knn,4,SR386_40X_HE_T014_01,0,0.0,0
knn,4,SR386_40X_HE_T016_01,0,0.0,0
knn,4,SR386_40X_HE_T020_01,0,0.0,0
knn,4,SR386_40X_HE_T027_01,0,0.0,0
knn,4,SR386_40X_HE_T028_01,0,0.0,0
knn,4,SR386_40X_HE_T037_01,0,0.0,0
knn,4,SR386_40X_HE_T043_01,0,0.0,0
knn,4,SR386_40X_HE_T044_01,1,0.0,0
knn,4,SR386_40X_HE_T046_01,0,0.0,0
knn,4,SR386_40X_HE_T058_01,0,0.0,0
knn,4,SR386_40X_HE_T062_01,0,0.0,0
knn,4,SR386_40X_HE_T065_01,1,0.0,0
knn,4,SR386_40X_HE_T080_01,0,0.3333333333333333,0
knn,4,SR386_40X_HE_T091_01,0,0.0,0
knn,4,SR386_40X_HE_T094_01,0,0.0,0
knn,4,SR386_40X_HE_T097_01,0,0.0,0
knn,4,SR386_40X_HE_T100_01,0,0.0,0
knn,4,SR386_40X_HE_T107_01,0,0.0,0
knn,4,SR386_40X_HE_T109_01,1,0.3333333333333333,0
knn,4,SR386_40X_HE_T110_01,0,0.0,0
knn,4,SR386_40X_HE_T117_01,0,0.0,0
knn,4,SR386_40X_HE_T127_01,0,0.0,0
knn,4,SR386_40X_HE_T129_01,0,0.0,0
knn,4,SR386_40X_HE_T136_01,0,0.0,0
knn,4,SR386_40X_HE_T154_01,0,0.0,0
knn,4,SR386_40X_HE_T168_01,1,0.0,0
knn,4,SR386_40X_HE_T175_01,0,0.0,0
knn,4,SR386_40X_HE_T189_01,0,0.0,0
knn,4,SR386_40X_HE_T195_01,0,0.0,0
knn,4,SR386_40X_HE_T227_01,0,0.0,0
knn,4,SR386_40X_HE_T233_01,0,0.0,0
knn,4,SR386_40X_HE_T234_01,0,0.0,0
knn,4,SR386_40X_HE_T235_01,0,0.0,0
knn,4,SR386_40X_HE_T239_01,0,0.0,0
knn,4,SR386_40X_HE_T245_01,0,0.0,0
knn,4,SR386_40X_HE_T256_01,0,0.3333333333333333,0
knn,4,SR386_40X_HE_T265_01,0,0.0,0
knn,4,SR386_40X_HE_T268_01,0,0.0,0
knn,4,SR386_40X_HE_T270_01,0,0.0,0
knn,4,SR386_40X_HE_T272_01,0,0.3333333333333333,0
knn,4,SR386_40X_HE_T273_01,0,0.0,0
knn,4,SR386_40X_HE_T276_01,0,0.6666666666666666,1
knn,4,SR386_40X_HE_T278_01,1,0.0,0
knn,4,SR386_40X_HE_T284_01,0,0.0,0
knn,4,SR386_40X_HE_T285_01,0,0.0,0
knn,4,SR386_40X_HE_T288_01,0,0.0,0
knn,4,SR386_40X_HE_T291_01,0,0.0,0
knn,4,SR386_40X_HE_T300_01,0,0.3333333333333333,0
knn,4,SR386_40X_HE_T302_01,0,0.0,0
knn,4,SR386_40X_HE_T305_01,0,0.0,0
knn,4,SR386_40X_HE_T308_01,0,0.0,0
knn,4,SR386_40X_HE_T325_01,0,0.0,0
knn,4,SR386_40X_HE_T331_01,0,0.0,0
knn,4,SR386_40X_HE_T341_01,0,0.0,0
knn,4,SR386_40X_HE_T343_01,1,0.0,0
knn,4,SR386_40X_HE_T346_01,0,0.3333333333333333,0
knn,4,SR386_40X_HE_T352_01,0,0.0,0
knn,4,SR386_40X_HE_T373_01,0,0.0,0
knn,4,SR386_40X_HE_T375_01,0,0.0,0
knn,4,SR386_40X_HE_T381_01,0,0.0,0
knn,4,SR386_40X_HE_T389_01,0,0.0,0
knn,4,SR386_40X_HE_T391_01,0,0.0,0
knn,4,SR386_40X_HE_T394_01,0,0.0,0
knn,4,SR386_40X_HE_T399_01,0,0.0,0
knn,4,SR386_40X_HE_T403_01,0,0.0,0
knn,4,SR386_40X_HE_T405_01,0,0.3333333333333333,0
knn,4,SR386_40X_HE_T407_01,0,0.0,0
knn,4,SR386_40X_HE_T414_01,0,0.0,0
knn,4,SR386_40X_HE_T424_01,0,0.0,0
knn,4,SR386_40X_HE_T429_01,0,0.3333333333333333,0
knn,4,SR386_40X_HE_T441_01,0,0.3333333333333333,0
knn,4,SR386_40X_HE_T451_01,0,0.0,0
knn,4,SR386_40X_HE_T453_01,0,0.0,0
knn,4,SR386_40X_HE_T455_01,0,0.0,0
knn,4,SR386_40X_HE_T465_01,0,0.0,0
knn,4,SR386_40X_HE_T474_01,0,0.0,0
knn,4,SR386_40X_HE_T476_01,0,0.3333333333333333,0
knn,4,SR386_40X_HE_T479_01,0,0.0,0
knn,4,SR386_40X_HE_T482_01,0,0.3333333333333333,0
knn,4,SR386_40X_HE_T487_01,0,0.0,0
knn,4,SR386_40X_HE_T490_01,0,0.0,0
knn,4,SR386_40X_HE_T494_01,0,0.0,0
knn,4,SR386_40X_HE_T500_01,0,0.0,0
knn,4,SR386_40X_HE_T510_01,0,0.0,0
knn,4,SR386_40X_HE_T524_01,0,0.0,0
knn,4,SR386_40X_HE_T528_01,0,0.3333333333333333,0
knn,4,SR386_40X_HE_T532_01,0,0.0,0
knn,4,SR386_40X_HE_T534_01,0,0.0,0
knn,4,SR386_40X_HE_T536_01,0,0.0,0
knn,4,SR386_40X_HE_T537_01,0,0.3333333333333333,0
knn,4,SR386_40X_HE_T541_01,0,0.0,0
knn,4,SR386_40X_HE_T548_01,1,0.0,0
knn,4,SR386_40X_HE_T550_01,0,0.0,0
knn,4,SR386_40X_HE_T551_01,0,0.0,0
knn,4,SR386_40X_HE_T557_01,0,0.0,0
knn,4,SR386_40X_HE_T565_01,0,0.0,0
knn,4,SR386_40X_HE_T567_01,0,0.0,0
knn,4,SR386_40X_HE_T575_01,0,0.6666666666666666,1
knn,4,SR386_40X_HE_T576_01,0,0.0,0
knn,4,SR386_40X_HE_T581_01,0,0.0,0
proto,1,SR1482_40X_HE_T029_01,0,0.5062384009361267,1
proto,1,SR1482_40X_HE_T029_02,0,0.5054752826690674,1
proto,1,SR1482_40X_HE_T057_01,0,0.5011227130889893,1
proto,1,SR1482_40X_HE_T063_01,1,0.5110571384429932,1
proto,1,SR1482_40X_HE_T063_02,1,0.5109467506408691,1
proto,1,SR1482_40X_HE_T065_01,0,0.5074942111968994,1
proto,1,SR1482_40X_HE_T065_02,0,0.504492998123169,1
proto,1,SR1482_40X_HE_T066_01,0,0.5118086934089661,1
proto,1,SR1482_40X_HE_T066_02,0,0.515326201915741,1
proto,1,SR1482_40X_HE_T068_01,0,0.4987559914588928,0
proto,1,SR1482_40X_HE_T069_01,0,0.5061917901039124,1
proto,1,SR1482_40X_HE_T069_02,0,0.5094079375267029,1
proto,1,SR1482_40X_HE_T079_01,1,0.5106373429298401,1
proto,1,SR1482_40X_HE_T079_02,1,0.5154350996017456,1
proto,1,SR1482_40X_HE_T080_01,0,0.5041371583938599,1
proto,1,SR1482_40X_HE_T080_02,0,0.5054424405097961,1
proto,1,SR1482_40X_HE_T081_01,0,0.5048844814300537,1
proto,1,SR1482_40X_HE_T081_02,0,0.5058198571205139,1
proto,1,SR1482_40X_HE_T099_01,0,0.5000385046005249,1
proto,1,SR1482_40X_HE_T116_01,0,0.5093368291854858,1
proto,1,SR1482_40X_HE_T117_01,0,0.5124847292900085,1
proto,1,SR1482_40X_HE_T117_02,0,0.5107552409172058,1
proto,1,SR1482_40X_HE_T126_01,0,0.5116758942604065,1
proto,1,SR1482_40X_HE_T129_01,0,0.5091603398323059,1
proto,1,SR1482_40X_HE_T129_02,0,0.514335572719574,1
proto,1,SR1482_40X_HE_T139_01,0,0.5107881426811218,1
proto,1,SR1482_40X_HE_T139_02,0,0.5133523344993591,1
proto,1,SR1482_40X_HE_T147_01,0,0.5152547359466553,1
proto,1,SR1482_40X_HE_T147_02,0,0.5154103636741638,1
proto,1,SR1482_40X_HE_T159_01,0,0.5141026973724365,1
proto,1,SR1482_40X_HE_T159_02,0,0.5103784203529358,1
proto,1,SR1482_40X_HE_T192_01,0,0.5082002282142639,1
proto,1,SR1482_40X_HE_T199_01,0,0.5072507262229919,1
proto,1,SR1482_40X_HE_T304_01,0,0.5049229860305786,1
proto,1,SR1482_40X_HE_T304_02,0,0.5040677189826965,1
proto,1,SR1482_40X_HE_T310_01,1,0.5079835057258606,1
proto,1,SR1482_40X_HE_T310_02,1,0.5089539289474487,1
proto,1,SR1482_40X_HE_T341_01,0,0.5015214085578918,1
proto,1,SR1482_40X_HE_T341_02,0,0.5045365691184998,1
proto,1,SR1482_40X_HE_T353_01,0,0.5028318762779236,1
proto,1,SR1482_40X_HE_T390_01,0,0.5014072060585022,1
proto,1,SR1482_40X_HE_T433_01,1,0.5147015452384949,1
proto,1,SR386_40X_HE_T003_01,0,0.48424142599105835,0
proto,1,SR386_40X_HE_T004_01,0,0.4878120422363281,0
proto,1,SR386_40X_HE_T022_01,1,0.4934881925582886,0
proto,1,SR386_40X_HE_T030_01,0,0.4951966106891632,0
proto,1,SR386_40X_HE_T033_01,0,0.48445749282836914,0
proto,1,SR386_40X_HE_T036_01,0,0.4886523187160492,0
proto,1,SR386_40X_HE_T038_01,0,0.48405686020851135,0
proto,1,SR386_40X_HE_T049_01,0,0.4847632050514221,0
proto,1,SR386_40X_HE_T050_01,0,0.5038080215454102,1
proto,1,SR386_40X_HE_T060_01,0,0.4870709180831909,0
proto,1,SR386_40X_HE_T063_01,0,0.4898453652858734,0
proto,1,SR386_40X_HE_T066_01,0,0.48425203561782837,0
proto,1,SR386_40X_HE_T069_01,0,0.48667919635772705,0
proto,1,SR386_40X_HE_T072_01,0,0.4872886538505554,0
proto,1,SR386_40X_HE_T074_01,0,0.4826650321483612,0
proto,1,SR386_40X_HE_T078_01,0,0.48708948493003845,0
proto,1,SR386_40X_HE_T079_01,0,0.48123180866241455,0
proto,1,SR386_40X_HE_T092_01,1,0.4929400086402893,0
proto,1,SR386_40X_HE_T096_01,0,0.4826984703540802,0
proto,1,SR386_40X_HE_T099_01,0,0.5062476992607117,1
proto,1,SR386_40X_HE_T103_01,0,0.48862355947494507,0
proto,1,SR386_40X_HE_T108_01,0,0.48595738410949707,0
proto,1,SR386_40X_HE_T113_01,0,0.48645147681236267,0
proto,1,SR386_40X_HE_T114_01,0,0.4856562614440918,0
proto,1,SR386_40X_HE_T119_01,0,0.482436865568161,0
proto,1,SR386_40X_HE_T126_01,0,0.4860038161277771,0
proto,1,SR386_40X_HE_T130_01,0,0.4836258292198181,0
proto,1,SR386_40X_HE_T131_01,0,0.48684531450271606,0
proto,1,SR386_40X_HE_T135_01,0,0.4936591684818268,0
proto,1,SR386_40X_HE_T140_01,0,0.4875093400478363,0
proto,1,SR386_40X_HE_T144_01,0,0.49167126417160034,0
proto,1,SR386_40X_HE_T147_01,0,0.4863305389881134,0
proto,1,SR386_40X_HE_T148_01,0,0.48831185698509216,0
proto,1,SR386_40X_HE_T160_01,0,0.48268067836761475,0
proto,1,SR386_40X_HE_T169_01,0,0.48717090487480164,0
proto,1,SR386_40X_HE_T170_01,1,0.4919353425502777,0
proto,1,SR386_40X_HE_T172_01,0,0.4898190498352051,0
proto,1,SR386_40X_HE_T174_01,0,0.4846823513507843,0
proto,1,SR386_40X_HE_T181_01,0,0.48388558626174927,0
proto,1,SR386_40X_HE_T196_01,0,0.4897274076938629,0
proto,1,SR386_40X_HE_T205_01,0,0.4943399727344513,0
proto,1,SR386_40X_HE_T209_01,0,0.48165979981422424,0
proto,1,SR386_40X_HE_T210_01,0,0.49837082624435425,0
proto,1,SR386_40X_HE_T212_01,0,0.4845232367515564,0
proto,1,SR386_40X_HE_T221_01,0,0.4849870800971985,0
proto,1,SR386_40X_HE_T224_01,0,0.4891307055950165,0
proto,1,SR386_40X_HE_T231_01,1,0.5111297965049744,1
proto,1,SR386_40X_HE_T232_01,0,0.4873329699039459,0
proto,1,SR386_40X_HE_T247_01,0,0.48529261350631714,0
proto,1,SR386_40X_HE_T252_01,0,0.48785001039505005,0
proto,1,SR386_40X_HE_T255_01,0,0.5031745433807373,1
proto,1,SR386_40X_HE_T259_01,1,0.48916640877723694,0
proto,1,SR386_40X_HE_T274_01,0,0.4852544963359833,0
proto,1,SR386_40X_HE_T275_01,0,0.49056005477905273,0
proto,1,SR386_40X_HE_T282_01,0,0.4861142337322235,0
proto,1,SR386_40X_HE_T294_01,0,0.5005061030387878,1
proto,1,SR386_40X_HE_T311_01,0,0.4868142604827881,0
proto,1,SR386_40X_HE_T315_01,0,0.4875195324420929,0
proto,1,SR386_40X_HE_T319_01,1,0.48788508772850037,0
proto,1,SR386_40X_HE_T324_01,1,0.4933009743690491,0
proto,1,SR386_40X_HE_T330_01,0,0.48483413457870483,0
proto,1,SR386_40X_HE_T333_01,0,0.49019017815589905,0
proto,1,SR386_40X_HE_T335_01,0,0.5021141171455383,1
proto,1,SR386_40X_HE_T337_01,0,0.4900948107242584,0
proto,1,SR386_40X_HE_T344_01,0,0.4861094057559967,0
proto,1,SR386_40X_HE_T347_01,0,0.4862605035305023,0
proto,1,SR386_40X_HE_T350_01,0,0.4869445264339447,0
proto,1,SR386_40X_HE_T351_01,0,0.5024451613426208,1
proto,1,SR386_40X_HE_T360_01,0,0.48656150698661804,0
proto,1,SR386_40X_HE_T361_01,0,0.5019561052322388,1
proto,1,SR386_40X_HE_T366_01,0,0.4874216914176941,0
proto,1,SR386_40X_HE_T377_01,1,0.4929295778274536,0
proto,1,SR386_40X_HE_T384_01,0,0.4856853187084198,0
proto,1,SR386_40X_HE_T395_01,0,0.5009267926216125,1
proto,1,SR386_40X_HE_T396_01,0,0.4871465861797333,0
proto,1,SR386_40X_HE_T401_01,0,0.4971176087856293,0
proto,1,SR386_40X_HE_T408_01,0,0.48709937930107117,0
proto,1,SR386_40X_HE_T410_01,0,0.48925545811653137,0
proto,1,SR386_40X_HE_T413_01,0,0.4996817111968994,0
proto,1,SR386_40X_HE_T416_01,0,0.502483069896698,1
proto,1,SR386_40X_HE_T418_01,0,0.4855550527572632,0
proto,1,SR386_40X_HE_T419_01,0,0.4963860809803009,0
proto,1,SR386_40X_HE_T421_01,0,0.5037210583686829,1
proto,1,SR386_40X_HE_T423_01,0,0.4980367124080658,0
proto,1,SR386_40X_HE_T428_01,0,0.4943596124649048,0
proto,1,SR386_40X_HE_T430_01,0,0.48502612113952637,0
proto,1,SR386_40X_HE_T431_01,0,0.48648712038993835,0
proto,1,SR386_40X_HE_T435_01,0,0.4962213933467865,0
proto,1,SR386_40X_HE_T438_01,0,0.48753267526626587,0
proto,1,SR386_40X_HE_T439_01,0,0.4980178475379944,0
proto,1,SR386_40X_HE_T447_01,0,0.48752734065055847,0
proto,1,SR386_40X_HE_T449_01,0,0.4863396883010864,0
proto,1,SR386_40X_HE_T454_01,0,0.4878373444080353,0
proto,1,SR386_40X_HE_T456_01,0,0.48689791560173035,0
proto,1,SR386_40X_HE_T461_01,0,0.48868799209594727,0
proto,1,SR386_40X_HE_T462_01,0,0.48804017901420593,0
proto,1,SR386_40X_HE_T468_01,0,0.48846137523651123,0
proto,1,SR386_40X_HE_T469_01,1,0.5045809745788574,1
proto,1,SR386_40X_HE_T470_01,0,0.48683828115463257,0
proto,1,SR386_40X_HE_T471_01,0,0.4878517687320709,0
proto,1,SR386_40X_HE_T477_01,0,0.4883668124675751,0
proto,1,SR386_40X_HE_T480_01,0,0.49085381627082825,0
proto,1,SR386_40X_HE_T484_01,0,0.48652732372283936,0
proto,1,SR386_40X_HE_T495_01,0,0.48099663853645325,0
proto,1,SR386_40X_HE_T496_01,0,0.48199987411499023,0
proto,1,SR386_40X_HE_T498_01,0,0.492836594581604,0
proto,1,SR386_40X_HE_T504_01,0,0.48922502994537354,0
proto,1,SR386_40X_HE_T511_01,0,0.48744556307792664,0
proto,1,SR386_40X_HE_T517_01,0,0.4947493076324463,0
proto,1,SR386_40X_HE_T523_01,0,0.48864129185676575,0
proto,1,SR386_40X_HE_T529_01,0,0.4838152825832367,0
proto,1,SR386_40X_HE_T542_01,0,0.4882194399833679,0
proto,1,SR386_40X_HE_T569_01,0,0.4931071996688843,0
proto,1,SR386_40X_HE_T582_01,0,0.48960116505622864,0
proto,2,SR1482_40X_HE_T009_01,0,0.5050544738769531,1
proto,2,SR1482_40X_HE_T009_02,0,0.5041678547859192,1
proto,2,SR1482_40X_HE_T015_01,0,0.5115609765052795,1
proto,2,SR1482_40X_HE_T021_01,0,0.5056431889533997,1
proto,2,SR1482_40X_HE_T067_01,0,0.5025437474250793,1
proto,2,SR1482_40X_HE_T075_01,0,0.5086804628372192,1
proto,2,SR1482_40X_HE_T075_02,0,0.5107852220535278,1
proto,2,SR1482_40X_HE_T098_01,0,0.5136558413505554,1
proto,2,SR1482_40X_HE_T098_02,0,0.5108267068862915,1
proto,2,SR1482_40X_HE_T102_01,0,0.5126927495002747,1
proto,2,SR1482_40X_HE_T123_01,0,0.5063490867614746,1
proto,2,SR1482_40X_HE_T142_01,0,0.5014445781707764,1
proto,2,SR1482_40X_HE_T146_01,0,0.5184381008148193,1
proto,2,SR1482_40X_HE_T148_01,0,0.5122087001800537,1
proto,2,SR1482_40X_HE_T148_02,0,0.5128663182258606,1
proto,2,SR1482_40X_HE_T154_01,0,0.5050236582756042,1
proto,2,SR1482_40X_HE_T158_01,0,0.505498468875885,1
proto,2,SR1482_40X_HE_T161_01,0,0.5158335566520691,1
proto,2,SR1482_40X_HE_T161_02,0,0.5139467716217041,1
proto,2,SR1482_40X_HE_T164_01,1,0.5129704475402832,1
proto,2,SR1482_40X_HE_T164_02,1,0.5137414336204529,1
proto,2,SR1482_40X_HE_T168_01,0,0.5049815773963928,1
proto,2,SR1482_40X_HE_T171_01,0,0.5121748447418213,1
proto,2,SR1482_40X_HE_T171_02,0,0.5174037218093872,1
proto,2,SR1482_40X_HE_T178_01,1,0.5146054029464722,1
proto,2,SR1482_40X_HE_T186_01,0,0.5065133571624756,1
proto,2,SR1482_40X_HE_T193_01,0,0.51292484998703,1
proto,2,SR1482_40X_HE_T193_02,0,0.5144302845001221,1
proto,2,SR1482_40X_HE_T209_01,0,0.5108211636543274,1
proto,2,SR1482_40X_HE_T209_02,0,0.5096602439880371,1
proto,2,SR1482_40X_HE_T245_01,0,0.5139167308807373,1
proto,2,SR1482_40X_HE_T245_02,0,0.511564314365387,1
proto,2,SR1482_40X_HE_T265_01,0,0.5032618641853333,1
proto,2,SR1482_40X_HE_T302_01,0,0.5134836435317993,1
proto,2,SR1482_40X_HE_T343_01,1,0.5142138600349426,1
proto,2,SR1482_40X_HE_T343_02,1,0.5108004808425903,1
proto,2,SR1482_40X_HE_T399_01,0,0.5139982104301453,1
proto,2,SR1482_40X_HE_T399_02,0,0.5112621188163757,1
proto,2,SR1482_40X_HE_T426_01,0,0.5060473680496216,1
proto,2,SR1482_40X_HE_T426_02,0,0.5070726275444031,1
proto,2,SR386_40X_HE_T001_01,0,0.4805755019187927,0
proto,2,SR386_40X_HE_T013_01,0,0.4814588129520416,0
proto,2,SR386_40X_HE_T018_01,0,0.47906404733657837,0
proto,2,SR386_40X_HE_T019_01,0,0.480045348405838,0
proto,2,SR386_40X_HE_T024_01,0,0.4803837537765503,0
proto,2,SR386_40X_HE_T039_01,0,0.4792378842830658,0
proto,2,SR386_40X_HE_T040_01,1,0.48474088311195374,0
proto,2,SR386_40X_HE_T042_01,0,0.4828914403915405,0
proto,2,SR386_40X_HE_T047_01,0,0.48073405027389526,0
proto,2,SR386_40X_HE_T051_01,0,0.4767006039619446,0
proto,2,SR386_40X_HE_T052_01,0,0.48440268635749817,0
proto,2,SR386_40X_HE_T056_01,0,0.47706490755081177,0
proto,2,SR386_40X_HE_T057_01,0,0.47798478603363037,0
proto,2,SR386_40X_HE_T070_01,0,0.48008328676223755,0
proto,2,SR386_40X_HE_T082_01,0,0.4875844419002533,0
proto,2,SR386_40X_HE_T084_01,0,0.5076961517333984,1
proto,2,SR386_40X_HE_T087_01,0,0.48549655079841614,0
proto,2,SR386_40X_HE_T088_01,0,0.4815768897533417,0
proto,2,SR386_40X_HE_T098_01,0,0.48264944553375244,0
proto,2,SR386_40X_HE_T105_01,0,0.47922927141189575,0
proto,2,SR386_40X_HE_T122_01,0,0.48514968156814575,0
proto,2,SR386_40X_HE_T123_01,0,0.485989511013031,0
proto,2,SR386_40X_HE_T133_01,0,0.4805644154548645,0
proto,2,SR386_40X_HE_T145_01,0,0.4831445813179016,0
proto,2,SR386_40X_HE_T150_01,0,0.484848290681839,0
proto,2,SR386_40X_HE_T152_01,0,0.48194196820259094,0
proto,2,SR386_40X_HE_T155_01,0,0.4793282151222229,0
proto,2,SR386_40X_HE_T157_01,0,0.4860983192920685,0
proto,2,SR386_40X_HE_T164_01,0,0.48304319381713867,0
proto,2,SR386_40X_HE_T166_01,0,0.48375457525253296,0
proto,2,SR386_40X_HE_T176_01,1,0.48398494720458984,0
proto,2,SR386_40X_HE_T177_01,0,0.4842747449874878,0
proto,2,SR386_40X_HE_T178_01,0,0.48565059900283813,0
proto,2,SR386_40X_HE_T187_01,0,0.48477208614349365,0
proto,2,SR386_40X_HE_T190_01,0,0.48099789023399353,0
proto,2,SR386_40X_HE_T192_01,0,0.4853845536708832,0
proto,2,SR386_40X_HE_T198_01,0,0.48672202229499817,0
proto,2,SR386_40X_HE_T200_01,0,0.4853617250919342,0
proto,2,SR386_40X_HE_T206_01,1,0.48430335521698,0
proto,2,SR386_40X_HE_T211_01,0,0.4860425293445587,0
proto,2,SR386_40X_HE_T213_01,0,0.5034341812133789,1
proto,2,SR386_40X_HE_T214_01,0,0.5072155594825745,1
proto,2,SR386_40X_HE_T220_01,0,0.48663902282714844,0
proto,2,SR386_40X_HE_T230_01,1,0.489284485578537,0
proto,2,SR386_40X_HE_T236_01,0,0.4879909157752991,0
proto,2,SR386_40X_HE_T237_01,0,0.4863220155239105,0
proto,2,SR386_40X_HE_T240_01,0,0.48468154668807983,0
proto,2,SR386_40X_HE_T241_01,0,0.4816206395626068,0
proto,2,SR386_40X_HE_T242_01,0,0.48416227102279663,0
proto,2,SR386_40X_HE_T253_01,0,0.48308104276657104,0
proto,2,SR386_40X_HE_T260_01,0,0.5058169364929199,1
proto,2,SR386_40X_HE_T262_01,0,0.5084436535835266,1
proto,2,SR386_40X_HE_T264_01,0,0.503117024898529,1
proto,2,SR386_40X_HE_T271_01,0,0.4826809763908386,0
proto,2,SR386_40X_HE_T281_01,0,0.4822925329208374,0
proto,2,SR386_40X_HE_T297_01,0,0.4851280748844147,0
proto,2,SR386_40X_HE_T299_01,0,0.4810340404510498,0
proto,2,SR386_40X_HE_T301_01,0,0.48352479934692383,0
proto,2,SR386_40X_HE_T306_01,0,0.4865047335624695,0
proto,2,SR386_40X_HE_T309_01,0,0.4926337003707886,0
proto,2,SR386_40X_HE_T314_01,0,0.4829370081424713,0
proto,2,SR386_40X_HE_T316_01,0,0.5019696354866028,1
proto,2,SR386_40X_HE_T318_01,0,0.5104398131370544,1
proto,2,SR386_40X_HE_T321_01,0,0.4828101396560669,0
proto,2,SR386_40X_HE_T326_01,0,0.4828944802284241,0
proto,2,SR386_40X_HE_T327_01,0,0.47514066100120544,0
proto,2,SR386_40X_HE_T332_01,1,0.48483142256736755,0
proto,2,SR386_40X_HE_T355_01,0,0.48440250754356384,0
proto,2,SR386_40X_HE_T364_01,0,0.49178192019462585,0
proto,2,SR386_40X_HE_T368_01,1,0.49429041147232056,0
proto,2,SR386_40X_HE_T374_01,0,0.47991180419921875,0
proto,2,SR386_40X_HE_T380_01,0,0.4802510142326355,0
proto,2,SR386_40X_HE_T382_01,0,0.4810878038406372,0
proto,2,SR386_40X_HE_T392_01,0,0.4813058078289032,0
proto,2,SR386_40X_HE_T398_01,0,0.4858449697494507,0
proto,2,SR386_40X_HE_T402_01,1,0.5120006203651428,1
proto,2,SR386_40X_HE_T404_01,0,0.4787537753582001,0
proto,2,SR386_40X_HE_T415_01,0,0.47728052735328674,0
proto,2,SR386_40X_HE_T417_01,0,0.482632040977478,0
proto,2,SR386_40X_HE_T425_01,0,0.48069626092910767,0
proto,2,SR386_40X_HE_T436_01,1,0.4929617941379547,0
proto,2,SR386_40X_HE_T437_01,0,0.48431915044784546,0
proto,2,SR386_40X_HE_T440_01,0,0.48796558380126953,0
proto,2,SR386_40X_HE_T445_01,0,0.48049160838127136,0
proto,2,SR386_40X_HE_T450_01,0,0.4822838306427002,0
proto,2,SR386_40X_HE_T459_01,0,0.5040255188941956,1
proto,2,SR386_40X_HE_T472_01,0,0.4780692160129547,0
proto,2,SR386_40X_HE_T481_01,0,0.483781099319458,0
proto,2,SR386_40X_HE_T483_01,0,0.5056352615356445,1
proto,2,SR386_40X_HE_T486_01,0,0.48451852798461914,0
proto,2,SR386_40X_HE_T488_01,0,0.48936936259269714,0
proto,2,SR386_40X_HE_T499_01,0,0.5078043937683105,1
proto,2,SR386_40X_HE_T507_01,0,0.5061168074607849,1
proto,2,SR386_40X_HE_T514_01,0,0.47958794236183167,0
proto,2,SR386_40X_HE_T520_01,1,0.483865350484848,0
proto,2,SR386_40X_HE_T522_01,0,0.4831869900226593,0
proto,2,SR386_40X_HE_T531_01,0,0.4822564125061035,0
proto,2,SR386_40X_HE_T535_01,0,0.48701798915863037,0
proto,2,SR386_40X_HE_T539_01,0,0.483466774225235,0
proto,2,SR386_40X_HE_T549_01,0,0.5004026293754578,1
proto,2,SR386_40X_HE_T552_01,0,0.4847153425216675,0
proto,2,SR386_40X_HE_T553_01,0,0.4846254289150238,0
proto,2,SR386_40X_HE_T554_01,0,0.48933666944503784,0
proto,2,SR386_40X_HE_T558_01,0,0.4798308312892914,0
proto,2,SR386_40X_HE_T564_01,0,0.5021905899047852,1
proto,2,SR386_40X_HE_T570_01,0,0.4781310260295868,0
proto,2,SR386_40X_HE_T574_01,0,0.48332417011260986,0
proto,2,SR386_40X_HE_T578_01,0,0.482413113117218,0
proto,2,SR386_40X_HE_T580_01,0,0.4815499186515808,0
proto,3,SR1482_40X_HE_T005_01,0,0.5127442479133606,1
proto,3,SR1482_40X_HE_T005_02,0,0.5142393112182617,1
proto,3,SR1482_40X_HE_T010_01,0,0.5011407136917114,1
proto,3,SR1482_40X_HE_T043_01,0,0.5125535726547241,1
proto,3,SR1482_40X_HE_T043_02,0,0.512005627155304,1
proto,3,SR1482_40X_HE_T049_01,0,0.5051364302635193,1
proto,3,SR1482_40X_HE_T061_01,0,0.5198630094528198,1
proto,3,SR1482_40X_HE_T061_02,0,0.5199737548828125,1
proto,3,SR1482_40X_HE_T070_01,1,0.5162501335144043,1
proto,3,SR1482_40X_HE_T073_01,0,0.5063028931617737,1
proto,3,SR1482_40X_HE_T082_01,0,0.5122276544570923,1
proto,3,SR1482_40X_HE_T082_02,0,0.515066921710968,1
proto,3,SR1482_40X_HE_T089_01,0,0.5028364658355713,1
proto,3,SR1482_40X_HE_T090_01,0,0.5017656087875366,1
proto,3,SR1482_40X_HE_T094_01,1,0.5161702036857605,1
proto,3,SR1482_40X_HE_T094_02,1,0.5178223848342896,1
proto,3,SR1482_40X_HE_T105_01,0,0.4987373948097229,0
proto,3,SR1482_40X_HE_T115_01,0,0.5100641846656799,1
proto,3,SR1482_40X_HE_T115_02,0,0.5034554600715637,1
proto,3,SR1482_40X_HE_T118_01,0,0.5168537497520447,1
proto,3,SR1482_40X_HE_T118_02,0,0.5128559470176697,1
proto,3,SR1482_40X_HE_T120_01,0,0.5126269459724426,1
proto,3,SR1482_40X_HE_T120_02,0,0.5161727070808411,1
proto,3,SR1482_40X_HE_T124_01,0,0.5131767988204956,1
proto,3,SR1482_40X_HE_T124_02,0,0.5142797827720642,1
proto,3,SR1482_40X_HE_T138_01,0,0.5042722225189209,1
proto,3,SR1482_40X_HE_T160_01,0,0.5089759826660156,1
proto,3,SR1482_40X_HE_T160_02,0,0.5094133615493774,1
proto,3,SR1482_40X_HE_T167_01,0,0.512008786201477,1
proto,3,SR1482_40X_HE_T167_02,0,0.5067170858383179,1
proto,3,SR1482_40X_HE_T175_01,0,0.5209662318229675,1
proto,3,SR1482_40X_HE_T175_02,0,0.5198475122451782,1
proto,3,SR1482_40X_HE_T177_01,1,0.506399393081665,1
proto,3,SR1482_40X_HE_T188_01,0,0.5063238143920898,1
proto,3,SR1482_40X_HE_T195_01,0,0.5091072916984558,1
proto,3,SR1482_40X_HE_T195_02,0,0.5123258829116821,1
proto,3,SR1482_40X_HE_T202_01,0,0.5170353651046753,1
proto,3,SR1482_40X_HE_T202_02,0,0.5093781352043152,1
proto,3,SR1482_40X_HE_T225_01,0,0.5180620551109314,1
proto,3,SR1482_40X_HE_T225_02,0,0.5025215148925781,1
proto,3,SR1482_40X_HE_T235_01,0,0.5142412185668945,1
proto,3,SR1482_40X_HE_T235_02,0,0.514694094657898,1
proto,3,SR1482_40X_HE_T236_01,0,0.5109015703201294,1
proto,3,SR1482_40X_HE_T236_02,0,0.5101198554039001,1
proto,3,SR1482_40X_HE_T258_01,0,0.5127532482147217,1
proto,3,SR1482_40X_HE_T258_02,0,0.5127196907997131,1
proto,3,SR1482_40X_HE_T284_01,1,0.5157648921012878,1
proto,3,SR1482_40X_HE_T284_02,1,0.5140366554260254,1
proto,3,SR1482_40X_HE_T301_01,1,0.5124365091323853,1
proto,3,SR1482_40X_HE_T301_02,1,0.5071773529052734,1
proto,3,SR1482_40X_HE_T309_01,0,0.5129113793373108,1
proto,3,SR1482_40X_HE_T313_01,0,0.5164280533790588,1
proto,3,SR1482_40X_HE_T313_02,0,0.5186387896537781,1
proto,3,SR1482_40X_HE_T338_01,0,0.515817403793335,1
proto,3,SR1482_40X_HE_T344_01,0,0.507637619972229,1
proto,3,SR1482_40X_HE_T344_02,0,0.5103225111961365,1
proto,3,SR1482_40X_HE_T346_01,0,0.5133243203163147,1
proto,3,SR1482_40X_HE_T346_02,0,0.5152864456176758,1
proto,3,SR1482_40X_HE_T377_01,0,0.5119693279266357,1
proto,3,SR1482_40X_HE_T377_02,0,0.5134849548339844,1
proto,3,SR1482_40X_HE_T419_01,0,0.5028306245803833,1
proto,3,SR1482_40X_HE_T427_01,0,0.5126633644104004,1
proto,3,SR1482_40X_HE_T427_02,0,0.511296808719635,1
proto,3,SR386_40X_HE_T007_01,0,0.4826071262359619,0
proto,3,SR386_40X_HE_T015_01,0,0.4796266555786133,0
proto,3,SR386_40X_HE_T017_01,1,0.4837625324726105,0
proto,3,SR386_40X_HE_T032_01,0,0.4800969660282135,0
proto,3,SR386_40X_HE_T034_01,0,0.47618237137794495,0
proto,3,SR386_40X_HE_T035_01,0,0.47997957468032837,0
proto,3,SR386_40X_HE_T041_01,0,0.48173877596855164,0
proto,3,SR386_40X_HE_T067_01,0,0.4799945056438446,0
proto,3,SR386_40X_HE_T075_01,0,0.480604350566864,0
proto,3,SR386_40X_HE_T081_01,0,0.48871153593063354,0
proto,3,SR386_40X_HE_T083_01,0,0.47785118222236633,0
proto,3,SR386_40X_HE_T085_01,0,0.4771030843257904,0
proto,3,SR386_40X_HE_T095_01,0,0.49341925978660583,0
proto,3,SR386_40X_HE_T104_01,0,0.48009181022644043,0
proto,3,SR386_40X_HE_T106_01,0,0.4812804162502289,0
proto,3,SR386_40X_HE_T112_01,0,0.48645836114883423,0
proto,3,SR386_40X_HE_T128_01,0,0.4789564311504364,0
proto,3,SR386_40X_HE_T132_01,0,0.48872750997543335,0
proto,3,SR386_40X_HE_T138_01,0,0.47934314608573914,0
proto,3,SR386_40X_HE_T142_01,0,0.48173806071281433,0
proto,3,SR386_40X_HE_T149_01,0,0.47845396399497986,0
proto,3,SR386_40X_HE_T165_01,1,0.47949835658073425,0
proto,3,SR386_40X_HE_T179_01,0,0.4879229664802551,0
proto,3,SR386_40X_HE_T180_01,0,0.48657575249671936,0
proto,3,SR386_40X_HE_T182_01,0,0.48857760429382324,0
proto,3,SR386_40X_HE_T184_01,0,0.4847860038280487,0
proto,3,SR386_40X_HE_T188_01,0,0.4894186556339264,0
proto,3,SR386_40X_HE_T191_01,0,0.48249316215515137,0
proto,3,SR386_40X_HE_T197_01,0,0.4800683557987213,0
proto,3,SR386_40X_HE_T201_01,0,0.4855797588825226,0
proto,3,SR386_40X_HE_T202_01,0,0.47924667596817017,0
proto,3,SR386_40X_HE_T208_01,0,0.48082855343818665,0
proto,3,SR386_40X_HE_T216_01,1,0.48493269085884094,0
proto,3,SR386_40X_HE_T238_01,0,0.48308905959129333,0
proto,3,SR386_40X_HE_T244_01,0,0.5013043880462646,1
proto,3,SR386_40X_HE_T248_01,0,0.4798019230365753,0
proto,3,SR386_40X_HE_T249_01,0,0.4857037663459778,0
proto,3,SR386_40X_HE_T250_01,0,0.49303561449050903,0
proto,3,SR386_40X_HE_T263_01,0,0.48453158140182495,0
proto,3,SR386_40X_HE_T267_01,0,0.48517581820487976,0
proto,3,SR386_40X_HE_T269_01,0,0.4778580665588379,0
proto,3,SR386_40X_HE_T277_01,0,0.48082056641578674,0
proto,3,SR386_40X_HE_T286_01,0,0.5124199986457825,1
proto,3,SR386_40X_HE_T287_01,0,0.4940226972103119,0
proto,3,SR386_40X_HE_T290_01,0,0.4831567108631134,0
proto,3,SR386_40X_HE_T293_01,0,0.4844403564929962,0
proto,3,SR386_40X_HE_T298_01,0,0.4784746468067169,0
proto,3,SR386_40X_HE_T303_01,0,0.4763346016407013,0
proto,3,SR386_40X_HE_T312_01,0,0.48272964358329773,0
proto,3,SR386_40X_HE_T329_01,0,0.491211473941803,0
proto,3,SR386_40X_HE_T336_01,0,0.4836149215698242,0
proto,3,SR386_40X_HE_T338_01,0,0.47872090339660645,0
proto,3,SR386_40X_HE_T342_01,0,0.49127402901649475,0
proto,3,SR386_40X_HE_T353_01,0,0.5018743872642517,1
proto,3,SR386_40X_HE_T357_01,0,0.47832193970680237,0
proto,3,SR386_40X_HE_T362_01,0,0.49528589844703674,0
proto,3,SR386_40X_HE_T363_01,1,0.48647332191467285,0
proto,3,SR386_40X_HE_T372_01,0,0.48898667097091675,0
proto,3,SR386_40X_HE_T378_01,0,0.4768895208835602,0
proto,3,SR386_40X_HE_T379_01,0,0.4802730977535248,0
proto,3,SR386_40X_HE_T386_01,0,0.48818257451057434,0
proto,3,SR386_40X_HE_T387_01,0,0.505614161491394,1
proto,3,SR386_40X_HE_T393_01,0,0.4932630658149719,0
proto,3,SR386_40X_HE_T397_01,0,0.48882386088371277,0
proto,3,SR386_40X_HE_T406_01,0,0.49703851342201233,0
proto,3,SR386_40X_HE_T409_01,0,0.48657017946243286,0
proto,3,SR386_40X_HE_T422_01,0,0.47545769810676575,0
proto,3,SR386_40X_HE_T426_01,0,0.4775542914867401,0
proto,3,SR386_40X_HE_T433_01,0,0.489351361989975,0
proto,3,SR386_40X_HE_T443_01,0,0.482332319021225,0
proto,3,SR386_40X_HE_T448_01,0,0.4838128685951233,0
proto,3,SR386_40X_HE_T452_01,0,0.4866529703140259,0
proto,3,SR386_40X_HE_T460_01,1,0.4836999475955963,0
proto,3,SR386_40X_HE_T473_01,0,0.4860745668411255,0
proto,3,SR386_40X_HE_T475_01,0,0.48721253871917725,0
proto,3,SR386_40X_HE_T478_01,0,0.48434969782829285,0
proto,3,SR386_40X_HE_T489_01,1,0.48439592123031616,0
proto,3,SR386_40X_HE_T491_01,0,0.4862119257450104,0
proto,3,SR386_40X_HE_T492_01,0,0.47998592257499695,0
proto,3,SR386_40X_HE_T493_01,0,0.4887367784976959,0
proto,3,SR386_40X_HE_T502_01,0,0.4749755263328552,0
proto,3,SR386_40X_HE_T505_01,0,0.4997085630893707,0
proto,3,SR386_40X_HE_T506_01,0,0.48929548263549805,0
proto,3,SR386_40X_HE_T509_01,0,0.5032439231872559,1
proto,3,SR386_40X_HE_T516_01,0,0.48161813616752625,0
proto,3,SR386_40X_HE_T518_01,0,0.48267269134521484,0
proto,3,SR386_40X_HE_T519_01,0,0.4835001528263092,0
proto,3,SR386_40X_HE_T521_01,0,0.47867682576179504,0
proto,3,SR386_40X_HE_T526_01,0,0.48196572065353394,0
proto,3,SR386_40X_HE_T533_01,0,0.4838521480560303,0
proto,3,SR386_40X_HE_T543_01,0,0.48575451970100403,0
proto,3,SR386_40X_HE_T544_01,0,0.4814566969871521,0
proto,3,SR386_40X_HE_T556_01,1,0.48348894715309143,0
proto,3,SR386_40X_HE_T560_01,0,0.48657429218292236,0
proto,3,SR386_40X_HE_T563_01,0,0.4804544746875763,0
proto,3,SR386_40X_HE_T568_01,0,0.48333045840263367,0
proto,3,SR386_40X_HE_T571_01,0,0.483347088098526,0
proto,3,SR386_40X_HE_T572_01,0,0.5091419816017151,1
proto,3,SR386_40X_HE_T573_01,0,0.4825206398963928,0
proto,3,SR386_40X_HE_T583_01,0,0.4766123592853546,0
proto,4,SR1482_40X_HE_T002_01,0,0.4996422827243805,0
proto,4,SR1482_40X_HE_T003_01,0,0.5047912001609802,1
proto,4,SR1482_40X_HE_T004_01,0,0.5056678652763367,1
proto,4,SR1482_40X_HE_T004_02,0,0.5091480016708374,1
proto,4,SR1482_40X_HE_T011_01,0,0.504833996295929,1
proto,4,SR1482_40X_HE_T025_01,0,0.507713794708252,1
proto,4,SR1482_40X_HE_T025_02,0,0.508033275604248,1
proto,4,SR1482_40X_HE_T060_01,0,0.5140961408615112,1
proto,4,SR1482_40X_HE_T062_01,0,0.5155102610588074,1
proto,4,SR1482_40X_HE_T062_02,0,0.5099809765815735,1
proto,4,SR1482_40X_HE_T064_01,0,0.5110525488853455,1
proto,4,SR1482_40X_HE_T064_02,0,0.5080218315124512,1
proto,4,SR1482_40X_HE_T071_01,0,0.5102168917655945,1
proto,4,SR1482_40X_HE_T071_02,0,0.5105621814727783,1
proto,4,SR1482_40X_HE_T074_01,0,0.5026482939720154,1
proto,4,SR1482_40X_HE_T074_02,0,0.5016032457351685,1
proto,4,SR1482_40X_HE_T083_01,0,0.5144360661506653,1
proto,4,SR1482_40X_HE_T083_02,0,0.5151287913322449,1
proto,4,SR1482_40X_HE_T087_01,0,0.5054898858070374,1
proto,4,SR1482_40X_HE_T097_01,1,0.5158042907714844,1
proto,4,SR1482_40X_HE_T097_02,1,0.5139424800872803,1
proto,4,SR1482_40X_HE_T108_01,0,0.500474214553833,1
proto,4,SR1482_40X_HE_T113_01,0,0.5084714889526367,1
proto,4,SR1482_40X_HE_T113_02,0,0.5132538676261902,1
proto,4,SR1482_40X_HE_T121_01,0,0.49877986311912537,0
proto,4,SR1482_40X_HE_T122_01,0,0.4984070360660553,0
proto,4,SR1482_40X_HE_T125_01,0,0.5115238428115845,1
proto,4,SR1482_40X_HE_T125_02,0,0.5080985426902771,1
proto,4,SR1482_40X_HE_T131_01,0,0.5092334747314453,1
proto,4,SR1482_40X_HE_T131_02,0,0.5175824761390686,1
proto,4,SR1482_40X_HE_T132_01,0,0.5069357752799988,1
proto,4,SR1482_40X_HE_T132_02,0,0.5108280777931213,1
proto,4,SR1482_40X_HE_T143_01,0,0.5132662653923035,1
proto,4,SR1482_40X_HE_T143_02,0,0.51349937915802,1
proto,4,SR1482_40X_HE_T166_01,1,0.5021083354949951,1
proto,4,SR1482_40X_HE_T169_01,0,0.5094969868659973,1
proto,4,SR1482_40X_HE_T176_01,1,0.5147570967674255,1
proto,4,SR1482_40X_HE_T176_02,1,0.5147086381912231,1
proto,4,SR1482_40X_HE_T191_01,0,0.5042763352394104,1
proto,4,SR1482_40X_HE_T194_01,0,0.5192685127258301,1
proto,4,SR1482_40X_HE_T218_01,0,0.50466388463974,1
proto,4,SR1482_40X_HE_T253_01,0,0.5003809928894043,1
proto,4,SR1482_40X_HE_T290_01,0,0.5130451321601868,1
proto,4,SR1482_40X_HE_T308_01,0,0.5091511011123657,1
proto,4,SR1482_40X_HE_T314_01,0,0.5193334221839905,1
proto,4,SR1482_40X_HE_T314_02,0,0.5225297212600708,1
proto,4,SR1482_40X_HE_T372_01,1,0.5066025257110596,1
proto,4,SR1482_40X_HE_T372_02,1,0.509091317653656,1
proto,4,SR1482_40X_HE_T408_01,0,0.5038663148880005,1
proto,4,SR1482_40X_HE_T412_01,0,0.506249725818634,1
proto,4,SR1482_40X_HE_T425_01,0,0.49873971939086914,0
proto,4,SR1482_40X_HE_T434_01,1,0.5065402388572693,1
proto,4,SR386_40X_HE_T006_01,0,0.47613781690597534,0
proto,4,SR386_40X_HE_T010_01,0,0.48382148146629333,0
proto,4,SR386_40X_HE_T014_01,0,0.48232871294021606,0
proto,4,SR386_40X_HE_T016_01,0,0.475313663482666,0
proto,4,SR386_40X_HE_T020_01,0,0.47788354754447937,0
proto,4,SR386_40X_HE_T027_01,0,0.5057075619697571,1
proto,4,SR386_40X_HE_T028_01,0,0.48249727487564087,0
proto,4,SR386_40X_HE_T037_01,0,0.4822322726249695,0
proto,4,SR386_40X_HE_T043_01,0,0.48005980253219604,0
proto,4,SR386_40X_HE_T044_01,1,0.4798279404640198,0
proto,4,SR386_40X_HE_T046_01,0,0.4863089323043823,0
proto,4,SR386_40X_HE_T058_01,0,0.4774501621723175,0
proto,4,SR386_40X_HE_T062_01,0,0.4789418876171112,0
proto,4,SR386_40X_HE_T065_01,1,0.48082488775253296,0
proto,4,SR386_40X_HE_T080_01,0,0.48014429211616516,0
proto,4,SR386_40X_HE_T091_01,0,0.47968968749046326,0
proto,4,SR386_40X_HE_T094_01,0,0.47981858253479004,0
proto,4,SR386_40X_HE_T097_01,0,0.4946594536304474,0
proto,4,SR386_40X_HE_T100_01,0,0.49014270305633545,0
proto,4,SR386_40X_HE_T107_01,0,0.48304179310798645,0
proto,4,SR386_40X_HE_T109_01,1,0.4842481315135956,0
proto,4,SR386_40X_HE_T110_01,0,0.48716604709625244,0
proto,4,SR386_40X_HE_T117_01,0,0.4789472222328186,0
proto,4,SR386_40X_HE_T127_01,0,0.4812050759792328,0
proto,4,SR386_40X_HE_T129_01,0,0.4799889326095581,0
proto,4,SR386_40X_HE_T136_01,0,0.47843486070632935,0
proto,4,SR386_40X_HE_T154_01,0,0.4823617935180664,0
proto,4,SR386_40X_HE_T168_01,1,0.4848758280277252,0
proto,4,SR386_40X_HE_T175_01,0,0.4785556495189667,0
proto,4,SR386_40X_HE_T189_01,0,0.4785439968109131,0
proto,4,SR386_40X_HE_T195_01,0,0.4760694205760956,0
proto,4,SR386_40X_HE_T227_01,0,0.48834341764450073,0
proto,4,SR386_40X_HE_T233_01,0,0.4883536398410797,0
proto,4,SR386_40X_HE_T234_01,0,0.4908057153224945,0
proto,4,SR386_40X_HE_T235_01,0,0.4810180962085724,0
proto,4,SR386_40X_HE_T239_01,0,0.4886481463909149,0
proto,4,SR386_40X_HE_T245_01,0,0.4790135324001312,0
proto,4,SR386_40X_HE_T256_01,0,0.48580801486968994,0
proto,4,SR386_40X_HE_T265_01,0,0.47947558760643005,0
proto,4,SR386_40X_HE_T268_01,0,0.5042128562927246,1
proto,4,SR386_40X_HE_T270_01,0,0.48588085174560547,0
proto,4,SR386_40X_HE_T272_01,0,0.5125406980514526,1
proto,4,SR386_40X_HE_T273_01,0,0.49418482184410095,0
proto,4,SR386_40X_HE_T276_01,0,0.48635444045066833,0
proto,4,SR386_40X_HE_T278_01,1,0.4879184663295746,0
proto,4,SR386_40X_HE_T284_01,0,0.48505282402038574,0
proto,4,SR386_40X_HE_T285_01,0,0.4785364866256714,0
proto,4,SR386_40X_HE_T288_01,0,0.4874792695045471,0
proto,4,SR386_40X_HE_T291_01,0,0.4840666353702545,0
proto,4,SR386_40X_HE_T300_01,0,0.48368147015571594,0
proto,4,SR386_40X_HE_T302_01,0,0.4809982478618622,0
proto,4,SR386_40X_HE_T305_01,0,0.4816449284553528,0
proto,4,SR386_40X_HE_T308_01,0,0.4848569333553314,0
proto,4,SR386_40X_HE_T325_01,0,0.4888232350349426,0
proto,4,SR386_40X_HE_T331_01,0,0.49416014552116394,0
proto,4,SR386_40X_HE_T341_01,0,0.5088686943054199,1
proto,4,SR386_40X_HE_T343_01,1,0.48300719261169434,0
proto,4,SR386_40X_HE_T346_01,0,0.48890432715415955,0
proto,4,SR386_40X_HE_T352_01,0,0.4869821071624756,0
proto,4,SR386_40X_HE_T373_01,0,0.4920603930950165,0
proto,4,SR386_40X_HE_T375_01,0,0.4867069125175476,0
proto,4,SR386_40X_HE_T381_01,0,0.4790113866329193,0
proto,4,SR386_40X_HE_T389_01,0,0.507885217666626,1
proto,4,SR386_40X_HE_T391_01,0,0.48256152868270874,0
proto,4,SR386_40X_HE_T394_01,0,0.4842086136341095,0
proto,4,SR386_40X_HE_T399_01,0,0.508208155632019,1
proto,4,SR386_40X_HE_T403_01,0,0.487518846988678,0
proto,4,SR386_40X_HE_T405_01,0,0.5069785714149475,1
proto,4,SR386_40X_HE_T407_01,0,0.48400798439979553,0
proto,4,SR386_40X_HE_T414_01,0,0.482340544462204,0
proto,4,SR386_40X_HE_T424_01,0,0.49557361006736755,0
proto,4,SR386_40X_HE_T429_01,0,0.5083041787147522,1
proto,4,SR386_40X_HE_T441_01,0,0.49382784962654114,0
proto,4,SR386_40X_HE_T451_01,0,0.481266587972641,0
proto,4,SR386_40X_HE_T453_01,0,0.4815065264701843,0
proto,4,SR386_40X_HE_T455_01,0,0.4872652590274811,0
proto,4,SR386_40X_HE_T465_01,0,0.5064474940299988,1
proto,4,SR386_40X_HE_T474_01,0,0.48875921964645386,0
proto,4,SR386_40X_HE_T476_01,0,0.4945669174194336,0
proto,4,SR386_40X_HE_T479_01,0,0.49835705757141113,0
proto,4,SR386_40X_HE_T482_01,0,0.48729923367500305,0
proto,4,SR386_40X_HE_T487_01,0,0.502604603767395,1
proto,4,SR386_40X_HE_T490_01,0,0.48711174726486206,0
proto,4,SR386_40X_HE_T494_01,0,0.4796295166015625,0
proto,4,SR386_40X_HE_T500_01,0,0.4788324534893036,0
proto,4,SR386_40X_HE_T510_01,0,0.48318377137184143,0
proto,4,SR386_40X_HE_T524_01,0,0.4832906723022461,0
proto,4,SR386_40X_HE_T528_01,0,0.5079119801521301,1
proto,4,SR386_40X_HE_T532_01,0,0.4900333285331726,0
proto,4,SR386_40X_HE_T534_01,0,0.49523648619651794,0
proto,4,SR386_40X_HE_T536_01,0,0.48346126079559326,0
proto,4,SR386_40X_HE_T537_01,0,0.4901895523071289,0
proto,4,SR386_40X_HE_T541_01,0,0.48465272784233093,0
proto,4,SR386_40X_HE_T548_01,1,0.5076125860214233,1
proto,4,SR386_40X_HE_T550_01,0,0.4846040606498718,0
proto,4,SR386_40X_HE_T551_01,0,0.48108789324760437,0
proto,4,SR386_40X_HE_T557_01,0,0.48893454670906067,0
proto,4,SR386_40X_HE_T565_01,0,0.4908987283706665,0
proto,4,SR386_40X_HE_T567_01,0,0.4878522753715515,0
proto,4,SR386_40X_HE_T575_01,0,0.48394468426704407,0
proto,4,SR386_40X_HE_T576_01,0,0.4820864796638489,0
proto,4,SR386_40X_HE_T581_01,0,0.5043361783027649,1
rf,1,SR1482_40X_HE_T029_01,0,0.13708737565255885,0
rf,1,SR1482_40X_HE_T029_02,0,0.14470956373926305,0
rf,1,SR1482_40X_HE_T057_01,0,0.03744149184149185,0
rf,1,SR1482_40X_HE_T063_01,1,0.18848484848484848,0
rf,1,SR1482_40X_HE_T063_02,1,0.1253793008067202,0
rf,1,SR1482_40X_HE_T065_01,0,0.12105204341947064,0
rf,1,SR1482_40X_HE_T065_02,0,0.06963636363636364,0
rf,1,SR1482_40X_HE_T066_01,0,0.22096969696969698,0
rf,1,SR1482_40X_HE_T066_02,0,0.3234458874458874,1
rf,1,SR1482_40X_HE_T068_01,0,0.03948084758378876,0
rf,1,SR1482_40X_HE_T069_01,0,0.07365842759391147,0
rf,1,SR1482_40X_HE_T069_02,0,0.10451395560960779,0
rf,1,SR1482_40X_HE_T079_01,1,0.1832185842326687,0
rf,1,SR1482_40X_HE_T079_02,1,0.27682073477030317,0
rf,1,SR1482_40X_HE_T080_01,0,0.09658825711325712,0
rf,1,SR1482_40X_HE_T080_02,0,0.0811498612889458,0
rf,1,SR1482_40X_HE_T081_01,0,0.11656204064752451,0
rf,1,SR1482_40X_HE_T081_02,0,0.06863072196620584,0
rf,1,SR1482_40X_HE_T099_01,0,0.04899001942196278,0
rf,1,SR1482_40X_HE_T116_01,0,0.12212924981522541,0
rf,1,SR1482_40X_HE_T117_01,0,0.1603954236781561,0
rf,1,SR1482_40X_HE_T117_02,0,0.1167776221248707,0
rf,1,SR1482_40X_HE_T126_01,0,0.1851438172043011,0
rf,1,SR1482_40X_HE_T129_01,0,0.131173579109063,0
rf,1,SR1482_40X_HE_T129_02,0,0.2701732555406828,0
rf,1,SR1482_40X_HE_T139_01,0,0.21367150997442108,0
rf,1,SR1482_40X_HE_T139_02,0,0.24467671395398738,0
rf,1,SR1482_40X_HE_T147_01,0,0.24863413692317507,0
rf,1,SR1482_40X_HE_T147_02,0,0.30177597402597395,1
rf,1,SR1482_40X_HE_T159_01,0,0.22262812456360842,0
rf,1,SR1482_40X_HE_T159_02,0,0.20319805194805193,0
rf,1,SR1482_40X_HE_T192_01,0,0.09059883855981415,0
rf,1,SR1482_40X_HE_T199_01,0,0.07301759665179523,0
rf,1,SR1482_40X_HE_T304_01,0,0.07475176484338476,0
rf,1,SR1482_40X_HE_T304_02,0,0.0466400293255132,0
rf,1,SR1482_40X_HE_T310_01,1,0.16108608105999,0
rf,1,SR1482_40X_HE_T310_02,1,0.11589365426067992,0
rf,1,SR1482_40X_HE_T341_01,0,0.04310989010989011,0
rf,1,SR1482_40X_HE_T341_02,0,0.06119797275894837,0
rf,1,SR1482_40X_HE_T353_01,0,0.09854859307359308,0
rf,1,SR1482_40X_HE_T390_01,0,0.0357618658223497,0
rf,1,SR1482_40X_HE_T433_01,1,0.2042077922077922,0
rf,1,SR386_40X_HE_T003_01,0,0.01196078431372549,0
rf,1,SR386_40X_HE_T004_01,0,0.08510685142347134,0
rf,1,SR386_40X_HE_T022_01,1,0.2975622475551664,0
rf,1,SR386_40X_HE_T030_01,0,0.15668140878122974,0
rf,1,SR386_40X_HE_T033_01,0,0.05831768231768233,0
rf,1,SR386_40X_HE_T036_01,0,0.04332509426057813,0
rf,1,SR386_40X_HE_T038_01,0,0.09358758314855875,0
rf,1,SR386_40X_HE_T049_01,0,0.013840245775729646,0
rf,1,SR386_40X_HE_T050_01,0,0.052588659970287756,0
rf,1,SR386_40X_HE_T060_01,0,0.038,0
rf,1,SR386_40X_HE_T063_01,0,0.20506818181818182,0
rf,1,SR386_40X_HE_T066_01,0,0.09309157509157508,0
rf,1,SR386_40X_HE_T069_01,0,0.12903633102040823,0
rf,1,SR386_40X_HE_T072_01,0,0.13,0
rf,1,SR386_40X_HE_T074_01,0,0.031604676653270006,0
rf,1,SR386_40X_HE_T078_01,0,0.03557937621051225,0
rf,1,SR386_40X_HE_T079_01,0,0.005935483870967742,0
rf,1,SR386_40X_HE_T092_01,1,0.0621981351981352,0
rf,1,SR386_40X_HE_T096_01,0,0.01951809656668992,0
rf,1,SR386_40X_HE_T099_01,0,0.08368273662534002,0
rf,1,SR386_40X_HE_T103_01,0,0.06512440686462012,0
rf,1,SR386_40X_HE_T108_01,0,0.061754791504791504,0
rf,1,SR386_40X_HE_T113_01,0,0.0343721055400063,0
rf,1,SR386_40X_HE_T114_01,0,0.035571428571428566,0
rf,1,SR386_40X_HE_T119_01,0,0.04983578431372549,0
rf,1,SR386_40X_HE_T126_01,0,0.05659279612393218,0
rf,1,SR386_40X_HE_T130_01,0,0.011484848484848485,0
rf,1,SR386_40X_HE_T131_01,0,0.03766666666666667,0
rf,1,SR386_40X_HE_T135_01,0,0.22313309018622107,0
rf,1,SR386_40X_HE_T140_01,0,0.07816851256435449,0
rf,1,SR386_40X_HE_T144_01,0,0.09072069865618254,0
rf,1,SR386_40X_HE_T147_01,0,0.05447294372294373,0
rf,1,SR386_40X_HE_T148_01,0,0.10195138195138197,0
rf,1,SR386_40X_HE_T160_01,0,0.016,0
rf,1,SR386_40X_HE_T169_01,0,0.04396674153336145,0
rf,1,SR386_40X_HE_T170_01,1,0.23732551018055512,0
rf,1,SR386_40X_HE_T172_01,0,0.2629593750044278,0
rf,1,SR386_40X_HE_T174_01,0,0.040874204227145404,0
rf,1,SR386_40X_HE_T181_01,0,0.02055673761722149,0
rf,1,SR386_40X_HE_T196_01,0,0.08506431475029035,0
rf,1,SR386_40X_HE_T205_01,0,0.199959210144694,0
rf,1,SR386_40X_HE_T209_01,0,0.011935483870967743,0
rf,1,SR386_40X_HE_T210_01,0,0.1735689207425141,0
rf,1,SR386_40X_HE_T212_01,0,0.1077789661319073,0
rf,1,SR386_40X_HE_T221_01,0,0.01575366568914956,0
rf,1,SR386_40X_HE_T224_01,0,0.1203650467179879,0
rf,1,SR386_40X_HE_T231_01,1,0.21130915724060884,0
rf,1,SR386_40X_HE_T232_01,0,0.06912200979451208,0
rf,1,SR386_40X_HE_T247_01,0,0.06576074332171894,0
rf,1,SR386_40X_HE_T252_01,0,0.07016658610206997,0
rf,1,SR386_40X_HE_T255_01,0,0.060463034219170264,0
rf,1,SR386_40X_HE_T259_01,1,0.1059120038259206,0
rf,1,SR386_40X_HE_T274_01,0,0.02342033235581623,0
rf,1,SR386_40X_HE_T275_01,0,0.07252576100370219,0
rf,1,SR386_40X_HE_T282_01,0,0.022223978919631095,0
rf,1,SR386_40X_HE_T294_01,0,0.21356931100689866,0
rf,1,SR386_40X_HE_T311_01,0,0.06871204064752452,0
rf,1,SR386_40X_HE_T315_01,0,0.05653846153846154,0
rf,1,SR386_40X_HE_T319_01,1,0.07955337004982954,0
rf,1,SR386_40X_HE_T324_01,1,0.1126325232738276,0
rf,1,SR386_40X_HE_T330_01,0,0.011904761904761906,0
rf,1,SR386_40X_HE_T333_01,0,0.1120869990224829,0
rf,1,SR386_40X_HE_T335_01,0,0.07205062548256884,0
rf,1,SR386_40X_HE_T337_01,0,0.09700306170754604,0
rf,1,SR386_40X_HE_T344_01,0,0.06584180035650625,0
rf,1,SR386_40X_HE_T347_01,0,0.04142857142857143,0
rf,1,SR386_40X_HE_T350_01,0,0.04,0
rf,1,SR386_40X_HE_T351_01,0,0.05696211615341398,0
rf,1,SR386_40X_HE_T360_01,0,0.016,0
rf,1,SR386_40X_HE_T361_01,0,0.057674614305750355,0
rf,1,SR386_40X_HE_T366_01,0,0.03599086984022221,0
rf,1,SR386_40X_HE_T377_01,1,0.12664160833322824,0
rf,1,SR386_40X_HE_T384_01,0,0.07417990169223566,0
rf,1,SR386_40X_HE_T395_01,0,0.06634181666860489,0
rf,1,SR386_40X_HE_T396_01,0,0.11623585017133403,0
rf,1,SR386_40X_HE_T401_01,0,0.08687404447344514,0
rf,1,SR386_40X_HE_T408_01,0,0.05563930868790204,0
rf,1,SR386_40X_HE_T410_01,0,0.10735067575221027,0
rf,1,SR386_40X_HE_T413_01,0,0.049284164104816286,0
rf,1,SR386_40X_HE_T416_01,0,0.043462074157726335,0
rf,1,SR386_40X_HE_T418_01,0,0.029779761904761906,0
rf,1,SR386_40X_HE_T419_01,0,0.10504284875946865,0
rf,1,SR386_40X_HE_T421_01,0,0.06971328671328672,0
rf,1,SR386_40X_HE_T423_01,0,0.060470079717030945,0
rf,1,SR386_40X_HE_T428_01,0,0.0596278801843318,0
rf,1,SR386_40X_HE_T430_01,0,0.05356704103928962,0
rf,1,SR386_40X_HE_T431_01,0,0.13028766791880395,0
rf,1,SR386_40X_HE_T435_01,0,0.18805495727574595,0
rf,1,SR386_40X_HE_T438_01,0,0.0853030303030303,0
rf,1,SR386_40X_HE_T439_01,0,0.1390213502207208,0
rf,1,SR386_40X_HE_T447_01,0,0.04161680255228642,0
rf,1,SR386_40X_HE_T449_01,0,0.027205128205128205,0
rf,1,SR386_40X_HE_T454_01,0,0.07155994274542661,0
rf,1,SR386_40X_HE_T456_01,0,0.09355802447194125,0
rf,1,SR386_40X_HE_T461_01,0,0.21390696445201723,0
rf,1,SR386_40X_HE_T462_01,0,0.06044364237912626,0
rf,1,SR386_40X_HE_T468_01,0,0.1453377917794117,0
rf,1,SR386_40X_HE_T469_01,1,0.13495500601548988,0
rf,1,SR386_40X_HE_T470_01,0,0.12757142857142856,0
rf,1,SR386_40X_HE_T471_01,0,0.08802368328031106,0
rf,1,SR386_40X_HE_T477_01,0,0.06830220317317093,0
rf,1,SR386_40X_HE_T480_01,0,0.15445430107526884,0
rf,1,SR386_40X_HE_T484_01,0,0.05195256232097302,0
rf,1,SR386_40X_HE_T495_01,0,0.023182237117720987,0
rf,1,SR386_40X_HE_T496_01,0,0.02532509426057813,0
rf,1,SR386_40X_HE_T498_01,0,0.23301629578529617,0
rf,1,SR386_40X_HE_T504_01,0,0.06100169683257919,0
rf,1,SR386_40X_HE_T511_01,0,0.040008658008658,0
rf,1,SR386_40X_HE_T517_01,0,0.2500886183452461,0
rf,1,SR386_40X_HE_T523_01,0,0.11233958384316285,0
rf,1,SR386_40X_HE_T529_01,0,0.02374125874125874,0
rf,1,SR386_40X_HE_T542_01,0,0.029875,0
rf,1,SR386_40X_HE_T569_01,0,0.1492962355687378,0
rf,1,SR386_40X_HE_T582_01,0,0.02925,0
rf,2,SR1482_40X_HE_T009_01,0,0.061411838635747555,0
rf,2,SR1482_40X_HE_T009_02,0,0.0668703978028233,0
rf,2,SR1482_40X_HE_T015_01,0,0.13914327607875995,0
rf,2,SR1482_40X_HE_T021_01,0,0.08025838314343539,0
rf,2,SR1482_40X_HE_T067_01,0,0.08508860816602754,0
rf,2,SR1482_40X_HE_T075_01,0,0.09149234505332066,0
rf,2,SR1482_40X_HE_T075_02,0,0.09767816867108764,0
rf,2,SR1482_40X_HE_T098_01,0,0.07717142857142857,0
rf,2,SR1482_40X_HE_T098_02,0,0.06350815850815851,0
rf,2,SR1482_40X_HE_T102_01,0,0.1879775959526561,0
rf,2,SR1482_40X_HE_T123_01,0,0.09349447906953919,0
rf,2,SR1482_40X_HE_T142_01,0,0.04240093811067479,0
rf,2,SR1482_40X_HE_T146_01,0,0.28415792809341195,0
rf,2,SR1482_40X_HE_T148_01,0,0.11964831903239626,0
rf,2,SR1482_40X_HE_T148_02,0,0.21702331002331002,0
rf,2,SR1482_40X_HE_T154_01,0,0.0736964018745328,0
rf,2,SR1482_40X_HE_T158_01,0,0.08320613834522285,0
rf,2,SR1482_40X_HE_T161_01,0,0.13170477944902495,0
rf,2,SR1482_40X_HE_T161_02,0,0.1337624083233839,0
rf,2,SR1482_40X_HE_T164_01,1,0.1131377190341785,0
rf,2,SR1482_40X_HE_T164_02,1,0.14668372803666918,0
rf,2,SR1482_40X_HE_T168_01,0,0.05404042913608131,0
rf,2,SR1482_40X_HE_T171_01,0,0.14938961038961038,0
rf,2,SR1482_40X_HE_T171_02,0,0.28230677112742325,0
rf,2,SR1482_40X_HE_T178_01,1,0.11906493506493507,0
rf,2,SR1482_40X_HE_T186_01,0,0.09341598683007134,0
rf,2,SR1482_40X_HE_T193_01,0,0.1334231334762644,0
rf,2,SR1482_40X_HE_T193_02,0,0.15182867669964442,0
rf,2,SR1482_40X_HE_T209_01,0,0.18315151515151512,0
rf,2,SR1482_40X_HE_T209_02,0,0.19066722272035364,0
rf,2,SR1482_40X_HE_T245_01,0,0.1743061189513395,0
rf,2,SR1482_40X_HE_T245_02,0,0.20551052349460067,0
rf,2,SR1482_40X_HE_T265_01,0,0.08200250589772644,0
rf,2,SR1482_40X_HE_T302_01,0,0.13781439393939393,0
rf,2,SR1482_40X_HE_T343_01,1,0.14049516653972763,0
rf,2,SR1482_40X_HE_T343_02,1,0.10755107637460576,0
rf,2,SR1482_40X_HE_T399_01,0,0.11844097837646225,0
rf,2,SR1482_40X_HE_T399_02,0,0.07656918350466738,0
rf,2,SR1482_40X_HE_T426_01,0,0.07656815106742591,0
rf,2,SR1482_40X_HE_T426_02,0,0.0927341811158089,0
rf,2,SR386_40X_HE_T001_01,0,0.07844024577572965,0
rf,2,SR386_40X_HE_T013_01,0,0.06479146528792477,0
rf,2,SR386_40X_HE_T018_01,0,0.08762937062937062,0
rf,2,SR386_40X_HE_T019_01,0,0.031187983648341706,0
rf,2,SR386_40X_HE_T024_01,0,0.005739130434782609,0
rf,2,SR386_40X_HE_T039_01,0,0.034714821410473586,0
rf,2,SR386_40X_HE_T040_01,1,0.21398999180817352,0
rf,2,SR386_40X_HE_T042_01,0,0.06577931984323662,0
rf,2,SR386_40X_HE_T047_01,0,0.039303030303030305,0
rf,2,SR386_40X_HE_T051_01,0,0.04328735396597663,0
rf,2,SR386_40X_HE_T052_01,0,0.035967032967032964,0
rf,2,SR386_40X_HE_T056_01,0,0.02674285714285714,0
rf,2,SR386_40X_HE_T057_01,0,0.022,0
rf,2,SR386_40X_HE_T070_01,0,0.07252281237221304,0
rf,2,SR386_40X_HE_T082_01,0,0.11069550517958236,0
rf,2,SR386_40X_HE_T084_01,0,0.07516927620250038,0
rf,2,SR386_40X_HE_T087_01,0,0.3164846471061066,1
rf,2,SR386_40X_HE_T088_01,0,0.045535483870967744,0
rf,2,SR386_40X_HE_T098_01,0,0.23466708560256944,0
rf,2,SR386_40X_HE_T105_01,0,0.04061023301023301,0
rf,2,SR386_40X_HE_T122_01,0,0.04173913043478261,0
rf,2,SR386_40X_HE_T123_01,0,0.1285722664432342,0
rf,2,SR386_40X_HE_T133_01,0,0.03381818181818182,0
rf,2,SR386_40X_HE_T145_01,0,0.0553030303030303,0
rf,2,SR386_40X_HE_T150_01,0,0.14841722409584676,0
rf,2,SR386_40X_HE_T152_01,0,0.1331540346324192,0
rf,2,SR386_40X_HE_T155_01,0,0.041584378020353634,0
rf,2,SR386_40X_HE_T157_01,0,0.07715151515151515,0
rf,2,SR386_40X_HE_T164_01,0,0.05936405529953918,0
rf,2,SR386_40X_HE_T166_01,0,0.0626342627960275,0
rf,2,SR386_40X_HE_T176_01,1,0.09441683364074255,0
rf,2,SR386_40X_HE_T177_01,0,0.09763636363636363,0
rf,2,SR386_40X_HE_T178_01,0,0.14041654447702834,0
rf,2,SR386_40X_HE_T187_01,0,0.11027006327006326,0
rf,2,SR386_40X_HE_T190_01,0,0.016658427593911465,0
rf,2,SR386_40X_HE_T192_01,0,0.027095238095238096,0
rf,2,SR386_40X_HE_T198_01,0,0.10500842759391146,0
rf,2,SR386_40X_HE_T200_01,0,0.18508583758229705,0
rf,2,SR386_40X_HE_T206_01,1,0.0782779330955365,0
rf,2,SR386_40X_HE_T211_01,0,0.1748821518662291,0
rf,2,SR386_40X_HE_T213_01,0,0.05507683982683982,0
rf,2,SR386_40X_HE_T214_01,0,0.11498530904579292,0
rf,2,SR386_40X_HE_T220_01,0,0.12698803265642514,0
rf,2,SR386_40X_HE_T230_01,1,0.07164703898252284,0
rf,2,SR386_40X_HE_T236_01,0,0.10588365257930475,0
rf,2,SR386_40X_HE_T237_01,0,0.05572294372294372,0
rf,2,SR386_40X_HE_T240_01,0,0.06345341614906833,0
rf,2,SR386_40X_HE_T241_01,0,0.043360648792592146,0
rf,2,SR386_40X_HE_T242_01,0,0.055188231123715,0
rf,2,SR386_40X_HE_T253_01,0,0.03486088368153585,0
rf,2,SR386_40X_HE_T260_01,0,0.13339755802869405,0
rf,2,SR386_40X_HE_T262_01,0,0.13074945887445888,0
rf,2,SR386_40X_HE_T264_01,0,0.043796367552503594,0
rf,2,SR386_40X_HE_T271_01,0,0.06678883884932271,0
rf,2,SR386_40X_HE_T281_01,0,0.0387195372159967,0
rf,2,SR386_40X_HE_T297_01,0,0.025489681050656663,0
rf,2,SR386_40X_HE_T299_01,0,0.02958288770053476,0
rf,2,SR386_40X_HE_T301_01,0,0.055653981060053176,0
rf,2,SR386_40X_HE_T306_01,0,0.06639880409445627,0
rf,2,SR386_40X_HE_T309_01,0,0.07568625651819987,0
rf,2,SR386_40X_HE_T314_01,0,0.16915731485688323,0
rf,2,SR386_40X_HE_T316_01,0,0.08191455469323172,0
rf,2,SR386_40X_HE_T318_01,0,0.1442284382284382,0
rf,2,SR386_40X_HE_T321_01,0,0.11040224479821253,0
rf,2,SR386_40X_HE_T326_01,0,0.06742857142857143,0
rf,2,SR386_40X_HE_T327_01,0,0.002,0
rf,2,SR386_40X_HE_T332_01,1,0.13975366568914957,0
rf,2,SR386_40X_HE_T355_01,0,0.05071759612936084,0
rf,2,SR386_40X_HE_T364_01,0,0.11147785547785548,0
rf,2,SR386_40X_HE_T368_01,1,0.13639255544114878,0
rf,2,SR386_40X_HE_T374_01,0,0.04542631248329775,0
rf,2,SR386_40X_HE_T380_01,0,0.06,0
rf,2,SR386_40X_HE_T382_01,0,0.08062770562770563,0
rf,2,SR386_40X_HE_T392_01,0,0.0371882646339168,0
rf,2,SR386_40X_HE_T398_01,0,0.0681968810175332,0
rf,2,SR386_40X_HE_T402_01,1,0.10046569822183427,0
rf,2,SR386_40X_HE_T404_01,0,0.027737595737595735,0
rf,2,SR386_40X_HE_T415_01,0,0.029390029325513194,0
rf,2,SR386_40X_HE_T417_01,0,0.01,0
rf,2,SR386_40X_HE_T425_01,0,0.041188231123715,0
rf,2,SR386_40X_HE_T436_01,1,0.06086663873760648,0
rf,2,SR386_40X_HE_T437_01,0,0.061247172182656066,0
rf,2,SR386_40X_HE_T440_01,0,0.18812521755716088,0
rf,2,SR386_40X_HE_T445_01,0,0.1236317110636544,0
rf,2,SR386_40X_HE_T450_01,0,0.09530303030303029,0
rf,2,SR386_40X_HE_T459_01,0,0.0612947272731119,0
rf,2,SR386_40X_HE_T472_01,0,0.02753846153846154,0
rf,2,SR386_40X_HE_T481_01,0,0.14214044205435883,0
rf,2,SR386_40X_HE_T483_01,0,0.12233253756047872,0
rf,2,SR386_40X_HE_T486_01,0,0.11603838097386482,0
rf,2,SR386_40X_HE_T488_01,0,0.1632574698715764,0
rf,2,SR386_40X_HE_T499_01,0,0.10733259082905032,0
rf,2,SR386_40X_HE_T507_01,0,0.11675081889825928,0
rf,2,SR386_40X_HE_T514_01,0,0.07813742187603669,0
rf,2,SR386_40X_HE_T520_01,1,0.07933949162791669,0
rf,2,SR386_40X_HE_T522_01,0,0.08548779353638687,0
rf,2,SR386_40X_HE_T531_01,0,0.05846591453584156,0
rf,2,SR386_40X_HE_T535_01,0,0.02253846153846154,0
rf,2,SR386_40X_HE_T539_01,0,0.08405827849806013,0
rf,2,SR386_40X_HE_T549_01,0,0.04573913043478261,0
rf,2,SR386_40X_HE_T552_01,0,0.04733333333333334,0
rf,2,SR386_40X_HE_T553_01,0,0.08211355579903967,0
rf,2,SR386_40X_HE_T554_01,0,0.12378062724982704,0
rf,2,SR386_40X_HE_T558_01,0,0.05114327607875995,0
rf,2,SR386_40X_HE_T564_01,0,0.06868623043623044,0
rf,2,SR386_40X_HE_T570_01,0,0.07942033235581623,0
rf,2,SR386_40X_HE_T574_01,0,0.04457184750733138,0
rf,2,SR386_40X_HE_T578_01,0,0.029227611098578844,0
rf,2,SR386_40X_HE_T580_01,0,0.04114061207609595,0
rf,3,SR1482_40X_HE_T005_01,0,0.28393548387096773,0
rf,3,SR1482_40X_HE_T005_02,0,0.1553640552995392,0
rf,3,SR1482_40X_HE_T010_01,0,0.03702597402597403,0
rf,3,SR1482_40X_HE_T043_01,0,0.12111706077933287,0
rf,3,SR1482_40X_HE_T043_02,0,0.1161540826721687,0
rf,3,SR1482_40X_HE_T049_01,0,0.07052439274830166,0
rf,3,SR1482_40X_HE_T061_01,0,0.3086222473178995,1
rf,3,SR1482_40X_HE_T061_02,0,0.31986829019507845,1
rf,3,SR1482_40X_HE_T070_01,1,0.0948025308025308,0
rf,3,SR1482_40X_HE_T073_01,0,0.08898514117725284,0
rf,3,SR1482_40X_HE_T082_01,0,0.14527522811174645,0
rf,3,SR1482_40X_HE_T082_02,0,0.1835158673590605,0
rf,3,SR1482_40X_HE_T089_01,0,0.050312404155597304,0
rf,3,SR1482_40X_HE_T090_01,0,0.01981818181818182,0
rf,3,SR1482_40X_HE_T094_01,1,0.16421573984687587,0
rf,3,SR1482_40X_HE_T094_02,1,0.13877697571245956,0
rf,3,SR1482_40X_HE_T105_01,0,0.05821059332824039,0
rf,3,SR1482_40X_HE_T115_01,0,0.08933333333333333,0
rf,3,SR1482_40X_HE_T115_02,0,0.06371811569202462,0
rf,3,SR1482_40X_HE_T118_01,0,0.31695055482152257,1
rf,3,SR1482_40X_HE_T118_02,0,0.12175366568914955,0
rf,3,SR1482_40X_HE_T120_01,0,0.16123659952544483,0
rf,3,SR1482_40X_HE_T120_02,0,0.23673383641356582,0
rf,3,SR1482_40X_HE_T124_01,0,0.15594387908003488,0
rf,3,SR1482_40X_HE_T124_02,0,0.19487909006152515,0
rf,3,SR1482_40X_HE_T138_01,0,0.04122941056906321,0
rf,3,SR1482_40X_HE_T160_01,0,0.0809345238095238,0
rf,3,SR1482_40X_HE_T160_02,0,0.03972294372294372,0
rf,3,SR1482_40X_HE_T167_01,0,0.1631212121212121,0
rf,3,SR1482_40X_HE_T167_02,0,0.11016783216783214,0
rf,3,SR1482_40X_HE_T175_01,0,0.2481416002183884,0
rf,3,SR1482_40X_HE_T175_02,0,0.2374659895387455,0
rf,3,SR1482_40X_HE_T177_01,1,0.07640470334559811,0
rf,3,SR1482_40X_HE_T188_01,0,0.1063446116113981,0
rf,3,SR1482_40X_HE_T195_01,0,0.096404512096132,0
rf,3,SR1482_40X_HE_T195_02,0,0.06522539470333588,0
rf,3,SR1482_40X_HE_T202_01,0,0.19677655677655675,0
rf,3,SR1482_40X_HE_T202_02,0,0.06709073984687589,0
rf,3,SR1482_40X_HE_T225_01,0,0.2528430265386787,0
rf,3,SR1482_40X_HE_T225_02,0,0.09413294763908367,0
rf,3,SR1482_40X_HE_T235_01,0,0.21797432875589257,0
rf,3,SR1482_40X_HE_T235_02,0,0.10925722700147253,0
rf,3,SR1482_40X_HE_T236_01,0,0.058739130434782606,0
rf,3,SR1482_40X_HE_T236_02,0,0.05162770562770563,0
rf,3,SR1482_40X_HE_T258_01,0,0.08760596649727084,0
rf,3,SR1482_40X_HE_T258_02,0,0.07732509426057814,0
rf,3,SR1482_40X_HE_T284_01,1,0.13384149184149186,0
rf,3,SR1482_40X_HE_T284_02,1,0.19739086772970654,0
rf,3,SR1482_40X_HE_T301_01,1,0.14021870525457325,0
rf,3,SR1482_40X_HE_T301_02,1,0.08997037930340414,0
rf,3,SR1482_40X_HE_T309_01,0,0.12605636711966633,0
rf,3,SR1482_40X_HE_T313_01,0,0.1809729437229437,0
rf,3,SR1482_40X_HE_T313_02,0,0.26167086805200407,0
rf,3,SR1482_40X_HE_T338_01,0,0.17497294372294375,0
rf,3,SR1482_40X_HE_T344_01,0,0.13504982517482517,0
rf,3,SR1482_40X_HE_T344_02,0,0.18159671827866164,0
rf,3,SR1482_40X_HE_T346_01,0,0.20286175833969947,0
rf,3,SR1482_40X_HE_T346_02,0,0.13043697478991595,0
rf,3,SR1482_40X_HE_T377_01,0,0.09683856991535814,0
rf,3,SR1482_40X_HE_T377_02,0,0.13900053569618787,0
rf,3,SR1482_40X_HE_T419_01,0,0.08520708183821787,0
rf,3,SR1482_40X_HE_T427_01,0,0.09539444295541856,0
rf,3,SR1482_40X_HE_T427_02,0,0.06523809523809523,0
rf,3,SR386_40X_HE_T007_01,0,0.05757184750733138,0
rf,3,SR386_40X_HE_T015_01,0,0.04326631701631701,0
rf,3,SR386_40X_HE_T017_01,1,0.15485565784857674,0
rf,3,SR386_40X_HE_T032_01,0,0.03135664335664336,0
rf,3,SR386_40X_HE_T034_01,0,0.013818181818181818,0
rf,3,SR386_40X_HE_T035_01,0,0.04163636363636364,0
rf,3,SR386_40X_HE_T041_01,0,0.1153640498701859,0
rf,3,SR386_40X_HE_T067_01,0,0.01742857142857143,0
rf,3,SR386_40X_HE_T075_01,0,0.017666666666666667,0
rf,3,SR386_40X_HE_T081_01,0,0.15364037072107514,0
rf,3,SR386_40X_HE_T083_01,0,0.03141346153846154,0
rf,3,SR386_40X_HE_T085_01,0,0.02468282124379685,0
rf,3,SR386_40X_HE_T095_01,0,0.09513332763543142,0
rf,3,SR386_40X_HE_T104_01,0,0.15200295454187127,0
rf,3,SR386_40X_HE_T106_01,0,0.04444588744588745,0
rf,3,SR386_40X_HE_T112_01,0,0.07177572964669739,0
rf,3,SR386_40X_HE_T128_01,0,0.04126057813154587,0
rf,3,SR386_40X_HE_T132_01,0,0.03235989010989011,0
rf,3,SR386_40X_HE_T138_01,0,0.06394605657316037,0
rf,3,SR386_40X_HE_T142_01,0,0.12654404959705087,0
rf,3,SR386_40X_HE_T149_01,0,0.051996052367511855,0
rf,3,SR386_40X_HE_T165_01,1,0.12048484848484849,0
rf,3,SR386_40X_HE_T179_01,0,0.1531991341991342,0
rf,3,SR386_40X_HE_T180_01,0,0.08842142857142857,0
rf,3,SR386_40X_HE_T182_01,0,0.08581818181818181,0
rf,3,SR386_40X_HE_T184_01,0,0.056987554112554115,0
rf,3,SR386_40X_HE_T188_01,0,0.05342857142857143,0
rf,3,SR386_40X_HE_T191_01,0,0.06904982517482518,0
rf,3,SR386_40X_HE_T197_01,0,0.08914932016340467,0
rf,3,SR386_40X_HE_T201_01,0,0.04064835164835165,0
rf,3,SR386_40X_HE_T202_01,0,0.05249675324675324,0
rf,3,SR386_40X_HE_T208_01,0,0.03381818181818181,0
rf,3,SR386_40X_HE_T216_01,1,0.18446895308992084,0
rf,3,SR386_40X_HE_T238_01,0,0.04534798534798535,0
rf,3,SR386_40X_HE_T244_01,0,0.052590136100680085,0
rf,3,SR386_40X_HE_T248_01,0,0.02733333333333333,0
rf,3,SR386_40X_HE_T249_01,0,0.024,0
rf,3,SR386_40X_HE_T250_01,0,0.07993672993672993,0
rf,3,SR386_40X_HE_T263_01,0,0.07960980143045361,0
rf,3,SR386_40X_HE_T267_01,0,0.1397103231621114,0
rf,3,SR386_40X_HE_T269_01,0,0.025875,0
rf,3,SR386_40X_HE_T277_01,0,0.028,0
rf,3,SR386_40X_HE_T286_01,0,0.16935664335664335,0
rf,3,SR386_40X_HE_T287_01,0,0.1440636500596178,0
rf,3,SR386_40X_HE_T290_01,0,0.05897153955224398,0
rf,3,SR386_40X_HE_T293_01,0,0.05857142857142858,0
rf,3,SR386_40X_HE_T298_01,0,0.01981818181818182,0
rf,3,SR386_40X_HE_T303_01,0,0.007739130434782609,0
rf,3,SR386_40X_HE_T312_01,0,0.08835851158645275,0
rf,3,SR386_40X_HE_T329_01,0,0.16486048919351404,0
rf,3,SR386_40X_HE_T336_01,0,0.07747660941209328,0
rf,3,SR386_40X_HE_T338_01,0,0.02553846153846154,0
rf,3,SR386_40X_HE_T342_01,0,0.03707958707958708,0
rf,3,SR386_40X_HE_T353_01,0,0.061638497652582155,0
rf,3,SR386_40X_HE_T357_01,0,0.013818181818181818,0
rf,3,SR386_40X_HE_T362_01,0,0.09145687645687646,0
rf,3,SR386_40X_HE_T363_01,1,0.15355731225296443,0
rf,3,SR386_40X_HE_T372_01,0,0.14539801375095493,0
rf,3,SR386_40X_HE_T378_01,0,0.01490251683800071,0
rf,3,SR386_40X_HE_T379_01,0,0.0376178861788618,0
rf,3,SR386_40X_HE_T386_01,0,0.05469322344322344,0
rf,3,SR386_40X_HE_T387_01,0,0.06765287736263607,0
rf,3,SR386_40X_HE_T393_01,0,0.10785037188150791,0
rf,3,SR386_40X_HE_T397_01,0,0.13879136496495828,0
rf,3,SR386_40X_HE_T406_01,0,0.18490040888902368,0
rf,3,SR386_40X_HE_T409_01,0,0.06913560948855067,0
rf,3,SR386_40X_HE_T422_01,0,0.013425164921624402,0
rf,3,SR386_40X_HE_T426_01,0,0.015201219512195122,0
rf,3,SR386_40X_HE_T433_01,0,0.06375366568914956,0
rf,3,SR386_40X_HE_T443_01,0,0.10884398660012265,0
rf,3,SR386_40X_HE_T448_01,0,0.1472804500533786,0
rf,3,SR386_40X_HE_T452_01,0,0.16062028872936593,0
rf,3,SR386_40X_HE_T460_01,1,0.1265254745254745,0
rf,3,SR386_40X_HE_T473_01,0,0.08135581622678398,0
rf,3,SR386_40X_HE_T475_01,0,0.05541209328306103,0
rf,3,SR386_40X_HE_T478_01,0,0.05136896436896437,0
rf,3,SR386_40X_HE_T489_01,1,0.05572294372294372,0
rf,3,SR386_40X_HE_T491_01,0,0.11623430735930737,0
rf,3,SR386_40X_HE_T492_01,0,0.04509024577572965,0
rf,3,SR386_40X_HE_T493_01,0,0.03354112554112554,0
rf,3,SR386_40X_HE_T502_01,0,0.006,0
rf,3,SR386_40X_HE_T505_01,0,0.04406818181818181,0
rf,3,SR386_40X_HE_T506_01,0,0.1000402047673553,0
rf,3,SR386_40X_HE_T509_01,0,0.055443223443223444,0
rf,3,SR386_40X_HE_T516_01,0,0.07979533235581623,0
rf,3,SR386_40X_HE_T518_01,0,0.03148484848484849,0
rf,3,SR386_40X_HE_T519_01,0,0.05267461430575035,0
rf,3,SR386_40X_HE_T521_01,0,0.025420332355816228,0
rf,3,SR386_40X_HE_T526_01,0,0.03505627705627706,0
rf,3,SR386_40X_HE_T533_01,0,0.06972294372294373,0
rf,3,SR386_40X_HE_T543_01,0,0.05781818181818182,0
rf,3,SR386_40X_HE_T544_01,0,0.07704803798352186,0
rf,3,SR386_40X_HE_T556_01,1,0.04590476190476191,0
rf,3,SR386_40X_HE_T560_01,0,0.13060152479363643,0
rf,3,SR386_40X_HE_T563_01,0,0.005951219512195122,0
rf,3,SR386_40X_HE_T568_01,0,0.11355337004982954,0
rf,3,SR386_40X_HE_T571_01,0,0.06415151515151514,0
rf,3,SR386_40X_HE_T572_01,0,0.12866143842861022,0
rf,3,SR386_40X_HE_T573_01,0,0.17334715821812594,0
rf,3,SR386_40X_HE_T583_01,0,0.03954112554112554,0
rf,4,SR1482_40X_HE_T002_01,0,0.01508038917604135,0
rf,4,SR1482_40X_HE_T003_01,0,0.07628526188459107,0
rf,4,SR1482_40X_HE_T004_01,0,0.06514079222381708,0
rf,4,SR1482_40X_HE_T004_02,0,0.08612121212121211,0
rf,4,SR1482_40X_HE_T011_01,0,0.13130912020893465,0
rf,4,SR1482_40X_HE_T025_01,0,0.1278949834790858,0
rf,4,SR1482_40X_HE_T025_02,0,0.13441814659048418,0
rf,4,SR1482_40X_HE_T060_01,0,0.11196087920733867,0
rf,4,SR1482_40X_HE_T062_01,0,0.24646401467463505,0
rf,4,SR1482_40X_HE_T062_02,0,0.18300116221654955,0
rf,4,SR1482_40X_HE_T064_01,0,0.1885879174660047,0
rf,4,SR1482_40X_HE_T064_02,0,0.1311800766765361,0
rf,4,SR1482_40X_HE_T071_01,0,0.11001548988645761,0
rf,4,SR1482_40X_HE_T071_02,0,0.12510431503979888,0
rf,4,SR1482_40X_HE_T074_01,0,0.07869419440835532,0
rf,4,SR1482_40X_HE_T074_02,0,0.06393732902035387,0
rf,4,SR1482_40X_HE_T083_01,0,0.22115873399225056,0
rf,4,SR1482_40X_HE_T083_02,0,0.21150270562770562,0
rf,4,SR1482_40X_HE_T087_01,0,0.07372579626256098,0
rf,4,SR1482_40X_HE_T097_01,1,0.19904175798032905,0
rf,4,SR1482_40X_HE_T097_02,1,0.15453675897273456,0
rf,4,SR1482_40X_HE_T108_01,0,0.015487649605296664,0
rf,4,SR1482_40X_HE_T113_01,0,0.1135118993325515,0
rf,4,SR1482_40X_HE_T113_02,0,0.16684650455502115,0
rf,4,SR1482_40X_HE_T121_01,0,0.011246753246753248,0
rf,4,SR1482_40X_HE_T122_01,0,0.05020566390131608,0
rf,4,SR1482_40X_HE_T125_01,0,0.13006493506493508,0
rf,4,SR1482_40X_HE_T125_02,0,0.08479986679986679,0
rf,4,SR1482_40X_HE_T131_01,0,0.0951098901098901,0
rf,4,SR1482_40X_HE_T131_02,0,0.2305687256292095,0
rf,4,SR1482_40X_HE_T132_01,0,0.1012067932067932,0
rf,4,SR1482_40X_HE_T132_02,0,0.14378521478521478,0
rf,4,SR1482_40X_HE_T143_01,0,0.20444202306348253,0
rf,4,SR1482_40X_HE_T143_02,0,0.1639427239427239,0
rf,4,SR1482_40X_HE_T166_01,1,0.021856570980845823,0
rf,4,SR1482_40X_HE_T169_01,0,0.12978274067920015,0
rf,4,SR1482_40X_HE_T176_01,1,0.3331854046818641,1
rf,4,SR1482_40X_HE_T176_02,1,0.22295805138999472,0
rf,4,SR1482_40X_HE_T191_01,0,0.04994533720777895,0
rf,4,SR1482_40X_HE_T194_01,0,0.3411991341991342,1
rf,4,SR1482_40X_HE_T218_01,0,0.018600124832541712,0
rf,4,SR1482_40X_HE_T253_01,0,0.01902857142857143,0
rf,4,SR1482_40X_HE_T290_01,0,0.144,0
rf,4,SR1482_40X_HE_T308_01,0,0.11297764460878065,0
rf,4,SR1482_40X_HE_T314_01,0,0.3800792956459155,1
rf,4,SR1482_40X_HE_T314_02,0,0.4776773294237889,1
rf,4,SR1482_40X_HE_T372_01,1,0.1601811258377536,0
rf,4,SR1482_40X_HE_T372_02,1,0.06556168537345007,0
rf,4,SR1482_40X_HE_T408_01,0,0.09264441625852278,0
rf,4,SR1482_40X_HE_T412_01,0,0.03196969696969697,0
rf,4,SR1482_40X_HE_T425_01,0,0.01671493212669683,0
rf,4,SR1482_40X_HE_T434_01,1,0.06774000509294628,0
rf,4,SR386_40X_HE_T006_01,0,0.004,0
rf,4,SR386_40X_HE_T010_01,0,0.05158150451698839,0
rf,4,SR386_40X_HE_T014_01,0,0.06102480578094183,0
rf,4,SR386_40X_HE_T016_01,0,0.011366856419987349,0
rf,4,SR386_40X_HE_T020_01,0,0.01566946778711485,0
rf,4,SR386_40X_HE_T027_01,0,0.2009077069563003,0
rf,4,SR386_40X_HE_T028_01,0,0.03611854811854813,0
rf,4,SR386_40X_HE_T037_01,0,0.06077616501145913,0
rf,4,SR386_40X_HE_T043_01,0,0.017904761904761906,0
rf,4,SR386_40X_HE_T044_01,1,0.0511260446870203,0
rf,4,SR386_40X_HE_T046_01,0,0.06078787878787879,0
rf,4,SR386_40X_HE_T058_01,0,0.024636500754147816,0
rf,4,SR386_40X_HE_T062_01,0,0.028387365322849197,0
rf,4,SR386_40X_HE_T065_01,1,0.08558288770053477,0
rf,4,SR386_40X_HE_T080_01,0,0.027496439558936776,0
rf,4,SR386_40X_HE_T091_01,0,0.041722943722943724,0
rf,4,SR386_40X_HE_T094_01,0,0.009582887700534759,0
rf,4,SR386_40X_HE_T097_01,0,0.029000000000000005,0
rf,4,SR386_40X_HE_T100_01,0,0.054161355268772145,0
rf,4,SR386_40X_HE_T107_01,0,0.05219053549190535,0
rf,4,SR386_40X_HE_T109_01,1,0.13519180135664374,0
rf,4,SR386_40X_HE_T110_01,0,0.049557312252964426,0
rf,4,SR386_40X_HE_T117_01,0,0.031135609488550663,0
rf,4,SR386_40X_HE_T127_01,0,0.034,0
rf,4,SR386_40X_HE_T129_01,0,0.01850815850815851,0
rf,4,SR386_40X_HE_T136_01,0,0.011356643356643357,0
rf,4,SR386_40X_HE_T154_01,0,0.05146420246420246,0
rf,4,SR386_40X_HE_T168_01,1,0.15430303030303028,0
rf,4,SR386_40X_HE_T175_01,0,0.031818181818181815,0
rf,4,SR386_40X_HE_T189_01,0,0.012249554367201427,0
rf,4,SR386_40X_HE_T195_01,0,0.009818181818181818,0
rf,4,SR386_40X_HE_T227_01,0,0.09585598141695703,0
rf,4,SR386_40X_HE_T233_01,0,0.1215596290963938,0
rf,4,SR386_40X_HE_T234_01,0,0.11211030904579292,0
rf,4,SR386_40X_HE_T235_01,0,0.04181818181818181,0
rf,4,SR386_40X_HE_T239_01,0,0.1579160839160839,0
rf,4,SR386_40X_HE_T245_01,0,0.013428571428571429,0
rf,4,SR386_40X_HE_T256_01,0,0.06502331002331002,0
rf,4,SR386_40X_HE_T265_01,0,0.03432798573975045,0
rf,4,SR386_40X_HE_T268_01,0,0.06172294372294372,0
rf,4,SR386_40X_HE_T270_01,0,0.04242322383498855,0
rf,4,SR386_40X_HE_T272_01,0,0.19554112554112552,0
rf,4,SR386_40X_HE_T273_01,0,0.10912401324166031,0
rf,4,SR386_40X_HE_T276_01,0,0.16671459234111397,0
rf,4,SR386_40X_HE_T278_01,1,0.24411610367706968,0
rf,4,SR386_40X_HE_T284_01,0,0.05230078523626911,0
rf,4,SR386_40X_HE_T285_01,0,0.031818181818181815,0
rf,4,SR386_40X_HE_T288_01,0,0.09882765052784026,0
rf,4,SR386_40X_HE_T291_01,0,0.10681283422459893,0
rf,4,SR386_40X_HE_T300_01,0,0.12175672145691119,0
rf,4,SR386_40X_HE_T302_01,0,0.048,0
rf,4,SR386_40X_HE_T305_01,0,0.047182237117720995,0
rf,4,SR386_40X_HE_T308_01,0,0.09707890961262555,0
rf,4,SR386_40X_HE_T325_01,0,0.07452380952380953,0
rf,4,SR386_40X_HE_T331_01,0,0.1350419258488692,0
rf,4,SR386_40X_HE_T341_01,0,0.10389536139182087,0
rf,4,SR386_40X_HE_T343_01,1,0.056443223443223445,0
rf,4,SR386_40X_HE_T346_01,0,0.15651751804720168,0
rf,4,SR386_40X_HE_T352_01,0,0.11176074332171894,0
rf,4,SR386_40X_HE_T373_01,0,0.13305848318348318,0
rf,4,SR386_40X_HE_T375_01,0,0.1814986733696411,0
rf,4,SR386_40X_HE_T381_01,0,0.024,0
rf,4,SR386_40X_HE_T389_01,0,0.0644972554327393,0
rf,4,SR386_40X_HE_T391_01,0,0.06718548387096775,0
rf,4,SR386_40X_HE_T394_01,0,0.03887105236751186,0
rf,4,SR386_40X_HE_T399_01,0,0.08712637899734674,0
rf,4,SR386_40X_HE_T403_01,0,0.03597023266588484,0
rf,4,SR386_40X_HE_T405_01,0,0.09707604889266883,0
rf,4,SR386_40X_HE_T407_01,0,0.12325233905879066,0
rf,4,SR386_40X_HE_T414_01,0,0.10524675324675324,0
rf,4,SR386_40X_HE_T424_01,0,0.12103737928737925,0
rf,4,SR386_40X_HE_T429_01,0,0.10554978354978356,0
rf,4,SR386_40X_HE_T441_01,0,0.12219464275561837,0
rf,4,SR386_40X_HE_T451_01,0,0.05,0
rf,4,SR386_40X_HE_T453_01,0,0.044594738594738594,0
rf,4,SR386_40X_HE_T455_01,0,0.07625873423653667,0
rf,4,SR386_40X_HE_T465_01,0,0.04235509558917281,0
rf,4,SR386_40X_HE_T474_01,0,0.13935879233153264,0
rf,4,SR386_40X_HE_T476_01,0,0.23582297544443492,0
rf,4,SR386_40X_HE_T479_01,0,0.06648805361305363,0
rf,4,SR386_40X_HE_T482_01,0,0.15053577794754264,0
rf,4,SR386_40X_HE_T487_01,0,0.029064935064935064,0
rf,4,SR386_40X_HE_T490_01,0,0.03979271135368696,0
rf,4,SR386_40X_HE_T494_01,0,0.025904761904761906,0
rf,4,SR386_40X_HE_T500_01,0,0.02,0
rf,4,SR386_40X_HE_T510_01,0,0.061753665689149556,0
rf,4,SR386_40X_HE_T524_01,0,0.054,0
rf,4,SR386_40X_HE_T528_01,0,0.1881252175571609,0
rf,4,SR386_40X_HE_T532_01,0,0.03831921701486919,0
rf,4,SR386_40X_HE_T534_01,0,0.1714029773989452,0
rf,4,SR386_40X_HE_T536_01,0,0.03366946778711485,0
rf,4,SR386_40X_HE_T537_01,0,0.14774573871847907,0
rf,4,SR386_40X_HE_T541_01,0,0.019722943722943725,0
rf,4,SR386_40X_HE_T548_01,1,0.10208824508824507,0
rf,4,SR386_40X_HE_T550_01,0,0.12767777505658745,0
rf,4,SR386_40X_HE_T551_01,0,0.017904761904761906,0
rf,4,SR386_40X_HE_T557_01,0,0.08729212722761111,0
rf,4,SR386_40X_HE_T565_01,0,0.0339047619047619,0
rf,4,SR386_40X_HE_T567_01,0,0.10042033235581622,0
rf,4,SR386_40X_HE_T575_01,0,0.13471379785731613,0
rf,4,SR386_40X_HE_T576_01,0,0.09781818181818182,0
rf,4,SR386_40X_HE_T581_01,0,0.0899963866778383,0
