classifier,fold,WSI_ID,target,prob_pos,pred_at_0.5
lin,1,SR1482_40X_HE_T029_01,0,0.7449135355650699,1
lin,1,SR1482_40X_HE_T029_02,0,0.9231470614266464,1
lin,1,SR1482_40X_HE_T057_01,0,3.5663972001260367e-06,0
lin,1,SR1482_40X_HE_T063_01,1,0.9726138502838608,1
lin,1,SR1482_40X_HE_T063_02,1,0.17366182062953384,0
lin,1,SR1482_40X_HE_T065_01,0,0.3860952195353743,0
lin,1,SR1482_40X_HE_T065_02,0,0.0027483262022942414,0
lin,1,SR1482_40X_HE_T066_01,0,0.6466905037024067,1
lin,1,SR1482_40X_HE_T066_02,0,0.24622077850354315,0
lin,1,SR1482_40X_HE_T068_01,0,6.314541610179388e-06,0
lin,1,SR1482_40X_HE_T069_01,0,0.00014034278264638388,0
lin,1,SR1482_40X_HE_T069_02,0,0.0008923697278256071,0
lin,1,SR1482_40X_HE_T079_01,1,0.0029987483972180595,0
lin,1,SR1482_40X_HE_T079_02,1,0.7612698283087075,1
lin,1,SR1482_40X_HE_T080_01,0,0.15594611533144842,0
lin,1,SR1482_40X_HE_T080_02,0,0.0022768629480233124,0
lin,1,SR1482_40X_HE_T081_01,0,0.0004132826148670695,0
lin,1,SR1482_40X_HE_T081_02,0,0.0005295222337394869,0
lin,1,SR1482_40X_HE_T099_01,0,2.9643730054796635e-06,0
lin,1,SR1482_40X_HE_T116_01,0,0.028701034949172,0
lin,1,SR1482_40X_HE_T117_01,0,0.000656738165532447,0
lin,1,SR1482_40X_HE_T117_02,0,0.0013749083035353112,0
lin,1,SR1482_40X_HE_T126_01,0,0.004259134918896069,0
lin,1,SR1482_40X_HE_T129_01,0,0.0001466907063997802,0
lin,1,SR1482_40X_HE_T129_02,0,0.1337586838004036,0
lin,1,SR1482_40X_HE_T139_01,0,0.14985980870334406,0
lin,1,SR1482_40X_HE_T139_02,0,0.9912122873145727,1
lin,1,SR1482_40X_HE_T147_01,0,0.9653286963374557,1
lin,1,SR1482_40X_HE_T147_02,0,0.9997553028769481,1
lin,1,SR1482_40X_HE_T159_01,0,0.90095529901649,1
lin,1,SR1482_40X_HE_T159_02,0,0.45296071520978826,0
lin,1,SR1482_40X_HE_T192_01,0,0.0015020945753594463,0
lin,1,SR1482_40X_HE_T199_01,0,3.470919045831508e-07,0
lin,1,SR1482_40X_HE_T304_01,0,0.00282846967862827,0
lin,1,SR1482_40X_HE_T304_02,0,1.5379122397358477e-05,0
lin,1,SR1482_40X_HE_T310_01,1,0.9927243006579312,1
lin,1,SR1482_40X_HE_T310_02,1,0.0029587492757918586,0
lin,1,SR1482_40X_HE_T341_01,0,1.0390029509170671e-06,0
lin,1,SR1482_40X_HE_T341_02,0,0.00013688149124134322,0
lin,1,SR1482_40X_HE_T353_01,0,0.006222370077645773,0
lin,1,SR1482_40X_HE_T390_01,0,2.2948150508516683e-09,0
lin,1,SR1482_40X_HE_T433_01,1,0.01599806233419254,0
lin,1,SR386_40X_HE_T003_01,0,0.0007357102890344578,0
lin,1,SR386_40X_HE_T004_01,0,0.0005173084030085118,0
lin,1,SR386_40X_HE_T022_01,1,0.9895846409062893,1
lin,1,SR386_40X_HE_T030_01,0,0.003286058251616988,0
lin,1,SR386_40X_HE_T033_01,0,0.00013668198723444032,0
lin,1,SR386_40X_HE_T036_01,0,1.77864729661711e-06,0
lin,1,SR386_40X_HE_T038_01,0,0.00037046823512199755,0
lin,1,SR386_40X_HE_T049_01,0,4.4910435636442144e-05,0
lin,1,SR386_40X_HE_T050_01,0,0.0010536970937874812,0
lin,1,SR386_40X_HE_T060_01,0,0.006968132124856864,0
lin,1,SR386_40X_HE_T063_01,0,0.04679115125519728,0
lin,1,SR386_40X_HE_T066_01,0,5.1526537322989096e-05,0
lin,1,SR386_40X_HE_T069_01,0,0.011620938534075172,0
lin,1,SR386_40X_HE_T072_01,0,0.04007308673317638,0
lin,1,SR386_40X_HE_T074_01,0,0.004177169392832334,0
lin,1,SR386_40X_HE_T078_01,0,1.7510571760716548e-05,0
lin,1,SR386_40X_HE_T079_01,0,2.6806172883601898e-08,0
lin,1,SR386_40X_HE_T092_01,1,0.029613926721119607,0
lin,1,SR386_40X_HE_T096_01,0,7.27453286391989e-06,0
lin,1,SR386_40X_HE_T099_01,0,0.0021523450894435194,0
lin,1,SR386_40X_HE_T103_01,0,1.1368115941267961e-05,0
lin,1,SR386_40X_HE_T108_01,0,0.0010164283006872893,0
lin,1,SR386_40X_HE_T113_01,0,0.0018525422439513986,0
lin,1,SR386_40X_HE_T114_01,0,7.301068350960508e-05,0
lin,1,SR386_40X_HE_T119_01,0,8.583451997424612e-06,0
lin,1,SR386_40X_HE_T126_01,0,4.593060583325535e-05,0
lin,1,SR386_40X_HE_T130_01,0,2.0153787966118627e-06,0
lin,1,SR386_40X_HE_T131_01,0,0.0013578178718646329,0
lin,1,SR386_40X_HE_T135_01,0,0.09795772319410512,0
lin,1,SR386_40X_HE_T140_01,0,8.397831360034667e-05,0
lin,1,SR386_40X_HE_T144_01,0,0.022776777970894616,0
lin,1,SR386_40X_HE_T147_01,0,9.041178741347593e-05,0
lin,1,SR386_40X_HE_T148_01,0,0.005030557068767979,0
lin,1,SR386_40X_HE_T160_01,0,0.00373672139932344,0
lin,1,SR386_40X_HE_T169_01,0,1.1945053000455137e-08,0
lin,1,SR386_40X_HE_T170_01,1,0.9925408534130712,1
lin,1,SR386_40X_HE_T172_01,0,0.8955749163184988,1
lin,1,SR386_40X_HE_T174_01,0,0.0006666442502138968,0
lin,1,SR386_40X_HE_T181_01,0,2.2263088375673858e-05,0
lin,1,SR386_40X_HE_T196_01,0,0.0037237195977921776,0
lin,1,SR386_40X_HE_T205_01,0,0.31006807438216294,0
lin,1,SR386_40X_HE_T209_01,0,2.129015477810213e-05,0
lin,1,SR386_40X_HE_T210_01,0,0.05386901144648929,0
lin,1,SR386_40X_HE_T212_01,0,0.00021702661954907295,0
lin,1,SR386_40X_HE_T221_01,0,0.0003593804504747244,0
lin,1,SR386_40X_HE_T224_01,0,0.00015881557374601208,0
lin,1,SR386_40X_HE_T231_01,1,0.7072972164167233,1
lin,1,SR386_40X_HE_T232_01,0,1.83609562133043e-06,0
lin,1,SR386_40X_HE_T247_01,0,0.0010495205069597292,0
lin,1,SR386_40X_HE_T252_01,0,0.000740984781221291,0
lin,1,SR386_40X_HE_T255_01,0,7.57574736896601e-05,0
lin,1,SR386_40X_HE_T259_01,1,0.9641228176429162,1
lin,1,SR386_40X_HE_T274_01,0,8.802968530639437e-08,0
lin,1,SR386_40X_HE_T275_01,0,0.012630759160714536,0
lin,1,SR386_40X_HE_T282_01,0,0.0001965255268154215,0
lin,1,SR386_40X_HE_T294_01,0,0.9140310965383119,1
lin,1,SR386_40X_HE_T311_01,0,0.0005395719108132874,0
lin,1,SR386_40X_HE_T315_01,0,1.3464424267022662e-06,0
lin,1,SR386_40X_HE_T319_01,1,0.012085161148401989,0
lin,1,SR386_40X_HE_T324_01,1,0.0007952915794540593,0
lin,1,SR386_40X_HE_T330_01,0,5.639335017899463e-06,0
lin,1,SR386_40X_HE_T333_01,0,0.09505950087564648,0
lin,1,SR386_40X_HE_T335_01,0,0.0005357171811978448,0
lin,1,SR386_40X_HE_T337_01,0,0.007262788181644282,0
lin,1,SR386_40X_HE_T344_01,0,0.0004440942751726179,0
lin,1,SR386_40X_HE_T347_01,0,0.00018543397047751623,0
lin,1,SR386_40X_HE_T350_01,0,0.0004601574421404728,0
lin,1,SR386_40X_HE_T351_01,0,8.616277872760263e-05,0
lin,1,SR386_40X_HE_T360_01,0,1.9893999644553758e-06,0
lin,1,SR386_40X_HE_T361_01,0,0.0005170620543191976,0
lin,1,SR386_40X_HE_T366_01,0,6.987233779244599e-06,0
lin,1,SR386_40X_HE_T377_01,1,0.9982265046046201,1
lin,1,SR386_40X_HE_T384_01,0,9.697258042194649e-08,0
lin,1,SR386_40X_HE_T395_01,0,1.1624375897201507e-09,0
lin,1,SR386_40X_HE_T396_01,0,0.07627656694629976,0
lin,1,SR386_40X_HE_T401_01,0,0.00047362008629427534,0
lin,1,SR386_40X_HE_T408_01,0,0.0003644204836102796,0
lin,1,SR386_40X_HE_T410_01,0,0.0002486861757804964,0
lin,1,SR386_40X_HE_T413_01,0,5.619699556427913e-05,0
lin,1,SR386_40X_HE_T416_01,0,4.067406332363281e-06,0
lin,1,SR386_40X_HE_T418_01,0,4.574989560319647e-07,0
lin,1,SR386_40X_HE_T419_01,0,0.19751547327383695,0
lin,1,SR386_40X_HE_T421_01,0,9.356345394248247e-05,0
lin,1,SR386_40X_HE_T423_01,0,2.8567513343424226e-05,0
lin,1,SR386_40X_HE_T428_01,0,0.0038406319864938672,0
lin,1,SR386_40X_HE_T430_01,0,4.087196373619838e-05,0
lin,1,SR386_40X_HE_T431_01,0,0.6141564586476391,1
lin,1,SR386_40X_HE_T435_01,0,0.8736675549756466,1
lin,1,SR386_40X_HE_T438_01,0,0.0031943791285203313,0
lin,1,SR386_40X_HE_T439_01,0,0.0011812354909408115,0
lin,1,SR386_40X_HE_T447_01,0,9.381289000300029e-07,0
lin,1,SR386_40X_HE_T449_01,0,8.878104756866836e-08,0
lin,1,SR386_40X_HE_T454_01,0,7.448542353075081e-05,0
lin,1,SR386_40X_HE_T456_01,0,0.0037627623094827413,0
lin,1,SR386_40X_HE_T461_01,0,0.1268305475452987,0
lin,1,SR386_40X_HE_T462_01,0,0.0010324059717746515,0
lin,1,SR386_40X_HE_T468_01,0,0.0008082391672975641,0
lin,1,SR386_40X_HE_T469_01,1,0.39913073381461295,0
lin,1,SR386_40X_HE_T470_01,0,0.0025054315703085667,0
lin,1,SR386_40X_HE_T471_01,0,0.00013826967984963433,0
lin,1,SR386_40X_HE_T477_01,0,7.701953134501061e-06,0
lin,1,SR386_40X_HE_T480_01,0,0.199830692633383,0
lin,1,SR386_40X_HE_T484_01,0,0.04836056661610342,0
lin,1,SR386_40X_HE_T495_01,0,4.602535524095199e-08,0
lin,1,SR386_40X_HE_T496_01,0,1.3948154335789597e-06,0
lin,1,SR386_40X_HE_T498_01,0,0.6970662846879355,1
lin,1,SR386_40X_HE_T504_01,0,2.3399601337211438e-05,0
lin,1,SR386_40X_HE_T511_01,0,0.001651231150789097,0
lin,1,SR386_40X_HE_T517_01,0,0.7875770116509994,1
lin,1,SR386_40X_HE_T523_01,0,0.0071875442102189956,0
lin,1,SR386_40X_HE_T529_01,0,0.00015428954607041726,0
lin,1,SR386_40X_HE_T542_01,0,4.4076320906756684e-07,0
lin,1,SR386_40X_HE_T569_01,0,0.6211304694081372,1
lin,1,SR386_40X_HE_T582_01,0,6.897048704613744e-07,0
lin,2,SR1482_40X_HE_T009_01,0,9.463924822256079e-09,0
lin,2,SR1482_40X_HE_T009_02,0,1.9327148467443585e-08,0
lin,2,SR1482_40X_HE_T015_01,0,2.7469962777903904e-05,0
lin,2,SR1482_40X_HE_T021_01,0,0.0023169249414588,0
lin,2,SR1482_40X_HE_T067_01,0,9.646662643994186e-08,0
lin,2,SR1482_40X_HE_T075_01,0,0.00016699303201827027,0
lin,2,SR1482_40X_HE_T075_02,0,0.0026790938025564727,0
lin,2,SR1482_40X_HE_T098_01,0,0.09633071036543411,0
lin,2,SR1482_40X_HE_T098_02,0,0.025992755534308576,0
lin,2,SR1482_40X_HE_T102_01,0,0.02006764371795094,0
lin,2,SR1482_40X_HE_T123_01,0,0.01250844631868563,0
lin,2,SR1482_40X_HE_T142_01,0,4.126050705946184e-06,0
lin,2,SR1482_40X_HE_T146_01,0,0.17520782258793072,0
lin,2,SR1482_40X_HE_T148_01,0,0.04425212327855123,0
lin,2,SR1482_40X_HE_T148_02,0,0.01763791260305741,0
lin,2,SR1482_40X_HE_T154_01,0,0.00028842417243657214,0
lin,2,SR1482_40X_HE_T158_01,0,0.0010029503600678582,0
lin,2,SR1482_40X_HE_T161_01,0,0.00020851868350729667,0
lin,2,SR1482_40X_HE_T161_02,0,0.019446343101969774,0
lin,2,SR1482_40X_HE_T164_01,1,0.015013708797444954,0
lin,2,SR1482_40X_HE_T164_02,1,0.10831335008900228,0
lin,2,SR1482_40X_HE_T168_01,0,0.05027434938973956,0
lin,2,SR1482_40X_HE_T171_01,0,0.0010206501920010892,0
lin,2,SR1482_40X_HE_T171_02,0,2.566932459920244e-05,0
lin,2,SR1482_40X_HE_T178_01,1,0.001463572858730462,0
lin,2,SR1482_40X_HE_T186_01,0,0.0022278534364682753,0
lin,2,SR1482_40X_HE_T193_01,0,6.776316215962553e-05,0
lin,2,SR1482_40X_HE_T193_02,0,0.0007117180288855625,0
lin,2,SR1482_40X_HE_T209_01,0,0.0025919981918218985,0
lin,2,SR1482_40X_HE_T209_02,0,0.2224340912203535,0
lin,2,SR1482_40X_HE_T245_01,0,0.05897564835807245,0
lin,2,SR1482_40X_HE_T245_02,0,0.11303050917113829,0
lin,2,SR1482_40X_HE_T265_01,0,0.004417753400579547,0
lin,2,SR1482_40X_HE_T302_01,0,2.232544145225806e-05,0
lin,2,SR1482_40X_HE_T343_01,1,0.006656124408452723,0
lin,2,SR1482_40X_HE_T343_02,1,0.00010774129333444903,0
lin,2,SR1482_40X_HE_T399_01,0,3.537091874611133e-05,0
lin,2,SR1482_40X_HE_T399_02,0,0.002911985922219032,0
lin,2,SR1482_40X_HE_T426_01,0,2.761602932593464e-06,0
lin,2,SR1482_40X_HE_T426_02,0,8.494370533590019e-06,0
lin,2,SR386_40X_HE_T001_01,0,0.011908109559753098,0
lin,2,SR386_40X_HE_T013_01,0,0.00039357589239370446,0
lin,2,SR386_40X_HE_T018_01,0,0.0019737377802678193,0
lin,2,SR386_40X_HE_T019_01,0,0.00026172064299902773,0
lin,2,SR386_40X_HE_T024_01,0,5.147400018154015e-07,0
lin,2,SR386_40X_HE_T039_01,0,2.489199028302357e-07,0
lin,2,SR386_40X_HE_T040_01,1,0.9602640321017745,1
lin,2,SR386_40X_HE_T042_01,0,0.01838677783056399,0
lin,2,SR386_40X_HE_T047_01,0,1.160398747599038e-06,0
lin,2,SR386_40X_HE_T051_01,0,3.194087020861414e-05,0
lin,2,SR386_40X_HE_T052_01,0,0.00015512502020500392,0
lin,2,SR386_40X_HE_T056_01,0,0.00018372086171114906,0
lin,2,SR386_40X_HE_T057_01,0,5.812368888671535e-05,0
lin,2,SR386_40X_HE_T070_01,0,7.87882069756021e-06,0
lin,2,SR386_40X_HE_T082_01,0,0.0030034211794810442,0
lin,2,SR386_40X_HE_T084_01,0,0.00010778886465067734,0
lin,2,SR386_40X_HE_T087_01,0,0.04963456320246825,0
lin,2,SR386_40X_HE_T088_01,0,0.0015782598441071171,0
lin,2,SR386_40X_HE_T098_01,0,0.3214958254235784,0
lin,2,SR386_40X_HE_T105_01,0,8.151653433399264e-06,0
lin,2,SR386_40X_HE_T122_01,0,0.00012220244828299093,0
lin,2,SR386_40X_HE_T123_01,0,0.0020252087951045895,0
lin,2,SR386_40X_HE_T133_01,0,8.98853492440347e-06,0
lin,2,SR386_40X_HE_T145_01,0,0.0005067483866307181,0
lin,2,SR386_40X_HE_T150_01,0,0.8718358097336997,1
lin,2,SR386_40X_HE_T152_01,0,0.8056260147488185,1
lin,2,SR386_40X_HE_T155_01,0,0.003608377484831061,0
lin,2,SR386_40X_HE_T157_01,0,0.018901732733069873,0
lin,2,SR386_40X_HE_T164_01,0,0.000926400835376543,0
lin,2,SR386_40X_HE_T166_01,0,0.0955871396560727,0
lin,2,SR386_40X_HE_T176_01,1,0.7203633475850364,1
lin,2,SR386_40X_HE_T177_01,0,0.00028293309763973784,0
lin,2,SR386_40X_HE_T178_01,0,0.0019644508239254187,0
lin,2,SR386_40X_HE_T187_01,0,0.159351626293915,0
lin,2,SR386_40X_HE_T190_01,0,2.2768522913714024e-06,0
lin,2,SR386_40X_HE_T192_01,0,5.755231616859419e-06,0
lin,2,SR386_40X_HE_T198_01,0,0.0852225885681036,0
lin,2,SR386_40X_HE_T200_01,0,0.013150863628323656,0
lin,2,SR386_40X_HE_T206_01,1,0.019493082157850634,0
lin,2,SR386_40X_HE_T211_01,0,0.0013171962147645055,0
lin,2,SR386_40X_HE_T213_01,0,3.894619309747122e-05,0
lin,2,SR386_40X_HE_T214_01,0,0.00979306346904227,0
lin,2,SR386_40X_HE_T220_01,0,0.041078660369075266,0
lin,2,SR386_40X_HE_T230_01,1,0.3067203839752418,0
lin,2,SR386_40X_HE_T236_01,0,0.002707726482603813,0
lin,2,SR386_40X_HE_T237_01,0,0.0004260197991427607,0
lin,2,SR386_40X_HE_T240_01,0,0.00011765331106768818,0
lin,2,SR386_40X_HE_T241_01,0,0.045828004882887914,0
lin,2,SR386_40X_HE_T242_01,0,0.002429532534249941,0
lin,2,SR386_40X_HE_T253_01,0,9.130618576234027e-07,0
lin,2,SR386_40X_HE_T260_01,0,2.087896801265896e-05,0
lin,2,SR386_40X_HE_T262_01,0,0.0023094835968840953,0
lin,2,SR386_40X_HE_T264_01,0,0.0007997647927921829,0
lin,2,SR386_40X_HE_T271_01,0,2.308272958877497e-09,0
lin,2,SR386_40X_HE_T281_01,0,0.04479396096974431,0
lin,2,SR386_40X_HE_T297_01,0,2.8816843233041362e-05,0
lin,2,SR386_40X_HE_T299_01,0,5.164930434800555e-05,0
lin,2,SR386_40X_HE_T301_01,0,6.869834871860579e-06,0
lin,2,SR386_40X_HE_T306_01,0,0.00024156543252861715,0
lin,2,SR386_40X_HE_T309_01,0,9.766330328112224e-06,0
lin,2,SR386_40X_HE_T314_01,0,0.00209294230373686,0
lin,2,SR386_40X_HE_T316_01,0,0.09322235545058977,0
lin,2,SR386_40X_HE_T318_01,0,0.12406629505655721,0
lin,2,SR386_40X_HE_T321_01,0,0.0036597921207091517,0
lin,2,SR386_40X_HE_T326_01,0,0.003881909416099677,0
lin,2,SR386_40X_HE_T327_01,0,2.2859555387430775e-06,0
lin,2,SR386_40X_HE_T332_01,1,0.12108683445692156,0
lin,2,SR386_40X_HE_T355_01,0,1.9613878312383185e-05,0
lin,2,SR386_40X_HE_T364_01,0,0.039847623454113607,0
lin,2,SR386_40X_HE_T368_01,1,0.00010419108046180277,0
lin,2,SR386_40X_HE_T374_01,0,1.0032829771357207e-06,0
lin,2,SR386_40X_HE_T380_01,0,4.139846582137002e-06,0
lin,2,SR386_40X_HE_T382_01,0,0.0002343712219739168,0
lin,2,SR386_40X_HE_T392_01,0,0.021388663903956488,0
lin,2,SR386_40X_HE_T398_01,0,0.0006912278866659559,0
lin,2,SR386_40X_HE_T402_01,1,0.04946155048527532,0
lin,2,SR386_40X_HE_T404_01,0,1.8343527090028864e-05,0
lin,2,SR386_40X_HE_T415_01,0,2.3760585346759093e-05,0
lin,2,SR386_40X_HE_T417_01,0,1.5983106152951662e-05,0
lin,2,SR386_40X_HE_T425_01,0,0.00043288481077265965,0
lin,2,SR386_40X_HE_T436_01,1,0.00012657669918194494,0
lin,2,SR386_40X_HE_T437_01,0,0.027352325239112345,0
lin,2,SR386_40X_HE_T440_01,0,0.004821184539065909,0
lin,2,SR386_40X_HE_T445_01,0,0.0038615733299160755,0
lin,2,SR386_40X_HE_T450_01,0,0.00021778824959117564,0
lin,2,SR386_40X_HE_T459_01,0,0.0005449437227182082,0
lin,2,SR386_40X_HE_T472_01,0,0.002556969659735019,0
lin,2,SR386_40X_HE_T481_01,0,0.5913891467836531,1
lin,2,SR386_40X_HE_T483_01,0,0.0013590960613933322,0
lin,2,SR386_40X_HE_T486_01,0,0.0005818427655026771,0
lin,2,SR386_40X_HE_T488_01,0,0.022894748265312275,0
lin,2,SR386_40X_HE_T499_01,0,0.006720590465788041,0
lin,2,SR386_40X_HE_T507_01,0,0.0006252795721963536,0
lin,2,SR386_40X_HE_T514_01,0,0.0004311692401403302,0
lin,2,SR386_40X_HE_T520_01,1,0.0007245139364433588,0
lin,2,SR386_40X_HE_T522_01,0,1.1363821023291726e-05,0
lin,2,SR386_40X_HE_T531_01,0,0.00019111354596850041,0
lin,2,SR386_40X_HE_T535_01,0,0.000857908807269982,0
lin,2,SR386_40X_HE_T539_01,0,0.6937408436473219,1
lin,2,SR386_40X_HE_T549_01,0,2.9208490443958592e-06,0
lin,2,SR386_40X_HE_T552_01,0,1.0291999762656183e-05,0
lin,2,SR386_40X_HE_T553_01,0,0.008386443478257446,0
lin,2,SR386_40X_HE_T554_01,0,0.017879146715587473,0
lin,2,SR386_40X_HE_T558_01,0,5.270528163753735e-05,0
lin,2,SR386_40X_HE_T564_01,0,8.075310096271995e-07,0
lin,2,SR386_40X_HE_T570_01,0,0.00040208920752087435,0
lin,2,SR386_40X_HE_T574_01,0,0.00013537750902066473,0
lin,2,SR386_40X_HE_T578_01,0,3.528139812366793e-08,0
lin,2,SR386_40X_HE_T580_01,0,8.252677022387804e-07,0
lin,3,SR1482_40X_HE_T005_01,0,0.011189097942707263,0
lin,3,SR1482_40X_HE_T005_02,0,8.491628375157168e-05,0
lin,3,SR1482_40X_HE_T010_01,0,2.0033086362194094e-06,0
lin,3,SR1482_40X_HE_T043_01,0,0.006749917214271009,0
lin,3,SR1482_40X_HE_T043_02,0,0.003215774027089277,0
lin,3,SR1482_40X_HE_T049_01,0,1.4516475853399877e-06,0
lin,3,SR1482_40X_HE_T061_01,0,0.5495690855972457,1
lin,3,SR1482_40X_HE_T061_02,0,0.745334815513616,1
lin,3,SR1482_40X_HE_T070_01,1,5.93100029923353e-05,0
lin,3,SR1482_40X_HE_T073_01,0,3.6519351402537276e-07,0
lin,3,SR1482_40X_HE_T082_01,0,3.6676976077593214e-06,0
lin,3,SR1482_40X_HE_T082_02,0,0.0017298177897545283,0
lin,3,SR1482_40X_HE_T089_01,0,0.00022797456048379995,0
lin,3,SR1482_40X_HE_T090_01,0,8.128439517022833e-07,0
lin,3,SR1482_40X_HE_T094_01,1,0.09147811256947871,0
lin,3,SR1482_40X_HE_T094_02,1,0.15298283794577083,0
lin,3,SR1482_40X_HE_T105_01,0,2.141432586747844e-08,0
lin,3,SR1482_40X_HE_T115_01,0,2.5645117669260657e-05,0
lin,3,SR1482_40X_HE_T115_02,0,9.36408698029068e-06,0
lin,3,SR1482_40X_HE_T118_01,0,0.26700116162989357,0
lin,3,SR1482_40X_HE_T118_02,0,0.0004286969410222974,0
lin,3,SR1482_40X_HE_T120_01,0,0.0009150410645033168,0
lin,3,SR1482_40X_HE_T120_02,0,0.13208150427433954,0
lin,3,SR1482_40X_HE_T124_01,0,0.46065264960310665,0
lin,3,SR1482_40X_HE_T124_02,0,0.7614267854256133,1
lin,3,SR1482_40X_HE_T138_01,0,0.00014469532343352513,0
lin,3,SR1482_40X_HE_T160_01,0,4.2893586376549687e-07,0
lin,3,SR1482_40X_HE_T160_02,0,2.7700547008593975e-07,0
lin,3,SR1482_40X_HE_T167_01,0,0.0017696016041014136,0
lin,3,SR1482_40X_HE_T167_02,0,0.027629992339379243,0
lin,3,SR1482_40X_HE_T175_01,0,0.011647456169893584,0
lin,3,SR1482_40X_HE_T175_02,0,0.20583175312995006,0
lin,3,SR1482_40X_HE_T177_01,1,0.00022503752238703929,0
lin,3,SR1482_40X_HE_T188_01,0,0.02907753350756721,0
lin,3,SR1482_40X_HE_T195_01,0,0.002412652215700747,0
lin,3,SR1482_40X_HE_T195_02,0,0.0011726227273706849,0
lin,3,SR1482_40X_HE_T202_01,0,0.00014236610645488,0
lin,3,SR1482_40X_HE_T202_02,0,5.638174686343116e-06,0
lin,3,SR1482_40X_HE_T225_01,0,0.1147391425557777,0
lin,3,SR1482_40X_HE_T225_02,0,3.360911580284433e-08,0
lin,3,SR1482_40X_HE_T235_01,0,0.0014676871338187589,0
lin,3,SR1482_40X_HE_T235_02,0,1.4520376389293225e-07,0
lin,3,SR1482_40X_HE_T236_01,0,1.8310469383695553e-07,0
lin,3,SR1482_40X_HE_T236_02,0,4.310877747619305e-08,0
lin,3,SR1482_40X_HE_T258_01,0,5.5469384925607346e-05,0
lin,3,SR1482_40X_HE_T258_02,0,1.0243217404447696e-05,0
lin,3,SR1482_40X_HE_T284_01,1,0.0031265028833305057,0
lin,3,SR1482_40X_HE_T284_02,1,0.0006320181066538678,0
lin,3,SR1482_40X_HE_T301_01,1,0.00014790010072823594,0
lin,3,SR1482_40X_HE_T301_02,1,0.009496258886356993,0
lin,3,SR1482_40X_HE_T309_01,0,0.0013044597088656257,0
lin,3,SR1482_40X_HE_T313_01,0,9.164132859878326e-05,0
lin,3,SR1482_40X_HE_T313_02,0,0.00032518368343962823,0
lin,3,SR1482_40X_HE_T338_01,0,0.02244931191762317,0
lin,3,SR1482_40X_HE_T344_01,0,0.0008183486497643889,0
lin,3,SR1482_40X_HE_T344_02,0,0.01770592057460799,0
lin,3,SR1482_40X_HE_T346_01,0,0.0005217165102158005,0
lin,3,SR1482_40X_HE_T346_02,0,0.0011162267256268142,0
lin,3,SR1482_40X_HE_T377_01,0,0.6562238590677743,1
lin,3,SR1482_40X_HE_T377_02,0,0.0029853842989730076,0
lin,3,SR1482_40X_HE_T419_01,0,0.0002575324293481886,0
lin,3,SR1482_40X_HE_T427_01,0,0.00021871530316011734,0
lin,3,SR1482_40X_HE_T427_02,0,7.254193548129918e-05,0
lin,3,SR386_40X_HE_T007_01,0,0.009098811083871007,0
lin,3,SR386_40X_HE_T015_01,0,0.20322166501986713,0
lin,3,SR386_40X_HE_T017_01,1,0.2879000221076046,0
lin,3,SR386_40X_HE_T032_01,0,0.00010597395630511626,0
lin,3,SR386_40X_HE_T034_01,0,0.0005361549244561946,0
lin,3,SR386_40X_HE_T035_01,0,0.024375086047758218,0
lin,3,SR386_40X_HE_T041_01,0,0.03492009869769757,0
lin,3,SR386_40X_HE_T067_01,0,6.480754701713249e-07,0
lin,3,SR386_40X_HE_T075_01,0,1.381245279226696e-05,0
lin,3,SR386_40X_HE_T081_01,0,0.905323256839998,1
lin,3,SR386_40X_HE_T083_01,0,0.0005511619978657737,0
lin,3,SR386_40X_HE_T085_01,0,6.838957794931527e-06,0
lin,3,SR386_40X_HE_T095_01,0,0.001980035528193273,0
lin,3,SR386_40X_HE_T104_01,0,0.23116152732519152,0
lin,3,SR386_40X_HE_T106_01,0,0.0002797326705676483,0
lin,3,SR386_40X_HE_T112_01,0,0.00020463424959711948,0
lin,3,SR386_40X_HE_T128_01,0,1.6892179899658498e-05,0
lin,3,SR386_40X_HE_T132_01,0,1.0962097707909023e-06,0
lin,3,SR386_40X_HE_T138_01,0,0.0012215783636177686,0
lin,3,SR386_40X_HE_T142_01,0,0.09970777562435706,0
lin,3,SR386_40X_HE_T149_01,0,0.0012260634110263008,0
lin,3,SR386_40X_HE_T165_01,1,0.9722770240285,1
lin,3,SR386_40X_HE_T179_01,0,0.0003168831648223011,0
lin,3,SR386_40X_HE_T180_01,0,0.013349052760823071,0
lin,3,SR386_40X_HE_T182_01,0,0.0007528696116238979,0
lin,3,SR386_40X_HE_T184_01,0,0.21795353335671855,0
lin,3,SR386_40X_HE_T188_01,0,1.8990690066502745e-07,0
lin,3,SR386_40X_HE_T191_01,0,0.034553904459381946,0
lin,3,SR386_40X_HE_T197_01,0,0.01218518162455432,0
lin,3,SR386_40X_HE_T201_01,0,4.120232575852071e-05,0
lin,3,SR386_40X_HE_T202_01,0,2.847916287646548e-08,0
lin,3,SR386_40X_HE_T208_01,0,1.4071885371905061e-05,0
lin,3,SR386_40X_HE_T216_01,1,0.0178231693357019,0
lin,3,SR386_40X_HE_T238_01,0,3.5520876493098953e-06,0
lin,3,SR386_40X_HE_T244_01,0,1.558528770925901e-08,0
lin,3,SR386_40X_HE_T248_01,0,1.1322091777215887e-05,0
lin,3,SR386_40X_HE_T249_01,0,1.4436057588457778e-06,0
lin,3,SR386_40X_HE_T250_01,0,2.0800776659520956e-08,0
lin,3,SR386_40X_HE_T263_01,0,5.3983091777327865e-05,0
lin,3,SR386_40X_HE_T267_01,0,0.00045970049241042803,0
lin,3,SR386_40X_HE_T269_01,0,6.318639487578833e-05,0
lin,3,SR386_40X_HE_T277_01,0,2.1413842660458057e-05,0
lin,3,SR386_40X_HE_T286_01,0,0.6408701010210734,1
lin,3,SR386_40X_HE_T287_01,0,0.2662140361715153,0
lin,3,SR386_40X_HE_T290_01,0,0.0014286654936190785,0
lin,3,SR386_40X_HE_T293_01,0,3.4960339663106707e-08,0
lin,3,SR386_40X_HE_T298_01,0,3.0001867283778997e-06,0
lin,3,SR386_40X_HE_T303_01,0,2.504545107864472e-06,0
lin,3,SR386_40X_HE_T312_01,0,0.001092559871941044,0
lin,3,SR386_40X_HE_T329_01,0,0.025956518431170774,0
lin,3,SR386_40X_HE_T336_01,0,0.00020395404542534323,0
lin,3,SR386_40X_HE_T338_01,0,1.861034287635352e-05,0
lin,3,SR386_40X_HE_T342_01,0,4.31873138106723e-06,0
lin,3,SR386_40X_HE_T353_01,0,8.968975864787758e-05,0
lin,3,SR386_40X_HE_T357_01,0,3.813218851293408e-08,0
lin,3,SR386_40X_HE_T362_01,0,2.05558862704741e-06,0
lin,3,SR386_40X_HE_T363_01,1,0.03447647879225839,0
lin,3,SR386_40X_HE_T372_01,0,0.10389551654812029,0
lin,3,SR386_40X_HE_T378_01,0,5.874894062853366e-06,0
lin,3,SR386_40X_HE_T379_01,0,0.0005765747040363399,0
lin,3,SR386_40X_HE_T386_01,0,0.004648546562534373,0
lin,3,SR386_40X_HE_T387_01,0,3.830116460040649e-08,0
lin,3,SR386_40X_HE_T393_01,0,2.3805401800006174e-07,0
lin,3,SR386_40X_HE_T397_01,0,0.0009257159231239663,0
lin,3,SR386_40X_HE_T406_01,0,0.8554313233401746,1
lin,3,SR386_40X_HE_T409_01,0,0.00012321440571406772,0
lin,3,SR386_40X_HE_T422_01,0,1.1605802693628559e-05,0
lin,3,SR386_40X_HE_T426_01,0,4.014879867416546e-05,0
lin,3,SR386_40X_HE_T433_01,0,0.0006090026613216325,0
lin,3,SR386_40X_HE_T443_01,0,0.09942239415542932,0
lin,3,SR386_40X_HE_T448_01,0,0.001757626479851593,0
lin,3,SR386_40X_HE_T452_01,0,0.25636834835788647,0
lin,3,SR386_40X_HE_T460_01,1,0.01333498299271794,0
lin,3,SR386_40X_HE_T473_01,0,0.0001540050534835569,0
lin,3,SR386_40X_HE_T475_01,0,1.671465410083133e-05,0
lin,3,SR386_40X_HE_T478_01,0,7.485309042500464e-07,0
lin,3,SR386_40X_HE_T489_01,1,3.9091081475995795e-07,0
lin,3,SR386_40X_HE_T491_01,0,0.002922775381977458,0
lin,3,SR386_40X_HE_T492_01,0,8.500632744215777e-06,0
lin,3,SR386_40X_HE_T493_01,0,1.2265456104735422e-05,0
lin,3,SR386_40X_HE_T502_01,0,7.201336130549867e-05,0
lin,3,SR386_40X_HE_T505_01,0,0.005455632758925419,0
lin,3,SR386_40X_HE_T506_01,0,8.196851724879675e-07,0
lin,3,SR386_40X_HE_T509_01,0,0.021533454866386664,0
lin,3,SR386_40X_HE_T516_01,0,0.023197699229849836,0
lin,3,SR386_40X_HE_T518_01,0,5.996179893710827e-07,0
lin,3,SR386_40X_HE_T519_01,0,0.00231779139830566,0
lin,3,SR386_40X_HE_T521_01,0,6.060170028665807e-06,0
lin,3,SR386_40X_HE_T526_01,0,2.6012691439856276e-05,0
lin,3,SR386_40X_HE_T533_01,0,1.3126310118991086e-06,0
lin,3,SR386_40X_HE_T543_01,0,7.356734808561578e-06,0
lin,3,SR386_40X_HE_T544_01,0,0.0025550513975231694,0
lin,3,SR386_40X_HE_T556_01,1,0.005877424029938084,0
lin,3,SR386_40X_HE_T560_01,0,0.0025551767543714105,0
lin,3,SR386_40X_HE_T563_01,0,9.881262422280884e-06,0
lin,3,SR386_40X_HE_T568_01,0,0.02010808843170944,0
lin,3,SR386_40X_HE_T571_01,0,3.140873628965043e-05,0
lin,3,SR386_40X_HE_T572_01,0,0.000669420960717806,0
lin,3,SR386_40X_HE_T573_01,0,0.024131499091355597,0
lin,3,SR386_40X_HE_T583_01,0,0.005467251673291663,0
lin,4,SR1482_40X_HE_T002_01,0,6.650026314088479e-05,0
lin,4,SR1482_40X_HE_T003_01,0,7.926778993724308e-06,0
lin,4,SR1482_40X_HE_T004_01,0,3.351321554778632e-06,0
lin,4,SR1482_40X_HE_T004_02,0,7.184619928746294e-09,0
lin,4,SR1482_40X_HE_T011_01,0,0.014905083009236902,0
lin,4,SR1482_40X_HE_T025_01,0,0.010366651490984652,0
lin,4,SR1482_40X_HE_T025_02,0,0.7558741003482117,1
lin,4,SR1482_40X_HE_T060_01,0,0.00034494614268318596,0
lin,4,SR1482_40X_HE_T062_01,0,0.5832999162323967,1
lin,4,SR1482_40X_HE_T062_02,0,0.9315705480381699,1
lin,4,SR1482_40X_HE_T064_01,0,0.01339418987191376,0
lin,4,SR1482_40X_HE_T064_02,0,4.432164421356924e-05,0
lin,4,SR1482_40X_HE_T071_01,0,5.6634837150447856e-06,0
lin,4,SR1482_40X_HE_T071_02,0,8.537581306202464e-05,0
lin,4,SR1482_40X_HE_T074_01,0,3.860354586535108e-05,0
lin,4,SR1482_40X_HE_T074_02,0,3.233394751519936e-06,0
lin,4,SR1482_40X_HE_T083_01,0,0.89149469721052,1
lin,4,SR1482_40X_HE_T083_02,0,0.0034719270323492137,0
lin,4,SR1482_40X_HE_T087_01,0,0.0796753763238768,0
lin,4,SR1482_40X_HE_T097_01,1,0.7218328988539143,1
lin,4,SR1482_40X_HE_T097_02,1,0.523960879349133,1
lin,4,SR1482_40X_HE_T108_01,0,6.586489586893255e-05,0
lin,4,SR1482_40X_HE_T113_01,0,4.659853247072659e-05,0
lin,4,SR1482_40X_HE_T113_02,0,0.0774209601836928,0
lin,4,SR1482_40X_HE_T121_01,0,3.1797104808579175e-06,0
lin,4,SR1482_40X_HE_T122_01,0,7.99986839783975e-08,0
lin,4,SR1482_40X_HE_T125_01,0,0.0021403009469305513,0
lin,4,SR1482_40X_HE_T125_02,0,4.636437219729561e-06,0
lin,4,SR1482_40X_HE_T131_01,0,0.0007626828112876177,0
lin,4,SR1482_40X_HE_T131_02,0,0.999054962922369,1
lin,4,SR1482_40X_HE_T132_01,0,3.154031835803123e-05,0
lin,4,SR1482_40X_HE_T132_02,0,0.00018712958538213758,0
lin,4,SR1482_40X_HE_T143_01,0,0.9998542442877218,1
lin,4,SR1482_40X_HE_T143_02,0,0.7063616848316266,1
lin,4,SR1482_40X_HE_T166_01,1,0.020030350861536678,0
lin,4,SR1482_40X_HE_T169_01,0,0.0893575423625411,0
lin,4,SR1482_40X_HE_T176_01,1,0.9999730500612778,1
lin,4,SR1482_40X_HE_T176_02,1,0.9999933531923165,1
lin,4,SR1482_40X_HE_T191_01,0,0.0007339257785120268,0
lin,4,SR1482_40X_HE_T194_01,0,0.9597273514682179,1
lin,4,SR1482_40X_HE_T218_01,0,5.886082642745224e-07,0
lin,4,SR1482_40X_HE_T253_01,0,6.371340107347084e-05,0
lin,4,SR1482_40X_HE_T290_01,0,0.03182223057217812,0
lin,4,SR1482_40X_HE_T308_01,0,0.00018488013488198354,0
lin,4,SR1482_40X_HE_T314_01,0,0.819977192181042,1
lin,4,SR1482_40X_HE_T314_02,0,0.9998519950285176,1
lin,4,SR1482_40X_HE_T372_01,1,0.9236990608078309,1
lin,4,SR1482_40X_HE_T372_02,1,0.37254687510479156,0
lin,4,SR1482_40X_HE_T408_01,0,0.006005374104981603,0
lin,4,SR1482_40X_HE_T412_01,0,0.0034105669998031355,0
lin,4,SR1482_40X_HE_T425_01,0,5.047434622230085e-05,0
lin,4,SR1482_40X_HE_T434_01,1,0.4107936708010194,0
lin,4,SR386_40X_HE_T006_01,0,0.0004490024035767628,0
lin,4,SR386_40X_HE_T010_01,0,0.0007161638197689714,0
lin,4,SR386_40X_HE_T014_01,0,0.0022604361307518974,0
lin,4,SR386_40X_HE_T016_01,0,0.00029662678648394365,0
lin,4,SR386_40X_HE_T020_01,0,1.5743011102261118e-07,0
lin,4,SR386_40X_HE_T027_01,0,0.013387134072974803,0
lin,4,SR386_40X_HE_T028_01,0,1.094602999464414e-05,0
lin,4,SR386_40X_HE_T037_01,0,1.5869627487753402e-07,0
lin,4,SR386_40X_HE_T043_01,0,4.407596877548046e-06,0
lin,4,SR386_40X_HE_T044_01,1,0.0990427745943599,0
lin,4,SR386_40X_HE_T046_01,0,0.00022148027356656846,0
lin,4,SR386_40X_HE_T058_01,0,2.0557001514247305e-05,0
lin,4,SR386_40X_HE_T062_01,0,6.034274156706226e-07,0
lin,4,SR386_40X_HE_T065_01,1,0.0045498346862778,0
lin,4,SR386_40X_HE_T080_01,0,4.363460539889058e-05,0
lin,4,SR386_40X_HE_T091_01,0,0.009386241071683728,0
lin,4,SR386_40X_HE_T094_01,0,7.164807367070952e-08,0
lin,4,SR386_40X_HE_T097_01,0,8.307240028613468e-06,0
lin,4,SR386_40X_HE_T100_01,0,1.8930801674138408e-07,0
lin,4,SR386_40X_HE_T107_01,0,0.022570691306544034,0
lin,4,SR386_40X_HE_T109_01,1,0.015829023897033875,0
lin,4,SR386_40X_HE_T110_01,0,0.005569430218268237,0
lin,4,SR386_40X_HE_T117_01,0,0.010059522431131954,0
lin,4,SR386_40X_HE_T127_01,0,6.863709126320496e-08,0
lin,4,SR386_40X_HE_T129_01,0,2.1406228231842572e-07,0
lin,4,SR386_40X_HE_T136_01,0,0.00044656202100937323,0
lin,4,SR386_40X_HE_T154_01,0,0.0007474254731816609,0
lin,4,SR386_40X_HE_T168_01,1,0.6569997109882963,1
lin,4,SR386_40X_HE_T175_01,0,3.8551993304461245e-06,0
lin,4,SR386_40X_HE_T189_01,0,5.2357702717219276e-09,0
lin,4,SR386_40X_HE_T195_01,0,9.542584777613705e-06,0
lin,4,SR386_40X_HE_T227_01,0,0.0003538893920557927,0
lin,4,SR386_40X_HE_T233_01,0,0.0819139001376136,0
lin,4,SR386_40X_HE_T234_01,0,0.0028924254891794805,0
lin,4,SR386_40X_HE_T235_01,0,0.00012146735212960454,0
lin,4,SR386_40X_HE_T239_01,0,0.007081124606393429,0
lin,4,SR386_40X_HE_T245_01,0,4.471510867445478e-07,0
lin,4,SR386_40X_HE_T256_01,0,3.523760877076481e-05,0
lin,4,SR386_40X_HE_T265_01,0,0.00025307482087592897,0
lin,4,SR386_40X_HE_T268_01,0,3.5673371174857935e-05,0
lin,4,SR386_40X_HE_T270_01,0,0.00016707119991979708,0
lin,4,SR386_40X_HE_T272_01,0,0.6718611460153101,1
lin,4,SR386_40X_HE_T273_01,0,0.5401806352280063,1
lin,4,SR386_40X_HE_T276_01,0,0.004349728966856423,0
lin,4,SR386_40X_HE_T278_01,1,0.9714749515659431,1
lin,4,SR386_40X_HE_T284_01,0,0.00041618082266496994,0
lin,4,SR386_40X_HE_T285_01,0,2.2119220387792054e-05,0
lin,4,SR386_40X_HE_T288_01,0,0.00042408761667092214,0
lin,4,SR386_40X_HE_T291_01,0,0.0011038252532799117,0
lin,4,SR386_40X_HE_T300_01,0,0.00020360426232781298,0
lin,4,SR386_40X_HE_T302_01,0,6.261812430767967e-05,0
lin,4,SR386_40X_HE_T305_01,0,1.598109953634243e-05,0
lin,4,SR386_40X_HE_T308_01,0,9.2117430308695e-05,0
lin,4,SR386_40X_HE_T325_01,0,0.0002105015295895891,0
lin,4,SR386_40X_HE_T331_01,0,0.0005670207275516826,0
lin,4,SR386_40X_HE_T341_01,0,0.00384944670028825,0
lin,4,SR386_40X_HE_T343_01,1,0.0027130107129164503,0
lin,4,SR386_40X_HE_T346_01,0,0.5135164036134526,1
lin,4,SR386_40X_HE_T352_01,0,0.0014673694103331093,0
lin,4,SR386_40X_HE_T373_01,0,0.009351837300125418,0
lin,4,SR386_40X_HE_T375_01,0,0.23839222189533166,0
lin,4,SR386_40X_HE_T381_01,0,4.640620929986793e-07,0
lin,4,SR386_40X_HE_T389_01,0,6.812365202446422e-05,0
lin,4,SR386_40X_HE_T391_01,0,0.039494755918175146,0
lin,4,SR386_40X_HE_T394_01,0,1.1263072137618447e-05,0
lin,4,SR386_40X_HE_T399_01,0,0.015088892260983837,0
lin,4,SR386_40X_HE_T403_01,0,5.647146841964668e-08,0
lin,4,SR386_40X_HE_T405_01,0,9.640468323445119e-05,0
lin,4,SR386_40X_HE_T407_01,0,0.0001094178049298232,0
lin,4,SR386_40X_HE_T414_01,0,0.0025252327605358744,0
lin,4,SR386_40X_HE_T424_01,0,0.0006781839574226861,0
lin,4,SR386_40X_HE_T429_01,0,0.0002472364332120607,0
lin,4,SR386_40X_HE_T441_01,0,0.6672287868398887,1
lin,4,SR386_40X_HE_T451_01,0,0.001209081719797023,0
lin,4,SR386_40X_HE_T453_01,0,2.656291872197935e-06,0
lin,4,SR386_40X_HE_T455_01,0,9.146301798388094e-06,0
lin,4,SR386_40X_HE_T465_01,0,0.0002523585874714192,0
lin,4,SR386_40X_HE_T474_01,0,0.0015729782376221837,0
lin,4,SR386_40X_HE_T476_01,0,0.03737170895431065,0
lin,4,SR386_40X_HE_T479_01,0,3.0691830067225514e-05,0
lin,4,SR386_40X_HE_T482_01,0,0.010028972647234636,0
lin,4,SR386_40X_HE_T487_01,0,4.936022750408133e-07,0
lin,4,SR386_40X_HE_T490_01,0,9.750915774237949e-05,0
lin,4,SR386_40X_HE_T494_01,0,2.8736135266804228e-05,0
lin,4,SR386_40X_HE_T500_01,0,9.599629525837704e-06,0
lin,4,SR386_40X_HE_T510_01,0,0.0008845400816263008,0
lin,4,SR386_40X_HE_T524_01,0,0.00045772339876380073,0
lin,4,SR386_40X_HE_T528_01,0,0.13925738010845687,0
lin,4,SR386_40X_HE_T532_01,0,4.25659961037582e-06,0
lin,4,SR386_40X_HE_T534_01,0,0.0004929447160722285,0
lin,4,SR386_40X_HE_T536_01,0,4.161576243668203e-06,0
lin,4,SR386_40X_HE_T537_01,0,0.005948039133906111,0
lin,4,SR386_40X_HE_T541_01,0,0.00014950714930683068,0
lin,4,SR386_40X_HE_T548_01,1,0.3016613934344778,0
lin,4,SR386_40X_HE_T550_01,0,0.000940428098511697,0
lin,4,SR386_40X_HE_T551_01,0,9.458293054394183e-05,0
lin,4,SR386_40X_HE_T557_01,0,0.0006145175712797995,0
lin,4,SR386_40X_HE_T565_01,0,0.00029050819367963356,0
lin,4,SR386_40X_HE_T567_01,0,9.247641034984224e-06,0
lin,4,SR386_40X_HE_T575_01,0,0.005025153666835011,0
lin,4,SR386_40X_HE_T576_01,0,6.1022084520129434e-05,0
lin,4,SR386_40X_HE_T581_01,0,8.833996719474421e-05,0
ann,1,SR1482_40X_HE_T029_01,0,0.7002241015434265,1
ann,1,SR1482_40X_HE_T029_02,0,0.7080957293510437,1
ann,1,SR1482_40X_HE_T057_01,0,0.35173261165618896,0
ann,1,SR1482_40X_HE_T063_01,1,0.695583701133728,1
ann,1,SR1482_40X_HE_T063_02,1,0.4141733646392822,0
ann,1,SR1482_40X_HE_T065_01,0,0.5276468396186829,1
ann,1,SR1482_40X_HE_T065_02,0,0.4570019543170929,0
ann,1,SR1482_40X_HE_T066_01,0,0.4514893889427185,0
ann,1,SR1482_40X_HE_T066_02,0,0.6501399278640747,1
ann,1,SR1482_40X_HE_T068_01,0,0.2894781827926636,0
ann,1,SR1482_40X_HE_T069_01,0,0.2657082676887512,0
ann,1,SR1482_40X_HE_T069_02,0,0.2980893552303314,0
ann,1,SR1482_40X_HE_T079_01,1,0.47138434648513794,0
ann,1,SR1482_40X_HE_T079_02,1,0.5599381327629089,1
ann,1,SR1482_40X_HE_T080_01,0,0.5151132941246033,1
ann,1,SR1482_40X_HE_T080_02,0,0.4966273307800293,0
ann,1,SR1482_40X_HE_T081_01,0,0.5224555134773254,1
ann,1,SR1482_40X_HE_T081_02,0,0.2710423469543457,0
ann,1,SR1482_40X_HE_T099_01,0,0.3640943169593811,0
ann,1,SR1482_40X_HE_T116_01,0,0.4281504154205322,0
ann,1,SR1482_40X_HE_T117_01,0,0.4504643976688385,0
ann,1,SR1482_40X_HE_T117_02,0,0.4795108437538147,0
ann,1,SR1482_40X_HE_T126_01,0,0.48973992466926575,0
ann,1,SR1482_40X_HE_T129_01,0,0.3336264491081238,0
ann,1,SR1482_40X_HE_T129_02,0,0.4014195203781128,0
ann,1,SR1482_40X_HE_T139_01,0,0.5346361994743347,1
ann,1,SR1482_40X_HE_T139_02,0,0.5305579900741577,1
ann,1,SR1482_40X_HE_T147_01,0,0.8262929916381836,1
ann,1,SR1482_40X_HE_T147_02,0,0.6978936195373535,1
ann,1,SR1482_40X_HE_T159_01,0,0.4177721440792084,0
ann,1,SR1482_40X_HE_T159_02,0,0.3560194969177246,0
ann,1,SR1482_40X_HE_T192_01,0,0.27315494418144226,0
ann,1,SR1482_40X_HE_T199_01,0,0.20702287554740906,0
ann,1,SR1482_40X_HE_T304_01,0,0.4342447519302368,0
ann,1,SR1482_40X_HE_T304_02,0,0.3083493113517761,0
ann,1,SR1482_40X_HE_T310_01,1,0.36396247148513794,0
ann,1,SR1482_40X_HE_T310_02,1,0.3249587416648865,0
ann,1,SR1482_40X_HE_T341_01,0,0.3522963225841522,0
ann,1,SR1482_40X_HE_T341_02,0,0.2958467900753021,0
ann,1,SR1482_40X_HE_T353_01,0,0.40839916467666626,0
ann,1,SR1482_40X_HE_T390_01,0,0.3389376401901245,0
ann,1,SR1482_40X_HE_T433_01,1,0.40048015117645264,0
ann,1,SR386_40X_HE_T003_01,0,0.4796537160873413,0
ann,1,SR386_40X_HE_T004_01,0,0.5090470910072327,1
ann,1,SR386_40X_HE_T022_01,1,0.6114059090614319,1
ann,1,SR386_40X_HE_T030_01,0,0.3769012689590454,0
ann,1,SR386_40X_HE_T033_01,0,0.37354883551597595,0
ann,1,SR386_40X_HE_T036_01,0,0.39150455594062805,0
ann,1,SR386_40X_HE_T038_01,0,0.49435165524482727,0
ann,1,SR386_40X_HE_T049_01,0,0.35617920756340027,0
ann,1,SR386_40X_HE_T050_01,0,0.3856600821018219,0
ann,1,SR386_40X_HE_T060_01,0,0.5968238115310669,1
ann,1,SR386_40X_HE_T063_01,0,0.6223306059837341,1
ann,1,SR386_40X_HE_T066_01,0,0.4231773614883423,0
ann,1,SR386_40X_HE_T069_01,0,0.4280558228492737,0
ann,1,SR386_40X_HE_T072_01,0,0.4540127217769623,0
ann,1,SR386_40X_HE_T074_01,0,0.5037491917610168,1
ann,1,SR386_40X_HE_T078_01,0,0.2888667583465576,0
ann,1,SR386_40X_HE_T079_01,0,0.34475675225257874,0
ann,1,SR386_40X_HE_T092_01,1,0.3914688229560852,0
ann,1,SR386_40X_HE_T096_01,0,0.36394575238227844,0
ann,1,SR386_40X_HE_T099_01,0,0.5157533288002014,1
ann,1,SR386_40X_HE_T103_01,0,0.29186245799064636,0
ann,1,SR386_40X_HE_T108_01,0,0.4830813407897949,0
ann,1,SR386_40X_HE_T113_01,0,0.36267659068107605,0
ann,1,SR386_40X_HE_T114_01,0,0.4701728820800781,0
ann,1,SR386_40X_HE_T119_01,0,0.3769102394580841,0
ann,1,SR386_40X_HE_T126_01,0,0.39000481367111206,0
ann,1,SR386_40X_HE_T130_01,0,0.30495280027389526,0
ann,1,SR386_40X_HE_T131_01,0,0.40036457777023315,0
ann,1,SR386_40X_HE_T135_01,0,0.4645825922489166,0
ann,1,SR386_40X_HE_T140_01,0,0.43869873881340027,0
ann,1,SR386_40X_HE_T144_01,0,0.4694492816925049,0
ann,1,SR386_40X_HE_T147_01,0,0.46744248270988464,0
ann,1,SR386_40X_HE_T148_01,0,0.48221585154533386,0
ann,1,SR386_40X_HE_T160_01,0,0.39493313431739807,0
ann,1,SR386_40X_HE_T169_01,0,0.4303024411201477,0
ann,1,SR386_40X_HE_T170_01,1,0.6477174162864685,1
ann,1,SR386_40X_HE_T172_01,0,0.5883010625839233,1
ann,1,SR386_40X_HE_T174_01,0,0.47950583696365356,0
ann,1,SR386_40X_HE_T181_01,0,0.33531802892684937,0
ann,1,SR386_40X_HE_T196_01,0,0.36221036314964294,0
ann,1,SR386_40X_HE_T205_01,0,0.4854492247104645,0
ann,1,SR386_40X_HE_T209_01,0,0.41848573088645935,0
ann,1,SR386_40X_HE_T210_01,0,0.4031793475151062,0
ann,1,SR386_40X_HE_T212_01,0,0.4145243465900421,0
ann,1,SR386_40X_HE_T221_01,0,0.37719419598579407,0
ann,1,SR386_40X_HE_T224_01,0,0.4071035385131836,0
ann,1,SR386_40X_HE_T231_01,1,0.6139271259307861,1
ann,1,SR386_40X_HE_T232_01,0,0.31028106808662415,0
ann,1,SR386_40X_HE_T247_01,0,0.4366602599620819,0
ann,1,SR386_40X_HE_T252_01,0,0.34202685952186584,0
ann,1,SR386_40X_HE_T255_01,0,0.33770498633384705,0
ann,1,SR386_40X_HE_T259_01,1,0.3527880311012268,0
ann,1,SR386_40X_HE_T274_01,0,0.2964613437652588,0
ann,1,SR386_40X_HE_T275_01,0,0.44517406821250916,0
ann,1,SR386_40X_HE_T282_01,0,0.364065945148468,0
ann,1,SR386_40X_HE_T294_01,0,0.6730656027793884,1
ann,1,SR386_40X_HE_T311_01,0,0.47596240043640137,0
ann,1,SR386_40X_HE_T315_01,0,0.3434427082538605,0
ann,1,SR386_40X_HE_T319_01,1,0.35215485095977783,0
ann,1,SR386_40X_HE_T324_01,1,0.37701117992401123,0
ann,1,SR386_40X_HE_T330_01,0,0.3992198705673218,0
ann,1,SR386_40X_HE_T333_01,0,0.3193536698818207,0
ann,1,SR386_40X_HE_T335_01,0,0.31480687856674194,0
ann,1,SR386_40X_HE_T337_01,0,0.4661473333835602,0
ann,1,SR386_40X_HE_T344_01,0,0.34947118163108826,0
ann,1,SR386_40X_HE_T347_01,0,0.3805460035800934,0
ann,1,SR386_40X_HE_T350_01,0,0.37274593114852905,0
ann,1,SR386_40X_HE_T351_01,0,0.3112364113330841,0
ann,1,SR386_40X_HE_T360_01,0,0.3347907066345215,0
ann,1,SR386_40X_HE_T361_01,0,0.3629361391067505,0
ann,1,SR386_40X_HE_T366_01,0,0.366982638835907,0
ann,1,SR386_40X_HE_T377_01,1,0.3654816150665283,0
ann,1,SR386_40X_HE_T384_01,0,0.35535210371017456,0
ann,1,SR386_40X_HE_T395_01,0,0.42762255668640137,0
ann,1,SR386_40X_HE_T396_01,0,0.5047616362571716,1
ann,1,SR386_40X_HE_T401_01,0,0.4125036895275116,0
ann,1,SR386_40X_HE_T408_01,0,0.31472066044807434,0
ann,1,SR386_40X_HE_T410_01,0,0.437185138463974,0
ann,1,SR386_40X_HE_T413_01,0,0.45437273383140564,0
ann,1,SR386_40X_HE_T416_01,0,0.33067503571510315,0
ann,1,SR386_40X_HE_T418_01,0,0.32217276096343994,0
ann,1,SR386_40X_HE_T419_01,0,0.33761483430862427,0
ann,1,SR386_40X_HE_T421_01,0,0.4060231149196625,0
ann,1,SR386_40X_HE_T423_01,0,0.3494519889354706,0
ann,1,SR386_40X_HE_T428_01,0,0.35987740755081177,0
ann,1,SR386_40X_HE_T430_01,0,0.40529224276542664,0
ann,1,SR386_40X_HE_T431_01,0,0.39441436529159546,0
ann,1,SR386_40X_HE_T435_01,0,0.274640828371048,0
ann,1,SR386_40X_HE_T438_01,0,0.39003780484199524,0
ann,1,SR386_40X_HE_T439_01,0,0.2585170567035675,0
ann,1,SR386_40X_HE_T447_01,0,0.38956379890441895,0
ann,1,SR386_40X_HE_T449_01,0,0.3909111022949219,0
ann,1,SR386_40X_HE_T454_01,0,0.3194495737552643,0
ann,1,SR386_40X_HE_T456_01,0,0.2980077862739563,0
ann,1,SR386_40X_HE_T461_01,0,0.4514561891555786,0
ann,1,SR386_40X_HE_T462_01,0,0.3252769112586975,0
ann,1,SR386_40X_HE_T468_01,0,0.38306406140327454,0
ann,1,SR386_40X_HE_T469_01,1,0.3471545875072479,0
ann,1,SR386_40X_HE_T470_01,0,0.36589619517326355,0
ann,1,SR386_40X_HE_T471_01,0,0.3484547436237335,0
ann,1,SR386_40X_HE_T477_01,0,0.3637816309928894,0
ann,1,SR386_40X_HE_T480_01,0,0.486222505569458,0
ann,1,SR386_40X_HE_T484_01,0,0.3890620470046997,0
ann,1,SR386_40X_HE_T495_01,0,0.2818399667739868,0
ann,1,SR386_40X_HE_T496_01,0,0.363063246011734,0
ann,1,SR386_40X_HE_T498_01,0,0.6264563798904419,1
ann,1,SR386_40X_HE_T504_01,0,0.3158903121948242,0
ann,1,SR386_40X_HE_T511_01,0,0.44187337160110474,0
ann,1,SR386_40X_HE_T517_01,0,0.5280516743659973,1
ann,1,SR386_40X_HE_T523_01,0,0.3845202624797821,0
ann,1,SR386_40X_HE_T529_01,0,0.2953939735889435,0
ann,1,SR386_40X_HE_T542_01,0,0.3118108808994293,0
ann,1,SR386_40X_HE_T569_01,0,0.4040226340293884,0
ann,1,SR386_40X_HE_T582_01,0,0.337755024433136,0
ann,2,SR1482_40X_HE_T009_01,0,0.16316813230514526,0
ann,2,SR1482_40X_HE_T009_02,0,0.15672622621059418,0
ann,2,SR1482_40X_HE_T015_01,0,0.7425278425216675,1
ann,2,SR1482_40X_HE_T021_01,0,0.2801176905632019,0
ann,2,SR1482_40X_HE_T067_01,0,0.33487236499786377,0
ann,2,SR1482_40X_HE_T075_01,0,0.2591709494590759,0
ann,2,SR1482_40X_HE_T075_02,0,0.4428677558898926,0
ann,2,SR1482_40X_HE_T098_01,0,0.3264973759651184,0
ann,2,SR1482_40X_HE_T098_02,0,0.22844336926937103,0
ann,2,SR1482_40X_HE_T102_01,0,0.6412160992622375,1
ann,2,SR1482_40X_HE_T123_01,0,0.34346386790275574,0
ann,2,SR1482_40X_HE_T142_01,0,0.20681892335414886,0
ann,2,SR1482_40X_HE_T146_01,0,0.9699127078056335,1
ann,2,SR1482_40X_HE_T148_01,0,0.8370134830474854,1
ann,2,SR1482_40X_HE_T148_02,0,0.2257339507341385,0
ann,2,SR1482_40X_HE_T154_01,0,0.3265792727470398,0
ann,2,SR1482_40X_HE_T158_01,0,0.41463008522987366,0
ann,2,SR1482_40X_HE_T161_01,0,0.621383786201477,1
ann,2,SR1482_40X_HE_T161_02,0,0.32475745677948,0
ann,2,SR1482_40X_HE_T164_01,1,0.40237417817115784,0
ann,2,SR1482_40X_HE_T164_02,1,0.7444143891334534,1
ann,2,SR1482_40X_HE_T168_01,0,0.6107219457626343,1
ann,2,SR1482_40X_HE_T171_01,0,0.5046226978302002,1
ann,2,SR1482_40X_HE_T171_02,0,0.36561980843544006,0
ann,2,SR1482_40X_HE_T178_01,1,0.28027012944221497,0
ann,2,SR1482_40X_HE_T186_01,0,0.5650088787078857,1
ann,2,SR1482_40X_HE_T193_01,0,0.5331911444664001,1
ann,2,SR1482_40X_HE_T193_02,0,0.8775709867477417,1
ann,2,SR1482_40X_HE_T209_01,0,0.7649167776107788,1
ann,2,SR1482_40X_HE_T209_02,0,0.8319539427757263,1
ann,2,SR1482_40X_HE_T245_01,0,0.6697227358818054,1
ann,2,SR1482_40X_HE_T245_02,0,0.4399196207523346,0
ann,2,SR1482_40X_HE_T265_01,0,0.24676308035850525,0
ann,2,SR1482_40X_HE_T302_01,0,0.5614636540412903,1
ann,2,SR1482_40X_HE_T343_01,1,0.34256255626678467,0
ann,2,SR1482_40X_HE_T343_02,1,0.6129369735717773,1
ann,2,SR1482_40X_HE_T399_01,0,0.2649770975112915,0
ann,2,SR1482_40X_HE_T399_02,0,0.5688256621360779,1
ann,2,SR1482_40X_HE_T426_01,0,0.41705936193466187,0
ann,2,SR1482_40X_HE_T426_02,0,0.4779748022556305,0
ann,2,SR386_40X_HE_T001_01,0,0.5195417404174805,1
ann,2,SR386_40X_HE_T013_01,0,0.49353283643722534,0
ann,2,SR386_40X_HE_T018_01,0,0.44978174567222595,0
ann,2,SR386_40X_HE_T019_01,0,0.3925574719905853,0
ann,2,SR386_40X_HE_T024_01,0,0.1615525484085083,0
ann,2,SR386_40X_HE_T039_01,0,0.1693425178527832,0
ann,2,SR386_40X_HE_T040_01,1,0.6626007556915283,1
ann,2,SR386_40X_HE_T042_01,0,0.32876870036125183,0
ann,2,SR386_40X_HE_T047_01,0,0.3214661478996277,0
ann,2,SR386_40X_HE_T051_01,0,0.26062339544296265,0
ann,2,SR386_40X_HE_T052_01,0,0.20458517968654633,0
ann,2,SR386_40X_HE_T056_01,0,0.4073531925678253,0
ann,2,SR386_40X_HE_T057_01,0,0.27818766236305237,0
ann,2,SR386_40X_HE_T070_01,0,0.2956632971763611,0
ann,2,SR386_40X_HE_T082_01,0,0.937324047088623,1
ann,2,SR386_40X_HE_T084_01,0,0.9779636263847351,1
ann,2,SR386_40X_HE_T087_01,0,0.7689988613128662,1
ann,2,SR386_40X_HE_T088_01,0,0.41389405727386475,0
ann,2,SR386_40X_HE_T098_01,0,0.5040965676307678,1
ann,2,SR386_40X_HE_T105_01,0,0.2000911384820938,0
ann,2,SR386_40X_HE_T122_01,0,0.28421294689178467,0
ann,2,SR386_40X_HE_T123_01,0,0.3725852966308594,0
ann,2,SR386_40X_HE_T133_01,0,0.22782129049301147,0
ann,2,SR386_40X_HE_T145_01,0,0.41132882237434387,0
ann,2,SR386_40X_HE_T150_01,0,0.681298553943634,1
ann,2,SR386_40X_HE_T152_01,0,0.43133100867271423,0
ann,2,SR386_40X_HE_T155_01,0,0.41692161560058594,0
ann,2,SR386_40X_HE_T157_01,0,0.39027127623558044,0
ann,2,SR386_40X_HE_T164_01,0,0.20994393527507782,0
ann,2,SR386_40X_HE_T166_01,0,0.2728058993816376,0
ann,2,SR386_40X_HE_T176_01,1,0.8189484477043152,1
ann,2,SR386_40X_HE_T177_01,0,0.34230393171310425,0
ann,2,SR386_40X_HE_T178_01,0,0.5977738499641418,1
ann,2,SR386_40X_HE_T187_01,0,0.3940398097038269,0
ann,2,SR386_40X_HE_T190_01,0,0.1665361076593399,0
ann,2,SR386_40X_HE_T192_01,0,0.20038525760173798,0
ann,2,SR386_40X_HE_T198_01,0,0.33453431725502014,0
ann,2,SR386_40X_HE_T200_01,0,0.4463975429534912,0
ann,2,SR386_40X_HE_T206_01,1,0.3767257630825043,0
ann,2,SR386_40X_HE_T211_01,0,0.36230266094207764,0
ann,2,SR386_40X_HE_T213_01,0,0.20072515308856964,0
ann,2,SR386_40X_HE_T214_01,0,0.6845547556877136,1
ann,2,SR386_40X_HE_T220_01,0,0.35260263085365295,0
ann,2,SR386_40X_HE_T230_01,1,0.5101768970489502,1
ann,2,SR386_40X_HE_T236_01,0,0.3917326331138611,0
ann,2,SR386_40X_HE_T237_01,0,0.1477542668581009,0
ann,2,SR386_40X_HE_T240_01,0,0.2312440723180771,0
ann,2,SR386_40X_HE_T241_01,0,0.3981924057006836,0
ann,2,SR386_40X_HE_T242_01,0,0.460429847240448,0
ann,2,SR386_40X_HE_T253_01,0,0.2911764085292816,0
ann,2,SR386_40X_HE_T260_01,0,0.5415456295013428,1
ann,2,SR386_40X_HE_T262_01,0,0.5503373146057129,1
ann,2,SR386_40X_HE_T264_01,0,0.46302828192710876,0
ann,2,SR386_40X_HE_T271_01,0,0.2211582511663437,0
ann,2,SR386_40X_HE_T281_01,0,0.38624855875968933,0
ann,2,SR386_40X_HE_T297_01,0,0.28125303983688354,0
ann,2,SR386_40X_HE_T299_01,0,0.16851049661636353,0
ann,2,SR386_40X_HE_T301_01,0,0.10815079510211945,0
ann,2,SR386_40X_HE_T306_01,0,0.3386135697364807,0
ann,2,SR386_40X_HE_T309_01,0,0.24039840698242188,0
ann,2,SR386_40X_HE_T314_01,0,0.30604997277259827,0
ann,2,SR386_40X_HE_T316_01,0,0.6792426109313965,1
ann,2,SR386_40X_HE_T318_01,0,0.7600013613700867,1
ann,2,SR386_40X_HE_T321_01,0,0.33506521582603455,0
ann,2,SR386_40X_HE_T326_01,0,0.27792197465896606,0
ann,2,SR386_40X_HE_T327_01,0,0.23928435146808624,0
ann,2,SR386_40X_HE_T332_01,1,0.4485433101654053,0
ann,2,SR386_40X_HE_T355_01,0,0.20060884952545166,0
ann,2,SR386_40X_HE_T364_01,0,0.6074787974357605,1
ann,2,SR386_40X_HE_T368_01,1,0.9175901412963867,1
ann,2,SR386_40X_HE_T374_01,0,0.19358868896961212,0
ann,2,SR386_40X_HE_T380_01,0,0.17420387268066406,0
ann,2,SR386_40X_HE_T382_01,0,0.35718420147895813,0
ann,2,SR386_40X_HE_T392_01,0,0.21139423549175262,0
ann,2,SR386_40X_HE_T398_01,0,0.2557400166988373,0
ann,2,SR386_40X_HE_T402_01,1,0.679078996181488,1
ann,2,SR386_40X_HE_T404_01,0,0.23171108961105347,0
ann,2,SR386_40X_HE_T415_01,0,0.29407572746276855,0
ann,2,SR386_40X_HE_T417_01,0,0.1891775131225586,0
ann,2,SR386_40X_HE_T425_01,0,0.2919829785823822,0
ann,2,SR386_40X_HE_T436_01,1,0.14922593533992767,0
ann,2,SR386_40X_HE_T437_01,0,0.23287299275398254,0
ann,2,SR386_40X_HE_T440_01,0,0.4611675441265106,0
ann,2,SR386_40X_HE_T445_01,0,0.3880690932273865,0
ann,2,SR386_40X_HE_T450_01,0,0.29205310344696045,0
ann,2,SR386_40X_HE_T459_01,0,0.27062591910362244,0
ann,2,SR386_40X_HE_T472_01,0,0.2574526071548462,0
ann,2,SR386_40X_HE_T481_01,0,0.3928697407245636,0
ann,2,SR386_40X_HE_T483_01,0,0.26463282108306885,0
ann,2,SR386_40X_HE_T486_01,0,0.31837359070777893,0
ann,2,SR386_40X_HE_T488_01,0,0.3909858465194702,0
ann,2,SR386_40X_HE_T499_01,0,0.7664408683776855,1
ann,2,SR386_40X_HE_T507_01,0,0.5756284594535828,1
ann,2,SR386_40X_HE_T514_01,0,0.22758601605892181,0
ann,2,SR386_40X_HE_T520_01,1,0.3343041241168976,0
ann,2,SR386_40X_HE_T522_01,0,0.34035876393318176,0
ann,2,SR386_40X_HE_T531_01,0,0.14552971720695496,0
ann,2,SR386_40X_HE_T535_01,0,0.4283336400985718,0
ann,2,SR386_40X_HE_T539_01,0,0.48765766620635986,0
ann,2,SR386_40X_HE_T549_01,0,0.2281784564256668,0
ann,2,SR386_40X_HE_T552_01,0,0.2570567727088928,0
ann,2,SR386_40X_HE_T553_01,0,0.26752251386642456,0
ann,2,SR386_40X_HE_T554_01,0,0.5270509719848633,1
ann,2,SR386_40X_HE_T558_01,0,0.2860146760940552,0
ann,2,SR386_40X_HE_T564_01,0,0.09461052715778351,0
ann,2,SR386_40X_HE_T570_01,0,0.2969244122505188,0
ann,2,SR386_40X_HE_T574_01,0,0.2586345970630646,0
ann,2,SR386_40X_HE_T578_01,0,0.1747281700372696,0
ann,2,SR386_40X_HE_T580_01,0,0.25318315625190735,0
ann,3,SR1482_40X_HE_T005_01,0,0.55311119556427,1
ann,3,SR1482_40X_HE_T005_02,0,0.47387611865997314,0
ann,3,SR1482_40X_HE_T010_01,0,0.2742975652217865,0
ann,3,SR1482_40X_HE_T043_01,0,0.32952845096588135,0
ann,3,SR1482_40X_HE_T043_02,0,0.3379770517349243,0
ann,3,SR1482_40X_HE_T049_01,0,0.36423259973526,0
ann,3,SR1482_40X_HE_T061_01,0,0.5508447289466858,1
ann,3,SR1482_40X_HE_T061_02,0,0.3014792799949646,0
ann,3,SR1482_40X_HE_T070_01,1,0.2010527402162552,0
ann,3,SR1482_40X_HE_T073_01,0,0.2574748396873474,0
ann,3,SR1482_40X_HE_T082_01,0,0.38841572403907776,0
ann,3,SR1482_40X_HE_T082_02,0,0.4923867881298065,0
ann,3,SR1482_40X_HE_T089_01,0,0.4219072461128235,0
ann,3,SR1482_40X_HE_T090_01,0,0.3725372552871704,0
ann,3,SR1482_40X_HE_T094_01,1,0.2503223419189453,0
ann,3,SR1482_40X_HE_T094_02,1,0.48954376578330994,0
ann,3,SR1482_40X_HE_T105_01,0,0.37713512778282166,0
ann,3,SR1482_40X_HE_T115_01,0,0.35003602504730225,0
ann,3,SR1482_40X_HE_T115_02,0,0.19737012684345245,0
ann,3,SR1482_40X_HE_T118_01,0,0.7046454548835754,1
ann,3,SR1482_40X_HE_T118_02,0,0.5112788081169128,1
ann,3,SR1482_40X_HE_T120_01,0,0.4861511290073395,0
ann,3,SR1482_40X_HE_T120_02,0,0.6356742978096008,1
ann,3,SR1482_40X_HE_T124_01,0,0.45828989148139954,0
ann,3,SR1482_40X_HE_T124_02,0,0.6246535778045654,1
ann,3,SR1482_40X_HE_T138_01,0,0.22164005041122437,0
ann,3,SR1482_40X_HE_T160_01,0,0.28804248571395874,0
ann,3,SR1482_40X_HE_T160_02,0,0.22357356548309326,0
ann,3,SR1482_40X_HE_T167_01,0,0.3227452337741852,0
ann,3,SR1482_40X_HE_T167_02,0,0.37081465125083923,0
ann,3,SR1482_40X_HE_T175_01,0,0.6215518712997437,1
ann,3,SR1482_40X_HE_T175_02,0,0.6494486927986145,1
ann,3,SR1482_40X_HE_T177_01,1,0.31792330741882324,0
ann,3,SR1482_40X_HE_T188_01,0,0.3208838701248169,0
ann,3,SR1482_40X_HE_T195_01,0,0.1612798422574997,0
ann,3,SR1482_40X_HE_T195_02,0,0.15593168139457703,0
ann,3,SR1482_40X_HE_T202_01,0,0.31705182790756226,0
ann,3,SR1482_40X_HE_T202_02,0,0.2128985971212387,0
ann,3,SR1482_40X_HE_T225_01,0,0.8298295140266418,1
ann,3,SR1482_40X_HE_T225_02,0,0.316153883934021,0
ann,3,SR1482_40X_HE_T235_01,0,0.41562601923942566,0
ann,3,SR1482_40X_HE_T235_02,0,0.33986639976501465,0
ann,3,SR1482_40X_HE_T236_01,0,0.15873603522777557,0
ann,3,SR1482_40X_HE_T236_02,0,0.23516778647899628,0
ann,3,SR1482_40X_HE_T258_01,0,0.23274318873882294,0
ann,3,SR1482_40X_HE_T258_02,0,0.5083099603652954,1
ann,3,SR1482_40X_HE_T284_01,1,0.6370776295661926,1
ann,3,SR1482_40X_HE_T284_02,1,0.6363372206687927,1
ann,3,SR1482_40X_HE_T301_01,1,0.3254706561565399,0
ann,3,SR1482_40X_HE_T301_02,1,0.600976824760437,1
ann,3,SR1482_40X_HE_T309_01,0,0.4128381609916687,0
ann,3,SR1482_40X_HE_T313_01,0,0.7610292434692383,1
ann,3,SR1482_40X_HE_T313_02,0,0.8562584519386292,1
ann,3,SR1482_40X_HE_T338_01,0,0.7035483121871948,1
ann,3,SR1482_40X_HE_T344_01,0,0.5966041088104248,1
ann,3,SR1482_40X_HE_T344_02,0,0.6802535653114319,1
ann,3,SR1482_40X_HE_T346_01,0,0.5418283939361572,1
ann,3,SR1482_40X_HE_T346_02,0,0.4583755433559418,0
ann,3,SR1482_40X_HE_T377_01,0,0.3122342526912689,0
ann,3,SR1482_40X_HE_T377_02,0,0.45792320370674133,0
ann,3,SR1482_40X_HE_T419_01,0,0.4084455668926239,0
ann,3,SR1482_40X_HE_T427_01,0,0.2808118462562561,0
ann,3,SR1482_40X_HE_T427_02,0,0.32544171810150146,0
ann,3,SR386_40X_HE_T007_01,0,0.3757191300392151,0
ann,3,SR386_40X_HE_T015_01,0,0.352518230676651,0
ann,3,SR386_40X_HE_T017_01,1,0.5419095158576965,1
ann,3,SR386_40X_HE_T032_01,0,0.29832783341407776,0
ann,3,SR386_40X_HE_T034_01,0,0.3310292065143585,0
ann,3,SR386_40X_HE_T035_01,0,0.307218462228775,0
ann,3,SR386_40X_HE_T041_01,0,0.4735092520713806,0
ann,3,SR386_40X_HE_T067_01,0,0.29951855540275574,0
ann,3,SR386_40X_HE_T075_01,0,0.3021431565284729,0
ann,3,SR386_40X_HE_T081_01,0,0.6600611805915833,1
ann,3,SR386_40X_HE_T083_01,0,0.3295343816280365,0
ann,3,SR386_40X_HE_T085_01,0,0.3331979215145111,0
ann,3,SR386_40X_HE_T095_01,0,0.5225326418876648,1
ann,3,SR386_40X_HE_T104_01,0,0.4221920669078827,0
ann,3,SR386_40X_HE_T106_01,0,0.29048022627830505,0
ann,3,SR386_40X_HE_T112_01,0,0.4135396182537079,0
ann,3,SR386_40X_HE_T128_01,0,0.3541209399700165,0
ann,3,SR386_40X_HE_T132_01,0,0.3875122666358948,0
ann,3,SR386_40X_HE_T138_01,0,0.3622914254665375,0
ann,3,SR386_40X_HE_T142_01,0,0.4325507879257202,0
ann,3,SR386_40X_HE_T149_01,0,0.3858446478843689,0
ann,3,SR386_40X_HE_T165_01,1,0.6087070107460022,1
ann,3,SR386_40X_HE_T179_01,0,0.650355875492096,1
ann,3,SR386_40X_HE_T180_01,0,0.5033786296844482,1
ann,3,SR386_40X_HE_T182_01,0,0.45304572582244873,0
ann,3,SR386_40X_HE_T184_01,0,0.42947545647621155,0
ann,3,SR386_40X_HE_T188_01,0,0.35264140367507935,0
ann,3,SR386_40X_HE_T191_01,0,0.46565544605255127,0
ann,3,SR386_40X_HE_T197_01,0,0.3052217960357666,0
ann,3,SR386_40X_HE_T201_01,0,0.3147695064544678,0
ann,3,SR386_40X_HE_T202_01,0,0.27152323722839355,0
ann,3,SR386_40X_HE_T208_01,0,0.33962443470954895,0
ann,3,SR386_40X_HE_T216_01,1,0.3122798204421997,0
ann,3,SR386_40X_HE_T238_01,0,0.3586514890193939,0
ann,3,SR386_40X_HE_T244_01,0,0.28622570633888245,0
ann,3,SR386_40X_HE_T248_01,0,0.28814899921417236,0
ann,3,SR386_40X_HE_T249_01,0,0.32199814915657043,0
ann,3,SR386_40X_HE_T250_01,0,0.5589684844017029,1
ann,3,SR386_40X_HE_T263_01,0,0.3149190843105316,0
ann,3,SR386_40X_HE_T267_01,0,0.430618554353714,0
ann,3,SR386_40X_HE_T269_01,0,0.347083181142807,0
ann,3,SR386_40X_HE_T277_01,0,0.35933735966682434,0
ann,3,SR386_40X_HE_T286_01,0,0.6832720637321472,1
ann,3,SR386_40X_HE_T287_01,0,0.502640426158905,1
ann,3,SR386_40X_HE_T290_01,0,0.3451218008995056,0
ann,3,SR386_40X_HE_T293_01,0,0.32773369550704956,0
ann,3,SR386_40X_HE_T298_01,0,0.3872278928756714,0
ann,3,SR386_40X_HE_T303_01,0,0.24844810366630554,0
ann,3,SR386_40X_HE_T312_01,0,0.38671445846557617,0
ann,3,SR386_40X_HE_T329_01,0,0.6087585687637329,1
ann,3,SR386_40X_HE_T336_01,0,0.37760597467422485,0
ann,3,SR386_40X_HE_T338_01,0,0.3296720087528229,0
ann,3,SR386_40X_HE_T342_01,0,0.46739718317985535,0
ann,3,SR386_40X_HE_T353_01,0,0.4119768738746643,0
ann,3,SR386_40X_HE_T357_01,0,0.2798649072647095,0
ann,3,SR386_40X_HE_T362_01,0,0.48145556449890137,0
ann,3,SR386_40X_HE_T363_01,1,0.41657522320747375,0
ann,3,SR386_40X_HE_T372_01,0,0.5120728611946106,1
ann,3,SR386_40X_HE_T378_01,0,0.25054633617401123,0
ann,3,SR386_40X_HE_T379_01,0,0.3962613642215729,0
ann,3,SR386_40X_HE_T386_01,0,0.4283946454524994,0
ann,3,SR386_40X_HE_T387_01,0,0.2511568069458008,0
ann,3,SR386_40X_HE_T393_01,0,0.32528042793273926,0
ann,3,SR386_40X_HE_T397_01,0,0.5429419875144958,1
ann,3,SR386_40X_HE_T406_01,0,0.5750576257705688,1
ann,3,SR386_40X_HE_T409_01,0,0.3642180263996124,0
ann,3,SR386_40X_HE_T422_01,0,0.24033059179782867,0
ann,3,SR386_40X_HE_T426_01,0,0.3714252710342407,0
ann,3,SR386_40X_HE_T433_01,0,0.3908986449241638,0
ann,3,SR386_40X_HE_T443_01,0,0.4210836887359619,0
ann,3,SR386_40X_HE_T448_01,0,0.42166954278945923,0
ann,3,SR386_40X_HE_T452_01,0,0.5677146315574646,1
ann,3,SR386_40X_HE_T460_01,1,0.3984176516532898,0
ann,3,SR386_40X_HE_T473_01,0,0.3098240792751312,0
ann,3,SR386_40X_HE_T475_01,0,0.4252989590167999,0
ann,3,SR386_40X_HE_T478_01,0,0.3285180926322937,0
ann,3,SR386_40X_HE_T489_01,1,0.28534749150276184,0
ann,3,SR386_40X_HE_T491_01,0,0.514860212802887,1
ann,3,SR386_40X_HE_T492_01,0,0.33517786860466003,0
ann,3,SR386_40X_HE_T493_01,0,0.31823769211769104,0
ann,3,SR386_40X_HE_T502_01,0,0.25588464736938477,0
ann,3,SR386_40X_HE_T505_01,0,0.35246938467025757,0
ann,3,SR386_40X_HE_T506_01,0,0.41597846150398254,0
ann,3,SR386_40X_HE_T509_01,0,0.37093275785446167,0
ann,3,SR386_40X_HE_T516_01,0,0.45057249069213867,0
ann,3,SR386_40X_HE_T518_01,0,0.3393496870994568,0
ann,3,SR386_40X_HE_T519_01,0,0.3729337751865387,0
ann,3,SR386_40X_HE_T521_01,0,0.2887434959411621,0
ann,3,SR386_40X_HE_T526_01,0,0.4235072433948517,0
ann,3,SR386_40X_HE_T533_01,0,0.3540695607662201,0
ann,3,SR386_40X_HE_T543_01,0,0.38070306181907654,0
ann,3,SR386_40X_HE_T544_01,0,0.3232177793979645,0
ann,3,SR386_40X_HE_T556_01,1,0.4042797386646271,0
ann,3,SR386_40X_HE_T560_01,0,0.5270675420761108,1
ann,3,SR386_40X_HE_T563_01,0,0.3432553708553314,0
ann,3,SR386_40X_HE_T568_01,0,0.41920238733291626,0
ann,3,SR386_40X_HE_T571_01,0,0.4690488278865814,0
ann,3,SR386_40X_HE_T572_01,0,0.3684161603450775,0
ann,3,SR386_40X_HE_T573_01,0,0.4994977116584778,0
ann,3,SR386_40X_HE_T583_01,0,0.33036431670188904,0
ann,4,SR1482_40X_HE_T002_01,0,0.24194438755512238,0
ann,4,SR1482_40X_HE_T003_01,0,0.31777867674827576,0
ann,4,SR1482_40X_HE_T004_01,0,0.18578901886940002,0
ann,4,SR1482_40X_HE_T004_02,0,0.23934109508991241,0
ann,4,SR1482_40X_HE_T011_01,0,0.6828901767730713,1
ann,4,SR1482_40X_HE_T025_01,0,0.17104649543762207,0
ann,4,SR1482_40X_HE_T025_02,0,0.3161032795906067,0
ann,4,SR1482_40X_HE_T060_01,0,0.40131673216819763,0
ann,4,SR1482_40X_HE_T062_01,0,0.7265313267707825,1
ann,4,SR1482_40X_HE_T062_02,0,0.9255393147468567,1
ann,4,SR1482_40X_HE_T064_01,0,0.8033493757247925,1
ann,4,SR1482_40X_HE_T064_02,0,0.3494807481765747,0
ann,4,SR1482_40X_HE_T071_01,0,0.9765958786010742,1
ann,4,SR1482_40X_HE_T071_02,0,0.6226993799209595,1
ann,4,SR1482_40X_HE_T074_01,0,0.47746962308883667,0
ann,4,SR1482_40X_HE_T074_02,0,0.27352750301361084,0
ann,4,SR1482_40X_HE_T083_01,0,0.732588529586792,1
ann,4,SR1482_40X_HE_T083_02,0,0.6371672749519348,1
ann,4,SR1482_40X_HE_T087_01,0,0.6876044869422913,1
ann,4,SR1482_40X_HE_T097_01,1,0.8817760348320007,1
ann,4,SR1482_40X_HE_T097_02,1,0.45990270376205444,0
ann,4,SR1482_40X_HE_T108_01,0,0.26113152503967285,0
ann,4,SR1482_40X_HE_T113_01,0,0.29999399185180664,0
ann,4,SR1482_40X_HE_T113_02,0,0.6478469967842102,1
ann,4,SR1482_40X_HE_T121_01,0,0.23194801807403564,0
ann,4,SR1482_40X_HE_T122_01,0,0.15665246546268463,0
ann,4,SR1482_40X_HE_T125_01,0,0.20826707780361176,0
ann,4,SR1482_40X_HE_T125_02,0,0.17693103849887848,0
ann,4,SR1482_40X_HE_T131_01,0,0.3136058747768402,0
ann,4,SR1482_40X_HE_T131_02,0,0.9129088521003723,1
ann,4,SR1482_40X_HE_T132_01,0,0.4622022807598114,0
ann,4,SR1482_40X_HE_T132_02,0,0.6087985038757324,1
ann,4,SR1482_40X_HE_T143_01,0,0.9695072174072266,1
ann,4,SR1482_40X_HE_T143_02,0,0.730645477771759,1
ann,4,SR1482_40X_HE_T166_01,1,0.24218539893627167,0
ann,4,SR1482_40X_HE_T169_01,0,0.8294724822044373,1
ann,4,SR1482_40X_HE_T176_01,1,0.9626708626747131,1
ann,4,SR1482_40X_HE_T176_02,1,0.8898211121559143,1
ann,4,SR1482_40X_HE_T191_01,0,0.2129540592432022,0
ann,4,SR1482_40X_HE_T194_01,0,0.7089782953262329,1
ann,4,SR1482_40X_HE_T218_01,0,0.1522778421640396,0
ann,4,SR1482_40X_HE_T253_01,0,0.2499416172504425,0
ann,4,SR1482_40X_HE_T290_01,0,0.5244343876838684,1
ann,4,SR1482_40X_HE_T308_01,0,0.47377586364746094,0
ann,4,SR1482_40X_HE_T314_01,0,0.8445711731910706,1
ann,4,SR1482_40X_HE_T314_02,0,0.9247351288795471,1
ann,4,SR1482_40X_HE_T372_01,1,0.4014560878276825,0
ann,4,SR1482_40X_HE_T372_02,1,0.37431246042251587,0
ann,4,SR1482_40X_HE_T408_01,0,0.5917689204216003,1
ann,4,SR1482_40X_HE_T412_01,0,0.2749558687210083,0
ann,4,SR1482_40X_HE_T425_01,0,0.3000139892101288,0
ann,4,SR1482_40X_HE_T434_01,1,0.48185327649116516,0
ann,4,SR386_40X_HE_T006_01,0,0.3103792369365692,0
ann,4,SR386_40X_HE_T010_01,0,0.49096137285232544,0
ann,4,SR386_40X_HE_T014_01,0,0.21748298406600952,0
ann,4,SR386_40X_HE_T016_01,0,0.25969988107681274,0
ann,4,SR386_40X_HE_T020_01,0,0.21431998908519745,0
ann,4,SR386_40X_HE_T027_01,0,0.4477570056915283,0
ann,4,SR386_40X_HE_T028_01,0,0.43223077058792114,0
ann,4,SR386_40X_HE_T037_01,0,0.2392258644104004,0
ann,4,SR386_40X_HE_T043_01,0,0.2765032649040222,0
ann,4,SR386_40X_HE_T044_01,1,0.42403268814086914,0
ann,4,SR386_40X_HE_T046_01,0,0.19849653542041779,0
ann,4,SR386_40X_HE_T058_01,0,0.21197888255119324,0
ann,4,SR386_40X_HE_T062_01,0,0.17383842170238495,0
ann,4,SR386_40X_HE_T065_01,1,0.3445484936237335,0
ann,4,SR386_40X_HE_T080_01,0,0.3021198511123657,0
ann,4,SR386_40X_HE_T091_01,0,0.35393619537353516,0
ann,4,SR386_40X_HE_T094_01,0,0.21172000467777252,0
ann,4,SR386_40X_HE_T097_01,0,0.22165274620056152,0
ann,4,SR386_40X_HE_T100_01,0,0.23730751872062683,0
ann,4,SR386_40X_HE_T107_01,0,0.41233038902282715,0
ann,4,SR386_40X_HE_T109_01,1,0.3978446125984192,0
ann,4,SR386_40X_HE_T110_01,0,0.3149469792842865,0
ann,4,SR386_40X_HE_T117_01,0,0.37723031640052795,0
ann,4,SR386_40X_HE_T127_01,0,0.18313223123550415,0
ann,4,SR386_40X_HE_T129_01,0,0.34760913252830505,0
ann,4,SR386_40X_HE_T136_01,0,0.2836351692676544,0
ann,4,SR386_40X_HE_T154_01,0,0.33214786648750305,0
ann,4,SR386_40X_HE_T168_01,1,0.6693926453590393,1
ann,4,SR386_40X_HE_T175_01,0,0.2891247868537903,0
ann,4,SR386_40X_HE_T189_01,0,0.16515275835990906,0
ann,4,SR386_40X_HE_T195_01,0,0.25214457511901855,0
ann,4,SR386_40X_HE_T227_01,0,0.27910110354423523,0
ann,4,SR386_40X_HE_T233_01,0,0.46693021059036255,0
ann,4,SR386_40X_HE_T234_01,0,0.4174346327781677,0
ann,4,SR386_40X_HE_T235_01,0,0.33605360984802246,0
ann,4,SR386_40X_HE_T239_01,0,0.5047417879104614,1
ann,4,SR386_40X_HE_T245_01,0,0.25391626358032227,0
ann,4,SR386_40X_HE_T256_01,0,0.2841692566871643,0
ann,4,SR386_40X_HE_T265_01,0,0.2556236982345581,0
ann,4,SR386_40X_HE_T268_01,0,0.32832956314086914,0
ann,4,SR386_40X_HE_T270_01,0,0.4370504915714264,0
ann,4,SR386_40X_HE_T272_01,0,0.7189368009567261,1
ann,4,SR386_40X_HE_T273_01,0,0.4233158230781555,0
ann,4,SR386_40X_HE_T276_01,0,0.4364140033721924,0
ann,4,SR386_40X_HE_T278_01,1,0.6190068125724792,1
ann,4,SR386_40X_HE_T284_01,0,0.18703840672969818,0
ann,4,SR386_40X_HE_T285_01,0,0.3018020987510681,0
ann,4,SR386_40X_HE_T288_01,0,0.3804492950439453,0
ann,4,SR386_40X_HE_T291_01,0,0.36085227131843567,0
ann,4,SR386_40X_HE_T300_01,0,0.2954261600971222,0
ann,4,SR386_40X_HE_T302_01,0,0.3029932975769043,0
ann,4,SR386_40X_HE_T305_01,0,0.2719498872756958,0
ann,4,SR386_40X_HE_T308_01,0,0.32629823684692383,0
ann,4,SR386_40X_HE_T325_01,0,0.21469755470752716,0
ann,4,SR386_40X_HE_T331_01,0,0.416921466588974,0
ann,4,SR386_40X_HE_T341_01,0,0.3794233500957489,0
ann,4,SR386_40X_HE_T343_01,1,0.32262954115867615,0
ann,4,SR386_40X_HE_T346_01,0,0.4716685116291046,0
ann,4,SR386_40X_HE_T352_01,0,0.3305434286594391,0
ann,4,SR386_40X_HE_T373_01,0,0.5045336484909058,1
ann,4,SR386_40X_HE_T375_01,0,0.454190194606781,0
ann,4,SR386_40X_HE_T381_01,0,0.20483364164829254,0
ann,4,SR386_40X_HE_T389_01,0,0.22378957271575928,0
ann,4,SR386_40X_HE_T391_01,0,0.27319371700286865,0
ann,4,SR386_40X_HE_T394_01,0,0.33127886056900024,0
ann,4,SR386_40X_HE_T399_01,0,0.33607974648475647,0
ann,4,SR386_40X_HE_T403_01,0,0.1877003163099289,0
ann,4,SR386_40X_HE_T405_01,0,0.4079977869987488,0
ann,4,SR386_40X_HE_T407_01,0,0.3189697265625,0
ann,4,SR386_40X_HE_T414_01,0,0.34745875000953674,0
ann,4,SR386_40X_HE_T424_01,0,0.38918018341064453,0
ann,4,SR386_40X_HE_T429_01,0,0.424172043800354,0
ann,4,SR386_40X_HE_T441_01,0,0.5830211043357849,1
ann,4,SR386_40X_HE_T451_01,0,0.39386606216430664,0
ann,4,SR386_40X_HE_T453_01,0,0.2853453457355499,0
ann,4,SR386_40X_HE_T455_01,0,0.32422682642936707,0
ann,4,SR386_40X_HE_T465_01,0,0.2522694766521454,0
ann,4,SR386_40X_HE_T474_01,0,0.4637797176837921,0
ann,4,SR386_40X_HE_T476_01,0,0.48578834533691406,0
ann,4,SR386_40X_HE_T479_01,0,0.2930804491043091,0
ann,4,SR386_40X_HE_T482_01,0,0.404753178358078,0
ann,4,SR386_40X_HE_T487_01,0,0.26617053151130676,0
ann,4,SR386_40X_HE_T490_01,0,0.23584112524986267,0
ann,4,SR386_40X_HE_T494_01,0,0.2666761875152588,0
ann,4,SR386_40X_HE_T500_01,0,0.284648060798645,0
ann,4,SR386_40X_HE_T510_01,0,0.3630783259868622,0
ann,4,SR386_40X_HE_T524_01,0,0.37424764037132263,0
ann,4,SR386_40X_HE_T528_01,0,0.3453412353992462,0
ann,4,SR386_40X_HE_T532_01,0,0.20918357372283936,0
ann,4,SR386_40X_HE_T534_01,0,0.43722331523895264,0
ann,4,SR386_40X_HE_T536_01,0,0.18207725882530212,0
ann,4,SR386_40X_HE_T537_01,0,0.43876349925994873,0
ann,4,SR386_40X_HE_T541_01,0,0.25818324089050293,0
ann,4,SR386_40X_HE_T548_01,1,0.45466163754463196,0
ann,4,SR386_40X_HE_T550_01,0,0.38873356580734253,0
ann,4,SR386_40X_HE_T551_01,0,0.26595306396484375,0
ann,4,SR386_40X_HE_T557_01,0,0.26875752210617065,0
ann,4,SR386_40X_HE_T565_01,0,0.2573416233062744,0
ann,4,SR386_40X_HE_T567_01,0,0.23571346700191498,0
ann,4,SR386_40X_HE_T575_01,0,0.4596844017505646,0
ann,4,SR386_40X_HE_T576_01,0,0.4645845890045166,0
ann,4,SR386_40X_HE_T581_01,0,0.2788940966129303,0
knn,1,SR1482_40X_HE_T029_01,0,0.2,0
knn,1,SR1482_40X_HE_T029_02,0,0.2,0
knn,1,SR1482_40X_HE_T057_01,0,0.0,0
knn,1,SR1482_40X_HE_T063_01,1,0.4,0
knn,1,SR1482_40X_HE_T063_02,1,0.0,0
knn,1,SR1482_40X_HE_T065_01,0,0.0,0
knn,1,SR1482_40X_HE_T065_02,0,0.0,0
knn,1,SR1482_40X_HE_T066_01,0,0.0,0
knn,1,SR1482_40X_HE_T066_02,0,0.0,0
knn,1,SR1482_40X_HE_T068_01,0,0.0,0
knn,1,SR1482_40X_HE_T069_01,0,0.0,0
knn,1,SR1482_40X_HE_T069_02,0,0.0,0
knn,1,SR1482_40X_HE_T079_01,1,0.0,0
knn,1,SR1482_40X_HE_T079_02,1,0.2,0
knn,1,SR1482_40X_HE_T080_01,0,0.2,0
knn,1,SR1482_40X_HE_T080_02,0,0.0,0
knn,1,SR1482_40X_HE_T081_01,0,0.2,0
knn,1,SR1482_40X_HE_T081_02,0,0.0,0
knn,1,SR1482_40X_HE_T099_01,0,0.0,0
knn,1,SR1482_40X_HE_T116_01,0,0.0,0
knn,1,SR1482_40X_HE_T117_01,0,0.6,1
knn,1,SR1482_40X_HE_T117_02,0,0.4,0
knn,1,SR1482_40X_HE_T126_01,0,0.0,0
knn,1,SR1482_40X_HE_T129_01,0,0.0,0
knn,1,SR1482_40X_HE_T129_02,0,0.2,0
knn,1,SR1482_40X_HE_T139_01,0,0.4,0
knn,1,SR1482_40X_HE_T139_02,0,0.0,0
knn,1,SR1482_40X_HE_T147_01,0,0.6,1
knn,1,SR1482_40X_HE_T147_02,0,0.2,0
knn,1,SR1482_40X_HE_T159_01,0,0.2,0
knn,1,SR1482_40X_HE_T159_02,0,0.2,0
knn,1,SR1482_40X_HE_T192_01,0,0.0,0
knn,1,SR1482_40X_HE_T199_01,0,0.0,0
knn,1,SR1482_40X_HE_T304_01,0,0.2,0
knn,1,SR1482_40X_HE_T304_02,0,0.0,0
knn,1,SR1482_40X_HE_T310_01,1,0.4,0
knn,1,SR1482_40X_HE_T310_02,1,0.2,0
knn,1,SR1482_40X_HE_T341_01,0,0.2,0
knn,1,SR1482_40X_HE_T341_02,0,0.0,0
knn,1,SR1482_40X_HE_T353_01,0,0.0,0
knn,1,SR1482_40X_HE_T390_01,0,0.0,0
knn,1,SR1482_40X_HE_T433_01,1,0.2,0
knn,1,SR386_40X_HE_T003_01,0,0.0,0
knn,1,SR386_40X_HE_T004_01,0,0.0,0
knn,1,SR386_40X_HE_T022_01,1,0.4,0
knn,1,SR386_40X_HE_T030_01,0,0.2,0
knn,1,SR386_40X_HE_T033_01,0,0.2,0
knn,1,SR386_40X_HE_T036_01,0,0.0,0
knn,1,SR386_40X_HE_T038_01,0,0.2,0
knn,1,SR386_40X_HE_T049_01,0,0.0,0
knn,1,SR386_40X_HE_T050_01,0,0.4,0
knn,1,SR386_40X_HE_T060_01,0,0.0,0
knn,1,SR386_40X_HE_T063_01,0,0.2,0
knn,1,SR386_40X_HE_T066_01,0,0.2,0
knn,1,SR386_40X_HE_T069_01,0,0.2,0
knn,1,SR386_40X_HE_T072_01,0,0.0,0
knn,1,SR386_40X_HE_T074_01,0,0.2,0
knn,1,SR386_40X_HE_T078_01,0,0.0,0
knn,1,SR386_40X_HE_T079_01,0,0.0,0
knn,1,SR386_40X_HE_T092_01,1,0.0,0
knn,1,SR386_40X_HE_T096_01,0,0.0,0
knn,1,SR386_40X_HE_T099_01,0,0.2,0
knn,1,SR386_40X_HE_T103_01,0,0.0,0
knn,1,SR386_40X_HE_T108_01,0,0.2,0
knn,1,SR386_40X_HE_T113_01,0,0.0,0
knn,1,SR386_40X_HE_T114_01,0,0.2,0
knn,1,SR386_40X_HE_T119_01,0,0.0,0
knn,1,SR386_40X_HE_T126_01,0,0.2,0
knn,1,SR386_40X_HE_T130_01,0,0.0,0
knn,1,SR386_40X_HE_T131_01,0,0.0,0
knn,1,SR386_40X_HE_T135_01,0,0.2,0
knn,1,SR386_40X_HE_T140_01,0,0.2,0
knn,1,SR386_40X_HE_T144_01,0,0.2,0
knn,1,SR386_40X_HE_T147_01,0,0.0,0
knn,1,SR386_40X_HE_T148_01,0,0.2,0
knn,1,SR386_40X_HE_T160_01,0,0.0,0
knn,1,SR386_40X_HE_T169_01,0,0.2,0
knn,1,SR386_40X_HE_T170_01,1,0.4,0
knn,1,SR386_40X_HE_T172_01,0,0.4,0
knn,1,SR386_40X_HE_T174_01,0,0.2,0
knn,1,SR386_40X_HE_T181_01,0,0.0,0
knn,1,SR386_40X_HE_T196_01,0,0.0,0
knn,1,SR386_40X_HE_T205_01,0,0.0,0
knn,1,SR386_40X_HE_T209_01,0,0.0,0
knn,1,SR386_40X_HE_T210_01,0,0.0,0
knn,1,SR386_40X_HE_T212_01,0,0.0,0
knn,1,SR386_40X_HE_T221_01,0,0.0,0
knn,1,SR386_40X_HE_T224_01,0,0.2,0
knn,1,SR386_40X_HE_T231_01,1,0.0,0
knn,1,SR386_40X_HE_T232_01,0,0.0,0
knn,1,SR386_40X_HE_T247_01,0,0.0,0
knn,1,SR386_40X_HE_T252_01,0,0.0,0
knn,1,SR386_40X_HE_T255_01,0,0.2,0
knn,1,SR386_40X_HE_T259_01,1,0.0,0
knn,1,SR386_40X_HE_T274_01,0,0.0,0
knn,1,SR386_40X_HE_T275_01,0,0.0,0
knn,1,SR386_40X_HE_T282_01,0,0.0,0
knn,1,SR386_40X_HE_T294_01,0,0.0,0
knn,1,SR386_40X_HE_T311_01,0,0.2,0
knn,1,SR386_40X_HE_T315_01,0,0.2,0
knn,1,SR386_40X_HE_T319_01,1,0.0,0
knn,1,SR386_40X_HE_T324_01,1,0.0,0
knn,1,SR386_40X_HE_T330_01,0,0.0,0
knn,1,SR386_40X_HE_T333_01,0,0.0,0
knn,1,SR386_40X_HE_T335_01,0,0.0,0
knn,1,SR386_40X_HE_T337_01,0,0.2,0
knn,1,SR386_40X_HE_T344_01,0,0.0,0
knn,1,SR386_40X_HE_T347_01,0,0.0,0
knn,1,SR386_40X_HE_T350_01,0,0.0,0
knn,1,SR386_40X_HE_T351_01,0,0.0,0
knn,1,SR386_40X_HE_T360_01,0,0.0,0
knn,1,SR386_40X_HE_T361_01,0,0.0,0
knn,1,SR386_40X_HE_T366_01,0,0.0,0
knn,1,SR386_40X_HE_T377_01,1,0.0,0
knn,1,SR386_40X_HE_T384_01,0,0.0,0
knn,1,SR386_40X_HE_T395_01,0,0.0,0
knn,1,SR386_40X_HE_T396_01,0,0.0,0
knn,1,SR386_40X_HE_T401_01,0,0.0,0
knn,1,SR386_40X_HE_T408_01,0,0.0,0
knn,1,SR386_40X_HE_T410_01,0,0.0,0
knn,1,SR386_40X_HE_T413_01,0,0.2,0
knn,1,SR386_40X_HE_T416_01,0,0.2,0
knn,1,SR386_40X_HE_T418_01,0,0.0,0
knn,1,SR386_40X_HE_T419_01,0,0.0,0
knn,1,SR386_40X_HE_T421_01,0,0.0,0
knn,1,SR386_40X_HE_T423_01,0,0.2,0
knn,1,SR386_40X_HE_T428_01,0,0.0,0
knn,1,SR386_40X_HE_T430_01,0,0.0,0
knn,1,SR386_40X_HE_T431_01,0,0.0,0
knn,1,SR386_40X_HE_T435_01,0,0.4,0
knn,1,SR386_40X_HE_T438_01,0,0.0,0
knn,1,SR386_40X_HE_T439_01,0,0.2,0
knn,1,SR386_40X_HE_T447_01,0,0.0,0
knn,1,SR386_40X_HE_T449_01,0,0.0,0
knn,1,SR386_40X_HE_T454_01,0,0.0,0
knn,1,SR386_40X_HE_T456_01,0,0.0,0
knn,1,SR386_40X_HE_T461_01,0,0.0,0
knn,1,SR386_40X_HE_T462_01,0,0.0,0
knn,1,SR386_40X_HE_T468_01,0,0.0,0
knn,1,SR386_40X_HE_T469_01,1,0.0,0
knn,1,SR386_40X_HE_T470_01,0,0.0,0
knn,1,SR386_40X_HE_T471_01,0,0.0,0
knn,1,SR386_40X_HE_T477_01,0,0.0,0
knn,1,SR386_40X_HE_T480_01,0,0.2,0
knn,1,SR386_40X_HE_T484_01,0,0.0,0
knn,1,SR386_40X_HE_T495_01,0,0.0,0
knn,1,SR386_40X_HE_T496_01,0,0.0,0
knn,1,SR386_40X_HE_T498_01,0,0.0,0
knn,1,SR386_40X_HE_T504_01,0,0.0,0
knn,1,SR386_40X_HE_T511_01,0,0.0,0
knn,1,SR386_40X_HE_T517_01,0,0.4,0
knn,1,SR386_40X_HE_T523_01,0,0.0,0
knn,1,SR386_40X_HE_T529_01,0,0.0,0
knn,1,SR386_40X_HE_T542_01,0,0.0,0
knn,1,SR386_40X_HE_T569_01,0,0.2,0
knn,1,SR386_40X_HE_T582_01,0,0.0,0
knn,2,SR1482_40X_HE_T009_01,0,0.0,0
knn,2,SR1482_40X_HE_T009_02,0,0.0,0
knn,2,SR1482_40X_HE_T015_01,0,0.0,0
knn,2,SR1482_40X_HE_T021_01,0,0.0,0
knn,2,SR1482_40X_HE_T067_01,0,0.0,0
knn,2,SR1482_40X_HE_T075_01,0,0.0,0
knn,2,SR1482_40X_HE_T075_02,0,0.3333333333333333,0
knn,2,SR1482_40X_HE_T098_01,0,0.0,0
knn,2,SR1482_40X_HE_T098_02,0,0.0,0
knn,2,SR1482_40X_HE_T102_01,0,0.3333333333333333,0
knn,2,SR1482_40X_HE_T123_01,0,0.0,0
knn,2,SR1482_40X_HE_T142_01,0,0.0,0
knn,2,SR1482_40X_HE_T146_01,0,0.3333333333333333,0
knn,2,SR1482_40X_HE_T148_01,0,0.3333333333333333,0
knn,2,SR1482_40X_HE_T148_02,0,0.3333333333333333,0
knn,2,SR1482_40X_HE_T154_01,0,0.0,0
knn,2,SR1482_40X_HE_T158_01,0,0.0,0
knn,2,SR1482_40X_HE_T161_01,0,0.0,0
knn,2,SR1482_40X_HE_T161_02,0,0.0,0
knn,2,SR1482_40X_HE_T164_01,1,0.0,0
knn,2,SR1482_40X_HE_T164_02,1,0.3333333333333333,0
knn,2,SR1482_40X_HE_T168_01,0,0.0,0
knn,2,SR1482_40X_HE_T171_01,0,0.3333333333333333,0
knn,2,SR1482_40X_HE_T171_02,0,0.0,0
knn,2,SR1482_40X_HE_T178_01,1,0.3333333333333333,0
knn,2,SR1482_40X_HE_T186_01,0,0.3333333333333333,0
knn,2,SR1482_40X_HE_T193_01,0,0.6666666666666666,1
knn,2,SR1482_40X_HE_T193_02,0,0.6666666666666666,1
knn,2,SR1482_40X_HE_T209_01,0,0.3333333333333333,0
knn,2,SR1482_40X_HE_T209_02,0,0.3333333333333333,0
knn,2,SR1482_40X_HE_T245_01,0,0.0,0
knn,2,SR1482_40X_HE_T245_02,0,0.3333333333333333,0
knn,2,SR1482_40X_HE_T265_01,0,0.0,0
knn,2,SR1482_40X_HE_T302_01,0,0.0,0
knn,2,SR1482_40X_HE_T343_01,1,0.0,0
knn,2,SR1482_40X_HE_T343_02,1,0.0,0
knn,2,SR1482_40X_HE_T399_01,0,0.0,0
knn,2,SR1482_40X_HE_T399_02,0,0.3333333333333333,0
knn,2,SR1482_40X_HE_T426_01,0,0.0,0
knn,2,SR1482_40X_HE_T426_02,0,0.0,0
knn,2,SR386_40X_HE_T001_01,0,0.3333333333333333,0
knn,2,SR386_40X_HE_T013_01,0,0.0,0
knn,2,SR386_40X_HE_T018_01,0,0.0,0
knn,2,SR386_40X_HE_T019_01,0,0.0,0
knn,2,SR386_40X_HE_T024_01,0,0.0,0
knn,2,SR386_40X_HE_T039_01,0,0.0,0
knn,2,SR386_40X_HE_T040_01,1,0.3333333333333333,0
knn,2,SR386_40X_HE_T042_01,0,0.3333333333333333,0
knn,2,SR386_40X_HE_T047_01,0,0.0,0
knn,2,SR386_40X_HE_T051_01,0,0.0,0
knn,2,SR386_40X_HE_T052_01,0,0.0,0
knn,2,SR386_40X_HE_T056_01,0,0.3333333333333333,0
knn,2,SR386_40X_HE_T057_01,0,0.0,0
knn,2,SR386_40X_HE_T070_01,0,0.0,0
knn,2,SR386_40X_HE_T082_01,0,0.0,0
knn,2,SR386_40X_HE_T084_01,0,0.0,0
knn,2,SR386_40X_HE_T087_01,0,0.3333333333333333,0
knn,2,SR386_40X_HE_T088_01,0,0.0,0
knn,2,SR386_40X_HE_T098_01,0,0.0,0
knn,2,SR386_40X_HE_T105_01,0,0.0,0
knn,2,SR386_40X_HE_T122_01,0,0.0,0
knn,2,SR386_40X_HE_T123_01,0,0.0,0
knn,2,SR386_40X_HE_T133_01,0,0.0,0
knn,2,SR386_40X_HE_T145_01,0,0.0,0
knn,2,SR386_40X_HE_T150_01,0,0.3333333333333333,0
knn,2,SR386_40X_HE_T152_01,0,0.6666666666666666,1
knn,2,SR386_40X_HE_T155_01,0,0.3333333333333333,0
knn,2,SR386_40X_HE_T157_01,0,0.0,0
knn,2,SR386_40X_HE_T164_01,0,0.0,0
knn,2,SR386_40X_HE_T166_01,0,0.0,0
knn,2,SR386_40X_HE_T176_01,1,0.3333333333333333,0
knn,2,SR386_40X_HE_T177_01,0,0.0,0
knn,2,SR386_40X_HE_T178_01,0,0.0,0
knn,2,SR386_40X_HE_T187_01,0,0.0,0
knn,2,SR386_40X_HE_T190_01,0,0.0,0
knn,2,SR386_40X_HE_T192_01,0,0.0,0
knn,2,SR386_40X_HE_T198_01,0,0.0,0
knn,2,SR386_40X_HE_T200_01,0,0.0,0
knn,2,SR386_40X_HE_T206_01,1,0.0,0
knn,2,SR386_40X_HE_T211_01,0,0.0,0
knn,2,SR386_40X_HE_T213_01,0,0.0,0
knn,2,SR386_40X_HE_T214_01,0,0.0,0
knn,2,SR386_40X_HE_T220_01,0,0.0,0
knn,2,SR386_40X_HE_T230_01,1,0.0,0
knn,2,SR386_40X_HE_T236_01,0,0.3333333333333333,0
knn,2,SR386_40X_HE_T237_01,0,0.0,0
knn,2,SR386_40X_HE_T240_01,0,0.0,0
knn,2,SR386_40X_HE_T241_01,0,0.0,0
knn,2,SR386_40X_HE_T242_01,0,0.0,0
knn,2,SR386_40X_HE_T253_01,0,0.0,0
knn,2,SR386_40X_HE_T260_01,0,0.0,0
knn,2,SR386_40X_HE_T262_01,0,0.0,0
knn,2,SR386_40X_HE_T264_01,0,0.3333333333333333,0
knn,2,SR386_40X_HE_T271_01,0,0.0,0
knn,2,SR386_40X_HE_T281_01,0,0.0,0
knn,2,SR386_40X_HE_T297_01,0,0.0,0
knn,2,SR386_40X_HE_T299_01,0,0.0,0
knn,2,SR386_40X_HE_T301_01,0,0.3333333333333333,0
knn,2,SR386_40X_HE_T306_01,0,0.0,0
knn,2,SR386_40X_HE_T309_01,0,0.0,0
knn,2,SR386_40X_HE_T314_01,0,0.0,0
knn,2,SR386_40X_HE_T316_01,0,0.0,0
knn,2,SR386_40X_HE_T318_01,0,0.0,0
knn,2,SR386_40X_HE_T321_01,0,0.0,0
knn,2,SR386_40X_HE_T326_01,0,0.0,0
knn,2,SR386_40X_HE_T327_01,0,0.0,0
knn,2,SR386_40X_HE_T332_01,1,0.0,0
knn,2,SR386_40X_HE_T355_01,0,0.0,0
knn,2,SR386_40X_HE_T364_01,0,0.0,0
knn,2,SR386_40X_HE_T368_01,1,0.0,0
knn,2,SR386_40X_HE_T374_01,0,0.0,0
knn,2,SR386_40X_HE_T380_01,0,0.0,0
knn,2,SR386_40X_HE_T382_01,0,0.0,0
knn,2,SR386_40X_HE_T392_01,0,0.0,0
knn,2,SR386_40X_HE_T398_01,0,0.0,0
knn,2,SR386_40X_HE_T402_01,1,0.0,0
knn,2,SR386_40X_HE_T404_01,0,0.0,0
knn,2,SR386_40X_HE_T415_01,0,0.0,0
knn,2,SR386_40X_HE_T417_01,0,0.0,0
knn,2,SR386_40X_HE_T425_01,0,0.0,0
knn,2,SR386_40X_HE_T436_01,1,0.0,0
knn,2,SR386_40X_HE_T437_01,0,0.3333333333333333,0
knn,2,SR386_40X_HE_T440_01,0,0.0,0
knn,2,SR386_40X_HE_T445_01,0,0.0,0
knn,2,SR386_40X_HE_T450_01,0,0.0,0
knn,2,SR386_40X_HE_T459_01,0,0.0,0
knn,2,SR386_40X_HE_T472_01,0,0.0,0
knn,2,SR386_40X_HE_T481_01,0,0.0,0
knn,2,SR386_40X_HE_T483_01,0,0.3333333333333333,0
knn,2,SR386_40X_HE_T486_01,0,0.3333333333333333,0
knn,2,SR386_40X_HE_T488_01,0,0.0,0
knn,2,SR386_40X_HE_T499_01,0,0.3333333333333333,0
knn,2,SR386_40X_HE_T507_01,0,0.0,0
knn,2,SR386_40X_HE_T514_01,0,0.0,0
knn,2,SR386_40X_HE_T520_01,1,0.0,0
knn,2,SR386_40X_HE_T522_01,0,0.0,0
knn,2,SR386_40X_HE_T531_01,0,0.0,0
knn,2,SR386_40X_HE_T535_01,0,0.0,0
knn,2,SR386_40X_HE_T539_01,0,0.0,0
knn,2,SR386_40X_HE_T549_01,0,0.0,0
knn,2,SR386_40X_HE_T552_01,0,0.0,0
knn,2,SR386_40X_HE_T553_01,0,0.0,0
knn,2,SR386_40X_HE_T554_01,0,0.0,0
knn,2,SR386_40X_HE_T558_01,0,0.0,0
knn,2,SR386_40X_HE_T564_01,0,0.0,0
knn,2,SR386_40X_HE_T570_01,0,0.0,0
knn,2,SR386_40X_HE_T574_01,0,0.0,0
knn,2,SR386_40X_HE_T578_01,0,0.0,0
knn,2,SR386_40X_HE_T580_01,0,0.0,0
knn,3,SR1482_40X_HE_T005_01,0,0.3333333333333333,0
knn,3,SR1482_40X_HE_T005_02,0,0.0,0
knn,3,SR1482_40X_HE_T010_01,0,0.0,0
knn,3,SR1482_40X_HE_T043_01,0,0.0,0
knn,3,SR1482_40X_HE_T043_02,0,0.0,0
knn,3,SR1482_40X_HE_T049_01,0,0.0,0
knn,3,SR1482_40X_HE_T061_01,0,0.3333333333333333,0
knn,3,SR1482_40X_HE_T061_02,0,0.0,0
knn,3,SR1482_40X_HE_T070_01,1,0.0,0
knn,3,SR1482_40X_HE_T073_01,0,0.3333333333333333,0
knn,3,SR1482_40X_HE_T082_01,0,0.0,0
knn,3,SR1482_40X_HE_T082_02,0,0.0,0
knn,3,SR1482_40X_HE_T089_01,0,0.0,0
knn,3,SR1482_40X_HE_T090_01,0,0.0,0
knn,3,SR1482_40X_HE_T094_01,1,0.3333333333333333,0
knn,3,SR1482_40X_HE_T094_02,1,0.0,0
knn,3,SR1482_40X_HE_T105_01,0,0.0,0
knn,3,SR1482_40X_HE_T115_01,0,0.0,0
knn,3,SR1482_40X_HE_T115_02,0,0.0,0
knn,3,SR1482_40X_HE_T118_01,0,0.6666666666666666,1
knn,3,SR1482_40X_HE_T118_02,0,0.0,0
knn,3,SR1482_40X_HE_T120_01,0,0.0,0
knn,3,SR1482_40X_HE_T120_02,0,0.6666666666666666,1
knn,3,SR1482_40X_HE_T124_01,0,0.0,0
knn,3,SR1482_40X_HE_T124_02,0,0.3333333333333333,0
knn,3,SR1482_40X_HE_T138_01,0,0.0,0
knn,3,SR1482_40X_HE_T160_01,0,0.3333333333333333,0
knn,3,SR1482_40X_HE_T160_02,0,0.0,0
knn,3,SR1482_40X_HE_T167_01,0,0.0,0
knn,3,SR1482_40X_HE_T167_02,0,0.0,0
knn,3,SR1482_40X_HE_T175_01,0,0.0,0
knn,3,SR1482_40X_HE_T175_02,0,0.3333333333333333,0
knn,3,SR1482_40X_HE_T177_01,1,0.0,0
knn,3,SR1482_40X_HE_T188_01,0,0.3333333333333333,0
knn,3,SR1482_40X_HE_T195_01,0,0.3333333333333333,0
knn,3,SR1482_40X_HE_T195_02,0,0.0,0
knn,3,SR1482_40X_HE_T202_01,0,0.0,0
knn,3,SR1482_40X_HE_T202_02,0,0.0,0
knn,3,SR1482_40X_HE_T225_01,0,0.0,0
knn,3,SR1482_40X_HE_T225_02,0,0.0,0
knn,3,SR1482_40X_HE_T235_01,0,0.0,0
knn,3,SR1482_40X_HE_T235_02,0,0.0,0
knn,3,SR1482_40X_HE_T236_01,0,0.0,0
knn,3,SR1482_40X_HE_T236_02,0,0.0,0
knn,3,SR1482_40X_HE_T258_01,0,0.0,0
knn,3,SR1482_40X_HE_T258_02,0,0.0,0
knn,3,SR1482_40X_HE_T284_01,1,0.0,0
knn,3,SR1482_40X_HE_T284_02,1,0.6666666666666666,1
knn,3,SR1482_40X_HE_T301_01,1,0.0,0
knn,3,SR1482_40X_HE_T301_02,1,0.0,0
knn,3,SR1482_40X_HE_T309_01,0,0.0,0
knn,3,SR1482_40X_HE_T313_01,0,0.0,0
knn,3,SR1482_40X_HE_T313_02,0,0.0,0
knn,3,SR1482_40X_HE_T338_01,0,0.3333333333333333,0
knn,3,SR1482_40X_HE_T344_01,0,0.3333333333333333,0
knn,3,SR1482_40X_HE_T344_02,0,0.3333333333333333,0
knn,3,SR1482_40X_HE_T346_01,0,0.0,0
knn,3,SR1482_40X_HE_T346_02,0,0.0,0
knn,3,SR1482_40X_HE_T377_01,0,0.0,0
knn,3,SR1482_40X_HE_T377_02,0,0.0,0
knn,3,SR1482_40X_HE_T419_01,0,0.0,0
knn,3,SR1482_40X_HE_T427_01,0,0.0,0
knn,3,SR1482_40X_HE_T427_02,0,0.0,0
knn,3,SR386_40X_HE_T007_01,0,0.0,0
knn,3,SR386_40X_HE_T015_01,0,0.0,0
knn,3,SR386_40X_HE_T017_01,1,0.0,0
knn,3,SR386_40X_HE_T032_01,0,0.0,0
knn,3,SR386_40X_HE_T034_01,0,0.0,0
knn,3,SR386_40X_HE_T035_01,0,0.0,0
knn,3,SR386_40X_HE_T041_01,0,0.3333333333333333,0
knn,3,SR386_40X_HE_T067_01,0,0.0,0
knn,3,SR386_40X_HE_T075_01,0,0.3333333333333333,0
knn,3,SR386_40X_HE_T081_01,0,0.3333333333333333,0
knn,3,SR386_40X_HE_T083_01,0,0.3333333333333333,0
knn,3,SR386_40X_HE_T085_01,0,0.0,0
knn,3,SR386_40X_HE_T095_01,0,0.0,0
knn,3,SR386_40X_HE_T104_01,0,0.3333333333333333,0
knn,3,SR386_40X_HE_T106_01,0,0.3333333333333333,0
knn,3,SR386_40X_HE_T112_01,0,0.0,0
knn,3,SR386_40X_HE_T128_01,0,0.3333333333333333,0
knn,3,SR386_40X_HE_T132_01,0,0.0,0
knn,3,SR386_40X_HE_T138_01,0,0.3333333333333333,0
knn,3,SR386_40X_HE_T142_01,0,0.3333333333333333,0
knn,3,SR386_40X_HE_T149_01,0,0.0,0
knn,3,SR386_40X_HE_T165_01,1,0.3333333333333333,0
knn,3,SR386_40X_HE_T179_01,0,0.0,0
knn,3,SR386_40X_HE_T180_01,0,0.0,0
knn,3,SR386_40X_HE_T182_01,0,0.0,0
knn,3,SR386_40X_HE_T184_01,0,0.0,0
knn,3,SR386_40X_HE_T188_01,0,0.0,0
knn,3,SR386_40X_HE_T191_01,0,0.0,0
knn,3,SR386_40X_HE_T197_01,0,0.0,0
knn,3,SR386_40X_HE_T201_01,0,0.0,0
knn,3,SR386_40X_HE_T202_01,0,0.0,0
knn,3,SR386_40X_HE_T208_01,0,0.0,0
knn,3,SR386_40X_HE_T216_01,1,0.0,0
knn,3,SR386_40X_HE_T238_01,0,0.0,0
knn,3,SR386_40X_HE_T244_01,0,0.0,0
knn,3,SR386_40X_HE_T248_01,0,0.0,0
knn,3,SR386_40X_HE_T249_01,0,0.0,0
knn,3,SR386_40X_HE_T250_01,0,0.0,0
knn,3,SR386_40X_HE_T263_01,0,0.0,0
knn,3,SR386_40X_HE_T267_01,0,0.0,0
knn,3,SR386_40X_HE_T269_01,0,0.0,0
knn,3,SR386_40X_HE_T277_01,0,0.0,0
knn,3,SR386_40X_HE_T286_01,0,0.3333333333333333,0
knn,3,SR386_40X_HE_T287_01,0,0.0,0
knn,3,SR386_40X_HE_T290_01,0,0.0,0
knn,3,SR386_40X_HE_T293_01,0,0.0,0
knn,3,SR386_40X_HE_T298_01,0,0.0,0
knn,3,SR386_40X_HE_T303_01,0,0.0,0
knn,3,SR386_40X_HE_T312_01,0,0.0,0
knn,3,SR386_40X_HE_T329_01,0,0.0,0
knn,3,SR386_40X_HE_T336_01,0,0.0,0
knn,3,SR386_40X_HE_T338_01,0,0.0,0
knn,3,SR386_40X_HE_T342_01,0,0.0,0
knn,3,SR386_40X_HE_T353_01,0,0.0,0
knn,3,SR386_40X_HE_T357_01,0,0.0,0
knn,3,SR386_40X_HE_T362_01,0,0.0,0
knn,3,SR386_40X_HE_T363_01,1,0.0,0
knn,3,SR386_40X_HE_T372_01,0,0.0,0
knn,3,SR386_40X_HE_T378_01,0,0.0,0
knn,3,SR386_40X_HE_T379_01,0,0.0,0
knn,3,SR386_40X_HE_T386_01,0,0.0,0
knn,3,SR386_40X_HE_T387_01,0,0.0,0
knn,3,SR386_40X_HE_T393_01,0,0.0,0
knn,3,SR386_40X_HE_T397_01,0,0.0,0
knn,3,SR386_40X_HE_T406_01,0,0.0,0
knn,3,SR386_40X_HE_T409_01,0,0.0,0
knn,3,SR386_40X_HE_T422_01,0,0.0,0
knn,3,SR386_40X_HE_T426_01,0,0.0,0
knn,3,SR386_40X_HE_T433_01,0,0.0,0
knn,3,SR386_40X_HE_T443_01,0,0.0,0
knn,3,SR386_40X_HE_T448_01,0,0.0,0
knn,3,SR386_40X_HE_T452_01,0,0.0,0
knn,3,SR386_40X_HE_T460_01,1,0.0,0
knn,3,SR386_40X_HE_T473_01,0,0.0,0
knn,3,SR386_40X_HE_T475_01,0,0.0,0
knn,3,SR386_40X_HE_T478_01,0,0.0,0
knn,3,SR386_40X_HE_T489_01,1,0.0,0
knn,3,SR386_40X_HE_T491_01,0,0.0,0
knn,3,SR386_40X_HE_T492_01,0,0.0,0
knn,3,SR386_40X_HE_T493_01,0,0.0,0
knn,3,SR386_40X_HE_T502_01,0,0.0,0
knn,3,SR386_40X_HE_T505_01,0,0.0,0
knn,3,SR386_40X_HE_T506_01,0,0.0,0
knn,3,SR386_40X_HE_T509_01,0,0.3333333333333333,0
knn,3,SR386_40X_HE_T516_01,0,0.0,0
knn,3,SR386_40X_HE_T518_01,0,0.3333333333333333,0
knn,3,SR386_40X_HE_T519_01,0,0.0,0
knn,3,SR386_40X_HE_T521_01,0,0.0,0
knn,3,SR386_40X_HE_T526_01,0,0.0,0
knn,3,SR386_40X_HE_T533_01,0,0.0,0
knn,3,SR386_40X_HE_T543_01,0,0.0,0
knn,3,SR386_40X_HE_T544_01,0,0.0,0
knn,3,SR386_40X_HE_T556_01,1,0.0,0
knn,3,SR386_40X_HE_T560_01,0,0.0,0
knn,3,SR386_40X_HE_T563_01,0,0.0,0
knn,3,SR386_40X_HE_T568_01,0,0.0,0
knn,3,SR386_40X_HE_T571_01,0,0.0,0
knn,3,SR386_40X_HE_T572_01,0,0.0,0
knn,3,SR386_40X_HE_T573_01,0,0.3333333333333333,0
knn,3,SR386_40X_HE_T583_01,0,0.0,0
knn,4,SR1482_40X_HE_T002_01,0,0.0,0
knn,4,SR1482_40X_HE_T003_01,0,0.09293645260142812,0
knn,4,SR1482_40X_HE_T004_01,0,0.08849015754951425,0
knn,4,SR1482_40X_HE_T004_02,0,0.0,0
knn,4,SR1482_40X_HE_T011_01,0,0.09532642234540586,0
knn,4,SR1482_40X_HE_T025_01,0,0.19136614491361756,0
knn,4,SR1482_40X_HE_T025_02,0,0.3164440887099526,0
knn,4,SR1482_40X_HE_T060_01,0,0.0,0
knn,4,SR1482_40X_HE_T062_01,0,0.4351786689741996,0
knn,4,SR1482_40X_HE_T062_02,0,0.2922024264481087,0
knn,4,SR1482_40X_HE_T064_01,0,0.12096478795966636,0
knn,4,SR1482_40X_HE_T064_02,0,0.08497566341301797,0
knn,4,SR1482_40X_HE_T071_01,0,0.3146783223271424,0
knn,4,SR1482_40X_HE_T071_02,0,0.0,0
knn,4,SR1482_40X_HE_T074_01,0,0.104396047248555,0
knn,4,SR1482_40X_HE_T074_02,0,0.0,0
knn,4,SR1482_40X_HE_T083_01,0,0.08927004068045143,0
knn,4,SR1482_40X_HE_T083_02,0,0.3466424886867586,0
knn,4,SR1482_40X_HE_T087_01,0,0.0,0
knn,4,SR1482_40X_HE_T097_01,1,0.21643288593753748,0
knn,4,SR1482_40X_HE_T097_02,1,0.0,0
knn,4,SR1482_40X_HE_T108_01,0,0.0,0
knn,4,SR1482_40X_HE_T113_01,0,0.19486190073311288,0
knn,4,SR1482_40X_HE_T113_02,0,0.21328959750094578,0
knn,4,SR1482_40X_HE_T121_01,0,0.0,0
knn,4,SR1482_40X_HE_T122_01,0,0.0,0
knn,4,SR1482_40X_HE_T125_01,0,0.08396685030742165,0
knn,4,SR1482_40X_HE_T125_02,0,0.09460908295205048,0
knn,4,SR1482_40X_HE_T131_01,0,0.08260701431938294,0
knn,4,SR1482_40X_HE_T131_02,0,0.3300732957613506,0
knn,4,SR1482_40X_HE_T132_01,0,0.17186345540167963,0
knn,4,SR1482_40X_HE_T132_02,0,0.3197040181685262,0
knn,4,SR1482_40X_HE_T143_01,0,0.4247807559400962,0
knn,4,SR1482_40X_HE_T143_02,0,0.36935423279474466,0
knn,4,SR1482_40X_HE_T166_01,1,0.0,0
knn,4,SR1482_40X_HE_T169_01,0,0.19428866807006442,0
knn,4,SR1482_40X_HE_T176_01,1,0.48553382561256964,0
knn,4,SR1482_40X_HE_T176_02,1,0.45675535400216627,0
knn,4,SR1482_40X_HE_T191_01,0,0.0,0
knn,4,SR1482_40X_HE_T194_01,0,0.3824251876271278,0
knn,4,SR1482_40X_HE_T218_01,0,0.0,0
knn,4,SR1482_40X_HE_T253_01,0,0.0,0
knn,4,SR1482_40X_HE_T290_01,0,0.19541082779086558,0
knn,4,SR1482_40X_HE_T308_01,0,0.5258444078249911,1
knn,4,SR1482_40X_HE_T314_01,0,0.4032369544116423,0
knn,4,SR1482_40X_HE_T314_02,0,0.2760005016583816,0
knn,4,SR1482_40X_HE_T372_01,1,0.19788929668976663,0
knn,4,SR1482_40X_HE_T372_02,1,0.08338114997983763,0
knn,4,SR1482_40X_HE_T408_01,0,0.0,0
knn,4,SR1482_40X_HE_T412_01,0,0.0,0
knn,4,SR1482_40X_HE_T425_01,0,0.0,0
knn,4,SR1482_40X_HE_T434_01,1,0.0,0
knn,4,SR386_40X_HE_T006_01,0,0.0,0
knn,4,SR386_40X_HE_T010_01,0,0.1638608268243223,0
knn,4,SR386_40X_HE_T014_01,0,0.0,0
knn,4,SR386_40X_HE_T016_01,0,0.0,0
knn,4,SR386_40X_HE_T020_01,0,0.0,0
knn,4,SR386_40X_HE_T027_01,0,0.1002136935574104,0
knn,4,SR386_40X_HE_T028_01,0,0.08506600332464635,0
knn,4,SR386_40X_HE_T037_01,0,0.0,0
knn,4,SR386_40X_HE_T043_01,0,0.0,0
knn,4,SR386_40X_HE_T044_01,1,0.08307068426909722,0
knn,4,SR386_40X_HE_T046_01,0,0.0,0
knn,4,SR386_40X_HE_T058_01,0,0.09422701448412092,0
knn,4,SR386_40X_HE_T062_01,0,0.0,0
knn,4,SR386_40X_HE_T065_01,1,0.0,0
knn,4,SR386_40X_HE_T080_01,0,0.12468580384961815,0
knn,4,SR386_40X_HE_T091_01,0,0.09687769408488676,0
knn,4,SR386_40X_HE_T094_01,0,0.0,0
knn,4,SR386_40X_HE_T097_01,0,0.0,0
knn,4,SR386_40X_HE_T100_01,0,0.0,0
knn,4,SR386_40X_HE_T107_01,0,0.0901206044365293,0
knn,4,SR386_40X_HE_T109_01,1,0.11789711100199378,0
knn,4,SR386_40X_HE_T110_01,0,0.0839727564778528,0
knn,4,SR386_40X_HE_T117_01,0,0.0,0
knn,4,SR386_40X_HE_T127_01,0,0.0,0
knn,4,SR386_40X_HE_T129_01,0,0.0,0
knn,4,SR386_40X_HE_T136_01,0,0.0,0
knn,4,SR386_40X_HE_T154_01,0,0.0,0
knn,4,SR386_40X_HE_T168_01,1,0.2341899827603868,0
knn,4,SR386_40X_HE_T175_01,0,0.0,0
knn,4,SR386_40X_HE_T189_01,0,0.0,0
knn,4,SR386_40X_HE_T195_01,0,0.0,0
knn,4,SR386_40X_HE_T227_01,0,0.0,0
knn,4,SR386_40X_HE_T233_01,0,0.08987472929414352,0
knn,4,SR386_40X_HE_T234_01,0,0.08463138875949229,0
knn,4,SR386_40X_HE_T235_01,0,0.0891175673486294,0
knn,4,SR386_40X_HE_T239_01,0,0.15650904598174858,0
knn,4,SR386_40X_HE_T245_01,0,0.0,0
knn,4,SR386_40X_HE_T256_01,0,0.20522628755049668,0
knn,4,SR386_40X_HE_T265_01,0,0.0,0
knn,4,SR386_40X_HE_T268_01,0,0.20961852721897434,0
knn,4,SR386_40X_HE_T270_01,0,0.17863019159115115,0
knn,4,SR386_40X_HE_T272_01,0,0.22898417272731894,0
knn,4,SR386_40X_HE_T273_01,0,0.0,0
knn,4,SR386_40X_HE_T276_01,0,0.21699074179445194,0
knn,4,SR386_40X_HE_T278_01,1,0.0,0
knn,4,SR386_40X_HE_T284_01,0,0.0,0
knn,4,SR386_40X_HE_T285_01,0,0.09509846662518952,0
knn,4,SR386_40X_HE_T288_01,0,0.08945325416950357,0
knn,4,SR386_40X_HE_T291_01,0,0.0,0
knn,4,SR386_40X_HE_T300_01,0,0.0,0
knn,4,SR386_40X_HE_T302_01,0,0.0,0
knn,4,SR386_40X_HE_T305_01,0,0.09035178026442327,0
knn,4,SR386_40X_HE_T308_01,0,0.09421058594979825,0
knn,4,SR386_40X_HE_T325_01,0,0.0,0
knn,4,SR386_40X_HE_T331_01,0,0.11981100456566476,0
knn,4,SR386_40X_HE_T341_01,0,0.0,0
knn,4,SR386_40X_HE_T343_01,1,0.0,0
knn,4,SR386_40X_HE_T346_01,0,0.18613486389685893,0
knn,4,SR386_40X_HE_T352_01,0,0.0994375341456502,0
knn,4,SR386_40X_HE_T373_01,0,0.0,0
knn,4,SR386_40X_HE_T375_01,0,0.10126001008229221,0
knn,4,SR386_40X_HE_T381_01,0,0.0,0
knn,4,SR386_40X_HE_T389_01,0,0.0,0
knn,4,SR386_40X_HE_T391_01,0,0.0,0
knn,4,SR386_40X_HE_T394_01,0,0.0,0
knn,4,SR386_40X_HE_T399_01,0,0.0,0
knn,4,SR386_40X_HE_T403_01,0,0.0,0
knn,4,SR386_40X_HE_T405_01,0,0.11162632342926208,0
knn,4,SR386_40X_HE_T407_01,0,0.0,0
knn,4,SR386_40X_HE_T414_01,0,0.0,0
knn,4,SR386_40X_HE_T424_01,0,0.18154129403864724,0
knn,4,SR386_40X_HE_T429_01,0,0.11871989697327212,0
knn,4,SR386_40X_HE_T441_01,0,0.09875074708314256,0
knn,4,SR386_40X_HE_T451_01,0,0.09282892408698494,0
knn,4,SR386_40X_HE_T453_01,0,0.0,0
knn,4,SR386_40X_HE_T455_01,0,0.0,0
knn,4,SR386_40X_HE_T465_01,0,0.10408595155187085,0
knn,4,SR386_40X_HE_T474_01,0,0.22414827227570625,0
knn,4,SR386_40X_HE_T476_01,0,0.26764205887383097,0
knn,4,SR386_40X_HE_T479_01,0,0.0,0
knn,4,SR386_40X_HE_T482_01,0,0.09005906111279936,0
knn,4,SR386_40X_HE_T487_01,0,0.0,0
knn,4,SR386_40X_HE_T490_01,0,0.0,0
knn,4,SR386_40X_HE_T494_01,0,0.0,0
knn,4,SR386_40X_HE_T500_01,0,0.09045177140777644,0
knn,4,SR386_40X_HE_T510_01,0,0.0,0
knn,4,SR386_40X_HE_T524_01,0,0.0,0
knn,4,SR386_40X_HE_T528_01,0,0.1796886025831157,0
knn,4,SR386_40X_HE_T532_01,0,0.0,0
knn,4,SR386_40X_HE_T534_01,0,0.0,0
knn,4,SR386_40X_HE_T536_01,0,0.0,0
knn,4,SR386_40X_HE_T537_01,0,0.08844006215943102,0
knn,4,SR386_40X_HE_T541_01,0,0.0,0
knn,4,SR386_40X_HE_T548_01,1,0.0,0
knn,4,SR386_40X_HE_T550_01,0,0.0,0
knn,4,SR386_40X_HE_T551_01,0,0.0,0
knn,4,SR386_40X_HE_T557_01,0,0.08830735279262542,0
knn,4,SR386_40X_HE_T565_01,0,0.0,0
knn,4,SR386_40X_HE_T567_01,0,0.0,0
knn,4,SR386_40X_HE_T575_01,0,0.09255016359241466,0
knn,4,SR386_40X_HE_T576_01,0,0.0,0
knn,4,SR386_40X_HE_T581_01,0,0.0,0
proto,1,SR1482_40X_HE_T029_01,0,0.507676362991333,1
proto,1,SR1482_40X_HE_T029_02,0,0.5071573257446289,1
proto,1,SR1482_40X_HE_T057_01,0,0.5006284713745117,1
proto,1,SR1482_40X_HE_T063_01,1,0.5130239725112915,1
proto,1,SR1482_40X_HE_T063_02,1,0.512086808681488,1
proto,1,SR1482_40X_HE_T065_01,0,0.5054648518562317,1
proto,1,SR1482_40X_HE_T065_02,0,0.5024579763412476,1
proto,1,SR1482_40X_HE_T066_01,0,0.5091352462768555,1
proto,1,SR1482_40X_HE_T066_02,0,0.5097620487213135,1
proto,1,SR1482_40X_HE_T068_01,0,0.49608901143074036,0
proto,1,SR1482_40X_HE_T069_01,0,0.510998010635376,1
proto,1,SR1482_40X_HE_T069_02,0,0.5131991505622864,1
proto,1,SR1482_40X_HE_T079_01,1,0.504878580570221,1
proto,1,SR1482_40X_HE_T079_02,1,0.5094378590583801,1
proto,1,SR1482_40X_HE_T080_01,0,0.5008173584938049,1
proto,1,SR1482_40X_HE_T080_02,0,0.504715085029602,1
proto,1,SR1482_40X_HE_T081_01,0,0.49732789397239685,0
proto,1,SR1482_40X_HE_T081_02,0,0.4989488124847412,0
proto,1,SR1482_40X_HE_T099_01,0,0.4962022304534912,0
proto,1,SR1482_40X_HE_T116_01,0,0.5119385719299316,1
proto,1,SR1482_40X_HE_T117_01,0,0.5153276324272156,1
proto,1,SR1482_40X_HE_T117_02,0,0.514316737651825,1
proto,1,SR1482_40X_HE_T126_01,0,0.5121930837631226,1
proto,1,SR1482_40X_HE_T129_01,0,0.5045545697212219,1
proto,1,SR1482_40X_HE_T129_02,0,0.5093715786933899,1
proto,1,SR1482_40X_HE_T139_01,0,0.5128723978996277,1
proto,1,SR1482_40X_HE_T139_02,0,0.5132821798324585,1
proto,1,SR1482_40X_HE_T147_01,0,0.5168706774711609,1
proto,1,SR1482_40X_HE_T147_02,0,0.5145374536514282,1
proto,1,SR1482_40X_HE_T159_01,0,0.5143588781356812,1
proto,1,SR1482_40X_HE_T159_02,0,0.5111851692199707,1
proto,1,SR1482_40X_HE_T192_01,0,0.5054916143417358,1
proto,1,SR1482_40X_HE_T199_01,0,0.5045380592346191,1
proto,1,SR1482_40X_HE_T304_01,0,0.5087515711784363,1
proto,1,SR1482_40X_HE_T304_02,0,0.5078984498977661,1
proto,1,SR1482_40X_HE_T310_01,1,0.5076330304145813,1
proto,1,SR1482_40X_HE_T310_02,1,0.5074600577354431,1
proto,1,SR1482_40X_HE_T341_01,0,0.4952892065048218,0
proto,1,SR1482_40X_HE_T341_02,0,0.5027796626091003,1
proto,1,SR1482_40X_HE_T353_01,0,0.5021902918815613,1
proto,1,SR1482_40X_HE_T390_01,0,0.4944629967212677,0
proto,1,SR1482_40X_HE_T433_01,1,0.5116992592811584,1
proto,1,SR386_40X_HE_T003_01,0,0.4870986342430115,0
proto,1,SR386_40X_HE_T004_01,0,0.4882204830646515,0
proto,1,SR386_40X_HE_T022_01,1,0.4943932890892029,0
proto,1,SR386_40X_HE_T030_01,0,0.49703025817871094,0
proto,1,SR386_40X_HE_T033_01,0,0.48653337359428406,0
proto,1,SR386_40X_HE_T036_01,0,0.4971195459365845,0
proto,1,SR386_40X_HE_T038_01,0,0.48928096890449524,0
proto,1,SR386_40X_HE_T049_01,0,0.4889659285545349,0
proto,1,SR386_40X_HE_T050_01,0,0.4992896318435669,0
proto,1,SR386_40X_HE_T060_01,0,0.4892237186431885,0
proto,1,SR386_40X_HE_T063_01,0,0.490342378616333,0
proto,1,SR386_40X_HE_T066_01,0,0.48520177602767944,0
proto,1,SR386_40X_HE_T069_01,0,0.4905356168746948,0
proto,1,SR386_40X_HE_T072_01,0,0.48902973532676697,0
proto,1,SR386_40X_HE_T074_01,0,0.4852869212627411,0
proto,1,SR386_40X_HE_T078_01,0,0.4940009117126465,0
proto,1,SR386_40X_HE_T079_01,0,0.48261696100234985,0
proto,1,SR386_40X_HE_T092_01,1,0.4969376027584076,0
proto,1,SR386_40X_HE_T096_01,0,0.4821501672267914,0
proto,1,SR386_40X_HE_T099_01,0,0.5075889825820923,1
proto,1,SR386_40X_HE_T103_01,0,0.49095967411994934,0
proto,1,SR386_40X_HE_T108_01,0,0.4906426668167114,0
proto,1,SR386_40X_HE_T113_01,0,0.4946242868900299,0
proto,1,SR386_40X_HE_T114_01,0,0.4868776202201843,0
proto,1,SR386_40X_HE_T119_01,0,0.483564555644989,0
proto,1,SR386_40X_HE_T126_01,0,0.4874495267868042,0
proto,1,SR386_40X_HE_T130_01,0,0.4840258061885834,0
proto,1,SR386_40X_HE_T131_01,0,0.4875560700893402,0
proto,1,SR386_40X_HE_T135_01,0,0.49172183871269226,0
proto,1,SR386_40X_HE_T140_01,0,0.4892810583114624,0
proto,1,SR386_40X_HE_T144_01,0,0.4930209815502167,0
proto,1,SR386_40X_HE_T147_01,0,0.4916800260543823,0
proto,1,SR386_40X_HE_T148_01,0,0.49051472544670105,0
proto,1,SR386_40X_HE_T160_01,0,0.48396697640419006,0
proto,1,SR386_40X_HE_T169_01,0,0.4865610897541046,0
proto,1,SR386_40X_HE_T170_01,1,0.4878672659397125,0
proto,1,SR386_40X_HE_T172_01,0,0.48913687467575073,0
proto,1,SR386_40X_HE_T174_01,0,0.4877754747867584,0
proto,1,SR386_40X_HE_T181_01,0,0.4867480993270874,0
proto,1,SR386_40X_HE_T196_01,0,0.49449390172958374,0
proto,1,SR386_40X_HE_T205_01,0,0.4986906051635742,0
proto,1,SR386_40X_HE_T209_01,0,0.48190170526504517,0
proto,1,SR386_40X_HE_T210_01,0,0.4984285235404968,0
proto,1,SR386_40X_HE_T212_01,0,0.4845338463783264,0
proto,1,SR386_40X_HE_T221_01,0,0.48446929454803467,0
proto,1,SR386_40X_HE_T224_01,0,0.49218684434890747,0
proto,1,SR386_40X_HE_T231_01,1,0.5049580931663513,1
proto,1,SR386_40X_HE_T232_01,0,0.48610901832580566,0
proto,1,SR386_40X_HE_T247_01,0,0.48786258697509766,0
proto,1,SR386_40X_HE_T252_01,0,0.4878523349761963,0
proto,1,SR386_40X_HE_T255_01,0,0.5061310529708862,1
proto,1,SR386_40X_HE_T259_01,1,0.48939189314842224,0
proto,1,SR386_40X_HE_T274_01,0,0.48471787571907043,0
proto,1,SR386_40X_HE_T275_01,0,0.4896789789199829,0
proto,1,SR386_40X_HE_T282_01,0,0.4864252507686615,0
proto,1,SR386_40X_HE_T294_01,0,0.4952029287815094,0
proto,1,SR386_40X_HE_T311_01,0,0.4884117841720581,0
proto,1,SR386_40X_HE_T315_01,0,0.4890657663345337,0
proto,1,SR386_40X_HE_T319_01,1,0.48602500557899475,0
proto,1,SR386_40X_HE_T324_01,1,0.4955592751502991,0
proto,1,SR386_40X_HE_T330_01,0,0.4909919798374176,0
proto,1,SR386_40X_HE_T333_01,0,0.48814013600349426,0
proto,1,SR386_40X_HE_T335_01,0,0.5001991987228394,1
proto,1,SR386_40X_HE_T337_01,0,0.4917174279689789,0
proto,1,SR386_40X_HE_T344_01,0,0.4882494807243347,0
proto,1,SR386_40X_HE_T347_01,0,0.48485320806503296,0
proto,1,SR386_40X_HE_T350_01,0,0.4867365062236786,0
proto,1,SR386_40X_HE_T351_01,0,0.4997103810310364,0
proto,1,SR386_40X_HE_T360_01,0,0.48544666171073914,0
proto,1,SR386_40X_HE_T361_01,0,0.5003486275672913,1
proto,1,SR386_40X_HE_T366_01,0,0.4883335828781128,0
proto,1,SR386_40X_HE_T377_01,1,0.4914039671421051,0
proto,1,SR386_40X_HE_T384_01,0,0.48299121856689453,0
proto,1,SR386_40X_HE_T395_01,0,0.49529701471328735,0
proto,1,SR386_40X_HE_T396_01,0,0.48472878336906433,0
proto,1,SR386_40X_HE_T401_01,0,0.49958932399749756,0
proto,1,SR386_40X_HE_T408_01,0,0.4874115288257599,0
proto,1,SR386_40X_HE_T410_01,0,0.48941290378570557,0
proto,1,SR386_40X_HE_T413_01,0,0.49657967686653137,0
proto,1,SR386_40X_HE_T416_01,0,0.5035639405250549,1
proto,1,SR386_40X_HE_T418_01,0,0.49326518177986145,0
proto,1,SR386_40X_HE_T419_01,0,0.4956231415271759,0
proto,1,SR386_40X_HE_T421_01,0,0.49375492334365845,0
proto,1,SR386_40X_HE_T423_01,0,0.49238958954811096,0
proto,1,SR386_40X_HE_T428_01,0,0.4971100389957428,0
proto,1,SR386_40X_HE_T430_01,0,0.4869498312473297,0
proto,1,SR386_40X_HE_T431_01,0,0.4852079153060913,0
proto,1,SR386_40X_HE_T435_01,0,0.49515625834465027,0
proto,1,SR386_40X_HE_T438_01,0,0.48962223529815674,0
proto,1,SR386_40X_HE_T439_01,0,0.49945366382598877,0
proto,1,SR386_40X_HE_T447_01,0,0.4901147782802582,0
proto,1,SR386_40X_HE_T449_01,0,0.48526766896247864,0
proto,1,SR386_40X_HE_T454_01,0,0.48715779185295105,0
proto,1,SR386_40X_HE_T456_01,0,0.48731738328933716,0
proto,1,SR386_40X_HE_T461_01,0,0.4890839159488678,0
proto,1,SR386_40X_HE_T462_01,0,0.48684820532798767,0
proto,1,SR386_40X_HE_T468_01,0,0.48702356219291687,0
proto,1,SR386_40X_HE_T469_01,1,0.4996611177921295,0
proto,1,SR386_40X_HE_T470_01,0,0.4876101613044739,0
proto,1,SR386_40X_HE_T471_01,0,0.4884662330150604,0
proto,1,SR386_40X_HE_T477_01,0,0.4890783131122589,0
proto,1,SR386_40X_HE_T480_01,0,0.49323132634162903,0
proto,1,SR386_40X_HE_T484_01,0,0.48588865995407104,0
proto,1,SR386_40X_HE_T495_01,0,0.4834194481372833,0
proto,1,SR386_40X_HE_T496_01,0,0.48539090156555176,0
proto,1,SR386_40X_HE_T498_01,0,0.49397167563438416,0
proto,1,SR386_40X_HE_T504_01,0,0.490264356136322,0
proto,1,SR386_40X_HE_T511_01,0,0.48912134766578674,0
proto,1,SR386_40X_HE_T517_01,0,0.49115699529647827,0
proto,1,SR386_40X_HE_T523_01,0,0.4902682304382324,0
proto,1,SR386_40X_HE_T529_01,0,0.4856734275817871,0
proto,1,SR386_40X_HE_T542_01,0,0.4912474453449249,0
proto,1,SR386_40X_HE_T569_01,0,0.4942272901535034,0
proto,1,SR386_40X_HE_T582_01,0,0.49385854601860046,0
proto,2,SR1482_40X_HE_T009_01,0,0.5034350752830505,1
proto,2,SR1482_40X_HE_T009_02,0,0.5034893155097961,1
proto,2,SR1482_40X_HE_T015_01,0,0.5107581615447998,1
proto,2,SR1482_40X_HE_T021_01,0,0.503585159778595,1
proto,2,SR1482_40X_HE_T067_01,0,0.5031299591064453,1
proto,2,SR1482_40X_HE_T075_01,0,0.5037813782691956,1
proto,2,SR1482_40X_HE_T075_02,0,0.5057539939880371,1
proto,2,SR1482_40X_HE_T098_01,0,0.5128763318061829,1
proto,2,SR1482_40X_HE_T098_02,0,0.5084088444709778,1
proto,2,SR1482_40X_HE_T102_01,0,0.5113795399665833,1
proto,2,SR1482_40X_HE_T123_01,0,0.5055374503135681,1
proto,2,SR1482_40X_HE_T142_01,0,0.4976605474948883,0
proto,2,SR1482_40X_HE_T146_01,0,0.5135253667831421,1
proto,2,SR1482_40X_HE_T148_01,0,0.5152671337127686,1
proto,2,SR1482_40X_HE_T148_02,0,0.5130817294120789,1
proto,2,SR1482_40X_HE_T154_01,0,0.5042027235031128,1
proto,2,SR1482_40X_HE_T158_01,0,0.505906343460083,1
proto,2,SR1482_40X_HE_T161_01,0,0.5104590654373169,1
proto,2,SR1482_40X_HE_T161_02,0,0.5107393264770508,1
proto,2,SR1482_40X_HE_T164_01,1,0.5085707902908325,1
proto,2,SR1482_40X_HE_T164_02,1,0.5088579654693604,1
proto,2,SR1482_40X_HE_T168_01,0,0.5064175128936768,1
proto,2,SR1482_40X_HE_T171_01,0,0.5066206455230713,1
proto,2,SR1482_40X_HE_T171_02,0,0.5126168727874756,1
proto,2,SR1482_40X_HE_T178_01,1,0.5074338316917419,1
proto,2,SR1482_40X_HE_T186_01,0,0.5091902613639832,1
proto,2,SR1482_40X_HE_T193_01,0,0.5085586905479431,1
proto,2,SR1482_40X_HE_T193_02,0,0.5157720446586609,1
proto,2,SR1482_40X_HE_T209_01,0,0.5082641243934631,1
proto,2,SR1482_40X_HE_T209_02,0,0.5064466595649719,1
proto,2,SR1482_40X_HE_T245_01,0,0.5049999356269836,1
proto,2,SR1482_40X_HE_T245_02,0,0.5063853859901428,1
proto,2,SR1482_40X_HE_T265_01,0,0.500298023223877,1
proto,2,SR1482_40X_HE_T302_01,0,0.5086578726768494,1
proto,2,SR1482_40X_HE_T343_01,1,0.5091013312339783,1
proto,2,SR1482_40X_HE_T343_02,1,0.5114015936851501,1
proto,2,SR1482_40X_HE_T399_01,0,0.51112300157547,1
proto,2,SR1482_40X_HE_T399_02,0,0.5062877535820007,1
proto,2,SR1482_40X_HE_T426_01,0,0.5030593276023865,1
proto,2,SR1482_40X_HE_T426_02,0,0.5044560432434082,1
proto,2,SR386_40X_HE_T001_01,0,0.4841492772102356,0
proto,2,SR386_40X_HE_T013_01,0,0.48600783944129944,0
proto,2,SR386_40X_HE_T018_01,0,0.4860537052154541,0
proto,2,SR386_40X_HE_T019_01,0,0.4821311831474304,0
proto,2,SR386_40X_HE_T024_01,0,0.48723816871643066,0
proto,2,SR386_40X_HE_T039_01,0,0.4824656844139099,0
proto,2,SR386_40X_HE_T040_01,1,0.4878731667995453,0
proto,2,SR386_40X_HE_T042_01,0,0.48785194754600525,0
proto,2,SR386_40X_HE_T047_01,0,0.4853239357471466,0
proto,2,SR386_40X_HE_T051_01,0,0.48130878806114197,0
proto,2,SR386_40X_HE_T052_01,0,0.49556052684783936,0
proto,2,SR386_40X_HE_T056_01,0,0.4826176166534424,0
proto,2,SR386_40X_HE_T057_01,0,0.4815969169139862,0
proto,2,SR386_40X_HE_T070_01,0,0.48323503136634827,0
proto,2,SR386_40X_HE_T082_01,0,0.5016008019447327,1
proto,2,SR386_40X_HE_T084_01,0,0.5115121603012085,1
proto,2,SR386_40X_HE_T087_01,0,0.49330011010169983,0
proto,2,SR386_40X_HE_T088_01,0,0.48758751153945923,0
proto,2,SR386_40X_HE_T098_01,0,0.4913882911205292,0
proto,2,SR386_40X_HE_T105_01,0,0.48225075006484985,0
proto,2,SR386_40X_HE_T122_01,0,0.499642938375473,0
proto,2,SR386_40X_HE_T123_01,0,0.4959767460823059,0
proto,2,SR386_40X_HE_T133_01,0,0.4838138818740845,0
proto,2,SR386_40X_HE_T145_01,0,0.48631685972213745,0
proto,2,SR386_40X_HE_T150_01,0,0.49151068925857544,0
proto,2,SR386_40X_HE_T152_01,0,0.487145334482193,0
proto,2,SR386_40X_HE_T155_01,0,0.4820004999637604,0
proto,2,SR386_40X_HE_T157_01,0,0.48800957202911377,0
proto,2,SR386_40X_HE_T164_01,0,0.48535585403442383,0
proto,2,SR386_40X_HE_T166_01,0,0.48751407861709595,0
proto,2,SR386_40X_HE_T176_01,1,0.4883837103843689,0
proto,2,SR386_40X_HE_T177_01,0,0.4938836395740509,0
proto,2,SR386_40X_HE_T178_01,0,0.4886946678161621,0
proto,2,SR386_40X_HE_T187_01,0,0.4891030192375183,0
proto,2,SR386_40X_HE_T190_01,0,0.48266637325286865,0
proto,2,SR386_40X_HE_T192_01,0,0.4929071068763733,0
proto,2,SR386_40X_HE_T198_01,0,0.49088984727859497,0
proto,2,SR386_40X_HE_T200_01,0,0.4909467101097107,0
proto,2,SR386_40X_HE_T206_01,1,0.4898093342781067,0
proto,2,SR386_40X_HE_T211_01,0,0.49386659264564514,0
proto,2,SR386_40X_HE_T213_01,0,0.49984753131866455,0
proto,2,SR386_40X_HE_T214_01,0,0.5058411955833435,1
proto,2,SR386_40X_HE_T220_01,0,0.49150651693344116,0
proto,2,SR386_40X_HE_T230_01,1,0.490416556596756,0
proto,2,SR386_40X_HE_T236_01,0,0.48737120628356934,0
proto,2,SR386_40X_HE_T237_01,0,0.49089398980140686,0
proto,2,SR386_40X_HE_T240_01,0,0.49122804403305054,0
proto,2,SR386_40X_HE_T241_01,0,0.4833698272705078,0
proto,2,SR386_40X_HE_T242_01,0,0.4854133725166321,0
proto,2,SR386_40X_HE_T253_01,0,0.4886093735694885,0
proto,2,SR386_40X_HE_T260_01,0,0.5027180910110474,1
proto,2,SR386_40X_HE_T262_01,0,0.5023683905601501,1
proto,2,SR386_40X_HE_T264_01,0,0.5014960765838623,1
proto,2,SR386_40X_HE_T271_01,0,0.4885174632072449,0
proto,2,SR386_40X_HE_T281_01,0,0.4836066663265228,0
proto,2,SR386_40X_HE_T297_01,0,0.4914601743221283,0
proto,2,SR386_40X_HE_T299_01,0,0.4826127290725708,0
proto,2,SR386_40X_HE_T301_01,0,0.4852118492126465,0
proto,2,SR386_40X_HE_T306_01,0,0.4918522834777832,0
proto,2,SR386_40X_HE_T309_01,0,0.48738735914230347,0
proto,2,SR386_40X_HE_T314_01,0,0.4888250231742859,0
proto,2,SR386_40X_HE_T316_01,0,0.49591150879859924,0
proto,2,SR386_40X_HE_T318_01,0,0.511246919631958,1
proto,2,SR386_40X_HE_T321_01,0,0.48766568303108215,0
proto,2,SR386_40X_HE_T326_01,0,0.48553863167762756,0
proto,2,SR386_40X_HE_T327_01,0,0.4780525267124176,0
proto,2,SR386_40X_HE_T332_01,1,0.49032947421073914,0
proto,2,SR386_40X_HE_T355_01,0,0.4943810701370239,0
proto,2,SR386_40X_HE_T364_01,0,0.49778062105178833,0
proto,2,SR386_40X_HE_T368_01,1,0.5060379505157471,1
proto,2,SR386_40X_HE_T374_01,0,0.48212358355522156,0
proto,2,SR386_40X_HE_T380_01,0,0.48247668147087097,0
proto,2,SR386_40X_HE_T382_01,0,0.4816756248474121,0
proto,2,SR386_40X_HE_T392_01,0,0.4827921986579895,0
proto,2,SR386_40X_HE_T398_01,0,0.4874972701072693,0
proto,2,SR386_40X_HE_T402_01,1,0.5098215341567993,1
proto,2,SR386_40X_HE_T404_01,0,0.4830531179904938,0
proto,2,SR386_40X_HE_T415_01,0,0.4828202724456787,0
proto,2,SR386_40X_HE_T417_01,0,0.48958906531333923,0
proto,2,SR386_40X_HE_T425_01,0,0.48256537318229675,0
proto,2,SR386_40X_HE_T436_01,1,0.4928731620311737,0
proto,2,SR386_40X_HE_T437_01,0,0.4911377727985382,0
proto,2,SR386_40X_HE_T440_01,0,0.4931514263153076,0
proto,2,SR386_40X_HE_T445_01,0,0.48295676708221436,0
proto,2,SR386_40X_HE_T450_01,0,0.48463478684425354,0
proto,2,SR386_40X_HE_T459_01,0,0.5051952600479126,1
proto,2,SR386_40X_HE_T472_01,0,0.4820803999900818,0
proto,2,SR386_40X_HE_T481_01,0,0.4868790805339813,0
proto,2,SR386_40X_HE_T483_01,0,0.4990362524986267,0
proto,2,SR386_40X_HE_T486_01,0,0.48883965611457825,0
proto,2,SR386_40X_HE_T488_01,0,0.4935537278652191,0
proto,2,SR386_40X_HE_T499_01,0,0.505566418170929,1
proto,2,SR386_40X_HE_T507_01,0,0.498522013425827,0
proto,2,SR386_40X_HE_T514_01,0,0.48304516077041626,0
proto,2,SR386_40X_HE_T520_01,1,0.4846852123737335,0
proto,2,SR386_40X_HE_T522_01,0,0.48768338561058044,0
proto,2,SR386_40X_HE_T531_01,0,0.4843025803565979,0
proto,2,SR386_40X_HE_T535_01,0,0.499036967754364,0
proto,2,SR386_40X_HE_T539_01,0,0.4857548773288727,0
proto,2,SR386_40X_HE_T549_01,0,0.49852362275123596,0
proto,2,SR386_40X_HE_T552_01,0,0.49493008852005005,0
proto,2,SR386_40X_HE_T553_01,0,0.487581342458725,0
proto,2,SR386_40X_HE_T554_01,0,0.48852434754371643,0
proto,2,SR386_40X_HE_T558_01,0,0.481842041015625,0
proto,2,SR386_40X_HE_T564_01,0,0.49705711007118225,0
proto,2,SR386_40X_HE_T570_01,0,0.4852936267852783,0
proto,2,SR386_40X_HE_T574_01,0,0.4854293167591095,0
proto,2,SR386_40X_HE_T578_01,0,0.4891771674156189,0
proto,2,SR386_40X_HE_T580_01,0,0.48892876505851746,0
proto,3,SR1482_40X_HE_T005_01,0,0.5041772723197937,1
proto,3,SR1482_40X_HE_T005_02,0,0.5111146569252014,1
proto,3,SR1482_40X_HE_T010_01,0,0.4998059570789337,0
proto,3,SR1482_40X_HE_T043_01,0,0.5140987634658813,1
proto,3,SR1482_40X_HE_T043_02,0,0.5129519701004028,1
proto,3,SR1482_40X_HE_T049_01,0,0.5017637610435486,1
proto,3,SR1482_40X_HE_T061_01,0,0.5145959854125977,1
proto,3,SR1482_40X_HE_T061_02,0,0.5178508162498474,1
proto,3,SR1482_40X_HE_T070_01,1,0.5154357552528381,1
proto,3,SR1482_40X_HE_T073_01,0,0.5068666934967041,1
proto,3,SR1482_40X_HE_T082_01,0,0.5103590488433838,1
proto,3,SR1482_40X_HE_T082_02,0,0.5108073949813843,1
proto,3,SR1482_40X_HE_T089_01,0,0.5013726353645325,1
proto,3,SR1482_40X_HE_T090_01,0,0.49054375290870667,0
proto,3,SR1482_40X_HE_T094_01,1,0.516560435295105,1
proto,3,SR1482_40X_HE_T094_02,1,0.5163706541061401,1
proto,3,SR1482_40X_HE_T105_01,0,0.49549031257629395,0
proto,3,SR1482_40X_HE_T115_01,0,0.5004827976226807,1
proto,3,SR1482_40X_HE_T115_02,0,0.49843814969062805,0
proto,3,SR1482_40X_HE_T118_01,0,0.5127959847450256,1
proto,3,SR1482_40X_HE_T118_02,0,0.5082179307937622,1
proto,3,SR1482_40X_HE_T120_01,0,0.5122714042663574,1
proto,3,SR1482_40X_HE_T120_02,0,0.512881338596344,1
proto,3,SR1482_40X_HE_T124_01,0,0.5067458748817444,1
proto,3,SR1482_40X_HE_T124_02,0,0.5046865940093994,1
proto,3,SR1482_40X_HE_T138_01,0,0.5013271570205688,1
proto,3,SR1482_40X_HE_T160_01,0,0.5051846504211426,1
proto,3,SR1482_40X_HE_T160_02,0,0.5056359171867371,1
proto,3,SR1482_40X_HE_T167_01,0,0.5121855139732361,1
proto,3,SR1482_40X_HE_T167_02,0,0.5010125637054443,1
proto,3,SR1482_40X_HE_T175_01,0,0.5152994394302368,1
proto,3,SR1482_40X_HE_T175_02,0,0.5132299065589905,1
proto,3,SR1482_40X_HE_T177_01,1,0.506096601486206,1
proto,3,SR1482_40X_HE_T188_01,0,0.5082786083221436,1
proto,3,SR1482_40X_HE_T195_01,0,0.507949709892273,1
proto,3,SR1482_40X_HE_T195_02,0,0.5096943378448486,1
proto,3,SR1482_40X_HE_T202_01,0,0.5129397511482239,1
proto,3,SR1482_40X_HE_T202_02,0,0.5069471001625061,1
proto,3,SR1482_40X_HE_T225_01,0,0.5177159309387207,1
proto,3,SR1482_40X_HE_T225_02,0,0.5024192333221436,1
proto,3,SR1482_40X_HE_T235_01,0,0.5086372494697571,1
proto,3,SR1482_40X_HE_T235_02,0,0.5115740895271301,1
proto,3,SR1482_40X_HE_T236_01,0,0.5137553811073303,1
proto,3,SR1482_40X_HE_T236_02,0,0.5092598795890808,1
proto,3,SR1482_40X_HE_T258_01,0,0.5112248063087463,1
proto,3,SR1482_40X_HE_T258_02,0,0.5123321413993835,1
proto,3,SR1482_40X_HE_T284_01,1,0.5114893913269043,1
proto,3,SR1482_40X_HE_T284_02,1,0.504238486289978,1
proto,3,SR1482_40X_HE_T301_01,1,0.5089708566665649,1
proto,3,SR1482_40X_HE_T301_02,1,0.5045297145843506,1
proto,3,SR1482_40X_HE_T309_01,0,0.514872133731842,1
proto,3,SR1482_40X_HE_T313_01,0,0.5119198560714722,1
proto,3,SR1482_40X_HE_T313_02,0,0.5164148211479187,1
proto,3,SR1482_40X_HE_T338_01,0,0.5091310143470764,1
proto,3,SR1482_40X_HE_T344_01,0,0.5052785277366638,1
proto,3,SR1482_40X_HE_T344_02,0,0.501858651638031,1
proto,3,SR1482_40X_HE_T346_01,0,0.5112526416778564,1
proto,3,SR1482_40X_HE_T346_02,0,0.5119924545288086,1
proto,3,SR1482_40X_HE_T377_01,0,0.5108370780944824,1
proto,3,SR1482_40X_HE_T377_02,0,0.5132991075515747,1
proto,3,SR1482_40X_HE_T419_01,0,0.5033330321311951,1
proto,3,SR1482_40X_HE_T427_01,0,0.5074691772460938,1
proto,3,SR1482_40X_HE_T427_02,0,0.510216236114502,1
proto,3,SR386_40X_HE_T007_01,0,0.4878748655319214,0
proto,3,SR386_40X_HE_T015_01,0,0.48387911915779114,0
proto,3,SR386_40X_HE_T017_01,1,0.48989057540893555,0
proto,3,SR386_40X_HE_T032_01,0,0.48874375224113464,0
proto,3,SR386_40X_HE_T034_01,0,0.4842633605003357,0
proto,3,SR386_40X_HE_T035_01,0,0.48498132824897766,0
proto,3,SR386_40X_HE_T041_01,0,0.48416271805763245,0
proto,3,SR386_40X_HE_T067_01,0,0.4813464283943176,0
proto,3,SR386_40X_HE_T075_01,0,0.48602476716041565,0
proto,3,SR386_40X_HE_T081_01,0,0.4944884181022644,0
proto,3,SR386_40X_HE_T083_01,0,0.4859425127506256,0
proto,3,SR386_40X_HE_T085_01,0,0.47866758704185486,0
proto,3,SR386_40X_HE_T095_01,0,0.5014703869819641,1
proto,3,SR386_40X_HE_T104_01,0,0.48549655079841614,0
proto,3,SR386_40X_HE_T106_01,0,0.4865398705005646,0
proto,3,SR386_40X_HE_T112_01,0,0.4894901514053345,0
proto,3,SR386_40X_HE_T128_01,0,0.4796938896179199,0
proto,3,SR386_40X_HE_T132_01,0,0.49505317211151123,0
proto,3,SR386_40X_HE_T138_01,0,0.4831657409667969,0
proto,3,SR386_40X_HE_T142_01,0,0.48864611983299255,0
proto,3,SR386_40X_HE_T149_01,0,0.48419520258903503,0
proto,3,SR386_40X_HE_T165_01,1,0.4842255711555481,0
proto,3,SR386_40X_HE_T179_01,0,0.4899100661277771,0
proto,3,SR386_40X_HE_T180_01,0,0.4937048852443695,0
proto,3,SR386_40X_HE_T182_01,0,0.493744432926178,0
proto,3,SR386_40X_HE_T184_01,0,0.49334171414375305,0
proto,3,SR386_40X_HE_T188_01,0,0.49543243646621704,0
proto,3,SR386_40X_HE_T191_01,0,0.4892709255218506,0
proto,3,SR386_40X_HE_T197_01,0,0.48101598024368286,0
proto,3,SR386_40X_HE_T201_01,0,0.49404439330101013,0
proto,3,SR386_40X_HE_T202_01,0,0.48294204473495483,0
proto,3,SR386_40X_HE_T208_01,0,0.4898552894592285,0
proto,3,SR386_40X_HE_T216_01,1,0.4857238233089447,0
proto,3,SR386_40X_HE_T238_01,0,0.4944397807121277,0
proto,3,SR386_40X_HE_T244_01,0,0.4965185225009918,0
proto,3,SR386_40X_HE_T248_01,0,0.483632892370224,0
proto,3,SR386_40X_HE_T249_01,0,0.4941565990447998,0
proto,3,SR386_40X_HE_T250_01,0,0.4985707104206085,0
proto,3,SR386_40X_HE_T263_01,0,0.4876730144023895,0
proto,3,SR386_40X_HE_T267_01,0,0.49061888456344604,0
proto,3,SR386_40X_HE_T269_01,0,0.4781225025653839,0
proto,3,SR386_40X_HE_T277_01,0,0.48356878757476807,0
proto,3,SR386_40X_HE_T286_01,0,0.5139431953430176,1
proto,3,SR386_40X_HE_T287_01,0,0.4950765371322632,0
proto,3,SR386_40X_HE_T290_01,0,0.489080011844635,0
proto,3,SR386_40X_HE_T293_01,0,0.487343430519104,0
proto,3,SR386_40X_HE_T298_01,0,0.4831636846065521,0
proto,3,SR386_40X_HE_T303_01,0,0.47896453738212585,0
proto,3,SR386_40X_HE_T312_01,0,0.4851306080818176,0
proto,3,SR386_40X_HE_T329_01,0,0.49599379301071167,0
proto,3,SR386_40X_HE_T336_01,0,0.49066242575645447,0
proto,3,SR386_40X_HE_T338_01,0,0.48585331439971924,0
proto,3,SR386_40X_HE_T342_01,0,0.4982527196407318,0
proto,3,SR386_40X_HE_T353_01,0,0.5009599328041077,1
proto,3,SR386_40X_HE_T357_01,0,0.4803875684738159,0
proto,3,SR386_40X_HE_T362_01,0,0.5074889063835144,1
proto,3,SR386_40X_HE_T363_01,1,0.48931387066841125,0
proto,3,SR386_40X_HE_T372_01,0,0.4971773326396942,0
proto,3,SR386_40X_HE_T378_01,0,0.47971123456954956,0
proto,3,SR386_40X_HE_T379_01,0,0.48331061005592346,0
proto,3,SR386_40X_HE_T386_01,0,0.48811963200569153,0
proto,3,SR386_40X_HE_T387_01,0,0.5092594623565674,1
proto,3,SR386_40X_HE_T393_01,0,0.4936906099319458,0
proto,3,SR386_40X_HE_T397_01,0,0.4903937578201294,0
proto,3,SR386_40X_HE_T406_01,0,0.5053121447563171,1
proto,3,SR386_40X_HE_T409_01,0,0.4945932626724243,0
proto,3,SR386_40X_HE_T422_01,0,0.4782053828239441,0
proto,3,SR386_40X_HE_T426_01,0,0.4837810695171356,0
proto,3,SR386_40X_HE_T433_01,0,0.49343863129615784,0
proto,3,SR386_40X_HE_T443_01,0,0.48284226655960083,0
proto,3,SR386_40X_HE_T448_01,0,0.4837418496608734,0
proto,3,SR386_40X_HE_T452_01,0,0.49135321378707886,0
proto,3,SR386_40X_HE_T460_01,1,0.48621779680252075,0
proto,3,SR386_40X_HE_T473_01,0,0.48622313141822815,0
proto,3,SR386_40X_HE_T475_01,0,0.5019665956497192,1
proto,3,SR386_40X_HE_T478_01,0,0.4860793352127075,0
proto,3,SR386_40X_HE_T489_01,1,0.485610693693161,0
proto,3,SR386_40X_HE_T491_01,0,0.4898807406425476,0
proto,3,SR386_40X_HE_T492_01,0,0.4823988378047943,0
proto,3,SR386_40X_HE_T493_01,0,0.5020817518234253,1
proto,3,SR386_40X_HE_T502_01,0,0.47956135869026184,0
proto,3,SR386_40X_HE_T505_01,0,0.5002470016479492,1
proto,3,SR386_40X_HE_T506_01,0,0.4928863048553467,0
proto,3,SR386_40X_HE_T509_01,0,0.4976344406604767,0
proto,3,SR386_40X_HE_T516_01,0,0.481929212808609,0
proto,3,SR386_40X_HE_T518_01,0,0.48715001344680786,0
proto,3,SR386_40X_HE_T519_01,0,0.4829072058200836,0
proto,3,SR386_40X_HE_T521_01,0,0.48461681604385376,0
proto,3,SR386_40X_HE_T526_01,0,0.48462504148483276,0
proto,3,SR386_40X_HE_T533_01,0,0.488095223903656,0
proto,3,SR386_40X_HE_T543_01,0,0.4929097592830658,0
proto,3,SR386_40X_HE_T544_01,0,0.4854303300380707,0
proto,3,SR386_40X_HE_T556_01,1,0.48894402384757996,0
proto,3,SR386_40X_HE_T560_01,0,0.48692646622657776,0
proto,3,SR386_40X_HE_T563_01,0,0.4857896864414215,0
proto,3,SR386_40X_HE_T568_01,0,0.49215349555015564,0
proto,3,SR386_40X_HE_T571_01,0,0.49190518260002136,0
proto,3,SR386_40X_HE_T572_01,0,0.5041472315788269,1
proto,3,SR386_40X_HE_T573_01,0,0.4821265637874603,0
proto,3,SR386_40X_HE_T583_01,0,0.47908976674079895,0
proto,4,SR1482_40X_HE_T002_01,0,0.4972250163555145,0
proto,4,SR1482_40X_HE_T003_01,0,0.5057101845741272,1
proto,4,SR1482_40X_HE_T004_01,0,0.5019255876541138,1
proto,4,SR1482_40X_HE_T004_02,0,0.5083302855491638,1
proto,4,SR1482_40X_HE_T011_01,0,0.5006114840507507,1
proto,4,SR1482_40X_HE_T025_01,0,0.5029717087745667,1
proto,4,SR1482_40X_HE_T025_02,0,0.5033479928970337,1
proto,4,SR1482_40X_HE_T060_01,0,0.5109056234359741,1
proto,4,SR1482_40X_HE_T062_01,0,0.5067468285560608,1
proto,4,SR1482_40X_HE_T062_02,0,0.4995526969432831,0
proto,4,SR1482_40X_HE_T064_01,0,0.5114191770553589,1
proto,4,SR1482_40X_HE_T064_02,0,0.5056838989257812,1
proto,4,SR1482_40X_HE_T071_01,0,0.5096681118011475,1
proto,4,SR1482_40X_HE_T071_02,0,0.5093008279800415,1
proto,4,SR1482_40X_HE_T074_01,0,0.4995853304862976,0
proto,4,SR1482_40X_HE_T074_02,0,0.4970194399356842,0
proto,4,SR1482_40X_HE_T083_01,0,0.5135313868522644,1
proto,4,SR1482_40X_HE_T083_02,0,0.5134535431861877,1
proto,4,SR1482_40X_HE_T087_01,0,0.5037750601768494,1
proto,4,SR1482_40X_HE_T097_01,1,0.513434112071991,1
proto,4,SR1482_40X_HE_T097_02,1,0.5102154016494751,1
proto,4,SR1482_40X_HE_T108_01,0,0.494337797164917,0
proto,4,SR1482_40X_HE_T113_01,0,0.5081233978271484,1
proto,4,SR1482_40X_HE_T113_02,0,0.5131893157958984,1
proto,4,SR1482_40X_HE_T121_01,0,0.4894597828388214,0
proto,4,SR1482_40X_HE_T122_01,0,0.49576425552368164,0
proto,4,SR1482_40X_HE_T125_01,0,0.5087260007858276,1
proto,4,SR1482_40X_HE_T125_02,0,0.5073552131652832,1
proto,4,SR1482_40X_HE_T131_01,0,0.5056397914886475,1
proto,4,SR1482_40X_HE_T131_02,0,0.5137687921524048,1
proto,4,SR1482_40X_HE_T132_01,0,0.5049923062324524,1
proto,4,SR1482_40X_HE_T132_02,0,0.5091444849967957,1
proto,4,SR1482_40X_HE_T143_01,0,0.5133359432220459,1
proto,4,SR1482_40X_HE_T143_02,0,0.512740969657898,1
proto,4,SR1482_40X_HE_T166_01,1,0.5003058910369873,1
proto,4,SR1482_40X_HE_T169_01,0,0.5069085359573364,1
proto,4,SR1482_40X_HE_T176_01,1,0.5124952793121338,1
proto,4,SR1482_40X_HE_T176_02,1,0.5131853818893433,1
proto,4,SR1482_40X_HE_T191_01,0,0.5037821531295776,1
proto,4,SR1482_40X_HE_T194_01,0,0.5166735053062439,1
proto,4,SR1482_40X_HE_T218_01,0,0.5006049871444702,1
proto,4,SR1482_40X_HE_T253_01,0,0.49458399415016174,0
proto,4,SR1482_40X_HE_T290_01,0,0.5124723315238953,1
proto,4,SR1482_40X_HE_T308_01,0,0.5086579322814941,1
proto,4,SR1482_40X_HE_T314_01,0,0.5164629817008972,1
proto,4,SR1482_40X_HE_T314_02,0,0.5171739459037781,1
proto,4,SR1482_40X_HE_T372_01,1,0.5049806237220764,1
proto,4,SR1482_40X_HE_T372_02,1,0.5055216550827026,1
proto,4,SR1482_40X_HE_T408_01,0,0.5005154609680176,1
proto,4,SR1482_40X_HE_T412_01,0,0.5021923780441284,1
proto,4,SR1482_40X_HE_T425_01,0,0.4923398494720459,0
proto,4,SR1482_40X_HE_T434_01,1,0.5020172595977783,1
proto,4,SR386_40X_HE_T006_01,0,0.48259618878364563,0
proto,4,SR386_40X_HE_T010_01,0,0.4892665445804596,0
proto,4,SR386_40X_HE_T014_01,0,0.48721444606781006,0
proto,4,SR386_40X_HE_T016_01,0,0.4809017479419708,0
proto,4,SR386_40X_HE_T020_01,0,0.48161235451698303,0
proto,4,SR386_40X_HE_T027_01,0,0.5009718537330627,1
proto,4,SR386_40X_HE_T028_01,0,0.4908800423145294,0
proto,4,SR386_40X_HE_T037_01,0,0.4867246747016907,0
proto,4,SR386_40X_HE_T043_01,0,0.48209765553474426,0
proto,4,SR386_40X_HE_T044_01,1,0.48558756709098816,0
proto,4,SR386_40X_HE_T046_01,0,0.4929802417755127,0
proto,4,SR386_40X_HE_T058_01,0,0.48438507318496704,0
proto,4,SR386_40X_HE_T062_01,0,0.4826184809207916,0
proto,4,SR386_40X_HE_T065_01,1,0.4835592806339264,0
proto,4,SR386_40X_HE_T080_01,0,0.4870087206363678,0
proto,4,SR386_40X_HE_T091_01,0,0.48552465438842773,0
proto,4,SR386_40X_HE_T094_01,0,0.480956494808197,0
proto,4,SR386_40X_HE_T097_01,0,0.4997163712978363,0
proto,4,SR386_40X_HE_T100_01,0,0.49257194995880127,0
proto,4,SR386_40X_HE_T107_01,0,0.4907192289829254,0
proto,4,SR386_40X_HE_T109_01,1,0.490682452917099,0
proto,4,SR386_40X_HE_T110_01,0,0.48843082785606384,0
proto,4,SR386_40X_HE_T117_01,0,0.4819607436656952,0
proto,4,SR386_40X_HE_T127_01,0,0.4880014657974243,0
proto,4,SR386_40X_HE_T129_01,0,0.4858977496623993,0
proto,4,SR386_40X_HE_T136_01,0,0.4851713180541992,0
proto,4,SR386_40X_HE_T154_01,0,0.48925116658210754,0
proto,4,SR386_40X_HE_T168_01,1,0.485576868057251,0
proto,4,SR386_40X_HE_T175_01,0,0.483659565448761,0
proto,4,SR386_40X_HE_T189_01,0,0.484632670879364,0
proto,4,SR386_40X_HE_T195_01,0,0.4817078411579132,0
proto,4,SR386_40X_HE_T227_01,0,0.49526622891426086,0
proto,4,SR386_40X_HE_T233_01,0,0.49549826979637146,0
proto,4,SR386_40X_HE_T234_01,0,0.49673402309417725,0
proto,4,SR386_40X_HE_T235_01,0,0.4828999936580658,0
proto,4,SR386_40X_HE_T239_01,0,0.49639609456062317,0
proto,4,SR386_40X_HE_T245_01,0,0.48310548067092896,0
proto,4,SR386_40X_HE_T256_01,0,0.49000462889671326,0
proto,4,SR386_40X_HE_T265_01,0,0.4830649495124817,0
proto,4,SR386_40X_HE_T268_01,0,0.4994475841522217,0
proto,4,SR386_40X_HE_T270_01,0,0.48817121982574463,0
proto,4,SR386_40X_HE_T272_01,0,0.5068067312240601,1
proto,4,SR386_40X_HE_T273_01,0,0.49927791953086853,0
proto,4,SR386_40X_HE_T276_01,0,0.4903199076652527,0
proto,4,SR386_40X_HE_T278_01,1,0.4896952211856842,0
proto,4,SR386_40X_HE_T284_01,0,0.4884466230869293,0
proto,4,SR386_40X_HE_T285_01,0,0.48383694887161255,0
proto,4,SR386_40X_HE_T288_01,0,0.4938585162162781,0
proto,4,SR386_40X_HE_T291_01,0,0.48472219705581665,0
proto,4,SR386_40X_HE_T300_01,0,0.49150174856185913,0
proto,4,SR386_40X_HE_T302_01,0,0.48427802324295044,0
proto,4,SR386_40X_HE_T305_01,0,0.4846113920211792,0
proto,4,SR386_40X_HE_T308_01,0,0.4895424544811249,0
proto,4,SR386_40X_HE_T325_01,0,0.49374479055404663,0
proto,4,SR386_40X_HE_T331_01,0,0.4882664978504181,0
proto,4,SR386_40X_HE_T341_01,0,0.5025235414505005,1
proto,4,SR386_40X_HE_T343_01,1,0.4893406629562378,0
proto,4,SR386_40X_HE_T346_01,0,0.4913423955440521,0
proto,4,SR386_40X_HE_T352_01,0,0.4928976595401764,0
proto,4,SR386_40X_HE_T373_01,0,0.4994732737541199,0
proto,4,SR386_40X_HE_T375_01,0,0.489094614982605,0
proto,4,SR386_40X_HE_T381_01,0,0.4840245246887207,0
proto,4,SR386_40X_HE_T389_01,0,0.5043220520019531,1
proto,4,SR386_40X_HE_T391_01,0,0.487382709980011,0
proto,4,SR386_40X_HE_T394_01,0,0.48372071981430054,0
proto,4,SR386_40X_HE_T399_01,0,0.5041118860244751,1
proto,4,SR386_40X_HE_T403_01,0,0.4904134273529053,0
proto,4,SR386_40X_HE_T405_01,0,0.5033763647079468,1
proto,4,SR386_40X_HE_T407_01,0,0.49296796321868896,0
proto,4,SR386_40X_HE_T414_01,0,0.48620525002479553,0
proto,4,SR386_40X_HE_T424_01,0,0.493757426738739,0
proto,4,SR386_40X_HE_T429_01,0,0.5052072405815125,1
proto,4,SR386_40X_HE_T441_01,0,0.49166348576545715,0
proto,4,SR386_40X_HE_T451_01,0,0.48519468307495117,0
proto,4,SR386_40X_HE_T453_01,0,0.48295795917510986,0
proto,4,SR386_40X_HE_T455_01,0,0.4976769983768463,0
proto,4,SR386_40X_HE_T465_01,0,0.5045769810676575,1
proto,4,SR386_40X_HE_T474_01,0,0.49418991804122925,0
proto,4,SR386_40X_HE_T476_01,0,0.4942106604576111,0
proto,4,SR386_40X_HE_T479_01,0,0.5033761262893677,1
proto,4,SR386_40X_HE_T482_01,0,0.4896569848060608,0
proto,4,SR386_40X_HE_T487_01,0,0.5001984238624573,1
proto,4,SR386_40X_HE_T490_01,0,0.49021902680397034,0
proto,4,SR386_40X_HE_T494_01,0,0.48422250151634216,0
proto,4,SR386_40X_HE_T500_01,0,0.4827645421028137,0
proto,4,SR386_40X_HE_T510_01,0,0.489166259765625,0
proto,4,SR386_40X_HE_T524_01,0,0.4901319444179535,0
proto,4,SR386_40X_HE_T528_01,0,0.5004006624221802,1
proto,4,SR386_40X_HE_T532_01,0,0.494610458612442,0
proto,4,SR386_40X_HE_T534_01,0,0.4971389174461365,0
proto,4,SR386_40X_HE_T536_01,0,0.4847751259803772,0
proto,4,SR386_40X_HE_T537_01,0,0.4981909692287445,0
proto,4,SR386_40X_HE_T541_01,0,0.4873841106891632,0
proto,4,SR386_40X_HE_T548_01,1,0.5033783316612244,1
proto,4,SR386_40X_HE_T550_01,0,0.4884946048259735,0
proto,4,SR386_40X_HE_T551_01,0,0.4858190715312958,0
proto,4,SR386_40X_HE_T557_01,0,0.4938236176967621,0
proto,4,SR386_40X_HE_T565_01,0,0.4951629638671875,0
proto,4,SR386_40X_HE_T567_01,0,0.4922952353954315,0
proto,4,SR386_40X_HE_T575_01,0,0.49253425002098083,0
proto,4,SR386_40X_HE_T576_01,0,0.48814189434051514,0
proto,4,SR386_40X_HE_T581_01,0,0.505027174949646,1
rf,1,SR1482_40X_HE_T029_01,0,0.12457212855620578,0
rf,1,SR1482_40X_HE_T029_02,0,0.13495308093715813,0
rf,1,SR1482_40X_HE_T057_01,0,0.04927821198409434,0
rf,1,SR1482_40X_HE_T063_01,1,0.2721572245358035,0
rf,1,SR1482_40X_HE_T063_02,1,0.11852601565101564,0
rf,1,SR1482_40X_HE_T065_01,0,0.18835930735930734,0
rf,1,SR1482_40X_HE_T065_02,0,0.07150691244239632,0
rf,1,SR1482_40X_HE_T066_01,0,0.16484945503591283,0
rf,1,SR1482_40X_HE_T066_02,0,0.3359607843137255,1
rf,1,SR1482_40X_HE_T068_01,0,0.027366581415174767,0
rf,1,SR1482_40X_HE_T069_01,0,0.08319797275894837,0
rf,1,SR1482_40X_HE_T069_02,0,0.08234270718590035,0
rf,1,SR1482_40X_HE_T079_01,1,0.22735914492012052,0
rf,1,SR1482_40X_HE_T079_02,1,0.274162630354742,0
rf,1,SR1482_40X_HE_T080_01,0,0.16150170662670663,0
rf,1,SR1482_40X_HE_T080_02,0,0.10377589889785009,0
rf,1,SR1482_40X_HE_T081_01,0,0.12525437516425966,0
rf,1,SR1482_40X_HE_T081_02,0,0.059711962833914056,0
rf,1,SR1482_40X_HE_T099_01,0,0.03467702150790386,0
rf,1,SR1482_40X_HE_T116_01,0,0.08736477114344816,0
rf,1,SR1482_40X_HE_T117_01,0,0.24058890887733392,0
rf,1,SR1482_40X_HE_T117_02,0,0.1840407903292154,0
rf,1,SR1482_40X_HE_T126_01,0,0.30097906039248545,1
rf,1,SR1482_40X_HE_T129_01,0,0.10491341991341992,0
rf,1,SR1482_40X_HE_T129_02,0,0.15650232879075385,0
rf,1,SR1482_40X_HE_T139_01,0,0.24932201679634597,0
rf,1,SR1482_40X_HE_T139_02,0,0.2100282087079381,0
rf,1,SR1482_40X_HE_T147_01,0,0.3368323778067785,1
rf,1,SR1482_40X_HE_T147_02,0,0.4508167657306825,1
rf,1,SR1482_40X_HE_T159_01,0,0.2385399641009397,0
rf,1,SR1482_40X_HE_T159_02,0,0.14071312427409988,0
rf,1,SR1482_40X_HE_T192_01,0,0.10651136363636364,0
rf,1,SR1482_40X_HE_T199_01,0,0.1082424528043017,0
rf,1,SR1482_40X_HE_T304_01,0,0.08643151648010983,0
rf,1,SR1482_40X_HE_T304_02,0,0.066,0
rf,1,SR1482_40X_HE_T310_01,1,0.20846604745896638,0
rf,1,SR1482_40X_HE_T310_02,1,0.10633637059299839,0
rf,1,SR1482_40X_HE_T341_01,0,0.044841491841491846,0
rf,1,SR1482_40X_HE_T341_02,0,0.0419047619047619,0
rf,1,SR1482_40X_HE_T353_01,0,0.07463984981344317,0
rf,1,SR1482_40X_HE_T390_01,0,0.05314506327006328,0
rf,1,SR1482_40X_HE_T433_01,1,0.20073085922731868,0
rf,1,SR386_40X_HE_T003_01,0,0.03789930359495577,0
rf,1,SR386_40X_HE_T004_01,0,0.05862854349951124,0
rf,1,SR386_40X_HE_T022_01,1,0.19343713938941937,0
rf,1,SR386_40X_HE_T030_01,0,0.11818357312165252,0
rf,1,SR386_40X_HE_T033_01,0,0.05555957657366108,0
rf,1,SR386_40X_HE_T036_01,0,0.03410142990002325,0
rf,1,SR386_40X_HE_T038_01,0,0.14131742767036884,0
rf,1,SR386_40X_HE_T049_01,0,0.02119797275894837,0
rf,1,SR386_40X_HE_T050_01,0,0.11857218862962372,0
rf,1,SR386_40X_HE_T060_01,0,0.07884576836207269,0
rf,1,SR386_40X_HE_T063_01,0,0.3142877525443803,1
rf,1,SR386_40X_HE_T066_01,0,0.08107589137840093,0
rf,1,SR386_40X_HE_T069_01,0,0.13324141749723145,0
rf,1,SR386_40X_HE_T072_01,0,0.07788670338316286,0
rf,1,SR386_40X_HE_T074_01,0,0.057462074157726334,0
rf,1,SR386_40X_HE_T078_01,0,0.05792599114990007,0
rf,1,SR386_40X_HE_T079_01,0,0.0035384615384615385,0
rf,1,SR386_40X_HE_T092_01,1,0.07063641117178744,0
rf,1,SR386_40X_HE_T096_01,0,0.013935483870967743,0
rf,1,SR386_40X_HE_T099_01,0,0.15829924242424243,0
rf,1,SR386_40X_HE_T103_01,0,0.14508240601080885,0
rf,1,SR386_40X_HE_T108_01,0,0.11273767756092525,0
rf,1,SR386_40X_HE_T113_01,0,0.08888911088911088,0
rf,1,SR386_40X_HE_T114_01,0,0.06676985240098844,0
rf,1,SR386_40X_HE_T119_01,0,0.015818181818181818,0
rf,1,SR386_40X_HE_T126_01,0,0.06483592248114303,0
rf,1,SR386_40X_HE_T130_01,0,0.007571428571428572,0
rf,1,SR386_40X_HE_T131_01,0,0.015693181818181818,0
rf,1,SR386_40X_HE_T135_01,0,0.13048438702943985,0
rf,1,SR386_40X_HE_T140_01,0,0.07882138151703368,0
rf,1,SR386_40X_HE_T144_01,0,0.09546820790015124,0
rf,1,SR386_40X_HE_T147_01,0,0.07101544420755587,0
rf,1,SR386_40X_HE_T148_01,0,0.17459473859473856,0
rf,1,SR386_40X_HE_T160_01,0,0.057935483870967745,0
rf,1,SR386_40X_HE_T169_01,0,0.04621752740882523,0
rf,1,SR386_40X_HE_T170_01,1,0.19378571834669395,0
rf,1,SR386_40X_HE_T172_01,0,0.29306422469536075,0
rf,1,SR386_40X_HE_T174_01,0,0.04500794763908369,0
rf,1,SR386_40X_HE_T181_01,0,0.02575366568914956,0
rf,1,SR386_40X_HE_T196_01,0,0.10689064558629775,0
rf,1,SR386_40X_HE_T205_01,0,0.2052152055261811,0
rf,1,SR386_40X_HE_T209_01,0,0.013154761904761905,0
rf,1,SR386_40X_HE_T210_01,0,0.14166208301502414,0
rf,1,SR386_40X_HE_T212_01,0,0.058,0
rf,1,SR386_40X_HE_T221_01,0,0.033722943722943724,0
rf,1,SR386_40X_HE_T224_01,0,0.07103308647873866,0
rf,1,SR386_40X_HE_T231_01,1,0.193025974025974,0
rf,1,SR386_40X_HE_T232_01,0,0.039523321154457204,0
rf,1,SR386_40X_HE_T247_01,0,0.09268494274542662,0
rf,1,SR386_40X_HE_T252_01,0,0.06254266972864533,0
rf,1,SR386_40X_HE_T255_01,0,0.07174945887445888,0
rf,1,SR386_40X_HE_T259_01,1,0.05774500768049155,0
rf,1,SR386_40X_HE_T274_01,0,0.02626140526140526,0
rf,1,SR386_40X_HE_T275_01,0,0.05612121212121213,0
rf,1,SR386_40X_HE_T282_01,0,0.008,0
rf,1,SR386_40X_HE_T294_01,0,0.14828911436558048,0
rf,1,SR386_40X_HE_T311_01,0,0.07140576496674057,0
rf,1,SR386_40X_HE_T315_01,0,0.041340829901805515,0
rf,1,SR386_40X_HE_T319_01,1,0.05723164335664335,0
rf,1,SR386_40X_HE_T324_01,1,0.04896103896103897,0
rf,1,SR386_40X_HE_T330_01,0,0.01510989010989011,0
rf,1,SR386_40X_HE_T333_01,0,0.11770488520134469,0
rf,1,SR386_40X_HE_T335_01,0,0.05066708560256947,0
rf,1,SR386_40X_HE_T337_01,0,0.16595172307367426,0
rf,1,SR386_40X_HE_T344_01,0,0.0407164465332361,0
rf,1,SR386_40X_HE_T347_01,0,0.03196078431372549,0
rf,1,SR386_40X_HE_T350_01,0,0.04685714285714286,0
rf,1,SR386_40X_HE_T351_01,0,0.03505669599217986,0
rf,1,SR386_40X_HE_T360_01,0,0.011935483870967743,0
rf,1,SR386_40X_HE_T361_01,0,0.05061080854629242,0
rf,1,SR386_40X_HE_T366_01,0,0.03806818181818182,0
rf,1,SR386_40X_HE_T377_01,1,0.11657604889266877,0
rf,1,SR386_40X_HE_T384_01,0,0.02294298043943992,0
rf,1,SR386_40X_HE_T395_01,0,0.06541262897924889,0
rf,1,SR386_40X_HE_T396_01,0,0.07821627554306375,0
rf,1,SR386_40X_HE_T401_01,0,0.12594164897751697,0
rf,1,SR386_40X_HE_T408_01,0,0.02904645760743322,0
rf,1,SR386_40X_HE_T410_01,0,0.07151627586518478,0
rf,1,SR386_40X_HE_T413_01,0,0.06784390119684239,0
rf,1,SR386_40X_HE_T416_01,0,0.06267532467532468,0
rf,1,SR386_40X_HE_T418_01,0,0.017405797101449273,0
rf,1,SR386_40X_HE_T419_01,0,0.05047015753064141,0
rf,1,SR386_40X_HE_T421_01,0,0.03929411764705883,0
rf,1,SR386_40X_HE_T423_01,0,0.021935483870967745,0
rf,1,SR386_40X_HE_T428_01,0,0.14005098303506022,0
rf,1,SR386_40X_HE_T430_01,0,0.02957142857142857,0
rf,1,SR386_40X_HE_T431_01,0,0.08423409433703552,0
rf,1,SR386_40X_HE_T435_01,0,0.1979231904740572,0
rf,1,SR386_40X_HE_T438_01,0,0.11713640526140524,0
rf,1,SR386_40X_HE_T439_01,0,0.09827059896625115,0
rf,1,SR386_40X_HE_T447_01,0,0.05301669027331806,0
rf,1,SR386_40X_HE_T449_01,0,0.015428571428571429,0
rf,1,SR386_40X_HE_T454_01,0,0.04980952380952381,0
rf,1,SR386_40X_HE_T456_01,0,0.06824820369612931,0
rf,1,SR386_40X_HE_T461_01,0,0.14145454545454544,0
rf,1,SR386_40X_HE_T462_01,0,0.04692929292929293,0
rf,1,SR386_40X_HE_T468_01,0,0.07103072196620584,0
rf,1,SR386_40X_HE_T469_01,1,0.0834093890308485,0
rf,1,SR386_40X_HE_T470_01,0,0.07957892513990075,0
rf,1,SR386_40X_HE_T471_01,0,0.05937979094076656,0
rf,1,SR386_40X_HE_T477_01,0,0.06555506718620324,0
rf,1,SR386_40X_HE_T480_01,0,0.13545554445554445,0
rf,1,SR386_40X_HE_T484_01,0,0.06509948248111028,0
rf,1,SR386_40X_HE_T495_01,0,0.017951219512195124,0
rf,1,SR386_40X_HE_T496_01,0,0.02777572964669739,0
rf,1,SR386_40X_HE_T498_01,0,0.36426827607876,1
rf,1,SR386_40X_HE_T504_01,0,0.07884943948057554,0
rf,1,SR386_40X_HE_T511_01,0,0.040649572649572654,0
rf,1,SR386_40X_HE_T517_01,0,0.17977805253418858,0
rf,1,SR386_40X_HE_T523_01,0,0.05957142857142857,0
rf,1,SR386_40X_HE_T529_01,0,0.028620457973399148,0
rf,1,SR386_40X_HE_T542_01,0,0.031128740824393,0
rf,1,SR386_40X_HE_T569_01,0,0.1902678200527046,0
rf,1,SR386_40X_HE_T582_01,0,0.03940579710144927,0
rf,2,SR1482_40X_HE_T009_01,0,0.06004545860643422,0
rf,2,SR1482_40X_HE_T009_02,0,0.07922445034640156,0
rf,2,SR1482_40X_HE_T015_01,0,0.10180750729942921,0
rf,2,SR1482_40X_HE_T021_01,0,0.07449950049950049,0
rf,2,SR1482_40X_HE_T067_01,0,0.11485017594791626,0
rf,2,SR1482_40X_HE_T075_01,0,0.09181818181818181,0
rf,2,SR1482_40X_HE_T075_02,0,0.17659999009644958,0
rf,2,SR1482_40X_HE_T098_01,0,0.11084943948057553,0
rf,2,SR1482_40X_HE_T098_02,0,0.030846324407300018,0
rf,2,SR1482_40X_HE_T102_01,0,0.23626283572135545,0
rf,2,SR1482_40X_HE_T123_01,0,0.11660789670962099,0
rf,2,SR1482_40X_HE_T142_01,0,0.050632957129416616,0
rf,2,SR1482_40X_HE_T146_01,0,0.340833804636224,1
rf,2,SR1482_40X_HE_T148_01,0,0.1623290043290043,0
rf,2,SR1482_40X_HE_T148_02,0,0.1488218004529365,0
rf,2,SR1482_40X_HE_T154_01,0,0.08602256751902701,0
rf,2,SR1482_40X_HE_T158_01,0,0.10238228027004408,0
rf,2,SR1482_40X_HE_T161_01,0,0.09595055482152257,0
rf,2,SR1482_40X_HE_T161_02,0,0.13938137131685516,0
rf,2,SR1482_40X_HE_T164_01,1,0.05550441225441226,0
rf,2,SR1482_40X_HE_T164_02,1,0.19716883116883116,0
rf,2,SR1482_40X_HE_T168_01,0,0.12850272055585146,0
rf,2,SR1482_40X_HE_T171_01,0,0.21934798534798533,0
rf,2,SR1482_40X_HE_T171_02,0,0.35710082390727554,1
rf,2,SR1482_40X_HE_T178_01,1,0.11293073593073594,0
rf,2,SR1482_40X_HE_T186_01,0,0.1350696633935066,0
rf,2,SR1482_40X_HE_T193_01,0,0.19430410712475926,0
rf,2,SR1482_40X_HE_T193_02,0,0.17649322318179433,0
rf,2,SR1482_40X_HE_T209_01,0,0.26189290990699443,0
rf,2,SR1482_40X_HE_T209_02,0,0.274870670995671,0
rf,2,SR1482_40X_HE_T245_01,0,0.13781602137699694,0
rf,2,SR1482_40X_HE_T245_02,0,0.13255351894482328,0
rf,2,SR1482_40X_HE_T265_01,0,0.0715292482219554,0
rf,2,SR1482_40X_HE_T302_01,0,0.10304216073781289,0
rf,2,SR1482_40X_HE_T343_01,1,0.07620508926557314,0
rf,2,SR1482_40X_HE_T343_02,1,0.12388399501159052,0
rf,2,SR1482_40X_HE_T399_01,0,0.07353846153846155,0
rf,2,SR1482_40X_HE_T399_02,0,0.11533874727423116,0
rf,2,SR1482_40X_HE_T426_01,0,0.10414341319654412,0
rf,2,SR1482_40X_HE_T426_02,0,0.12868673262221647,0
rf,2,SR386_40X_HE_T001_01,0,0.10197029589869873,0
rf,2,SR386_40X_HE_T013_01,0,0.07459066471163246,0
rf,2,SR386_40X_HE_T018_01,0,0.08371122179424666,0
rf,2,SR386_40X_HE_T019_01,0,0.025967451902935774,0
rf,2,SR386_40X_HE_T024_01,0,0.006,0
rf,2,SR386_40X_HE_T039_01,0,0.011246753246753248,0
rf,2,SR386_40X_HE_T040_01,1,0.14402225386999415,0
rf,2,SR386_40X_HE_T042_01,0,0.1093477521149239,0
rf,2,SR386_40X_HE_T047_01,0,0.014,0
rf,2,SR386_40X_HE_T051_01,0,0.016761904761904763,0
rf,2,SR386_40X_HE_T052_01,0,0.08095763245409192,0
rf,2,SR386_40X_HE_T056_01,0,0.05484632440730002,0
rf,2,SR386_40X_HE_T057_01,0,0.023935483870967743,0
rf,2,SR386_40X_HE_T070_01,0,0.015443223443223443,0
rf,2,SR386_40X_HE_T082_01,0,0.15203862988803055,0
rf,2,SR386_40X_HE_T084_01,0,0.12015792809341194,0
rf,2,SR386_40X_HE_T087_01,0,0.4816891495601173,1
rf,2,SR386_40X_HE_T088_01,0,0.06296969696969697,0
rf,2,SR386_40X_HE_T098_01,0,0.2645957402812242,0
rf,2,SR386_40X_HE_T105_01,0,0.033232604793580395,0
rf,2,SR386_40X_HE_T122_01,0,0.09920051319648093,0
rf,2,SR386_40X_HE_T123_01,0,0.144379126250094,0
rf,2,SR386_40X_HE_T133_01,0,0.06089694176790951,0
rf,2,SR386_40X_HE_T145_01,0,0.05752851040964646,0
rf,2,SR386_40X_HE_T150_01,0,0.4070004189359028,1
rf,2,SR386_40X_HE_T152_01,0,0.10517429217124338,0
rf,2,SR386_40X_HE_T155_01,0,0.06385598141695703,0
rf,2,SR386_40X_HE_T157_01,0,0.09520821114369502,0
rf,2,SR386_40X_HE_T164_01,0,0.01943606799704361,0
rf,2,SR386_40X_HE_T166_01,0,0.06015193408741797,0
rf,2,SR386_40X_HE_T176_01,1,0.12121399834159387,0
rf,2,SR386_40X_HE_T177_01,0,0.05661722148818923,0
rf,2,SR386_40X_HE_T178_01,0,0.15086514161160114,0
rf,2,SR386_40X_HE_T187_01,0,0.07092358364395204,0
rf,2,SR386_40X_HE_T190_01,0,0.02321573984687589,0
rf,2,SR386_40X_HE_T192_01,0,0.01896969696969697,0
rf,2,SR386_40X_HE_T198_01,0,0.05438961038961039,0
rf,2,SR386_40X_HE_T200_01,0,0.1378181818181818,0
rf,2,SR386_40X_HE_T206_01,1,0.11507744461420931,0
rf,2,SR386_40X_HE_T211_01,0,0.15251610614724218,0
rf,2,SR386_40X_HE_T213_01,0,0.06701731601731603,0
rf,2,SR386_40X_HE_T214_01,0,0.17904116716616716,0
rf,2,SR386_40X_HE_T220_01,0,0.18452393702604084,0
rf,2,SR386_40X_HE_T230_01,1,0.11688453750550522,0
rf,2,SR386_40X_HE_T236_01,0,0.08758758314855876,0
rf,2,SR386_40X_HE_T237_01,0,0.0694242102979934,0
rf,2,SR386_40X_HE_T240_01,0,0.048234307359307366,0
rf,2,SR386_40X_HE_T241_01,0,0.044758116883116886,0
rf,2,SR386_40X_HE_T242_01,0,0.09518501788067005,0
rf,2,SR386_40X_HE_T253_01,0,0.02953846153846154,0
rf,2,SR386_40X_HE_T260_01,0,0.12271470465018851,0
rf,2,SR386_40X_HE_T262_01,0,0.13935064935064934,0
rf,2,SR386_40X_HE_T264_01,0,0.0877581585081585,0
rf,2,SR386_40X_HE_T271_01,0,0.044607646418622034,0
rf,2,SR386_40X_HE_T281_01,0,0.06949767436864213,0
rf,2,SR386_40X_HE_T297_01,0,0.03795121951219512,0
rf,2,SR386_40X_HE_T299_01,0,0.028414455110107283,0
rf,2,SR386_40X_HE_T301_01,0,0.03892736155849761,0
rf,2,SR386_40X_HE_T306_01,0,0.07582621951219512,0
rf,2,SR386_40X_HE_T309_01,0,0.055706582337718386,0
rf,2,SR386_40X_HE_T314_01,0,0.17671328671328673,0
rf,2,SR386_40X_HE_T316_01,0,0.12864331770380155,0
rf,2,SR386_40X_HE_T318_01,0,0.136836038961039,0
rf,2,SR386_40X_HE_T321_01,0,0.09514541009497847,0
rf,2,SR386_40X_HE_T326_01,0,0.09672069865618252,0
rf,2,SR386_40X_HE_T327_01,0,0.004,0
rf,2,SR386_40X_HE_T332_01,1,0.07689064558629777,0
rf,2,SR386_40X_HE_T355_01,0,0.031818181818181815,0
rf,2,SR386_40X_HE_T364_01,0,0.13141867849324687,0
rf,2,SR386_40X_HE_T368_01,1,0.12906847451058615,0
rf,2,SR386_40X_HE_T374_01,0,0.025151515151515154,0
rf,2,SR386_40X_HE_T380_01,0,0.037473945409429284,0
rf,2,SR386_40X_HE_T382_01,0,0.030678571428571427,0
rf,2,SR386_40X_HE_T392_01,0,0.03226140526140526,0
rf,2,SR386_40X_HE_T398_01,0,0.08579593714318572,0
rf,2,SR386_40X_HE_T402_01,1,0.12057184750733135,0
rf,2,SR386_40X_HE_T404_01,0,0.038307862868838485,0
rf,2,SR386_40X_HE_T415_01,0,0.024421758569299554,0
rf,2,SR386_40X_HE_T417_01,0,0.015818181818181818,0
rf,2,SR386_40X_HE_T425_01,0,0.04796470465018852,0
rf,2,SR386_40X_HE_T436_01,1,0.08011850917899303,0
rf,2,SR386_40X_HE_T437_01,0,0.11138111666954172,0
rf,2,SR386_40X_HE_T440_01,0,0.11601275091029185,0
rf,2,SR386_40X_HE_T445_01,0,0.046,0
rf,2,SR386_40X_HE_T450_01,0,0.08141771843180294,0
rf,2,SR386_40X_HE_T459_01,0,0.08139255544114878,0
rf,2,SR386_40X_HE_T472_01,0,0.037023310023310024,0
rf,2,SR386_40X_HE_T481_01,0,0.13378846153846155,0
rf,2,SR386_40X_HE_T483_01,0,0.08403463203463203,0
rf,2,SR386_40X_HE_T486_01,0,0.10505307192807191,0
rf,2,SR386_40X_HE_T488_01,0,0.2003141911851589,0
rf,2,SR386_40X_HE_T499_01,0,0.19078018084066473,0
rf,2,SR386_40X_HE_T507_01,0,0.15943540330637107,0
rf,2,SR386_40X_HE_T514_01,0,0.06073548916411184,0
rf,2,SR386_40X_HE_T520_01,1,0.052905180840664714,0
rf,2,SR386_40X_HE_T522_01,0,0.052103290717397256,0
rf,2,SR386_40X_HE_T531_01,0,0.03630794205794206,0
rf,2,SR386_40X_HE_T535_01,0,0.025826219512195124,0
rf,2,SR386_40X_HE_T539_01,0,0.06588763985974923,0
rf,2,SR386_40X_HE_T549_01,0,0.06175366568914956,0
rf,2,SR386_40X_HE_T552_01,0,0.041143276078759956,0
rf,2,SR386_40X_HE_T553_01,0,0.07160275084212928,0
rf,2,SR386_40X_HE_T554_01,0,0.08670300395963172,0
rf,2,SR386_40X_HE_T558_01,0,0.03933333333333333,0
rf,2,SR386_40X_HE_T564_01,0,0.0625658145617823,0
rf,2,SR386_40X_HE_T570_01,0,0.09345454545454546,0
rf,2,SR386_40X_HE_T574_01,0,0.013935483870967743,0
rf,2,SR386_40X_HE_T578_01,0,0.030058347449651798,0
rf,2,SR386_40X_HE_T580_01,0,0.029428571428571425,0
rf,3,SR1482_40X_HE_T005_01,0,0.21835157866133734,0
rf,3,SR1482_40X_HE_T005_02,0,0.17738137131685516,0
rf,3,SR1482_40X_HE_T010_01,0,0.026,0
rf,3,SR1482_40X_HE_T043_01,0,0.1572051282051282,0
rf,3,SR1482_40X_HE_T043_02,0,0.1072051282051282,0
rf,3,SR1482_40X_HE_T049_01,0,0.061620007680491556,0
rf,3,SR1482_40X_HE_T061_01,0,0.2991810756775351,0
rf,3,SR1482_40X_HE_T061_02,0,0.3423693068012502,1
rf,3,SR1482_40X_HE_T070_01,1,0.11959794372294373,0
rf,3,SR1482_40X_HE_T073_01,0,0.09187308925068477,0
rf,3,SR1482_40X_HE_T082_01,0,0.12453455284552845,0
rf,3,SR1482_40X_HE_T082_02,0,0.18384024577572963,0
rf,3,SR1482_40X_HE_T089_01,0,0.07115992647317551,0
rf,3,SR1482_40X_HE_T090_01,0,0.04546795140343528,0
rf,3,SR1482_40X_HE_T094_01,1,0.18932509426057811,0
rf,3,SR1482_40X_HE_T094_02,1,0.11175366568914956,0
rf,3,SR1482_40X_HE_T105_01,0,0.07401032301032302,0
rf,3,SR1482_40X_HE_T115_01,0,0.04767461430575035,0
rf,3,SR1482_40X_HE_T115_02,0,0.04304216073781291,0
rf,3,SR1482_40X_HE_T118_01,0,0.23694339937534273,0
rf,3,SR1482_40X_HE_T118_02,0,0.05772694915889252,0
rf,3,SR1482_40X_HE_T120_01,0,0.09890439846459874,0
rf,3,SR1482_40X_HE_T120_02,0,0.13464482026627975,0
rf,3,SR1482_40X_HE_T124_01,0,0.1346274141940341,0
rf,3,SR1482_40X_HE_T124_02,0,0.18787196132070075,0
rf,3,SR1482_40X_HE_T138_01,0,0.05776170338316287,0
rf,3,SR1482_40X_HE_T160_01,0,0.04885373635019583,0
rf,3,SR1482_40X_HE_T160_02,0,0.040553370049829535,0
rf,3,SR1482_40X_HE_T167_01,0,0.11558758314855877,0
rf,3,SR1482_40X_HE_T167_02,0,0.08282567838665397,0
rf,3,SR1482_40X_HE_T175_01,0,0.22912870225548387,0
rf,3,SR1482_40X_HE_T175_02,0,0.26195601313844824,0
rf,3,SR1482_40X_HE_T177_01,1,0.07006422469536074,0
rf,3,SR1482_40X_HE_T188_01,0,0.11428742947186608,0
rf,3,SR1482_40X_HE_T195_01,0,0.09660856347953121,0
rf,3,SR1482_40X_HE_T195_02,0,0.06913237300334074,0
rf,3,SR1482_40X_HE_T202_01,0,0.09181818181818181,0
rf,3,SR1482_40X_HE_T202_02,0,0.06083283383283383,0
rf,3,SR1482_40X_HE_T225_01,0,0.26889694176790946,0
rf,3,SR1482_40X_HE_T225_02,0,0.08083336952902168,0
rf,3,SR1482_40X_HE_T235_01,0,0.07,0
rf,3,SR1482_40X_HE_T235_02,0,0.044356643356643355,0
rf,3,SR1482_40X_HE_T236_01,0,0.08725049407114625,0
rf,3,SR1482_40X_HE_T236_02,0,0.03966666666666666,0
rf,3,SR1482_40X_HE_T258_01,0,0.08361921190763695,0
rf,3,SR1482_40X_HE_T258_02,0,0.1378181818181818,0
rf,3,SR1482_40X_HE_T284_01,1,0.13827006327006325,0
rf,3,SR1482_40X_HE_T284_02,1,0.14059839013210607,0
rf,3,SR1482_40X_HE_T301_01,1,0.08876534237541665,0
rf,3,SR1482_40X_HE_T301_02,1,0.11957731837071085,0
rf,3,SR1482_40X_HE_T309_01,0,0.13545206159960257,0
rf,3,SR1482_40X_HE_T313_01,0,0.16261301467349853,0
rf,3,SR1482_40X_HE_T313_02,0,0.22043156974868136,0
rf,3,SR1482_40X_HE_T338_01,0,0.11514381720430107,0
rf,3,SR1482_40X_HE_T344_01,0,0.26140720232968295,0
rf,3,SR1482_40X_HE_T344_02,0,0.12281207676164514,0
rf,3,SR1482_40X_HE_T346_01,0,0.11102331002331002,0
rf,3,SR1482_40X_HE_T346_02,0,0.0771098901098901,0
rf,3,SR1482_40X_HE_T377_01,0,0.0947962160388631,0
rf,3,SR1482_40X_HE_T377_02,0,0.103923271874738,0
rf,3,SR1482_40X_HE_T419_01,0,0.03353846153846154,0
rf,3,SR1482_40X_HE_T427_01,0,0.0440952380952381,0
rf,3,SR1482_40X_HE_T427_02,0,0.043589743589743594,0
rf,3,SR386_40X_HE_T007_01,0,0.09031347351969173,0
rf,3,SR386_40X_HE_T015_01,0,0.11104650660747263,0
rf,3,SR386_40X_HE_T017_01,1,0.165903200547201,0
rf,3,SR386_40X_HE_T032_01,0,0.053220036716496194,0
rf,3,SR386_40X_HE_T034_01,0,0.0627195372159967,0
rf,3,SR386_40X_HE_T035_01,0,0.1223030303030303,0
rf,3,SR386_40X_HE_T041_01,0,0.18799428052469142,0
rf,3,SR386_40X_HE_T067_01,0,0.013428571428571429,0
rf,3,SR386_40X_HE_T075_01,0,0.05226665676311625,0
rf,3,SR386_40X_HE_T081_01,0,0.14129621728913622,0
rf,3,SR386_40X_HE_T083_01,0,0.04350476190476191,0
rf,3,SR386_40X_HE_T085_01,0,0.013246753246753246,0
rf,3,SR386_40X_HE_T095_01,0,0.11854693882967127,0
rf,3,SR386_40X_HE_T104_01,0,0.1853899903859581,0
rf,3,SR386_40X_HE_T106_01,0,0.08022939286052891,0
rf,3,SR386_40X_HE_T112_01,0,0.05134082990180551,0
rf,3,SR386_40X_HE_T128_01,0,0.0499047619047619,0
rf,3,SR386_40X_HE_T132_01,0,0.033205128205128207,0
rf,3,SR386_40X_HE_T138_01,0,0.09721073725933062,0
rf,3,SR386_40X_HE_T142_01,0,0.11757988520134469,0
rf,3,SR386_40X_HE_T149_01,0,0.06564977505958813,0
rf,3,SR386_40X_HE_T165_01,1,0.10966762129875735,0
rf,3,SR386_40X_HE_T179_01,0,0.14216322892793476,0
rf,3,SR386_40X_HE_T180_01,0,0.08326678845154718,0
rf,3,SR386_40X_HE_T182_01,0,0.08685640035285984,0
rf,3,SR386_40X_HE_T184_01,0,0.10487846431040766,0
rf,3,SR386_40X_HE_T188_01,0,0.08539002932551319,0
rf,3,SR386_40X_HE_T191_01,0,0.1035934337338937,0
rf,3,SR386_40X_HE_T197_01,0,0.07080227615521732,0
rf,3,SR386_40X_HE_T201_01,0,0.015904761904761904,0
rf,3,SR386_40X_HE_T202_01,0,0.046282051282051276,0
rf,3,SR386_40X_HE_T208_01,0,0.018,0
rf,3,SR386_40X_HE_T216_01,1,0.12443860843457617,0
rf,3,SR386_40X_HE_T238_01,0,0.03,0
rf,3,SR386_40X_HE_T244_01,0,0.02953846153846154,0
rf,3,SR386_40X_HE_T248_01,0,0.01296078431372549,0
rf,3,SR386_40X_HE_T249_01,0,0.03905627705627705,0
rf,3,SR386_40X_HE_T250_01,0,0.09311229946524063,0
rf,3,SR386_40X_HE_T263_01,0,0.07509900196261676,0
rf,3,SR386_40X_HE_T267_01,0,0.0669548852013447,0
rf,3,SR386_40X_HE_T269_01,0,0.004,0
rf,3,SR386_40X_HE_T277_01,0,0.029026515151515154,0
rf,3,SR386_40X_HE_T286_01,0,0.2587584949619744,0
rf,3,SR386_40X_HE_T287_01,0,0.1060230185896385,0
rf,3,SR386_40X_HE_T290_01,0,0.07565842759391148,0
rf,3,SR386_40X_HE_T293_01,0,0.03784024577572965,0
rf,3,SR386_40X_HE_T298_01,0,0.036227427899968884,0
rf,3,SR386_40X_HE_T303_01,0,0.004,0
rf,3,SR386_40X_HE_T312_01,0,0.0891125541125541,0
rf,3,SR386_40X_HE_T329_01,0,0.16431777906069803,0
rf,3,SR386_40X_HE_T336_01,0,0.018,0
rf,3,SR386_40X_HE_T338_01,0,0.01936405529953917,0
rf,3,SR386_40X_HE_T342_01,0,0.11155353463046194,0
rf,3,SR386_40X_HE_T353_01,0,0.10123851417399804,0
rf,3,SR386_40X_HE_T357_01,0,0.011696227192686674,0
rf,3,SR386_40X_HE_T362_01,0,0.12498652107763333,0
rf,3,SR386_40X_HE_T363_01,1,0.21338095238095234,0
rf,3,SR386_40X_HE_T372_01,0,0.15319797275894834,0
rf,3,SR386_40X_HE_T378_01,0,0.007208333333333333,0
rf,3,SR386_40X_HE_T379_01,0,0.04565842759391147,0
rf,3,SR386_40X_HE_T386_01,0,0.06270539320691482,0
rf,3,SR386_40X_HE_T387_01,0,0.05662681454068304,0
rf,3,SR386_40X_HE_T393_01,0,0.10329508123719289,0
rf,3,SR386_40X_HE_T397_01,0,0.11405342102449136,0
rf,3,SR386_40X_HE_T406_01,0,0.1632808227702012,0
rf,3,SR386_40X_HE_T409_01,0,0.08858008658008659,0
rf,3,SR386_40X_HE_T422_01,0,0.015333333333333334,0
rf,3,SR386_40X_HE_T426_01,0,0.01933333333333333,0
rf,3,SR386_40X_HE_T433_01,0,0.05792663031027144,0
rf,3,SR386_40X_HE_T443_01,0,0.09480429292929293,0
rf,3,SR386_40X_HE_T448_01,0,0.061255952380952376,0
rf,3,SR386_40X_HE_T452_01,0,0.07764389233954451,0
rf,3,SR386_40X_HE_T460_01,1,0.10923027510124284,0
rf,3,SR386_40X_HE_T473_01,0,0.04296703296703297,0
rf,3,SR386_40X_HE_T475_01,0,0.05538095238095238,0
rf,3,SR386_40X_HE_T478_01,0,0.06249084249084249,0
rf,3,SR386_40X_HE_T489_01,1,0.04086733556298774,0
rf,3,SR386_40X_HE_T491_01,0,0.13498701298701293,0
rf,3,SR386_40X_HE_T492_01,0,0.026,0
rf,3,SR386_40X_HE_T493_01,0,0.06952306701952651,0
rf,3,SR386_40X_HE_T502_01,0,0.005904761904761905,0
rf,3,SR386_40X_HE_T505_01,0,0.08160215053763442,0
rf,3,SR386_40X_HE_T506_01,0,0.08294371457613144,0
rf,3,SR386_40X_HE_T509_01,0,0.12144895348168594,0
rf,3,SR386_40X_HE_T516_01,0,0.06271303391537575,0
rf,3,SR386_40X_HE_T518_01,0,0.056894457912966635,0
rf,3,SR386_40X_HE_T519_01,0,0.06487541350654956,0
rf,3,SR386_40X_HE_T521_01,0,0.014,0
rf,3,SR386_40X_HE_T526_01,0,0.04711229946524064,0
rf,3,SR386_40X_HE_T533_01,0,0.03981818181818182,0
rf,3,SR386_40X_HE_T543_01,0,0.05503214817968917,0
rf,3,SR386_40X_HE_T544_01,0,0.05338137131685519,0
rf,3,SR386_40X_HE_T556_01,1,0.057935483870967745,0
rf,3,SR386_40X_HE_T560_01,0,0.11737061804315901,0
rf,3,SR386_40X_HE_T563_01,0,0.006,0
rf,3,SR386_40X_HE_T568_01,0,0.094,0
rf,3,SR386_40X_HE_T571_01,0,0.11833151401444084,0
rf,3,SR386_40X_HE_T572_01,0,0.06797530864197532,0
rf,3,SR386_40X_HE_T573_01,0,0.09287947158798818,0
rf,3,SR386_40X_HE_T583_01,0,0.02,0
rf,4,SR1482_40X_HE_T002_01,0,0.024841491841491842,0
rf,4,SR1482_40X_HE_T003_01,0,0.08954714675444646,0
rf,4,SR1482_40X_HE_T004_01,0,0.07196470465018852,0
rf,4,SR1482_40X_HE_T004_02,0,0.09269915219052048,0
rf,4,SR1482_40X_HE_T011_01,0,0.1070514865965394,0
rf,4,SR1482_40X_HE_T025_01,0,0.09374101842296176,0
rf,4,SR1482_40X_HE_T025_02,0,0.12804432977486643,0
rf,4,SR1482_40X_HE_T060_01,0,0.04337367336964112,0
rf,4,SR1482_40X_HE_T062_01,0,0.29156818181818184,0
rf,4,SR1482_40X_HE_T062_02,0,0.15840997178143126,0
rf,4,SR1482_40X_HE_T064_01,0,0.2190942145505403,0
rf,4,SR1482_40X_HE_T064_02,0,0.10567831444389002,0
rf,4,SR1482_40X_HE_T071_01,0,0.14867196797509888,0
rf,4,SR1482_40X_HE_T071_02,0,0.1241780303030303,0
rf,4,SR1482_40X_HE_T074_01,0,0.06380536936182098,0
rf,4,SR1482_40X_HE_T074_02,0,0.01905952380952381,0
rf,4,SR1482_40X_HE_T083_01,0,0.202598071225175,0
rf,4,SR1482_40X_HE_T083_02,0,0.2568521034832395,0
rf,4,SR1482_40X_HE_T087_01,0,0.07004425010473397,0
rf,4,SR1482_40X_HE_T097_01,1,0.24929444596542435,0
rf,4,SR1482_40X_HE_T097_02,1,0.16742517531488119,0
rf,4,SR1482_40X_HE_T108_01,0,0.027317088708393056,0
rf,4,SR1482_40X_HE_T113_01,0,0.09056360843457617,0
rf,4,SR1482_40X_HE_T113_02,0,0.3100030304548187,1
rf,4,SR1482_40X_HE_T121_01,0,0.009046594982078852,0
rf,4,SR1482_40X_HE_T122_01,0,0.03469747325844887,0
rf,4,SR1482_40X_HE_T125_01,0,0.11729479123027511,0
rf,4,SR1482_40X_HE_T125_02,0,0.057541666666666665,0
rf,4,SR1482_40X_HE_T131_01,0,0.048683557445204965,0
rf,4,SR1482_40X_HE_T131_02,0,0.26984675588965656,0
rf,4,SR1482_40X_HE_T132_01,0,0.07210864870423693,0
rf,4,SR1482_40X_HE_T132_02,0,0.16419119653275246,0
rf,4,SR1482_40X_HE_T143_01,0,0.20823132737927308,0
rf,4,SR1482_40X_HE_T143_02,0,0.26856271203496057,0
rf,4,SR1482_40X_HE_T166_01,1,0.023428571428571427,0
rf,4,SR1482_40X_HE_T169_01,0,0.10644800321436941,0
rf,4,SR1482_40X_HE_T176_01,1,0.3603626323113758,1
rf,4,SR1482_40X_HE_T176_02,1,0.23837434786290074,0
rf,4,SR1482_40X_HE_T191_01,0,0.03744322344322344,0
rf,4,SR1482_40X_HE_T194_01,0,0.3625452853014214,1
rf,4,SR1482_40X_HE_T218_01,0,0.0264995004995005,0
rf,4,SR1482_40X_HE_T253_01,0,0.011014652014652014,0
rf,4,SR1482_40X_HE_T290_01,0,0.19353907827315547,0
rf,4,SR1482_40X_HE_T308_01,0,0.16532922188616522,0
rf,4,SR1482_40X_HE_T314_01,0,0.40881018112562284,1
rf,4,SR1482_40X_HE_T314_02,0,0.3561020549196719,1
rf,4,SR1482_40X_HE_T372_01,1,0.1203984326868577,0
rf,4,SR1482_40X_HE_T372_02,1,0.11311772098868873,0
rf,4,SR1482_40X_HE_T408_01,0,0.06038233137829912,0
rf,4,SR1482_40X_HE_T412_01,0,0.046217032967032966,0
rf,4,SR1482_40X_HE_T425_01,0,0.03029699330362109,0
rf,4,SR1482_40X_HE_T434_01,1,0.06100095463209068,0
rf,4,SR386_40X_HE_T006_01,0,0.016646020646020644,0
rf,4,SR386_40X_HE_T010_01,0,0.09590506740151729,0
rf,4,SR386_40X_HE_T014_01,0,0.03493115486663874,0
rf,4,SR386_40X_HE_T016_01,0,0.023378707314191186,0
rf,4,SR386_40X_HE_T020_01,0,0.009875,0
rf,4,SR386_40X_HE_T027_01,0,0.17032127563103433,0
rf,4,SR386_40X_HE_T028_01,0,0.07638928420258344,0
rf,4,SR386_40X_HE_T037_01,0,0.035810483870967746,0
rf,4,SR386_40X_HE_T043_01,0,0.011904761904761906,0
rf,4,SR386_40X_HE_T044_01,1,0.05708949300340979,0
rf,4,SR386_40X_HE_T046_01,0,0.05533707415772633,0
rf,4,SR386_40X_HE_T058_01,0,0.03876831770380157,0
rf,4,SR386_40X_HE_T062_01,0,0.03242856599921817,0
rf,4,SR386_40X_HE_T065_01,1,0.04547294372294373,0
rf,4,SR386_40X_HE_T080_01,0,0.044981684981684984,0
rf,4,SR386_40X_HE_T091_01,0,0.0952615854091264,0
rf,4,SR386_40X_HE_T094_01,0,0.01158758314855876,0
rf,4,SR386_40X_HE_T097_01,0,0.08306377362474925,0
rf,4,SR386_40X_HE_T100_01,0,0.0862276975735577,0
rf,4,SR386_40X_HE_T107_01,0,0.10972954013369932,0
rf,4,SR386_40X_HE_T109_01,1,0.18058916352464738,0
rf,4,SR386_40X_HE_T110_01,0,0.0537929200196443,0
rf,4,SR386_40X_HE_T117_01,0,0.02502651515151515,0
rf,4,SR386_40X_HE_T127_01,0,0.024807278742762617,0
rf,4,SR386_40X_HE_T129_01,0,0.017855981416957028,0
rf,4,SR386_40X_HE_T136_01,0,0.030192427670368848,0
rf,4,SR386_40X_HE_T154_01,0,0.06085085526428032,0
rf,4,SR386_40X_HE_T168_01,1,0.19230012329658278,0
rf,4,SR386_40X_HE_T175_01,0,0.007739130434782609,0
rf,4,SR386_40X_HE_T189_01,0,0.012967032967032967,0
rf,4,SR386_40X_HE_T195_01,0,0.017303030303030306,0
rf,4,SR386_40X_HE_T227_01,0,0.12342857142857143,0
rf,4,SR386_40X_HE_T233_01,0,0.11554112554112553,0
rf,4,SR386_40X_HE_T234_01,0,0.09239531296193287,0
rf,4,SR386_40X_HE_T235_01,0,0.03195121951219512,0
rf,4,SR386_40X_HE_T239_01,0,0.09061759474519028,0
rf,4,SR386_40X_HE_T245_01,0,0.01,0
rf,4,SR386_40X_HE_T256_01,0,0.08420438570084517,0
rf,4,SR386_40X_HE_T265_01,0,0.013904761904761906,0
rf,4,SR386_40X_HE_T268_01,0,0.09928721685665212,0
rf,4,SR386_40X_HE_T270_01,0,0.0816178861788618,0
rf,4,SR386_40X_HE_T272_01,0,0.3084983766233766,1
rf,4,SR386_40X_HE_T273_01,0,0.11397845862245909,0
rf,4,SR386_40X_HE_T276_01,0,0.12618987080397737,0
rf,4,SR386_40X_HE_T278_01,1,0.156785193554194,0
rf,4,SR386_40X_HE_T284_01,0,0.03502651515151515,0
rf,4,SR386_40X_HE_T285_01,0,0.019904761904761904,0
rf,4,SR386_40X_HE_T288_01,0,0.13321955217354478,0
rf,4,SR386_40X_HE_T291_01,0,0.11515151515151514,0
rf,4,SR386_40X_HE_T300_01,0,0.08395121951219513,0
rf,4,SR386_40X_HE_T302_01,0,0.07148764960529666,0
rf,4,SR386_40X_HE_T305_01,0,0.034,0
rf,4,SR386_40X_HE_T308_01,0,0.08362866568914956,0
rf,4,SR386_40X_HE_T325_01,0,0.059826219512195127,0
rf,4,SR386_40X_HE_T331_01,0,0.08789061207609594,0
rf,4,SR386_40X_HE_T341_01,0,0.11083925901738995,0
rf,4,SR386_40X_HE_T343_01,1,0.1139047619047619,0
rf,4,SR386_40X_HE_T346_01,0,0.17185203922228182,0
rf,4,SR386_40X_HE_T352_01,0,0.07514302143144648,0
rf,4,SR386_40X_HE_T373_01,0,0.14053495686174505,0
rf,4,SR386_40X_HE_T375_01,0,0.08762770562770562,0
rf,4,SR386_40X_HE_T381_01,0,0.03700041893590281,0
rf,4,SR386_40X_HE_T389_01,0,0.045779761904761906,0
rf,4,SR386_40X_HE_T391_01,0,0.06706168288233505,0
rf,4,SR386_40X_HE_T394_01,0,0.02878968253968254,0
rf,4,SR386_40X_HE_T399_01,0,0.12307958707958706,0
rf,4,SR386_40X_HE_T403_01,0,0.0288965228320067,0
rf,4,SR386_40X_HE_T405_01,0,0.08858803421917025,0
rf,4,SR386_40X_HE_T407_01,0,0.051422187254130614,0
rf,4,SR386_40X_HE_T414_01,0,0.108,0
rf,4,SR386_40X_HE_T424_01,0,0.13227835203143928,0
rf,4,SR386_40X_HE_T429_01,0,0.08313906926406926,0
rf,4,SR386_40X_HE_T441_01,0,0.0852804915514593,0
rf,4,SR386_40X_HE_T451_01,0,0.05942857142857143,0
rf,4,SR386_40X_HE_T453_01,0,0.017666666666666667,0
rf,4,SR386_40X_HE_T455_01,0,0.06480264941221839,0
rf,4,SR386_40X_HE_T465_01,0,0.0750004189359028,0
rf,4,SR386_40X_HE_T474_01,0,0.10369751082251077,0
rf,4,SR386_40X_HE_T476_01,0,0.1701638347954625,0
rf,4,SR386_40X_HE_T479_01,0,0.07696078431372548,0
rf,4,SR386_40X_HE_T482_01,0,0.11348368704466265,0
rf,4,SR386_40X_HE_T487_01,0,0.043017061370002545,0
rf,4,SR386_40X_HE_T490_01,0,0.04037870731419119,0
rf,4,SR386_40X_HE_T494_01,0,0.014,0
rf,4,SR386_40X_HE_T500_01,0,0.018,0
rf,4,SR386_40X_HE_T510_01,0,0.10510553578415846,0
rf,4,SR386_40X_HE_T524_01,0,0.07769015683769782,0
rf,4,SR386_40X_HE_T528_01,0,0.12929825023654945,0
rf,4,SR386_40X_HE_T532_01,0,0.029579376210512258,0
rf,4,SR386_40X_HE_T534_01,0,0.13957346683009458,0
rf,4,SR386_40X_HE_T536_01,0,0.01969318181818182,0
rf,4,SR386_40X_HE_T537_01,0,0.19488170079561756,0
rf,4,SR386_40X_HE_T541_01,0,0.021904761904761906,0
rf,4,SR386_40X_HE_T548_01,1,0.10117399804496577,0
rf,4,SR386_40X_HE_T550_01,0,0.08122215821812596,0
rf,4,SR386_40X_HE_T551_01,0,0.036390612076095945,0
rf,4,SR386_40X_HE_T557_01,0,0.08737155186801135,0
rf,4,SR386_40X_HE_T565_01,0,0.03586554621848739,0
rf,4,SR386_40X_HE_T567_01,0,0.022981208877668358,0
rf,4,SR386_40X_HE_T575_01,0,0.16913640526140525,0
rf,4,SR386_40X_HE_T576_01,0,0.06335081363923868,0
rf,4,SR386_40X_HE_T581_01,0,0.09711493211089985,0
