classifier,fold,WSI_ID,target,prob_pos,pred_at_0.5
lin,1,SR1482_40X_HE_T029_01,0,0.00019016098337508108,0
lin,1,SR1482_40X_HE_T029_02,0,0.04532330404348258,0
lin,1,SR1482_40X_HE_T057_01,0,2.3036431383476902e-09,0
lin,1,SR1482_40X_HE_T063_01,1,0.9999034155556733,1
lin,1,SR1482_40X_HE_T063_02,1,0.03097700587470502,0
lin,1,SR1482_40X_HE_T065_01,0,0.0021314933746670425,0
lin,1,SR1482_40X_HE_T065_02,0,2.5664992584012812e-05,0
lin,1,SR1482_40X_HE_T066_01,0,0.9156750849972392,1
lin,1,SR1482_40X_HE_T066_02,0,0.9989355041348413,1
lin,1,SR1482_40X_HE_T068_01,0,8.092975372103715e-07,0
lin,1,SR1482_40X_HE_T069_01,0,1.2977413338697387e-09,0
lin,1,SR1482_40X_HE_T069_02,0,1.633643301952121e-08,0
lin,1,SR1482_40X_HE_T079_01,1,4.157362664180977e-06,0
lin,1,SR1482_40X_HE_T079_02,1,0.0008471769809909776,0
lin,1,SR1482_40X_HE_T080_01,0,8.33615504907514e-06,0
lin,1,SR1482_40X_HE_T080_02,0,1.2666020229367821e-05,0
lin,1,SR1482_40X_HE_T081_01,0,5.4972412058052644e-08,0
lin,1,SR1482_40X_HE_T081_02,0,1.8196029540316424e-07,0
lin,1,SR1482_40X_HE_T099_01,0,3.16774755451166e-09,0
lin,1,SR1482_40X_HE_T116_01,0,0.03714145705945341,0
lin,1,SR1482_40X_HE_T117_01,0,7.501892494911854e-05,0
lin,1,SR1482_40X_HE_T117_02,0,1.4222123350038253e-05,0
lin,1,SR1482_40X_HE_T126_01,0,0.0008816590240055586,0
lin,1,SR1482_40X_HE_T129_01,0,2.205621348582092e-05,0
lin,1,SR1482_40X_HE_T129_02,0,0.9962711651174063,1
lin,1,SR1482_40X_HE_T139_01,0,0.0031955981070817124,0
lin,1,SR1482_40X_HE_T139_02,0,0.9486859403563532,1
lin,1,SR1482_40X_HE_T147_01,0,0.17399291523648072,0
lin,1,SR1482_40X_HE_T147_02,0,0.9999999894217665,1
lin,1,SR1482_40X_HE_T159_01,0,5.574878657158339e-06,0
lin,1,SR1482_40X_HE_T159_02,0,0.3312467162283331,0
lin,1,SR1482_40X_HE_T192_01,0,7.328101288678585e-05,0
lin,1,SR1482_40X_HE_T199_01,0,0.0009968531583117606,0
lin,1,SR1482_40X_HE_T304_01,0,1.6306592345970143e-06,0
lin,1,SR1482_40X_HE_T304_02,0,4.045759358147916e-06,0
lin,1,SR1482_40X_HE_T310_01,1,0.9893224514230057,1
lin,1,SR1482_40X_HE_T310_02,1,0.020677944611409347,0
lin,1,SR1482_40X_HE_T341_01,0,4.088875154491763e-14,0
lin,1,SR1482_40X_HE_T341_02,0,1.505452915906098e-09,0
lin,1,SR1482_40X_HE_T353_01,0,0.01987990363725533,0
lin,1,SR1482_40X_HE_T390_01,0,1.3043177231254938e-09,0
lin,1,SR1482_40X_HE_T433_01,1,0.12121789008180113,0
lin,1,SR386_40X_HE_T003_01,0,3.053806221342881e-05,0
lin,1,SR386_40X_HE_T004_01,0,0.0024586677128228384,0
lin,1,SR386_40X_HE_T022_01,1,0.9999645327395704,1
lin,1,SR386_40X_HE_T030_01,0,2.5842563035219502e-05,0
lin,1,SR386_40X_HE_T033_01,0,3.235480920183595e-06,0
lin,1,SR386_40X_HE_T036_01,0,3.3805616838466786e-08,0
lin,1,SR386_40X_HE_T038_01,0,9.951748852750304e-07,0
lin,1,SR386_40X_HE_T049_01,0,3.920737383637996e-08,0
lin,1,SR386_40X_HE_T050_01,0,6.275059462928129e-08,0
lin,1,SR386_40X_HE_T060_01,0,5.344866859053742e-07,0
lin,1,SR386_40X_HE_T063_01,0,0.00026846009236044285,0
lin,1,SR386_40X_HE_T066_01,0,2.4430400196411967e-05,0
lin,1,SR386_40X_HE_T069_01,0,0.017736267775763558,0
lin,1,SR386_40X_HE_T072_01,0,5.503094388903056e-06,0
lin,1,SR386_40X_HE_T074_01,0,3.32902172240499e-06,0
lin,1,SR386_40X_HE_T078_01,0,0.00015990155318483195,0
lin,1,SR386_40X_HE_T079_01,0,2.879510481922387e-13,0
lin,1,SR386_40X_HE_T092_01,1,0.05790111206082278,0
lin,1,SR386_40X_HE_T096_01,0,1.1224754306038327e-08,0
lin,1,SR386_40X_HE_T099_01,0,2.325891745762536e-05,0
lin,1,SR386_40X_HE_T103_01,0,1.1757818732951046e-10,0
lin,1,SR386_40X_HE_T108_01,0,0.005703890980643362,0
lin,1,SR386_40X_HE_T113_01,0,0.0003487690531815889,0
lin,1,SR386_40X_HE_T114_01,0,5.32858828166956e-07,0
lin,1,SR386_40X_HE_T119_01,0,4.0116758748842794e-05,0
lin,1,SR386_40X_HE_T126_01,0,1.3703360364508501e-06,0
lin,1,SR386_40X_HE_T130_01,0,3.155327166013555e-10,0
lin,1,SR386_40X_HE_T131_01,0,0.00033865586558249044,0
lin,1,SR386_40X_HE_T135_01,0,0.005668963014220037,0
lin,1,SR386_40X_HE_T140_01,0,7.685906941689113e-06,0
lin,1,SR386_40X_HE_T144_01,0,0.0004164049359124618,0
lin,1,SR386_40X_HE_T147_01,0,1.921629788090908e-06,0
lin,1,SR386_40X_HE_T148_01,0,0.000335987103460344,0
lin,1,SR386_40X_HE_T160_01,0,0.000878668664597526,0
lin,1,SR386_40X_HE_T169_01,0,8.524504091631023e-12,0
lin,1,SR386_40X_HE_T170_01,1,0.6655890045609081,1
lin,1,SR386_40X_HE_T172_01,0,0.8713911553784743,1
lin,1,SR386_40X_HE_T174_01,0,0.013844933262248523,0
lin,1,SR386_40X_HE_T181_01,0,1.986480275123298e-06,0
lin,1,SR386_40X_HE_T196_01,0,1.5905960903272113e-07,0
lin,1,SR386_40X_HE_T205_01,0,0.15235202122330552,0
lin,1,SR386_40X_HE_T209_01,0,3.981495741050676e-05,0
lin,1,SR386_40X_HE_T210_01,0,0.12853720560123302,0
lin,1,SR386_40X_HE_T212_01,0,1.6865914993448316e-08,0
lin,1,SR386_40X_HE_T221_01,0,4.931961860815513e-08,0
lin,1,SR386_40X_HE_T224_01,0,6.236598129946983e-06,0
lin,1,SR386_40X_HE_T231_01,1,0.7961173652656206,1
lin,1,SR386_40X_HE_T232_01,0,2.546758000645755e-09,0
lin,1,SR386_40X_HE_T247_01,0,7.364116851956734e-08,0
lin,1,SR386_40X_HE_T252_01,0,1.5787580923555454e-07,0
lin,1,SR386_40X_HE_T255_01,0,4.218946246599936e-07,0
lin,1,SR386_40X_HE_T259_01,1,0.529289569116451,1
lin,1,SR386_40X_HE_T274_01,0,1.8457939108833285e-10,0
lin,1,SR386_40X_HE_T275_01,0,7.270103895243651e-05,0
lin,1,SR386_40X_HE_T282_01,0,8.163781661680277e-09,0
lin,1,SR386_40X_HE_T294_01,0,0.01190177897344103,0
lin,1,SR386_40X_HE_T311_01,0,3.1924426045428876e-06,0
lin,1,SR386_40X_HE_T315_01,0,2.1530037454350144e-06,0
lin,1,SR386_40X_HE_T319_01,1,1.690847795775283e-05,0
lin,1,SR386_40X_HE_T324_01,1,0.0005572012338995364,0
lin,1,SR386_40X_HE_T330_01,0,1.0516901211902864e-07,0
lin,1,SR386_40X_HE_T333_01,0,0.004100588280350538,0
lin,1,SR386_40X_HE_T335_01,0,3.293267712612996e-07,0
lin,1,SR386_40X_HE_T337_01,0,0.0910041352740296,0
lin,1,SR386_40X_HE_T344_01,0,0.00024778754519717887,0
lin,1,SR386_40X_HE_T347_01,0,1.9561227130943734e-06,0
lin,1,SR386_40X_HE_T350_01,0,2.299151408616754e-07,0
lin,1,SR386_40X_HE_T351_01,0,0.00042348077333249624,0
lin,1,SR386_40X_HE_T360_01,0,5.050398711965883e-08,0
lin,1,SR386_40X_HE_T361_01,0,8.457722417468232e-06,0
lin,1,SR386_40X_HE_T366_01,0,5.516937073063679e-06,0
lin,1,SR386_40X_HE_T377_01,1,0.9970809708645834,1
lin,1,SR386_40X_HE_T384_01,0,8.362924979657146e-07,0
lin,1,SR386_40X_HE_T395_01,0,9.886468516902578e-08,0
lin,1,SR386_40X_HE_T396_01,0,8.910131549596044e-05,0
lin,1,SR386_40X_HE_T401_01,0,0.013997397381165672,0
lin,1,SR386_40X_HE_T408_01,0,4.2620330154782454e-07,0
lin,1,SR386_40X_HE_T410_01,0,1.1851136971263157e-05,0
lin,1,SR386_40X_HE_T413_01,0,6.336293405280317e-07,0
lin,1,SR386_40X_HE_T416_01,0,4.190939318815539e-08,0
lin,1,SR386_40X_HE_T418_01,0,1.2716078208347315e-09,0
lin,1,SR386_40X_HE_T419_01,0,0.0017454367292896737,0
lin,1,SR386_40X_HE_T421_01,0,2.452768451972451e-09,0
lin,1,SR386_40X_HE_T423_01,0,1.4309314281093624e-08,0
lin,1,SR386_40X_HE_T428_01,0,6.496201968835993e-05,0
lin,1,SR386_40X_HE_T430_01,0,1.836238469621127e-05,0
lin,1,SR386_40X_HE_T431_01,0,0.00044772449639392486,0
lin,1,SR386_40X_HE_T435_01,0,0.9996517864883033,1
lin,1,SR386_40X_HE_T438_01,0,6.456090329234189e-05,0
lin,1,SR386_40X_HE_T439_01,0,0.2675752870289175,0
lin,1,SR386_40X_HE_T447_01,0,1.510777341245557e-10,0
lin,1,SR386_40X_HE_T449_01,0,3.271486513582702e-09,0
lin,1,SR386_40X_HE_T454_01,0,4.497250340084078e-08,0
lin,1,SR386_40X_HE_T456_01,0,2.3326561471525137e-07,0
lin,1,SR386_40X_HE_T461_01,0,3.877748510107465e-07,0
lin,1,SR386_40X_HE_T462_01,0,8.484093766401171e-07,0
lin,1,SR386_40X_HE_T468_01,0,3.2117819981475634e-09,0
lin,1,SR386_40X_HE_T469_01,1,0.518063632424664,1
lin,1,SR386_40X_HE_T470_01,0,0.00014045724106616632,0
lin,1,SR386_40X_HE_T471_01,0,6.470821786790146e-08,0
lin,1,SR386_40X_HE_T477_01,0,0.0007012733030584959,0
lin,1,SR386_40X_HE_T480_01,0,0.0009007310350747843,0
lin,1,SR386_40X_HE_T484_01,0,0.8373204623453201,1
lin,1,SR386_40X_HE_T495_01,0,4.4790921423213984e-13,0
lin,1,SR386_40X_HE_T496_01,0,6.969374343835558e-10,0
lin,1,SR386_40X_HE_T498_01,0,0.9819807584222261,1
lin,1,SR386_40X_HE_T504_01,0,8.803426671861901e-08,0
lin,1,SR386_40X_HE_T511_01,0,6.963320470884653e-07,0
lin,1,SR386_40X_HE_T517_01,0,0.09212848789539123,0
lin,1,SR386_40X_HE_T523_01,0,3.106533709964486e-05,0
lin,1,SR386_40X_HE_T529_01,0,3.304929721239297e-07,0
lin,1,SR386_40X_HE_T542_01,0,3.964513878063624e-09,0
lin,1,SR386_40X_HE_T569_01,0,0.0708584419129051,0
lin,1,SR386_40X_HE_T582_01,0,5.969730201103992e-08,0
lin,2,SR1482_40X_HE_T009_01,0,2.94087724248368e-15,0
lin,2,SR1482_40X_HE_T009_02,0,2.105233163710399e-11,0
lin,2,SR1482_40X_HE_T015_01,0,0.00404525525373257,0
lin,2,SR1482_40X_HE_T021_01,0,7.12063277165677e-06,0
lin,2,SR1482_40X_HE_T067_01,0,6.006540457344334e-07,0
lin,2,SR1482_40X_HE_T075_01,0,3.898066887031342e-05,0
lin,2,SR1482_40X_HE_T075_02,0,8.502322257885007e-06,0
lin,2,SR1482_40X_HE_T098_01,0,0.008736710845775472,0
lin,2,SR1482_40X_HE_T098_02,0,5.2690666908846505e-05,0
lin,2,SR1482_40X_HE_T102_01,0,0.002482216954768825,0
lin,2,SR1482_40X_HE_T123_01,0,0.1069016127399162,0
lin,2,SR1482_40X_HE_T142_01,0,7.405812478067635e-09,0
lin,2,SR1482_40X_HE_T146_01,0,0.9825215298293619,1
lin,2,SR1482_40X_HE_T148_01,0,0.8341387854377283,1
lin,2,SR1482_40X_HE_T148_02,0,0.0014993043036490297,0
lin,2,SR1482_40X_HE_T154_01,0,2.2830492919376235e-07,0
lin,2,SR1482_40X_HE_T158_01,0,1.9780863128276856e-05,0
lin,2,SR1482_40X_HE_T161_01,0,3.563008935385468e-08,0
lin,2,SR1482_40X_HE_T161_02,0,2.1738785692440392e-06,0
lin,2,SR1482_40X_HE_T164_01,1,9.642406287639126e-11,0
lin,2,SR1482_40X_HE_T164_02,1,5.869490171405064e-05,0
lin,2,SR1482_40X_HE_T168_01,0,0.13679453107341558,0
lin,2,SR1482_40X_HE_T171_01,0,9.43620300661059e-07,0
lin,2,SR1482_40X_HE_T171_02,0,0.004159170023233433,0
lin,2,SR1482_40X_HE_T178_01,1,0.00024661648616682404,0
lin,2,SR1482_40X_HE_T186_01,0,6.48703407647474e-08,0
lin,2,SR1482_40X_HE_T193_01,0,0.0076169560636255304,0
lin,2,SR1482_40X_HE_T193_02,0,0.9523946188650831,1
lin,2,SR1482_40X_HE_T209_01,0,1.106311481475148e-06,0
lin,2,SR1482_40X_HE_T209_02,0,0.45411526069708796,0
lin,2,SR1482_40X_HE_T245_01,0,9.857182113114716e-05,0
lin,2,SR1482_40X_HE_T245_02,0,7.339824233346095e-07,0
lin,2,SR1482_40X_HE_T265_01,0,4.5087543628837435e-08,0
lin,2,SR1482_40X_HE_T302_01,0,0.0006004141770962,0
lin,2,SR1482_40X_HE_T343_01,1,1.3247905329174053e-08,0
lin,2,SR1482_40X_HE_T343_02,1,4.021012747894651e-08,0
lin,2,SR1482_40X_HE_T399_01,0,2.202355053733742e-05,0
lin,2,SR1482_40X_HE_T399_02,0,1.2336022018351987e-05,0
lin,2,SR1482_40X_HE_T426_01,0,5.647887811216249e-12,0
lin,2,SR1482_40X_HE_T426_02,0,1.619619163476035e-12,0
lin,2,SR386_40X_HE_T001_01,0,0.03897397981792369,0
lin,2,SR386_40X_HE_T013_01,0,5.089628093213886e-05,0
lin,2,SR386_40X_HE_T018_01,0,2.252991708891698e-05,0
lin,2,SR386_40X_HE_T019_01,0,8.221773219778576e-12,0
lin,2,SR386_40X_HE_T024_01,0,6.477446344069272e-16,0
lin,2,SR386_40X_HE_T039_01,0,2.2397863120124714e-09,0
lin,2,SR386_40X_HE_T040_01,1,0.9833251953404759,1
lin,2,SR386_40X_HE_T042_01,0,0.0006892035237111462,0
lin,2,SR386_40X_HE_T047_01,0,9.327683914062493e-13,0
lin,2,SR386_40X_HE_T051_01,0,6.369646539560571e-13,0
lin,2,SR386_40X_HE_T052_01,0,1.8877742811588558e-07,0
lin,2,SR386_40X_HE_T056_01,0,1.70041811253647e-06,0
lin,2,SR386_40X_HE_T057_01,0,2.1013562823355377e-07,0
lin,2,SR386_40X_HE_T070_01,0,2.627245342509407e-09,0
lin,2,SR386_40X_HE_T082_01,0,0.0016832955739136213,0
lin,2,SR386_40X_HE_T084_01,0,1.9461836868654825e-07,0
lin,2,SR386_40X_HE_T087_01,0,0.3097837327372382,0
lin,2,SR386_40X_HE_T088_01,0,0.000444107764167337,0
lin,2,SR386_40X_HE_T098_01,0,0.0007561621976331443,0
lin,2,SR386_40X_HE_T105_01,0,7.4785185587579965e-06,0
lin,2,SR386_40X_HE_T122_01,0,3.866536285027721e-10,0
lin,2,SR386_40X_HE_T123_01,0,6.182496954689277e-05,0
lin,2,SR386_40X_HE_T133_01,0,3.954610868345699e-11,0
lin,2,SR386_40X_HE_T145_01,0,0.0006496733462759635,0
lin,2,SR386_40X_HE_T150_01,0,0.0011310451137976707,0
lin,2,SR386_40X_HE_T152_01,0,3.742456234674215e-05,0
lin,2,SR386_40X_HE_T155_01,0,0.005437631351709041,0
lin,2,SR386_40X_HE_T157_01,0,1.1534850577813798e-09,0
lin,2,SR386_40X_HE_T164_01,0,3.38442305735174e-05,0
lin,2,SR386_40X_HE_T166_01,0,0.0002744289177682272,0
lin,2,SR386_40X_HE_T176_01,1,0.9057446335750915,1
lin,2,SR386_40X_HE_T177_01,0,2.986519105567781e-13,0
lin,2,SR386_40X_HE_T178_01,0,0.626247820602378,1
lin,2,SR386_40X_HE_T187_01,0,0.001948618118334524,0
lin,2,SR386_40X_HE_T190_01,0,2.691361599199905e-07,0
lin,2,SR386_40X_HE_T192_01,0,7.390775919477673e-10,0
lin,2,SR386_40X_HE_T198_01,0,1.8395759466009997e-06,0
lin,2,SR386_40X_HE_T200_01,0,0.00037034901792701395,0
lin,2,SR386_40X_HE_T206_01,1,8.772980956777033e-07,0
lin,2,SR386_40X_HE_T211_01,0,2.3521422910034435e-07,0
lin,2,SR386_40X_HE_T213_01,0,1.7042780930475065e-06,0
lin,2,SR386_40X_HE_T214_01,0,0.0008133548378690183,0
lin,2,SR386_40X_HE_T220_01,0,1.6048831897025255e-05,0
lin,2,SR386_40X_HE_T230_01,1,0.053197074607198074,0
lin,2,SR386_40X_HE_T236_01,0,7.809916887398316e-06,0
lin,2,SR386_40X_HE_T237_01,0,1.2811397370850686e-07,0
lin,2,SR386_40X_HE_T240_01,0,3.4218150918292384e-08,0
lin,2,SR386_40X_HE_T241_01,0,6.17446840494689e-05,0
lin,2,SR386_40X_HE_T242_01,0,4.290351129381092e-07,0
lin,2,SR386_40X_HE_T253_01,0,9.335242933859194e-08,0
lin,2,SR386_40X_HE_T260_01,0,7.42028462195786e-08,0
lin,2,SR386_40X_HE_T262_01,0,0.0007119894836121881,0
lin,2,SR386_40X_HE_T264_01,0,3.731262521488988e-06,0
lin,2,SR386_40X_HE_T271_01,0,1.2886090255936055e-14,0
lin,2,SR386_40X_HE_T281_01,0,1.724756470905787e-07,0
lin,2,SR386_40X_HE_T297_01,0,7.699785431384876e-10,0
lin,2,SR386_40X_HE_T299_01,0,9.332662285843622e-07,0
lin,2,SR386_40X_HE_T301_01,0,1.3751487526312853e-10,0
lin,2,SR386_40X_HE_T306_01,0,1.2380573942293977e-07,0
lin,2,SR386_40X_HE_T309_01,0,2.4142528651300796e-06,0
lin,2,SR386_40X_HE_T314_01,0,1.5486752471813457e-06,0
lin,2,SR386_40X_HE_T316_01,0,0.9548417442785174,1
lin,2,SR386_40X_HE_T318_01,0,0.00033577543781857134,0
lin,2,SR386_40X_HE_T321_01,0,0.0042287360008588445,0
lin,2,SR386_40X_HE_T326_01,0,0.00042621881627470865,0
lin,2,SR386_40X_HE_T327_01,0,7.65163333801294e-14,0
lin,2,SR386_40X_HE_T332_01,1,1.636589720684448e-06,0
lin,2,SR386_40X_HE_T355_01,0,1.809397330850876e-08,0
lin,2,SR386_40X_HE_T364_01,0,1.3231187838806345e-05,0
lin,2,SR386_40X_HE_T368_01,1,1.771495128961448e-06,0
lin,2,SR386_40X_HE_T374_01,0,9.083680733629122e-10,0
lin,2,SR386_40X_HE_T380_01,0,2.1414683456326078e-08,0
lin,2,SR386_40X_HE_T382_01,0,1.847583663614069e-08,0
lin,2,SR386_40X_HE_T392_01,0,2.2858150996572473e-07,0
lin,2,SR386_40X_HE_T398_01,0,7.190588227572701e-09,0
lin,2,SR386_40X_HE_T402_01,1,0.06097989091901696,0
lin,2,SR386_40X_HE_T404_01,0,1.0063346625296558e-08,0
lin,2,SR386_40X_HE_T415_01,0,1.0694656675325146e-11,0
lin,2,SR386_40X_HE_T417_01,0,9.696998995571596e-10,0
lin,2,SR386_40X_HE_T425_01,0,5.977909390941633e-10,0
lin,2,SR386_40X_HE_T436_01,1,2.3346029983466424e-06,0
lin,2,SR386_40X_HE_T437_01,0,1.1613994724289954e-08,0
lin,2,SR386_40X_HE_T440_01,0,0.005256282019694359,0
lin,2,SR386_40X_HE_T445_01,0,1.5211568047152241e-05,0
lin,2,SR386_40X_HE_T450_01,0,0.002754663148917044,0
lin,2,SR386_40X_HE_T459_01,0,4.304640662974986e-09,0
lin,2,SR386_40X_HE_T472_01,0,3.00593579839069e-08,0
lin,2,SR386_40X_HE_T481_01,0,0.015600426148829472,0
lin,2,SR386_40X_HE_T483_01,0,2.5670721773338684e-05,0
lin,2,SR386_40X_HE_T486_01,0,3.7677018285404066e-05,0
lin,2,SR386_40X_HE_T488_01,0,1.996336607253832e-09,0
lin,2,SR386_40X_HE_T499_01,0,2.4047031603208693e-06,0
lin,2,SR386_40X_HE_T507_01,0,0.000598858739216167,0
lin,2,SR386_40X_HE_T514_01,0,1.3604915154473763e-05,0
lin,2,SR386_40X_HE_T520_01,1,7.982640793729643e-07,0
lin,2,SR386_40X_HE_T522_01,0,3.3006920828471246e-08,0
lin,2,SR386_40X_HE_T531_01,0,7.837001067170548e-07,0
lin,2,SR386_40X_HE_T535_01,0,1.7445859875518466e-13,0
lin,2,SR386_40X_HE_T539_01,0,0.02597300809594897,0
lin,2,SR386_40X_HE_T549_01,0,9.164928611011859e-09,0
lin,2,SR386_40X_HE_T552_01,0,7.566809349774844e-07,0
lin,2,SR386_40X_HE_T553_01,0,9.670427853948258e-05,0
lin,2,SR386_40X_HE_T554_01,0,5.137558868098855e-12,0
lin,2,SR386_40X_HE_T558_01,0,1.7771971911701013e-07,0
lin,2,SR386_40X_HE_T564_01,0,2.7212585969972327e-12,0
lin,2,SR386_40X_HE_T570_01,0,2.682310166446115e-09,0
lin,2,SR386_40X_HE_T574_01,0,2.4089591070244136e-08,0
lin,2,SR386_40X_HE_T578_01,0,2.676216076721749e-12,0
lin,2,SR386_40X_HE_T580_01,0,1.0463022540249555e-10,0
lin,3,SR1482_40X_HE_T005_01,0,0.0015693489601758485,0
lin,3,SR1482_40X_HE_T005_02,0,2.5156569468632593e-07,0
lin,3,SR1482_40X_HE_T010_01,0,8.354233730860735e-10,0
lin,3,SR1482_40X_HE_T043_01,0,2.935909317103909e-05,0
lin,3,SR1482_40X_HE_T043_02,0,5.155547275370001e-07,0
lin,3,SR1482_40X_HE_T049_01,0,2.5550288087560667e-06,0
lin,3,SR1482_40X_HE_T061_01,0,0.015427997701640033,0
lin,3,SR1482_40X_HE_T061_02,0,0.00015383554010767796,0
lin,3,SR1482_40X_HE_T070_01,1,2.6066006541693434e-08,0
lin,3,SR1482_40X_HE_T073_01,0,0.00018759645040508532,0
lin,3,SR1482_40X_HE_T082_01,0,3.438099078345054e-11,0
lin,3,SR1482_40X_HE_T082_02,0,4.30136535168658e-05,0
lin,3,SR1482_40X_HE_T089_01,0,1.98355221794968e-07,0
lin,3,SR1482_40X_HE_T090_01,0,2.7882307799192842e-11,0
lin,3,SR1482_40X_HE_T094_01,1,0.7398480748070725,1
lin,3,SR1482_40X_HE_T094_02,1,0.007282509290277444,0
lin,3,SR1482_40X_HE_T105_01,0,1.2191031748765346e-08,0
lin,3,SR1482_40X_HE_T115_01,0,8.26868096348089e-07,0
lin,3,SR1482_40X_HE_T115_02,0,3.243569152499482e-08,0
lin,3,SR1482_40X_HE_T118_01,0,0.9398922378728313,1
lin,3,SR1482_40X_HE_T118_02,0,0.08238941919757244,0
lin,3,SR1482_40X_HE_T120_01,0,0.6476250886496042,1
lin,3,SR1482_40X_HE_T120_02,0,0.9707088950695378,1
lin,3,SR1482_40X_HE_T124_01,0,0.12839693401617744,0
lin,3,SR1482_40X_HE_T124_02,0,0.7079142900202928,1
lin,3,SR1482_40X_HE_T138_01,0,3.501541438842841e-08,0
lin,3,SR1482_40X_HE_T160_01,0,3.742835375209999e-09,0
lin,3,SR1482_40X_HE_T160_02,0,1.9810340126754913e-09,0
lin,3,SR1482_40X_HE_T167_01,0,0.0010356425998744503,0
lin,3,SR1482_40X_HE_T167_02,0,0.0007966377563947752,0
lin,3,SR1482_40X_HE_T175_01,0,0.00044547305114909353,0
lin,3,SR1482_40X_HE_T175_02,0,0.02797840120477188,0
lin,3,SR1482_40X_HE_T177_01,1,1.0284256105672826e-05,0
lin,3,SR1482_40X_HE_T188_01,0,6.687653249042593e-08,0
lin,3,SR1482_40X_HE_T195_01,0,5.492772934635813e-06,0
lin,3,SR1482_40X_HE_T195_02,0,1.897427280309045e-05,0
lin,3,SR1482_40X_HE_T202_01,0,5.9456896164024986e-08,0
lin,3,SR1482_40X_HE_T202_02,0,1.541639441531865e-06,0
lin,3,SR1482_40X_HE_T225_01,0,0.00015867493924610066,0
lin,3,SR1482_40X_HE_T225_02,0,9.397247643264964e-08,0
lin,3,SR1482_40X_HE_T235_01,0,7.05030691658091e-09,0
lin,3,SR1482_40X_HE_T235_02,0,3.250192678977157e-10,0
lin,3,SR1482_40X_HE_T236_01,0,5.0773073677163815e-11,0
lin,3,SR1482_40X_HE_T236_02,0,1.7007428284766606e-08,0
lin,3,SR1482_40X_HE_T258_01,0,2.448838059399133e-11,0
lin,3,SR1482_40X_HE_T258_02,0,4.938474022797805e-08,0
lin,3,SR1482_40X_HE_T284_01,1,0.16094927182341204,0
lin,3,SR1482_40X_HE_T284_02,1,0.0014434044935544392,0
lin,3,SR1482_40X_HE_T301_01,1,0.012225876387406274,0
lin,3,SR1482_40X_HE_T301_02,1,2.390503120715013e-05,0
lin,3,SR1482_40X_HE_T309_01,0,0.05504899586056037,0
lin,3,SR1482_40X_HE_T313_01,0,0.0005517360100126211,0
lin,3,SR1482_40X_HE_T313_02,0,4.2504946977097764e-07,0
lin,3,SR1482_40X_HE_T338_01,0,0.07770373317591768,0
lin,3,SR1482_40X_HE_T344_01,0,0.21588132995703868,0
lin,3,SR1482_40X_HE_T344_02,0,0.4516145398354908,0
lin,3,SR1482_40X_HE_T346_01,0,0.0004207803275773705,0
lin,3,SR1482_40X_HE_T346_02,0,0.002604458067969686,0
lin,3,SR1482_40X_HE_T377_01,0,4.1277582906486964e-08,0
lin,3,SR1482_40X_HE_T377_02,0,6.847651289258606e-06,0
lin,3,SR1482_40X_HE_T419_01,0,0.00015050856219134138,0
lin,3,SR1482_40X_HE_T427_01,0,1.3314752713834248e-06,0
lin,3,SR1482_40X_HE_T427_02,0,2.1762189357943004e-05,0
lin,3,SR386_40X_HE_T007_01,0,2.1715435913815233e-06,0
lin,3,SR386_40X_HE_T015_01,0,4.1542652432567956e-05,0
lin,3,SR386_40X_HE_T017_01,1,0.2025770115399749,0
lin,3,SR386_40X_HE_T032_01,0,1.6510231661411424e-07,0
lin,3,SR386_40X_HE_T034_01,0,2.729716560548235e-05,0
lin,3,SR386_40X_HE_T035_01,0,0.0001330388235563873,0
lin,3,SR386_40X_HE_T041_01,0,0.9719246525273075,1
lin,3,SR386_40X_HE_T067_01,0,1.6454929789360405e-09,0
lin,3,SR386_40X_HE_T075_01,0,2.4045893159394237e-07,0
lin,3,SR386_40X_HE_T081_01,0,4.432012785582461e-08,0
lin,3,SR386_40X_HE_T083_01,0,3.589786472881459e-05,0
lin,3,SR386_40X_HE_T085_01,0,6.638891980088933e-10,0
lin,3,SR386_40X_HE_T095_01,0,0.11645447554613927,0
lin,3,SR386_40X_HE_T104_01,0,0.015118389038780256,0
lin,3,SR386_40X_HE_T106_01,0,6.563588736204809e-06,0
lin,3,SR386_40X_HE_T112_01,0,3.0365077842384854e-06,0
lin,3,SR386_40X_HE_T128_01,0,6.873771886997971e-11,0
lin,3,SR386_40X_HE_T132_01,0,2.424525149095092e-10,0
lin,3,SR386_40X_HE_T138_01,0,8.147115461506586e-05,0
lin,3,SR386_40X_HE_T142_01,0,0.0005988838912951507,0
lin,3,SR386_40X_HE_T149_01,0,0.0012732406731772936,0
lin,3,SR386_40X_HE_T165_01,1,0.1831413374423103,0
lin,3,SR386_40X_HE_T179_01,0,0.025246883268233974,0
lin,3,SR386_40X_HE_T180_01,0,1.2902676302528683e-05,0
lin,3,SR386_40X_HE_T182_01,0,0.0003340179231714573,0
lin,3,SR386_40X_HE_T184_01,0,0.001574006999212741,0
lin,3,SR386_40X_HE_T188_01,0,1.3283151296281784e-11,0
lin,3,SR386_40X_HE_T191_01,0,0.0005360039196874196,0
lin,3,SR386_40X_HE_T197_01,0,4.5089017204045646e-06,0
lin,3,SR386_40X_HE_T201_01,0,1.654685519064441e-07,0
lin,3,SR386_40X_HE_T202_01,0,2.8527514328497035e-10,0
lin,3,SR386_40X_HE_T208_01,0,3.9025381641045155e-08,0
lin,3,SR386_40X_HE_T216_01,1,0.9534364216302798,1
lin,3,SR386_40X_HE_T238_01,0,2.6879063825362416e-08,0
lin,3,SR386_40X_HE_T244_01,0,9.541358520067764e-12,0
lin,3,SR386_40X_HE_T248_01,0,1.027610703367773e-10,0
lin,3,SR386_40X_HE_T249_01,0,1.1982065692453093e-09,0
lin,3,SR386_40X_HE_T250_01,0,2.9897750786575635e-07,0
lin,3,SR386_40X_HE_T263_01,0,8.15977503211002e-11,0
lin,3,SR386_40X_HE_T267_01,0,3.1380196796820515e-07,0
lin,3,SR386_40X_HE_T269_01,0,1.910774405341519e-06,0
lin,3,SR386_40X_HE_T277_01,0,5.759266606841108e-08,0
lin,3,SR386_40X_HE_T286_01,0,0.007272983010395908,0
lin,3,SR386_40X_HE_T287_01,0,0.0022411815283560105,0
lin,3,SR386_40X_HE_T290_01,0,8.036991782976158e-06,0
lin,3,SR386_40X_HE_T293_01,0,5.309283703546086e-08,0
lin,3,SR386_40X_HE_T298_01,0,9.962779822830134e-09,0
lin,3,SR386_40X_HE_T303_01,0,2.837038596563903e-11,0
lin,3,SR386_40X_HE_T312_01,0,1.9567553214581673e-07,0
lin,3,SR386_40X_HE_T329_01,0,0.001168073620384952,0
lin,3,SR386_40X_HE_T336_01,0,0.00016027847986081666,0
lin,3,SR386_40X_HE_T338_01,0,1.121320681720532e-06,0
lin,3,SR386_40X_HE_T342_01,0,5.262465625826598e-06,0
lin,3,SR386_40X_HE_T353_01,0,3.878774670196292e-06,0
lin,3,SR386_40X_HE_T357_01,0,2.2677585928491784e-13,0
lin,3,SR386_40X_HE_T362_01,0,6.273259457646248e-08,0
lin,3,SR386_40X_HE_T363_01,1,0.11954439407136075,0
lin,3,SR386_40X_HE_T372_01,0,0.1327823127625562,0
lin,3,SR386_40X_HE_T378_01,0,8.15297850788391e-08,0
lin,3,SR386_40X_HE_T379_01,0,3.15556370896049e-07,0
lin,3,SR386_40X_HE_T386_01,0,2.2648784869889984e-07,0
lin,3,SR386_40X_HE_T387_01,0,2.5693776374603784e-10,0
lin,3,SR386_40X_HE_T393_01,0,7.956139614990895e-06,0
lin,3,SR386_40X_HE_T397_01,0,0.30590344797184577,0
lin,3,SR386_40X_HE_T406_01,0,0.33894787456862985,0
lin,3,SR386_40X_HE_T409_01,0,1.9306551726273333e-07,0
lin,3,SR386_40X_HE_T422_01,0,1.348895696313911e-08,0
lin,3,SR386_40X_HE_T426_01,0,6.055193100052522e-07,0
lin,3,SR386_40X_HE_T433_01,0,4.215751821143542e-06,0
lin,3,SR386_40X_HE_T443_01,0,0.0003739943653117164,0
lin,3,SR386_40X_HE_T448_01,0,0.001327202263820742,0
lin,3,SR386_40X_HE_T452_01,0,0.0008329292527541732,0
lin,3,SR386_40X_HE_T460_01,1,0.0073466577082990725,0
lin,3,SR386_40X_HE_T473_01,0,2.978679666686615e-08,0
lin,3,SR386_40X_HE_T475_01,0,3.7642103445475985e-10,0
lin,3,SR386_40X_HE_T478_01,0,4.196608651290064e-09,0
lin,3,SR386_40X_HE_T489_01,1,1.2647526621216803e-07,0
lin,3,SR386_40X_HE_T491_01,0,2.4504942940358066e-05,0
lin,3,SR386_40X_HE_T492_01,0,1.032031460349803e-08,0
lin,3,SR386_40X_HE_T493_01,0,2.2252234450147217e-08,0
lin,3,SR386_40X_HE_T502_01,0,7.943785438736562e-07,0
lin,3,SR386_40X_HE_T505_01,0,2.1239191178011513e-05,0
lin,3,SR386_40X_HE_T506_01,0,4.3438889238420495e-08,0
lin,3,SR386_40X_HE_T509_01,0,3.6992784621451792e-06,0
lin,3,SR386_40X_HE_T516_01,0,0.0023819183136194215,0
lin,3,SR386_40X_HE_T518_01,0,4.460272485893545e-12,0
lin,3,SR386_40X_HE_T519_01,0,3.8153325935233807e-10,0
lin,3,SR386_40X_HE_T521_01,0,5.025668167383046e-10,0
lin,3,SR386_40X_HE_T526_01,0,4.914100065715058e-08,0
lin,3,SR386_40X_HE_T533_01,0,2.3904245051488697e-07,0
lin,3,SR386_40X_HE_T543_01,0,2.1881205555125804e-07,0
lin,3,SR386_40X_HE_T544_01,0,3.699545717506553e-07,0
lin,3,SR386_40X_HE_T556_01,1,0.011591765033231487,0
lin,3,SR386_40X_HE_T560_01,0,3.207586069444796e-06,0
lin,3,SR386_40X_HE_T563_01,0,9.128028441665981e-08,0
lin,3,SR386_40X_HE_T568_01,0,0.006265963709056005,0
lin,3,SR386_40X_HE_T571_01,0,1.1744980854775486e-05,0
lin,3,SR386_40X_HE_T572_01,0,0.011660757027511457,0
lin,3,SR386_40X_HE_T573_01,0,0.00903619802403015,0
lin,3,SR386_40X_HE_T583_01,0,9.307101811575863e-07,0
lin,4,SR1482_40X_HE_T002_01,0,1.413263932541191e-11,0
lin,4,SR1482_40X_HE_T003_01,0,4.19131346491027e-06,0
lin,4,SR1482_40X_HE_T004_01,0,2.6917554617449465e-16,0
lin,4,SR1482_40X_HE_T004_02,0,2.038768761290642e-12,0
lin,4,SR1482_40X_HE_T011_01,0,2.0833484862588832e-13,0
lin,4,SR1482_40X_HE_T025_01,0,1.3252124758625113e-10,0
lin,4,SR1482_40X_HE_T025_02,0,6.10033111916383e-07,0
lin,4,SR1482_40X_HE_T060_01,0,1.1318876755426268e-05,0
lin,4,SR1482_40X_HE_T062_01,0,9.759018837708436e-08,0
lin,4,SR1482_40X_HE_T062_02,0,3.008914640166034e-08,0
lin,4,SR1482_40X_HE_T064_01,0,0.03227617315320506,0
lin,4,SR1482_40X_HE_T064_02,0,1.0459935371687004e-05,0
lin,4,SR1482_40X_HE_T071_01,0,6.305506128219653e-08,0
lin,4,SR1482_40X_HE_T071_02,0,2.874910176285303e-06,0
lin,4,SR1482_40X_HE_T074_01,0,1.4159848117531921e-08,0
lin,4,SR1482_40X_HE_T074_02,0,6.013701624189223e-11,0
lin,4,SR1482_40X_HE_T083_01,0,7.43578281925727e-06,0
lin,4,SR1482_40X_HE_T083_02,0,8.923471756228628e-06,0
lin,4,SR1482_40X_HE_T087_01,0,1.4099087620914589e-12,0
lin,4,SR1482_40X_HE_T097_01,1,0.9220968774009627,1
lin,4,SR1482_40X_HE_T097_02,1,0.0343957923661861,0
lin,4,SR1482_40X_HE_T108_01,0,1.645101018238529e-11,0
lin,4,SR1482_40X_HE_T113_01,0,1.4314176313437358e-06,0
lin,4,SR1482_40X_HE_T113_02,0,0.0027612711956750465,0
lin,4,SR1482_40X_HE_T121_01,0,7.730028278184314e-17,0
lin,4,SR1482_40X_HE_T122_01,0,1.893367432416651e-12,0
lin,4,SR1482_40X_HE_T125_01,0,5.038123971126565e-07,0
lin,4,SR1482_40X_HE_T125_02,0,1.0391583679945738e-10,0
lin,4,SR1482_40X_HE_T131_01,0,0.6166456706482533,1
lin,4,SR1482_40X_HE_T131_02,0,0.9957307131022375,1
lin,4,SR1482_40X_HE_T132_01,0,0.0002290941816938326,0
lin,4,SR1482_40X_HE_T132_02,0,2.1728523894400725e-06,0
lin,4,SR1482_40X_HE_T143_01,0,0.598032326741061,1
lin,4,SR1482_40X_HE_T143_02,0,0.3984130349317696,0
lin,4,SR1482_40X_HE_T166_01,1,8.833884934088565e-15,0
lin,4,SR1482_40X_HE_T169_01,0,0.003722309041777049,0
lin,4,SR1482_40X_HE_T176_01,1,0.9998549689635357,1
lin,4,SR1482_40X_HE_T176_02,1,0.9954295521032112,1
lin,4,SR1482_40X_HE_T191_01,0,1.5455696376880785e-15,0
lin,4,SR1482_40X_HE_T194_01,0,0.00023063811206001483,0
lin,4,SR1482_40X_HE_T218_01,0,3.261262984013966e-10,0
lin,4,SR1482_40X_HE_T253_01,0,1.665482325747898e-10,0
lin,4,SR1482_40X_HE_T290_01,0,6.513108762388942e-05,0
lin,4,SR1482_40X_HE_T308_01,0,8.420861921999219e-10,0
lin,4,SR1482_40X_HE_T314_01,0,0.9994809343286193,1
lin,4,SR1482_40X_HE_T314_02,0,0.9975871830967412,1
lin,4,SR1482_40X_HE_T372_01,1,0.9175420516789731,1
lin,4,SR1482_40X_HE_T372_02,1,0.1687027353995282,0
lin,4,SR1482_40X_HE_T408_01,0,0.001869713357817765,0
lin,4,SR1482_40X_HE_T412_01,0,2.4196677407488226e-08,0
lin,4,SR1482_40X_HE_T425_01,0,2.6012530617749836e-16,0
lin,4,SR1482_40X_HE_T434_01,1,7.954808658081148e-05,0
lin,4,SR386_40X_HE_T006_01,0,2.8952348243117777e-07,0
lin,4,SR386_40X_HE_T010_01,0,3.187513002707069e-05,0
lin,4,SR386_40X_HE_T014_01,0,2.516391791442292e-06,0
lin,4,SR386_40X_HE_T016_01,0,2.1180243239465662e-07,0
lin,4,SR386_40X_HE_T020_01,0,2.1981164185997283e-15,0
lin,4,SR386_40X_HE_T027_01,0,1.0371508887432438e-06,0
lin,4,SR386_40X_HE_T028_01,0,4.094561258560038e-07,0
lin,4,SR386_40X_HE_T037_01,0,8.201436537455496e-11,0
lin,4,SR386_40X_HE_T043_01,0,1.3434557042966358e-06,0
lin,4,SR386_40X_HE_T044_01,1,0.014753038853455878,0
lin,4,SR386_40X_HE_T046_01,0,4.999071184930768e-09,0
lin,4,SR386_40X_HE_T058_01,0,2.216710053369922e-08,0
lin,4,SR386_40X_HE_T062_01,0,1.496494994921572e-11,0
lin,4,SR386_40X_HE_T065_01,1,0.0012407927827552615,0
lin,4,SR386_40X_HE_T080_01,0,2.0601828707984103e-05,0
lin,4,SR386_40X_HE_T091_01,0,0.000541657480134806,0
lin,4,SR386_40X_HE_T094_01,0,3.2511677183248315e-12,0
lin,4,SR386_40X_HE_T097_01,0,9.544384818317954e-05,0
lin,4,SR386_40X_HE_T100_01,0,8.446769845060434e-05,0
lin,4,SR386_40X_HE_T107_01,0,9.15418964601491e-06,0
lin,4,SR386_40X_HE_T109_01,1,0.005781443720648443,0
lin,4,SR386_40X_HE_T110_01,0,2.70326101806513e-05,0
lin,4,SR386_40X_HE_T117_01,0,0.002029139437846673,0
lin,4,SR386_40X_HE_T127_01,0,8.875913384909825e-10,0
lin,4,SR386_40X_HE_T129_01,0,3.5762242499387744e-12,0
lin,4,SR386_40X_HE_T136_01,0,0.0039366042482739585,0
lin,4,SR386_40X_HE_T154_01,0,9.901152777541113e-08,0
lin,4,SR386_40X_HE_T168_01,1,0.18875758888028535,0
lin,4,SR386_40X_HE_T175_01,0,6.104274439325663e-09,0
lin,4,SR386_40X_HE_T189_01,0,5.619682719952763e-12,0
lin,4,SR386_40X_HE_T195_01,0,7.087569581273396e-11,0
lin,4,SR386_40X_HE_T227_01,0,5.707653135897785e-08,0
lin,4,SR386_40X_HE_T233_01,0,0.8707102537424153,1
lin,4,SR386_40X_HE_T234_01,0,0.003121357400312044,0
lin,4,SR386_40X_HE_T235_01,0,7.645942856256226e-05,0
lin,4,SR386_40X_HE_T239_01,0,0.0033263454717286436,0
lin,4,SR386_40X_HE_T245_01,0,2.6678548999046438e-12,0
lin,4,SR386_40X_HE_T256_01,0,9.054800601822768e-07,0
lin,4,SR386_40X_HE_T265_01,0,1.2802876003574694e-05,0
lin,4,SR386_40X_HE_T268_01,0,3.959751109067221e-06,0
lin,4,SR386_40X_HE_T270_01,0,4.10923381246241e-07,0
lin,4,SR386_40X_HE_T272_01,0,0.036805634129673845,0
lin,4,SR386_40X_HE_T273_01,0,0.026163898663151903,0
lin,4,SR386_40X_HE_T276_01,0,0.004333902902815849,0
lin,4,SR386_40X_HE_T278_01,1,0.06427487669841093,0
lin,4,SR386_40X_HE_T284_01,0,5.548194769898823e-07,0
lin,4,SR386_40X_HE_T285_01,0,1.6564606272097614e-07,0
lin,4,SR386_40X_HE_T288_01,0,9.878221741351051e-08,0
lin,4,SR386_40X_HE_T291_01,0,9.803907443316825e-07,0
lin,4,SR386_40X_HE_T300_01,0,2.9267382481624147e-08,0
lin,4,SR386_40X_HE_T302_01,0,4.2367632418560915e-08,0
lin,4,SR386_40X_HE_T305_01,0,3.893745964547066e-10,0
lin,4,SR386_40X_HE_T308_01,0,2.710434210698286e-09,0
lin,4,SR386_40X_HE_T325_01,0,0.00010835283349056409,0
lin,4,SR386_40X_HE_T331_01,0,5.29620480239233e-07,0
lin,4,SR386_40X_HE_T341_01,0,0.014727973609692791,0
lin,4,SR386_40X_HE_T343_01,1,6.449789436169744e-05,0
lin,4,SR386_40X_HE_T346_01,0,0.037425509052553756,0
lin,4,SR386_40X_HE_T352_01,0,0.00026211349533221287,0
lin,4,SR386_40X_HE_T373_01,0,2.951399191741854e-07,0
lin,4,SR386_40X_HE_T375_01,0,0.12570783000297114,0
lin,4,SR386_40X_HE_T381_01,0,8.793797688664758e-09,0
lin,4,SR386_40X_HE_T389_01,0,1.3973969494027345e-06,0
lin,4,SR386_40X_HE_T391_01,0,1.3710212000322082e-09,0
lin,4,SR386_40X_HE_T394_01,0,3.590364317622087e-07,0
lin,4,SR386_40X_HE_T399_01,0,2.738033761605416e-05,0
lin,4,SR386_40X_HE_T403_01,0,1.7618601514020626e-10,0
lin,4,SR386_40X_HE_T405_01,0,3.56928160058602e-09,0
lin,4,SR386_40X_HE_T407_01,0,2.443690164942347e-08,0
lin,4,SR386_40X_HE_T414_01,0,3.6689918034983754e-09,0
lin,4,SR386_40X_HE_T424_01,0,0.004259502876801158,0
lin,4,SR386_40X_HE_T429_01,0,3.058872646968731e-06,0
lin,4,SR386_40X_HE_T441_01,0,0.0006985068548018613,0
lin,4,SR386_40X_HE_T451_01,0,1.2040697893629278e-07,0
lin,4,SR386_40X_HE_T453_01,0,6.24695206377189e-08,0
lin,4,SR386_40X_HE_T455_01,0,3.1317591440782987e-06,0
lin,4,SR386_40X_HE_T465_01,0,2.6394985379075997e-07,0
lin,4,SR386_40X_HE_T474_01,0,5.545624653135691e-05,0
lin,4,SR386_40X_HE_T476_01,0,0.6615286529099144,1
lin,4,SR386_40X_HE_T479_01,0,1.0933391957772698e-07,0
lin,4,SR386_40X_HE_T482_01,0,0.005883707391718251,0
lin,4,SR386_40X_HE_T487_01,0,5.81951760708599e-10,0
lin,4,SR386_40X_HE_T490_01,0,1.3447108009307805e-07,0
lin,4,SR386_40X_HE_T494_01,0,5.411392278908217e-08,0
lin,4,SR386_40X_HE_T500_01,0,3.533004650184511e-07,0
lin,4,SR386_40X_HE_T510_01,0,3.9216041541679607e-07,0
lin,4,SR386_40X_HE_T524_01,0,5.976628680123902e-07,0
lin,4,SR386_40X_HE_T528_01,0,0.04153986980832149,0
lin,4,SR386_40X_HE_T532_01,0,1.4099886545460155e-09,0
lin,4,SR386_40X_HE_T534_01,0,0.0005029554170844793,0
lin,4,SR386_40X_HE_T536_01,0,7.757349129102938e-07,0
lin,4,SR386_40X_HE_T537_01,0,5.247665796566369e-08,0
lin,4,SR386_40X_HE_T541_01,0,1.701831222172892e-07,0
lin,4,SR386_40X_HE_T548_01,1,0.06634740229473074,0
lin,4,SR386_40X_HE_T550_01,0,0.0005529109026596441,0
lin,4,SR386_40X_HE_T551_01,0,2.8320958117464225e-08,0
lin,4,SR386_40X_HE_T557_01,0,1.878512272470528e-08,0
lin,4,SR386_40X_HE_T565_01,0,6.575959727311548e-09,0
lin,4,SR386_40X_HE_T567_01,0,3.030754100041194e-07,0
lin,4,SR386_40X_HE_T575_01,0,0.00018528594254733937,0
lin,4,SR386_40X_HE_T576_01,0,4.594827825737765e-05,0
lin,4,SR386_40X_HE_T581_01,0,0.0008035669245249406,0
ann,1,SR1482_40X_HE_T029_01,0,0.34449461102485657,0
ann,1,SR1482_40X_HE_T029_02,0,0.6650403141975403,1
ann,1,SR1482_40X_HE_T057_01,0,0.13871505856513977,0
ann,1,SR1482_40X_HE_T063_01,1,0.9924170970916748,1
ann,1,SR1482_40X_HE_T063_02,1,0.6180550456047058,1
ann,1,SR1482_40X_HE_T065_01,0,0.31991446018218994,0
ann,1,SR1482_40X_HE_T065_02,0,0.2576025724411011,0
ann,1,SR1482_40X_HE_T066_01,0,0.7104548811912537,1
ann,1,SR1482_40X_HE_T066_02,0,0.981577455997467,1
ann,1,SR1482_40X_HE_T068_01,0,0.2785770297050476,0
ann,1,SR1482_40X_HE_T069_01,0,0.20113399624824524,0
ann,1,SR1482_40X_HE_T069_02,0,0.1828048974275589,0
ann,1,SR1482_40X_HE_T079_01,1,0.3516007959842682,0
ann,1,SR1482_40X_HE_T079_02,1,0.5877709984779358,1
ann,1,SR1482_40X_HE_T080_01,0,0.5731133818626404,1
ann,1,SR1482_40X_HE_T080_02,0,0.687352180480957,1
ann,1,SR1482_40X_HE_T081_01,0,0.28681108355522156,0
ann,1,SR1482_40X_HE_T081_02,0,0.17628005146980286,0
ann,1,SR1482_40X_HE_T099_01,0,0.2577950060367584,0
ann,1,SR1482_40X_HE_T116_01,0,0.5910409092903137,1
ann,1,SR1482_40X_HE_T117_01,0,0.28686463832855225,0
ann,1,SR1482_40X_HE_T117_02,0,0.5063284635543823,1
ann,1,SR1482_40X_HE_T126_01,0,0.4938831329345703,0
ann,1,SR1482_40X_HE_T129_01,0,0.41292741894721985,0
ann,1,SR1482_40X_HE_T129_02,0,0.9164978861808777,1
ann,1,SR1482_40X_HE_T139_01,0,0.46216222643852234,0
ann,1,SR1482_40X_HE_T139_02,0,0.3331882357597351,0
ann,1,SR1482_40X_HE_T147_01,0,0.7484792470932007,1
ann,1,SR1482_40X_HE_T147_02,0,0.9701545238494873,1
ann,1,SR1482_40X_HE_T159_01,0,0.2893732488155365,0
ann,1,SR1482_40X_HE_T159_02,0,0.3538453280925751,0
ann,1,SR1482_40X_HE_T192_01,0,0.13791677355766296,0
ann,1,SR1482_40X_HE_T199_01,0,0.1859198808670044,0
ann,1,SR1482_40X_HE_T304_01,0,0.2790073752403259,0
ann,1,SR1482_40X_HE_T304_02,0,0.5542787909507751,1
ann,1,SR1482_40X_HE_T310_01,1,0.2654080390930176,0
ann,1,SR1482_40X_HE_T310_02,1,0.3503839671611786,0
ann,1,SR1482_40X_HE_T341_01,0,0.18069839477539062,0
ann,1,SR1482_40X_HE_T341_02,0,0.1478315144777298,0
ann,1,SR1482_40X_HE_T353_01,0,0.7457116842269897,1
ann,1,SR1482_40X_HE_T390_01,0,0.2307937741279602,0
ann,1,SR1482_40X_HE_T433_01,1,0.46696892380714417,0
ann,1,SR386_40X_HE_T003_01,0,0.28456300497055054,0
ann,1,SR386_40X_HE_T004_01,0,0.6937080025672913,1
ann,1,SR386_40X_HE_T022_01,1,0.9923558235168457,1
ann,1,SR386_40X_HE_T030_01,0,0.34896916151046753,0
ann,1,SR386_40X_HE_T033_01,0,0.2504705488681793,0
ann,1,SR386_40X_HE_T036_01,0,0.11178380250930786,0
ann,1,SR386_40X_HE_T038_01,0,0.33045148849487305,0
ann,1,SR386_40X_HE_T049_01,0,0.24315419793128967,0
ann,1,SR386_40X_HE_T050_01,0,0.4327582120895386,0
ann,1,SR386_40X_HE_T060_01,0,0.22929126024246216,0
ann,1,SR386_40X_HE_T063_01,0,0.33332791924476624,0
ann,1,SR386_40X_HE_T066_01,0,0.13422097265720367,0
ann,1,SR386_40X_HE_T069_01,0,0.28402185440063477,0
ann,1,SR386_40X_HE_T072_01,0,0.18936511874198914,0
ann,1,SR386_40X_HE_T074_01,0,0.4782705307006836,0
ann,1,SR386_40X_HE_T078_01,0,0.1885150820016861,0
ann,1,SR386_40X_HE_T079_01,0,0.14069700241088867,0
ann,1,SR386_40X_HE_T092_01,1,0.6979413032531738,1
ann,1,SR386_40X_HE_T096_01,0,0.2136617749929428,0
ann,1,SR386_40X_HE_T099_01,0,0.26006630063056946,0
ann,1,SR386_40X_HE_T103_01,0,0.046431805938482285,0
ann,1,SR386_40X_HE_T108_01,0,0.4906885325908661,0
ann,1,SR386_40X_HE_T113_01,0,0.28378236293792725,0
ann,1,SR386_40X_HE_T114_01,0,0.16878457367420197,0
ann,1,SR386_40X_HE_T119_01,0,0.4129524827003479,0
ann,1,SR386_40X_HE_T126_01,0,0.1881142258644104,0
ann,1,SR386_40X_HE_T130_01,0,0.24769365787506104,0
ann,1,SR386_40X_HE_T131_01,0,0.5890971422195435,1
ann,1,SR386_40X_HE_T135_01,0,0.790245771408081,1
ann,1,SR386_40X_HE_T140_01,0,0.12946569919586182,0
ann,1,SR386_40X_HE_T144_01,0,0.741493284702301,1
ann,1,SR386_40X_HE_T147_01,0,0.22476883232593536,0
ann,1,SR386_40X_HE_T148_01,0,0.6755650639533997,1
ann,1,SR386_40X_HE_T160_01,0,0.2512369155883789,0
ann,1,SR386_40X_HE_T169_01,0,0.17668011784553528,0
ann,1,SR386_40X_HE_T170_01,1,0.9340346455574036,1
ann,1,SR386_40X_HE_T172_01,0,0.9010849595069885,1
ann,1,SR386_40X_HE_T174_01,0,0.6630057096481323,1
ann,1,SR386_40X_HE_T181_01,0,0.3109748363494873,0
ann,1,SR386_40X_HE_T196_01,0,0.18200354278087616,0
ann,1,SR386_40X_HE_T205_01,0,0.6573255062103271,1
ann,1,SR386_40X_HE_T209_01,0,0.31357520818710327,0
ann,1,SR386_40X_HE_T210_01,0,0.48281869292259216,0
ann,1,SR386_40X_HE_T212_01,0,0.2840785086154938,0
ann,1,SR386_40X_HE_T221_01,0,0.20037193596363068,0
ann,1,SR386_40X_HE_T224_01,0,0.46016207337379456,0
ann,1,SR386_40X_HE_T231_01,1,0.6251485347747803,1
ann,1,SR386_40X_HE_T232_01,0,0.165951207280159,0
ann,1,SR386_40X_HE_T247_01,0,0.25812703371047974,0
ann,1,SR386_40X_HE_T252_01,0,0.26193541288375854,0
ann,1,SR386_40X_HE_T255_01,0,0.2543060779571533,0
ann,1,SR386_40X_HE_T259_01,1,0.38899704813957214,0
ann,1,SR386_40X_HE_T274_01,0,0.27475178241729736,0
ann,1,SR386_40X_HE_T275_01,0,0.38891729712486267,0
ann,1,SR386_40X_HE_T282_01,0,0.18482448160648346,0
ann,1,SR386_40X_HE_T294_01,0,0.746728777885437,1
ann,1,SR386_40X_HE_T311_01,0,0.22516295313835144,0
ann,1,SR386_40X_HE_T315_01,0,0.2155182659626007,0
ann,1,SR386_40X_HE_T319_01,1,0.23896273970603943,0
ann,1,SR386_40X_HE_T324_01,1,0.34062808752059937,0
ann,1,SR386_40X_HE_T330_01,0,0.20584875345230103,0
ann,1,SR386_40X_HE_T333_01,0,0.35311952233314514,0
ann,1,SR386_40X_HE_T335_01,0,0.16581128537654877,0
ann,1,SR386_40X_HE_T337_01,0,0.8101880550384521,1
ann,1,SR386_40X_HE_T344_01,0,0.2737446129322052,0
ann,1,SR386_40X_HE_T347_01,0,0.25935015082359314,0
ann,1,SR386_40X_HE_T350_01,0,0.2999899387359619,0
ann,1,SR386_40X_HE_T351_01,0,0.16851525008678436,0
ann,1,SR386_40X_HE_T360_01,0,0.3350437879562378,0
ann,1,SR386_40X_HE_T361_01,0,0.2991168797016144,0
ann,1,SR386_40X_HE_T366_01,0,0.38725608587265015,0
ann,1,SR386_40X_HE_T377_01,1,0.5647329688072205,1
ann,1,SR386_40X_HE_T384_01,0,0.19902029633522034,0
ann,1,SR386_40X_HE_T395_01,0,0.27454450726509094,0
ann,1,SR386_40X_HE_T396_01,0,0.19729934632778168,0
ann,1,SR386_40X_HE_T401_01,0,0.3716054856777191,0
ann,1,SR386_40X_HE_T408_01,0,0.1479530930519104,0
ann,1,SR386_40X_HE_T410_01,0,0.4621337354183197,0
ann,1,SR386_40X_HE_T413_01,0,0.2915765047073364,0
ann,1,SR386_40X_HE_T416_01,0,0.1892911046743393,0
ann,1,SR386_40X_HE_T418_01,0,0.18443137407302856,0
ann,1,SR386_40X_HE_T419_01,0,0.254426509141922,0
ann,1,SR386_40X_HE_T421_01,0,0.2514265179634094,0
ann,1,SR386_40X_HE_T423_01,0,0.3122496008872986,0
ann,1,SR386_40X_HE_T428_01,0,0.41506078839302063,0
ann,1,SR386_40X_HE_T430_01,0,0.2077057659626007,0
ann,1,SR386_40X_HE_T431_01,0,0.21373350918293,0
ann,1,SR386_40X_HE_T435_01,0,0.5305753350257874,1
ann,1,SR386_40X_HE_T438_01,0,0.234316885471344,0
ann,1,SR386_40X_HE_T439_01,0,0.3728824257850647,0
ann,1,SR386_40X_HE_T447_01,0,0.20006030797958374,0
ann,1,SR386_40X_HE_T449_01,0,0.2774812579154968,0
ann,1,SR386_40X_HE_T454_01,0,0.12160813063383102,0
ann,1,SR386_40X_HE_T456_01,0,0.17365920543670654,0
ann,1,SR386_40X_HE_T461_01,0,0.21261480450630188,0
ann,1,SR386_40X_HE_T462_01,0,0.17088261246681213,0
ann,1,SR386_40X_HE_T468_01,0,0.1401970237493515,0
ann,1,SR386_40X_HE_T469_01,1,0.38554373383522034,0
ann,1,SR386_40X_HE_T470_01,0,0.3457314074039459,0
ann,1,SR386_40X_HE_T471_01,0,0.10889141261577606,0
ann,1,SR386_40X_HE_T477_01,0,0.2790786623954773,0
ann,1,SR386_40X_HE_T480_01,0,0.47766509652137756,0
ann,1,SR386_40X_HE_T484_01,0,0.5813391208648682,1
ann,1,SR386_40X_HE_T495_01,0,0.24421952664852142,0
ann,1,SR386_40X_HE_T496_01,0,0.2401813119649887,0
ann,1,SR386_40X_HE_T498_01,0,0.509162425994873,1
ann,1,SR386_40X_HE_T504_01,0,0.15012028813362122,0
ann,1,SR386_40X_HE_T511_01,0,0.35800349712371826,0
ann,1,SR386_40X_HE_T517_01,0,0.544082760810852,1
ann,1,SR386_40X_HE_T523_01,0,0.18073251843452454,0
ann,1,SR386_40X_HE_T529_01,0,0.25669151544570923,0
ann,1,SR386_40X_HE_T542_01,0,0.28208252787590027,0
ann,1,SR386_40X_HE_T569_01,0,0.524593710899353,1
ann,1,SR386_40X_HE_T582_01,0,0.1543278694152832,0
ann,2,SR1482_40X_HE_T009_01,0,0.14111392199993134,0
ann,2,SR1482_40X_HE_T009_02,0,0.2822093367576599,0
ann,2,SR1482_40X_HE_T015_01,0,0.9159156084060669,1
ann,2,SR1482_40X_HE_T021_01,0,0.2026892751455307,0
ann,2,SR1482_40X_HE_T067_01,0,0.5751795768737793,1
ann,2,SR1482_40X_HE_T075_01,0,0.3438259959220886,0
ann,2,SR1482_40X_HE_T075_02,0,0.5742424130439758,1
ann,2,SR1482_40X_HE_T098_01,0,0.3603065013885498,0
ann,2,SR1482_40X_HE_T098_02,0,0.14722606539726257,0
ann,2,SR1482_40X_HE_T102_01,0,0.68916916847229,1
ann,2,SR1482_40X_HE_T123_01,0,0.4442773461341858,0
ann,2,SR1482_40X_HE_T142_01,0,0.15283706784248352,0
ann,2,SR1482_40X_HE_T146_01,0,0.9926143884658813,1
ann,2,SR1482_40X_HE_T148_01,0,0.5453545451164246,1
ann,2,SR1482_40X_HE_T148_02,0,0.15993665158748627,0
ann,2,SR1482_40X_HE_T154_01,0,0.37438082695007324,0
ann,2,SR1482_40X_HE_T158_01,0,0.3579423725605011,0
ann,2,SR1482_40X_HE_T161_01,0,0.6324158310890198,1
ann,2,SR1482_40X_HE_T161_02,0,0.22799937427043915,0
ann,2,SR1482_40X_HE_T164_01,1,0.12708720564842224,0
ann,2,SR1482_40X_HE_T164_02,1,0.601896345615387,1
ann,2,SR1482_40X_HE_T168_01,0,0.4193301200866699,0
ann,2,SR1482_40X_HE_T171_01,0,0.3652549088001251,0
ann,2,SR1482_40X_HE_T171_02,0,0.4242399036884308,0
ann,2,SR1482_40X_HE_T178_01,1,0.20139209926128387,0
ann,2,SR1482_40X_HE_T186_01,0,0.4507545828819275,0
ann,2,SR1482_40X_HE_T193_01,0,0.7129316329956055,1
ann,2,SR1482_40X_HE_T193_02,0,0.9950442314147949,1
ann,2,SR1482_40X_HE_T209_01,0,0.48374560475349426,0
ann,2,SR1482_40X_HE_T209_02,0,0.9187965393066406,1
ann,2,SR1482_40X_HE_T245_01,0,0.8014448881149292,1
ann,2,SR1482_40X_HE_T245_02,0,0.45773330330848694,0
ann,2,SR1482_40X_HE_T265_01,0,0.32343271374702454,0
ann,2,SR1482_40X_HE_T302_01,0,0.604878306388855,1
ann,2,SR1482_40X_HE_T343_01,1,0.17039823532104492,0
ann,2,SR1482_40X_HE_T343_02,1,0.5977352261543274,1
ann,2,SR1482_40X_HE_T399_01,0,0.32828354835510254,0
ann,2,SR1482_40X_HE_T399_02,0,0.6475989818572998,1
ann,2,SR1482_40X_HE_T426_01,0,0.1338523030281067,0
ann,2,SR1482_40X_HE_T426_02,0,0.18426154553890228,0
ann,2,SR386_40X_HE_T001_01,0,0.5232176780700684,1
ann,2,SR386_40X_HE_T013_01,0,0.33509916067123413,0
ann,2,SR386_40X_HE_T018_01,0,0.3979983627796173,0
ann,2,SR386_40X_HE_T019_01,0,0.31574344635009766,0
ann,2,SR386_40X_HE_T024_01,0,0.21162228286266327,0
ann,2,SR386_40X_HE_T039_01,0,0.23470115661621094,0
ann,2,SR386_40X_HE_T040_01,1,0.8012982606887817,1
ann,2,SR386_40X_HE_T042_01,0,0.32047632336616516,0
ann,2,SR386_40X_HE_T047_01,0,0.23633064329624176,0
ann,2,SR386_40X_HE_T051_01,0,0.175517737865448,0
ann,2,SR386_40X_HE_T052_01,0,0.17247194051742554,0
ann,2,SR386_40X_HE_T056_01,0,0.35709813237190247,0
ann,2,SR386_40X_HE_T057_01,0,0.2904224693775177,0
ann,2,SR386_40X_HE_T070_01,0,0.30808496475219727,0
ann,2,SR386_40X_HE_T082_01,0,0.7861237525939941,1
ann,2,SR386_40X_HE_T084_01,0,0.5418809652328491,1
ann,2,SR386_40X_HE_T087_01,0,0.8177017569541931,1
ann,2,SR386_40X_HE_T088_01,0,0.4263995289802551,0
ann,2,SR386_40X_HE_T098_01,0,0.39023256301879883,0
ann,2,SR386_40X_HE_T105_01,0,0.2778346538543701,0
ann,2,SR386_40X_HE_T122_01,0,0.21791903674602509,0
ann,2,SR386_40X_HE_T123_01,0,0.3115082085132599,0
ann,2,SR386_40X_HE_T133_01,0,0.23924270272254944,0
ann,2,SR386_40X_HE_T145_01,0,0.39693960547447205,0
ann,2,SR386_40X_HE_T150_01,0,0.48857811093330383,0
ann,2,SR386_40X_HE_T152_01,0,0.3704359829425812,0
ann,2,SR386_40X_HE_T155_01,0,0.5043736100196838,1
ann,2,SR386_40X_HE_T157_01,0,0.35030126571655273,0
ann,2,SR386_40X_HE_T164_01,0,0.32809266448020935,0
ann,2,SR386_40X_HE_T166_01,0,0.10694905370473862,0
ann,2,SR386_40X_HE_T176_01,1,0.7065371870994568,1
ann,2,SR386_40X_HE_T177_01,0,0.21044299006462097,0
ann,2,SR386_40X_HE_T178_01,0,0.6754491329193115,1
ann,2,SR386_40X_HE_T187_01,0,0.43230384588241577,0
ann,2,SR386_40X_HE_T190_01,0,0.15788134932518005,0
ann,2,SR386_40X_HE_T192_01,0,0.18713411688804626,0
ann,2,SR386_40X_HE_T198_01,0,0.34265270829200745,0
ann,2,SR386_40X_HE_T200_01,0,0.5473949313163757,1
ann,2,SR386_40X_HE_T206_01,1,0.2523113489151001,0
ann,2,SR386_40X_HE_T211_01,0,0.39840301871299744,0
ann,2,SR386_40X_HE_T213_01,0,0.20550739765167236,0
ann,2,SR386_40X_HE_T214_01,0,0.42221885919570923,0
ann,2,SR386_40X_HE_T220_01,0,0.3221314251422882,0
ann,2,SR386_40X_HE_T230_01,1,0.5309934020042419,1
ann,2,SR386_40X_HE_T236_01,0,0.3083728849887848,0
ann,2,SR386_40X_HE_T237_01,0,0.3148074150085449,0
ann,2,SR386_40X_HE_T240_01,0,0.2126079499721527,0
ann,2,SR386_40X_HE_T241_01,0,0.41556334495544434,0
ann,2,SR386_40X_HE_T242_01,0,0.3218727111816406,0
ann,2,SR386_40X_HE_T253_01,0,0.27136069536209106,0
ann,2,SR386_40X_HE_T260_01,0,0.2701649069786072,0
ann,2,SR386_40X_HE_T262_01,0,0.4368274509906769,0
ann,2,SR386_40X_HE_T264_01,0,0.3057534396648407,0
ann,2,SR386_40X_HE_T271_01,0,0.24868811666965485,0
ann,2,SR386_40X_HE_T281_01,0,0.3491773009300232,0
ann,2,SR386_40X_HE_T297_01,0,0.2940495014190674,0
ann,2,SR386_40X_HE_T299_01,0,0.2906629741191864,0
ann,2,SR386_40X_HE_T301_01,0,0.20956110954284668,0
ann,2,SR386_40X_HE_T306_01,0,0.2360103577375412,0
ann,2,SR386_40X_HE_T309_01,0,0.23446181416511536,0
ann,2,SR386_40X_HE_T314_01,0,0.4776345193386078,0
ann,2,SR386_40X_HE_T316_01,0,0.970695972442627,1
ann,2,SR386_40X_HE_T318_01,0,0.5182284712791443,1
ann,2,SR386_40X_HE_T321_01,0,0.5685147047042847,1
ann,2,SR386_40X_HE_T326_01,0,0.45758458971977234,0
ann,2,SR386_40X_HE_T327_01,0,0.2371402233839035,0
ann,2,SR386_40X_HE_T332_01,1,0.47252157330513,0
ann,2,SR386_40X_HE_T355_01,0,0.3462434411048889,0
ann,2,SR386_40X_HE_T364_01,0,0.360635370016098,0
ann,2,SR386_40X_HE_T368_01,1,0.6232808828353882,1
ann,2,SR386_40X_HE_T374_01,0,0.2326526939868927,0
ann,2,SR386_40X_HE_T380_01,0,0.2507772147655487,0
ann,2,SR386_40X_HE_T382_01,0,0.33018001914024353,0
ann,2,SR386_40X_HE_T392_01,0,0.23820684850215912,0
ann,2,SR386_40X_HE_T398_01,0,0.17776267230510712,0
ann,2,SR386_40X_HE_T402_01,1,0.4738277494907379,0
ann,2,SR386_40X_HE_T404_01,0,0.259924054145813,0
ann,2,SR386_40X_HE_T415_01,0,0.25754186511039734,0
ann,2,SR386_40X_HE_T417_01,0,0.2295869141817093,0
ann,2,SR386_40X_HE_T425_01,0,0.24933193624019623,0
ann,2,SR386_40X_HE_T436_01,1,0.23018774390220642,0
ann,2,SR386_40X_HE_T437_01,0,0.2242772877216339,0
ann,2,SR386_40X_HE_T440_01,0,0.5415313243865967,1
ann,2,SR386_40X_HE_T445_01,0,0.5690831542015076,1
ann,2,SR386_40X_HE_T450_01,0,0.34670889377593994,0
ann,2,SR386_40X_HE_T459_01,0,0.29156506061553955,0
ann,2,SR386_40X_HE_T472_01,0,0.2641017436981201,0
ann,2,SR386_40X_HE_T481_01,0,0.31025734543800354,0
ann,2,SR386_40X_HE_T483_01,0,0.36501428484916687,0
ann,2,SR386_40X_HE_T486_01,0,0.38338831067085266,0
ann,2,SR386_40X_HE_T488_01,0,0.2844649851322174,0
ann,2,SR386_40X_HE_T499_01,0,0.44203078746795654,0
ann,2,SR386_40X_HE_T507_01,0,0.7284511923789978,1
ann,2,SR386_40X_HE_T514_01,0,0.2515936493873596,0
ann,2,SR386_40X_HE_T520_01,1,0.4051118791103363,0
ann,2,SR386_40X_HE_T522_01,0,0.4561883211135864,0
ann,2,SR386_40X_HE_T531_01,0,0.2319914698600769,0
ann,2,SR386_40X_HE_T535_01,0,0.2821170389652252,0
ann,2,SR386_40X_HE_T539_01,0,0.5506817102432251,1
ann,2,SR386_40X_HE_T549_01,0,0.27945536375045776,0
ann,2,SR386_40X_HE_T552_01,0,0.34016409516334534,0
ann,2,SR386_40X_HE_T553_01,0,0.3708409070968628,0
ann,2,SR386_40X_HE_T554_01,0,0.16164393723011017,0
ann,2,SR386_40X_HE_T558_01,0,0.2911323308944702,0
ann,2,SR386_40X_HE_T564_01,0,0.1702776998281479,0
ann,2,SR386_40X_HE_T570_01,0,0.3284095227718353,0
ann,2,SR386_40X_HE_T574_01,0,0.2561335265636444,0
ann,2,SR386_40X_HE_T578_01,0,0.24116621911525726,0
ann,2,SR386_40X_HE_T580_01,0,0.3052150309085846,0
ann,3,SR1482_40X_HE_T005_01,0,0.5526103377342224,1
ann,3,SR1482_40X_HE_T005_02,0,0.4804762005805969,0
ann,3,SR1482_40X_HE_T010_01,0,0.3536452651023865,0
ann,3,SR1482_40X_HE_T043_01,0,0.27740365266799927,0
ann,3,SR1482_40X_HE_T043_02,0,0.2695547640323639,0
ann,3,SR1482_40X_HE_T049_01,0,0.32496538758277893,0
ann,3,SR1482_40X_HE_T061_01,0,0.7802746295928955,1
ann,3,SR1482_40X_HE_T061_02,0,0.4364013969898224,0
ann,3,SR1482_40X_HE_T070_01,1,0.18238364160060883,0
ann,3,SR1482_40X_HE_T073_01,0,0.3012666404247284,0
ann,3,SR1482_40X_HE_T082_01,0,0.42651644349098206,0
ann,3,SR1482_40X_HE_T082_02,0,0.45828336477279663,0
ann,3,SR1482_40X_HE_T089_01,0,0.33599352836608887,0
ann,3,SR1482_40X_HE_T090_01,0,0.32471635937690735,0
ann,3,SR1482_40X_HE_T094_01,1,0.29941147565841675,0
ann,3,SR1482_40X_HE_T094_02,1,0.470726877450943,0
ann,3,SR1482_40X_HE_T105_01,0,0.3260475993156433,0
ann,3,SR1482_40X_HE_T115_01,0,0.4209038317203522,0
ann,3,SR1482_40X_HE_T115_02,0,0.35394006967544556,0
ann,3,SR1482_40X_HE_T118_01,0,0.6432312726974487,1
ann,3,SR1482_40X_HE_T118_02,0,0.7947215437889099,1
ann,3,SR1482_40X_HE_T120_01,0,0.5660598278045654,1
ann,3,SR1482_40X_HE_T120_02,0,0.7776062488555908,1
ann,3,SR1482_40X_HE_T124_01,0,0.7202395796775818,1
ann,3,SR1482_40X_HE_T124_02,0,0.6833342909812927,1
ann,3,SR1482_40X_HE_T138_01,0,0.2373575121164322,0
ann,3,SR1482_40X_HE_T160_01,0,0.40954315662384033,0
ann,3,SR1482_40X_HE_T160_02,0,0.3409387171268463,0
ann,3,SR1482_40X_HE_T167_01,0,0.26797056198120117,0
ann,3,SR1482_40X_HE_T167_02,0,0.5383707880973816,1
ann,3,SR1482_40X_HE_T175_01,0,0.41195064783096313,0
ann,3,SR1482_40X_HE_T175_02,0,0.4898329973220825,0
ann,3,SR1482_40X_HE_T177_01,1,0.33223748207092285,0
ann,3,SR1482_40X_HE_T188_01,0,0.15036743879318237,0
ann,3,SR1482_40X_HE_T195_01,0,0.26885953545570374,0
ann,3,SR1482_40X_HE_T195_02,0,0.26510077714920044,0
ann,3,SR1482_40X_HE_T202_01,0,0.20854072272777557,0
ann,3,SR1482_40X_HE_T202_02,0,0.334408164024353,0
ann,3,SR1482_40X_HE_T225_01,0,0.9005646109580994,1
ann,3,SR1482_40X_HE_T225_02,0,0.3577598035335541,0
ann,3,SR1482_40X_HE_T235_01,0,0.4795117676258087,0
ann,3,SR1482_40X_HE_T235_02,0,0.25999337434768677,0
ann,3,SR1482_40X_HE_T236_01,0,0.15561099350452423,0
ann,3,SR1482_40X_HE_T236_02,0,0.18980251252651215,0
ann,3,SR1482_40X_HE_T258_01,0,0.17635007202625275,0
ann,3,SR1482_40X_HE_T258_02,0,0.4713115692138672,0
ann,3,SR1482_40X_HE_T284_01,1,0.7496454119682312,1
ann,3,SR1482_40X_HE_T284_02,1,0.7981446385383606,1
ann,3,SR1482_40X_HE_T301_01,1,0.36090001463890076,0
ann,3,SR1482_40X_HE_T301_02,1,0.8712082505226135,1
ann,3,SR1482_40X_HE_T309_01,0,0.4198322296142578,0
ann,3,SR1482_40X_HE_T313_01,0,0.7803568243980408,1
ann,3,SR1482_40X_HE_T313_02,0,0.7399949431419373,1
ann,3,SR1482_40X_HE_T338_01,0,0.9138655066490173,1
ann,3,SR1482_40X_HE_T344_01,0,0.6878266334533691,1
ann,3,SR1482_40X_HE_T344_02,0,0.572832465171814,1
ann,3,SR1482_40X_HE_T346_01,0,0.48202136158943176,0
ann,3,SR1482_40X_HE_T346_02,0,0.3896116316318512,0
ann,3,SR1482_40X_HE_T377_01,0,0.2497619241476059,0
ann,3,SR1482_40X_HE_T377_02,0,0.3074120581150055,0
ann,3,SR1482_40X_HE_T419_01,0,0.32247424125671387,0
ann,3,SR1482_40X_HE_T427_01,0,0.2497532069683075,0
ann,3,SR1482_40X_HE_T427_02,0,0.3070796728134155,0
ann,3,SR386_40X_HE_T007_01,0,0.28209519386291504,0
ann,3,SR386_40X_HE_T015_01,0,0.3257857859134674,0
ann,3,SR386_40X_HE_T017_01,1,0.6012698411941528,1
ann,3,SR386_40X_HE_T032_01,0,0.31371697783470154,0
ann,3,SR386_40X_HE_T034_01,0,0.3064812421798706,0
ann,3,SR386_40X_HE_T035_01,0,0.3845480680465698,0
ann,3,SR386_40X_HE_T041_01,0,0.5448526740074158,1
ann,3,SR386_40X_HE_T067_01,0,0.2889665961265564,0
ann,3,SR386_40X_HE_T075_01,0,0.230418398976326,0
ann,3,SR386_40X_HE_T081_01,0,0.3213450312614441,0
ann,3,SR386_40X_HE_T083_01,0,0.27661383152008057,0
ann,3,SR386_40X_HE_T085_01,0,0.33286726474761963,0
ann,3,SR386_40X_HE_T095_01,0,0.4233474135398865,0
ann,3,SR386_40X_HE_T104_01,0,0.3885350525379181,0
ann,3,SR386_40X_HE_T106_01,0,0.29694172739982605,0
ann,3,SR386_40X_HE_T112_01,0,0.3973653316497803,0
ann,3,SR386_40X_HE_T128_01,0,0.26845139265060425,0
ann,3,SR386_40X_HE_T132_01,0,0.3410119116306305,0
ann,3,SR386_40X_HE_T138_01,0,0.38331860303878784,0
ann,3,SR386_40X_HE_T142_01,0,0.5025762319564819,1
ann,3,SR386_40X_HE_T149_01,0,0.3339505195617676,0
ann,3,SR386_40X_HE_T165_01,1,0.5565183162689209,1
ann,3,SR386_40X_HE_T179_01,0,0.6103567481040955,1
ann,3,SR386_40X_HE_T180_01,0,0.40154945850372314,0
ann,3,SR386_40X_HE_T182_01,0,0.4632928669452667,0
ann,3,SR386_40X_HE_T184_01,0,0.4753991663455963,0
ann,3,SR386_40X_HE_T188_01,0,0.22903722524642944,0
ann,3,SR386_40X_HE_T191_01,0,0.37062469124794006,0
ann,3,SR386_40X_HE_T197_01,0,0.4511542022228241,0
ann,3,SR386_40X_HE_T201_01,0,0.187405526638031,0
ann,3,SR386_40X_HE_T202_01,0,0.2381407916545868,0
ann,3,SR386_40X_HE_T208_01,0,0.2663842737674713,0
ann,3,SR386_40X_HE_T216_01,1,0.49554717540740967,0
ann,3,SR386_40X_HE_T238_01,0,0.24381132423877716,0
ann,3,SR386_40X_HE_T244_01,0,0.20541246235370636,0
ann,3,SR386_40X_HE_T248_01,0,0.31507259607315063,0
ann,3,SR386_40X_HE_T249_01,0,0.2315226048231125,0
ann,3,SR386_40X_HE_T250_01,0,0.4716602563858032,0
ann,3,SR386_40X_HE_T263_01,0,0.19191516935825348,0
ann,3,SR386_40X_HE_T267_01,0,0.259233295917511,0
ann,3,SR386_40X_HE_T269_01,0,0.3046274781227112,0
ann,3,SR386_40X_HE_T277_01,0,0.3210969865322113,0
ann,3,SR386_40X_HE_T286_01,0,0.8991108536720276,1
ann,3,SR386_40X_HE_T287_01,0,0.6114737391471863,1
ann,3,SR386_40X_HE_T290_01,0,0.43202289938926697,0
ann,3,SR386_40X_HE_T293_01,0,0.3503034710884094,0
ann,3,SR386_40X_HE_T298_01,0,0.2546604871749878,0
ann,3,SR386_40X_HE_T303_01,0,0.21228882670402527,0
ann,3,SR386_40X_HE_T312_01,0,0.3524736166000366,0
ann,3,SR386_40X_HE_T329_01,0,0.5686379671096802,1
ann,3,SR386_40X_HE_T336_01,0,0.45738378167152405,0
ann,3,SR386_40X_HE_T338_01,0,0.307864785194397,0
ann,3,SR386_40X_HE_T342_01,0,0.376998633146286,0
ann,3,SR386_40X_HE_T353_01,0,0.3702298402786255,0
ann,3,SR386_40X_HE_T357_01,0,0.21433329582214355,0
ann,3,SR386_40X_HE_T362_01,0,0.2854037284851074,0
ann,3,SR386_40X_HE_T363_01,1,0.5799009203910828,1
ann,3,SR386_40X_HE_T372_01,0,0.7643164992332458,1
ann,3,SR386_40X_HE_T378_01,0,0.27126753330230713,0
ann,3,SR386_40X_HE_T379_01,0,0.26787060499191284,0
ann,3,SR386_40X_HE_T386_01,0,0.38237249851226807,0
ann,3,SR386_40X_HE_T387_01,0,0.09764264523983002,0
ann,3,SR386_40X_HE_T393_01,0,0.3998733460903168,0
ann,3,SR386_40X_HE_T397_01,0,0.7056838870048523,1
ann,3,SR386_40X_HE_T406_01,0,0.6484809517860413,1
ann,3,SR386_40X_HE_T409_01,0,0.33569759130477905,0
ann,3,SR386_40X_HE_T422_01,0,0.28502389788627625,0
ann,3,SR386_40X_HE_T426_01,0,0.3018825650215149,0
ann,3,SR386_40X_HE_T433_01,0,0.4045383632183075,0
ann,3,SR386_40X_HE_T443_01,0,0.662109375,1
ann,3,SR386_40X_HE_T448_01,0,0.4379236698150635,0
ann,3,SR386_40X_HE_T452_01,0,0.4179990887641907,0
ann,3,SR386_40X_HE_T460_01,1,0.4940934181213379,0
ann,3,SR386_40X_HE_T473_01,0,0.3182051181793213,0
ann,3,SR386_40X_HE_T475_01,0,0.23379261791706085,0
ann,3,SR386_40X_HE_T478_01,0,0.26567792892456055,0
ann,3,SR386_40X_HE_T489_01,1,0.3246593177318573,0
ann,3,SR386_40X_HE_T491_01,0,0.5234787464141846,1
ann,3,SR386_40X_HE_T492_01,0,0.3258240520954132,0
ann,3,SR386_40X_HE_T493_01,0,0.31661394238471985,0
ann,3,SR386_40X_HE_T502_01,0,0.3148941397666931,0
ann,3,SR386_40X_HE_T505_01,0,0.33128443360328674,0
ann,3,SR386_40X_HE_T506_01,0,0.35255947709083557,0
ann,3,SR386_40X_HE_T509_01,0,0.2982390820980072,0
ann,3,SR386_40X_HE_T516_01,0,0.39790642261505127,0
ann,3,SR386_40X_HE_T518_01,0,0.21080192923545837,0
ann,3,SR386_40X_HE_T519_01,0,0.29968464374542236,0
ann,3,SR386_40X_HE_T521_01,0,0.21183665096759796,0
ann,3,SR386_40X_HE_T526_01,0,0.38073697686195374,0
ann,3,SR386_40X_HE_T533_01,0,0.38804078102111816,0
ann,3,SR386_40X_HE_T543_01,0,0.3604634404182434,0
ann,3,SR386_40X_HE_T544_01,0,0.3256455063819885,0
ann,3,SR386_40X_HE_T556_01,1,0.5488046407699585,1
ann,3,SR386_40X_HE_T560_01,0,0.4272820055484772,0
ann,3,SR386_40X_HE_T563_01,0,0.2519722580909729,0
ann,3,SR386_40X_HE_T568_01,0,0.45387035608291626,0
ann,3,SR386_40X_HE_T571_01,0,0.25887438654899597,0
ann,3,SR386_40X_HE_T572_01,0,0.49015557765960693,0
ann,3,SR386_40X_HE_T573_01,0,0.6284670829772949,1
ann,3,SR386_40X_HE_T583_01,0,0.3143478333950043,0
ann,4,SR1482_40X_HE_T002_01,0,0.31221890449523926,0
ann,4,SR1482_40X_HE_T003_01,0,0.412380576133728,0
ann,4,SR1482_40X_HE_T004_01,0,0.34719741344451904,0
ann,4,SR1482_40X_HE_T004_02,0,0.4483768939971924,0
ann,4,SR1482_40X_HE_T011_01,0,0.458934485912323,0
ann,4,SR1482_40X_HE_T025_01,0,0.6382009387016296,1
ann,4,SR1482_40X_HE_T025_02,0,0.5390148758888245,1
ann,4,SR1482_40X_HE_T060_01,0,0.43055692315101624,0
ann,4,SR1482_40X_HE_T062_01,0,0.6130170822143555,1
ann,4,SR1482_40X_HE_T062_02,0,0.8262183666229248,1
ann,4,SR1482_40X_HE_T064_01,0,0.7207743525505066,1
ann,4,SR1482_40X_HE_T064_02,0,0.3279602825641632,0
ann,4,SR1482_40X_HE_T071_01,0,0.7216965556144714,1
ann,4,SR1482_40X_HE_T071_02,0,0.327314168214798,0
ann,4,SR1482_40X_HE_T074_01,0,0.3158145844936371,0
ann,4,SR1482_40X_HE_T074_02,0,0.29110977053642273,0
ann,4,SR1482_40X_HE_T083_01,0,0.40224534273147583,0
ann,4,SR1482_40X_HE_T083_02,0,0.5050183534622192,1
ann,4,SR1482_40X_HE_T087_01,0,0.3849433660507202,0
ann,4,SR1482_40X_HE_T097_01,1,0.6062830090522766,1
ann,4,SR1482_40X_HE_T097_02,1,0.6131729483604431,1
ann,4,SR1482_40X_HE_T108_01,0,0.31387239694595337,0
ann,4,SR1482_40X_HE_T113_01,0,0.19940488040447235,0
ann,4,SR1482_40X_HE_T113_02,0,0.338954359292984,0
ann,4,SR1482_40X_HE_T121_01,0,0.19121728837490082,0
ann,4,SR1482_40X_HE_T122_01,0,0.2750352919101715,0
ann,4,SR1482_40X_HE_T125_01,0,0.2982975244522095,0
ann,4,SR1482_40X_HE_T125_02,0,0.2673006057739258,0
ann,4,SR1482_40X_HE_T131_01,0,0.8146561980247498,1
ann,4,SR1482_40X_HE_T131_02,0,0.8544408679008484,1
ann,4,SR1482_40X_HE_T132_01,0,0.3576800525188446,0
ann,4,SR1482_40X_HE_T132_02,0,0.26942211389541626,0
ann,4,SR1482_40X_HE_T143_01,0,0.8609206676483154,1
ann,4,SR1482_40X_HE_T143_02,0,0.7642860412597656,1
ann,4,SR1482_40X_HE_T166_01,1,0.2578047513961792,0
ann,4,SR1482_40X_HE_T169_01,0,0.6471635699272156,1
ann,4,SR1482_40X_HE_T176_01,1,0.9006531834602356,1
ann,4,SR1482_40X_HE_T176_02,1,0.8072436451911926,1
ann,4,SR1482_40X_HE_T191_01,0,0.299573689699173,0
ann,4,SR1482_40X_HE_T194_01,0,0.5078000426292419,1
ann,4,SR1482_40X_HE_T218_01,0,0.32418856024742126,0
ann,4,SR1482_40X_HE_T253_01,0,0.2905065715312958,0
ann,4,SR1482_40X_HE_T290_01,0,0.48233798146247864,0
ann,4,SR1482_40X_HE_T308_01,0,0.4813598096370697,0
ann,4,SR1482_40X_HE_T314_01,0,0.8799079656600952,1
ann,4,SR1482_40X_HE_T314_02,0,0.650606095790863,1
ann,4,SR1482_40X_HE_T372_01,1,0.4234253466129303,0
ann,4,SR1482_40X_HE_T372_02,1,0.2841176688671112,0
ann,4,SR1482_40X_HE_T408_01,0,0.6757746338844299,1
ann,4,SR1482_40X_HE_T412_01,0,0.4274340569972992,0
ann,4,SR1482_40X_HE_T425_01,0,0.16943871974945068,0
ann,4,SR1482_40X_HE_T434_01,1,0.5270512104034424,1
ann,4,SR386_40X_HE_T006_01,0,0.33467841148376465,0
ann,4,SR386_40X_HE_T010_01,0,0.4105663597583771,0
ann,4,SR386_40X_HE_T014_01,0,0.3711487650871277,0
ann,4,SR386_40X_HE_T016_01,0,0.2854711413383484,0
ann,4,SR386_40X_HE_T020_01,0,0.22190973162651062,0
ann,4,SR386_40X_HE_T027_01,0,0.39580827951431274,0
ann,4,SR386_40X_HE_T028_01,0,0.292849600315094,0
ann,4,SR386_40X_HE_T037_01,0,0.11565398424863815,0
ann,4,SR386_40X_HE_T043_01,0,0.37623274326324463,0
ann,4,SR386_40X_HE_T044_01,1,0.520645797252655,1
ann,4,SR386_40X_HE_T046_01,0,0.29361972212791443,0
ann,4,SR386_40X_HE_T058_01,0,0.2655928432941437,0
ann,4,SR386_40X_HE_T062_01,0,0.24680860340595245,0
ann,4,SR386_40X_HE_T065_01,1,0.5019363760948181,1
ann,4,SR386_40X_HE_T080_01,0,0.374482125043869,0
ann,4,SR386_40X_HE_T091_01,0,0.4577048420906067,0
ann,4,SR386_40X_HE_T094_01,0,0.1857346147298813,0
ann,4,SR386_40X_HE_T097_01,0,0.3132287561893463,0
ann,4,SR386_40X_HE_T100_01,0,0.8094561696052551,1
ann,4,SR386_40X_HE_T107_01,0,0.2732621431350708,0
ann,4,SR386_40X_HE_T109_01,1,0.4613451659679413,0
ann,4,SR386_40X_HE_T110_01,0,0.3540092408657074,0
ann,4,SR386_40X_HE_T117_01,0,0.3955892324447632,0
ann,4,SR386_40X_HE_T127_01,0,0.21357083320617676,0
ann,4,SR386_40X_HE_T129_01,0,0.2510637938976288,0
ann,4,SR386_40X_HE_T136_01,0,0.38656508922576904,0
ann,4,SR386_40X_HE_T154_01,0,0.25689250230789185,0
ann,4,SR386_40X_HE_T168_01,1,0.6048567295074463,1
ann,4,SR386_40X_HE_T175_01,0,0.2731080651283264,0
ann,4,SR386_40X_HE_T189_01,0,0.2882363200187683,0
ann,4,SR386_40X_HE_T195_01,0,0.23498904705047607,0
ann,4,SR386_40X_HE_T227_01,0,0.19802464544773102,0
ann,4,SR386_40X_HE_T233_01,0,0.5536368489265442,1
ann,4,SR386_40X_HE_T234_01,0,0.49956321716308594,0
ann,4,SR386_40X_HE_T235_01,0,0.3975497782230377,0
ann,4,SR386_40X_HE_T239_01,0,0.5962710976600647,1
ann,4,SR386_40X_HE_T245_01,0,0.19589336216449738,0
ann,4,SR386_40X_HE_T256_01,0,0.2998013496398926,0
ann,4,SR386_40X_HE_T265_01,0,0.5031021237373352,1
ann,4,SR386_40X_HE_T268_01,0,0.1889367401599884,0
ann,4,SR386_40X_HE_T270_01,0,0.3581753671169281,0
ann,4,SR386_40X_HE_T272_01,0,0.41004300117492676,0
ann,4,SR386_40X_HE_T273_01,0,0.4239308536052704,0
ann,4,SR386_40X_HE_T276_01,0,0.6994138956069946,1
ann,4,SR386_40X_HE_T278_01,1,0.4907194674015045,0
ann,4,SR386_40X_HE_T284_01,0,0.21994224190711975,0
ann,4,SR386_40X_HE_T285_01,0,0.2867249548435211,0
ann,4,SR386_40X_HE_T288_01,0,0.4674729108810425,0
ann,4,SR386_40X_HE_T291_01,0,0.38321468234062195,0
ann,4,SR386_40X_HE_T300_01,0,0.24555814266204834,0
ann,4,SR386_40X_HE_T302_01,0,0.27169889211654663,0
ann,4,SR386_40X_HE_T305_01,0,0.21630734205245972,0
ann,4,SR386_40X_HE_T308_01,0,0.29709017276763916,0
ann,4,SR386_40X_HE_T325_01,0,0.23924922943115234,0
ann,4,SR386_40X_HE_T331_01,0,0.4229046702384949,0
ann,4,SR386_40X_HE_T341_01,0,0.5369073152542114,1
ann,4,SR386_40X_HE_T343_01,1,0.5529179573059082,1
ann,4,SR386_40X_HE_T346_01,0,0.5937047600746155,1
ann,4,SR386_40X_HE_T352_01,0,0.5724031329154968,1
ann,4,SR386_40X_HE_T373_01,0,0.41405272483825684,0
ann,4,SR386_40X_HE_T375_01,0,0.3584058880805969,0
ann,4,SR386_40X_HE_T381_01,0,0.30561575293540955,0
ann,4,SR386_40X_HE_T389_01,0,0.25297456979751587,0
ann,4,SR386_40X_HE_T391_01,0,0.17555439472198486,0
ann,4,SR386_40X_HE_T394_01,0,0.4489896893501282,0
ann,4,SR386_40X_HE_T399_01,0,0.21871015429496765,0
ann,4,SR386_40X_HE_T403_01,0,0.2688196897506714,0
ann,4,SR386_40X_HE_T405_01,0,0.41795557737350464,0
ann,4,SR386_40X_HE_T407_01,0,0.25209009647369385,0
ann,4,SR386_40X_HE_T414_01,0,0.3157742917537689,0
ann,4,SR386_40X_HE_T424_01,0,0.40149015188217163,0
ann,4,SR386_40X_HE_T429_01,0,0.2519971430301666,0
ann,4,SR386_40X_HE_T441_01,0,0.47905635833740234,0
ann,4,SR386_40X_HE_T451_01,0,0.2723653316497803,0
ann,4,SR386_40X_HE_T453_01,0,0.23933610320091248,0
ann,4,SR386_40X_HE_T455_01,0,0.6036272048950195,1
ann,4,SR386_40X_HE_T465_01,0,0.22771534323692322,0
ann,4,SR386_40X_HE_T474_01,0,0.515493631362915,1
ann,4,SR386_40X_HE_T476_01,0,0.4375089704990387,0
ann,4,SR386_40X_HE_T479_01,0,0.4065089821815491,0
ann,4,SR386_40X_HE_T482_01,0,0.37811151146888733,0
ann,4,SR386_40X_HE_T487_01,0,0.24500273168087006,0
ann,4,SR386_40X_HE_T490_01,0,0.4723777770996094,0
ann,4,SR386_40X_HE_T494_01,0,0.35271120071411133,0
ann,4,SR386_40X_HE_T500_01,0,0.27559348940849304,0
ann,4,SR386_40X_HE_T510_01,0,0.370050311088562,0
ann,4,SR386_40X_HE_T524_01,0,0.4220925569534302,0
ann,4,SR386_40X_HE_T528_01,0,0.3350760042667389,0
ann,4,SR386_40X_HE_T532_01,0,0.2361917346715927,0
ann,4,SR386_40X_HE_T534_01,0,0.533417820930481,1
ann,4,SR386_40X_HE_T536_01,0,0.26965126395225525,0
ann,4,SR386_40X_HE_T537_01,0,0.2053595334291458,0
ann,4,SR386_40X_HE_T541_01,0,0.47262102365493774,0
ann,4,SR386_40X_HE_T548_01,1,0.36953458189964294,0
ann,4,SR386_40X_HE_T550_01,0,0.8451625108718872,1
ann,4,SR386_40X_HE_T551_01,0,0.22062624990940094,0
ann,4,SR386_40X_HE_T557_01,0,0.31742873787879944,0
ann,4,SR386_40X_HE_T565_01,0,0.28876030445098877,0
ann,4,SR386_40X_HE_T567_01,0,0.37665003538131714,0
ann,4,SR386_40X_HE_T575_01,0,0.33885622024536133,0
ann,4,SR386_40X_HE_T576_01,0,0.3797715902328491,0
ann,4,SR386_40X_HE_T581_01,0,0.3202441334724426,0
knn,1,SR1482_40X_HE_T029_01,0,0.0,0
knn,1,SR1482_40X_HE_T029_02,0,0.14285714285714285,0
knn,1,SR1482_40X_HE_T057_01,0,0.0,0
knn,1,SR1482_40X_HE_T063_01,1,0.2857142857142857,0
knn,1,SR1482_40X_HE_T063_02,1,0.14285714285714285,0
knn,1,SR1482_40X_HE_T065_01,0,0.0,0
knn,1,SR1482_40X_HE_T065_02,0,0.0,0
knn,1,SR1482_40X_HE_T066_01,0,0.14285714285714285,0
knn,1,SR1482_40X_HE_T066_02,0,0.2857142857142857,0
knn,1,SR1482_40X_HE_T068_01,0,0.0,0
knn,1,SR1482_40X_HE_T069_01,0,0.0,0
knn,1,SR1482_40X_HE_T069_02,0,0.14285714285714285,0
knn,1,SR1482_40X_HE_T079_01,1,0.14285714285714285,0
knn,1,SR1482_40X_HE_T079_02,1,0.14285714285714285,0
knn,1,SR1482_40X_HE_T080_01,0,0.14285714285714285,0
knn,1,SR1482_40X_HE_T080_02,0,0.14285714285714285,0
knn,1,SR1482_40X_HE_T081_01,0,0.14285714285714285,0
knn,1,SR1482_40X_HE_T081_02,0,0.14285714285714285,0
knn,1,SR1482_40X_HE_T099_01,0,0.0,0
knn,1,SR1482_40X_HE_T116_01,0,0.14285714285714285,0
knn,1,SR1482_40X_HE_T117_01,0,0.14285714285714285,0
knn,1,SR1482_40X_HE_T117_02,0,0.2857142857142857,0
knn,1,SR1482_40X_HE_T126_01,0,0.14285714285714285,0
knn,1,SR1482_40X_HE_T129_01,0,0.14285714285714285,0
knn,1,SR1482_40X_HE_T129_02,0,0.14285714285714285,0
knn,1,SR1482_40X_HE_T139_01,0,0.14285714285714285,0
knn,1,SR1482_40X_HE_T139_02,0,0.14285714285714285,0
knn,1,SR1482_40X_HE_T147_01,0,0.42857142857142855,0
knn,1,SR1482_40X_HE_T147_02,0,0.5714285714285714,1
knn,1,SR1482_40X_HE_T159_01,0,0.2857142857142857,0
knn,1,SR1482_40X_HE_T159_02,0,0.0,0
knn,1,SR1482_40X_HE_T192_01,0,0.0,0
knn,1,SR1482_40X_HE_T199_01,0,0.14285714285714285,0
knn,1,SR1482_40X_HE_T304_01,0,0.14285714285714285,0
knn,1,SR1482_40X_HE_T304_02,0,0.14285714285714285,0
knn,1,SR1482_40X_HE_T310_01,1,0.14285714285714285,0
knn,1,SR1482_40X_HE_T310_02,1,0.14285714285714285,0
knn,1,SR1482_40X_HE_T341_01,0,0.0,0
knn,1,SR1482_40X_HE_T341_02,0,0.0,0
knn,1,SR1482_40X_HE_T353_01,0,0.14285714285714285,0
knn,1,SR1482_40X_HE_T390_01,0,0.0,0
knn,1,SR1482_40X_HE_T433_01,1,0.2857142857142857,0
knn,1,SR386_40X_HE_T003_01,0,0.0,0
knn,1,SR386_40X_HE_T004_01,0,0.2857142857142857,0
knn,1,SR386_40X_HE_T022_01,1,0.14285714285714285,0
knn,1,SR386_40X_HE_T030_01,0,0.2857142857142857,0
knn,1,SR386_40X_HE_T033_01,0,0.14285714285714285,0
knn,1,SR386_40X_HE_T036_01,0,0.0,0
knn,1,SR386_40X_HE_T038_01,0,0.0,0
knn,1,SR386_40X_HE_T049_01,0,0.0,0
knn,1,SR386_40X_HE_T050_01,0,0.14285714285714285,0
knn,1,SR386_40X_HE_T060_01,0,0.0,0
knn,1,SR386_40X_HE_T063_01,0,0.14285714285714285,0
knn,1,SR386_40X_HE_T066_01,0,0.0,0
knn,1,SR386_40X_HE_T069_01,0,0.0,0
knn,1,SR386_40X_HE_T072_01,0,0.0,0
knn,1,SR386_40X_HE_T074_01,0,0.14285714285714285,0
knn,1,SR386_40X_HE_T078_01,0,0.0,0
knn,1,SR386_40X_HE_T079_01,0,0.0,0
knn,1,SR386_40X_HE_T092_01,1,0.0,0
knn,1,SR386_40X_HE_T096_01,0,0.0,0
knn,1,SR386_40X_HE_T099_01,0,0.0,0
knn,1,SR386_40X_HE_T103_01,0,0.0,0
knn,1,SR386_40X_HE_T108_01,0,0.14285714285714285,0
knn,1,SR386_40X_HE_T113_01,0,0.0,0
knn,1,SR386_40X_HE_T114_01,0,0.0,0
knn,1,SR386_40X_HE_T119_01,0,0.0,0
knn,1,SR386_40X_HE_T126_01,0,0.14285714285714285,0
knn,1,SR386_40X_HE_T130_01,0,0.0,0
knn,1,SR386_40X_HE_T131_01,0,0.0,0
knn,1,SR386_40X_HE_T135_01,0,0.14285714285714285,0
knn,1,SR386_40X_HE_T140_01,0,0.14285714285714285,0
knn,1,SR386_40X_HE_T144_01,0,0.0,0
knn,1,SR386_40X_HE_T147_01,0,0.0,0
knn,1,SR386_40X_HE_T148_01,0,0.2857142857142857,0
knn,1,SR386_40X_HE_T160_01,0,0.0,0
knn,1,SR386_40X_HE_T169_01,0,0.14285714285714285,0
knn,1,SR386_40X_HE_T170_01,1,0.14285714285714285,0
knn,1,SR386_40X_HE_T172_01,0,0.2857142857142857,0
knn,1,SR386_40X_HE_T174_01,0,0.0,0
knn,1,SR386_40X_HE_T181_01,0,0.2857142857142857,0
knn,1,SR386_40X_HE_T196_01,0,0.0,0
knn,1,SR386_40X_HE_T205_01,0,0.14285714285714285,0
knn,1,SR386_40X_HE_T209_01,0,0.0,0
knn,1,SR386_40X_HE_T210_01,0,0.2857142857142857,0
knn,1,SR386_40X_HE_T212_01,0,0.0,0
knn,1,SR386_40X_HE_T221_01,0,0.0,0
knn,1,SR386_40X_HE_T224_01,0,0.0,0
knn,1,SR386_40X_HE_T231_01,1,0.0,0
knn,1,SR386_40X_HE_T232_01,0,0.0,0
knn,1,SR386_40X_HE_T247_01,0,0.0,0
knn,1,SR386_40X_HE_T252_01,0,0.0,0
knn,1,SR386_40X_HE_T255_01,0,0.14285714285714285,0
knn,1,SR386_40X_HE_T259_01,1,0.0,0
knn,1,SR386_40X_HE_T274_01,0,0.0,0
knn,1,SR386_40X_HE_T275_01,0,0.0,0
knn,1,SR386_40X_HE_T282_01,0,0.0,0
knn,1,SR386_40X_HE_T294_01,0,0.2857142857142857,0
knn,1,SR386_40X_HE_T311_01,0,0.0,0
knn,1,SR386_40X_HE_T315_01,0,0.0,0
knn,1,SR386_40X_HE_T319_01,1,0.0,0
knn,1,SR386_40X_HE_T324_01,1,0.14285714285714285,0
knn,1,SR386_40X_HE_T330_01,0,0.0,0
knn,1,SR386_40X_HE_T333_01,0,0.0,0
knn,1,SR386_40X_HE_T335_01,0,0.0,0
knn,1,SR386_40X_HE_T337_01,0,0.0,0
knn,1,SR386_40X_HE_T344_01,0,0.0,0
knn,1,SR386_40X_HE_T347_01,0,0.0,0
knn,1,SR386_40X_HE_T350_01,0,0.0,0
knn,1,SR386_40X_HE_T351_01,0,0.14285714285714285,0
knn,1,SR386_40X_HE_T360_01,0,0.0,0
knn,1,SR386_40X_HE_T361_01,0,0.14285714285714285,0
knn,1,SR386_40X_HE_T366_01,0,0.0,0
knn,1,SR386_40X_HE_T377_01,1,0.14285714285714285,0
knn,1,SR386_40X_HE_T384_01,0,0.0,0
knn,1,SR386_40X_HE_T395_01,0,0.0,0
knn,1,SR386_40X_HE_T396_01,0,0.0,0
knn,1,SR386_40X_HE_T401_01,0,0.0,0
knn,1,SR386_40X_HE_T408_01,0,0.0,0
knn,1,SR386_40X_HE_T410_01,0,0.0,0
knn,1,SR386_40X_HE_T413_01,0,0.14285714285714285,0
knn,1,SR386_40X_HE_T416_01,0,0.0,0
knn,1,SR386_40X_HE_T418_01,0,0.0,0
knn,1,SR386_40X_HE_T419_01,0,0.0,0
knn,1,SR386_40X_HE_T421_01,0,0.14285714285714285,0
knn,1,SR386_40X_HE_T423_01,0,0.14285714285714285,0
knn,1,SR386_40X_HE_T428_01,0,0.0,0
knn,1,SR386_40X_HE_T430_01,0,0.0,0
knn,1,SR386_40X_HE_T431_01,0,0.0,0
knn,1,SR386_40X_HE_T435_01,0,0.0,0
knn,1,SR386_40X_HE_T438_01,0,0.0,0
knn,1,SR386_40X_HE_T439_01,0,0.14285714285714285,0
knn,1,SR386_40X_HE_T447_01,0,0.0,0
knn,1,SR386_40X_HE_T449_01,0,0.0,0
knn,1,SR386_40X_HE_T454_01,0,0.0,0
knn,1,SR386_40X_HE_T456_01,0,0.0,0
knn,1,SR386_40X_HE_T461_01,0,0.0,0
knn,1,SR386_40X_HE_T462_01,0,0.0,0
knn,1,SR386_40X_HE_T468_01,0,0.0,0
knn,1,SR386_40X_HE_T469_01,1,0.0,0
knn,1,SR386_40X_HE_T470_01,0,0.0,0
knn,1,SR386_40X_HE_T471_01,0,0.0,0
knn,1,SR386_40X_HE_T477_01,0,0.14285714285714285,0
knn,1,SR386_40X_HE_T480_01,0,0.0,0
knn,1,SR386_40X_HE_T484_01,0,0.0,0
knn,1,SR386_40X_HE_T495_01,0,0.0,0
knn,1,SR386_40X_HE_T496_01,0,0.0,0
knn,1,SR386_40X_HE_T498_01,0,0.14285714285714285,0
knn,1,SR386_40X_HE_T504_01,0,0.0,0
knn,1,SR386_40X_HE_T511_01,0,0.0,0
knn,1,SR386_40X_HE_T517_01,0,0.14285714285714285,0
knn,1,SR386_40X_HE_T523_01,0,0.14285714285714285,0
knn,1,SR386_40X_HE_T529_01,0,0.0,0
knn,1,SR386_40X_HE_T542_01,0,0.0,0
knn,1,SR386_40X_HE_T569_01,0,0.0,0
knn,1,SR386_40X_HE_T582_01,0,0.0,0
knn,2,SR1482_40X_HE_T009_01,0,0.0,0
knn,2,SR1482_40X_HE_T009_02,0,0.0,0
knn,2,SR1482_40X_HE_T015_01,0,0.0,0
knn,2,SR1482_40X_HE_T021_01,0,0.0,0
knn,2,SR1482_40X_HE_T067_01,0,0.3333333333333333,0
knn,2,SR1482_40X_HE_T075_01,0,0.0,0
knn,2,SR1482_40X_HE_T075_02,0,0.0,0
knn,2,SR1482_40X_HE_T098_01,0,0.3333333333333333,0
knn,2,SR1482_40X_HE_T098_02,0,0.0,0
knn,2,SR1482_40X_HE_T102_01,0,0.0,0
knn,2,SR1482_40X_HE_T123_01,0,0.0,0
knn,2,SR1482_40X_HE_T142_01,0,0.0,0
knn,2,SR1482_40X_HE_T146_01,0,0.3333333333333333,0
knn,2,SR1482_40X_HE_T148_01,0,0.3333333333333333,0
knn,2,SR1482_40X_HE_T148_02,0,0.0,0
knn,2,SR1482_40X_HE_T154_01,0,0.3333333333333333,0
knn,2,SR1482_40X_HE_T158_01,0,0.0,0
knn,2,SR1482_40X_HE_T161_01,0,0.3333333333333333,0
knn,2,SR1482_40X_HE_T161_02,0,0.0,0
knn,2,SR1482_40X_HE_T164_01,1,0.0,0
knn,2,SR1482_40X_HE_T164_02,1,0.3333333333333333,0
knn,2,SR1482_40X_HE_T168_01,0,0.3333333333333333,0
knn,2,SR1482_40X_HE_T171_01,0,0.0,0
knn,2,SR1482_40X_HE_T171_02,0,0.0,0
knn,2,SR1482_40X_HE_T178_01,1,0.0,0
knn,2,SR1482_40X_HE_T186_01,0,0.3333333333333333,0
knn,2,SR1482_40X_HE_T193_01,0,0.0,0
knn,2,SR1482_40X_HE_T193_02,0,0.6666666666666666,1
knn,2,SR1482_40X_HE_T209_01,0,0.0,0
knn,2,SR1482_40X_HE_T209_02,0,0.0,0
knn,2,SR1482_40X_HE_T245_01,0,0.0,0
knn,2,SR1482_40X_HE_T245_02,0,0.0,0
knn,2,SR1482_40X_HE_T265_01,0,0.0,0
knn,2,SR1482_40X_HE_T302_01,0,0.0,0
knn,2,SR1482_40X_HE_T343_01,1,0.3333333333333333,0
knn,2,SR1482_40X_HE_T343_02,1,0.0,0
knn,2,SR1482_40X_HE_T399_01,0,0.3333333333333333,0
knn,2,SR1482_40X_HE_T399_02,0,0.0,0
knn,2,SR1482_40X_HE_T426_01,0,0.0,0
knn,2,SR1482_40X_HE_T426_02,0,0.0,0
knn,2,SR386_40X_HE_T001_01,0,0.0,0
knn,2,SR386_40X_HE_T013_01,0,0.3333333333333333,0
knn,2,SR386_40X_HE_T018_01,0,0.0,0
knn,2,SR386_40X_HE_T019_01,0,0.0,0
knn,2,SR386_40X_HE_T024_01,0,0.0,0
knn,2,SR386_40X_HE_T039_01,0,0.0,0
knn,2,SR386_40X_HE_T040_01,1,0.3333333333333333,0
knn,2,SR386_40X_HE_T042_01,0,0.3333333333333333,0
knn,2,SR386_40X_HE_T047_01,0,0.0,0
knn,2,SR386_40X_HE_T051_01,0,0.0,0
knn,2,SR386_40X_HE_T052_01,0,0.0,0
knn,2,SR386_40X_HE_T056_01,0,0.0,0
knn,2,SR386_40X_HE_T057_01,0,0.0,0
knn,2,SR386_40X_HE_T070_01,0,0.0,0
knn,2,SR386_40X_HE_T082_01,0,0.0,0
knn,2,SR386_40X_HE_T084_01,0,0.0,0
knn,2,SR386_40X_HE_T087_01,0,0.0,0
knn,2,SR386_40X_HE_T088_01,0,0.0,0
knn,2,SR386_40X_HE_T098_01,0,0.0,0
knn,2,SR386_40X_HE_T105_01,0,0.0,0
knn,2,SR386_40X_HE_T122_01,0,0.0,0
knn,2,SR386_40X_HE_T123_01,0,0.0,0
knn,2,SR386_40X_HE_T133_01,0,0.0,0
knn,2,SR386_40X_HE_T145_01,0,0.0,0
knn,2,SR386_40X_HE_T150_01,0,0.3333333333333333,0
knn,2,SR386_40X_HE_T152_01,0,0.0,0
knn,2,SR386_40X_HE_T155_01,0,0.3333333333333333,0
knn,2,SR386_40X_HE_T157_01,0,0.0,0
knn,2,SR386_40X_HE_T164_01,0,0.0,0
knn,2,SR386_40X_HE_T166_01,0,0.0,0
knn,2,SR386_40X_HE_T176_01,1,0.3333333333333333,0
knn,2,SR386_40X_HE_T177_01,0,0.0,0
knn,2,SR386_40X_HE_T178_01,0,0.0,0
knn,2,SR386_40X_HE_T187_01,0,0.0,0
knn,2,SR386_40X_HE_T190_01,0,0.0,0
knn,2,SR386_40X_HE_T192_01,0,0.0,0
knn,2,SR386_40X_HE_T198_01,0,0.0,0
knn,2,SR386_40X_HE_T200_01,0,0.3333333333333333,0
knn,2,SR386_40X_HE_T206_01,1,0.0,0
knn,2,SR386_40X_HE_T211_01,0,0.0,0
knn,2,SR386_40X_HE_T213_01,0,0.3333333333333333,0
knn,2,SR386_40X_HE_T214_01,0,0.0,0
knn,2,SR386_40X_HE_T220_01,0,0.0,0
knn,2,SR386_40X_HE_T230_01,1,0.0,0
knn,2,SR386_40X_HE_T236_01,0,0.0,0
knn,2,SR386_40X_HE_T237_01,0,0.0,0
knn,2,SR386_40X_HE_T240_01,0,0.0,0
knn,2,SR386_40X_HE_T241_01,0,0.0,0
knn,2,SR386_40X_HE_T242_01,0,0.0,0
knn,2,SR386_40X_HE_T253_01,0,0.0,0
knn,2,SR386_40X_HE_T260_01,0,0.0,0
knn,2,SR386_40X_HE_T262_01,0,0.0,0
knn,2,SR386_40X_HE_T264_01,0,0.3333333333333333,0
knn,2,SR386_40X_HE_T271_01,0,0.0,0
knn,2,SR386_40X_HE_T281_01,0,0.0,0
knn,2,SR386_40X_HE_T297_01,0,0.0,0
knn,2,SR386_40X_HE_T299_01,0,0.0,0
knn,2,SR386_40X_HE_T301_01,0,0.0,0
knn,2,SR386_40X_HE_T306_01,0,0.0,0
knn,2,SR386_40X_HE_T309_01,0,0.3333333333333333,0
knn,2,SR386_40X_HE_T314_01,0,0.0,0
knn,2,SR386_40X_HE_T316_01,0,0.0,0
knn,2,SR386_40X_HE_T318_01,0,0.0,0
knn,2,SR386_40X_HE_T321_01,0,0.0,0
knn,2,SR386_40X_HE_T326_01,0,0.0,0
knn,2,SR386_40X_HE_T327_01,0,0.0,0
knn,2,SR386_40X_HE_T332_01,1,0.0,0
knn,2,SR386_40X_HE_T355_01,0,0.3333333333333333,0
knn,2,SR386_40X_HE_T364_01,0,0.0,0
knn,2,SR386_40X_HE_T368_01,1,0.0,0
knn,2,SR386_40X_HE_T374_01,0,0.0,0
knn,2,SR386_40X_HE_T380_01,0,0.0,0
knn,2,SR386_40X_HE_T382_01,0,0.0,0
knn,2,SR386_40X_HE_T392_01,0,0.0,0
knn,2,SR386_40X_HE_T398_01,0,0.0,0
knn,2,SR386_40X_HE_T402_01,1,0.0,0
knn,2,SR386_40X_HE_T404_01,0,0.0,0
knn,2,SR386_40X_HE_T415_01,0,0.0,0
knn,2,SR386_40X_HE_T417_01,0,0.0,0
knn,2,SR386_40X_HE_T425_01,0,0.0,0
knn,2,SR386_40X_HE_T436_01,1,0.3333333333333333,0
knn,2,SR386_40X_HE_T437_01,0,0.0,0
knn,2,SR386_40X_HE_T440_01,0,0.0,0
knn,2,SR386_40X_HE_T445_01,0,0.0,0
knn,2,SR386_40X_HE_T450_01,0,0.0,0
knn,2,SR386_40X_HE_T459_01,0,0.0,0
knn,2,SR386_40X_HE_T472_01,0,0.0,0
knn,2,SR386_40X_HE_T481_01,0,0.0,0
knn,2,SR386_40X_HE_T483_01,0,0.0,0
knn,2,SR386_40X_HE_T486_01,0,0.3333333333333333,0
knn,2,SR386_40X_HE_T488_01,0,0.0,0
knn,2,SR386_40X_HE_T499_01,0,0.0,0
knn,2,SR386_40X_HE_T507_01,0,0.0,0
knn,2,SR386_40X_HE_T514_01,0,0.0,0
knn,2,SR386_40X_HE_T520_01,1,0.3333333333333333,0
knn,2,SR386_40X_HE_T522_01,0,0.0,0
knn,2,SR386_40X_HE_T531_01,0,0.0,0
knn,2,SR386_40X_HE_T535_01,0,0.0,0
knn,2,SR386_40X_HE_T539_01,0,0.0,0
knn,2,SR386_40X_HE_T549_01,0,0.0,0
knn,2,SR386_40X_HE_T552_01,0,0.0,0
knn,2,SR386_40X_HE_T553_01,0,0.3333333333333333,0
knn,2,SR386_40X_HE_T554_01,0,0.0,0
knn,2,SR386_40X_HE_T558_01,0,0.0,0
knn,2,SR386_40X_HE_T564_01,0,0.0,0
knn,2,SR386_40X_HE_T570_01,0,0.0,0
knn,2,SR386_40X_HE_T574_01,0,0.0,0
knn,2,SR386_40X_HE_T578_01,0,0.0,0
knn,2,SR386_40X_HE_T580_01,0,0.0,0
knn,3,SR1482_40X_HE_T005_01,0,0.0,0
knn,3,SR1482_40X_HE_T005_02,0,0.3333333333333333,0
knn,3,SR1482_40X_HE_T010_01,0,0.0,0
knn,3,SR1482_40X_HE_T043_01,0,0.0,0
knn,3,SR1482_40X_HE_T043_02,0,0.0,0
knn,3,SR1482_40X_HE_T049_01,0,0.0,0
knn,3,SR1482_40X_HE_T061_01,0,0.3333333333333333,0
knn,3,SR1482_40X_HE_T061_02,0,0.0,0
knn,3,SR1482_40X_HE_T070_01,1,0.0,0
knn,3,SR1482_40X_HE_T073_01,0,0.3333333333333333,0
knn,3,SR1482_40X_HE_T082_01,0,0.0,0
knn,3,SR1482_40X_HE_T082_02,0,0.0,0
knn,3,SR1482_40X_HE_T089_01,0,0.0,0
knn,3,SR1482_40X_HE_T090_01,0,0.0,0
knn,3,SR1482_40X_HE_T094_01,1,0.0,0
knn,3,SR1482_40X_HE_T094_02,1,0.0,0
knn,3,SR1482_40X_HE_T105_01,0,0.0,0
knn,3,SR1482_40X_HE_T115_01,0,0.0,0
knn,3,SR1482_40X_HE_T115_02,0,0.0,0
knn,3,SR1482_40X_HE_T118_01,0,0.6666666666666666,1
knn,3,SR1482_40X_HE_T118_02,0,0.0,0
knn,3,SR1482_40X_HE_T120_01,0,0.0,0
knn,3,SR1482_40X_HE_T120_02,0,0.6666666666666666,1
knn,3,SR1482_40X_HE_T124_01,0,0.3333333333333333,0
knn,3,SR1482_40X_HE_T124_02,0,0.0,0
knn,3,SR1482_40X_HE_T138_01,0,0.0,0
knn,3,SR1482_40X_HE_T160_01,0,0.0,0
knn,3,SR1482_40X_HE_T160_02,0,0.0,0
knn,3,SR1482_40X_HE_T167_01,0,0.0,0
knn,3,SR1482_40X_HE_T167_02,0,0.0,0
knn,3,SR1482_40X_HE_T175_01,0,0.0,0
knn,3,SR1482_40X_HE_T175_02,0,0.0,0
knn,3,SR1482_40X_HE_T177_01,1,0.0,0
knn,3,SR1482_40X_HE_T188_01,0,0.3333333333333333,0
knn,3,SR1482_40X_HE_T195_01,0,0.0,0
knn,3,SR1482_40X_HE_T195_02,0,0.0,0
knn,3,SR1482_40X_HE_T202_01,0,0.0,0
knn,3,SR1482_40X_HE_T202_02,0,0.0,0
knn,3,SR1482_40X_HE_T225_01,0,0.0,0
knn,3,SR1482_40X_HE_T225_02,0,0.0,0
knn,3,SR1482_40X_HE_T235_01,0,0.0,0
knn,3,SR1482_40X_HE_T235_02,0,0.0,0
knn,3,SR1482_40X_HE_T236_01,0,0.0,0
knn,3,SR1482_40X_HE_T236_02,0,0.0,0
knn,3,SR1482_40X_HE_T258_01,0,0.0,0
knn,3,SR1482_40X_HE_T258_02,0,0.0,0
knn,3,SR1482_40X_HE_T284_01,1,0.0,0
knn,3,SR1482_40X_HE_T284_02,1,0.3333333333333333,0
knn,3,SR1482_40X_HE_T301_01,1,0.0,0
knn,3,SR1482_40X_HE_T301_02,1,0.3333333333333333,0
knn,3,SR1482_40X_HE_T309_01,0,0.0,0
knn,3,SR1482_40X_HE_T313_01,0,0.0,0
knn,3,SR1482_40X_HE_T313_02,0,0.3333333333333333,0
knn,3,SR1482_40X_HE_T338_01,0,0.6666666666666666,1
knn,3,SR1482_40X_HE_T344_01,0,0.3333333333333333,0
knn,3,SR1482_40X_HE_T344_02,0,0.0,0
knn,3,SR1482_40X_HE_T346_01,0,0.0,0
knn,3,SR1482_40X_HE_T346_02,0,0.0,0
knn,3,SR1482_40X_HE_T377_01,0,0.0,0
knn,3,SR1482_40X_HE_T377_02,0,0.0,0
knn,3,SR1482_40X_HE_T419_01,0,0.0,0
knn,3,SR1482_40X_HE_T427_01,0,0.0,0
knn,3,SR1482_40X_HE_T427_02,0,0.0,0
knn,3,SR386_40X_HE_T007_01,0,0.0,0
knn,3,SR386_40X_HE_T015_01,0,0.0,0
knn,3,SR386_40X_HE_T017_01,1,0.0,0
knn,3,SR386_40X_HE_T032_01,0,0.0,0
knn,3,SR386_40X_HE_T034_01,0,0.0,0
knn,3,SR386_40X_HE_T035_01,0,0.0,0
knn,3,SR386_40X_HE_T041_01,0,0.6666666666666666,1
knn,3,SR386_40X_HE_T067_01,0,0.0,0
knn,3,SR386_40X_HE_T075_01,0,0.0,0
knn,3,SR386_40X_HE_T081_01,0,0.0,0
knn,3,SR386_40X_HE_T083_01,0,0.0,0
knn,3,SR386_40X_HE_T085_01,0,0.0,0
knn,3,SR386_40X_HE_T095_01,0,0.0,0
knn,3,SR386_40X_HE_T104_01,0,0.0,0
knn,3,SR386_40X_HE_T106_01,0,0.0,0
knn,3,SR386_40X_HE_T112_01,0,0.0,0
knn,3,SR386_40X_HE_T128_01,0,0.0,0
knn,3,SR386_40X_HE_T132_01,0,0.0,0
knn,3,SR386_40X_HE_T138_01,0,0.3333333333333333,0
knn,3,SR386_40X_HE_T142_01,0,0.0,0
knn,3,SR386_40X_HE_T149_01,0,0.3333333333333333,0
knn,3,SR386_40X_HE_T165_01,1,0.3333333333333333,0
knn,3,SR386_40X_HE_T179_01,0,0.0,0
knn,3,SR386_40X_HE_T180_01,0,0.0,0
knn,3,SR386_40X_HE_T182_01,0,0.0,0
knn,3,SR386_40X_HE_T184_01,0,0.0,0
knn,3,SR386_40X_HE_T188_01,0,0.0,0
knn,3,SR386_40X_HE_T191_01,0,0.0,0
knn,3,SR386_40X_HE_T197_01,0,0.3333333333333333,0
knn,3,SR386_40X_HE_T201_01,0,0.0,0
knn,3,SR386_40X_HE_T202_01,0,0.3333333333333333,0
knn,3,SR386_40X_HE_T208_01,0,0.0,0
knn,3,SR386_40X_HE_T216_01,1,0.0,0
knn,3,SR386_40X_HE_T238_01,0,0.0,0
knn,3,SR386_40X_HE_T244_01,0,0.0,0
knn,3,SR386_40X_HE_T248_01,0,0.0,0
knn,3,SR386_40X_HE_T249_01,0,0.0,0
knn,3,SR386_40X_HE_T250_01,0,0.0,0
knn,3,SR386_40X_HE_T263_01,0,0.0,0
knn,3,SR386_40X_HE_T267_01,0,0.0,0
knn,3,SR386_40X_HE_T269_01,0,0.0,0
knn,3,SR386_40X_HE_T277_01,0,0.0,0
knn,3,SR386_40X_HE_T286_01,0,0.0,0
knn,3,SR386_40X_HE_T287_01,0,0.0,0
knn,3,SR386_40X_HE_T290_01,0,0.0,0
knn,3,SR386_40X_HE_T293_01,0,0.0,0
knn,3,SR386_40X_HE_T298_01,0,0.0,0
knn,3,SR386_40X_HE_T303_01,0,0.0,0
knn,3,SR386_40X_HE_T312_01,0,0.0,0
knn,3,SR386_40X_HE_T329_01,0,0.0,0
knn,3,SR386_40X_HE_T336_01,0,0.0,0
knn,3,SR386_40X_HE_T338_01,0,0.0,0
knn,3,SR386_40X_HE_T342_01,0,0.3333333333333333,0
knn,3,SR386_40X_HE_T353_01,0,0.0,0
knn,3,SR386_40X_HE_T357_01,0,0.0,0
knn,3,SR386_40X_HE_T362_01,0,0.0,0
knn,3,SR386_40X_HE_T363_01,1,0.3333333333333333,0
knn,3,SR386_40X_HE_T372_01,0,0.3333333333333333,0
knn,3,SR386_40X_HE_T378_01,0,0.0,0
knn,3,SR386_40X_HE_T379_01,0,0.0,0
knn,3,SR386_40X_HE_T386_01,0,0.0,0
knn,3,SR386_40X_HE_T387_01,0,0.0,0
knn,3,SR386_40X_HE_T393_01,0,0.0,0
knn,3,SR386_40X_HE_T397_01,0,0.3333333333333333,0
knn,3,SR386_40X_HE_T406_01,0,0.0,0
knn,3,SR386_40X_HE_T409_01,0,0.0,0
knn,3,SR386_40X_HE_T422_01,0,0.0,0
knn,3,SR386_40X_HE_T426_01,0,0.0,0
knn,3,SR386_40X_HE_T433_01,0,0.0,0
knn,3,SR386_40X_HE_T443_01,0,0.3333333333333333,0
knn,3,SR386_40X_HE_T448_01,0,0.0,0
knn,3,SR386_40X_HE_T452_01,0,0.0,0
knn,3,SR386_40X_HE_T460_01,1,0.3333333333333333,0
knn,3,SR386_40X_HE_T473_01,0,0.0,0
knn,3,SR386_40X_HE_T475_01,0,0.0,0
knn,3,SR386_40X_HE_T478_01,0,0.0,0
knn,3,SR386_40X_HE_T489_01,1,0.0,0
knn,3,SR386_40X_HE_T491_01,0,0.0,0
knn,3,SR386_40X_HE_T492_01,0,0.0,0
knn,3,SR386_40X_HE_T493_01,0,0.0,0
knn,3,SR386_40X_HE_T502_01,0,0.3333333333333333,0
knn,3,SR386_40X_HE_T505_01,0,0.0,0
knn,3,SR386_40X_HE_T506_01,0,0.0,0
knn,3,SR386_40X_HE_T509_01,0,0.3333333333333333,0
knn,3,SR386_40X_HE_T516_01,0,0.0,0
knn,3,SR386_40X_HE_T518_01,0,0.0,0
knn,3,SR386_40X_HE_T519_01,0,0.0,0
knn,3,SR386_40X_HE_T521_01,0,0.0,0
knn,3,SR386_40X_HE_T526_01,0,0.0,0
knn,3,SR386_40X_HE_T533_01,0,0.0,0
knn,3,SR386_40X_HE_T543_01,0,0.0,0
knn,3,SR386_40X_HE_T544_01,0,0.0,0
knn,3,SR386_40X_HE_T556_01,1,0.0,0
knn,3,SR386_40X_HE_T560_01,0,0.0,0
knn,3,SR386_40X_HE_T563_01,0,0.0,0
knn,3,SR386_40X_HE_T568_01,0,0.0,0
knn,3,SR386_40X_HE_T571_01,0,0.3333333333333333,0
knn,3,SR386_40X_HE_T572_01,0,0.0,0
knn,3,SR386_40X_HE_T573_01,0,0.0,0
knn,3,SR386_40X_HE_T583_01,0,0.0,0
knn,4,SR1482_40X_HE_T002_01,0,0.0,0
knn,4,SR1482_40X_HE_T003_01,0,0.0,0
knn,4,SR1482_40X_HE_T004_01,0,0.0,0
knn,4,SR1482_40X_HE_T004_02,0,0.3333333333333333,0
knn,4,SR1482_40X_HE_T011_01,0,0.0,0
knn,4,SR1482_40X_HE_T025_01,0,0.0,0
knn,4,SR1482_40X_HE_T025_02,0,0.0,0
knn,4,SR1482_40X_HE_T060_01,0,0.3333333333333333,0
knn,4,SR1482_40X_HE_T062_01,0,0.0,0
knn,4,SR1482_40X_HE_T062_02,0,0.0,0
knn,4,SR1482_40X_HE_T064_01,0,0.3333333333333333,0
knn,4,SR1482_40X_HE_T064_02,0,0.0,0
knn,4,SR1482_40X_HE_T071_01,0,0.3333333333333333,0
knn,4,SR1482_40X_HE_T071_02,0,0.0,0
knn,4,SR1482_40X_HE_T074_01,0,0.0,0
knn,4,SR1482_40X_HE_T074_02,0,0.0,0
knn,4,SR1482_40X_HE_T083_01,0,0.3333333333333333,0
knn,4,SR1482_40X_HE_T083_02,0,0.3333333333333333,0
knn,4,SR1482_40X_HE_T087_01,0,0.0,0
knn,4,SR1482_40X_HE_T097_01,1,0.0,0
knn,4,SR1482_40X_HE_T097_02,1,0.0,0
knn,4,SR1482_40X_HE_T108_01,0,0.0,0
knn,4,SR1482_40X_HE_T113_01,0,0.3333333333333333,0
knn,4,SR1482_40X_HE_T113_02,0,0.0,0
knn,4,SR1482_40X_HE_T121_01,0,0.0,0
knn,4,SR1482_40X_HE_T122_01,0,0.0,0
knn,4,SR1482_40X_HE_T125_01,0,0.0,0
knn,4,SR1482_40X_HE_T125_02,0,0.0,0
knn,4,SR1482_40X_HE_T131_01,0,0.0,0
knn,4,SR1482_40X_HE_T131_02,0,0.0,0
knn,4,SR1482_40X_HE_T132_01,0,0.0,0
knn,4,SR1482_40X_HE_T132_02,0,0.0,0
knn,4,SR1482_40X_HE_T143_01,0,0.3333333333333333,0
knn,4,SR1482_40X_HE_T143_02,0,0.3333333333333333,0
knn,4,SR1482_40X_HE_T166_01,1,0.0,0
knn,4,SR1482_40X_HE_T169_01,0,0.0,0
knn,4,SR1482_40X_HE_T176_01,1,0.3333333333333333,0
knn,4,SR1482_40X_HE_T176_02,1,0.3333333333333333,0
knn,4,SR1482_40X_HE_T191_01,0,0.0,0
knn,4,SR1482_40X_HE_T194_01,0,0.3333333333333333,0
knn,4,SR1482_40X_HE_T218_01,0,0.0,0
knn,4,SR1482_40X_HE_T253_01,0,0.0,0
knn,4,SR1482_40X_HE_T290_01,0,0.0,0
knn,4,SR1482_40X_HE_T308_01,0,0.3333333333333333,0
knn,4,SR1482_40X_HE_T314_01,0,0.3333333333333333,0
knn,4,SR1482_40X_HE_T314_02,0,0.0,0
knn,4,SR1482_40X_HE_T372_01,1,0.3333333333333333,0
knn,4,SR1482_40X_HE_T372_02,1,0.0,0
knn,4,SR1482_40X_HE_T408_01,0,0.0,0
knn,4,SR1482_40X_HE_T412_01,0,0.0,0
knn,4,SR1482_40X_HE_T425_01,0,0.0,0
knn,4,SR1482_40X_HE_T434_01,1,0.0,0
knn,4,SR386_40X_HE_T006_01,0,0.0,0
knn,4,SR386_40X_HE_T010_01,0,0.0,0
knn,4,SR386_40X_HE_T014_01,0,0.0,0
knn,4,SR386_40X_HE_T016_01,0,0.0,0
knn,4,SR386_40X_HE_T020_01,0,0.0,0
knn,4,SR386_40X_HE_T027_01,0,0.0,0
knn,4,SR386_40X_HE_T028_01,0,0.0,0
knn,4,SR386_40X_HE_T037_01,0,0.0,0
knn,4,SR386_40X_HE_T043_01,0,0.0,0
knn,4,SR386_40X_HE_T044_01,1,0.3333333333333333,0
knn,4,SR386_40X_HE_T046_01,0,0.0,0
knn,4,SR386_40X_HE_T058_01,0,0.0,0
knn,4,SR386_40X_HE_T062_01,0,0.0,0
knn,4,SR386_40X_HE_T065_01,1,0.0,0
knn,4,SR386_40X_HE_T080_01,0,0.0,0
knn,4,SR386_40X_HE_T091_01,0,0.0,0
knn,4,SR386_40X_HE_T094_01,0,0.0,0
knn,4,SR386_40X_HE_T097_01,0,0.0,0
knn,4,SR386_40X_HE_T100_01,0,0.0,0
knn,4,SR386_40X_HE_T107_01,0,0.0,0
knn,4,SR386_40X_HE_T109_01,1,0.3333333333333333,0
knn,4,SR386_40X_HE_T110_01,0,0.0,0
knn,4,SR386_40X_HE_T117_01,0,0.0,0
knn,4,SR386_40X_HE_T127_01,0,0.0,0
knn,4,SR386_40X_HE_T129_01,0,0.0,0
knn,4,SR386_40X_HE_T136_01,0,0.0,0
knn,4,SR386_40X_HE_T154_01,0,0.0,0
knn,4,SR386_40X_HE_T168_01,1,0.3333333333333333,0
knn,4,SR386_40X_HE_T175_01,0,0.0,0
knn,4,SR386_40X_HE_T189_01,0,0.0,0
knn,4,SR386_40X_HE_T195_01,0,0.0,0
knn,4,SR386_40X_HE_T227_01,0,0.0,0
knn,4,SR386_40X_HE_T233_01,0,0.0,0
knn,4,SR386_40X_HE_T234_01,0,0.0,0
knn,4,SR386_40X_HE_T235_01,0,0.0,0
knn,4,SR386_40X_HE_T239_01,0,0.0,0
knn,4,SR386_40X_HE_T245_01,0,0.0,0
knn,4,SR386_40X_HE_T256_01,0,0.0,0
knn,4,SR386_40X_HE_T265_01,0,0.0,0
knn,4,SR386_40X_HE_T268_01,0,0.0,0
knn,4,SR386_40X_HE_T270_01,0,0.0,0
knn,4,SR386_40X_HE_T272_01,0,0.0,0
knn,4,SR386_40X_HE_T273_01,0,0.0,0
knn,4,SR386_40X_HE_T276_01,0,0.0,0
knn,4,SR386_40X_HE_T278_01,1,0.0,0
knn,4,SR386_40X_HE_T284_01,0,0.0,0
knn,4,SR386_40X_HE_T285_01,0,0.0,0
knn,4,SR386_40X_HE_T288_01,0,0.3333333333333333,0
knn,4,SR386_40X_HE_T291_01,0,0.0,0
knn,4,SR386_40X_HE_T300_01,0,0.0,0
knn,4,SR386_40X_HE_T302_01,0,0.0,0
knn,4,SR386_40X_HE_T305_01,0,0.0,0
knn,4,SR386_40X_HE_T308_01,0,0.0,0
knn,4,SR386_40X_HE_T325_01,0,0.0,0
knn,4,SR386_40X_HE_T331_01,0,0.3333333333333333,0
knn,4,SR386_40X_HE_T341_01,0,0.0,0
knn,4,SR386_40X_HE_T343_01,1,0.0,0
knn,4,SR386_40X_HE_T346_01,0,0.0,0
knn,4,SR386_40X_HE_T352_01,0,0.0,0
knn,4,SR386_40X_HE_T373_01,0,0.0,0
knn,4,SR386_40X_HE_T375_01,0,0.3333333333333333,0
knn,4,SR386_40X_HE_T381_01,0,0.0,0
knn,4,SR386_40X_HE_T389_01,0,0.0,0
knn,4,SR386_40X_HE_T391_01,0,0.0,0
knn,4,SR386_40X_HE_T394_01,0,0.3333333333333333,0
knn,4,SR386_40X_HE_T399_01,0,0.0,0
knn,4,SR386_40X_HE_T403_01,0,0.0,0
knn,4,SR386_40X_HE_T405_01,0,0.0,0
knn,4,SR386_40X_HE_T407_01,0,0.0,0
knn,4,SR386_40X_HE_T414_01,0,0.0,0
knn,4,SR386_40X_HE_T424_01,0,0.3333333333333333,0
knn,4,SR386_40X_HE_T429_01,0,0.0,0
knn,4,SR386_40X_HE_T441_01,0,0.0,0
knn,4,SR386_40X_HE_T451_01,0,0.0,0
knn,4,SR386_40X_HE_T453_01,0,0.0,0
knn,4,SR386_40X_HE_T455_01,0,0.0,0
knn,4,SR386_40X_HE_T465_01,0,0.0,0
knn,4,SR386_40X_HE_T474_01,0,0.0,0
knn,4,SR386_40X_HE_T476_01,0,0.0,0
knn,4,SR386_40X_HE_T479_01,0,0.0,0
knn,4,SR386_40X_HE_T482_01,0,0.3333333333333333,0
knn,4,SR386_40X_HE_T487_01,0,0.0,0
knn,4,SR386_40X_HE_T490_01,0,0.0,0
knn,4,SR386_40X_HE_T494_01,0,0.0,0
knn,4,SR386_40X_HE_T500_01,0,0.0,0
knn,4,SR386_40X_HE_T510_01,0,0.0,0
knn,4,SR386_40X_HE_T524_01,0,0.0,0
knn,4,SR386_40X_HE_T528_01,0,0.0,0
knn,4,SR386_40X_HE_T532_01,0,0.0,0
knn,4,SR386_40X_HE_T534_01,0,0.0,0
knn,4,SR386_40X_HE_T536_01,0,0.0,0
knn,4,SR386_40X_HE_T537_01,0,0.0,0
knn,4,SR386_40X_HE_T541_01,0,0.0,0
knn,4,SR386_40X_HE_T548_01,1,0.0,0
knn,4,SR386_40X_HE_T550_01,0,0.0,0
knn,4,SR386_40X_HE_T551_01,0,0.0,0
knn,4,SR386_40X_HE_T557_01,0,0.0,0
knn,4,SR386_40X_HE_T565_01,0,0.0,0
knn,4,SR386_40X_HE_T567_01,0,0.0,0
knn,4,SR386_40X_HE_T575_01,0,0.3333333333333333,0
knn,4,SR386_40X_HE_T576_01,0,0.0,0
knn,4,SR386_40X_HE_T581_01,0,0.0,0
proto,1,SR1482_40X_HE_T029_01,0,0.5069759488105774,1
proto,1,SR1482_40X_HE_T029_02,0,0.5080792903900146,1
proto,1,SR1482_40X_HE_T057_01,0,0.49836573004722595,0
proto,1,SR1482_40X_HE_T063_01,1,0.5137495398521423,1
proto,1,SR1482_40X_HE_T063_02,1,0.5115678310394287,1
proto,1,SR1482_40X_HE_T065_01,0,0.5049507021903992,1
proto,1,SR1482_40X_HE_T065_02,0,0.5028550624847412,1
proto,1,SR1482_40X_HE_T066_01,0,0.5056812167167664,1
proto,1,SR1482_40X_HE_T066_02,0,0.5092639923095703,1
proto,1,SR1482_40X_HE_T068_01,0,0.49279865622520447,0
proto,1,SR1482_40X_HE_T069_01,0,0.5076150894165039,1
proto,1,SR1482_40X_HE_T069_02,0,0.5083923935890198,1
proto,1,SR1482_40X_HE_T079_01,1,0.5046741962432861,1
proto,1,SR1482_40X_HE_T079_02,1,0.5106746554374695,1
proto,1,SR1482_40X_HE_T080_01,0,0.5013361573219299,1
proto,1,SR1482_40X_HE_T080_02,0,0.5074306130409241,1
proto,1,SR1482_40X_HE_T081_01,0,0.5035243630409241,1
proto,1,SR1482_40X_HE_T081_02,0,0.5027430653572083,1
proto,1,SR1482_40X_HE_T099_01,0,0.4920597970485687,0
proto,1,SR1482_40X_HE_T116_01,0,0.5092401504516602,1
proto,1,SR1482_40X_HE_T117_01,0,0.5108720064163208,1
proto,1,SR1482_40X_HE_T117_02,0,0.5091181993484497,1
proto,1,SR1482_40X_HE_T126_01,0,0.5091951489448547,1
proto,1,SR1482_40X_HE_T129_01,0,0.5052366852760315,1
proto,1,SR1482_40X_HE_T129_02,0,0.5098026990890503,1
proto,1,SR1482_40X_HE_T139_01,0,0.5111085772514343,1
proto,1,SR1482_40X_HE_T139_02,0,0.5113831758499146,1
proto,1,SR1482_40X_HE_T147_01,0,0.5129650235176086,1
proto,1,SR1482_40X_HE_T147_02,0,0.5126540660858154,1
proto,1,SR1482_40X_HE_T159_01,0,0.5078440308570862,1
proto,1,SR1482_40X_HE_T159_02,0,0.5091367363929749,1
proto,1,SR1482_40X_HE_T192_01,0,0.5045214891433716,1
proto,1,SR1482_40X_HE_T199_01,0,0.5057851672172546,1
proto,1,SR1482_40X_HE_T304_01,0,0.5063452124595642,1
proto,1,SR1482_40X_HE_T304_02,0,0.510033130645752,1
proto,1,SR1482_40X_HE_T310_01,1,0.5088675618171692,1
proto,1,SR1482_40X_HE_T310_02,1,0.5084512233734131,1
proto,1,SR1482_40X_HE_T341_01,0,0.49473097920417786,0
proto,1,SR1482_40X_HE_T341_02,0,0.5036383271217346,1
proto,1,SR1482_40X_HE_T353_01,0,0.498169481754303,0
proto,1,SR1482_40X_HE_T390_01,0,0.4927961230278015,0
proto,1,SR1482_40X_HE_T433_01,1,0.5116168260574341,1
proto,1,SR386_40X_HE_T003_01,0,0.48749810457229614,0
proto,1,SR386_40X_HE_T004_01,0,0.49141085147857666,0
proto,1,SR386_40X_HE_T022_01,1,0.4948298931121826,0
proto,1,SR386_40X_HE_T030_01,0,0.4941816031932831,0
proto,1,SR386_40X_HE_T033_01,0,0.4891638457775116,0
proto,1,SR386_40X_HE_T036_01,0,0.4949122369289398,0
proto,1,SR386_40X_HE_T038_01,0,0.48811569809913635,0
proto,1,SR386_40X_HE_T049_01,0,0.4869372248649597,0
proto,1,SR386_40X_HE_T050_01,0,0.5009124875068665,1
proto,1,SR386_40X_HE_T060_01,0,0.4916548728942871,0
proto,1,SR386_40X_HE_T063_01,0,0.49032825231552124,0
proto,1,SR386_40X_HE_T066_01,0,0.4916441738605499,0
proto,1,SR386_40X_HE_T069_01,0,0.49253806471824646,0
proto,1,SR386_40X_HE_T072_01,0,0.4909020662307739,0
proto,1,SR386_40X_HE_T074_01,0,0.4885936677455902,0
proto,1,SR386_40X_HE_T078_01,0,0.4911825954914093,0
proto,1,SR386_40X_HE_T079_01,0,0.48288974165916443,0
proto,1,SR386_40X_HE_T092_01,1,0.49071452021598816,0
proto,1,SR386_40X_HE_T096_01,0,0.48445695638656616,0
proto,1,SR386_40X_HE_T099_01,0,0.5047048926353455,1
proto,1,SR386_40X_HE_T103_01,0,0.4924878478050232,0
proto,1,SR386_40X_HE_T108_01,0,0.48893454670906067,0
proto,1,SR386_40X_HE_T113_01,0,0.4930650591850281,0
proto,1,SR386_40X_HE_T114_01,0,0.4870537221431732,0
proto,1,SR386_40X_HE_T119_01,0,0.48475703597068787,0
proto,1,SR386_40X_HE_T126_01,0,0.4944497048854828,0
proto,1,SR386_40X_HE_T130_01,0,0.4848147928714752,0
proto,1,SR386_40X_HE_T131_01,0,0.4902251660823822,0
proto,1,SR386_40X_HE_T135_01,0,0.4917803406715393,0
proto,1,SR386_40X_HE_T140_01,0,0.4892567992210388,0
proto,1,SR386_40X_HE_T144_01,0,0.49257174134254456,0
proto,1,SR386_40X_HE_T147_01,0,0.49269652366638184,0
proto,1,SR386_40X_HE_T148_01,0,0.497446209192276,0
proto,1,SR386_40X_HE_T160_01,0,0.48559674620628357,0
proto,1,SR386_40X_HE_T169_01,0,0.49443793296813965,0
proto,1,SR386_40X_HE_T170_01,1,0.4891277253627777,0
proto,1,SR386_40X_HE_T172_01,0,0.4902333915233612,0
proto,1,SR386_40X_HE_T174_01,0,0.48928648233413696,0
proto,1,SR386_40X_HE_T181_01,0,0.49590054154396057,0
proto,1,SR386_40X_HE_T196_01,0,0.4895637333393097,0
proto,1,SR386_40X_HE_T205_01,0,0.5018868446350098,1
proto,1,SR386_40X_HE_T209_01,0,0.48536211252212524,0
proto,1,SR386_40X_HE_T210_01,0,0.5041541457176208,1
proto,1,SR386_40X_HE_T212_01,0,0.48985886573791504,0
proto,1,SR386_40X_HE_T221_01,0,0.4867807924747467,0
proto,1,SR386_40X_HE_T224_01,0,0.4977148771286011,0
proto,1,SR386_40X_HE_T231_01,1,0.5033138990402222,1
proto,1,SR386_40X_HE_T232_01,0,0.48630061745643616,0
proto,1,SR386_40X_HE_T247_01,0,0.4923473000526428,0
proto,1,SR386_40X_HE_T252_01,0,0.48376283049583435,0
proto,1,SR386_40X_HE_T255_01,0,0.5028071403503418,1
proto,1,SR386_40X_HE_T259_01,1,0.4913393259048462,0
proto,1,SR386_40X_HE_T274_01,0,0.48661214113235474,0
proto,1,SR386_40X_HE_T275_01,0,0.48937126994132996,0
proto,1,SR386_40X_HE_T282_01,0,0.4867890477180481,0
proto,1,SR386_40X_HE_T294_01,0,0.492729514837265,0
proto,1,SR386_40X_HE_T311_01,0,0.4879189133644104,0
proto,1,SR386_40X_HE_T315_01,0,0.49043065309524536,0
proto,1,SR386_40X_HE_T319_01,1,0.48808425664901733,0
proto,1,SR386_40X_HE_T324_01,1,0.49368205666542053,0
proto,1,SR386_40X_HE_T330_01,0,0.49157625436782837,0
proto,1,SR386_40X_HE_T333_01,0,0.49028638005256653,0
proto,1,SR386_40X_HE_T335_01,0,0.4986368417739868,0
proto,1,SR386_40X_HE_T337_01,0,0.491702139377594,0
proto,1,SR386_40X_HE_T344_01,0,0.48925676941871643,0
proto,1,SR386_40X_HE_T347_01,0,0.48668304085731506,0
proto,1,SR386_40X_HE_T350_01,0,0.48883989453315735,0
proto,1,SR386_40X_HE_T351_01,0,0.5025903582572937,1
proto,1,SR386_40X_HE_T360_01,0,0.4926612675189972,0
proto,1,SR386_40X_HE_T361_01,0,0.5006414651870728,1
proto,1,SR386_40X_HE_T366_01,0,0.48988205194473267,0
proto,1,SR386_40X_HE_T377_01,1,0.4922965466976166,0
proto,1,SR386_40X_HE_T384_01,0,0.48497942090034485,0
proto,1,SR386_40X_HE_T395_01,0,0.4970642924308777,0
proto,1,SR386_40X_HE_T396_01,0,0.4853874146938324,0
proto,1,SR386_40X_HE_T401_01,0,0.4947485327720642,0
proto,1,SR386_40X_HE_T408_01,0,0.4869532287120819,0
proto,1,SR386_40X_HE_T410_01,0,0.49133244156837463,0
proto,1,SR386_40X_HE_T413_01,0,0.49569910764694214,0
proto,1,SR386_40X_HE_T416_01,0,0.5002148151397705,1
proto,1,SR386_40X_HE_T418_01,0,0.4896112084388733,0
proto,1,SR386_40X_HE_T419_01,0,0.49397552013397217,0
proto,1,SR386_40X_HE_T421_01,0,0.49380767345428467,0
proto,1,SR386_40X_HE_T423_01,0,0.49799585342407227,0
proto,1,SR386_40X_HE_T428_01,0,0.4938136041164398,0
proto,1,SR386_40X_HE_T430_01,0,0.4892364740371704,0
proto,1,SR386_40X_HE_T431_01,0,0.48536765575408936,0
proto,1,SR386_40X_HE_T435_01,0,0.4948045313358307,0
proto,1,SR386_40X_HE_T438_01,0,0.4888632595539093,0
proto,1,SR386_40X_HE_T439_01,0,0.5033931136131287,1
proto,1,SR386_40X_HE_T447_01,0,0.49042394757270813,0
proto,1,SR386_40X_HE_T449_01,0,0.48718467354774475,0
proto,1,SR386_40X_HE_T454_01,0,0.4867703318595886,0
proto,1,SR386_40X_HE_T456_01,0,0.4885520935058594,0
proto,1,SR386_40X_HE_T461_01,0,0.4886861741542816,0
proto,1,SR386_40X_HE_T462_01,0,0.4867255687713623,0
proto,1,SR386_40X_HE_T468_01,0,0.48768550157546997,0
proto,1,SR386_40X_HE_T469_01,1,0.5055177211761475,1
proto,1,SR386_40X_HE_T470_01,0,0.4892765283584595,0
proto,1,SR386_40X_HE_T471_01,0,0.4944317042827606,0
proto,1,SR386_40X_HE_T477_01,0,0.49225905537605286,0
proto,1,SR386_40X_HE_T480_01,0,0.4923248887062073,0
proto,1,SR386_40X_HE_T484_01,0,0.48955097794532776,0
proto,1,SR386_40X_HE_T495_01,0,0.48388367891311646,0
proto,1,SR386_40X_HE_T496_01,0,0.4885423183441162,0
proto,1,SR386_40X_HE_T498_01,0,0.49317991733551025,0
proto,1,SR386_40X_HE_T504_01,0,0.4909247159957886,0
proto,1,SR386_40X_HE_T511_01,0,0.490255743265152,0
proto,1,SR386_40X_HE_T517_01,0,0.4983045756816864,0
proto,1,SR386_40X_HE_T523_01,0,0.4935986399650574,0
proto,1,SR386_40X_HE_T529_01,0,0.4851492643356323,0
proto,1,SR386_40X_HE_T542_01,0,0.4885233938694,0
proto,1,SR386_40X_HE_T569_01,0,0.492353230714798,0
proto,1,SR386_40X_HE_T582_01,0,0.4920139014720917,0
proto,2,SR1482_40X_HE_T009_01,0,0.5027293562889099,1
proto,2,SR1482_40X_HE_T009_02,0,0.5031834840774536,1
proto,2,SR1482_40X_HE_T015_01,0,0.504163920879364,1
proto,2,SR1482_40X_HE_T021_01,0,0.5008772611618042,1
proto,2,SR1482_40X_HE_T067_01,0,0.4999179542064667,0
proto,2,SR1482_40X_HE_T075_01,0,0.5038468241691589,1
proto,2,SR1482_40X_HE_T075_02,0,0.5046886801719666,1
proto,2,SR1482_40X_HE_T098_01,0,0.507750391960144,1
proto,2,SR1482_40X_HE_T098_02,0,0.5072715878486633,1
proto,2,SR1482_40X_HE_T102_01,0,0.5027317404747009,1
proto,2,SR1482_40X_HE_T123_01,0,0.5025575757026672,1
proto,2,SR1482_40X_HE_T142_01,0,0.495190292596817,0
proto,2,SR1482_40X_HE_T146_01,0,0.5122954249382019,1
proto,2,SR1482_40X_HE_T148_01,0,0.5117728114128113,1
proto,2,SR1482_40X_HE_T148_02,0,0.509423017501831,1
proto,2,SR1482_40X_HE_T154_01,0,0.4997785985469818,0
proto,2,SR1482_40X_HE_T158_01,0,0.4994763433933258,0
proto,2,SR1482_40X_HE_T161_01,0,0.5127021074295044,1
proto,2,SR1482_40X_HE_T161_02,0,0.5069867968559265,1
proto,2,SR1482_40X_HE_T164_01,1,0.5051498413085938,1
proto,2,SR1482_40X_HE_T164_02,1,0.5068520307540894,1
proto,2,SR1482_40X_HE_T168_01,0,0.5012507438659668,1
proto,2,SR1482_40X_HE_T171_01,0,0.5048748850822449,1
proto,2,SR1482_40X_HE_T171_02,0,0.5093943476676941,1
proto,2,SR1482_40X_HE_T178_01,1,0.5065271258354187,1
proto,2,SR1482_40X_HE_T186_01,0,0.503134548664093,1
proto,2,SR1482_40X_HE_T193_01,0,0.5074329972267151,1
proto,2,SR1482_40X_HE_T193_02,0,0.5155898928642273,1
proto,2,SR1482_40X_HE_T209_01,0,0.5038859248161316,1
proto,2,SR1482_40X_HE_T209_02,0,0.5041681528091431,1
proto,2,SR1482_40X_HE_T245_01,0,0.50637286901474,1
proto,2,SR1482_40X_HE_T245_02,0,0.504758894443512,1
proto,2,SR1482_40X_HE_T265_01,0,0.4966754913330078,0
proto,2,SR1482_40X_HE_T302_01,0,0.5072833299636841,1
proto,2,SR1482_40X_HE_T343_01,1,0.5079036355018616,1
proto,2,SR1482_40X_HE_T343_02,1,0.5091111063957214,1
proto,2,SR1482_40X_HE_T399_01,0,0.5097443461418152,1
proto,2,SR1482_40X_HE_T399_02,0,0.5040088891983032,1
proto,2,SR1482_40X_HE_T426_01,0,0.501895546913147,1
proto,2,SR1482_40X_HE_T426_02,0,0.5031943917274475,1
proto,2,SR386_40X_HE_T001_01,0,0.4855177104473114,0
proto,2,SR386_40X_HE_T013_01,0,0.48925459384918213,0
proto,2,SR386_40X_HE_T018_01,0,0.48842570185661316,0
proto,2,SR386_40X_HE_T019_01,0,0.49414679408073425,0
proto,2,SR386_40X_HE_T024_01,0,0.4876123368740082,0
proto,2,SR386_40X_HE_T039_01,0,0.482753723859787,0
proto,2,SR386_40X_HE_T040_01,1,0.4905482530593872,0
proto,2,SR386_40X_HE_T042_01,0,0.4882461726665497,0
proto,2,SR386_40X_HE_T047_01,0,0.4889543056488037,0
proto,2,SR386_40X_HE_T051_01,0,0.48209092020988464,0
proto,2,SR386_40X_HE_T052_01,0,0.49166032671928406,0
proto,2,SR386_40X_HE_T056_01,0,0.4839898943901062,0
proto,2,SR386_40X_HE_T057_01,0,0.4868572950363159,0
proto,2,SR386_40X_HE_T070_01,0,0.48455676436424255,0
proto,2,SR386_40X_HE_T082_01,0,0.49918171763420105,0
proto,2,SR386_40X_HE_T084_01,0,0.5056052803993225,1
proto,2,SR386_40X_HE_T087_01,0,0.49472707509994507,0
proto,2,SR386_40X_HE_T088_01,0,0.49082741141319275,0
proto,2,SR386_40X_HE_T098_01,0,0.4929584562778473,0
proto,2,SR386_40X_HE_T105_01,0,0.48560377955436707,0
proto,2,SR386_40X_HE_T122_01,0,0.4926852881908417,0
proto,2,SR386_40X_HE_T123_01,0,0.4944528639316559,0
proto,2,SR386_40X_HE_T133_01,0,0.4869050681591034,0
proto,2,SR386_40X_HE_T145_01,0,0.4900130331516266,0
proto,2,SR386_40X_HE_T150_01,0,0.49146491289138794,0
proto,2,SR386_40X_HE_T152_01,0,0.4887620508670807,0
proto,2,SR386_40X_HE_T155_01,0,0.4872443974018097,0
proto,2,SR386_40X_HE_T157_01,0,0.4935400187969208,0
proto,2,SR386_40X_HE_T164_01,0,0.48727118968963623,0
proto,2,SR386_40X_HE_T166_01,0,0.49356597661972046,0
proto,2,SR386_40X_HE_T176_01,1,0.49040621519088745,0
proto,2,SR386_40X_HE_T177_01,0,0.49328693747520447,0
proto,2,SR386_40X_HE_T178_01,0,0.48894232511520386,0
proto,2,SR386_40X_HE_T187_01,0,0.49101608991622925,0
proto,2,SR386_40X_HE_T190_01,0,0.48721790313720703,0
proto,2,SR386_40X_HE_T192_01,0,0.49230635166168213,0
proto,2,SR386_40X_HE_T198_01,0,0.4975581765174866,0
proto,2,SR386_40X_HE_T200_01,0,0.4926431179046631,0
proto,2,SR386_40X_HE_T206_01,1,0.4948926568031311,0
proto,2,SR386_40X_HE_T211_01,0,0.49561581015586853,0
proto,2,SR386_40X_HE_T213_01,0,0.5010671615600586,1
proto,2,SR386_40X_HE_T214_01,0,0.5039852857589722,1
proto,2,SR386_40X_HE_T220_01,0,0.49414074420928955,0
proto,2,SR386_40X_HE_T230_01,1,0.5000367164611816,1
proto,2,SR386_40X_HE_T236_01,0,0.4891033470630646,0
proto,2,SR386_40X_HE_T237_01,0,0.49001866579055786,0
proto,2,SR386_40X_HE_T240_01,0,0.49003174901008606,0
proto,2,SR386_40X_HE_T241_01,0,0.4883154630661011,0
proto,2,SR386_40X_HE_T242_01,0,0.4890832006931305,0
proto,2,SR386_40X_HE_T253_01,0,0.48814764618873596,0
proto,2,SR386_40X_HE_T260_01,0,0.5002390742301941,1
proto,2,SR386_40X_HE_T262_01,0,0.5046228766441345,1
proto,2,SR386_40X_HE_T264_01,0,0.49817803502082825,0
proto,2,SR386_40X_HE_T271_01,0,0.49393993616104126,0
proto,2,SR386_40X_HE_T281_01,0,0.4877343475818634,0
proto,2,SR386_40X_HE_T297_01,0,0.48811137676239014,0
proto,2,SR386_40X_HE_T299_01,0,0.48438921570777893,0
proto,2,SR386_40X_HE_T301_01,0,0.48564818501472473,0
proto,2,SR386_40X_HE_T306_01,0,0.49092110991477966,0
proto,2,SR386_40X_HE_T309_01,0,0.48670703172683716,0
proto,2,SR386_40X_HE_T314_01,0,0.49293214082717896,0
proto,2,SR386_40X_HE_T316_01,0,0.499605655670166,0
proto,2,SR386_40X_HE_T318_01,0,0.5078544616699219,1
proto,2,SR386_40X_HE_T321_01,0,0.49187925457954407,0
proto,2,SR386_40X_HE_T326_01,0,0.4884462058544159,0
proto,2,SR386_40X_HE_T327_01,0,0.4802347719669342,0
proto,2,SR386_40X_HE_T332_01,1,0.493331640958786,0
proto,2,SR386_40X_HE_T355_01,0,0.49406951665878296,0
proto,2,SR386_40X_HE_T364_01,0,0.4949531853199005,0
proto,2,SR386_40X_HE_T368_01,1,0.5030554533004761,1
proto,2,SR386_40X_HE_T374_01,0,0.4847063720226288,0
proto,2,SR386_40X_HE_T380_01,0,0.48252952098846436,0
proto,2,SR386_40X_HE_T382_01,0,0.4845748245716095,0
proto,2,SR386_40X_HE_T392_01,0,0.4843139946460724,0
proto,2,SR386_40X_HE_T398_01,0,0.4892483353614807,0
proto,2,SR386_40X_HE_T402_01,1,0.5061711072921753,1
proto,2,SR386_40X_HE_T404_01,0,0.4842044711112976,0
proto,2,SR386_40X_HE_T415_01,0,0.48489752411842346,0
proto,2,SR386_40X_HE_T417_01,0,0.4883435368537903,0
proto,2,SR386_40X_HE_T425_01,0,0.4853515923023224,0
proto,2,SR386_40X_HE_T436_01,1,0.49463802576065063,0
proto,2,SR386_40X_HE_T437_01,0,0.4930335283279419,0
proto,2,SR386_40X_HE_T440_01,0,0.4961538016796112,0
proto,2,SR386_40X_HE_T445_01,0,0.48641353845596313,0
proto,2,SR386_40X_HE_T450_01,0,0.49170923233032227,0
proto,2,SR386_40X_HE_T459_01,0,0.5018009543418884,1
proto,2,SR386_40X_HE_T472_01,0,0.4866681396961212,0
proto,2,SR386_40X_HE_T481_01,0,0.4898280203342438,0
proto,2,SR386_40X_HE_T483_01,0,0.4989238977432251,0
proto,2,SR386_40X_HE_T486_01,0,0.4882184565067291,0
proto,2,SR386_40X_HE_T488_01,0,0.4968471825122833,0
proto,2,SR386_40X_HE_T499_01,0,0.5024617910385132,1
proto,2,SR386_40X_HE_T507_01,0,0.5008047819137573,1
proto,2,SR386_40X_HE_T514_01,0,0.4904290437698364,0
proto,2,SR386_40X_HE_T520_01,1,0.4885162115097046,0
proto,2,SR386_40X_HE_T522_01,0,0.4885709583759308,0
proto,2,SR386_40X_HE_T531_01,0,0.48733702301979065,0
proto,2,SR386_40X_HE_T535_01,0,0.4915268123149872,0
proto,2,SR386_40X_HE_T539_01,0,0.4875461459159851,0
proto,2,SR386_40X_HE_T549_01,0,0.49867483973503113,0
proto,2,SR386_40X_HE_T552_01,0,0.49436092376708984,0
proto,2,SR386_40X_HE_T553_01,0,0.48937997221946716,0
proto,2,SR386_40X_HE_T554_01,0,0.493741512298584,0
proto,2,SR386_40X_HE_T558_01,0,0.4840869903564453,0
proto,2,SR386_40X_HE_T564_01,0,0.4999265968799591,0
proto,2,SR386_40X_HE_T570_01,0,0.48836833238601685,0
proto,2,SR386_40X_HE_T574_01,0,0.4839291572570801,0
proto,2,SR386_40X_HE_T578_01,0,0.4876707196235657,0
proto,2,SR386_40X_HE_T580_01,0,0.49044081568717957,0
proto,3,SR1482_40X_HE_T005_01,0,0.5009658336639404,1
proto,3,SR1482_40X_HE_T005_02,0,0.5143827199935913,1
proto,3,SR1482_40X_HE_T010_01,0,0.4952159523963928,0
proto,3,SR1482_40X_HE_T043_01,0,0.5079947113990784,1
proto,3,SR1482_40X_HE_T043_02,0,0.5066989660263062,1
proto,3,SR1482_40X_HE_T049_01,0,0.49947795271873474,0
proto,3,SR1482_40X_HE_T061_01,0,0.5161305069923401,1
proto,3,SR1482_40X_HE_T061_02,0,0.5090944170951843,1
proto,3,SR1482_40X_HE_T070_01,1,0.5095652937889099,1
proto,3,SR1482_40X_HE_T073_01,0,0.5023661851882935,1
proto,3,SR1482_40X_HE_T082_01,0,0.5059154629707336,1
proto,3,SR1482_40X_HE_T082_02,0,0.5071537494659424,1
proto,3,SR1482_40X_HE_T089_01,0,0.49572134017944336,0
proto,3,SR1482_40X_HE_T090_01,0,0.489211767911911,0
proto,3,SR1482_40X_HE_T094_01,1,0.5116153359413147,1
proto,3,SR1482_40X_HE_T094_02,1,0.5107421875,1
proto,3,SR1482_40X_HE_T105_01,0,0.4999542534351349,0
proto,3,SR1482_40X_HE_T115_01,0,0.4994257390499115,0
proto,3,SR1482_40X_HE_T115_02,0,0.5000939965248108,1
proto,3,SR1482_40X_HE_T118_01,0,0.5088645219802856,1
proto,3,SR1482_40X_HE_T118_02,0,0.5069265365600586,1
proto,3,SR1482_40X_HE_T120_01,0,0.5097693204879761,1
proto,3,SR1482_40X_HE_T120_02,0,0.51008540391922,1
proto,3,SR1482_40X_HE_T124_01,0,0.508682370185852,1
proto,3,SR1482_40X_HE_T124_02,0,0.5054849982261658,1
proto,3,SR1482_40X_HE_T138_01,0,0.49586477875709534,0
proto,3,SR1482_40X_HE_T160_01,0,0.507864773273468,1
proto,3,SR1482_40X_HE_T160_02,0,0.5055798888206482,1
proto,3,SR1482_40X_HE_T167_01,0,0.5065401196479797,1
proto,3,SR1482_40X_HE_T167_02,0,0.5004680156707764,1
proto,3,SR1482_40X_HE_T175_01,0,0.5122591257095337,1
proto,3,SR1482_40X_HE_T175_02,0,0.509088933467865,1
proto,3,SR1482_40X_HE_T177_01,1,0.5040121078491211,1
proto,3,SR1482_40X_HE_T188_01,0,0.5021616220474243,1
proto,3,SR1482_40X_HE_T195_01,0,0.504278838634491,1
proto,3,SR1482_40X_HE_T195_02,0,0.507856011390686,1
proto,3,SR1482_40X_HE_T202_01,0,0.5083319544792175,1
proto,3,SR1482_40X_HE_T202_02,0,0.5113110542297363,1
proto,3,SR1482_40X_HE_T225_01,0,0.5113661885261536,1
proto,3,SR1482_40X_HE_T225_02,0,0.5012020468711853,1
proto,3,SR1482_40X_HE_T235_01,0,0.5046563744544983,1
proto,3,SR1482_40X_HE_T235_02,0,0.5074592232704163,1
proto,3,SR1482_40X_HE_T236_01,0,0.5075617432594299,1
proto,3,SR1482_40X_HE_T236_02,0,0.5063983798027039,1
proto,3,SR1482_40X_HE_T258_01,0,0.5060267448425293,1
proto,3,SR1482_40X_HE_T258_02,0,0.5129712820053101,1
proto,3,SR1482_40X_HE_T284_01,1,0.5079379081726074,1
proto,3,SR1482_40X_HE_T284_02,1,0.5046788454055786,1
proto,3,SR1482_40X_HE_T301_01,1,0.5045962929725647,1
proto,3,SR1482_40X_HE_T301_02,1,0.5092734098434448,1
proto,3,SR1482_40X_HE_T309_01,0,0.510432243347168,1
proto,3,SR1482_40X_HE_T313_01,0,0.5086126327514648,1
proto,3,SR1482_40X_HE_T313_02,0,0.5096887946128845,1
proto,3,SR1482_40X_HE_T338_01,0,0.507317066192627,1
proto,3,SR1482_40X_HE_T344_01,0,0.5029054880142212,1
proto,3,SR1482_40X_HE_T344_02,0,0.5042725205421448,1
proto,3,SR1482_40X_HE_T346_01,0,0.5071902871131897,1
proto,3,SR1482_40X_HE_T346_02,0,0.5084636807441711,1
proto,3,SR1482_40X_HE_T377_01,0,0.5070415735244751,1
proto,3,SR1482_40X_HE_T377_02,0,0.5077728629112244,1
proto,3,SR1482_40X_HE_T419_01,0,0.4967888593673706,0
proto,3,SR1482_40X_HE_T427_01,0,0.5049964785575867,1
proto,3,SR1482_40X_HE_T427_02,0,0.5048211216926575,1
proto,3,SR386_40X_HE_T007_01,0,0.4885428845882416,0
proto,3,SR386_40X_HE_T015_01,0,0.4866892993450165,0
proto,3,SR386_40X_HE_T017_01,1,0.4918716251850128,0
proto,3,SR386_40X_HE_T032_01,0,0.4869655668735504,0
proto,3,SR386_40X_HE_T034_01,0,0.48470792174339294,0
proto,3,SR386_40X_HE_T035_01,0,0.4877110421657562,0
proto,3,SR386_40X_HE_T041_01,0,0.4888283312320709,0
proto,3,SR386_40X_HE_T067_01,0,0.48373842239379883,0
proto,3,SR386_40X_HE_T075_01,0,0.48580846190452576,0
proto,3,SR386_40X_HE_T081_01,0,0.4895136058330536,0
proto,3,SR386_40X_HE_T083_01,0,0.4872994124889374,0
proto,3,SR386_40X_HE_T085_01,0,0.48012760281562805,0
proto,3,SR386_40X_HE_T095_01,0,0.4976475238800049,0
proto,3,SR386_40X_HE_T104_01,0,0.4890501797199249,0
proto,3,SR386_40X_HE_T106_01,0,0.4861615002155304,0
proto,3,SR386_40X_HE_T112_01,0,0.48492491245269775,0
proto,3,SR386_40X_HE_T128_01,0,0.48431670665740967,0
proto,3,SR386_40X_HE_T132_01,0,0.49210309982299805,0
proto,3,SR386_40X_HE_T138_01,0,0.486522376537323,0
proto,3,SR386_40X_HE_T142_01,0,0.4891778230667114,0
proto,3,SR386_40X_HE_T149_01,0,0.4884105622768402,0
proto,3,SR386_40X_HE_T165_01,1,0.4873993992805481,0
proto,3,SR386_40X_HE_T179_01,0,0.49951645731925964,0
proto,3,SR386_40X_HE_T180_01,0,0.49227088689804077,0
proto,3,SR386_40X_HE_T182_01,0,0.4888932704925537,0
proto,3,SR386_40X_HE_T184_01,0,0.4921281337738037,0
proto,3,SR386_40X_HE_T188_01,0,0.5008479952812195,1
proto,3,SR386_40X_HE_T191_01,0,0.49020513892173767,0
proto,3,SR386_40X_HE_T197_01,0,0.4859269857406616,0
proto,3,SR386_40X_HE_T201_01,0,0.49352335929870605,0
proto,3,SR386_40X_HE_T202_01,0,0.486126571893692,0
proto,3,SR386_40X_HE_T208_01,0,0.48830270767211914,0
proto,3,SR386_40X_HE_T216_01,1,0.49605295062065125,0
proto,3,SR386_40X_HE_T238_01,0,0.4899810254573822,0
proto,3,SR386_40X_HE_T244_01,0,0.498288094997406,0
proto,3,SR386_40X_HE_T248_01,0,0.4847835898399353,0
proto,3,SR386_40X_HE_T249_01,0,0.48776689171791077,0
proto,3,SR386_40X_HE_T250_01,0,0.4970768094062805,0
proto,3,SR386_40X_HE_T263_01,0,0.4985499978065491,0
proto,3,SR386_40X_HE_T267_01,0,0.4911881387233734,0
proto,3,SR386_40X_HE_T269_01,0,0.48305457830429077,0
proto,3,SR386_40X_HE_T277_01,0,0.4844774901866913,0
proto,3,SR386_40X_HE_T286_01,0,0.507311999797821,1
proto,3,SR386_40X_HE_T287_01,0,0.49475792050361633,0
proto,3,SR386_40X_HE_T290_01,0,0.49578937888145447,0
proto,3,SR386_40X_HE_T293_01,0,0.48935213685035706,0
proto,3,SR386_40X_HE_T298_01,0,0.48487475514411926,0
proto,3,SR386_40X_HE_T303_01,0,0.4816165566444397,0
proto,3,SR386_40X_HE_T312_01,0,0.4874632656574249,0
proto,3,SR386_40X_HE_T329_01,0,0.49560853838920593,0
proto,3,SR386_40X_HE_T336_01,0,0.49200960993766785,0
proto,3,SR386_40X_HE_T338_01,0,0.48678141832351685,0
proto,3,SR386_40X_HE_T342_01,0,0.4915781319141388,0
proto,3,SR386_40X_HE_T353_01,0,0.49871939420700073,0
proto,3,SR386_40X_HE_T357_01,0,0.4818999469280243,0
proto,3,SR386_40X_HE_T362_01,0,0.5040783286094666,1
proto,3,SR386_40X_HE_T363_01,1,0.4939659833908081,0
proto,3,SR386_40X_HE_T372_01,0,0.49715644121170044,0
proto,3,SR386_40X_HE_T378_01,0,0.48378458619117737,0
proto,3,SR386_40X_HE_T379_01,0,0.49042272567749023,0
proto,3,SR386_40X_HE_T386_01,0,0.48563843965530396,0
proto,3,SR386_40X_HE_T387_01,0,0.503721296787262,1
proto,3,SR386_40X_HE_T393_01,0,0.48665785789489746,0
proto,3,SR386_40X_HE_T397_01,0,0.49909040331840515,0
proto,3,SR386_40X_HE_T406_01,0,0.49711015820503235,0
proto,3,SR386_40X_HE_T409_01,0,0.4933117926120758,0
proto,3,SR386_40X_HE_T422_01,0,0.4835406541824341,0
proto,3,SR386_40X_HE_T426_01,0,0.4859141707420349,0
proto,3,SR386_40X_HE_T433_01,0,0.48838379979133606,0
proto,3,SR386_40X_HE_T443_01,0,0.4861257076263428,0
proto,3,SR386_40X_HE_T448_01,0,0.48543843626976013,0
proto,3,SR386_40X_HE_T452_01,0,0.49274539947509766,0
proto,3,SR386_40X_HE_T460_01,1,0.4903988540172577,0
proto,3,SR386_40X_HE_T473_01,0,0.48664912581443787,0
proto,3,SR386_40X_HE_T475_01,0,0.49477291107177734,0
proto,3,SR386_40X_HE_T478_01,0,0.4891822040081024,0
proto,3,SR386_40X_HE_T489_01,1,0.49169036746025085,0
proto,3,SR386_40X_HE_T491_01,0,0.49089711904525757,0
proto,3,SR386_40X_HE_T492_01,0,0.4882698953151703,0
proto,3,SR386_40X_HE_T493_01,0,0.4926539659500122,0
proto,3,SR386_40X_HE_T502_01,0,0.4830738306045532,0
proto,3,SR386_40X_HE_T505_01,0,0.49864327907562256,0
proto,3,SR386_40X_HE_T506_01,0,0.4927728772163391,0
proto,3,SR386_40X_HE_T509_01,0,0.49594205617904663,0
proto,3,SR386_40X_HE_T516_01,0,0.4893028438091278,0
proto,3,SR386_40X_HE_T518_01,0,0.4896140396595001,0
proto,3,SR386_40X_HE_T519_01,0,0.4883286654949188,0
proto,3,SR386_40X_HE_T521_01,0,0.48737722635269165,0
proto,3,SR386_40X_HE_T526_01,0,0.48766401410102844,0
proto,3,SR386_40X_HE_T533_01,0,0.48903605341911316,0
proto,3,SR386_40X_HE_T543_01,0,0.49330267310142517,0
proto,3,SR386_40X_HE_T544_01,0,0.49068552255630493,0
proto,3,SR386_40X_HE_T556_01,1,0.49225035309791565,0
proto,3,SR386_40X_HE_T560_01,0,0.48879504203796387,0
proto,3,SR386_40X_HE_T563_01,0,0.48977547883987427,0
proto,3,SR386_40X_HE_T568_01,0,0.49155092239379883,0
proto,3,SR386_40X_HE_T571_01,0,0.49050500988960266,0
proto,3,SR386_40X_HE_T572_01,0,0.5040289163589478,1
proto,3,SR386_40X_HE_T573_01,0,0.48616573214530945,0
proto,3,SR386_40X_HE_T583_01,0,0.48277050256729126,0
proto,4,SR1482_40X_HE_T002_01,0,0.4938786029815674,0
proto,4,SR1482_40X_HE_T003_01,0,0.5012317895889282,1
proto,4,SR1482_40X_HE_T004_01,0,0.4984697103500366,0
proto,4,SR1482_40X_HE_T004_02,0,0.5040421485900879,1
proto,4,SR1482_40X_HE_T011_01,0,0.49451377987861633,0
proto,4,SR1482_40X_HE_T025_01,0,0.5043072700500488,1
proto,4,SR1482_40X_HE_T025_02,0,0.5039663314819336,1
proto,4,SR1482_40X_HE_T060_01,0,0.5098273754119873,1
proto,4,SR1482_40X_HE_T062_01,0,0.5059676170349121,1
proto,4,SR1482_40X_HE_T062_02,0,0.5021694898605347,1
proto,4,SR1482_40X_HE_T064_01,0,0.510237455368042,1
proto,4,SR1482_40X_HE_T064_02,0,0.5054547190666199,1
proto,4,SR1482_40X_HE_T071_01,0,0.5078451037406921,1
proto,4,SR1482_40X_HE_T071_02,0,0.506658673286438,1
proto,4,SR1482_40X_HE_T074_01,0,0.5003436803817749,1
proto,4,SR1482_40X_HE_T074_02,0,0.4985184371471405,0
proto,4,SR1482_40X_HE_T083_01,0,0.5098387598991394,1
proto,4,SR1482_40X_HE_T083_02,0,0.5121579170227051,1
proto,4,SR1482_40X_HE_T087_01,0,0.4955652952194214,0
proto,4,SR1482_40X_HE_T097_01,1,0.508064866065979,1
proto,4,SR1482_40X_HE_T097_02,1,0.5078545212745667,1
proto,4,SR1482_40X_HE_T108_01,0,0.49005842208862305,0
proto,4,SR1482_40X_HE_T113_01,0,0.5061600804328918,1
proto,4,SR1482_40X_HE_T113_02,0,0.508373498916626,1
proto,4,SR1482_40X_HE_T121_01,0,0.48562416434288025,0
proto,4,SR1482_40X_HE_T122_01,0,0.49416714906692505,0
proto,4,SR1482_40X_HE_T125_01,0,0.5044169425964355,1
proto,4,SR1482_40X_HE_T125_02,0,0.5069305300712585,1
proto,4,SR1482_40X_HE_T131_01,0,0.5080173015594482,1
proto,4,SR1482_40X_HE_T131_02,0,0.5097488164901733,1
proto,4,SR1482_40X_HE_T132_01,0,0.5037789940834045,1
proto,4,SR1482_40X_HE_T132_02,0,0.5082111358642578,1
proto,4,SR1482_40X_HE_T143_01,0,0.5103676915168762,1
proto,4,SR1482_40X_HE_T143_02,0,0.5107795000076294,1
proto,4,SR1482_40X_HE_T166_01,1,0.4953407347202301,0
proto,4,SR1482_40X_HE_T169_01,0,0.5067753791809082,1
proto,4,SR1482_40X_HE_T176_01,1,0.5116884112358093,1
proto,4,SR1482_40X_HE_T176_02,1,0.5131199955940247,1
proto,4,SR1482_40X_HE_T191_01,0,0.498987078666687,0
proto,4,SR1482_40X_HE_T194_01,0,0.5117170214653015,1
proto,4,SR1482_40X_HE_T218_01,0,0.496235191822052,0
proto,4,SR1482_40X_HE_T253_01,0,0.49287447333335876,0
proto,4,SR1482_40X_HE_T290_01,0,0.5093967318534851,1
proto,4,SR1482_40X_HE_T308_01,0,0.5068017840385437,1
proto,4,SR1482_40X_HE_T314_01,0,0.5155552625656128,1
proto,4,SR1482_40X_HE_T314_02,0,0.5122677683830261,1
proto,4,SR1482_40X_HE_T372_01,1,0.5083949565887451,1
proto,4,SR1482_40X_HE_T372_02,1,0.5049039125442505,1
proto,4,SR1482_40X_HE_T408_01,0,0.5010585188865662,1
proto,4,SR1482_40X_HE_T412_01,0,0.5011712908744812,1
proto,4,SR1482_40X_HE_T425_01,0,0.48724618554115295,0
proto,4,SR1482_40X_HE_T434_01,1,0.5020761489868164,1
proto,4,SR386_40X_HE_T006_01,0,0.4843471944332123,0
proto,4,SR386_40X_HE_T010_01,0,0.4877850413322449,0
proto,4,SR386_40X_HE_T014_01,0,0.48973163962364197,0
proto,4,SR386_40X_HE_T016_01,0,0.48121950030326843,0
proto,4,SR386_40X_HE_T020_01,0,0.48199063539505005,0
proto,4,SR386_40X_HE_T027_01,0,0.4989021122455597,0
proto,4,SR386_40X_HE_T028_01,0,0.49079179763793945,0
proto,4,SR386_40X_HE_T037_01,0,0.492546021938324,0
proto,4,SR386_40X_HE_T043_01,0,0.4840940535068512,0
proto,4,SR386_40X_HE_T044_01,1,0.4887531101703644,0
proto,4,SR386_40X_HE_T046_01,0,0.49156463146209717,0
proto,4,SR386_40X_HE_T058_01,0,0.4866032302379608,0
proto,4,SR386_40X_HE_T062_01,0,0.48324140906333923,0
proto,4,SR386_40X_HE_T065_01,1,0.4863966107368469,0
proto,4,SR386_40X_HE_T080_01,0,0.4878423511981964,0
proto,4,SR386_40X_HE_T091_01,0,0.48567256331443787,0
proto,4,SR386_40X_HE_T094_01,0,0.48174092173576355,0
proto,4,SR386_40X_HE_T097_01,0,0.4934341013431549,0
proto,4,SR386_40X_HE_T100_01,0,0.49706918001174927,0
proto,4,SR386_40X_HE_T107_01,0,0.49007001519203186,0
proto,4,SR386_40X_HE_T109_01,1,0.48960375785827637,0
proto,4,SR386_40X_HE_T110_01,0,0.49180474877357483,0
proto,4,SR386_40X_HE_T117_01,0,0.48251640796661377,0
proto,4,SR386_40X_HE_T127_01,0,0.48991772532463074,0
proto,4,SR386_40X_HE_T129_01,0,0.48321452736854553,0
proto,4,SR386_40X_HE_T136_01,0,0.48811909556388855,0
proto,4,SR386_40X_HE_T154_01,0,0.48763129115104675,0
proto,4,SR386_40X_HE_T168_01,1,0.4870430529117584,0
proto,4,SR386_40X_HE_T175_01,0,0.4852784276008606,0
proto,4,SR386_40X_HE_T189_01,0,0.48791220784187317,0
proto,4,SR386_40X_HE_T195_01,0,0.4840098023414612,0
proto,4,SR386_40X_HE_T227_01,0,0.49363091588020325,0
proto,4,SR386_40X_HE_T233_01,0,0.49976080656051636,0
proto,4,SR386_40X_HE_T234_01,0,0.49510249495506287,0
proto,4,SR386_40X_HE_T235_01,0,0.48243600130081177,0
proto,4,SR386_40X_HE_T239_01,0,0.49921631813049316,0
proto,4,SR386_40X_HE_T245_01,0,0.48330241441726685,0
proto,4,SR386_40X_HE_T256_01,0,0.49246057868003845,0
proto,4,SR386_40X_HE_T265_01,0,0.48780420422554016,0
proto,4,SR386_40X_HE_T268_01,0,0.5025067925453186,1
proto,4,SR386_40X_HE_T270_01,0,0.49180489778518677,0
proto,4,SR386_40X_HE_T272_01,0,0.5049524307250977,1
proto,4,SR386_40X_HE_T273_01,0,0.49305829405784607,0
proto,4,SR386_40X_HE_T276_01,0,0.4952658414840698,0
proto,4,SR386_40X_HE_T278_01,1,0.4887497127056122,0
proto,4,SR386_40X_HE_T284_01,0,0.4897520840167999,0
proto,4,SR386_40X_HE_T285_01,0,0.4856046736240387,0
proto,4,SR386_40X_HE_T288_01,0,0.49387896060943604,0
proto,4,SR386_40X_HE_T291_01,0,0.48507049679756165,0
proto,4,SR386_40X_HE_T300_01,0,0.48861759901046753,0
proto,4,SR386_40X_HE_T302_01,0,0.48965689539909363,0
proto,4,SR386_40X_HE_T305_01,0,0.48456430435180664,0
proto,4,SR386_40X_HE_T308_01,0,0.4899609088897705,0
proto,4,SR386_40X_HE_T325_01,0,0.4924278259277344,0
proto,4,SR386_40X_HE_T331_01,0,0.4895525872707367,0
proto,4,SR386_40X_HE_T341_01,0,0.503332257270813,1
proto,4,SR386_40X_HE_T343_01,1,0.4919024109840393,0
proto,4,SR386_40X_HE_T346_01,0,0.4933663606643677,0
proto,4,SR386_40X_HE_T352_01,0,0.4939500689506531,0
proto,4,SR386_40X_HE_T373_01,0,0.49684303998947144,0
proto,4,SR386_40X_HE_T375_01,0,0.49023905396461487,0
proto,4,SR386_40X_HE_T381_01,0,0.4873916506767273,0
proto,4,SR386_40X_HE_T389_01,0,0.5017588138580322,1
proto,4,SR386_40X_HE_T391_01,0,0.48715531826019287,0
proto,4,SR386_40X_HE_T394_01,0,0.48851504921913147,0
proto,4,SR386_40X_HE_T399_01,0,0.5043579339981079,1
proto,4,SR386_40X_HE_T403_01,0,0.4864027500152588,0
proto,4,SR386_40X_HE_T405_01,0,0.5036184191703796,1
proto,4,SR386_40X_HE_T407_01,0,0.4930904805660248,0
proto,4,SR386_40X_HE_T414_01,0,0.4933532178401947,0
proto,4,SR386_40X_HE_T424_01,0,0.48953014612197876,0
proto,4,SR386_40X_HE_T429_01,0,0.5046118497848511,1
proto,4,SR386_40X_HE_T441_01,0,0.49865150451660156,0
proto,4,SR386_40X_HE_T451_01,0,0.48919662833213806,0
proto,4,SR386_40X_HE_T453_01,0,0.48754891753196716,0
proto,4,SR386_40X_HE_T455_01,0,0.504128634929657,1
proto,4,SR386_40X_HE_T465_01,0,0.5023813843727112,1
proto,4,SR386_40X_HE_T474_01,0,0.49402204155921936,0
proto,4,SR386_40X_HE_T476_01,0,0.49392616748809814,0
proto,4,SR386_40X_HE_T479_01,0,0.49993395805358887,0
proto,4,SR386_40X_HE_T482_01,0,0.4881635010242462,0
proto,4,SR386_40X_HE_T487_01,0,0.5001646280288696,1
proto,4,SR386_40X_HE_T490_01,0,0.493728369474411,0
proto,4,SR386_40X_HE_T494_01,0,0.4847376048564911,0
proto,4,SR386_40X_HE_T500_01,0,0.4825923442840576,0
proto,4,SR386_40X_HE_T510_01,0,0.49320101737976074,0
proto,4,SR386_40X_HE_T524_01,0,0.49004027247428894,0
proto,4,SR386_40X_HE_T528_01,0,0.5013084411621094,1
proto,4,SR386_40X_HE_T532_01,0,0.49371233582496643,0
proto,4,SR386_40X_HE_T534_01,0,0.49306899309158325,0
proto,4,SR386_40X_HE_T536_01,0,0.4865923523902893,0
proto,4,SR386_40X_HE_T537_01,0,0.4942484498023987,0
proto,4,SR386_40X_HE_T541_01,0,0.4942578077316284,0
proto,4,SR386_40X_HE_T548_01,1,0.5004522800445557,1
proto,4,SR386_40X_HE_T550_01,0,0.49810704588890076,0
proto,4,SR386_40X_HE_T551_01,0,0.48575860261917114,0
proto,4,SR386_40X_HE_T557_01,0,0.4985365569591522,0
proto,4,SR386_40X_HE_T565_01,0,0.4905792474746704,0
proto,4,SR386_40X_HE_T567_01,0,0.49469834566116333,0
proto,4,SR386_40X_HE_T575_01,0,0.4915567934513092,0
proto,4,SR386_40X_HE_T576_01,0,0.48851048946380615,0
proto,4,SR386_40X_HE_T581_01,0,0.5024711489677429,1
rf,1,SR1482_40X_HE_T029_01,0,0.13477822362762426,0
rf,1,SR1482_40X_HE_T029_02,0,0.1474278289242884,0
rf,1,SR1482_40X_HE_T057_01,0,0.04393548387096775,0
rf,1,SR1482_40X_HE_T063_01,1,0.3636584275939115,1
rf,1,SR1482_40X_HE_T063_02,1,0.223875,0
rf,1,SR1482_40X_HE_T065_01,0,0.22366666666666665,0
rf,1,SR1482_40X_HE_T065_02,0,0.1297229437229437,0
rf,1,SR1482_40X_HE_T066_01,0,0.17458945000287504,0
rf,1,SR1482_40X_HE_T066_02,0,0.3239383753501401,1
rf,1,SR1482_40X_HE_T068_01,0,0.043571428571428567,0
rf,1,SR1482_40X_HE_T069_01,0,0.03968145161290322,0
rf,1,SR1482_40X_HE_T069_02,0,0.0873598484848485,0
rf,1,SR1482_40X_HE_T079_01,1,0.1438095238095238,0
rf,1,SR1482_40X_HE_T079_02,1,0.27506422469536074,0
rf,1,SR1482_40X_HE_T080_01,0,0.1025081585081585,0
rf,1,SR1482_40X_HE_T080_02,0,0.0859047619047619,0
rf,1,SR1482_40X_HE_T081_01,0,0.1354360679970436,0
rf,1,SR1482_40X_HE_T081_02,0,0.10455731225296444,0
rf,1,SR1482_40X_HE_T099_01,0,0.043522648083623695,0
rf,1,SR1482_40X_HE_T116_01,0,0.13715080478194086,0
rf,1,SR1482_40X_HE_T117_01,0,0.14777769698572182,0
rf,1,SR1482_40X_HE_T117_02,0,0.1106145493706854,0
rf,1,SR1482_40X_HE_T126_01,0,0.2194203323558162,0
rf,1,SR1482_40X_HE_T129_01,0,0.12912521755716092,0
rf,1,SR1482_40X_HE_T129_02,0,0.19106777906069802,0
rf,1,SR1482_40X_HE_T139_01,0,0.2018095238095238,0
rf,1,SR1482_40X_HE_T139_02,0,0.24312874082439298,0
rf,1,SR1482_40X_HE_T147_01,0,0.28113436342278847,0
rf,1,SR1482_40X_HE_T147_02,0,0.3572476621999422,1
rf,1,SR1482_40X_HE_T159_01,0,0.1413896103896104,0
rf,1,SR1482_40X_HE_T159_02,0,0.17648817074398468,0
rf,1,SR1482_40X_HE_T192_01,0,0.1447038015747693,0
rf,1,SR1482_40X_HE_T199_01,0,0.11521582990180551,0
rf,1,SR1482_40X_HE_T304_01,0,0.0796021505376344,0
rf,1,SR1482_40X_HE_T304_02,0,0.1176438923395445,0
rf,1,SR1482_40X_HE_T310_01,1,0.2283831502765584,0
rf,1,SR1482_40X_HE_T310_02,1,0.14206991729498122,0
rf,1,SR1482_40X_HE_T341_01,0,0.03558288770053476,0
rf,1,SR1482_40X_HE_T341_02,0,0.03784024577572965,0
rf,1,SR1482_40X_HE_T353_01,0,0.055420332355816226,0
rf,1,SR1482_40X_HE_T390_01,0,0.0413030303030303,0
rf,1,SR1482_40X_HE_T433_01,1,0.20166666666666666,0
rf,1,SR386_40X_HE_T003_01,0,0.044,0
rf,1,SR386_40X_HE_T004_01,0,0.12341612554112555,0
rf,1,SR386_40X_HE_T022_01,1,0.24535930735930733,0
rf,1,SR386_40X_HE_T030_01,0,0.12528455284552847,0
rf,1,SR386_40X_HE_T033_01,0,0.07347294372294373,0
rf,1,SR386_40X_HE_T036_01,0,0.03996078431372549,0
rf,1,SR386_40X_HE_T038_01,0,0.05985598141695703,0
rf,1,SR386_40X_HE_T049_01,0,0.021086999022482893,0
rf,1,SR386_40X_HE_T050_01,0,0.11268347950026908,0
rf,1,SR386_40X_HE_T060_01,0,0.07292940561716293,0
rf,1,SR386_40X_HE_T063_01,0,0.16930583142347846,0
rf,1,SR386_40X_HE_T066_01,0,0.08385598141695702,0
rf,1,SR386_40X_HE_T069_01,0,0.09865614761215132,0
rf,1,SR386_40X_HE_T072_01,0,0.06777896613190731,0
rf,1,SR386_40X_HE_T074_01,0,0.07581818181818181,0
rf,1,SR386_40X_HE_T078_01,0,0.04376170338316287,0
rf,1,SR386_40X_HE_T079_01,0,0.002,0
rf,1,SR386_40X_HE_T092_01,1,0.06938137131685518,0
rf,1,SR386_40X_HE_T096_01,0,0.022,0
rf,1,SR386_40X_HE_T099_01,0,0.09642857142857143,0
rf,1,SR386_40X_HE_T103_01,0,0.12193910250572243,0
rf,1,SR386_40X_HE_T108_01,0,0.07395121951219512,0
rf,1,SR386_40X_HE_T113_01,0,0.11162866568914956,0
rf,1,SR386_40X_HE_T114_01,0,0.06369034994697774,0
rf,1,SR386_40X_HE_T119_01,0,0.041753665689149566,0
rf,1,SR386_40X_HE_T126_01,0,0.07563636363636363,0
rf,1,SR386_40X_HE_T130_01,0,0.012,0
rf,1,SR386_40X_HE_T131_01,0,0.06520512820512821,0
rf,1,SR386_40X_HE_T135_01,0,0.16935581622678397,0
rf,1,SR386_40X_HE_T140_01,0,0.052875535696187866,0
rf,1,SR386_40X_HE_T144_01,0,0.06595121951219513,0
rf,1,SR386_40X_HE_T147_01,0,0.05534798534798535,0
rf,1,SR386_40X_HE_T148_01,0,0.15367003367003365,0
rf,1,SR386_40X_HE_T160_01,0,0.029904761904761906,0
rf,1,SR386_40X_HE_T169_01,0,0.08130303030303031,0
rf,1,SR386_40X_HE_T170_01,1,0.15376940133037692,0
rf,1,SR386_40X_HE_T172_01,0,0.23332509426057813,0
rf,1,SR386_40X_HE_T174_01,0,0.07083407709634919,0
rf,1,SR386_40X_HE_T181_01,0,0.0930869990224829,0
rf,1,SR386_40X_HE_T196_01,0,0.08149279612393216,0
rf,1,SR386_40X_HE_T205_01,0,0.2679512195121951,0
rf,1,SR386_40X_HE_T209_01,0,0.06581818181818182,0
rf,1,SR386_40X_HE_T210_01,0,0.20886034255599473,0
rf,1,SR386_40X_HE_T212_01,0,0.0414881707439847,0
rf,1,SR386_40X_HE_T221_01,0,0.026,0
rf,1,SR386_40X_HE_T224_01,0,0.06781818181818182,0
rf,1,SR386_40X_HE_T231_01,1,0.17781818181818182,0
rf,1,SR386_40X_HE_T232_01,0,0.041333333333333326,0
rf,1,SR386_40X_HE_T247_01,0,0.05942857142857143,0
rf,1,SR386_40X_HE_T252_01,0,0.02180952380952381,0
rf,1,SR386_40X_HE_T255_01,0,0.04590476190476191,0
rf,1,SR386_40X_HE_T259_01,1,0.10526140526140526,0
rf,1,SR386_40X_HE_T274_01,0,0.023951219512195122,0
rf,1,SR386_40X_HE_T275_01,0,0.09557184750733137,0
rf,1,SR386_40X_HE_T282_01,0,0.023506912442396312,0
rf,1,SR386_40X_HE_T294_01,0,0.22510596649727083,0
rf,1,SR386_40X_HE_T311_01,0,0.06981818181818181,0
rf,1,SR386_40X_HE_T315_01,0,0.07191200382592061,0
rf,1,SR386_40X_HE_T319_01,1,0.072,0
rf,1,SR386_40X_HE_T324_01,1,0.10100737300334074,0
rf,1,SR386_40X_HE_T330_01,0,0.025443223443223445,0
rf,1,SR386_40X_HE_T333_01,0,0.08726881720430109,0
rf,1,SR386_40X_HE_T335_01,0,0.05355731225296442,0
rf,1,SR386_40X_HE_T337_01,0,0.11755731225296442,0
rf,1,SR386_40X_HE_T344_01,0,0.03976940133037694,0
rf,1,SR386_40X_HE_T347_01,0,0.04,0
rf,1,SR386_40X_HE_T350_01,0,0.036541262658909716,0
rf,1,SR386_40X_HE_T351_01,0,0.08148484848484848,0
rf,1,SR386_40X_HE_T360_01,0,0.023886703383162868,0
rf,1,SR386_40X_HE_T361_01,0,0.074,0
rf,1,SR386_40X_HE_T366_01,0,0.025,0
rf,1,SR386_40X_HE_T377_01,1,0.12308037927249095,0
rf,1,SR386_40X_HE_T384_01,0,0.01373913043478261,0
rf,1,SR386_40X_HE_T395_01,0,0.06957142857142858,0
rf,1,SR386_40X_HE_T396_01,0,0.052,0
rf,1,SR386_40X_HE_T401_01,0,0.16753263182105685,0
rf,1,SR386_40X_HE_T408_01,0,0.02711772098868873,0
rf,1,SR386_40X_HE_T410_01,0,0.08942033235581621,0
rf,1,SR386_40X_HE_T413_01,0,0.06381818181818182,0
rf,1,SR386_40X_HE_T416_01,0,0.03772294372294373,0
rf,1,SR386_40X_HE_T418_01,0,0.025231643356643355,0
rf,1,SR386_40X_HE_T419_01,0,0.0579047619047619,0
rf,1,SR386_40X_HE_T421_01,0,0.0637391304347826,0
rf,1,SR386_40X_HE_T423_01,0,0.057690349946977734,0
rf,1,SR386_40X_HE_T428_01,0,0.06549279612393216,0
rf,1,SR386_40X_HE_T430_01,0,0.055079587079587086,0
rf,1,SR386_40X_HE_T431_01,0,0.058,0
rf,1,SR386_40X_HE_T435_01,0,0.17350083381794548,0
rf,1,SR386_40X_HE_T438_01,0,0.04,0
rf,1,SR386_40X_HE_T439_01,0,0.1670835925155359,0
rf,1,SR386_40X_HE_T447_01,0,0.043473945409429275,0
rf,1,SR386_40X_HE_T449_01,0,0.043904761904761905,0
rf,1,SR386_40X_HE_T454_01,0,0.021246753246753246,0
rf,1,SR386_40X_HE_T456_01,0,0.044,0
rf,1,SR386_40X_HE_T461_01,0,0.05,0
rf,1,SR386_40X_HE_T462_01,0,0.041110309045792916,0
rf,1,SR386_40X_HE_T468_01,0,0.03724675324675324,0
rf,1,SR386_40X_HE_T469_01,1,0.11941962198624191,0
rf,1,SR386_40X_HE_T470_01,0,0.07593548387096774,0
rf,1,SR386_40X_HE_T471_01,0,0.07906493506493507,0
rf,1,SR386_40X_HE_T477_01,0,0.09102331002331002,0
rf,1,SR386_40X_HE_T480_01,0,0.07554961467639637,0
rf,1,SR386_40X_HE_T484_01,0,0.08367416323513883,0
rf,1,SR386_40X_HE_T495_01,0,0.007951219512195122,0
rf,1,SR386_40X_HE_T496_01,0,0.04338961038961039,0
rf,1,SR386_40X_HE_T498_01,0,0.24712401324166028,0
rf,1,SR386_40X_HE_T504_01,0,0.08784024577572964,0
rf,1,SR386_40X_HE_T511_01,0,0.047473945409429286,0
rf,1,SR386_40X_HE_T517_01,0,0.1507797619047619,0
rf,1,SR386_40X_HE_T523_01,0,0.086,0
rf,1,SR386_40X_HE_T529_01,0,0.03133333333333334,0
rf,1,SR386_40X_HE_T542_01,0,0.03793548387096774,0
rf,1,SR386_40X_HE_T569_01,0,0.1097391304347826,0
rf,1,SR386_40X_HE_T582_01,0,0.023753665689149564,0
rf,2,SR1482_40X_HE_T009_01,0,0.061310977942113994,0
rf,2,SR1482_40X_HE_T009_02,0,0.05750270562770563,0
rf,2,SR1482_40X_HE_T015_01,0,0.09914079222381708,0
rf,2,SR1482_40X_HE_T021_01,0,0.09079945860591022,0
rf,2,SR1482_40X_HE_T067_01,0,0.08058283383283382,0
rf,2,SR1482_40X_HE_T075_01,0,0.10567461430575036,0
rf,2,SR1482_40X_HE_T075_02,0,0.177196889132373,0
rf,2,SR1482_40X_HE_T098_01,0,0.09995121951219513,0
rf,2,SR1482_40X_HE_T098_02,0,0.08871649184149184,0
rf,2,SR1482_40X_HE_T102_01,0,0.12337870731419118,0
rf,2,SR1482_40X_HE_T123_01,0,0.09736779612393216,0
rf,2,SR1482_40X_HE_T142_01,0,0.04532509426057814,0
rf,2,SR1482_40X_HE_T146_01,0,0.33561904761904765,1
rf,2,SR1482_40X_HE_T148_01,0,0.12050046056094443,0
rf,2,SR1482_40X_HE_T148_02,0,0.11354166666666667,0
rf,2,SR1482_40X_HE_T154_01,0,0.07162745098039215,0
rf,2,SR1482_40X_HE_T158_01,0,0.07344024577572965,0
rf,2,SR1482_40X_HE_T161_01,0,0.15971222079524564,0
rf,2,SR1482_40X_HE_T161_02,0,0.10989626818469322,0
rf,2,SR1482_40X_HE_T164_01,1,0.10187096774193549,0
rf,2,SR1482_40X_HE_T164_02,1,0.2198181818181818,0
rf,2,SR1482_40X_HE_T168_01,0,0.10335366568914955,0
rf,2,SR1482_40X_HE_T171_01,0,0.21193548387096775,0
rf,2,SR1482_40X_HE_T171_02,0,0.28,0
rf,2,SR1482_40X_HE_T178_01,1,0.1453811166695417,0
rf,2,SR1482_40X_HE_T186_01,0,0.1106058913620274,0
rf,2,SR1482_40X_HE_T193_01,0,0.16580645161290322,0
rf,2,SR1482_40X_HE_T193_02,0,0.34102782892428835,1
rf,2,SR1482_40X_HE_T209_01,0,0.1777853949329359,0
rf,2,SR1482_40X_HE_T209_02,0,0.24,0
rf,2,SR1482_40X_HE_T245_01,0,0.1869702380952381,0
rf,2,SR1482_40X_HE_T245_02,0,0.11688911088911089,0
rf,2,SR1482_40X_HE_T265_01,0,0.09893127705627706,0
rf,2,SR1482_40X_HE_T302_01,0,0.14785920147330803,0
rf,2,SR1482_40X_HE_T343_01,1,0.07372294372294373,0
rf,2,SR1482_40X_HE_T343_02,1,0.12935160941209325,0
rf,2,SR1482_40X_HE_T399_01,0,0.14366666666666666,0
rf,2,SR1482_40X_HE_T399_02,0,0.1298181818181818,0
rf,2,SR1482_40X_HE_T426_01,0,0.09930303030303028,0
rf,2,SR1482_40X_HE_T426_02,0,0.10277803030303029,0
rf,2,SR386_40X_HE_T001_01,0,0.09941329366992144,0
rf,2,SR386_40X_HE_T013_01,0,0.12901672240802672,0
rf,2,SR386_40X_HE_T018_01,0,0.06,0
rf,2,SR386_40X_HE_T019_01,0,0.027666666666666666,0
rf,2,SR386_40X_HE_T024_01,0,0.006,0
rf,2,SR386_40X_HE_T039_01,0,0.025025974025974028,0
rf,2,SR386_40X_HE_T040_01,1,0.1818262195121951,0
rf,2,SR386_40X_HE_T042_01,0,0.09961698270000757,0
rf,2,SR386_40X_HE_T047_01,0,0.04581818181818181,0
rf,2,SR386_40X_HE_T051_01,0,0.007951219512195122,0
rf,2,SR386_40X_HE_T052_01,0,0.054,0
rf,2,SR386_40X_HE_T056_01,0,0.043871975019516,0
rf,2,SR386_40X_HE_T057_01,0,0.03548484848484849,0
rf,2,SR386_40X_HE_T070_01,0,0.028,0
rf,2,SR386_40X_HE_T082_01,0,0.1493030303030303,0
rf,2,SR386_40X_HE_T084_01,0,0.11080994274542663,0
rf,2,SR386_40X_HE_T087_01,0,0.2996666666666667,0
rf,2,SR386_40X_HE_T088_01,0,0.078,0
rf,2,SR386_40X_HE_T098_01,0,0.15116770186335404,0
rf,2,SR386_40X_HE_T105_01,0,0.057062986906180065,0
rf,2,SR386_40X_HE_T122_01,0,0.06180952380952381,0
rf,2,SR386_40X_HE_T123_01,0,0.12381818181818181,0
rf,2,SR386_40X_HE_T133_01,0,0.017904761904761906,0
rf,2,SR386_40X_HE_T145_01,0,0.12715151515151515,0
rf,2,SR386_40X_HE_T150_01,0,0.16508279220779218,0
rf,2,SR386_40X_HE_T152_01,0,0.09318223711772099,0
rf,2,SR386_40X_HE_T155_01,0,0.11955731225296443,0
rf,2,SR386_40X_HE_T157_01,0,0.08393548387096775,0
rf,2,SR386_40X_HE_T164_01,0,0.043904761904761905,0
rf,2,SR386_40X_HE_T166_01,0,0.055587583148558765,0
rf,2,SR386_40X_HE_T176_01,1,0.1165348538073948,0
rf,2,SR386_40X_HE_T177_01,0,0.027484848484848487,0
rf,2,SR386_40X_HE_T178_01,0,0.22138961038961036,0
rf,2,SR386_40X_HE_T187_01,0,0.08381818181818182,0
rf,2,SR386_40X_HE_T190_01,0,0.02019101188666406,0
rf,2,SR386_40X_HE_T192_01,0,0.03553846153846154,0
rf,2,SR386_40X_HE_T198_01,0,0.07330583142347848,0
rf,2,SR386_40X_HE_T200_01,0,0.20593548387096774,0
rf,2,SR386_40X_HE_T206_01,1,0.07002526365639972,0
rf,2,SR386_40X_HE_T211_01,0,0.11776940133037696,0
rf,2,SR386_40X_HE_T213_01,0,0.07190269698572183,0
rf,2,SR386_40X_HE_T214_01,0,0.116,0
rf,2,SR386_40X_HE_T220_01,0,0.0886822787427626,0
rf,2,SR386_40X_HE_T230_01,1,0.10717283660477996,0
rf,2,SR386_40X_HE_T236_01,0,0.08781818181818181,0
rf,2,SR386_40X_HE_T237_01,0,0.028,0
rf,2,SR386_40X_HE_T240_01,0,0.05287179487179488,0
rf,2,SR386_40X_HE_T241_01,0,0.0730869990224829,0
rf,2,SR386_40X_HE_T242_01,0,0.0579047619047619,0
rf,2,SR386_40X_HE_T253_01,0,0.018,0
rf,2,SR386_40X_HE_T260_01,0,0.09387096774193548,0
rf,2,SR386_40X_HE_T262_01,0,0.10960357675111773,0
rf,2,SR386_40X_HE_T264_01,0,0.0939047619047619,0
rf,2,SR386_40X_HE_T271_01,0,0.04717748917748918,0
rf,2,SR386_40X_HE_T281_01,0,0.06530303030303031,0
rf,2,SR386_40X_HE_T297_01,0,0.01353846153846154,0
rf,2,SR386_40X_HE_T299_01,0,0.031818181818181815,0
rf,2,SR386_40X_HE_T301_01,0,0.023600000000000003,0
rf,2,SR386_40X_HE_T306_01,0,0.086,0
rf,2,SR386_40X_HE_T309_01,0,0.051602150537634416,0
rf,2,SR386_40X_HE_T314_01,0,0.104,0
rf,2,SR386_40X_HE_T316_01,0,0.1417789661319073,0
rf,2,SR386_40X_HE_T318_01,0,0.064,0
rf,2,SR386_40X_HE_T321_01,0,0.07381818181818181,0
rf,2,SR386_40X_HE_T326_01,0,0.10548484848484849,0
rf,2,SR386_40X_HE_T327_01,0,0.003904761904761905,0
rf,2,SR386_40X_HE_T332_01,1,0.14135664335664336,0
rf,2,SR386_40X_HE_T355_01,0,0.042,0
rf,2,SR386_40X_HE_T364_01,0,0.07934798534798534,0
rf,2,SR386_40X_HE_T368_01,1,0.10568452380952381,0
rf,2,SR386_40X_HE_T374_01,0,0.02353846153846154,0
rf,2,SR386_40X_HE_T380_01,0,0.012,0
rf,2,SR386_40X_HE_T382_01,0,0.03566666666666667,0
rf,2,SR386_40X_HE_T392_01,0,0.03,0
rf,2,SR386_40X_HE_T398_01,0,0.06311030904579293,0
rf,2,SR386_40X_HE_T402_01,1,0.11537160845060104,0
rf,2,SR386_40X_HE_T404_01,0,0.013300546448087433,0
rf,2,SR386_40X_HE_T415_01,0,0.022,0
rf,2,SR386_40X_HE_T417_01,0,0.008,0
rf,2,SR386_40X_HE_T425_01,0,0.05778539493293592,0
rf,2,SR386_40X_HE_T436_01,1,0.06573759573759574,0
rf,2,SR386_40X_HE_T437_01,0,0.038,0
rf,2,SR386_40X_HE_T440_01,0,0.1813408299018055,0
rf,2,SR386_40X_HE_T445_01,0,0.10992305049811062,0
rf,2,SR386_40X_HE_T450_01,0,0.10170488520134469,0
rf,2,SR386_40X_HE_T459_01,0,0.05166039493293592,0
rf,2,SR386_40X_HE_T472_01,0,0.027935483870967743,0
rf,2,SR386_40X_HE_T481_01,0,0.07309407665505226,0
rf,2,SR386_40X_HE_T483_01,0,0.08115906830257702,0
rf,2,SR386_40X_HE_T486_01,0,0.09363387978142076,0
rf,2,SR386_40X_HE_T488_01,0,0.10131411337154846,0
rf,2,SR386_40X_HE_T499_01,0,0.1132943722943723,0
rf,2,SR386_40X_HE_T507_01,0,0.17527272727272727,0
rf,2,SR386_40X_HE_T514_01,0,0.04896103896103897,0
rf,2,SR386_40X_HE_T520_01,1,0.040951219512195124,0
rf,2,SR386_40X_HE_T522_01,0,0.02972294372294372,0
rf,2,SR386_40X_HE_T531_01,0,0.03161788617886179,0
rf,2,SR386_40X_HE_T535_01,0,0.021443223443223445,0
rf,2,SR386_40X_HE_T539_01,0,0.0817391304347826,0
rf,2,SR386_40X_HE_T549_01,0,0.07157184750733138,0
rf,2,SR386_40X_HE_T552_01,0,0.09966666666666665,0
rf,2,SR386_40X_HE_T553_01,0,0.07678841991341992,0
rf,2,SR386_40X_HE_T554_01,0,0.07656318949867337,0
rf,2,SR386_40X_HE_T558_01,0,0.03021532091097309,0
rf,2,SR386_40X_HE_T564_01,0,0.061636363636363635,0
rf,2,SR386_40X_HE_T570_01,0,0.03,0
rf,2,SR386_40X_HE_T574_01,0,0.013951219512195122,0
rf,2,SR386_40X_HE_T578_01,0,0.04221615878277869,0
rf,2,SR386_40X_HE_T580_01,0,0.028,0
rf,3,SR1482_40X_HE_T005_01,0,0.1355069124423963,0
rf,3,SR1482_40X_HE_T005_02,0,0.2578095238095238,0
rf,3,SR1482_40X_HE_T010_01,0,0.07574921915529127,0
rf,3,SR1482_40X_HE_T043_01,0,0.12144356456551578,0
rf,3,SR1482_40X_HE_T043_02,0,0.08193548387096775,0
rf,3,SR1482_40X_HE_T049_01,0,0.08053330540427317,0
rf,3,SR1482_40X_HE_T061_01,0,0.31781818181818183,1
rf,3,SR1482_40X_HE_T061_02,0,0.2559512195121951,0
rf,3,SR1482_40X_HE_T070_01,1,0.1059047619047619,0
rf,3,SR1482_40X_HE_T073_01,0,0.09641934559747652,0
rf,3,SR1482_40X_HE_T082_01,0,0.09474973992333327,0
rf,3,SR1482_40X_HE_T082_02,0,0.14750270562770562,0
rf,3,SR1482_40X_HE_T089_01,0,0.07690097402597403,0
rf,3,SR1482_40X_HE_T090_01,0,0.02332483961326466,0
rf,3,SR1482_40X_HE_T094_01,1,0.17781818181818182,0
rf,3,SR1482_40X_HE_T094_02,1,0.09962866568914956,0
rf,3,SR1482_40X_HE_T105_01,0,0.05332509426057813,0
rf,3,SR1482_40X_HE_T115_01,0,0.09584024577572964,0
rf,3,SR1482_40X_HE_T115_02,0,0.07537770562770564,0
rf,3,SR1482_40X_HE_T118_01,0,0.21384024577572963,0
rf,3,SR1482_40X_HE_T118_02,0,0.19110124284317834,0
rf,3,SR1482_40X_HE_T120_01,0,0.1471498076303443,0
rf,3,SR1482_40X_HE_T120_02,0,0.22357937621051227,0
rf,3,SR1482_40X_HE_T124_01,0,0.1839047619047619,0
rf,3,SR1482_40X_HE_T124_02,0,0.163637526925952,0
rf,3,SR1482_40X_HE_T138_01,0,0.043593911464879204,0
rf,3,SR1482_40X_HE_T160_01,0,0.11593548387096775,0
rf,3,SR1482_40X_HE_T160_02,0,0.07575366568914955,0
rf,3,SR1482_40X_HE_T167_01,0,0.08171524577572964,0
rf,3,SR1482_40X_HE_T167_02,0,0.11167416323513885,0
rf,3,SR1482_40X_HE_T175_01,0,0.1814766094120933,0
rf,3,SR1482_40X_HE_T175_02,0,0.18698568230279392,0
rf,3,SR1482_40X_HE_T177_01,1,0.08718503823816919,0
rf,3,SR1482_40X_HE_T188_01,0,0.09490539839782562,0
rf,3,SR1482_40X_HE_T195_01,0,0.08719239631336406,0
rf,3,SR1482_40X_HE_T195_02,0,0.09562866568914956,0
rf,3,SR1482_40X_HE_T202_01,0,0.07720964710610659,0
rf,3,SR1482_40X_HE_T202_02,0,0.1,0
rf,3,SR1482_40X_HE_T225_01,0,0.17914710695808256,0
rf,3,SR1482_40X_HE_T225_02,0,0.055260997067448685,0
rf,3,SR1482_40X_HE_T235_01,0,0.11493993506493505,0
rf,3,SR1482_40X_HE_T235_02,0,0.0499047619047619,0
rf,3,SR1482_40X_HE_T236_01,0,0.04973913043478261,0
rf,3,SR1482_40X_HE_T236_02,0,0.04516616716616717,0
rf,3,SR1482_40X_HE_T258_01,0,0.09457247325844886,0
rf,3,SR1482_40X_HE_T258_02,0,0.12976074332171894,0
rf,3,SR1482_40X_HE_T284_01,1,0.16541043655797757,0
rf,3,SR1482_40X_HE_T284_02,1,0.19577769698572184,0
rf,3,SR1482_40X_HE_T301_01,1,0.10914828879228926,0
rf,3,SR1482_40X_HE_T301_02,1,0.21555549155145928,0
rf,3,SR1482_40X_HE_T309_01,0,0.10126099706744868,0
rf,3,SR1482_40X_HE_T313_01,0,0.17388670338316287,0
rf,3,SR1482_40X_HE_T313_02,0,0.16700641294189683,0
rf,3,SR1482_40X_HE_T338_01,0,0.19803362602573765,0
rf,3,SR1482_40X_HE_T344_01,0,0.24571524577572965,0
rf,3,SR1482_40X_HE_T344_02,0,0.1666809104873621,0
rf,3,SR1482_40X_HE_T346_01,0,0.11109279612393216,0
rf,3,SR1482_40X_HE_T346_02,0,0.14385598141695705,0
rf,3,SR1482_40X_HE_T377_01,0,0.06581818181818182,0
rf,3,SR1482_40X_HE_T377_02,0,0.08393548387096775,0
rf,3,SR1482_40X_HE_T419_01,0,0.04331660054050945,0
rf,3,SR1482_40X_HE_T427_01,0,0.04573098141695703,0
rf,3,SR1482_40X_HE_T427_02,0,0.055935483870967743,0
rf,3,SR386_40X_HE_T007_01,0,0.05664748289345064,0
rf,3,SR386_40X_HE_T015_01,0,0.06345351865308704,0
rf,3,SR386_40X_HE_T017_01,1,0.19627719748522232,0
rf,3,SR386_40X_HE_T032_01,0,0.046,0
rf,3,SR386_40X_HE_T034_01,0,0.05549404761904762,0
rf,3,SR386_40X_HE_T035_01,0,0.09566666666666668,0
rf,3,SR386_40X_HE_T041_01,0,0.2768450851548438,0
rf,3,SR386_40X_HE_T067_01,0,0.02,0
rf,3,SR386_40X_HE_T075_01,0,0.029436067997043607,0
rf,3,SR386_40X_HE_T081_01,0,0.09533288770053476,0
rf,3,SR386_40X_HE_T083_01,0,0.0739047619047619,0
rf,3,SR386_40X_HE_T085_01,0,0.016,0
rf,3,SR386_40X_HE_T095_01,0,0.10745372707517697,0
rf,3,SR386_40X_HE_T104_01,0,0.12339880952380951,0
rf,3,SR386_40X_HE_T106_01,0,0.038,0
rf,3,SR386_40X_HE_T112_01,0,0.032,0
rf,3,SR386_40X_HE_T128_01,0,0.024,0
rf,3,SR386_40X_HE_T132_01,0,0.039484848484848484,0
rf,3,SR386_40X_HE_T138_01,0,0.08941346153846154,0
rf,3,SR386_40X_HE_T142_01,0,0.10781818181818181,0
rf,3,SR386_40X_HE_T149_01,0,0.07285142990002325,0
rf,3,SR386_40X_HE_T165_01,1,0.16857218725413056,0
rf,3,SR386_40X_HE_T179_01,0,0.09543606799704361,0
rf,3,SR386_40X_HE_T180_01,0,0.06920512820512821,0
rf,3,SR386_40X_HE_T182_01,0,0.05747394540942928,0
rf,3,SR386_40X_HE_T184_01,0,0.089875,0
rf,3,SR386_40X_HE_T188_01,0,0.08195121951219513,0
rf,3,SR386_40X_HE_T191_01,0,0.08737870731419117,0
rf,3,SR386_40X_HE_T197_01,0,0.07089510489510491,0
rf,3,SR386_40X_HE_T201_01,0,0.03581818181818181,0
rf,3,SR386_40X_HE_T202_01,0,0.0359718309859155,0
rf,3,SR386_40X_HE_T208_01,0,0.054,0
rf,3,SR386_40X_HE_T216_01,1,0.20667958707958706,0
rf,3,SR386_40X_HE_T238_01,0,0.051686116700201214,0
rf,3,SR386_40X_HE_T244_01,0,0.06348968105065665,0
rf,3,SR386_40X_HE_T248_01,0,0.009951219512195122,0
rf,3,SR386_40X_HE_T249_01,0,0.016,0
rf,3,SR386_40X_HE_T250_01,0,0.08728426141185694,0
rf,3,SR386_40X_HE_T263_01,0,0.062,0
rf,3,SR386_40X_HE_T267_01,0,0.07756318949867337,0
rf,3,SR386_40X_HE_T269_01,0,0.02138095238095238,0
rf,3,SR386_40X_HE_T277_01,0,0.02552073732718894,0
rf,3,SR386_40X_HE_T286_01,0,0.11755731225296444,0
rf,3,SR386_40X_HE_T287_01,0,0.11124118133605801,0
rf,3,SR386_40X_HE_T290_01,0,0.058,0
rf,3,SR386_40X_HE_T293_01,0,0.07381818181818181,0
rf,3,SR386_40X_HE_T298_01,0,0.031371551868011355,0
rf,3,SR386_40X_HE_T303_01,0,0.015935483870967743,0
rf,3,SR386_40X_HE_T312_01,0,0.08766039493293591,0
rf,3,SR386_40X_HE_T329_01,0,0.16056136895890993,0
rf,3,SR386_40X_HE_T336_01,0,0.05,0
rf,3,SR386_40X_HE_T338_01,0,0.02381818181818182,0
rf,3,SR386_40X_HE_T342_01,0,0.06179001280409731,0
rf,3,SR386_40X_HE_T353_01,0,0.1038709677419355,0
rf,3,SR386_40X_HE_T357_01,0,0.017571428571428568,0
rf,3,SR386_40X_HE_T362_01,0,0.08992305049811061,0
rf,3,SR386_40X_HE_T363_01,1,0.2319047619047619,0
rf,3,SR386_40X_HE_T372_01,0,0.1712051282051282,0
rf,3,SR386_40X_HE_T378_01,0,0.019904761904761904,0
rf,3,SR386_40X_HE_T379_01,0,0.06797183098591549,0
rf,3,SR386_40X_HE_T386_01,0,0.039568181818181815,0
rf,3,SR386_40X_HE_T387_01,0,0.055730185644102426,0
rf,3,SR386_40X_HE_T393_01,0,0.06887929144026705,0
rf,3,SR386_40X_HE_T397_01,0,0.1515069124423963,0
rf,3,SR386_40X_HE_T406_01,0,0.1421218944549193,0
rf,3,SR386_40X_HE_T409_01,0,0.067875,0
rf,3,SR386_40X_HE_T422_01,0,0.026,0
rf,3,SR386_40X_HE_T426_01,0,0.032,0
rf,3,SR386_40X_HE_T433_01,0,0.08158928571428571,0
rf,3,SR386_40X_HE_T443_01,0,0.11181818181818182,0
rf,3,SR386_40X_HE_T448_01,0,0.092,0
rf,3,SR386_40X_HE_T452_01,0,0.11378539493293592,0
rf,3,SR386_40X_HE_T460_01,1,0.11538961038961039,0
rf,3,SR386_40X_HE_T473_01,0,0.06342857142857143,0
rf,3,SR386_40X_HE_T475_01,0,0.04831205476384299,0
rf,3,SR386_40X_HE_T478_01,0,0.044985309045792926,0
rf,3,SR386_40X_HE_T489_01,1,0.04966666666666667,0
rf,3,SR386_40X_HE_T491_01,0,0.14741408997506558,0
rf,3,SR386_40X_HE_T492_01,0,0.033935483870967745,0
rf,3,SR386_40X_HE_T493_01,0,0.039196889132373,0
rf,3,SR386_40X_HE_T502_01,0,0.023871975019516004,0
rf,3,SR386_40X_HE_T505_01,0,0.07580952380952381,0
rf,3,SR386_40X_HE_T506_01,0,0.06356318949867337,0
rf,3,SR386_40X_HE_T509_01,0,0.13523809523809524,0
rf,3,SR386_40X_HE_T516_01,0,0.10707297275894836,0
rf,3,SR386_40X_HE_T518_01,0,0.05557184750733138,0
rf,3,SR386_40X_HE_T519_01,0,0.04125424981522543,0
rf,3,SR386_40X_HE_T521_01,0,0.023722943722943726,0
rf,3,SR386_40X_HE_T526_01,0,0.04540935146678656,0
rf,3,SR386_40X_HE_T533_01,0,0.054,0
rf,3,SR386_40X_HE_T543_01,0,0.04563636363636364,0
rf,3,SR386_40X_HE_T544_01,0,0.05961788617886179,0
rf,3,SR386_40X_HE_T556_01,1,0.10353846153846155,0
rf,3,SR386_40X_HE_T560_01,0,0.07710270562770563,0
rf,3,SR386_40X_HE_T563_01,0,0.02381818181818182,0
rf,3,SR386_40X_HE_T568_01,0,0.07993548387096774,0
rf,3,SR386_40X_HE_T571_01,0,0.08597183098591549,0
rf,3,SR386_40X_HE_T572_01,0,0.13314381720430105,0
rf,3,SR386_40X_HE_T573_01,0,0.11550476190476189,0
rf,3,SR386_40X_HE_T583_01,0,0.02397183098591549,0
rf,4,SR1482_40X_HE_T002_01,0,0.027597147950089128,0
rf,4,SR1482_40X_HE_T003_01,0,0.057320632798573974,0
rf,4,SR1482_40X_HE_T004_01,0,0.0584231131187653,0
rf,4,SR1482_40X_HE_T004_02,0,0.0904344599387969,0
rf,4,SR1482_40X_HE_T011_01,0,0.06897889067454285,0
rf,4,SR1482_40X_HE_T025_01,0,0.1324360679970436,0
rf,4,SR1482_40X_HE_T025_02,0,0.12789115457713018,0
rf,4,SR1482_40X_HE_T060_01,0,0.09946207415772632,0
rf,4,SR1482_40X_HE_T062_01,0,0.17963636363636362,0
rf,4,SR1482_40X_HE_T062_02,0,0.1249921798631476,0
rf,4,SR1482_40X_HE_T064_01,0,0.17142791799395576,0
rf,4,SR1482_40X_HE_T064_02,0,0.11106873813687966,0
rf,4,SR1482_40X_HE_T071_01,0,0.1085227267684939,0
rf,4,SR1482_40X_HE_T071_02,0,0.10775366568914956,0
rf,4,SR1482_40X_HE_T074_01,0,0.07326852577062956,0
rf,4,SR1482_40X_HE_T074_02,0,0.05308699902248289,0
rf,4,SR1482_40X_HE_T083_01,0,0.1937797619047619,0
rf,4,SR1482_40X_HE_T083_02,0,0.2516021505376344,0
rf,4,SR1482_40X_HE_T087_01,0,0.042684146972572015,0
rf,4,SR1482_40X_HE_T097_01,1,0.1928706723796238,0
rf,4,SR1482_40X_HE_T097_02,1,0.16324549679619393,0
rf,4,SR1482_40X_HE_T108_01,0,0.027112299465240644,0
rf,4,SR1482_40X_HE_T113_01,0,0.05981818181818182,0
rf,4,SR1482_40X_HE_T113_02,0,0.1275971479500891,0
rf,4,SR1482_40X_HE_T121_01,0,0.015489681050656661,0
rf,4,SR1482_40X_HE_T122_01,0,0.03116980374486386,0
rf,4,SR1482_40X_HE_T125_01,0,0.11533333333333333,0
rf,4,SR1482_40X_HE_T125_02,0,0.10638678395621923,0
rf,4,SR1482_40X_HE_T131_01,0,0.16235493130058345,0
rf,4,SR1482_40X_HE_T131_02,0,0.17692414831545264,0
rf,4,SR1482_40X_HE_T132_01,0,0.08148070391770941,0
rf,4,SR1482_40X_HE_T132_02,0,0.1088968038808811,0
rf,4,SR1482_40X_HE_T143_01,0,0.15326953304821006,0
rf,4,SR1482_40X_HE_T143_02,0,0.19700800457404227,0
rf,4,SR1482_40X_HE_T166_01,1,0.025265029325513194,0
rf,4,SR1482_40X_HE_T169_01,0,0.11781818181818181,0
rf,4,SR1482_40X_HE_T176_01,1,0.2505203808005794,0
rf,4,SR1482_40X_HE_T176_02,1,0.20530965092428202,0
rf,4,SR1482_40X_HE_T191_01,0,0.0506899766899767,0
rf,4,SR1482_40X_HE_T194_01,0,0.3458181818181818,1
rf,4,SR1482_40X_HE_T218_01,0,0.03590731485688324,0
rf,4,SR1482_40X_HE_T253_01,0,0.03343231225296442,0
rf,4,SR1482_40X_HE_T290_01,0,0.13137549407114624,0
rf,4,SR1482_40X_HE_T308_01,0,0.11142989931766313,0
rf,4,SR1482_40X_HE_T314_01,0,0.414,1
rf,4,SR1482_40X_HE_T314_02,0,0.32918756435380475,1
rf,4,SR1482_40X_HE_T372_01,1,0.17793548387096775,0
rf,4,SR1482_40X_HE_T372_02,1,0.14094705976035898,0
rf,4,SR1482_40X_HE_T408_01,0,0.11929212722761111,0
rf,4,SR1482_40X_HE_T412_01,0,0.09736685641998735,0
rf,4,SR1482_40X_HE_T425_01,0,0.01375366568914956,0
rf,4,SR1482_40X_HE_T434_01,1,0.06393548387096774,0
rf,4,SR386_40X_HE_T006_01,0,0.03687179487179488,0
rf,4,SR386_40X_HE_T010_01,0,0.07733333333333334,0
rf,4,SR386_40X_HE_T014_01,0,0.06178350541464147,0
rf,4,SR386_40X_HE_T016_01,0,0.02,0
rf,4,SR386_40X_HE_T020_01,0,0.006,0
rf,4,SR386_40X_HE_T027_01,0,0.09775366568914956,0
rf,4,SR386_40X_HE_T028_01,0,0.06581818181818182,0
rf,4,SR386_40X_HE_T037_01,0,0.025700189753320685,0
rf,4,SR386_40X_HE_T043_01,0,0.04354112554112555,0
rf,4,SR386_40X_HE_T044_01,1,0.08088670338316287,0
rf,4,SR386_40X_HE_T046_01,0,0.06365842759391147,0
rf,4,SR386_40X_HE_T058_01,0,0.016,0
rf,4,SR386_40X_HE_T062_01,0,0.038677559357288754,0
rf,4,SR386_40X_HE_T065_01,1,0.11545358043765766,0
rf,4,SR386_40X_HE_T080_01,0,0.038,0
rf,4,SR386_40X_HE_T091_01,0,0.09763494754886434,0
rf,4,SR386_40X_HE_T094_01,0,0.011557312252964426,0
rf,4,SR386_40X_HE_T097_01,0,0.04383578431372549,0
rf,4,SR386_40X_HE_T100_01,0,0.0696931818181818,0
rf,4,SR386_40X_HE_T107_01,0,0.04771445000287505,0
rf,4,SR386_40X_HE_T109_01,1,0.1416891495601173,0
rf,4,SR386_40X_HE_T110_01,0,0.051843806005431495,0
rf,4,SR386_40X_HE_T117_01,0,0.04,0
rf,4,SR386_40X_HE_T127_01,0,0.017478260869565217,0
rf,4,SR386_40X_HE_T129_01,0,0.015199298487723535,0
rf,4,SR386_40X_HE_T136_01,0,0.0431659125188537,0
rf,4,SR386_40X_HE_T154_01,0,0.05393548387096774,0
rf,4,SR386_40X_HE_T168_01,1,0.19950190985485103,0
rf,4,SR386_40X_HE_T175_01,0,0.026,0
rf,4,SR386_40X_HE_T189_01,0,0.0532943722943723,0
rf,4,SR386_40X_HE_T195_01,0,0.009263814616755793,0
rf,4,SR386_40X_HE_T227_01,0,0.036,0
rf,4,SR386_40X_HE_T233_01,0,0.1829963574362551,0
rf,4,SR386_40X_HE_T234_01,0,0.12363636363636363,0
rf,4,SR386_40X_HE_T235_01,0,0.054,0
rf,4,SR386_40X_HE_T239_01,0,0.15481818181818177,0
rf,4,SR386_40X_HE_T245_01,0,0.009818181818181818,0
rf,4,SR386_40X_HE_T256_01,0,0.06353342759391147,0
rf,4,SR386_40X_HE_T265_01,0,0.08157184750733139,0
rf,4,SR386_40X_HE_T268_01,0,0.1397405462184874,0
rf,4,SR386_40X_HE_T270_01,0,0.05963636363636363,0
rf,4,SR386_40X_HE_T272_01,0,0.2215411255411255,0
rf,4,SR386_40X_HE_T273_01,0,0.13562745098039217,0
rf,4,SR386_40X_HE_T276_01,0,0.18703743315508017,0
rf,4,SR386_40X_HE_T278_01,1,0.17088288666719173,0
rf,4,SR386_40X_HE_T284_01,0,0.03549279612393216,0
rf,4,SR386_40X_HE_T285_01,0,0.03774125874125874,0
rf,4,SR386_40X_HE_T288_01,0,0.08335984848484848,0
rf,4,SR386_40X_HE_T291_01,0,0.094,0
rf,4,SR386_40X_HE_T300_01,0,0.06993548387096775,0
rf,4,SR386_40X_HE_T302_01,0,0.05555731225296443,0
rf,4,SR386_40X_HE_T305_01,0,0.03593548387096775,0
rf,4,SR386_40X_HE_T308_01,0,0.076,0
rf,4,SR386_40X_HE_T325_01,0,0.02596078431372549,0
rf,4,SR386_40X_HE_T331_01,0,0.06993548387096775,0
rf,4,SR386_40X_HE_T341_01,0,0.13528025597590812,0
rf,4,SR386_40X_HE_T343_01,1,0.09749421190763695,0
rf,4,SR386_40X_HE_T346_01,0,0.11315151515151516,0
rf,4,SR386_40X_HE_T352_01,0,0.05993548387096775,0
rf,4,SR386_40X_HE_T373_01,0,0.12926881720430108,0
rf,4,SR386_40X_HE_T375_01,0,0.13347394540942928,0
rf,4,SR386_40X_HE_T381_01,0,0.03181818181818182,0
rf,4,SR386_40X_HE_T389_01,0,0.0642538204945255,0
rf,4,SR386_40X_HE_T391_01,0,0.05700115570703806,0
rf,4,SR386_40X_HE_T394_01,0,0.05524675324675325,0
rf,4,SR386_40X_HE_T399_01,0,0.11675771287535994,0
rf,4,SR386_40X_HE_T403_01,0,0.015935483870967743,0
rf,4,SR386_40X_HE_T405_01,0,0.07642086805200411,0
rf,4,SR386_40X_HE_T407_01,0,0.06294946911570952,0
rf,4,SR386_40X_HE_T414_01,0,0.045098039215686274,0
rf,4,SR386_40X_HE_T424_01,0,0.11352306701952651,0
rf,4,SR386_40X_HE_T429_01,0,0.11001174539843529,0
rf,4,SR386_40X_HE_T441_01,0,0.09598588368153585,0
rf,4,SR386_40X_HE_T451_01,0,0.048,0
rf,4,SR386_40X_HE_T453_01,0,0.03975366568914956,0
rf,4,SR386_40X_HE_T455_01,0,0.08969318181818181,0
rf,4,SR386_40X_HE_T465_01,0,0.049341280972417016,0
rf,4,SR386_40X_HE_T474_01,0,0.12131055900621118,0
rf,4,SR386_40X_HE_T476_01,0,0.155107443664387,0
rf,4,SR386_40X_HE_T479_01,0,0.07670112945726551,0
rf,4,SR386_40X_HE_T482_01,0,0.06736405529953918,0
rf,4,SR386_40X_HE_T487_01,0,0.032,0
rf,4,SR386_40X_HE_T490_01,0,0.0696135893092415,0
rf,4,SR386_40X_HE_T494_01,0,0.024,0
rf,4,SR386_40X_HE_T500_01,0,0.03,0
rf,4,SR386_40X_HE_T510_01,0,0.048,0
rf,4,SR386_40X_HE_T524_01,0,0.064,0
rf,4,SR386_40X_HE_T528_01,0,0.12726140526140525,0
rf,4,SR386_40X_HE_T532_01,0,0.04363539861947584,0
rf,4,SR386_40X_HE_T534_01,0,0.11942857142857143,0
rf,4,SR386_40X_HE_T536_01,0,0.03126881720430107,0
rf,4,SR386_40X_HE_T537_01,0,0.07133707415772633,0
rf,4,SR386_40X_HE_T541_01,0,0.08663690476190476,0
rf,4,SR386_40X_HE_T548_01,1,0.09726881720430108,0
rf,4,SR386_40X_HE_T550_01,0,0.13777896613190732,0
rf,4,SR386_40X_HE_T551_01,0,0.028,0
rf,4,SR386_40X_HE_T557_01,0,0.07508041140719962,0
rf,4,SR386_40X_HE_T565_01,0,0.041506912442396314,0
rf,4,SR386_40X_HE_T567_01,0,0.053875,0
rf,4,SR386_40X_HE_T575_01,0,0.1372921272276111,0
rf,4,SR386_40X_HE_T576_01,0,0.06584024577572964,0
rf,4,SR386_40X_HE_T581_01,0,0.0811919242850014,0
