classifier,fold,WSI_ID,target,prob_pos,pred_at_0.5
lin,1,SR1482_40X_HE_T029_01,0,0.020693333887720895,0
lin,1,SR1482_40X_HE_T029_02,0,0.0315049018277985,0
lin,1,SR1482_40X_HE_T057_01,0,1.6734876909839808e-06,0
lin,1,SR1482_40X_HE_T063_01,1,0.9808356970914821,1
lin,1,SR1482_40X_HE_T063_02,1,0.0003000538157611875,0
lin,1,SR1482_40X_HE_T065_01,0,0.0005419558348168603,0
lin,1,SR1482_40X_HE_T065_02,0,2.9143372137562462e-06,0
lin,1,SR1482_40X_HE_T066_01,0,0.8973080067969494,1
lin,1,SR1482_40X_HE_T066_02,0,0.6257909302228378,1
lin,1,SR1482_40X_HE_T068_01,0,4.356315725498229e-06,0
lin,1,SR1482_40X_HE_T069_01,0,4.091705250686931e-07,0
lin,1,SR1482_40X_HE_T069_02,0,7.519392545914882e-07,0
lin,1,SR1482_40X_HE_T079_01,1,0.09899879694121819,0
lin,1,SR1482_40X_HE_T079_02,1,0.7720921932427207,1
lin,1,SR1482_40X_HE_T080_01,0,0.0003406746335213726,0
lin,1,SR1482_40X_HE_T080_02,0,0.0004804033600173154,0
lin,1,SR1482_40X_HE_T081_01,0,3.104248815355284e-06,0
lin,1,SR1482_40X_HE_T081_02,0,0.001234845966636189,0
lin,1,SR1482_40X_HE_T099_01,0,4.623528118365044e-07,0
lin,1,SR1482_40X_HE_T116_01,0,0.03187934277756314,0
lin,1,SR1482_40X_HE_T117_01,0,6.556510311037032e-08,0
lin,1,SR1482_40X_HE_T117_02,0,1.8680625110668055e-06,0
lin,1,SR1482_40X_HE_T126_01,0,0.0034817745706521783,0
lin,1,SR1482_40X_HE_T129_01,0,0.0002683630773788009,0
lin,1,SR1482_40X_HE_T129_02,0,0.029992965173805147,0
lin,1,SR1482_40X_HE_T139_01,0,0.0762637055842404,0
lin,1,SR1482_40X_HE_T139_02,0,0.7226077707293326,1
lin,1,SR1482_40X_HE_T147_01,0,0.10170812177111063,0
lin,1,SR1482_40X_HE_T147_02,0,0.9997197158073343,1
lin,1,SR1482_40X_HE_T159_01,0,6.729037125355551e-05,0
lin,1,SR1482_40X_HE_T159_02,0,0.0002526590673581782,0
lin,1,SR1482_40X_HE_T192_01,0,0.003175765803504477,0
lin,1,SR1482_40X_HE_T199_01,0,5.3021169562906175e-05,0
lin,1,SR1482_40X_HE_T304_01,0,0.0014170552705615007,0
lin,1,SR1482_40X_HE_T304_02,0,3.1391698073203414e-05,0
lin,1,SR1482_40X_HE_T310_01,1,0.9000092275783198,1
lin,1,SR1482_40X_HE_T310_02,1,0.9835001914665397,1
lin,1,SR1482_40X_HE_T341_01,0,3.247327318804857e-07,0
lin,1,SR1482_40X_HE_T341_02,0,2.942279655097877e-06,0
lin,1,SR1482_40X_HE_T353_01,0,0.00021728137461754626,0
lin,1,SR1482_40X_HE_T390_01,0,1.815625895073355e-08,0
lin,1,SR1482_40X_HE_T433_01,1,0.0011399256685420182,0
lin,1,SR386_40X_HE_T003_01,0,3.507711115026808e-05,0
lin,1,SR386_40X_HE_T004_01,0,0.0007903488295851727,0
lin,1,SR386_40X_HE_T022_01,1,0.8121770964725021,1
lin,1,SR386_40X_HE_T030_01,0,0.011936604793366584,0
lin,1,SR386_40X_HE_T033_01,0,0.003205396495395796,0
lin,1,SR386_40X_HE_T036_01,0,1.4457725920397973e-06,0
lin,1,SR386_40X_HE_T038_01,0,1.3440245639300848e-05,0
lin,1,SR386_40X_HE_T049_01,0,2.0390365397902604e-09,0
lin,1,SR386_40X_HE_T050_01,0,0.0003664785746850152,0
lin,1,SR386_40X_HE_T060_01,0,0.0009082842850806415,0
lin,1,SR386_40X_HE_T063_01,0,0.0024990486805010073,0
lin,1,SR386_40X_HE_T066_01,0,0.0006950060600997192,0
lin,1,SR386_40X_HE_T069_01,0,0.000375031467800145,0
lin,1,SR386_40X_HE_T072_01,0,0.0014175193025083147,0
lin,1,SR386_40X_HE_T074_01,0,9.979168192388492e-06,0
lin,1,SR386_40X_HE_T078_01,0,0.0013978577267381408,0
lin,1,SR386_40X_HE_T079_01,0,3.5186962184957336e-09,0
lin,1,SR386_40X_HE_T092_01,1,0.5164821835126672,1
lin,1,SR386_40X_HE_T096_01,0,3.8628549028649275e-08,0
lin,1,SR386_40X_HE_T099_01,0,1.5352660663954992e-06,0
lin,1,SR386_40X_HE_T103_01,0,3.2928923431205296e-09,0
lin,1,SR386_40X_HE_T108_01,0,0.005659284129951752,0
lin,1,SR386_40X_HE_T113_01,0,0.00037000322613268315,0
lin,1,SR386_40X_HE_T114_01,0,0.00035865946302192245,0
lin,1,SR386_40X_HE_T119_01,0,0.001275632536665811,0
lin,1,SR386_40X_HE_T126_01,0,1.3002956767820822e-05,0
lin,1,SR386_40X_HE_T130_01,0,1.6470691424901963e-09,0
lin,1,SR386_40X_HE_T131_01,0,0.00020895272993067478,0
lin,1,SR386_40X_HE_T135_01,0,0.16376341965139862,0
lin,1,SR386_40X_HE_T140_01,0,3.3910294612050005e-05,0
lin,1,SR386_40X_HE_T144_01,0,0.16433106761156444,0
lin,1,SR386_40X_HE_T147_01,0,2.069990682260314e-07,0
lin,1,SR386_40X_HE_T148_01,0,0.00011176383415047379,0
lin,1,SR386_40X_HE_T160_01,0,7.521626251747065e-06,0
lin,1,SR386_40X_HE_T169_01,0,1.417373663034416e-07,0
lin,1,SR386_40X_HE_T170_01,1,0.998603434121319,1
lin,1,SR386_40X_HE_T172_01,0,0.9823439234798331,1
lin,1,SR386_40X_HE_T174_01,0,0.010282697383895539,0
lin,1,SR386_40X_HE_T181_01,0,1.4284453645828774e-06,0
lin,1,SR386_40X_HE_T196_01,0,7.453768593238238e-07,0
lin,1,SR386_40X_HE_T205_01,0,0.5119078548428477,1
lin,1,SR386_40X_HE_T209_01,0,3.451996922046211e-06,0
lin,1,SR386_40X_HE_T210_01,0,0.9535343409589535,1
lin,1,SR386_40X_HE_T212_01,0,1.2715308707538007e-05,0
lin,1,SR386_40X_HE_T221_01,0,3.746336909695897e-05,0
lin,1,SR386_40X_HE_T224_01,0,1.6159470751627433e-05,0
lin,1,SR386_40X_HE_T231_01,1,0.0323387897289335,0
lin,1,SR386_40X_HE_T232_01,0,5.18562987800475e-07,0
lin,1,SR386_40X_HE_T247_01,0,0.0006017337531381503,0
lin,1,SR386_40X_HE_T252_01,0,5.188614993749229e-06,0
lin,1,SR386_40X_HE_T255_01,0,0.00034923348307155607,0
lin,1,SR386_40X_HE_T259_01,1,0.9623558050850417,1
lin,1,SR386_40X_HE_T274_01,0,1.7707606155370551e-06,0
lin,1,SR386_40X_HE_T275_01,0,0.11712388480075797,0
lin,1,SR386_40X_HE_T282_01,0,1.147195953294982e-06,0
lin,1,SR386_40X_HE_T294_01,0,0.3725829713990826,0
lin,1,SR386_40X_HE_T311_01,0,5.721436319831547e-05,0
lin,1,SR386_40X_HE_T315_01,0,0.0026543127161336414,0
lin,1,SR386_40X_HE_T319_01,1,0.020702413776016285,0
lin,1,SR386_40X_HE_T324_01,1,0.008951939483274584,0
lin,1,SR386_40X_HE_T330_01,0,2.780798543167911e-07,0
lin,1,SR386_40X_HE_T333_01,0,0.00012537286910636173,0
lin,1,SR386_40X_HE_T335_01,0,1.7158371670633e-06,0
lin,1,SR386_40X_HE_T337_01,0,6.925217729963672e-05,0
lin,1,SR386_40X_HE_T344_01,0,0.0032482289963079603,0
lin,1,SR386_40X_HE_T347_01,0,6.53836792641791e-06,0
lin,1,SR386_40X_HE_T350_01,0,1.0743613788982306e-07,0
lin,1,SR386_40X_HE_T351_01,0,0.0016229260873287898,0
lin,1,SR386_40X_HE_T360_01,0,2.3718382770223054e-09,0
lin,1,SR386_40X_HE_T361_01,0,9.363010764515687e-07,0
lin,1,SR386_40X_HE_T366_01,0,1.945457123359508e-05,0
lin,1,SR386_40X_HE_T377_01,1,0.9941373494784606,1
lin,1,SR386_40X_HE_T384_01,0,2.7373138082019324e-06,0
lin,1,SR386_40X_HE_T395_01,0,4.621455042333499e-07,0
lin,1,SR386_40X_HE_T396_01,0,0.00020172051389014378,0
lin,1,SR386_40X_HE_T401_01,0,0.20546549025406902,0
lin,1,SR386_40X_HE_T408_01,0,3.804627491614051e-06,0
lin,1,SR386_40X_HE_T410_01,0,0.027618007635682333,0
lin,1,SR386_40X_HE_T413_01,0,2.1480309480047916e-05,0
lin,1,SR386_40X_HE_T416_01,0,3.5194852653921616e-06,0
lin,1,SR386_40X_HE_T418_01,0,1.2545267794233866e-07,0
lin,1,SR386_40X_HE_T419_01,0,0.0038581711879496147,0
lin,1,SR386_40X_HE_T421_01,0,6.715801290373624e-06,0
lin,1,SR386_40X_HE_T423_01,0,5.568508577175132e-06,0
lin,1,SR386_40X_HE_T428_01,0,4.848533982226414e-06,0
lin,1,SR386_40X_HE_T430_01,0,0.001675999321776598,0
lin,1,SR386_40X_HE_T431_01,0,0.037606546358924714,0
lin,1,SR386_40X_HE_T435_01,0,0.4455137331669514,0
lin,1,SR386_40X_HE_T438_01,0,0.0001832653053388736,0
lin,1,SR386_40X_HE_T439_01,0,0.38866249903850303,0
lin,1,SR386_40X_HE_T447_01,0,1.939427939723368e-09,0
lin,1,SR386_40X_HE_T449_01,0,2.2017904675054677e-05,0
lin,1,SR386_40X_HE_T454_01,0,2.253558818208213e-06,0
lin,1,SR386_40X_HE_T456_01,0,3.747797939510461e-05,0
lin,1,SR386_40X_HE_T461_01,0,7.796629251985866e-06,0
lin,1,SR386_40X_HE_T462_01,0,0.0012987165558943612,0
lin,1,SR386_40X_HE_T468_01,0,1.6209736315145708e-06,0
lin,1,SR386_40X_HE_T469_01,1,0.014430862118800356,0
lin,1,SR386_40X_HE_T470_01,0,0.0006158009659196865,0
lin,1,SR386_40X_HE_T471_01,0,3.4981896380052984e-05,0
lin,1,SR386_40X_HE_T477_01,0,1.4686869782070953e-06,0
lin,1,SR386_40X_HE_T480_01,0,0.0001833352214144021,0
lin,1,SR386_40X_HE_T484_01,0,0.00647885478838717,0
lin,1,SR386_40X_HE_T495_01,0,9.572019771316287e-11,0
lin,1,SR386_40X_HE_T496_01,0,9.215347934804468e-08,0
lin,1,SR386_40X_HE_T498_01,0,0.955092774871644,1
lin,1,SR386_40X_HE_T504_01,0,6.756822423424959e-07,0
lin,1,SR386_40X_HE_T511_01,0,0.0009656493863640351,0
lin,1,SR386_40X_HE_T517_01,0,0.12839226700827241,0
lin,1,SR386_40X_HE_T523_01,0,2.377180042572163e-05,0
lin,1,SR386_40X_HE_T529_01,0,1.9094803604793905e-05,0
lin,1,SR386_40X_HE_T542_01,0,5.974187354154361e-07,0
lin,1,SR386_40X_HE_T569_01,0,0.00696704186682073,0
lin,1,SR386_40X_HE_T582_01,0,3.771124814571189e-07,0
lin,2,SR1482_40X_HE_T009_01,0,2.411574251230434e-15,0
lin,2,SR1482_40X_HE_T009_02,0,1.0340337160178238e-12,0
lin,2,SR1482_40X_HE_T015_01,0,2.8150431145213154e-06,0
lin,2,SR1482_40X_HE_T021_01,0,9.84389253853377e-07,0
lin,2,SR1482_40X_HE_T067_01,0,2.7673764443423165e-08,0
lin,2,SR1482_40X_HE_T075_01,0,2.7091185442490504e-05,0
lin,2,SR1482_40X_HE_T075_02,0,4.908631654389113e-05,0
lin,2,SR1482_40X_HE_T098_01,0,1.2278432501195194e-05,0
lin,2,SR1482_40X_HE_T098_02,0,2.2561350762747254e-05,0
lin,2,SR1482_40X_HE_T102_01,0,0.0008772645487856728,0
lin,2,SR1482_40X_HE_T123_01,0,2.9511874823880003e-05,0
lin,2,SR1482_40X_HE_T142_01,0,1.2761338116750481e-07,0
lin,2,SR1482_40X_HE_T146_01,0,0.060658650384628046,0
lin,2,SR1482_40X_HE_T148_01,0,0.006495784368389318,0
lin,2,SR1482_40X_HE_T148_02,0,0.0018822618189234586,0
lin,2,SR1482_40X_HE_T154_01,0,5.27834236269206e-06,0
lin,2,SR1482_40X_HE_T158_01,0,2.7069714859931862e-06,0
lin,2,SR1482_40X_HE_T161_01,0,0.000848070526184676,0
lin,2,SR1482_40X_HE_T161_02,0,0.00044457599291593074,0
lin,2,SR1482_40X_HE_T164_01,1,2.5871502278156702e-05,0
lin,2,SR1482_40X_HE_T164_02,1,0.00019556227848417716,0
lin,2,SR1482_40X_HE_T168_01,0,0.00047981158330872453,0
lin,2,SR1482_40X_HE_T171_01,0,0.00033284167498683846,0
lin,2,SR1482_40X_HE_T171_02,0,0.00022370824771166109,0
lin,2,SR1482_40X_HE_T178_01,1,0.08322901240728836,0
lin,2,SR1482_40X_HE_T186_01,0,9.172438108336525e-06,0
lin,2,SR1482_40X_HE_T193_01,0,0.00285589887067452,0
lin,2,SR1482_40X_HE_T193_02,0,0.0059281323115186815,0
lin,2,SR1482_40X_HE_T209_01,0,2.7389583978123835e-05,0
lin,2,SR1482_40X_HE_T209_02,0,0.0015551057387129987,0
lin,2,SR1482_40X_HE_T245_01,0,0.0019454412038346573,0
lin,2,SR1482_40X_HE_T245_02,0,3.4293031417483366e-05,0
lin,2,SR1482_40X_HE_T265_01,0,7.446407500782359e-05,0
lin,2,SR1482_40X_HE_T302_01,0,0.28902101185114704,0
lin,2,SR1482_40X_HE_T343_01,1,0.00810208443444218,0
lin,2,SR1482_40X_HE_T343_02,1,0.27296774356922754,0
lin,2,SR1482_40X_HE_T399_01,0,0.00014502742444456092,0
lin,2,SR1482_40X_HE_T399_02,0,1.4617203669898074e-05,0
lin,2,SR1482_40X_HE_T426_01,0,5.23119225658399e-09,0
lin,2,SR1482_40X_HE_T426_02,0,6.958964155588627e-08,0
lin,2,SR386_40X_HE_T001_01,0,0.01530078146366732,0
lin,2,SR386_40X_HE_T013_01,0,7.74173465201541e-07,0
lin,2,SR386_40X_HE_T018_01,0,4.507994158658051e-05,0
lin,2,SR386_40X_HE_T019_01,0,2.395518209408626e-07,0
lin,2,SR386_40X_HE_T024_01,0,7.185825295441787e-11,0
lin,2,SR386_40X_HE_T039_01,0,5.024073647080353e-09,0
lin,2,SR386_40X_HE_T040_01,1,0.9595763050619639,1
lin,2,SR386_40X_HE_T042_01,0,0.000992690216378641,0
lin,2,SR386_40X_HE_T047_01,0,3.044311811033561e-08,0
lin,2,SR386_40X_HE_T051_01,0,6.31320409090727e-09,0
lin,2,SR386_40X_HE_T052_01,0,8.233651228670971e-07,0
lin,2,SR386_40X_HE_T056_01,0,1.2451749742814875e-06,0
lin,2,SR386_40X_HE_T057_01,0,1.886145620454331e-07,0
lin,2,SR386_40X_HE_T070_01,0,2.588763339998249e-07,0
lin,2,SR386_40X_HE_T082_01,0,0.0027729277859965045,0
lin,2,SR386_40X_HE_T084_01,0,2.18662494682907e-07,0
lin,2,SR386_40X_HE_T087_01,0,0.010456637336690932,0
lin,2,SR386_40X_HE_T088_01,0,0.003405153507621629,0
lin,2,SR386_40X_HE_T098_01,0,0.01602838989748119,0
lin,2,SR386_40X_HE_T105_01,0,1.6146118819698524e-05,0
lin,2,SR386_40X_HE_T122_01,0,2.541812413469639e-08,0
lin,2,SR386_40X_HE_T123_01,0,0.00029025767109929694,0
lin,2,SR386_40X_HE_T133_01,0,8.222877531076091e-09,0
lin,2,SR386_40X_HE_T145_01,0,2.069198671199447e-05,0
lin,2,SR386_40X_HE_T150_01,0,0.0026631312773041146,0
lin,2,SR386_40X_HE_T152_01,0,2.013988960138176e-05,0
lin,2,SR386_40X_HE_T155_01,0,0.0014863189157492533,0
lin,2,SR386_40X_HE_T157_01,0,2.2938302494923975e-06,0
lin,2,SR386_40X_HE_T164_01,0,0.0002562533313377308,0
lin,2,SR386_40X_HE_T166_01,0,0.00014951581054490807,0
lin,2,SR386_40X_HE_T176_01,1,0.09873840422520914,0
lin,2,SR386_40X_HE_T177_01,0,2.9437565610115043e-11,0
lin,2,SR386_40X_HE_T178_01,0,0.006264756075169196,0
lin,2,SR386_40X_HE_T187_01,0,3.488633115097316e-07,0
lin,2,SR386_40X_HE_T190_01,0,4.014603977648113e-09,0
lin,2,SR386_40X_HE_T192_01,0,1.7024734515685668e-09,0
lin,2,SR386_40X_HE_T198_01,0,9.300038474383533e-06,0
lin,2,SR386_40X_HE_T200_01,0,0.002439277400586025,0
lin,2,SR386_40X_HE_T206_01,1,1.6879796928780686e-05,0
lin,2,SR386_40X_HE_T211_01,0,1.2026155822594956e-05,0
lin,2,SR386_40X_HE_T213_01,0,6.39412107225778e-07,0
lin,2,SR386_40X_HE_T214_01,0,9.089053220703946e-05,0
lin,2,SR386_40X_HE_T220_01,0,4.365125231149579e-07,0
lin,2,SR386_40X_HE_T230_01,1,0.9507257524241512,1
lin,2,SR386_40X_HE_T236_01,0,6.598241753362299e-06,0
lin,2,SR386_40X_HE_T237_01,0,0.0002013553851418919,0
lin,2,SR386_40X_HE_T240_01,0,0.000124342242943708,0
lin,2,SR386_40X_HE_T241_01,0,6.251304156221186e-07,0
lin,2,SR386_40X_HE_T242_01,0,2.5647440357626316e-06,0
lin,2,SR386_40X_HE_T253_01,0,1.104900298207589e-08,0
lin,2,SR386_40X_HE_T260_01,0,7.122422104824821e-08,0
lin,2,SR386_40X_HE_T262_01,0,0.0009228621732746348,0
lin,2,SR386_40X_HE_T264_01,0,0.0006955866946539585,0
lin,2,SR386_40X_HE_T271_01,0,2.6617393442297757e-08,0
lin,2,SR386_40X_HE_T281_01,0,1.797340545278625e-07,0
lin,2,SR386_40X_HE_T297_01,0,1.8016397559372295e-10,0
lin,2,SR386_40X_HE_T299_01,0,4.144477603323184e-07,0
lin,2,SR386_40X_HE_T301_01,0,1.6883504674966676e-08,0
lin,2,SR386_40X_HE_T306_01,0,2.4845914733332967e-08,0
lin,2,SR386_40X_HE_T309_01,0,1.1017049615781926e-06,0
lin,2,SR386_40X_HE_T314_01,0,0.0006543917622610499,0
lin,2,SR386_40X_HE_T316_01,0,0.3799492424456061,0
lin,2,SR386_40X_HE_T318_01,0,2.8965128464476463e-06,0
lin,2,SR386_40X_HE_T321_01,0,3.1175468471493455e-06,0
lin,2,SR386_40X_HE_T326_01,0,2.1397607315157913e-05,0
lin,2,SR386_40X_HE_T327_01,0,1.199980634674634e-08,0
lin,2,SR386_40X_HE_T332_01,1,0.0003312461239063364,0
lin,2,SR386_40X_HE_T355_01,0,9.778938818942946e-06,0
lin,2,SR386_40X_HE_T364_01,0,0.00235066530510906,0
lin,2,SR386_40X_HE_T368_01,1,1.2839941372372363e-08,0
lin,2,SR386_40X_HE_T374_01,0,1.529755995420622e-08,0
lin,2,SR386_40X_HE_T380_01,0,6.406680759674259e-08,0
lin,2,SR386_40X_HE_T382_01,0,1.4461860057438436e-05,0
lin,2,SR386_40X_HE_T392_01,0,2.974646211462476e-06,0
lin,2,SR386_40X_HE_T398_01,0,0.0003854937069717914,0
lin,2,SR386_40X_HE_T402_01,1,0.25841600208515725,0
lin,2,SR386_40X_HE_T404_01,0,1.652390735259516e-07,0
lin,2,SR386_40X_HE_T415_01,0,1.888994290548396e-10,0
lin,2,SR386_40X_HE_T417_01,0,1.1025656853514347e-10,0
lin,2,SR386_40X_HE_T425_01,0,5.532302091580732e-08,0
lin,2,SR386_40X_HE_T436_01,1,9.56776182738765e-06,0
lin,2,SR386_40X_HE_T437_01,0,1.783130939178595e-06,0
lin,2,SR386_40X_HE_T440_01,0,0.016159814343555554,0
lin,2,SR386_40X_HE_T445_01,0,1.6989214730493673e-07,0
lin,2,SR386_40X_HE_T450_01,0,2.8065020721311477e-05,0
lin,2,SR386_40X_HE_T459_01,0,2.1235447725085407e-06,0
lin,2,SR386_40X_HE_T472_01,0,8.391713753445441e-06,0
lin,2,SR386_40X_HE_T481_01,0,0.0013776185266817934,0
lin,2,SR386_40X_HE_T483_01,0,0.00020402389062982988,0
lin,2,SR386_40X_HE_T486_01,0,0.09270945988495008,0
lin,2,SR386_40X_HE_T488_01,0,2.33749696695215e-06,0
lin,2,SR386_40X_HE_T499_01,0,1.9652884629027727e-06,0
lin,2,SR386_40X_HE_T507_01,0,0.00033286280055134533,0
lin,2,SR386_40X_HE_T514_01,0,1.119446747531568e-05,0
lin,2,SR386_40X_HE_T520_01,1,6.18768386857967e-07,0
lin,2,SR386_40X_HE_T522_01,0,0.00019692555070187343,0
lin,2,SR386_40X_HE_T531_01,0,6.841421106854705e-07,0
lin,2,SR386_40X_HE_T535_01,0,2.937390088194915e-12,0
lin,2,SR386_40X_HE_T539_01,0,7.840589551971222e-07,0
lin,2,SR386_40X_HE_T549_01,0,9.657276303449995e-09,0
lin,2,SR386_40X_HE_T552_01,0,1.080004099206387e-06,0
lin,2,SR386_40X_HE_T553_01,0,0.0014779583653946428,0
lin,2,SR386_40X_HE_T554_01,0,0.005901405843280386,0
lin,2,SR386_40X_HE_T558_01,0,3.847347948567734e-06,0
lin,2,SR386_40X_HE_T564_01,0,1.1063651338428597e-05,0
lin,2,SR386_40X_HE_T570_01,0,2.7996809183765782e-06,0
lin,2,SR386_40X_HE_T574_01,0,5.711557595907407e-06,0
lin,2,SR386_40X_HE_T578_01,0,9.234575975056063e-11,0
lin,2,SR386_40X_HE_T580_01,0,1.2575270038933522e-07,0
lin,3,SR1482_40X_HE_T005_01,0,6.562528048203865e-05,0
lin,3,SR1482_40X_HE_T005_02,0,0.0008055848572638253,0
lin,3,SR1482_40X_HE_T010_01,0,1.7452543964012296e-07,0
lin,3,SR1482_40X_HE_T043_01,0,3.020472527126539e-07,0
lin,3,SR1482_40X_HE_T043_02,0,3.401710748211864e-06,0
lin,3,SR1482_40X_HE_T049_01,0,9.453877630001336e-08,0
lin,3,SR1482_40X_HE_T061_01,0,0.20311211101781695,0
lin,3,SR1482_40X_HE_T061_02,0,0.8752228006616173,1
lin,3,SR1482_40X_HE_T070_01,1,2.0831795864303037e-05,0
lin,3,SR1482_40X_HE_T073_01,0,1.1007244636719897e-05,0
lin,3,SR1482_40X_HE_T082_01,0,1.4755993187500716e-06,0
lin,3,SR1482_40X_HE_T082_02,0,0.0013606920747643377,0
lin,3,SR1482_40X_HE_T089_01,0,3.4353554516763677e-07,0
lin,3,SR1482_40X_HE_T090_01,0,6.946020090606238e-05,0
lin,3,SR1482_40X_HE_T094_01,1,0.5631520647404641,1
lin,3,SR1482_40X_HE_T094_02,1,0.18883187236338556,0
lin,3,SR1482_40X_HE_T105_01,0,6.114434886718434e-10,0
lin,3,SR1482_40X_HE_T115_01,0,5.159450004011016e-05,0
lin,3,SR1482_40X_HE_T115_02,0,1.9683479270811154e-06,0
lin,3,SR1482_40X_HE_T118_01,0,0.9316550409681107,1
lin,3,SR1482_40X_HE_T118_02,0,0.004870742729600695,0
lin,3,SR1482_40X_HE_T120_01,0,0.028184014113528357,0
lin,3,SR1482_40X_HE_T120_02,0,0.27605440737676823,0
lin,3,SR1482_40X_HE_T124_01,0,0.8414500538359694,1
lin,3,SR1482_40X_HE_T124_02,0,0.03432423633032112,0
lin,3,SR1482_40X_HE_T138_01,0,1.7350881281471964e-06,0
lin,3,SR1482_40X_HE_T160_01,0,9.14034411997883e-08,0
lin,3,SR1482_40X_HE_T160_02,0,3.730888203283461e-07,0
lin,3,SR1482_40X_HE_T167_01,0,4.3184974976640775e-05,0
lin,3,SR1482_40X_HE_T167_02,0,0.0003953883773852013,0
lin,3,SR1482_40X_HE_T175_01,0,6.681116296493466e-05,0
lin,3,SR1482_40X_HE_T175_02,0,0.000390306204059339,0
lin,3,SR1482_40X_HE_T177_01,1,0.00013038317395406508,0
lin,3,SR1482_40X_HE_T188_01,0,4.201018908240762e-05,0
lin,3,SR1482_40X_HE_T195_01,0,0.0009423551382434998,0
lin,3,SR1482_40X_HE_T195_02,0,0.0018695777948877592,0
lin,3,SR1482_40X_HE_T202_01,0,3.7460875990371485e-07,0
lin,3,SR1482_40X_HE_T202_02,0,4.3775825171005187e-07,0
lin,3,SR1482_40X_HE_T225_01,0,0.0015487033792326026,0
lin,3,SR1482_40X_HE_T225_02,0,6.166749334569661e-08,0
lin,3,SR1482_40X_HE_T235_01,0,1.2551859431480757e-05,0
lin,3,SR1482_40X_HE_T235_02,0,4.9429866345109026e-08,0
lin,3,SR1482_40X_HE_T236_01,0,2.3497068075266114e-08,0
lin,3,SR1482_40X_HE_T236_02,0,3.6622601364175774e-06,0
lin,3,SR1482_40X_HE_T258_01,0,2.974043846574917e-06,0
lin,3,SR1482_40X_HE_T258_02,0,1.5872650498629863e-07,0
lin,3,SR1482_40X_HE_T284_01,1,0.1766362342669404,0
lin,3,SR1482_40X_HE_T284_02,1,0.6342000020996373,1
lin,3,SR1482_40X_HE_T301_01,1,7.61199000838828e-05,0
lin,3,SR1482_40X_HE_T301_02,1,0.000813148059329897,0
lin,3,SR1482_40X_HE_T309_01,0,4.0537823596309465e-06,0
lin,3,SR1482_40X_HE_T313_01,0,9.578547879871102e-05,0
lin,3,SR1482_40X_HE_T313_02,0,0.0003747774205726709,0
lin,3,SR1482_40X_HE_T338_01,0,0.006478874314366702,0
lin,3,SR1482_40X_HE_T344_01,0,0.0002244596858974931,0
lin,3,SR1482_40X_HE_T344_02,0,0.005355686000911464,0
lin,3,SR1482_40X_HE_T346_01,0,0.014168100465083726,0
lin,3,SR1482_40X_HE_T346_02,0,0.014098923236717966,0
lin,3,SR1482_40X_HE_T377_01,0,6.628627303291248e-07,0
lin,3,SR1482_40X_HE_T377_02,0,1.517398857369595e-06,0
lin,3,SR1482_40X_HE_T419_01,0,1.2353293876535656e-06,0
lin,3,SR1482_40X_HE_T427_01,0,0.0004958930105588307,0
lin,3,SR1482_40X_HE_T427_02,0,0.00027020406453706055,0
lin,3,SR386_40X_HE_T007_01,0,5.049313454868662e-05,0
lin,3,SR386_40X_HE_T015_01,0,0.00013682365953920052,0
lin,3,SR386_40X_HE_T017_01,1,0.97864939342096,1
lin,3,SR386_40X_HE_T032_01,0,2.2207621623353168e-06,0
lin,3,SR386_40X_HE_T034_01,0,2.9813690386853596e-05,0
lin,3,SR386_40X_HE_T035_01,0,0.0006125939358309333,0
lin,3,SR386_40X_HE_T041_01,0,0.8732672984099341,1
lin,3,SR386_40X_HE_T067_01,0,1.6343091250924172e-08,0
lin,3,SR386_40X_HE_T075_01,0,1.484820188102683e-07,0
lin,3,SR386_40X_HE_T081_01,0,1.243824597462518e-05,0
lin,3,SR386_40X_HE_T083_01,0,0.0009549889337468501,0
lin,3,SR386_40X_HE_T085_01,0,2.1213340736196415e-08,0
lin,3,SR386_40X_HE_T095_01,0,0.00032904596518488035,0
lin,3,SR386_40X_HE_T104_01,0,0.007201246429892162,0
lin,3,SR386_40X_HE_T106_01,0,5.145663512446366e-06,0
lin,3,SR386_40X_HE_T112_01,0,3.097520342963684e-07,0
lin,3,SR386_40X_HE_T128_01,0,3.869138163851437e-09,0
lin,3,SR386_40X_HE_T132_01,0,1.3255463059400485e-10,0
lin,3,SR386_40X_HE_T138_01,0,1.843771785491954e-06,0
lin,3,SR386_40X_HE_T142_01,0,0.08954959607760563,0
lin,3,SR386_40X_HE_T149_01,0,0.000916570069907781,0
lin,3,SR386_40X_HE_T165_01,1,0.14174715587195624,0
lin,3,SR386_40X_HE_T179_01,0,0.07266135768656927,0
lin,3,SR386_40X_HE_T180_01,0,0.00040398412858247743,0
lin,3,SR386_40X_HE_T182_01,0,2.816785597477352e-06,0
lin,3,SR386_40X_HE_T184_01,0,0.01230398894029672,0
lin,3,SR386_40X_HE_T188_01,0,1.2684556807064997e-09,0
lin,3,SR386_40X_HE_T191_01,0,0.00015095170568985326,0
lin,3,SR386_40X_HE_T197_01,0,4.700549260965685e-05,0
lin,3,SR386_40X_HE_T201_01,0,4.553347960962176e-05,0
lin,3,SR386_40X_HE_T202_01,0,1.6508869457305813e-08,0
lin,3,SR386_40X_HE_T208_01,0,6.771557128947407e-06,0
lin,3,SR386_40X_HE_T216_01,1,0.9970652347879462,1
lin,3,SR386_40X_HE_T238_01,0,4.993823867603583e-08,0
lin,3,SR386_40X_HE_T244_01,0,9.393078760675092e-08,0
lin,3,SR386_40X_HE_T248_01,0,5.628354096044959e-08,0
lin,3,SR386_40X_HE_T249_01,0,6.032533456651907e-08,0
lin,3,SR386_40X_HE_T250_01,0,1.9766399279589472e-07,0
lin,3,SR386_40X_HE_T263_01,0,7.476807619704668e-07,0
lin,3,SR386_40X_HE_T267_01,0,9.844996059927666e-06,0
lin,3,SR386_40X_HE_T269_01,0,7.843650031924933e-06,0
lin,3,SR386_40X_HE_T277_01,0,1.174465025451981e-06,0
lin,3,SR386_40X_HE_T286_01,0,6.674895663487127e-05,0
lin,3,SR386_40X_HE_T287_01,0,0.009333931260084244,0
lin,3,SR386_40X_HE_T290_01,0,0.00013478892337049706,0
lin,3,SR386_40X_HE_T293_01,0,4.908358989162982e-07,0
lin,3,SR386_40X_HE_T298_01,0,2.3520197306137582e-07,0
lin,3,SR386_40X_HE_T303_01,0,1.0885674102257433e-08,0
lin,3,SR386_40X_HE_T312_01,0,0.00034177596984631236,0
lin,3,SR386_40X_HE_T329_01,0,0.03324206888112564,0
lin,3,SR386_40X_HE_T336_01,0,0.0006581822411432697,0
lin,3,SR386_40X_HE_T338_01,0,1.644741907430147e-05,0
lin,3,SR386_40X_HE_T342_01,0,6.858315488659696e-06,0
lin,3,SR386_40X_HE_T353_01,0,4.162421676725941e-06,0
lin,3,SR386_40X_HE_T357_01,0,1.4958930798175026e-09,0
lin,3,SR386_40X_HE_T362_01,0,1.3389684264971597e-07,0
lin,3,SR386_40X_HE_T363_01,1,0.9851127131086006,1
lin,3,SR386_40X_HE_T372_01,0,0.021302458964245173,0
lin,3,SR386_40X_HE_T378_01,0,5.9066286151056335e-08,0
lin,3,SR386_40X_HE_T379_01,0,8.370211259211145e-06,0
lin,3,SR386_40X_HE_T386_01,0,4.696506403501703e-05,0
lin,3,SR386_40X_HE_T387_01,0,3.649968504705705e-10,0
lin,3,SR386_40X_HE_T393_01,0,1.2777958805636034e-06,0
lin,3,SR386_40X_HE_T397_01,0,0.12609145628554122,0
lin,3,SR386_40X_HE_T406_01,0,8.558595778328652e-05,0
lin,3,SR386_40X_HE_T409_01,0,1.4523570341297513e-06,0
lin,3,SR386_40X_HE_T422_01,0,1.0433755684215563e-08,0
lin,3,SR386_40X_HE_T426_01,0,2.222812900634058e-07,0
lin,3,SR386_40X_HE_T433_01,0,0.000272462884578268,0
lin,3,SR386_40X_HE_T443_01,0,0.0008137389449906035,0
lin,3,SR386_40X_HE_T448_01,0,0.0028545550628570173,0
lin,3,SR386_40X_HE_T452_01,0,0.04186864263157774,0
lin,3,SR386_40X_HE_T460_01,1,0.7866901006810713,1
lin,3,SR386_40X_HE_T473_01,0,1.564793956459162e-06,0
lin,3,SR386_40X_HE_T475_01,0,1.6137267602884307e-09,0
lin,3,SR386_40X_HE_T478_01,0,4.2088393404227595e-06,0
lin,3,SR386_40X_HE_T489_01,1,1.8566387568590127e-06,0
lin,3,SR386_40X_HE_T491_01,0,0.00020523499191352142,0
lin,3,SR386_40X_HE_T492_01,0,1.502144144311422e-07,0
lin,3,SR386_40X_HE_T493_01,0,2.8433888763129256e-09,0
lin,3,SR386_40X_HE_T502_01,0,1.301826126683852e-07,0
lin,3,SR386_40X_HE_T505_01,0,7.292916989117321e-05,0
lin,3,SR386_40X_HE_T506_01,0,2.3085425498797817e-05,0
lin,3,SR386_40X_HE_T509_01,0,0.001351713471479826,0
lin,3,SR386_40X_HE_T516_01,0,0.15722842707480186,0
lin,3,SR386_40X_HE_T518_01,0,9.155577033700013e-09,0
lin,3,SR386_40X_HE_T519_01,0,2.4017046388127517e-06,0
lin,3,SR386_40X_HE_T521_01,0,9.419735136978569e-08,0
lin,3,SR386_40X_HE_T526_01,0,4.034053751857829e-06,0
lin,3,SR386_40X_HE_T533_01,0,5.380590213275698e-06,0
lin,3,SR386_40X_HE_T543_01,0,0.00017580618240000927,0
lin,3,SR386_40X_HE_T544_01,0,2.6722361727396444e-06,0
lin,3,SR386_40X_HE_T556_01,1,0.16139299951951858,0
lin,3,SR386_40X_HE_T560_01,0,0.00034727224332895386,0
lin,3,SR386_40X_HE_T563_01,0,5.629372622527477e-06,0
lin,3,SR386_40X_HE_T568_01,0,7.650391375142019e-05,0
lin,3,SR386_40X_HE_T571_01,0,0.00010925177982730524,0
lin,3,SR386_40X_HE_T572_01,0,0.005448716712953525,0
lin,3,SR386_40X_HE_T573_01,0,0.006101357052260128,0
lin,3,SR386_40X_HE_T583_01,0,1.1310258541821685e-05,0
lin,4,SR1482_40X_HE_T002_01,0,4.829587108879108e-10,0
lin,4,SR1482_40X_HE_T003_01,0,1.216493935794104e-06,0
lin,4,SR1482_40X_HE_T004_01,0,1.4486027796955831e-07,0
lin,4,SR1482_40X_HE_T004_02,0,2.8248362468833736e-06,0
lin,4,SR1482_40X_HE_T011_01,0,9.716652283674813e-13,0
lin,4,SR1482_40X_HE_T025_01,0,3.198540614718677e-06,0
lin,4,SR1482_40X_HE_T025_02,0,4.614819311427565e-05,0
lin,4,SR1482_40X_HE_T060_01,0,3.543906474839569e-07,0
lin,4,SR1482_40X_HE_T062_01,0,0.019863321112553754,0
lin,4,SR1482_40X_HE_T062_02,0,0.09316100435102317,0
lin,4,SR1482_40X_HE_T064_01,0,0.02016600893519883,0
lin,4,SR1482_40X_HE_T064_02,0,1.5387262708248713e-05,0
lin,4,SR1482_40X_HE_T071_01,0,5.659374022795976e-07,0
lin,4,SR1482_40X_HE_T071_02,0,2.6142032531739045e-06,0
lin,4,SR1482_40X_HE_T074_01,0,1.4364756631209657e-07,0
lin,4,SR1482_40X_HE_T074_02,0,1.4072045564005813e-07,0
lin,4,SR1482_40X_HE_T083_01,0,0.04582903476257916,0
lin,4,SR1482_40X_HE_T083_02,0,0.001897731661103686,0
lin,4,SR1482_40X_HE_T087_01,0,4.3451552213560313e-10,0
lin,4,SR1482_40X_HE_T097_01,1,0.3196170165563962,0
lin,4,SR1482_40X_HE_T097_02,1,0.0005496007646876035,0
lin,4,SR1482_40X_HE_T108_01,0,1.1512172136283445e-11,0
lin,4,SR1482_40X_HE_T113_01,0,0.00010326626271516086,0
lin,4,SR1482_40X_HE_T113_02,0,3.396936476634679e-06,0
lin,4,SR1482_40X_HE_T121_01,0,5.500577616190898e-15,0
lin,4,SR1482_40X_HE_T122_01,0,1.773368711439836e-14,0
lin,4,SR1482_40X_HE_T125_01,0,5.492540805036851e-05,0
lin,4,SR1482_40X_HE_T125_02,0,2.8666502174985565e-05,0
lin,4,SR1482_40X_HE_T131_01,0,0.31326971260935005,0
lin,4,SR1482_40X_HE_T131_02,0,0.14232382331746515,0
lin,4,SR1482_40X_HE_T132_01,0,1.7731282669796145e-07,0
lin,4,SR1482_40X_HE_T132_02,0,5.129832586520461e-07,0
lin,4,SR1482_40X_HE_T143_01,0,0.09283420272212489,0
lin,4,SR1482_40X_HE_T143_02,0,0.12038292885843284,0
lin,4,SR1482_40X_HE_T166_01,1,2.311130400731461e-10,0
lin,4,SR1482_40X_HE_T169_01,0,0.0002016016863125122,0
lin,4,SR1482_40X_HE_T176_01,1,0.9967072440373831,1
lin,4,SR1482_40X_HE_T176_02,1,0.24380677139115894,0
lin,4,SR1482_40X_HE_T191_01,0,4.44982988526654e-09,0
lin,4,SR1482_40X_HE_T194_01,0,0.8297022516633275,1
lin,4,SR1482_40X_HE_T218_01,0,3.937457329343041e-13,0
lin,4,SR1482_40X_HE_T253_01,0,1.337896207059405e-12,0
lin,4,SR1482_40X_HE_T290_01,0,3.463644452342952e-05,0
lin,4,SR1482_40X_HE_T308_01,0,0.00033621957722538144,0
lin,4,SR1482_40X_HE_T314_01,0,0.6238795589777232,1
lin,4,SR1482_40X_HE_T314_02,0,0.9959663692424556,1
lin,4,SR1482_40X_HE_T372_01,1,0.7148351521843354,1
lin,4,SR1482_40X_HE_T372_02,1,0.00028704186963555143,0
lin,4,SR1482_40X_HE_T408_01,0,1.066859915132522e-05,0
lin,4,SR1482_40X_HE_T412_01,0,5.236904023279151e-05,0
lin,4,SR1482_40X_HE_T425_01,0,5.045889916193388e-12,0
lin,4,SR1482_40X_HE_T434_01,1,0.011398110962420592,0
lin,4,SR386_40X_HE_T006_01,0,5.947802919657039e-06,0
lin,4,SR386_40X_HE_T010_01,0,5.434388655846444e-05,0
lin,4,SR386_40X_HE_T014_01,0,0.0025614066318937175,0
lin,4,SR386_40X_HE_T016_01,0,4.748292829431682e-08,0
lin,4,SR386_40X_HE_T020_01,0,3.59885940728267e-11,0
lin,4,SR386_40X_HE_T027_01,0,0.00019710015619442466,0
lin,4,SR386_40X_HE_T028_01,0,0.00037053489855338166,0
lin,4,SR386_40X_HE_T037_01,0,1.2647590333669269e-08,0
lin,4,SR386_40X_HE_T043_01,0,5.397880834303581e-07,0
lin,4,SR386_40X_HE_T044_01,1,0.2752044955318779,0
lin,4,SR386_40X_HE_T046_01,0,0.0002108406627644314,0
lin,4,SR386_40X_HE_T058_01,0,4.7645381116396786e-08,0
lin,4,SR386_40X_HE_T062_01,0,1.926611932795921e-08,0
lin,4,SR386_40X_HE_T065_01,1,0.009270379221395637,0
lin,4,SR386_40X_HE_T080_01,0,8.15348087734878e-05,0
lin,4,SR386_40X_HE_T091_01,0,6.724378366052625e-06,0
lin,4,SR386_40X_HE_T094_01,0,1.5481742690547777e-10,0
lin,4,SR386_40X_HE_T097_01,0,2.7076430548797992e-05,0
lin,4,SR386_40X_HE_T100_01,0,5.0326773614519856e-09,0
lin,4,SR386_40X_HE_T107_01,0,6.5766988102311e-05,0
lin,4,SR386_40X_HE_T109_01,1,0.007861891592347394,0
lin,4,SR386_40X_HE_T110_01,0,0.0017360114185229108,0
lin,4,SR386_40X_HE_T117_01,0,0.0001070677876959555,0
lin,4,SR386_40X_HE_T127_01,0,7.221478603083183e-06,0
lin,4,SR386_40X_HE_T129_01,0,8.125185166642686e-10,0
lin,4,SR386_40X_HE_T136_01,0,0.0043191633775148605,0
lin,4,SR386_40X_HE_T154_01,0,0.0003029790400644777,0
lin,4,SR386_40X_HE_T168_01,1,0.6188563331387078,1
lin,4,SR386_40X_HE_T175_01,0,9.537391381624272e-09,0
lin,4,SR386_40X_HE_T189_01,0,3.9066447461750145e-10,0
lin,4,SR386_40X_HE_T195_01,0,1.2568268540165742e-08,0
lin,4,SR386_40X_HE_T227_01,0,1.8509535081925096e-05,0
lin,4,SR386_40X_HE_T233_01,0,0.00011465553882609741,0
lin,4,SR386_40X_HE_T234_01,0,0.0004537288787458419,0
lin,4,SR386_40X_HE_T235_01,0,1.0558934882437382e-05,0
lin,4,SR386_40X_HE_T239_01,0,0.37663088055833693,0
lin,4,SR386_40X_HE_T245_01,0,1.767705990316654e-07,0
lin,4,SR386_40X_HE_T256_01,0,4.352200799276803e-05,0
lin,4,SR386_40X_HE_T265_01,0,8.254229829664893e-06,0
lin,4,SR386_40X_HE_T268_01,0,2.4317034853844004e-05,0
lin,4,SR386_40X_HE_T270_01,0,1.0881119164480282e-05,0
lin,4,SR386_40X_HE_T272_01,0,0.05617522824525026,0
lin,4,SR386_40X_HE_T273_01,0,0.01967082687172842,0
lin,4,SR386_40X_HE_T276_01,0,0.020569372762384186,0
lin,4,SR386_40X_HE_T278_01,1,0.95813643189203,1
lin,4,SR386_40X_HE_T284_01,0,2.712227896183078e-05,0
lin,4,SR386_40X_HE_T285_01,0,9.333372207134327e-08,0
lin,4,SR386_40X_HE_T288_01,0,5.011198309945316e-07,0
lin,4,SR386_40X_HE_T291_01,0,2.597784622573792e-06,0
lin,4,SR386_40X_HE_T300_01,0,7.46301680307971e-05,0
lin,4,SR386_40X_HE_T302_01,0,2.258484583157149e-05,0
lin,4,SR386_40X_HE_T305_01,0,5.548028479848449e-05,0
lin,4,SR386_40X_HE_T308_01,0,7.117663464383294e-09,0
lin,4,SR386_40X_HE_T325_01,0,2.877691899875623e-05,0
lin,4,SR386_40X_HE_T331_01,0,5.207561054847261e-05,0
lin,4,SR386_40X_HE_T341_01,0,0.0005774512651086166,0
lin,4,SR386_40X_HE_T343_01,1,7.442272442313216e-07,0
lin,4,SR386_40X_HE_T346_01,0,0.00019040003456617376,0
lin,4,SR386_40X_HE_T352_01,0,1.3797418182841218e-05,0
lin,4,SR386_40X_HE_T373_01,0,0.003915049706587173,0
lin,4,SR386_40X_HE_T375_01,0,0.0191421604061134,0
lin,4,SR386_40X_HE_T381_01,0,1.3002068658257784e-06,0
lin,4,SR386_40X_HE_T389_01,0,1.94757128128427e-08,0
lin,4,SR386_40X_HE_T391_01,0,0.00028953644836997246,0
lin,4,SR386_40X_HE_T394_01,0,1.1252751312002324e-06,0
lin,4,SR386_40X_HE_T399_01,0,0.0023234766478714293,0
lin,4,SR386_40X_HE_T403_01,0,5.579546473775716e-09,0
lin,4,SR386_40X_HE_T405_01,0,2.6278328321216515e-06,0
lin,4,SR386_40X_HE_T407_01,0,2.598684377669737e-07,0
lin,4,SR386_40X_HE_T414_01,0,1.1108889168503025e-05,0
lin,4,SR386_40X_HE_T424_01,0,6.859717623794986e-05,0
lin,4,SR386_40X_HE_T429_01,0,9.952385143996365e-07,0
lin,4,SR386_40X_HE_T441_01,0,0.00012360956685845053,0
lin,4,SR386_40X_HE_T451_01,0,5.699434196673677e-06,0
lin,4,SR386_40X_HE_T453_01,0,2.506711299163015e-06,0
lin,4,SR386_40X_HE_T455_01,0,8.476510921114439e-08,0
lin,4,SR386_40X_HE_T465_01,0,2.4846814323069204e-05,0
lin,4,SR386_40X_HE_T474_01,0,0.0009112130471436366,0
lin,4,SR386_40X_HE_T476_01,0,0.01456953924797459,0
lin,4,SR386_40X_HE_T479_01,0,5.641654257805e-06,0
lin,4,SR386_40X_HE_T482_01,0,9.143207115761223e-06,0
lin,4,SR386_40X_HE_T487_01,0,5.110206096818634e-09,0
lin,4,SR386_40X_HE_T490_01,0,7.550841215835555e-08,0
lin,4,SR386_40X_HE_T494_01,0,2.912769522318857e-05,0
lin,4,SR386_40X_HE_T500_01,0,4.546358388890911e-06,0
lin,4,SR386_40X_HE_T510_01,0,0.00031781414297738165,0
lin,4,SR386_40X_HE_T524_01,0,0.0012754797183065494,0
lin,4,SR386_40X_HE_T528_01,0,0.04575442624133712,0
lin,4,SR386_40X_HE_T532_01,0,9.976956588929913e-08,0
lin,4,SR386_40X_HE_T534_01,0,0.02496273928756856,0
lin,4,SR386_40X_HE_T536_01,0,3.767810801149394e-08,0
lin,4,SR386_40X_HE_T537_01,0,0.0034385563196686424,0
lin,4,SR386_40X_HE_T541_01,0,5.7590088565462306e-06,0
lin,4,SR386_40X_HE_T548_01,1,0.22917333816325752,0
lin,4,SR386_40X_HE_T550_01,0,6.75220933744215e-05,0
lin,4,SR386_40X_HE_T551_01,0,9.004128079037335e-08,0
lin,4,SR386_40X_HE_T557_01,0,2.601438684486057e-05,0
lin,4,SR386_40X_HE_T565_01,0,2.0854870991373228e-06,0
lin,4,SR386_40X_HE_T567_01,0,1.5665361133640682e-07,0
lin,4,SR386_40X_HE_T575_01,0,0.00204470718792537,0
lin,4,SR386_40X_HE_T576_01,0,3.473577395991795e-07,0
lin,4,SR386_40X_HE_T581_01,0,5.832933779664327e-05,0
ann,1,SR1482_40X_HE_T029_01,0,0.8812877535820007,1
ann,1,SR1482_40X_HE_T029_02,0,0.9166087508201599,1
ann,1,SR1482_40X_HE_T057_01,0,0.06328527629375458,0
ann,1,SR1482_40X_HE_T063_01,1,0.9991402626037598,1
ann,1,SR1482_40X_HE_T063_02,1,0.6797961592674255,1
ann,1,SR1482_40X_HE_T065_01,0,0.16280852258205414,0
ann,1,SR1482_40X_HE_T065_02,0,0.173801988363266,0
ann,1,SR1482_40X_HE_T066_01,0,0.9904307723045349,1
ann,1,SR1482_40X_HE_T066_02,0,0.9975549578666687,1
ann,1,SR1482_40X_HE_T068_01,0,0.33932116627693176,0
ann,1,SR1482_40X_HE_T069_01,0,0.1900172382593155,0
ann,1,SR1482_40X_HE_T069_02,0,0.2496747076511383,0
ann,1,SR1482_40X_HE_T079_01,1,0.9131622314453125,1
ann,1,SR1482_40X_HE_T079_02,1,0.9688067436218262,1
ann,1,SR1482_40X_HE_T080_01,0,0.6600100994110107,1
ann,1,SR1482_40X_HE_T080_02,0,0.6222331523895264,1
ann,1,SR1482_40X_HE_T081_01,0,0.1678568720817566,0
ann,1,SR1482_40X_HE_T081_02,0,0.0688537061214447,0
ann,1,SR1482_40X_HE_T099_01,0,0.35663217306137085,0
ann,1,SR1482_40X_HE_T116_01,0,0.6220288872718811,1
ann,1,SR1482_40X_HE_T117_01,0,0.18463243544101715,0
ann,1,SR1482_40X_HE_T117_02,0,0.3448624312877655,0
ann,1,SR1482_40X_HE_T126_01,0,0.5910273194313049,1
ann,1,SR1482_40X_HE_T129_01,0,0.5164648294448853,1
ann,1,SR1482_40X_HE_T129_02,0,0.7897958159446716,1
ann,1,SR1482_40X_HE_T139_01,0,0.7613180875778198,1
ann,1,SR1482_40X_HE_T139_02,0,0.55491703748703,1
ann,1,SR1482_40X_HE_T147_01,0,0.9448420405387878,1
ann,1,SR1482_40X_HE_T147_02,0,0.9883506298065186,1
ann,1,SR1482_40X_HE_T159_01,0,0.33394476771354675,0
ann,1,SR1482_40X_HE_T159_02,0,0.30526265501976013,0
ann,1,SR1482_40X_HE_T192_01,0,0.649864137172699,1
ann,1,SR1482_40X_HE_T199_01,0,0.6237825751304626,1
ann,1,SR1482_40X_HE_T304_01,0,0.3943033814430237,0
ann,1,SR1482_40X_HE_T304_02,0,0.17284971475601196,0
ann,1,SR1482_40X_HE_T310_01,1,0.4590050280094147,0
ann,1,SR1482_40X_HE_T310_02,1,0.6673390865325928,1
ann,1,SR1482_40X_HE_T341_01,0,0.19550341367721558,0
ann,1,SR1482_40X_HE_T341_02,0,0.18549197912216187,0
ann,1,SR1482_40X_HE_T353_01,0,0.529056191444397,1
ann,1,SR1482_40X_HE_T390_01,0,0.3244650065898895,0
ann,1,SR1482_40X_HE_T433_01,1,0.4973283112049103,0
ann,1,SR386_40X_HE_T003_01,0,0.2337559461593628,0
ann,1,SR386_40X_HE_T004_01,0,0.4766499400138855,0
ann,1,SR386_40X_HE_T022_01,1,0.8216992616653442,1
ann,1,SR386_40X_HE_T030_01,0,0.29419654607772827,0
ann,1,SR386_40X_HE_T033_01,0,0.3990817964076996,0
ann,1,SR386_40X_HE_T036_01,0,0.14085164666175842,0
ann,1,SR386_40X_HE_T038_01,0,0.3542768657207489,0
ann,1,SR386_40X_HE_T049_01,0,0.19815963506698608,0
ann,1,SR386_40X_HE_T050_01,0,0.30536380410194397,0
ann,1,SR386_40X_HE_T060_01,0,0.6486802101135254,1
ann,1,SR386_40X_HE_T063_01,0,0.29496750235557556,0
ann,1,SR386_40X_HE_T066_01,0,0.09383735060691833,0
ann,1,SR386_40X_HE_T069_01,0,0.2716826796531677,0
ann,1,SR386_40X_HE_T072_01,0,0.3048410415649414,0
ann,1,SR386_40X_HE_T074_01,0,0.33263230323791504,0
ann,1,SR386_40X_HE_T078_01,0,0.19223380088806152,0
ann,1,SR386_40X_HE_T079_01,0,0.17069311439990997,0
ann,1,SR386_40X_HE_T092_01,1,0.9957073926925659,1
ann,1,SR386_40X_HE_T096_01,0,0.1557864099740982,0
ann,1,SR386_40X_HE_T099_01,0,0.15165582299232483,0
ann,1,SR386_40X_HE_T103_01,0,0.07883698493242264,0
ann,1,SR386_40X_HE_T108_01,0,0.44610151648521423,0
ann,1,SR386_40X_HE_T113_01,0,0.3522562086582184,0
ann,1,SR386_40X_HE_T114_01,0,0.14917603135108948,0
ann,1,SR386_40X_HE_T119_01,0,0.6759560704231262,1
ann,1,SR386_40X_HE_T126_01,0,0.1710892915725708,0
ann,1,SR386_40X_HE_T130_01,0,0.16102363169193268,0
ann,1,SR386_40X_HE_T131_01,0,0.500060498714447,1
ann,1,SR386_40X_HE_T135_01,0,0.8284590244293213,1
ann,1,SR386_40X_HE_T140_01,0,0.14896008372306824,0
ann,1,SR386_40X_HE_T144_01,0,0.8305856585502625,1
ann,1,SR386_40X_HE_T147_01,0,0.12585358321666718,0
ann,1,SR386_40X_HE_T148_01,0,0.18233177065849304,0
ann,1,SR386_40X_HE_T160_01,0,0.2564338445663452,0
ann,1,SR386_40X_HE_T169_01,0,0.15887656807899475,0
ann,1,SR386_40X_HE_T170_01,1,0.9970396161079407,1
ann,1,SR386_40X_HE_T172_01,0,0.938701331615448,1
ann,1,SR386_40X_HE_T174_01,0,0.5557882785797119,1
ann,1,SR386_40X_HE_T181_01,0,0.3259843587875366,0
ann,1,SR386_40X_HE_T196_01,0,0.24044957756996155,0
ann,1,SR386_40X_HE_T205_01,0,0.7195870876312256,1
ann,1,SR386_40X_HE_T209_01,0,0.49754881858825684,0
ann,1,SR386_40X_HE_T210_01,0,0.47117945551872253,0
ann,1,SR386_40X_HE_T212_01,0,0.41045162081718445,0
ann,1,SR386_40X_HE_T221_01,0,0.22017835080623627,0
ann,1,SR386_40X_HE_T224_01,0,0.3270331025123596,0
ann,1,SR386_40X_HE_T231_01,1,0.9563350677490234,1
ann,1,SR386_40X_HE_T232_01,0,0.20146878063678741,0
ann,1,SR386_40X_HE_T247_01,0,0.7056668400764465,1
ann,1,SR386_40X_HE_T252_01,0,0.25532403588294983,0
ann,1,SR386_40X_HE_T255_01,0,0.3453828990459442,0
ann,1,SR386_40X_HE_T259_01,1,0.9402689933776855,1
ann,1,SR386_40X_HE_T274_01,0,0.26332759857177734,0
ann,1,SR386_40X_HE_T275_01,0,0.5740527510643005,1
ann,1,SR386_40X_HE_T282_01,0,0.23598533868789673,0
ann,1,SR386_40X_HE_T294_01,0,0.9629377126693726,1
ann,1,SR386_40X_HE_T311_01,0,0.26552829146385193,0
ann,1,SR386_40X_HE_T315_01,0,0.32859355211257935,0
ann,1,SR386_40X_HE_T319_01,1,0.5550797581672668,1
ann,1,SR386_40X_HE_T324_01,1,0.5967746376991272,1
ann,1,SR386_40X_HE_T330_01,0,0.1555204838514328,0
ann,1,SR386_40X_HE_T333_01,0,0.24870851635932922,0
ann,1,SR386_40X_HE_T335_01,0,0.2563822865486145,0
ann,1,SR386_40X_HE_T337_01,0,0.36232903599739075,0
ann,1,SR386_40X_HE_T344_01,0,0.3361611068248749,0
ann,1,SR386_40X_HE_T347_01,0,0.31000572443008423,0
ann,1,SR386_40X_HE_T350_01,0,0.17043863236904144,0
ann,1,SR386_40X_HE_T351_01,0,0.19521477818489075,0
ann,1,SR386_40X_HE_T360_01,0,0.12590853869915009,0
ann,1,SR386_40X_HE_T361_01,0,0.2541646659374237,0
ann,1,SR386_40X_HE_T366_01,0,0.32869231700897217,0
ann,1,SR386_40X_HE_T377_01,1,0.8327203989028931,1
ann,1,SR386_40X_HE_T384_01,0,0.2513577938079834,0
ann,1,SR386_40X_HE_T395_01,0,0.1990126520395279,0
ann,1,SR386_40X_HE_T396_01,0,0.21842455863952637,0
ann,1,SR386_40X_HE_T401_01,0,0.44138672947883606,0
ann,1,SR386_40X_HE_T408_01,0,0.1710982322692871,0
ann,1,SR386_40X_HE_T410_01,0,0.3107469081878662,0
ann,1,SR386_40X_HE_T413_01,0,0.5692563056945801,1
ann,1,SR386_40X_HE_T416_01,0,0.20227010548114777,0
ann,1,SR386_40X_HE_T418_01,0,0.14838935434818268,0
ann,1,SR386_40X_HE_T419_01,0,0.493667870759964,0
ann,1,SR386_40X_HE_T421_01,0,0.29781368374824524,0
ann,1,SR386_40X_HE_T423_01,0,0.20725113153457642,0
ann,1,SR386_40X_HE_T428_01,0,0.28815361857414246,0
ann,1,SR386_40X_HE_T430_01,0,0.31063392758369446,0
ann,1,SR386_40X_HE_T431_01,0,0.3847833275794983,0
ann,1,SR386_40X_HE_T435_01,0,0.4069971740245819,0
ann,1,SR386_40X_HE_T438_01,0,0.18927481770515442,0
ann,1,SR386_40X_HE_T439_01,0,0.49562719464302063,0
ann,1,SR386_40X_HE_T447_01,0,0.11911984533071518,0
ann,1,SR386_40X_HE_T449_01,0,0.27923259139060974,0
ann,1,SR386_40X_HE_T454_01,0,0.13345995545387268,0
ann,1,SR386_40X_HE_T456_01,0,0.278952032327652,0
ann,1,SR386_40X_HE_T461_01,0,0.18185701966285706,0
ann,1,SR386_40X_HE_T462_01,0,0.2693828344345093,0
ann,1,SR386_40X_HE_T468_01,0,0.27346351742744446,0
ann,1,SR386_40X_HE_T469_01,1,0.3555297255516052,0
ann,1,SR386_40X_HE_T470_01,0,0.3521983027458191,0
ann,1,SR386_40X_HE_T471_01,0,0.12852995097637177,0
ann,1,SR386_40X_HE_T477_01,0,0.24423357844352722,0
ann,1,SR386_40X_HE_T480_01,0,0.44169849157333374,0
ann,1,SR386_40X_HE_T484_01,0,0.72535640001297,1
ann,1,SR386_40X_HE_T495_01,0,0.22330527007579803,0
ann,1,SR386_40X_HE_T496_01,0,0.21805325150489807,0
ann,1,SR386_40X_HE_T498_01,0,0.6465049982070923,1
ann,1,SR386_40X_HE_T504_01,0,0.11622919887304306,0
ann,1,SR386_40X_HE_T511_01,0,0.521281361579895,1
ann,1,SR386_40X_HE_T517_01,0,0.7651023268699646,1
ann,1,SR386_40X_HE_T523_01,0,0.23111052811145782,0
ann,1,SR386_40X_HE_T529_01,0,0.2943047285079956,0
ann,1,SR386_40X_HE_T542_01,0,0.1987743079662323,0
ann,1,SR386_40X_HE_T569_01,0,0.32406628131866455,0
ann,1,SR386_40X_HE_T582_01,0,0.1310487538576126,0
ann,2,SR1482_40X_HE_T009_01,0,0.1406124383211136,0
ann,2,SR1482_40X_HE_T009_02,0,0.15977047383785248,0
ann,2,SR1482_40X_HE_T015_01,0,0.37753817439079285,0
ann,2,SR1482_40X_HE_T021_01,0,0.09200329333543777,0
ann,2,SR1482_40X_HE_T067_01,0,0.23319321870803833,0
ann,2,SR1482_40X_HE_T075_01,0,0.3111669421195984,0
ann,2,SR1482_40X_HE_T075_02,0,0.5166195631027222,1
ann,2,SR1482_40X_HE_T098_01,0,0.2506725490093231,0
ann,2,SR1482_40X_HE_T098_02,0,0.11724390089511871,0
ann,2,SR1482_40X_HE_T102_01,0,0.8045774102210999,1
ann,2,SR1482_40X_HE_T123_01,0,0.14914196729660034,0
ann,2,SR1482_40X_HE_T142_01,0,0.11983125656843185,0
ann,2,SR1482_40X_HE_T146_01,0,0.9983343482017517,1
ann,2,SR1482_40X_HE_T148_01,0,0.308094322681427,0
ann,2,SR1482_40X_HE_T148_02,0,0.2072908580303192,0
ann,2,SR1482_40X_HE_T154_01,0,0.19525526463985443,0
ann,2,SR1482_40X_HE_T158_01,0,0.34381988644599915,0
ann,2,SR1482_40X_HE_T161_01,0,0.4622613787651062,0
ann,2,SR1482_40X_HE_T161_02,0,0.1433573067188263,0
ann,2,SR1482_40X_HE_T164_01,1,0.6066762208938599,1
ann,2,SR1482_40X_HE_T164_02,1,0.5730382800102234,1
ann,2,SR1482_40X_HE_T168_01,0,0.1581956297159195,0
ann,2,SR1482_40X_HE_T171_01,0,0.2836860120296478,0
ann,2,SR1482_40X_HE_T171_02,0,0.1434175819158554,0
ann,2,SR1482_40X_HE_T178_01,1,0.3454827666282654,0
ann,2,SR1482_40X_HE_T186_01,0,0.20063436031341553,0
ann,2,SR1482_40X_HE_T193_01,0,0.4176444411277771,0
ann,2,SR1482_40X_HE_T193_02,0,0.9115821719169617,1
ann,2,SR1482_40X_HE_T209_01,0,0.24868148565292358,0
ann,2,SR1482_40X_HE_T209_02,0,0.6336681246757507,1
ann,2,SR1482_40X_HE_T245_01,0,0.4797956347465515,0
ann,2,SR1482_40X_HE_T245_02,0,0.3528957962989807,0
ann,2,SR1482_40X_HE_T265_01,0,0.1983008235692978,0
ann,2,SR1482_40X_HE_T302_01,0,0.5393546223640442,1
ann,2,SR1482_40X_HE_T343_01,1,0.3934520184993744,0
ann,2,SR1482_40X_HE_T343_02,1,0.4013306796550751,0
ann,2,SR1482_40X_HE_T399_01,0,0.3455691337585449,0
ann,2,SR1482_40X_HE_T399_02,0,0.5219283103942871,1
ann,2,SR1482_40X_HE_T426_01,0,0.150900200009346,0
ann,2,SR1482_40X_HE_T426_02,0,0.1641320288181305,0
ann,2,SR386_40X_HE_T001_01,0,0.5728452205657959,1
ann,2,SR386_40X_HE_T013_01,0,0.22827008366584778,0
ann,2,SR386_40X_HE_T018_01,0,0.2519332468509674,0
ann,2,SR386_40X_HE_T019_01,0,0.1305190920829773,0
ann,2,SR386_40X_HE_T024_01,0,0.138884499669075,0
ann,2,SR386_40X_HE_T039_01,0,0.11165168881416321,0
ann,2,SR386_40X_HE_T040_01,1,0.9950330257415771,1
ann,2,SR386_40X_HE_T042_01,0,0.3479197323322296,0
ann,2,SR386_40X_HE_T047_01,0,0.25510141253471375,0
ann,2,SR386_40X_HE_T051_01,0,0.1483532190322876,0
ann,2,SR386_40X_HE_T052_01,0,0.10115708410739899,0
ann,2,SR386_40X_HE_T056_01,0,0.1630031019449234,0
ann,2,SR386_40X_HE_T057_01,0,0.19664783775806427,0
ann,2,SR386_40X_HE_T070_01,0,0.20223307609558105,0
ann,2,SR386_40X_HE_T082_01,0,0.8925355672836304,1
ann,2,SR386_40X_HE_T084_01,0,0.33520030975341797,0
ann,2,SR386_40X_HE_T087_01,0,0.6059075593948364,1
ann,2,SR386_40X_HE_T088_01,0,0.516963541507721,1
ann,2,SR386_40X_HE_T098_01,0,0.25005197525024414,0
ann,2,SR386_40X_HE_T105_01,0,0.27726539969444275,0
ann,2,SR386_40X_HE_T122_01,0,0.23447191715240479,0
ann,2,SR386_40X_HE_T123_01,0,0.2654535472393036,0
ann,2,SR386_40X_HE_T133_01,0,0.13512389361858368,0
ann,2,SR386_40X_HE_T145_01,0,0.12663534283638,0
ann,2,SR386_40X_HE_T150_01,0,0.3739871382713318,0
ann,2,SR386_40X_HE_T152_01,0,0.23106367886066437,0
ann,2,SR386_40X_HE_T155_01,0,0.40884876251220703,0
ann,2,SR386_40X_HE_T157_01,0,0.22876369953155518,0
ann,2,SR386_40X_HE_T164_01,0,0.7059314846992493,1
ann,2,SR386_40X_HE_T166_01,0,0.18132297694683075,0
ann,2,SR386_40X_HE_T176_01,1,0.8950414657592773,1
ann,2,SR386_40X_HE_T177_01,0,0.12520743906497955,0
ann,2,SR386_40X_HE_T178_01,0,0.6051681041717529,1
ann,2,SR386_40X_HE_T187_01,0,0.21693488955497742,0
ann,2,SR386_40X_HE_T190_01,0,0.11829166114330292,0
ann,2,SR386_40X_HE_T192_01,0,0.12828843295574188,0
ann,2,SR386_40X_HE_T198_01,0,0.2634165287017822,0
ann,2,SR386_40X_HE_T200_01,0,0.46120110154151917,0
ann,2,SR386_40X_HE_T206_01,1,0.22221314907073975,0
ann,2,SR386_40X_HE_T211_01,0,0.21927447617053986,0
ann,2,SR386_40X_HE_T213_01,0,0.18083447217941284,0
ann,2,SR386_40X_HE_T214_01,0,0.2864528000354767,0
ann,2,SR386_40X_HE_T220_01,0,0.1563972532749176,0
ann,2,SR386_40X_HE_T230_01,1,0.594103991985321,1
ann,2,SR386_40X_HE_T236_01,0,0.2754223942756653,0
ann,2,SR386_40X_HE_T237_01,0,0.4471859633922577,0
ann,2,SR386_40X_HE_T240_01,0,0.1041477769613266,0
ann,2,SR386_40X_HE_T241_01,0,0.16540436446666718,0
ann,2,SR386_40X_HE_T242_01,0,0.23907646536827087,0
ann,2,SR386_40X_HE_T253_01,0,0.17010286450386047,0
ann,2,SR386_40X_HE_T260_01,0,0.12777504324913025,0
ann,2,SR386_40X_HE_T262_01,0,0.26481887698173523,0
ann,2,SR386_40X_HE_T264_01,0,0.4932965934276581,0
ann,2,SR386_40X_HE_T271_01,0,0.1510956585407257,0
ann,2,SR386_40X_HE_T281_01,0,0.24643491208553314,0
ann,2,SR386_40X_HE_T297_01,0,0.139606773853302,0
ann,2,SR386_40X_HE_T299_01,0,0.15902723371982574,0
ann,2,SR386_40X_HE_T301_01,0,0.195806086063385,0
ann,2,SR386_40X_HE_T306_01,0,0.31354913115501404,0
ann,2,SR386_40X_HE_T309_01,0,0.08111656457185745,0
ann,2,SR386_40X_HE_T314_01,0,0.5228077173233032,1
ann,2,SR386_40X_HE_T316_01,0,0.7308657169342041,1
ann,2,SR386_40X_HE_T318_01,0,0.22035282850265503,0
ann,2,SR386_40X_HE_T321_01,0,0.21550129354000092,0
ann,2,SR386_40X_HE_T326_01,0,0.27708399295806885,0
ann,2,SR386_40X_HE_T327_01,0,0.24338576197624207,0
ann,2,SR386_40X_HE_T332_01,1,0.6431615352630615,1
ann,2,SR386_40X_HE_T355_01,0,0.14389541745185852,0
ann,2,SR386_40X_HE_T364_01,0,0.6839179396629333,1
ann,2,SR386_40X_HE_T368_01,1,0.1835765242576599,0
ann,2,SR386_40X_HE_T374_01,0,0.13935884833335876,0
ann,2,SR386_40X_HE_T380_01,0,0.18378078937530518,0
ann,2,SR386_40X_HE_T382_01,0,0.2442350536584854,0
ann,2,SR386_40X_HE_T392_01,0,0.21378253400325775,0
ann,2,SR386_40X_HE_T398_01,0,0.24606184661388397,0
ann,2,SR386_40X_HE_T402_01,1,0.7393355369567871,1
ann,2,SR386_40X_HE_T404_01,0,0.14294372498989105,0
ann,2,SR386_40X_HE_T415_01,0,0.10779637843370438,0
ann,2,SR386_40X_HE_T417_01,0,0.14108538627624512,0
ann,2,SR386_40X_HE_T425_01,0,0.21476618945598602,0
ann,2,SR386_40X_HE_T436_01,1,0.0878678560256958,0
ann,2,SR386_40X_HE_T437_01,0,0.1312250941991806,0
ann,2,SR386_40X_HE_T440_01,0,0.6446540355682373,1
ann,2,SR386_40X_HE_T445_01,0,0.19468465447425842,0
ann,2,SR386_40X_HE_T450_01,0,0.1893094778060913,0
ann,2,SR386_40X_HE_T459_01,0,0.14447419345378876,0
ann,2,SR386_40X_HE_T472_01,0,0.20799116790294647,0
ann,2,SR386_40X_HE_T481_01,0,0.29928120970726013,0
ann,2,SR386_40X_HE_T483_01,0,0.42221397161483765,0
ann,2,SR386_40X_HE_T486_01,0,0.8526500463485718,1
ann,2,SR386_40X_HE_T488_01,0,0.15299706161022186,0
ann,2,SR386_40X_HE_T499_01,0,0.4855768084526062,0
ann,2,SR386_40X_HE_T507_01,0,0.25143617391586304,0
ann,2,SR386_40X_HE_T514_01,0,0.14729884266853333,0
ann,2,SR386_40X_HE_T520_01,1,0.21155299246311188,0
ann,2,SR386_40X_HE_T522_01,0,0.51804119348526,1
ann,2,SR386_40X_HE_T531_01,0,0.20273898541927338,0
ann,2,SR386_40X_HE_T535_01,0,0.18500463664531708,0
ann,2,SR386_40X_HE_T539_01,0,0.2538662552833557,0
ann,2,SR386_40X_HE_T549_01,0,0.14054380357265472,0
ann,2,SR386_40X_HE_T552_01,0,0.26183247566223145,0
ann,2,SR386_40X_HE_T553_01,0,0.25139760971069336,0
ann,2,SR386_40X_HE_T554_01,0,0.7029270529747009,1
ann,2,SR386_40X_HE_T558_01,0,0.22338585555553436,0
ann,2,SR386_40X_HE_T564_01,0,0.21359556913375854,0
ann,2,SR386_40X_HE_T570_01,0,0.1840890794992447,0
ann,2,SR386_40X_HE_T574_01,0,0.16614283621311188,0
ann,2,SR386_40X_HE_T578_01,0,0.14485196769237518,0
ann,2,SR386_40X_HE_T580_01,0,0.2051413506269455,0
ann,3,SR1482_40X_HE_T005_01,0,0.21868175268173218,0
ann,3,SR1482_40X_HE_T005_02,0,0.4330536425113678,0
ann,3,SR1482_40X_HE_T010_01,0,0.14544622600078583,0
ann,3,SR1482_40X_HE_T043_01,0,0.09284870326519012,0
ann,3,SR1482_40X_HE_T043_02,0,0.2657358944416046,0
ann,3,SR1482_40X_HE_T049_01,0,0.07454551011323929,0
ann,3,SR1482_40X_HE_T061_01,0,0.6976093649864197,1
ann,3,SR1482_40X_HE_T061_02,0,0.9120838046073914,1
ann,3,SR1482_40X_HE_T070_01,1,0.08663526922464371,0
ann,3,SR1482_40X_HE_T073_01,0,0.1591729074716568,0
ann,3,SR1482_40X_HE_T082_01,0,0.1339917927980423,0
ann,3,SR1482_40X_HE_T082_02,0,0.4092343747615814,0
ann,3,SR1482_40X_HE_T089_01,0,0.09457087516784668,0
ann,3,SR1482_40X_HE_T090_01,0,0.20884278416633606,0
ann,3,SR1482_40X_HE_T094_01,1,0.4382152259349823,0
ann,3,SR1482_40X_HE_T094_02,1,0.9825415015220642,1
ann,3,SR1482_40X_HE_T105_01,0,0.07527351379394531,0
ann,3,SR1482_40X_HE_T115_01,0,0.1304260790348053,0
ann,3,SR1482_40X_HE_T115_02,0,0.0941241905093193,0
ann,3,SR1482_40X_HE_T118_01,0,0.9931274652481079,1
ann,3,SR1482_40X_HE_T118_02,0,0.942355751991272,1
ann,3,SR1482_40X_HE_T120_01,0,0.8495065569877625,1
ann,3,SR1482_40X_HE_T120_02,0,0.9165606498718262,1
ann,3,SR1482_40X_HE_T124_01,0,0.964634120464325,1
ann,3,SR1482_40X_HE_T124_02,0,0.7903301119804382,1
ann,3,SR1482_40X_HE_T138_01,0,0.08144345134496689,0
ann,3,SR1482_40X_HE_T160_01,0,0.12932352721691132,0
ann,3,SR1482_40X_HE_T160_02,0,0.14737991988658905,0
ann,3,SR1482_40X_HE_T167_01,0,0.14510008692741394,0
ann,3,SR1482_40X_HE_T167_02,0,0.31411874294281006,0
ann,3,SR1482_40X_HE_T175_01,0,0.05847490578889847,0
ann,3,SR1482_40X_HE_T175_02,0,0.06833020597696304,0
ann,3,SR1482_40X_HE_T177_01,1,0.20708997547626495,0
ann,3,SR1482_40X_HE_T188_01,0,0.18464577198028564,0
ann,3,SR1482_40X_HE_T195_01,0,0.1646450012922287,0
ann,3,SR1482_40X_HE_T195_02,0,0.2662931978702545,0
ann,3,SR1482_40X_HE_T202_01,0,0.07559110224246979,0
ann,3,SR1482_40X_HE_T202_02,0,0.11004599928855896,0
ann,3,SR1482_40X_HE_T225_01,0,0.9772124886512756,1
ann,3,SR1482_40X_HE_T225_02,0,0.20461492240428925,0
ann,3,SR1482_40X_HE_T235_01,0,0.17471596598625183,0
ann,3,SR1482_40X_HE_T235_02,0,0.12935668230056763,0
ann,3,SR1482_40X_HE_T236_01,0,0.08883600682020187,0
ann,3,SR1482_40X_HE_T236_02,0,0.07778672873973846,0
ann,3,SR1482_40X_HE_T258_01,0,0.054554905742406845,0
ann,3,SR1482_40X_HE_T258_02,0,0.0868978500366211,0
ann,3,SR1482_40X_HE_T284_01,1,0.8789594769477844,1
ann,3,SR1482_40X_HE_T284_02,1,0.9462223052978516,1
ann,3,SR1482_40X_HE_T301_01,1,0.0797448381781578,0
ann,3,SR1482_40X_HE_T301_02,1,0.14010660350322723,0
ann,3,SR1482_40X_HE_T309_01,0,0.16604508459568024,0
ann,3,SR1482_40X_HE_T313_01,0,0.36140164732933044,0
ann,3,SR1482_40X_HE_T313_02,0,0.689994215965271,1
ann,3,SR1482_40X_HE_T338_01,0,0.8096266984939575,1
ann,3,SR1482_40X_HE_T344_01,0,0.0957835391163826,0
ann,3,SR1482_40X_HE_T344_02,0,0.17757058143615723,0
ann,3,SR1482_40X_HE_T346_01,0,0.8505260944366455,1
ann,3,SR1482_40X_HE_T346_02,0,0.6334230899810791,1
ann,3,SR1482_40X_HE_T377_01,0,0.08192692697048187,0
ann,3,SR1482_40X_HE_T377_02,0,0.09443018585443497,0
ann,3,SR1482_40X_HE_T419_01,0,0.13769198954105377,0
ann,3,SR1482_40X_HE_T427_01,0,0.29862290620803833,0
ann,3,SR1482_40X_HE_T427_02,0,0.2307198941707611,0
ann,3,SR386_40X_HE_T007_01,0,0.13577210903167725,0
ann,3,SR386_40X_HE_T015_01,0,0.15049290657043457,0
ann,3,SR386_40X_HE_T017_01,1,0.9833371043205261,1
ann,3,SR386_40X_HE_T032_01,0,0.16350096464157104,0
ann,3,SR386_40X_HE_T034_01,0,0.09976168721914291,0
ann,3,SR386_40X_HE_T035_01,0,0.20248086750507355,0
ann,3,SR386_40X_HE_T041_01,0,0.831110417842865,1
ann,3,SR386_40X_HE_T067_01,0,0.1254897564649582,0
ann,3,SR386_40X_HE_T075_01,0,0.11559971421957016,0
ann,3,SR386_40X_HE_T081_01,0,0.0889425054192543,0
ann,3,SR386_40X_HE_T083_01,0,0.13534937798976898,0
ann,3,SR386_40X_HE_T085_01,0,0.087394118309021,0
ann,3,SR386_40X_HE_T095_01,0,0.23451846837997437,0
ann,3,SR386_40X_HE_T104_01,0,0.09686002135276794,0
ann,3,SR386_40X_HE_T106_01,0,0.1569337695837021,0
ann,3,SR386_40X_HE_T112_01,0,0.1243952065706253,0
ann,3,SR386_40X_HE_T128_01,0,0.06965675950050354,0
ann,3,SR386_40X_HE_T132_01,0,0.10955760627985,0
ann,3,SR386_40X_HE_T138_01,0,0.1399794965982437,0
ann,3,SR386_40X_HE_T142_01,0,0.5563967823982239,1
ann,3,SR386_40X_HE_T149_01,0,0.17993640899658203,0
ann,3,SR386_40X_HE_T165_01,1,0.6029806137084961,1
ann,3,SR386_40X_HE_T179_01,0,0.9119502305984497,1
ann,3,SR386_40X_HE_T180_01,0,0.21218279004096985,0
ann,3,SR386_40X_HE_T182_01,0,0.2392093539237976,0
ann,3,SR386_40X_HE_T184_01,0,0.5926380753517151,1
ann,3,SR386_40X_HE_T188_01,0,0.03898252546787262,0
ann,3,SR386_40X_HE_T191_01,0,0.1539236605167389,0
ann,3,SR386_40X_HE_T197_01,0,0.20881366729736328,0
ann,3,SR386_40X_HE_T201_01,0,0.24684648215770721,0
ann,3,SR386_40X_HE_T202_01,0,0.09375042468309402,0
ann,3,SR386_40X_HE_T208_01,0,0.10907534509897232,0
ann,3,SR386_40X_HE_T216_01,1,0.9845896363258362,1
ann,3,SR386_40X_HE_T238_01,0,0.0740058496594429,0
ann,3,SR386_40X_HE_T244_01,0,0.07837165892124176,0
ann,3,SR386_40X_HE_T248_01,0,0.1433037519454956,0
ann,3,SR386_40X_HE_T249_01,0,0.08759577572345734,0
ann,3,SR386_40X_HE_T250_01,0,0.21766117215156555,0
ann,3,SR386_40X_HE_T263_01,0,0.12467353790998459,0
ann,3,SR386_40X_HE_T267_01,0,0.14346469938755035,0
ann,3,SR386_40X_HE_T269_01,0,0.19762413203716278,0
ann,3,SR386_40X_HE_T277_01,0,0.14449448883533478,0
ann,3,SR386_40X_HE_T286_01,0,0.5621516108512878,1
ann,3,SR386_40X_HE_T287_01,0,0.2571478486061096,0
ann,3,SR386_40X_HE_T290_01,0,0.22917577624320984,0
ann,3,SR386_40X_HE_T293_01,0,0.13027656078338623,0
ann,3,SR386_40X_HE_T298_01,0,0.16071313619613647,0
ann,3,SR386_40X_HE_T303_01,0,0.138463094830513,0
ann,3,SR386_40X_HE_T312_01,0,0.24187487363815308,0
ann,3,SR386_40X_HE_T329_01,0,0.8342052102088928,1
ann,3,SR386_40X_HE_T336_01,0,0.28704145550727844,0
ann,3,SR386_40X_HE_T338_01,0,0.11492373049259186,0
ann,3,SR386_40X_HE_T342_01,0,0.1659729778766632,0
ann,3,SR386_40X_HE_T353_01,0,0.14910128712654114,0
ann,3,SR386_40X_HE_T357_01,0,0.13877743482589722,0
ann,3,SR386_40X_HE_T362_01,0,0.04767809435725212,0
ann,3,SR386_40X_HE_T363_01,1,0.9971255660057068,1
ann,3,SR386_40X_HE_T372_01,0,0.4475231170654297,0
ann,3,SR386_40X_HE_T378_01,0,0.12182490527629852,0
ann,3,SR386_40X_HE_T379_01,0,0.1296827346086502,0
ann,3,SR386_40X_HE_T386_01,0,0.19717346131801605,0
ann,3,SR386_40X_HE_T387_01,0,0.07382755726575851,0
ann,3,SR386_40X_HE_T393_01,0,0.30017736554145813,0
ann,3,SR386_40X_HE_T397_01,0,0.9467990398406982,1
ann,3,SR386_40X_HE_T406_01,0,0.20898418128490448,0
ann,3,SR386_40X_HE_T409_01,0,0.08541066944599152,0
ann,3,SR386_40X_HE_T422_01,0,0.11950615793466568,0
ann,3,SR386_40X_HE_T426_01,0,0.158807173371315,0
ann,3,SR386_40X_HE_T433_01,0,0.3149404525756836,0
ann,3,SR386_40X_HE_T443_01,0,0.41232967376708984,0
ann,3,SR386_40X_HE_T448_01,0,0.3286053538322449,0
ann,3,SR386_40X_HE_T452_01,0,0.5373755693435669,1
ann,3,SR386_40X_HE_T460_01,1,0.8091622591018677,1
ann,3,SR386_40X_HE_T473_01,0,0.18841995298862457,0
ann,3,SR386_40X_HE_T475_01,0,0.14250007271766663,0
ann,3,SR386_40X_HE_T478_01,0,0.09408701211214066,0
ann,3,SR386_40X_HE_T489_01,1,0.07151119410991669,0
ann,3,SR386_40X_HE_T491_01,0,0.16720189154148102,0
ann,3,SR386_40X_HE_T492_01,0,0.09040164947509766,0
ann,3,SR386_40X_HE_T493_01,0,0.14354272186756134,0
ann,3,SR386_40X_HE_T502_01,0,0.11669822037220001,0
ann,3,SR386_40X_HE_T505_01,0,0.15342141687870026,0
ann,3,SR386_40X_HE_T506_01,0,0.07817346602678299,0
ann,3,SR386_40X_HE_T509_01,0,0.13802674412727356,0
ann,3,SR386_40X_HE_T516_01,0,0.22094106674194336,0
ann,3,SR386_40X_HE_T518_01,0,0.0770387127995491,0
ann,3,SR386_40X_HE_T519_01,0,0.1141815036535263,0
ann,3,SR386_40X_HE_T521_01,0,0.09750443696975708,0
ann,3,SR386_40X_HE_T526_01,0,0.13168881833553314,0
ann,3,SR386_40X_HE_T533_01,0,0.24948693811893463,0
ann,3,SR386_40X_HE_T543_01,0,0.20059345662593842,0
ann,3,SR386_40X_HE_T544_01,0,0.1077553927898407,0
ann,3,SR386_40X_HE_T556_01,1,0.761505126953125,1
ann,3,SR386_40X_HE_T560_01,0,0.22136878967285156,0
ann,3,SR386_40X_HE_T563_01,0,0.09920501708984375,0
ann,3,SR386_40X_HE_T568_01,0,0.08620603382587433,0
ann,3,SR386_40X_HE_T571_01,0,0.07359939068555832,0
ann,3,SR386_40X_HE_T572_01,0,0.21474826335906982,0
ann,3,SR386_40X_HE_T573_01,0,0.5673840641975403,1
ann,3,SR386_40X_HE_T583_01,0,0.19576850533485413,0
ann,4,SR1482_40X_HE_T002_01,0,0.26629117131233215,0
ann,4,SR1482_40X_HE_T003_01,0,0.3526526689529419,0
ann,4,SR1482_40X_HE_T004_01,0,0.24042180180549622,0
ann,4,SR1482_40X_HE_T004_02,0,0.6765002012252808,1
ann,4,SR1482_40X_HE_T011_01,0,0.1642225980758667,0
ann,4,SR1482_40X_HE_T025_01,0,0.21575355529785156,0
ann,4,SR1482_40X_HE_T025_02,0,0.16906560957431793,0
ann,4,SR1482_40X_HE_T060_01,0,0.20244823396205902,0
ann,4,SR1482_40X_HE_T062_01,0,0.39381587505340576,0
ann,4,SR1482_40X_HE_T062_02,0,0.8201740980148315,1
ann,4,SR1482_40X_HE_T064_01,0,0.559099555015564,1
ann,4,SR1482_40X_HE_T064_02,0,0.20616281032562256,0
ann,4,SR1482_40X_HE_T071_01,0,0.2333369106054306,0
ann,4,SR1482_40X_HE_T071_02,0,0.15508833527565002,0
ann,4,SR1482_40X_HE_T074_01,0,0.21806971728801727,0
ann,4,SR1482_40X_HE_T074_02,0,0.19495266675949097,0
ann,4,SR1482_40X_HE_T083_01,0,0.7652556300163269,1
ann,4,SR1482_40X_HE_T083_02,0,0.6264476776123047,1
ann,4,SR1482_40X_HE_T087_01,0,0.1492340862751007,0
ann,4,SR1482_40X_HE_T097_01,1,0.7385501861572266,1
ann,4,SR1482_40X_HE_T097_02,1,0.40271636843681335,0
ann,4,SR1482_40X_HE_T108_01,0,0.19486652314662933,0
ann,4,SR1482_40X_HE_T113_01,0,0.14906932413578033,0
ann,4,SR1482_40X_HE_T113_02,0,0.4070552587509155,0
ann,4,SR1482_40X_HE_T121_01,0,0.15990281105041504,0
ann,4,SR1482_40X_HE_T122_01,0,0.13452596962451935,0
ann,4,SR1482_40X_HE_T125_01,0,0.19168628752231598,0
ann,4,SR1482_40X_HE_T125_02,0,0.19155298173427582,0
ann,4,SR1482_40X_HE_T131_01,0,0.6848638653755188,1
ann,4,SR1482_40X_HE_T131_02,0,0.8767956495285034,1
ann,4,SR1482_40X_HE_T132_01,0,0.34300556778907776,0
ann,4,SR1482_40X_HE_T132_02,0,0.22718234360218048,0
ann,4,SR1482_40X_HE_T143_01,0,0.8855990171432495,1
ann,4,SR1482_40X_HE_T143_02,0,0.6696130633354187,1
ann,4,SR1482_40X_HE_T166_01,1,0.16307365894317627,0
ann,4,SR1482_40X_HE_T169_01,0,0.4250189960002899,0
ann,4,SR1482_40X_HE_T176_01,1,0.994087815284729,1
ann,4,SR1482_40X_HE_T176_02,1,0.9796930551528931,1
ann,4,SR1482_40X_HE_T191_01,0,0.18797284364700317,0
ann,4,SR1482_40X_HE_T194_01,0,0.9366281032562256,1
ann,4,SR1482_40X_HE_T218_01,0,0.14905884861946106,0
ann,4,SR1482_40X_HE_T253_01,0,0.15877239406108856,0
ann,4,SR1482_40X_HE_T290_01,0,0.2974404990673065,0
ann,4,SR1482_40X_HE_T308_01,0,0.22058695554733276,0
ann,4,SR1482_40X_HE_T314_01,0,0.8226103186607361,1
ann,4,SR1482_40X_HE_T314_02,0,0.9676717519760132,1
ann,4,SR1482_40X_HE_T372_01,1,0.6219258308410645,1
ann,4,SR1482_40X_HE_T372_02,1,0.24080543220043182,0
ann,4,SR1482_40X_HE_T408_01,0,0.38036227226257324,0
ann,4,SR1482_40X_HE_T412_01,0,0.24711693823337555,0
ann,4,SR1482_40X_HE_T425_01,0,0.1402406394481659,0
ann,4,SR1482_40X_HE_T434_01,1,0.5124412775039673,1
ann,4,SR386_40X_HE_T006_01,0,0.3493003249168396,0
ann,4,SR386_40X_HE_T010_01,0,0.17876675724983215,0
ann,4,SR386_40X_HE_T014_01,0,0.2734028995037079,0
ann,4,SR386_40X_HE_T016_01,0,0.12174985557794571,0
ann,4,SR386_40X_HE_T020_01,0,0.1762971580028534,0
ann,4,SR386_40X_HE_T027_01,0,0.5559427738189697,1
ann,4,SR386_40X_HE_T028_01,0,0.6867762804031372,1
ann,4,SR386_40X_HE_T037_01,0,0.14745967090129852,0
ann,4,SR386_40X_HE_T043_01,0,0.27793529629707336,0
ann,4,SR386_40X_HE_T044_01,1,0.7842503190040588,1
ann,4,SR386_40X_HE_T046_01,0,0.17816130816936493,0
ann,4,SR386_40X_HE_T058_01,0,0.1537621021270752,0
ann,4,SR386_40X_HE_T062_01,0,0.2044650912284851,0
ann,4,SR386_40X_HE_T065_01,1,0.3533402383327484,0
ann,4,SR386_40X_HE_T080_01,0,0.2634875178337097,0
ann,4,SR386_40X_HE_T091_01,0,0.1926211267709732,0
ann,4,SR386_40X_HE_T094_01,0,0.17416878044605255,0
ann,4,SR386_40X_HE_T097_01,0,0.2527483105659485,0
ann,4,SR386_40X_HE_T100_01,0,0.575028121471405,1
ann,4,SR386_40X_HE_T107_01,0,0.16841667890548706,0
ann,4,SR386_40X_HE_T109_01,1,0.5124368667602539,1
ann,4,SR386_40X_HE_T110_01,0,0.6320565938949585,1
ann,4,SR386_40X_HE_T117_01,0,0.27624624967575073,0
ann,4,SR386_40X_HE_T127_01,0,0.23225852847099304,0
ann,4,SR386_40X_HE_T129_01,0,0.21399742364883423,0
ann,4,SR386_40X_HE_T136_01,0,0.21369361877441406,0
ann,4,SR386_40X_HE_T154_01,0,0.21726183593273163,0
ann,4,SR386_40X_HE_T168_01,1,0.7480314373970032,1
ann,4,SR386_40X_HE_T175_01,0,0.1759948432445526,0
ann,4,SR386_40X_HE_T189_01,0,0.12029833346605301,0
ann,4,SR386_40X_HE_T195_01,0,0.17440202832221985,0
ann,4,SR386_40X_HE_T227_01,0,0.12518899142742157,0
ann,4,SR386_40X_HE_T233_01,0,0.61362224817276,1
ann,4,SR386_40X_HE_T234_01,0,0.22934560477733612,0
ann,4,SR386_40X_HE_T235_01,0,0.21705856919288635,0
ann,4,SR386_40X_HE_T239_01,0,0.9243936538696289,1
ann,4,SR386_40X_HE_T245_01,0,0.20736069977283478,0
ann,4,SR386_40X_HE_T256_01,0,0.22086231410503387,0
ann,4,SR386_40X_HE_T265_01,0,0.24396520853042603,0
ann,4,SR386_40X_HE_T268_01,0,0.1977182924747467,0
ann,4,SR386_40X_HE_T270_01,0,0.2413741946220398,0
ann,4,SR386_40X_HE_T272_01,0,0.6123196482658386,1
ann,4,SR386_40X_HE_T273_01,0,0.40850067138671875,0
ann,4,SR386_40X_HE_T276_01,0,0.8989875316619873,1
ann,4,SR386_40X_HE_T278_01,1,0.8076304793357849,1
ann,4,SR386_40X_HE_T284_01,0,0.23977385461330414,0
ann,4,SR386_40X_HE_T285_01,0,0.12091457098722458,0
ann,4,SR386_40X_HE_T288_01,0,0.18961520493030548,0
ann,4,SR386_40X_HE_T291_01,0,0.2252170294523239,0
ann,4,SR386_40X_HE_T300_01,0,0.20283307135105133,0
ann,4,SR386_40X_HE_T302_01,0,0.18346689641475677,0
ann,4,SR386_40X_HE_T305_01,0,0.190224751830101,0
ann,4,SR386_40X_HE_T308_01,0,0.17286133766174316,0
ann,4,SR386_40X_HE_T325_01,0,0.19009637832641602,0
ann,4,SR386_40X_HE_T331_01,0,0.43581658601760864,0
ann,4,SR386_40X_HE_T341_01,0,0.43162164092063904,0
ann,4,SR386_40X_HE_T343_01,1,0.20262300968170166,0
ann,4,SR386_40X_HE_T346_01,0,0.3978196382522583,0
ann,4,SR386_40X_HE_T352_01,0,0.1534956693649292,0
ann,4,SR386_40X_HE_T373_01,0,0.6154689788818359,1
ann,4,SR386_40X_HE_T375_01,0,0.483312726020813,0
ann,4,SR386_40X_HE_T381_01,0,0.17127802968025208,0
ann,4,SR386_40X_HE_T389_01,0,0.15267010033130646,0
ann,4,SR386_40X_HE_T391_01,0,0.24096274375915527,0
ann,4,SR386_40X_HE_T394_01,0,0.33646735548973083,0
ann,4,SR386_40X_HE_T399_01,0,0.3731163442134857,0
ann,4,SR386_40X_HE_T403_01,0,0.24671536684036255,0
ann,4,SR386_40X_HE_T405_01,0,0.2907216548919678,0
ann,4,SR386_40X_HE_T407_01,0,0.24924354255199432,0
ann,4,SR386_40X_HE_T414_01,0,0.3274427354335785,0
ann,4,SR386_40X_HE_T424_01,0,0.188773512840271,0
ann,4,SR386_40X_HE_T429_01,0,0.16511283814907074,0
ann,4,SR386_40X_HE_T441_01,0,0.7451993227005005,1
ann,4,SR386_40X_HE_T451_01,0,0.18920356035232544,0
ann,4,SR386_40X_HE_T453_01,0,0.2024228274822235,0
ann,4,SR386_40X_HE_T455_01,0,0.13898880779743195,0
ann,4,SR386_40X_HE_T465_01,0,0.17022627592086792,0
ann,4,SR386_40X_HE_T474_01,0,0.4753883481025696,0
ann,4,SR386_40X_HE_T476_01,0,0.3232249617576599,0
ann,4,SR386_40X_HE_T479_01,0,0.24443189799785614,0
ann,4,SR386_40X_HE_T482_01,0,0.268032968044281,0
ann,4,SR386_40X_HE_T487_01,0,0.14924356341362,0
ann,4,SR386_40X_HE_T490_01,0,0.22511041164398193,0
ann,4,SR386_40X_HE_T494_01,0,0.3935678005218506,0
ann,4,SR386_40X_HE_T500_01,0,0.20318865776062012,0
ann,4,SR386_40X_HE_T510_01,0,0.41316455602645874,0
ann,4,SR386_40X_HE_T524_01,0,0.8570603728294373,1
ann,4,SR386_40X_HE_T528_01,0,0.4596464931964874,0
ann,4,SR386_40X_HE_T532_01,0,0.147809699177742,0
ann,4,SR386_40X_HE_T534_01,0,0.5451681613922119,1
ann,4,SR386_40X_HE_T536_01,0,0.17727038264274597,0
ann,4,SR386_40X_HE_T537_01,0,0.26791006326675415,0
ann,4,SR386_40X_HE_T541_01,0,0.38925522565841675,0
ann,4,SR386_40X_HE_T548_01,1,0.5090277194976807,1
ann,4,SR386_40X_HE_T550_01,0,0.8130123615264893,1
ann,4,SR386_40X_HE_T551_01,0,0.18957825005054474,0
ann,4,SR386_40X_HE_T557_01,0,0.14515550434589386,0
ann,4,SR386_40X_HE_T565_01,0,0.27632883191108704,0
ann,4,SR386_40X_HE_T567_01,0,0.22814184427261353,0
ann,4,SR386_40X_HE_T575_01,0,0.2962411940097809,0
ann,4,SR386_40X_HE_T576_01,0,0.1902788132429123,0
ann,4,SR386_40X_HE_T581_01,0,0.23023052513599396,0
knn,1,SR1482_40X_HE_T029_01,0,0.2,0
knn,1,SR1482_40X_HE_T029_02,0,0.2,0
knn,1,SR1482_40X_HE_T057_01,0,0.0,0
knn,1,SR1482_40X_HE_T063_01,1,0.2,0
knn,1,SR1482_40X_HE_T063_02,1,0.2,0
knn,1,SR1482_40X_HE_T065_01,0,0.0,0
knn,1,SR1482_40X_HE_T065_02,0,0.0,0
knn,1,SR1482_40X_HE_T066_01,0,0.4,0
knn,1,SR1482_40X_HE_T066_02,0,0.2,0
knn,1,SR1482_40X_HE_T068_01,0,0.0,0
knn,1,SR1482_40X_HE_T069_01,0,0.0,0
knn,1,SR1482_40X_HE_T069_02,0,0.0,0
knn,1,SR1482_40X_HE_T079_01,1,0.0,0
knn,1,SR1482_40X_HE_T079_02,1,0.2,0
knn,1,SR1482_40X_HE_T080_01,0,0.0,0
knn,1,SR1482_40X_HE_T080_02,0,0.0,0
knn,1,SR1482_40X_HE_T081_01,0,0.0,0
knn,1,SR1482_40X_HE_T081_02,0,0.0,0
knn,1,SR1482_40X_HE_T099_01,0,0.0,0
knn,1,SR1482_40X_HE_T116_01,0,0.0,0
knn,1,SR1482_40X_HE_T117_01,0,0.0,0
knn,1,SR1482_40X_HE_T117_02,0,0.2,0
knn,1,SR1482_40X_HE_T126_01,0,0.0,0
knn,1,SR1482_40X_HE_T129_01,0,0.2,0
knn,1,SR1482_40X_HE_T129_02,0,0.2,0
knn,1,SR1482_40X_HE_T139_01,0,0.0,0
knn,1,SR1482_40X_HE_T139_02,0,0.4,0
knn,1,SR1482_40X_HE_T147_01,0,0.4,0
knn,1,SR1482_40X_HE_T147_02,0,0.6,1
knn,1,SR1482_40X_HE_T159_01,0,0.4,0
knn,1,SR1482_40X_HE_T159_02,0,0.2,0
knn,1,SR1482_40X_HE_T192_01,0,0.2,0
knn,1,SR1482_40X_HE_T199_01,0,0.0,0
knn,1,SR1482_40X_HE_T304_01,0,0.0,0
knn,1,SR1482_40X_HE_T304_02,0,0.2,0
knn,1,SR1482_40X_HE_T310_01,1,0.2,0
knn,1,SR1482_40X_HE_T310_02,1,0.2,0
knn,1,SR1482_40X_HE_T341_01,0,0.0,0
knn,1,SR1482_40X_HE_T341_02,0,0.0,0
knn,1,SR1482_40X_HE_T353_01,0,0.0,0
knn,1,SR1482_40X_HE_T390_01,0,0.0,0
knn,1,SR1482_40X_HE_T433_01,1,0.2,0
knn,1,SR386_40X_HE_T003_01,0,0.0,0
knn,1,SR386_40X_HE_T004_01,0,0.2,0
knn,1,SR386_40X_HE_T022_01,1,0.0,0
knn,1,SR386_40X_HE_T030_01,0,0.2,0
knn,1,SR386_40X_HE_T033_01,0,0.2,0
knn,1,SR386_40X_HE_T036_01,0,0.0,0
knn,1,SR386_40X_HE_T038_01,0,0.2,0
knn,1,SR386_40X_HE_T049_01,0,0.0,0
knn,1,SR386_40X_HE_T050_01,0,0.0,0
knn,1,SR386_40X_HE_T060_01,0,0.0,0
knn,1,SR386_40X_HE_T063_01,0,0.0,0
knn,1,SR386_40X_HE_T066_01,0,0.2,0
knn,1,SR386_40X_HE_T069_01,0,0.0,0
knn,1,SR386_40X_HE_T072_01,0,0.0,0
knn,1,SR386_40X_HE_T074_01,0,0.0,0
knn,1,SR386_40X_HE_T078_01,0,0.0,0
knn,1,SR386_40X_HE_T079_01,0,0.0,0
knn,1,SR386_40X_HE_T092_01,1,0.0,0
knn,1,SR386_40X_HE_T096_01,0,0.0,0
knn,1,SR386_40X_HE_T099_01,0,0.0,0
knn,1,SR386_40X_HE_T103_01,0,0.0,0
knn,1,SR386_40X_HE_T108_01,0,0.0,0
knn,1,SR386_40X_HE_T113_01,0,0.0,0
knn,1,SR386_40X_HE_T114_01,0,0.0,0
knn,1,SR386_40X_HE_T119_01,0,0.0,0
knn,1,SR386_40X_HE_T126_01,0,0.2,0
knn,1,SR386_40X_HE_T130_01,0,0.0,0
knn,1,SR386_40X_HE_T131_01,0,0.0,0
knn,1,SR386_40X_HE_T135_01,0,0.4,0
knn,1,SR386_40X_HE_T140_01,0,0.0,0
knn,1,SR386_40X_HE_T144_01,0,0.0,0
knn,1,SR386_40X_HE_T147_01,0,0.0,0
knn,1,SR386_40X_HE_T148_01,0,0.2,0
knn,1,SR386_40X_HE_T160_01,0,0.0,0
knn,1,SR386_40X_HE_T169_01,0,0.0,0
knn,1,SR386_40X_HE_T170_01,1,0.4,0
knn,1,SR386_40X_HE_T172_01,0,0.2,0
knn,1,SR386_40X_HE_T174_01,0,0.0,0
knn,1,SR386_40X_HE_T181_01,0,0.0,0
knn,1,SR386_40X_HE_T196_01,0,0.0,0
knn,1,SR386_40X_HE_T205_01,0,0.4,0
knn,1,SR386_40X_HE_T209_01,0,0.0,0
knn,1,SR386_40X_HE_T210_01,0,0.2,0
knn,1,SR386_40X_HE_T212_01,0,0.0,0
knn,1,SR386_40X_HE_T221_01,0,0.0,0
knn,1,SR386_40X_HE_T224_01,0,0.0,0
knn,1,SR386_40X_HE_T231_01,1,0.0,0
knn,1,SR386_40X_HE_T232_01,0,0.0,0
knn,1,SR386_40X_HE_T247_01,0,0.0,0
knn,1,SR386_40X_HE_T252_01,0,0.0,0
knn,1,SR386_40X_HE_T255_01,0,0.0,0
knn,1,SR386_40X_HE_T259_01,1,0.0,0
knn,1,SR386_40X_HE_T274_01,0,0.0,0
knn,1,SR386_40X_HE_T275_01,0,0.0,0
knn,1,SR386_40X_HE_T282_01,0,0.0,0
knn,1,SR386_40X_HE_T294_01,0,0.4,0
knn,1,SR386_40X_HE_T311_01,0,0.0,0
knn,1,SR386_40X_HE_T315_01,0,0.2,0
knn,1,SR386_40X_HE_T319_01,1,0.0,0
knn,1,SR386_40X_HE_T324_01,1,0.2,0
knn,1,SR386_40X_HE_T330_01,0,0.0,0
knn,1,SR386_40X_HE_T333_01,0,0.0,0
knn,1,SR386_40X_HE_T335_01,0,0.0,0
knn,1,SR386_40X_HE_T337_01,0,0.0,0
knn,1,SR386_40X_HE_T344_01,0,0.0,0
knn,1,SR386_40X_HE_T347_01,0,0.0,0
knn,1,SR386_40X_HE_T350_01,0,0.0,0
knn,1,SR386_40X_HE_T351_01,0,0.0,0
knn,1,SR386_40X_HE_T360_01,0,0.0,0
knn,1,SR386_40X_HE_T361_01,0,0.2,0
knn,1,SR386_40X_HE_T366_01,0,0.0,0
knn,1,SR386_40X_HE_T377_01,1,0.2,0
knn,1,SR386_40X_HE_T384_01,0,0.0,0
knn,1,SR386_40X_HE_T395_01,0,0.0,0
knn,1,SR386_40X_HE_T396_01,0,0.0,0
knn,1,SR386_40X_HE_T401_01,0,0.2,0
knn,1,SR386_40X_HE_T408_01,0,0.0,0
knn,1,SR386_40X_HE_T410_01,0,0.0,0
knn,1,SR386_40X_HE_T413_01,0,0.2,0
knn,1,SR386_40X_HE_T416_01,0,0.0,0
knn,1,SR386_40X_HE_T418_01,0,0.0,0
knn,1,SR386_40X_HE_T419_01,0,0.0,0
knn,1,SR386_40X_HE_T421_01,0,0.0,0
knn,1,SR386_40X_HE_T423_01,0,0.2,0
knn,1,SR386_40X_HE_T428_01,0,0.0,0
knn,1,SR386_40X_HE_T430_01,0,0.0,0
knn,1,SR386_40X_HE_T431_01,0,0.0,0
knn,1,SR386_40X_HE_T435_01,0,0.2,0
knn,1,SR386_40X_HE_T438_01,0,0.2,0
knn,1,SR386_40X_HE_T439_01,0,0.4,0
knn,1,SR386_40X_HE_T447_01,0,0.0,0
knn,1,SR386_40X_HE_T449_01,0,0.0,0
knn,1,SR386_40X_HE_T454_01,0,0.0,0
knn,1,SR386_40X_HE_T456_01,0,0.0,0
knn,1,SR386_40X_HE_T461_01,0,0.0,0
knn,1,SR386_40X_HE_T462_01,0,0.0,0
knn,1,SR386_40X_HE_T468_01,0,0.0,0
knn,1,SR386_40X_HE_T469_01,1,0.0,0
knn,1,SR386_40X_HE_T470_01,0,0.0,0
knn,1,SR386_40X_HE_T471_01,0,0.0,0
knn,1,SR386_40X_HE_T477_01,0,0.0,0
knn,1,SR386_40X_HE_T480_01,0,0.2,0
knn,1,SR386_40X_HE_T484_01,0,0.0,0
knn,1,SR386_40X_HE_T495_01,0,0.0,0
knn,1,SR386_40X_HE_T496_01,0,0.0,0
knn,1,SR386_40X_HE_T498_01,0,0.2,0
knn,1,SR386_40X_HE_T504_01,0,0.0,0
knn,1,SR386_40X_HE_T511_01,0,0.0,0
knn,1,SR386_40X_HE_T517_01,0,0.2,0
knn,1,SR386_40X_HE_T523_01,0,0.2,0
knn,1,SR386_40X_HE_T529_01,0,0.0,0
knn,1,SR386_40X_HE_T542_01,0,0.0,0
knn,1,SR386_40X_HE_T569_01,0,0.0,0
knn,1,SR386_40X_HE_T582_01,0,0.0,0
knn,2,SR1482_40X_HE_T009_01,0,0.0,0
knn,2,SR1482_40X_HE_T009_02,0,0.0,0
knn,2,SR1482_40X_HE_T015_01,0,0.0,0
knn,2,SR1482_40X_HE_T021_01,0,0.0,0
knn,2,SR1482_40X_HE_T067_01,0,0.0,0
knn,2,SR1482_40X_HE_T075_01,0,0.0,0
knn,2,SR1482_40X_HE_T075_02,0,0.0,0
knn,2,SR1482_40X_HE_T098_01,0,0.2857142857142857,0
knn,2,SR1482_40X_HE_T098_02,0,0.0,0
knn,2,SR1482_40X_HE_T102_01,0,0.0,0
knn,2,SR1482_40X_HE_T123_01,0,0.0,0
knn,2,SR1482_40X_HE_T142_01,0,0.0,0
knn,2,SR1482_40X_HE_T146_01,0,0.42857142857142855,0
knn,2,SR1482_40X_HE_T148_01,0,0.14285714285714285,0
knn,2,SR1482_40X_HE_T148_02,0,0.14285714285714285,0
knn,2,SR1482_40X_HE_T154_01,0,0.0,0
knn,2,SR1482_40X_HE_T158_01,0,0.0,0
knn,2,SR1482_40X_HE_T161_01,0,0.2857142857142857,0
knn,2,SR1482_40X_HE_T161_02,0,0.0,0
knn,2,SR1482_40X_HE_T164_01,1,0.2857142857142857,0
knn,2,SR1482_40X_HE_T164_02,1,0.14285714285714285,0
knn,2,SR1482_40X_HE_T168_01,0,0.0,0
knn,2,SR1482_40X_HE_T171_01,0,0.0,0
knn,2,SR1482_40X_HE_T171_02,0,0.0,0
knn,2,SR1482_40X_HE_T178_01,1,0.14285714285714285,0
knn,2,SR1482_40X_HE_T186_01,0,0.0,0
knn,2,SR1482_40X_HE_T193_01,0,0.14285714285714285,0
knn,2,SR1482_40X_HE_T193_02,0,0.42857142857142855,0
knn,2,SR1482_40X_HE_T209_01,0,0.0,0
knn,2,SR1482_40X_HE_T209_02,0,0.0,0
knn,2,SR1482_40X_HE_T245_01,0,0.0,0
knn,2,SR1482_40X_HE_T245_02,0,0.14285714285714285,0
knn,2,SR1482_40X_HE_T265_01,0,0.0,0
knn,2,SR1482_40X_HE_T302_01,0,0.0,0
knn,2,SR1482_40X_HE_T343_01,1,0.14285714285714285,0
knn,2,SR1482_40X_HE_T343_02,1,0.0,0
knn,2,SR1482_40X_HE_T399_01,0,0.2857142857142857,0
knn,2,SR1482_40X_HE_T399_02,0,0.14285714285714285,0
knn,2,SR1482_40X_HE_T426_01,0,0.14285714285714285,0
knn,2,SR1482_40X_HE_T426_02,0,0.14285714285714285,0
knn,2,SR386_40X_HE_T001_01,0,0.0,0
knn,2,SR386_40X_HE_T013_01,0,0.0,0
knn,2,SR386_40X_HE_T018_01,0,0.0,0
knn,2,SR386_40X_HE_T019_01,0,0.0,0
knn,2,SR386_40X_HE_T024_01,0,0.0,0
knn,2,SR386_40X_HE_T039_01,0,0.0,0
knn,2,SR386_40X_HE_T040_01,1,0.14285714285714285,0
knn,2,SR386_40X_HE_T042_01,0,0.14285714285714285,0
knn,2,SR386_40X_HE_T047_01,0,0.0,0
knn,2,SR386_40X_HE_T051_01,0,0.0,0
knn,2,SR386_40X_HE_T052_01,0,0.0,0
knn,2,SR386_40X_HE_T056_01,0,0.0,0
knn,2,SR386_40X_HE_T057_01,0,0.0,0
knn,2,SR386_40X_HE_T070_01,0,0.0,0
knn,2,SR386_40X_HE_T082_01,0,0.0,0
knn,2,SR386_40X_HE_T084_01,0,0.14285714285714285,0
knn,2,SR386_40X_HE_T087_01,0,0.0,0
knn,2,SR386_40X_HE_T088_01,0,0.0,0
knn,2,SR386_40X_HE_T098_01,0,0.0,0
knn,2,SR386_40X_HE_T105_01,0,0.0,0
knn,2,SR386_40X_HE_T122_01,0,0.0,0
knn,2,SR386_40X_HE_T123_01,0,0.14285714285714285,0
knn,2,SR386_40X_HE_T133_01,0,0.0,0
knn,2,SR386_40X_HE_T145_01,0,0.0,0
knn,2,SR386_40X_HE_T150_01,0,0.14285714285714285,0
knn,2,SR386_40X_HE_T152_01,0,0.0,0
knn,2,SR386_40X_HE_T155_01,0,0.0,0
knn,2,SR386_40X_HE_T157_01,0,0.0,0
knn,2,SR386_40X_HE_T164_01,0,0.0,0
knn,2,SR386_40X_HE_T166_01,0,0.0,0
knn,2,SR386_40X_HE_T176_01,1,0.14285714285714285,0
knn,2,SR386_40X_HE_T177_01,0,0.0,0
knn,2,SR386_40X_HE_T178_01,0,0.0,0
knn,2,SR386_40X_HE_T187_01,0,0.0,0
knn,2,SR386_40X_HE_T190_01,0,0.0,0
knn,2,SR386_40X_HE_T192_01,0,0.0,0
knn,2,SR386_40X_HE_T198_01,0,0.0,0
knn,2,SR386_40X_HE_T200_01,0,0.14285714285714285,0
knn,2,SR386_40X_HE_T206_01,1,0.14285714285714285,0
knn,2,SR386_40X_HE_T211_01,0,0.0,0
knn,2,SR386_40X_HE_T213_01,0,0.14285714285714285,0
knn,2,SR386_40X_HE_T214_01,0,0.0,0
knn,2,SR386_40X_HE_T220_01,0,0.0,0
knn,2,SR386_40X_HE_T230_01,1,0.14285714285714285,0
knn,2,SR386_40X_HE_T236_01,0,0.0,0
knn,2,SR386_40X_HE_T237_01,0,0.0,0
knn,2,SR386_40X_HE_T240_01,0,0.0,0
knn,2,SR386_40X_HE_T241_01,0,0.0,0
knn,2,SR386_40X_HE_T242_01,0,0.0,0
knn,2,SR386_40X_HE_T253_01,0,0.0,0
knn,2,SR386_40X_HE_T260_01,0,0.0,0
knn,2,SR386_40X_HE_T262_01,0,0.14285714285714285,0
knn,2,SR386_40X_HE_T264_01,0,0.14285714285714285,0
knn,2,SR386_40X_HE_T271_01,0,0.0,0
knn,2,SR386_40X_HE_T281_01,0,0.0,0
knn,2,SR386_40X_HE_T297_01,0,0.0,0
knn,2,SR386_40X_HE_T299_01,0,0.0,0
knn,2,SR386_40X_HE_T301_01,0,0.0,0
knn,2,SR386_40X_HE_T306_01,0,0.0,0
knn,2,SR386_40X_HE_T309_01,0,0.0,0
knn,2,SR386_40X_HE_T314_01,0,0.0,0
knn,2,SR386_40X_HE_T316_01,0,0.0,0
knn,2,SR386_40X_HE_T318_01,0,0.0,0
knn,2,SR386_40X_HE_T321_01,0,0.14285714285714285,0
knn,2,SR386_40X_HE_T326_01,0,0.0,0
knn,2,SR386_40X_HE_T327_01,0,0.0,0
knn,2,SR386_40X_HE_T332_01,1,0.14285714285714285,0
knn,2,SR386_40X_HE_T355_01,0,0.0,0
knn,2,SR386_40X_HE_T364_01,0,0.0,0
knn,2,SR386_40X_HE_T368_01,1,0.0,0
knn,2,SR386_40X_HE_T374_01,0,0.0,0
knn,2,SR386_40X_HE_T380_01,0,0.0,0
knn,2,SR386_40X_HE_T382_01,0,0.0,0
knn,2,SR386_40X_HE_T392_01,0,0.0,0
knn,2,SR386_40X_HE_T398_01,0,0.0,0
knn,2,SR386_40X_HE_T402_01,1,0.0,0
knn,2,SR386_40X_HE_T404_01,0,0.0,0
knn,2,SR386_40X_HE_T415_01,0,0.0,0
knn,2,SR386_40X_HE_T417_01,0,0.0,0
knn,2,SR386_40X_HE_T425_01,0,0.14285714285714285,0
knn,2,SR386_40X_HE_T436_01,1,0.14285714285714285,0
knn,2,SR386_40X_HE_T437_01,0,0.0,0
knn,2,SR386_40X_HE_T440_01,0,0.0,0
knn,2,SR386_40X_HE_T445_01,0,0.0,0
knn,2,SR386_40X_HE_T450_01,0,0.0,0
knn,2,SR386_40X_HE_T459_01,0,0.0,0
knn,2,SR386_40X_HE_T472_01,0,0.0,0
knn,2,SR386_40X_HE_T481_01,0,0.14285714285714285,0
knn,2,SR386_40X_HE_T483_01,0,0.14285714285714285,0
knn,2,SR386_40X_HE_T486_01,0,0.2857142857142857,0
knn,2,SR386_40X_HE_T488_01,0,0.0,0
knn,2,SR386_40X_HE_T499_01,0,0.0,0
knn,2,SR386_40X_HE_T507_01,0,0.14285714285714285,0
knn,2,SR386_40X_HE_T514_01,0,0.0,0
knn,2,SR386_40X_HE_T520_01,1,0.14285714285714285,0
knn,2,SR386_40X_HE_T522_01,0,0.0,0
knn,2,SR386_40X_HE_T531_01,0,0.0,0
knn,2,SR386_40X_HE_T535_01,0,0.0,0
knn,2,SR386_40X_HE_T539_01,0,0.0,0
knn,2,SR386_40X_HE_T549_01,0,0.0,0
knn,2,SR386_40X_HE_T552_01,0,0.0,0
knn,2,SR386_40X_HE_T553_01,0,0.0,0
knn,2,SR386_40X_HE_T554_01,0,0.0,0
knn,2,SR386_40X_HE_T558_01,0,0.0,0
knn,2,SR386_40X_HE_T564_01,0,0.0,0
knn,2,SR386_40X_HE_T570_01,0,0.14285714285714285,0
knn,2,SR386_40X_HE_T574_01,0,0.0,0
knn,2,SR386_40X_HE_T578_01,0,0.0,0
knn,2,SR386_40X_HE_T580_01,0,0.0,0
knn,3,SR1482_40X_HE_T005_01,0,0.0,0
knn,3,SR1482_40X_HE_T005_02,0,0.2,0
knn,3,SR1482_40X_HE_T010_01,0,0.0,0
knn,3,SR1482_40X_HE_T043_01,0,0.0,0
knn,3,SR1482_40X_HE_T043_02,0,0.0,0
knn,3,SR1482_40X_HE_T049_01,0,0.0,0
knn,3,SR1482_40X_HE_T061_01,0,0.2,0
knn,3,SR1482_40X_HE_T061_02,0,0.0,0
knn,3,SR1482_40X_HE_T070_01,1,0.0,0
knn,3,SR1482_40X_HE_T073_01,0,0.0,0
knn,3,SR1482_40X_HE_T082_01,0,0.2,0
knn,3,SR1482_40X_HE_T082_02,0,0.2,0
knn,3,SR1482_40X_HE_T089_01,0,0.0,0
knn,3,SR1482_40X_HE_T090_01,0,0.0,0
knn,3,SR1482_40X_HE_T094_01,1,0.2,0
knn,3,SR1482_40X_HE_T094_02,1,0.0,0
knn,3,SR1482_40X_HE_T105_01,0,0.0,0
knn,3,SR1482_40X_HE_T115_01,0,0.0,0
knn,3,SR1482_40X_HE_T115_02,0,0.0,0
knn,3,SR1482_40X_HE_T118_01,0,0.6,1
knn,3,SR1482_40X_HE_T118_02,0,0.2,0
knn,3,SR1482_40X_HE_T120_01,0,0.4,0
knn,3,SR1482_40X_HE_T120_02,0,0.4,0
knn,3,SR1482_40X_HE_T124_01,0,0.4,0
knn,3,SR1482_40X_HE_T124_02,0,0.2,0
knn,3,SR1482_40X_HE_T138_01,0,0.0,0
knn,3,SR1482_40X_HE_T160_01,0,0.2,0
knn,3,SR1482_40X_HE_T160_02,0,0.2,0
knn,3,SR1482_40X_HE_T167_01,0,0.0,0
knn,3,SR1482_40X_HE_T167_02,0,0.0,0
knn,3,SR1482_40X_HE_T175_01,0,0.2,0
knn,3,SR1482_40X_HE_T175_02,0,0.0,0
knn,3,SR1482_40X_HE_T177_01,1,0.2,0
knn,3,SR1482_40X_HE_T188_01,0,0.0,0
knn,3,SR1482_40X_HE_T195_01,0,0.2,0
knn,3,SR1482_40X_HE_T195_02,0,0.0,0
knn,3,SR1482_40X_HE_T202_01,0,0.0,0
knn,3,SR1482_40X_HE_T202_02,0,0.0,0
knn,3,SR1482_40X_HE_T225_01,0,0.0,0
knn,3,SR1482_40X_HE_T225_02,0,0.0,0
knn,3,SR1482_40X_HE_T235_01,0,0.0,0
knn,3,SR1482_40X_HE_T235_02,0,0.0,0
knn,3,SR1482_40X_HE_T236_01,0,0.2,0
knn,3,SR1482_40X_HE_T236_02,0,0.0,0
knn,3,SR1482_40X_HE_T258_01,0,0.0,0
knn,3,SR1482_40X_HE_T258_02,0,0.2,0
knn,3,SR1482_40X_HE_T284_01,1,0.4,0
knn,3,SR1482_40X_HE_T284_02,1,0.4,0
knn,3,SR1482_40X_HE_T301_01,1,0.0,0
knn,3,SR1482_40X_HE_T301_02,1,0.2,0
knn,3,SR1482_40X_HE_T309_01,0,0.0,0
knn,3,SR1482_40X_HE_T313_01,0,0.0,0
knn,3,SR1482_40X_HE_T313_02,0,0.2,0
knn,3,SR1482_40X_HE_T338_01,0,0.4,0
knn,3,SR1482_40X_HE_T344_01,0,0.0,0
knn,3,SR1482_40X_HE_T344_02,0,0.2,0
knn,3,SR1482_40X_HE_T346_01,0,0.2,0
knn,3,SR1482_40X_HE_T346_02,0,0.2,0
knn,3,SR1482_40X_HE_T377_01,0,0.0,0
knn,3,SR1482_40X_HE_T377_02,0,0.0,0
knn,3,SR1482_40X_HE_T419_01,0,0.0,0
knn,3,SR1482_40X_HE_T427_01,0,0.0,0
knn,3,SR1482_40X_HE_T427_02,0,0.0,0
knn,3,SR386_40X_HE_T007_01,0,0.0,0
knn,3,SR386_40X_HE_T015_01,0,0.0,0
knn,3,SR386_40X_HE_T017_01,1,0.2,0
knn,3,SR386_40X_HE_T032_01,0,0.0,0
knn,3,SR386_40X_HE_T034_01,0,0.0,0
knn,3,SR386_40X_HE_T035_01,0,0.2,0
knn,3,SR386_40X_HE_T041_01,0,0.6,1
knn,3,SR386_40X_HE_T067_01,0,0.0,0
knn,3,SR386_40X_HE_T075_01,0,0.0,0
knn,3,SR386_40X_HE_T081_01,0,0.0,0
knn,3,SR386_40X_HE_T083_01,0,0.2,0
knn,3,SR386_40X_HE_T085_01,0,0.0,0
knn,3,SR386_40X_HE_T095_01,0,0.0,0
knn,3,SR386_40X_HE_T104_01,0,0.2,0
knn,3,SR386_40X_HE_T106_01,0,0.0,0
knn,3,SR386_40X_HE_T112_01,0,0.0,0
knn,3,SR386_40X_HE_T128_01,0,0.0,0
knn,3,SR386_40X_HE_T132_01,0,0.0,0
knn,3,SR386_40X_HE_T138_01,0,0.0,0
knn,3,SR386_40X_HE_T142_01,0,0.2,0
knn,3,SR386_40X_HE_T149_01,0,0.0,0
knn,3,SR386_40X_HE_T165_01,1,0.2,0
knn,3,SR386_40X_HE_T179_01,0,0.0,0
knn,3,SR386_40X_HE_T180_01,0,0.0,0
knn,3,SR386_40X_HE_T182_01,0,0.0,0
knn,3,SR386_40X_HE_T184_01,0,0.2,0
knn,3,SR386_40X_HE_T188_01,0,0.0,0
knn,3,SR386_40X_HE_T191_01,0,0.0,0
knn,3,SR386_40X_HE_T197_01,0,0.0,0
knn,3,SR386_40X_HE_T201_01,0,0.0,0
knn,3,SR386_40X_HE_T202_01,0,0.0,0
knn,3,SR386_40X_HE_T208_01,0,0.0,0
knn,3,SR386_40X_HE_T216_01,1,0.2,0
knn,3,SR386_40X_HE_T238_01,0,0.0,0
knn,3,SR386_40X_HE_T244_01,0,0.0,0
knn,3,SR386_40X_HE_T248_01,0,0.0,0
knn,3,SR386_40X_HE_T249_01,0,0.0,0
knn,3,SR386_40X_HE_T250_01,0,0.0,0
knn,3,SR386_40X_HE_T263_01,0,0.0,0
knn,3,SR386_40X_HE_T267_01,0,0.0,0
knn,3,SR386_40X_HE_T269_01,0,0.0,0
knn,3,SR386_40X_HE_T277_01,0,0.0,0
knn,3,SR386_40X_HE_T286_01,0,0.0,0
knn,3,SR386_40X_HE_T287_01,0,0.0,0
knn,3,SR386_40X_HE_T290_01,0,0.0,0
knn,3,SR386_40X_HE_T293_01,0,0.2,0
knn,3,SR386_40X_HE_T298_01,0,0.0,0
knn,3,SR386_40X_HE_T303_01,0,0.0,0
knn,3,SR386_40X_HE_T312_01,0,0.0,0
knn,3,SR386_40X_HE_T329_01,0,0.2,0
knn,3,SR386_40X_HE_T336_01,0,0.0,0
knn,3,SR386_40X_HE_T338_01,0,0.0,0
knn,3,SR386_40X_HE_T342_01,0,0.0,0
knn,3,SR386_40X_HE_T353_01,0,0.0,0
knn,3,SR386_40X_HE_T357_01,0,0.0,0
knn,3,SR386_40X_HE_T362_01,0,0.0,0
knn,3,SR386_40X_HE_T363_01,1,0.2,0
knn,3,SR386_40X_HE_T372_01,0,0.2,0
knn,3,SR386_40X_HE_T378_01,0,0.0,0
knn,3,SR386_40X_HE_T379_01,0,0.0,0
knn,3,SR386_40X_HE_T386_01,0,0.0,0
knn,3,SR386_40X_HE_T387_01,0,0.0,0
knn,3,SR386_40X_HE_T393_01,0,0.0,0
knn,3,SR386_40X_HE_T397_01,0,0.0,0
knn,3,SR386_40X_HE_T406_01,0,0.0,0
knn,3,SR386_40X_HE_T409_01,0,0.0,0
knn,3,SR386_40X_HE_T422_01,0,0.0,0
knn,3,SR386_40X_HE_T426_01,0,0.0,0
knn,3,SR386_40X_HE_T433_01,0,0.0,0
knn,3,SR386_40X_HE_T443_01,0,0.2,0
knn,3,SR386_40X_HE_T448_01,0,0.0,0
knn,3,SR386_40X_HE_T452_01,0,0.0,0
knn,3,SR386_40X_HE_T460_01,1,0.2,0
knn,3,SR386_40X_HE_T473_01,0,0.0,0
knn,3,SR386_40X_HE_T475_01,0,0.0,0
knn,3,SR386_40X_HE_T478_01,0,0.0,0
knn,3,SR386_40X_HE_T489_01,1,0.2,0
knn,3,SR386_40X_HE_T491_01,0,0.0,0
knn,3,SR386_40X_HE_T492_01,0,0.0,0
knn,3,SR386_40X_HE_T493_01,0,0.0,0
knn,3,SR386_40X_HE_T502_01,0,0.0,0
knn,3,SR386_40X_HE_T505_01,0,0.0,0
knn,3,SR386_40X_HE_T506_01,0,0.0,0
knn,3,SR386_40X_HE_T509_01,0,0.0,0
knn,3,SR386_40X_HE_T516_01,0,0.2,0
knn,3,SR386_40X_HE_T518_01,0,0.0,0
knn,3,SR386_40X_HE_T519_01,0,0.0,0
knn,3,SR386_40X_HE_T521_01,0,0.0,0
knn,3,SR386_40X_HE_T526_01,0,0.0,0
knn,3,SR386_40X_HE_T533_01,0,0.0,0
knn,3,SR386_40X_HE_T543_01,0,0.0,0
knn,3,SR386_40X_HE_T544_01,0,0.0,0
knn,3,SR386_40X_HE_T556_01,1,0.0,0
knn,3,SR386_40X_HE_T560_01,0,0.0,0
knn,3,SR386_40X_HE_T563_01,0,0.0,0
knn,3,SR386_40X_HE_T568_01,0,0.0,0
knn,3,SR386_40X_HE_T571_01,0,0.2,0
knn,3,SR386_40X_HE_T572_01,0,0.0,0
knn,3,SR386_40X_HE_T573_01,0,0.0,0
knn,3,SR386_40X_HE_T583_01,0,0.2,0
knn,4,SR1482_40X_HE_T002_01,0,0.0,0
knn,4,SR1482_40X_HE_T003_01,0,0.0,0
knn,4,SR1482_40X_HE_T004_01,0,0.0,0
knn,4,SR1482_40X_HE_T004_02,0,0.0,0
knn,4,SR1482_40X_HE_T011_01,0,0.0,0
knn,4,SR1482_40X_HE_T025_01,0,0.0,0
knn,4,SR1482_40X_HE_T025_02,0,0.0,0
knn,4,SR1482_40X_HE_T060_01,0,0.0,0
knn,4,SR1482_40X_HE_T062_01,0,0.0,0
knn,4,SR1482_40X_HE_T062_02,0,0.6666666666666666,1
knn,4,SR1482_40X_HE_T064_01,0,0.3333333333333333,0
knn,4,SR1482_40X_HE_T064_02,0,0.3333333333333333,0
knn,4,SR1482_40X_HE_T071_01,0,0.3333333333333333,0
knn,4,SR1482_40X_HE_T071_02,0,0.0,0
knn,4,SR1482_40X_HE_T074_01,0,0.3333333333333333,0
knn,4,SR1482_40X_HE_T074_02,0,0.3333333333333333,0
knn,4,SR1482_40X_HE_T083_01,0,0.3333333333333333,0
knn,4,SR1482_40X_HE_T083_02,0,0.6666666666666666,1
knn,4,SR1482_40X_HE_T087_01,0,0.0,0
knn,4,SR1482_40X_HE_T097_01,1,0.3333333333333333,0
knn,4,SR1482_40X_HE_T097_02,1,0.0,0
knn,4,SR1482_40X_HE_T108_01,0,0.0,0
knn,4,SR1482_40X_HE_T113_01,0,0.3333333333333333,0
knn,4,SR1482_40X_HE_T113_02,0,0.3333333333333333,0
knn,4,SR1482_40X_HE_T121_01,0,0.0,0
knn,4,SR1482_40X_HE_T122_01,0,0.0,0
knn,4,SR1482_40X_HE_T125_01,0,0.0,0
knn,4,SR1482_40X_HE_T125_02,0,0.3333333333333333,0
knn,4,SR1482_40X_HE_T131_01,0,0.0,0
knn,4,SR1482_40X_HE_T131_02,0,0.0,0
knn,4,SR1482_40X_HE_T132_01,0,0.0,0
knn,4,SR1482_40X_HE_T132_02,0,0.0,0
knn,4,SR1482_40X_HE_T143_01,0,0.0,0
knn,4,SR1482_40X_HE_T143_02,0,0.0,0
knn,4,SR1482_40X_HE_T166_01,1,0.0,0
knn,4,SR1482_40X_HE_T169_01,0,0.6666666666666666,1
knn,4,SR1482_40X_HE_T176_01,1,0.6666666666666666,1
knn,4,SR1482_40X_HE_T176_02,1,0.0,0
knn,4,SR1482_40X_HE_T191_01,0,0.0,0
knn,4,SR1482_40X_HE_T194_01,0,0.6666666666666666,1
knn,4,SR1482_40X_HE_T218_01,0,0.0,0
knn,4,SR1482_40X_HE_T253_01,0,0.0,0
knn,4,SR1482_40X_HE_T290_01,0,0.0,0
knn,4,SR1482_40X_HE_T308_01,0,0.6666666666666666,1
knn,4,SR1482_40X_HE_T314_01,0,0.3333333333333333,0
knn,4,SR1482_40X_HE_T314_02,0,0.6666666666666666,1
knn,4,SR1482_40X_HE_T372_01,1,0.6666666666666666,1
knn,4,SR1482_40X_HE_T372_02,1,0.0,0
knn,4,SR1482_40X_HE_T408_01,0,0.0,0
knn,4,SR1482_40X_HE_T412_01,0,0.0,0
knn,4,SR1482_40X_HE_T425_01,0,0.0,0
knn,4,SR1482_40X_HE_T434_01,1,0.0,0
knn,4,SR386_40X_HE_T006_01,0,0.0,0
knn,4,SR386_40X_HE_T010_01,0,0.0,0
knn,4,SR386_40X_HE_T014_01,0,0.0,0
knn,4,SR386_40X_HE_T016_01,0,0.0,0
knn,4,SR386_40X_HE_T020_01,0,0.0,0
knn,4,SR386_40X_HE_T027_01,0,0.0,0
knn,4,SR386_40X_HE_T028_01,0,0.0,0
knn,4,SR386_40X_HE_T037_01,0,0.0,0
knn,4,SR386_40X_HE_T043_01,0,0.0,0
knn,4,SR386_40X_HE_T044_01,1,0.3333333333333333,0
knn,4,SR386_40X_HE_T046_01,0,0.0,0
knn,4,SR386_40X_HE_T058_01,0,0.0,0
knn,4,SR386_40X_HE_T062_01,0,0.0,0
knn,4,SR386_40X_HE_T065_01,1,0.0,0
knn,4,SR386_40X_HE_T080_01,0,0.0,0
knn,4,SR386_40X_HE_T091_01,0,0.0,0
knn,4,SR386_40X_HE_T094_01,0,0.0,0
knn,4,SR386_40X_HE_T097_01,0,0.0,0
knn,4,SR386_40X_HE_T100_01,0,0.0,0
knn,4,SR386_40X_HE_T107_01,0,0.0,0
knn,4,SR386_40X_HE_T109_01,1,0.0,0
knn,4,SR386_40X_HE_T110_01,0,0.0,0
knn,4,SR386_40X_HE_T117_01,0,0.0,0
knn,4,SR386_40X_HE_T127_01,0,0.0,0
knn,4,SR386_40X_HE_T129_01,0,0.0,0
knn,4,SR386_40X_HE_T136_01,0,0.0,0
knn,4,SR386_40X_HE_T154_01,0,0.0,0
knn,4,SR386_40X_HE_T168_01,1,0.0,0
knn,4,SR386_40X_HE_T175_01,0,0.0,0
knn,4,SR386_40X_HE_T189_01,0,0.0,0
knn,4,SR386_40X_HE_T195_01,0,0.0,0
knn,4,SR386_40X_HE_T227_01,0,0.0,0
knn,4,SR386_40X_HE_T233_01,0,0.0,0
knn,4,SR386_40X_HE_T234_01,0,0.0,0
knn,4,SR386_40X_HE_T235_01,0,0.0,0
knn,4,SR386_40X_HE_T239_01,0,0.0,0
knn,4,SR386_40X_HE_T245_01,0,0.0,0
knn,4,SR386_40X_HE_T256_01,0,0.0,0
knn,4,SR386_40X_HE_T265_01,0,0.0,0
knn,4,SR386_40X_HE_T268_01,0,0.0,0
knn,4,SR386_40X_HE_T270_01,0,0.0,0
knn,4,SR386_40X_HE_T272_01,0,0.0,0
knn,4,SR386_40X_HE_T273_01,0,0.0,0
knn,4,SR386_40X_HE_T276_01,0,0.6666666666666666,1
knn,4,SR386_40X_HE_T278_01,1,0.3333333333333333,0
knn,4,SR386_40X_HE_T284_01,0,0.0,0
knn,4,SR386_40X_HE_T285_01,0,0.0,0
knn,4,SR386_40X_HE_T288_01,0,0.0,0
knn,4,SR386_40X_HE_T291_01,0,0.0,0
knn,4,SR386_40X_HE_T300_01,0,0.0,0
knn,4,SR386_40X_HE_T302_01,0,0.0,0
knn,4,SR386_40X_HE_T305_01,0,0.0,0
knn,4,SR386_40X_HE_T308_01,0,0.0,0
knn,4,SR386_40X_HE_T325_01,0,0.0,0
knn,4,SR386_40X_HE_T331_01,0,0.3333333333333333,0
knn,4,SR386_40X_HE_T341_01,0,0.0,0
knn,4,SR386_40X_HE_T343_01,1,0.0,0
knn,4,SR386_40X_HE_T346_01,0,0.0,0
knn,4,SR386_40X_HE_T352_01,0,0.0,0
knn,4,SR386_40X_HE_T373_01,0,0.0,0
knn,4,SR386_40X_HE_T375_01,0,0.3333333333333333,0
knn,4,SR386_40X_HE_T381_01,0,0.0,0
knn,4,SR386_40X_HE_T389_01,0,0.0,0
knn,4,SR386_40X_HE_T391_01,0,0.0,0
knn,4,SR386_40X_HE_T394_01,0,0.0,0
knn,4,SR386_40X_HE_T399_01,0,0.0,0
knn,4,SR386_40X_HE_T403_01,0,0.0,0
knn,4,SR386_40X_HE_T405_01,0,0.3333333333333333,0
knn,4,SR386_40X_HE_T407_01,0,0.0,0
knn,4,SR386_40X_HE_T414_01,0,0.0,0
knn,4,SR386_40X_HE_T424_01,0,0.0,0
knn,4,SR386_40X_HE_T429_01,0,0.0,0
knn,4,SR386_40X_HE_T441_01,0,0.3333333333333333,0
knn,4,SR386_40X_HE_T451_01,0,0.0,0
knn,4,SR386_40X_HE_T453_01,0,0.0,0
knn,4,SR386_40X_HE_T455_01,0,0.0,0
knn,4,SR386_40X_HE_T465_01,0,0.0,0
knn,4,SR386_40X_HE_T474_01,0,0.3333333333333333,0
knn,4,SR386_40X_HE_T476_01,0,0.3333333333333333,0
knn,4,SR386_40X_HE_T479_01,0,0.0,0
knn,4,SR386_40X_HE_T482_01,0,0.0,0
knn,4,SR386_40X_HE_T487_01,0,0.0,0
knn,4,SR386_40X_HE_T490_01,0,0.0,0
knn,4,SR386_40X_HE_T494_01,0,0.0,0
knn,4,SR386_40X_HE_T500_01,0,0.0,0
knn,4,SR386_40X_HE_T510_01,0,0.0,0
knn,4,SR386_40X_HE_T524_01,0,0.0,0
knn,4,SR386_40X_HE_T528_01,0,0.0,0
knn,4,SR386_40X_HE_T532_01,0,0.0,0
knn,4,SR386_40X_HE_T534_01,0,0.3333333333333333,0
knn,4,SR386_40X_HE_T536_01,0,0.0,0
knn,4,SR386_40X_HE_T537_01,0,0.0,0
knn,4,SR386_40X_HE_T541_01,0,0.0,0
knn,4,SR386_40X_HE_T548_01,1,0.0,0
knn,4,SR386_40X_HE_T550_01,0,0.3333333333333333,0
knn,4,SR386_40X_HE_T551_01,0,0.0,0
knn,4,SR386_40X_HE_T557_01,0,0.0,0
knn,4,SR386_40X_HE_T565_01,0,0.0,0
knn,4,SR386_40X_HE_T567_01,0,0.0,0
knn,4,SR386_40X_HE_T575_01,0,0.6666666666666666,1
knn,4,SR386_40X_HE_T576_01,0,0.0,0
knn,4,SR386_40X_HE_T581_01,0,0.3333333333333333,0
proto,1,SR1482_40X_HE_T029_01,0,0.5065927505493164,1
proto,1,SR1482_40X_HE_T029_02,0,0.5066550374031067,1
proto,1,SR1482_40X_HE_T057_01,0,0.4964146316051483,0
proto,1,SR1482_40X_HE_T063_01,1,0.5174441337585449,1
proto,1,SR1482_40X_HE_T063_02,1,0.5156019926071167,1
proto,1,SR1482_40X_HE_T065_01,0,0.5042373538017273,1
proto,1,SR1482_40X_HE_T065_02,0,0.5015522837638855,1
proto,1,SR1482_40X_HE_T066_01,0,0.5103129744529724,1
proto,1,SR1482_40X_HE_T066_02,0,0.5190380811691284,1
proto,1,SR1482_40X_HE_T068_01,0,0.49179327487945557,0
proto,1,SR1482_40X_HE_T069_01,0,0.5084094405174255,1
proto,1,SR1482_40X_HE_T069_02,0,0.5085000991821289,1
proto,1,SR1482_40X_HE_T079_01,1,0.516132116317749,1
proto,1,SR1482_40X_HE_T079_02,1,0.5180213451385498,1
proto,1,SR1482_40X_HE_T080_01,0,0.5027065277099609,1
proto,1,SR1482_40X_HE_T080_02,0,0.5109755992889404,1
proto,1,SR1482_40X_HE_T081_01,0,0.510076642036438,1
proto,1,SR1482_40X_HE_T081_02,0,0.5037863254547119,1
proto,1,SR1482_40X_HE_T099_01,0,0.491718590259552,0
proto,1,SR1482_40X_HE_T116_01,0,0.504569947719574,1
proto,1,SR1482_40X_HE_T117_01,0,0.5051844716072083,1
proto,1,SR1482_40X_HE_T117_02,0,0.5058368444442749,1
proto,1,SR1482_40X_HE_T126_01,0,0.5055760145187378,1
proto,1,SR1482_40X_HE_T129_01,0,0.51069575548172,1
proto,1,SR1482_40X_HE_T129_02,0,0.5166419148445129,1
proto,1,SR1482_40X_HE_T139_01,0,0.506807267665863,1
proto,1,SR1482_40X_HE_T139_02,0,0.5086625218391418,1
proto,1,SR1482_40X_HE_T147_01,0,0.5119175314903259,1
proto,1,SR1482_40X_HE_T147_02,0,0.517643928527832,1
proto,1,SR1482_40X_HE_T159_01,0,0.5080965161323547,1
proto,1,SR1482_40X_HE_T159_02,0,0.5077357888221741,1
proto,1,SR1482_40X_HE_T192_01,0,0.5096042156219482,1
proto,1,SR1482_40X_HE_T199_01,0,0.50473552942276,1
proto,1,SR1482_40X_HE_T304_01,0,0.5020358562469482,1
proto,1,SR1482_40X_HE_T304_02,0,0.5049170851707458,1
proto,1,SR1482_40X_HE_T310_01,1,0.5132912993431091,1
proto,1,SR1482_40X_HE_T310_02,1,0.5154867768287659,1
proto,1,SR1482_40X_HE_T341_01,0,0.4959182143211365,0
proto,1,SR1482_40X_HE_T341_02,0,0.49877792596817017,0
proto,1,SR1482_40X_HE_T353_01,0,0.49463728070259094,0
proto,1,SR1482_40X_HE_T390_01,0,0.4935145080089569,0
proto,1,SR1482_40X_HE_T433_01,1,0.5103895664215088,1
proto,1,SR386_40X_HE_T003_01,0,0.4843580722808838,0
proto,1,SR386_40X_HE_T004_01,0,0.48919856548309326,0
proto,1,SR386_40X_HE_T022_01,1,0.4963389039039612,0
proto,1,SR386_40X_HE_T030_01,0,0.4933987855911255,0
proto,1,SR386_40X_HE_T033_01,0,0.4872598946094513,0
proto,1,SR386_40X_HE_T036_01,0,0.48534268140792847,0
proto,1,SR386_40X_HE_T038_01,0,0.4836684763431549,0
proto,1,SR386_40X_HE_T049_01,0,0.4800826609134674,0
proto,1,SR386_40X_HE_T050_01,0,0.5093833208084106,1
proto,1,SR386_40X_HE_T060_01,0,0.4959455728530884,0
proto,1,SR386_40X_HE_T063_01,0,0.4927675127983093,0
proto,1,SR386_40X_HE_T066_01,0,0.49047160148620605,0
proto,1,SR386_40X_HE_T069_01,0,0.4899854362010956,0
proto,1,SR386_40X_HE_T072_01,0,0.4858100712299347,0
proto,1,SR386_40X_HE_T074_01,0,0.48258650302886963,0
proto,1,SR386_40X_HE_T078_01,0,0.48331913352012634,0
proto,1,SR386_40X_HE_T079_01,0,0.4788849353790283,0
proto,1,SR386_40X_HE_T092_01,1,0.4905461072921753,0
proto,1,SR386_40X_HE_T096_01,0,0.480785071849823,0
proto,1,SR386_40X_HE_T099_01,0,0.49699223041534424,0
proto,1,SR386_40X_HE_T103_01,0,0.48902279138565063,0
proto,1,SR386_40X_HE_T108_01,0,0.48404762148857117,0
proto,1,SR386_40X_HE_T113_01,0,0.4854871332645416,0
proto,1,SR386_40X_HE_T114_01,0,0.4842551648616791,0
proto,1,SR386_40X_HE_T119_01,0,0.48391884565353394,0
proto,1,SR386_40X_HE_T126_01,0,0.4923112392425537,0
proto,1,SR386_40X_HE_T130_01,0,0.4790595471858978,0
proto,1,SR386_40X_HE_T131_01,0,0.48800626397132874,0
proto,1,SR386_40X_HE_T135_01,0,0.4928658902645111,0
proto,1,SR386_40X_HE_T140_01,0,0.48399046063423157,0
proto,1,SR386_40X_HE_T144_01,0,0.4930558204650879,0
proto,1,SR386_40X_HE_T147_01,0,0.48801568150520325,0
proto,1,SR386_40X_HE_T148_01,0,0.4917173385620117,0
proto,1,SR386_40X_HE_T160_01,0,0.4803808331489563,0
proto,1,SR386_40X_HE_T169_01,0,0.495523601770401,0
proto,1,SR386_40X_HE_T170_01,1,0.4933977425098419,0
proto,1,SR386_40X_HE_T172_01,0,0.4904317855834961,0
proto,1,SR386_40X_HE_T174_01,0,0.4864141345024109,0
proto,1,SR386_40X_HE_T181_01,0,0.4899274408817291,0
proto,1,SR386_40X_HE_T196_01,0,0.4893667995929718,0
proto,1,SR386_40X_HE_T205_01,0,0.5074729919433594,1
proto,1,SR386_40X_HE_T209_01,0,0.48175978660583496,0
proto,1,SR386_40X_HE_T210_01,0,0.5037609934806824,1
proto,1,SR386_40X_HE_T212_01,0,0.49539685249328613,0
proto,1,SR386_40X_HE_T221_01,0,0.4837571680545807,0
proto,1,SR386_40X_HE_T224_01,0,0.49421563744544983,0
proto,1,SR386_40X_HE_T231_01,1,0.5087097883224487,1
proto,1,SR386_40X_HE_T232_01,0,0.48395803570747375,0
proto,1,SR386_40X_HE_T247_01,0,0.4959021210670471,0
proto,1,SR386_40X_HE_T252_01,0,0.4819446802139282,0
proto,1,SR386_40X_HE_T255_01,0,0.500575065612793,1
proto,1,SR386_40X_HE_T259_01,1,0.49194663763046265,0
proto,1,SR386_40X_HE_T274_01,0,0.485961377620697,0
proto,1,SR386_40X_HE_T275_01,0,0.4933835566043854,0
proto,1,SR386_40X_HE_T282_01,0,0.4845505654811859,0
proto,1,SR386_40X_HE_T294_01,0,0.49803632497787476,0
proto,1,SR386_40X_HE_T311_01,0,0.48689907789230347,0
proto,1,SR386_40X_HE_T315_01,0,0.4925636351108551,0
proto,1,SR386_40X_HE_T319_01,1,0.48677074909210205,0
proto,1,SR386_40X_HE_T324_01,1,0.49325698614120483,0
proto,1,SR386_40X_HE_T330_01,0,0.48470455408096313,0
proto,1,SR386_40X_HE_T333_01,0,0.4844914972782135,0
proto,1,SR386_40X_HE_T335_01,0,0.4936400353908539,0
proto,1,SR386_40X_HE_T337_01,0,0.49300459027290344,0
proto,1,SR386_40X_HE_T344_01,0,0.48767462372779846,0
proto,1,SR386_40X_HE_T347_01,0,0.4860568046569824,0
proto,1,SR386_40X_HE_T350_01,0,0.4906761646270752,0
proto,1,SR386_40X_HE_T351_01,0,0.49998658895492554,0
proto,1,SR386_40X_HE_T360_01,0,0.49116072058677673,0
proto,1,SR386_40X_HE_T361_01,0,0.4982379674911499,0
proto,1,SR386_40X_HE_T366_01,0,0.48487186431884766,0
proto,1,SR386_40X_HE_T377_01,1,0.492898166179657,0
proto,1,SR386_40X_HE_T384_01,0,0.47987598180770874,0
proto,1,SR386_40X_HE_T395_01,0,0.49892184138298035,0
proto,1,SR386_40X_HE_T396_01,0,0.48385748267173767,0
proto,1,SR386_40X_HE_T401_01,0,0.49564895033836365,0
proto,1,SR386_40X_HE_T408_01,0,0.4832102656364441,0
proto,1,SR386_40X_HE_T410_01,0,0.49199968576431274,0
proto,1,SR386_40X_HE_T413_01,0,0.4987265467643738,0
proto,1,SR386_40X_HE_T416_01,0,0.4984424412250519,0
proto,1,SR386_40X_HE_T418_01,0,0.4851432144641876,0
proto,1,SR386_40X_HE_T419_01,0,0.4916346073150635,0
proto,1,SR386_40X_HE_T421_01,0,0.49866145849227905,0
proto,1,SR386_40X_HE_T423_01,0,0.49783894419670105,0
proto,1,SR386_40X_HE_T428_01,0,0.4931171238422394,0
proto,1,SR386_40X_HE_T430_01,0,0.48399287462234497,0
proto,1,SR386_40X_HE_T431_01,0,0.4849492311477661,0
proto,1,SR386_40X_HE_T435_01,0,0.49486663937568665,0
proto,1,SR386_40X_HE_T438_01,0,0.4851982891559601,0
proto,1,SR386_40X_HE_T439_01,0,0.5059142708778381,1
proto,1,SR386_40X_HE_T447_01,0,0.48295116424560547,0
proto,1,SR386_40X_HE_T449_01,0,0.4870670437812805,0
proto,1,SR386_40X_HE_T454_01,0,0.48277366161346436,0
proto,1,SR386_40X_HE_T456_01,0,0.48798835277557373,0
proto,1,SR386_40X_HE_T461_01,0,0.4918042719364166,0
proto,1,SR386_40X_HE_T462_01,0,0.4883645176887512,0
proto,1,SR386_40X_HE_T468_01,0,0.4843772351741791,0
proto,1,SR386_40X_HE_T469_01,1,0.5074371695518494,1
proto,1,SR386_40X_HE_T470_01,0,0.4891895651817322,0
proto,1,SR386_40X_HE_T471_01,0,0.49471303820610046,0
proto,1,SR386_40X_HE_T477_01,0,0.49115291237831116,0
proto,1,SR386_40X_HE_T480_01,0,0.49077001214027405,0
proto,1,SR386_40X_HE_T484_01,0,0.48400023579597473,0
proto,1,SR386_40X_HE_T495_01,0,0.47735917568206787,0
proto,1,SR386_40X_HE_T496_01,0,0.48346146941185,0
proto,1,SR386_40X_HE_T498_01,0,0.4954177141189575,0
proto,1,SR386_40X_HE_T504_01,0,0.4880463480949402,0
proto,1,SR386_40X_HE_T511_01,0,0.49014320969581604,0
proto,1,SR386_40X_HE_T517_01,0,0.5004618763923645,1
proto,1,SR386_40X_HE_T523_01,0,0.4882175326347351,0
proto,1,SR386_40X_HE_T529_01,0,0.4833187460899353,0
proto,1,SR386_40X_HE_T542_01,0,0.49000945687294006,0
proto,1,SR386_40X_HE_T569_01,0,0.4879690706729889,0
proto,1,SR386_40X_HE_T582_01,0,0.48524972796440125,0
proto,2,SR1482_40X_HE_T009_01,0,0.5004992485046387,1
proto,2,SR1482_40X_HE_T009_02,0,0.5025091767311096,1
proto,2,SR1482_40X_HE_T015_01,0,0.5049182176589966,1
proto,2,SR1482_40X_HE_T021_01,0,0.49736452102661133,0
proto,2,SR1482_40X_HE_T067_01,0,0.5023084878921509,1
proto,2,SR1482_40X_HE_T075_01,0,0.5024117231369019,1
proto,2,SR1482_40X_HE_T075_02,0,0.503850519657135,1
proto,2,SR1482_40X_HE_T098_01,0,0.5071245431900024,1
proto,2,SR1482_40X_HE_T098_02,0,0.5020843744277954,1
proto,2,SR1482_40X_HE_T102_01,0,0.5043821930885315,1
proto,2,SR1482_40X_HE_T123_01,0,0.4971485733985901,0
proto,2,SR1482_40X_HE_T142_01,0,0.4934796690940857,0
proto,2,SR1482_40X_HE_T146_01,0,0.519034743309021,1
proto,2,SR1482_40X_HE_T148_01,0,0.5065212845802307,1
proto,2,SR1482_40X_HE_T148_02,0,0.5064866542816162,1
proto,2,SR1482_40X_HE_T154_01,0,0.49699515104293823,0
proto,2,SR1482_40X_HE_T158_01,0,0.49758610129356384,0
proto,2,SR1482_40X_HE_T161_01,0,0.516416609287262,1
proto,2,SR1482_40X_HE_T161_02,0,0.505496621131897,1
proto,2,SR1482_40X_HE_T164_01,1,0.5086820721626282,1
proto,2,SR1482_40X_HE_T164_02,1,0.5108423829078674,1
proto,2,SR1482_40X_HE_T168_01,0,0.4978501498699188,0
proto,2,SR1482_40X_HE_T171_01,0,0.5062589645385742,1
proto,2,SR1482_40X_HE_T171_02,0,0.5083641409873962,1
proto,2,SR1482_40X_HE_T178_01,1,0.5106540322303772,1
proto,2,SR1482_40X_HE_T186_01,0,0.4995570480823517,0
proto,2,SR1482_40X_HE_T193_01,0,0.5165600776672363,1
proto,2,SR1482_40X_HE_T193_02,0,0.5171751976013184,1
proto,2,SR1482_40X_HE_T209_01,0,0.5027556419372559,1
proto,2,SR1482_40X_HE_T209_02,0,0.5039454102516174,1
proto,2,SR1482_40X_HE_T245_01,0,0.5115740299224854,1
proto,2,SR1482_40X_HE_T245_02,0,0.5130342841148376,1
proto,2,SR1482_40X_HE_T265_01,0,0.4935632646083832,0
proto,2,SR1482_40X_HE_T302_01,0,0.5077099204063416,1
proto,2,SR1482_40X_HE_T343_01,1,0.5163472890853882,1
proto,2,SR1482_40X_HE_T343_02,1,0.5130521059036255,1
proto,2,SR1482_40X_HE_T399_01,0,0.5121510624885559,1
proto,2,SR1482_40X_HE_T399_02,0,0.507978618144989,1
proto,2,SR1482_40X_HE_T426_01,0,0.5027982592582703,1
proto,2,SR1482_40X_HE_T426_02,0,0.5051661133766174,1
proto,2,SR386_40X_HE_T001_01,0,0.48280125856399536,0
proto,2,SR386_40X_HE_T013_01,0,0.48627644777297974,0
proto,2,SR386_40X_HE_T018_01,0,0.48221057653427124,0
proto,2,SR386_40X_HE_T019_01,0,0.49269628524780273,0
proto,2,SR386_40X_HE_T024_01,0,0.48138681054115295,0
proto,2,SR386_40X_HE_T039_01,0,0.4784126579761505,0
proto,2,SR386_40X_HE_T040_01,1,0.4915233254432678,0
proto,2,SR386_40X_HE_T042_01,0,0.48329800367355347,0
proto,2,SR386_40X_HE_T047_01,0,0.490656316280365,0
proto,2,SR386_40X_HE_T051_01,0,0.479422390460968,0
proto,2,SR386_40X_HE_T052_01,0,0.4792901277542114,0
proto,2,SR386_40X_HE_T056_01,0,0.4774075150489807,0
proto,2,SR386_40X_HE_T057_01,0,0.48536962270736694,0
proto,2,SR386_40X_HE_T070_01,0,0.48064982891082764,0
proto,2,SR386_40X_HE_T082_01,0,0.497728168964386,0
proto,2,SR386_40X_HE_T084_01,0,0.5105243921279907,1
proto,2,SR386_40X_HE_T087_01,0,0.4870830476284027,0
proto,2,SR386_40X_HE_T088_01,0,0.48306071758270264,0
proto,2,SR386_40X_HE_T098_01,0,0.48495593667030334,0
proto,2,SR386_40X_HE_T105_01,0,0.48242881894111633,0
proto,2,SR386_40X_HE_T122_01,0,0.4866501986980438,0
proto,2,SR386_40X_HE_T123_01,0,0.4884840250015259,0
proto,2,SR386_40X_HE_T133_01,0,0.4848785698413849,0
proto,2,SR386_40X_HE_T145_01,0,0.48561522364616394,0
proto,2,SR386_40X_HE_T150_01,0,0.4883212149143219,0
proto,2,SR386_40X_HE_T152_01,0,0.48499518632888794,0
proto,2,SR386_40X_HE_T155_01,0,0.48267844319343567,0
proto,2,SR386_40X_HE_T157_01,0,0.4971782863140106,0
proto,2,SR386_40X_HE_T164_01,0,0.48347556591033936,0
proto,2,SR386_40X_HE_T166_01,0,0.49136489629745483,0
proto,2,SR386_40X_HE_T176_01,1,0.48688817024230957,0
proto,2,SR386_40X_HE_T177_01,0,0.48680761456489563,0
proto,2,SR386_40X_HE_T178_01,0,0.48268577456474304,0
proto,2,SR386_40X_HE_T187_01,0,0.48808449506759644,0
proto,2,SR386_40X_HE_T190_01,0,0.4822007715702057,0
proto,2,SR386_40X_HE_T192_01,0,0.4827916622161865,0
proto,2,SR386_40X_HE_T198_01,0,0.49326691031455994,0
proto,2,SR386_40X_HE_T200_01,0,0.4859172999858856,0
proto,2,SR386_40X_HE_T206_01,1,0.4971058964729309,0
proto,2,SR386_40X_HE_T211_01,0,0.49419841170310974,0
proto,2,SR386_40X_HE_T213_01,0,0.4964471459388733,0
proto,2,SR386_40X_HE_T214_01,0,0.5020533204078674,1
proto,2,SR386_40X_HE_T220_01,0,0.48965904116630554,0
proto,2,SR386_40X_HE_T230_01,1,0.5021321177482605,1
proto,2,SR386_40X_HE_T236_01,0,0.4844878613948822,0
proto,2,SR386_40X_HE_T237_01,0,0.4889282286167145,0
proto,2,SR386_40X_HE_T240_01,0,0.4834417998790741,0
proto,2,SR386_40X_HE_T241_01,0,0.4849007725715637,0
proto,2,SR386_40X_HE_T242_01,0,0.48238641023635864,0
proto,2,SR386_40X_HE_T253_01,0,0.4809342324733734,0
proto,2,SR386_40X_HE_T260_01,0,0.502900242805481,1
proto,2,SR386_40X_HE_T262_01,0,0.5034762620925903,1
proto,2,SR386_40X_HE_T264_01,0,0.49845024943351746,0
proto,2,SR386_40X_HE_T271_01,0,0.4897918105125427,0
proto,2,SR386_40X_HE_T281_01,0,0.4846855700016022,0
proto,2,SR386_40X_HE_T297_01,0,0.47979018092155457,0
proto,2,SR386_40X_HE_T299_01,0,0.482021689414978,0
proto,2,SR386_40X_HE_T301_01,0,0.4820263683795929,0
proto,2,SR386_40X_HE_T306_01,0,0.4835641086101532,0
proto,2,SR386_40X_HE_T309_01,0,0.48420095443725586,0
proto,2,SR386_40X_HE_T314_01,0,0.4902634024620056,0
proto,2,SR386_40X_HE_T316_01,0,0.4991382956504822,0
proto,2,SR386_40X_HE_T318_01,0,0.5035039186477661,1
proto,2,SR386_40X_HE_T321_01,0,0.4853704869747162,0
proto,2,SR386_40X_HE_T326_01,0,0.485029011964798,0
proto,2,SR386_40X_HE_T327_01,0,0.4770449697971344,0
proto,2,SR386_40X_HE_T332_01,1,0.4927794635295868,0
proto,2,SR386_40X_HE_T355_01,0,0.4836781322956085,0
proto,2,SR386_40X_HE_T364_01,0,0.48841992020606995,0
proto,2,SR386_40X_HE_T368_01,1,0.49931958317756653,0
proto,2,SR386_40X_HE_T374_01,0,0.479905366897583,0
proto,2,SR386_40X_HE_T380_01,0,0.4753147065639496,0
proto,2,SR386_40X_HE_T382_01,0,0.48214298486709595,0
proto,2,SR386_40X_HE_T392_01,0,0.47901496291160583,0
proto,2,SR386_40X_HE_T398_01,0,0.49146705865859985,0
proto,2,SR386_40X_HE_T402_01,1,0.5074928998947144,1
proto,2,SR386_40X_HE_T404_01,0,0.4782603085041046,0
proto,2,SR386_40X_HE_T415_01,0,0.4794234335422516,0
proto,2,SR386_40X_HE_T417_01,0,0.4783320426940918,0
proto,2,SR386_40X_HE_T425_01,0,0.48528730869293213,0
proto,2,SR386_40X_HE_T436_01,1,0.49650660157203674,0
proto,2,SR386_40X_HE_T437_01,0,0.4881988763809204,0
proto,2,SR386_40X_HE_T440_01,0,0.4944753348827362,0
proto,2,SR386_40X_HE_T445_01,0,0.48306599259376526,0
proto,2,SR386_40X_HE_T450_01,0,0.4828770160675049,0
proto,2,SR386_40X_HE_T459_01,0,0.500743567943573,1
proto,2,SR386_40X_HE_T472_01,0,0.4857955873012543,0
proto,2,SR386_40X_HE_T481_01,0,0.4888426959514618,0
proto,2,SR386_40X_HE_T483_01,0,0.5018529891967773,1
proto,2,SR386_40X_HE_T486_01,0,0.4871695637702942,0
proto,2,SR386_40X_HE_T488_01,0,0.49396321177482605,0
proto,2,SR386_40X_HE_T499_01,0,0.5031774044036865,1
proto,2,SR386_40X_HE_T507_01,0,0.5042507648468018,1
proto,2,SR386_40X_HE_T514_01,0,0.4839610755443573,0
proto,2,SR386_40X_HE_T520_01,1,0.4850523769855499,0
proto,2,SR386_40X_HE_T522_01,0,0.4857381284236908,0
proto,2,SR386_40X_HE_T531_01,0,0.4856038987636566,0
proto,2,SR386_40X_HE_T535_01,0,0.4800982177257538,0
proto,2,SR386_40X_HE_T539_01,0,0.4852280616760254,0
proto,2,SR386_40X_HE_T549_01,0,0.4952962398529053,0
proto,2,SR386_40X_HE_T552_01,0,0.4895836114883423,0
proto,2,SR386_40X_HE_T553_01,0,0.4878247082233429,0
proto,2,SR386_40X_HE_T554_01,0,0.4959106147289276,0
proto,2,SR386_40X_HE_T558_01,0,0.47867336869239807,0
proto,2,SR386_40X_HE_T564_01,0,0.50262451171875,1
proto,2,SR386_40X_HE_T570_01,0,0.48107415437698364,0
proto,2,SR386_40X_HE_T574_01,0,0.4789700210094452,0
proto,2,SR386_40X_HE_T578_01,0,0.4798586070537567,0
proto,2,SR386_40X_HE_T580_01,0,0.4846384823322296,0
proto,3,SR1482_40X_HE_T005_01,0,0.510674238204956,1
proto,3,SR1482_40X_HE_T005_02,0,0.5160598754882812,1
proto,3,SR1482_40X_HE_T010_01,0,0.4975345730781555,0
proto,3,SR1482_40X_HE_T043_01,0,0.5091058611869812,1
proto,3,SR1482_40X_HE_T043_02,0,0.5079683661460876,1
proto,3,SR1482_40X_HE_T049_01,0,0.49610796570777893,0
proto,3,SR1482_40X_HE_T061_01,0,0.516642689704895,1
proto,3,SR1482_40X_HE_T061_02,0,0.5145459771156311,1
proto,3,SR1482_40X_HE_T070_01,1,0.5075966119766235,1
proto,3,SR1482_40X_HE_T073_01,0,0.5006308555603027,1
proto,3,SR1482_40X_HE_T082_01,0,0.508306086063385,1
proto,3,SR1482_40X_HE_T082_02,0,0.5098626017570496,1
proto,3,SR1482_40X_HE_T089_01,0,0.4931720495223999,0
proto,3,SR1482_40X_HE_T090_01,0,0.49948668479919434,0
proto,3,SR1482_40X_HE_T094_01,1,0.5114492774009705,1
proto,3,SR1482_40X_HE_T094_02,1,0.514171302318573,1
proto,3,SR1482_40X_HE_T105_01,0,0.5027605295181274,1
proto,3,SR1482_40X_HE_T115_01,0,0.5023776888847351,1
proto,3,SR1482_40X_HE_T115_02,0,0.5004363656044006,1
proto,3,SR1482_40X_HE_T118_01,0,0.5114777088165283,1
proto,3,SR1482_40X_HE_T118_02,0,0.5110461711883545,1
proto,3,SR1482_40X_HE_T120_01,0,0.5141689777374268,1
proto,3,SR1482_40X_HE_T120_02,0,0.5100133419036865,1
proto,3,SR1482_40X_HE_T124_01,0,0.5203611850738525,1
proto,3,SR1482_40X_HE_T124_02,0,0.5115460753440857,1
proto,3,SR1482_40X_HE_T138_01,0,0.49378809332847595,0
proto,3,SR1482_40X_HE_T160_01,0,0.5033307671546936,1
proto,3,SR1482_40X_HE_T160_02,0,0.5038561820983887,1
proto,3,SR1482_40X_HE_T167_01,0,0.5037726759910583,1
proto,3,SR1482_40X_HE_T167_02,0,0.5016196966171265,1
proto,3,SR1482_40X_HE_T175_01,0,0.5201465487480164,1
proto,3,SR1482_40X_HE_T175_02,0,0.5115748047828674,1
proto,3,SR1482_40X_HE_T177_01,1,0.5020485520362854,1
proto,3,SR1482_40X_HE_T188_01,0,0.5068037509918213,1
proto,3,SR1482_40X_HE_T195_01,0,0.5055386424064636,1
proto,3,SR1482_40X_HE_T195_02,0,0.5072982311248779,1
proto,3,SR1482_40X_HE_T202_01,0,0.5098509192466736,1
proto,3,SR1482_40X_HE_T202_02,0,0.5130152106285095,1
proto,3,SR1482_40X_HE_T225_01,0,0.514549195766449,1
proto,3,SR1482_40X_HE_T225_02,0,0.5068692564964294,1
proto,3,SR1482_40X_HE_T235_01,0,0.5014718174934387,1
proto,3,SR1482_40X_HE_T235_02,0,0.5040466785430908,1
proto,3,SR1482_40X_HE_T236_01,0,0.5005691647529602,1
proto,3,SR1482_40X_HE_T236_02,0,0.5021186470985413,1
proto,3,SR1482_40X_HE_T258_01,0,0.5036579966545105,1
proto,3,SR1482_40X_HE_T258_02,0,0.5111803412437439,1
proto,3,SR1482_40X_HE_T284_01,1,0.5157091021537781,1
proto,3,SR1482_40X_HE_T284_02,1,0.5156509876251221,1
proto,3,SR1482_40X_HE_T301_01,1,0.5053806304931641,1
proto,3,SR1482_40X_HE_T301_02,1,0.5145670175552368,1
proto,3,SR1482_40X_HE_T309_01,0,0.5114820599555969,1
proto,3,SR1482_40X_HE_T313_01,0,0.5052686929702759,1
proto,3,SR1482_40X_HE_T313_02,0,0.5136582255363464,1
proto,3,SR1482_40X_HE_T338_01,0,0.5121546983718872,1
proto,3,SR1482_40X_HE_T344_01,0,0.5046691298484802,1
proto,3,SR1482_40X_HE_T344_02,0,0.5100254416465759,1
proto,3,SR1482_40X_HE_T346_01,0,0.5092380046844482,1
proto,3,SR1482_40X_HE_T346_02,0,0.5084083676338196,1
proto,3,SR1482_40X_HE_T377_01,0,0.5101404786109924,1
proto,3,SR1482_40X_HE_T377_02,0,0.5047112703323364,1
proto,3,SR1482_40X_HE_T419_01,0,0.4949004352092743,0
proto,3,SR1482_40X_HE_T427_01,0,0.5038925409317017,1
proto,3,SR1482_40X_HE_T427_02,0,0.5046041011810303,1
proto,3,SR386_40X_HE_T007_01,0,0.4823189079761505,0
proto,3,SR386_40X_HE_T015_01,0,0.48182493448257446,0
proto,3,SR386_40X_HE_T017_01,1,0.494611531496048,0
proto,3,SR386_40X_HE_T032_01,0,0.47624123096466064,0
proto,3,SR386_40X_HE_T034_01,0,0.47776490449905396,0
proto,3,SR386_40X_HE_T035_01,0,0.4831828773021698,0
proto,3,SR386_40X_HE_T041_01,0,0.49012523889541626,0
proto,3,SR386_40X_HE_T067_01,0,0.481659859418869,0
proto,3,SR386_40X_HE_T075_01,0,0.47924214601516724,0
proto,3,SR386_40X_HE_T081_01,0,0.4868074357509613,0
proto,3,SR386_40X_HE_T083_01,0,0.48120439052581787,0
proto,3,SR386_40X_HE_T085_01,0,0.47480133175849915,0
proto,3,SR386_40X_HE_T095_01,0,0.48531922698020935,0
proto,3,SR386_40X_HE_T104_01,0,0.4832710325717926,0
proto,3,SR386_40X_HE_T106_01,0,0.4789848327636719,0
proto,3,SR386_40X_HE_T112_01,0,0.4804101586341858,0
proto,3,SR386_40X_HE_T128_01,0,0.48004040122032166,0
proto,3,SR386_40X_HE_T132_01,0,0.48108595609664917,0
proto,3,SR386_40X_HE_T138_01,0,0.4783661365509033,0
proto,3,SR386_40X_HE_T142_01,0,0.48937422037124634,0
proto,3,SR386_40X_HE_T149_01,0,0.4834113121032715,0
proto,3,SR386_40X_HE_T165_01,1,0.48210275173187256,0
proto,3,SR386_40X_HE_T179_01,0,0.5012919306755066,1
proto,3,SR386_40X_HE_T180_01,0,0.4865097105503082,0
proto,3,SR386_40X_HE_T182_01,0,0.4797402024269104,0
proto,3,SR386_40X_HE_T184_01,0,0.48295390605926514,0
proto,3,SR386_40X_HE_T188_01,0,0.49289900064468384,0
proto,3,SR386_40X_HE_T191_01,0,0.48422113060951233,0
proto,3,SR386_40X_HE_T197_01,0,0.47952112555503845,0
proto,3,SR386_40X_HE_T201_01,0,0.48248201608657837,0
proto,3,SR386_40X_HE_T202_01,0,0.48072150349617004,0
proto,3,SR386_40X_HE_T208_01,0,0.48011165857315063,0
proto,3,SR386_40X_HE_T216_01,1,0.5021554827690125,1
proto,3,SR386_40X_HE_T238_01,0,0.47953152656555176,0
proto,3,SR386_40X_HE_T244_01,0,0.4981141686439514,0
proto,3,SR386_40X_HE_T248_01,0,0.4758545458316803,0
proto,3,SR386_40X_HE_T249_01,0,0.47918274998664856,0
proto,3,SR386_40X_HE_T250_01,0,0.493502676486969,0
proto,3,SR386_40X_HE_T263_01,0,0.4953955411911011,0
proto,3,SR386_40X_HE_T267_01,0,0.4875846207141876,0
proto,3,SR386_40X_HE_T269_01,0,0.4780997335910797,0
proto,3,SR386_40X_HE_T277_01,0,0.48497337102890015,0
proto,3,SR386_40X_HE_T286_01,0,0.5070483684539795,1
proto,3,SR386_40X_HE_T287_01,0,0.4912315607070923,0
proto,3,SR386_40X_HE_T290_01,0,0.4968443214893341,0
proto,3,SR386_40X_HE_T293_01,0,0.48697733879089355,0
proto,3,SR386_40X_HE_T298_01,0,0.48010921478271484,0
proto,3,SR386_40X_HE_T303_01,0,0.4761846959590912,0
proto,3,SR386_40X_HE_T312_01,0,0.48875007033348083,0
proto,3,SR386_40X_HE_T329_01,0,0.49017271399497986,0
proto,3,SR386_40X_HE_T336_01,0,0.48410215973854065,0
proto,3,SR386_40X_HE_T338_01,0,0.4782447814941406,0
proto,3,SR386_40X_HE_T342_01,0,0.4837060570716858,0
proto,3,SR386_40X_HE_T353_01,0,0.4926483631134033,0
proto,3,SR386_40X_HE_T357_01,0,0.47902050614356995,0
proto,3,SR386_40X_HE_T362_01,0,0.4957808256149292,0
proto,3,SR386_40X_HE_T363_01,1,0.5043490529060364,1
proto,3,SR386_40X_HE_T372_01,0,0.4907543361186981,0
proto,3,SR386_40X_HE_T378_01,0,0.4787037670612335,0
proto,3,SR386_40X_HE_T379_01,0,0.4855477809906006,0
proto,3,SR386_40X_HE_T386_01,0,0.47909998893737793,0
proto,3,SR386_40X_HE_T387_01,0,0.49905142188072205,0
proto,3,SR386_40X_HE_T393_01,0,0.4812264144420624,0
proto,3,SR386_40X_HE_T397_01,0,0.4952935576438904,0
proto,3,SR386_40X_HE_T406_01,0,0.49804985523223877,0
proto,3,SR386_40X_HE_T409_01,0,0.48476123809814453,0
proto,3,SR386_40X_HE_T422_01,0,0.47497767210006714,0
proto,3,SR386_40X_HE_T426_01,0,0.4801546633243561,0
proto,3,SR386_40X_HE_T433_01,0,0.4792948067188263,0
proto,3,SR386_40X_HE_T443_01,0,0.4846295714378357,0
proto,3,SR386_40X_HE_T448_01,0,0.4839583933353424,0
proto,3,SR386_40X_HE_T452_01,0,0.4878632128238678,0
proto,3,SR386_40X_HE_T460_01,1,0.4881594181060791,0
proto,3,SR386_40X_HE_T473_01,0,0.48391321301460266,0
proto,3,SR386_40X_HE_T475_01,0,0.4810369312763214,0
proto,3,SR386_40X_HE_T478_01,0,0.48522987961769104,0
proto,3,SR386_40X_HE_T489_01,1,0.48500677943229675,0
proto,3,SR386_40X_HE_T491_01,0,0.48834097385406494,0
proto,3,SR386_40X_HE_T492_01,0,0.4782748818397522,0
proto,3,SR386_40X_HE_T493_01,0,0.47941121459007263,0
proto,3,SR386_40X_HE_T502_01,0,0.4769158959388733,0
proto,3,SR386_40X_HE_T505_01,0,0.49432361125946045,0
proto,3,SR386_40X_HE_T506_01,0,0.4877239465713501,0
proto,3,SR386_40X_HE_T509_01,0,0.49725398421287537,0
proto,3,SR386_40X_HE_T516_01,0,0.4860736131668091,0
proto,3,SR386_40X_HE_T518_01,0,0.4892348051071167,0
proto,3,SR386_40X_HE_T519_01,0,0.49116963148117065,0
proto,3,SR386_40X_HE_T521_01,0,0.4758238196372986,0
proto,3,SR386_40X_HE_T526_01,0,0.4845479428768158,0
proto,3,SR386_40X_HE_T533_01,0,0.48670196533203125,0
proto,3,SR386_40X_HE_T543_01,0,0.4898400902748108,0
proto,3,SR386_40X_HE_T544_01,0,0.48900148272514343,0
proto,3,SR386_40X_HE_T556_01,1,0.48652470111846924,0
proto,3,SR386_40X_HE_T560_01,0,0.4974812865257263,0
proto,3,SR386_40X_HE_T563_01,0,0.48415622115135193,0
proto,3,SR386_40X_HE_T568_01,0,0.4810466468334198,0
proto,3,SR386_40X_HE_T571_01,0,0.4882069528102875,0
proto,3,SR386_40X_HE_T572_01,0,0.5018036365509033,1
proto,3,SR386_40X_HE_T573_01,0,0.4808543026447296,0
proto,3,SR386_40X_HE_T583_01,0,0.4789455533027649,0
proto,4,SR1482_40X_HE_T002_01,0,0.49434202909469604,0
proto,4,SR1482_40X_HE_T003_01,0,0.4983270764350891,0
proto,4,SR1482_40X_HE_T004_01,0,0.509428083896637,1
proto,4,SR1482_40X_HE_T004_02,0,0.5088940262794495,1
proto,4,SR1482_40X_HE_T011_01,0,0.4992333948612213,0
proto,4,SR1482_40X_HE_T025_01,0,0.505693256855011,1
proto,4,SR1482_40X_HE_T025_02,0,0.5061587691307068,1
proto,4,SR1482_40X_HE_T060_01,0,0.5101817846298218,1
proto,4,SR1482_40X_HE_T062_01,0,0.5106011033058167,1
proto,4,SR1482_40X_HE_T062_02,0,0.5131246447563171,1
proto,4,SR1482_40X_HE_T064_01,0,0.5135593414306641,1
proto,4,SR1482_40X_HE_T064_02,0,0.5088194608688354,1
proto,4,SR1482_40X_HE_T071_01,0,0.5086205005645752,1
proto,4,SR1482_40X_HE_T071_02,0,0.509425699710846,1
proto,4,SR1482_40X_HE_T074_01,0,0.4955691993236542,0
proto,4,SR1482_40X_HE_T074_02,0,0.497798889875412,0
proto,4,SR1482_40X_HE_T083_01,0,0.513143002986908,1
proto,4,SR1482_40X_HE_T083_02,0,0.5139870047569275,1
proto,4,SR1482_40X_HE_T087_01,0,0.496846079826355,0
proto,4,SR1482_40X_HE_T097_01,1,0.5130348205566406,1
proto,4,SR1482_40X_HE_T097_02,1,0.5155774354934692,1
proto,4,SR1482_40X_HE_T108_01,0,0.49126413464546204,0
proto,4,SR1482_40X_HE_T113_01,0,0.5148080587387085,1
proto,4,SR1482_40X_HE_T113_02,0,0.5113855600357056,1
proto,4,SR1482_40X_HE_T121_01,0,0.48921865224838257,0
proto,4,SR1482_40X_HE_T122_01,0,0.4951882064342499,0
proto,4,SR1482_40X_HE_T125_01,0,0.5056412220001221,1
proto,4,SR1482_40X_HE_T125_02,0,0.513842761516571,1
proto,4,SR1482_40X_HE_T131_01,0,0.5046265125274658,1
proto,4,SR1482_40X_HE_T131_02,0,0.5098239183425903,1
proto,4,SR1482_40X_HE_T132_01,0,0.5006116032600403,1
proto,4,SR1482_40X_HE_T132_02,0,0.5098729729652405,1
proto,4,SR1482_40X_HE_T143_01,0,0.5140888690948486,1
proto,4,SR1482_40X_HE_T143_02,0,0.5093780755996704,1
proto,4,SR1482_40X_HE_T166_01,1,0.4949132800102234,0
proto,4,SR1482_40X_HE_T169_01,0,0.5092759728431702,1
proto,4,SR1482_40X_HE_T176_01,1,0.5225333571434021,1
proto,4,SR1482_40X_HE_T176_02,1,0.5172489881515503,1
proto,4,SR1482_40X_HE_T191_01,0,0.505703330039978,1
proto,4,SR1482_40X_HE_T194_01,0,0.5248645544052124,1
proto,4,SR1482_40X_HE_T218_01,0,0.4930941164493561,0
proto,4,SR1482_40X_HE_T253_01,0,0.4904066324234009,0
proto,4,SR1482_40X_HE_T290_01,0,0.5076849460601807,1
proto,4,SR1482_40X_HE_T308_01,0,0.5157943964004517,1
proto,4,SR1482_40X_HE_T314_01,0,0.5141048431396484,1
proto,4,SR1482_40X_HE_T314_02,0,0.523055911064148,1
proto,4,SR1482_40X_HE_T372_01,1,0.5167875289916992,1
proto,4,SR1482_40X_HE_T372_02,1,0.5079051852226257,1
proto,4,SR1482_40X_HE_T408_01,0,0.4997997283935547,0
proto,4,SR1482_40X_HE_T412_01,0,0.5028982758522034,1
proto,4,SR1482_40X_HE_T425_01,0,0.49058443307876587,0
proto,4,SR1482_40X_HE_T434_01,1,0.5021546483039856,1
proto,4,SR386_40X_HE_T006_01,0,0.4754495918750763,0
proto,4,SR386_40X_HE_T010_01,0,0.48154404759407043,0
proto,4,SR386_40X_HE_T014_01,0,0.4878320097923279,0
proto,4,SR386_40X_HE_T016_01,0,0.47295141220092773,0
proto,4,SR386_40X_HE_T020_01,0,0.474548876285553,0
proto,4,SR386_40X_HE_T027_01,0,0.4994412660598755,0
proto,4,SR386_40X_HE_T028_01,0,0.4964956045150757,0
proto,4,SR386_40X_HE_T037_01,0,0.48947885632514954,0
proto,4,SR386_40X_HE_T043_01,0,0.4808559715747833,0
proto,4,SR386_40X_HE_T044_01,1,0.48910489678382874,0
proto,4,SR386_40X_HE_T046_01,0,0.48800888657569885,0
proto,4,SR386_40X_HE_T058_01,0,0.4781975746154785,0
proto,4,SR386_40X_HE_T062_01,0,0.478048175573349,0
proto,4,SR386_40X_HE_T065_01,1,0.48381859064102173,0
proto,4,SR386_40X_HE_T080_01,0,0.48285728693008423,0
proto,4,SR386_40X_HE_T091_01,0,0.47708460688591003,0
proto,4,SR386_40X_HE_T094_01,0,0.47540780901908875,0
proto,4,SR386_40X_HE_T097_01,0,0.4826605021953583,0
proto,4,SR386_40X_HE_T100_01,0,0.4964550733566284,0
proto,4,SR386_40X_HE_T107_01,0,0.4901183545589447,0
proto,4,SR386_40X_HE_T109_01,1,0.48784926533699036,0
proto,4,SR386_40X_HE_T110_01,0,0.4876581132411957,0
proto,4,SR386_40X_HE_T117_01,0,0.47883522510528564,0
proto,4,SR386_40X_HE_T127_01,0,0.48195260763168335,0
proto,4,SR386_40X_HE_T129_01,0,0.4798540472984314,0
proto,4,SR386_40X_HE_T136_01,0,0.48196515440940857,0
proto,4,SR386_40X_HE_T154_01,0,0.47943323850631714,0
proto,4,SR386_40X_HE_T168_01,1,0.4864729642868042,0
proto,4,SR386_40X_HE_T175_01,0,0.4756898880004883,0
proto,4,SR386_40X_HE_T189_01,0,0.48088565468788147,0
proto,4,SR386_40X_HE_T195_01,0,0.4766314625740051,0
proto,4,SR386_40X_HE_T227_01,0,0.489165335893631,0
proto,4,SR386_40X_HE_T233_01,0,0.4967440962791443,0
proto,4,SR386_40X_HE_T234_01,0,0.4838254749774933,0
proto,4,SR386_40X_HE_T235_01,0,0.4806413948535919,0
proto,4,SR386_40X_HE_T239_01,0,0.49759000539779663,0
proto,4,SR386_40X_HE_T245_01,0,0.47821322083473206,0
proto,4,SR386_40X_HE_T256_01,0,0.48759928345680237,0
proto,4,SR386_40X_HE_T265_01,0,0.48188304901123047,0
proto,4,SR386_40X_HE_T268_01,0,0.5062487125396729,1
proto,4,SR386_40X_HE_T270_01,0,0.4909631013870239,0
proto,4,SR386_40X_HE_T272_01,0,0.5072243213653564,1
proto,4,SR386_40X_HE_T273_01,0,0.4880239963531494,0
proto,4,SR386_40X_HE_T276_01,0,0.4931011199951172,0
proto,4,SR386_40X_HE_T278_01,1,0.48766282200813293,0
proto,4,SR386_40X_HE_T284_01,0,0.48221004009246826,0
proto,4,SR386_40X_HE_T285_01,0,0.47868797183036804,0
proto,4,SR386_40X_HE_T288_01,0,0.4916064143180847,0
proto,4,SR386_40X_HE_T291_01,0,0.4814072251319885,0
proto,4,SR386_40X_HE_T300_01,0,0.4846307039260864,0
proto,4,SR386_40X_HE_T302_01,0,0.48139533400535583,0
proto,4,SR386_40X_HE_T305_01,0,0.47914183139801025,0
proto,4,SR386_40X_HE_T308_01,0,0.48026710748672485,0
proto,4,SR386_40X_HE_T325_01,0,0.4865085780620575,0
proto,4,SR386_40X_HE_T331_01,0,0.48708033561706543,0
proto,4,SR386_40X_HE_T341_01,0,0.5016189813613892,1
proto,4,SR386_40X_HE_T343_01,1,0.4856298267841339,0
proto,4,SR386_40X_HE_T346_01,0,0.49456357955932617,0
proto,4,SR386_40X_HE_T352_01,0,0.48414382338523865,0
proto,4,SR386_40X_HE_T373_01,0,0.4958399534225464,0
proto,4,SR386_40X_HE_T375_01,0,0.48357921838760376,0
proto,4,SR386_40X_HE_T381_01,0,0.4861156642436981,0
proto,4,SR386_40X_HE_T389_01,0,0.49721720814704895,0
proto,4,SR386_40X_HE_T391_01,0,0.48616671562194824,0
proto,4,SR386_40X_HE_T394_01,0,0.4863346815109253,0
proto,4,SR386_40X_HE_T399_01,0,0.5093089938163757,1
proto,4,SR386_40X_HE_T403_01,0,0.4805132746696472,0
proto,4,SR386_40X_HE_T405_01,0,0.5041937828063965,1
proto,4,SR386_40X_HE_T407_01,0,0.4820159077644348,0
proto,4,SR386_40X_HE_T414_01,0,0.48846662044525146,0
proto,4,SR386_40X_HE_T424_01,0,0.4827606976032257,0
proto,4,SR386_40X_HE_T429_01,0,0.5046008825302124,1
proto,4,SR386_40X_HE_T441_01,0,0.49867159128189087,0
proto,4,SR386_40X_HE_T451_01,0,0.4852983355522156,0
proto,4,SR386_40X_HE_T453_01,0,0.48095107078552246,0
proto,4,SR386_40X_HE_T455_01,0,0.4901529848575592,0
proto,4,SR386_40X_HE_T465_01,0,0.5050447583198547,1
proto,4,SR386_40X_HE_T474_01,0,0.488656610250473,0
proto,4,SR386_40X_HE_T476_01,0,0.4896610677242279,0
proto,4,SR386_40X_HE_T479_01,0,0.48739051818847656,0
proto,4,SR386_40X_HE_T482_01,0,0.4799465835094452,0
proto,4,SR386_40X_HE_T487_01,0,0.49432173371315,0
proto,4,SR386_40X_HE_T490_01,0,0.48962247371673584,0
proto,4,SR386_40X_HE_T494_01,0,0.47961971163749695,0
proto,4,SR386_40X_HE_T500_01,0,0.47547048330307007,0
proto,4,SR386_40X_HE_T510_01,0,0.4953467547893524,0
proto,4,SR386_40X_HE_T524_01,0,0.4954100549221039,0
proto,4,SR386_40X_HE_T528_01,0,0.5051342844963074,1
proto,4,SR386_40X_HE_T532_01,0,0.48178672790527344,0
proto,4,SR386_40X_HE_T534_01,0,0.4921305775642395,0
proto,4,SR386_40X_HE_T536_01,0,0.4780729115009308,0
proto,4,SR386_40X_HE_T537_01,0,0.4961912930011749,0
proto,4,SR386_40X_HE_T541_01,0,0.48973900079727173,0
proto,4,SR386_40X_HE_T548_01,1,0.5030825734138489,1
proto,4,SR386_40X_HE_T550_01,0,0.4940876066684723,0
proto,4,SR386_40X_HE_T551_01,0,0.47803062200546265,0
proto,4,SR386_40X_HE_T557_01,0,0.4926322102546692,0
proto,4,SR386_40X_HE_T565_01,0,0.4818134903907776,0
proto,4,SR386_40X_HE_T567_01,0,0.48794034123420715,0
proto,4,SR386_40X_HE_T575_01,0,0.4850928783416748,0
proto,4,SR386_40X_HE_T576_01,0,0.4783037006855011,0
proto,4,SR386_40X_HE_T581_01,0,0.5049147605895996,1
rf,1,SR1482_40X_HE_T029_01,0,0.15155145929339478,0
rf,1,SR1482_40X_HE_T029_02,0,0.15371121351766512,0
rf,1,SR1482_40X_HE_T057_01,0,0.04917734029095509,0
rf,1,SR1482_40X_HE_T063_01,1,0.3134057971014493,1
rf,1,SR1482_40X_HE_T063_02,1,0.2537391304347826,0
rf,1,SR1482_40X_HE_T065_01,0,0.08163636363636363,0
rf,1,SR1482_40X_HE_T065_02,0,0.06335664335664336,0
rf,1,SR1482_40X_HE_T066_01,0,0.18311195445920306,0
rf,1,SR1482_40X_HE_T066_02,0,0.405875,1
rf,1,SR1482_40X_HE_T068_01,0,0.03366946778711485,0
rf,1,SR1482_40X_HE_T069_01,0,0.053886792452830186,0
rf,1,SR1482_40X_HE_T069_02,0,0.08110906298003073,0
rf,1,SR1482_40X_HE_T079_01,1,0.2818167657306825,0
rf,1,SR1482_40X_HE_T079_02,1,0.3359607843137255,1
rf,1,SR1482_40X_HE_T080_01,0,0.07911195445920303,0
rf,1,SR1482_40X_HE_T080_02,0,0.13566666666666669,0
rf,1,SR1482_40X_HE_T081_01,0,0.14577896613190727,0
rf,1,SR1482_40X_HE_T081_02,0,0.1231103090457929,0
rf,1,SR1482_40X_HE_T099_01,0,0.035904761904761905,0
rf,1,SR1482_40X_HE_T116_01,0,0.12379155435759209,0
rf,1,SR1482_40X_HE_T117_01,0,0.08564045814197975,0
rf,1,SR1482_40X_HE_T117_02,0,0.06952315608919382,0
rf,1,SR1482_40X_HE_T126_01,0,0.1895995955510617,0
rf,1,SR1482_40X_HE_T129_01,0,0.15250674373075085,0
rf,1,SR1482_40X_HE_T129_02,0,0.25375366568914953,0
rf,1,SR1482_40X_HE_T139_01,0,0.1246891495601173,0
rf,1,SR1482_40X_HE_T139_02,0,0.1726247501913701,0
rf,1,SR1482_40X_HE_T147_01,0,0.19,0
rf,1,SR1482_40X_HE_T147_02,0,0.293208211143695,0
rf,1,SR1482_40X_HE_T159_01,0,0.14743274115310956,0
rf,1,SR1482_40X_HE_T159_02,0,0.1115230670195265,0
rf,1,SR1482_40X_HE_T192_01,0,0.14293800998660333,0
rf,1,SR1482_40X_HE_T199_01,0,0.1205428568743085,0
rf,1,SR1482_40X_HE_T304_01,0,0.0729487775408892,0
rf,1,SR1482_40X_HE_T304_02,0,0.10550083381794548,0
rf,1,SR1482_40X_HE_T310_01,1,0.19375233867131758,0
rf,1,SR1482_40X_HE_T310_02,1,0.2334116743471582,0
rf,1,SR1482_40X_HE_T341_01,0,0.05248484848484848,0
rf,1,SR1482_40X_HE_T341_02,0,0.046,0
rf,1,SR1482_40X_HE_T353_01,0,0.05529888573589121,0
rf,1,SR1482_40X_HE_T390_01,0,0.07008804818370035,0
rf,1,SR1482_40X_HE_T433_01,1,0.1796438923395445,0
rf,1,SR386_40X_HE_T003_01,0,0.037236363636363644,0
rf,1,SR386_40X_HE_T004_01,0,0.15676484981344316,0
rf,1,SR386_40X_HE_T022_01,1,0.19465234896946057,0
rf,1,SR386_40X_HE_T030_01,0,0.1066453820531145,0
rf,1,SR386_40X_HE_T033_01,0,0.1208319656841817,0
rf,1,SR386_40X_HE_T036_01,0,0.019666666666666666,0
rf,1,SR386_40X_HE_T038_01,0,0.06275661074068797,0
rf,1,SR386_40X_HE_T049_01,0,0.009722943722943723,0
rf,1,SR386_40X_HE_T050_01,0,0.13115634771732335,0
rf,1,SR386_40X_HE_T060_01,0,0.13315926141185697,0
rf,1,SR386_40X_HE_T063_01,0,0.13527793309553646,0
rf,1,SR386_40X_HE_T066_01,0,0.11056525989204811,0
rf,1,SR386_40X_HE_T069_01,0,0.05533333333333334,0
rf,1,SR386_40X_HE_T072_01,0,0.04966666666666667,0
rf,1,SR386_40X_HE_T074_01,0,0.04746207415772633,0
rf,1,SR386_40X_HE_T078_01,0,0.05596078431372549,0
rf,1,SR386_40X_HE_T079_01,0,0.009904761904761906,0
rf,1,SR386_40X_HE_T092_01,1,0.0992157398468759,0
rf,1,SR386_40X_HE_T096_01,0,0.005764705882352941,0
rf,1,SR386_40X_HE_T099_01,0,0.06093333333333334,0
rf,1,SR386_40X_HE_T103_01,0,0.054943257324071265,0
rf,1,SR386_40X_HE_T108_01,0,0.04553846153846154,0
rf,1,SR386_40X_HE_T113_01,0,0.05591200382592061,0
rf,1,SR386_40X_HE_T114_01,0,0.03912604468702031,0
rf,1,SR386_40X_HE_T119_01,0,0.06923164335664336,0
rf,1,SR386_40X_HE_T126_01,0,0.07144642857142856,0
rf,1,SR386_40X_HE_T130_01,0,0.004,0
rf,1,SR386_40X_HE_T131_01,0,0.04793548387096774,0
rf,1,SR386_40X_HE_T135_01,0,0.16534128097241702,0
rf,1,SR386_40X_HE_T140_01,0,0.04777896613190731,0
rf,1,SR386_40X_HE_T144_01,0,0.09366714490674319,0
rf,1,SR386_40X_HE_T147_01,0,0.03581818181818182,0
rf,1,SR386_40X_HE_T148_01,0,0.05903455284552846,0
rf,1,SR386_40X_HE_T160_01,0,0.02,0
rf,1,SR386_40X_HE_T169_01,0,0.0415749147485081,0
rf,1,SR386_40X_HE_T170_01,1,0.2654891304347826,0
rf,1,SR386_40X_HE_T172_01,0,0.22751809656668992,0
rf,1,SR386_40X_HE_T174_01,0,0.06388670338316287,0
rf,1,SR386_40X_HE_T181_01,0,0.02,0
rf,1,SR386_40X_HE_T196_01,0,0.061473945409429284,0
rf,1,SR386_40X_HE_T205_01,0,0.3199047619047619,1
rf,1,SR386_40X_HE_T209_01,0,0.025818181818181817,0
rf,1,SR386_40X_HE_T210_01,0,0.24135039470333586,0
rf,1,SR386_40X_HE_T212_01,0,0.0669861380250548,0
rf,1,SR386_40X_HE_T221_01,0,0.04180952380952381,0
rf,1,SR386_40X_HE_T224_01,0,0.05,0
rf,1,SR386_40X_HE_T231_01,1,0.2094867033831629,0
rf,1,SR386_40X_HE_T232_01,0,0.03348764960529667,0
rf,1,SR386_40X_HE_T247_01,0,0.108,0
rf,1,SR386_40X_HE_T252_01,0,0.025764705882352943,0
rf,1,SR386_40X_HE_T255_01,0,0.08367461430575035,0
rf,1,SR386_40X_HE_T259_01,1,0.2016891495601173,0
rf,1,SR386_40X_HE_T274_01,0,0.049272648083623694,0
rf,1,SR386_40X_HE_T275_01,0,0.11689064558629775,0
rf,1,SR386_40X_HE_T282_01,0,0.029484848484848485,0
rf,1,SR386_40X_HE_T294_01,0,0.22729479123027507,0
rf,1,SR386_40X_HE_T311_01,0,0.05993548387096775,0
rf,1,SR386_40X_HE_T315_01,0,0.09306493506493507,0
rf,1,SR386_40X_HE_T319_01,1,0.11193548387096774,0
rf,1,SR386_40X_HE_T324_01,1,0.17284890378438766,0
rf,1,SR386_40X_HE_T330_01,0,0.04153846153846154,0
rf,1,SR386_40X_HE_T333_01,0,0.04939892665474061,0
rf,1,SR386_40X_HE_T335_01,0,0.03296969696969697,0
rf,1,SR386_40X_HE_T337_01,0,0.068,0
rf,1,SR386_40X_HE_T344_01,0,0.06758945000287506,0
rf,1,SR386_40X_HE_T347_01,0,0.03981818181818182,0
rf,1,SR386_40X_HE_T350_01,0,0.03553846153846154,0
rf,1,SR386_40X_HE_T351_01,0,0.08114043552905034,0
rf,1,SR386_40X_HE_T360_01,0,0.023935483870967743,0
rf,1,SR386_40X_HE_T361_01,0,0.06919768132527686,0
rf,1,SR386_40X_HE_T366_01,0,0.027951219512195122,0
rf,1,SR386_40X_HE_T377_01,1,0.13314282005270456,0
rf,1,SR386_40X_HE_T384_01,0,0.028,0
rf,1,SR386_40X_HE_T395_01,0,0.08699874691203323,0
rf,1,SR386_40X_HE_T396_01,0,0.0370308065917822,0
rf,1,SR386_40X_HE_T401_01,0,0.20291341991341993,0
rf,1,SR386_40X_HE_T408_01,0,0.027356643356643357,0
rf,1,SR386_40X_HE_T410_01,0,0.11248209211953386,0
rf,1,SR386_40X_HE_T413_01,0,0.12196078431372548,0
rf,1,SR386_40X_HE_T416_01,0,0.057265499767021374,0
rf,1,SR386_40X_HE_T418_01,0,0.006,0
rf,1,SR386_40X_HE_T419_01,0,0.08731419118515892,0
rf,1,SR386_40X_HE_T421_01,0,0.05704322344322345,0
rf,1,SR386_40X_HE_T423_01,0,0.07256738819852425,0
rf,1,SR386_40X_HE_T428_01,0,0.0410539541759054,0
rf,1,SR386_40X_HE_T430_01,0,0.035095238095238096,0
rf,1,SR386_40X_HE_T431_01,0,0.07781818181818181,0
rf,1,SR386_40X_HE_T435_01,0,0.18190249803456926,0
rf,1,SR386_40X_HE_T438_01,0,0.05395121951219512,0
rf,1,SR386_40X_HE_T439_01,0,0.2114278289242884,0
rf,1,SR386_40X_HE_T447_01,0,0.02343606799704361,0
rf,1,SR386_40X_HE_T449_01,0,0.07,0
rf,1,SR386_40X_HE_T454_01,0,0.02753846153846154,0
rf,1,SR386_40X_HE_T456_01,0,0.06586046511627908,0
rf,1,SR386_40X_HE_T461_01,0,0.06135664335664336,0
rf,1,SR386_40X_HE_T462_01,0,0.052,0
rf,1,SR386_40X_HE_T468_01,0,0.04766666666666666,0
rf,1,SR386_40X_HE_T469_01,1,0.1213724586608837,0
rf,1,SR386_40X_HE_T470_01,0,0.03576522702104097,0
rf,1,SR386_40X_HE_T471_01,0,0.1153570166136444,0
rf,1,SR386_40X_HE_T477_01,0,0.07086787125917561,0
rf,1,SR386_40X_HE_T480_01,0,0.09766097406704617,0
rf,1,SR386_40X_HE_T484_01,0,0.06515151515151515,0
rf,1,SR386_40X_HE_T495_01,0,0.007538461538461538,0
rf,1,SR386_40X_HE_T496_01,0,0.021855981416957028,0
rf,1,SR386_40X_HE_T498_01,0,0.23518116474720244,0
rf,1,SR386_40X_HE_T504_01,0,0.04196078431372549,0
rf,1,SR386_40X_HE_T511_01,0,0.04709897929027712,0
rf,1,SR386_40X_HE_T517_01,0,0.1790812324929972,0
rf,1,SR386_40X_HE_T523_01,0,0.05142857142857143,0
rf,1,SR386_40X_HE_T529_01,0,0.03193548387096774,0
rf,1,SR386_40X_HE_T542_01,0,0.04780952380952381,0
rf,1,SR386_40X_HE_T569_01,0,0.12129312049546233,0
rf,1,SR386_40X_HE_T582_01,0,0.029870967741935487,0
rf,2,SR1482_40X_HE_T009_01,0,0.06009478703308627,0
rf,2,SR1482_40X_HE_T009_02,0,0.08634779078254948,0
rf,2,SR1482_40X_HE_T015_01,0,0.09941917091563039,0
rf,2,SR1482_40X_HE_T021_01,0,0.04753221288515406,0
rf,2,SR1482_40X_HE_T067_01,0,0.07746420246420248,0
rf,2,SR1482_40X_HE_T075_01,0,0.09572294372294371,0
rf,2,SR1482_40X_HE_T075_02,0,0.11981818181818181,0
rf,2,SR1482_40X_HE_T098_01,0,0.08951440901086849,0
rf,2,SR1482_40X_HE_T098_02,0,0.05996078431372549,0
rf,2,SR1482_40X_HE_T102_01,0,0.13357142857142856,0
rf,2,SR1482_40X_HE_T123_01,0,0.06147294372294372,0
rf,2,SR1482_40X_HE_T142_01,0,0.027502705627705626,0
rf,2,SR1482_40X_HE_T146_01,0,0.3578181818181818,1
rf,2,SR1482_40X_HE_T148_01,0,0.07109449559095506,0
rf,2,SR1482_40X_HE_T148_02,0,0.1255226480836237,0
rf,2,SR1482_40X_HE_T154_01,0,0.07328613322161709,0
rf,2,SR1482_40X_HE_T158_01,0,0.06105135987201205,0
rf,2,SR1482_40X_HE_T161_01,0,0.20106377362474923,0
rf,2,SR1482_40X_HE_T161_02,0,0.1051016510371349,0
rf,2,SR1482_40X_HE_T164_01,1,0.12749279612393216,0
rf,2,SR1482_40X_HE_T164_02,1,0.17557937621051223,0
rf,2,SR1482_40X_HE_T168_01,0,0.07562770562770563,0
rf,2,SR1482_40X_HE_T171_01,0,0.1356277056277056,0
rf,2,SR1482_40X_HE_T171_02,0,0.1453511904761905,0
rf,2,SR1482_40X_HE_T178_01,1,0.16566646528792478,0
rf,2,SR1482_40X_HE_T186_01,0,0.05781818181818182,0
rf,2,SR1482_40X_HE_T193_01,0,0.2194782608695652,0
rf,2,SR1482_40X_HE_T193_02,0,0.2197269491588925,0
rf,2,SR1482_40X_HE_T209_01,0,0.17353846153846156,0
rf,2,SR1482_40X_HE_T209_02,0,0.19304537398085786,0
rf,2,SR1482_40X_HE_T245_01,0,0.12164389233954451,0
rf,2,SR1482_40X_HE_T245_02,0,0.1431751984318262,0
rf,2,SR1482_40X_HE_T265_01,0,0.05957937621051226,0
rf,2,SR1482_40X_HE_T302_01,0,0.14716616716616715,0
rf,2,SR1482_40X_HE_T343_01,1,0.17074625374625377,0
rf,2,SR1482_40X_HE_T343_02,1,0.11840342715956317,0
rf,2,SR1482_40X_HE_T399_01,0,0.1759047619047619,0
rf,2,SR1482_40X_HE_T399_02,0,0.129875,0
rf,2,SR1482_40X_HE_T426_01,0,0.07555731225296443,0
rf,2,SR1482_40X_HE_T426_02,0,0.09946207415772632,0
rf,2,SR386_40X_HE_T001_01,0,0.0838095238095238,0
rf,2,SR386_40X_HE_T013_01,0,0.12469371751436967,0
rf,2,SR386_40X_HE_T018_01,0,0.0451671272276111,0
rf,2,SR386_40X_HE_T019_01,0,0.0659047619047619,0
rf,2,SR386_40X_HE_T024_01,0,0.002,0
rf,2,SR386_40X_HE_T039_01,0,0.014,0
rf,2,SR386_40X_HE_T040_01,1,0.2564163823182306,0
rf,2,SR386_40X_HE_T042_01,0,0.0632051282051282,0
rf,2,SR386_40X_HE_T047_01,0,0.07369034994697773,0
rf,2,SR386_40X_HE_T051_01,0,0.03781818181818182,0
rf,2,SR386_40X_HE_T052_01,0,0.027484848484848484,0
rf,2,SR386_40X_HE_T056_01,0,0.012,0
rf,2,SR386_40X_HE_T057_01,0,0.02775366568914956,0
rf,2,SR386_40X_HE_T070_01,0,0.02981818181818182,0
rf,2,SR386_40X_HE_T082_01,0,0.13281768900576837,0
rf,2,SR386_40X_HE_T084_01,0,0.08955731225296444,0
rf,2,SR386_40X_HE_T087_01,0,0.17369034994697774,0
rf,2,SR386_40X_HE_T088_01,0,0.06548368704466266,0
rf,2,SR386_40X_HE_T098_01,0,0.12225274725274723,0
rf,2,SR386_40X_HE_T105_01,0,0.03173913043478261,0
rf,2,SR386_40X_HE_T122_01,0,0.018,0
rf,2,SR386_40X_HE_T123_01,0,0.08166666666666665,0
rf,2,SR386_40X_HE_T133_01,0,0.03,0
rf,2,SR386_40X_HE_T145_01,0,0.0659047619047619,0
rf,2,SR386_40X_HE_T150_01,0,0.1050801282051282,0
rf,2,SR386_40X_HE_T152_01,0,0.05298434898434899,0
rf,2,SR386_40X_HE_T155_01,0,0.0899047619047619,0
rf,2,SR386_40X_HE_T157_01,0,0.0699047619047619,0
rf,2,SR386_40X_HE_T164_01,0,0.06731822344322344,0
rf,2,SR386_40X_HE_T166_01,0,0.055135578131545876,0
rf,2,SR386_40X_HE_T176_01,1,0.14122730117876728,0
rf,2,SR386_40X_HE_T177_01,0,0.017875,0
rf,2,SR386_40X_HE_T178_01,0,0.09385598141695703,0
rf,2,SR386_40X_HE_T187_01,0,0.055875,0
rf,2,SR386_40X_HE_T190_01,0,0.03954112554112554,0
rf,2,SR386_40X_HE_T192_01,0,0.024,0
rf,2,SR386_40X_HE_T198_01,0,0.06359391146487921,0
rf,2,SR386_40X_HE_T200_01,0,0.16376940133037693,0
rf,2,SR386_40X_HE_T206_01,1,0.07980952380952382,0
rf,2,SR386_40X_HE_T211_01,0,0.055818181818181815,0
rf,2,SR386_40X_HE_T213_01,0,0.04323809523809524,0
rf,2,SR386_40X_HE_T214_01,0,0.1277607433217189,0
rf,2,SR386_40X_HE_T220_01,0,0.034,0
rf,2,SR386_40X_HE_T230_01,1,0.17926177851840627,0
rf,2,SR386_40X_HE_T236_01,0,0.048167701863354034,0
rf,2,SR386_40X_HE_T237_01,0,0.04381818181818181,0
rf,2,SR386_40X_HE_T240_01,0,0.04517748917748918,0
rf,2,SR386_40X_HE_T241_01,0,0.09340579710144926,0
rf,2,SR386_40X_HE_T242_01,0,0.043602150537634415,0
rf,2,SR386_40X_HE_T253_01,0,0.027875,0
rf,2,SR386_40X_HE_T260_01,0,0.09958758314855876,0
rf,2,SR386_40X_HE_T262_01,0,0.13182319453171112,0
rf,2,SR386_40X_HE_T264_01,0,0.09534715821812595,0
rf,2,SR386_40X_HE_T271_01,0,0.0488025308025308,0
rf,2,SR386_40X_HE_T281_01,0,0.051875,0
rf,2,SR386_40X_HE_T297_01,0,0.019602150537634408,0
rf,2,SR386_40X_HE_T299_01,0,0.02362770562770563,0
rf,2,SR386_40X_HE_T301_01,0,0.009818181818181818,0
rf,2,SR386_40X_HE_T306_01,0,0.02525,0
rf,2,SR386_40X_HE_T309_01,0,0.05194273618538325,0
rf,2,SR386_40X_HE_T314_01,0,0.10761413043478261,0
rf,2,SR386_40X_HE_T316_01,0,0.11541209328306103,0
rf,2,SR386_40X_HE_T318_01,0,0.0957391304347826,0
rf,2,SR386_40X_HE_T321_01,0,0.04776940133037694,0
rf,2,SR386_40X_HE_T326_01,0,0.05184024577572965,0
rf,2,SR386_40X_HE_T327_01,0,0.017739130434782608,0
rf,2,SR386_40X_HE_T332_01,1,0.14,0
rf,2,SR386_40X_HE_T355_01,0,0.05349404761904762,0
rf,2,SR386_40X_HE_T364_01,0,0.11839486189132135,0
rf,2,SR386_40X_HE_T368_01,1,0.13656105307735744,0
rf,2,SR386_40X_HE_T374_01,0,0.022,0
rf,2,SR386_40X_HE_T380_01,0,0.006,0
rf,2,SR386_40X_HE_T382_01,0,0.06923192655871478,0
rf,2,SR386_40X_HE_T392_01,0,0.02292807192807193,0
rf,2,SR386_40X_HE_T398_01,0,0.09899052313806413,0
rf,2,SR386_40X_HE_T402_01,1,0.17969034994697775,0
rf,2,SR386_40X_HE_T404_01,0,0.022,0
rf,2,SR386_40X_HE_T415_01,0,0.023666666666666666,0
rf,2,SR386_40X_HE_T417_01,0,0.017405797101449273,0
rf,2,SR386_40X_HE_T425_01,0,0.03923809523809524,0
rf,2,SR386_40X_HE_T436_01,1,0.07701731601731601,0
rf,2,SR386_40X_HE_T437_01,0,0.026,0
rf,2,SR386_40X_HE_T440_01,0,0.135128740824393,0
rf,2,SR386_40X_HE_T445_01,0,0.05993548387096775,0
rf,2,SR386_40X_HE_T450_01,0,0.06153846153846154,0
rf,2,SR386_40X_HE_T459_01,0,0.06643228011825573,0
rf,2,SR386_40X_HE_T472_01,0,0.026,0
rf,2,SR386_40X_HE_T481_01,0,0.07125370731419119,0
rf,2,SR386_40X_HE_T483_01,0,0.13346207415772632,0
rf,2,SR386_40X_HE_T486_01,0,0.16030820545574642,0
rf,2,SR386_40X_HE_T488_01,0,0.08314381720430107,0
rf,2,SR386_40X_HE_T499_01,0,0.04350733137829912,0
rf,2,SR386_40X_HE_T507_01,0,0.14347619047619048,0
rf,2,SR386_40X_HE_T514_01,0,0.035779761904761904,0
rf,2,SR386_40X_HE_T520_01,1,0.06303821853467802,0
rf,2,SR386_40X_HE_T522_01,0,0.07590476190476189,0
rf,2,SR386_40X_HE_T531_01,0,0.04259794372294372,0
rf,2,SR386_40X_HE_T535_01,0,0.01,0
rf,2,SR386_40X_HE_T539_01,0,0.07074358974358975,0
rf,2,SR386_40X_HE_T549_01,0,0.044665924162383644,0
rf,2,SR386_40X_HE_T552_01,0,0.06,0
rf,2,SR386_40X_HE_T553_01,0,0.055397558028694074,0
rf,2,SR386_40X_HE_T554_01,0,0.11918501788067004,0
rf,2,SR386_40X_HE_T558_01,0,0.03175366568914956,0
rf,2,SR386_40X_HE_T564_01,0,0.1024739467849224,0
rf,2,SR386_40X_HE_T570_01,0,0.037779761904761906,0
rf,2,SR386_40X_HE_T574_01,0,0.032,0
rf,2,SR386_40X_HE_T578_01,0,0.03172294372294372,0
rf,2,SR386_40X_HE_T580_01,0,0.025935483870967745,0
rf,3,SR1482_40X_HE_T005_01,0,0.16121207415772634,0
rf,3,SR1482_40X_HE_T005_02,0,0.1818095238095238,0
rf,3,SR1482_40X_HE_T010_01,0,0.04135664335664336,0
rf,3,SR1482_40X_HE_T043_01,0,0.12119701850596339,0
rf,3,SR1482_40X_HE_T043_02,0,0.09537517099863202,0
rf,3,SR1482_40X_HE_T049_01,0,0.05478787878787879,0
rf,3,SR1482_40X_HE_T061_01,0,0.23372294372294372,0
rf,3,SR1482_40X_HE_T061_02,0,0.2435188923395445,0
rf,3,SR1482_40X_HE_T070_01,1,0.09152638352638352,0
rf,3,SR1482_40X_HE_T073_01,0,0.058912258473234086,0
rf,3,SR1482_40X_HE_T082_01,0,0.09067181131876254,0
rf,3,SR1482_40X_HE_T082_02,0,0.11381818181818182,0
rf,3,SR1482_40X_HE_T089_01,0,0.06145392513990076,0
rf,3,SR1482_40X_HE_T090_01,0,0.04976074332171893,0
rf,3,SR1482_40X_HE_T094_01,1,0.17740746753246753,0
rf,3,SR1482_40X_HE_T094_02,1,0.17181818181818181,0
rf,3,SR1482_40X_HE_T105_01,0,0.08064431127544733,0
rf,3,SR1482_40X_HE_T115_01,0,0.11381818181818182,0
rf,3,SR1482_40X_HE_T115_02,0,0.032,0
rf,3,SR1482_40X_HE_T118_01,0,0.25141346153846156,0
rf,3,SR1482_40X_HE_T118_02,0,0.19753342759391146,0
rf,3,SR1482_40X_HE_T120_01,0,0.183875,0
rf,3,SR1482_40X_HE_T120_02,0,0.2599047619047619,0
rf,3,SR1482_40X_HE_T124_01,0,0.2657229437229437,0
rf,3,SR1482_40X_HE_T124_02,0,0.23,0
rf,3,SR1482_40X_HE_T138_01,0,0.054863555799039676,0
rf,3,SR1482_40X_HE_T160_01,0,0.0674848484848485,0
rf,3,SR1482_40X_HE_T160_02,0,0.04966666666666667,0
rf,3,SR1482_40X_HE_T167_01,0,0.07366666666666667,0
rf,3,SR1482_40X_HE_T167_02,0,0.09874625374625375,0
rf,3,SR1482_40X_HE_T175_01,0,0.1936845238095238,0
rf,3,SR1482_40X_HE_T175_02,0,0.19131318949867335,0
rf,3,SR1482_40X_HE_T177_01,1,0.07722397891963109,0
rf,3,SR1482_40X_HE_T188_01,0,0.1038333695290217,0
rf,3,SR1482_40X_HE_T195_01,0,0.10714327607875995,0
rf,3,SR1482_40X_HE_T195_02,0,0.11682958707958707,0
rf,3,SR1482_40X_HE_T202_01,0,0.06357142857142857,0
rf,3,SR1482_40X_HE_T202_02,0,0.082,0
rf,3,SR1482_40X_HE_T225_01,0,0.18757491474850813,0
rf,3,SR1482_40X_HE_T225_02,0,0.10192428404928403,0
rf,3,SR1482_40X_HE_T235_01,0,0.08393548387096775,0
rf,3,SR1482_40X_HE_T235_02,0,0.036,0
rf,3,SR1482_40X_HE_T236_01,0,0.055669467787114846,0
rf,3,SR1482_40X_HE_T236_02,0,0.048,0
rf,3,SR1482_40X_HE_T258_01,0,0.08159794372294371,0
rf,3,SR1482_40X_HE_T258_02,0,0.08701785714285713,0
rf,3,SR1482_40X_HE_T284_01,1,0.2419047619047619,0
rf,3,SR1482_40X_HE_T284_02,1,0.244,0
rf,3,SR1482_40X_HE_T301_01,1,0.13870882740447957,0
rf,3,SR1482_40X_HE_T301_02,1,0.20487874082439297,0
rf,3,SR1482_40X_HE_T309_01,0,0.11974125874125875,0
rf,3,SR1482_40X_HE_T313_01,0,0.08520833333333334,0
rf,3,SR1482_40X_HE_T313_02,0,0.13347294372294372,0
rf,3,SR1482_40X_HE_T338_01,0,0.1874771505376344,0
rf,3,SR1482_40X_HE_T344_01,0,0.12173913043478261,0
rf,3,SR1482_40X_HE_T344_02,0,0.19318555900621118,0
rf,3,SR1482_40X_HE_T346_01,0,0.18593548387096775,0
rf,3,SR1482_40X_HE_T346_02,0,0.15393548387096775,0
rf,3,SR1482_40X_HE_T377_01,0,0.0774848484848485,0
rf,3,SR1482_40X_HE_T377_02,0,0.08375366568914956,0
rf,3,SR1482_40X_HE_T419_01,0,0.03966666666666666,0
rf,3,SR1482_40X_HE_T427_01,0,0.08181818181818182,0
rf,3,SR1482_40X_HE_T427_02,0,0.06581048387096775,0
rf,3,SR386_40X_HE_T007_01,0,0.03166666666666667,0
rf,3,SR386_40X_HE_T015_01,0,0.06166666666666666,0
rf,3,SR386_40X_HE_T017_01,1,0.2536021505376344,0
rf,3,SR386_40X_HE_T032_01,0,0.025092886178861788,0
rf,3,SR386_40X_HE_T034_01,0,0.036904761904761905,0
rf,3,SR386_40X_HE_T035_01,0,0.052602686233822284,0
rf,3,SR386_40X_HE_T041_01,0,0.29576940133037694,0
rf,3,SR386_40X_HE_T067_01,0,0.016791666666666667,0
rf,3,SR386_40X_HE_T075_01,0,0.029535483870967744,0
rf,3,SR386_40X_HE_T081_01,0,0.07732088744588746,0
rf,3,SR386_40X_HE_T083_01,0,0.09375366568914956,0
rf,3,SR386_40X_HE_T085_01,0,0.01,0
rf,3,SR386_40X_HE_T095_01,0,0.06381818181818182,0
rf,3,SR386_40X_HE_T104_01,0,0.08147715053763442,0
rf,3,SR386_40X_HE_T106_01,0,0.04927631377277326,0
rf,3,SR386_40X_HE_T112_01,0,0.03190476190476191,0
rf,3,SR386_40X_HE_T128_01,0,0.019935483870967743,0
rf,3,SR386_40X_HE_T132_01,0,0.022,0
rf,3,SR386_40X_HE_T138_01,0,0.06102033235581622,0
rf,3,SR386_40X_HE_T142_01,0,0.11184024577572964,0
rf,3,SR386_40X_HE_T149_01,0,0.10234840428388815,0
rf,3,SR386_40X_HE_T165_01,1,0.10367416323513885,0
rf,3,SR386_40X_HE_T179_01,0,0.14767416323513885,0
rf,3,SR386_40X_HE_T180_01,0,0.08350190985485102,0
rf,3,SR386_40X_HE_T182_01,0,0.03563636363636364,0
rf,3,SR386_40X_HE_T184_01,0,0.056,0
rf,3,SR386_40X_HE_T188_01,0,0.032,0
rf,3,SR386_40X_HE_T191_01,0,0.04173913043478261,0
rf,3,SR386_40X_HE_T197_01,0,0.05393548387096774,0
rf,3,SR386_40X_HE_T201_01,0,0.049753665689149566,0
rf,3,SR386_40X_HE_T202_01,0,0.014,0
rf,3,SR386_40X_HE_T208_01,0,0.034,0
rf,3,SR386_40X_HE_T216_01,1,0.2757694013303769,0
rf,3,SR386_40X_HE_T238_01,0,0.014,0
rf,3,SR386_40X_HE_T244_01,0,0.05523809523809523,0
rf,3,SR386_40X_HE_T248_01,0,0.012,0
rf,3,SR386_40X_HE_T249_01,0,0.006,0
rf,3,SR386_40X_HE_T250_01,0,0.052462074157726336,0
rf,3,SR386_40X_HE_T263_01,0,0.09388679245283017,0
rf,3,SR386_40X_HE_T267_01,0,0.12867480835849315,0
rf,3,SR386_40X_HE_T269_01,0,0.018,0
rf,3,SR386_40X_HE_T277_01,0,0.049530595722707384,0
rf,3,SR386_40X_HE_T286_01,0,0.08762770562770562,0
rf,3,SR386_40X_HE_T287_01,0,0.09305669599217986,0
rf,3,SR386_40X_HE_T290_01,0,0.086,0
rf,3,SR386_40X_HE_T293_01,0,0.06917482517482518,0
rf,3,SR386_40X_HE_T298_01,0,0.03357284113381674,0
rf,3,SR386_40X_HE_T303_01,0,0.013810483870967743,0
rf,3,SR386_40X_HE_T312_01,0,0.06181818181818182,0
rf,3,SR386_40X_HE_T329_01,0,0.12227286439051145,0
rf,3,SR386_40X_HE_T336_01,0,0.046,0
rf,3,SR386_40X_HE_T338_01,0,0.02,0
rf,3,SR386_40X_HE_T342_01,0,0.029614130434782608,0
rf,3,SR386_40X_HE_T353_01,0,0.05180952380952381,0
rf,3,SR386_40X_HE_T357_01,0,0.015068181818181819,0
rf,3,SR386_40X_HE_T362_01,0,0.04933707415772633,0
rf,3,SR386_40X_HE_T363_01,1,0.3079047619047619,1
rf,3,SR386_40X_HE_T372_01,0,0.10337549407114624,0
rf,3,SR386_40X_HE_T378_01,0,0.012,0
rf,3,SR386_40X_HE_T379_01,0,0.025935483870967745,0
rf,3,SR386_40X_HE_T386_01,0,0.039602150537634405,0
rf,3,SR386_40X_HE_T387_01,0,0.023602150537634408,0
rf,3,SR386_40X_HE_T393_01,0,0.04763829627384026,0
rf,3,SR386_40X_HE_T397_01,0,0.1508732128158162,0
rf,3,SR386_40X_HE_T406_01,0,0.1405156550766307,0
rf,3,SR386_40X_HE_T409_01,0,0.05148484848484849,0
rf,3,SR386_40X_HE_T422_01,0,0.01553846153846154,0
rf,3,SR386_40X_HE_T426_01,0,0.028,0
rf,3,SR386_40X_HE_T433_01,0,0.03563636363636364,0
rf,3,SR386_40X_HE_T443_01,0,0.09181818181818181,0
rf,3,SR386_40X_HE_T448_01,0,0.09581818181818182,0
rf,3,SR386_40X_HE_T452_01,0,0.11965149833518314,0
rf,3,SR386_40X_HE_T460_01,1,0.18176940133037692,0
rf,3,SR386_40X_HE_T473_01,0,0.05334128097241703,0
rf,3,SR386_40X_HE_T475_01,0,0.008,0
rf,3,SR386_40X_HE_T478_01,0,0.04363636363636364,0
rf,3,SR386_40X_HE_T489_01,1,0.03353846153846154,0
rf,3,SR386_40X_HE_T491_01,0,0.07304699330362108,0
rf,3,SR386_40X_HE_T492_01,0,0.03157184750733138,0
rf,3,SR386_40X_HE_T493_01,0,0.02320833333333333,0
rf,3,SR386_40X_HE_T502_01,0,0.01566666666666667,0
rf,3,SR386_40X_HE_T505_01,0,0.0687205017516378,0
rf,3,SR386_40X_HE_T506_01,0,0.05940579710144928,0
rf,3,SR386_40X_HE_T509_01,0,0.07715946279059883,0
rf,3,SR386_40X_HE_T516_01,0,0.10802655677655677,0
rf,3,SR386_40X_HE_T518_01,0,0.02,0
rf,3,SR386_40X_HE_T519_01,0,0.05363276019476567,0
rf,3,SR386_40X_HE_T521_01,0,0.008,0
rf,3,SR386_40X_HE_T526_01,0,0.043185483870967746,0
rf,3,SR386_40X_HE_T533_01,0,0.03376940133037694,0
rf,3,SR386_40X_HE_T543_01,0,0.046,0
rf,3,SR386_40X_HE_T544_01,0,0.04369318181818182,0
rf,3,SR386_40X_HE_T556_01,1,0.11593548387096775,0
rf,3,SR386_40X_HE_T560_01,0,0.08342033235581622,0
rf,3,SR386_40X_HE_T563_01,0,0.018,0
rf,3,SR386_40X_HE_T568_01,0,0.04769318181818182,0
rf,3,SR386_40X_HE_T571_01,0,0.06307692307692309,0
rf,3,SR386_40X_HE_T572_01,0,0.09944684750733139,0
rf,3,SR386_40X_HE_T573_01,0,0.086,0
rf,3,SR386_40X_HE_T583_01,0,0.03133333333333333,0
rf,4,SR1482_40X_HE_T002_01,0,0.02586046511627907,0
rf,4,SR1482_40X_HE_T003_01,0,0.06180952380952381,0
rf,4,SR1482_40X_HE_T004_01,0,0.1314816221256226,0
rf,4,SR1482_40X_HE_T004_02,0,0.12499967643161979,0
rf,4,SR1482_40X_HE_T011_01,0,0.12208667545410268,0
rf,4,SR1482_40X_HE_T025_01,0,0.12092696979339995,0
rf,4,SR1482_40X_HE_T025_02,0,0.14817163228927932,0
rf,4,SR1482_40X_HE_T060_01,0,0.060698437794089975,0
rf,4,SR1482_40X_HE_T062_01,0,0.2236444013303769,0
rf,4,SR1482_40X_HE_T062_02,0,0.21930231993345595,0
rf,4,SR1482_40X_HE_T064_01,0,0.17932954545454546,0
rf,4,SR1482_40X_HE_T064_02,0,0.11972294372294373,0
rf,4,SR1482_40X_HE_T071_01,0,0.06395121951219512,0
rf,4,SR1482_40X_HE_T071_02,0,0.095317599548628,0
rf,4,SR1482_40X_HE_T074_01,0,0.05948484848484848,0
rf,4,SR1482_40X_HE_T074_02,0,0.049484848484848486,0
rf,4,SR1482_40X_HE_T083_01,0,0.245501909854851,0
rf,4,SR1482_40X_HE_T083_02,0,0.239875,0
rf,4,SR1482_40X_HE_T087_01,0,0.05763636363636364,0
rf,4,SR1482_40X_HE_T097_01,1,0.18603485097574574,0
rf,4,SR1482_40X_HE_T097_02,1,0.17332858043765764,0
rf,4,SR1482_40X_HE_T108_01,0,0.01736468105065666,0
rf,4,SR1482_40X_HE_T113_01,0,0.06094425863991081,0
rf,4,SR1482_40X_HE_T113_02,0,0.11102285847145181,0
rf,4,SR1482_40X_HE_T121_01,0,0.037492345053320664,0
rf,4,SR1482_40X_HE_T122_01,0,0.029333333333333336,0
rf,4,SR1482_40X_HE_T125_01,0,0.14967461430575038,0
rf,4,SR1482_40X_HE_T125_02,0,0.15907620459250893,0
rf,4,SR1482_40X_HE_T131_01,0,0.15341612554112555,0
rf,4,SR1482_40X_HE_T131_02,0,0.1995094385580319,0
rf,4,SR1482_40X_HE_T132_01,0,0.06375366568914956,0
rf,4,SR1482_40X_HE_T132_02,0,0.07576940133037693,0
rf,4,SR1482_40X_HE_T143_01,0,0.17739309656668992,0
rf,4,SR1482_40X_HE_T143_02,0,0.16734431607888503,0
rf,4,SR1482_40X_HE_T166_01,1,0.04706867625997408,0
rf,4,SR1482_40X_HE_T169_01,0,0.11993548387096774,0
rf,4,SR1482_40X_HE_T176_01,1,0.3570675465838509,1
rf,4,SR1482_40X_HE_T176_02,1,0.1918095238095238,0
rf,4,SR1482_40X_HE_T191_01,0,0.07357184750733137,0
rf,4,SR1482_40X_HE_T194_01,0,0.47,1
rf,4,SR1482_40X_HE_T218_01,0,0.02181818181818182,0
rf,4,SR1482_40X_HE_T253_01,0,0.02135930735930736,0
rf,4,SR1482_40X_HE_T290_01,0,0.11535326086956522,0
rf,4,SR1482_40X_HE_T308_01,0,0.17723430735930734,0
rf,4,SR1482_40X_HE_T314_01,0,0.2889990132416602,0
rf,4,SR1482_40X_HE_T314_02,0,0.3597391304347826,1
rf,4,SR1482_40X_HE_T372_01,1,0.19974125874125873,0
rf,4,SR1482_40X_HE_T372_02,1,0.1860981934148133,0
rf,4,SR1482_40X_HE_T408_01,0,0.08581818181818181,0
rf,4,SR1482_40X_HE_T412_01,0,0.11176940133037694,0
rf,4,SR1482_40X_HE_T425_01,0,0.029356643356643355,0
rf,4,SR1482_40X_HE_T434_01,1,0.10522678004007928,0
rf,4,SR386_40X_HE_T006_01,0,0.02740579710144928,0
rf,4,SR386_40X_HE_T010_01,0,0.04365842759391146,0
rf,4,SR386_40X_HE_T014_01,0,0.09982618526215128,0
rf,4,SR386_40X_HE_T016_01,0,0.011923076923076923,0
rf,4,SR386_40X_HE_T020_01,0,0.019231643356643357,0
rf,4,SR386_40X_HE_T027_01,0,0.10947660941209328,0
rf,4,SR386_40X_HE_T028_01,0,0.076,0
rf,4,SR386_40X_HE_T037_01,0,0.01566666666666667,0
rf,4,SR386_40X_HE_T043_01,0,0.04569034994697773,0
rf,4,SR386_40X_HE_T044_01,1,0.1547891357573289,0
rf,4,SR386_40X_HE_T046_01,0,0.049500170998632013,0
rf,4,SR386_40X_HE_T058_01,0,0.02,0
rf,4,SR386_40X_HE_T062_01,0,0.035302409988385595,0
rf,4,SR386_40X_HE_T065_01,1,0.11595441921104702,0
rf,4,SR386_40X_HE_T080_01,0,0.04777896613190731,0
rf,4,SR386_40X_HE_T091_01,0,0.03352264808362369,0
rf,4,SR386_40X_HE_T094_01,0,0.011644688644688646,0
rf,4,SR386_40X_HE_T097_01,0,0.018,0
rf,4,SR386_40X_HE_T100_01,0,0.06533707415772634,0
rf,4,SR386_40X_HE_T107_01,0,0.057783978845436616,0
rf,4,SR386_40X_HE_T109_01,1,0.15086800699300698,0
rf,4,SR386_40X_HE_T110_01,0,0.09381818181818181,0
rf,4,SR386_40X_HE_T117_01,0,0.05490518084066471,0
rf,4,SR386_40X_HE_T127_01,0,0.04,0
rf,4,SR386_40X_HE_T129_01,0,0.023151515151515152,0
rf,4,SR386_40X_HE_T136_01,0,0.05429742232898618,0
rf,4,SR386_40X_HE_T154_01,0,0.023208333333333334,0
rf,4,SR386_40X_HE_T168_01,1,0.17956818181818182,0
rf,4,SR386_40X_HE_T175_01,0,0.004,0
rf,4,SR386_40X_HE_T189_01,0,0.030969696969696973,0
rf,4,SR386_40X_HE_T195_01,0,0.025541666666666667,0
rf,4,SR386_40X_HE_T227_01,0,0.029904761904761906,0
rf,4,SR386_40X_HE_T233_01,0,0.12961413043478262,0
rf,4,SR386_40X_HE_T234_01,0,0.055492796123932174,0
rf,4,SR386_40X_HE_T235_01,0,0.03581818181818181,0
rf,4,SR386_40X_HE_T239_01,0,0.15759794372294372,0
rf,4,SR386_40X_HE_T245_01,0,0.007818181818181818,0
rf,4,SR386_40X_HE_T256_01,0,0.051666666666666666,0
rf,4,SR386_40X_HE_T265_01,0,0.060089502428341234,0
rf,4,SR386_40X_HE_T268_01,0,0.12533546511627908,0
rf,4,SR386_40X_HE_T270_01,0,0.07727938138459599,0
rf,4,SR386_40X_HE_T272_01,0,0.1716837280366692,0
rf,4,SR386_40X_HE_T273_01,0,0.14747715053763444,0
rf,4,SR386_40X_HE_T276_01,0,0.17889890910693396,0
rf,4,SR386_40X_HE_T278_01,1,0.21924817118365506,0
rf,4,SR386_40X_HE_T284_01,0,0.03973913043478261,0
rf,4,SR386_40X_HE_T285_01,0,0.01,0
rf,4,SR386_40X_HE_T288_01,0,0.0499047619047619,0
rf,4,SR386_40X_HE_T291_01,0,0.052,0
rf,4,SR386_40X_HE_T300_01,0,0.03941329366992146,0
rf,4,SR386_40X_HE_T302_01,0,0.03781818181818181,0
rf,4,SR386_40X_HE_T305_01,0,0.04581818181818182,0
rf,4,SR386_40X_HE_T308_01,0,0.034,0
rf,4,SR386_40X_HE_T325_01,0,0.04595121951219512,0
rf,4,SR386_40X_HE_T331_01,0,0.09455611867806989,0
rf,4,SR386_40X_HE_T341_01,0,0.108,0
rf,4,SR386_40X_HE_T343_01,1,0.061196889132373006,0
rf,4,SR386_40X_HE_T346_01,0,0.10757184750733138,0
rf,4,SR386_40X_HE_T352_01,0,0.023875,0
rf,4,SR386_40X_HE_T373_01,0,0.09306097831276,0
rf,4,SR386_40X_HE_T375_01,0,0.15561788617886177,0
rf,4,SR386_40X_HE_T381_01,0,0.04376940133037694,0
rf,4,SR386_40X_HE_T389_01,0,0.04119242767036885,0
rf,4,SR386_40X_HE_T391_01,0,0.03979620379620379,0
rf,4,SR386_40X_HE_T394_01,0,0.02785598141695703,0
rf,4,SR386_40X_HE_T399_01,0,0.1495607843137255,0
rf,4,SR386_40X_HE_T403_01,0,0.017629156238725203,0
rf,4,SR386_40X_HE_T405_01,0,0.08320430107526881,0
rf,4,SR386_40X_HE_T407_01,0,0.034,0
rf,4,SR386_40X_HE_T414_01,0,0.047818181818181815,0
rf,4,SR386_40X_HE_T424_01,0,0.09097516075383778,0
rf,4,SR386_40X_HE_T429_01,0,0.07959714795008913,0
rf,4,SR386_40X_HE_T441_01,0,0.08142033235581621,0
rf,4,SR386_40X_HE_T451_01,0,0.0499047619047619,0
rf,4,SR386_40X_HE_T453_01,0,0.031967213114754096,0
rf,4,SR386_40X_HE_T455_01,0,0.035951219512195126,0
rf,4,SR386_40X_HE_T465_01,0,0.06326461038961038,0
rf,4,SR386_40X_HE_T474_01,0,0.12757184750733136,0
rf,4,SR386_40X_HE_T476_01,0,0.11028833934882322,0
rf,4,SR386_40X_HE_T479_01,0,0.046645679901493854,0
rf,4,SR386_40X_HE_T482_01,0,0.045745007680491556,0
rf,4,SR386_40X_HE_T487_01,0,0.0367260446870203,0
rf,4,SR386_40X_HE_T490_01,0,0.045476609412093284,0
rf,4,SR386_40X_HE_T494_01,0,0.022,0
rf,4,SR386_40X_HE_T500_01,0,0.026,0
rf,4,SR386_40X_HE_T510_01,0,0.058,0
rf,4,SR386_40X_HE_T524_01,0,0.10169034994697773,0
rf,4,SR386_40X_HE_T528_01,0,0.14720262037621368,0
rf,4,SR386_40X_HE_T532_01,0,0.02581818181818182,0
rf,4,SR386_40X_HE_T534_01,0,0.12583175205566097,0
rf,4,SR386_40X_HE_T536_01,0,0.017951219512195124,0
rf,4,SR386_40X_HE_T537_01,0,0.09565842759391145,0
rf,4,SR386_40X_HE_T541_01,0,0.042,0
rf,4,SR386_40X_HE_T548_01,1,0.17148968105065665,0
rf,4,SR386_40X_HE_T550_01,0,0.12555731225296443,0
rf,4,SR386_40X_HE_T551_01,0,0.004,0
rf,4,SR386_40X_HE_T557_01,0,0.04360964710610659,0
rf,4,SR386_40X_HE_T565_01,0,0.02381818181818182,0
rf,4,SR386_40X_HE_T567_01,0,0.037571428571428575,0
rf,4,SR386_40X_HE_T575_01,0,0.16083430735930737,0
rf,4,SR386_40X_HE_T576_01,0,0.029333333333333336,0
rf,4,SR386_40X_HE_T581_01,0,0.09193548387096774,0
