classifier,fold,WSI_ID,target,prob_pos,pred_at_0.5
lin,1,SR1482_40X_HE_T029_01,0,0.0003033180877574034,0
lin,1,SR1482_40X_HE_T029_02,0,4.55721780548332e-05,0
lin,1,SR1482_40X_HE_T057_01,0,2.0648868985919091e-07,0
lin,1,SR1482_40X_HE_T063_01,1,0.998757192311742,1
lin,1,SR1482_40X_HE_T063_02,1,8.43784956212448e-06,0
lin,1,SR1482_40X_HE_T065_01,0,6.6822261692724e-05,0
lin,1,SR1482_40X_HE_T065_02,0,7.445970541390075e-08,0
lin,1,SR1482_40X_HE_T066_01,0,0.9548135969901225,1
lin,1,SR1482_40X_HE_T066_02,0,0.9629765498426633,1
lin,1,SR1482_40X_HE_T068_01,0,7.991932410448607e-10,0
lin,1,SR1482_40X_HE_T069_01,0,7.652430880817384e-10,0
lin,1,SR1482_40X_HE_T069_02,0,1.9935737185438712e-07,0
lin,1,SR1482_40X_HE_T079_01,1,0.0014465512651900471,0
lin,1,SR1482_40X_HE_T079_02,1,0.3911995767049418,0
lin,1,SR1482_40X_HE_T080_01,0,2.1534546271154035e-05,0
lin,1,SR1482_40X_HE_T080_02,0,1.4834261347992707e-06,0
lin,1,SR1482_40X_HE_T081_01,0,1.2828561702787391e-08,0
lin,1,SR1482_40X_HE_T081_02,0,2.6857415528969456e-05,0
lin,1,SR1482_40X_HE_T099_01,0,1.1092825058688116e-12,0
lin,1,SR1482_40X_HE_T116_01,0,0.0019340763757761332,0
lin,1,SR1482_40X_HE_T117_01,0,1.417655031817681e-10,0
lin,1,SR1482_40X_HE_T117_02,0,1.4460370340975503e-10,0
lin,1,SR1482_40X_HE_T126_01,0,0.0014435041092991294,0
lin,1,SR1482_40X_HE_T129_01,0,9.67730641840537e-05,0
lin,1,SR1482_40X_HE_T129_02,0,0.010534621207487695,0
lin,1,SR1482_40X_HE_T139_01,0,0.011430479361164743,0
lin,1,SR1482_40X_HE_T139_02,0,0.9221382663190572,1
lin,1,SR1482_40X_HE_T147_01,0,0.25143083097227065,0
lin,1,SR1482_40X_HE_T147_02,0,0.9999698888050488,1
lin,1,SR1482_40X_HE_T159_01,0,2.1661385529960276e-05,0
lin,1,SR1482_40X_HE_T159_02,0,0.00016074646516786825,0
lin,1,SR1482_40X_HE_T192_01,0,1.1431994101353615e-06,0
lin,1,SR1482_40X_HE_T199_01,0,5.7661294289861995e-11,0
lin,1,SR1482_40X_HE_T304_01,0,3.9618724853350305e-06,0
lin,1,SR1482_40X_HE_T304_02,0,5.069256330258713e-09,0
lin,1,SR1482_40X_HE_T310_01,1,0.6774132620173395,1
lin,1,SR1482_40X_HE_T310_02,1,0.9309444024869147,1
lin,1,SR1482_40X_HE_T341_01,0,5.3378354567088074e-11,0
lin,1,SR1482_40X_HE_T341_02,0,1.7187854247445134e-10,0
lin,1,SR1482_40X_HE_T353_01,0,7.519489155904183e-06,0
lin,1,SR1482_40X_HE_T390_01,0,1.3753498699140628e-12,0
lin,1,SR1482_40X_HE_T433_01,1,0.002138226984978381,0
lin,1,SR386_40X_HE_T003_01,0,3.3587559960668336e-07,0
lin,1,SR386_40X_HE_T004_01,0,0.00029883706943151174,0
lin,1,SR386_40X_HE_T022_01,1,0.7461596999012036,1
lin,1,SR386_40X_HE_T030_01,0,0.3972883870712095,0
lin,1,SR386_40X_HE_T033_01,0,0.0013938723909627825,0
lin,1,SR386_40X_HE_T036_01,0,1.6571385810993838e-07,0
lin,1,SR386_40X_HE_T038_01,0,1.382540606759847e-06,0
lin,1,SR386_40X_HE_T049_01,0,1.2697457167449072e-11,0
lin,1,SR386_40X_HE_T050_01,0,0.0016709292694631935,0
lin,1,SR386_40X_HE_T060_01,0,0.00015511062403178206,0
lin,1,SR386_40X_HE_T063_01,0,0.0008664194758288577,0
lin,1,SR386_40X_HE_T066_01,0,7.246538414810328e-05,0
lin,1,SR386_40X_HE_T069_01,0,0.00011202391763834752,0
lin,1,SR386_40X_HE_T072_01,0,2.64621758188942e-06,0
lin,1,SR386_40X_HE_T074_01,0,1.469210821609991e-06,0
lin,1,SR386_40X_HE_T078_01,0,0.0001493968540976113,0
lin,1,SR386_40X_HE_T079_01,0,3.3886881105781577e-13,0
lin,1,SR386_40X_HE_T092_01,1,0.06313914932889333,0
lin,1,SR386_40X_HE_T096_01,0,1.042528798365571e-09,0
lin,1,SR386_40X_HE_T099_01,0,8.198111740909141e-08,0
lin,1,SR386_40X_HE_T103_01,0,9.450939342672255e-12,0
lin,1,SR386_40X_HE_T108_01,0,4.7666389555063155e-05,0
lin,1,SR386_40X_HE_T113_01,0,1.0428919908762636e-06,0
lin,1,SR386_40X_HE_T114_01,0,2.3937823759931712e-05,0
lin,1,SR386_40X_HE_T119_01,0,1.0909906192810101e-05,0
lin,1,SR386_40X_HE_T126_01,0,5.338241837419675e-09,0
lin,1,SR386_40X_HE_T130_01,0,4.642099599002966e-13,0
lin,1,SR386_40X_HE_T131_01,0,5.086722939856324e-06,0
lin,1,SR386_40X_HE_T135_01,0,0.39197735150863416,0
lin,1,SR386_40X_HE_T140_01,0,3.0236048586186362e-06,0
lin,1,SR386_40X_HE_T144_01,0,0.7852865764355734,1
lin,1,SR386_40X_HE_T147_01,0,5.731334472715752e-10,0
lin,1,SR386_40X_HE_T148_01,0,6.577757640683672e-06,0
lin,1,SR386_40X_HE_T160_01,0,5.164242012337802e-08,0
lin,1,SR386_40X_HE_T169_01,0,9.340067548400757e-10,0
lin,1,SR386_40X_HE_T170_01,1,0.9974724238876994,1
lin,1,SR386_40X_HE_T172_01,0,0.9975665043584961,1
lin,1,SR386_40X_HE_T174_01,0,0.0013173287785001534,0
lin,1,SR386_40X_HE_T181_01,0,2.0760463331710434e-07,0
lin,1,SR386_40X_HE_T196_01,0,1.2664572842883922e-09,0
lin,1,SR386_40X_HE_T205_01,0,0.2278628203088423,0
lin,1,SR386_40X_HE_T209_01,0,1.9555114981506874e-08,0
lin,1,SR386_40X_HE_T210_01,0,0.9408614106401837,1
lin,1,SR386_40X_HE_T212_01,0,2.407516594359966e-06,0
lin,1,SR386_40X_HE_T221_01,0,1.7899755188017876e-07,0
lin,1,SR386_40X_HE_T224_01,0,6.858837740066917e-09,0
lin,1,SR386_40X_HE_T231_01,1,0.004276446867336627,0
lin,1,SR386_40X_HE_T232_01,0,3.2068396755443146e-09,0
lin,1,SR386_40X_HE_T247_01,0,1.1081710844064377e-06,0
lin,1,SR386_40X_HE_T252_01,0,1.1122738358207033e-06,0
lin,1,SR386_40X_HE_T255_01,0,6.995014813837732e-07,0
lin,1,SR386_40X_HE_T259_01,1,0.8661916467593594,1
lin,1,SR386_40X_HE_T274_01,0,5.670201815839498e-09,0
lin,1,SR386_40X_HE_T275_01,0,0.1967499039751091,0
lin,1,SR386_40X_HE_T282_01,0,3.317681531031725e-08,0
lin,1,SR386_40X_HE_T294_01,0,0.8995001880305432,1
lin,1,SR386_40X_HE_T311_01,0,8.078955851561625e-08,0
lin,1,SR386_40X_HE_T315_01,0,0.02918378066474672,0
lin,1,SR386_40X_HE_T319_01,1,0.0010772053525861958,0
lin,1,SR386_40X_HE_T324_01,1,0.06393300420379514,0
lin,1,SR386_40X_HE_T330_01,0,4.89007733748144e-11,0
lin,1,SR386_40X_HE_T333_01,0,0.00012050092357566457,0
lin,1,SR386_40X_HE_T335_01,0,2.035214164846181e-08,0
lin,1,SR386_40X_HE_T337_01,0,1.6054413994287281e-06,0
lin,1,SR386_40X_HE_T344_01,0,2.052355916039238e-05,0
lin,1,SR386_40X_HE_T347_01,0,1.3629893644820813e-06,0
lin,1,SR386_40X_HE_T350_01,0,6.186796061036404e-10,0
lin,1,SR386_40X_HE_T351_01,0,0.0007462067945800182,0
lin,1,SR386_40X_HE_T360_01,0,2.3891166316109244e-11,0
lin,1,SR386_40X_HE_T361_01,0,2.0406419632836472e-08,0
lin,1,SR386_40X_HE_T366_01,0,1.6058301246084314e-07,0
lin,1,SR386_40X_HE_T377_01,1,0.9686160680085086,1
lin,1,SR386_40X_HE_T384_01,0,3.1172182422345136e-07,0
lin,1,SR386_40X_HE_T395_01,0,3.445970885347373e-08,0
lin,1,SR386_40X_HE_T396_01,0,0.0002064474200760027,0
lin,1,SR386_40X_HE_T401_01,0,0.16623987919159933,0
lin,1,SR386_40X_HE_T408_01,0,1.2434219515177365e-07,0
lin,1,SR386_40X_HE_T410_01,0,0.02265470584566637,0
lin,1,SR386_40X_HE_T413_01,0,4.1908565307288305e-08,0
lin,1,SR386_40X_HE_T416_01,0,3.352049485999907e-07,0
lin,1,SR386_40X_HE_T418_01,0,1.0323371185662325e-10,0
lin,1,SR386_40X_HE_T419_01,0,0.038381990216820774,0
lin,1,SR386_40X_HE_T421_01,0,3.862662113940262e-06,0
lin,1,SR386_40X_HE_T423_01,0,2.715532756759906e-07,0
lin,1,SR386_40X_HE_T428_01,0,1.351968796737322e-07,0
lin,1,SR386_40X_HE_T430_01,0,4.020770894187053e-06,0
lin,1,SR386_40X_HE_T431_01,0,0.01714132503024064,0
lin,1,SR386_40X_HE_T435_01,0,0.8886754937542635,1
lin,1,SR386_40X_HE_T438_01,0,1.5086664890347617e-05,0
lin,1,SR386_40X_HE_T439_01,0,0.11664898282539327,0
lin,1,SR386_40X_HE_T447_01,0,2.4891567922799933e-11,0
lin,1,SR386_40X_HE_T449_01,0,1.8601955682896567e-06,0
lin,1,SR386_40X_HE_T454_01,0,1.694771274873054e-08,0
lin,1,SR386_40X_HE_T456_01,0,3.9054539207024246e-08,0
lin,1,SR386_40X_HE_T461_01,0,5.368894127285466e-06,0
lin,1,SR386_40X_HE_T462_01,0,1.0949260034013419e-05,0
lin,1,SR386_40X_HE_T468_01,0,1.829006206213336e-07,0
lin,1,SR386_40X_HE_T469_01,1,0.0005996456118537393,0
lin,1,SR386_40X_HE_T470_01,0,9.589760036183487e-06,0
lin,1,SR386_40X_HE_T471_01,0,2.3895063284810743e-07,0
lin,1,SR386_40X_HE_T477_01,0,2.5616650346375017e-08,0
lin,1,SR386_40X_HE_T480_01,0,0.0015751724502175,0
lin,1,SR386_40X_HE_T484_01,0,9.247080508134958e-05,0
lin,1,SR386_40X_HE_T495_01,0,2.4648066400195564e-14,0
lin,1,SR386_40X_HE_T496_01,0,1.9792831790327483e-10,0
lin,1,SR386_40X_HE_T498_01,0,0.9411383161806798,1
lin,1,SR386_40X_HE_T504_01,0,4.1755610425816684e-07,0
lin,1,SR386_40X_HE_T511_01,0,6.203766779294268e-07,0
lin,1,SR386_40X_HE_T517_01,0,0.0032257384876418463,0
lin,1,SR386_40X_HE_T523_01,0,1.1008742014141972e-05,0
lin,1,SR386_40X_HE_T529_01,0,1.723825201534694e-07,0
lin,1,SR386_40X_HE_T542_01,0,4.0351827024190144e-10,0
lin,1,SR386_40X_HE_T569_01,0,0.3026571816605756,0
lin,1,SR386_40X_HE_T582_01,0,8.239842086618802e-10,0
lin,2,SR1482_40X_HE_T009_01,0,2.769815141335902e-16,0
lin,2,SR1482_40X_HE_T009_02,0,4.799546626087475e-15,0
lin,2,SR1482_40X_HE_T015_01,0,5.468087560070759e-08,0
lin,2,SR1482_40X_HE_T021_01,0,2.096217500932375e-09,0
lin,2,SR1482_40X_HE_T067_01,0,3.972143964872383e-09,0
lin,2,SR1482_40X_HE_T075_01,0,8.155532051893005e-07,0
lin,2,SR1482_40X_HE_T075_02,0,8.23534513649901e-07,0
lin,2,SR1482_40X_HE_T098_01,0,3.9820268346441535e-07,0
lin,2,SR1482_40X_HE_T098_02,0,1.2177438494666052e-06,0
lin,2,SR1482_40X_HE_T102_01,0,0.002497285679566493,0
lin,2,SR1482_40X_HE_T123_01,0,1.2142879521336754e-05,0
lin,2,SR1482_40X_HE_T142_01,0,1.0562348829377162e-09,0
lin,2,SR1482_40X_HE_T146_01,0,0.048283377717856214,0
lin,2,SR1482_40X_HE_T148_01,0,0.0011563981548124815,0
lin,2,SR1482_40X_HE_T148_02,0,0.0006964286078020713,0
lin,2,SR1482_40X_HE_T154_01,0,6.98928173853976e-07,0
lin,2,SR1482_40X_HE_T158_01,0,1.562016709745551e-08,0
lin,2,SR1482_40X_HE_T161_01,0,3.705302339854591e-08,0
lin,2,SR1482_40X_HE_T161_02,0,1.9715455965707587e-07,0
lin,2,SR1482_40X_HE_T164_01,1,1.0979050199579767e-07,0
lin,2,SR1482_40X_HE_T164_02,1,8.39958315484429e-08,0
lin,2,SR1482_40X_HE_T168_01,0,0.11176939119727733,0
lin,2,SR1482_40X_HE_T171_01,0,3.1973505077532586e-07,0
lin,2,SR1482_40X_HE_T171_02,0,7.626032779622945e-07,0
lin,2,SR1482_40X_HE_T178_01,1,4.348609024280252e-05,0
lin,2,SR1482_40X_HE_T186_01,0,3.382228845061641e-08,0
lin,2,SR1482_40X_HE_T193_01,0,0.0004628762344085577,0
lin,2,SR1482_40X_HE_T193_02,0,0.6672100378023619,1
lin,2,SR1482_40X_HE_T209_01,0,1.9778322790536843e-06,0
lin,2,SR1482_40X_HE_T209_02,0,0.02148356592535906,0
lin,2,SR1482_40X_HE_T245_01,0,0.024783248674918153,0
lin,2,SR1482_40X_HE_T245_02,0,0.0003456919216841076,0
lin,2,SR1482_40X_HE_T265_01,0,3.2442579750568637e-05,0
lin,2,SR1482_40X_HE_T302_01,0,1.0262801798350049e-06,0
lin,2,SR1482_40X_HE_T343_01,1,0.0013244295400564408,0
lin,2,SR1482_40X_HE_T343_02,1,1.476726410220995e-07,0
lin,2,SR1482_40X_HE_T399_01,0,1.8935733960309536e-05,0
lin,2,SR1482_40X_HE_T399_02,0,5.899338648680359e-08,0
lin,2,SR1482_40X_HE_T426_01,0,5.991625479779547e-12,0
lin,2,SR1482_40X_HE_T426_02,0,1.4679798620791293e-11,0
lin,2,SR386_40X_HE_T001_01,0,0.05998254208303505,0
lin,2,SR386_40X_HE_T013_01,0,1.2076364769264354e-07,0
lin,2,SR386_40X_HE_T018_01,0,2.183940071036289e-08,0
lin,2,SR386_40X_HE_T019_01,0,1.6310369578814446e-08,0
lin,2,SR386_40X_HE_T024_01,0,1.6091711447647091e-13,0
lin,2,SR386_40X_HE_T039_01,0,1.1850116057959798e-09,0
lin,2,SR386_40X_HE_T040_01,1,0.9986487862787687,1
lin,2,SR386_40X_HE_T042_01,0,0.00014932027136688907,0
lin,2,SR386_40X_HE_T047_01,0,4.3937309197935135e-10,0
lin,2,SR386_40X_HE_T051_01,0,6.559022753717307e-13,0
lin,2,SR386_40X_HE_T052_01,0,1.6816786217225685e-08,0
lin,2,SR386_40X_HE_T056_01,0,1.508700175035488e-07,0
lin,2,SR386_40X_HE_T057_01,0,4.6529512012570884e-09,0
lin,2,SR386_40X_HE_T070_01,0,2.290844115606095e-08,0
lin,2,SR386_40X_HE_T082_01,0,0.006824055551430902,0
lin,2,SR386_40X_HE_T084_01,0,4.98837916065248e-09,0
lin,2,SR386_40X_HE_T087_01,0,0.008617151221292745,0
lin,2,SR386_40X_HE_T088_01,0,8.811459122425669e-05,0
lin,2,SR386_40X_HE_T098_01,0,0.0009270418495317834,0
lin,2,SR386_40X_HE_T105_01,0,0.00028656382981908296,0
lin,2,SR386_40X_HE_T122_01,0,2.6781663769451047e-12,0
lin,2,SR386_40X_HE_T123_01,0,6.261178974621916e-06,0
lin,2,SR386_40X_HE_T133_01,0,1.303535911670387e-09,0
lin,2,SR386_40X_HE_T145_01,0,3.7409784008004366e-07,0
lin,2,SR386_40X_HE_T150_01,0,2.774711550758779e-05,0
lin,2,SR386_40X_HE_T152_01,0,2.1663793697027665e-08,0
lin,2,SR386_40X_HE_T155_01,0,0.0008000200298469565,0
lin,2,SR386_40X_HE_T157_01,0,1.7370774668243354e-09,0
lin,2,SR386_40X_HE_T164_01,0,5.659182070151471e-05,0
lin,2,SR386_40X_HE_T166_01,0,1.7657000819252354e-05,0
lin,2,SR386_40X_HE_T176_01,1,0.010913245739968002,0
lin,2,SR386_40X_HE_T177_01,0,1.163800904146122e-14,0
lin,2,SR386_40X_HE_T178_01,0,0.009032286108775012,0
lin,2,SR386_40X_HE_T187_01,0,8.893085527496526e-07,0
lin,2,SR386_40X_HE_T190_01,0,2.6903915394732085e-10,0
lin,2,SR386_40X_HE_T192_01,0,1.057959431985584e-09,0
lin,2,SR386_40X_HE_T198_01,0,1.6586297241379781e-09,0
lin,2,SR386_40X_HE_T200_01,0,0.0202962225118352,0
lin,2,SR386_40X_HE_T206_01,1,0.00010980240133886464,0
lin,2,SR386_40X_HE_T211_01,0,1.4019076136325891e-07,0
lin,2,SR386_40X_HE_T213_01,0,1.7213147739680485e-08,0
lin,2,SR386_40X_HE_T214_01,0,3.59857347568462e-05,0
lin,2,SR386_40X_HE_T220_01,0,1.817341914491972e-08,0
lin,2,SR386_40X_HE_T230_01,1,0.9994616333795657,1
lin,2,SR386_40X_HE_T236_01,0,3.3037985817819035e-05,0
lin,2,SR386_40X_HE_T237_01,0,1.4694436970413521e-05,0
lin,2,SR386_40X_HE_T240_01,0,2.9722607699380756e-06,0
lin,2,SR386_40X_HE_T241_01,0,8.548676853112173e-07,0
lin,2,SR386_40X_HE_T242_01,0,2.922594507738893e-05,0
lin,2,SR386_40X_HE_T253_01,0,1.3859108659590117e-10,0
lin,2,SR386_40X_HE_T260_01,0,8.36635432167359e-09,0
lin,2,SR386_40X_HE_T262_01,0,0.00013294591905878297,0
lin,2,SR386_40X_HE_T264_01,0,9.428417161328499e-08,0
lin,2,SR386_40X_HE_T271_01,0,7.483357115282413e-12,0
lin,2,SR386_40X_HE_T281_01,0,2.996725516487589e-07,0
lin,2,SR386_40X_HE_T297_01,0,5.080421910324085e-13,0
lin,2,SR386_40X_HE_T299_01,0,1.337376405505702e-08,0
lin,2,SR386_40X_HE_T301_01,0,9.30161181189307e-10,0
lin,2,SR386_40X_HE_T306_01,0,4.041503188635473e-09,0
lin,2,SR386_40X_HE_T309_01,0,3.5015945449193046e-07,0
lin,2,SR386_40X_HE_T314_01,0,2.2455296665750957e-06,0
lin,2,SR386_40X_HE_T316_01,0,0.001161092012948502,0
lin,2,SR386_40X_HE_T318_01,0,1.993552918880672e-08,0
lin,2,SR386_40X_HE_T321_01,0,5.794946882459492e-06,0
lin,2,SR386_40X_HE_T326_01,0,3.8878259105463325e-07,0
lin,2,SR386_40X_HE_T327_01,0,4.0953368227174695e-10,0
lin,2,SR386_40X_HE_T332_01,1,4.710464380260455e-05,0
lin,2,SR386_40X_HE_T355_01,0,9.38044947982558e-08,0
lin,2,SR386_40X_HE_T364_01,0,0.0009590495109329134,0
lin,2,SR386_40X_HE_T368_01,1,7.992824221243714e-07,0
lin,2,SR386_40X_HE_T374_01,0,9.479729721040594e-10,0
lin,2,SR386_40X_HE_T380_01,0,8.860852275794158e-08,0
lin,2,SR386_40X_HE_T382_01,0,6.6864969558682125e-06,0
lin,2,SR386_40X_HE_T392_01,0,1.2318753320051856e-06,0
lin,2,SR386_40X_HE_T398_01,0,1.0896711022569692e-06,0
lin,2,SR386_40X_HE_T402_01,1,0.010505263983920664,0
lin,2,SR386_40X_HE_T404_01,0,3.7901933305442355e-09,0
lin,2,SR386_40X_HE_T415_01,0,3.187562466337706e-12,0
lin,2,SR386_40X_HE_T417_01,0,1.4997961358910986e-13,0
lin,2,SR386_40X_HE_T425_01,0,8.885603030414783e-08,0
lin,2,SR386_40X_HE_T436_01,1,8.773769058624073e-06,0
lin,2,SR386_40X_HE_T437_01,0,4.674596165649515e-08,0
lin,2,SR386_40X_HE_T440_01,0,1.435880560535304e-05,0
lin,2,SR386_40X_HE_T445_01,0,2.2700685138450146e-06,0
lin,2,SR386_40X_HE_T450_01,0,0.00017576962825705797,0
lin,2,SR386_40X_HE_T459_01,0,2.54773367729205e-07,0
lin,2,SR386_40X_HE_T472_01,0,1.0467195594294144e-07,0
lin,2,SR386_40X_HE_T481_01,0,0.004146086128831632,0
lin,2,SR386_40X_HE_T483_01,0,0.0005262915517778757,0
lin,2,SR386_40X_HE_T486_01,0,0.032699504743612016,0
lin,2,SR386_40X_HE_T488_01,0,4.292319426387429e-05,0
lin,2,SR386_40X_HE_T499_01,0,1.7147979706613575e-08,0
lin,2,SR386_40X_HE_T507_01,0,1.6070361837857383e-05,0
lin,2,SR386_40X_HE_T514_01,0,1.352386462679478e-05,0
lin,2,SR386_40X_HE_T520_01,1,1.2511792591307235e-05,0
lin,2,SR386_40X_HE_T522_01,0,8.967954976121546e-06,0
lin,2,SR386_40X_HE_T531_01,0,1.5562192321307162e-06,0
lin,2,SR386_40X_HE_T535_01,0,1.608584624550913e-16,0
lin,2,SR386_40X_HE_T539_01,0,8.536730392025363e-05,0
lin,2,SR386_40X_HE_T549_01,0,8.01130123554588e-11,0
lin,2,SR386_40X_HE_T552_01,0,5.933838949180893e-10,0
lin,2,SR386_40X_HE_T553_01,0,0.0006220114618377401,0
lin,2,SR386_40X_HE_T554_01,0,3.3098488960005325e-05,0
lin,2,SR386_40X_HE_T558_01,0,1.9305376732486436e-05,0
lin,2,SR386_40X_HE_T564_01,0,7.36457910282564e-09,0
lin,2,SR386_40X_HE_T570_01,0,1.2862291568127335e-07,0
lin,2,SR386_40X_HE_T574_01,0,2.594769130938017e-06,0
lin,2,SR386_40X_HE_T578_01,0,3.5201829038766437e-10,0
lin,2,SR386_40X_HE_T580_01,0,3.084571635569023e-09,0
lin,3,SR1482_40X_HE_T005_01,0,4.843706447236423e-05,0
lin,3,SR1482_40X_HE_T005_02,0,0.0012164348085950745,0
lin,3,SR1482_40X_HE_T010_01,0,1.0791290687573045e-11,0
lin,3,SR1482_40X_HE_T043_01,0,6.606713697374097e-12,0
lin,3,SR1482_40X_HE_T043_02,0,1.7081042105146793e-11,0
lin,3,SR1482_40X_HE_T049_01,0,1.0636747224318415e-11,0
lin,3,SR1482_40X_HE_T061_01,0,0.8298284371055115,1
lin,3,SR1482_40X_HE_T061_02,0,0.746597652107208,1
lin,3,SR1482_40X_HE_T070_01,1,2.9665284939811836e-07,0
lin,3,SR1482_40X_HE_T073_01,0,2.132128048376589e-08,0
lin,3,SR1482_40X_HE_T082_01,0,2.605997924962432e-09,0
lin,3,SR1482_40X_HE_T082_02,0,5.923529249856515e-07,0
lin,3,SR1482_40X_HE_T089_01,0,1.2952708980637337e-12,0
lin,3,SR1482_40X_HE_T090_01,0,5.260967769677733e-08,0
lin,3,SR1482_40X_HE_T094_01,1,0.9459816419188057,1
lin,3,SR1482_40X_HE_T094_02,1,0.40176842802917406,0
lin,3,SR1482_40X_HE_T105_01,0,8.030818830232686e-14,0
lin,3,SR1482_40X_HE_T115_01,0,8.272416217112133e-08,0
lin,3,SR1482_40X_HE_T115_02,0,1.4088395529166994e-08,0
lin,3,SR1482_40X_HE_T118_01,0,0.9643556555278158,1
lin,3,SR1482_40X_HE_T118_02,0,0.08578424505115015,0
lin,3,SR1482_40X_HE_T120_01,0,0.19580858503613915,0
lin,3,SR1482_40X_HE_T120_02,0,0.5686064667347769,1
lin,3,SR1482_40X_HE_T124_01,0,0.9909428296527192,1
lin,3,SR1482_40X_HE_T124_02,0,0.003998418700418483,0
lin,3,SR1482_40X_HE_T138_01,0,5.529304089462455e-09,0
lin,3,SR1482_40X_HE_T160_01,0,5.314452980228796e-12,0
lin,3,SR1482_40X_HE_T160_02,0,1.258411762815363e-11,0
lin,3,SR1482_40X_HE_T167_01,0,1.8555332706816602e-08,0
lin,3,SR1482_40X_HE_T167_02,0,5.047523125311581e-07,0
lin,3,SR1482_40X_HE_T175_01,0,0.0036856086145249448,0
lin,3,SR1482_40X_HE_T175_02,0,0.0015330220965527376,0
lin,3,SR1482_40X_HE_T177_01,1,5.229316791719812e-07,0
lin,3,SR1482_40X_HE_T188_01,0,1.5534989554219088e-12,0
lin,3,SR1482_40X_HE_T195_01,0,2.065543731545896e-06,0
lin,3,SR1482_40X_HE_T195_02,0,2.1972743436677456e-06,0
lin,3,SR1482_40X_HE_T202_01,0,1.067935201746202e-08,0
lin,3,SR1482_40X_HE_T202_02,0,4.982026463824241e-10,0
lin,3,SR1482_40X_HE_T225_01,0,1.8410745049770636e-05,0
lin,3,SR1482_40X_HE_T225_02,0,1.568431142554101e-12,0
lin,3,SR1482_40X_HE_T235_01,0,1.4002691899903463e-07,0
lin,3,SR1482_40X_HE_T235_02,0,2.747471353751258e-09,0
lin,3,SR1482_40X_HE_T236_01,0,3.8241370956691196e-13,0
lin,3,SR1482_40X_HE_T236_02,0,1.6461358132368409e-09,0
lin,3,SR1482_40X_HE_T258_01,0,5.420515248458916e-10,0
lin,3,SR1482_40X_HE_T258_02,0,1.2945966454130846e-09,0
lin,3,SR1482_40X_HE_T284_01,1,0.001536432537921432,0
lin,3,SR1482_40X_HE_T284_02,1,0.14376525798666992,0
lin,3,SR1482_40X_HE_T301_01,1,2.5013579526611804e-07,0
lin,3,SR1482_40X_HE_T301_02,1,1.2188915490946138e-05,0
lin,3,SR1482_40X_HE_T309_01,0,1.7921728269945036e-09,0
lin,3,SR1482_40X_HE_T313_01,0,4.34405338991106e-06,0
lin,3,SR1482_40X_HE_T313_02,0,0.00018950104584466675,0
lin,3,SR1482_40X_HE_T338_01,0,1.076193179474736e-05,0
lin,3,SR1482_40X_HE_T344_01,0,7.75331850627859e-06,0
lin,3,SR1482_40X_HE_T344_02,0,0.0008677960542729287,0
lin,3,SR1482_40X_HE_T346_01,0,3.32641956074569e-05,0
lin,3,SR1482_40X_HE_T346_02,0,0.0001807532923519974,0
lin,3,SR1482_40X_HE_T377_01,0,1.0316318789922754e-09,0
lin,3,SR1482_40X_HE_T377_02,0,1.917772070383786e-09,0
lin,3,SR1482_40X_HE_T419_01,0,3.844899703117857e-08,0
lin,3,SR1482_40X_HE_T427_01,0,3.316020972585196e-07,0
lin,3,SR1482_40X_HE_T427_02,0,1.6012974159867603e-08,0
lin,3,SR386_40X_HE_T007_01,0,0.00013659596036998928,0
lin,3,SR386_40X_HE_T015_01,0,1.1544382885431761e-05,0
lin,3,SR386_40X_HE_T017_01,1,0.19628067253806708,0
lin,3,SR386_40X_HE_T032_01,0,1.833149984554913e-10,0
lin,3,SR386_40X_HE_T034_01,0,1.7945879519578487e-06,0
lin,3,SR386_40X_HE_T035_01,0,4.594114176395442e-05,0
lin,3,SR386_40X_HE_T041_01,0,0.30992928329922415,0
lin,3,SR386_40X_HE_T067_01,0,3.713407191310355e-11,0
lin,3,SR386_40X_HE_T075_01,0,2.0492093396545535e-10,0
lin,3,SR386_40X_HE_T081_01,0,1.9357137925312116e-07,0
lin,3,SR386_40X_HE_T083_01,0,7.189478016110802e-05,0
lin,3,SR386_40X_HE_T085_01,0,2.0234423695276064e-11,0
lin,3,SR386_40X_HE_T095_01,0,5.366952049467087e-06,0
lin,3,SR386_40X_HE_T104_01,0,0.023352973869014373,0
lin,3,SR386_40X_HE_T106_01,0,2.0861503311064003e-09,0
lin,3,SR386_40X_HE_T112_01,0,2.3192054877553037e-07,0
lin,3,SR386_40X_HE_T128_01,0,6.888545919402066e-12,0
lin,3,SR386_40X_HE_T132_01,0,3.731692109890785e-14,0
lin,3,SR386_40X_HE_T138_01,0,2.6584986042589646e-09,0
lin,3,SR386_40X_HE_T142_01,0,0.04980126018010841,0
lin,3,SR386_40X_HE_T149_01,0,0.0005334614065422693,0
lin,3,SR386_40X_HE_T165_01,1,0.04935714911671156,0
lin,3,SR386_40X_HE_T179_01,0,0.9256954608475084,1
lin,3,SR386_40X_HE_T180_01,0,6.997973484954016e-06,0
lin,3,SR386_40X_HE_T182_01,0,7.34830995883212e-09,0
lin,3,SR386_40X_HE_T184_01,0,0.00016340246678960148,0
lin,3,SR386_40X_HE_T188_01,0,1.6980883161657877e-09,0
lin,3,SR386_40X_HE_T191_01,0,1.0080036464742763e-08,0
lin,3,SR386_40X_HE_T197_01,0,8.83453492430499e-06,0
lin,3,SR386_40X_HE_T201_01,0,5.4919782742299864e-09,0
lin,3,SR386_40X_HE_T202_01,0,9.945533199957836e-11,0
lin,3,SR386_40X_HE_T208_01,0,4.2469345608878175e-09,0
lin,3,SR386_40X_HE_T216_01,1,0.9994394631386644,1
lin,3,SR386_40X_HE_T238_01,0,2.608916276766639e-11,0
lin,3,SR386_40X_HE_T244_01,0,3.549875274815073e-09,0
lin,3,SR386_40X_HE_T248_01,0,2.979206349341727e-10,0
lin,3,SR386_40X_HE_T249_01,0,2.951287965878385e-11,0
lin,3,SR386_40X_HE_T250_01,0,2.403361468335701e-09,0
lin,3,SR386_40X_HE_T263_01,0,1.9044344770387008e-10,0
lin,3,SR386_40X_HE_T267_01,0,1.0432914904989e-08,0
lin,3,SR386_40X_HE_T269_01,0,1.3959303335674438e-07,0
lin,3,SR386_40X_HE_T277_01,0,3.7528605616613074e-08,0
lin,3,SR386_40X_HE_T286_01,0,1.1005613976228946e-06,0
lin,3,SR386_40X_HE_T287_01,0,0.0022089402784280766,0
lin,3,SR386_40X_HE_T290_01,0,1.1984557343099255e-06,0
lin,3,SR386_40X_HE_T293_01,0,2.1327295844538655e-08,0
lin,3,SR386_40X_HE_T298_01,0,1.1194022487901753e-10,0
lin,3,SR386_40X_HE_T303_01,0,3.903938210230119e-12,0
lin,3,SR386_40X_HE_T312_01,0,0.0004060184706301284,0
lin,3,SR386_40X_HE_T329_01,0,0.06075526129946726,0
lin,3,SR386_40X_HE_T336_01,0,0.00023944829952353167,0
lin,3,SR386_40X_HE_T338_01,0,6.03524193543603e-08,0
lin,3,SR386_40X_HE_T342_01,0,6.68266101594425e-09,0
lin,3,SR386_40X_HE_T353_01,0,6.8409965673825075e-06,0
lin,3,SR386_40X_HE_T357_01,0,5.327861733525896e-13,0
lin,3,SR386_40X_HE_T362_01,0,5.328885869181054e-10,0
lin,3,SR386_40X_HE_T363_01,1,0.5430411668280224,1
lin,3,SR386_40X_HE_T372_01,0,0.0069020211347038665,0
lin,3,SR386_40X_HE_T378_01,0,8.46015763544785e-12,0
lin,3,SR386_40X_HE_T379_01,0,1.2613595349655668e-07,0
lin,3,SR386_40X_HE_T386_01,0,5.939637931565783e-07,0
lin,3,SR386_40X_HE_T387_01,0,8.102897343016888e-14,0
lin,3,SR386_40X_HE_T393_01,0,5.335138018415739e-10,0
lin,3,SR386_40X_HE_T397_01,0,0.014538190035449304,0
lin,3,SR386_40X_HE_T406_01,0,0.27723431106182295,0
lin,3,SR386_40X_HE_T409_01,0,5.2575324708892915e-08,0
lin,3,SR386_40X_HE_T422_01,0,5.220991570578586e-11,0
lin,3,SR386_40X_HE_T426_01,0,2.1545086137762867e-10,0
lin,3,SR386_40X_HE_T433_01,0,0.0002491671601840174,0
lin,3,SR386_40X_HE_T443_01,0,0.000233214906801688,0
lin,3,SR386_40X_HE_T448_01,0,0.00012172924320771697,0
lin,3,SR386_40X_HE_T452_01,0,0.0005888240261304915,0
lin,3,SR386_40X_HE_T460_01,1,0.9165350742288944,1
lin,3,SR386_40X_HE_T473_01,0,2.1380899445219472e-08,0
lin,3,SR386_40X_HE_T475_01,0,1.863855166159935e-12,0
lin,3,SR386_40X_HE_T478_01,0,8.50634151733021e-09,0
lin,3,SR386_40X_HE_T489_01,1,5.020348652055145e-09,0
lin,3,SR386_40X_HE_T491_01,0,1.0416230647333934e-06,0
lin,3,SR386_40X_HE_T492_01,0,3.4290585187899123e-09,0
lin,3,SR386_40X_HE_T493_01,0,2.0300422666905754e-10,0
lin,3,SR386_40X_HE_T502_01,0,9.285760300987094e-11,0
lin,3,SR386_40X_HE_T505_01,0,2.9513463159896615e-07,0
lin,3,SR386_40X_HE_T506_01,0,1.4009576386591085e-07,0
lin,3,SR386_40X_HE_T509_01,0,2.042426006428926e-06,0
lin,3,SR386_40X_HE_T516_01,0,0.0037039078679667655,0
lin,3,SR386_40X_HE_T518_01,0,6.835900991721629e-13,0
lin,3,SR386_40X_HE_T519_01,0,5.775211866312025e-07,0
lin,3,SR386_40X_HE_T521_01,0,1.8742465993363637e-10,0
lin,3,SR386_40X_HE_T526_01,0,2.072708181118788e-10,0
lin,3,SR386_40X_HE_T533_01,0,8.55846399816454e-10,0
lin,3,SR386_40X_HE_T543_01,0,5.993263882212684e-07,0
lin,3,SR386_40X_HE_T544_01,0,2.0958896069983593e-07,0
lin,3,SR386_40X_HE_T556_01,1,0.01588969382049157,0
lin,3,SR386_40X_HE_T560_01,0,0.0003199001453628708,0
lin,3,SR386_40X_HE_T563_01,0,7.060601989523166e-09,0
lin,3,SR386_40X_HE_T568_01,0,2.640351456410707e-05,0
lin,3,SR386_40X_HE_T571_01,0,2.305987392657554e-07,0
lin,3,SR386_40X_HE_T572_01,0,0.0856721203806542,0
lin,3,SR386_40X_HE_T573_01,0,0.004033304839871722,0
lin,3,SR386_40X_HE_T583_01,0,7.093023733144968e-08,0
lin,4,SR1482_40X_HE_T002_01,0,6.401839314169239e-15,0
lin,4,SR1482_40X_HE_T003_01,0,2.8667254375450235e-08,0
lin,4,SR1482_40X_HE_T004_01,0,1.3558463534797793e-11,0
lin,4,SR1482_40X_HE_T004_02,0,3.5429859629535455e-10,0
lin,4,SR1482_40X_HE_T011_01,0,1.5017239523456034e-16,0
lin,4,SR1482_40X_HE_T025_01,0,4.5335555868457996e-13,0
lin,4,SR1482_40X_HE_T025_02,0,2.8891260654893117e-10,0
lin,4,SR1482_40X_HE_T060_01,0,2.787236064710803e-07,0
lin,4,SR1482_40X_HE_T062_01,0,0.00043799212656712305,0
lin,4,SR1482_40X_HE_T062_02,0,0.00019587716145444618,0
lin,4,SR1482_40X_HE_T064_01,0,0.0032293462370125035,0
lin,4,SR1482_40X_HE_T064_02,0,3.557996886650706e-07,0
lin,4,SR1482_40X_HE_T071_01,0,6.008787223747689e-09,0
lin,4,SR1482_40X_HE_T071_02,0,6.326585697992995e-08,0
lin,4,SR1482_40X_HE_T074_01,0,1.7395202501131206e-10,0
lin,4,SR1482_40X_HE_T074_02,0,4.451692447551584e-09,0
lin,4,SR1482_40X_HE_T083_01,0,3.803563048514229e-05,0
lin,4,SR1482_40X_HE_T083_02,0,0.019543810399988502,0
lin,4,SR1482_40X_HE_T087_01,0,4.551340153989343e-14,0
lin,4,SR1482_40X_HE_T097_01,1,0.011094885897734169,0
lin,4,SR1482_40X_HE_T097_02,1,0.0004070023706595532,0
lin,4,SR1482_40X_HE_T108_01,0,8.31478419317766e-18,0
lin,4,SR1482_40X_HE_T113_01,0,3.6177873227393006e-05,0
lin,4,SR1482_40X_HE_T113_02,0,2.692088493307402e-07,0
lin,4,SR1482_40X_HE_T121_01,0,4.8018213072384375e-21,0
lin,4,SR1482_40X_HE_T122_01,0,7.829180819732406e-17,0
lin,4,SR1482_40X_HE_T125_01,0,2.9602765287854603e-08,0
lin,4,SR1482_40X_HE_T125_02,0,9.911619765285812e-07,0
lin,4,SR1482_40X_HE_T131_01,0,0.00017439363993213163,0
lin,4,SR1482_40X_HE_T131_02,0,0.34185490020161124,0
lin,4,SR1482_40X_HE_T132_01,0,5.930271214479937e-09,0
lin,4,SR1482_40X_HE_T132_02,0,1.501216579831252e-07,0
lin,4,SR1482_40X_HE_T143_01,0,0.1992838977867445,0
lin,4,SR1482_40X_HE_T143_02,0,0.03782781452152758,0
lin,4,SR1482_40X_HE_T166_01,1,1.1815907760124044e-14,0
lin,4,SR1482_40X_HE_T169_01,0,2.5185076450530985e-05,0
lin,4,SR1482_40X_HE_T176_01,1,0.9999874043759882,1
lin,4,SR1482_40X_HE_T176_02,1,0.923835133655769,1
lin,4,SR1482_40X_HE_T191_01,0,1.6002550593532603e-16,0
lin,4,SR1482_40X_HE_T194_01,0,0.48301182676694165,0
lin,4,SR1482_40X_HE_T218_01,0,4.079748747099177e-18,0
lin,4,SR1482_40X_HE_T253_01,0,2.7193377711866487e-18,0
lin,4,SR1482_40X_HE_T290_01,0,0.0006160408335142572,0
lin,4,SR1482_40X_HE_T308_01,0,5.046153611772346e-07,0
lin,4,SR1482_40X_HE_T314_01,0,0.4560553189253023,0
lin,4,SR1482_40X_HE_T314_02,0,0.9997425020647664,1
lin,4,SR1482_40X_HE_T372_01,1,0.9944303736995642,1
lin,4,SR1482_40X_HE_T372_02,1,0.00015753682000198266,0
lin,4,SR1482_40X_HE_T408_01,0,6.5115986604561355e-09,0
lin,4,SR1482_40X_HE_T412_01,0,1.15336989238558e-08,0
lin,4,SR1482_40X_HE_T425_01,0,4.558741255141162e-15,0
lin,4,SR1482_40X_HE_T434_01,1,1.1987074823050757e-05,0
lin,4,SR386_40X_HE_T006_01,0,1.0026833556050654e-07,0
lin,4,SR386_40X_HE_T010_01,0,3.2034274148833353e-06,0
lin,4,SR386_40X_HE_T014_01,0,2.5461032648200317e-06,0
lin,4,SR386_40X_HE_T016_01,0,2.284582418507042e-12,0
lin,4,SR386_40X_HE_T020_01,0,1.3987962230771236e-15,0
lin,4,SR386_40X_HE_T027_01,0,4.365363333913727e-07,0
lin,4,SR386_40X_HE_T028_01,0,4.4494380257098696e-07,0
lin,4,SR386_40X_HE_T037_01,0,3.8003208440704836e-10,0
lin,4,SR386_40X_HE_T043_01,0,1.5430313593733239e-09,0
lin,4,SR386_40X_HE_T044_01,1,0.0008192906496037788,0
lin,4,SR386_40X_HE_T046_01,0,2.1045740399447267e-08,0
lin,4,SR386_40X_HE_T058_01,0,1.2092360968775006e-09,0
lin,4,SR386_40X_HE_T062_01,0,5.231036320030999e-11,0
lin,4,SR386_40X_HE_T065_01,1,0.001554319378572241,0
lin,4,SR386_40X_HE_T080_01,0,3.520144945386447e-05,0
lin,4,SR386_40X_HE_T091_01,0,4.917151561722129e-08,0
lin,4,SR386_40X_HE_T094_01,0,2.986544903384092e-14,0
lin,4,SR386_40X_HE_T097_01,0,5.712923131050801e-06,0
lin,4,SR386_40X_HE_T100_01,0,9.790055680211563e-13,0
lin,4,SR386_40X_HE_T107_01,0,1.9769297418672318e-07,0
lin,4,SR386_40X_HE_T109_01,1,0.00041011465456870143,0
lin,4,SR386_40X_HE_T110_01,0,8.657447032148493e-06,0
lin,4,SR386_40X_HE_T117_01,0,4.2101722224793044e-07,0
lin,4,SR386_40X_HE_T127_01,0,1.0081992938579696e-09,0
lin,4,SR386_40X_HE_T129_01,0,9.722324863507227e-14,0
lin,4,SR386_40X_HE_T136_01,0,0.0018443015750910813,0
lin,4,SR386_40X_HE_T154_01,0,1.7278734481739707e-06,0
lin,4,SR386_40X_HE_T168_01,1,0.6075435973539391,1
lin,4,SR386_40X_HE_T175_01,0,1.5638172697263594e-10,0
lin,4,SR386_40X_HE_T189_01,0,1.3541220876070543e-11,0
lin,4,SR386_40X_HE_T195_01,0,2.4673352980662957e-11,0
lin,4,SR386_40X_HE_T227_01,0,2.3423577494161486e-08,0
lin,4,SR386_40X_HE_T233_01,0,2.392796862855381e-06,0
lin,4,SR386_40X_HE_T234_01,0,2.3289555721563436e-05,0
lin,4,SR386_40X_HE_T235_01,0,1.981704394803279e-06,0
lin,4,SR386_40X_HE_T239_01,0,0.001956404170405655,0
lin,4,SR386_40X_HE_T245_01,0,1.0658658233376245e-09,0
lin,4,SR386_40X_HE_T256_01,0,9.21194298296518e-06,0
lin,4,SR386_40X_HE_T265_01,0,1.081046827702889e-06,0
lin,4,SR386_40X_HE_T268_01,0,6.372480976087024e-06,0
lin,4,SR386_40X_HE_T270_01,0,8.18169527499729e-09,0
lin,4,SR386_40X_HE_T272_01,0,0.38928640930934366,0
lin,4,SR386_40X_HE_T273_01,0,0.015407422145275683,0
lin,4,SR386_40X_HE_T276_01,0,0.0008050818643916468,0
lin,4,SR386_40X_HE_T278_01,1,0.9097572279305557,1
lin,4,SR386_40X_HE_T284_01,0,1.3274029022308897e-06,0
lin,4,SR386_40X_HE_T285_01,0,8.762532316439694e-09,0
lin,4,SR386_40X_HE_T288_01,0,6.915798636038166e-07,0
lin,4,SR386_40X_HE_T291_01,0,5.648062559577948e-07,0
lin,4,SR386_40X_HE_T300_01,0,1.744683022634916e-06,0
lin,4,SR386_40X_HE_T302_01,0,3.002381101705029e-06,0
lin,4,SR386_40X_HE_T305_01,0,3.251570597231257e-05,0
lin,4,SR386_40X_HE_T308_01,0,3.769615485285267e-09,0
lin,4,SR386_40X_HE_T325_01,0,7.4290562036586674e-06,0
lin,4,SR386_40X_HE_T331_01,0,7.162406574096063e-06,0
lin,4,SR386_40X_HE_T341_01,0,0.00017128154964667026,0
lin,4,SR386_40X_HE_T343_01,1,1.9965052559175594e-09,0
lin,4,SR386_40X_HE_T346_01,0,3.5069699211409366e-05,0
lin,4,SR386_40X_HE_T352_01,0,6.968960600538524e-05,0
lin,4,SR386_40X_HE_T373_01,0,0.03853399774205254,0
lin,4,SR386_40X_HE_T375_01,0,0.2935624863107354,0
lin,4,SR386_40X_HE_T381_01,0,1.4391440383151832e-08,0
lin,4,SR386_40X_HE_T389_01,0,2.717280213658973e-09,0
lin,4,SR386_40X_HE_T391_01,0,1.3452944405873941e-05,0
lin,4,SR386_40X_HE_T394_01,0,9.265346260845115e-08,0
lin,4,SR386_40X_HE_T399_01,0,0.04726630270637898,0
lin,4,SR386_40X_HE_T403_01,0,3.5750011971420266e-09,0
lin,4,SR386_40X_HE_T405_01,0,1.7010815863326165e-07,0
lin,4,SR386_40X_HE_T407_01,0,6.727523115730662e-09,0
lin,4,SR386_40X_HE_T414_01,0,1.3954575201997713e-06,0
lin,4,SR386_40X_HE_T424_01,0,4.171980540624738e-05,0
lin,4,SR386_40X_HE_T429_01,0,6.680048308537845e-08,0
lin,4,SR386_40X_HE_T441_01,0,0.0005276813927318362,0
lin,4,SR386_40X_HE_T451_01,0,4.752779424113884e-08,0
lin,4,SR386_40X_HE_T453_01,0,3.9726349209688735e-07,0
lin,4,SR386_40X_HE_T455_01,0,2.813244181245881e-07,0
lin,4,SR386_40X_HE_T465_01,0,3.330493423266614e-08,0
lin,4,SR386_40X_HE_T474_01,0,5.290220516535448e-05,0
lin,4,SR386_40X_HE_T476_01,0,7.415345742154886e-05,0
lin,4,SR386_40X_HE_T479_01,0,9.774555505349785e-07,0
lin,4,SR386_40X_HE_T482_01,0,6.51560506193213e-06,0
lin,4,SR386_40X_HE_T487_01,0,7.338827676796428e-12,0
lin,4,SR386_40X_HE_T490_01,0,1.1465879027137153e-08,0
lin,4,SR386_40X_HE_T494_01,0,1.320262895570206e-06,0
lin,4,SR386_40X_HE_T500_01,0,1.3212576496046538e-08,0
lin,4,SR386_40X_HE_T510_01,0,0.00014442335193175107,0
lin,4,SR386_40X_HE_T524_01,0,0.00016918934192164823,0
lin,4,SR386_40X_HE_T528_01,0,0.001342562199403134,0
lin,4,SR386_40X_HE_T532_01,0,1.2660892414588451e-09,0
lin,4,SR386_40X_HE_T534_01,0,0.0015916923452918602,0
lin,4,SR386_40X_HE_T536_01,0,3.631907994294511e-09,0
lin,4,SR386_40X_HE_T537_01,0,1.7112632355689345e-05,0
lin,4,SR386_40X_HE_T541_01,0,1.8242530399403434e-06,0
lin,4,SR386_40X_HE_T548_01,1,0.001140214036517041,0
lin,4,SR386_40X_HE_T550_01,0,0.0003350503248018022,0
lin,4,SR386_40X_HE_T551_01,0,1.1991778524862348e-09,0
lin,4,SR386_40X_HE_T557_01,0,6.031902583482961e-07,0
lin,4,SR386_40X_HE_T565_01,0,1.5637957810959326e-08,0
lin,4,SR386_40X_HE_T567_01,0,3.3698314382759706e-08,0
lin,4,SR386_40X_HE_T575_01,0,0.0003044449602847688,0
lin,4,SR386_40X_HE_T576_01,0,1.873429800842879e-08,0
lin,4,SR386_40X_HE_T581_01,0,1.5507013714793711e-06,0
ann,1,SR1482_40X_HE_T029_01,0,0.49532362818717957,0
ann,1,SR1482_40X_HE_T029_02,0,0.4595828056335449,0
ann,1,SR1482_40X_HE_T057_01,0,0.2959638833999634,0
ann,1,SR1482_40X_HE_T063_01,1,0.7956789135932922,1
ann,1,SR1482_40X_HE_T063_02,1,0.44819214940071106,0
ann,1,SR1482_40X_HE_T065_01,0,0.3946588337421417,0
ann,1,SR1482_40X_HE_T065_02,0,0.3242819607257843,0
ann,1,SR1482_40X_HE_T066_01,0,0.6462345719337463,1
ann,1,SR1482_40X_HE_T066_02,0,0.8768998384475708,1
ann,1,SR1482_40X_HE_T068_01,0,0.29897964000701904,0
ann,1,SR1482_40X_HE_T069_01,0,0.30207568407058716,0
ann,1,SR1482_40X_HE_T069_02,0,0.4227948784828186,0
ann,1,SR1482_40X_HE_T079_01,1,0.6197072863578796,1
ann,1,SR1482_40X_HE_T079_02,1,0.6898987293243408,1
ann,1,SR1482_40X_HE_T080_01,0,0.4401412010192871,0
ann,1,SR1482_40X_HE_T080_02,0,0.46684613823890686,0
ann,1,SR1482_40X_HE_T081_01,0,0.34634271264076233,0
ann,1,SR1482_40X_HE_T081_02,0,0.2374211549758911,0
ann,1,SR1482_40X_HE_T099_01,0,0.2820208966732025,0
ann,1,SR1482_40X_HE_T116_01,0,0.4409870505332947,0
ann,1,SR1482_40X_HE_T117_01,0,0.33502551913261414,0
ann,1,SR1482_40X_HE_T117_02,0,0.36369484663009644,0
ann,1,SR1482_40X_HE_T126_01,0,0.5365281105041504,1
ann,1,SR1482_40X_HE_T129_01,0,0.5046318173408508,1
ann,1,SR1482_40X_HE_T129_02,0,0.5926011800765991,1
ann,1,SR1482_40X_HE_T139_01,0,0.4498853087425232,0
ann,1,SR1482_40X_HE_T139_02,0,0.4815196096897125,0
ann,1,SR1482_40X_HE_T147_01,0,0.6404591798782349,1
ann,1,SR1482_40X_HE_T147_02,0,0.5871383547782898,1
ann,1,SR1482_40X_HE_T159_01,0,0.537311851978302,1
ann,1,SR1482_40X_HE_T159_02,0,0.3782557249069214,0
ann,1,SR1482_40X_HE_T192_01,0,0.7144209146499634,1
ann,1,SR1482_40X_HE_T199_01,0,0.4162304401397705,0
ann,1,SR1482_40X_HE_T304_01,0,0.4374468922615051,0
ann,1,SR1482_40X_HE_T304_02,0,0.24851848185062408,0
ann,1,SR1482_40X_HE_T310_01,1,0.3779052197933197,0
ann,1,SR1482_40X_HE_T310_02,1,0.4026956856250763,0
ann,1,SR1482_40X_HE_T341_01,0,0.24645884335041046,0
ann,1,SR1482_40X_HE_T341_02,0,0.20252208411693573,0
ann,1,SR1482_40X_HE_T353_01,0,0.5082992315292358,1
ann,1,SR1482_40X_HE_T390_01,0,0.2784063518047333,0
ann,1,SR1482_40X_HE_T433_01,1,0.4085330069065094,0
ann,1,SR386_40X_HE_T003_01,0,0.3775486648082733,0
ann,1,SR386_40X_HE_T004_01,0,0.46698349714279175,0
ann,1,SR386_40X_HE_T022_01,1,0.7092449069023132,1
ann,1,SR386_40X_HE_T030_01,0,0.47069692611694336,0
ann,1,SR386_40X_HE_T033_01,0,0.5021812915802002,1
ann,1,SR386_40X_HE_T036_01,0,0.40758180618286133,0
ann,1,SR386_40X_HE_T038_01,0,0.3940037488937378,0
ann,1,SR386_40X_HE_T049_01,0,0.2361031472682953,0
ann,1,SR386_40X_HE_T050_01,0,0.5250346064567566,1
ann,1,SR386_40X_HE_T060_01,0,0.5660260319709778,1
ann,1,SR386_40X_HE_T063_01,0,0.3861875832080841,0
ann,1,SR386_40X_HE_T066_01,0,0.35112684965133667,0
ann,1,SR386_40X_HE_T069_01,0,0.39615529775619507,0
ann,1,SR386_40X_HE_T072_01,0,0.28560951352119446,0
ann,1,SR386_40X_HE_T074_01,0,0.4272429049015045,0
ann,1,SR386_40X_HE_T078_01,0,0.41612473130226135,0
ann,1,SR386_40X_HE_T079_01,0,0.2816424071788788,0
ann,1,SR386_40X_HE_T092_01,1,0.5614314675331116,1
ann,1,SR386_40X_HE_T096_01,0,0.32367855310440063,0
ann,1,SR386_40X_HE_T099_01,0,0.3509572744369507,0
ann,1,SR386_40X_HE_T103_01,0,0.25661033391952515,0
ann,1,SR386_40X_HE_T108_01,0,0.43541792035102844,0
ann,1,SR386_40X_HE_T113_01,0,0.45545366406440735,0
ann,1,SR386_40X_HE_T114_01,0,0.38587939739227295,0
ann,1,SR386_40X_HE_T119_01,0,0.44500455260276794,0
ann,1,SR386_40X_HE_T126_01,0,0.3837929666042328,0
ann,1,SR386_40X_HE_T130_01,0,0.15497955679893494,0
ann,1,SR386_40X_HE_T131_01,0,0.4520893096923828,0
ann,1,SR386_40X_HE_T135_01,0,0.6049570441246033,1
ann,1,SR386_40X_HE_T140_01,0,0.4019624590873718,0
ann,1,SR386_40X_HE_T144_01,0,0.5225403904914856,1
ann,1,SR386_40X_HE_T147_01,0,0.32112741470336914,0
ann,1,SR386_40X_HE_T148_01,0,0.5276742577552795,1
ann,1,SR386_40X_HE_T160_01,0,0.3442830741405487,0
ann,1,SR386_40X_HE_T169_01,0,0.34733903408050537,0
ann,1,SR386_40X_HE_T170_01,1,0.7606626749038696,1
ann,1,SR386_40X_HE_T172_01,0,0.7553656101226807,1
ann,1,SR386_40X_HE_T174_01,0,0.4964733123779297,0
ann,1,SR386_40X_HE_T181_01,0,0.2622023820877075,0
ann,1,SR386_40X_HE_T196_01,0,0.3986433446407318,0
ann,1,SR386_40X_HE_T205_01,0,0.41078823804855347,0
ann,1,SR386_40X_HE_T209_01,0,0.4272404611110687,0
ann,1,SR386_40X_HE_T210_01,0,0.5326372981071472,1
ann,1,SR386_40X_HE_T212_01,0,0.41149044036865234,0
ann,1,SR386_40X_HE_T221_01,0,0.3027249574661255,0
ann,1,SR386_40X_HE_T224_01,0,0.3493322432041168,0
ann,1,SR386_40X_HE_T231_01,1,0.7427580952644348,1
ann,1,SR386_40X_HE_T232_01,0,0.33074334263801575,0
ann,1,SR386_40X_HE_T247_01,0,0.3897691071033478,0
ann,1,SR386_40X_HE_T252_01,0,0.40771856904029846,0
ann,1,SR386_40X_HE_T255_01,0,0.34766900539398193,0
ann,1,SR386_40X_HE_T259_01,1,0.467722624540329,0
ann,1,SR386_40X_HE_T274_01,0,0.31499430537223816,0
ann,1,SR386_40X_HE_T275_01,0,0.3938358724117279,0
ann,1,SR386_40X_HE_T282_01,0,0.4140770733356476,0
ann,1,SR386_40X_HE_T294_01,0,0.6904815435409546,1
ann,1,SR386_40X_HE_T311_01,0,0.3584785759449005,0
ann,1,SR386_40X_HE_T315_01,0,0.401742160320282,0
ann,1,SR386_40X_HE_T319_01,1,0.4109414219856262,0
ann,1,SR386_40X_HE_T324_01,1,0.43386542797088623,0
ann,1,SR386_40X_HE_T330_01,0,0.2648111581802368,0
ann,1,SR386_40X_HE_T333_01,0,0.31668904423713684,0
ann,1,SR386_40X_HE_T335_01,0,0.2997918426990509,0
ann,1,SR386_40X_HE_T337_01,0,0.5164703726768494,1
ann,1,SR386_40X_HE_T344_01,0,0.37404152750968933,0
ann,1,SR386_40X_HE_T347_01,0,0.44757574796676636,0
ann,1,SR386_40X_HE_T350_01,0,0.287366658449173,0
ann,1,SR386_40X_HE_T351_01,0,0.36141350865364075,0
ann,1,SR386_40X_HE_T360_01,0,0.15942934155464172,0
ann,1,SR386_40X_HE_T361_01,0,0.3457217812538147,0
ann,1,SR386_40X_HE_T366_01,0,0.375797837972641,0
ann,1,SR386_40X_HE_T377_01,1,0.39854493737220764,0
ann,1,SR386_40X_HE_T384_01,0,0.35561463236808777,0
ann,1,SR386_40X_HE_T395_01,0,0.4558703601360321,0
ann,1,SR386_40X_HE_T396_01,0,0.3808462619781494,0
ann,1,SR386_40X_HE_T401_01,0,0.38510459661483765,0
ann,1,SR386_40X_HE_T408_01,0,0.3566896915435791,0
ann,1,SR386_40X_HE_T410_01,0,0.3917320668697357,0
ann,1,SR386_40X_HE_T413_01,0,0.4485724866390228,0
ann,1,SR386_40X_HE_T416_01,0,0.3343062400817871,0
ann,1,SR386_40X_HE_T418_01,0,0.24344690144062042,0
ann,1,SR386_40X_HE_T419_01,0,0.3369423747062683,0
ann,1,SR386_40X_HE_T421_01,0,0.40914443135261536,0
ann,1,SR386_40X_HE_T423_01,0,0.34790024161338806,0
ann,1,SR386_40X_HE_T428_01,0,0.30510082840919495,0
ann,1,SR386_40X_HE_T430_01,0,0.4280555546283722,0
ann,1,SR386_40X_HE_T431_01,0,0.5968288779258728,1
ann,1,SR386_40X_HE_T435_01,0,0.5129765868186951,1
ann,1,SR386_40X_HE_T438_01,0,0.38933560252189636,0
ann,1,SR386_40X_HE_T439_01,0,0.4276922643184662,0
ann,1,SR386_40X_HE_T447_01,0,0.33996450901031494,0
ann,1,SR386_40X_HE_T449_01,0,0.347310870885849,0
ann,1,SR386_40X_HE_T454_01,0,0.36271756887435913,0
ann,1,SR386_40X_HE_T456_01,0,0.20357339084148407,0
ann,1,SR386_40X_HE_T461_01,0,0.520101010799408,1
ann,1,SR386_40X_HE_T462_01,0,0.40812501311302185,0
ann,1,SR386_40X_HE_T468_01,0,0.46977901458740234,0
ann,1,SR386_40X_HE_T469_01,1,0.32924607396125793,0
ann,1,SR386_40X_HE_T470_01,0,0.3968248665332794,0
ann,1,SR386_40X_HE_T471_01,0,0.36019042134284973,0
ann,1,SR386_40X_HE_T477_01,0,0.24219363927841187,0
ann,1,SR386_40X_HE_T480_01,0,0.5052064061164856,1
ann,1,SR386_40X_HE_T484_01,0,0.5161029696464539,1
ann,1,SR386_40X_HE_T495_01,0,0.1905139535665512,0
ann,1,SR386_40X_HE_T496_01,0,0.21366272866725922,0
ann,1,SR386_40X_HE_T498_01,0,0.5254352688789368,1
ann,1,SR386_40X_HE_T504_01,0,0.28954702615737915,0
ann,1,SR386_40X_HE_T511_01,0,0.3964857757091522,0
ann,1,SR386_40X_HE_T517_01,0,0.5559067726135254,1
ann,1,SR386_40X_HE_T523_01,0,0.4576563239097595,0
ann,1,SR386_40X_HE_T529_01,0,0.3389475643634796,0
ann,1,SR386_40X_HE_T542_01,0,0.29634198546409607,0
ann,1,SR386_40X_HE_T569_01,0,0.6185992360115051,1
ann,1,SR386_40X_HE_T582_01,0,0.18437057733535767,0
ann,2,SR1482_40X_HE_T009_01,0,0.16312666237354279,0
ann,2,SR1482_40X_HE_T009_02,0,0.14927053451538086,0
ann,2,SR1482_40X_HE_T015_01,0,0.5637333989143372,1
ann,2,SR1482_40X_HE_T021_01,0,0.17955158650875092,0
ann,2,SR1482_40X_HE_T067_01,0,0.4372949004173279,0
ann,2,SR1482_40X_HE_T075_01,0,0.393338680267334,0
ann,2,SR1482_40X_HE_T075_02,0,0.536700963973999,1
ann,2,SR1482_40X_HE_T098_01,0,0.2832585275173187,0
ann,2,SR1482_40X_HE_T098_02,0,0.18888583779335022,0
ann,2,SR1482_40X_HE_T102_01,0,0.7950937747955322,1
ann,2,SR1482_40X_HE_T123_01,0,0.1843852698802948,0
ann,2,SR1482_40X_HE_T142_01,0,0.2084348499774933,0
ann,2,SR1482_40X_HE_T146_01,0,0.9955767393112183,1
ann,2,SR1482_40X_HE_T148_01,0,0.5416069030761719,1
ann,2,SR1482_40X_HE_T148_02,0,0.4246726632118225,0
ann,2,SR1482_40X_HE_T154_01,0,0.23441898822784424,0
ann,2,SR1482_40X_HE_T158_01,0,0.40341323614120483,0
ann,2,SR1482_40X_HE_T161_01,0,0.4830138385295868,0
ann,2,SR1482_40X_HE_T161_02,0,0.244536891579628,0
ann,2,SR1482_40X_HE_T164_01,1,0.6351855993270874,1
ann,2,SR1482_40X_HE_T164_02,1,0.5264313817024231,1
ann,2,SR1482_40X_HE_T168_01,0,0.3781607747077942,0
ann,2,SR1482_40X_HE_T171_01,0,0.34483692049980164,0
ann,2,SR1482_40X_HE_T171_02,0,0.23366959393024445,0
ann,2,SR1482_40X_HE_T178_01,1,0.33935314416885376,0
ann,2,SR1482_40X_HE_T186_01,0,0.26836279034614563,0
ann,2,SR1482_40X_HE_T193_01,0,0.374331533908844,0
ann,2,SR1482_40X_HE_T193_02,0,0.941512942314148,1
ann,2,SR1482_40X_HE_T209_01,0,0.5877010226249695,1
ann,2,SR1482_40X_HE_T209_02,0,0.8871148824691772,1
ann,2,SR1482_40X_HE_T245_01,0,0.7635952234268188,1
ann,2,SR1482_40X_HE_T245_02,0,0.6088647246360779,1
ann,2,SR1482_40X_HE_T265_01,0,0.40475326776504517,0
ann,2,SR1482_40X_HE_T302_01,0,0.3952843248844147,0
ann,2,SR1482_40X_HE_T343_01,1,0.587936282157898,1
ann,2,SR1482_40X_HE_T343_02,1,0.83058100938797,1
ann,2,SR1482_40X_HE_T399_01,0,0.34315815567970276,0
ann,2,SR1482_40X_HE_T399_02,0,0.5035760402679443,1
ann,2,SR1482_40X_HE_T426_01,0,0.1822003275156021,0
ann,2,SR1482_40X_HE_T426_02,0,0.2061457633972168,0
ann,2,SR386_40X_HE_T001_01,0,0.6319958567619324,1
ann,2,SR386_40X_HE_T013_01,0,0.3502875864505768,0
ann,2,SR386_40X_HE_T018_01,0,0.32417237758636475,0
ann,2,SR386_40X_HE_T019_01,0,0.21866348385810852,0
ann,2,SR386_40X_HE_T024_01,0,0.22837138175964355,0
ann,2,SR386_40X_HE_T039_01,0,0.1937921792268753,0
ann,2,SR386_40X_HE_T040_01,1,0.9493513703346252,1
ann,2,SR386_40X_HE_T042_01,0,0.41482076048851013,0
ann,2,SR386_40X_HE_T047_01,0,0.4409911632537842,0
ann,2,SR386_40X_HE_T051_01,0,0.21883177757263184,0
ann,2,SR386_40X_HE_T052_01,0,0.27006250619888306,0
ann,2,SR386_40X_HE_T056_01,0,0.22213420271873474,0
ann,2,SR386_40X_HE_T057_01,0,0.31359443068504333,0
ann,2,SR386_40X_HE_T070_01,0,0.30235764384269714,0
ann,2,SR386_40X_HE_T082_01,0,0.9124209880828857,1
ann,2,SR386_40X_HE_T084_01,0,0.6933963298797607,1
ann,2,SR386_40X_HE_T087_01,0,0.5373424887657166,1
ann,2,SR386_40X_HE_T088_01,0,0.49791228771209717,0
ann,2,SR386_40X_HE_T098_01,0,0.354512095451355,0
ann,2,SR386_40X_HE_T105_01,0,0.40926122665405273,0
ann,2,SR386_40X_HE_T122_01,0,0.293834388256073,0
ann,2,SR386_40X_HE_T123_01,0,0.23837314546108246,0
ann,2,SR386_40X_HE_T133_01,0,0.25109392404556274,0
ann,2,SR386_40X_HE_T145_01,0,0.14420439302921295,0
ann,2,SR386_40X_HE_T150_01,0,0.3766576945781708,0
ann,2,SR386_40X_HE_T152_01,0,0.2669161260128021,0
ann,2,SR386_40X_HE_T155_01,0,0.4250645935535431,0
ann,2,SR386_40X_HE_T157_01,0,0.2698805630207062,0
ann,2,SR386_40X_HE_T164_01,0,0.5659146904945374,1
ann,2,SR386_40X_HE_T166_01,0,0.29505571722984314,0
ann,2,SR386_40X_HE_T176_01,1,0.7348098158836365,1
ann,2,SR386_40X_HE_T177_01,0,0.22086390852928162,0
ann,2,SR386_40X_HE_T178_01,0,0.750563383102417,1
ann,2,SR386_40X_HE_T187_01,0,0.4625348448753357,0
ann,2,SR386_40X_HE_T190_01,0,0.18850743770599365,0
ann,2,SR386_40X_HE_T192_01,0,0.25337889790534973,0
ann,2,SR386_40X_HE_T198_01,0,0.32678890228271484,0
ann,2,SR386_40X_HE_T200_01,0,0.5614796280860901,1
ann,2,SR386_40X_HE_T206_01,1,0.2887716293334961,0
ann,2,SR386_40X_HE_T211_01,0,0.29260632395744324,0
ann,2,SR386_40X_HE_T213_01,0,0.2792588174343109,0
ann,2,SR386_40X_HE_T214_01,0,0.38296863436698914,0
ann,2,SR386_40X_HE_T220_01,0,0.28802892565727234,0
ann,2,SR386_40X_HE_T230_01,1,0.6360467672348022,1
ann,2,SR386_40X_HE_T236_01,0,0.42730170488357544,0
ann,2,SR386_40X_HE_T237_01,0,0.4698527753353119,0
ann,2,SR386_40X_HE_T240_01,0,0.22159171104431152,0
ann,2,SR386_40X_HE_T241_01,0,0.27477023005485535,0
ann,2,SR386_40X_HE_T242_01,0,0.4234636425971985,0
ann,2,SR386_40X_HE_T253_01,0,0.2571354806423187,0
ann,2,SR386_40X_HE_T260_01,0,0.2353992462158203,0
ann,2,SR386_40X_HE_T262_01,0,0.41482388973236084,0
ann,2,SR386_40X_HE_T264_01,0,0.20011106133460999,0
ann,2,SR386_40X_HE_T271_01,0,0.2490733116865158,0
ann,2,SR386_40X_HE_T281_01,0,0.32988569140434265,0
ann,2,SR386_40X_HE_T297_01,0,0.26612138748168945,0
ann,2,SR386_40X_HE_T299_01,0,0.18363375961780548,0
ann,2,SR386_40X_HE_T301_01,0,0.23529554903507233,0
ann,2,SR386_40X_HE_T306_01,0,0.3496854603290558,0
ann,2,SR386_40X_HE_T309_01,0,0.32815489172935486,0
ann,2,SR386_40X_HE_T314_01,0,0.36155301332473755,0
ann,2,SR386_40X_HE_T316_01,0,0.5209397673606873,1
ann,2,SR386_40X_HE_T318_01,0,0.2953651547431946,0
ann,2,SR386_40X_HE_T321_01,0,0.32698777318000793,0
ann,2,SR386_40X_HE_T326_01,0,0.3272528052330017,0
ann,2,SR386_40X_HE_T327_01,0,0.27573201060295105,0
ann,2,SR386_40X_HE_T332_01,1,0.5886943340301514,1
ann,2,SR386_40X_HE_T355_01,0,0.2565256357192993,0
ann,2,SR386_40X_HE_T364_01,0,0.7612155675888062,1
ann,2,SR386_40X_HE_T368_01,1,0.4704957604408264,0
ann,2,SR386_40X_HE_T374_01,0,0.1684361696243286,0
ann,2,SR386_40X_HE_T380_01,0,0.1970282793045044,0
ann,2,SR386_40X_HE_T382_01,0,0.3524985909461975,0
ann,2,SR386_40X_HE_T392_01,0,0.26884064078330994,0
ann,2,SR386_40X_HE_T398_01,0,0.2664409875869751,0
ann,2,SR386_40X_HE_T402_01,1,0.552678644657135,1
ann,2,SR386_40X_HE_T404_01,0,0.28350552916526794,0
ann,2,SR386_40X_HE_T415_01,0,0.22114725410938263,0
ann,2,SR386_40X_HE_T417_01,0,0.2494552880525589,0
ann,2,SR386_40X_HE_T425_01,0,0.2651287615299225,0
ann,2,SR386_40X_HE_T436_01,1,0.18241742253303528,0
ann,2,SR386_40X_HE_T437_01,0,0.22205843031406403,0
ann,2,SR386_40X_HE_T440_01,0,0.4196418225765228,0
ann,2,SR386_40X_HE_T445_01,0,0.3786320388317108,0
ann,2,SR386_40X_HE_T450_01,0,0.3359968960285187,0
ann,2,SR386_40X_HE_T459_01,0,0.45533061027526855,0
ann,2,SR386_40X_HE_T472_01,0,0.29457706212997437,0
ann,2,SR386_40X_HE_T481_01,0,0.34126293659210205,0
ann,2,SR386_40X_HE_T483_01,0,0.5725015997886658,1
ann,2,SR386_40X_HE_T486_01,0,0.5917089581489563,1
ann,2,SR386_40X_HE_T488_01,0,0.29736900329589844,0
ann,2,SR386_40X_HE_T499_01,0,0.34435269236564636,0
ann,2,SR386_40X_HE_T507_01,0,0.31371405720710754,0
ann,2,SR386_40X_HE_T514_01,0,0.24165105819702148,0
ann,2,SR386_40X_HE_T520_01,1,0.46954452991485596,0
ann,2,SR386_40X_HE_T522_01,0,0.5351354479789734,1
ann,2,SR386_40X_HE_T531_01,0,0.2058253139257431,0
ann,2,SR386_40X_HE_T535_01,0,0.2748696208000183,0
ann,2,SR386_40X_HE_T539_01,0,0.4420567750930786,0
ann,2,SR386_40X_HE_T549_01,0,0.23068173229694366,0
ann,2,SR386_40X_HE_T552_01,0,0.28925877809524536,0
ann,2,SR386_40X_HE_T553_01,0,0.4204229712486267,0
ann,2,SR386_40X_HE_T554_01,0,0.46633180975914,0
ann,2,SR386_40X_HE_T558_01,0,0.26491695642471313,0
ann,2,SR386_40X_HE_T564_01,0,0.20932884514331818,0
ann,2,SR386_40X_HE_T570_01,0,0.2634889781475067,0
ann,2,SR386_40X_HE_T574_01,0,0.28233805298805237,0
ann,2,SR386_40X_HE_T578_01,0,0.2783988416194916,0
ann,2,SR386_40X_HE_T580_01,0,0.2583797574043274,0
ann,3,SR1482_40X_HE_T005_01,0,0.6274771094322205,1
ann,3,SR1482_40X_HE_T005_02,0,0.7514832019805908,1
ann,3,SR1482_40X_HE_T010_01,0,0.20044894516468048,0
ann,3,SR1482_40X_HE_T043_01,0,0.12557123601436615,0
ann,3,SR1482_40X_HE_T043_02,0,0.2025028020143509,0
ann,3,SR1482_40X_HE_T049_01,0,0.08988162875175476,0
ann,3,SR1482_40X_HE_T061_01,0,0.6395832300186157,1
ann,3,SR1482_40X_HE_T061_02,0,0.5469915270805359,1
ann,3,SR1482_40X_HE_T070_01,1,0.129900261759758,0
ann,3,SR1482_40X_HE_T073_01,0,0.1670161485671997,0
ann,3,SR1482_40X_HE_T082_01,0,0.2871688902378082,0
ann,3,SR1482_40X_HE_T082_02,0,0.371056467294693,0
ann,3,SR1482_40X_HE_T089_01,0,0.11150532215833664,0
ann,3,SR1482_40X_HE_T090_01,0,0.418387770652771,0
ann,3,SR1482_40X_HE_T094_01,1,0.2021806687116623,0
ann,3,SR1482_40X_HE_T094_02,1,0.7516316175460815,1
ann,3,SR1482_40X_HE_T105_01,0,0.18372651934623718,0
ann,3,SR1482_40X_HE_T115_01,0,0.23823735117912292,0
ann,3,SR1482_40X_HE_T115_02,0,0.14279258251190186,0
ann,3,SR1482_40X_HE_T118_01,0,0.9835634231567383,1
ann,3,SR1482_40X_HE_T118_02,0,0.9037548303604126,1
ann,3,SR1482_40X_HE_T120_01,0,0.954139232635498,1
ann,3,SR1482_40X_HE_T120_02,0,0.9066818952560425,1
ann,3,SR1482_40X_HE_T124_01,0,0.9152826070785522,1
ann,3,SR1482_40X_HE_T124_02,0,0.8841611742973328,1
ann,3,SR1482_40X_HE_T138_01,0,0.27725496888160706,0
ann,3,SR1482_40X_HE_T160_01,0,0.1419508308172226,0
ann,3,SR1482_40X_HE_T160_02,0,0.12106906622648239,0
ann,3,SR1482_40X_HE_T167_01,0,0.21912644803524017,0
ann,3,SR1482_40X_HE_T167_02,0,0.27085456252098083,0
ann,3,SR1482_40X_HE_T175_01,0,0.2933413088321686,0
ann,3,SR1482_40X_HE_T175_02,0,0.184491366147995,0
ann,3,SR1482_40X_HE_T177_01,1,0.21666376292705536,0
ann,3,SR1482_40X_HE_T188_01,0,0.258600115776062,0
ann,3,SR1482_40X_HE_T195_01,0,0.1992833912372589,0
ann,3,SR1482_40X_HE_T195_02,0,0.18711240589618683,0
ann,3,SR1482_40X_HE_T202_01,0,0.13092739880084991,0
ann,3,SR1482_40X_HE_T202_02,0,0.1897047460079193,0
ann,3,SR1482_40X_HE_T225_01,0,0.9990563988685608,1
ann,3,SR1482_40X_HE_T225_02,0,0.1700747162103653,0
ann,3,SR1482_40X_HE_T235_01,0,0.5332332253456116,1
ann,3,SR1482_40X_HE_T235_02,0,0.4665302634239197,0
ann,3,SR1482_40X_HE_T236_01,0,0.08671875298023224,0
ann,3,SR1482_40X_HE_T236_02,0,0.1452006697654724,0
ann,3,SR1482_40X_HE_T258_01,0,0.15020307898521423,0
ann,3,SR1482_40X_HE_T258_02,0,0.25759708881378174,0
ann,3,SR1482_40X_HE_T284_01,1,0.7649775743484497,1
ann,3,SR1482_40X_HE_T284_02,1,0.9777593612670898,1
ann,3,SR1482_40X_HE_T301_01,1,0.1357625424861908,0
ann,3,SR1482_40X_HE_T301_02,1,0.34384846687316895,0
ann,3,SR1482_40X_HE_T309_01,0,0.1588323414325714,0
ann,3,SR1482_40X_HE_T313_01,0,0.7002386450767517,1
ann,3,SR1482_40X_HE_T313_02,0,0.9858099818229675,1
ann,3,SR1482_40X_HE_T338_01,0,0.8743281960487366,1
ann,3,SR1482_40X_HE_T344_01,0,0.2740548849105835,0
ann,3,SR1482_40X_HE_T344_02,0,0.5477177500724792,1
ann,3,SR1482_40X_HE_T346_01,0,0.6134349703788757,1
ann,3,SR1482_40X_HE_T346_02,0,0.5215343236923218,1
ann,3,SR1482_40X_HE_T377_01,0,0.16174697875976562,0
ann,3,SR1482_40X_HE_T377_02,0,0.1847570687532425,0
ann,3,SR1482_40X_HE_T419_01,0,0.3109220862388611,0
ann,3,SR1482_40X_HE_T427_01,0,0.32553020119667053,0
ann,3,SR1482_40X_HE_T427_02,0,0.1890522837638855,0
ann,3,SR386_40X_HE_T007_01,0,0.28920289874076843,0
ann,3,SR386_40X_HE_T015_01,0,0.3108617067337036,0
ann,3,SR386_40X_HE_T017_01,1,0.925524115562439,1
ann,3,SR386_40X_HE_T032_01,0,0.24068908393383026,0
ann,3,SR386_40X_HE_T034_01,0,0.29106855392456055,0
ann,3,SR386_40X_HE_T035_01,0,0.26458609104156494,0
ann,3,SR386_40X_HE_T041_01,0,0.6703459024429321,1
ann,3,SR386_40X_HE_T067_01,0,0.21042074263095856,0
ann,3,SR386_40X_HE_T075_01,0,0.18517987430095673,0
ann,3,SR386_40X_HE_T081_01,0,0.2036530077457428,0
ann,3,SR386_40X_HE_T083_01,0,0.20084784924983978,0
ann,3,SR386_40X_HE_T085_01,0,0.1331349015235901,0
ann,3,SR386_40X_HE_T095_01,0,0.15994691848754883,0
ann,3,SR386_40X_HE_T104_01,0,0.21459980309009552,0
ann,3,SR386_40X_HE_T106_01,0,0.25241824984550476,0
ann,3,SR386_40X_HE_T112_01,0,0.5023123025894165,1
ann,3,SR386_40X_HE_T128_01,0,0.13842365145683289,0
ann,3,SR386_40X_HE_T132_01,0,0.183541402220726,0
ann,3,SR386_40X_HE_T138_01,0,0.18313802778720856,0
ann,3,SR386_40X_HE_T142_01,0,0.37533268332481384,0
ann,3,SR386_40X_HE_T149_01,0,0.29053816199302673,0
ann,3,SR386_40X_HE_T165_01,1,0.6983810067176819,1
ann,3,SR386_40X_HE_T179_01,0,0.9550839066505432,1
ann,3,SR386_40X_HE_T180_01,0,0.21810157597064972,0
ann,3,SR386_40X_HE_T182_01,0,0.3683384358882904,0
ann,3,SR386_40X_HE_T184_01,0,0.6395354866981506,1
ann,3,SR386_40X_HE_T188_01,0,0.12397146224975586,0
ann,3,SR386_40X_HE_T191_01,0,0.2808786630630493,0
ann,3,SR386_40X_HE_T197_01,0,0.2910884618759155,0
ann,3,SR386_40X_HE_T201_01,0,0.2306012362241745,0
ann,3,SR386_40X_HE_T202_01,0,0.1784065067768097,0
ann,3,SR386_40X_HE_T208_01,0,0.1991795003414154,0
ann,3,SR386_40X_HE_T216_01,1,0.930550217628479,1
ann,3,SR386_40X_HE_T238_01,0,0.10399480909109116,0
ann,3,SR386_40X_HE_T244_01,0,0.11881812661886215,0
ann,3,SR386_40X_HE_T248_01,0,0.25459855794906616,0
ann,3,SR386_40X_HE_T249_01,0,0.14932838082313538,0
ann,3,SR386_40X_HE_T250_01,0,0.38930946588516235,0
ann,3,SR386_40X_HE_T263_01,0,0.1950499266386032,0
ann,3,SR386_40X_HE_T267_01,0,0.20517931878566742,0
ann,3,SR386_40X_HE_T269_01,0,0.23681463301181793,0
ann,3,SR386_40X_HE_T277_01,0,0.2134067714214325,0
ann,3,SR386_40X_HE_T286_01,0,0.7339078783988953,1
ann,3,SR386_40X_HE_T287_01,0,0.42664793133735657,0
ann,3,SR386_40X_HE_T290_01,0,0.16582746803760529,0
ann,3,SR386_40X_HE_T293_01,0,0.23386336863040924,0
ann,3,SR386_40X_HE_T298_01,0,0.1695222556591034,0
ann,3,SR386_40X_HE_T303_01,0,0.19450359046459198,0
ann,3,SR386_40X_HE_T312_01,0,0.29970890283584595,0
ann,3,SR386_40X_HE_T329_01,0,0.8903641104698181,1
ann,3,SR386_40X_HE_T336_01,0,0.5293769836425781,1
ann,3,SR386_40X_HE_T338_01,0,0.1966181993484497,0
ann,3,SR386_40X_HE_T342_01,0,0.1860174685716629,0
ann,3,SR386_40X_HE_T353_01,0,0.40787503123283386,0
ann,3,SR386_40X_HE_T357_01,0,0.19005295634269714,0
ann,3,SR386_40X_HE_T362_01,0,0.08572990447282791,0
ann,3,SR386_40X_HE_T363_01,1,0.922177791595459,1
ann,3,SR386_40X_HE_T372_01,0,0.46274030208587646,0
ann,3,SR386_40X_HE_T378_01,0,0.14464597404003143,0
ann,3,SR386_40X_HE_T379_01,0,0.23128138482570648,0
ann,3,SR386_40X_HE_T386_01,0,0.33351579308509827,0
ann,3,SR386_40X_HE_T387_01,0,0.10405241698026657,0
ann,3,SR386_40X_HE_T393_01,0,0.4556496739387512,0
ann,3,SR386_40X_HE_T397_01,0,0.9379589557647705,1
ann,3,SR386_40X_HE_T406_01,0,0.625093936920166,1
ann,3,SR386_40X_HE_T409_01,0,0.14653076231479645,0
ann,3,SR386_40X_HE_T422_01,0,0.20011810958385468,0
ann,3,SR386_40X_HE_T426_01,0,0.2171158343553543,0
ann,3,SR386_40X_HE_T433_01,0,0.5395742654800415,1
ann,3,SR386_40X_HE_T443_01,0,0.6565771102905273,1
ann,3,SR386_40X_HE_T448_01,0,0.32258161902427673,0
ann,3,SR386_40X_HE_T452_01,0,0.553485631942749,1
ann,3,SR386_40X_HE_T460_01,1,0.5228979587554932,1
ann,3,SR386_40X_HE_T473_01,0,0.42043980956077576,0
ann,3,SR386_40X_HE_T475_01,0,0.21184338629245758,0
ann,3,SR386_40X_HE_T478_01,0,0.20227961242198944,0
ann,3,SR386_40X_HE_T489_01,1,0.16413475573062897,0
ann,3,SR386_40X_HE_T491_01,0,0.2902805805206299,0
ann,3,SR386_40X_HE_T492_01,0,0.18826425075531006,0
ann,3,SR386_40X_HE_T493_01,0,0.2706320285797119,0
ann,3,SR386_40X_HE_T502_01,0,0.17042678594589233,0
ann,3,SR386_40X_HE_T505_01,0,0.20765991508960724,0
ann,3,SR386_40X_HE_T506_01,0,0.1494537591934204,0
ann,3,SR386_40X_HE_T509_01,0,0.18431417644023895,0
ann,3,SR386_40X_HE_T516_01,0,0.3211123049259186,0
ann,3,SR386_40X_HE_T518_01,0,0.15437613427639008,0
ann,3,SR386_40X_HE_T519_01,0,0.2952449917793274,0
ann,3,SR386_40X_HE_T521_01,0,0.1737867295742035,0
ann,3,SR386_40X_HE_T526_01,0,0.25993314385414124,0
ann,3,SR386_40X_HE_T533_01,0,0.264324814081192,0
ann,3,SR386_40X_HE_T543_01,0,0.1969982236623764,0
ann,3,SR386_40X_HE_T544_01,0,0.15244965255260468,0
ann,3,SR386_40X_HE_T556_01,1,0.431754469871521,0
ann,3,SR386_40X_HE_T560_01,0,0.3730212450027466,0
ann,3,SR386_40X_HE_T563_01,0,0.16397704184055328,0
ann,3,SR386_40X_HE_T568_01,0,0.2421569675207138,0
ann,3,SR386_40X_HE_T571_01,0,0.15894706547260284,0
ann,3,SR386_40X_HE_T572_01,0,0.566820502281189,1
ann,3,SR386_40X_HE_T573_01,0,0.5840452313423157,1
ann,3,SR386_40X_HE_T583_01,0,0.25465768575668335,0
ann,4,SR1482_40X_HE_T002_01,0,0.25234150886535645,0
ann,4,SR1482_40X_HE_T003_01,0,0.26824501156806946,0
ann,4,SR1482_40X_HE_T004_01,0,0.21990618109703064,0
ann,4,SR1482_40X_HE_T004_02,0,0.5760414004325867,1
ann,4,SR1482_40X_HE_T011_01,0,0.19448372721672058,0
ann,4,SR1482_40X_HE_T025_01,0,0.31406721472740173,0
ann,4,SR1482_40X_HE_T025_02,0,0.2310403436422348,0
ann,4,SR1482_40X_HE_T060_01,0,0.33206450939178467,0
ann,4,SR1482_40X_HE_T062_01,0,0.4802711009979248,0
ann,4,SR1482_40X_HE_T062_02,0,0.828221321105957,1
ann,4,SR1482_40X_HE_T064_01,0,0.7033207416534424,1
ann,4,SR1482_40X_HE_T064_02,0,0.427475243806839,0
ann,4,SR1482_40X_HE_T071_01,0,0.34371495246887207,0
ann,4,SR1482_40X_HE_T071_02,0,0.3142007291316986,0
ann,4,SR1482_40X_HE_T074_01,0,0.2117403894662857,0
ann,4,SR1482_40X_HE_T074_02,0,0.2832212746143341,0
ann,4,SR1482_40X_HE_T083_01,0,0.448043555021286,0
ann,4,SR1482_40X_HE_T083_02,0,0.526269257068634,1
ann,4,SR1482_40X_HE_T087_01,0,0.267580509185791,0
ann,4,SR1482_40X_HE_T097_01,1,0.5246286988258362,1
ann,4,SR1482_40X_HE_T097_02,1,0.38975298404693604,0
ann,4,SR1482_40X_HE_T108_01,0,0.18390831351280212,0
ann,4,SR1482_40X_HE_T113_01,0,0.24478155374526978,0
ann,4,SR1482_40X_HE_T113_02,0,0.44947609305381775,0
ann,4,SR1482_40X_HE_T121_01,0,0.18944969773292542,0
ann,4,SR1482_40X_HE_T122_01,0,0.21790066361427307,0
ann,4,SR1482_40X_HE_T125_01,0,0.2903245985507965,0
ann,4,SR1482_40X_HE_T125_02,0,0.2886708974838257,0
ann,4,SR1482_40X_HE_T131_01,0,0.5364332795143127,1
ann,4,SR1482_40X_HE_T131_02,0,0.6316801905632019,1
ann,4,SR1482_40X_HE_T132_01,0,0.6040197610855103,1
ann,4,SR1482_40X_HE_T132_02,0,0.35710716247558594,0
ann,4,SR1482_40X_HE_T143_01,0,0.5967751741409302,1
ann,4,SR1482_40X_HE_T143_02,0,0.6368978023529053,1
ann,4,SR1482_40X_HE_T166_01,1,0.22157230973243713,0
ann,4,SR1482_40X_HE_T169_01,0,0.4946309030056,0
ann,4,SR1482_40X_HE_T176_01,1,0.9214416146278381,1
ann,4,SR1482_40X_HE_T176_02,1,0.7972361445426941,1
ann,4,SR1482_40X_HE_T191_01,0,0.21568408608436584,0
ann,4,SR1482_40X_HE_T194_01,0,0.7253848910331726,1
ann,4,SR1482_40X_HE_T218_01,0,0.21006104350090027,0
ann,4,SR1482_40X_HE_T253_01,0,0.1568669080734253,0
ann,4,SR1482_40X_HE_T290_01,0,0.36682477593421936,0
ann,4,SR1482_40X_HE_T308_01,0,0.3557741343975067,0
ann,4,SR1482_40X_HE_T314_01,0,0.7748724818229675,1
ann,4,SR1482_40X_HE_T314_02,0,0.788004994392395,1
ann,4,SR1482_40X_HE_T372_01,1,0.6826159358024597,1
ann,4,SR1482_40X_HE_T372_02,1,0.203914612531662,0
ann,4,SR1482_40X_HE_T408_01,0,0.4745110273361206,0
ann,4,SR1482_40X_HE_T412_01,0,0.2526056170463562,0
ann,4,SR1482_40X_HE_T425_01,0,0.19273795187473297,0
ann,4,SR1482_40X_HE_T434_01,1,0.6480141282081604,1
ann,4,SR386_40X_HE_T006_01,0,0.4591458737850189,0
ann,4,SR386_40X_HE_T010_01,0,0.3172076344490051,0
ann,4,SR386_40X_HE_T014_01,0,0.5446184277534485,1
ann,4,SR386_40X_HE_T016_01,0,0.16380739212036133,0
ann,4,SR386_40X_HE_T020_01,0,0.18487708270549774,0
ann,4,SR386_40X_HE_T027_01,0,0.45025062561035156,0
ann,4,SR386_40X_HE_T028_01,0,0.5648569464683533,1
ann,4,SR386_40X_HE_T037_01,0,0.12205475568771362,0
ann,4,SR386_40X_HE_T043_01,0,0.3213469982147217,0
ann,4,SR386_40X_HE_T044_01,1,0.46813440322875977,0
ann,4,SR386_40X_HE_T046_01,0,0.23554591834545135,0
ann,4,SR386_40X_HE_T058_01,0,0.22579699754714966,0
ann,4,SR386_40X_HE_T062_01,0,0.3021000623703003,0
ann,4,SR386_40X_HE_T065_01,1,0.5328410267829895,1
ann,4,SR386_40X_HE_T080_01,0,0.40982404351234436,0
ann,4,SR386_40X_HE_T091_01,0,0.34825944900512695,0
ann,4,SR386_40X_HE_T094_01,0,0.21639539301395416,0
ann,4,SR386_40X_HE_T097_01,0,0.3374664783477783,0
ann,4,SR386_40X_HE_T100_01,0,0.5960042476654053,1
ann,4,SR386_40X_HE_T107_01,0,0.18089666962623596,0
ann,4,SR386_40X_HE_T109_01,1,0.5566693544387817,1
ann,4,SR386_40X_HE_T110_01,0,0.455461710691452,0
ann,4,SR386_40X_HE_T117_01,0,0.30389925837516785,0
ann,4,SR386_40X_HE_T127_01,0,0.28472185134887695,0
ann,4,SR386_40X_HE_T129_01,0,0.17199616134166718,0
ann,4,SR386_40X_HE_T136_01,0,0.412258505821228,0
ann,4,SR386_40X_HE_T154_01,0,0.2789888083934784,0
ann,4,SR386_40X_HE_T168_01,1,0.7339445352554321,1
ann,4,SR386_40X_HE_T175_01,0,0.2404312938451767,0
ann,4,SR386_40X_HE_T189_01,0,0.26143118739128113,0
ann,4,SR386_40X_HE_T195_01,0,0.2201409935951233,0
ann,4,SR386_40X_HE_T227_01,0,0.1662161499261856,0
ann,4,SR386_40X_HE_T233_01,0,0.5561813712120056,1
ann,4,SR386_40X_HE_T234_01,0,0.42078897356987,0
ann,4,SR386_40X_HE_T235_01,0,0.3096594512462616,0
ann,4,SR386_40X_HE_T239_01,0,0.531976044178009,1
ann,4,SR386_40X_HE_T245_01,0,0.3333486020565033,0
ann,4,SR386_40X_HE_T256_01,0,0.2587917149066925,0
ann,4,SR386_40X_HE_T265_01,0,0.5188780426979065,1
ann,4,SR386_40X_HE_T268_01,0,0.3642468750476837,0
ann,4,SR386_40X_HE_T270_01,0,0.325337678194046,0
ann,4,SR386_40X_HE_T272_01,0,0.5191856622695923,1
ann,4,SR386_40X_HE_T273_01,0,0.483858585357666,0
ann,4,SR386_40X_HE_T276_01,0,0.8137456178665161,1
ann,4,SR386_40X_HE_T278_01,1,0.7701305150985718,1
ann,4,SR386_40X_HE_T284_01,0,0.3516022264957428,0
ann,4,SR386_40X_HE_T285_01,0,0.2734682261943817,0
ann,4,SR386_40X_HE_T288_01,0,0.2830114960670471,0
ann,4,SR386_40X_HE_T291_01,0,0.44928738474845886,0
ann,4,SR386_40X_HE_T300_01,0,0.353660523891449,0
ann,4,SR386_40X_HE_T302_01,0,0.2532150149345398,0
ann,4,SR386_40X_HE_T305_01,0,0.4729795753955841,0
ann,4,SR386_40X_HE_T308_01,0,0.40359118580818176,0
ann,4,SR386_40X_HE_T325_01,0,0.4301185607910156,0
ann,4,SR386_40X_HE_T331_01,0,0.6092362403869629,1
ann,4,SR386_40X_HE_T341_01,0,0.35418060421943665,0
ann,4,SR386_40X_HE_T343_01,1,0.35272830724716187,0
ann,4,SR386_40X_HE_T346_01,0,0.41682541370391846,0
ann,4,SR386_40X_HE_T352_01,0,0.3152826726436615,0
ann,4,SR386_40X_HE_T373_01,0,0.4937845468521118,0
ann,4,SR386_40X_HE_T375_01,0,0.6655928492546082,1
ann,4,SR386_40X_HE_T381_01,0,0.20279493927955627,0
ann,4,SR386_40X_HE_T389_01,0,0.14944693446159363,0
ann,4,SR386_40X_HE_T391_01,0,0.31856459379196167,0
ann,4,SR386_40X_HE_T394_01,0,0.3125580847263336,0
ann,4,SR386_40X_HE_T399_01,0,0.3409857153892517,0
ann,4,SR386_40X_HE_T403_01,0,0.3057340085506439,0
ann,4,SR386_40X_HE_T405_01,0,0.2735583484172821,0
ann,4,SR386_40X_HE_T407_01,0,0.2543054223060608,0
ann,4,SR386_40X_HE_T414_01,0,0.2676614224910736,0
ann,4,SR386_40X_HE_T424_01,0,0.38795995712280273,0
ann,4,SR386_40X_HE_T429_01,0,0.2773705720901489,0
ann,4,SR386_40X_HE_T441_01,0,0.8704098463058472,1
ann,4,SR386_40X_HE_T451_01,0,0.34318941831588745,0
ann,4,SR386_40X_HE_T453_01,0,0.37365972995758057,0
ann,4,SR386_40X_HE_T455_01,0,0.3345281183719635,0
ann,4,SR386_40X_HE_T465_01,0,0.1632983386516571,0
ann,4,SR386_40X_HE_T474_01,0,0.5489224791526794,1
ann,4,SR386_40X_HE_T476_01,0,0.5871258974075317,1
ann,4,SR386_40X_HE_T479_01,0,0.25948208570480347,0
ann,4,SR386_40X_HE_T482_01,0,0.44143930077552795,0
ann,4,SR386_40X_HE_T487_01,0,0.10223298519849777,0
ann,4,SR386_40X_HE_T490_01,0,0.3722306191921234,0
ann,4,SR386_40X_HE_T494_01,0,0.4405044913291931,0
ann,4,SR386_40X_HE_T500_01,0,0.2776067554950714,0
ann,4,SR386_40X_HE_T510_01,0,0.569908618927002,1
ann,4,SR386_40X_HE_T524_01,0,0.7690708637237549,1
ann,4,SR386_40X_HE_T528_01,0,0.39686694741249084,0
ann,4,SR386_40X_HE_T532_01,0,0.3035475015640259,0
ann,4,SR386_40X_HE_T534_01,0,0.5401880145072937,1
ann,4,SR386_40X_HE_T536_01,0,0.3155617117881775,0
ann,4,SR386_40X_HE_T537_01,0,0.35318902134895325,0
ann,4,SR386_40X_HE_T541_01,0,0.4840039610862732,0
ann,4,SR386_40X_HE_T548_01,1,0.474497526884079,0
ann,4,SR386_40X_HE_T550_01,0,0.8393674492835999,1
ann,4,SR386_40X_HE_T551_01,0,0.2351701855659485,0
ann,4,SR386_40X_HE_T557_01,0,0.22569957375526428,0
ann,4,SR386_40X_HE_T565_01,0,0.3850983679294586,0
ann,4,SR386_40X_HE_T567_01,0,0.4514338970184326,0
ann,4,SR386_40X_HE_T575_01,0,0.5496823787689209,1
ann,4,SR386_40X_HE_T576_01,0,0.3308371305465698,0
ann,4,SR386_40X_HE_T581_01,0,0.4056519865989685,0
knn,1,SR1482_40X_HE_T029_01,0,0.2,0
knn,1,SR1482_40X_HE_T029_02,0,0.2,0
knn,1,SR1482_40X_HE_T057_01,0,0.0,0
knn,1,SR1482_40X_HE_T063_01,1,0.3,0
knn,1,SR1482_40X_HE_T063_02,1,0.1,0
knn,1,SR1482_40X_HE_T065_01,0,0.0,0
knn,1,SR1482_40X_HE_T065_02,0,0.1,0
knn,1,SR1482_40X_HE_T066_01,0,0.2,0
knn,1,SR1482_40X_HE_T066_02,0,0.2,0
knn,1,SR1482_40X_HE_T068_01,0,0.0,0
knn,1,SR1482_40X_HE_T069_01,0,0.0,0
knn,1,SR1482_40X_HE_T069_02,0,0.1,0
knn,1,SR1482_40X_HE_T079_01,1,0.0,0
knn,1,SR1482_40X_HE_T079_02,1,0.2,0
knn,1,SR1482_40X_HE_T080_01,0,0.1,0
knn,1,SR1482_40X_HE_T080_02,0,0.0,0
knn,1,SR1482_40X_HE_T081_01,0,0.1,0
knn,1,SR1482_40X_HE_T081_02,0,0.1,0
knn,1,SR1482_40X_HE_T099_01,0,0.0,0
knn,1,SR1482_40X_HE_T116_01,0,0.0,0
knn,1,SR1482_40X_HE_T117_01,0,0.1,0
knn,1,SR1482_40X_HE_T117_02,0,0.2,0
knn,1,SR1482_40X_HE_T126_01,0,0.1,0
knn,1,SR1482_40X_HE_T129_01,0,0.0,0
knn,1,SR1482_40X_HE_T129_02,0,0.1,0
knn,1,SR1482_40X_HE_T139_01,0,0.1,0
knn,1,SR1482_40X_HE_T139_02,0,0.2,0
knn,1,SR1482_40X_HE_T147_01,0,0.2,0
knn,1,SR1482_40X_HE_T147_02,0,0.3,0
knn,1,SR1482_40X_HE_T159_01,0,0.3,0
knn,1,SR1482_40X_HE_T159_02,0,0.2,0
knn,1,SR1482_40X_HE_T192_01,0,0.0,0
knn,1,SR1482_40X_HE_T199_01,0,0.1,0
knn,1,SR1482_40X_HE_T304_01,0,0.1,0
knn,1,SR1482_40X_HE_T304_02,0,0.2,0
knn,1,SR1482_40X_HE_T310_01,1,0.2,0
knn,1,SR1482_40X_HE_T310_02,1,0.1,0
knn,1,SR1482_40X_HE_T341_01,0,0.0,0
knn,1,SR1482_40X_HE_T341_02,0,0.0,0
knn,1,SR1482_40X_HE_T353_01,0,0.0,0
knn,1,SR1482_40X_HE_T390_01,0,0.0,0
knn,1,SR1482_40X_HE_T433_01,1,0.2,0
knn,1,SR386_40X_HE_T003_01,0,0.0,0
knn,1,SR386_40X_HE_T004_01,0,0.2,0
knn,1,SR386_40X_HE_T022_01,1,0.2,0
knn,1,SR386_40X_HE_T030_01,0,0.1,0
knn,1,SR386_40X_HE_T033_01,0,0.1,0
knn,1,SR386_40X_HE_T036_01,0,0.1,0
knn,1,SR386_40X_HE_T038_01,0,0.1,0
knn,1,SR386_40X_HE_T049_01,0,0.0,0
knn,1,SR386_40X_HE_T050_01,0,0.0,0
knn,1,SR386_40X_HE_T060_01,0,0.1,0
knn,1,SR386_40X_HE_T063_01,0,0.2,0
knn,1,SR386_40X_HE_T066_01,0,0.2,0
knn,1,SR386_40X_HE_T069_01,0,0.1,0
knn,1,SR386_40X_HE_T072_01,0,0.0,0
knn,1,SR386_40X_HE_T074_01,0,0.0,0
knn,1,SR386_40X_HE_T078_01,0,0.0,0
knn,1,SR386_40X_HE_T079_01,0,0.0,0
knn,1,SR386_40X_HE_T092_01,1,0.0,0
knn,1,SR386_40X_HE_T096_01,0,0.0,0
knn,1,SR386_40X_HE_T099_01,0,0.1,0
knn,1,SR386_40X_HE_T103_01,0,0.0,0
knn,1,SR386_40X_HE_T108_01,0,0.0,0
knn,1,SR386_40X_HE_T113_01,0,0.0,0
knn,1,SR386_40X_HE_T114_01,0,0.0,0
knn,1,SR386_40X_HE_T119_01,0,0.0,0
knn,1,SR386_40X_HE_T126_01,0,0.1,0
knn,1,SR386_40X_HE_T130_01,0,0.0,0
knn,1,SR386_40X_HE_T131_01,0,0.0,0
knn,1,SR386_40X_HE_T135_01,0,0.3,0
knn,1,SR386_40X_HE_T140_01,0,0.0,0
knn,1,SR386_40X_HE_T144_01,0,0.0,0
knn,1,SR386_40X_HE_T147_01,0,0.0,0
knn,1,SR386_40X_HE_T148_01,0,0.1,0
knn,1,SR386_40X_HE_T160_01,0,0.0,0
knn,1,SR386_40X_HE_T169_01,0,0.2,0
knn,1,SR386_40X_HE_T170_01,1,0.1,0
knn,1,SR386_40X_HE_T172_01,0,0.3,0
knn,1,SR386_40X_HE_T174_01,0,0.0,0
knn,1,SR386_40X_HE_T181_01,0,0.0,0
knn,1,SR386_40X_HE_T196_01,0,0.0,0
knn,1,SR386_40X_HE_T205_01,0,0.3,0
knn,1,SR386_40X_HE_T209_01,0,0.0,0
knn,1,SR386_40X_HE_T210_01,0,0.3,0
knn,1,SR386_40X_HE_T212_01,0,0.3,0
knn,1,SR386_40X_HE_T221_01,0,0.0,0
knn,1,SR386_40X_HE_T224_01,0,0.1,0
knn,1,SR386_40X_HE_T231_01,1,0.0,0
knn,1,SR386_40X_HE_T232_01,0,0.1,0
knn,1,SR386_40X_HE_T247_01,0,0.2,0
knn,1,SR386_40X_HE_T252_01,0,0.0,0
knn,1,SR386_40X_HE_T255_01,0,0.2,0
knn,1,SR386_40X_HE_T259_01,1,0.0,0
knn,1,SR386_40X_HE_T274_01,0,0.0,0
knn,1,SR386_40X_HE_T275_01,0,0.2,0
knn,1,SR386_40X_HE_T282_01,0,0.0,0
knn,1,SR386_40X_HE_T294_01,0,0.3,0
knn,1,SR386_40X_HE_T311_01,0,0.1,0
knn,1,SR386_40X_HE_T315_01,0,0.2,0
knn,1,SR386_40X_HE_T319_01,1,0.0,0
knn,1,SR386_40X_HE_T324_01,1,0.1,0
knn,1,SR386_40X_HE_T330_01,0,0.0,0
knn,1,SR386_40X_HE_T333_01,0,0.0,0
knn,1,SR386_40X_HE_T335_01,0,0.1,0
knn,1,SR386_40X_HE_T337_01,0,0.0,0
knn,1,SR386_40X_HE_T344_01,0,0.0,0
knn,1,SR386_40X_HE_T347_01,0,0.0,0
knn,1,SR386_40X_HE_T350_01,0,0.0,0
knn,1,SR386_40X_HE_T351_01,0,0.0,0
knn,1,SR386_40X_HE_T360_01,0,0.0,0
knn,1,SR386_40X_HE_T361_01,0,0.1,0
knn,1,SR386_40X_HE_T366_01,0,0.0,0
knn,1,SR386_40X_HE_T377_01,1,0.2,0
knn,1,SR386_40X_HE_T384_01,0,0.0,0
knn,1,SR386_40X_HE_T395_01,0,0.0,0
knn,1,SR386_40X_HE_T396_01,0,0.0,0
knn,1,SR386_40X_HE_T401_01,0,0.1,0
knn,1,SR386_40X_HE_T408_01,0,0.0,0
knn,1,SR386_40X_HE_T410_01,0,0.1,0
knn,1,SR386_40X_HE_T413_01,0,0.1,0
knn,1,SR386_40X_HE_T416_01,0,0.1,0
knn,1,SR386_40X_HE_T418_01,0,0.0,0
knn,1,SR386_40X_HE_T419_01,0,0.0,0
knn,1,SR386_40X_HE_T421_01,0,0.2,0
knn,1,SR386_40X_HE_T423_01,0,0.1,0
knn,1,SR386_40X_HE_T428_01,0,0.0,0
knn,1,SR386_40X_HE_T430_01,0,0.0,0
knn,1,SR386_40X_HE_T431_01,0,0.1,0
knn,1,SR386_40X_HE_T435_01,0,0.1,0
knn,1,SR386_40X_HE_T438_01,0,0.1,0
knn,1,SR386_40X_HE_T439_01,0,0.3,0
knn,1,SR386_40X_HE_T447_01,0,0.0,0
knn,1,SR386_40X_HE_T449_01,0,0.1,0
knn,1,SR386_40X_HE_T454_01,0,0.0,0
knn,1,SR386_40X_HE_T456_01,0,0.0,0
knn,1,SR386_40X_HE_T461_01,0,0.2,0
knn,1,SR386_40X_HE_T462_01,0,0.1,0
knn,1,SR386_40X_HE_T468_01,0,0.2,0
knn,1,SR386_40X_HE_T469_01,1,0.0,0
knn,1,SR386_40X_HE_T470_01,0,0.0,0
knn,1,SR386_40X_HE_T471_01,0,0.0,0
knn,1,SR386_40X_HE_T477_01,0,0.0,0
knn,1,SR386_40X_HE_T480_01,0,0.0,0
knn,1,SR386_40X_HE_T484_01,0,0.0,0
knn,1,SR386_40X_HE_T495_01,0,0.0,0
knn,1,SR386_40X_HE_T496_01,0,0.0,0
knn,1,SR386_40X_HE_T498_01,0,0.2,0
knn,1,SR386_40X_HE_T504_01,0,0.0,0
knn,1,SR386_40X_HE_T511_01,0,0.1,0
knn,1,SR386_40X_HE_T517_01,0,0.1,0
knn,1,SR386_40X_HE_T523_01,0,0.1,0
knn,1,SR386_40X_HE_T529_01,0,0.0,0
knn,1,SR386_40X_HE_T542_01,0,0.0,0
knn,1,SR386_40X_HE_T569_01,0,0.0,0
knn,1,SR386_40X_HE_T582_01,0,0.0,0
knn,2,SR1482_40X_HE_T009_01,0,0.1,0
knn,2,SR1482_40X_HE_T009_02,0,0.1,0
knn,2,SR1482_40X_HE_T015_01,0,0.0,0
knn,2,SR1482_40X_HE_T021_01,0,0.1,0
knn,2,SR1482_40X_HE_T067_01,0,0.0,0
knn,2,SR1482_40X_HE_T075_01,0,0.0,0
knn,2,SR1482_40X_HE_T075_02,0,0.0,0
knn,2,SR1482_40X_HE_T098_01,0,0.2,0
knn,2,SR1482_40X_HE_T098_02,0,0.1,0
knn,2,SR1482_40X_HE_T102_01,0,0.1,0
knn,2,SR1482_40X_HE_T123_01,0,0.0,0
knn,2,SR1482_40X_HE_T142_01,0,0.0,0
knn,2,SR1482_40X_HE_T146_01,0,0.3,0
knn,2,SR1482_40X_HE_T148_01,0,0.1,0
knn,2,SR1482_40X_HE_T148_02,0,0.1,0
knn,2,SR1482_40X_HE_T154_01,0,0.1,0
knn,2,SR1482_40X_HE_T158_01,0,0.0,0
knn,2,SR1482_40X_HE_T161_01,0,0.3,0
knn,2,SR1482_40X_HE_T161_02,0,0.0,0
knn,2,SR1482_40X_HE_T164_01,1,0.1,0
knn,2,SR1482_40X_HE_T164_02,1,0.1,0
knn,2,SR1482_40X_HE_T168_01,0,0.1,0
knn,2,SR1482_40X_HE_T171_01,0,0.0,0
knn,2,SR1482_40X_HE_T171_02,0,0.2,0
knn,2,SR1482_40X_HE_T178_01,1,0.1,0
knn,2,SR1482_40X_HE_T186_01,0,0.1,0
knn,2,SR1482_40X_HE_T193_01,0,0.2,0
knn,2,SR1482_40X_HE_T193_02,0,0.4,0
knn,2,SR1482_40X_HE_T209_01,0,0.0,0
knn,2,SR1482_40X_HE_T209_02,0,0.0,0
knn,2,SR1482_40X_HE_T245_01,0,0.1,0
knn,2,SR1482_40X_HE_T245_02,0,0.2,0
knn,2,SR1482_40X_HE_T265_01,0,0.0,0
knn,2,SR1482_40X_HE_T302_01,0,0.0,0
knn,2,SR1482_40X_HE_T343_01,1,0.1,0
knn,2,SR1482_40X_HE_T343_02,1,0.1,0
knn,2,SR1482_40X_HE_T399_01,0,0.3,0
knn,2,SR1482_40X_HE_T399_02,0,0.1,0
knn,2,SR1482_40X_HE_T426_01,0,0.0,0
knn,2,SR1482_40X_HE_T426_02,0,0.0,0
knn,2,SR386_40X_HE_T001_01,0,0.1,0
knn,2,SR386_40X_HE_T013_01,0,0.2,0
knn,2,SR386_40X_HE_T018_01,0,0.0,0
knn,2,SR386_40X_HE_T019_01,0,0.0,0
knn,2,SR386_40X_HE_T024_01,0,0.0,0
knn,2,SR386_40X_HE_T039_01,0,0.0,0
knn,2,SR386_40X_HE_T040_01,1,0.2,0
knn,2,SR386_40X_HE_T042_01,0,0.1,0
knn,2,SR386_40X_HE_T047_01,0,0.0,0
knn,2,SR386_40X_HE_T051_01,0,0.0,0
knn,2,SR386_40X_HE_T052_01,0,0.0,0
knn,2,SR386_40X_HE_T056_01,0,0.0,0
knn,2,SR386_40X_HE_T057_01,0,0.0,0
knn,2,SR386_40X_HE_T070_01,0,0.0,0
knn,2,SR386_40X_HE_T082_01,0,0.2,0
knn,2,SR386_40X_HE_T084_01,0,0.1,0
knn,2,SR386_40X_HE_T087_01,0,0.1,0
knn,2,SR386_40X_HE_T088_01,0,0.0,0
knn,2,SR386_40X_HE_T098_01,0,0.1,0
knn,2,SR386_40X_HE_T105_01,0,0.1,0
knn,2,SR386_40X_HE_T122_01,0,0.0,0
knn,2,SR386_40X_HE_T123_01,0,0.2,0
knn,2,SR386_40X_HE_T133_01,0,0.0,0
knn,2,SR386_40X_HE_T145_01,0,0.0,0
knn,2,SR386_40X_HE_T150_01,0,0.2,0
knn,2,SR386_40X_HE_T152_01,0,0.1,0
knn,2,SR386_40X_HE_T155_01,0,0.0,0
knn,2,SR386_40X_HE_T157_01,0,0.1,0
knn,2,SR386_40X_HE_T164_01,0,0.0,0
knn,2,SR386_40X_HE_T166_01,0,0.2,0
knn,2,SR386_40X_HE_T176_01,1,0.1,0
knn,2,SR386_40X_HE_T177_01,0,0.0,0
knn,2,SR386_40X_HE_T178_01,0,0.0,0
knn,2,SR386_40X_HE_T187_01,0,0.0,0
knn,2,SR386_40X_HE_T190_01,0,0.0,0
knn,2,SR386_40X_HE_T192_01,0,0.0,0
knn,2,SR386_40X_HE_T198_01,0,0.0,0
knn,2,SR386_40X_HE_T200_01,0,0.1,0
knn,2,SR386_40X_HE_T206_01,1,0.1,0
knn,2,SR386_40X_HE_T211_01,0,0.0,0
knn,2,SR386_40X_HE_T213_01,0,0.1,0
knn,2,SR386_40X_HE_T214_01,0,0.0,0
knn,2,SR386_40X_HE_T220_01,0,0.0,0
knn,2,SR386_40X_HE_T230_01,1,0.2,0
knn,2,SR386_40X_HE_T236_01,0,0.1,0
knn,2,SR386_40X_HE_T237_01,0,0.0,0
knn,2,SR386_40X_HE_T240_01,0,0.0,0
knn,2,SR386_40X_HE_T241_01,0,0.0,0
knn,2,SR386_40X_HE_T242_01,0,0.0,0
knn,2,SR386_40X_HE_T253_01,0,0.0,0
knn,2,SR386_40X_HE_T260_01,0,0.0,0
knn,2,SR386_40X_HE_T262_01,0,0.1,0
knn,2,SR386_40X_HE_T264_01,0,0.1,0
knn,2,SR386_40X_HE_T271_01,0,0.0,0
knn,2,SR386_40X_HE_T281_01,0,0.2,0
knn,2,SR386_40X_HE_T297_01,0,0.0,0
knn,2,SR386_40X_HE_T299_01,0,0.0,0
knn,2,SR386_40X_HE_T301_01,0,0.0,0
knn,2,SR386_40X_HE_T306_01,0,0.0,0
knn,2,SR386_40X_HE_T309_01,0,0.1,0
knn,2,SR386_40X_HE_T314_01,0,0.1,0
knn,2,SR386_40X_HE_T316_01,0,0.0,0
knn,2,SR386_40X_HE_T318_01,0,0.0,0
knn,2,SR386_40X_HE_T321_01,0,0.1,0
knn,2,SR386_40X_HE_T326_01,0,0.0,0
knn,2,SR386_40X_HE_T327_01,0,0.0,0
knn,2,SR386_40X_HE_T332_01,1,0.1,0
knn,2,SR386_40X_HE_T355_01,0,0.0,0
knn,2,SR386_40X_HE_T364_01,0,0.1,0
knn,2,SR386_40X_HE_T368_01,1,0.0,0
knn,2,SR386_40X_HE_T374_01,0,0.0,0
knn,2,SR386_40X_HE_T380_01,0,0.0,0
knn,2,SR386_40X_HE_T382_01,0,0.2,0
knn,2,SR386_40X_HE_T392_01,0,0.0,0
knn,2,SR386_40X_HE_T398_01,0,0.0,0
knn,2,SR386_40X_HE_T402_01,1,0.0,0
knn,2,SR386_40X_HE_T404_01,0,0.0,0
knn,2,SR386_40X_HE_T415_01,0,0.0,0
knn,2,SR386_40X_HE_T417_01,0,0.0,0
knn,2,SR386_40X_HE_T425_01,0,0.1,0
knn,2,SR386_40X_HE_T436_01,1,0.1,0
knn,2,SR386_40X_HE_T437_01,0,0.1,0
knn,2,SR386_40X_HE_T440_01,0,0.0,0
knn,2,SR386_40X_HE_T445_01,0,0.0,0
knn,2,SR386_40X_HE_T450_01,0,0.0,0
knn,2,SR386_40X_HE_T459_01,0,0.0,0
knn,2,SR386_40X_HE_T472_01,0,0.0,0
knn,2,SR386_40X_HE_T481_01,0,0.0,0
knn,2,SR386_40X_HE_T483_01,0,0.1,0
knn,2,SR386_40X_HE_T486_01,0,0.2,0
knn,2,SR386_40X_HE_T488_01,0,0.0,0
knn,2,SR386_40X_HE_T499_01,0,0.0,0
knn,2,SR386_40X_HE_T507_01,0,0.1,0
knn,2,SR386_40X_HE_T514_01,0,0.0,0
knn,2,SR386_40X_HE_T520_01,1,0.1,0
knn,2,SR386_40X_HE_T522_01,0,0.0,0
knn,2,SR386_40X_HE_T531_01,0,0.0,0
knn,2,SR386_40X_HE_T535_01,0,0.0,0
knn,2,SR386_40X_HE_T539_01,0,0.0,0
knn,2,SR386_40X_HE_T549_01,0,0.1,0
knn,2,SR386_40X_HE_T552_01,0,0.0,0
knn,2,SR386_40X_HE_T553_01,0,0.1,0
knn,2,SR386_40X_HE_T554_01,0,0.1,0
knn,2,SR386_40X_HE_T558_01,0,0.0,0
knn,2,SR386_40X_HE_T564_01,0,0.0,0
knn,2,SR386_40X_HE_T570_01,0,0.1,0
knn,2,SR386_40X_HE_T574_01,0,0.0,0
knn,2,SR386_40X_HE_T578_01,0,0.0,0
knn,2,SR386_40X_HE_T580_01,0,0.1,0
knn,3,SR1482_40X_HE_T005_01,0,0.0,0
knn,3,SR1482_40X_HE_T005_02,0,0.0,0
knn,3,SR1482_40X_HE_T010_01,0,0.0,0
knn,3,SR1482_40X_HE_T043_01,0,0.0,0
knn,3,SR1482_40X_HE_T043_02,0,0.0,0
knn,3,SR1482_40X_HE_T049_01,0,0.0,0
knn,3,SR1482_40X_HE_T061_01,0,0.0,0
knn,3,SR1482_40X_HE_T061_02,0,0.0,0
knn,3,SR1482_40X_HE_T070_01,1,0.0,0
knn,3,SR1482_40X_HE_T073_01,0,0.3333333333333333,0
knn,3,SR1482_40X_HE_T082_01,0,0.0,0
knn,3,SR1482_40X_HE_T082_02,0,0.0,0
knn,3,SR1482_40X_HE_T089_01,0,0.0,0
knn,3,SR1482_40X_HE_T090_01,0,0.0,0
knn,3,SR1482_40X_HE_T094_01,1,0.0,0
knn,3,SR1482_40X_HE_T094_02,1,0.0,0
knn,3,SR1482_40X_HE_T105_01,0,0.0,0
knn,3,SR1482_40X_HE_T115_01,0,0.0,0
knn,3,SR1482_40X_HE_T115_02,0,0.0,0
knn,3,SR1482_40X_HE_T118_01,0,0.6666666666666666,1
knn,3,SR1482_40X_HE_T118_02,0,0.3333333333333333,0
knn,3,SR1482_40X_HE_T120_01,0,0.6666666666666666,1
knn,3,SR1482_40X_HE_T120_02,0,0.3333333333333333,0
knn,3,SR1482_40X_HE_T124_01,0,0.6666666666666666,1
knn,3,SR1482_40X_HE_T124_02,0,0.0,0
knn,3,SR1482_40X_HE_T138_01,0,0.0,0
knn,3,SR1482_40X_HE_T160_01,0,0.3333333333333333,0
knn,3,SR1482_40X_HE_T160_02,0,0.0,0
knn,3,SR1482_40X_HE_T167_01,0,0.0,0
knn,3,SR1482_40X_HE_T167_02,0,0.0,0
knn,3,SR1482_40X_HE_T175_01,0,0.3333333333333333,0
knn,3,SR1482_40X_HE_T175_02,0,0.3333333333333333,0
knn,3,SR1482_40X_HE_T177_01,1,0.0,0
knn,3,SR1482_40X_HE_T188_01,0,0.0,0
knn,3,SR1482_40X_HE_T195_01,0,0.3333333333333333,0
knn,3,SR1482_40X_HE_T195_02,0,0.0,0
knn,3,SR1482_40X_HE_T202_01,0,0.3333333333333333,0
knn,3,SR1482_40X_HE_T202_02,0,0.0,0
knn,3,SR1482_40X_HE_T225_01,0,0.0,0
knn,3,SR1482_40X_HE_T225_02,0,0.0,0
knn,3,SR1482_40X_HE_T235_01,0,0.0,0
knn,3,SR1482_40X_HE_T235_02,0,0.0,0
knn,3,SR1482_40X_HE_T236_01,0,0.0,0
knn,3,SR1482_40X_HE_T236_02,0,0.0,0
knn,3,SR1482_40X_HE_T258_01,0,0.0,0
knn,3,SR1482_40X_HE_T258_02,0,0.3333333333333333,0
knn,3,SR1482_40X_HE_T284_01,1,0.3333333333333333,0
knn,3,SR1482_40X_HE_T284_02,1,0.3333333333333333,0
knn,3,SR1482_40X_HE_T301_01,1,0.0,0
knn,3,SR1482_40X_HE_T301_02,1,0.0,0
knn,3,SR1482_40X_HE_T309_01,0,0.0,0
knn,3,SR1482_40X_HE_T313_01,0,0.0,0
knn,3,SR1482_40X_HE_T313_02,0,0.0,0
knn,3,SR1482_40X_HE_T338_01,0,0.3333333333333333,0
knn,3,SR1482_40X_HE_T344_01,0,0.0,0
knn,3,SR1482_40X_HE_T344_02,0,0.0,0
knn,3,SR1482_40X_HE_T346_01,0,0.0,0
knn,3,SR1482_40X_HE_T346_02,0,0.3333333333333333,0
knn,3,SR1482_40X_HE_T377_01,0,0.0,0
knn,3,SR1482_40X_HE_T377_02,0,0.0,0
knn,3,SR1482_40X_HE_T419_01,0,0.0,0
knn,3,SR1482_40X_HE_T427_01,0,0.0,0
knn,3,SR1482_40X_HE_T427_02,0,0.0,0
knn,3,SR386_40X_HE_T007_01,0,0.0,0
knn,3,SR386_40X_HE_T015_01,0,0.0,0
knn,3,SR386_40X_HE_T017_01,1,0.0,0
knn,3,SR386_40X_HE_T032_01,0,0.0,0
knn,3,SR386_40X_HE_T034_01,0,0.0,0
knn,3,SR386_40X_HE_T035_01,0,0.0,0
knn,3,SR386_40X_HE_T041_01,0,1.0,1
knn,3,SR386_40X_HE_T067_01,0,0.0,0
knn,3,SR386_40X_HE_T075_01,0,0.0,0
knn,3,SR386_40X_HE_T081_01,0,0.0,0
knn,3,SR386_40X_HE_T083_01,0,0.0,0
knn,3,SR386_40X_HE_T085_01,0,0.0,0
knn,3,SR386_40X_HE_T095_01,0,0.0,0
knn,3,SR386_40X_HE_T104_01,0,0.0,0
knn,3,SR386_40X_HE_T106_01,0,0.0,0
knn,3,SR386_40X_HE_T112_01,0,0.0,0
knn,3,SR386_40X_HE_T128_01,0,0.0,0
knn,3,SR386_40X_HE_T132_01,0,0.0,0
knn,3,SR386_40X_HE_T138_01,0,0.0,0
knn,3,SR386_40X_HE_T142_01,0,0.3333333333333333,0
knn,3,SR386_40X_HE_T149_01,0,0.0,0
knn,3,SR386_40X_HE_T165_01,1,0.0,0
knn,3,SR386_40X_HE_T179_01,0,0.0,0
knn,3,SR386_40X_HE_T180_01,0,0.0,0
knn,3,SR386_40X_HE_T182_01,0,0.0,0
knn,3,SR386_40X_HE_T184_01,0,0.0,0
knn,3,SR386_40X_HE_T188_01,0,0.0,0
knn,3,SR386_40X_HE_T191_01,0,0.0,0
knn,3,SR386_40X_HE_T197_01,0,0.0,0
knn,3,SR386_40X_HE_T201_01,0,0.0,0
knn,3,SR386_40X_HE_T202_01,0,0.0,0
knn,3,SR386_40X_HE_T208_01,0,0.0,0
knn,3,SR386_40X_HE_T216_01,1,0.0,0
knn,3,SR386_40X_HE_T238_01,0,0.0,0
knn,3,SR386_40X_HE_T244_01,0,0.0,0
knn,3,SR386_40X_HE_T248_01,0,0.0,0
knn,3,SR386_40X_HE_T249_01,0,0.0,0
knn,3,SR386_40X_HE_T250_01,0,0.0,0
knn,3,SR386_40X_HE_T263_01,0,0.3333333333333333,0
knn,3,SR386_40X_HE_T267_01,0,0.0,0
knn,3,SR386_40X_HE_T269_01,0,0.0,0
knn,3,SR386_40X_HE_T277_01,0,0.0,0
knn,3,SR386_40X_HE_T286_01,0,0.0,0
knn,3,SR386_40X_HE_T287_01,0,0.0,0
knn,3,SR386_40X_HE_T290_01,0,0.0,0
knn,3,SR386_40X_HE_T293_01,0,0.0,0
knn,3,SR386_40X_HE_T298_01,0,0.0,0
knn,3,SR386_40X_HE_T303_01,0,0.0,0
knn,3,SR386_40X_HE_T312_01,0,0.0,0
knn,3,SR386_40X_HE_T329_01,0,0.0,0
knn,3,SR386_40X_HE_T336_01,0,0.0,0
knn,3,SR386_40X_HE_T338_01,0,0.0,0
knn,3,SR386_40X_HE_T342_01,0,0.0,0
knn,3,SR386_40X_HE_T353_01,0,0.0,0
knn,3,SR386_40X_HE_T357_01,0,0.0,0
knn,3,SR386_40X_HE_T362_01,0,0.0,0
knn,3,SR386_40X_HE_T363_01,1,0.3333333333333333,0
knn,3,SR386_40X_HE_T372_01,0,0.0,0
knn,3,SR386_40X_HE_T378_01,0,0.0,0
knn,3,SR386_40X_HE_T379_01,0,0.0,0
knn,3,SR386_40X_HE_T386_01,0,0.0,0
knn,3,SR386_40X_HE_T387_01,0,0.0,0
knn,3,SR386_40X_HE_T393_01,0,0.0,0
knn,3,SR386_40X_HE_T397_01,0,0.0,0
knn,3,SR386_40X_HE_T406_01,0,0.0,0
knn,3,SR386_40X_HE_T409_01,0,0.0,0
knn,3,SR386_40X_HE_T422_01,0,0.0,0
knn,3,SR386_40X_HE_T426_01,0,0.0,0
knn,3,SR386_40X_HE_T433_01,0,0.0,0
knn,3,SR386_40X_HE_T443_01,0,0.0,0
knn,3,SR386_40X_HE_T448_01,0,0.3333333333333333,0
knn,3,SR386_40X_HE_T452_01,0,0.0,0
knn,3,SR386_40X_HE_T460_01,1,0.0,0
knn,3,SR386_40X_HE_T473_01,0,0.0,0
knn,3,SR386_40X_HE_T475_01,0,0.0,0
knn,3,SR386_40X_HE_T478_01,0,0.0,0
knn,3,SR386_40X_HE_T489_01,1,0.3333333333333333,0
knn,3,SR386_40X_HE_T491_01,0,0.0,0
knn,3,SR386_40X_HE_T492_01,0,0.0,0
knn,3,SR386_40X_HE_T493_01,0,0.0,0
knn,3,SR386_40X_HE_T502_01,0,0.0,0
knn,3,SR386_40X_HE_T505_01,0,0.0,0
knn,3,SR386_40X_HE_T506_01,0,0.0,0
knn,3,SR386_40X_HE_T509_01,0,0.0,0
knn,3,SR386_40X_HE_T516_01,0,0.0,0
knn,3,SR386_40X_HE_T518_01,0,0.0,0
knn,3,SR386_40X_HE_T519_01,0,0.0,0
knn,3,SR386_40X_HE_T521_01,0,0.0,0
knn,3,SR386_40X_HE_T526_01,0,0.0,0
knn,3,SR386_40X_HE_T533_01,0,0.0,0
knn,3,SR386_40X_HE_T543_01,0,0.0,0
knn,3,SR386_40X_HE_T544_01,0,0.3333333333333333,0
knn,3,SR386_40X_HE_T556_01,1,0.0,0
knn,3,SR386_40X_HE_T560_01,0,0.0,0
knn,3,SR386_40X_HE_T563_01,0,0.0,0
knn,3,SR386_40X_HE_T568_01,0,0.0,0
knn,3,SR386_40X_HE_T571_01,0,0.0,0
knn,3,SR386_40X_HE_T572_01,0,0.0,0
knn,3,SR386_40X_HE_T573_01,0,0.0,0
knn,3,SR386_40X_HE_T583_01,0,0.0,0
knn,4,SR1482_40X_HE_T002_01,0,0.0,0
knn,4,SR1482_40X_HE_T003_01,0,0.0,0
knn,4,SR1482_40X_HE_T004_01,0,0.0,0
knn,4,SR1482_40X_HE_T004_02,0,0.0,0
knn,4,SR1482_40X_HE_T011_01,0,0.0,0
knn,4,SR1482_40X_HE_T025_01,0,0.0,0
knn,4,SR1482_40X_HE_T025_02,0,0.0,0
knn,4,SR1482_40X_HE_T060_01,0,0.0,0
knn,4,SR1482_40X_HE_T062_01,0,0.0,0
knn,4,SR1482_40X_HE_T062_02,0,0.6666666666666666,1
knn,4,SR1482_40X_HE_T064_01,0,0.3333333333333333,0
knn,4,SR1482_40X_HE_T064_02,0,0.0,0
knn,4,SR1482_40X_HE_T071_01,0,0.3333333333333333,0
knn,4,SR1482_40X_HE_T071_02,0,0.0,0
knn,4,SR1482_40X_HE_T074_01,0,0.3333333333333333,0
knn,4,SR1482_40X_HE_T074_02,0,0.3333333333333333,0
knn,4,SR1482_40X_HE_T083_01,0,0.6666666666666666,1
knn,4,SR1482_40X_HE_T083_02,0,0.3333333333333333,0
knn,4,SR1482_40X_HE_T087_01,0,0.0,0
knn,4,SR1482_40X_HE_T097_01,1,0.3333333333333333,0
knn,4,SR1482_40X_HE_T097_02,1,0.0,0
knn,4,SR1482_40X_HE_T108_01,0,0.0,0
knn,4,SR1482_40X_HE_T113_01,0,0.3333333333333333,0
knn,4,SR1482_40X_HE_T113_02,0,0.3333333333333333,0
knn,4,SR1482_40X_HE_T121_01,0,0.0,0
knn,4,SR1482_40X_HE_T122_01,0,0.0,0
knn,4,SR1482_40X_HE_T125_01,0,0.0,0
knn,4,SR1482_40X_HE_T125_02,0,0.3333333333333333,0
knn,4,SR1482_40X_HE_T131_01,0,0.0,0
knn,4,SR1482_40X_HE_T131_02,0,0.0,0
knn,4,SR1482_40X_HE_T132_01,0,0.0,0
knn,4,SR1482_40X_HE_T132_02,0,0.3333333333333333,0
knn,4,SR1482_40X_HE_T143_01,0,0.0,0
knn,4,SR1482_40X_HE_T143_02,0,0.0,0
knn,4,SR1482_40X_HE_T166_01,1,0.0,0
knn,4,SR1482_40X_HE_T169_01,0,0.3333333333333333,0
knn,4,SR1482_40X_HE_T176_01,1,0.3333333333333333,0
knn,4,SR1482_40X_HE_T176_02,1,0.3333333333333333,0
knn,4,SR1482_40X_HE_T191_01,0,0.0,0
knn,4,SR1482_40X_HE_T194_01,0,0.6666666666666666,1
knn,4,SR1482_40X_HE_T218_01,0,0.0,0
knn,4,SR1482_40X_HE_T253_01,0,0.0,0
knn,4,SR1482_40X_HE_T290_01,0,0.0,0
knn,4,SR1482_40X_HE_T308_01,0,0.6666666666666666,1
knn,4,SR1482_40X_HE_T314_01,0,0.6666666666666666,1
knn,4,SR1482_40X_HE_T314_02,0,0.6666666666666666,1
knn,4,SR1482_40X_HE_T372_01,1,0.6666666666666666,1
knn,4,SR1482_40X_HE_T372_02,1,0.0,0
knn,4,SR1482_40X_HE_T408_01,0,0.0,0
knn,4,SR1482_40X_HE_T412_01,0,0.0,0
knn,4,SR1482_40X_HE_T425_01,0,0.0,0
knn,4,SR1482_40X_HE_T434_01,1,0.3333333333333333,0
knn,4,SR386_40X_HE_T006_01,0,0.0,0
knn,4,SR386_40X_HE_T010_01,0,0.0,0
knn,4,SR386_40X_HE_T014_01,0,0.0,0
knn,4,SR386_40X_HE_T016_01,0,0.0,0
knn,4,SR386_40X_HE_T020_01,0,0.0,0
knn,4,SR386_40X_HE_T027_01,0,0.0,0
knn,4,SR386_40X_HE_T028_01,0,0.0,0
knn,4,SR386_40X_HE_T037_01,0,0.0,0
knn,4,SR386_40X_HE_T043_01,0,0.0,0
knn,4,SR386_40X_HE_T044_01,1,0.0,0
knn,4,SR386_40X_HE_T046_01,0,0.0,0
knn,4,SR386_40X_HE_T058_01,0,0.0,0
knn,4,SR386_40X_HE_T062_01,0,0.0,0
knn,4,SR386_40X_HE_T065_01,1,0.0,0
knn,4,SR386_40X_HE_T080_01,0,0.0,0
knn,4,SR386_40X_HE_T091_01,0,0.0,0
knn,4,SR386_40X_HE_T094_01,0,0.0,0
knn,4,SR386_40X_HE_T097_01,0,0.0,0
knn,4,SR386_40X_HE_T100_01,0,0.0,0
knn,4,SR386_40X_HE_T107_01,0,0.0,0
knn,4,SR386_40X_HE_T109_01,1,0.0,0
knn,4,SR386_40X_HE_T110_01,0,0.0,0
knn,4,SR386_40X_HE_T117_01,0,0.0,0
knn,4,SR386_40X_HE_T127_01,0,0.0,0
knn,4,SR386_40X_HE_T129_01,0,0.0,0
knn,4,SR386_40X_HE_T136_01,0,0.0,0
knn,4,SR386_40X_HE_T154_01,0,0.0,0
knn,4,SR386_40X_HE_T168_01,1,0.0,0
knn,4,SR386_40X_HE_T175_01,0,0.0,0
knn,4,SR386_40X_HE_T189_01,0,0.0,0
knn,4,SR386_40X_HE_T195_01,0,0.0,0
knn,4,SR386_40X_HE_T227_01,0,0.0,0
knn,4,SR386_40X_HE_T233_01,0,0.0,0
knn,4,SR386_40X_HE_T234_01,0,0.0,0
knn,4,SR386_40X_HE_T235_01,0,0.0,0
knn,4,SR386_40X_HE_T239_01,0,0.0,0
knn,4,SR386_40X_HE_T245_01,0,0.0,0
knn,4,SR386_40X_HE_T256_01,0,0.0,0
knn,4,SR386_40X_HE_T265_01,0,0.0,0
knn,4,SR386_40X_HE_T268_01,0,0.0,0
knn,4,SR386_40X_HE_T270_01,0,0.0,0
knn,4,SR386_40X_HE_T272_01,0,0.0,0
knn,4,SR386_40X_HE_T273_01,0,0.3333333333333333,0
knn,4,SR386_40X_HE_T276_01,0,0.3333333333333333,0
knn,4,SR386_40X_HE_T278_01,1,0.3333333333333333,0
knn,4,SR386_40X_HE_T284_01,0,0.0,0
knn,4,SR386_40X_HE_T285_01,0,0.0,0
knn,4,SR386_40X_HE_T288_01,0,0.0,0
knn,4,SR386_40X_HE_T291_01,0,0.0,0
knn,4,SR386_40X_HE_T300_01,0,0.0,0
knn,4,SR386_40X_HE_T302_01,0,0.0,0
knn,4,SR386_40X_HE_T305_01,0,0.0,0
knn,4,SR386_40X_HE_T308_01,0,0.0,0
knn,4,SR386_40X_HE_T325_01,0,0.0,0
knn,4,SR386_40X_HE_T331_01,0,0.3333333333333333,0
knn,4,SR386_40X_HE_T341_01,0,0.0,0
knn,4,SR386_40X_HE_T343_01,1,0.0,0
knn,4,SR386_40X_HE_T346_01,0,0.0,0
knn,4,SR386_40X_HE_T352_01,0,0.3333333333333333,0
knn,4,SR386_40X_HE_T373_01,0,0.0,0
knn,4,SR386_40X_HE_T375_01,0,0.3333333333333333,0
knn,4,SR386_40X_HE_T381_01,0,0.0,0
knn,4,SR386_40X_HE_T389_01,0,0.0,0
knn,4,SR386_40X_HE_T391_01,0,0.0,0
knn,4,SR386_40X_HE_T394_01,0,0.0,0
knn,4,SR386_40X_HE_T399_01,0,0.0,0
knn,4,SR386_40X_HE_T403_01,0,0.0,0
knn,4,SR386_40X_HE_T405_01,0,0.3333333333333333,0
knn,4,SR386_40X_HE_T407_01,0,0.0,0
knn,4,SR386_40X_HE_T414_01,0,0.0,0
knn,4,SR386_40X_HE_T424_01,0,0.0,0
knn,4,SR386_40X_HE_T429_01,0,0.0,0
knn,4,SR386_40X_HE_T441_01,0,0.3333333333333333,0
knn,4,SR386_40X_HE_T451_01,0,0.0,0
knn,4,SR386_40X_HE_T453_01,0,0.0,0
knn,4,SR386_40X_HE_T455_01,0,0.0,0
knn,4,SR386_40X_HE_T465_01,0,0.0,0
knn,4,SR386_40X_HE_T474_01,0,0.3333333333333333,0
knn,4,SR386_40X_HE_T476_01,0,0.0,0
knn,4,SR386_40X_HE_T479_01,0,0.0,0
knn,4,SR386_40X_HE_T482_01,0,0.3333333333333333,0
knn,4,SR386_40X_HE_T487_01,0,0.0,0
knn,4,SR386_40X_HE_T490_01,0,0.0,0
knn,4,SR386_40X_HE_T494_01,0,0.0,0
knn,4,SR386_40X_HE_T500_01,0,0.0,0
knn,4,SR386_40X_HE_T510_01,0,0.0,0
knn,4,SR386_40X_HE_T524_01,0,0.6666666666666666,1
knn,4,SR386_40X_HE_T528_01,0,0.3333333333333333,0
knn,4,SR386_40X_HE_T532_01,0,0.0,0
knn,4,SR386_40X_HE_T534_01,0,0.0,0
knn,4,SR386_40X_HE_T536_01,0,0.0,0
knn,4,SR386_40X_HE_T537_01,0,0.0,0
knn,4,SR386_40X_HE_T541_01,0,0.0,0
knn,4,SR386_40X_HE_T548_01,1,0.0,0
knn,4,SR386_40X_HE_T550_01,0,0.3333333333333333,0
knn,4,SR386_40X_HE_T551_01,0,0.0,0
knn,4,SR386_40X_HE_T557_01,0,0.0,0
knn,4,SR386_40X_HE_T565_01,0,0.0,0
knn,4,SR386_40X_HE_T567_01,0,0.0,0
knn,4,SR386_40X_HE_T575_01,0,0.6666666666666666,1
knn,4,SR386_40X_HE_T576_01,0,0.0,0
knn,4,SR386_40X_HE_T581_01,0,0.0,0
proto,1,SR1482_40X_HE_T029_01,0,0.5072557330131531,1
proto,1,SR1482_40X_HE_T029_02,0,0.5064514875411987,1
proto,1,SR1482_40X_HE_T057_01,0,0.49999359250068665,0
proto,1,SR1482_40X_HE_T063_01,1,0.5156728029251099,1
proto,1,SR1482_40X_HE_T063_02,1,0.5137892961502075,1
proto,1,SR1482_40X_HE_T065_01,0,0.50653076171875,1
proto,1,SR1482_40X_HE_T065_02,0,0.5056564211845398,1
proto,1,SR1482_40X_HE_T066_01,0,0.5102261304855347,1
proto,1,SR1482_40X_HE_T066_02,0,0.5178254842758179,1
proto,1,SR1482_40X_HE_T068_01,0,0.4970461428165436,0
proto,1,SR1482_40X_HE_T069_01,0,0.5095318555831909,1
proto,1,SR1482_40X_HE_T069_02,0,0.5084285736083984,1
proto,1,SR1482_40X_HE_T079_01,1,0.5148297548294067,1
proto,1,SR1482_40X_HE_T079_02,1,0.5164178609848022,1
proto,1,SR1482_40X_HE_T080_01,0,0.5037539005279541,1
proto,1,SR1482_40X_HE_T080_02,0,0.5101796388626099,1
proto,1,SR1482_40X_HE_T081_01,0,0.5077294111251831,1
proto,1,SR1482_40X_HE_T081_02,0,0.5056647062301636,1
proto,1,SR1482_40X_HE_T099_01,0,0.4983852505683899,0
proto,1,SR1482_40X_HE_T116_01,0,0.5082904696464539,1
proto,1,SR1482_40X_HE_T117_01,0,0.5095763206481934,1
proto,1,SR1482_40X_HE_T117_02,0,0.5091214776039124,1
proto,1,SR1482_40X_HE_T126_01,0,0.5106669664382935,1
proto,1,SR1482_40X_HE_T129_01,0,0.5078930854797363,1
proto,1,SR1482_40X_HE_T129_02,0,0.51533442735672,1
proto,1,SR1482_40X_HE_T139_01,0,0.5116468667984009,1
proto,1,SR1482_40X_HE_T139_02,0,0.5128018260002136,1
proto,1,SR1482_40X_HE_T147_01,0,0.5142351388931274,1
proto,1,SR1482_40X_HE_T147_02,0,0.5166918635368347,1
proto,1,SR1482_40X_HE_T159_01,0,0.5104302763938904,1
proto,1,SR1482_40X_HE_T159_02,0,0.5091181993484497,1
proto,1,SR1482_40X_HE_T192_01,0,0.5073503255844116,1
proto,1,SR1482_40X_HE_T199_01,0,0.5076538324356079,1
proto,1,SR1482_40X_HE_T304_01,0,0.5066072940826416,1
proto,1,SR1482_40X_HE_T304_02,0,0.5045247077941895,1
proto,1,SR1482_40X_HE_T310_01,1,0.5119481682777405,1
proto,1,SR1482_40X_HE_T310_02,1,0.5133547782897949,1
proto,1,SR1482_40X_HE_T341_01,0,0.5005285739898682,1
proto,1,SR1482_40X_HE_T341_02,0,0.5045567750930786,1
proto,1,SR1482_40X_HE_T353_01,0,0.500531792640686,1
proto,1,SR1482_40X_HE_T390_01,0,0.499450147151947,0
proto,1,SR1482_40X_HE_T433_01,1,0.5115987062454224,1
proto,1,SR386_40X_HE_T003_01,0,0.48317140340805054,0
proto,1,SR386_40X_HE_T004_01,0,0.4864988625049591,0
proto,1,SR386_40X_HE_T022_01,1,0.4887184500694275,0
proto,1,SR386_40X_HE_T030_01,0,0.489889919757843,0
proto,1,SR386_40X_HE_T033_01,0,0.48515376448631287,0
proto,1,SR386_40X_HE_T036_01,0,0.48560744524002075,0
proto,1,SR386_40X_HE_T038_01,0,0.4832938015460968,0
proto,1,SR386_40X_HE_T049_01,0,0.481204092502594,0
proto,1,SR386_40X_HE_T050_01,0,0.5080991983413696,1
proto,1,SR386_40X_HE_T060_01,0,0.4909497797489166,0
proto,1,SR386_40X_HE_T063_01,0,0.48559704422950745,0
proto,1,SR386_40X_HE_T066_01,0,0.48504742980003357,0
proto,1,SR386_40X_HE_T069_01,0,0.48376113176345825,0
proto,1,SR386_40X_HE_T072_01,0,0.4844497740268707,0
proto,1,SR386_40X_HE_T074_01,0,0.4823892414569855,0
proto,1,SR386_40X_HE_T078_01,0,0.48358598351478577,0
proto,1,SR386_40X_HE_T079_01,0,0.48083218932151794,0
proto,1,SR386_40X_HE_T092_01,1,0.49057331681251526,0
proto,1,SR386_40X_HE_T096_01,0,0.482692152261734,0
proto,1,SR386_40X_HE_T099_01,0,0.5052068829536438,1
proto,1,SR386_40X_HE_T103_01,0,0.488632470369339,0
proto,1,SR386_40X_HE_T108_01,0,0.4829152524471283,0
proto,1,SR386_40X_HE_T113_01,0,0.48305800557136536,0
proto,1,SR386_40X_HE_T114_01,0,0.48376739025115967,0
proto,1,SR386_40X_HE_T119_01,0,0.48187246918678284,0
proto,1,SR386_40X_HE_T126_01,0,0.48456814885139465,0
proto,1,SR386_40X_HE_T130_01,0,0.4807799160480499,0
proto,1,SR386_40X_HE_T131_01,0,0.48749464750289917,0
proto,1,SR386_40X_HE_T135_01,0,0.49151673913002014,0
proto,1,SR386_40X_HE_T140_01,0,0.48381996154785156,0
proto,1,SR386_40X_HE_T144_01,0,0.4925483465194702,0
proto,1,SR386_40X_HE_T147_01,0,0.4840603768825531,0
proto,1,SR386_40X_HE_T148_01,0,0.4857962727546692,0
proto,1,SR386_40X_HE_T160_01,0,0.48138627409935,0
proto,1,SR386_40X_HE_T169_01,0,0.49348706007003784,0
proto,1,SR386_40X_HE_T170_01,1,0.48888343572616577,0
proto,1,SR386_40X_HE_T172_01,0,0.48742273449897766,0
proto,1,SR386_40X_HE_T174_01,0,0.484362930059433,0
proto,1,SR386_40X_HE_T181_01,0,0.4859010875225067,0
proto,1,SR386_40X_HE_T196_01,0,0.48643651604652405,0
proto,1,SR386_40X_HE_T205_01,0,0.498574435710907,0
proto,1,SR386_40X_HE_T209_01,0,0.48277342319488525,0
proto,1,SR386_40X_HE_T210_01,0,0.4997063875198364,0
proto,1,SR386_40X_HE_T212_01,0,0.4920829236507416,0
proto,1,SR386_40X_HE_T221_01,0,0.48518049716949463,0
proto,1,SR386_40X_HE_T224_01,0,0.4867703914642334,0
proto,1,SR386_40X_HE_T231_01,1,0.5084212422370911,1
proto,1,SR386_40X_HE_T232_01,0,0.48484161496162415,0
proto,1,SR386_40X_HE_T247_01,0,0.4927791655063629,0
proto,1,SR386_40X_HE_T252_01,0,0.4827195703983307,0
proto,1,SR386_40X_HE_T255_01,0,0.5040907263755798,1
proto,1,SR386_40X_HE_T259_01,1,0.49035242199897766,0
proto,1,SR386_40X_HE_T274_01,0,0.4851296842098236,0
proto,1,SR386_40X_HE_T275_01,0,0.4909690022468567,0
proto,1,SR386_40X_HE_T282_01,0,0.4847438335418701,0
proto,1,SR386_40X_HE_T294_01,0,0.49686354398727417,0
proto,1,SR386_40X_HE_T311_01,0,0.4841068983078003,0
proto,1,SR386_40X_HE_T315_01,0,0.4927299916744232,0
proto,1,SR386_40X_HE_T319_01,1,0.4863100051879883,0
proto,1,SR386_40X_HE_T324_01,1,0.49245163798332214,0
proto,1,SR386_40X_HE_T330_01,0,0.4848161041736603,0
proto,1,SR386_40X_HE_T333_01,0,0.4863640069961548,0
proto,1,SR386_40X_HE_T335_01,0,0.5012565851211548,1
proto,1,SR386_40X_HE_T337_01,0,0.48788487911224365,0
proto,1,SR386_40X_HE_T344_01,0,0.48474299907684326,0
proto,1,SR386_40X_HE_T347_01,0,0.4859946072101593,0
proto,1,SR386_40X_HE_T350_01,0,0.48572319746017456,0
proto,1,SR386_40X_HE_T351_01,0,0.505122721195221,1
proto,1,SR386_40X_HE_T360_01,0,0.48798543214797974,0
proto,1,SR386_40X_HE_T361_01,0,0.5036291480064392,1
proto,1,SR386_40X_HE_T366_01,0,0.485323429107666,0
proto,1,SR386_40X_HE_T377_01,1,0.4899679720401764,0
proto,1,SR386_40X_HE_T384_01,0,0.48260319232940674,0
proto,1,SR386_40X_HE_T395_01,0,0.5020398497581482,1
proto,1,SR386_40X_HE_T396_01,0,0.48424506187438965,0
proto,1,SR386_40X_HE_T401_01,0,0.4956969916820526,0
proto,1,SR386_40X_HE_T408_01,0,0.4839348793029785,0
proto,1,SR386_40X_HE_T410_01,0,0.48835289478302,0
proto,1,SR386_40X_HE_T413_01,0,0.5010402202606201,1
proto,1,SR386_40X_HE_T416_01,0,0.5030142664909363,1
proto,1,SR386_40X_HE_T418_01,0,0.48285621404647827,0
proto,1,SR386_40X_HE_T419_01,0,0.49439314007759094,0
proto,1,SR386_40X_HE_T421_01,0,0.5043677687644958,1
proto,1,SR386_40X_HE_T423_01,0,0.5002573728561401,1
proto,1,SR386_40X_HE_T428_01,0,0.4916445314884186,0
proto,1,SR386_40X_HE_T430_01,0,0.48292773962020874,0
proto,1,SR386_40X_HE_T431_01,0,0.48532772064208984,0
proto,1,SR386_40X_HE_T435_01,0,0.49209722876548767,0
proto,1,SR386_40X_HE_T438_01,0,0.4851236939430237,0
proto,1,SR386_40X_HE_T439_01,0,0.5002623200416565,1
proto,1,SR386_40X_HE_T447_01,0,0.48483097553253174,0
proto,1,SR386_40X_HE_T449_01,0,0.48649469017982483,0
proto,1,SR386_40X_HE_T454_01,0,0.48395422101020813,0
proto,1,SR386_40X_HE_T456_01,0,0.4852217733860016,0
proto,1,SR386_40X_HE_T461_01,0,0.48587143421173096,0
proto,1,SR386_40X_HE_T462_01,0,0.48502272367477417,0
proto,1,SR386_40X_HE_T468_01,0,0.4846542775630951,0
proto,1,SR386_40X_HE_T469_01,1,0.5039086937904358,1
proto,1,SR386_40X_HE_T470_01,0,0.48338744044303894,0
proto,1,SR386_40X_HE_T471_01,0,0.49175184965133667,0
proto,1,SR386_40X_HE_T477_01,0,0.48749423027038574,0
proto,1,SR386_40X_HE_T480_01,0,0.48845624923706055,0
proto,1,SR386_40X_HE_T484_01,0,0.48411238193511963,0
proto,1,SR386_40X_HE_T495_01,0,0.479184627532959,0
proto,1,SR386_40X_HE_T496_01,0,0.4816204905509949,0
proto,1,SR386_40X_HE_T498_01,0,0.49095144867897034,0
proto,1,SR386_40X_HE_T504_01,0,0.4867914021015167,0
proto,1,SR386_40X_HE_T511_01,0,0.4856070876121521,0
proto,1,SR386_40X_HE_T517_01,0,0.4928070306777954,0
proto,1,SR386_40X_HE_T523_01,0,0.48777034878730774,0
proto,1,SR386_40X_HE_T529_01,0,0.48304468393325806,0
proto,1,SR386_40X_HE_T542_01,0,0.4854673147201538,0
proto,1,SR386_40X_HE_T569_01,0,0.48758915066719055,0
proto,1,SR386_40X_HE_T582_01,0,0.48823192715644836,0
proto,2,SR1482_40X_HE_T009_01,0,0.506221354007721,1
proto,2,SR1482_40X_HE_T009_02,0,0.5080757737159729,1
proto,2,SR1482_40X_HE_T015_01,0,0.5067416429519653,1
proto,2,SR1482_40X_HE_T021_01,0,0.5024060606956482,1
proto,2,SR1482_40X_HE_T067_01,0,0.5046325325965881,1
proto,2,SR1482_40X_HE_T075_01,0,0.50860995054245,1
proto,2,SR1482_40X_HE_T075_02,0,0.5100193023681641,1
proto,2,SR1482_40X_HE_T098_01,0,0.5115041732788086,1
proto,2,SR1482_40X_HE_T098_02,0,0.5103127956390381,1
proto,2,SR1482_40X_HE_T102_01,0,0.5086061358451843,1
proto,2,SR1482_40X_HE_T123_01,0,0.5046283602714539,1
proto,2,SR1482_40X_HE_T142_01,0,0.498757004737854,0
proto,2,SR1482_40X_HE_T146_01,0,0.5187781453132629,1
proto,2,SR1482_40X_HE_T148_01,0,0.5116375088691711,1
proto,2,SR1482_40X_HE_T148_02,0,0.5111911296844482,1
proto,2,SR1482_40X_HE_T154_01,0,0.5033894181251526,1
proto,2,SR1482_40X_HE_T158_01,0,0.5034965872764587,1
proto,2,SR1482_40X_HE_T161_01,0,0.5166659951210022,1
proto,2,SR1482_40X_HE_T161_02,0,0.5105871558189392,1
proto,2,SR1482_40X_HE_T164_01,1,0.510073721408844,1
proto,2,SR1482_40X_HE_T164_02,1,0.5117120146751404,1
proto,2,SR1482_40X_HE_T168_01,0,0.5032771229743958,1
proto,2,SR1482_40X_HE_T171_01,0,0.5106077194213867,1
proto,2,SR1482_40X_HE_T171_02,0,0.5138589143753052,1
proto,2,SR1482_40X_HE_T178_01,1,0.5140706300735474,1
proto,2,SR1482_40X_HE_T186_01,0,0.5042828917503357,1
proto,2,SR1482_40X_HE_T193_01,0,0.5161356925964355,1
proto,2,SR1482_40X_HE_T193_02,0,0.5187029838562012,1
proto,2,SR1482_40X_HE_T209_01,0,0.5090710520744324,1
proto,2,SR1482_40X_HE_T209_02,0,0.5076307654380798,1
proto,2,SR1482_40X_HE_T245_01,0,0.5133470892906189,1
proto,2,SR1482_40X_HE_T245_02,0,0.5128626227378845,1
proto,2,SR1482_40X_HE_T265_01,0,0.500305712223053,1
proto,2,SR1482_40X_HE_T302_01,0,0.5102161765098572,1
proto,2,SR1482_40X_HE_T343_01,1,0.5166411995887756,1
proto,2,SR1482_40X_HE_T343_02,1,0.5124514698982239,1
proto,2,SR1482_40X_HE_T399_01,0,0.5151011347770691,1
proto,2,SR1482_40X_HE_T399_02,0,0.5104789733886719,1
proto,2,SR1482_40X_HE_T426_01,0,0.5049329400062561,1
proto,2,SR1482_40X_HE_T426_02,0,0.5063256621360779,1
proto,2,SR386_40X_HE_T001_01,0,0.47964099049568176,0
proto,2,SR386_40X_HE_T013_01,0,0.48071712255477905,0
proto,2,SR386_40X_HE_T018_01,0,0.4778606593608856,0
proto,2,SR386_40X_HE_T019_01,0,0.4870362877845764,0
proto,2,SR386_40X_HE_T024_01,0,0.4811185598373413,0
proto,2,SR386_40X_HE_T039_01,0,0.47856026887893677,0
proto,2,SR386_40X_HE_T040_01,1,0.4844319820404053,0
proto,2,SR386_40X_HE_T042_01,0,0.4802955389022827,0
proto,2,SR386_40X_HE_T047_01,0,0.483437716960907,0
proto,2,SR386_40X_HE_T051_01,0,0.4781499207019806,0
proto,2,SR386_40X_HE_T052_01,0,0.4799457788467407,0
proto,2,SR386_40X_HE_T056_01,0,0.4764881432056427,0
proto,2,SR386_40X_HE_T057_01,0,0.48200252652168274,0
proto,2,SR386_40X_HE_T070_01,0,0.47945672273635864,0
proto,2,SR386_40X_HE_T082_01,0,0.4905763566493988,0
proto,2,SR386_40X_HE_T084_01,0,0.5097829103469849,1
proto,2,SR386_40X_HE_T087_01,0,0.4835335612297058,0
proto,2,SR386_40X_HE_T088_01,0,0.4824288785457611,0
proto,2,SR386_40X_HE_T098_01,0,0.48289766907691956,0
proto,2,SR386_40X_HE_T105_01,0,0.47997531294822693,0
proto,2,SR386_40X_HE_T122_01,0,0.4827691316604614,0
proto,2,SR386_40X_HE_T123_01,0,0.48191407322883606,0
proto,2,SR386_40X_HE_T133_01,0,0.4816560745239258,0
proto,2,SR386_40X_HE_T145_01,0,0.4814475476741791,0
proto,2,SR386_40X_HE_T150_01,0,0.48152294754981995,0
proto,2,SR386_40X_HE_T152_01,0,0.4790828824043274,0
proto,2,SR386_40X_HE_T155_01,0,0.4799377918243408,0
proto,2,SR386_40X_HE_T157_01,0,0.49275073409080505,0
proto,2,SR386_40X_HE_T164_01,0,0.48276400566101074,0
proto,2,SR386_40X_HE_T166_01,0,0.48357346653938293,0
proto,2,SR386_40X_HE_T176_01,1,0.48182037472724915,0
proto,2,SR386_40X_HE_T177_01,0,0.4852653443813324,0
proto,2,SR386_40X_HE_T178_01,0,0.4812909960746765,0
proto,2,SR386_40X_HE_T187_01,0,0.4836972951889038,0
proto,2,SR386_40X_HE_T190_01,0,0.481710821390152,0
proto,2,SR386_40X_HE_T192_01,0,0.48527956008911133,0
proto,2,SR386_40X_HE_T198_01,0,0.48816055059432983,0
proto,2,SR386_40X_HE_T200_01,0,0.48390495777130127,0
proto,2,SR386_40X_HE_T206_01,1,0.4874635636806488,0
proto,2,SR386_40X_HE_T211_01,0,0.48545515537261963,0
proto,2,SR386_40X_HE_T213_01,0,0.5026252269744873,1
proto,2,SR386_40X_HE_T214_01,0,0.5048184990882874,1
proto,2,SR386_40X_HE_T220_01,0,0.48427364230155945,0
proto,2,SR386_40X_HE_T230_01,1,0.4946533143520355,0
proto,2,SR386_40X_HE_T236_01,0,0.4855850338935852,0
proto,2,SR386_40X_HE_T237_01,0,0.48521921038627625,0
proto,2,SR386_40X_HE_T240_01,0,0.48524418473243713,0
proto,2,SR386_40X_HE_T241_01,0,0.4848736524581909,0
proto,2,SR386_40X_HE_T242_01,0,0.4845774471759796,0
proto,2,SR386_40X_HE_T253_01,0,0.48320937156677246,0
proto,2,SR386_40X_HE_T260_01,0,0.5034657716751099,1
proto,2,SR386_40X_HE_T262_01,0,0.5067486763000488,1
proto,2,SR386_40X_HE_T264_01,0,0.503862738609314,1
proto,2,SR386_40X_HE_T271_01,0,0.48520275950431824,0
proto,2,SR386_40X_HE_T281_01,0,0.48373520374298096,0
proto,2,SR386_40X_HE_T297_01,0,0.4835706055164337,0
proto,2,SR386_40X_HE_T299_01,0,0.47955071926116943,0
proto,2,SR386_40X_HE_T301_01,0,0.47997239232063293,0
proto,2,SR386_40X_HE_T306_01,0,0.4846767783164978,0
proto,2,SR386_40X_HE_T309_01,0,0.48594966530799866,0
proto,2,SR386_40X_HE_T314_01,0,0.4835730493068695,0
proto,2,SR386_40X_HE_T316_01,0,0.5039680004119873,1
proto,2,SR386_40X_HE_T318_01,0,0.5072758793830872,1
proto,2,SR386_40X_HE_T321_01,0,0.48267996311187744,0
proto,2,SR386_40X_HE_T326_01,0,0.4803036153316498,0
proto,2,SR386_40X_HE_T327_01,0,0.47651034593582153,0
proto,2,SR386_40X_HE_T332_01,1,0.48655784130096436,0
proto,2,SR386_40X_HE_T355_01,0,0.48222753405570984,0
proto,2,SR386_40X_HE_T364_01,0,0.4892904758453369,0
proto,2,SR386_40X_HE_T368_01,1,0.49487927556037903,0
proto,2,SR386_40X_HE_T374_01,0,0.4787694215774536,0
proto,2,SR386_40X_HE_T380_01,0,0.47712352871894836,0
proto,2,SR386_40X_HE_T382_01,0,0.48050668835639954,0
proto,2,SR386_40X_HE_T392_01,0,0.4807869493961334,0
proto,2,SR386_40X_HE_T398_01,0,0.4861063063144684,0
proto,2,SR386_40X_HE_T402_01,1,0.5101473331451416,1
proto,2,SR386_40X_HE_T404_01,0,0.47923651337623596,0
proto,2,SR386_40X_HE_T415_01,0,0.4766230285167694,0
proto,2,SR386_40X_HE_T417_01,0,0.4797849953174591,0
proto,2,SR386_40X_HE_T425_01,0,0.48083728551864624,0
proto,2,SR386_40X_HE_T436_01,1,0.49440351128578186,0
proto,2,SR386_40X_HE_T437_01,0,0.4815504252910614,0
proto,2,SR386_40X_HE_T440_01,0,0.4871607720851898,0
proto,2,SR386_40X_HE_T445_01,0,0.4811497926712036,0
proto,2,SR386_40X_HE_T450_01,0,0.4816000461578369,0
proto,2,SR386_40X_HE_T459_01,0,0.502800464630127,1
proto,2,SR386_40X_HE_T472_01,0,0.4797426462173462,0
proto,2,SR386_40X_HE_T481_01,0,0.4838070273399353,0
proto,2,SR386_40X_HE_T483_01,0,0.5045048594474792,1
proto,2,SR386_40X_HE_T486_01,0,0.4825332760810852,0
proto,2,SR386_40X_HE_T488_01,0,0.48969021439552307,0
proto,2,SR386_40X_HE_T499_01,0,0.5054965019226074,1
proto,2,SR386_40X_HE_T507_01,0,0.5050025582313538,1
proto,2,SR386_40X_HE_T514_01,0,0.4796496629714966,0
proto,2,SR386_40X_HE_T520_01,1,0.48311755061149597,0
proto,2,SR386_40X_HE_T522_01,0,0.48201310634613037,0
proto,2,SR386_40X_HE_T531_01,0,0.48214268684387207,0
proto,2,SR386_40X_HE_T535_01,0,0.4826986491680145,0
proto,2,SR386_40X_HE_T539_01,0,0.4827699661254883,0
proto,2,SR386_40X_HE_T549_01,0,0.5010923147201538,1
proto,2,SR386_40X_HE_T552_01,0,0.4856327772140503,0
proto,2,SR386_40X_HE_T553_01,0,0.4835985600948334,0
proto,2,SR386_40X_HE_T554_01,0,0.4886569380760193,0
proto,2,SR386_40X_HE_T558_01,0,0.47880640625953674,0
proto,2,SR386_40X_HE_T564_01,0,0.5052123069763184,1
proto,2,SR386_40X_HE_T570_01,0,0.47835084795951843,0
proto,2,SR386_40X_HE_T574_01,0,0.47926342487335205,0
proto,2,SR386_40X_HE_T578_01,0,0.4817126989364624,0
proto,2,SR386_40X_HE_T580_01,0,0.48072972893714905,0
proto,3,SR1482_40X_HE_T005_01,0,0.5096631646156311,1
proto,3,SR1482_40X_HE_T005_02,0,0.5174563527107239,1
proto,3,SR1482_40X_HE_T010_01,0,0.4996787905693054,0
proto,3,SR1482_40X_HE_T043_01,0,0.5125709772109985,1
proto,3,SR1482_40X_HE_T043_02,0,0.512374222278595,1
proto,3,SR1482_40X_HE_T049_01,0,0.501952052116394,1
proto,3,SR1482_40X_HE_T061_01,0,0.5152583718299866,1
proto,3,SR1482_40X_HE_T061_02,0,0.5163325667381287,1
proto,3,SR1482_40X_HE_T070_01,1,0.5125704407691956,1
proto,3,SR1482_40X_HE_T073_01,0,0.5027073621749878,1
proto,3,SR1482_40X_HE_T082_01,0,0.5124106407165527,1
proto,3,SR1482_40X_HE_T082_02,0,0.5095447301864624,1
proto,3,SR1482_40X_HE_T089_01,0,0.5003922581672668,1
proto,3,SR1482_40X_HE_T090_01,0,0.499946266412735,0
proto,3,SR1482_40X_HE_T094_01,1,0.5146322846412659,1
proto,3,SR1482_40X_HE_T094_02,1,0.5146974921226501,1
proto,3,SR1482_40X_HE_T105_01,0,0.4998367428779602,0
proto,3,SR1482_40X_HE_T115_01,0,0.508309006690979,1
proto,3,SR1482_40X_HE_T115_02,0,0.5051798224449158,1
proto,3,SR1482_40X_HE_T118_01,0,0.5142818093299866,1
proto,3,SR1482_40X_HE_T118_02,0,0.5110244750976562,1
proto,3,SR1482_40X_HE_T120_01,0,0.5134163498878479,1
proto,3,SR1482_40X_HE_T120_02,0,0.514083206653595,1
proto,3,SR1482_40X_HE_T124_01,0,0.5179926156997681,1
proto,3,SR1482_40X_HE_T124_02,0,0.5142483115196228,1
proto,3,SR1482_40X_HE_T138_01,0,0.5022614002227783,1
proto,3,SR1482_40X_HE_T160_01,0,0.5086024403572083,1
proto,3,SR1482_40X_HE_T160_02,0,0.5080052018165588,1
proto,3,SR1482_40X_HE_T167_01,0,0.5081599950790405,1
proto,3,SR1482_40X_HE_T167_02,0,0.5050911903381348,1
proto,3,SR1482_40X_HE_T175_01,0,0.5206440091133118,1
proto,3,SR1482_40X_HE_T175_02,0,0.5149067044258118,1
proto,3,SR1482_40X_HE_T177_01,1,0.5057986378669739,1
proto,3,SR1482_40X_HE_T188_01,0,0.507257878780365,1
proto,3,SR1482_40X_HE_T195_01,0,0.5087847113609314,1
proto,3,SR1482_40X_HE_T195_02,0,0.5121885538101196,1
proto,3,SR1482_40X_HE_T202_01,0,0.5135283470153809,1
proto,3,SR1482_40X_HE_T202_02,0,0.512527585029602,1
proto,3,SR1482_40X_HE_T225_01,0,0.5166617631912231,1
proto,3,SR1482_40X_HE_T225_02,0,0.5048937201499939,1
proto,3,SR1482_40X_HE_T235_01,0,0.510576069355011,1
proto,3,SR1482_40X_HE_T235_02,0,0.5113410949707031,1
proto,3,SR1482_40X_HE_T236_01,0,0.5087830424308777,1
proto,3,SR1482_40X_HE_T236_02,0,0.5093082189559937,1
proto,3,SR1482_40X_HE_T258_01,0,0.5096790194511414,1
proto,3,SR1482_40X_HE_T258_02,0,0.514543890953064,1
proto,3,SR1482_40X_HE_T284_01,1,0.5168852806091309,1
proto,3,SR1482_40X_HE_T284_02,1,0.516828179359436,1
proto,3,SR1482_40X_HE_T301_01,1,0.5093328356742859,1
proto,3,SR1482_40X_HE_T301_02,1,0.5117734670639038,1
proto,3,SR1482_40X_HE_T309_01,0,0.5107549428939819,1
proto,3,SR1482_40X_HE_T313_01,0,0.5107036232948303,1
proto,3,SR1482_40X_HE_T313_02,0,0.5180249810218811,1
proto,3,SR1482_40X_HE_T338_01,0,0.5125350952148438,1
proto,3,SR1482_40X_HE_T344_01,0,0.5058189630508423,1
proto,3,SR1482_40X_HE_T344_02,0,0.5093051791191101,1
proto,3,SR1482_40X_HE_T346_01,0,0.5111454129219055,1
proto,3,SR1482_40X_HE_T346_02,0,0.5128884315490723,1
proto,3,SR1482_40X_HE_T377_01,0,0.5103187561035156,1
proto,3,SR1482_40X_HE_T377_02,0,0.5094553232192993,1
proto,3,SR1482_40X_HE_T419_01,0,0.5006377100944519,1
proto,3,SR1482_40X_HE_T427_01,0,0.510020911693573,1
proto,3,SR1482_40X_HE_T427_02,0,0.5088702440261841,1
proto,3,SR386_40X_HE_T007_01,0,0.4802483916282654,0
proto,3,SR386_40X_HE_T015_01,0,0.4807188808917999,0
proto,3,SR386_40X_HE_T017_01,1,0.4904000759124756,0
proto,3,SR386_40X_HE_T032_01,0,0.4770294427871704,0
proto,3,SR386_40X_HE_T034_01,0,0.47741636633872986,0
proto,3,SR386_40X_HE_T035_01,0,0.4820779263973236,0
proto,3,SR386_40X_HE_T041_01,0,0.48572665452957153,0
proto,3,SR386_40X_HE_T067_01,0,0.48033788800239563,0
proto,3,SR386_40X_HE_T075_01,0,0.4788069725036621,0
proto,3,SR386_40X_HE_T081_01,0,0.4827624559402466,0
proto,3,SR386_40X_HE_T083_01,0,0.4773714244365692,0
proto,3,SR386_40X_HE_T085_01,0,0.4762640595436096,0
proto,3,SR386_40X_HE_T095_01,0,0.49216246604919434,0
proto,3,SR386_40X_HE_T104_01,0,0.479470431804657,0
proto,3,SR386_40X_HE_T106_01,0,0.47913050651550293,0
proto,3,SR386_40X_HE_T112_01,0,0.48255929350852966,0
proto,3,SR386_40X_HE_T128_01,0,0.48069894313812256,0
proto,3,SR386_40X_HE_T132_01,0,0.4858977496623993,0
proto,3,SR386_40X_HE_T138_01,0,0.47873619198799133,0
proto,3,SR386_40X_HE_T142_01,0,0.4809807240962982,0
proto,3,SR386_40X_HE_T149_01,0,0.4823951721191406,0
proto,3,SR386_40X_HE_T165_01,1,0.4830615818500519,0
proto,3,SR386_40X_HE_T179_01,0,0.4946243464946747,0
proto,3,SR386_40X_HE_T180_01,0,0.48938658833503723,0
proto,3,SR386_40X_HE_T182_01,0,0.4849514663219452,0
proto,3,SR386_40X_HE_T184_01,0,0.48199570178985596,0
proto,3,SR386_40X_HE_T188_01,0,0.488456130027771,0
proto,3,SR386_40X_HE_T191_01,0,0.4810142517089844,0
proto,3,SR386_40X_HE_T197_01,0,0.4799709916114807,0
proto,3,SR386_40X_HE_T201_01,0,0.4818902611732483,0
proto,3,SR386_40X_HE_T202_01,0,0.47909730672836304,0
proto,3,SR386_40X_HE_T208_01,0,0.4796960949897766,0
proto,3,SR386_40X_HE_T216_01,1,0.49359017610549927,0
proto,3,SR386_40X_HE_T238_01,0,0.4801435172557831,0
proto,3,SR386_40X_HE_T244_01,0,0.5020811557769775,1
proto,3,SR386_40X_HE_T248_01,0,0.47847047448158264,0
proto,3,SR386_40X_HE_T249_01,0,0.483539879322052,0
proto,3,SR386_40X_HE_T250_01,0,0.4942116141319275,0
proto,3,SR386_40X_HE_T263_01,0,0.4902459383010864,0
proto,3,SR386_40X_HE_T267_01,0,0.48751720786094666,0
proto,3,SR386_40X_HE_T269_01,0,0.47818461060523987,0
proto,3,SR386_40X_HE_T277_01,0,0.48098742961883545,0
proto,3,SR386_40X_HE_T286_01,0,0.5089869499206543,1
proto,3,SR386_40X_HE_T287_01,0,0.4925425350666046,0
proto,3,SR386_40X_HE_T290_01,0,0.488297700881958,0
proto,3,SR386_40X_HE_T293_01,0,0.4837037920951843,0
proto,3,SR386_40X_HE_T298_01,0,0.47852852940559387,0
proto,3,SR386_40X_HE_T303_01,0,0.47714152932167053,0
proto,3,SR386_40X_HE_T312_01,0,0.4832262098789215,0
proto,3,SR386_40X_HE_T329_01,0,0.49026983976364136,0
proto,3,SR386_40X_HE_T336_01,0,0.4858115613460541,0
proto,3,SR386_40X_HE_T338_01,0,0.47874554991722107,0
proto,3,SR386_40X_HE_T342_01,0,0.4838911294937134,0
proto,3,SR386_40X_HE_T353_01,0,0.5004022717475891,1
proto,3,SR386_40X_HE_T357_01,0,0.4769238233566284,0
proto,3,SR386_40X_HE_T362_01,0,0.4923098087310791,0
proto,3,SR386_40X_HE_T363_01,1,0.49355316162109375,0
proto,3,SR386_40X_HE_T372_01,0,0.4879380762577057,0
proto,3,SR386_40X_HE_T378_01,0,0.4783332943916321,0
proto,3,SR386_40X_HE_T379_01,0,0.4797029197216034,0
proto,3,SR386_40X_HE_T386_01,0,0.48554569482803345,0
proto,3,SR386_40X_HE_T387_01,0,0.5037922859191895,1
proto,3,SR386_40X_HE_T393_01,0,0.48764100670814514,0
proto,3,SR386_40X_HE_T397_01,0,0.49127402901649475,0
proto,3,SR386_40X_HE_T406_01,0,0.49537527561187744,0
proto,3,SR386_40X_HE_T409_01,0,0.48620477318763733,0
proto,3,SR386_40X_HE_T422_01,0,0.4753870964050293,0
proto,3,SR386_40X_HE_T426_01,0,0.47764620184898376,0
proto,3,SR386_40X_HE_T433_01,0,0.48431652784347534,0
proto,3,SR386_40X_HE_T443_01,0,0.4844367802143097,0
proto,3,SR386_40X_HE_T448_01,0,0.48371949791908264,0
proto,3,SR386_40X_HE_T452_01,0,0.48708376288414,0
proto,3,SR386_40X_HE_T460_01,1,0.48339420557022095,0
proto,3,SR386_40X_HE_T473_01,0,0.48406192660331726,0
proto,3,SR386_40X_HE_T475_01,0,0.4820193946361542,0
proto,3,SR386_40X_HE_T478_01,0,0.4875420331954956,0
proto,3,SR386_40X_HE_T489_01,1,0.48713624477386475,0
proto,3,SR386_40X_HE_T491_01,0,0.48298296332359314,0
proto,3,SR386_40X_HE_T492_01,0,0.48199933767318726,0
proto,3,SR386_40X_HE_T493_01,0,0.484711229801178,0
proto,3,SR386_40X_HE_T502_01,0,0.4768669009208679,0
proto,3,SR386_40X_HE_T505_01,0,0.5001962184906006,1
proto,3,SR386_40X_HE_T506_01,0,0.4900100529193878,0
proto,3,SR386_40X_HE_T509_01,0,0.503364622592926,1
proto,3,SR386_40X_HE_T516_01,0,0.4822932481765747,0
proto,3,SR386_40X_HE_T518_01,0,0.48254865407943726,0
proto,3,SR386_40X_HE_T519_01,0,0.4853709936141968,0
proto,3,SR386_40X_HE_T521_01,0,0.4775962829589844,0
proto,3,SR386_40X_HE_T526_01,0,0.480876624584198,0
proto,3,SR386_40X_HE_T533_01,0,0.48466628789901733,0
proto,3,SR386_40X_HE_T543_01,0,0.4840987026691437,0
proto,3,SR386_40X_HE_T544_01,0,0.48188698291778564,0
proto,3,SR386_40X_HE_T556_01,1,0.4831383526325226,0
proto,3,SR386_40X_HE_T560_01,0,0.48973917961120605,0
proto,3,SR386_40X_HE_T563_01,0,0.47864869236946106,0
proto,3,SR386_40X_HE_T568_01,0,0.48080939054489136,0
proto,3,SR386_40X_HE_T571_01,0,0.4826582670211792,0
proto,3,SR386_40X_HE_T572_01,0,0.5071329474449158,1
proto,3,SR386_40X_HE_T573_01,0,0.48070380091667175,0
proto,3,SR386_40X_HE_T583_01,0,0.478259801864624,0
proto,4,SR1482_40X_HE_T002_01,0,0.49887481331825256,0
proto,4,SR1482_40X_HE_T003_01,0,0.5026056170463562,1
proto,4,SR1482_40X_HE_T004_01,0,0.5090147852897644,1
proto,4,SR1482_40X_HE_T004_02,0,0.5074059367179871,1
proto,4,SR1482_40X_HE_T011_01,0,0.500558078289032,1
proto,4,SR1482_40X_HE_T025_01,0,0.5080311894416809,1
proto,4,SR1482_40X_HE_T025_02,0,0.5078843832015991,1
proto,4,SR1482_40X_HE_T060_01,0,0.5124009251594543,1
proto,4,SR1482_40X_HE_T062_01,0,0.5128780007362366,1
proto,4,SR1482_40X_HE_T062_02,0,0.5123286247253418,1
proto,4,SR1482_40X_HE_T064_01,0,0.5108989477157593,1
proto,4,SR1482_40X_HE_T064_02,0,0.5089082717895508,1
proto,4,SR1482_40X_HE_T071_01,0,0.5098391771316528,1
proto,4,SR1482_40X_HE_T071_02,0,0.5094265341758728,1
proto,4,SR1482_40X_HE_T074_01,0,0.5047261118888855,1
proto,4,SR1482_40X_HE_T074_02,0,0.5043163895606995,1
proto,4,SR1482_40X_HE_T083_01,0,0.5125123858451843,1
proto,4,SR1482_40X_HE_T083_02,0,0.5138524770736694,1
proto,4,SR1482_40X_HE_T087_01,0,0.5013592839241028,1
proto,4,SR1482_40X_HE_T097_01,1,0.5117417573928833,1
proto,4,SR1482_40X_HE_T097_02,1,0.5143481492996216,1
proto,4,SR1482_40X_HE_T108_01,0,0.498413622379303,0
proto,4,SR1482_40X_HE_T113_01,0,0.5144723653793335,1
proto,4,SR1482_40X_HE_T113_02,0,0.5103425979614258,1
proto,4,SR1482_40X_HE_T121_01,0,0.4984835684299469,0
proto,4,SR1482_40X_HE_T122_01,0,0.49932071566581726,0
proto,4,SR1482_40X_HE_T125_01,0,0.5099377036094666,1
proto,4,SR1482_40X_HE_T125_02,0,0.513815701007843,1
proto,4,SR1482_40X_HE_T131_01,0,0.5108217597007751,1
proto,4,SR1482_40X_HE_T131_02,0,0.5129601955413818,1
proto,4,SR1482_40X_HE_T132_01,0,0.5058740377426147,1
proto,4,SR1482_40X_HE_T132_02,0,0.5110316872596741,1
proto,4,SR1482_40X_HE_T143_01,0,0.5134578943252563,1
proto,4,SR1482_40X_HE_T143_02,0,0.5137475728988647,1
proto,4,SR1482_40X_HE_T166_01,1,0.5004227757453918,1
proto,4,SR1482_40X_HE_T169_01,0,0.5113694667816162,1
proto,4,SR1482_40X_HE_T176_01,1,0.5206674933433533,1
proto,4,SR1482_40X_HE_T176_02,1,0.5171359181404114,1
proto,4,SR1482_40X_HE_T191_01,0,0.5060968399047852,1
proto,4,SR1482_40X_HE_T194_01,0,0.5228574275970459,1
proto,4,SR1482_40X_HE_T218_01,0,0.501299262046814,1
proto,4,SR1482_40X_HE_T253_01,0,0.4986291527748108,0
proto,4,SR1482_40X_HE_T290_01,0,0.5118826627731323,1
proto,4,SR1482_40X_HE_T308_01,0,0.5132542252540588,1
proto,4,SR1482_40X_HE_T314_01,0,0.5163304805755615,1
proto,4,SR1482_40X_HE_T314_02,0,0.5228593945503235,1
proto,4,SR1482_40X_HE_T372_01,1,0.512276291847229,1
proto,4,SR1482_40X_HE_T372_02,1,0.5080274939537048,1
proto,4,SR1482_40X_HE_T408_01,0,0.505152702331543,1
proto,4,SR1482_40X_HE_T412_01,0,0.507901132106781,1
proto,4,SR1482_40X_HE_T425_01,0,0.497253954410553,0
proto,4,SR1482_40X_HE_T434_01,1,0.5072948932647705,1
proto,4,SR386_40X_HE_T006_01,0,0.4761771857738495,0
proto,4,SR386_40X_HE_T010_01,0,0.48242631554603577,0
proto,4,SR386_40X_HE_T014_01,0,0.4865327775478363,0
proto,4,SR386_40X_HE_T016_01,0,0.4746711850166321,0
proto,4,SR386_40X_HE_T020_01,0,0.4762914478778839,0
proto,4,SR386_40X_HE_T027_01,0,0.5030497908592224,1
proto,4,SR386_40X_HE_T028_01,0,0.4877343475818634,0
proto,4,SR386_40X_HE_T037_01,0,0.4814179539680481,0
proto,4,SR386_40X_HE_T043_01,0,0.4809156656265259,0
proto,4,SR386_40X_HE_T044_01,1,0.4806320369243622,0
proto,4,SR386_40X_HE_T046_01,0,0.48504501581192017,0
proto,4,SR386_40X_HE_T058_01,0,0.47636815905570984,0
proto,4,SR386_40X_HE_T062_01,0,0.4782387614250183,0
proto,4,SR386_40X_HE_T065_01,1,0.48161405324935913,0
proto,4,SR386_40X_HE_T080_01,0,0.4796906113624573,0
proto,4,SR386_40X_HE_T091_01,0,0.47764289379119873,0
proto,4,SR386_40X_HE_T094_01,0,0.4804254472255707,0
proto,4,SR386_40X_HE_T097_01,0,0.4856947958469391,0
proto,4,SR386_40X_HE_T100_01,0,0.494160920381546,0
proto,4,SR386_40X_HE_T107_01,0,0.4822055697441101,0
proto,4,SR386_40X_HE_T109_01,1,0.4815647602081299,0
proto,4,SR386_40X_HE_T110_01,0,0.4908159077167511,0
proto,4,SR386_40X_HE_T117_01,0,0.4785660207271576,0
proto,4,SR386_40X_HE_T127_01,0,0.48204895853996277,0
proto,4,SR386_40X_HE_T129_01,0,0.48018303513526917,0
proto,4,SR386_40X_HE_T136_01,0,0.4799668490886688,0
proto,4,SR386_40X_HE_T154_01,0,0.4801105856895447,0
proto,4,SR386_40X_HE_T168_01,1,0.4867401719093323,0
proto,4,SR386_40X_HE_T175_01,0,0.47797098755836487,0
proto,4,SR386_40X_HE_T189_01,0,0.4812166392803192,0
proto,4,SR386_40X_HE_T195_01,0,0.47713804244995117,0
proto,4,SR386_40X_HE_T227_01,0,0.48411116003990173,0
proto,4,SR386_40X_HE_T233_01,0,0.48891597986221313,0
proto,4,SR386_40X_HE_T234_01,0,0.48672178387641907,0
proto,4,SR386_40X_HE_T235_01,0,0.47958528995513916,0
proto,4,SR386_40X_HE_T239_01,0,0.4890023469924927,0
proto,4,SR386_40X_HE_T245_01,0,0.47797995805740356,0
proto,4,SR386_40X_HE_T256_01,0,0.4842330813407898,0
proto,4,SR386_40X_HE_T265_01,0,0.48178309202194214,0
proto,4,SR386_40X_HE_T268_01,0,0.5062252879142761,1
proto,4,SR386_40X_HE_T270_01,0,0.4882778525352478,0
proto,4,SR386_40X_HE_T272_01,0,0.5079190135002136,1
proto,4,SR386_40X_HE_T273_01,0,0.486784964799881,0
proto,4,SR386_40X_HE_T276_01,0,0.4875604808330536,0
proto,4,SR386_40X_HE_T278_01,1,0.48657920956611633,0
proto,4,SR386_40X_HE_T284_01,0,0.4840479791164398,0
proto,4,SR386_40X_HE_T285_01,0,0.47848179936408997,0
proto,4,SR386_40X_HE_T288_01,0,0.48438790440559387,0
proto,4,SR386_40X_HE_T291_01,0,0.48235294222831726,0
proto,4,SR386_40X_HE_T300_01,0,0.48078492283821106,0
proto,4,SR386_40X_HE_T302_01,0,0.4796804189682007,0
proto,4,SR386_40X_HE_T305_01,0,0.4819445013999939,0
proto,4,SR386_40X_HE_T308_01,0,0.4821286201477051,0
proto,4,SR386_40X_HE_T325_01,0,0.48829787969589233,0
proto,4,SR386_40X_HE_T331_01,0,0.49108150601387024,0
proto,4,SR386_40X_HE_T341_01,0,0.507132351398468,1
proto,4,SR386_40X_HE_T343_01,1,0.4836929440498352,0
proto,4,SR386_40X_HE_T346_01,0,0.48596954345703125,0
proto,4,SR386_40X_HE_T352_01,0,0.4836171269416809,0
proto,4,SR386_40X_HE_T373_01,0,0.4894128143787384,0
proto,4,SR386_40X_HE_T375_01,0,0.48482683300971985,0
proto,4,SR386_40X_HE_T381_01,0,0.47964462637901306,0
proto,4,SR386_40X_HE_T389_01,0,0.5057000517845154,1
proto,4,SR386_40X_HE_T391_01,0,0.4820130169391632,0
proto,4,SR386_40X_HE_T394_01,0,0.4859294295310974,0
proto,4,SR386_40X_HE_T399_01,0,0.5072038173675537,1
proto,4,SR386_40X_HE_T403_01,0,0.4833507537841797,0
proto,4,SR386_40X_HE_T405_01,0,0.5070774555206299,1
proto,4,SR386_40X_HE_T407_01,0,0.4809335470199585,0
proto,4,SR386_40X_HE_T414_01,0,0.48234832286834717,0
proto,4,SR386_40X_HE_T424_01,0,0.48729440569877625,0
proto,4,SR386_40X_HE_T429_01,0,0.5060109496116638,1
proto,4,SR386_40X_HE_T441_01,0,0.4972341060638428,0
proto,4,SR386_40X_HE_T451_01,0,0.4815509021282196,0
proto,4,SR386_40X_HE_T453_01,0,0.48214662075042725,0
proto,4,SR386_40X_HE_T455_01,0,0.48512333631515503,0
proto,4,SR386_40X_HE_T465_01,0,0.5061479210853577,1
proto,4,SR386_40X_HE_T474_01,0,0.4879583418369293,0
proto,4,SR386_40X_HE_T476_01,0,0.49371638894081116,0
proto,4,SR386_40X_HE_T479_01,0,0.49422404170036316,0
proto,4,SR386_40X_HE_T482_01,0,0.48366081714630127,0
proto,4,SR386_40X_HE_T487_01,0,0.501419723033905,1
proto,4,SR386_40X_HE_T490_01,0,0.4891272187232971,0
proto,4,SR386_40X_HE_T494_01,0,0.4784325957298279,0
proto,4,SR386_40X_HE_T500_01,0,0.4777206480503082,0
proto,4,SR386_40X_HE_T510_01,0,0.4920806586742401,0
proto,4,SR386_40X_HE_T524_01,0,0.48937076330184937,0
proto,4,SR386_40X_HE_T528_01,0,0.5062682628631592,1
proto,4,SR386_40X_HE_T532_01,0,0.4870268404483795,0
proto,4,SR386_40X_HE_T534_01,0,0.4889739453792572,0
proto,4,SR386_40X_HE_T536_01,0,0.48293033242225647,0
proto,4,SR386_40X_HE_T537_01,0,0.48704099655151367,0
proto,4,SR386_40X_HE_T541_01,0,0.48571211099624634,0
proto,4,SR386_40X_HE_T548_01,1,0.5067558884620667,1
proto,4,SR386_40X_HE_T550_01,0,0.48704394698143005,0
proto,4,SR386_40X_HE_T551_01,0,0.47924384474754333,0
proto,4,SR386_40X_HE_T557_01,0,0.48765572905540466,0
proto,4,SR386_40X_HE_T565_01,0,0.48622944951057434,0
proto,4,SR386_40X_HE_T567_01,0,0.4875117838382721,0
proto,4,SR386_40X_HE_T575_01,0,0.48156532645225525,0
proto,4,SR386_40X_HE_T576_01,0,0.47940054535865784,0
proto,4,SR386_40X_HE_T581_01,0,0.508017361164093,1
rf,1,SR1482_40X_HE_T029_01,0,0.14513461807010195,0
rf,1,SR1482_40X_HE_T029_02,0,0.13688195544293102,0
rf,1,SR1482_40X_HE_T057_01,0,0.05944922969187675,0
rf,1,SR1482_40X_HE_T063_01,1,0.27747660941209323,0
rf,1,SR1482_40X_HE_T063_02,1,0.224,0
rf,1,SR1482_40X_HE_T065_01,0,0.10535930735930735,0
rf,1,SR1482_40X_HE_T065_02,0,0.09309843779408997,0
rf,1,SR1482_40X_HE_T066_01,0,0.18381818181818183,0
rf,1,SR1482_40X_HE_T066_02,0,0.4116931818181818,1
rf,1,SR1482_40X_HE_T068_01,0,0.039045373980857855,0
rf,1,SR1482_40X_HE_T069_01,0,0.07740106951871657,0
rf,1,SR1482_40X_HE_T069_02,0,0.10929437229437228,0
rf,1,SR1482_40X_HE_T079_01,1,0.2659047619047619,0
rf,1,SR1482_40X_HE_T079_02,1,0.3378181818181818,1
rf,1,SR1482_40X_HE_T080_01,0,0.09587096774193549,0
rf,1,SR1482_40X_HE_T080_02,0,0.154,0
rf,1,SR1482_40X_HE_T081_01,0,0.18349234505332063,0
rf,1,SR1482_40X_HE_T081_02,0,0.10875366568914956,0
rf,1,SR1482_40X_HE_T099_01,0,0.025935483870967745,0
rf,1,SR1482_40X_HE_T116_01,0,0.09359999999999999,0
rf,1,SR1482_40X_HE_T117_01,0,0.087310977942114,0
rf,1,SR1482_40X_HE_T117_02,0,0.07526435789549395,0
rf,1,SR1482_40X_HE_T126_01,0,0.17381818181818182,0
rf,1,SR1482_40X_HE_T129_01,0,0.12297249809014514,0
rf,1,SR1482_40X_HE_T129_02,0,0.234,0
rf,1,SR1482_40X_HE_T139_01,0,0.1345270092226614,0
rf,1,SR1482_40X_HE_T139_02,0,0.21423649113859491,0
rf,1,SR1482_40X_HE_T147_01,0,0.18893590280687056,0
rf,1,SR1482_40X_HE_T147_02,0,0.3089689866001226,1
rf,1,SR1482_40X_HE_T159_01,0,0.1270312576623937,0
rf,1,SR1482_40X_HE_T159_02,0,0.12892977091384814,0
rf,1,SR1482_40X_HE_T192_01,0,0.15327159796725012,0
rf,1,SR1482_40X_HE_T199_01,0,0.11075420138533743,0
rf,1,SR1482_40X_HE_T304_01,0,0.08051218253462292,0
rf,1,SR1482_40X_HE_T304_02,0,0.051431372549019604,0
rf,1,SR1482_40X_HE_T310_01,1,0.194,0
rf,1,SR1482_40X_HE_T310_02,1,0.19373913043478264,0
rf,1,SR1482_40X_HE_T341_01,0,0.03757937621051226,0
rf,1,SR1482_40X_HE_T341_02,0,0.044,0
rf,1,SR1482_40X_HE_T353_01,0,0.05519580419580419,0
rf,1,SR1482_40X_HE_T390_01,0,0.02781818181818182,0
rf,1,SR1482_40X_HE_T433_01,1,0.146,0
rf,1,SR386_40X_HE_T003_01,0,0.01781818181818182,0
rf,1,SR386_40X_HE_T004_01,0,0.1129702380952381,0
rf,1,SR386_40X_HE_T022_01,1,0.18815634771732334,0
rf,1,SR386_40X_HE_T030_01,0,0.16138838097386482,0
rf,1,SR386_40X_HE_T033_01,0,0.11901773495321882,0
rf,1,SR386_40X_HE_T036_01,0,0.04740579710144928,0
rf,1,SR386_40X_HE_T038_01,0,0.05947715053763441,0
rf,1,SR386_40X_HE_T049_01,0,0.014,0
rf,1,SR386_40X_HE_T050_01,0,0.13529999705308432,0
rf,1,SR386_40X_HE_T060_01,0,0.11560215053763441,0
rf,1,SR386_40X_HE_T063_01,0,0.12809149184149182,0
rf,1,SR386_40X_HE_T066_01,0,0.08453899723464942,0
rf,1,SR386_40X_HE_T069_01,0,0.0754689114648792,0
rf,1,SR386_40X_HE_T072_01,0,0.055967213114754104,0
rf,1,SR386_40X_HE_T074_01,0,0.047870967741935486,0
rf,1,SR386_40X_HE_T078_01,0,0.05166666666666667,0
rf,1,SR386_40X_HE_T079_01,0,0.013818181818181818,0
rf,1,SR386_40X_HE_T092_01,1,0.0896,0
rf,1,SR386_40X_HE_T096_01,0,0.01747394540942928,0
rf,1,SR386_40X_HE_T099_01,0,0.08684390119684236,0
rf,1,SR386_40X_HE_T103_01,0,0.08552036855150458,0
rf,1,SR386_40X_HE_T108_01,0,0.07484898840996403,0
rf,1,SR386_40X_HE_T113_01,0,0.042,0
rf,1,SR386_40X_HE_T114_01,0,0.047261405261405265,0
rf,1,SR386_40X_HE_T119_01,0,0.04,0
rf,1,SR386_40X_HE_T126_01,0,0.0637391304347826,0
rf,1,SR386_40X_HE_T130_01,0,0.013318223443223443,0
rf,1,SR386_40X_HE_T131_01,0,0.038,0
rf,1,SR386_40X_HE_T135_01,0,0.22316979123027508,0
rf,1,SR386_40X_HE_T140_01,0,0.06704965630143801,0
rf,1,SR386_40X_HE_T144_01,0,0.09090251683800071,0
rf,1,SR386_40X_HE_T147_01,0,0.028,0
rf,1,SR386_40X_HE_T148_01,0,0.0892646103896104,0
rf,1,SR386_40X_HE_T160_01,0,0.04369318181818182,0
rf,1,SR386_40X_HE_T169_01,0,0.09981818181818182,0
rf,1,SR386_40X_HE_T170_01,1,0.19551136363636362,0
rf,1,SR386_40X_HE_T172_01,0,0.2074161255411255,0
rf,1,SR386_40X_HE_T174_01,0,0.06972294372294373,0
rf,1,SR386_40X_HE_T181_01,0,0.037875,0
rf,1,SR386_40X_HE_T196_01,0,0.07725,0
rf,1,SR386_40X_HE_T205_01,0,0.2431671272276111,0
rf,1,SR386_40X_HE_T209_01,0,0.03563636363636364,0
rf,1,SR386_40X_HE_T210_01,0,0.3173535767511177,1
rf,1,SR386_40X_HE_T212_01,0,0.12976940133037695,0
rf,1,SR386_40X_HE_T221_01,0,0.03584024577572965,0
rf,1,SR386_40X_HE_T224_01,0,0.06148484848484849,0
rf,1,SR386_40X_HE_T231_01,1,0.19254533235581625,0
rf,1,SR386_40X_HE_T232_01,0,0.039484848484848484,0
rf,1,SR386_40X_HE_T247_01,0,0.18587096774193548,0
rf,1,SR386_40X_HE_T252_01,0,0.02953846153846154,0
rf,1,SR386_40X_HE_T255_01,0,0.06369318181818182,0
rf,1,SR386_40X_HE_T259_01,1,0.1314203323558162,0
rf,1,SR386_40X_HE_T274_01,0,0.03771524577572965,0
rf,1,SR386_40X_HE_T275_01,0,0.13375366568914956,0
rf,1,SR386_40X_HE_T282_01,0,0.02584024577572965,0
rf,1,SR386_40X_HE_T294_01,0,0.19463939409118228,0
rf,1,SR386_40X_HE_T311_01,0,0.048,0
rf,1,SR386_40X_HE_T315_01,0,0.1054850981767181,0
rf,1,SR386_40X_HE_T319_01,1,0.10733333333333332,0
rf,1,SR386_40X_HE_T324_01,1,0.15725032519775906,0
rf,1,SR386_40X_HE_T330_01,0,0.03761413043478261,0
rf,1,SR386_40X_HE_T333_01,0,0.066,0
rf,1,SR386_40X_HE_T335_01,0,0.07334125874125874,0
rf,1,SR386_40X_HE_T337_01,0,0.07302759197324414,0
rf,1,SR386_40X_HE_T344_01,0,0.05950190985485103,0
rf,1,SR386_40X_HE_T347_01,0,0.08593548387096775,0
rf,1,SR386_40X_HE_T350_01,0,0.019904761904761904,0
rf,1,SR386_40X_HE_T351_01,0,0.11096405529953916,0
rf,1,SR386_40X_HE_T360_01,0,0.036,0
rf,1,SR386_40X_HE_T361_01,0,0.08158758314855877,0
rf,1,SR386_40X_HE_T366_01,0,0.04151136363636363,0
rf,1,SR386_40X_HE_T377_01,1,0.11286366481513094,0
rf,1,SR386_40X_HE_T384_01,0,0.02375366568914956,0
rf,1,SR386_40X_HE_T395_01,0,0.0575226480836237,0
rf,1,SR386_40X_HE_T396_01,0,0.055693181818181815,0
rf,1,SR386_40X_HE_T401_01,0,0.12445278128538347,0
rf,1,SR386_40X_HE_T408_01,0,0.029405764966740574,0
rf,1,SR386_40X_HE_T410_01,0,0.09724646181308172,0
rf,1,SR386_40X_HE_T413_01,0,0.08566666666666667,0
rf,1,SR386_40X_HE_T416_01,0,0.06137976190476191,0
rf,1,SR386_40X_HE_T418_01,0,0.021904761904761906,0
rf,1,SR386_40X_HE_T419_01,0,0.09797776136906572,0
rf,1,SR386_40X_HE_T421_01,0,0.08154112554112553,0
rf,1,SR386_40X_HE_T423_01,0,0.047533427593911465,0
rf,1,SR386_40X_HE_T428_01,0,0.028,0
rf,1,SR386_40X_HE_T430_01,0,0.04359714795008912,0
rf,1,SR386_40X_HE_T431_01,0,0.114,0
rf,1,SR386_40X_HE_T435_01,0,0.15781048387096774,0
rf,1,SR386_40X_HE_T438_01,0,0.06318548387096774,0
rf,1,SR386_40X_HE_T439_01,0,0.22169318181818182,0
rf,1,SR386_40X_HE_T447_01,0,0.029693181818181816,0
rf,1,SR386_40X_HE_T449_01,0,0.0819047619047619,0
rf,1,SR386_40X_HE_T454_01,0,0.03535664335664336,0
rf,1,SR386_40X_HE_T456_01,0,0.025636363636363638,0
rf,1,SR386_40X_HE_T461_01,0,0.10029216073781293,0
rf,1,SR386_40X_HE_T462_01,0,0.051722943722943726,0
rf,1,SR386_40X_HE_T468_01,0,0.0636021505376344,0
rf,1,SR386_40X_HE_T469_01,1,0.10464216073781292,0
rf,1,SR386_40X_HE_T470_01,0,0.05973913043478261,0
rf,1,SR386_40X_HE_T471_01,0,0.1274766094120933,0
rf,1,SR386_40X_HE_T477_01,0,0.04781818181818182,0
rf,1,SR386_40X_HE_T480_01,0,0.08891551066429378,0
rf,1,SR386_40X_HE_T484_01,0,0.04154446778711485,0
rf,1,SR386_40X_HE_T495_01,0,0.009636363636363637,0
rf,1,SR386_40X_HE_T496_01,0,0.023121975019516003,0
rf,1,SR386_40X_HE_T498_01,0,0.2263512428431783,0
rf,1,SR386_40X_HE_T504_01,0,0.05138961038961039,0
rf,1,SR386_40X_HE_T511_01,0,0.058451881451881446,0
rf,1,SR386_40X_HE_T517_01,0,0.12347394540942927,0
rf,1,SR386_40X_HE_T523_01,0,0.061568181818181814,0
rf,1,SR386_40X_HE_T529_01,0,0.0176,0
rf,1,SR386_40X_HE_T542_01,0,0.04381818181818182,0
rf,1,SR386_40X_HE_T569_01,0,0.1615573122529644,0
rf,1,SR386_40X_HE_T582_01,0,0.027875,0
rf,2,SR1482_40X_HE_T009_01,0,0.07432119533124759,0
rf,2,SR1482_40X_HE_T009_02,0,0.06606969414426254,0
rf,2,SR1482_40X_HE_T015_01,0,0.09365635479543928,0
rf,2,SR1482_40X_HE_T021_01,0,0.06346207415772634,0
rf,2,SR1482_40X_HE_T067_01,0,0.09116832798511755,0
rf,2,SR1482_40X_HE_T075_01,0,0.09781818181818182,0
rf,2,SR1482_40X_HE_T075_02,0,0.1,0
rf,2,SR1482_40X_HE_T098_01,0,0.09291176605085055,0
rf,2,SR1482_40X_HE_T098_02,0,0.07928076496674058,0
rf,2,SR1482_40X_HE_T102_01,0,0.14791253952210848,0
rf,2,SR1482_40X_HE_T123_01,0,0.07779146528792477,0
rf,2,SR1482_40X_HE_T142_01,0,0.02515151515151515,0
rf,2,SR1482_40X_HE_T146_01,0,0.33649950049950045,1
rf,2,SR1482_40X_HE_T148_01,0,0.10787197501951598,0
rf,2,SR1482_40X_HE_T148_02,0,0.154,0
rf,2,SR1482_40X_HE_T154_01,0,0.08530786286883847,0
rf,2,SR1482_40X_HE_T158_01,0,0.07957184750733137,0
rf,2,SR1482_40X_HE_T161_01,0,0.10957937621051227,0
rf,2,SR1482_40X_HE_T161_02,0,0.1039047619047619,0
rf,2,SR1482_40X_HE_T164_01,1,0.10163636363636362,0
rf,2,SR1482_40X_HE_T164_02,1,0.13190476190476189,0
rf,2,SR1482_40X_HE_T168_01,0,0.06695458707958708,0
rf,2,SR1482_40X_HE_T171_01,0,0.12363636363636363,0
rf,2,SR1482_40X_HE_T171_02,0,0.15559794372294372,0
rf,2,SR1482_40X_HE_T178_01,1,0.1259047619047619,0
rf,2,SR1482_40X_HE_T186_01,0,0.09737549407114625,0
rf,2,SR1482_40X_HE_T193_01,0,0.1638095238095238,0
rf,2,SR1482_40X_HE_T193_02,0,0.2755902457757296,0
rf,2,SR1482_40X_HE_T209_01,0,0.1098095238095238,0
rf,2,SR1482_40X_HE_T209_02,0,0.12682013329807446,0
rf,2,SR1482_40X_HE_T245_01,0,0.18931239372581876,0
rf,2,SR1482_40X_HE_T245_02,0,0.19322519332459395,0
rf,2,SR1482_40X_HE_T265_01,0,0.08572294372294371,0
rf,2,SR1482_40X_HE_T302_01,0,0.10506419256065203,0
rf,2,SR1482_40X_HE_T343_01,1,0.1691059664972708,0
rf,2,SR1482_40X_HE_T343_02,1,0.15230674037666736,0
rf,2,SR1482_40X_HE_T399_01,0,0.172,0
rf,2,SR1482_40X_HE_T399_02,0,0.122,0
rf,2,SR1482_40X_HE_T426_01,0,0.051722943722943726,0
rf,2,SR1482_40X_HE_T426_02,0,0.0699047619047619,0
rf,2,SR386_40X_HE_T001_01,0,0.06196078431372549,0
rf,2,SR386_40X_HE_T013_01,0,0.0913921568627451,0
rf,2,SR386_40X_HE_T018_01,0,0.027923076923076922,0
rf,2,SR386_40X_HE_T019_01,0,0.06917234131988231,0
rf,2,SR386_40X_HE_T024_01,0,0.004,0
rf,2,SR386_40X_HE_T039_01,0,0.04335664335664336,0
rf,2,SR386_40X_HE_T040_01,1,0.20816582216012955,0
rf,2,SR386_40X_HE_T042_01,0,0.06679960135131108,0
rf,2,SR386_40X_HE_T047_01,0,0.05353846153846154,0
rf,2,SR386_40X_HE_T051_01,0,0.01981818181818182,0
rf,2,SR386_40X_HE_T052_01,0,0.025454545454545452,0
rf,2,SR386_40X_HE_T056_01,0,0.03777673692427791,0
rf,2,SR386_40X_HE_T057_01,0,0.016,0
rf,2,SR386_40X_HE_T070_01,0,0.056427691037259996,0
rf,2,SR386_40X_HE_T082_01,0,0.07312928232058016,0
rf,2,SR386_40X_HE_T084_01,0,0.12318823112371499,0
rf,2,SR386_40X_HE_T087_01,0,0.17966666666666667,0
rf,2,SR386_40X_HE_T088_01,0,0.0554968287526427,0
rf,2,SR386_40X_HE_T098_01,0,0.10370071089200872,0
rf,2,SR386_40X_HE_T105_01,0,0.07193142058876906,0
rf,2,SR386_40X_HE_T122_01,0,0.011666666666666665,0
rf,2,SR386_40X_HE_T123_01,0,0.06753846153846155,0
rf,2,SR386_40X_HE_T133_01,0,0.029678646934460887,0
rf,2,SR386_40X_HE_T145_01,0,0.03641025641025641,0
rf,2,SR386_40X_HE_T150_01,0,0.06739755802869409,0
rf,2,SR386_40X_HE_T152_01,0,0.037072463768115946,0
rf,2,SR386_40X_HE_T155_01,0,0.09672911787665887,0
rf,2,SR386_40X_HE_T157_01,0,0.06935664335664336,0
rf,2,SR386_40X_HE_T164_01,0,0.044,0
rf,2,SR386_40X_HE_T166_01,0,0.07528455284552847,0
rf,2,SR386_40X_HE_T176_01,1,0.09319280129801591,0
rf,2,SR386_40X_HE_T177_01,0,0.026,0
rf,2,SR386_40X_HE_T178_01,0,0.1375180965666899,0
rf,2,SR386_40X_HE_T187_01,0,0.07796721311475409,0
rf,2,SR386_40X_HE_T190_01,0,0.024935483870967744,0
rf,2,SR386_40X_HE_T192_01,0,0.035172341319882304,0
rf,2,SR386_40X_HE_T198_01,0,0.04931519846273945,0
rf,2,SR386_40X_HE_T200_01,0,0.16750069213732005,0
rf,2,SR386_40X_HE_T206_01,1,0.09079353568129951,0
rf,2,SR386_40X_HE_T211_01,0,0.08705735387800606,0
rf,2,SR386_40X_HE_T213_01,0,0.06954112554112556,0
rf,2,SR386_40X_HE_T214_01,0,0.12699567099567097,0
rf,2,SR386_40X_HE_T220_01,0,0.03,0
rf,2,SR386_40X_HE_T230_01,1,0.16324746909066223,0
rf,2,SR386_40X_HE_T236_01,0,0.078,0
rf,2,SR386_40X_HE_T237_01,0,0.06167461430575035,0
rf,2,SR386_40X_HE_T240_01,0,0.0772273011787673,0
rf,2,SR386_40X_HE_T241_01,0,0.05781818181818182,0
rf,2,SR386_40X_HE_T242_01,0,0.05596078431372549,0
rf,2,SR386_40X_HE_T253_01,0,0.03084469696969697,0
rf,2,SR386_40X_HE_T260_01,0,0.0918095238095238,0
rf,2,SR386_40X_HE_T262_01,0,0.10515151515151513,0
rf,2,SR386_40X_HE_T264_01,0,0.07648286819138478,0
rf,2,SR386_40X_HE_T271_01,0,0.03165094115142331,0
rf,2,SR386_40X_HE_T281_01,0,0.07184024577572964,0
rf,2,SR386_40X_HE_T297_01,0,0.013904761904761906,0
rf,2,SR386_40X_HE_T299_01,0,0.021666666666666667,0
rf,2,SR386_40X_HE_T301_01,0,0.018743589743589743,0
rf,2,SR386_40X_HE_T306_01,0,0.06390476190476191,0
rf,2,SR386_40X_HE_T309_01,0,0.05660339660339661,0
rf,2,SR386_40X_HE_T314_01,0,0.08561413080542862,0
rf,2,SR386_40X_HE_T316_01,0,0.12119797275894838,0
rf,2,SR386_40X_HE_T318_01,0,0.06993548387096775,0
rf,2,SR386_40X_HE_T321_01,0,0.06341346153846154,0
rf,2,SR386_40X_HE_T326_01,0,0.049095238095238095,0
rf,2,SR386_40X_HE_T327_01,0,0.027935483870967743,0
rf,2,SR386_40X_HE_T332_01,1,0.18545437658115826,0
rf,2,SR386_40X_HE_T355_01,0,0.05140579710144928,0
rf,2,SR386_40X_HE_T364_01,0,0.13017420486018047,0
rf,2,SR386_40X_HE_T368_01,1,0.13351074332171894,0
rf,2,SR386_40X_HE_T374_01,0,0.04566666666666666,0
rf,2,SR386_40X_HE_T380_01,0,0.01744090056285178,0
rf,2,SR386_40X_HE_T382_01,0,0.06153846153846154,0
rf,2,SR386_40X_HE_T392_01,0,0.06040617225911343,0
rf,2,SR386_40X_HE_T398_01,0,0.06641831306543138,0
rf,2,SR386_40X_HE_T402_01,1,0.1293673775586754,0
rf,2,SR386_40X_HE_T404_01,0,0.05908968220541634,0
rf,2,SR386_40X_HE_T415_01,0,0.028,0
rf,2,SR386_40X_HE_T417_01,0,0.004,0
rf,2,SR386_40X_HE_T425_01,0,0.04573913043478261,0
rf,2,SR386_40X_HE_T436_01,1,0.07122893772893772,0
rf,2,SR386_40X_HE_T437_01,0,0.03900794763908368,0
rf,2,SR386_40X_HE_T440_01,0,0.1310952380952381,0
rf,2,SR386_40X_HE_T445_01,0,0.10691270954384557,0
rf,2,SR386_40X_HE_T450_01,0,0.07223167723749119,0
rf,2,SR386_40X_HE_T459_01,0,0.056939393939393936,0
rf,2,SR386_40X_HE_T472_01,0,0.025341280972417016,0
rf,2,SR386_40X_HE_T481_01,0,0.07294425863991082,0
rf,2,SR386_40X_HE_T483_01,0,0.08981818181818181,0
rf,2,SR386_40X_HE_T486_01,0,0.112825132305669,0
rf,2,SR386_40X_HE_T488_01,0,0.1099672131147541,0
rf,2,SR386_40X_HE_T499_01,0,0.07901126989821991,0
rf,2,SR386_40X_HE_T507_01,0,0.12257814128384571,0
rf,2,SR386_40X_HE_T514_01,0,0.05528025597590815,0
rf,2,SR386_40X_HE_T520_01,1,0.06748484848484848,0
rf,2,SR386_40X_HE_T522_01,0,0.09288999313694436,0
rf,2,SR386_40X_HE_T531_01,0,0.07820558940172373,0
rf,2,SR386_40X_HE_T535_01,0,0.018,0
rf,2,SR386_40X_HE_T539_01,0,0.11903043053253433,0
rf,2,SR386_40X_HE_T549_01,0,0.04790476190476191,0
rf,2,SR386_40X_HE_T552_01,0,0.036,0
rf,2,SR386_40X_HE_T553_01,0,0.07227326839826839,0
rf,2,SR386_40X_HE_T554_01,0,0.11576440321231923,0
rf,2,SR386_40X_HE_T558_01,0,0.037452061599602585,0
rf,2,SR386_40X_HE_T564_01,0,0.05360215053763441,0
rf,2,SR386_40X_HE_T570_01,0,0.029875,0
rf,2,SR386_40X_HE_T574_01,0,0.03753846153846154,0
rf,2,SR386_40X_HE_T578_01,0,0.05150229253678352,0
rf,2,SR386_40X_HE_T580_01,0,0.02,0
rf,3,SR1482_40X_HE_T005_01,0,0.19259569865618256,0
rf,3,SR1482_40X_HE_T005_02,0,0.24121573984687586,0
rf,3,SR1482_40X_HE_T010_01,0,0.041484848484848486,0
rf,3,SR1482_40X_HE_T043_01,0,0.1179047619047619,0
rf,3,SR1482_40X_HE_T043_02,0,0.10526140526140526,0
rf,3,SR1482_40X_HE_T049_01,0,0.029785394932935916,0
rf,3,SR1482_40X_HE_T061_01,0,0.18390269698572184,0
rf,3,SR1482_40X_HE_T061_02,0,0.238,0
rf,3,SR1482_40X_HE_T070_01,1,0.08973913043478261,0
rf,3,SR1482_40X_HE_T073_01,0,0.05581818181818182,0
rf,3,SR1482_40X_HE_T082_01,0,0.09754112554112554,0
rf,3,SR1482_40X_HE_T082_02,0,0.09145437621051226,0
rf,3,SR1482_40X_HE_T089_01,0,0.03969034994697773,0
rf,3,SR1482_40X_HE_T090_01,0,0.045511363636363635,0
rf,3,SR1482_40X_HE_T094_01,1,0.1559047619047619,0
rf,3,SR1482_40X_HE_T094_02,1,0.1639047619047619,0
rf,3,SR1482_40X_HE_T105_01,0,0.07248455705117698,0
rf,3,SR1482_40X_HE_T115_01,0,0.08566666666666667,0
rf,3,SR1482_40X_HE_T115_02,0,0.04745667947076397,0
rf,3,SR1482_40X_HE_T118_01,0,0.2679047619047619,0
rf,3,SR1482_40X_HE_T118_02,0,0.15969015683769783,0
rf,3,SR1482_40X_HE_T120_01,0,0.24749279612393216,0
rf,3,SR1482_40X_HE_T120_02,0,0.2554292872724804,0
rf,3,SR1482_40X_HE_T124_01,0,0.2609772256728778,0
rf,3,SR1482_40X_HE_T124_02,0,0.21553263182105686,0
rf,3,SR1482_40X_HE_T138_01,0,0.03,0
rf,3,SR1482_40X_HE_T160_01,0,0.05143231225296443,0
rf,3,SR1482_40X_HE_T160_02,0,0.047042160737812914,0
rf,3,SR1482_40X_HE_T167_01,0,0.07353846153846155,0
rf,3,SR1482_40X_HE_T167_02,0,0.07346207415772633,0
rf,3,SR1482_40X_HE_T175_01,0,0.2173640552995392,0
rf,3,SR1482_40X_HE_T175_02,0,0.17496960661097283,0
rf,3,SR1482_40X_HE_T177_01,1,0.07318235387800605,0
rf,3,SR1482_40X_HE_T188_01,0,0.07527255802869408,0
rf,3,SR1482_40X_HE_T195_01,0,0.09,0
rf,3,SR1482_40X_HE_T195_02,0,0.07766666666666668,0
rf,3,SR1482_40X_HE_T202_01,0,0.11381818181818182,0
rf,3,SR1482_40X_HE_T202_02,0,0.09377572964669739,0
rf,3,SR1482_40X_HE_T225_01,0,0.2389772256728778,0
rf,3,SR1482_40X_HE_T225_02,0,0.10086497818715197,0
rf,3,SR1482_40X_HE_T235_01,0,0.10773913043478262,0
rf,3,SR1482_40X_HE_T235_02,0,0.0859047619047619,0
rf,3,SR1482_40X_HE_T236_01,0,0.04137549407114625,0
rf,3,SR1482_40X_HE_T236_02,0,0.06660268623382229,0
rf,3,SR1482_40X_HE_T258_01,0,0.06946207415772633,0
rf,3,SR1482_40X_HE_T258_02,0,0.12533333333333332,0
rf,3,SR1482_40X_HE_T284_01,1,0.2073150724477301,0
rf,3,SR1482_40X_HE_T284_02,1,0.20780645161290323,0
rf,3,SR1482_40X_HE_T301_01,1,0.0939047619047619,0
rf,3,SR1482_40X_HE_T301_02,1,0.16738302277432712,0
rf,3,SR1482_40X_HE_T309_01,0,0.10135682350436448,0
rf,3,SR1482_40X_HE_T313_01,0,0.15701732149165068,0
rf,3,SR1482_40X_HE_T313_02,0,0.23949279612393215,0
rf,3,SR1482_40X_HE_T338_01,0,0.1419047619047619,0
rf,3,SR1482_40X_HE_T344_01,0,0.158,0
rf,3,SR1482_40X_HE_T344_02,0,0.2395324675324675,0
rf,3,SR1482_40X_HE_T346_01,0,0.17555731225296445,0
rf,3,SR1482_40X_HE_T346_02,0,0.13296969696969696,0
rf,3,SR1482_40X_HE_T377_01,0,0.07557937621051226,0
rf,3,SR1482_40X_HE_T377_02,0,0.06953846153846154,0
rf,3,SR1482_40X_HE_T419_01,0,0.047967213114754104,0
rf,3,SR1482_40X_HE_T427_01,0,0.06587096774193549,0
rf,3,SR1482_40X_HE_T427_02,0,0.05776470588235294,0
rf,3,SR386_40X_HE_T007_01,0,0.01966666666666667,0
rf,3,SR386_40X_HE_T015_01,0,0.04370204305498423,0
rf,3,SR386_40X_HE_T017_01,1,0.19333126381121832,0
rf,3,SR386_40X_HE_T032_01,0,0.02942857142857143,0
rf,3,SR386_40X_HE_T034_01,0,0.043904761904761905,0
rf,3,SR386_40X_HE_T035_01,0,0.05285170490483584,0
rf,3,SR386_40X_HE_T041_01,0,0.2865185155025927,0
rf,3,SR386_40X_HE_T067_01,0,0.028,0
rf,3,SR386_40X_HE_T075_01,0,0.021182353878006054,0
rf,3,SR386_40X_HE_T081_01,0,0.09282893450635386,0
rf,3,SR386_40X_HE_T083_01,0,0.076,0
rf,3,SR386_40X_HE_T085_01,0,0.01,0
rf,3,SR386_40X_HE_T095_01,0,0.08031805557468336,0
rf,3,SR386_40X_HE_T104_01,0,0.09863744082873865,0
rf,3,SR386_40X_HE_T106_01,0,0.029662207357859533,0
rf,3,SR386_40X_HE_T112_01,0,0.06384024577572965,0
rf,3,SR386_40X_HE_T128_01,0,0.03373913043478261,0
rf,3,SR386_40X_HE_T132_01,0,0.016,0
rf,3,SR386_40X_HE_T138_01,0,0.04137549407114625,0
rf,3,SR386_40X_HE_T142_01,0,0.11677442072588687,0
rf,3,SR386_40X_HE_T149_01,0,0.09992642594493467,0
rf,3,SR386_40X_HE_T165_01,1,0.1167048852013447,0
rf,3,SR386_40X_HE_T179_01,0,0.19364045814197978,0
rf,3,SR386_40X_HE_T180_01,0,0.06514470229224327,0
rf,3,SR386_40X_HE_T182_01,0,0.046,0
rf,3,SR386_40X_HE_T184_01,0,0.07975366568914956,0
rf,3,SR386_40X_HE_T188_01,0,0.041875,0
rf,3,SR386_40X_HE_T191_01,0,0.06923851417399805,0
rf,3,SR386_40X_HE_T197_01,0,0.06943137254901961,0
rf,3,SR386_40X_HE_T201_01,0,0.025751592890677397,0
rf,3,SR386_40X_HE_T202_01,0,0.021666666666666664,0
rf,3,SR386_40X_HE_T208_01,0,0.03795121951219512,0
rf,3,SR386_40X_HE_T216_01,1,0.2816349475488643,0
rf,3,SR386_40X_HE_T238_01,0,0.029246753246753247,0
rf,3,SR386_40X_HE_T244_01,0,0.047207792207792205,0
rf,3,SR386_40X_HE_T248_01,0,0.014,0
rf,3,SR386_40X_HE_T249_01,0,0.01953846153846154,0
rf,3,SR386_40X_HE_T250_01,0,0.05749279612393217,0
rf,3,SR386_40X_HE_T263_01,0,0.07913598274555171,0
rf,3,SR386_40X_HE_T267_01,0,0.1115815045169884,0
rf,3,SR386_40X_HE_T269_01,0,0.04,0
rf,3,SR386_40X_HE_T277_01,0,0.025904761904761906,0
rf,3,SR386_40X_HE_T286_01,0,0.11466762129875734,0
rf,3,SR386_40X_HE_T287_01,0,0.10911297304845691,0
rf,3,SR386_40X_HE_T290_01,0,0.08993548387096774,0
rf,3,SR386_40X_HE_T293_01,0,0.036,0
rf,3,SR386_40X_HE_T298_01,0,0.03167461430575035,0
rf,3,SR386_40X_HE_T303_01,0,0.015461538461538462,0
rf,3,SR386_40X_HE_T312_01,0,0.08765842759391147,0
rf,3,SR386_40X_HE_T329_01,0,0.1552621974543091,0
rf,3,SR386_40X_HE_T336_01,0,0.0779390441006696,0
rf,3,SR386_40X_HE_T338_01,0,0.027904761904761904,0
rf,3,SR386_40X_HE_T342_01,0,0.033333333333333326,0
rf,3,SR386_40X_HE_T353_01,0,0.08742389258551808,0
rf,3,SR386_40X_HE_T357_01,0,0.013778966131907308,0
rf,3,SR386_40X_HE_T362_01,0,0.07934128097241702,0
rf,3,SR386_40X_HE_T363_01,1,0.2295237191650854,0
rf,3,SR386_40X_HE_T372_01,0,0.11738961038961038,0
rf,3,SR386_40X_HE_T378_01,0,0.011875,0
rf,3,SR386_40X_HE_T379_01,0,0.037666666666666675,0
rf,3,SR386_40X_HE_T386_01,0,0.06569477470885922,0
rf,3,SR386_40X_HE_T387_01,0,0.06508279220779221,0
rf,3,SR386_40X_HE_T393_01,0,0.06162770562770563,0
rf,3,SR386_40X_HE_T397_01,0,0.1344514521311815,0
rf,3,SR386_40X_HE_T406_01,0,0.18070621093011982,0
rf,3,SR386_40X_HE_T409_01,0,0.05143231262361045,0
rf,3,SR386_40X_HE_T422_01,0,0.025722943722943724,0
rf,3,SR386_40X_HE_T426_01,0,0.028,0
rf,3,SR386_40X_HE_T433_01,0,0.08071428571428571,0
rf,3,SR386_40X_HE_T443_01,0,0.0914949244304083,0
rf,3,SR386_40X_HE_T448_01,0,0.11187659289067739,0
rf,3,SR386_40X_HE_T452_01,0,0.15889064558629776,0
rf,3,SR386_40X_HE_T460_01,1,0.15374500768049154,0
rf,3,SR386_40X_HE_T473_01,0,0.06926461038961039,0
rf,3,SR386_40X_HE_T475_01,0,0.033333333333333326,0
rf,3,SR386_40X_HE_T478_01,0,0.06381818181818182,0
rf,3,SR386_40X_HE_T489_01,1,0.07387096774193548,0
rf,3,SR386_40X_HE_T491_01,0,0.05713086913086913,0
rf,3,SR386_40X_HE_T492_01,0,0.021935483870967745,0
rf,3,SR386_40X_HE_T493_01,0,0.033,0
rf,3,SR386_40X_HE_T502_01,0,0.016,0
rf,3,SR386_40X_HE_T505_01,0,0.059478260869565217,0
rf,3,SR386_40X_HE_T506_01,0,0.06952713178294573,0
rf,3,SR386_40X_HE_T509_01,0,0.09366566951507016,0
rf,3,SR386_40X_HE_T516_01,0,0.08494734157847764,0
rf,3,SR386_40X_HE_T518_01,0,0.0395183715715025,0
rf,3,SR386_40X_HE_T519_01,0,0.045808524808524806,0
rf,3,SR386_40X_HE_T521_01,0,0.00975366568914956,0
rf,3,SR386_40X_HE_T526_01,0,0.03123851417399804,0
rf,3,SR386_40X_HE_T533_01,0,0.03581818181818182,0
rf,3,SR386_40X_HE_T543_01,0,0.04782783882783882,0
rf,3,SR386_40X_HE_T544_01,0,0.048,0
rf,3,SR386_40X_HE_T556_01,1,0.10981818181818181,0
rf,3,SR386_40X_HE_T560_01,0,0.10149586373575491,0
rf,3,SR386_40X_HE_T563_01,0,0.021935483870967745,0
rf,3,SR386_40X_HE_T568_01,0,0.10535930735930736,0
rf,3,SR386_40X_HE_T571_01,0,0.062,0
rf,3,SR386_40X_HE_T572_01,0,0.13120530835284933,0
rf,3,SR386_40X_HE_T573_01,0,0.1219047619047619,0
rf,3,SR386_40X_HE_T583_01,0,0.025764705882352943,0
rf,4,SR1482_40X_HE_T002_01,0,0.025722943722943724,0
rf,4,SR1482_40X_HE_T003_01,0,0.05266708560256947,0
rf,4,SR1482_40X_HE_T004_01,0,0.09818125035938129,0
rf,4,SR1482_40X_HE_T004_02,0,0.11806856811514256,0
rf,4,SR1482_40X_HE_T011_01,0,0.0857668629995674,0
rf,4,SR1482_40X_HE_T025_01,0,0.07148484848484848,0
rf,4,SR1482_40X_HE_T025_02,0,0.11094746376811594,0
rf,4,SR1482_40X_HE_T060_01,0,0.08657184750733136,0
rf,4,SR1482_40X_HE_T062_01,0,0.204,0
rf,4,SR1482_40X_HE_T062_02,0,0.2235789251399007,0
rf,4,SR1482_40X_HE_T064_01,0,0.14795018786513453,0
rf,4,SR1482_40X_HE_T064_02,0,0.14778489121683458,0
rf,4,SR1482_40X_HE_T071_01,0,0.07263636363636362,0
rf,4,SR1482_40X_HE_T071_02,0,0.09653709087796361,0
rf,4,SR1482_40X_HE_T074_01,0,0.08503035077158581,0
rf,4,SR1482_40X_HE_T074_02,0,0.06515013381680049,0
rf,4,SR1482_40X_HE_T083_01,0,0.18109577379142597,0
rf,4,SR1482_40X_HE_T083_02,0,0.24708980014293108,0
rf,4,SR1482_40X_HE_T087_01,0,0.06267392873642595,0
rf,4,SR1482_40X_HE_T097_01,1,0.18052586813997465,0
rf,4,SR1482_40X_HE_T097_02,1,0.1156931818181818,0
rf,4,SR1482_40X_HE_T108_01,0,0.022554616115591723,0
rf,4,SR1482_40X_HE_T113_01,0,0.09548484848484848,0
rf,4,SR1482_40X_HE_T113_02,0,0.09106037156189317,0
rf,4,SR1482_40X_HE_T121_01,0,0.02376940133037694,0
rf,4,SR1482_40X_HE_T122_01,0,0.03312121212121213,0
rf,4,SR1482_40X_HE_T125_01,0,0.11937155186801134,0
rf,4,SR1482_40X_HE_T125_02,0,0.15304216073781293,0
rf,4,SR1482_40X_HE_T131_01,0,0.14055632549462474,0
rf,4,SR1482_40X_HE_T131_02,0,0.16465950441564048,0
rf,4,SR1482_40X_HE_T132_01,0,0.10221573769367888,0
rf,4,SR1482_40X_HE_T132_02,0,0.09778125903788681,0
rf,4,SR1482_40X_HE_T143_01,0,0.10676993702656482,0
rf,4,SR1482_40X_HE_T143_02,0,0.19957184750733137,0
rf,4,SR1482_40X_HE_T166_01,1,0.04287307753974421,0
rf,4,SR1482_40X_HE_T169_01,0,0.12554112554112554,0
rf,4,SR1482_40X_HE_T176_01,1,0.34324183606248826,1
rf,4,SR1482_40X_HE_T176_02,1,0.19546445000287505,0
rf,4,SR1482_40X_HE_T191_01,0,0.06637871412749723,0
rf,4,SR1482_40X_HE_T194_01,0,0.45555731225296436,1
rf,4,SR1482_40X_HE_T218_01,0,0.02755731225296443,0
rf,4,SR1482_40X_HE_T253_01,0,0.009636363636363637,0
rf,4,SR1482_40X_HE_T290_01,0,0.13132184750733136,0
rf,4,SR1482_40X_HE_T308_01,0,0.15173913043478263,0
rf,4,SR1482_40X_HE_T314_01,0,0.33489859322538146,1
rf,4,SR1482_40X_HE_T314_02,0,0.4134432234432235,1
rf,4,SR1482_40X_HE_T372_01,1,0.21519580990554657,0
rf,4,SR1482_40X_HE_T372_02,1,0.1252408963585434,0
rf,4,SR1482_40X_HE_T408_01,0,0.1269763533289956,0
rf,4,SR1482_40X_HE_T412_01,0,0.08731055900621118,0
rf,4,SR1482_40X_HE_T425_01,0,0.01176940133037694,0
rf,4,SR1482_40X_HE_T434_01,1,0.11164477642909015,0
rf,4,SR386_40X_HE_T006_01,0,0.025855981416957028,0
rf,4,SR386_40X_HE_T010_01,0,0.05981818181818182,0
rf,4,SR386_40X_HE_T014_01,0,0.11296588266594278,0
rf,4,SR386_40X_HE_T016_01,0,0.011818181818181818,0
rf,4,SR386_40X_HE_T020_01,0,0.00983578431372549,0
rf,4,SR386_40X_HE_T027_01,0,0.14358758314855874,0
rf,4,SR386_40X_HE_T028_01,0,0.06338961038961038,0
rf,4,SR386_40X_HE_T037_01,0,0.032,0
rf,4,SR386_40X_HE_T043_01,0,0.029636363636363638,0
rf,4,SR386_40X_HE_T044_01,1,0.06752713178294573,0
rf,4,SR386_40X_HE_T046_01,0,0.05078183266878267,0
rf,4,SR386_40X_HE_T058_01,0,0.01,0
rf,4,SR386_40X_HE_T062_01,0,0.023765227021040974,0
rf,4,SR386_40X_HE_T065_01,1,0.1219047619047619,0
rf,4,SR386_40X_HE_T080_01,0,0.049860465116279076,0
rf,4,SR386_40X_HE_T091_01,0,0.023023310023310026,0
rf,4,SR386_40X_HE_T094_01,0,0.01981818181818182,0
rf,4,SR386_40X_HE_T097_01,0,0.03376940133037694,0
rf,4,SR386_40X_HE_T100_01,0,0.06535930735930735,0
rf,4,SR386_40X_HE_T107_01,0,0.04562770562770563,0
rf,4,SR386_40X_HE_T109_01,1,0.14347660941209328,0
rf,4,SR386_40X_HE_T110_01,0,0.07446069282301165,0
rf,4,SR386_40X_HE_T117_01,0,0.04336405529953918,0
rf,4,SR386_40X_HE_T127_01,0,0.03353846153846154,0
rf,4,SR386_40X_HE_T129_01,0,0.029557312252964426,0
rf,4,SR386_40X_HE_T136_01,0,0.03993548387096774,0
rf,4,SR386_40X_HE_T154_01,0,0.04315579710144928,0
rf,4,SR386_40X_HE_T168_01,1,0.17962866568914956,0
rf,4,SR386_40X_HE_T175_01,0,0.014,0
rf,4,SR386_40X_HE_T189_01,0,0.043187119762179885,0
rf,4,SR386_40X_HE_T195_01,0,0.009666666666666667,0
rf,4,SR386_40X_HE_T227_01,0,0.021489681050656663,0
rf,4,SR386_40X_HE_T233_01,0,0.1121243452199974,0
rf,4,SR386_40X_HE_T234_01,0,0.09981818181818182,0
rf,4,SR386_40X_HE_T235_01,0,0.036,0
rf,4,SR386_40X_HE_T239_01,0,0.12685168454733672,0
rf,4,SR386_40X_HE_T245_01,0,0.018,0
rf,4,SR386_40X_HE_T256_01,0,0.06327759197324415,0
rf,4,SR386_40X_HE_T265_01,0,0.06753548387096774,0
rf,4,SR386_40X_HE_T268_01,0,0.10743722943722943,0
rf,4,SR386_40X_HE_T270_01,0,0.05097077379142597,0
rf,4,SR386_40X_HE_T272_01,0,0.1549050429536363,0
rf,4,SR386_40X_HE_T273_01,0,0.10586046511627907,0
rf,4,SR386_40X_HE_T276_01,0,0.12369622719268666,0
rf,4,SR386_40X_HE_T278_01,1,0.19440788646837032,0
rf,4,SR386_40X_HE_T284_01,0,0.06521710847292243,0
rf,4,SR386_40X_HE_T285_01,0,0.03,0
rf,4,SR386_40X_HE_T288_01,0,0.03342857142857143,0
rf,4,SR386_40X_HE_T291_01,0,0.09126140526140525,0
rf,4,SR386_40X_HE_T300_01,0,0.06135014616693574,0
rf,4,SR386_40X_HE_T302_01,0,0.05,0
rf,4,SR386_40X_HE_T305_01,0,0.05595121951219512,0
rf,4,SR386_40X_HE_T308_01,0,0.04772294372294372,0
rf,4,SR386_40X_HE_T325_01,0,0.05149279612393217,0
rf,4,SR386_40X_HE_T331_01,0,0.10504437229437227,0
rf,4,SR386_40X_HE_T341_01,0,0.13724675324675326,0
rf,4,SR386_40X_HE_T343_01,1,0.07859149184149185,0
rf,4,SR386_40X_HE_T346_01,0,0.08542857142857144,0
rf,4,SR386_40X_HE_T352_01,0,0.07039486189132137,0
rf,4,SR386_40X_HE_T373_01,0,0.09895458707958707,0
rf,4,SR386_40X_HE_T375_01,0,0.15705627705627706,0
rf,4,SR386_40X_HE_T381_01,0,0.028,0
rf,4,SR386_40X_HE_T389_01,0,0.08493370781876007,0
rf,4,SR386_40X_HE_T391_01,0,0.05180952380952381,0
rf,4,SR386_40X_HE_T394_01,0,0.048576680073139554,0
rf,4,SR386_40X_HE_T399_01,0,0.13089002564229907,0
rf,4,SR386_40X_HE_T403_01,0,0.029307862868838477,0
rf,4,SR386_40X_HE_T405_01,0,0.09175366568914956,0
rf,4,SR386_40X_HE_T407_01,0,0.04633732850124529,0
rf,4,SR386_40X_HE_T414_01,0,0.02581818181818182,0
rf,4,SR386_40X_HE_T424_01,0,0.15801827607875993,0
rf,4,SR386_40X_HE_T429_01,0,0.07356318949867338,0
rf,4,SR386_40X_HE_T441_01,0,0.10730516431924883,0
rf,4,SR386_40X_HE_T451_01,0,0.03593548387096775,0
rf,4,SR386_40X_HE_T453_01,0,0.05379001280409731,0
rf,4,SR386_40X_HE_T455_01,0,0.03753846153846154,0
rf,4,SR386_40X_HE_T465_01,0,0.05835706229254617,0
rf,4,SR386_40X_HE_T474_01,0,0.10484415584415585,0
rf,4,SR386_40X_HE_T476_01,0,0.14718973368619317,0
rf,4,SR386_40X_HE_T479_01,0,0.06488802911193803,0
rf,4,SR386_40X_HE_T482_01,0,0.08123644137552587,0
rf,4,SR386_40X_HE_T487_01,0,0.0413030303030303,0
rf,4,SR386_40X_HE_T490_01,0,0.045149192271143494,0
rf,4,SR386_40X_HE_T494_01,0,0.02,0
rf,4,SR386_40X_HE_T500_01,0,0.033722943722943724,0
rf,4,SR386_40X_HE_T510_01,0,0.08342857142857144,0
rf,4,SR386_40X_HE_T524_01,0,0.1298181818181818,0
rf,4,SR386_40X_HE_T528_01,0,0.17110244323003873,0
rf,4,SR386_40X_HE_T532_01,0,0.033753665689149566,0
rf,4,SR386_40X_HE_T534_01,0,0.11358758314855877,0
rf,4,SR386_40X_HE_T536_01,0,0.02511772098868873,0
rf,4,SR386_40X_HE_T537_01,0,0.07555364693446089,0
rf,4,SR386_40X_HE_T541_01,0,0.02981818181818182,0
rf,4,SR386_40X_HE_T548_01,1,0.09781818181818182,0
rf,4,SR386_40X_HE_T550_01,0,0.12391716073781289,0
rf,4,SR386_40X_HE_T551_01,0,0.030398809523809522,0
rf,4,SR386_40X_HE_T557_01,0,0.06356061012158573,0
rf,4,SR386_40X_HE_T565_01,0,0.04906493506493507,0
rf,4,SR386_40X_HE_T567_01,0,0.06889231601731602,0
rf,4,SR386_40X_HE_T575_01,0,0.11537870731419117,0
rf,4,SR386_40X_HE_T576_01,0,0.04142857142857143,0
rf,4,SR386_40X_HE_T581_01,0,0.07772294372294371,0
